PitchNo,Date,Time,PAofInning,PitchofPA,Pitcher,PitcherId,PitcherThrows,PitcherTeam,Batter,BatterId,BatterSide,BatterTeam,PitcherSet,Inning,Top/Bottom,Outs,Balls,Strikes,TaggedPitchType,AutoPitchType,PitchCall,KorBB,TaggedHitType,PlayResult,OutsOnPlay,RunsScored,Notes,RelSpeed,VertRelAngle,HorzRelAngle,SpinRate,SpinAxis,Tilt,RelHeight,RelSide,Extension,VertBreak,InducedVertBreak,HorzBreak,PlateLocHeight,PlateLocSide,ZoneSpeed,VertApprAngle,HorzApprAngle,ZoneTime,ExitSpeed,Angle,Direction,HitSpinRate,PositionAt110X,PositionAt110Y,PositionAt110Z,Distance,LastTrackedDistance,Bearing,HangTime,pfxx,pfxz,x0,y0,z0,vx0,vy0,vz0,ax0,ay0,az0,HomeTeam,AwayTeam,Stadium,Level,League,GameID,PitchUID,EffectiveVelo,MaxHeight,MeasuredDuration,SpeedDrop,PitchLastMeasuredX,PitchLastMeasuredY,PitchLastMeasuredZ,ContactPositionX,ContactPositionY,ContactPositionZ,,,
1,2026-01-15,20:27.0,1,1,"Colarusso, AJ",1000090794,Left,BOC_EAG,"Williams, Ben",831962,Right,BOC_EAG,Undefined,1,Top,0,0,0,Fastball,Four-Seam,InPlay,Undefined,GroundBall,Out,1,0,,88.71269,-1.988491,1.058043,2205.17882,167.654464,11:30,5.99155,-0.89332,5.82062,-18.53316,17.57056,-3.55906,2.59732,-0.20611,80.05261,-5.519034,0.420023,0.432461,99.02753,-13.347405,-15.0655,,,,,13.04882,12.42295,-11.716842,0.07846,2.16784,10.00371,0.80896,50,5.81816,-2.2249,-128.60608,-5.01613,3.57563,30.44573,-15.67395,BOC_EAG,BOC_EAG,HarringtonVillage,TeamExclusive,Team,20260115-HarringtonVillage-Private-1,038161a0-f258-11f0-99a1-27b08f981295,87.15795,2.63524,,8.66009,,,,2.05186,2.63524,0.23703,,,
2,2026-01-15,21:06.5,2,1,"Colarusso, AJ",1000090794,Left,BOC_EAG,"Wang, Nick",813482,Right,BOC_EAG,Undefined,1,Top,1,0,0,ChangeUp,Changeup,StrikeCalled,Undefined,Undefined,Undefined,0,0,,81.05001,-0.957754,1.589331,1625.310138,117.465196,10:00,5.91622,-1.17566,5.69909,-34.89506,7.88189,-12.59418,2.1154,-0.74379,74.49934,-7.388618,-0.665407,0.470735,,,,,,,,,,,,6.83134,4.68701,1.05019,50,5.81415,-2.77029,-117.69788,-3.09873,9.59378,22.09393,-25.5917,BOC_EAG,BOC_EAG,HarringtonVillage,TeamExclusive,Team,20260115-HarringtonVillage-Private-1,1b082d90-f258-11f0-99a1-27b08f981295,80.07147,,,6.55067,,,,,,,,,
3,2026-01-15,21:23.0,2,2,"Colarusso, AJ",1000090794,Left,BOC_EAG,"Wang, Nick",813482,Right,BOC_EAG,Undefined,1,Top,1,0,1,Fastball,Four-Seam,BallCalled,Undefined,Undefined,Undefined,0,0,,89.72637,-2.216294,0.1661,2170.333356,159.487072,11:15,6.00016,-1.02396,5.66239,-15.63938,19.6047,-6.88548,2.62919,-1.44286,81.51324,-5.201155,-1.064614,0.427282,,,,,,,,,,,,3.5104,10.92568,1.01418,50,5.80292,-0.06719,-130.10633,-5.48372,5.98034,28.85651,-13.5609,BOC_EAG,BOC_EAG,HarringtonVillage,TeamExclusive,Team,20260115-HarringtonVillage-Private-1,24b54a30-f258-11f0-99a1-27b08f981295,88.21446,,,8.21312,,,,,,,,,
4,2026-01-15,21:41.0,2,3,"Colarusso, AJ",1000090794,Left,BOC_EAG,"Wang, Nick",813482,Right,BOC_EAG,Undefined,1,Top,1,1,1,ChangeUp,Changeup,InPlay,Undefined,LineDrive,Out,1,0,,81.63935,-2.207822,3.298486,1576.9581,130.542362,10:15,5.84175,-1.13815,5.80437,-30.6097,11.9091,-12.20103,1.23323,0.9161,74.37635,-7.893729,1.113952,0.469312,104.86243,18.651942,-21.93695,1666.411166,98.98177,30.14562,-47.98407,330.15393,321.59661,-32.289797,3.23413,7.2678,7.17311,0.87469,50,5.64201,-6.34528,-118.25227,-5.51118,10.20276,24.35714,-22.1042,BOC_EAG,BOC_EAG,HarringtonVillage,TeamExclusive,Team,20260115-HarringtonVillage-Private-1,2f928260-f258-11f0-99a1-27b08f981295,80.31421,36.96195,,7.26301,,,,1.73102,1.34515,-0.95724,,,
5,2026-01-15,22:17.0,3,1,"Colarusso, AJ",1000090794,Left,BOC_EAG,"Toomey, Jack",809057,Right,BOC_EAG,Undefined,1,Top,2,0,0,Cutter,Slider,BallCalled,Undefined,Undefined,Undefined,0,0,,81.40103,0.807522,-0.324908,2311.757377,257.396836,2:30,5.90495,-1.26434,5.57046,-39.69727,3.05654,7.55048,3.3512,-0.93863,74.40879,-6.490891,1.023241,0.470608,,,,,,,,,,,,-3.88457,1.76941,1.2874,50,5.94876,0.3609,-118.17331,0.31103,-5.47841,23.08347,-29.67865,BOC_EAG,BOC_EAG,HarringtonVillage,TeamExclusive,Team,20260115-HarringtonVillage-Private-1,44efdea0-f258-11f0-99a1-27b08f981295,80.09314,,,6.99225,,,,,,,,,
6,2026-01-15,22:30.2,3,2,"Colarusso, AJ",1000090794,Left,BOC_EAG,"Toomey, Jack",809057,Right,BOC_EAG,Undefined,1,Top,2,1,0,ChangeUp,Changeup,BallCalled,Undefined,Undefined,Undefined,0,0,,81.90472,-4.155949,3.175868,1494.813425,114.500975,9:45,5.81197,-1.12107,5.71391,-32.08805,10.87205,-20.26186,-0.74642,0.15207,74.16073,-10.079622,-0.452479,0.471741,,,,,,,,,,,,11.5606,7.36422,0.8686,50,5.44347,-5.79073,-118.3367,-9.61865,16.06394,26.80911,-21.94118,BOC_EAG,BOC_EAG,HarringtonVillage,TeamExclusive,Team,20260115-HarringtonVillage-Private-1,4cdea970-f258-11f0-99a1-27b08f981295,79.90065,,,7.74399,,,,,,,,,
7,2026-01-15,22:50.8,3,3,"Colarusso, AJ",1000090794,Left,BOC_EAG,"Toomey, Jack",809057,Right,BOC_EAG,Undefined,1,Top,2,2,0,Fastball,Four-Seam,FoulBallNotFieldable,Undefined,Undefined,Undefined,0,0,,88.19164,-2.054176,0.985517,2156.88696,160.763425,11:15,5.96966,-1.08261,5.78376,-16.03269,21.12418,-6.83693,2.72137,-0.73537,78.32915,-5.178196,-0.239098,0.438724,73.62453,31.351899,135.133665,3300.53613,,,,,38.98311,,,3.81276,11.90075,1.00539,50,5.79096,-1.89179,-127.58448,-4.98711,6.09594,33.58693,-13.14683,BOC_EAG,BOC_EAG,HarringtonVillage,TeamExclusive,Team,20260115-HarringtonVillage-Private-1,5932f140-f258-11f0-99a1-27b08f981295,85.91388,21.77789,,9.86249,,,,-0.65049,2.67411,0.67227,,,
8,2026-01-15,23:11.9,3,4,"Colarusso, AJ",1000090794,Left,BOC_EAG,"Toomey, Jack",809057,Right,BOC_EAG,Undefined,1,Top,2,2,1,ChangeUp,Changeup,BallCalled,Undefined,Undefined,Undefined,0,0,,80.35393,-2.098673,3.687413,1497.415421,96.897897,9:15,5.85565,-1.10452,5.85374,-40.23325,3.75579,-18.14836,0.54799,0.814,73.18248,-9.50468,0.431295,0.477357,,,,,,,,,,,,10.41233,3.05795,0.81519,50,5.66156,-6.79575,-116.33834,-5.55796,14.09355,24.34904,-28.03497,BOC_EAG,BOC_EAG,HarringtonVillage,TeamExclusive,Team,20260115-HarringtonVillage-Private-1,65c330a0-f258-11f0-99a1-27b08f981295,78.96064,,,7.17145,,,,,,,,,
9,2026-01-15,23:30.1,3,5,"Colarusso, AJ",1000090794,Left,BOC_EAG,"Toomey, Jack",809057,Right,BOC_EAG,Undefined,1,Top,2,3,1,Fastball,Four-Seam,InPlay,Undefined,FlyBall,HomeRun,0,1,,88.5071,-2.287225,1.282492,2159.98101,165.470154,11:30,5.93257,-0.99307,5.85285,-18.92312,16.6521,-4.03421,2.22878,-0.13742,81.37625,-5.844364,0.558882,0.429285,106.52833,29.784276,-2.665215,3172.624737,109.96526,62.89219,-2.74658,414.41911,410.43675,0.563474,5.953102,2.41567,9.47288,0.89133,50,5.73563,-2.71149,-128.53122,-5.71731,4.05973,25.48719,-16.25407,BOC_EAG,BOC_EAG,HarringtonVillage,TeamExclusive,Team,20260115-HarringtonVillage-Private-1,70928620-f258-11f0-99a1-27b08f981295,87.80291,107.75344,,7.13085,,,,1.24947,2.31522,0.11788,,,
10,2026-01-15,24:17.3,4,1,"Colarusso, AJ",1000090794,Left,BOC_EAG,"Gonzalez, Cesar",831498,Right,BOC_EAG,Undefined,1,Top,2,0,0,Cutter,Slider,FoulBallNotFieldable,Undefined,Undefined,Undefined,0,0,,83.32548,-0.409254,1.015358,2396.20941,244.675686,2:15,5.83802,-1.29617,5.31787,-36.8175,4.47634,6.60398,2.38575,0.20717,76.13269,-7.144879,2.189041,0.462503,,,,,,,,,,,,-3.04181,2.7237,1.19915,50,5.77429,-2.41656,-120.91124,-2.16964,-4.47698,24.84919,-28.16525,BOC_EAG,BOC_EAG,HarringtonVillage,TeamExclusive,Team,20260115-HarringtonVillage-Private-1,8cb680e0-f258-11f0-99a1-27b08f981295,81.49672,,,7.19279,,,,,,,,,
11,2026-01-15,24:37.0,4,2,"Colarusso, AJ",1000090794,Left,BOC_EAG,"Gonzalez, Cesar",831498,Right,BOC_EAG,Undefined,1,Top,2,0,1,Cutter,Slider,FoulBallNotFieldable,Undefined,Undefined,Undefined,0,0,,83.11061,-1.174366,0.648902,2278.508361,250.47611,2:15,5.7663,-1.30851,5.43986,-36.4203,4.99603,10.18682,1.63141,0.14803,75.89802,-7.846573,2.464607,0.463188,87.19433,-48.912298,-88.753485,,,,,2.3829,1.74415,-42.016502,0.017311,-4.96551,3.25638,1.24376,50,5.63734,-1.7838,-120.58047,-3.7372,-7.25122,25.2267,-27.41873,BOC_EAG,BOC_EAG,HarringtonVillage,TeamExclusive,Team,20260115-HarringtonVillage-Private-1,9876ed20-f258-11f0-99a1-27b08f981295,81.37615,1.67119,,7.21259,,,,1.73868,1.67119,-0.13808,,,
12,2026-01-15,25:02.7,4,3,"Colarusso, AJ",1000090794,Left,BOC_EAG,"Gonzalez, Cesar",831498,Right,BOC_EAG,Undefined,1,Top,2,0,2,ChangeUp,Changeup,BallCalled,Undefined,Undefined,Undefined,0,0,,81.40732,-2.494047,2.017832,1423.987525,142.87344,10:45,5.82622,-1.20541,6.00405,-26.95612,15.36717,-10.53516,1.26619,-0.21301,74.24615,-7.545006,0.122273,0.468232,,,,,,,,,,,,6.04796,9.08426,1.05263,50,5.61529,-3.76349,-118.05258,-5.92128,8.47121,24.04007,-19.44997,BOC_EAG,BOC_EAG,HarringtonVillage,TeamExclusive,Team,20260115-HarringtonVillage-Private-1,a7c86f60-f258-11f0-99a1-27b08f981295,80.49949,,,7.16117,,,,,,,,,
13,2026-01-15,25:19.0,4,4,"Colarusso, AJ",1000090794,Left,BOC_EAG,"Gonzalez, Cesar",831498,Right,BOC_EAG,Undefined,1,Top,2,1,2,ChangeUp,Changeup,BallCalled,Undefined,Undefined,Undefined,0,0,,81.86817,-2.347862,2.536533,1881.845589,139.315576,10:45,5.79125,-1.19964,5.77588,-26.77765,15.18446,-11.88721,1.37172,0.17155,75.07851,-7.331919,0.407909,0.46623,,,,,,,,,,,,6.77591,8.80993,0.99738,50,5.58101,-4.795,-118.72163,-5.68559,9.67013,22.74538,-19.60113,BOC_EAG,BOC_EAG,HarringtonVillage,TeamExclusive,Team,20260115-HarringtonVillage-Private-1,b18f5590-f258-11f0-99a1-27b08f981295,80.8452,,,6.78966,,,,,,,,,
14,2026-01-15,25:36.5,4,5,"Colarusso, AJ",1000090794,Left,BOC_EAG,"Gonzalez, Cesar",831498,Right,BOC_EAG,Undefined,1,Top,2,2,2,Cutter,Slider,InPlay,Undefined,LineDrive,Single,0,0,,82.52607,-0.362796,0.450435,2356.449948,258.30946,2:30,5.84496,-1.30779,5.24627,-38.65849,3.32142,9.75229,2.28246,-0.0718,75.83161,-7.404267,2.182068,0.466329,90.68624,15.503987,7.558182,2928.975424,108.24574,26.12364,19.56575,272.14007,272.07553,14.795508,3.163768,-4.77988,2.12736,1.25881,50,5.78285,-1.34714,-119.82493,-2.14453,-6.94886,23.1718,-29.08133,BOC_EAG,BOC_EAG,HarringtonVillage,TeamExclusive,Team,20260115-HarringtonVillage-Private-1,bbef4770-f258-11f0-99a1-27b08f981295,80.82805,29.37293,,6.69446,,,,0.67416,2.17692,0.04153,,,
15,2026-01-15,26:23.6,5,1,"Colarusso, AJ",1000090794,Left,BOC_EAG,"Martinez, Sean",836306,Right,BOC_EAG,Undefined,1,Top,2,0,0,Fastball,Four-Seam,BallCalled,Undefined,Undefined,Undefined,0,0,,86.95144,-3.057695,1.025186,2081.561416,146.854546,11:00,6.04122,-1.22656,5.98919,-20.49222,16.81127,-10.1069,1.49658,-1.11858,78.81408,-6.936724,-0.793332,0.439588,,,,,,,,,,,,5.50618,9.98619,1.15122,50,5.78868,-1.83963,-126.01067,-7.32668,8.74502,28.52787,-16.31375,BOC_EAG,BOC_EAG,HarringtonVillage,TeamExclusive,Team,20260115-HarringtonVillage-Private-1,d802a060-f258-11f0-99a1-27b08f981295,85.74485,,,8.13736,,,,,,,,,
16,2026-01-15,26:41.1,5,2,"Colarusso, AJ",1000090794,Left,BOC_EAG,"Martinez, Sean",836306,Right,BOC_EAG,Undefined,1,Top,2,1,0,Fastball,Four-Seam,StrikeCalled,Undefined,Undefined,Undefined,0,0,,88.00612,-2.97431,0.467281,2038.918685,170.634823,11:45,5.98102,-0.99385,5.61352,-16.68406,20.12178,-3.10669,1.81207,-0.81659,79.90224,-6.146648,-0.087561,0.436646,,,,,,,,,,,,1.70406,11.443,0.95594,50,5.71628,-0.903,-127.50283,-7.10701,2.78336,28.11997,-13.48328,BOC_EAG,BOC_EAG,HarringtonVillage,TeamExclusive,Team,20260115-HarringtonVillage-Private-1,e27297d0-f258-11f0-99a1-27b08f981295,86.32256,,,8.10388,,,,,,,,,
17,2026-01-15,27:17.9,5,3,"Colarusso, AJ",1000090794,Left,BOC_EAG,"Martinez, Sean",836306,Right,BOC_EAG,Undefined,1,Top,2,1,1,ChangeUp,Changeup,StrikeSwinging,Undefined,Undefined,Undefined,0,0,,80.97022,-1.153151,1.58882,1626.454073,106.232649,9:30,5.87834,-1.24575,5.80808,-36.61337,7.03036,-18.44501,1.75431,-1.30494,72.92142,-7.955916,-1.721634,0.47548,,,,,,,,,,,,9.86308,4.49839,1.12604,50,5.7625,-2.51065,-117.32028,-3.52912,13.44462,26.74285,-26.04219,BOC_EAG,BOC_EAG,HarringtonVillage,TeamExclusive,Team,20260115-HarringtonVillage-Private-1,f85af600-f258-11f0-99a1-27b08f981295,79.2724,,,8.04881,,,,,,,,,
18,2026-01-15,27:39.3,5,4,"Colarusso, AJ",1000090794,Left,BOC_EAG,"Martinez, Sean",836306,Right,BOC_EAG,Undefined,1,Top,2,1,2,ChangeUp,Changeup,BallCalled,Undefined,Undefined,Undefined,0,0,,80.12401,-1.380404,1.249273,1644.739414,107.041722,9:30,5.87,-1.36763,5.89989,-37.47884,7.11945,-17.51363,1.46473,-1.66717,71.94921,-8.358166,-1.900462,0.480652,,,,,,,,,,,,9.32453,4.67595,1.27677,50,5.73814,-1.83877,-116.06494,-3.96052,12.38341,27.07061,-25.96414,BOC_EAG,BOC_EAG,HarringtonVillage,TeamExclusive,Team,20260115-HarringtonVillage-Private-1,051d41e0-f259-11f0-99a1-27b08f981295,78.41942,,,8.17481,,,,,,,,,
19,2026-01-15,28:14.8,5,5,"Colarusso, AJ",1000090794,Left,BOC_EAG,"Martinez, Sean",836306,Right,BOC_EAG,Undefined,1,Top,2,2,2,ChangeUp,Changeup,BallCalled,Undefined,Undefined,Undefined,0,0,,80.15157,-1.917331,2.503325,1471.311576,104.829845,9:30,5.87298,-1.10008,5.9547,-38.12215,6.38036,-17.50367,0.91568,-0.2357,72.08571,-9.003642,-0.646951,0.480135,,,,,,,,,,,,9.86839,4.45028,0.91083,50,5.6995,-4.40433,-116.04637,-5.05881,13.10837,26.9588,-26.26266,BOC_EAG,BOC_EAG,HarringtonVillage,TeamExclusive,Team,20260115-HarringtonVillage-Private-1,1a4906d0-f259-11f0-99a1-27b08f981295,78.50378,,,8.06586,,,,,,,,,
20,2026-01-15,28:32.0,5,6,"Colarusso, AJ",1000090794,Left,BOC_EAG,"Martinez, Sean",836306,Right,BOC_EAG,Undefined,1,Top,2,3,2,Fastball,Four-Seam,BallCalled,Walk,Undefined,Undefined,0,0,,87.85295,-1.679194,2.250399,2120.239822,167.521972,11:30,5.96789,-0.90471,5.82833,-18.21477,19.76481,-3.98961,2.88738,0.85584,76.89416,-5.234641,1.535957,0.443554,,,,,,,,,,,,2.91961,11.17036,0.72306,50,5.82028,-4.80126,-126.80089,-4.19213,4.54284,36.60648,-14.79321,BOC_EAG,BOC_EAG,HarringtonVillage,TeamExclusive,Team,20260115-HarringtonVillage-Private-1,246deb80-f259-11f0-99a1-27b08f981295,84.97826,,,10.95879,,,,,,,,,
21,2026-01-15,29:15.4,6,1,"Colarusso, AJ",1000090794,Left,BOC_EAG,"Solier, Julio",827632,Right,BOC_EAG,Undefined,1,Top,2,0,0,ChangeUp,Changeup,StrikeSwinging,Undefined,Undefined,Undefined,0,0,,80.64039,-1.237027,1.807568,1610.590047,113.95065,9:45,5.92313,-1.16227,5.83895,-34.83159,8.90304,-16.43981,1.87005,-0.85174,72.94292,-7.715882,-1.14347,0.475975,,,,,,,,,,,,8.9454,5.4337,1.02448,50,5.80218,-3.04171,-116.89569,-3.60965,12.17059,25.47351,-24.78126,BOC_EAG,BOC_EAG,HarringtonVillage,TeamExclusive,Team,20260115-HarringtonVillage-Private-1,3e62aa30-f259-11f0-99a1-27b08f981295,79.18993,,,7.69746,,,,,,,,,
22,2026-01-15,29:33.8,6,2,"Colarusso, AJ",1000090794,Left,BOC_EAG,"Solier, Julio",827632,Right,BOC_EAG,Undefined,1,Top,2,0,1,Fastball,Four-Seam,InPlay,Undefined,FlyBall,Out,1,0,,88.07287,-1.702147,0.928861,2134.558723,151.837465,11:00,6.04393,-1.01107,5.92945,-17.01406,19.3317,-9.66355,3.04614,-0.95447,79.67662,-4.966576,-0.806956,0.433909,95.25547,29.49885,22.728205,4159.074699,96.66827,57.48218,52.49032,317.78605,303.82146,37.542324,4.721404,5.24866,10.81827,0.94236,50,5.89844,-1.66834,-127.76643,-4.26708,8.57475,29.19274,-14.50021,BOC_EAG,BOC_EAG,HarringtonVillage,TeamExclusive,Team,20260115-HarringtonVillage-Private-1,4969b180-f259-11f0-99a1-27b08f981295,86.8672,73.41451,,8.39624,,,,0.64648,2.9021,0.91794,,,
23,2026-01-15,33:03.4,1,1,"Mudd, Tyler",809052,Left,BOC_EAG,"Hendrickson, Carter",830138,Right,BOC_EAG,Undefined,1,Bottom,0,0,0,Slider,Slider,HitByPitch,Undefined,Undefined,Undefined,0,0,,77.17729,-0.452472,2.622782,2442.021994,276.232652,3:15,5.14901,-1.87631,5.39899,-48.39814,0.57874,11.66032,0.69138,1.55486,69.69671,-9.293988,4.695581,0.503694,,,,,,,,,,,,-4.90335,1.03843,1.63409,50,5.07539,-5.57966,-111.66321,-2.49469,-6.0387,24.71342,-30.8952,BOC_EAG,BOC_EAG,HarringtonVillage,TeamExclusive,Team,20260115-HarringtonVillage-Private-1,c659f240-f259-11f0-99a1-27b08f981295,74.832,,,7.48058,,,,,,,,,
24,2026-01-15,33:43.9,2,1,"Mudd, Tyler",809052,Left,BOC_EAG,"Larson, Colin",831502,Left,BOC_EAG,Undefined,1,Bottom,0,0,0,Slider,Curveball,BallCalled,Undefined,Undefined,Undefined,0,0,,76.22206,0.010916,5.251928,2344.568172,315.922751,4:30,5.16583,-2.25238,5.38088,-54.04086,-4.49107,5.85551,0.6727,3.17256,70.25795,-9.741795,6.286506,0.506632,,,,,,,,,,,,-1.41532,-1.79102,1.77698,50,5.12861,-10.35389,-110.21605,-1.77791,-1.73321,20.39977,-34.36736,BOC_EAG,BOC_EAG,HarringtonVillage,TeamExclusive,Team,20260115-HarringtonVillage-Private-1,de75d240-f259-11f0-99a1-27b08f981295,74.39812,,,5.96411,,,,,,,,,
25,2026-01-15,34:03.9,2,2,"Mudd, Tyler",809052,Left,BOC_EAG,"Larson, Colin",831502,Left,BOC_EAG,Undefined,1,Bottom,0,1,0,Fastball,Four-Seam,BallCalled,Undefined,Undefined,Undefined,0,0,,84.70437,-3.797337,2.740995,2087.302042,162.317404,11:30,5.83272,-0.98003,6.01119,-17.03729,22.74348,-6.75095,0.88592,0.99858,76.00955,-7.093508,1.528391,0.45395,,,,,,,,,,,,4.41319,13.44292,0.7685,50,5.52495,-5.59137,-122.42383,-8.55024,6.55013,29.13191,-12.22177,BOC_EAG,BOC_EAG,HarringtonVillage,TeamExclusive,Team,20260115-HarringtonVillage-Private-1,ea4cacb0-f259-11f0-99a1-27b08f981295,83.03214,,,8.69482,,,,,,,,,
26,2026-01-15,34:42.7,2,3,"Mudd, Tyler",809052,Left,BOC_EAG,"Larson, Colin",831502,Left,BOC_EAG,Undefined,1,Bottom,0,2,0,Fastball,Four-Seam,FoulBallNotFieldable,Undefined,Undefined,Undefined,0,0,,84.27721,-1.681018,1.871063,2150.492224,164.456512,11:30,5.88951,-0.99047,6.00433,-17.9493,21.44682,-5.59551,2.83497,0.27742,76.65965,-5.122277,0.865351,0.45175,75.338,71.850407,165.704396,3684.347126,,,,,17.67717,,,3.45284,11.94981,0.84654,50,5.74763,-3.77893,-122.30104,-4.06181,5.19667,25.54321,-14.18913,BOC_EAG,BOC_EAG,HarringtonVillage,TeamExclusive,Team,20260115-HarringtonVillage-Private-1,01ad5300-f25a-11f0-99a1-27b08f981295,83.43651,52.06774,,7.61755,,,,2.2843,2.95798,-0.26579,,,
27,2026-01-15,35:36.3,2,4,"Mudd, Tyler",809052,Left,BOC_EAG,"Larson, Colin",831502,Left,BOC_EAG,Undefined,1,Bottom,0,2,1,Slider,Slider,StrikeCalled,Undefined,Undefined,Undefined,0,0,,74.54575,1.811609,1.421685,2250.435481,274.72114,3:15,5.3698,-2.03393,5.2359,-50.88231,0.7752,10.27359,2.83348,0.15875,68.35493,-7.451647,3.242504,0.517295,,,,,,,,,,,,-4.71142,0.39047,1.89524,50,5.49876,-3.07947,-108.12279,1.74323,-5.56608,19.20608,-31.71275,BOC_EAG,BOC_EAG,HarringtonVillage,TeamExclusive,Team,20260115-HarringtonVillage-Private-1,216a2bf0-f25a-11f0-99a1-27b08f981295,72.86453,,,6.19082,,,,,,,,,
28,2026-01-15,35:56.6,2,5,"Mudd, Tyler",809052,Left,BOC_EAG,"Larson, Colin",831502,Left,BOC_EAG,Undefined,1,Bottom,0,2,2,Fastball,Four-Seam,BallCalled,Undefined,Undefined,Undefined,0,0,,85.92279,-0.436728,2.90434,2148.562703,167.890728,11:30,5.9538,-0.97825,5.88498,-18.68158,19.67576,-3.93016,3.99093,1.39352,77.54075,-4.017116,2.200662,0.445754,,,,,,,,,,,,2.89536,10.5593,0.74594,50,5.90778,-6.14897,-124.48072,-1.45619,4.48973,27.72255,-15.80001,BOC_EAG,BOC_EAG,HarringtonVillage,TeamExclusive,Team,20260115-HarringtonVillage-Private-1,2d7005a0-f25a-11f0-99a1-27b08f981295,84.55875,,,8.38204,,,,,,,,,
29,2026-01-15,36:21.3,2,6,"Mudd, Tyler",809052,Left,BOC_EAG,"Larson, Colin",831502,Left,BOC_EAG,Undefined,1,Bottom,0,3,2,Fastball,Four-Seam,StrikeSwinging,Strikeout,Undefined,Undefined,0,0,,83.2362,-2.030945,1.220932,2125.89979,176.640091,12:00,5.90533,-0.87271,5.97399,-21.20674,19.54997,-1.0611,2.25411,0.17089,75.24453,-6.071661,1.030184,0.459485,,,,,,,,,,,,0.92874,11.09382,0.77668,50,5.73287,-2.52883,-120.65167,-4.85094,1.35039,26.45539,-16.04396,BOC_EAG,BOC_EAG,HarringtonVillage,TeamExclusive,Team,20260115-HarringtonVillage-Private-1,3c452bf0-f25a-11f0-99a1-27b08f981295,82.03201,,,7.99167,,,,,,,,,
30,2026-01-15,37:08.1,3,1,"Mudd, Tyler",809052,Left,BOC_EAG,"Mainolfi, Ty",1000275825,Right,BOC_EAG,Undefined,1,Bottom,1,0,0,Slider,Slider,FoulBallNotFieldable,Undefined,Undefined,Undefined,0,0,,77.04148,0.594637,1.976458,2279.101307,286.480108,3:30,5.36959,-1.91072,5.17741,-49.86684,-1.49913,10.08627,1.7739,0.79028,70.97349,-8.433663,3.762934,0.500552,65.58954,42.21849,-54.504371,4296.873838,47.94183,60.85028,-99.00263,221.26762,114.26683,-68.833071,4.116032,-4.51335,-0.52516,1.71869,50,5.38663,-4.25085,-111.80272,-0.54697,-5.70798,20.31232,-32.83823,BOC_EAG,BOC_EAG,HarringtonVillage,TeamExclusive,Team,20260115-HarringtonVillage-Private-1,58396420-f25a-11f0-99a1-27b08f981295,75.30175,60.98294,,6.06799,,,,0.79664,1.62903,-0.70881,,,
31,2026-01-15,37:31.0,3,2,"Mudd, Tyler",809052,Left,BOC_EAG,"Mainolfi, Ty",1000275825,Right,BOC_EAG,Undefined,1,Bottom,1,0,1,Slider,Slider,StrikeCalled,Undefined,Undefined,Undefined,0,0,,77.07771,0.976835,0.799132,2356.734866,293.612077,3:45,5.28474,-1.91462,5.22937,-49.75912,-1.81803,7.37941,2.0566,-0.54841,71.22978,-8.043213,2.108851,0.498339,,,,,,,,,,,,-3.4676,-0.70362,1.83534,50,5.3375,-1.85382,-111.9549,0.1932,-4.42364,19.23938,-33.07165,BOC_EAG,BOC_EAG,HarringtonVillage,TeamExclusive,Team,20260115-HarringtonVillage-Private-1,65b69b90-f25a-11f0-99a1-27b08f981295,75.63607,,,5.84794,,,,,,,,,
32,2026-01-15,37:52.5,3,3,"Mudd, Tyler",809052,Left,BOC_EAG,"Mainolfi, Ty",1000275825,Right,BOC_EAG,Undefined,1,Bottom,1,0,2,Fastball,Four-Seam,StrikeCalled,Strikeout,Undefined,Undefined,0,0,,86.85096,-2.772143,1.89331,2174.828066,169.692301,11:45,5.93445,-0.92827,5.99032,-17.65292,19.32493,-3.2974,1.89085,0.55222,79.49143,-6.124059,1.300708,0.437665,,,,,,,,,,,,2.21473,11.05587,0.78076,50,5.70583,-4.02958,-125.97779,-6.59116,3.5595,25.56862,-14.40505,BOC_EAG,BOC_EAG,HarringtonVillage,TeamExclusive,Team,20260115-HarringtonVillage-Private-1,72a6fc50-f25a-11f0-99a1-27b08f981295,86.1216,,,7.35953,,,,,,,,,
33,2026-01-15,38:27.0,4,1,"Mudd, Tyler",809052,Left,BOC_EAG,"Garcia, Esteban",822341,Left,BOC_EAG,Undefined,1,Bottom,2,0,0,Fastball,Four-Seam,InPlay,Undefined,FlyBall,Out,1,0,,86.17334,-1.911441,1.731071,2146.651,175.687816,11:45,5.95612,-0.9277,6.0657,-18.91218,18.67635,-1.31327,2.60971,0.56536,78.46605,-5.514139,1.494719,0.441265,86.31269,19.276684,-23.043347,3096.383525,97.12594,28.59265,-51.63724,255.56897,195.88354,-34.060265,2.866062,1.18929,10.57485,0.79419,50,5.79779,-3.72725,-125.05062,-4.69661,1.87228,26.58554,-15.52638,BOC_EAG,BOC_EAG,HarringtonVillage,TeamExclusive,Team,20260115-HarringtonVillage-Private-1,8729d710-f25a-11f0-99a1-27b08f981295,85.41912,29.98083,,7.70729,,,,0.94066,2.59124,-0.54289,,,
34,2026-01-15,41:12.9,1,1,"Colarusso, AJ",1000090794,Left,BOC_EAG,"Masse, Easton",1000136802,Right,BOC_EAG,Undefined,2,Top,0,0,0,Cutter,Slider,BallCalled,Undefined,Undefined,Undefined,0,0,,81.94213,0.272774,-0.960971,2326.015016,221.653772,1:30,5.94366,-1.64044,5.3856,-33.93864,8.09107,6.11882,3.37115,-2.03136,75.63716,-5.949804,0.127401,0.466605,,,,,,,,,,,,-3.30362,4.39126,1.72196,50,5.94421,1.74307,-119.05014,-0.60197,-4.78524,20.86684,-25.81335,BOC_EAG,BOC_EAG,HarringtonVillage,TeamExclusive,Team,20260115-HarringtonVillage-Private-1,e9f98e30-f25a-11f0-99a1-27b08f981295,80.78015,,,6.30498,,,,,,,,,
35,2026-01-15,41:27.6,1,2,"Colarusso, AJ",1000090794,Left,BOC_EAG,"Masse, Easton",1000136802,Right,BOC_EAG,Undefined,2,Top,0,1,0,Fastball,Four-Seam,FoulBallNotFieldable,Undefined,Undefined,Undefined,0,0,,87.68809,-1.500696,0.523624,2131.109302,167.855459,11:30,6.11641,-0.97856,6.01677,-18.55021,17.66395,-3.54874,3.18009,-0.78925,80.03677,-5.026645,-0.114949,0.433122,80.36009,58.73906,77.138352,4210.542007,,,,,64.45944,,,1.98347,9.88245,0.93949,50,5.9887,-1.02079,-127.36407,-3.86943,3.24929,26.8158,-15.98474,BOC_EAG,BOC_EAG,HarringtonVillage,TeamExclusive,Team,20260115-HarringtonVillage-Private-1,f2d32e30-f25a-11f0-99a1-27b08f981295,87.02493,92.99982,,7.65131,,,,1.25391,3.56671,-0.09933,,,
36,2026-01-15,41:46.0,1,3,"Colarusso, AJ",1000090794,Left,BOC_EAG,"Masse, Easton",1000136802,Right,BOC_EAG,Undefined,2,Top,0,1,1,Fastball,Four-Seam,FoulBallNotFieldable,Undefined,Undefined,Undefined,0,0,,86.41954,-2.322844,2.248769,2039.155316,153.147645,11:00,6.00277,-1.15732,5.96282,-22.67667,14.72985,-6.84477,1.95637,0.3585,79.09909,-6.575147,1.019053,0.440195,60.99958,64.9093,105.590908,4827.224626,,,,,11.72256,,,4.17547,8.59418,0.98282,50,5.8057,-4.65224,-125.3863,-5.78118,6.63672,25.72813,-18.51395,BOC_EAG,BOC_EAG,HarringtonVillage,TeamExclusive,Team,20260115-HarringtonVillage-Private-1,fdc4d8c0-f25a-11f0-99a1-27b08f981295,85.62674,26.7751,,7.32045,,,,1.59206,2.03716,-0.38289,,,
37,2026-01-15,42:06.4,1,4,"Colarusso, AJ",1000090794,Left,BOC_EAG,"Masse, Easton",1000136802,Right,BOC_EAG,Undefined,2,Top,0,1,2,ChangeUp,Changeup,StrikeSwinging,Strikeout,Undefined,Undefined,0,0,,80.07731,-0.801865,1.009459,1449.736021,129.177113,10:15,5.99134,-1.17189,5.5913,-31.86014,13.7845,-14.52005,2.58744,-1.43924,70.92261,-6.797645,-1.584045,0.486257,,,,,,,,,,,,7.60646,7.83185,1.09441,50,5.9027,-1.42897,-115.76744,-2.59543,9.95357,28.80508,-21.92552,BOC_EAG,BOC_EAG,HarringtonVillage,TeamExclusive,Team,20260115-HarringtonVillage-Private-1,09e6c5f0-f25b-11f0-99a1-27b08f981295,77.5154,,,9.1547,,,,,,,,,
38,2026-01-15,42:41.3,2,1,"Colarusso, AJ",1000090794,Left,BOC_EAG,"DeShazo, Owen",703506,Right,BOC_EAG,Undefined,2,Top,1,0,0,Curveball,Curveball,BallCalled,Undefined,Undefined,Undefined,0,0,,74.23131,4.029431,-1.051819,2568.221226,311.955567,4:30,6.04622,-1.23395,5.15845,-65.59618,-12.01642,15.66969,4.3796,-0.91831,66.406,-7.910201,1.722034,0.526832,,,,,,,,,,,,-8.01363,-6.54492,1.32007,50,6.37377,1.32778,-107.25121,5.27024,-9.09872,22.9083,-39.60523,BOC_EAG,BOC_EAG,HarringtonVillage,TeamExclusive,Team,20260115-HarringtonVillage-Private-1,1eb59dd0-f25b-11f0-99a1-27b08f981295,71.54553,,,7.82531,,,,,,,,,
39,2026-01-15,42:56.4,2,2,"Colarusso, AJ",1000090794,Left,BOC_EAG,"DeShazo, Owen",703506,Right,BOC_EAG,Undefined,2,Top,1,1,0,Cutter,Slider,StrikeCalled,Undefined,Undefined,Undefined,0,0,,81.91695,-0.582116,0.613321,2292.248636,249.830399,2:15,5.92999,-1.26902,5.3981,-37.77766,4.99201,9.6293,2.23631,0.10819,74.60945,-7.510674,2.327847,0.470695,,,,,,,,,,,,-4.6478,3.12461,1.20738,50,5.85183,-1.67127,-118.81625,-2.51574,-6.58019,24.81039,-27.75033,BOC_EAG,BOC_EAG,HarringtonVillage,TeamExclusive,Team,20260115-HarringtonVillage-Private-1,27ca23f0-f25b-11f0-99a1-27b08f981295,80.07832,,,7.3075,,,,,,,,,
40,2026-01-15,43:12.6,2,3,"Colarusso, AJ",1000090794,Left,BOC_EAG,"DeShazo, Owen",703506,Right,BOC_EAG,Undefined,2,Top,1,1,1,ChangeUp,Changeup,StrikeSwinging,Undefined,Undefined,Undefined,0,0,,79.17673,-1.541686,2.201701,1468.660783,108.167386,9:30,5.97111,-1.03655,6.0506,-37.25207,8.51985,-20.14477,1.43822,-0.67614,70.59832,-8.52323,-1.430035,0.486935,,,,,,,,,,,,11.1565,5.51988,0.87567,50,5.83168,-3.63878,-114.59638,-4.18287,14.3293,27.90813,-25.08437,BOC_EAG,BOC_EAG,HarringtonVillage,TeamExclusive,Team,20260115-HarringtonVillage-Private-1,316edc20-f25b-11f0-99a1-27b08f981295,77.40755,,,8.57842,,,,,,,,,
41,2026-01-15,43:28.8,2,4,"Colarusso, AJ",1000090794,Left,BOC_EAG,"DeShazo, Owen",703506,Right,BOC_EAG,Undefined,2,Top,1,1,2,Fastball,Four-Seam,FoulBallNotFieldable,Undefined,Undefined,Undefined,0,0,,86.97286,-0.334375,1.215665,2101.67557,177.854323,12:00,6.06981,-0.94479,6.14093,-22.79576,14.37843,-0.48776,3.86109,0.13817,78.22602,-4.674784,1.127727,0.438826,70.72105,13.094311,174.758689,5311.776224,,,,82.63868,42.34894,174.048785,0.843107,0.63878,7.90477,0.85235,50,6.0326,-2.65398,-126.07431,-1.39477,1.01185,29.41086,-19.65232,BOC_EAG,BOC_EAG,HarringtonVillage,TeamExclusive,Team,20260115-HarringtonVillage-Private-1,3af7f600-f25b-11f0-99a1-27b08f981295,85.89382,7.59775,,8.74684,,,,0.48671,3.48699,0.02168,,,
42,2026-01-15,43:48.6,2,5,"Colarusso, AJ",1000090794,Left,BOC_EAG,"DeShazo, Owen",703506,Right,BOC_EAG,Undefined,2,Top,1,1,2,Fastball,Four-Seam,InPlay,Undefined,GroundBall,Single,0,0,,86.86492,-1.944654,0.880991,2043.178359,174.583415,11:45,6.0942,-0.96703,5.73969,-17.5156,20.76666,-1.82185,2.82293,-0.29847,77.33458,-5.332728,0.554938,0.445318,105.62882,-17.523801,-1.151445,,,,,10.11231,9.72929,0.649915,0.059921,1.24378,11.69225,0.89486,50,5.92212,-1.8547,-125.70938,-4.74068,1.9337,32.23688,-13.9964,BOC_EAG,BOC_EAG,HarringtonVillage,TeamExclusive,Team,20260115-HarringtonVillage-Private-1,46d38b60-f25b-11f0-99a1-27b08f981295,84.64162,2.79981,,9.53034,,,,1.24644,2.79981,0.29289,,,
43,2026-01-15,44:44.2,3,1,"Colarusso, AJ",1000090794,Left,BOC_EAG,"Surowiec, Danny",831970,Left,BOC_EAG,Undefined,2,Top,1,0,0,Cutter,Slider,StrikeCalled,Undefined,Undefined,Undefined,0,0,,80.86184,-0.391318,0.081423,2334.749639,257.834952,2:30,5.87994,-1.4218,5.39589,-39.92809,3.4011,9.74154,2.18587,-0.5337,74.59061,-7.6734,1.816511,0.473764,,,,,,,,,,,,-4.86351,2.23701,1.40758,50,5.81708,-0.56402,-117.46478,-2.18804,-6.82169,21.43838,-29.03634,BOC_EAG,BOC_EAG,HarringtonVillage,TeamExclusive,Team,20260115-HarringtonVillage-Private-1,67f376c0-f25b-11f0-99a1-27b08f981295,79.55959,,,6.27122,,,,,,,,,
44,2026-01-15,45:04.1,3,2,"Colarusso, AJ",1000090794,Left,BOC_EAG,"Surowiec, Danny",831970,Left,BOC_EAG,Undefined,2,Top,1,0,1,Fastball,Four-Seam,FoulBallNotFieldable,Undefined,Undefined,Undefined,0,0,,85.13314,-1.139733,0.695438,2010.397723,168.532882,11:30,6.12748,-0.96255,5.71769,-18.09899,22.04485,-4.12528,3.55733,-0.65848,75.21314,-4.666476,-0.042503,0.456017,70.66413,-0.684968,-146.336782,2568.904645,,,,40.59349,40.59349,-152.004151,0.419436,2.3361,12.05225,0.90691,50,6.02151,-1.31462,-123.11732,-2.90886,3.46075,32.3681,-14.3195,BOC_EAG,BOC_EAG,HarringtonVillage,TeamExclusive,Team,20260115-HarringtonVillage-Private-1,73da2fb0-f25b-11f0-99a1-27b08f981295,82.65579,3.15103,,9.92,,,,-1.01263,3.15103,0.94293,,,
45,2026-01-15,45:49.1,3,3,"Colarusso, AJ",1000090794,Left,BOC_EAG,"Surowiec, Danny",831970,Left,BOC_EAG,Undefined,2,Top,1,0,2,Cutter,Slider,BallCalled,Undefined,Undefined,Undefined,0,0,,81.19599,-1.89274,0.091609,2362.535054,223.091334,1:30,5.93741,-1.43744,5.31102,-33.03805,11.05103,8.80414,1.40704,-0.61778,73.37457,-7.986759,1.657218,0.4779,,,,,,,,,,,,-4.3467,6.65,1.42265,50,5.74241,-0.56109,-117.55197,-4.99227,-5.97573,25.92128,-23.03179,BOC_EAG,BOC_EAG,HarringtonVillage,TeamExclusive,Team,20260115-HarringtonVillage-Private-1,8e974770-f25b-11f0-99a1-27b08f981295,78.871,,,7.82142,,,,,,,,,
46,2026-01-15,46:08.9,3,4,"Colarusso, AJ",1000090794,Left,BOC_EAG,"Surowiec, Danny",831970,Left,BOC_EAG,Undefined,2,Top,1,0,2,Cutter,Slider,InPlay,Undefined,GroundBall,FieldersChoice,1,0,,79.49234,0.877052,-0.133689,2355.353311,273.910605,3:15,5.88656,-1.37505,5.36583,-43.86443,0.66264,8.15182,3.05364,-0.82109,73.79487,-7.099183,1.316756,0.480268,61.56564,-66.045413,-83.965371,,,,,0.55217,0.56412,-54.75973,0.03763,-4.15004,0.4689,1.38098,50,5.9337,-0.04987,-115.58659,0.26006,-5.68214,19.11059,-31.53202,BOC_EAG,BOC_EAG,HarringtonVillage,TeamExclusive,Team,20260115-HarringtonVillage-Private-1,9a7cc7e0-f25b-11f0-99a1-27b08f981295,78.48213,3.12381,,5.69747,,,,0.1727,3.12381,0.92917,,,
47,2026-01-15,46:54.7,4,1,"Colarusso, AJ",1000090794,Left,BOC_EAG,"Williams, Ben",831962,Right,BOC_EAG,Undefined,2,Top,2,0,0,ChangeUp,Changeup,BallCalled,Undefined,Undefined,Undefined,0,0,,81.3732,-3.088543,1.950119,1599.149592,125.357494,10:15,5.91146,-1.30283,5.49269,-33.84762,8.79091,-10.60327,0.19719,-0.3615,75.48692,-9.253196,0.057836,0.469973,,,,,,,,,,,,5.9241,5.59646,1.13973,50,5.61769,-3.60902,-118.05397,-7.49991,8.42008,20.97064,-24.21969,BOC_EAG,BOC_EAG,HarringtonVillage,TeamExclusive,Team,20260115-HarringtonVillage-Private-1,b5c52fb0-f25b-11f0-99a1-27b08f981295,80.20137,,,5.88628,,,,,,,,,
48,2026-01-15,47:14.2,4,2,"Colarusso, AJ",1000090794,Left,BOC_EAG,"Williams, Ben",831962,Right,BOC_EAG,Undefined,2,Top,2,1,0,Fastball,Four-Seam,BallCalled,Undefined,Undefined,Undefined,0,0,,87.16089,-0.901999,0.530822,2129.097615,173.610832,11:45,6.09268,-0.96921,6.05632,-17.24481,19.58899,-2.05181,3.82061,-0.64885,78.95391,-4.219739,0.16142,0.436812,,,,,,,,,,,,1.20693,10.69898,0.929,50,6.01321,-1.0861,-126.50073,-2.44246,1.93849,27.92734,-14.98999,BOC_EAG,BOC_EAG,HarringtonVillage,TeamExclusive,Team,20260115-HarringtonVillage-Private-1,c15defb0-f25b-11f0-99a1-27b08f981295,86.28986,,,8.20698,,,,,,,,,
49,2026-01-15,47:32.3,4,3,"Colarusso, AJ",1000090794,Left,BOC_EAG,"Williams, Ben",831962,Right,BOC_EAG,Undefined,2,Top,2,2,0,Cutter,Slider,FoulBallNotFieldable,Undefined,Undefined,Undefined,0,0,,80.82631,-0.869214,1.13269,2328.349869,252.187378,2:30,5.95275,-1.30982,5.30358,-39.98589,3.65185,7.20012,1.8044,0.35364,74.49236,-8.143434,2.412545,0.475448,,,,,,,,,,,,-3.33563,2.42162,1.20139,50,5.84451,-2.60734,-117.35808,-3.16769,-4.65645,22.01149,-28.79353,BOC_EAG,BOC_EAG,HarringtonVillage,TeamExclusive,Team,20260115-HarringtonVillage-Private-1,cc3ab2b0-f25b-11f0-99a1-27b08f981295,79.27781,,,6.33395,,,,,,,,,
50,2026-01-15,47:55.8,4,4,"Colarusso, AJ",1000090794,Left,BOC_EAG,"Williams, Ben",831962,Right,BOC_EAG,Undefined,2,Top,2,2,1,Fastball,Four-Seam,InPlay,Undefined,LineDrive,Out,1,0,,86.81699,-1.822926,1.007663,2094.97317,174.19284,11:45,5.99894,-0.85894,5.89762,-16.60343,21.41505,-2.02358,2.92212,-0.09199,77.41497,-5.053556,0.644484,0.443781,106.71666,17.01915,-1.901274,880.295684,109.95968,30.83616,-2.97631,316.52883,308.33934,0.170063,3.325,1.39965,12.05001,0.77906,50,5.84314,-2.12716,-125.72479,-4.4272,2.1794,31.94167,-13.41087,BOC_EAG,BOC_EAG,HarringtonVillage,TeamExclusive,Team,20260115-HarringtonVillage-Private-1,da353070-f25b-11f0-99a1-27b08f981295,84.93474,38.42619,,9.40202,,,,1.67158,2.89357,0.08495,,,
51,2026-01-15,50:36.9,1,1,"Mudd, Tyler",809052,Left,BOC_EAG,"Roossien, Jace",831501,Right,BOC_EAG,Undefined,2,Bottom,0,0,0,Fastball,Four-Seam,BallCalled,Undefined,Undefined,Undefined,0,0,,84.5211,-3.759506,1.516513,2144.936366,162.617769,11:30,5.80139,-0.88551,6.13381,-20.6456,18.68619,-5.40504,0.59997,0.06605,76.68766,-7.677607,0.541638,0.451381,,,,,,,,,,,,3.27579,11.26154,0.77251,50,5.50333,-3.03138,-122.40733,-8.60344,4.90805,26.97919,-15.30104,BOC_EAG,BOC_EAG,HarringtonVillage,TeamExclusive,Team,20260115-HarringtonVillage-Private-1,3a372190-f25c-11f0-99a1-27b08f981295,83.5047,,,7.83345,,,,,,,,,
52,2026-01-15,50:52.0,1,2,"Mudd, Tyler",809052,Left,BOC_EAG,"Roossien, Jace",831501,Right,BOC_EAG,Undefined,2,Bottom,0,1,0,Fastball,Four-Seam,InPlay,Undefined,GroundBall,Out,1,0,,84.78329,-2.255808,1.072394,2206.910788,164.07521,11:30,5.83418,-0.81956,6.00793,-18.53619,20.59836,-5.4804,2.19815,-0.28263,76.78395,-5.807257,0.086564,0.450248,56.55389,-40.651853,-58.879284,,,,,4.27255,2.4068,-27.985256,0.042309,3.16555,11.71898,0.7384,50,5.64697,-2.08597,-122.96253,-5.33563,4.78885,27.09179,-14.44552,BOC_EAG,BOC_EAG,HarringtonVillage,TeamExclusive,Team,20260115-HarringtonVillage-Private-1,43386dd0-f25c-11f0-99a1-27b08f981295,83.71488,2.29809,,7.99934,,,,2.38971,2.29809,0.28628,,,
53,2026-01-15,51:28.3,2,1,"Mudd, Tyler",809052,Left,BOC_EAG,"Wolff, Kyle",813479,Right,BOC_EAG,Undefined,2,Bottom,1,0,0,ChangeUp,Changeup,BallCalled,Undefined,Undefined,Undefined,0,0,,78.51418,-2.773759,1.162329,1610.423665,160.193343,11:15,5.9709,-0.87728,5.36823,-27.8175,18.22572,-6.05363,1.04949,-0.29178,72.51962,-7.897531,0.085539,0.488376,,,,,,,,,,,,3.35969,10.32445,0.77754,50,5.70243,-2.07593,-113.89535,-6.38139,4.44079,19.69566,-18.5274,BOC_EAG,BOC_EAG,HarringtonVillage,TeamExclusive,Team,20260115-HarringtonVillage-Private-1,58ea79c0-f25c-11f0-99a1-27b08f981295,77.17916,,,5.99456,,,,,,,,,
54,2026-01-15,51:41.5,2,2,"Mudd, Tyler",809052,Left,BOC_EAG,"Wolff, Kyle",813479,Right,BOC_EAG,Undefined,2,Bottom,1,1,0,Slider,Curveball,BallCalled,Undefined,Undefined,Undefined,0,0,,75.8819,0.18274,1.352894,2302.278671,263.05312,2:45,5.27986,-1.65662,5.30845,-46.67097,3.33709,13.63328,1.56219,0.74963,69.33821,-8.332619,3.774535,0.508969,,,,,,,,,,,,-6.4076,2.12811,1.52366,50,5.26285,-3.12817,-110.04619,-1.1812,-7.78437,21.22574,-29.5887,BOC_EAG,BOC_EAG,HarringtonVillage,TeamExclusive,Team,20260115-HarringtonVillage-Private-1,60bff030-f25c-11f0-99a1-27b08f981295,74.05644,,,6.5437,,,,,,,,,
55,2026-01-15,51:56.8,2,3,"Mudd, Tyler",809052,Left,BOC_EAG,"Wolff, Kyle",813479,Right,BOC_EAG,Undefined,2,Bottom,1,2,0,Slider,Curveball,FoulBallNotFieldable,Undefined,Undefined,Undefined,0,0,,74.33008,1.795136,1.130647,2152.532123,281.670541,3:30,5.23478,-1.6551,5.29544,-52.40668,-0.80433,11.39631,2.55387,0.35628,68.48885,-7.733029,3.153569,0.517019,,,,,,,,,,,,-5.45697,-0.51453,1.5434,50,5.35941,-2.54942,-107.91792,1.68692,-6.44554,18.50395,-32.78179,BOC_EAG,BOC_EAG,HarringtonVillage,TeamExclusive,Team,20260115-HarringtonVillage-Private-1,69d9a670-f25c-11f0-99a1-27b08f981295,72.90345,,,5.84123,,,,,,,,,
56,2026-01-15,52:14.9,2,4,"Mudd, Tyler",809052,Left,BOC_EAG,"Wolff, Kyle",813479,Right,BOC_EAG,Undefined,2,Bottom,1,2,1,Slider,Curveball,BallCalled,Undefined,Undefined,Undefined,0,0,,75.54348,1.991469,-0.79468,2122.506729,286.978369,3:30,5.35194,-1.60031,5.26106,-51.429,-0.98051,8.67575,2.93808,-1.62397,68.88111,-7.389887,0.74528,0.511205,,,,,,,,,,,,-4.53894,-0.52028,1.66652,50,5.49668,1.17632,-109.53285,2.08008,-5.48009,20.46378,-32.80221,BOC_EAG,BOC_EAG,HarringtonVillage,TeamExclusive,Team,20260115-HarringtonVillage-Private-1,7493ed50-f25c-11f0-99a1-27b08f981295,73.73247,,,6.66237,,,,,,,,,
57,2026-01-15,52:31.1,2,5,"Mudd, Tyler",809052,Left,BOC_EAG,"Wolff, Kyle",813479,Right,BOC_EAG,Undefined,2,Bottom,1,3,1,Fastball,Four-Seam,InPlay,Undefined,GroundBall,Error,1,0,,85.47344,-2.885165,1.163074,2078.023634,178.282998,12:00,5.82618,-0.70024,6.32538,-14.93658,23.09178,-0.65197,1.92169,0.31667,77.49583,-5.796694,1.045133,0.443839,86.44444,-19.942848,-42.035915,,,,,7.10437,3.15581,-32.879951,0.045586,0.70098,13.32867,0.61566,50,5.60823,-2.49239,-123.98227,-6.58278,1.07916,27.31504,-11.65406,BOC_EAG,BOC_EAG,HarringtonVillage,TeamExclusive,Team,20260115-HarringtonVillage-Private-1,7e4576c0-f25c-11f0-99a1-27b08f981295,84.92372,1.97489,,7.9776,,,,1.92378,1.97489,-0.21232,,,
58,2026-01-15,53:36.6,3,1,"Mudd, Tyler",809052,Left,BOC_EAG,"Johnson, Gunnar",1000100233,Right,BOC_EAG,Undefined,2,Bottom,2,0,0,Slider,Slider,StrikeCalled,Undefined,Undefined,Undefined,0,0,,76.46452,1.77221,1.1947,2193.506489,284.68584,3:30,5.17661,-1.90331,5.22458,-50.55601,-0.60071,9.30745,2.63061,-0.00436,68.9216,-7.474812,2.844663,0.5087,,,,,,,,,,,,-4.19296,-0.27118,1.7861,50,5.30295,-2.68805,-110.68579,1.69937,-5.10116,23.31729,-32.50395,BOC_EAG,BOC_EAG,HarringtonVillage,TeamExclusive,Team,20260115-HarringtonVillage-Private-1,a551f450-f25c-11f0-99a1-27b08f981295,74.09555,,,7.54292,,,,,,,,,
59,2026-01-15,53:50.3,3,2,"Mudd, Tyler",809052,Left,BOC_EAG,"Johnson, Gunnar",1000100233,Right,BOC_EAG,Undefined,2,Bottom,2,0,1,ChangeUp,Changeup,BallCalled,Undefined,Undefined,Undefined,0,0,,78.76026,-3.316602,0.324636,1575.617862,159.715786,11:15,5.7927,-0.82547,5.63531,-26.49029,19.40048,-6.58142,0.48742,-1.07104,71.9202,-8.252983,-0.852268,0.487567,,,,,,,,,,,,3.45347,11.31741,0.80224,50,5.49382,-0.39637,-114.11159,-7.37971,4.52029,22.4315,-17.3605,BOC_EAG,BOC_EAG,HarringtonVillage,TeamExclusive,Team,20260115-HarringtonVillage-Private-1,ad923a80-f25c-11f0-99a1-27b08f981295,77.30724,,,6.84006,,,,,,,,,
60,2026-01-15,54:05.3,3,3,"Mudd, Tyler",809052,Left,BOC_EAG,"Johnson, Gunnar",1000100233,Right,BOC_EAG,Undefined,2,Bottom,2,1,1,Fastball,Four-Seam,InPlay,Undefined,LineDrive,Double,0,0,,85.28773,-2.887006,0.56925,2180.410507,178.756212,12:00,5.80784,-0.61022,6.1615,-16.37887,22.68741,-0.45827,1.77362,-0.12253,76.11466,-6.090831,0.48657,0.449855,107.19881,12.561711,9.722143,1966.958751,107.46645,20.72742,23.47206,281.47807,278.81444,16.732155,2.645029,0.43961,13.18107,0.56727,50,5.58036,-1.20816,-123.46037,-6.59707,0.66004,30.82305,-12.3843,BOC_EAG,BOC_EAG,HarringtonVillage,TeamExclusive,Team,20260115-HarringtonVillage-Private-1,b67b91f0-f25c-11f0-99a1-27b08f981295,83.78801,23.477,,9.17307,,,,0.3922,1.68643,0.13356,,,
61,2026-01-15,54:55.5,4,1,"Mudd, Tyler",809052,Left,BOC_EAG,"Gallo, Luke",10126155,Right,BOC_EAG,Undefined,2,Bottom,2,0,0,ChangeUp,Changeup,BallCalled,Undefined,Undefined,Undefined,0,0,,77.88418,-1.870454,0.623721,1576.621206,140.436221,10:45,6.00944,-0.96871,5.5443,-28.66411,19.14615,-14.25343,1.87202,-1.57358,69.84329,-7.262291,-1.919821,0.497659,,,,,,,,,,,,7.34941,10.84772,0.92411,50,5.82907,-0.65644,-112.70684,-4.50271,9.22413,25.11624,-18.55922,BOC_EAG,BOC_EAG,HarringtonVillage,TeamExclusive,Team,20260115-HarringtonVillage-Private-1,d44351a0-f25c-11f0-99a1-27b08f981295,75.73948,,,8.04089,,,,,,,,,
62,2026-01-15,55:14.9,4,2,"Mudd, Tyler",809052,Left,BOC_EAG,"Gallo, Luke",10126155,Right,BOC_EAG,Undefined,2,Bottom,2,1,0,ChangeUp,Changeup,BallCalled,Undefined,Undefined,Undefined,0,0,,76.99569,2.624565,1.199348,1467.329546,154.973532,11:15,5.995,-0.99003,5.35173,-26.54694,22.57623,-9.69351,6.24662,-0.67278,68.79652,-2.416811,-0.521003,0.504446,,,,,,,,,,,,5.17264,10.89812,0.88895,50,6.21314,-1.93116,-111.31936,4.37181,6.37204,23.39174,-18.74899,BOC_EAG,BOC_EAG,HarringtonVillage,TeamExclusive,Team,20260115-HarringtonVillage-Private-1,dfd9c7b0-f25c-11f0-99a1-27b08f981295,74.72048,,,8.19917,,,,,,,,,
63,2026-01-15,55:43.3,4,3,"Mudd, Tyler",809052,Left,BOC_EAG,"Gallo, Luke",10126155,Right,BOC_EAG,Undefined,2,Bottom,2,2,0,Slider,Curveball,StrikeCalled,Undefined,Undefined,Undefined,0,0,,73.00118,2.014872,0.827073,2081.917918,303.58907,4:00,5.35657,-1.804,5.20571,-56.6379,-2.2524,6.19992,2.53262,-0.50946,66.42957,-8.299168,1.926512,0.530778,,,,,,,,,,,,-2.81339,-1.12799,1.72269,50,5.50079,-1.7658,-105.78581,1.86427,-3.15308,19.89386,-33.43824,BOC_EAG,BOC_EAG,HarringtonVillage,TeamExclusive,Team,20260115-HarringtonVillage-Private-1,f0d4b430-f25c-11f0-99a1-27b08f981295,71.01356,,,6.57161,,,,,,,,,
64,2026-01-15,56:02.6,4,4,"Mudd, Tyler",809052,Left,BOC_EAG,"Gallo, Luke",10126155,Right,BOC_EAG,Undefined,2,Bottom,2,2,1,Slider,Curveball,StrikeCalled,Undefined,Undefined,Undefined,0,0,,76.31716,0.757335,1.658664,2444.797986,305.237649,4:15,5.26034,-1.84966,5.28724,-51.99334,-2.69701,6.07225,1.63907,0.21433,69.98008,-8.687443,2.737347,0.505334,,,,,,,,,,,,-2.55697,-1.10543,1.69391,50,5.29125,-3.44165,-110.7203,-0.28939,-3.1569,20.76969,-33.53885,BOC_EAG,BOC_EAG,HarringtonVillage,TeamExclusive,Team,20260115-HarringtonVillage-Private-1,fc5e0ae0-f25c-11f0-99a1-27b08f981295,74.58915,,,6.33708,,,,,,,,,
65,2026-01-15,56:24.0,4,5,"Mudd, Tyler",809052,Left,BOC_EAG,"Gallo, Luke",10126155,Right,BOC_EAG,Undefined,2,Bottom,2,2,2,Fastball,Four-Seam,BallCalled,Undefined,Undefined,Undefined,0,0,,85.71963,-4.051102,1.368915,2205.495963,160.802521,11:15,5.89337,-0.81113,5.82662,-18.43403,20.31422,-6.57933,0.58387,-0.0866,77.64267,-7.552711,0.189163,0.44802,,,,,,,,,,,,3.81079,12.08965,0.7033,50,5.55126,-2.69678,-124.04025,-9.3022,5.85821,27.89099,-13.589,BOC_EAG,BOC_EAG,HarringtonVillage,TeamExclusive,Team,20260115-HarringtonVillage-Private-1,091f9370-f25d-11f0-99a1-27b08f981295,84.13116,,,8.07696,,,,,,,,,
66,2026-01-15,56:47.0,4,6,"Mudd, Tyler",809052,Left,BOC_EAG,"Gallo, Luke",10126155,Right,BOC_EAG,Undefined,2,Bottom,2,3,2,Slider,Curveball,InPlay,Undefined,LineDrive,Single,0,1,,75.53846,1.259797,0.342547,2147.116006,296.801241,4:00,5.31077,-1.89889,5.32479,-52.02778,-1.65941,6.61213,2.1575,-1.02644,68.95576,-8.227578,1.518405,0.510799,86.20813,10.364248,-0.841349,1738.956513,109.96808,13.55346,2.64481,210.45243,210.15667,2.843041,2.123167,-3.22532,-0.76051,1.86289,50,5.38704,-0.90702,-109.58982,0.69423,-3.88852,20.92946,-33.09093,BOC_EAG,BOC_EAG,HarringtonVillage,TeamExclusive,Team,20260115-HarringtonVillage-Private-1,16d232c0-f25d-11f0-99a1-27b08f981295,73.79109,13.55354,,6.5827,,,,1.68914,2.18951,1.02264,,,
67,2026-01-15,57:28.6,5,1,"Mudd, Tyler",809052,Left,BOC_EAG,"Malaret, Gabriel",10279876,Right,BOC_EAG,Undefined,2,Bottom,2,0,0,Slider,Slider,BallCalled,Undefined,Undefined,Undefined,0,0,,76.16024,0.195145,1.683394,2329.033714,262.64362,2:45,5.27946,-1.96914,5.355,-47.43668,2.43921,5.1078,1.5095,0.03573,69.12619,-8.484361,2.591694,0.508296,,,,,,,,,,,,-2.0091,1.70984,1.81402,50,5.26362,-3.44319,-110.34919,-1.18312,-2.43926,22.44995,-30.09814,BOC_EAG,BOC_EAG,HarringtonVillage,TeamExclusive,Team,20260115-HarringtonVillage-Private-1,2f937a80-f25d-11f0-99a1-27b08f981295,74.15451,,,7.03406,,,,,,,,,
68,2026-01-15,57:45.2,5,2,"Mudd, Tyler",809052,Left,BOC_EAG,"Malaret, Gabriel",10279876,Right,BOC_EAG,Undefined,2,Bottom,2,1,0,Fastball,Four-Seam,InPlay,Undefined,FlyBall,Out,1,0,,83.92809,-2.086703,0.729591,2137.293819,171.277218,11:45,5.91901,-0.88483,5.94744,-17.45836,22.50493,-3.23744,2.5277,-0.47788,76.07141,-5.445717,0.147922,0.45499,83.81873,46.486788,-0.56522,4368.837168,109.45358,102.89681,10.95023,238.67647,227.8839,9.824535,5.466103,1.8941,12.62261,0.82863,50,5.7433,-1.42347,-121.74787,-4.88294,2.81303,26.24991,-13.42761,BOC_EAG,BOC_EAG,HarringtonVillage,TeamExclusive,Team,20260115-HarringtonVillage-Private-1,3979cf90-f25d-11f0-99a1-27b08f981295,82.8423,110.8945,,7.85669,,,,1.41786,3.36497,0.66644,,,
69,2026-01-15,01:32.5,1,1,"Mitchell, John",815503,Right,BOC_EAG,"Wang, Nick",813482,Right,BOC_EAG,Undefined,3,Top,0,0,0,Slider,Slider,StrikeCalled,Undefined,Undefined,Undefined,0,0,,87.19656,0.428168,-1.853076,2593.129655,123.840687,10:15,5.25317,2.05967,5.90441,-33.7773,3.08335,-2.82858,2.83606,0.10322,79.56431,-5.82473,-2.360675,0.436971,,,,,,,,,,,,0.90075,1.85083,-1.90922,50,5.26856,4.2145,-126.57744,-0.22223,1.4554,26.82003,-29.18354,BOC_EAG,BOC_EAG,HarringtonVillage,TeamExclusive,Team,20260115-HarringtonVillage-Private-1,c0e4b620-f25d-11f0-99a1-27b08f981295,86.25838,,,7.63225,,,,,,,,,
70,2026-01-15,01:48.8,1,2,"Mitchell, John",815503,Right,BOC_EAG,"Wang, Nick",813482,Right,BOC_EAG,Undefined,3,Top,0,0,1,Fastball,Four-Seam,StrikeCalled,Undefined,Undefined,Undefined,0,0,,91.64431,-1.537428,-2.503112,2373.084482,202.096374,12:45,5.87954,1.27186,6.55419,-14.663,17.77422,6.80075,3.24625,-0.45802,83.78081,-4.371686,-1.268796,0.409914,,,,,,,,,,,,-4.23414,10.04308,-1.10156,50,5.76661,5.54409,-133.11489,-3.93454,-7.6025,28.38905,-14.14142,BOC_EAG,BOC_EAG,HarringtonVillage,TeamExclusive,Team,20260115-HarringtonVillage-Private-1,caaef7b0-f25d-11f0-99a1-27b08f981295,91.95197,,,7.8635,,,,,,,,,
71,2026-01-15,02:06.2,1,3,"Mitchell, John",815503,Right,BOC_EAG,"Wang, Nick",813482,Right,BOC_EAG,Undefined,3,Top,0,0,2,Fastball,Four-Seam,BallCalled,Undefined,Undefined,Undefined,0,0,,93.73334,-0.888029,-1.191895,2427.99836,201.273265,12:45,5.88298,1.51044,6.60549,-12.78335,18.52938,6.78237,4.00401,0.98368,84.50559,-3.407517,0.041653,0.402746,,,,,,,,,,,,-3.89851,10.2954,-1.43152,50,5.81655,2.54451,-136.10261,-2.38447,-7.21283,33.67431,-13.12602,BOC_EAG,BOC_EAG,HarringtonVillage,TeamExclusive,Team,20260115-HarringtonVillage-Private-1,d4ffa750-f25d-11f0-99a1-27b08f981295,93.5885,,,9.22775,,,,,,,,,
72,2026-01-15,02:22.9,1,4,"Mitchell, John",815503,Right,BOC_EAG,"Wang, Nick",813482,Right,BOC_EAG,Undefined,3,Top,0,1,2,Curveball,Slider,InPlay,Undefined,LineDrive,Double,0,0,,83.84644,-0.836779,-1.934155,2717.423884,48.908668,7:45,6.01006,1.08966,5.66097,-40.97955,-0.72284,-2.31587,1.81429,-0.90763,76.85953,-8.332046,-2.348484,0.456657,68.62501,15.926353,-6.474071,1529.094548,108.93014,15.72959,-15.30191,176.59166,174.6321,-9.421003,2.216196,0.61732,0.21693,-0.9245,50,5.91311,4.2025,-121.69984,-3.20045,0.92089,25.07562,-31.85045,BOC_EAG,BOC_EAG,HarringtonVillage,TeamExclusive,Team,20260115-HarringtonVillage-Private-1,df110400-f25d-11f0-99a1-27b08f981295,82.53986,16.32776,,6.98691,,,,1.35211,1.77173,0.91684,,,
73,2026-01-15,03:37.5,2,1,"Mitchell, John",815503,Right,BOC_EAG,"Toomey, Jack",809057,Right,BOC_EAG,Undefined,3,Top,0,0,0,Slider,Slider,BallCalled,Undefined,Undefined,Undefined,0,0,,86.34994,-0.925202,-3.573011,2641.937362,209.889049,1:00,5.35715,2.05598,5.52403,-33.32577,5.15457,2.19969,1.71327,-1.10545,78.44448,-7.054219,-3.181798,0.446469,,,,,,,,,,,,-2.20736,3.28921,-1.74637,50,5.2545,7.71051,-125.00591,-3.21136,-3.45745,27.57824,-27.02199,BOC_EAG,BOC_EAG,HarringtonVillage,TeamExclusive,Team,20260115-HarringtonVillage-Private-1,0b83a5b0-f25e-11f0-99a1-27b08f981295,84.4235,,,7.90546,,,,,,,,,
74,2026-01-15,03:54.5,2,2,"Mitchell, John",815503,Right,BOC_EAG,"Toomey, Jack",809057,Right,BOC_EAG,Undefined,3,Top,0,1,0,Slider,Slider,BallCalled,Undefined,Undefined,Undefined,0,0,,87.5565,-1.911865,-4.017278,2801.756503,159.973805,11:15,5.33189,2.02848,5.61467,-29.84057,6.77996,-2.09673,1.05575,-1.90179,81.24338,-7.360814,-4.390327,0.435546,,,,,,,,,,,,0.07319,4.24256,-1.68357,50,5.1489,9.00284,-126.93004,-5.30699,0.12076,23.2682,-25.17547,BOC_EAG,BOC_EAG,HarringtonVillage,TeamExclusive,Team,20260115-HarringtonVillage-Private-1,15a26fe0-f25e-11f0-99a1-27b08f981295,86.54073,,,6.31312,,,,,,,,,
75,2026-01-15,04:13.6,2,3,"Mitchell, John",815503,Right,BOC_EAG,"Toomey, Jack",809057,Right,BOC_EAG,Undefined,3,Top,0,2,0,Fastball,Four-Seam,InPlay,Undefined,LineDrive,Single,0,0,,91.49941,-1.581362,-2.727924,2376.575338,222.293511,1:30,5.92637,1.25056,6.26149,-18.63462,14.65394,12.26701,2.9134,-0.24431,82.77285,-5.140679,-0.513165,0.415259,106.47325,6.252293,11.480319,1595.844096,106.49106,4.44559,27.55831,143.76398,140.41842,15.384876,1.077386,-7.22933,8.44418,-1.05414,50,5.79992,5.8159,-132.71182,-4.20919,-12.74283,31.49096,-17.28988,BOC_EAG,BOC_EAG,HarringtonVillage,TeamExclusive,Team,20260115-HarringtonVillage-Private-1,20fcc750-f25e-11f0-99a1-27b08f981295,90.76852,6.39313,,8.72656,,,,0.61202,2.65897,0.33574,,,
76,2026-01-15,05:12.8,3,1,"Mitchell, John",815503,Right,BOC_EAG,"Gonzalez, Cesar",831498,Right,BOC_EAG,Undefined,3,Top,0,0,0,Fastball,Four-Seam,StrikeSwinging,Undefined,Undefined,Undefined,0,0,,91.91738,-1.553103,-2.143677,2345.944657,197.397594,12:30,5.88688,1.28435,6.48183,-12.71544,20.09269,5.92351,3.39988,-0.19123,82.77768,-4.063226,-1.069763,0.412251,,,,,,,,,,,,-3.76091,11.31575,-1.13594,50,5.77157,4.7432,-133.33123,-3.8853,-6.66814,32.69609,-12.11106,BOC_EAG,BOC_EAG,HarringtonVillage,TeamExclusive,Team,20260115-HarringtonVillage-Private-1,44349630-f25e-11f0-99a1-27b08f981295,91.43073,,,9.13971,,,,,,,,,
77,2026-01-15,05:34.1,3,2,"Mitchell, John",815503,Right,BOC_EAG,"Gonzalez, Cesar",831498,Right,BOC_EAG,Undefined,3,Top,0,0,1,Fastball,Four-Seam,StrikeCalled,Undefined,Undefined,Undefined,0,0,,91.54568,-2.45683,-2.675869,2341.372236,198.956743,12:45,5.8938,1.25232,6.18676,-11.9182,21.75938,7.03229,2.62828,-0.63417,82.05633,-4.821094,-1.408857,0.417678,,,,,,,,,,,,-4.48603,12.37717,-1.05362,50,5.70186,5.88458,-132.52151,-5.93279,-7.82289,33.44244,-10.59024,BOC_EAG,BOC_EAG,HarringtonVillage,TeamExclusive,Team,20260115-HarringtonVillage-Private-1,50e66750-f25e-11f0-99a1-27b08f981295,90.24275,,,9.48935,,,,,,,,,
78,2026-01-15,05:56.6,3,3,"Mitchell, John",815503,Right,BOC_EAG,"Gonzalez, Cesar",831498,Right,BOC_EAG,Undefined,3,Top,0,0,2,Fastball,Four-Seam,InPlay,Undefined,GroundBall,Out,2,1,,92.00795,-1.76344,-2.369638,2369.511831,223.363989,1:30,5.83715,1.10643,6.52117,-16.5617,16.03052,14.05591,2.83716,0.10239,83.20174,-4.961777,0.181683,0.410893,,,,,,,,,,,,-8.14965,9.30666,-0.9473,50,5.70706,4.96759,-133.54405,-4.55225,-14.53091,32.1578,-15.58021,BOC_EAG,BOC_EAG,HarringtonVillage,TeamExclusive,Team,20260115-HarringtonVillage-Private-1,5e732f20-f25e-11f0-99a1-27b08f981295,91.73301,,,8.8062,,,,,,,,,
79,2026-01-15,06:37.2,4,1,"Mitchell, John",815503,Right,BOC_EAG,"Martinez, Sean",836306,Right,BOC_EAG,Undefined,3,Top,2,0,0,Fastball,Four-Seam,StrikeCalled,Undefined,Undefined,Undefined,0,0,,92.66151,-1.5073,-2.110331,2381.876214,218.132697,1:15,5.93784,1.09676,6.69963,-15.64084,16.19217,11.85048,3.25494,0.15378,83.93918,-4.542483,0.048203,0.406079,,,,,,,,,,,,-6.83658,9.30375,-0.96021,50,5.83095,4.47511,-134.5504,-3.92559,-12.41148,31.83258,-15.28357,BOC_EAG,BOC_EAG,HarringtonVillage,TeamExclusive,Team,20260115-HarringtonVillage-Private-1,767593b0-f25e-11f0-99a1-27b08f981295,92.82054,,,8.72233,,,,,,,,,
80,2026-01-15,06:54.1,4,2,"Mitchell, John",815503,Right,BOC_EAG,"Martinez, Sean",836306,Right,BOC_EAG,Undefined,3,Top,2,0,1,Slider,Slider,StrikeCalled,Undefined,Undefined,Undefined,0,0,,87.69863,-0.735941,-3.023205,2645.938523,201.260176,12:45,5.29933,1.8671,5.76124,-30.65821,6.9076,2.10634,2.05851,-0.77386,78.26824,-6.457688,-2.646656,0.441131,,,,,,,,,,,,-2.14914,4.23004,-1.61774,50,5.22022,6.60525,-126.82458,-2.68371,-3.40382,32.60158,-25.47451,BOC_EAG,BOC_EAG,HarringtonVillage,TeamExclusive,Team,20260115-HarringtonVillage-Private-1,80c076f0-f25e-11f0-99a1-27b08f981295,85.44496,,,9.4304,,,,,,,,,
81,2026-01-15,07:11.4,4,3,"Mitchell, John",815503,Right,BOC_EAG,"Martinez, Sean",836306,Right,BOC_EAG,Undefined,3,Top,2,0,2,Curveball,Slider,StrikeCalled,Strikeout,Undefined,Undefined,0,0,,83.86511,-0.300489,-1.37113,2789.438781,68.12801,8:15,6.18103,1.01052,5.61027,-41.91668,-0.94358,-6.16457,2.40742,-0.78324,75.57329,-8.007735,-2.473146,0.460703,,,,,,,,,,,,2.62433,0.13626,-0.88941,50,6.12892,3.17102,-121.50368,-2.12663,3.8374,28.65877,-31.97481,BOC_EAG,BOC_EAG,HarringtonVillage,TeamExclusive,Team,20260115-HarringtonVillage-Private-1,8af1dec0-f25e-11f0-99a1-27b08f981295,81.81511,,,8.29182,,,,,,,,,
82,2026-01-15,11:26.8,1,1,"Burnham, Jacob",831497,Left,BOC_EAG,"Hendrickson, Carter",830138,Right,BOC_EAG,Undefined,3,Bottom,0,0,0,ChangeUp,Changeup,BallCalled,Undefined,Undefined,Undefined,0,0,,78.02458,1.5285,2.022621,1273.407091,101.015722,9:15,5.65407,-2.2347,6.17578,-41.02829,4.70673,-16.31225,3.64787,-1.72534,70.93473,-6.125348,-0.920207,0.486739,,,,,,,,,,,,8.98146,2.46906,2.08947,50,5.74928,-3.40202,-113.25106,1.81782,11.57145,22.22562,-28.99297,BOC_EAG,BOC_EAG,HarringtonVillage,TeamExclusive,Team,20260115-HarringtonVillage-Private-1,233a65d0-f25f-11f0-99a1-27b08f981295,77.43874,,,7.08985,,,,,,,,,
83,2026-01-15,11:42.1,1,2,"Burnham, Jacob",831497,Left,BOC_EAG,"Hendrickson, Carter",830138,Right,BOC_EAG,Undefined,3,Bottom,0,1,0,ChangeUp,Changeup,BallCalled,Undefined,Undefined,Undefined,0,0,,79.89753,1.158016,2.012841,1351.666979,115.134718,9:45,5.7061,-2.19736,6.15101,-34.12852,9.73178,-17.46371,3.93282,-1.79213,72.20594,-5.256743,-1.135374,0.476658,,,,,,,,,,,,9.54119,5.1437,2.0524,50,5.77704,-3.40364,-115.89957,1.35071,12.8148,24.20256,-25.26552,BOC_EAG,BOC_EAG,HarringtonVillage,TeamExclusive,Team,20260115-HarringtonVillage-Private-1,2c430510-f25f-11f0-99a1-27b08f981295,79.07642,,,7.69159,,,,,,,,,
84,2026-01-15,12:00.1,1,3,"Burnham, Jacob",831497,Left,BOC_EAG,"Hendrickson, Carter",830138,Right,BOC_EAG,Undefined,3,Bottom,0,2,0,Fastball,Four-Seam,BallCalled,Undefined,Undefined,Undefined,0,0,,86.07336,-0.189062,2.74198,1995.464344,151.71801,11:00,5.91928,-2.05156,6.111,-22.18726,15.38694,-7.61489,3.89532,-0.14882,78.31795,-4.393236,1.371863,0.44118,,,,,,,,,,,,4.69433,8.35497,1.8448,50,5.89309,-5.6726,-124.89092,-1.05278,7.3857,26.06081,-19.02897,BOC_EAG,BOC_EAG,HarringtonVillage,TeamExclusive,Team,20260115-HarringtonVillage-Private-1,3700f570-f25f-11f0-99a1-27b08f981295,85.43542,,,7.75542,,,,,,,,,
85,2026-01-15,12:16.9,1,4,"Burnham, Jacob",831497,Left,BOC_EAG,"Hendrickson, Carter",830138,Right,BOC_EAG,Undefined,3,Bottom,0,3,0,Fastball,Four-Seam,StrikeCalled,Undefined,Undefined,Undefined,0,0,,85.9014,-0.525601,2.271359,2006.484056,155.646177,11:15,5.85967,-2.09837,6.36674,-22.80363,14.49631,-6.01347,3.47532,-0.50832,78.30959,-4.854702,1.18333,0.439568,,,,,,,,,,,,3.7565,8.0643,1.93664,50,5.8109,-4.71119,-124.73645,-1.77851,5.90022,25.81292,-19.50767,BOC_EAG,BOC_EAG,HarringtonVillage,TeamExclusive,Team,20260115-HarringtonVillage-Private-1,41030fe0-f25f-11f0-99a1-27b08f981295,85.74891,,,7.59181,,,,,,,,,
86,2026-01-15,12:31.9,1,5,"Burnham, Jacob",831497,Left,BOC_EAG,"Hendrickson, Carter",830138,Right,BOC_EAG,Undefined,3,Bottom,0,3,1,Fastball,Cutter,InPlay,Undefined,GroundBall,Single,0,0,,85.03536,-1.456311,3.49818,1943.805302,156.446868,11:15,5.77172,-2.14114,6.43818,-25.03332,13.17816,-5.1789,2.34456,0.64591,77.35384,-6.19281,2.561343,0.444906,82.6583,-0.758914,-29.026339,2339.159624,,,,38.6342,37.51404,-29.437427,0.315384,3.77095,7.71552,1.89466,50,5.6568,-7.34559,-123.31326,-3.83558,5.75835,26.41687,-20.39222,BOC_EAG,BOC_EAG,HarringtonVillage,TeamExclusive,Team,20260115-HarringtonVillage-Private-1,4a0c4b60-f25f-11f0-99a1-27b08f981295,84.71999,2.62142,,7.68152,,,,1.65492,2.62142,-0.87165,,,
87,2026-01-15,13:20.7,2,1,"Burnham, Jacob",831497,Left,BOC_EAG,"Larson, Colin",831502,Left,BOC_EAG,Undefined,3,Bottom,0,0,0,Fastball,Changeup,BallCalled,Undefined,Undefined,Undefined,0,0,,84.63333,1.467804,2.552244,1910.293827,151.61621,11:00,5.86699,-2.02226,6.09315,-24.85801,13.96331,-6.87906,5.1548,-0.23322,77.05115,-3.224227,1.315211,0.448442,,,,,,,,,,,,4.2291,7.15134,1.82888,50,5.96704,-5.196,-122.79168,2.42119,6.44846,24.61093,-21.2698,BOC_EAG,BOC_EAG,HarringtonVillage,TeamExclusive,Team,20260115-HarringtonVillage-Private-1,6702d860-f25f-11f0-99a1-27b08f981295,84.05192,,,7.58218,,,,,,,,,
88,2026-01-15,13:59.4,2,2,"Burnham, Jacob",831497,Left,BOC_EAG,"Larson, Colin",831502,Left,BOC_EAG,Undefined,3,Bottom,0,1,0,Slider,Curveball,BallCalled,Undefined,Undefined,Undefined,0,0,,73.31339,3.137564,1.912693,2304.591803,295.498307,3:45,5.68592,-2.15333,5.32657,-59.06295,-5.38744,14.99942,3.71272,0.89205,66.83157,-7.616424,4.571555,0.527302,,,,,,,,,,,,-6.86465,-3.02886,1.96942,50,5.9279,-4.11971,-106.18312,3.89169,-7.7669,19.70783,-35.60099,BOC_EAG,BOC_EAG,HarringtonVillage,TeamExclusive,Team,20260115-HarringtonVillage-Private-1,7e1f70d0-f25f-11f0-99a1-27b08f981295,71.48167,,,6.48181,,,,,,,,,
89,2026-01-15,14:17.9,2,3,"Burnham, Jacob",831497,Left,BOC_EAG,"Larson, Colin",831502,Left,BOC_EAG,Undefined,3,Bottom,0,2,0,Fastball,Changeup,FoulBallNotFieldable,Undefined,Undefined,Undefined,0,0,,84.3292,-0.56702,2.012343,1970.140801,149.399366,11:00,5.89797,-2.14245,6.13579,-28.17698,11.0017,-5.72874,3.0255,-0.75924,76.71763,-5.856699,0.979648,0.450502,60.50242,37.141431,-167.602647,3844.495435,-108.56101,30.93282,-17.73392,160.44154,45.50136,-172.32099,2.671285,3.57992,6.24059,1.99185,50,5.84014,-4.08227,-122.42586,-2.05864,5.39066,25.93959,-22.777,BOC_EAG,BOC_EAG,HarringtonVillage,TeamExclusive,Team,20260115-HarringtonVillage-Private-1,8937dd40-f25f-11f0-99a1-27b08f981295,83.66769,35.02405,,7.61157,,,,1.14721,3.05477,0.75228,,,
90,2026-01-15,15:27.6,2,4,"Burnham, Jacob",831497,Left,BOC_EAG,"Larson, Colin",831502,Left,BOC_EAG,Undefined,3,Bottom,0,2,1,Fastball,Cutter,InPlay,Undefined,FlyBall,Double,0,0,,85.11654,-1.635239,2.264532,1971.528268,159.909594,11:15,5.88232,-1.99917,6.00091,-26.57891,11.16552,-3.72579,2.15065,-0.2103,79.43753,-6.550215,1.594661,0.442179,97.89528,19.1317,14.813514,1648.840023,106.39013,35.39506,27.94852,322.91243,322.63724,14.108379,3.749725,2.44457,6.43044,1.82312,50,5.73872,-4.75439,-123.79313,-4.37398,3.86537,20.32168,-22.00623,BOC_EAG,BOC_EAG,HarringtonVillage,TeamExclusive,Team,20260115-HarringtonVillage-Private-1,b2c86da0-f25f-11f0-99a1-27b08f981295,85.24254,45.42161,,5.67902,,,,1.83171,2.25582,0.23984,,,
91,2026-01-15,16:32.9,3,1,"Burnham, Jacob",831497,Left,BOC_EAG,"Mainolfi, Ty",1000275825,Right,BOC_EAG,Undefined,3,Bottom,0,0,0,Slider,Curveball,BallCalled,Undefined,Undefined,Undefined,0,0,,74.40137,3.7391,0.027014,2389.961778,303.603242,4:00,5.69245,-2.28741,5.22567,-58.09779,-6.47225,12.02406,4.37112,-1.26001,68.43348,-6.796608,2.157315,0.517135,,,,,,,,,,,,-5.96071,-3.69205,2.27568,50,5.99396,-0.51622,-107.90091,5.09135,-7.06284,17.88577,-36.54874,BOC_EAG,BOC_EAG,HarringtonVillage,TeamExclusive,Team,20260115-HarringtonVillage-Private-1,d9a99570-f25f-11f0-99a1-27b08f981295,72.88708,,,5.96788,,,,,,,,,
92,2026-01-15,16:51.3,3,2,"Burnham, Jacob",831497,Left,BOC_EAG,"Mainolfi, Ty",1000275825,Right,BOC_EAG,Undefined,3,Bottom,0,1,0,Slider,Curveball,BallCalled,Undefined,Undefined,Undefined,0,0,,76.62054,0.394493,2.63192,2441.809915,300.899569,4:00,5.63465,-2.41855,5.59179,-52.60152,-4.90307,10.35741,1.61993,0.90376,71.45404,-9.139491,4.47983,0.497077,,,,,,,,,,,,-4.61567,-2.22047,2.18567,50,5.63385,-5.49757,-111.35082,-0.94168,-5.84835,18.27423,-34.98753,BOC_EAG,BOC_EAG,HarringtonVillage,TeamExclusive,Team,20260115-HarringtonVillage-Private-1,e4b7a1a0-f25f-11f0-99a1-27b08f981295,75.8282,,,5.1665,,,,,,,,,
93,2026-01-15,17:11.2,3,3,"Burnham, Jacob",831497,Left,BOC_EAG,"Mainolfi, Ty",1000275825,Right,BOC_EAG,Undefined,3,Bottom,0,2,0,Slider,Curveball,InPlay,Undefined,GroundBall,Single,0,2,,73.56029,1.890703,1.30521,2296.652403,298.703908,4:00,5.61594,-2.42903,5.44455,-57.01227,-5.37418,12.1891,2.63626,-0.19101,68.87861,-8.428206,3.475373,0.517198,106.02071,0.178356,17.09464,1753.028854,,,,47.41393,44.87487,17.723909,0.311406,-5.90189,-2.82815,2.30482,50,5.74284,-2.86886,-107.00496,1.72244,-6.9575,15.56544,-35.50803,BOC_EAG,BOC_EAG,HarringtonVillage,TeamExclusive,Team,20260115-HarringtonVillage-Private-1,f082bc40-f25f-11f0-99a1-27b08f981295,72.87819,2.6938,,4.68167,,,,1.82217,2.69224,0.1983,,,
94,2026-01-15,18:01.8,4,1,"Burnham, Jacob",831497,Left,BOC_EAG,"Garcia, Esteban",822341,Left,BOC_EAG,Undefined,3,Bottom,0,0,0,Fastball,Cutter,FoulBallNotFieldable,Undefined,Undefined,Undefined,0,0,,86.37735,-0.843275,2.756661,1934.195348,165.61738,11:30,5.9198,-2.07615,6.01945,-25.22092,12.07036,-2.7948,3.03601,0.24628,79.08756,-5.5628,2.254596,0.439517,,,,,,,,,,,,2.20539,6.8028,1.86162,50,5.83993,-5.92516,-125.376,-2.63156,3.5109,25.31258,-21.34426,BOC_EAG,BOC_EAG,HarringtonVillage,TeamExclusive,Team,20260115-HarringtonVillage-Private-1,0eb3c510-f260-11f0-99a1-27b08f981295,85.75886,,,7.28979,,,,,,,,,
95,2026-01-15,18:44.2,4,2,"Burnham, Jacob",831497,Left,BOC_EAG,"Garcia, Esteban",822341,Left,BOC_EAG,Undefined,3,Bottom,0,0,1,Fastball,Four-Seam,BallCalled,Undefined,Undefined,Undefined,0,0,,85.89669,1.740749,2.662463,1996.995719,150.377311,11:00,5.94,-2.10166,5.93834,-24.50135,13.48965,-6.97437,5.51531,-0.2112,78.02625,-2.873633,1.412186,0.443621,,,,,,,,,,,,4.30575,6.77563,1.89299,50,6.06521,-5.50156,-124.55115,3.03917,6.74336,25.71926,-21.56256,BOC_EAG,BOC_EAG,HarringtonVillage,TeamExclusive,Team,20260115-HarringtonVillage-Private-1,27d94ce0-f260-11f0-99a1-27b08f981295,84.96548,,,7.87044,,,,,,,,,
96,2026-01-15,19:03.8,4,3,"Burnham, Jacob",831497,Left,BOC_EAG,"Garcia, Esteban",822341,Left,BOC_EAG,Undefined,3,Bottom,0,1,1,Fastball,Sinker,BallCalled,Undefined,Undefined,Undefined,0,0,,84.22029,0.230002,3.576791,2070.507661,140.632302,10:45,5.85768,-2.01975,6.10522,-28.54061,10.75123,-7.76953,3.69241,0.64475,76.72712,-5.119042,2.180671,0.451152,,,,,,,,,,,,5.02548,5.86981,1.74856,50,5.86048,-7.3288,-122.126,-0.37486,7.56308,24.84323,-23.3403,BOC_EAG,BOC_EAG,HarringtonVillage,TeamExclusive,Team,20260115-HarringtonVillage-Private-1,33b09c80-f260-11f0-99a1-27b08f981295,83.54717,,,7.49317,,,,,,,,,
97,2026-01-15,19:25.5,4,4,"Burnham, Jacob",831497,Left,BOC_EAG,"Garcia, Esteban",822341,Left,BOC_EAG,Undefined,3,Bottom,0,2,1,Fastball,Sinker,BallCalled,Undefined,Undefined,Undefined,0,0,,86.01436,0.31904,1.49209,2078.356367,150.479581,11:00,5.87152,-2.27215,6.24946,-24.71442,12.2743,-6.33685,4.10632,-1.42385,79.0902,-4.328873,0.347373,0.43773,,,,,,,,,,,,3.65591,6.62878,2.16414,50,5.88297,-3.00889,-125.06328,-0.0364,5.82916,23.63402,-21.60482,BOC_EAG,BOC_EAG,HarringtonVillage,TeamExclusive,Team,20260115-HarringtonVillage-Private-1,4070ec90-f260-11f0-99a1-27b08f981295,86.10891,,,6.92416,,,,,,,,,
98,2026-01-15,19:52.8,4,5,"Burnham, Jacob",831497,Left,BOC_EAG,"Garcia, Esteban",822341,Left,BOC_EAG,Undefined,3,Bottom,0,3,1,Fastball,Four-Seam,BallCalled,Walk,Undefined,Undefined,0,0,,85.16296,0.208478,3.426277,2028.730543,160.967781,11:15,5.88215,-1.94512,6.06051,-21.70572,17.34922,-5.48429,4.26664,0.77278,76.37926,-3.945815,2.441936,0.44979,,,,,,,,,,,,3.92162,9.24902,1.68164,50,5.88679,-7.15315,-123.27646,-0.14547,5.92558,28.64551,-18.19881,BOC_EAG,BOC_EAG,HarringtonVillage,TeamExclusive,Team,20260115-HarringtonVillage-Private-1,50be8210-f260-11f0-99a1-27b08f981295,83.80015,,,8.7837,,,,,,,,,
99,2026-01-15,20:53.2,5,1,"Burnham, Jacob",831497,Left,BOC_EAG,"Roossien, Jace",831501,Right,BOC_EAG,Undefined,3,Bottom,0,0,0,Fastball,Four-Seam,InPlay,Undefined,Bunt,Sacrifice,1,0,,85.44114,-1.817426,3.183223,2029.691699,158.155555,11:15,5.89122,-2.03306,6.06297,-22.33155,15.6104,-5.79331,2.34508,0.43325,78.57022,-6.01032,2.142153,0.443334,31.35967,5.043011,-31.644718,2095.692519,,,,29.61236,28.34151,-31.084202,0.603342,3.86118,8.90178,1.78912,50,5.73801,-6.67479,-124.00102,-4.59892,6.03749,23.80753,-18.25496,BOC_EAG,BOC_EAG,HarringtonVillage,TeamExclusive,Team,20260115-HarringtonVillage-Private-1,74d6ecf0-f260-11f0-99a1-27b08f981295,85.02038,2.82506,,6.87092,,,,2.77883,2.52786,-0.37978,,,
100,2026-01-15,21:40.0,6,1,"Burnham, Jacob",831497,Left,BOC_EAG,"Wolff, Kyle",813479,Right,BOC_EAG,Undefined,3,Bottom,1,0,0,Fastball,Cutter,InPlay,Undefined,FlyBall,Sacrifice,1,1,,85.55831,-1.030926,3.290792,1986.236506,153.909288,11:15,5.74694,-2.1543,6.27034,-25.05946,12.63501,-5.60225,2.70659,0.41587,78.31349,-5.744595,2.280335,0.441886,95.70882,18.128797,1.790727,1451.675813,109.69979,31.52655,8.11817,307.31131,296.13878,8.905424,3.392316,3.84693,7.21571,1.91344,50,5.65829,-6.92804,-124.17637,-2.96965,6.00241,25.02932,-20.91534,BOC_EAG,BOC_EAG,HarringtonVillage,TeamExclusive,Team,20260115-HarringtonVillage-Private-1,90c4bc80-f260-11f0-99a1-27b08f981295,85.29898,37.52088,,7.24483,,,,1.08283,2.66128,-0.41645,,,
101,2026-01-15,22:25.5,7,1,"Burnham, Jacob",831497,Left,BOC_EAG,"Johnson, Gunnar",1000100233,Right,BOC_EAG,Undefined,3,Bottom,2,0,0,ChangeUp,Changeup,StrikeCalled,Undefined,Undefined,Undefined,0,0,,78.17255,-0.097521,3.016433,1331.934499,102.024497,9:30,5.57867,-2.21541,6.27197,-40.31963,5.62268,-18.3343,2.12868,-0.96002,70.47609,-7.646971,-0.29765,0.48784,,,,,,,,,,,,10.42784,3.50162,2.00026,50,5.55255,-5.29548,-113.30879,-1.35563,13.28926,24.51573,-27.71157,BOC_EAG,BOC_EAG,HarringtonVillage,TeamExclusive,Team,20260115-HarringtonVillage-Private-1,abe09610-f260-11f0-99a1-27b08f981295,77.26387,,,7.69646,,,,,,,,,
102,2026-01-15,22:41.4,7,2,"Burnham, Jacob",831497,Left,BOC_EAG,"Johnson, Gunnar",1000100233,Right,BOC_EAG,Undefined,3,Bottom,2,0,1,Fastball,Four-Seam,BallCalled,Undefined,Undefined,Undefined,0,0,,86.00093,-0.238949,3.483597,2046.806698,139.099545,10:45,5.88184,-2.21448,6.29539,-23.8093,13.51308,-10.66615,3.67715,0.11055,78.45136,-4.741294,1.559393,0.4397,,,,,,,,,,,,6.48548,7.44985,1.9628,50,5.8527,-7.17524,-124.77764,-1.20478,10.21109,25.42153,-20.4446,BOC_EAG,BOC_EAG,HarringtonVillage,TeamExclusive,Team,20260115-HarringtonVillage-Private-1,b5449bc0-f260-11f0-99a1-27b08f981295,85.72316,,,7.54957,,,,,,,,,
103,2026-01-15,22:57.0,7,3,"Burnham, Jacob",831497,Left,BOC_EAG,"Johnson, Gunnar",1000100233,Right,BOC_EAG,Undefined,3,Bottom,2,1,1,ChangeUp,Changeup,BallCalled,Undefined,Undefined,Undefined,0,0,,79.75122,-0.044617,4.507036,1483.024939,112.086847,9:45,5.68532,-2.25448,6.27601,-35.99494,7.65024,-15.27741,2.64449,0.63546,72.72917,-6.767611,1.754628,0.475488,,,,,,,,,,,,9.19331,4.44355,1.92786,50,5.66479,-8.54937,-115.56028,-1.13125,12.37743,22.41191,-26.19147,BOC_EAG,BOC_EAG,HarringtonVillage,TeamExclusive,Team,20260115-HarringtonVillage-Private-1,bea71ad0-f260-11f0-99a1-27b08f981295,79.27106,,,7.02205,,,,,,,,,
104,2026-01-15,23:14.7,7,4,"Burnham, Jacob",831497,Left,BOC_EAG,"Johnson, Gunnar",1000100233,Right,BOC_EAG,Undefined,3,Bottom,2,2,1,ChangeUp,Changeup,StrikeSwinging,Undefined,Undefined,Undefined,0,0,,78.45614,-1.194998,4.043302,1331.914327,102.039641,9:30,5.66846,-1.97361,6.24526,-40.05333,5.66418,-18.54221,1.22562,0.21658,70.91246,-8.667092,0.696362,0.486646,,,,,,,,,,,,10.89666,3.86583,1.68084,50,5.56018,-7.35118,-113.59023,-3.53617,13.97187,24.41925,-27.21724,BOC_EAG,BOC_EAG,HarringtonVillage,TeamExclusive,Team,20260115-HarringtonVillage-Private-1,c93a0390-f260-11f0-99a1-27b08f981295,77.45357,,,7.54368,,,,,,,,,
105,2026-01-15,23:33.0,7,5,"Burnham, Jacob",831497,Left,BOC_EAG,"Johnson, Gunnar",1000100233,Right,BOC_EAG,Undefined,3,Bottom,2,2,2,Slider,Slider,FoulBallNotFieldable,Undefined,Undefined,Undefined,0,0,,77.54956,1.466175,1.775201,2374.837435,275.931383,3:15,5.68614,-2.38801,5.58078,-47.13947,0.66972,10.06087,3.12808,0.1088,70.09096,-7.209893,3.569423,0.497653,64.14279,9.848214,169.245481,3043.108674,,,,67.54671,45.50055,171.164688,0.787377,-4.39079,0.54595,2.2293,50,5.78288,-3.89372,-112.31156,1.30787,-5.51685,23.43498,-31.48808,BOC_EAG,BOC_EAG,HarringtonVillage,TeamExclusive,Team,20260115-HarringtonVillage-Private-1,d407ab60-f260-11f0-99a1-27b08f981295,75.74033,5.18984,,7.45861,,,,0.85265,2.70822,-0.3998,,,
106,2026-01-15,23:57.1,7,6,"Burnham, Jacob",831497,Left,BOC_EAG,"Johnson, Gunnar",1000100233,Right,BOC_EAG,Undefined,3,Bottom,2,2,2,Fastball,Four-Seam,FoulBallNotFieldable,Undefined,Undefined,Undefined,0,0,,85.42545,-0.795564,2.721169,2003.390627,168.144835,11:30,5.82424,-2.33639,6.09316,-23.41265,15.31225,-2.91177,3.13644,-0.06016,76.77907,-5.248463,2.197449,0.447885,84.80006,38.322804,50.486534,3906.203937,56.28225,71.10066,94.51076,261.20032,136.26195,69.715617,4.512883,2.40571,8.57126,2.12812,50,5.7507,-5.7652,-123.76559,-2.39083,3.66034,29.0946,-19.13272,BOC_EAG,BOC_EAG,HarringtonVillage,TeamExclusive,Team,20260115-HarringtonVillage-Private-1,e26ef4b0-f260-11f0-99a1-27b08f981295,84.15653,77.95194,,8.64637,,,,-0.33267,3.49168,-0.12429,,,
107,2026-01-15,24:20.0,7,7,"Burnham, Jacob",831497,Left,BOC_EAG,"Johnson, Gunnar",1000100233,Right,BOC_EAG,Undefined,3,Bottom,2,2,2,Fastball,Cutter,FoulBallNotFieldable,Undefined,Undefined,Undefined,0,0,,86.45567,-1.314065,3.662094,2123.48579,174.135443,11:45,5.81127,-2.19413,6.2101,-25.96714,11.24792,-1.02945,2.43186,1.10452,78.86719,-6.183493,3.476786,0.439067,,,,,,,,,,,,1.61496,6.58331,1.91967,50,5.69951,-7.98248,-125.34411,-3.66391,2.55471,26.67438,-21.75982,BOC_EAG,BOC_EAG,HarringtonVillage,TeamExclusive,Team,20260115-HarringtonVillage-Private-1,f03a9a40-f260-11f0-99a1-27b08f981295,85.8467,,,7.58848,,,,,,,,,
108,2026-01-15,24:40.6,7,8,"Burnham, Jacob",831497,Left,BOC_EAG,"Johnson, Gunnar",1000100233,Right,BOC_EAG,Undefined,3,Bottom,2,2,2,Slider,Curveball,BallCalled,Undefined,Undefined,Undefined,0,0,,75.05116,2.31762,-0.089764,2410.525384,301.660948,4:00,5.669,-2.29063,5.52801,-55.42668,-5.375,11.09997,3.21787,-1.44955,69.24911,-7.783384,1.890689,0.509191,,,,,,,,,,,,-5.61134,-2.8391,2.29092,50,5.83346,-0.24429,-109.0236,2.61015,-6.78298,18.39165,-35.60592,BOC_EAG,BOC_EAG,HarringtonVillage,TeamExclusive,Team,20260115-HarringtonVillage-Private-1,fc492680-f260-11f0-99a1-27b08f981295,74.02415,,,5.80205,,,,,,,,,
109,2026-01-15,24:58.8,7,9,"Burnham, Jacob",831497,Left,BOC_EAG,"Johnson, Gunnar",1000100233,Right,BOC_EAG,Undefined,3,Bottom,2,3,2,ChangeUp,Changeup,InPlay,Undefined,LineDrive,Out,1,0,,79.02631,-0.320888,3.658564,1396.41169,106.905498,9:30,5.65,-2.23974,6.41024,-38.12199,6.72737,-16.51839,2.17753,-0.2479,71.08015,-7.489604,0.668385,0.482003,88.02999,9.66026,-34.895708,3364.037453,85.19803,5.86123,-69.57929,141.51518,112.1134,-40.91702,1.28741,9.90182,4.09418,1.98503,50,5.60992,-6.73959,-114.50238,-1.70258,12.85074,25.56455,-26.86056,BOC_EAG,BOC_EAG,HarringtonVillage,TeamExclusive,Team,20260115-HarringtonVillage-Private-1,076849b0-f261-11f0-99a1-27b08f981295,78.19963,8.40274,,7.94616,,,,2.0415,2.37834,0.07711,,,
110,2026-01-15,27:42.3,1,1,"Mitchell, John",815503,Right,BOC_EAG,"Solier, Julio",827632,Right,BOC_EAG,Undefined,4,Top,0,0,0,Slider,Slider,InPlay,Undefined,GroundBall,Out,1,0,,85.59608,-0.077559,-1.728934,2563.332736,108.478909,9:30,5.33863,1.85815,5.77829,-35.81884,2.24228,-3.38421,2.28153,-0.03306,78.96849,-6.656992,-2.335191,0.44403,85.82739,-13.57187,13.595367,,,,,9.938,9.3147,13.016712,0.075312,1.2824,1.48146,-1.71333,50,5.3104,3.89091,-124.40127,-1.40397,2.02042,23.70008,-29.84,BOC_EAG,BOC_EAG,HarringtonVillage,TeamExclusive,Team,20260115-HarringtonVillage-Private-1,68b642d0-f261-11f0-99a1-27b08f981295,84.88717,2.22909,,6.62758,,,,0.70757,2.22909,0.06786,,,
111,2026-01-15,28:22.0,2,1,"Mitchell, John",815503,Right,BOC_EAG,"Masse, Easton",1000136802,Right,BOC_EAG,Undefined,4,Top,1,0,0,Fastball,Four-Seam,StrikeCalled,Undefined,Undefined,Undefined,0,0,,92.43543,-2.529964,-2.742048,2330.810225,212.665054,1:00,5.82716,1.26392,6.63175,-15.61942,16.27099,9.7702,2.20503,-0.43434,84.43931,-5.535843,-0.965973,0.406445,,,,,,,,,,,,-5.89114,9.58221,-1.08177,50,5.64896,6.03463,-134.1677,-6.33294,-10.72317,29.40984,-14.73237,BOC_EAG,BOC_EAG,HarringtonVillage,TeamExclusive,Team,20260115-HarringtonVillage-Private-1,805a81d0-f261-11f0-99a1-27b08f981295,92.73694,,,7.99612,,,,,,,,,
112,2026-01-15,28:38.1,2,2,"Mitchell, John",815503,Right,BOC_EAG,"Masse, Easton",1000136802,Right,BOC_EAG,Undefined,4,Top,1,0,1,Slider,Slider,BallCalled,Undefined,Undefined,Undefined,0,0,,87.26268,-1.080382,-0.934462,2730.36101,141.824664,10:45,5.25385,1.9373,5.82726,-30.82868,5.46548,-3.51925,1.68021,0.77527,81.05444,-6.746736,-1.565974,0.4336,,,,,,,,,,,,1.57819,3.36921,-1.85888,50,5.14721,2.21382,-126.92118,-3.45782,2.60801,22.79272,-26.60629,BOC_EAG,BOC_EAG,HarringtonVillage,TeamExclusive,Team,20260115-HarringtonVillage-Private-1,89fa09e0-f261-11f0-99a1-27b08f981295,86.92897,,,6.20824,,,,,,,,,
113,2026-01-15,28:54.9,2,3,"Mitchell, John",815503,Right,BOC_EAG,"Masse, Easton",1000136802,Right,BOC_EAG,Undefined,4,Top,1,1,1,Slider,Slider,BallCalled,Undefined,Undefined,Undefined,0,0,,87.2326,-1.437337,-1.995949,2694.125499,183.514813,12:00,5.22889,2.03991,5.72398,-33.07793,4.2024,0.18055,1.13256,0.19516,79.4634,-7.533068,-1.963629,0.439452,68.49407,-21.532407,-59.089132,,,,,5.79359,3.09837,-33.30919,0.03646,-0.70354,2.92071,-1.87336,50,5.08839,4.40177,-126.52098,-4.33054,-1.12937,28.14167,-27.48553,BOC_EAG,BOC_EAG,HarringtonVillage,TeamExclusive,Team,20260115-HarringtonVillage-Private-1,93f23940-f261-11f0-99a1-27b08f981295,85.7715,1.34702,,7.76919,,,,3.08806,1.34702,-0.25254,,,
114,2026-01-15,29:20.5,2,4,"Mitchell, John",815503,Right,BOC_EAG,"Masse, Easton",1000136802,Right,BOC_EAG,Undefined,4,Top,1,2,1,Fastball,Four-Seam,FoulBallNotFieldable,Undefined,Undefined,Undefined,0,0,,92.56167,-0.174582,-2.734384,2303.203684,198.361531,12:30,5.83582,1.42705,6.59419,-14.60206,17.33702,5.40382,4.45884,-0.62983,84.00281,-3.014606,-1.753436,0.406755,,,,,,,,,,,,-3.61941,9.44595,-1.24206,50,5.81726,6.19585,-134.38966,-0.75989,-6.58003,30.73729,-15.00158,BOC_EAG,BOC_EAG,HarringtonVillage,TeamExclusive,Team,20260115-HarringtonVillage-Private-1,a3100150-f261-11f0-99a1-27b08f981295,92.66624,,,8.55886,,,,,,,,,
115,2026-01-15,29:40.1,2,5,"Mitchell, John",815503,Right,BOC_EAG,"Masse, Easton",1000136802,Right,BOC_EAG,Undefined,4,Top,1,3,1,Fastball,Four-Seam,FoulBallNotFieldable,Undefined,Undefined,Undefined,0,0,,92.49426,-2.438489,-2.001979,2317.411312,206.548656,1:00,5.9159,1.29563,6.49022,-13.19725,19.01033,8.94359,2.57479,0.2023,83.88673,-5.015451,-0.37959,0.408461,71.95944,18.144088,165.229366,3010.347062,-108.52942,11.64557,17.92627,146.11156,45.22819,172.254453,1.754687,-5.30469,11.03646,-1.15895,50,5.73874,4.33218,-134.23625,-6.03189,-9.59039,31.54583,-12.22109,BOC_EAG,BOC_EAG,HarringtonVillage,TeamExclusive,Team,20260115-HarringtonVillage-Private-1,aee729e0-f261-11f0-99a1-27b08f981295,92.27921,15.30327,,8.60753,,,,1.06636,2.55678,-0.2268,,,
116,2026-01-15,30:05.3,2,6,"Mitchell, John",815503,Right,BOC_EAG,"Masse, Easton",1000136802,Right,BOC_EAG,Undefined,4,Top,1,2,2,Curveball,Slider,BallCalled,Undefined,Undefined,Undefined,0,0,,84.43545,-2.160105,-2.641812,2650.709009,87.807415,9:00,6.07054,1.35374,5.70396,-38.97144,1.18161,-6.31359,0.80713,-1.63567,76.796,-9.293103,-3.77149,0.456069,,,,,,,,,,,,2.36906,1.68685,-1.12809,50,5.86502,5.89724,-122.28311,-5.95651,3.52718,27.87221,-29.66254,BOC_EAG,BOC_EAG,HarringtonVillage,TeamExclusive,Team,20260115-HarringtonVillage-Private-1,bde02be0-f261-11f0-99a1-27b08f981295,82.64631,,,7.63945,,,,,,,,,
117,2026-01-15,30:28.6,2,7,"Mitchell, John",815503,Right,BOC_EAG,"Masse, Easton",1000136802,Right,BOC_EAG,Undefined,4,Top,1,3,2,Slider,Slider,FoulBallNotFieldable,Undefined,Undefined,Undefined,0,0,,85.86039,-0.536116,-3.027007,2656.911968,85.621233,8:45,5.29181,1.87895,5.63127,-37.32593,1.04579,-2.02764,1.68039,-1.11693,78.78955,-7.367092,-3.388725,0.445838,61.64507,-68.731952,-92.523573,,,,,2.32908,2.36552,9.051555,0.021205,0.1787,0.99705,-1.61979,50,5.22199,6.66962,-124.55722,-2.48845,0.28019,25.46376,-30.61068,BOC_EAG,BOC_EAG,HarringtonVillage,TeamExclusive,Team,20260115-HarringtonVillage-Private-1,cbc992a0-f261-11f0-99a1-27b08f981295,84.54289,1.79276,,7.07085,,,,2.3308,1.79276,1.06356,,,
118,2026-01-15,30:58.9,2,8,"Mitchell, John",815503,Right,BOC_EAG,"Masse, Easton",1000136802,Right,BOC_EAG,Undefined,4,Top,1,3,2,Slider,Slider,FoulBallNotFieldable,Undefined,Undefined,Undefined,0,0,,86.73778,-0.65402,-1.786228,2615.713642,153.811028,11:15,5.26883,1.89837,5.76012,-35.02222,2.31823,-0.56445,1.74124,0.18821,79.5529,-7.094238,-1.887353,0.439806,,,,,,,,,,,,-0.21555,1.6576,-1.74999,50,5.19305,3.95133,-125.97384,-2.65613,-0.34568,26.06698,-29.51568,BOC_EAG,BOC_EAG,HarringtonVillage,TeamExclusive,Team,20260115-HarringtonVillage-Private-1,dde642d0-f261-11f0-99a1-27b08f981295,85.70239,,,7.18488,,,,,,,,,
119,2026-01-15,31:37.8,2,9,"Mitchell, John",815503,Right,BOC_EAG,"Masse, Easton",1000136802,Right,BOC_EAG,Undefined,4,Top,1,3,1,Fastball,Four-Seam,FoulBallNotFieldable,Undefined,Undefined,Undefined,0,0,,92.24885,-2.334814,-2.705637,2355.586929,213.146565,1:00,5.89506,1.12794,6.58173,-11.36544,21.25273,13.07363,2.80466,-0.26398,82.75087,-4.610523,-0.331717,0.411056,74.25604,15.370756,164.484182,2978.396692,-108.54701,9.44956,17.81919,142.60178,44.47363,172.480287,1.63256,-7.73792,12.27009,-0.94725,50,5.72959,5.78245,-133.70545,-5.66535,-13.73392,34.0806,-10.39613,BOC_EAG,BOC_EAG,HarringtonVillage,TeamExclusive,Team,20260115-HarringtonVillage-Private-1,f5179bc0-f261-11f0-99a1-27b08f981295,91.69658,13.11396,,9.49798,,,,0.47548,2.78912,0.12608,,,
120,2026-01-15,32:01.1,2,10,"Mitchell, John",815503,Right,BOC_EAG,"Masse, Easton",1000136802,Right,BOC_EAG,Undefined,4,Top,1,3,1,Fastball,Four-Seam,FoulBallNotFieldable,Undefined,Undefined,Undefined,0,0,,92.10725,-2.377264,-3.203914,2407.742772,221.60245,1:30,5.82372,1.47282,6.50217,-14.93969,17.94387,14.81737,2.39216,-0.23611,82.58241,-5.297705,-0.518318,0.412725,73.91698,46.691515,61.934279,5179.028528,34.01722,83.55499,104.60779,185.50308,82.51213,76.003743,4.762667,-8.83162,10.55335,-1.25457,50,5.65052,6.86057,-133.41752,-5.90853,-15.58766,34.26901,-13.54754,BOC_EAG,BOC_EAG,HarringtonVillage,TeamExclusive,Team,20260115-HarringtonVillage-Private-1,02f2aaa0-f262-11f0-99a1-27b08f981295,91.32581,83.61181,,9.52484,,,,0.91865,2.73686,0.17512,,,
121,2026-01-15,32:23.6,2,11,"Mitchell, John",815503,Right,BOC_EAG,"Masse, Easton",1000136802,Right,BOC_EAG,Undefined,4,Top,1,3,2,Slider,Slider,BallCalled,Walk,Undefined,Undefined,0,0,,87.45327,-1.542733,-3.099348,2707.157511,220.508463,1:15,5.3134,1.9618,5.71789,-34.96073,1.63028,0.4898,0.96048,-0.88729,80.95797,-7.92637,-3.011791,0.43537,,,,,,,,,,,,-1.05114,1.53008,-1.70283,50,5.16239,6.85313,-126.93795,-4.67008,-1.7271,24.2822,-29.66006,BOC_EAG,BOC_EAG,HarringtonVillage,TeamExclusive,Team,20260115-HarringtonVillage-Private-1,10602aa0-f262-11f0-99a1-27b08f981295,86.57565,,,6.4953,,,,,,,,,
122,2026-01-15,33:11.1,3,1,"Mitchell, John",815503,Right,BOC_EAG,"DeShazo, Owen",703506,Right,BOC_EAG,Undefined,4,Top,1,0,0,Slider,Slider,BallCalled,Undefined,Undefined,Undefined,0,0,,85.96827,-0.859891,-4.587332,2669.986374,154.553149,11:15,5.3525,1.94644,5.55913,-34.35781,4.17461,-1.40862,1.68332,-2.466,78.84133,-7.143863,-4.83731,0.446771,,,,,,,,,,,,-0.58106,2.74221,-1.54856,50,5.25552,10.04319,-124.42353,-3.09799,-0.90999,25.20039,-27.87966,BOC_EAG,BOC_EAG,HarringtonVillage,TeamExclusive,Team,20260115-HarringtonVillage-Private-1,2cadcd70-f262-11f0-99a1-27b08f981295,84.36642,,,7.12694,,,,,,,,,
123,2026-01-15,33:33.7,3,2,"Mitchell, John",815503,Right,BOC_EAG,"DeShazo, Owen",703506,Right,BOC_EAG,Undefined,4,Top,1,1,0,Fastball,Four-Seam,StrikeCalled,Undefined,Undefined,Undefined,0,0,,91.17605,-1.257023,-3.087266,2340.89493,209.735461,1:00,5.87785,1.4435,6.40513,-15.6493,17.2295,9.26693,3.41602,-0.6258,83.56845,-4.259489,-1.411219,0.412695,,,,,,,,,,,,-5.63555,9.62465,-1.22614,50,5.78019,6.7644,-132.40588,-3.32141,-10.0453,27.1883,-15.01824,BOC_EAG,BOC_EAG,HarringtonVillage,TeamExclusive,Team,20260115-HarringtonVillage-Private-1,3a00c090-f262-11f0-99a1-27b08f981295,91.33237,,,7.6076,,,,,,,,,
124,2026-01-15,33:53.3,3,3,"Mitchell, John",815503,Right,BOC_EAG,"DeShazo, Owen",703506,Right,BOC_EAG,Undefined,4,Top,1,1,1,Fastball,Four-Seam,InPlay,Undefined,GroundBall,Single,0,0,,89.44227,-2.193449,-2.67329,2329.186868,218.592823,1:15,6.01155,1.45469,6.29234,-18.41733,15.96993,11.88217,2.45235,-0.02032,81.96331,-5.691915,-0.526462,0.422056,92.32236,-1.250234,-27.4799,3524.557456,,,,32.70876,31.92414,-26.008265,0.23697,-6.9467,9.24812,-1.26362,50,5.84097,5.59684,-129.85917,-5.50152,-11.87837,26.84447,-16.36037,BOC_EAG,BOC_EAG,HarringtonVillage,TeamExclusive,Team,20260115-HarringtonVillage-Private-1,45c831b0-f262-11f0-99a1-27b08f981295,89.30672,2.53556,,7.47896,,,,2.11301,2.53556,-0.12993,,,
125,2026-01-15,34:42.7,4,1,"Mitchell, John",815503,Right,BOC_EAG,"Surowiec, Danny",831970,Left,BOC_EAG,Undefined,4,Top,1,0,0,Fastball,Four-Seam,StrikeSwinging,Undefined,Undefined,Undefined,0,0,,90.62251,-1.226368,-2.030798,2308.628901,214.830157,1:15,6.02277,1.12165,6.46902,-15.41501,17.96032,11.73847,3.611,0.23398,82.52989,-4.207028,0.097847,0.4158,,,,,,,,,,,,-6.69162,10.05938,-0.98312,50,5.92905,4.19342,-131.64201,-3.20395,-11.70147,28.85739,-14.58352,BOC_EAG,BOC_EAG,HarringtonVillage,TeamExclusive,Team,20260115-HarringtonVillage-Private-1,63529a40-f262-11f0-99a1-27b08f981295,90.65049,,,8.09262,,,,,,,,,
126,2026-01-15,35:05.4,4,2,"Mitchell, John",815503,Right,BOC_EAG,"Surowiec, Danny",831970,Left,BOC_EAG,Undefined,4,Top,1,0,1,Curveball,Slider,StrikeCalled,Undefined,Undefined,Undefined,0,0,,84.1591,0.105814,-1.536737,2544.344754,130.703353,10:15,6.13497,1.19828,5.56095,-38.81026,1.72878,-0.31772,2.99968,-0.26424,76.06521,-7.041215,-1.59345,0.458256,,,,,,,,,,,,-0.33886,1.2985,-1.0654,50,6.11894,3.28593,-121.97902,-1.14716,-0.50244,27.55229,-30.24878,BOC_EAG,BOC_EAG,HarringtonVillage,TeamExclusive,Team,20260115-HarringtonVillage-Private-1,70b0b0f0-f262-11f0-99a1-27b08f981295,82.25193,,,8.0939,,,,,,,,,
127,2026-01-15,35:26.0,4,3,"Mitchell, John",815503,Right,BOC_EAG,"Surowiec, Danny",831970,Left,BOC_EAG,Undefined,4,Top,1,0,2,Curveball,Slider,BallCalled,Undefined,Undefined,Undefined,0,0,,83.56693,-2.414577,-2.986763,2698.608124,68.644524,8:15,6.18721,1.38048,5.56432,-40.42561,0.48346,-2.22244,0.55832,-1.59747,76.65978,-9.764341,-3.383435,0.460343,,,,,,,,,,,,0.23126,1.3698,-1.12113,50,5.95201,6.40593,-121.03564,-6.52905,0.34047,25.27904,-30.15729,BOC_EAG,BOC_EAG,HarringtonVillage,TeamExclusive,Team,20260115-HarringtonVillage-Private-1,7d148920-f262-11f0-99a1-27b08f981295,81.87907,,,6.90715,,,,,,,,,
128,2026-01-15,35:54.6,4,4,"Mitchell, John",815503,Right,BOC_EAG,"Surowiec, Danny",831970,Left,BOC_EAG,Undefined,4,Top,1,1,2,Curveball,Slider,BallCalled,Undefined,Undefined,Undefined,0,0,,83.50391,-3.118306,-1.821634,2661.174836,98.723589,9:15,6.1823,1.36169,5.60961,-38.96943,1.7526,-2.93437,0.01986,-0.58373,76.95347,-10.197181,-2.346813,0.459289,,,,,,,,,,,,0.97787,2.12197,-1.20396,50,5.88997,3.96572,-121.05199,-7.93721,1.44507,24.52844,-29.03824,BOC_EAG,BOC_EAG,HarringtonVillage,TeamExclusive,Team,20260115-HarringtonVillage-Private-1,8e2b8920-f262-11f0-99a1-27b08f981295,82.06692,,,6.55044,,,,,,,,,
129,2026-01-15,36:16.6,4,5,"Mitchell, John",815503,Right,BOC_EAG,"Surowiec, Danny",831970,Left,BOC_EAG,Undefined,4,Top,1,2,2,Fastball,Four-Seam,StrikeCalled,Strikeout,Undefined,Undefined,0,0,,92.66572,-2.972318,-1.719357,2419.380255,212.147256,1:00,5.86221,1.28894,6.58442,-11.92572,19.89237,11.84194,2.14092,0.69969,84.49901,-5.308738,0.433244,0.405984,,,,,,,,,,,,-6.69489,11.60981,-1.17559,50,5.65295,3.56086,-134.52792,-7.24382,-12.22939,30.06263,-10.96664,BOC_EAG,BOC_EAG,HarringtonVillage,TeamExclusive,Team,20260115-HarringtonVillage-Private-1,9b3194c0-f262-11f0-99a1-27b08f981295,92.84225,,,8.1667,,,,,,,,,
130,2026-01-15,36:57.0,5,1,"Mitchell, John",815503,Right,BOC_EAG,"Williams, Ben",831962,Right,BOC_EAG,Undefined,4,Top,2,0,0,Slider,Slider,StrikeCalled,Undefined,Undefined,Undefined,0,0,,85.65645,0.836408,-1.807241,2570.298544,100.532585,9:15,5.39233,1.84336,5.56498,-36.9012,1.64205,-2.40874,3.09903,-0.04622,78.45333,-5.934875,-2.236759,0.446833,,,,,,,,,,,,0.71339,0.97697,-1.68584,50,5.44031,4.02561,-124.33935,0.48804,1.11701,24.89458,-30.64438,BOC_EAG,BOC_EAG,HarringtonVillage,TeamExclusive,Team,20260115-HarringtonVillage-Private-1,b356eaa0-f262-11f0-99a1-27b08f981295,84.35457,,,7.20312,,,,,,,,,
131,2026-01-15,37:18.4,5,2,"Mitchell, John",815503,Right,BOC_EAG,"Williams, Ben",831962,Right,BOC_EAG,Undefined,4,Top,2,0,1,Slider,Slider,BallCalled,Undefined,Undefined,Undefined,0,0,,85.85346,-0.616197,-3.002459,2627.62397,102.882361,9:30,5.36711,1.82322,5.56344,-36.00703,2.62028,-5.98937,1.79006,-1.48339,78.51314,-7.210673,-4.069028,0.44732,,,,,,,,,,,,2.13831,1.90756,-1.56,50,5.2904,6.78359,-124.4507,-2.63262,3.3365,26.15962,-29.19759,BOC_EAG,BOC_EAG,HarringtonVillage,TeamExclusive,Team,20260115-HarringtonVillage-Private-1,c00930f0-f262-11f0-99a1-27b08f981295,84.26277,,,7.34032,,,,,,,,,
132,2026-01-15,37:35.5,5,3,"Mitchell, John",815503,Right,BOC_EAG,"Williams, Ben",831962,Right,BOC_EAG,Undefined,4,Top,2,1,1,Slider,Slider,FoulBallNotFieldable,Undefined,Undefined,Undefined,0,0,,84.74967,0.683583,-1.367192,2686.018239,106.007891,9:30,5.30434,1.99376,5.57411,-36.95238,2.09744,-3.40819,2.86367,0.43251,78.21961,-6.083147,-1.975317,0.44976,88.9165,64.255775,48.80915,5046.649972,,,,,48.63658,,,1.38713,1.19378,-1.8737,50,5.33869,3.07824,-123.17364,0.16811,2.14677,22.77156,-30.32649,BOC_EAG,BOC_EAG,HarringtonVillage,TeamExclusive,Team,20260115-HarringtonVillage-Private-1,ca46f4d0-f262-11f0-99a1-27b08f981295,83.80566,117.18844,,6.53006,,,,1.7071,1.94469,-1.25362,,,
133,2026-01-15,38:19.0,5,4,"Mitchell, John",815503,Right,BOC_EAG,"Williams, Ben",831962,Right,BOC_EAG,Undefined,4,Top,2,1,2,Curveball,Slider,BallCalled,Undefined,Undefined,Undefined,0,0,,84.07965,-3.683744,-1.774932,2708.564842,113.831174,9:45,6.21016,1.2039,5.55274,-38.09502,2.11288,-1.9276,-0.41291,-0.61575,77.69482,-10.580661,-2.119707,0.456381,,,,,,,,,,,,0.48917,2.40441,-1.04904,50,5.86553,3.85165,-121.84575,-9.17005,0.73395,24.37635,-28.5664,BOC_EAG,BOC_EAG,HarringtonVillage,TeamExclusive,Team,20260115-HarringtonVillage-Private-1,e42b38c0-f262-11f0-99a1-27b08f981295,82.58991,,,6.38483,,,,,,,,,
134,2026-01-15,38:43.9,5,5,"Mitchell, John",815503,Right,BOC_EAG,"Williams, Ben",831962,Right,BOC_EAG,Undefined,4,Top,2,2,2,Fastball,Four-Seam,FoulBallNotFieldable,Undefined,Undefined,Undefined,0,0,,93.00102,-2.56927,-2.284375,2387.231053,211.513852,1:00,5.90877,1.3038,6.51092,-14.10387,17.96493,10.29418,2.37224,0.06423,83.79524,-5.322333,-0.416495,0.40758,77.83135,10.577859,169.757774,2616.005096,,,,77.71906,45.33939,173.872437,0.723664,-5.97359,10.47579,-1.14746,50,5.72235,4.91646,-134.75605,-6.36934,-10.82852,33.15764,-13.18423,BOC_EAG,BOC_EAG,HarringtonVillage,TeamExclusive,Team,20260115-HarringtonVillage-Private-1,f2e89150-f262-11f0-99a1-27b08f981295,92.4787,5.42874,,9.20578,,,,0.75498,2.2169,-0.15221,,,
135,2026-01-15,39:11.4,5,6,"Mitchell, John",815503,Right,BOC_EAG,"Williams, Ben",831962,Right,BOC_EAG,Undefined,4,Top,2,2,2,Fastball,Four-Seam,StrikeSwinging,Strikeout,Undefined,Undefined,0,0,,93.53855,-2.279193,-2.53571,2416.358788,213.618714,1:00,5.88031,1.35978,6.59077,-12.07477,19.09962,12.02627,2.78255,0.03703,85.32682,-4.642595,-0.35107,0.401856,,,,,,,,,,,,-7.01048,10.97186,-1.19077,50,5.71872,5.52467,-135.81593,-5.67796,-13.07229,30.21613,-11.71503,BOC_EAG,BOC_EAG,HarringtonVillage,TeamExclusive,Team,20260115-HarringtonVillage-Private-1,03630330-f263-11f0-99a1-27b08f981295,93.79592,,,8.21173,,,,,,,,,
136,2026-01-15,42:11.6,1,1,"Burnham, Jacob",831497,Left,BOC_EAG,"Gallo, Luke",10126155,Right,BOC_EAG,Undefined,4,Bottom,0,0,0,Fastball,Changeup,StrikeCalled,Undefined,Undefined,Undefined,0,0,,83.5956,-1.485884,2.492474,1823.928195,148.633777,11:00,5.76734,-2.11722,6.22593,-30.51037,9.28666,-4.84107,1.85226,-0.21951,76.19289,-7.191572,1.618291,0.454043,,,,,,,,,,,,3.23984,5.6826,1.9331,50,5.64126,-5.09133,-121.27071,-4.0648,4.78848,25.38058,-23.77516,BOC_EAG,BOC_EAG,HarringtonVillage,TeamExclusive,Team,20260115-HarringtonVillage-Private-1,6ee6d0f0-f263-11f0-99a1-27b08f981295,83.01519,,,7.4027,,,,,,,,,
137,2026-01-15,42:25.6,1,2,"Burnham, Jacob",831497,Left,BOC_EAG,"Gallo, Luke",10126155,Right,BOC_EAG,Undefined,4,Bottom,0,0,1,Fastball,Cutter,FoulBallNotFieldable,Undefined,Undefined,Undefined,0,0,,84.55029,-0.392181,1.92066,1954.736016,151.295062,11:00,5.83663,-2.03888,6.29246,-27.48155,11.23898,-5.44622,3.18491,-0.72221,76.92011,-5.571199,0.936053,0.44786,71.26488,38.057117,143.03948,3280.686188,,,,,43.74786,,,3.4041,6.3454,1.90008,50,5.79456,-3.90969,-122.77864,-1.64259,5.15847,25.95682,-22.55835,BOC_EAG,BOC_EAG,HarringtonVillage,TeamExclusive,Team,20260115-HarringtonVillage-Private-1,77363250-f263-11f0-99a1-27b08f981295,84.16125,30.10488,,7.63018,,,,0.17675,3.19227,0.58478,,,
138,2026-01-15,42:46.8,1,3,"Burnham, Jacob",831497,Left,BOC_EAG,"Gallo, Luke",10126155,Right,BOC_EAG,Undefined,4,Bottom,0,0,2,Slider,Curveball,StrikeSwinging,Strikeout,Undefined,Undefined,0,0,,74.42213,2.212186,-0.217086,2336.241603,297.432109,4:00,5.66105,-2.26156,5.5595,-54.32141,-3.17477,9.20414,3.20211,-1.69737,68.25206,-7.721792,1.425894,0.514731,,,,,,,,,,,,-4.67225,-1.65362,2.27429,50,5.81676,0.06247,-108.02489,2.43039,-5.51228,19.09259,-34.12499,BOC_EAG,BOC_EAG,HarringtonVillage,TeamExclusive,Team,20260115-HarringtonVillage-Private-1,83b35ee0-f263-11f0-99a1-27b08f981295,73.22751,,,6.17007,,,,,,,,,
139,2026-01-15,43:20.9,2,1,"Burnham, Jacob",831497,Left,BOC_EAG,"Malaret, Gabriel",10279876,Right,BOC_EAG,Undefined,4,Bottom,1,0,0,Slider,Curveball,StrikeCalled,Undefined,Undefined,Undefined,0,0,,73.71005,2.210455,0.729095,2323.846606,295.385496,3:45,5.66093,-2.26277,5.53922,-56.10877,-3.09012,10.53981,3.05236,-0.70298,66.65022,-8.087333,2.609163,0.524066,,,,,,,,,,,,-5.0139,-1.60803,2.19267,50,5.81628,-1.76081,-106.78871,2.33463,-5.68663,21.44669,-33.99783,BOC_EAG,BOC_EAG,HarringtonVillage,TeamExclusive,Team,20260115-HarringtonVillage-Private-1,98189f80-f263-11f0-99a1-27b08f981295,71.92313,,,7.05983,,,,,,,,,
140,2026-01-15,43:38.5,2,2,"Burnham, Jacob",831497,Left,BOC_EAG,"Malaret, Gabriel",10279876,Right,BOC_EAG,Undefined,4,Bottom,1,0,1,ChangeUp,Changeup,StrikeSwinging,Undefined,Undefined,Undefined,0,0,,76.30533,0.203361,2.383196,1170.362309,111.702752,9:45,5.60665,-2.34742,6.4303,-42.78526,4.83685,-7.92788,2.22828,-0.81647,69.25658,-7.80602,0.945541,0.496679,,,,,,,,,,,,4.84977,3.03059,2.18081,50,5.60268,-4.32946,-110.72111,-0.78834,5.93737,22.31207,-28.46384,BOC_EAG,BOC_EAG,HarringtonVillage,TeamExclusive,Team,20260115-HarringtonVillage-Private-1,a2951a10-f263-11f0-99a1-27b08f981295,75.88894,,,7.04875,,,,,,,,,
141,2026-01-15,44:00.3,2,3,"Burnham, Jacob",831497,Left,BOC_EAG,"Malaret, Gabriel",10279876,Right,BOC_EAG,Undefined,4,Bottom,1,0,2,ChangeUp,Changeup,BallCalled,Undefined,Undefined,Undefined,0,0,,77.7752,-0.673935,3.766385,1315.847921,92.050296,9:00,5.48708,-2.26808,6.43391,-43.72203,1.98827,-12.20371,1.22285,0.18131,71.04117,-8.8072,1.55524,0.486607,,,,,,,,,,,,7.53122,1.70744,2.00514,50,5.41972,-7.0086,-112.81074,-2.56244,9.61428,22.32055,-29.99434,BOC_EAG,BOC_EAG,HarringtonVillage,TeamExclusive,Team,20260115-HarringtonVillage-Private-1,afa44d70-f263-11f0-99a1-27b08f981295,77.45969,,,6.73402,,,,,,,,,
142,2026-01-15,44:20.0,2,4,"Burnham, Jacob",831497,Left,BOC_EAG,"Malaret, Gabriel",10279876,Right,BOC_EAG,Undefined,4,Bottom,1,1,2,Fastball,Cutter,BallCalled,Undefined,Undefined,Undefined,0,0,,84.67142,0.372652,2.672358,1956.122948,164.922368,11:30,5.88062,-2.10087,6.10317,-27.60891,10.85327,-2.61854,3.92488,0.15408,77.86194,-4.785821,2.201348,0.446363,,,,,,,,,,,,2.04059,5.86418,1.89666,50,5.89474,-5.63774,-122.9873,-0.04501,3.14525,22.9488,-23.13545,BOC_EAG,BOC_EAG,HarringtonVillage,TeamExclusive,Team,20260115-HarringtonVillage-Private-1,bb41ef70-f263-11f0-99a1-27b08f981295,84.44341,,,6.80948,,,,,,,,,
143,2026-01-15,44:41.6,2,5,"Burnham, Jacob",831497,Left,BOC_EAG,"Malaret, Gabriel",10279876,Right,BOC_EAG,Undefined,4,Bottom,1,2,2,ChangeUp,Changeup,BallCalled,Undefined,Undefined,Undefined,0,0,,77.73003,1.244306,2.026228,1107.326304,99.003452,9:15,5.63095,-2.12223,6.48725,-42.37042,3.50406,-11.75611,3.24336,-1.24087,70.23325,-6.712852,-0.107627,0.48748,,,,,,,,,,,,6.72221,1.99685,1.98427,50,5.70073,-3.56833,-112.7885,1.26233,8.52148,23.55917,-29.64273,BOC_EAG,BOC_EAG,HarringtonVillage,TeamExclusive,Team,20260115-HarringtonVillage-Private-1,c822bfd0-f263-11f0-99a1-27b08f981295,77.32094,,,7.49678,,,,,,,,,
144,2026-01-15,45:02.4,2,6,"Burnham, Jacob",831497,Left,BOC_EAG,"Malaret, Gabriel",10279876,Right,BOC_EAG,Undefined,4,Bottom,1,3,2,ChangeUp,Changeup,StrikeCalled,Strikeout,Undefined,Undefined,0,0,,78.01597,0.505986,2.266055,1229.789586,106.850781,9:30,5.64488,-2.18669,6.46237,-41.16085,4.20701,-8.73882,2.67994,-0.83242,70.9044,-7.203321,0.680585,0.484781,,,,,,,,,,,,5.22154,2.57276,2.02995,50,5.66311,-4.17011,-113.25223,-0.15676,6.70695,22.80775,-28.8694,BOC_EAG,BOC_EAG,HarringtonVillage,TeamExclusive,Team,20260115-HarringtonVillage-Private-1,d4962860-f263-11f0-99a1-27b08f981295,77.75148,,,7.11157,,,,,,,,,
145,2026-01-15,45:41.3,3,1,"Kipp, Kyle",822339,Right,BOC_EAG,"Hendrickson, Carter",830138,Right,BOC_EAG,Undefined,4,Bottom,2,0,0,Fastball,Cutter,StrikeSwinging,Undefined,Undefined,Undefined,0,0,,84.05621,-0.416087,2.621727,1938.733195,162.999413,11:30,5.86388,-2.08445,6.22879,-30.18584,8.7891,-2.32213,2.9641,0.14253,77.18878,-6.050944,2.202774,0.449329,,,,,,,,,,,,1.9113,5.05244,1.88966,50,5.81786,-5.50115,-122.08369,-1.80272,2.89114,23.52379,-24.53145,BOC_EAG,BOC_EAG,HarringtonVillage,TeamExclusive,Team,20260115-HarringtonVillage-Private-1,ebb7f0f0-f263-11f0-99a1-27b08f981295,83.88609,,,6.86743,,,,,,,,,
146,2026-01-15,45:59.9,3,2,"Burnham, Jacob",831497,Left,BOC_EAG,"Hendrickson, Carter",830138,Right,BOC_EAG,Undefined,4,Bottom,2,0,1,Slider,Curveball,StrikeCalled,Undefined,Undefined,Undefined,0,0,,74.19642,1.548535,0.178613,2334.147069,294.129485,3:45,5.74739,-2.29283,5.46413,-55.51735,-3.81795,12.18717,2.57065,-1.11006,68.1109,-8.571835,2.351773,0.517504,,,,,,,,,,,,-6.03882,-1.78461,2.26879,50,5.84615,-0.79745,-107.71315,1.11019,-7.06878,19.3454,-34.26302,BOC_EAG,BOC_EAG,HarringtonVillage,TeamExclusive,Team,20260115-HarringtonVillage-Private-1,f6f21630-f263-11f0-99a1-27b08f981295,72.835,,,6.08552,,,,,,,,,
147,2026-01-15,46:21.7,3,3,"Burnham, Jacob",831497,Left,BOC_EAG,"Hendrickson, Carter",830138,Right,BOC_EAG,Undefined,4,Bottom,2,0,2,Fastball,Cutter,StrikeSwinging,Strikeout,Undefined,Undefined,0,0,,84.29872,-0.140045,3.083292,1966.746145,161.181553,11:15,5.86204,-2.16774,6.27953,-29.59104,9.79087,-2.85303,3.26685,0.43916,76.05216,-5.717455,2.568519,0.451668,,,,,,,,,,,,2.45996,5.56717,1.94126,50,5.83769,-6.46695,-122.16356,-1.17651,3.65987,27.54806,-23.8914,BOC_EAG,BOC_EAG,HarringtonVillage,TeamExclusive,Team,20260115-HarringtonVillage-Private-1,03d3f800-f264-11f0-99a1-27b08f981295,83.45156,,,8.24656,,,,,,,,,
148,2026-01-15,50:09.2,1,1,"Kipp, Kyle",822339,Right,BOC_EAG,"Wang, Nick",813482,Right,BOC_EAG,Undefined,5,Top,0,0,0,Sinker,Four-Seam,BallCalled,Undefined,Undefined,Undefined,0,0,,91.10031,-1.22024,-5.005484,2093.277041,229.673442,1:45,5.65688,2.1796,5.55491,-18.54328,15.72871,17.22406,2.96693,-1.07391,83.09685,-4.704908,-1.949692,0.421348,,,,,,,,,,,,-10.00674,8.59619,-1.75734,50,5.53891,10.7542,-131.7981,-3.42842,-17.63562,27.50357,-17.02434,BOC_EAG,BOC_EAG,HarringtonVillage,TeamExclusive,Team,20260115-HarringtonVillage-Private-1,8b62e150-f264-11f0-99a1-27b08f981295,89.45679,,,8.00346,,,,,,,,,
149,2026-01-15,50:23.7,1,2,"Kipp, Kyle",822339,Right,BOC_EAG,"Wang, Nick",813482,Right,BOC_EAG,Undefined,5,Top,0,1,0,Sweeper,Curveball,BallCalled,Undefined,Undefined,Undefined,0,0,,80.13621,-0.033935,-3.098494,1920.848717,64.937221,8:15,5.25819,2.23645,5.586,-48.91932,-4.48453,-12.68127,1.14985,-1.71657,73.45099,-8.935422,-5.358464,0.47977,,,,,,,,,,,,5.45705,-1.78732,-1.96181,50,5.22367,6.79202,-116.17636,-1.74542,7.38897,23.65039,-34.59412,BOC_EAG,BOC_EAG,HarringtonVillage,TeamExclusive,Team,20260115-HarringtonVillage-Private-1,941daeb0-f264-11f0-99a1-27b08f981295,78.56358,,,6.68522,,,,,,,,,
150,2026-01-15,50:43.3,1,3,"Kipp, Kyle",822339,Right,BOC_EAG,"Wang, Nick",813482,Right,BOC_EAG,Undefined,5,Top,0,2,0,Sinker,Sinker,BallCalled,Undefined,Undefined,Undefined,0,0,,91.08207,-1.235913,-5.379113,2159.064146,243.010868,2:00,5.77637,2.25772,5.65946,-22.66934,11.99926,21.05265,2.72945,-1.01889,81.97209,-5.490082,-1.637549,0.423779,,,,,,,,,,,,-12.26032,6.83697,-1.81449,50,5.65727,11.4134,-131.52669,-3.62243,-21.20018,31.24948,-20.35177,BOC_EAG,BOC_EAG,HarringtonVillage,TeamExclusive,Team,20260115-HarringtonVillage-Private-1,9fb66eb0-f264-11f0-99a1-27b08f981295,88.94363,,,9.10999,,,,,,,,,
151,2026-01-15,50:59.1,1,4,"Kipp, Kyle",822339,Right,BOC_EAG,"Wang, Nick",813482,Right,BOC_EAG,Undefined,5,Top,0,3,0,Sinker,Sinker,BallCalled,Walk,Undefined,Undefined,0,0,,90.76172,-1.960091,-4.661268,2134.335677,241.123042,2:00,5.62636,1.92319,5.97449,-23.14356,11.66544,18.6404,1.87391,-0.85416,81.04175,-6.338331,-1.322538,0.424636,,,,,,,,,,,,-11.07646,7.05851,-1.56345,50,5.45819,9.85408,-131.07503,-5.24349,-18.80892,33.88382,-20.18802,BOC_EAG,BOC_EAG,HarringtonVillage,TeamExclusive,Team,20260115-HarringtonVillage-Private-1,a94b6f70-f264-11f0-99a1-27b08f981295,88.76405,,,9.71997,,,,,,,,,
152,2026-01-15,51:37.3,2,1,"Kipp, Kyle",822339,Right,BOC_EAG,"Toomey, Jack",809057,Right,BOC_EAG,Undefined,5,Top,0,0,0,Sinker,Sinker,StrikeCalled,Undefined,Undefined,Undefined,0,0,,93.43352,-1.712835,-4.540305,2158.531352,246.265645,2:15,5.61219,2.36286,5.69391,-20.95308,11.91257,24.32655,2.26435,0.14993,84.0625,-5.65562,-0.203747,0.412613,,,,,,,,,,,,-13.68194,6.93949,-1.99568,50,5.455,9.58104,-135.08045,-4.77358,-24.91705,33.36339,-19.5361,BOC_EAG,BOC_EAG,HarringtonVillage,TeamExclusive,Team,20260115-HarringtonVillage-Private-1,bfe6c9f0-f264-11f0-99a1-27b08f981295,91.35066,,,9.37102,,,,,,,,,
153,2026-01-15,51:56.2,2,2,"Kipp, Kyle",822339,Right,BOC_EAG,"Toomey, Jack",809057,Right,BOC_EAG,Undefined,5,Top,0,0,1,Sinker,Sinker,BallCalled,Undefined,Undefined,Undefined,0,0,,90.91591,-2.017455,-6.37595,1985.077851,255.836752,2:30,5.57004,2.29711,5.74089,-26.88096,7.68343,25.6573,1.43901,-1.52615,82.49382,-7.003335,-1.816434,0.423142,,,,,,,,,,,,-14.82229,4.87256,-1.78013,50,5.38483,13.50248,-131.17274,-5.60511,-25.68353,29.16726,-23.73107,BOC_EAG,BOC_EAG,HarringtonVillage,TeamExclusive,Team,20260115-HarringtonVillage-Private-1,cb2b4f70-f264-11f0-99a1-27b08f981295,89.07758,,,8.42209,,,,,,,,,
154,2026-01-15,52:17.0,2,3,"Kipp, Kyle",822339,Right,BOC_EAG,"Toomey, Jack",809057,Right,BOC_EAG,Undefined,5,Top,0,1,1,Sweeper,Curveball,BallCalled,Undefined,Undefined,Undefined,0,0,,79.25259,2.740726,-2.490275,1831.067255,63.493182,8:00,5.30617,2.49781,5.41083,-51.50286,-5.22733,-13.83253,3.58637,-0.98945,71.40478,-6.680652,-4.944052,0.489607,,,,,,,,,,,,6.06965,-3.00799,-2.26636,50,5.51479,5.55212,-114.6521,3.69939,7.91843,25.13081,-36.09826,BOC_EAG,BOC_EAG,HarringtonVillage,TeamExclusive,Team,20260115-HarringtonVillage-Private-1,d7b1a3c0-f264-11f0-99a1-27b08f981295,76.98516,,,7.84781,,,,,,,,,
155,2026-01-15,52:38.2,2,4,"Kipp, Kyle",822339,Right,BOC_EAG,"Toomey, Jack",809057,Right,BOC_EAG,Undefined,5,Top,0,2,1,Sinker,Sinker,BallCalled,Undefined,Undefined,Undefined,0,0,,92.55701,-3.155777,-4.990149,2161.968535,244.627704,2:15,5.69644,2.41048,5.62183,-21.9043,11.61209,21.96194,0.91194,-0.42793,83.86153,-7.241535,-1.083149,0.416678,,,,,,,,,,,,-12.60847,7.19008,-1.99835,50,5.41224,10.66172,-133.65044,-8.16464,-22.60475,31.17432,-19.2835,BOC_EAG,BOC_EAG,HarringtonVillage,TeamExclusive,Team,20260115-HarringtonVillage-Private-1,e46067a0-f264-11f0-99a1-27b08f981295,90.45948,,,8.69548,,,,,,,,,
156,2026-01-15,52:59.6,2,5,"Kipp, Kyle",822339,Right,BOC_EAG,"Toomey, Jack",809057,Right,BOC_EAG,Undefined,5,Top,0,3,1,Sinker,Sinker,StrikeCalled,Undefined,Undefined,Undefined,0,0,,93.03591,-0.978833,-3.773449,2092.11812,250.942359,2:15,5.66802,2.37803,5.74358,-24.23119,8.81918,21.99678,2.73533,0.69268,83.67578,-5.513645,0.156895,0.41377,,,,,,,,,,,,-12.29595,5.16516,-2.07703,50,5.57194,7.85324,-134.65696,-3.16891,-22.22011,33.54876,-22.84003,BOC_EAG,BOC_EAG,HarringtonVillage,TeamExclusive,Team,20260115-HarringtonVillage-Private-1,f1028150-f264-11f0-99a1-27b08f981295,91.09505,,,9.36013,,,,,,,,,
157,2026-01-15,53:21.5,2,6,"Kipp, Kyle",822339,Right,BOC_EAG,"Toomey, Jack",809057,Right,BOC_EAG,Undefined,5,Top,0,3,2,Sinker,Sinker,FoulBallNotFieldable,Undefined,Undefined,Undefined,1,0,,93.6467,-1.601208,-4.437555,2172.170318,251.970286,2:30,5.6644,2.38215,5.70189,-23.55474,8.56028,23.21674,2.20464,0.17371,85.81185,-5.96731,-0.296674,0.407874,,,,,,,,,,,,-13.05347,5.07666,-2.02435,50,5.51499,9.49526,-135.71081,-4.66152,-24.43118,28.70567,-22.67246,BOC_EAG,BOC_EAG,HarringtonVillage,TeamExclusive,Team,20260115-HarringtonVillage-Private-1,fe129f10-f264-11f0-99a1-27b08f981295,92.41208,,,7.83485,,,,,,,,,
158,2026-01-15,54:35.7,2,7,"Kipp, Kyle",822339,Right,BOC_EAG,"Toomey, Jack",809057,Right,BOC_EAG,Undefined,5,Top,1,3,2,Sinker,Sinker,BallCalled,Walk,Undefined,Undefined,0,0,,93.16842,-3.413694,-5.002827,2170.09932,240.616241,2:00,5.61753,2.15672,5.93438,-21.02537,11.19886,18.11966,0.68253,-0.98644,85.70625,-7.326782,-1.761697,0.408566,,,,,,,,,,,,-10.55284,6.93717,-1.76653,50,5.33182,10.99993,-134.75568,-8.78175,-19.53666,27.4157,-19.33117,BOC_EAG,BOC_EAG,HarringtonVillage,TeamExclusive,Team,20260115-HarringtonVillage-Private-1,2a3524f0-f265-11f0-99a1-27b08f981295,92.25536,,,7.46217,,,,,,,,,
159,2026-01-15,55:16.5,3,1,"Kipp, Kyle",822339,Right,BOC_EAG,"Gonzalez, Cesar",831498,Right,BOC_EAG,Undefined,5,Top,1,0,0,ChangeUp,Changeup,BallCalled,Undefined,Undefined,Undefined,0,0,,79.7842,1.59074,-4.001207,1600.864556,238.019567,2:00,5.50091,2.30875,5.91613,-33.26844,11.29985,15.55489,4.20882,-0.11439,71.88914,-4.646223,-1.21837,0.48049,,,,,,,,,,,,-9.12965,5.75902,-1.99612,50,5.61009,7.46392,-115.4457,2.22257,-12.16934,23.96269,-24.4976,BOC_EAG,BOC_EAG,HarringtonVillage,TeamExclusive,Team,20260115-HarringtonVillage-Private-1,42927ac0-f265-11f0-99a1-27b08f981295,78.44584,,,7.89505,,,,,,,,,
160,2026-01-15,55:58.3,3,2,"Kipp, Kyle",822339,Right,BOC_EAG,"Gonzalez, Cesar",831498,Right,BOC_EAG,Undefined,5,Top,1,1,0,ChangeUp,Changeup,StrikeSwinging,Undefined,Undefined,Undefined,0,0,,78.8515,-0.37145,-4.007582,1399.543485,281.609563,3:30,5.47229,2.28286,6.04906,-47.18188,-1.8278,16.71072,1.19575,-0.0406,71.68178,-9.077954,-1.001179,0.484707,,,,,,,,,,,,-9.86709,-0.33583,-1.97938,50,5.41831,7.3851,-114.2444,-2.21041,-12.85876,23.78644,-32.61167,BOC_EAG,BOC_EAG,HarringtonVillage,TeamExclusive,Team,20260115-HarringtonVillage-Private-1,5ba3de50-f265-11f0-99a1-27b08f981295,77.76331,,,7.16972,,,,,,,,,
161,2026-01-15,56:59.9,3,3,"Kipp, Kyle",822339,Right,BOC_EAG,"Gonzalez, Cesar",831498,Right,BOC_EAG,Undefined,5,Top,1,1,1,Sinker,Sinker,InPlay,Undefined,GroundBall,Out,1,0,,92.4471,-2.255102,-4.436653,2117.818948,251.829552,2:30,5.72871,2.28473,5.68339,-25.11848,8.47689,22.0571,1.52608,-0.02094,83.37389,-6.931147,-0.50278,0.417168,62.59854,-61.551812,-18.495458,,,,,1.31987,1.31987,-9.445591,0.017577,-12.63615,5.38201,-1.92473,50,5.52266,9.37102,-133.64759,-6.17871,-22.5152,32.79662,-22.58436,BOC_EAG,BOC_EAG,HarringtonVillage,TeamExclusive,Team,20260115-HarringtonVillage-Private-1,8052bcd0-f265-11f0-99a1-27b08f981295,90.35313,1.42264,,9.07321,,,,0.57102,1.42264,0.0279,,,
162,2026-01-15,57:41.0,4,1,"Kipp, Kyle",822339,Right,BOC_EAG,"Martinez, Sean",836306,Right,BOC_EAG,Undefined,5,Top,2,0,0,Sinker,Sinker,BallCalled,Undefined,Undefined,Undefined,0,0,,91.59686,-1.586393,-5.079799,2063.295163,249.022022,2:15,5.66859,2.13637,5.58943,-24.73442,9.39697,21.41009,2.11987,-0.83522,83.05497,-6.181583,-1.274993,0.420483,,,,,,,,,,,,-12.26985,5.57961,-1.71331,50,5.51598,10.78428,-132.40739,-4.57192,-21.63987,29.99763,-22.33351,BOC_EAG,BOC_EAG,HarringtonVillage,TeamExclusive,Team,20260115-HarringtonVillage-Private-1,98c8a3b0-f265-11f0-99a1-27b08f981295,89.64083,,,8.54189,,,,,,,,,
163,2026-01-15,57:57.3,4,2,"Kipp, Kyle",822339,Right,BOC_EAG,"Martinez, Sean",836306,Right,BOC_EAG,Undefined,5,Top,2,1,0,Sinker,Sinker,InPlay,Undefined,LineDrive,Single,0,1,,90.9792,-1.099733,-3.991659,2155.040777,236.371146,2:00,5.70411,2.21284,5.69259,-20.25454,14.05965,19.37989,2.98871,0.10175,82.53534,-4.91219,-0.535648,0.421608,86.86699,9.696095,-1.933871,1537.961639,109.94704,10.5056,3.39318,174.1022,173.82729,3.972145,1.717875,-11.03465,7.80886,-1.88938,50,5.59902,8.33726,-131.77541,-3.20434,-19.28705,29.56466,-18.52522,BOC_EAG,BOC_EAG,HarringtonVillage,TeamExclusive,Team,20260115-HarringtonVillage-Private-1,a278a680-f265-11f0-99a1-27b08f981295,89.4017,11.13356,,8.44386,,,,0.50053,2.93536,-0.09078,,,
164,2026-01-15,59:23.2,5,1,"Kipp, Kyle",822339,Right,BOC_EAG,"Solier, Julio",827632,Right,BOC_EAG,Undefined,5,Top,2,0,0,ChangeUp,Changeup,StrikeCalled,Undefined,Undefined,Undefined,0,0,,79.75902,0.655262,-4.733694,1517.727742,273.616625,3:00,5.48245,2.37499,5.93267,-44.22223,0.59244,16.96615,2.40731,-0.61295,71.86864,-7.532517,-1.696681,0.481816,,,,,,,,,,,,-10.18414,0.62331,-2.00551,50,5.51052,8.89015,-115.33814,-0.08724,-13.47446,25.01324,-31.34934,BOC_EAG,BOC_EAG,HarringtonVillage,TeamExclusive,Team,20260115-HarringtonVillage-Private-1,d5b62c70-f265-11f0-99a1-27b08f981295,78.2299,,,7.89038,,,,,,,,,
165,2026-01-15,59:44.6,5,2,"Kipp, Kyle",822339,Right,BOC_EAG,"Solier, Julio",827632,Right,BOC_EAG,Undefined,5,Top,2,0,1,ChangeUp,Changeup,StrikeSwinging,Undefined,Undefined,Undefined,0,0,,78.86684,-0.20225,-2.835143,1381.905026,280.763444,3:15,5.44084,2.25286,5.85105,-45.90286,-0.7113,11.46339,1.42745,0.57161,72.29814,-8.633142,-0.777859,0.483838,,,,,,,,,,,,-6.68485,0.14394,-2.02904,50,5.39763,5.23711,-114.45064,-1.87274,-8.82571,22.0378,-31.98403,BOC_EAG,BOC_EAG,HarringtonVillage,TeamExclusive,Team,20260115-HarringtonVillage-Private-1,e2874560-f265-11f0-99a1-27b08f981295,77.90299,,,6.5687,,,,,,,,,
166,2026-01-15,00:07.9,5,3,"Kipp, Kyle",822339,Right,BOC_EAG,"Solier, Julio",827632,Right,BOC_EAG,Undefined,5,Top,2,0,2,ChangeUp,Changeup,StrikeSwinging,Strikeout,Undefined,Undefined,0,0,,81.45594,-0.84924,-3.894585,1434.025656,272.229443,3:00,5.58078,2.21291,5.70911,-42.39081,0.90661,18.27595,1.25511,0.10184,73.54425,-8.654539,-0.627297,0.47359,,,,,,,,,,,,-10.60627,1.19961,-1.89793,50,5.48337,7.29731,-117.8776,-3.16569,-14.63307,26.4707,-30.51898,BOC_EAG,BOC_EAG,HarringtonVillage,TeamExclusive,Team,20260115-HarringtonVillage-Private-1,f0620620-f265-11f0-99a1-27b08f981295,79.58876,,,7.91169,,,,,,,,,
167,2026-01-15,03:29.5,1,1,"Spada, Matthew",831965,Left,BOC_EAG,"Larson, Colin",831502,Left,BOC_EAG,Undefined,5,Bottom,0,0,0,Fastball,Four-Seam,StrikeCalled,Undefined,Undefined,Undefined,0,0,,86.9593,-2.414212,2.692661,2001.774321,153.414515,11:00,6.53935,-1.42742,5.65761,-16.4469,21.92104,-10.18851,2.91354,0.23647,77.4433,-5.604926,0.87456,0.445816,,,,,,,,,,,,6.05571,12.35005,1.20569,50,6.32467,-5.45479,-125.65713,-5.72821,9.42844,31.68265,-12.94561,BOC_EAG,BOC_EAG,HarringtonVillage,TeamExclusive,Team,20260115-HarringtonVillage-Private-1,6868ccd0-f266-11f0-99a1-27b08f981295,84.54709,,,9.51599,,,,,,,,,
168,2026-01-15,03:45.5,1,2,"Spada, Matthew",831965,Left,BOC_EAG,"Larson, Colin",831502,Left,BOC_EAG,Undefined,5,Bottom,0,0,1,Curveball,Curveball,InPlay,Undefined,Popup,Out,1,0,,75.94081,1.160852,2.074351,1863.414188,321.957501,4:45,6.41177,-1.57487,5.28295,-50.12121,0.11374,1.28953,3.32603,0.48148,68.93353,-7.992782,2.303186,0.510123,,,,,,,,,,,,0.01189,0.15831,1.38468,50,6.48096,-4.03482,-110.02346,0.57165,0.01438,22.03134,-31.98268,BOC_EAG,BOC_EAG,HarringtonVillage,TeamExclusive,Team,20260115-HarringtonVillage-Private-1,721218e0-f266-11f0-99a1-27b08f981295,73.88899,,,7.00729,,,,,,,,,
169,2026-01-15,04:30.2,2,1,"Spada, Matthew",831965,Left,BOC_EAG,"Mainolfi, Ty",1000275825,Right,BOC_EAG,Undefined,5,Bottom,1,0,0,Curveball,Curveball,InPlay,Undefined,FlyBall,Double,0,0,,74.54048,0.653591,2.056736,1914.533108,8.305447,6:15,6.45931,-1.59101,5.00587,-58.01247,-5.57536,-1.07095,2.24231,0.26202,68.23628,-9.813305,1.867343,0.521184,93.24539,28.321987,-23.679999,4356.134635,95.97712,54.51706,-53.74332,314.31671,286.81613,-39.752267,4.644499,1.1585,-2.4604,1.39439,50,6.47497,-3.83811,-108.04163,-0.76155,1.35671,20.44511,-35.05545,BOC_EAG,BOC_EAG,HarringtonVillage,TeamExclusive,Team,20260115-HarringtonVillage-Private-1,8cc06390-f266-11f0-99a1-27b08f981295,72.32084,69.92211,,6.3042,,,,0.72383,2.16465,-0.23544,,,
170,2026-01-15,05:41.9,3,1,"Spada, Matthew",831965,Left,BOC_EAG,"Garcia, Esteban",822341,Left,BOC_EAG,Undefined,5,Bottom,1,0,0,Curveball,Curveball,BallCalled,Undefined,Undefined,Undefined,0,0,,74.12539,-0.193063,2.134758,1991.015743,328.174239,5:00,6.51327,-1.58338,5.08401,-59.24578,-6.03973,4.90937,1.39402,0.83885,67.71107,-10.878388,3.004765,0.524991,,,,,,,,,,,,-1.7511,-2.41032,1.3772,50,6.44833,-4.19234,-107.38301,-2.36593,-2.0119,21.3755,-34.94331,BOC_EAG,BOC_EAG,HarringtonVillage,TeamExclusive,Team,20260115-HarringtonVillage-Private-1,b77a58c0-f266-11f0-99a1-27b08f981295,71.79634,,,6.41432,,,,,,,,,
171,2026-01-15,06:02.0,3,2,"Spada, Matthew",831965,Left,BOC_EAG,"Garcia, Esteban",822341,Left,BOC_EAG,Undefined,5,Bottom,1,1,0,Curveball,Curveball,BallCalled,Undefined,Undefined,Undefined,0,0,,75.59373,-1.210033,2.028319,1981.110765,324.426066,4:45,6.47023,-1.67974,5.0502,-56.71381,-5.13622,5.04563,0.60193,0.65458,68.72557,-11.429237,2.922824,0.516894,,,,,,,,,,,,-1.82406,-1.66595,1.48223,50,6.30964,-4.07187,-109.40834,-4.25846,-2.16011,23.44124,-34.14691,BOC_EAG,BOC_EAG,HarringtonVillage,TeamExclusive,Team,20260115-HarringtonVillage-Private-1,c3707b00-f266-11f0-99a1-27b08f981295,72.92095,,,6.86816,,,,,,,,,
172,2026-01-15,06:47.2,3,3,"Spada, Matthew",831965,Left,BOC_EAG,"Garcia, Esteban",822341,Left,BOC_EAG,Undefined,5,Bottom,1,2,0,Fastball,Four-Seam,StrikeCalled,Undefined,Undefined,Undefined,0,0,,85.60259,-3.802113,1.828684,1986.366161,162.135753,11:30,6.59472,-1.57709,5.74922,-14.78434,24.58702,-7.41615,1.81604,-0.49208,76.60789,-6.68754,0.501957,0.451608,,,,,,,,,,,,4.3452,14.18162,1.42952,50,6.26951,-3.62513,-123.66592,-8.55602,6.57835,29.80828,-10.704,BOC_EAG,BOC_EAG,HarringtonVillage,TeamExclusive,Team,20260115-HarringtonVillage-Private-1,de4b7b00-f266-11f0-99a1-27b08f981295,83.46275,,,8.9947,,,,,,,,,
173,2026-01-15,07:08.3,3,4,"Spada, Matthew",831965,Left,BOC_EAG,"Garcia, Esteban",822341,Left,BOC_EAG,Undefined,5,Bottom,1,2,1,Curveball,Curveball,BallCalled,Undefined,Undefined,Undefined,0,0,,75.92007,2.080286,1.608462,1982.924698,329.923512,5:00,6.49174,-1.56696,5.26901,-54.55093,-4.37016,3.52374,3.90158,0.238,69.01856,-7.85656,2.233632,0.509847,,,,,,,,,,,,-1.24728,-2.22469,1.41726,50,6.64236,-3.22967,-109.99716,2.13407,-1.51178,21.46311,-34.87051,BOC_EAG,BOC_EAG,HarringtonVillage,TeamExclusive,Team,20260115-HarringtonVillage-Private-1,eaede2d0-f266-11f0-99a1-27b08f981295,73.92888,,,6.9015,,,,,,,,,
174,2026-01-15,07:27.3,3,5,"Spada, Matthew",831965,Left,BOC_EAG,"Garcia, Esteban",822341,Left,BOC_EAG,Undefined,5,Bottom,1,3,1,Fastball,Changeup,InPlay,Undefined,FlyBall,Out,1,0,,84.39825,-1.25026,1.94842,2018.481364,155.461605,11:15,6.52459,-1.49858,5.72604,-20.52056,19.4717,-8.23201,3.64923,-0.36918,76.19354,-5.155503,0.47638,0.455155,95.85682,25.09142,2.66223,1274.420216,109.98789,46.56166,-1.62189,335.03765,327.00708,-8.066361,4.106091,4.8261,10.73064,1.34121,50,6.40795,-3.82637,-122.33615,-3.26126,7.21311,27.23625,-16.13601,BOC_EAG,BOC_EAG,HarringtonVillage,TeamExclusive,Team,20260115-HarringtonVillage-Private-1,f63611d0-f266-11f0-99a1-27b08f981295,82.8123,59.19129,,8.20471,,,,1.93535,3.76867,0.37222,,,
175,2026-01-15,08:18.5,4,1,"Spada, Matthew",831965,Left,BOC_EAG,"Roossien, Jace",831501,Right,BOC_EAG,Undefined,5,Bottom,2,0,0,Curveball,Curveball,StrikeCalled,Undefined,Undefined,Undefined,0,0,,75.43802,0.760987,1.587811,1906.936164,315.046894,4:30,6.41507,-1.68411,5.15618,-55.56684,-4.57193,6.29748,2.50115,0.3357,68.87482,-9.308683,2.704272,0.513966,,,,,,,,,,,,-2.62949,-1.95028,1.53082,50,6.44377,-3.28066,-109.3538,-0.45158,-3.14822,21.30784,-34.50906,BOC_EAG,BOC_EAG,HarringtonVillage,TeamExclusive,Team,20260115-HarringtonVillage-Private-1,14cce150-f267-11f0-99a1-27b08f981295,73.33638,,,6.5632,,,,,,,,,
176,2026-01-15,08:35.9,4,2,"Spada, Matthew",831965,Left,BOC_EAG,"Roossien, Jace",831501,Right,BOC_EAG,Undefined,5,Bottom,2,0,1,Fastball,Four-Seam,FoulBallNotFieldable,Undefined,Undefined,Undefined,0,0,,86.53245,-2.398178,1.887145,2020.748173,163.195864,11:30,6.43122,-1.77054,5.84651,-14.32076,24.06639,-6.8017,3.00676,-0.58305,77.14472,-5.218688,0.668335,0.445928,,,,,,,,,,,,4.13866,13.5652,1.62101,50,6.22796,-3.83793,-125.20074,-5.57231,6.3961,31.48451,-11.20973,BOC_EAG,BOC_EAG,HarringtonVillage,TeamExclusive,Team,20260115-HarringtonVillage-Private-1,1f2cd330-f267-11f0-99a1-27b08f981295,84.52593,,,9.38773,,,,,,,,,
177,2026-01-15,09:00.8,4,3,"Spada, Matthew",831965,Left,BOC_EAG,"Roossien, Jace",831501,Right,BOC_EAG,Undefined,5,Bottom,2,0,2,Fastball,Four-Seam,BallCalled,Undefined,Undefined,Undefined,0,0,,88.29056,-0.682945,2.025018,1941.874104,176.35737,12:00,6.57787,-1.48607,5.8141,-16.9895,19.47548,-1.15622,4.52663,0.3013,79.51472,-3.949694,1.818041,0.43462,,,,,,,,,,,,1.23012,10.49658,1.32082,50,6.51191,-4.47319,-127.94692,-1.99291,2.01037,29.87694,-15.01984,BOC_EAG,BOC_EAG,HarringtonVillage,TeamExclusive,Team,20260115-HarringtonVillage-Private-1,2de74590-f267-11f0-99a1-27b08f981295,86.72512,,,8.77584,,,,,,,,,
178,2026-01-15,09:19.3,4,4,"Spada, Matthew",831965,Left,BOC_EAG,"Roossien, Jace",831501,Right,BOC_EAG,Undefined,5,Bottom,2,1,2,Curveball,Curveball,StrikeSwinging,Strikeout,Undefined,Undefined,0,0,,76.06644,0.398828,1.093966,2022.737687,26.484797,7:00,6.40078,-1.70944,5.19493,-53.60271,-3.8365,-2.71725,2.30912,-0.90672,69.80509,-9.312336,0.611427,0.507737,,,,,,,,,,,,1.67016,-1.49732,1.61013,50,6.39736,-1.9999,-110.36737,-1.07497,2.04953,20.57967,-34.01147,BOC_EAG,BOC_EAG,HarringtonVillage,TeamExclusive,Team,20260115-HarringtonVillage-Private-1,38fe0450-f267-11f0-99a1-27b08f981295,74.23616,,,6.26135,,,,,,,,,
179,2026-01-15,12:10.2,1,1,"Kipp, Kyle",822339,Right,BOC_EAG,"Masse, Easton",1000136802,Right,BOC_EAG,Undefined,6,Top,0,0,0,Sinker,Sinker,FoulBallNotFieldable,Undefined,Undefined,Undefined,0,0,,91.0341,-1.303747,-5.009548,2105.580537,251.782276,2:30,5.6429,2.14437,5.52151,-24.79478,10.0404,26.60639,2.35286,-0.33404,81.98937,-5.925183,-0.284797,0.424796,,,,,,,,,,,,-15.06158,5.84,-1.72608,50,5.51269,10.32845,-131.56832,-3.89106,-26.03908,31.48063,-22.07762,BOC_EAG,BOC_EAG,HarringtonVillage,TeamExclusive,Team,20260115-HarringtonVillage-Private-1,9eec1270-f267-11f0-99a1-27b08f981295,88.73067,,,9.04473,,,,,,,,,
180,2026-01-15,12:30.6,1,2,"Kipp, Kyle",822339,Right,BOC_EAG,"Masse, Easton",1000136802,Right,BOC_EAG,Undefined,6,Top,0,0,1,ChangeUp,Changeup,BallCalled,Undefined,Undefined,Undefined,0,0,,79.38716,-0.585963,-2.536395,1464.188717,275.06981,3:15,5.47809,2.14958,5.98365,-44.71857,0.23862,15.8908,1.20788,1.12136,71.86675,-8.855702,0.324761,0.482582,,,,,,,,,,,,-9.12394,0.69236,-1.95843,50,5.4069,4.52264,-115.12815,-2.55908,-12.00178,25.34509,-31.26332,BOC_EAG,BOC_EAG,HarringtonVillage,TeamExclusive,Team,20260115-HarringtonVillage-Private-1,ab0218c0-f267-11f0-99a1-27b08f981295,78.10581,,,7.52042,,,,,,,,,
181,2026-01-15,12:50.0,1,3,"Kipp, Kyle",822339,Right,BOC_EAG,"Masse, Easton",1000136802,Right,BOC_EAG,Undefined,6,Top,0,1,1,Sweeper,Curveball,BallCalled,Undefined,Undefined,Undefined,0,0,,77.16906,3.936668,0.4209,1716.604347,70.425528,8:15,5.24121,2.23175,5.36694,-51.16908,-2.22402,-11.35607,4.67422,1.68007,69.11117,-5.462984,-1.595121,0.503531,,,,,,,,,,,,5.75055,-1.79673,-2.26143,50,5.55933,-0.35337,-111.54937,5.93387,7.10475,23.70778,-34.3939,BOC_EAG,BOC_EAG,HarringtonVillage,TeamExclusive,Team,20260115-HarringtonVillage-Private-1,b68afa40-f267-11f0-99a1-27b08f981295,74.85632,,,8.05789,,,,,,,,,
182,2026-01-15,13:08.8,1,4,"Kipp, Kyle",822339,Right,BOC_EAG,"Masse, Easton",1000136802,Right,BOC_EAG,Undefined,6,Top,0,2,1,Sinker,Sinker,BallCalled,Undefined,Undefined,Undefined,0,0,,90.74024,-2.474586,-6.414258,2048.146858,249.981772,2:15,5.65236,2.07611,5.843,-25.25135,9.08508,21.86627,1.23244,-2.0877,83.00007,-7.157831,-2.523525,0.421744,,,,,,,,,,,,-12.67237,5.67662,-1.56338,50,5.43494,13.72253,-130.94341,-6.57225,-22.0728,26.81778,-22.2865,BOC_EAG,BOC_EAG,HarringtonVillage,TeamExclusive,Team,20260115-HarringtonVillage-Private-1,c1b65270-f267-11f0-99a1-27b08f981295,89.37277,,,7.74016,,,,,,,,,
183,2026-01-15,13:28.0,1,5,"Kipp, Kyle",822339,Right,BOC_EAG,"Masse, Easton",1000136802,Right,BOC_EAG,Undefined,6,Top,0,3,1,Sinker,Sinker,BallCalled,Walk,Undefined,Undefined,0,0,,90.07117,-0.202184,-3.192856,2067.750657,245.328509,2:15,5.66137,2.13184,5.96749,-24.07986,10.52634,20.36351,3.46697,0.86545,81.69542,-4.725317,0.462572,0.423397,,,,,,,,,,,,-11.29847,5.81303,-1.88939,50,5.63204,6.39718,-130.62554,-1.25223,-19.38852,29.2674,-22.19869,BOC_EAG,BOC_EAG,HarringtonVillage,TeamExclusive,Team,20260115-HarringtonVillage-Private-1,cd2fcaa0-f267-11f0-99a1-27b08f981295,89.02377,,,8.37575,,,,,,,,,
184,2026-01-15,14:40.6,2,1,"Kipp, Kyle",822339,Right,BOC_EAG,"DeShazo, Owen",703506,Right,BOC_EAG,Undefined,6,Top,0,0,0,Sinker,Sinker,StrikeCalled,Undefined,Undefined,Undefined,0,0,,92.26179,-1.237201,-3.491354,2196.784859,249.095086,2:15,5.69713,2.30942,5.77595,-23.3832,9.81977,22.78151,2.59499,0.95514,83.8687,-5.602687,0.583721,0.414725,,,,,,,,,,,,-12.54768,5.70256,-2.03433,50,5.58079,7.12485,-133.73556,-3.71108,-22.60611,30.24585,-21.90024,BOC_EAG,BOC_EAG,HarringtonVillage,TeamExclusive,Team,20260115-HarringtonVillage-Private-1,f86642d0-f267-11f0-99a1-27b08f981295,90.88545,,,8.39308,,,,,,,,,
185,2026-01-15,15:00.1,2,2,"Kipp, Kyle",822339,Right,BOC_EAG,"DeShazo, Owen",703506,Right,BOC_EAG,Undefined,6,Top,0,0,1,ChangeUp,Changeup,FoulBallNotFieldable,Undefined,Undefined,Undefined,0,0,,79.13369,-0.040975,-4.301025,1477.577599,231.029479,1:45,5.53558,2.36328,5.85395,-31.36006,14.27446,15.52662,2.88407,-0.34661,71.12134,-5.937126,-1.526238,0.486204,65.30512,15.652039,171.056116,2486.861163,,,,105.22741,43.64507,174.973156,1.311173,-9.19154,7.80402,-2.02175,50,5.51435,7.98179,-114.4068,-0.99496,-11.97958,24.3847,-22.00288,BOC_EAG,BOC_EAG,HarringtonVillage,TeamExclusive,Team,20260115-HarringtonVillage-Private-1,041e71b0-f268-11f0-99a1-27b08f981295,77.52399,10.28928,,8.01235,,,,2.4551,2.95764,0.33936,,,
186,2026-01-15,15:23.8,2,3,"Kipp, Kyle",822339,Right,BOC_EAG,"DeShazo, Owen",703506,Right,BOC_EAG,Undefined,6,Top,0,0,2,ChangeUp,Changeup,BallCalled,Undefined,Undefined,Undefined,0,0,,80.47727,-0.428619,-5.110238,1570.639483,258.563501,2:30,5.58322,2.17713,5.69722,-39.61514,4.71736,15.32942,1.88094,-1.32019,72.76858,-7.739048,-2.381028,0.479217,,,,,,,,,,,,-9.35398,3.04229,-1.75651,50,5.52283,9.7817,-116.28077,-2.1685,-12.62787,24.65229,-28.06698,BOC_EAG,BOC_EAG,HarringtonVillage,TeamExclusive,Team,20260115-HarringtonVillage-Private-1,125709e0-f268-11f0-99a1-27b08f981295,78.65415,,,7.70869,,,,,,,,,
187,2026-01-15,15:46.9,2,4,"Kipp, Kyle",822339,Right,BOC_EAG,"DeShazo, Owen",703506,Right,BOC_EAG,Undefined,6,Top,0,1,2,Sinker,Sinker,BallCalled,Undefined,Undefined,Undefined,0,0,,90.91659,-0.918134,-5.236047,2124.558003,227.709215,1:30,5.76251,2.17976,5.57271,-20.0669,14.57032,14.7143,3.22902,-1.49844,82.40893,-4.687611,-2.626913,0.423587,,,,,,,,,,,,-8.89229,7.96583,-1.73718,50,5.67017,11.3606,-131.38703,-2.78174,-15.4697,29.07746,-18.3161,BOC_EAG,BOC_EAG,HarringtonVillage,TeamExclusive,Team,20260115-HarringtonVillage-Private-1,1ff36210-f268-11f0-99a1-27b08f981295,88.98389,,,8.50766,,,,,,,,,
188,2026-01-15,16:10.3,2,5,"Kipp, Kyle",822339,Right,BOC_EAG,"DeShazo, Owen",703506,Right,BOC_EAG,Undefined,6,Top,0,2,2,Sinker,Sinker,InPlay,Undefined,GroundBall,Out,2,0,,91.37469,-1.316416,-3.745233,2071.649934,240.338141,2:00,5.74684,2.26105,5.65048,-21.87863,12.16583,19.33678,2.69297,0.37431,83.00076,-5.40962,-0.297333,0.419947,105.41121,-14.914394,-4.721824,,,,,11.03535,10.62366,-6.150542,0.066655,-10.95599,6.89756,-1.95597,50,5.62128,7.80941,-132.38274,-3.8004,-19.33083,29.77734,-20.00392,BOC_EAG,BOC_EAG,HarringtonVillage,TeamExclusive,Team,20260115-HarringtonVillage-Private-1,2dfd2210-f268-11f0-99a1-27b08f981295,89.7552,2.65636,,8.37393,,,,1.03241,2.65636,-0.36136,,,
189,2026-01-15,16:52.8,3,1,"Kipp, Kyle",822339,Right,BOC_EAG,"Surowiec, Danny",831970,Left,BOC_EAG,Undefined,6,Top,2,0,0,ChangeUp,Changeup,BallCalled,Undefined,Undefined,Undefined,0,0,,80.05713,1.688426,-3.267722,1559.583865,252.43163,2:30,5.65847,1.99092,5.97158,-38.15203,5.85985,13.68241,4.04746,0.09836,72.40249,-5.420171,-0.813504,0.477481,,,,,,,,,,,,-7.97185,2.96508,-1.7393,50,5.77152,6.09163,-115.98456,2.24529,-10.74374,23.84659,-28.17798,BOC_EAG,BOC_EAG,HarringtonVillage,TeamExclusive,Team,20260115-HarringtonVillage-Private-1,4741caa0-f268-11f0-99a1-27b08f981295,78.94014,,,7.65464,,,,,,,,,
190,2026-01-15,17:11.5,3,2,"Kipp, Kyle",822339,Right,BOC_EAG,"Surowiec, Danny",831970,Left,BOC_EAG,Undefined,6,Top,2,1,0,Sinker,Sinker,BallCalled,Undefined,Undefined,Undefined,0,0,,91.37233,-1.527665,-4.641787,2077.958962,240.940335,2:00,5.68148,2.02904,5.70207,-22.03741,12.04694,19.56883,2.41654,-0.67489,82.8985,-5.65316,-1.154938,0.420193,,,,,,,,,,,,-11.25701,6.91382,-1.65114,50,5.53937,9.84914,-132.19559,-4.28819,-19.80414,29.71568,-20.01076,BOC_EAG,BOC_EAG,HarringtonVillage,TeamExclusive,Team,20260115-HarringtonVillage-Private-1,527698b0-f268-11f0-99a1-27b08f981295,89.7027,,,8.47383,,,,,,,,,
191,2026-01-15,17:26.1,3,3,"Kipp, Kyle",822339,Right,BOC_EAG,"Surowiec, Danny",831970,Left,BOC_EAG,Undefined,6,Top,2,2,0,Sinker,Sinker,StrikeCalled,Undefined,Undefined,Undefined,0,0,,92.51549,-2.222671,-4.290561,2171.816619,243.122102,2:00,5.60652,2.05654,5.70207,-22.31167,10.74008,19.06753,1.66929,-0.3599,84.51988,-6.373885,-0.889677,0.413779,,,,,,,,,,,,-10.8504,6.4013,-1.70802,50,5.40573,9.1869,-133.94939,-5.99848,-19.71501,28.91397,-20.54301,BOC_EAG,BOC_EAG,HarringtonVillage,TeamExclusive,Team,20260115-HarringtonVillage-Private-1,5b076fe0-f268-11f0-99a1-27b08f981295,91.09313,,,7.99562,,,,,,,,,
192,2026-01-15,17:43.8,3,4,"Kipp, Kyle",822339,Right,BOC_EAG,"Surowiec, Danny",831970,Left,BOC_EAG,Undefined,6,Top,2,2,1,ChangeUp,Changeup,StrikeSwinging,Undefined,Undefined,Undefined,0,0,,78.48504,0.335393,-3.844023,1565.182527,271.971922,3:00,5.49001,2.11778,5.92815,-44.79912,1.05921,15.45859,2.06865,-0.16603,71.34662,-7.939885,-1.071468,0.487394,,,,,,,,,,,,-9.05434,0.95799,-1.81863,50,5.49195,7.05383,-113.71298,-0.73876,-11.73064,22.89998,-30.9329,BOC_EAG,BOC_EAG,HarringtonVillage,TeamExclusive,Team,20260115-HarringtonVillage-Private-1,65a702d0-f268-11f0-99a1-27b08f981295,77.33458,,,7.13842,,,,,,,,,
193,2026-01-15,18:01.2,3,5,"Kipp, Kyle",822339,Right,BOC_EAG,"Surowiec, Danny",831970,Left,BOC_EAG,Undefined,6,Top,2,2,2,ChangeUp,Changeup,StrikeSwinging,Strikeout,Undefined,Undefined,0,0,,79.72316,-0.633513,-3.375893,1513.952894,265.185192,2:45,5.589,1.97947,5.87544,-41.70073,2.98914,16.32954,1.52451,0.20122,72.25548,-8.342903,-0.445962,0.481145,,,,,,,,,,,,-9.43918,2.2063,-1.71578,50,5.51379,6.18934,-115.50476,-2.59813,-12.55592,24.60165,-29.23922,BOC_EAG,BOC_EAG,HarringtonVillage,TeamExclusive,Team,20260115-HarringtonVillage-Private-1,70268aa0-f268-11f0-99a1-27b08f981295,78.33903,,,7.46768,,,,,,,,,
194,2026-01-15,21:16.7,1,1,"Kwiatkowski, John",831964,Left,BOC_EAG,"Wolff, Kyle",813479,Right,BOC_EAG,Undefined,6,Bottom,0,0,0,Slider,Slider,StrikeCalled,Undefined,Undefined,Undefined,0,0,,79.02836,0.104555,2.189147,2109.406099,248.93289,2:15,5.5772,-3.19927,5.84848,-42.23853,3.42512,4.52965,2.15456,-0.78657,71.35451,-7.718438,3.001317,0.486359,,,,,,,,,,,,-1.55335,2.28099,3.01871,50,5.56176,-4.55506,-114.49657,-1.13084,-2.02221,24.9437,-29.20453,BOC_EAG,BOC_EAG,HarringtonVillage,TeamExclusive,Team,20260115-HarringtonVillage-Private-1,e4aaba40-f268-11f0-99a1-27b08f981295,77.49926,,,7.67385,,,,,,,,,
195,2026-01-15,21:34.1,1,2,"Kwiatkowski, John",831964,Left,BOC_EAG,"Wolff, Kyle",813479,Right,BOC_EAG,Undefined,6,Bottom,0,0,1,Slider,Slider,BallCalled,Undefined,Undefined,Undefined,0,0,,80.08262,-1.178199,1.932439,2204.443808,265.062575,2:45,5.67532,-2.94352,5.5392,-42.63813,2.09354,6.14134,1.02018,-0.62493,72.94114,-8.97894,3.028759,0.48137,,,,,,,,,,,,-2.47732,1.92835,2.77183,50,5.54519,-4.16283,-116.0585,-3.82642,-3.33366,24.43406,-29.5791,BOC_EAG,BOC_EAG,HarringtonVillage,TeamExclusive,Team,20260115-HarringtonVillage-Private-1,eefb42d0-f268-11f0-99a1-27b08f981295,78.30245,,,7.14148,,,,,,,,,
196,2026-01-15,21:52.7,1,3,"Kwiatkowski, John",831964,Left,BOC_EAG,"Wolff, Kyle",813479,Right,BOC_EAG,Undefined,6,Bottom,0,1,1,Slider,Slider,BallCalled,Undefined,Undefined,Undefined,0,0,,78.05623,-1.335685,1.734321,2169.003245,293.099316,3:45,5.61898,-3.04555,5.69456,-48.9114,-1.68571,8.09146,0.29749,-0.75451,70.73192,-10.288334,3.184717,0.494607,,,,,,,,,,,,-3.50158,0.14508,2.89479,50,5.47671,-3.73504,-113.07524,-4.22636,-4.42698,25.13666,-31.99063,BOC_EAG,BOC_EAG,HarringtonVillage,TeamExclusive,Team,20260115-HarringtonVillage-Private-1,fa26c210-f268-11f0-99a1-27b08f981295,76.2068,,,7.32431,,,,,,,,,
197,2026-01-15,22:19.4,1,4,"Kwiatkowski, John",831964,Left,BOC_EAG,"Wolff, Kyle",813479,Right,BOC_EAG,Undefined,6,Bottom,0,2,1,Sinker,Sinker,BallCalled,Undefined,Undefined,Undefined,0,0,,87.28902,-0.925025,2.352969,2158.850491,124.892809,10:15,5.82037,-2.95227,5.9758,-28.34316,8.29595,-10.20249,2.60013,-1.62002,79.77494,-6.202062,0.5191,0.435656,,,,,,,,,,,,5.86548,4.89965,2.77149,50,5.73159,-4.77926,-126.6935,-2.98113,9.51521,26.34612,-24.22565,BOC_EAG,BOC_EAG,HarringtonVillage,TeamExclusive,Team,20260115-HarringtonVillage-Private-1,09dece50-f269-11f0-99a1-27b08f981295,86.51874,,,7.51408,,,,,,,,,
198,2026-01-15,22:39.0,1,5,"Kwiatkowski, John",831964,Left,BOC_EAG,"Wolff, Kyle",813479,Right,BOC_EAG,Undefined,6,Bottom,0,3,1,Sinker,Slider,StrikeCalled,Undefined,Undefined,Undefined,0,0,,85.82631,0.293544,3.435048,2172.864576,132.790284,10:30,5.74653,-2.99124,5.8976,-30.5938,7.01268,-6.42985,3.47006,-0.33421,79.28227,-5.36164,2.283728,0.44137,,,,,,,,,,,,4.13618,3.86036,2.71826,50,5.75254,-7.2209,-124.62077,-0.37711,6.57679,22.44101,-26.03585,BOC_EAG,BOC_EAG,HarringtonVillage,TeamExclusive,Team,20260115-HarringtonVillage-Private-1,159e5030-f269-11f0-99a1-27b08f981295,85.39875,,,6.54405,,,,,,,,,
199,2026-01-15,22:59.3,1,6,"Kwiatkowski, John",831964,Left,BOC_EAG,"Wolff, Kyle",813479,Right,BOC_EAG,Undefined,6,Bottom,0,3,2,Slider,Slider,InPlay,Undefined,FlyBall,Out,1,0,,78.31191,0.102335,2.027271,2266.243527,282.281068,3:30,5.48479,-3.0111,5.91132,-46.63774,-0.34504,9.20713,1.69336,-0.36147,71.00834,-8.502322,3.68089,0.489697,90.60904,22.254198,-10.019907,1587.389176,107.91685,37.77747,-21.30474,320.05873,311.33751,-14.380546,3.789469,-4.07709,0.20787,2.84304,50,5.46642,-4.35702,-113.57786,-1.24318,-5.2229,24.54662,-31.90776,BOC_EAG,BOC_EAG,HarringtonVillage,TeamExclusive,Team,20260115-HarringtonVillage-Private-1,21d32920-f269-11f0-99a1-27b08f981295,76.97091,46.46797,,7.30357,,,,2.45277,1.83762,0.4462,,,
200,2026-01-15,23:38.9,2,1,"Kwiatkowski, John",831964,Left,BOC_EAG,"Johnson, Gunnar",1000100233,Right,BOC_EAG,Undefined,6,Bottom,1,0,0,Sinker,Sinker,StrikeCalled,Undefined,Undefined,Undefined,0,0,,87.58937,-0.172561,2.864387,2049.605289,123.353781,10:00,5.71151,-2.84275,6.00439,-30.89002,5.28536,-6.36225,2.97726,-0.71683,80.43712,-5.89804,1.721367,0.43289,,,,,,,,,,,,4.02118,3.12433,2.62084,50,5.68112,-6.1003,-127.17624,-1.42435,6.60917,25.21449,-27.03898,BOC_EAG,BOC_EAG,HarringtonVillage,TeamExclusive,Team,20260115-HarringtonVillage-Private-1,394115e0-f269-11f0-99a1-27b08f981295,87.07159,,,7.15225,,,,,,,,,
201,2026-01-15,23:55.9,2,2,"Kwiatkowski, John",831964,Left,BOC_EAG,"Johnson, Gunnar",1000100233,Right,BOC_EAG,Undefined,6,Bottom,1,0,1,Sinker,Cutter,BallCalled,Undefined,Undefined,Undefined,0,0,,86.24945,-0.574459,2.169575,2106.221881,142.076486,10:45,5.78158,-2.86809,5.9947,-28.38096,9.06752,-6.1374,2.88376,-1.36808,78.89104,-5.864678,1.066273,0.440442,,,,,,,,,,,,3.73634,5.20032,2.70037,50,5.72082,-4.4908,-125.21582,-2.17242,5.92798,25.44585,-23.92338,BOC_EAG,BOC_EAG,HarringtonVillage,TeamExclusive,Team,20260115-HarringtonVillage-Private-1,4366bde0-f269-11f0-99a1-27b08f981295,85.5787,,,7.35841,,,,,,,,,
202,2026-01-15,24:15.1,2,3,"Kwiatkowski, John",831964,Left,BOC_EAG,"Johnson, Gunnar",1000100233,Right,BOC_EAG,Undefined,6,Bottom,1,1,1,Slider,Slider,StrikeCalled,Undefined,Undefined,Undefined,0,0,,79.67706,-0.367061,1.591345,2085.24791,273.106133,3:00,5.59875,-2.96603,5.8623,-42.97077,0.85528,7.90252,1.67672,-0.82876,73.72992,-8.242734,3.010261,0.476472,,,,,,,,,,,,-3.60776,0.97248,2.83252,50,5.54415,-3.51685,-115.80037,-2.12761,-4.92112,20.70615,-30.84758,BOC_EAG,BOC_EAG,HarringtonVillage,TeamExclusive,Team,20260115-HarringtonVillage-Private-1,4ed93130-f269-11f0-99a1-27b08f981295,79.10731,,,5.94714,,,,,,,,,
203,2026-01-15,24:34.7,2,4,"Kwiatkowski, John",831964,Left,BOC_EAG,"Johnson, Gunnar",1000100233,Right,BOC_EAG,Undefined,6,Bottom,1,1,2,Slider,Slider,StrikeSwinging,Strikeout,Undefined,Undefined,0,0,,79.54379,-0.157663,2.181796,2317.106024,278.88728,3:15,5.6227,-2.92474,5.84358,-44.29195,-0.43783,10.58225,1.78508,-0.01432,73.95155,-8.250528,4.079357,0.476625,,,,,,,,,,,,-4.87422,0.19094,2.74083,50,5.58371,-4.79804,-115.63786,-1.74425,-6.655,19.88047,-31.91335,BOC_EAG,BOC_EAG,HarringtonVillage,TeamExclusive,Team,20260115-HarringtonVillage-Private-1,5ab589e0-f269-11f0-99a1-27b08f981295,79.08197,,,5.59224,,,,,,,,,
204,2026-01-15,25:08.0,3,1,"Kwiatkowski, John",831964,Left,BOC_EAG,"Gallo, Luke",10126155,Right,BOC_EAG,Undefined,6,Bottom,2,0,0,Slider,Slider,StrikeCalled,Undefined,Undefined,Undefined,0,0,,79.26691,-0.674177,2.402787,2087.427719,218.621891,1:15,5.50884,-3.23515,5.87721,-36.63321,7.32898,4.89929,1.82936,-0.59402,73.78109,-7.403696,3.281223,0.477212,,,,,,,,,,,,-1.9313,4.31004,3.03809,50,5.43301,-5.0159,-115.21267,-2.4936,-2.63025,18.75208,-26.30415,BOC_EAG,BOC_EAG,HarringtonVillage,TeamExclusive,Team,20260115-HarringtonVillage-Private-1,6e6cd740-f269-11f0-99a1-27b08f981295,78.98477,,,5.48582,,,,,,,,,
205,2026-01-15,25:27.2,3,2,"Kwiatkowski, John",831964,Left,BOC_EAG,"Gallo, Luke",10126155,Right,BOC_EAG,Undefined,6,Bottom,2,0,1,Sinker,Sinker,InPlay,Undefined,GroundBall,Error,0,0,,87.56635,-1.648857,3.008471,2196.571697,132.961246,10:30,5.7654,-2.84188,6.20426,-26.96521,9.03989,-8.50371,1.99384,-0.77107,80.39333,-6.680155,1.474669,0.43187,70.44441,-74.254523,-43.176322,,,,,1.77083,1.77083,12.594314,0.019879,5.25548,5.47425,2.62003,50,5.62777,-6.34948,-127.11706,-4.50862,8.6101,25.74871,-23.20556,BOC_EAG,BOC_EAG,HarringtonVillage,TeamExclusive,Team,20260115-HarringtonVillage-Private-1,79e5da40-f269-11f0-99a1-27b08f981295,87.2772,1.98258,,7.17302,,,,1.32058,1.98258,0.7686,,,
206,2026-01-15,26:20.0,4,1,"Kwiatkowski, John",831964,Left,BOC_EAG,"Malaret, Gabriel",10279876,Right,BOC_EAG,Undefined,6,Bottom,2,0,0,Slider,Slider,BallCalled,Undefined,Undefined,Undefined,0,0,,78.23557,-1.434596,3.126623,2103.777892,260.82025,2:45,5.46865,-3.15208,5.8711,-43.12884,2.67146,7.79886,0.5398,0.40484,72.27373,-9.321409,4.524613,0.487086,,,,,,,,,,,,-3.14307,2.16225,2.89423,50,5.32718,-6.48082,-113.50604,-4.18058,-4.09429,21.06689,-29.35744,BOC_EAG,BOC_EAG,HarringtonVillage,TeamExclusive,Team,20260115-HarringtonVillage-Private-1,996471b0-f269-11f0-99a1-27b08f981295,77.38357,,,5.96185,,,,,,,,,
207,2026-01-15,26:44.2,4,2,"Kwiatkowski, John",831964,Left,BOC_EAG,"Malaret, Gabriel",10279876,Right,BOC_EAG,Undefined,6,Bottom,2,1,0,Slider,Curveball,StrikeCalled,Undefined,Undefined,Undefined,0,0,,78.03734,-0.195533,2.332139,2074.706527,280.537382,3:15,5.51788,-2.98122,6.06644,-45.98774,0.59323,6.1815,1.50447,-0.30666,70.45651,-8.717945,3.445535,0.49122,,,,,,,,,,,,-2.35059,0.94992,2.79732,50,5.47906,-4.83726,-113.08718,-1.7923,-2.97376,25.05747,-30.97228,BOC_EAG,BOC_EAG,HarringtonVillage,TeamExclusive,Team,20260115-HarringtonVillage-Private-1,a7eb50f0-f269-11f0-99a1-27b08f981295,76.73237,,,7.58083,,,,,,,,,
208,2026-01-15,27:08.9,4,3,"Kwiatkowski, John",831964,Left,BOC_EAG,"Malaret, Gabriel",10279876,Right,BOC_EAG,Undefined,6,Bottom,2,1,1,Slider,Slider,StrikeCalled,Undefined,Undefined,Undefined,0,0,,79.10531,-0.18614,1.972302,2133.171627,260.527924,2:45,5.6288,-3.1887,6.13466,-42.91384,2.64524,4.91319,1.8805,-0.95567,70.75297,-8.193895,2.858567,0.485802,,,,,,,,,,,,-1.76524,2.07209,3.03594,50,5.59368,-4.13568,-114.54338,-1.68379,-2.27353,27.18091,-29.5053,BOC_EAG,BOC_EAG,HarringtonVillage,TeamExclusive,Team,20260115-HarringtonVillage-Private-1,b6817270-f269-11f0-99a1-27b08f981295,77.58813,,,8.35234,,,,,,,,,
209,2026-01-15,27:32.6,4,4,"Kwiatkowski, John",831964,Left,BOC_EAG,"Malaret, Gabriel",10279876,Right,BOC_EAG,Undefined,6,Bottom,2,1,2,Slider,Slider,FoulBallNotFieldable,Undefined,Undefined,Undefined,0,0,,79.23928,-0.503907,1.570025,2235.349464,261.257249,2:45,5.62243,-3.04198,5.76877,-41.68506,2.19484,7.07906,1.67954,-0.99058,74.268,-8.103497,2.838744,0.476765,,,,,,,,,,,,-3.28937,1.55197,2.90767,50,5.555,-3.41887,-115.32126,-2.35143,-4.51175,17.72259,-30.04533,BOC_EAG,BOC_EAG,HarringtonVillage,TeamExclusive,Team,20260115-HarringtonVillage-Private-1,c4a34e50-f269-11f0-99a1-27b08f981295,79.05878,,,4.97128,,,,,,,,,
210,2026-01-15,28:08.3,4,5,"Kwiatkowski, John",831964,Left,BOC_EAG,"Malaret, Gabriel",10279876,Right,BOC_EAG,Undefined,6,Bottom,2,1,2,Slider,Slider,StrikeCalled,Strikeout,Undefined,Undefined,0,0,,78.21621,-0.456531,1.88578,2075.425725,216.153473,1:15,5.45063,-3.08619,5.98142,-36.79356,8.47831,5.21654,1.9611,-0.90289,72.25498,-7.258776,2.823466,0.484268,,,,,,,,,,,,-2.17618,4.91677,2.93442,50,5.39426,-3.93329,-113.64766,-2.00647,-2.86171,19.76057,-25.7084,BOC_EAG,BOC_EAG,HarringtonVillage,TeamExclusive,Team,20260115-HarringtonVillage-Private-1,d9e867a0-f269-11f0-99a1-27b08f981295,77.83389,,,5.96122,,,,,,,,,