PitchNo,Date,Time,PAofInning,PitchofPA,Pitcher,PitcherId,PitcherThrows,PitcherTeam,Batter,BatterId,BatterSide,BatterTeam,PitcherSet,Inning,Top/Bottom,Outs,Balls,Strikes,TaggedPitchType,AutoPitchType,PitchCall,KorBB,TaggedHitType,PlayResult,OutsOnPlay,RunsScored,Notes,RelSpeed,VertRelAngle,HorzRelAngle,SpinRate,SpinAxis,Tilt,RelHeight,RelSide,Extension,VertBreak,InducedVertBreak,HorzBreak,PlateLocHeight,PlateLocSide,ZoneSpeed,VertApprAngle,HorzApprAngle,ZoneTime,ExitSpeed,Angle,Direction,HitSpinRate,PositionAt110X,PositionAt110Y,PositionAt110Z,Distance,LastTrackedDistance,Bearing,HangTime,pfxx,pfxz,x0,y0,z0,vx0,vy0,vz0,ax0,ay0,az0,HomeTeam,AwayTeam,Stadium,Level,League,GameID,PitchUID,EffectiveVelo,MaxHeight,MeasuredDuration,SpeedDrop,PitchLastMeasuredX,PitchLastMeasuredY,PitchLastMeasuredZ,ContactPositionX,ContactPositionY,ContactPositionZ,GameUID,UTCDate,UTCTime,LocalDateTime,UTCDateTime,AutoHitType,System,HomeTeamForeignID,AwayTeamForeignID,GameForeignID,Catcher,CatcherId,CatcherThrows,CatcherTeam,PlayID,PitchTrajectoryXc0,PitchTrajectoryXc1,PitchTrajectoryXc2,PitchTrajectoryYc0,PitchTrajectoryYc1,PitchTrajectoryYc2,PitchTrajectoryZc0,PitchTrajectoryZc1,PitchTrajectoryZc2,HitSpinAxis,HitTrajectoryXc0,HitTrajectoryXc1,HitTrajectoryXc2,HitTrajectoryXc3,HitTrajectoryXc4,HitTrajectoryXc5,HitTrajectoryXc6,HitTrajectoryXc7,HitTrajectoryXc8,HitTrajectoryYc0,HitTrajectoryYc1,HitTrajectoryYc2,HitTrajectoryYc3,HitTrajectoryYc4,HitTrajectoryYc5,HitTrajectoryYc6,HitTrajectoryYc7,HitTrajectoryYc8,HitTrajectoryZc0,HitTrajectoryZc1,HitTrajectoryZc2,HitTrajectoryZc3,HitTrajectoryZc4,HitTrajectoryZc5,HitTrajectoryZc6,HitTrajectoryZc7,HitTrajectoryZc8,ThrowSpeed,PopTime,ExchangeTime,TimeToBase,CatchPositionX,CatchPositionY,CatchPositionZ,ThrowPositionX,ThrowPositionY,ThrowPositionZ,BasePositionX,BasePositionY,BasePositionZ,ThrowTrajectoryXc0,ThrowTrajectoryXc1,ThrowTrajectoryXc2,ThrowTrajectoryYc0,ThrowTrajectoryYc1,ThrowTrajectoryYc2,ThrowTrajectoryZc0,ThrowTrajectoryZc1,ThrowTrajectoryZc2,PitchReleaseConfidence,PitchLocationConfidence,PitchMovementConfidence,HitLaunchConfidence,HitLandingConfidence,CatcherThrowCatchConfidence,CatcherThrowReleaseConfidence,CatcherThrowLocationConfidence,SpinAxis3dTransverseAngle,SpinAxis3dLongitudinalAngle,SpinAxis3dActiveSpinRate,SpinAxis3dSpinEfficiency,SpinAxis3dTilt,SpinAxis3dVectorX,SpinAxis3dVectorY,SpinAxis3dVectorZ,SpinAxis3dSeamOrientationRotationX,SpinAxis3dSeamOrientationRotationY,SpinAxis3dSeamOrientationRotationZ,SpinAxis3dSeamOrientationBallAngleHorizontalAmb1,SpinAxis3dSeamOrientationBallAngleVerticalAmb1,SpinAxis3dSeamOrientationBallXAmb1,SpinAxis3dSeamOrientationBallYAmb1,SpinAxis3dSeamOrientationBallZAmb1,SpinAxis3dSeamOrientationBallAngleHorizontalAmb2,SpinAxis3dSeamOrientationBallAngleVerticalAmb2,SpinAxis3dSeamOrientationBallXAmb2,SpinAxis3dSeamOrientationBallYAmb2,SpinAxis3dSeamOrientationBallZAmb2,SpinAxis3dSeamOrientationBallAngleHorizontalAmb3,SpinAxis3dSeamOrientationBallAngleVerticalAmb3,SpinAxis3dSeamOrientationBallXAmb3,SpinAxis3dSeamOrientationBallYAmb3,SpinAxis3dSeamOrientationBallZAmb3,SpinAxis3dSeamOrientationBallAngleHorizontalAmb4,SpinAxis3dSeamOrientationBallAngleVerticalAmb4,SpinAxis3dSeamOrientationBallXAmb4,SpinAxis3dSeamOrientationBallYAmb4,SpinAxis3dSeamOrientationBallZAmb4,BatSpeed,VerticalAttackAngle,HorizontalAttackAngle
1,2026-03-31,15:03:48.63,1,1,"Burnham, Jacob",831497,Left,BOC_EAG,"Murphy, Quinn",1000527191,Left,MAI_BLA,Undefined,1,Top,0,0,0,Fastball,Four-Seam,FoulBallNotFieldable,Undefined,Undefined,Undefined,0,0,,86.56252,-0.981848,2.510285,2096.031053,144.550632,10:45,5.89773,-2.22571,6.18733,-19.1143,17.75942,-11.81068,3.39736,-0.89065,79.11166,-4.624044,0.380913,0.437049,,,,,,,,,,,,6.71433,9.78154,2.04157,50,5.81362,-5.02343,-125.66664,-2.67126,10.74933,25.19219,-16.51432,BOC_EAG,MAI_BLA,HarringtonVillage,D1,ACC,20260331-HarringtonVillage-1,59b92050-2d34-11f1-91e0-ebe7af9b06de,86.2431,,,7.45085,,,,,,,627d9ed7-b483-4f20-be95-c4ef498f54ab,2026-03-31,19:03:48.63,2026-03-31T15:03:48.6310000-04:00,2026-03-31T19:03:48.6310000Z,,v3,227,471344,16389,"Roossien, Jace",831501,Right,BOC_EAG,8f20d864-e4e9-4a02-926e-78afc70ae40c,54.30833,-126.52737,12.5961,5.89525,-2.10701,-8.25716,2.21948,-5.3907,5.37467,,,,,,,,,,,,,,,,,,,,,,,,,,,,,,,,,,,,,,,,,,,,,,,,,,,High,High,High,,,,,,137.524051,-19.887734,1971.025806,0.940361,10:30,0.359309,0.640744,-0.678487,32.966984,-44.755187,23.550237,176.453439,6.545012,0.061456,0.113984,-0.99158,6.557461,3.523418,0.113984,0.061456,0.99158,-6.557461,-3.523418,-0.113984,-0.061456,0.99158,-176.453439,-6.545012,-0.061456,-0.113984,-0.99158,,,
2,2026-03-31,15:04:27.23,1,2,"Burnham, Jacob",831497,Left,BOC_EAG,"Murphy, Quinn",1000527191,Left,MAI_BLA,Undefined,1,Top,0,0,1,ChangeUp,Changeup,StrikeCalled,Undefined,Undefined,Undefined,0,0,,80.11786,-0.670755,3.475664,1397.226589,124.087608,10:15,5.67035,-1.9804,6.34596,-32.69659,9.81528,-12.66603,2.32701,0.16756,74.02534,-6.769947,1.186501,0.469274,,,,,,,,,,,,7.47528,5.68067,1.73333,50,5.60611,-6.61988,-116.37654,-2.28955,10.33836,20.11247,-24.31767,BOC_EAG,MAI_BLA,HarringtonVillage,D1,ACC,20260331-HarringtonVillage-1,70c62860-2d34-11f1-91e0-ebe7af9b06de,80.32077,,,6.09251,,,,,,,627d9ed7-b483-4f20-be95-c4ef498f54ab,2026-03-31,19:04:27.23,2026-03-31T15:04:27.2360000-04:00,2026-03-31T19:04:27.2360000Z,,v3,227,471344,16389,"Roossien, Jace",831501,Right,BOC_EAG,5172fba4-6b5e-4975-bad3-2b36e89e968a,54.15344,-117.09215,10.05624,5.67218,-1.42432,-12.15884,1.97541,-6.98772,5.16918,,,,,,,,,,,,,,,,,,,,,,,,,,,,,,,,,,,,,,,,,,,,,,,,,,,High,High,High,,,,,,125.287933,2.12593,1396.264889,0.999312,10:15,-0.011559,0.815207,-0.579054,113.409004,-29.15927,39.833858,149.458463,-70.942875,0.165921,-0.945194,-0.281211,73.431376,-9.550719,0.945194,-0.165921,0.281211,-73.431376,9.550719,-0.945194,0.165921,0.281211,-149.458463,70.942875,-0.165921,0.945194,-0.281211,,,
3,2026-03-31,15:04:41.93,1,3,"Burnham, Jacob",831497,Left,BOC_EAG,"Murphy, Quinn",1000527191,Left,MAI_BLA,Undefined,1,Top,0,0,2,ChangeUp,Changeup,InPlay,Undefined,LineDrive,Single,0,0,,81.1049,0.75272,3.722178,1618.101989,98.753106,9:15,5.59619,-2.0634,6.42451,-37.72321,3.99776,-17.37438,3.14598,-0.08509,74.1973,-6.292409,0.57834,0.464888,79.50639,16.649978,-24.052436,3754.832033,95.59995,20.69555,-54.41131,201.26227,173.47144,-34.888226,2.338601,10.14989,2.25925,1.80542,50,5.63289,-7.04469,-117.73929,0.45518,14.22899,22.62795,-29.00683,BOC_EAG,MAI_BLA,HarringtonVillage,D1,ACC,20260331-HarringtonVillage-1,79903800-2d34-11f1-91e0-ebe7af9b06de,81.07849,20.71176,,6.9076,,,,1.15342,3.1043,0.09079,627d9ed7-b483-4f20-be95-c4ef498f54ab,2026-03-31,19:04:41.93,2026-03-31T15:04:41.9380000-04:00,2026-03-31T19:04:41.9380000Z,LineDrive,v3,227,471344,16389,"Roossien, Jace",831501,Right,BOC_EAG,5b6e5157-d7dc-410b-ad5e-6e93d78d29b0,54.07589,-118.52003,11.31398,5.59992,1.45602,-14.50342,2.05695,-7.53564,7.11449,113.436403,1.15342,102.02023,-19.50863,3.75647,-0.73761,0.11787,-0.01769,0.00219,-0.00014,3.1043,33.411,-16.82218,0.99974,-0.08998,0.00681,0.00177,-0.00024,-1E-05,0.09079,-45.53324,-4.33686,2.14708,-0.66667,0.15996,-0.03073,0.00404,-0.00026,,,,,,,,,,,,,,,,,,,,,,,High,High,High,High,High,,,,122.370362,-24.760559,1469.34341,0.908066,10:00,0.459523,0.761389,-0.457302,-43.57327,23.593728,74.944055,103.130418,-7.193749,0.96619,-0.125225,-0.22538,29.057282,-75.05852,0.125225,-0.96619,0.22538,-29.057282,75.05852,-0.125225,0.96619,0.22538,-103.130418,7.193749,-0.96619,0.125225,-0.22538,66.0013,7.78482,-5.36622
4,2026-03-31,15:05:12.79,2,1,"Burnham, Jacob",831497,Left,BOC_EAG,"Stevens, Julian",1000253292,Right,MAI_BLA,Undefined,1,Top,0,0,0,Slider,Curveball,InPlay,Undefined,GroundBall,Single,0,0,,75.71335,0.213108,2.210057,2445.873282,319.722645,4:45,5.71722,-2.39846,5.53759,-53.84219,-4.58701,5.12646,1.42971,0.09542,70.13326,-9.560015,3.125133,0.505123,22.60434,-46.22249,41.878109,,,,,4.88325,4.88325,13.613804,0.072169,-2.02205,-2.06079,2.20309,50,5.69922,-4.42879,-109.98135,-1.31648,-2.48084,19.19902,-34.7024,BOC_EAG,MAI_BLA,HarringtonVillage,D1,ACC,20260331-HarringtonVillage-1,8beab480-2d34-11f1-8528-2919e47e1546,74.62026,1.77073,,5.58009,,,,3.4827,1.77073,0.01673,627d9ed7-b483-4f20-be95-c4ef498f54ab,2026-03-31,19:05:12.79,2026-03-31T15:05:12.7920000-04:00,2026-03-31T19:05:12.7920000Z,GroundBall,v3,227,471344,16389,"Roossien, Jace",831501,Right,BOC_EAG,6287ba1b-3334-4e29-85c4-b6a8ddd133e4,54.96458,-110.8446,9.59951,5.72333,0.24387,-17.3512,2.39972,-4.31724,-1.24042,,3.47774,17.50556,,,,,,,,1.77768,-24.53639,,,,,,,,0.01228,15.69477,,,,,,,,,,,,,,,,,,,,,,,,,,,,,,High,High,High,Estimated,Estimated,,,,312.698189,-71.618529,771.286966,0.315342,4:30,0.939158,-0.235284,0.250248,36.133019,-55.071522,-80.670064,147.32005,38.063441,0.425115,0.616534,-0.662694,42.93339,25.157928,0.616534,0.425115,0.662694,-42.93339,-25.157928,-0.616534,-0.425115,0.662694,-147.32005,-38.063441,-0.425115,-0.616534,-0.662694,77.96515,24.94752,-33.95466
5,2026-03-31,15:05:56.75,3,1,"Burnham, Jacob",831497,Left,BOC_EAG,"Carpenter, Troy",1000239627,Right,MAI_BLA,Undefined,1,Top,0,0,0,ChangeUp,Changeup,InPlay,Undefined,LineDrive,Single,0,1,,79.30637,-0.159963,4.054639,1488.751592,107.317712,9:30,5.59809,-2.3367,6.24688,-37.51333,6.64087,-16.58131,2.32408,0.0273,72.36032,-7.155185,1.065156,0.478253,105.40455,5.429777,-30.894066,4188.009985,,,,92.37491,87.52307,-33.050895,0.656327,9.85918,3.89866,2.04296,50,5.56764,-7.56878,-115.00821,-1.40261,13.128,22.49062,-26.98277,BOC_EAG,MAI_BLA,HarringtonVillage,D1,ACC,20260331-HarringtonVillage-1,a6180f60-2d34-11f1-8528-2919e47e1546,78.81281,4.23533,,6.94606,,,,2.9428,2.48625,0.0672,627d9ed7-b483-4f20-be95-c4ef498f54ab,2026-03-31,19:05:56.75,2026-03-31T15:05:56.7580000-04:00,2026-03-31T19:05:56.7580000Z,GroundBall,v3,227,471344,16389,"Roossien, Jace",831501,Right,BOC_EAG,f6d4a6cd-33d1-4a50-9d5e-15438ce73f9e,54.25303,-115.83693,11.24531,5.60101,-0.40836,-13.49138,2.33076,-8.05252,6.564,53.768829,3.01152,130.64037,-26.44152,,,,,,,2.55809,13.13046,-26.0956,,,,,,,0.08706,-79.44487,3.84917,,,,,,,,,,,,,,,,,,,,,,,,,,,,,High,High,High,High,High,,,,117.528857,-12.004049,1456.196919,0.978133,10:00,0.23701,0.867964,-0.436422,-55.91295,30.260039,86.068405,96.320134,-8.936594,0.981857,-0.155341,-0.108747,55.005921,-79.069213,0.155341,-0.981857,0.108747,-55.005921,79.069213,-0.155341,0.981857,0.108747,-96.320134,8.936594,-0.981857,0.155341,-0.108747,,,
6,2026-03-31,15:06:36.06,4,1,"Burnham, Jacob",831497,Left,BOC_EAG,"St. Denis, Hunter",1000341731,Right,MAI_BLA,Undefined,1,Top,0,0,0,Slider,Curveball,StrikeCalled,Undefined,Undefined,Undefined,0,0,,76.07112,0.777229,1.606163,2477.449002,322.818965,4:45,5.68047,-2.25199,5.71823,-56.25101,-6.82079,6.52048,1.71722,-0.21207,69.04108,-9.528187,2.774586,0.50602,,,,,,,,,,,,-2.76811,-3.17358,2.11369,50,5.71112,-3.33762,-110.31044,-0.30885,-3.34465,23.17168,-36.00864,BOC_EAG,MAI_BLA,HarringtonVillage,D1,ACC,20260331-HarringtonVillage-1,bd945400-2d34-11f1-8528-2919e47e1546,74.48806,,,7.03004,,,,,,,627d9ed7-b483-4f20-be95-c4ef498f54ab,2026-03-31,19:06:36.06,2026-03-31T15:06:36.0680000-04:00,2026-03-31T19:06:36.0680000Z,,v3,227,471344,16389,"Roossien, Jace",831501,Right,BOC_EAG,d1d3a026-8f56-465a-bcab-bd1fe23e42d6,54.78017,-111.31003,11.58584,5.69094,1.2445,-18.00432,2.25456,-3.19334,-1.67232,,,,,,,,,,,,,,,,,,,,,,,,,,,,,,,,,,,,,,,,,,,,,,,,,,,High,High,High,,,,,,309.37433,-68.456094,909.754229,0.367214,4:15,0.919307,-0.296454,0.258824,-61.222889,29.631052,86.312061,156.537282,33.075917,0.333631,0.54575,-0.768666,35.374598,19.489309,0.54575,0.333631,0.768666,-35.374598,-19.489309,-0.54575,-0.333631,0.768666,-156.537282,-33.075917,-0.333631,-0.54575,-0.768666,,,
7,2026-03-31,15:06:52.26,4,2,"Burnham, Jacob",831497,Left,BOC_EAG,"St. Denis, Hunter",1000341731,Right,MAI_BLA,Undefined,1,Top,0,0,1,Slider,Curveball,InPlay,Undefined,FlyBall,Out,1,0,,75.17112,2.567579,1.938473,2578.307395,321.761431,4:45,5.70614,-2.39388,5.72794,-59.24759,-9.17457,8.49292,3.1631,0.11993,68.79905,-8.267755,3.457234,0.5093,94.19474,29.86317,14.388505,4186.307633,103.15275,55.98896,38.20345,316.95986,308.17766,32.967665,4.370583,-3.76614,-5.02721,2.22672,50,5.88367,-3.99675,-109.06508,3.02724,-4.50506,20.41788,-38.1876,BOC_EAG,MAI_BLA,HarringtonVillage,D1,ACC,20260331-HarringtonVillage-1,c73366e0-2d34-11f1-8528-2919e47e1546,74.00838,69.76986,,6.37207,,,,1.55298,3.23123,-0.10241,627d9ed7-b483-4f20-be95-c4ef498f54ab,2026-03-31,19:06:52.26,2026-03-31T15:06:52.2620000-04:00,2026-03-31T19:06:52.2620000Z,FlyBall,v3,227,471344,16389,"Roossien, Jace",831501,Right,BOC_EAG,96bb671b-6894-48f8-8ed8-6f8529a24d73,54.77391,-109.95517,10.20894,5.71542,4.69197,-19.0938,2.39667,-3.80036,-2.25253,230.247492,1.55238,116.06321,-26.45162,6.39517,-1.56061,0.39398,-0.08306,0.01065,-0.00057,3.2318,68.77814,-20.0491,1.36304,-0.05619,-0.05735,0.01953,-0.00227,8E-05,-0.10273,29.78173,7.14562,-2.66765,0.75471,-0.18558,0.0353,-0.00403,0.00019,,,,,,,,,,,,,,,,,,,,,,,High,High,High,High,High,,,,311.224797,-62.157208,1204.191191,0.467047,4:15,0.8567,-0.390539,0.336963,-66.4955,23.35131,83.70544,151.476752,32.24658,0.403863,0.533564,-0.743104,35.679119,23.819908,0.533564,0.403863,0.743104,-35.679119,-23.819908,-0.533564,-0.403863,0.743104,-151.476752,-32.24658,-0.403863,-0.533564,-0.743104,,,
8,2026-03-31,15:07:31.01,5,1,"Burnham, Jacob",831497,Left,BOC_EAG,"Rasmussen, Brody",1000250740,Right,MAI_BLA,Undefined,1,Top,1,0,0,ChangeUp,Changeup,BallCalled,Undefined,Undefined,Undefined,0,0,,79.82841,1.569096,2.681956,1359.977013,107.158134,9:30,5.67335,-2.36989,6.43652,-37.03089,6.03477,-15.09442,4.03135,-1.16132,72.84151,-5.373807,-0.051995,0.47232,,,,,,,,,,,,8.60418,3.14382,2.18535,50,5.76857,-4.88933,-115.91818,2.12819,11.67741,22.18271,-27.90734,BOC_EAG,MAI_BLA,HarringtonVillage,D1,ACC,20260331-HarringtonVillage-1,de5137d0-2d34-11f1-8528-2919e47e1546,79.80268,,,6.9869,,,,,,,627d9ed7-b483-4f20-be95-c4ef498f54ab,2026-03-31,19:07:31.01,2026-03-31T15:07:31.0160000-04:00,2026-03-31T19:07:31.0160000Z,,v3,227,471344,16389,"Roossien, Jace",831501,Right,BOC_EAG,59d3bfba-e35c-47dc-aa9e-32af95565f32,54.0618,-116.69287,11.09136,5.67723,3.10281,-13.95367,2.36322,-5.29715,5.8387,,,,,,,,,,,,,,,,,,,,,,,,,,,,,,,,,,,,,,,,,,,,,,,,,,,High,High,High,,,,,,116.545033,-9.594983,1340.951801,0.986011,10:00,0.211183,0.877174,-0.43124,-38.482253,28.686943,85.809511,93.030995,-8.341425,0.988037,-0.145072,-0.052317,70.169301,-81.128625,0.145072,-0.988037,0.052317,-70.169301,81.128625,-0.145072,0.988037,0.052317,-93.030995,8.341425,-0.988037,0.145072,-0.052317,,,
9,2026-03-31,15:07:45.65,5,2,"Burnham, Jacob",831497,Left,BOC_EAG,"Rasmussen, Brody",1000250740,Right,MAI_BLA,Undefined,1,Top,1,1,0,ChangeUp,Changeup,FoulBallNotFieldable,Undefined,Undefined,Undefined,0,0,,78.74097,1.052776,4.054458,1399.361349,89.606296,9:00,5.60941,-2.43939,6.43768,-43.19447,1.3826,-18.10926,2.97986,-0.21641,71.624,-7.010085,0.778109,0.480537,76.25734,72.079961,71.570366,4538.172365,-11.60325,91.7876,109.38629,140.16684,50.9947,96.903985,5.35269,10.69111,0.8435,2.15868,50,5.66521,-7.46379,-114.19197,0.86986,13.99666,22.69747,-31.06973,BOC_EAG,MAI_BLA,HarringtonVillage,D1,ACC,20260331-HarringtonVillage-1,e703a0c0-2d34-11f1-8528-2919e47e1546,78.43812,125.37101,,7.11697,,,,1.11111,3.02857,0.21671,627d9ed7-b483-4f20-be95-c4ef498f54ab,2026-03-31,19:07:45.65,2026-03-31T15:07:45.6520000-04:00,2026-03-31T19:07:45.6520000Z,Popup,v3,227,471344,16389,"Roossien, Jace",831501,Right,BOC_EAG,011f624e-1fb3-4828-9442-84d61288a15e,54.06217,-114.99656,11.34874,5.61486,1.97123,-15.53487,2.43205,-7.95995,6.99833,198.837267,1.10532,10.95756,-10.53498,3.29894,-0.38189,-0.12611,0.06098,-0.00959,0.00053,3.0363,106.23409,-28.21785,2.09745,0.64735,-0.48778,0.12776,-0.01593,0.00078,0.22802,32.43854,-0.15826,-1.45445,0.87623,-0.28126,0.04779,-0.00389,0.00011,,,,,,,,,,,,,,,,,,,,,,,High,High,High,High,Low,,,,114.711231,-20.622381,1309.693108,0.935922,9:45,0.394512,0.843601,-0.364275,-42.968785,19.711258,83.188559,103.598375,-10.532572,0.955591,-0.182794,-0.231153,38.336729,-72.860705,0.182794,-0.955591,0.231153,-38.336729,72.860705,-0.182794,0.955591,0.231153,-103.598375,10.532572,-0.955591,0.182794,-0.231153,65.21424,23.35103,-3.49822
10,2026-03-31,15:08:07.13,5,3,"Burnham, Jacob",831497,Left,BOC_EAG,"Rasmussen, Brody",1000250740,Right,MAI_BLA,Undefined,1,Top,1,1,1,Slider,Curveball,InPlay,Undefined,FlyBall,Sacrifice,1,1,,74.85364,0.809421,2.078715,2414.352162,295.209274,3:45,5.6485,-2.36003,5.68688,-52.88097,-2.55823,8.74402,1.99673,0.30697,68.95785,-8.849983,3.64247,0.510568,92.88632,42.766355,-29.550195,3883.42462,91.66123,97.79451,-60.8124,281.77359,241.22068,-39.289399,5.831684,-3.89087,-1.14461,2.17937,50,5.68311,-4.25484,-108.69693,-0.09917,-4.64226,19.53937,-33.53971,BOC_EAG,MAI_BLA,HarringtonVillage,D1,ACC,20260331-HarringtonVillage-1,f3d4e0c0-2d34-11f1-8528-2919e47e1546,73.82453,121.19985,,5.89578,,,,2.38233,2.08062,-0.15382,627d9ed7-b483-4f20-be95-c4ef498f54ab,2026-03-31,19:08:07.13,2026-03-31T15:08:07.1360000-04:00,2026-03-31T19:08:07.1360000Z,FlyBall,v3,227,471344,16389,"Roossien, Jace",831501,Right,BOC_EAG,ccd04662-79be-40b2-ade3-e56ba7e94429,54.81423,-109.55892,9.76969,5.65485,1.38045,-16.76986,2.36256,-4.05004,-2.32113,162.684835,2.38909,86.87003,-25.98041,6.88913,-1.18149,0.08862,0.00785,-0.00198,0.0001,2.07341,92.62202,-20.41137,1.01624,-0.01079,-0.03097,0.01127,-0.00172,9E-05,-0.15598,-49.28715,7.33254,-1.24484,0.07443,0.02642,-0.00755,0.00078,-3E-05,,,,,,,,,,,,,,,,,,,,,,,High,High,High,High,Low,,,,313.68087,-65.279445,1009.665126,0.418193,4:30,0.892924,-0.315238,0.321421,53.280865,-21.862097,-88.261798,144.157835,41.687004,0.437286,0.665061,-0.605372,47.689963,25.93082,0.665061,0.437286,0.605372,-47.689963,-25.93082,-0.665061,-0.437286,0.605372,-144.157835,-41.687004,-0.437286,-0.665061,-0.605372,,,
11,2026-03-31,15:08:53.58,6,1,"Burnham, Jacob",831497,Left,BOC_EAG,"Hauser, Rex",1000318641,Right,MAI_BLA,Undefined,1,Top,2,0,0,Slider,Curveball,StrikeCalled,Undefined,Undefined,Undefined,0,0,,76.25864,1.149917,2.700005,2474.943135,292.651973,3:45,5.69649,-2.43803,5.53696,-51.01715,-1.87106,8.37634,2.5212,0.78549,69.67252,-8.171806,4.191425,0.504563,,,,,,,,,,,,-3.39634,-0.77413,2.19804,50,5.7627,-5.5329,-110.54098,0.55986,-4.16538,21.32635,-33.12349,BOC_EAG,MAI_BLA,HarringtonVillage,D1,ACC,20260331-HarringtonVillage-1,0f8b73b0-2d35-11f1-8528-2919e47e1546,74.70307,,,6.58612,,,,,,,627d9ed7-b483-4f20-be95-c4ef498f54ab,2026-03-31,19:08:53.58,2026-03-31T15:08:53.5880000-04:00,2026-03-31T19:08:53.5880000Z,,v3,227,471344,16389,"Roossien, Jace",831501,Right,BOC_EAG,86fa63b6-f625-4a7a-b9d6-c9f737d29d06,54.96135,-111.49406,10.66318,5.7046,2.04014,-16.56175,2.44114,-5.34675,-2.08269,,,,,,,,,,,,,,,,,,,,,,,,,,,,,,,,,,,,,,,,,,,,,,,,,,,High,High,High,,,,,,311.134402,-69.128822,881.743088,0.356268,4:15,0.91674,-0.287027,0.277856,42.878344,-42.309911,-84.977125,144.19428,38.510492,0.457789,0.622658,-0.634607,44.455477,27.244548,0.622658,0.457789,0.634607,-44.455477,-27.244548,-0.622658,-0.457789,0.634607,-144.19428,-38.510492,-0.457789,-0.622658,-0.634607,,,
12,2026-03-31,15:09:07.95,6,2,"Burnham, Jacob",831497,Left,BOC_EAG,"Hauser, Rex",1000318641,Right,MAI_BLA,Undefined,1,Top,2,0,1,Fastball,Four-Seam,StrikeSwinging,Undefined,Undefined,Undefined,0,0,,88.01499,-0.454558,3.051457,2194.162483,149.820537,11:00,5.97571,-1.95076,6.15222,-20.37513,15.73068,-8.41859,3.8572,0.1697,79.60867,-4.339566,1.536179,0.432474,,,,,,,,,,,,5.26004,8.62465,1.72271,50,5.93061,-6.45448,-127.61055,-1.59444,8.58596,28.73903,-18.09609,BOC_EAG,MAI_BLA,HarringtonVillage,D1,ACC,20260331-HarringtonVillage-1,180a7090-2d35-11f1-8528-2919e47e1546,87.15539,,,8.40632,,,,,,,627d9ed7-b483-4f20-be95-c4ef498f54ab,2026-03-31,19:09:07.95,2026-03-31T15:09:07.9520000-04:00,2026-03-31T19:09:07.9520000Z,,v3,227,471344,16389,"Roossien, Jace",831501,Right,BOC_EAG,7d4431d1-375a-4a18-8fdb-14fba49cc812,54.34342,-128.585,14.36951,5.97427,-0.98085,-9.04804,1.9465,-6.7456,4.29298,,,,,,,,,,,,,,,,,,,,,,,,,,,,,,,,,,,,,,,,,,,,,,,,,,,High,High,High,,,,,,146.725872,-20.888015,2049.960091,0.934279,11:00,0.393546,0.5154,-0.761239,43.0349,-39.658363,11.067215,173.267323,17.264234,0.111955,0.296779,-0.948361,17.376921,6.428035,0.296779,0.111955,0.948361,-17.376921,-6.428035,-0.296779,-0.111955,0.948361,-173.267323,-17.264234,-0.111955,-0.296779,-0.948361,,,
13,2026-03-31,15:09:24.15,6,3,"Burnham, Jacob",831497,Left,BOC_EAG,"Hauser, Rex",1000318641,Right,MAI_BLA,Undefined,1,Top,2,0,2,Slider,Curveball,BallCalled,Undefined,Undefined,Undefined,0,0,,76.96086,-0.649289,4.107337,2448.200625,289.005669,3:45,5.72524,-2.25613,5.67482,-50.18164,-2.04878,10.50398,0.93655,2.45491,70.71578,-9.775534,5.979078,0.499335,,,,,,,,,,,,-4.0802,-0.35256,1.90254,50,5.63902,-8.3953,-111.44802,-2.87617,-5.08378,21.77786,-32.6133,BOC_EAG,MAI_BLA,HarringtonVillage,D1,ACC,20260331-HarringtonVillage-1,21c21480-2d35-11f1-8528-2919e47e1546,75.48526,,,6.24509,,,,,,,627d9ed7-b483-4f20-be95-c4ef498f54ab,2026-03-31,19:09:24.15,2026-03-31T15:09:24.1510000-04:00,2026-03-31T19:09:24.1510000Z,,v3,227,471344,16389,"Roossien, Jace",831501,Right,BOC_EAG,72e59d13-4975-4244-ba6d-87a39f9ea165,54.82415,-112.38674,10.88893,5.7327,-1.47039,-16.30665,2.25969,-8.17616,-2.54189,,,,,,,,,,,,,,,,,,,,,,,,,,,,,,,,,,,,,,,,,,,,,,,,,,,High,High,High,,,,,,315.052562,-66.955815,958.325817,0.391441,4:30,0.901063,-0.266091,0.342463,47.908919,-29.652814,-88.063017,142.708168,45.198551,0.426931,0.709553,-0.560593,51.68897,25.272958,0.709553,0.426931,0.560593,-51.68897,-25.272958,-0.709553,-0.426931,0.560593,-142.708168,-45.198551,-0.426931,-0.709553,-0.560593,,,
14,2026-03-31,15:09:42.47,6,4,"Burnham, Jacob",831497,Left,BOC_EAG,"Hauser, Rex",1000318641,Right,MAI_BLA,Undefined,1,Top,2,1,2,Slider,Curveball,StrikeSwinging,Strikeout,Undefined,Undefined,0,0,,75.8287,0.472764,3.029852,2503.799396,294.988136,3:45,5.73197,-2.29311,5.64289,-53.10704,-3.51142,11.06792,1.74802,1.45817,69.41907,-9.216946,5.004652,0.506866,,,,,,,,,,,,-4.66126,-1.4013,2.02861,50,5.73864,-6.2315,-109.92223,-0.79135,-5.64069,21.47607,-33.86979,BOC_EAG,MAI_BLA,HarringtonVillage,D1,ACC,20260331-HarringtonVillage-1,2ca9d400-2d35-11f1-8528-2919e47e1546,74.36374,,,6.40963,,,,,,,627d9ed7-b483-4f20-be95-c4ef498f54ab,2026-03-31,19:09:42.47,2026-03-31T15:09:42.4770000-04:00,2026-03-31T19:09:42.4770000Z,,v3,227,471344,16389,"Roossien, Jace",831501,Right,BOC_EAG,a3ce2d0c-8107-4ece-a787-edcdedd53d6d,54.85605,-110.86693,10.73804,5.74068,0.69852,-16.9349,2.29726,-5.98338,-2.82034,,,,,,,,,,,,,,,,,,,,,,,,,,,,,64.16126,,,1.100586,,,,-1.6913,5.45552,-1.47642,77.09928,3.47543,47.68338,-1.62984,80.70952,-8.44419,5.47814,13.0537,-13.55823,-1.48398,45.13976,-0.41095,High,High,High,,,High,High,High,312.007871,-62.791494,1144.812123,0.45723,4:30,0.869102,-0.347073,0.352423,-60.069801,30.731129,86.353351,148.205504,35.274635,0.430137,0.577496,-0.693888,39.769307,25.476226,0.577496,0.430137,0.693888,-39.769307,-25.476226,-0.577496,-0.430137,0.693888,-148.205504,-35.274635,-0.430137,-0.577496,-0.693888,,,
15,2026-03-31,15:12:44.12,1,1,"Stabley, Thomas",1000146615,Right,MAI_BLA,"Solier, Julio",827632,Right,BOC_EAG,Undefined,1,Bottom,0,0,0,Fastball,Sinker,HitByPitch,Undefined,Undefined,Undefined,0,0,,87.88744,-0.006076,-1.355513,2048.119425,229.01071,1:45,5.38111,2.04094,6.83699,-20.03111,15.00225,15.93792,3.7063,2.13266,79.87977,-3.866979,1.556337,0.426003,,,,,,,,,,,,-8.99721,8.33378,-1.9598,50,5.37317,2.47057,-127.85263,-0.51377,-14.76729,28.42919,-18.49566,BOC_EAG,MAI_BLA,HarringtonVillage,D1,ACC,20260331-HarringtonVillage-1,98dddef0-2d35-11f1-8528-2919e47e1546,88.47937,,,8.00767,,,,,,,627d9ed7-b483-4f20-be95-c4ef498f54ab,2026-03-31,19:12:44.12,2026-03-31T15:12:44.1260000-04:00,2026-03-31T19:12:44.1260000Z,,v3,227,471344,16389,"DeAndrade, Nolan",1000437002,Right,MAI_BLA,bddec8f9-9671-4b94-9636-e35d9f20709d,53.66358,-128.66468,14.21459,5.3803,0.01454,-9.24783,-2.03639,2.89238,-7.38364,,,,,,,,,,,,,,,,,,,,,,,,,,,,,,,,,,,,,,,,,,,,,,,,,,,High,High,High,,,,,,218.482151,24.453371,1864.399952,0.910298,1:15,-0.430634,-0.566496,-0.702593,-72.109507,-27.536973,62.791338,94.593173,-71.108614,0.322735,-0.946134,-0.025928,88.430253,-18.828428,0.946134,-0.322735,0.025928,-88.430253,18.828428,-0.946134,0.322735,0.025928,-94.593173,71.108614,-0.322735,0.946134,-0.025928,,,
16,2026-03-31,15:13:25.07,2,1,"Stabley, Thomas",1000146615,Right,MAI_BLA,"Mainolfi, Ty",839397,Left,BOC_EAG,Undefined,1,Bottom,0,0,0,Fastball,Sinker,BallCalled,Undefined,Undefined,Undefined,0,0,,87.91156,-1.158272,-1.549762,1926.752287,220.177531,1:15,5.39622,2.12687,6.78169,-20.30351,14.56666,11.38363,2.64629,1.66031,80.53357,-5.041579,0.528115,0.425009,,,,,,,,,,,,-6.41894,8.36197,-2.02958,50,5.31285,3.03452,-127.85115,-3.10437,-10.63289,26.16579,-18.32252,BOC_EAG,MAI_BLA,HarringtonVillage,D1,ACC,20260331-HarringtonVillage-1,b14c24b0-2d35-11f1-8528-2919e47e1546,88.68617,,,7.37799,,,,,,,627d9ed7-b483-4f20-be95-c4ef498f54ab,2026-03-31,19:13:25.07,2026-03-31T15:13:25.0790000-04:00,2026-03-31T19:13:25.0790000Z,,v3,227,471344,16389,"DeAndrade, Nolan",1000437002,Right,MAI_BLA,32f5646f-5612-4ed0-b405-a81a627e89bd,53.71606,-128.60942,13.0829,5.39512,-2.5734,-9.16126,-2.12199,3.34266,-5.31645,,,,,,,,,,,,,,,,,,,,,,,,,,,,,,,,,,,,,,,,,,,,,,,,,,,High,High,High,,,,,,222.626312,19.890123,1811.815332,0.940347,1:30,-0.345868,-0.643563,-0.68279,-69.416099,-33.157692,66.825327,90.035682,-10.681595,0.982672,-0.185351,-0.000612,89.810828,-79.318346,0.185351,-0.982672,0.000612,-89.810828,79.318346,-0.185351,0.982672,0.000612,-90.035682,10.681595,-0.982672,0.185351,-0.000612,,,
17,2026-03-31,15:13:44.66,2,2,"Stabley, Thomas",1000146615,Right,MAI_BLA,"Mainolfi, Ty",839397,Left,BOC_EAG,Undefined,1,Bottom,0,1,0,Fastball,Sinker,BallCalled,Undefined,Undefined,Undefined,0,0,,87.7985,-0.29147,-1.50667,2078.254598,233.395498,1:45,5.39129,2.27265,6.72354,-22.04505,12.91524,15.96099,3.28771,2.22537,80.52687,-4.489289,1.403465,0.425558,,,,,,,,,,,,-8.79811,7.23083,-2.17835,50,5.3632,2.76257,-127.74235,-1.2398,-14.57349,25.70893,-20.19662,BOC_EAG,MAI_BLA,HarringtonVillage,D1,ACC,20260331-HarringtonVillage-1,bcfa6880-2d35-11f1-8528-2919e47e1546,88.57175,,,7.27163,,,,,,,627d9ed7-b483-4f20-be95-c4ef498f54ab,2026-03-31,19:13:44.66,2026-03-31T15:13:44.6660000-04:00,2026-03-31T19:13:44.6660000Z,,v3,227,471344,16389,"DeAndrade, Nolan",1000437002,Right,MAI_BLA,46bf46b8-1a8f-4f59-b590-2daa055e557d,53.7752,-128.49989,12.85447,5.39096,-0.64469,-10.09831,-2.26608,3.19199,-7.28675,,,,,,,,,,,,,,,,,,,,,,,,,,,,,,,,,,,,,,,,,,,,,,,,,,,High,High,High,,,,,,222.339484,24.516407,1890.884321,0.909842,1:30,-0.429372,-0.614902,-0.661465,-72.29385,-22.504404,60.702114,91.758214,-19.424285,0.942638,-0.332561,-0.028935,85.027331,-70.499364,0.332561,-0.942638,0.028935,-85.027331,70.499364,-0.332561,0.942638,0.028935,-91.758214,19.424285,-0.942638,0.332561,-0.028935,,,
18,2026-03-31,15:14:24.62,2,3,"Stabley, Thomas",1000146615,Right,MAI_BLA,"Mainolfi, Ty",839397,Left,BOC_EAG,Undefined,1,Bottom,0,2,0,Fastball,Sinker,StrikeCalled,Undefined,Undefined,Undefined,0,0,,88.38016,-2.139769,-3.345576,2004.434409,234.003239,1:45,5.25087,2.23577,6.69475,-21.18348,13.69501,17.26509,1.52458,0.61164,80.63628,-6.178562,-0.203504,0.42506,,,,,,,,,,,,-10.03642,8.19083,-2.01877,50,5.09961,6.84282,-128.26139,-5.36407,-16.6562,27.45914,-18.58072,BOC_EAG,MAI_BLA,HarringtonVillage,D1,ACC,20260331-HarringtonVillage-1,d4cc2020-2d35-11f1-8528-2919e47e1546,88.6756,,,7.74387,,,,,,,627d9ed7-b483-4f20-be95-c4ef498f54ab,2026-03-31,19:14:24.62,2026-03-31T15:14:24.6270000-04:00,2026-03-31T19:14:24.6270000Z,,v3,227,471344,16389,"DeAndrade, Nolan",1000437002,Right,MAI_BLA,a00a4e31-6503-415d-8848-e717bd657e90,53.80365,-129.07313,13.72957,5.25006,-4.81479,-9.29036,-2.22833,7.33521,-8.3281,,,,,,,,,,,,,,,,,,,,,,,,,,,,,,,,,,,,,,,,,,,,,,,,,,,High,High,High,,,,,,224.862864,18.288386,1903.188628,0.949489,1:30,-0.327356,-0.681031,-0.655008,-48.460653,-30.408632,72.55874,92.493482,-12.218896,0.976421,-0.211647,-0.04252,78.640429,-77.533071,0.211647,-0.976421,0.04252,-78.640429,77.533071,-0.211647,0.976421,0.04252,-92.493482,12.218896,-0.976421,0.211647,-0.04252,,,
19,2026-03-31,15:14:48.16,2,4,"Stabley, Thomas",1000146615,Right,MAI_BLA,"Mainolfi, Ty",839397,Left,BOC_EAG,Undefined,1,Bottom,0,2,1,Sinker,Sinker,FoulBallNotFieldable,Undefined,Undefined,Undefined,0,0,,89.00528,-1.103099,-3.492914,2089.151825,239.752724,2:00,5.38689,2.23873,6.71951,-23.11198,11.29394,17.39458,2.45062,0.49168,80.96544,-5.503149,-0.326818,0.422171,,,,,,,,,,,,-10.2315,6.6363,-2.01364,50,5.3047,7.23382,-129.21155,-3.13049,-17.18523,28.5547,-21.02749,BOC_EAG,MAI_BLA,HarringtonVillage,D1,ACC,20260331-HarringtonVillage-1,e2d60730-2d35-11f1-8528-2919e47e1546,89.28247,,,8.03984,,,,,,,627d9ed7-b483-4f20-be95-c4ef498f54ab,2026-03-31,19:14:48.16,2026-03-31T15:14:48.1640000-04:00,2026-03-31T19:14:48.1640000Z,,v3,227,471344,16389,"DeAndrade, Nolan",1000437002,Right,MAI_BLA,55c9b9be-4ffc-45ac-a72d-d1bcabadfb06,53.77957,-130.04412,14.27735,5.38704,-2.51739,-10.51374,-2.23186,7.73489,-8.59262,,,,,,,,,,,,,,,,,,,,,,,,,,,,,,,,,,,,,,,,,,,,,,,,,,,High,High,High,,,,,,224.139586,17.811751,1989.01183,0.952067,1:30,-0.334152,-0.668794,-0.664122,-57.481584,-26.938943,72.597223,92.286877,-16.32675,0.95891,-0.281115,-0.038294,82.242842,-73.518185,0.281115,-0.95891,0.038294,-82.242842,73.518185,-0.281115,0.95891,0.038294,-92.286877,16.32675,-0.95891,0.281115,-0.038294,,,
20,2026-03-31,15:15:26.92,2,5,"Stabley, Thomas",1000146615,Right,MAI_BLA,"Mainolfi, Ty",839397,Left,BOC_EAG,Undefined,1,Bottom,0,2,2,Fastball,Sinker,BallCalled,Undefined,Undefined,Undefined,0,0,,88.68617,-1.570582,-2.11946,2080.537541,229.806024,1:45,5.32305,2.06742,6.53063,-21.25761,13.2941,14.48225,2.1095,1.32915,81.43843,-5.598719,0.511063,0.423064,,,,,,,,,,,,-8.14209,7.7237,-1.92586,50,5.20461,4.21155,-128.91162,-4.13337,-13.74477,26.0007,-19.13556,BOC_EAG,MAI_BLA,HarringtonVillage,D1,ACC,20260331-HarringtonVillage-1,f9edbda0-2d35-11f1-8528-2919e47e1546,89.09392,,,7.24774,,,,,,,627d9ed7-b483-4f20-be95-c4ef498f54ab,2026-03-31,19:15:26.92,2026-03-31T15:15:26.9240000-04:00,2026-03-31T19:15:26.9240000Z,,v3,227,471344,16389,"DeAndrade, Nolan",1000437002,Right,MAI_BLA,c5c295d0-c926-4902-8bda-2c27a1356994,53.96821,-129.70951,13.00035,5.32244,-3.54615,-9.56778,-2.06157,4.63334,-6.87239,,,,,,,,,,,,,,,,,,,,,,,,,,,,,,,,,,,,,,,,,,,,,,,,,,,High,High,High,,,,,,223.748936,15.798962,2001.940923,0.962223,1:30,-0.279456,-0.672589,-0.685221,-55.747586,-35.49916,79.997333,103.275122,-77.614611,0.208755,-0.976727,-0.049252,87.113281,-12.049396,0.976727,-0.208755,0.049252,-87.113281,12.049396,-0.976727,0.208755,0.049252,-103.275122,77.614611,-0.208755,0.976727,-0.049252,,,
21,2026-03-31,15:15:45.62,2,6,"Stabley, Thomas",1000146615,Right,MAI_BLA,"Mainolfi, Ty",839397,Left,BOC_EAG,Undefined,1,Bottom,0,3,2,Fastball,Sinker,InPlay,Undefined,GroundBall,Out,1,0,,88.42821,-0.980465,-2.52696,2071.800462,238.482209,2:00,5.31878,2.15854,6.66218,-23.40781,11.43918,16.78186,2.47001,1.24328,80.55835,-5.430284,0.528018,0.424868,75.91767,-42.603399,-9.711546,,,,,3.57432,3.57432,-28.213108,0.031623,-9.60697,6.66315,-1.99504,50,5.2434,5.04192,-128.48784,-2.85181,-15.96794,28.0502,-21.09908,BOC_EAG,MAI_BLA,HarringtonVillage,D1,ACC,20260331-HarringtonVillage-1,05106340-2d36-11f1-8528-2919e47e1546,88.71567,2.3906,,7.86986,,,,0.58748,2.3906,-1.25127,627d9ed7-b483-4f20-be95-c4ef498f54ab,2026-03-31,19:15:45.62,2026-03-31T15:15:45.6290000-04:00,2026-03-31T19:15:45.6290000Z,GroundBall,v3,227,471344,16389,"DeAndrade, Nolan",1000437002,Right,MAI_BLA,b24285cc-a66d-4fc4-978c-fb7349043b14,53.83699,-129.32278,14.0251,5.31894,-2.22377,-10.54954,-2.15219,5.51721,-7.98397,,0.58625,81.02293,,,,,,,,2.39174,-75.59661,,,,,,,,-1.25106,-13.86631,,,,,,,,,,,,,,,,,,,,,,,,,,,,,,High,High,High,Estimated,Estimated,,,,221.482923,21.905332,1922.219652,0.927802,1:30,-0.392796,-0.620867,-0.678407,-58.951762,-34.30211,68.689278,101.269485,-77.997245,0.203949,-0.978138,-0.04064,87.620818,-11.767984,0.978138,-0.203949,0.04064,-87.620818,11.767984,-0.978138,0.203949,0.04064,-101.269485,77.997245,-0.203949,0.978138,-0.04064,,,
22,2026-03-31,15:16:24.71,3,1,"Stabley, Thomas",1000146615,Right,MAI_BLA,"Wang, Nick",813482,Right,BOC_EAG,Undefined,1,Bottom,1,0,0,Fastball,Sinker,FoulBallNotFieldable,Undefined,Undefined,Undefined,0,0,,88.93391,-0.712122,-3.753128,2081.95289,230.447145,1:45,5.33254,2.02258,6.94671,-19.94824,14.11202,15.7504,3.02068,-0.08538,81.05703,-4.549849,-0.876587,0.420044,76.57991,56.662105,132.071034,5147.330497,,,,,34.56061,,,-9.47922,8.05792,-1.79366,50,5.28098,7.90538,-129.16141,-2.10274,-15.9626,27.69556,-18.60484,BOC_EAG,MAI_BLA,HarringtonVillage,D1,ACC,20260331-HarringtonVillage-1,1c5a4d40-2d36-11f1-8528-2919e47e1546,89.73441,47.18049,,7.87689,,,,0.37668,2.96775,0.06923,627d9ed7-b483-4f20-be95-c4ef498f54ab,2026-03-31,19:16:24.71,2026-03-31T15:16:24.7170000-04:00,2026-03-31T19:16:24.7170000Z,,v3,227,471344,16389,"DeAndrade, Nolan",1000437002,Right,MAI_BLA,b4ac5a51-d631-40d0-bd1f-54342a481c52,53.55255,-129.92093,13.84778,5.33165,-1.59252,-9.30242,-2.01646,8.34314,-7.9813,330.095468,0.37668,-41.36075,-5.94487,2.79622,3.00323,-16.45704,36.40488,-39.31041,16.68308,2.96775,93.83444,-33.78749,4.79607,-0.19438,-2.95449,6.61978,-6.96741,2.88337,0.06923,45.82005,-11.48313,2.95901,2.46107,-13.20646,28.97461,-31.1137,13.14485,,,,,,,,,,,,,,,,,,,,,,,High,High,High,High,Undefined,,,,221.671991,20.509144,1949.990984,0.936616,1:30,-0.387651,-0.62703,-0.675692,-61.491405,-27.918572,70.307544,92.094829,-72.434616,0.301592,-0.953373,-0.011032,89.337051,-17.553263,0.953373,-0.301592,0.011032,-89.337051,17.553263,-0.953373,0.301592,0.011032,-92.094829,72.434616,-0.301592,0.953373,-0.011032,,,
23,2026-03-31,15:16:45.89,3,2,"Stabley, Thomas",1000146615,Right,MAI_BLA,"Wang, Nick",813482,Right,BOC_EAG,Undefined,1,Bottom,1,0,1,Fastball,Sinker,InPlay,Undefined,LineDrive,Single,0,1,,89.31236,-1.32816,-3.906237,2042.608047,233.180689,1:45,5.33501,1.98584,6.73412,-20.14407,14.32383,17.4656,2.43965,-0.13367,80.52402,-5.208684,-0.72936,0.42255,103.31596,7.152569,9.359393,1450.754557,107.3135,8.66866,24.16207,191.12146,189.74524,15.268668,1.556071,-10.48445,8.35622,-1.73421,50,5.23936,8.17692,-129.48676,-3.52901,-17.53178,30.84846,-18.20099,BOC_EAG,MAI_BLA,HarringtonVillage,D1,ACC,20260331-HarringtonVillage-1,28fbcab0-2d36-11f1-8528-2919e47e1546,89.20221,8.82426,,8.78834,,,,0.51503,2.3486,0.14488,627d9ed7-b483-4f20-be95-c4ef498f54ab,2026-03-31,19:16:45.89,2026-03-31T15:16:45.8920000-04:00,2026-03-31T19:16:45.8920000Z,GroundBall,v3,227,471344,16389,"DeAndrade, Nolan",1000437002,Right,MAI_BLA,c9bc68e0-6b38-4149-b6bf-062de83f9824,53.76372,-130.38033,15.42423,5.33395,-3.00179,-9.1005,-1.97842,8.68475,-8.76589,247.801865,0.51503,148.34912,-24.22809,4.0967,-0.82555,0.1553,-0.02943,0.00466,-0.00041,2.3486,18.86726,-14.33244,0.95784,-0.14278,0.03067,-0.00477,0.00068,-7E-05,0.14488,24.45102,7.88924,-2.66783,0.73538,-0.18262,0.04048,-0.00698,0.00064,,,,,,,,,,,,,,,,,,,,,,,High,High,High,High,High,,,,225.249519,16.684623,1956.613394,0.9579,1:30,-0.31657,-0.686753,-0.654335,-53.399651,-29.31552,78.825769,93.519028,-74.023245,0.274728,-0.961373,-0.016895,88.993217,-15.945827,0.961373,-0.274728,0.016895,-88.993217,15.945827,-0.961373,0.274728,0.016895,-93.519028,74.023245,-0.274728,0.961373,-0.016895,73.80328,7.40154,4.665
24,2026-03-31,15:17:32.79,4,1,"Stabley, Thomas",1000146615,Right,MAI_BLA,"Toomey, Jack",809057,Right,BOC_EAG,Undefined,1,Bottom,1,0,0,Cutter,Slider,BallCalled,Undefined,Undefined,Undefined,0,0,,85.90521,-0.576154,-3.453696,2279.484467,171.608892,11:45,5.24854,2.20156,6.50343,-26.09962,10.65469,-1.41701,2.5438,-1.09018,79.34784,-5.471996,-3.710155,0.436341,,,,,,,,,,,,-0.13539,6.07055,-1.95941,50,5.19671,7.58423,-124.79712,-2.00693,-0.21534,23.11162,-22.51886,BOC_EAG,MAI_BLA,HarringtonVillage,D1,ACC,20260331-HarringtonVillage-1,44fe0ca0-2d36-11f1-8528-2919e47e1546,86.38307,,,6.55737,,,,,,,627d9ed7-b483-4f20-be95-c4ef498f54ab,2026-03-31,19:17:32.79,2026-03-31T15:17:32.7980000-04:00,2026-03-31T19:17:32.7980000Z,,v3,227,471344,16389,"DeAndrade, Nolan",1000437002,Right,MAI_BLA,942b88a8-72b4-45d8-a652-b64da1bf4890,53.99521,-125.53483,11.55581,5.2493,-1.28814,-11.25943,-2.2016,7.5911,-0.10767,,,,,,,,,,,,,,,,,,,,,,,,,,,,,,,,,,,,,,,,,,,,,,,,,,,High,High,High,,,,,,213.859324,52.252444,1395.462902,0.612184,1:15,-0.816441,-0.349015,-0.460014,56.685491,-13.54368,83.23033,147.112253,-7.797984,0.537974,-0.135681,-0.831971,9.262458,-32.545799,0.135681,-0.537974,0.831971,-9.262458,32.545799,-0.135681,0.537974,0.831971,-147.112253,7.797984,-0.537974,0.135681,-0.831971,,,
25,2026-03-31,15:17:50.62,4,2,"Stabley, Thomas",1000146615,Right,MAI_BLA,"Toomey, Jack",809057,Right,BOC_EAG,Undefined,1,Bottom,1,1,0,Cutter,Slider,StrikeCalled,Undefined,Undefined,Undefined,0,0,,85.03318,-0.596662,-2.903149,2263.558483,182.639109,12:00,5.22975,2.24671,6.37631,-30.01813,7.61859,0.30189,2.17858,-0.40139,78.64362,-6.190626,-2.84856,0.441547,,,,,,,,,,,,-0.8902,4.47114,-2.03739,50,5.17274,6.25629,-123.5887,-2.19171,-1.38927,22.55071,-25.19629,BOC_EAG,MAI_BLA,HarringtonVillage,D1,ACC,20260331-HarringtonVillage-1,4f990bb0-2d36-11f1-8528-2919e47e1546,85.36441,,,6.38957,,,,,,,627d9ed7-b483-4f20-be95-c4ef498f54ab,2026-03-31,19:17:50.62,2026-03-31T15:17:50.6270000-04:00,2026-03-31T19:17:50.6270000Z,,v3,227,471344,16389,"DeAndrade, Nolan",1000437002,Right,MAI_BLA,7bd20936-5e7b-4034-abaa-88ddef8464a3,54.12279,-124.33869,11.27535,5.23169,-1.35373,-12.59815,-2.24623,6.3025,-0.69464,,,,,,,,,,,,,,,,,,,,,,,,,,,,,,,,,,,,,,,,,,,,,,,,,,,High,High,High,,,,,,210.149217,55.610635,1278.489149,0.564814,1:00,-0.845901,-0.292258,-0.446136,62.110798,-21.647554,81.955097,146.699618,-7.970056,0.543725,-0.138656,-0.82773,9.509493,-32.937587,0.138656,-0.543725,0.82773,-9.509493,32.937587,-0.138656,0.543725,0.82773,-146.699618,7.970056,-0.543725,0.138656,-0.82773,,,
26,2026-03-31,15:18:10.76,4,3,"Stabley, Thomas",1000146615,Right,MAI_BLA,"Toomey, Jack",809057,Right,BOC_EAG,Undefined,1,Bottom,1,1,1,Cutter,Slider,FoulBallNotFieldable,Undefined,Undefined,Undefined,0,0,,84.12733,0.315626,-1.217257,2215.985273,176.830916,12:00,5.31484,2.15023,6.1889,-31.17632,7.82599,-0.36591,3.00829,0.99568,77.01133,-5.509189,-1.283302,0.449486,64.11216,14.268008,159.498348,3117.468845,,,,110.46351,46.87623,165.048243,1.327151,-0.15181,4.32154,-2.05831,50,5.32281,2.61195,-122.27591,-0.27912,-0.22957,24.35749,-25.63848,BOC_EAG,MAI_BLA,HarringtonVillage,D1,ACC,20260331-HarringtonVillage-1,5b954870-2d36-11f1-8528-2919e47e1546,83.8567,9.60269,,7.116,,,,0.60294,2.89915,-1.00774,627d9ed7-b483-4f20-be95-c4ef498f54ab,2026-03-31,19:18:10.76,2026-03-31T15:18:10.7680000-04:00,2026-03-31T19:18:10.7680000Z,GroundBall,v3,227,471344,16389,"DeAndrade, Nolan",1000437002,Right,MAI_BLA,b05e7722-a59f-46e9-8286-590a437a8ad6,54.30998,-123.13147,12.17874,5.3168,0.62143,-12.81924,-2.15019,2.62002,-0.11479,300.502288,0.60294,-85.35861,4.21116,-0.72341,0.09731,-0.04101,0.02369,-0.003,-0.00101,2.89914,23.17501,-20.95069,1.77688,-0.42115,0.17854,-0.08677,0.01829,0.00045,-1.00774,31.9163,-9.91637,2.4897,-0.33984,-0.17811,0.15804,-0.03765,-0.00068,,,,,,,,,,,,,,,,,,,,,,,High,High,High,High,Medium,,,,210.249268,55.216284,1264.175643,0.57048,1:00,-0.833165,-0.282858,-0.475213,65.012663,-21.41174,83.914554,148.80475,-3.365313,0.517063,-0.058702,-0.853932,3.932509,-31.135443,0.058702,-0.517063,0.853932,-3.932509,31.135443,-0.058702,0.517063,0.853932,-148.80475,3.365313,-0.517063,0.058702,-0.853932,,,
27,2026-03-31,15:18:36.26,4,4,"Stabley, Thomas",1000146615,Right,MAI_BLA,"Toomey, Jack",809057,Right,BOC_EAG,Undefined,1,Bottom,1,1,2,Fastball,Four-Seam,BallCalled,Undefined,Undefined,Undefined,0,0,,89.12178,0.741357,-2.601708,2186.560799,209.999466,1:00,5.39497,2.08387,6.93175,-15.28308,18.84647,10.20981,4.797,0.56465,80.5182,-2.265571,-0.735774,0.420472,,,,,,,,,,,,-6.18567,10.1089,-1.92404,50,5.43515,5.49497,-129.43445,1.36677,-10.38359,29.66183,-15.20479,BOC_EAG,MAI_BLA,HarringtonVillage,D1,ACC,20260331-HarringtonVillage-1,6ac49cb0-2d36-11f1-8528-2919e47e1546,89.64326,,,8.60358,,,,,,,627d9ed7-b483-4f20-be95-c4ef498f54ab,2026-03-31,19:18:36.26,2026-03-31T15:18:36.2620000-04:00,2026-03-31T19:18:36.2620000Z,,v3,227,471344,16389,"DeAndrade, Nolan",1000437002,Right,MAI_BLA,92c03e41-70e0-4cc2-a853-b7d0e90955a3,53.56403,-130.24864,14.83091,5.39191,1.78413,-7.60239,-2.07878,5.77999,-5.19179,,,,,,,,,,,,,,,,,,,,,,,,,,,,,,,,,,,,,,,,,,,,,,,,,,,High,High,High,,,,,,221.169221,25.171638,1978.919979,0.905038,1:15,-0.463483,-0.59022,-0.660926,-65.741269,10.097601,-27.097806,178.44825,-18.274413,0.025714,-0.313568,-0.949217,18.280671,-1.473471,0.313568,-0.025714,0.949217,-18.280671,1.473471,-0.313568,0.025714,0.949217,-178.44825,18.274413,-0.025714,0.313568,-0.949217,,,
28,2026-03-31,15:18:55.35,4,5,"Stabley, Thomas",1000146615,Right,MAI_BLA,"Toomey, Jack",809057,Right,BOC_EAG,Undefined,1,Bottom,1,2,2,Cutter,Slider,BallCalled,Undefined,Undefined,Undefined,0,0,,85.38478,-0.40767,-3.399752,2260.490707,157.563901,11:15,5.21949,2.05685,6.4844,-30.48301,7.14953,-2.45847,2.30428,-1.27312,78.12048,-6.118482,-3.844681,0.441523,,,,,,,,,,,,0.30583,4.23488,-1.81694,50,5.17755,7.45417,-123.92985,-1.78353,0.47403,25.54502,-25.61006,BOC_EAG,MAI_BLA,HarringtonVillage,D1,ACC,20260331-HarringtonVillage-1,762ef9b0-2d36-11f1-8528-2919e47e1546,85.36916,,,7.26431,,,,,,,627d9ed7-b483-4f20-be95-c4ef498f54ab,2026-03-31,19:18:55.35,2026-03-31T15:18:55.3520000-04:00,2026-03-31T19:18:55.3520000Z,,v3,227,471344,16389,"DeAndrade, Nolan",1000437002,Right,MAI_BLA,0c3c7967-612d-479c-bc06-2062e4030c65,54.01333,-124.75436,12.77251,5.22178,-0.95693,-12.80503,-2.05729,7.43887,0.23701,,,,,,,,,,,,,,,,,,,,,,,,,,,,,,,,,,,,,,,,,,,,,,,,,,,High,High,High,,,,,,208.528931,58.082172,1195.127035,0.528702,1:00,-0.873045,-0.258543,-0.41346,62.597595,-11.125699,78.226435,149.684444,-4.756821,0.503023,-0.082927,-0.860285,5.505992,-30.200231,0.082927,-0.503023,0.860285,-5.505992,30.200231,-0.082927,0.503023,0.860285,-149.684444,4.756821,-0.503023,0.082927,-0.860285,,,
29,2026-03-31,15:19:20.35,4,6,"Stabley, Thomas",1000146615,Right,MAI_BLA,"Toomey, Jack",809057,Right,BOC_EAG,Undefined,1,Bottom,1,3,2,Slider,Slider,StrikeSwinging,Strikeout,Undefined,Undefined,0,0,,83.86616,0.141626,-2.17389,2250.109927,175.089389,11:45,5.21421,2.02478,6.45041,-28.21702,10.21134,-0.78665,2.993,-0.03895,77.66178,-5.143953,-2.316416,0.446167,,,,,,,,,,,,-0.11846,5.65343,-1.87049,50,5.21148,4.65979,-122.00041,-0.50752,-0.18069,21.26812,-23.54975,BOC_EAG,MAI_BLA,HarringtonVillage,D1,ACC,20260331-HarringtonVillage-1,85136240-2d36-11f1-8528-2919e47e1546,84.48059,,,6.20438,,,,,,,627d9ed7-b483-4f20-be95-c4ef498f54ab,2026-03-31,19:19:20.35,2026-03-31T15:19:20.3570000-04:00,2026-03-31T19:19:20.3570000Z,,v3,227,471344,16389,"DeAndrade, Nolan",1000437002,Right,MAI_BLA,df97d047-07d6-45c9-8eea-080f201d4830,54.04848,-122.70414,10.63406,5.21538,0.27172,-11.77488,-2.02478,4.66577,-0.09034,,,,,,,,,,,,,,,,,,,,,,,,,,,,,,,,,,,,,,,,,,,,,,,,,,,High,High,High,,,,,,207.992175,59.748029,1133.613705,0.503804,1:00,-0.880653,-0.234325,-0.411756,55.554302,-0.496921,82.4522,159.197625,-8.043006,0.351652,-0.139916,-0.925616,8.595774,-20.588408,0.139916,-0.351652,0.925616,-8.595774,20.588408,-0.139916,0.351652,0.925616,-159.197625,8.043006,-0.351652,0.139916,-0.925616,,,
30,2026-03-31,15:19:54.51,5,1,"Stabley, Thomas",1000146615,Right,MAI_BLA,"Hendrickson, Carter",830138,Right,BOC_EAG,Undefined,1,Bottom,2,0,0,Cutter,Slider,FoulBallNotFieldable,Undefined,Undefined,Undefined,0,0,,85.43413,-0.323689,-2.625005,2301.581579,181.847213,12:00,5.15947,2.14342,6.40963,-29.54415,8.02288,0.22083,2.39952,-0.25341,78.24627,-5.86101,-2.585037,0.441138,,,,,,,,,,,,-0.86236,4.61288,-1.9557,50,5.12268,5.68304,-124.1312,-1.57429,-1.34276,25.32479,-24.99152,BOC_EAG,MAI_BLA,HarringtonVillage,D1,ACC,20260331-HarringtonVillage-1,996e90c0-2d36-11f1-8528-2919e47e1546,85.44357,,,7.18787,,,,,,,627d9ed7-b483-4f20-be95-c4ef498f54ab,2026-03-31,19:19:54.51,2026-03-31T15:19:54.5190000-04:00,2026-03-31T19:19:54.5190000Z,,v3,227,471344,16389,"DeAndrade, Nolan",1000437002,Right,MAI_BLA,014a326e-9ea8-4196-8c9c-eac54acbd3de,54.09033,-124.9629,12.6624,5.1609,-0.75353,-12.49576,-2.14306,5.72714,-0.67138,,,,,,,,,,,,,,,,,,,,,,,,,,,,,,,,,,,,,,,,,,,,,,,,,,,High,High,High,,,,,,211.387573,54.249561,1344.712594,0.584256,1:00,-0.83183,-0.308875,-0.461145,63.171864,-21.142279,81.74461,145.507245,-5.988016,0.563212,-0.10432,-0.819701,7.252843,-34.27823,0.10432,-0.563212,0.819701,-7.252843,34.27823,-0.10432,0.563212,0.819701,-145.507245,5.988016,-0.563212,0.10432,-0.819701,,,
31,2026-03-31,15:20:16.22,5,2,"Stabley, Thomas",1000146615,Right,MAI_BLA,"Hendrickson, Carter",830138,Right,BOC_EAG,Undefined,1,Bottom,2,0,1,Cutter,Slider,BallCalled,Undefined,Undefined,Undefined,0,0,,86.13371,-0.02675,-3.78585,2249.29375,199.498593,12:45,5.18001,1.98502,6.34305,-30.41718,7.15422,2.06744,2.62056,-1.33304,77.93806,-5.73838,-3.412919,0.441164,,,,,,,,,,,,-2.26803,4.13725,-1.71041,50,5.16403,8.17754,-124.81069,-0.98711,-3.53077,28.19097,-25.7334,BOC_EAG,MAI_BLA,HarringtonVillage,D1,ACC,20260331-HarringtonVillage-1,a663d380-2d36-11f1-8528-2919e47e1546,85.43859,,,8.19565,,,,,,,627d9ed7-b483-4f20-be95-c4ef498f54ab,2026-03-31,19:20:16.22,2026-03-31T15:20:16.2220000-04:00,2026-03-31T19:20:16.2220000Z,,v3,227,471344,16389,"DeAndrade, Nolan",1000437002,Right,MAI_BLA,48823996-235a-4f24-ac8c-8425e43c2acb,54.15274,-125.74517,14.09549,5.18261,-0.13409,-12.8667,-1.98342,8.29458,-1.76538,,,,,,,,,,,,,,,,,,,,,,,,,,,,,,,,,,,,,,,,,,,,,,,,,,,High,High,High,,,,,,212.283282,54.103811,1318.802485,0.586318,1:00,-0.840896,-0.313534,-0.441124,65.517062,-19.228495,84.518161,148.851646,-4.171006,0.515886,-0.072734,-0.853564,4.870495,-31.05668,0.072734,-0.515886,0.853564,-4.870495,31.05668,-0.072734,0.515886,0.853564,-148.851646,4.171006,-0.515886,0.072734,-0.853564,,,
32,2026-03-31,15:20:35.30,5,3,"Stabley, Thomas",1000146615,Right,MAI_BLA,"Hendrickson, Carter",830138,Right,BOC_EAG,Undefined,1,Bottom,2,1,1,Cutter,Slider,FoulBallNotFieldable,Undefined,Undefined,Undefined,0,0,,84.73469,0.077398,-2.651501,2256.472749,164.499292,11:30,5.15067,2.20952,6.17395,-31.28222,7.33205,-1.69272,2.61537,-0.38209,77.4518,-5.759115,-2.956443,0.447245,70.35619,-51.778897,-92.063999,,,,,4.68021,4.46296,-24.431201,0.036475,0.1189,4.1102,-2.008,50,5.14048,5.76155,-123.04528,-0.79628,0.18159,25.30549,-25.89736,BOC_EAG,MAI_BLA,HarringtonVillage,D1,ACC,20260331-HarringtonVillage-1,b1bec730-2d36-11f1-8528-2919e47e1546,84.27698,2.96978,,7.28289,,,,4.34537,2.96978,0.4015,627d9ed7-b483-4f20-be95-c4ef498f54ab,2026-03-31,19:20:35.30,2026-03-31T15:20:35.3000000-04:00,2026-03-31T19:20:35.3000000Z,GroundBall,v3,227,471344,16389,"DeAndrade, Nolan",1000437002,Right,MAI_BLA,a3801d87-3836-4a9a-be8c-7f33241b15ea,54.32573,-123.93172,12.65275,5.15249,0.11089,-12.94868,-2.20971,5.75518,0.0908,180,4.34543,-2.30932,,,,,,,,2.97184,-81.41968,,,,,,,,0.40313,-64.07794,,,,,,,,,,,,,,,,,,,,,,,,,,,,,,High,High,High,Low,Low,,,,204.533058,58.233996,1187.923284,0.526451,12:45,-0.871745,-0.217444,-0.439067,75.607195,-36.041785,84.190739,149.664049,-2.285873,0.504667,-0.039885,-0.862392,2.648029,-30.309274,0.039885,-0.504667,0.862392,-2.648029,30.309274,-0.039885,0.504667,0.862392,-149.664049,2.285873,-0.504667,0.039885,-0.862392,68.0805,15.65296,-27.35964
33,2026-03-31,15:21:00.24,5,4,"Stabley, Thomas",1000146615,Right,MAI_BLA,"Hendrickson, Carter",830138,Right,BOC_EAG,Undefined,1,Bottom,2,1,2,Fastball,Sinker,BallCalled,Undefined,Undefined,Undefined,0,0,,89.67828,0.32943,-3.574304,2227.533374,222.910587,1:30,5.39404,2.00448,7.01874,-18.84355,14.44497,12.4667,4.12372,-0.20921,81.89793,-3.304891,-1.294775,0.415259,,,,,,,,,,,,-7.60394,7.93174,-1.78967,50,5.40741,7.68044,-130.29292,0.29857,-13.07969,27.21174,-18.53057,BOC_EAG,MAI_BLA,HarringtonVillage,D1,ACC,20260331-HarringtonVillage-1,c097e520-2d36-11f1-8528-2919e47e1546,90.76857,,,7.78035,,,,,,,627d9ed7-b483-4f20-be95-c4ef498f54ab,2026-03-31,19:21:00.24,2026-03-31T15:21:00.2400000-04:00,2026-03-31T19:21:00.2400000Z,,v3,227,471344,16389,"DeAndrade, Nolan",1000437002,Right,MAI_BLA,69c52425-378a-4799-b724-b79bdf7ef84e,53.47929,-131.01755,13.60587,5.39288,0.79203,-9.26529,-1.99884,8.02875,-6.53985,,,,,,,,,,,,,,,,,,,,,,,,,,,,,,,,,,,,,,,,,,,,,,,,,,,High,High,High,,,,,,219.787152,29.390552,1940.838126,0.871295,1:15,-0.534737,-0.554743,-0.637429,-71.546281,10.313465,-31.577883,176.976505,-22.637434,0.048682,-0.384898,-0.921674,22.6658,-2.790369,0.384898,-0.048682,0.921674,-22.6658,2.790369,-0.384898,0.048682,0.921674,-176.976505,22.637434,-0.048682,0.384898,-0.921674,,,
34,2026-03-31,15:21:19.78,5,5,"Stabley, Thomas",1000146615,Right,MAI_BLA,"Hendrickson, Carter",830138,Right,BOC_EAG,Undefined,1,Bottom,2,2,2,Fastball,Four-Seam,InPlay,Undefined,Popup,Out,1,0,,89.42786,-1.342423,-3.303063,2183.64371,219.397953,1:15,5.28211,1.98616,7.06767,-19.21981,14.0541,10.72158,2.45935,-0.12274,82.18629,-5.03157,-1.339269,0.415168,90.76184,64.844575,-3.643921,,,,,118.98911,56.70138,5.218162,6.22383,-6.65552,8.20591,-1.79069,50,5.19484,7.13393,-130.01662,-3.51973,-11.44058,26.18183,-18.06834,BOC_EAG,MAI_BLA,HarringtonVillage,D1,ACC,20260331-HarringtonVillage-1,cc3957b0-2d36-11f1-8528-2919e47e1546,90.78851,162.15458,,7.24157,,,,1.88889,2.33986,0.10893,627d9ed7-b483-4f20-be95-c4ef498f54ab,2026-03-31,19:21:19.78,2026-03-31T15:21:19.7860000-04:00,2026-03-31T19:21:19.7860000Z,Popup,v3,227,471344,16389,"DeAndrade, Nolan",1000437002,Right,MAI_BLA,a7febef5-35c2-4279-8714-19887f173beb,53.43258,-130.70603,13.09092,5.28125,-3.04397,-9.03417,-1.9825,7.43517,-5.72029,183.985659,1.87987,56.58944,-23.38715,7.99401,-2.08794,0.41963,-0.05689,0.00437,-0.00014,2.31343,120.94548,-30.33386,5.14538,-1.84079,0.5794,-0.11388,0.01167,-0.00048,0.11263,-3.65519,4.21384,-1.80666,0.59498,-0.14935,0.02454,-0.00224,9E-05,,,,,,,,,,,,,,,,,,,,,,,High,High,High,Medium,Low,,,,220.187136,30.306343,1885.226292,0.86334,1:15,-0.528618,-0.56877,-0.63013,-66.12803,14.491537,-26.045176,176.318888,-17.984804,0.061066,-0.308765,-0.949176,18.019584,-3.501017,0.308765,-0.061066,0.949176,-18.019584,3.501017,-0.308765,0.061066,0.949176,-176.318888,17.984804,-0.061066,0.308765,-0.949176,73.41925,10.63449,-13.02934
35,2026-03-31,15:23:38.54,1,1,"Burnham, Jacob",831497,Left,BOC_EAG,"Reynolds, Drew",1000120249,Left,MAI_BLA,Undefined,2,Top,0,0,0,Fastball,Four-Seam,InPlay,Undefined,FlyBall,Out,1,0,,86.23215,-1.543433,2.289642,2072.175337,156.212074,11:15,5.9807,-2.00196,6.08152,-18.16568,19.17655,-7.92481,3.03747,-0.54292,78.7996,-5.007688,0.86357,0.439816,92.64982,50.775683,2.058427,4390.030608,109.97108,132.64626,2.51879,230.86814,205.80639,0.465538,6.1465,4.73922,10.69335,1.82923,50,5.85171,-4.69259,-125.18713,-3.871,7.51569,25.43322,-15.21597,BOC_EAG,MAI_BLA,HarringtonVillage,D1,ACC,20260331-HarringtonVillage-1,1f24e980-2d37-11f1-8528-2919e47e1546,85.7004,145.09314,,7.43255,,,,1.17438,2.9093,0.54156,627d9ed7-b483-4f20-be95-c4ef498f54ab,2026-03-31,19:23:38.54,2026-03-31T15:23:38.5400000-04:00,2026-03-31T19:23:38.5400000Z,FlyBall,v3,227,471344,16389,"Roossien, Jace",831501,Right,BOC_EAG,e523d2de-5459-41b7-9bf6-3f51e2312f54,54.41673,-126.08125,12.71661,5.97839,-3.33607,-7.60799,1.99885,-4.9568,3.75784,177.902795,1.18645,85.66298,-25.64019,6.83027,-1.12815,0.08659,0.00352,-0.00106,5E-05,2.90751,105.27864,-22.68596,0.98372,0.37064,-0.21773,0.05322,-0.00641,0.0003,0.54209,3.07623,-1.85057,0.59716,-0.12597,0.01665,-0.00105,-0,0,,,,,,,,,,,,,,,,,,,,,,,High,High,High,High,Low,,,,142.423585,-23.615554,1898.638975,0.916254,10:45,0.414106,0.569336,-0.710192,18.091607,-47.642512,40.578598,176.353827,8.685736,0.062865,0.151015,-0.986531,8.703083,3.604302,0.151015,0.062865,0.986531,-8.703083,-3.604302,-0.151015,-0.062865,0.986531,-176.353827,-8.685736,-0.062865,-0.151015,-0.986531,,,
36,2026-03-31,15:24:10.19,2,1,"Burnham, Jacob",831497,Left,BOC_EAG,"DeAndrade, Nolan",1000437002,Right,MAI_BLA,Undefined,2,Top,1,0,0,Slider,Slider,BallCalled,Undefined,Undefined,Undefined,0,0,,76.7571,-0.262804,2.597487,2438.827997,253.686257,2:30,5.71174,-2.06022,5.66394,-44.25412,3.63855,7.35965,1.77859,0.97679,70.71096,-8.361647,3.911838,0.498088,,,,,,,,,,,,-3.01764,2.36665,1.83578,50,5.66152,-5.32546,-111.3916,-1.90236,-3.78783,20.18886,-29.20336,BOC_EAG,MAI_BLA,HarringtonVillage,D1,ACC,20260331-HarringtonVillage-1,31d9e210-2d37-11f1-8528-2919e47e1546,75.67428,,,6.04614,,,,,,,627d9ed7-b483-4f20-be95-c4ef498f54ab,2026-03-31,19:24:10.19,2026-03-31T15:24:10.1970000-04:00,2026-03-31T19:24:10.1970000Z,,v3,227,471344,16389,"Roossien, Jace",831501,Right,BOC_EAG,a292ea0a-cf2d-4ba5-b280-e710aca2a665,54.83501,-112.26449,10.09443,5.71648,-0.63972,-14.60168,2.06249,-5.16168,-1.89392,,,,,,,,,,,,,,,,,,,,,,,,,,,,,,,,,,,,,,,,,,,,,,,,,,,High,High,High,,,,,,308.863185,-74.825279,638.395856,0.261763,4:15,0.957621,-0.199392,0.207859,43.364398,-32.559793,-71.996022,141.068815,33.943371,0.521303,0.558373,-0.645339,40.867678,31.419702,0.558373,0.521303,0.645339,-40.867678,-31.419702,-0.558373,-0.521303,0.645339,-141.068815,-33.943371,-0.521303,-0.558373,-0.645339,,,
37,2026-03-31,15:24:20.54,2,2,"Burnham, Jacob",831497,Left,BOC_EAG,"DeAndrade, Nolan",1000437002,Right,MAI_BLA,Undefined,2,Top,1,1,0,Fastball,Four-Seam,FoulBallNotFieldable,Undefined,Undefined,Undefined,0,0,,86.30973,-2.032386,2.855339,2076.710148,144.090446,10:45,5.89763,-1.9622,5.86024,-18.86749,18.69403,-12.67198,2.43405,-0.36331,79.03628,-5.601714,0.585284,0.441106,83.33617,56.867883,73.850159,4756.839617,,,,,73.52113,,,7.28981,10.49138,1.73804,50,5.72164,-5.73261,-125.21047,-4.99815,11.59188,24.88967,-15.49118,BOC_EAG,MAI_BLA,HarringtonVillage,D1,ACC,20260331-HarringtonVillage-1,37ffacb0-2d37-11f1-8528-2919e47e1546,85.44982,91.08218,,7.27345,,,,1.51325,2.44352,0.3643,627d9ed7-b483-4f20-be95-c4ef498f54ab,2026-03-31,19:24:20.54,2026-03-31T15:24:20.5470000-04:00,2026-03-31T19:24:20.5470000Z,,v3,227,471344,16389,"Roossien, Jace",831501,Right,BOC_EAG,a9fcb181-53b2-4f4a-9a62-201baa846b1b,54.63884,-126.12921,12.44484,5.89558,-4.42633,-7.74559,1.95755,-6.1605,5.79594,,1.51324,18.58221,-12.7163,3.81574,-0.50469,-1.05579,1.59331,-0.96456,0.21816,2.44352,102.35361,-28.90114,3.62598,-0.64943,-0.03505,0.15702,-0.09186,0.01954,0.3643,64.1689,-5.97831,0.73226,-0.09016,0.13153,-0.19836,0.12693,-0.02983,,,,,,,,,,,,,,,,,,,,,,,High,High,High,Low,Undefined,,,,140.036779,-23.578307,1903.334424,0.916514,10:45,0.413396,0.602489,-0.682723,15.689173,-50.420272,50.378247,176.326356,11.919737,0.062692,0.206541,-0.976427,11.943576,3.594327,0.206541,0.062692,0.976427,-11.943576,-3.594327,-0.206541,-0.062692,0.976427,-176.326356,-11.919737,-0.062692,-0.206541,-0.976427,76.39758,19.64625,-0.25303
38,2026-03-31,15:24:37.29,2,3,"Burnham, Jacob",831497,Left,BOC_EAG,"DeAndrade, Nolan",1000437002,Right,MAI_BLA,Undefined,2,Top,1,1,1,Fastball,Four-Seam,BallCalled,Undefined,Undefined,Undefined,0,0,,85.51151,1.160169,1.268125,2112.732094,145.282011,10:45,5.93786,-2.06276,6.09416,-21.07962,17.13717,-10.98123,5.25473,-1.80472,77.35715,-2.866494,-0.709325,0.444937,,,,,,,,,,,,5.998,8.84437,1.9705,50,6.01606,-2.29995,-124.10093,1.93156,9.27258,26.85282,-18.50114,BOC_EAG,MAI_BLA,HarringtonVillage,D1,ACC,20260331-HarringtonVillage-1,426fa420-2d37-11f1-8528-2919e47e1546,84.71411,,,8.15437,,,,,,,627d9ed7-b483-4f20-be95-c4ef498f54ab,2026-03-31,19:24:37.29,2026-03-31T15:24:37.2960000-04:00,2026-03-31T19:24:37.2960000Z,,v3,227,471344,16389,"Roossien, Jace",831501,Right,BOC_EAG,5dbe4fd9-78c2-45f2-a7d0-e133261107c3,54.40121,-125.04963,13.42641,5.93627,2.5852,-9.25057,2.05754,-2.62754,4.63629,,,,,,,,,,,,,,,,,,,,,,,,,,,,,,,,,,,,,,,,,,,,,,,,,,,High,High,High,,,,,,144.993167,-24.638691,1920.377958,0.908955,10:45,0.443739,0.512896,-0.73487,40.302585,-47.385066,14.370671,170.160918,17.012197,0.163404,0.292575,-0.942178,17.251184,9.404547,0.292575,0.163404,0.942178,-17.251184,-9.404547,-0.292575,-0.163404,0.942178,-170.160918,-17.012197,-0.163404,-0.292575,-0.942178,,,
39,2026-03-31,15:24:50.79,2,4,"Burnham, Jacob",831497,Left,BOC_EAG,"DeAndrade, Nolan",1000437002,Right,MAI_BLA,Undefined,2,Top,1,2,1,Fastball,Four-Seam,BallCalled,Undefined,Undefined,Undefined,0,0,,85.53081,-0.46322,1.236488,2055.254896,148.963773,11:00,5.96665,-1.98728,6.1807,-20.84548,17.05761,-9.5139,3.80167,-1.63811,77.8392,-4.434202,-0.480225,0.443107,,,,,,,,,,,,5.26032,9.32595,1.89847,50,5.92099,-2.30416,-124.23014,-1.57779,8.18186,25.98301,-17.66848,BOC_EAG,MAI_BLA,HarringtonVillage,D1,ACC,20260331-HarringtonVillage-1,4a0be220-2d37-11f1-8528-2919e47e1546,85.06397,,,7.69161,,,,,,,627d9ed7-b483-4f20-be95-c4ef498f54ab,2026-03-31,19:24:50.79,2026-03-31T15:24:50.7930000-04:00,2026-03-31T19:24:50.7930000Z,,v3,227,471344,16389,"Roossien, Jace",831501,Right,BOC_EAG,50a5ce4f-45e8-4502-84c6-2c521978d7aa,54.31586,-125.12955,12.9915,5.96502,-0.96618,-8.83424,1.98313,-2.58738,4.09093,,,,,,,,,,,,,,,,,,,,,,,,,,,,,,,,,,,,,,,,,,,,,,,,,,,High,High,High,,,,,,145.643365,-23.645208,1882.70917,0.916047,10:45,0.413106,0.520189,-0.747493,35.453885,-42.608643,20.753264,174.867205,15.435551,0.086237,0.266154,-0.960065,15.494716,4.947187,0.266154,0.086237,0.960065,-15.494716,-4.947187,-0.266154,-0.086237,0.960065,-174.867205,-15.435551,-0.086237,-0.266154,-0.960065,,,
40,2026-03-31,15:25:06.28,2,5,"Burnham, Jacob",831497,Left,BOC_EAG,"DeAndrade, Nolan",1000437002,Right,MAI_BLA,Undefined,2,Top,1,3,1,Fastball,Four-Seam,StrikeCalled,Undefined,Undefined,Undefined,0,0,,86.09678,-0.495933,3.190144,2169.573985,148.906532,11:00,5.88452,-1.92957,6.23924,-21.93033,15.41454,-8.56378,3.59882,0.30247,78.4652,-4.657029,1.646454,0.439832,,,,,,,,,,,,5.32268,8.49233,1.69564,50,5.83657,-6.62234,-124.91966,-1.69986,8.38969,25.75054,-18.78833,BOC_EAG,MAI_BLA,HarringtonVillage,D1,ACC,20260331-HarringtonVillage-1,5340e890-2d37-11f1-8528-2919e47e1546,85.69737,,,7.63157,,,,,,,627d9ed7-b483-4f20-be95-c4ef498f54ab,2026-03-31,19:25:06.28,2026-03-31T15:25:06.2820000-04:00,2026-03-31T19:25:06.2820000Z,,v3,227,471344,16389,"Roossien, Jace",831501,Right,BOC_EAG,28aaf0be-e8a8-43c4-86e4-20484e999e93,54.25733,-125.79419,12.87527,5.88346,-1.06177,-9.39416,1.92539,-6.90727,4.19485,,,,,,,,,,,,,,,,,,,,,,,,,,,,,,,,,,,,,,,,,,,,,,,,,,,High,High,High,,,,,,147.195433,-28.199107,1912.069019,0.881311,11:00,0.508884,0.481545,-0.713549,44.705142,-47.470547,6.444737,171.00086,19.249012,0.147675,0.329674,-0.932474,19.470958,8.492211,0.329674,0.147675,0.932474,-19.470958,-8.492211,-0.329674,-0.147675,0.932474,-171.00086,-19.249012,-0.147675,-0.329674,-0.932474,,,
41,2026-03-31,15:25:20.61,2,6,"Burnham, Jacob",831497,Left,BOC_EAG,"DeAndrade, Nolan",1000437002,Right,MAI_BLA,Undefined,2,Top,1,3,2,Fastball,Four-Seam,BallCalled,Walk,Undefined,Undefined,0,0,,86.08967,-0.375745,2.899618,2137.794302,150.889073,11:00,5.88862,-2.01784,6.23304,-20.94733,16.34225,-8.43497,3.79592,-0.04351,78.54178,-4.358038,1.378721,0.439507,,,,,,,,,,,,5.17323,8.93339,1.80533,50,5.85002,-5.99719,-124.96571,-1.40142,8.17032,25.47693,-18.06513,BOC_EAG,MAI_BLA,HarringtonVillage,D1,ACC,20260331-HarringtonVillage-1,5bd4f410-2d37-11f1-8528-2919e47e1546,85.76081,,,7.54789,,,,,,,627d9ed7-b483-4f20-be95-c4ef498f54ab,2026-03-31,19:25:20.61,2026-03-31T15:25:20.6170000-04:00,2026-03-31T19:25:20.6170000Z,,v3,227,471344,16389,"Roossien, Jace",831501,Right,BOC_EAG,0ce65e42-7fb1-4ed5-be0a-3fea8d6d147c,54.26409,-125.83203,12.73846,5.88723,-0.78713,-9.03257,2.01398,-6.27501,4.08516,,,,,,,,,,,,,,,,,,,,,,,,,,,,,,,,,,,,,,,,,,,,,,,,,,,High,High,High,,,,,,142.371338,-24.651785,1942.95465,0.908859,10:45,0.449337,0.55762,-0.697966,46.232259,-40.260852,8.65452,177.143925,17.285555,0.047577,0.297134,-0.95365,17.305769,2.726982,0.297134,0.047577,0.95365,-17.305769,-2.726982,-0.297134,-0.047577,0.95365,-177.143925,-17.285555,-0.047577,-0.297134,-0.95365,,,
42,2026-03-31,15:25:51.28,3,1,"Burnham, Jacob",831497,Left,BOC_EAG,"Bear, Chris",10289909,Right,MAI_BLA,Undefined,2,Top,1,0,0,Slider,Slider,BallCalled,Undefined,Undefined,Undefined,0,0,,75.86812,0.946505,2.726779,2484.875327,278.341468,3:15,5.67776,-2.15524,5.63395,-50.32038,-0.50134,15.23961,2.36855,1.66068,68.972,-8.278462,5.443285,0.508006,,,,,,,,,,,,-6.975,-0.22799,1.91271,50,5.72577,-5.7809,-109.96215,0.25936,-8.38711,22.7597,-32.44818,BOC_EAG,MAI_BLA,HarringtonVillage,D1,ACC,20260331-HarringtonVillage-1,6e1b9a70-2d37-11f1-8528-2919e47e1546,74.19682,,,6.89612,,,,,,,627d9ed7-b483-4f20-be95-c4ef498f54ab,2026-03-31,19:25:51.28,2026-03-31T15:25:51.2810000-04:00,2026-03-31T19:25:51.2810000Z,,v3,227,471344,16389,"Roossien, Jace",831501,Right,BOC_EAG,55ed38c8-657c-4c33-aafa-27bfc32f740b,54.86677,-110.96489,11.37985,5.68285,1.68896,-16.22409,2.15926,-5.41138,-4.19356,,,,,,,,,,,,,,,,,,,,,,,,,,,,,,,,,,,,,,,,,,,,,,,,,,,High,High,High,,,,,,308.514474,-69.167807,883.70159,0.355632,4:15,0.918314,-0.293666,0.265444,41.553236,-23.168208,-79.486888,134.53166,42.734051,0.523606,0.678596,-0.515115,52.798251,31.574451,0.678596,0.523606,0.515115,-52.798251,-31.574451,-0.678596,-0.523606,0.515115,-134.53166,-42.734051,-0.523606,-0.678596,-0.515115,,,
43,2026-03-31,15:26:09.99,3,2,"Burnham, Jacob",831497,Left,BOC_EAG,"Bear, Chris",10289909,Right,MAI_BLA,Undefined,2,Top,1,1,0,ChangeUp,Changeup,StrikeSwinging,Undefined,Undefined,Undefined,0,0,,79.69042,-0.571365,3.453522,1439.4073,91.022789,9:00,5.5258,-2.26768,6.3372,-41.69156,1.75709,-19.32355,1.52447,-0.69444,73.03133,-8.311847,-0.044059,0.474416,,,,,,,,,,,,11.08237,1.49784,2.02484,50,5.46463,-6.29909,-115.6935,-2.38206,14.95573,22.45836,-30.15271,BOC_EAG,MAI_BLA,HarringtonVillage,D1,ACC,20260331-HarringtonVillage-1,7944cfc0-2d37-11f1-8528-2919e47e1546,79.45015,,,6.65909,,,,,,,627d9ed7-b483-4f20-be95-c4ef498f54ab,2026-03-31,19:26:09.99,2026-03-31T15:26:09.9960000-04:00,2026-03-31T19:26:09.9960000Z,,v3,227,471344,16389,"Roossien, Jace",831501,Right,BOC_EAG,bcbab8af-50c6-464d-8917-46b275f1495d,54.16339,-116.49889,11.22918,5.53066,-1.30073,-15.07636,2.26035,-6.83542,7.47787,,,,,,,,,,,,,,,,,,,,,,,,,,,,,,,,,,,,,,,,,,,,,,,,,,,High,High,High,,,,,,119.306755,-12.118887,1407.328792,0.977714,10:00,0.229892,0.854629,-0.465574,-50.340239,41.827911,80.696154,109.367426,-75.154413,0.241716,-0.96662,-0.084967,84.976533,-13.987846,0.96662,-0.241716,0.084967,-84.976533,13.987846,-0.96662,0.241716,0.084967,-109.367426,75.154413,-0.241716,0.96662,-0.084967,,,
44,2026-03-31,15:26:26.09,3,3,"Burnham, Jacob",831497,Left,BOC_EAG,"Bear, Chris",10289909,Right,MAI_BLA,Undefined,2,Top,1,1,1,ChangeUp,Changeup,BallCalled,Undefined,Undefined,Undefined,0,0,,80.07356,-0.698647,4.852633,1465.682389,95.865085,9:15,5.53646,-2.44177,6.44069,-39.61971,3.45858,-19.63068,1.59049,0.39212,73.13763,-8.081147,1.303138,0.47239,,,,,,,,,,,,11.69422,2.44315,2.1049,50,5.46912,-9.16013,-116.03609,-2.55916,15.85157,22.89116,-28.86235,BOC_EAG,MAI_BLA,HarringtonVillage,D1,ACC,20260331-HarringtonVillage-1,82da6cc0-2d37-11f1-8528-2919e47e1546,79.79093,,,6.93593,,,,,,,627d9ed7-b483-4f20-be95-c4ef498f54ab,2026-03-31,19:26:26.09,2026-03-31T15:26:26.0940000-04:00,2026-03-31T19:26:26.0940000Z,,v3,227,471344,16389,"Roossien, Jace",831501,Right,BOC_EAG,ee97a396-27bb-4ad0-abcc-4ed14fbb0c3c,54.05937,-116.83416,11.44558,5.5408,-1.5529,-14.43118,2.43388,-9.71277,7.92578,,,,,,,,,,,,,,,,,,,,,,,,,,,,,,,,,,,,,,,,,,,,,,,,,,,High,High,High,,,,,,120.66815,-12.489215,1430.999554,0.976337,10:00,0.247389,0.842357,-0.478784,-41.933173,34.916194,81.922843,90.381563,-9.446623,0.986417,-0.164129,-0.006569,87.707987,-80.545744,0.164129,-0.986417,0.006569,-87.707987,80.545744,-0.164129,0.986417,0.006569,-90.381563,9.446623,-0.986417,0.164129,-0.006569,,,
45,2026-03-31,15:26:40.70,3,4,"Burnham, Jacob",831497,Left,BOC_EAG,"Bear, Chris",10289909,Right,MAI_BLA,Undefined,2,Top,1,2,1,Fastball,Four-Seam,FoulBallNotFieldable,Undefined,Undefined,Undefined,0,0,,85.7569,-1.632644,3.031531,2099.234269,146.984794,11:00,5.81927,-2.0934,6.24976,-21.54804,16.38402,-9.77772,2.51541,-0.10982,77.66963,-5.73773,1.267537,0.443276,81.81662,76.968223,139.956735,4214.269296,,,,,35.00543,,,6.03059,9.40485,1.87267,50,5.68719,-6.20638,-124.33503,-4.14167,9.33266,27.58314,-17.61954,BOC_EAG,MAI_BLA,HarringtonVillage,D1,ACC,20260331-HarringtonVillage-1,8b892c30-2d37-11f1-8528-2919e47e1546,85.03146,93.1828,,8.08727,,,,2.22544,2.20279,0.05458,627d9ed7-b483-4f20-be95-c4ef498f54ab,2026-03-31,19:26:40.70,2026-03-31T15:26:40.7020000-04:00,2026-03-31T19:26:40.7020000Z,,v3,227,471344,16389,"Roossien, Jace",831501,Right,BOC_EAG,a9116775-380d-4de2-ae28-dd7455355877,54.24758,-125.27379,13.79157,5.81794,-3.54201,-8.80977,2.0893,-6.52401,4.66633,2.605916,2.22544,-20.71481,-5.74827,3.29851,-1.09431,0.31516,-0.08214,0.0171,-0.00195,2.20279,116.907,-37.12458,5.86016,-1.13625,0.1929,-0.03037,0.00369,-0.00025,0.05458,17.40846,7.26468,-3.81117,1.23205,-0.34968,0.09033,-0.01869,0.00212,,,,,,,,,,,,,,,,,,,,,,,High,High,High,High,Undefined,,,,139.411743,-24.299865,1913.251022,0.911404,10:45,0.430502,0.60446,-0.670295,40.00432,-48.132681,20.531862,174.710179,15.339619,0.088909,0.26454,-0.960268,15.402119,5.100861,0.26454,0.088909,0.960268,-15.402119,-5.100861,-0.26454,-0.088909,0.960268,-174.710179,-15.339619,-0.088909,-0.26454,-0.960268,77.45088,18.24187,-13.37421
46,2026-03-31,15:27:03.89,3,5,"Burnham, Jacob",831497,Left,BOC_EAG,"Bear, Chris",10289909,Right,MAI_BLA,Undefined,2,Top,1,2,2,ChangeUp,Changeup,StrikeCalled,Strikeout,Undefined,Undefined,0,0,,79.76574,-0.459687,4.436766,1470.06277,120.232466,10:00,5.61237,-2.23767,6.50598,-32.79415,10.58882,-15.61068,2.45636,0.54148,72.50288,-6.640281,1.611944,0.474058,,,,,,,,,,,,9.48339,6.13536,1.93337,50,5.56604,-8.41732,-115.59392,-1.81295,12.72589,23.20109,-23.94091,BOC_EAG,MAI_BLA,HarringtonVillage,D1,ACC,20260331-HarringtonVillage-1,996b3ff0-2d37-11f1-8528-2919e47e1546,79.51023,,,7.26286,,,,,,,627d9ed7-b483-4f20-be95-c4ef498f54ab,2026-03-31,19:27:03.89,2026-03-31T15:27:03.8940000-04:00,2026-03-31T19:27:03.8940000Z,,v3,227,471344,16389,"Roossien, Jace",831501,Right,BOC_EAG,f9744497-9526-4d15-ba54-cc4f0a86a457,53.99151,-116.3923,11.60054,5.61425,-0.9891,-11.97046,2.23056,-8.85524,6.36295,,,,,,,,,,,,,,,,,,,,,,,,,,,,,,,,,,,,,,,,,,,,,,,,,,,High,High,High,,,,,,118.473665,-20.590416,1376.152776,0.936118,10:00,0.378563,0.825677,-0.418267,-45.037048,29.690337,72.382047,91.136681,-7.897428,0.990321,-0.1374,-0.019649,81.861403,-82.021704,0.1374,-0.990321,0.019649,-81.861403,82.021704,-0.1374,0.990321,0.019649,-91.136681,7.897428,-0.990321,0.1374,-0.019649,,,
47,2026-03-31,15:27:33.63,4,1,"Burnham, Jacob",831497,Left,BOC_EAG,"Murphy, Quinn",1000527191,Left,MAI_BLA,Undefined,2,Top,2,0,0,Slider,Curveball,StrikeCalled,Undefined,Undefined,Undefined,0,0,,74.40825,2.352219,1.605044,2529.633138,310.432333,4:15,5.67491,-2.40127,5.76386,-57.77539,-6.36339,9.55351,3.05162,-0.11092,67.59299,-8.258493,3.31531,0.516064,,,,,,,,,,,,-4.31996,-3.3991,2.26266,50,5.83529,-3.37408,-107.87774,2.62796,-5.0169,21.30777,-36.1215,BOC_EAG,MAI_BLA,HarringtonVillage,D1,ACC,20260331-HarringtonVillage-1,ab30f680-2d37-11f1-8528-2919e47e1546,73.03829,,,6.81527,,,,,,,627d9ed7-b483-4f20-be95-c4ef498f54ab,2026-03-31,19:27:33.63,2026-03-31T15:27:33.6300000-04:00,2026-03-31T19:27:33.6300000Z,,v3,227,471344,16389,"Roossien, Jace",831501,Right,BOC_EAG,45c8fbf2-729c-4916-adb5-b7c6b8c8cef1,54.73496,-108.80895,10.65388,5.68595,4.20658,-18.06075,2.40532,-3.15483,-2.50845,,,,,,,,,,,,,,,,,,,,,,,,,,,,,,,,,,,,,,,,,,,,,,,,,,,High,High,High,,,,,,310.364994,-62.996718,1148.558538,0.454042,4:15,0.867451,-0.382226,0.318484,-72.103803,12.021697,86.76818,153.036194,30.232528,0.391756,0.503511,-0.770068,33.178764,23.063836,0.503511,0.391756,0.770068,-33.178764,-23.063836,-0.503511,-0.391756,0.770068,-153.036194,-30.232528,-0.391756,-0.503511,-0.770068,,,
48,2026-03-31,15:27:51.26,4,2,"Burnham, Jacob",831497,Left,BOC_EAG,"Murphy, Quinn",1000527191,Left,MAI_BLA,Undefined,2,Top,2,0,1,Fastball,Four-Seam,InPlay,Undefined,FlyBall,Out,1,0,,86.92084,-1.214735,2.215964,2134.399489,158.865009,11:15,5.99963,-2.06454,6.22868,-17.96525,18.86623,-6.80237,3.3808,-0.58594,78.7799,-4.669543,0.988515,0.436798,90.12784,50.002192,1.130026,4483.540643,109.82034,125.9571,-6.28377,217.71568,217.71568,-6.347165,5.913426,4.21209,10.53335,1.90232,50,5.8999,-4.6132,-126.13695,-3.14699,6.72144,27.93969,-15.3654,BOC_EAG,MAI_BLA,HarringtonVillage,D1,ACC,20260331-HarringtonVillage-1,b59973e0-2d37-11f1-8528-2919e47e1546,86.29256,133.47966,,8.14094,,,,1.3659,3.28344,0.58393,627d9ed7-b483-4f20-be95-c4ef498f54ab,2026-03-31,19:27:51.26,2026-03-31T15:27:51.2600000-04:00,2026-03-31T19:27:51.2600000Z,FlyBall,v3,227,471344,16389,"Roossien, Jace",831501,Right,BOC_EAG,4aa3dacd-ffcb-45b5-9886-9336e4dacc9f,54.26857,-127.07893,13.96984,5.99726,-2.62895,-7.6827,2.06167,-4.83981,3.36072,170.31028,1.37241,84.81956,-26.19519,7.22609,-1.31715,0.13428,-0.0024,-0.00074,4E-05,3.28228,101.27484,-22.93256,1.06863,0.34608,-0.21183,0.05427,-0.00688,0.00034,0.58427,1.66376,-4.72857,1.77594,-0.42588,0.06421,-0.00461,-1E-05,1E-05,,,,,,,,,,,,,,,,,,,,,,,High,High,High,High,Low,,,,149.045171,-27.689882,1889.958878,0.885476,11:00,0.483947,0.465204,-0.741202,45.149876,-37.654414,0.756981,176.090473,17.750361,0.064935,0.30487,-0.950178,17.789156,3.72314,0.30487,0.064935,0.950178,-17.789156,-3.72314,-0.30487,-0.064935,0.950178,-176.090473,-17.750361,-0.064935,-0.30487,-0.950178,71.67618,23.67337,12.27181
49,2026-03-31,15:30:14.03,1,1,"Stabley, Thomas",1000146615,Right,MAI_BLA,"Gallo, Luke",828057,Right,BOC_EAG,Undefined,2,Bottom,0,0,0,Cutter,Slider,StrikeCalled,Undefined,Undefined,Undefined,0,0,,85.00911,-1.483236,-2.357466,2145.875617,155.885464,11:15,5.24636,1.91032,6.43831,-28.02379,9.79599,-3.86646,1.54658,-0.57949,78.19679,-6.729193,-3.058014,0.44262,,,,,,,,,,,,1.37626,5.89256,-1.74121,50,5.12829,5.2276,-123.50229,-4.01511,2.1286,24.2763,-23.06029,BOC_EAG,MAI_BLA,HarringtonVillage,D1,ACC,20260331-HarringtonVillage-1,0ab3f3a0-2d38-11f1-8528-2919e47e1546,85.15758,,,6.81232,,,,,,,627d9ed7-b483-4f20-be95-c4ef498f54ab,2026-03-31,19:30:14.03,2026-03-31T15:30:14.0350000-04:00,2026-03-31T19:30:14.0350000Z,,v3,227,471344,16389,"DeAndrade, Nolan",1000437002,Right,MAI_BLA,50fdca40-18fa-49ac-a753-92843227b58d,54.06005,-124.29779,12.13815,5.24748,-3.25946,-11.53015,-1.91137,5.15785,1.0643,,,,,,,,,,,,,,,,,,,,,,,,,,,,,,,,,,,,,,,,,,,,,,,,,,,High,High,High,,,,,,211.95958,50.15641,1374.84967,0.640694,1:00,-0.780478,-0.358893,-0.511908,57.747174,-9.365325,84.107527,149.028764,-1.601126,0.514407,-0.027941,-0.857091,1.867189,-30.957811,0.027941,-0.514407,0.857091,-1.867189,30.957811,-0.027941,0.514407,0.857091,-149.028764,1.601126,-0.514407,0.027941,-0.857091,,,
50,2026-03-31,15:30:28.81,1,2,"Stabley, Thomas",1000146615,Right,MAI_BLA,"Gallo, Luke",828057,Right,BOC_EAG,Undefined,2,Bottom,0,0,1,Cutter,Cutter,BallCalled,Undefined,Undefined,Undefined,0,0,,86.95353,-1.822683,-3.068086,2266.812374,195.979403,12:30,5.20198,1.97099,6.51878,-26.22088,10.12926,2.55512,1.34156,-0.63386,79.33994,-6.760001,-2.604724,0.433935,,,,,,,,,,,,-2.24961,6.21894,-1.75826,50,5.06358,6.66557,-126.16065,-4.77784,-3.60253,27.1992,-22.215,BOC_EAG,MAI_BLA,HarringtonVillage,D1,ACC,20260331-HarringtonVillage-1,1380e970-2d38-11f1-8528-2919e47e1546,86.862,,,7.6136,,,,,,,627d9ed7-b483-4f20-be95-c4ef498f54ab,2026-03-31,19:30:28.81,2026-03-31T15:30:28.8180000-04:00,2026-03-31T19:30:28.8180000Z,,v3,227,471344,16389,"DeAndrade, Nolan",1000437002,Right,MAI_BLA,41d74807-f618-4c25-a85e-b81adb12b5d2,53.97871,-127.01554,13.5996,5.20278,-4.07962,-11.1075,-1.96955,6.7788,-1.80126,,,,,,,,,,,,,,,,,,,,,,,,,,,,,,,,,,,,,,,,,,,,,,,,,,,High,High,High,,,,,,213.932221,49.020157,1486.560772,0.655793,1:15,-0.770972,-0.389898,-0.503568,66.79845,-14.03403,88.147305,148.287182,3.336325,0.524771,0.058197,-0.849252,3.920199,31.652831,0.058197,0.524771,0.849252,-3.920199,-31.652831,-0.058197,-0.524771,0.849252,-148.287182,-3.336325,-0.524771,-0.058197,-0.849252,,,
51,2026-03-31,15:30:44.15,1,3,"Stabley, Thomas",1000146615,Right,MAI_BLA,"Gallo, Luke",828057,Right,BOC_EAG,Undefined,2,Bottom,0,1,1,Cutter,Slider,BallCalled,Undefined,Undefined,Undefined,0,0,,85.83281,-0.625266,-4.619754,2212.177048,179.398282,12:00,5.25562,1.94403,6.53925,-27.75301,9.40186,-0.08665,2.3675,-2.30954,78.7121,-5.833751,-4.635407,0.438712,,,,,,,,,,,,-1.2378,5.4715,-1.62343,50,5.20033,10.05768,-124.42832,-2.16032,-1.94109,24.90125,-23.5937,BOC_EAG,MAI_BLA,HarringtonVillage,D1,ACC,20260331-HarringtonVillage-1,1caaa540-2d38-11f1-8528-2919e47e1546,85.91621,,,7.12071,,,,,,,627d9ed7-b483-4f20-be95-c4ef498f54ab,2026-03-31,19:30:44.15,2026-03-31T15:30:44.1540000-04:00,2026-03-31T19:30:44.1540000Z,,v3,227,471344,16389,"DeAndrade, Nolan",1000437002,Right,MAI_BLA,d63b2489-4963-401c-bdba-f4384cce5e91,53.95838,-125.21799,12.45063,5.25697,-1.41211,-11.79685,-1.94335,10.11923,-0.97054,,,,,,,,,,,,,,,,,,,,,,,,,,,,,,,,,,,,,,,,,,,,,,,,,,,High,High,High,,,,,,211.370091,53.482422,1316.398807,0.595069,1:00,-0.838569,-0.318524,-0.441979,61.290569,-22.357905,79.751434,142.840934,-9.498912,0.595748,-0.165029,-0.786034,11.857103,-36.565965,0.165029,-0.595748,0.786034,-11.857103,36.565965,-0.165029,0.595748,0.786034,-142.840934,9.498912,-0.595748,0.165029,-0.786034,,,
52,2026-03-31,15:31:02.04,1,4,"Stabley, Thomas",1000146615,Right,MAI_BLA,"Gallo, Luke",828057,Right,BOC_EAG,Undefined,2,Bottom,0,2,1,Fastball,Sinker,HitByPitch,Undefined,Undefined,Undefined,0,0,,87.28637,-0.552745,-1.148525,2014.558163,220.913184,1:15,5.313,2.01783,6.6504,-22.09706,13.70331,10.84312,2.96557,1.87011,79.35876,-4.77616,0.826012,0.430641,52.79405,-2.784321,-171.072125,1510.790499,,,,22.63983,22.63983,-167.274477,0.267897,-6.15532,7.75764,-1.94493,50,5.26673,2.15898,-126.92384,-1.81444,-9.9519,28.1297,-19.63149,BOC_EAG,MAI_BLA,HarringtonVillage,D1,ACC,20260331-HarringtonVillage-1,27483c60-2d38-11f1-8528-2919e47e1546,87.52641,2.79595,,7.92761,,,,,,,627d9ed7-b483-4f20-be95-c4ef498f54ab,2026-03-31,19:31:02.04,2026-03-31T15:31:02.0430000-04:00,2026-03-31T19:31:02.0430000Z,GroundBall,v3,227,471344,16389,"DeAndrade, Nolan",1000437002,Right,MAI_BLA,e556cdac-18cd-46a7-a2f9-8145f8dc5b09,53.84975,-127.77419,14.06485,5.31261,-1.22098,-9.81575,-2.01474,2.45983,-4.97595,,-1.75744,-76.48867,2.27159,,,,,,,2.79643,-3.78486,-24.84301,,,,,,,-2.07438,-12.0119,4.24989,,,,,,,,,,,,,,,,,,,,,,,,,,,,,High,High,High,Medium,High,,,,220.561774,22.923125,1855.465029,0.921028,1:15,-0.397648,-0.602644,-0.691879,-56.002647,-30.979737,69.71621,91.353897,-73.532456,0.283393,-0.95898,-0.006698,89.599835,-16.462816,0.95898,-0.283393,0.006698,-89.599835,16.462816,-0.95898,0.283393,0.006698,-91.353897,73.532456,-0.283393,0.95898,-0.006698,6.94042,41.23248,95.62183
53,2026-03-31,15:31:41.60,2,1,"Stabley, Thomas",1000146615,Right,MAI_BLA,"Surowiec, Danny",831970,Left,BOC_EAG,Undefined,2,Bottom,0,0,0,Fastball,Four-Seam,BallCalled,Undefined,Undefined,Undefined,0,0,,87.05658,-1.480158,-1.437682,1997.095519,206.674435,1:00,5.32408,2.15314,6.67052,-20.29596,15.993,7.37559,2.27785,1.45218,78.55668,-5.392045,-0.094226,0.433569,,,,,,,,,,,,-4.30855,9.27158,-2.05921,50,5.21652,2.88556,-126.36284,-3.77067,-6.85894,29.4547,-17.41425,BOC_EAG,MAI_BLA,HarringtonVillage,D1,ACC,20260331-HarringtonVillage-1,3ef1d290-2d38-11f1-8528-2919e47e1546,86.93519,,,8.4999,,,,,,,627d9ed7-b483-4f20-be95-c4ef498f54ab,2026-03-31,19:31:41.60,2026-03-31T15:31:41.6080000-04:00,2026-03-31T19:31:41.6080000Z,,v3,227,471344,16389,"DeAndrade, Nolan",1000437002,Right,MAI_BLA,298844fe-3e00-417a-aa36-a9847cba22fd,53.8238,-127.25103,14.72735,5.3223,-3.24555,-8.70713,-2.14934,3.09239,-3.42947,,,,,,,,,,,,,,,,,,,,,,,,,,,,,,,,,,,,,,,,,,,,,,,,,,,High,High,High,,,,,,222.067853,20.60649,1869.3207,0.93602,1:30,-0.352959,-0.636025,-0.686216,-57.909505,-30.269877,66.410073,93.703714,-13.26232,0.971297,-0.22941,-0.062874,74.673327,-76.239161,0.22941,-0.971297,0.062874,-74.673327,76.239161,-0.22941,0.971297,0.062874,-93.703714,13.26232,-0.971297,0.22941,-0.062874,,,
54,2026-03-31,15:31:58.95,2,2,"Stabley, Thomas",1000146615,Right,MAI_BLA,"Surowiec, Danny",831970,Left,BOC_EAG,Undefined,2,Bottom,0,1,0,Slider,Slider,FoulBallNotFieldable,Undefined,Undefined,Undefined,0,0,,84.27743,-0.335089,-2.17292,2297.940493,147.611425,11:00,5.28786,2.05972,6.2988,-31.20777,7.5204,-4.00839,2.37824,-0.27734,77.29905,-6.162454,-2.897289,0.447904,102.96673,4.260841,57.309801,4776.821241,,,,115.88695,112.09542,60.509642,0.858903,1.48791,4.35575,-1.89816,50,5.24815,4.79443,-122.46531,-1.65386,2.25708,24.44112,-25.5666,BOC_EAG,MAI_BLA,HarringtonVillage,D1,ACC,20260331-HarringtonVillage-1,4936c260-2d38-11f1-8528-2919e47e1546,84.15292,4.5525,,6.97838,,,,2.15335,2.77388,0.14571,627d9ed7-b483-4f20-be95-c4ef498f54ab,2026-03-31,19:31:58.95,2026-03-31T15:31:58.9510000-04:00,2026-03-31T19:31:58.9510000Z,GroundBall,v3,227,471344,16389,"DeAndrade, Nolan",1000437002,Right,MAI_BLA,e9cec81e-31f6-49f8-93e2-5a9822a1ab14,54.20054,-123.30078,12.22056,5.28975,-0.77991,-12.7833,-2.06073,4.71727,1.12854,,2.15335,81.33864,-23.64395,4.7095,-1.12732,0.27307,-0.06744,0.01469,-0.00193,2.77388,11.22018,-18.30797,2.06312,-0.47728,0.12301,-0.02952,0.00644,-0.00086,0.14571,126.74563,-12.65421,2.28655,-0.55163,0.13305,-0.03319,0.00731,-0.00098,,,,,,,,,,,,,,,,,,,,,,,High,High,High,Medium,Medium,,,,207.353571,58.223959,1210.096274,0.5266,1:00,-0.865807,-0.24693,-0.435206,60.800462,-18.233644,76.161573,145.498714,-8.182606,0.560658,-0.142328,-0.815724,9.897403,-34.101332,0.142328,-0.560658,0.815724,-9.897403,34.101332,-0.142328,0.560658,0.815724,-145.498714,8.182606,-0.560658,0.142328,-0.815724,,,
55,2026-03-31,15:32:46.55,2,3,"Stabley, Thomas",1000146615,Right,MAI_BLA,"Surowiec, Danny",831970,Left,BOC_EAG,Undefined,2,Bottom,0,1,1,Fastball,Four-Seam,BallCalled,Undefined,Undefined,Undefined,0,0,,89.15387,0.095032,-1.719689,2110.376165,210.165613,1:00,5.38958,2.17682,6.93616,-19.33253,14.42548,7.76937,3.86508,1.25845,81.39131,-3.628721,-0.298082,0.418177,,,,,,,,,,,,-4.58055,7.96634,-2.07158,50,5.38833,3.60155,-129.6641,-0.25797,-7.79018,27.37428,-18.62565,BOC_EAG,MAI_BLA,HarringtonVillage,D1,ACC,20260331-HarringtonVillage-1,65a6e150-2d38-11f1-8528-2919e47e1546,90.1352,,,7.76256,,,,,,,627d9ed7-b483-4f20-be95-c4ef498f54ab,2026-03-31,19:32:46.55,2026-03-31T15:32:46.5550000-04:00,2026-03-31T19:32:46.5550000Z,,v3,227,471344,16389,"DeAndrade, Nolan",1000437002,Right,MAI_BLA,69182628-05c9-4d3d-93e9-222080c8e001,53.56047,-130.41361,13.68714,5.38841,0.252,-9.31283,-2.17311,3.81485,-3.89509,,,,,,,,,,,,,,,,,,,,,,,,,,,,,,,,,,,,,,,,,,,,,,,,,,,High,High,High,,,,,,224.470564,23.832491,1930.425822,0.914731,1:30,-0.424533,-0.640137,-0.64031,-61.741737,2.814792,-24.420518,174.683461,-12.07881,0.090607,-0.209257,-0.973654,12.129455,-5.198506,0.209257,-0.090607,0.973654,-12.129455,5.198506,-0.209257,0.090607,0.973654,-174.683461,12.07881,-0.090607,0.209257,-0.973654,,,
56,2026-03-31,15:33:04.29,2,4,"Stabley, Thomas",1000146615,Right,MAI_BLA,"Surowiec, Danny",831970,Left,BOC_EAG,Undefined,2,Bottom,0,2,1,Fastball,Sinker,BallCalled,Undefined,Undefined,Undefined,0,0,,88.5352,-0.260265,-1.087837,2039.320113,229.461765,1:45,5.33985,2.17114,6.67031,-23.77064,11.01985,11.52823,3.1208,2.13645,80.44273,-4.786147,1.012464,0.424523,,,,,,,,,,,,-6.34256,6.24063,-2.102,50,5.31289,1.99333,-128.67967,-1.24875,-10.55202,28.64017,-21.79161,BOC_EAG,MAI_BLA,HarringtonVillage,D1,ACC,20260331-HarringtonVillage-1,702a39b0-2d38-11f1-8528-2919e47e1546,88.78765,,,8.09247,,,,,,,627d9ed7-b483-4f20-be95-c4ef498f54ab,2026-03-31,19:33:04.29,2026-03-31T15:33:04.2900000-04:00,2026-03-31T19:33:04.2900000Z,,v3,227,471344,16389,"DeAndrade, Nolan",1000437002,Right,MAI_BLA,cdee6ff7-c872-4ac5-adf8-93b4ce2049ae,53.82587,-129.52839,14.32009,5.34032,-0.60298,-10.8958,-2.1657,2.30603,-5.27601,,,,,,,,,,,,,,,,,,,,,,,,,,,,,,,,,,,,,,,,,,,,,,,,,,,High,High,High,,,,,,224.197499,24.539052,1855.125475,0.909678,1:30,-0.424736,-0.636048,-0.644238,-71.591723,24.040201,-13.114405,178.930778,25.866289,0.016791,0.436272,-0.899658,25.870206,0.962091,0.436272,0.016791,0.899658,-25.870206,-0.962091,-0.436272,-0.016791,0.899658,-178.930778,-25.866289,-0.016791,-0.436272,-0.899658,,,
57,2026-03-31,15:33:24.55,2,5,"Stabley, Thomas",1000146615,Right,MAI_BLA,"Surowiec, Danny",831970,Left,BOC_EAG,Undefined,2,Bottom,0,3,1,Slider,Slider,FoulBallNotFieldable,Undefined,Undefined,Undefined,0,0,,83.98111,0.181544,-1.733961,2178.736679,137.056247,10:30,5.21074,2.17726,6.35358,-32.16612,6.74776,-5.1554,2.6974,0.15119,76.95599,-5.833161,-2.666849,0.448977,66.26879,22.763668,-164.188686,2826.291673,-106.58008,12.91042,-27.21548,141.76639,46.70782,-166.161875,1.842841,2.20606,3.82614,-2.04921,50,5.20884,3.88549,-122.06788,-0.57333,3.32389,24.34517,-26.40913,BOC_EAG,MAI_BLA,HarringtonVillage,D1,ACC,20260331-HarringtonVillage-1,7c406710-2d38-11f1-8528-2919e47e1546,83.95191,18.21953,,7.02512,,,,1.20786,2.71958,-0.15544,627d9ed7-b483-4f20-be95-c4ef498f54ab,2026-03-31,19:33:24.55,2026-03-31T15:33:24.5540000-04:00,2026-03-31T19:33:24.5540000Z,LineDrive,v3,227,471344,16389,"DeAndrade, Nolan",1000437002,Right,MAI_BLA,1a3a3cf5-aec0-4a31-9343-f8e9573d87b9,54.14528,-122.89183,12.17259,5.21312,0.32047,-13.20457,-2.17881,3.773,1.66195,23.306844,1.20786,-86.23317,6.17791,-0.2983,0.08705,0.02438,-0.0401,0.02012,-0.00348,2.71961,37.60511,-24.5542,2.37776,-0.40544,0.1114,-0.06835,0.0285,-0.0044,-0.15546,-24.41824,4.23268,-0.63552,0.06792,-0.00847,0.01952,-0.01018,0.00163,,,,,,,,,,,,,,,,,,,,,,,High,High,High,High,Low,,,,205.920095,57.901306,1157.73552,0.531379,12:45,-0.861939,-0.22959,-0.452051,56.045952,-12.587614,79.958015,151.867539,-8.830095,0.465923,-0.153505,-0.871408,9.990572,-27.769985,0.153505,-0.465923,0.871408,-9.990572,27.769985,-0.153505,0.465923,0.871408,-151.867539,8.830095,-0.465923,0.153505,-0.871408,76.84648,14.51037,3.4041
58,2026-03-31,15:33:46.02,2,6,"Stabley, Thomas",1000146615,Right,MAI_BLA,"Surowiec, Danny",831970,Left,BOC_EAG,Undefined,2,Bottom,0,3,2,Cutter,Slider,StrikeCalled,Strikeout,Undefined,Undefined,0,0,,84.91078,-0.872044,-1.578669,2220.063794,163.310183,11:30,5.19588,2.19947,6.47106,-30.77348,7.77508,-1.90827,1.8302,0.59028,76.60351,-6.675505,-1.925035,0.446864,,,,,,,,,,,,0.46461,4.79386,-2.08752,50,5.12122,3.46905,-123.20155,-2.77816,0.70072,28.74953,-24.94384,BOC_EAG,MAI_BLA,HarringtonVillage,D1,ACC,20260331-HarringtonVillage-1,890990c0-2d38-11f1-8528-2919e47e1546,84.34879,,,8.30727,,,,,,,627d9ed7-b483-4f20-be95-c4ef498f54ab,2026-03-31,19:33:46.02,2026-03-31T15:33:46.0210000-04:00,2026-03-31T19:33:46.0210000Z,,v3,227,471344,16389,"DeAndrade, Nolan",1000437002,Right,MAI_BLA,b4375af5-f943-41eb-aa9e-b6a32883c9ad,54.02353,-124.1369,14.37476,5.19841,-1.96662,-12.47192,-2.20002,3.44625,0.35036,,,,,,,,,,,,,,,,,,,,,,,,,,,,,,,,,,,,,,,,,,,,,,,,,,,High,High,High,,,,,,211.959606,51.31708,1387.56202,0.62501,1:00,-0.789806,-0.342673,-0.508706,52.382771,-6.67066,80.461139,148.244649,-4.801085,0.524447,-0.083697,-0.84732,5.641275,-31.631004,0.083697,-0.524447,0.84732,-5.641275,31.631004,-0.083697,0.524447,0.84732,-148.244649,4.801085,-0.524447,0.083697,-0.84732,,,
59,2026-03-31,15:34:20.37,3,1,"Stabley, Thomas",1000146615,Right,MAI_BLA,"Roossien, Jace",831501,Left,BOC_EAG,Undefined,2,Bottom,1,0,0,Cutter,Slider,BallCalled,Undefined,Undefined,Undefined,0,0,,84.97357,-1.817191,-2.816296,2147.239732,199.893301,12:45,5.14871,2.13981,6.55593,-29.66572,8.61693,2.62646,1.00783,-0.22562,77.06057,-7.403574,-2.339294,0.44532,,,,,,,,,,,,-2.28933,5.50288,-1.94652,50,5.01075,5.96685,-123.24837,-4.75859,-3.46889,27.90231,-23.8359,BOC_EAG,MAI_BLA,HarringtonVillage,D1,ACC,20260331-HarringtonVillage-1,9d895e40-2d38-11f1-8528-2919e47e1546,84.6412,,,7.91299,,,,,,,627d9ed7-b483-4f20-be95-c4ef498f54ab,2026-03-31,19:34:20.37,2026-03-31T15:34:20.3780000-04:00,2026-03-31T19:34:20.3780000Z,,v3,227,471344,16389,"DeAndrade, Nolan",1000437002,Right,MAI_BLA,4f37007e-c7be-4b44-8e78-3156c4354af0,53.94138,-124.13746,13.95116,5.15028,-3.99907,-11.91795,-2.13841,6.07738,-1.73445,,,,,,,,,,,,,,,,,,,,,,,,,,,,,,,,,,,,,,,,,,,,,,,,,,,High,High,High,,,,,,215.707432,52.038953,1320.822114,0.615126,1:15,-0.800252,-0.383837,-0.460724,50.392709,-4.204594,79.018603,145.492377,-7.489611,0.561683,-0.130346,-0.81702,9.064507,-34.172244,0.130346,-0.561683,0.81702,-9.064507,34.172244,-0.130346,0.561683,0.81702,-145.492377,7.489611,-0.561683,0.130346,-0.81702,,,
60,2026-03-31,15:34:41.69,3,2,"Stabley, Thomas",1000146615,Right,MAI_BLA,"Roossien, Jace",831501,Left,BOC_EAG,Undefined,2,Bottom,1,1,0,Cutter,Slider,FoulBallNotFieldable,Undefined,Undefined,Undefined,0,0,,84.08245,-0.603675,-3.595604,2214.904643,158.866503,11:15,5.27678,2.20598,6.25991,-32.22706,7.71193,-2.39547,2.03345,-1.31335,75.52732,-6.655668,-4.027198,0.454852,,,,,,,,,,,,-0.00843,4.62603,-1.93797,50,5.21637,7.74113,-121.75322,-2.24699,-0.01233,29.37148,-25.40043,BOC_EAG,MAI_BLA,HarringtonVillage,D1,ACC,20260331-HarringtonVillage-1,aa3a9320-2d38-11f1-8528-2919e47e1546,82.86748,,,8.55513,,,,,,,627d9ed7-b483-4f20-be95-c4ef498f54ab,2026-03-31,19:34:41.69,2026-03-31T15:34:41.6970000-04:00,2026-03-31T19:34:41.6970000Z,,v3,227,471344,16389,"DeAndrade, Nolan",1000437002,Right,MAI_BLA,bbb847eb-6d22-4f1c-8edb-a2e1da3eeaed,54.23677,-122.77103,14.68574,5.27899,-1.36679,-12.70021,-2.20624,7.74156,-0.00616,,,,,,,,,,,,,,,,,,,,,,,,,,,,,,,,,,,,,,,,,,,,,,,,,,,High,High,High,,,,,,207.875604,53.781068,1308.725759,0.590872,1:00,-0.834984,-0.284749,-0.470872,64.461802,-23.091225,84.08194,148.255727,-4.907783,0.5242,-0.085552,-0.847287,5.765728,-31.614401,0.085552,-0.5242,0.847287,-5.765728,31.614401,-0.085552,0.5242,0.847287,-148.255727,4.907783,-0.5242,0.085552,-0.847287,,,
61,2026-03-31,15:35:03.30,3,3,"Stabley, Thomas",1000146615,Right,MAI_BLA,"Roossien, Jace",831501,Left,BOC_EAG,Undefined,2,Bottom,1,1,1,Fastball,Sinker,StrikeCalled,Undefined,Undefined,Undefined,0,0,,88.25327,-1.419456,-2.024456,2019.884011,222.298075,1:30,5.40876,1.96739,6.83533,-21.69501,13.23938,10.94564,2.30521,1.03243,80.01786,-5.580021,-0.024769,0.4254,,,,,,,,,,,,-6.39918,7.82,-1.84082,50,5.30959,4.12032,-128.18715,-3.73669,-10.52978,29.23478,-19.30629,BOC_EAG,MAI_BLA,HarringtonVillage,D1,ACC,20260331-HarringtonVillage-1,b7212fe0-2d38-11f1-8528-2919e47e1546,88.60461,,,8.2354,,,,,,,627d9ed7-b483-4f20-be95-c4ef498f54ab,2026-03-31,19:35:03.30,2026-03-31T15:35:03.3030000-04:00,2026-03-31T19:35:03.3030000Z,,v3,227,471344,16389,"DeAndrade, Nolan",1000437002,Right,MAI_BLA,1c76b292-1a96-4724-8137-24cd728044e1,53.66116,-129.01943,14.61739,5.40815,-3.18706,-9.65314,-1.96239,4.42008,-5.26489,,,,,,,,,,,,,,,,,,,,,,,,,,,,,,,,,,,,,,,,,,,,,,,,,,,High,High,High,,,,,,218.658983,23.62284,1850.623918,0.916203,1:15,-0.411446,-0.582088,-0.701346,-59.556583,11.216928,-17.197928,175.243135,-16.665192,0.079444,-0.286779,-0.954697,16.719583,-4.55663,0.286779,-0.079444,0.954697,-16.719583,4.55663,-0.286779,0.079444,0.954697,-175.243135,16.665192,-0.079444,0.286779,-0.954697,,,
62,2026-03-31,15:35:21.99,3,4,"Stabley, Thomas",1000146615,Right,MAI_BLA,"Roossien, Jace",831501,Left,BOC_EAG,Undefined,2,Bottom,1,1,2,Fastball,Sinker,InPlay,Undefined,FlyBall,Out,1,0,,89.02863,-0.811978,-2.622976,2180.664425,228.176711,1:30,5.38025,2.05456,6.94059,-21.13749,13.2069,13.38111,2.87893,0.78062,80.28645,-4.890603,-0.175197,0.421793,96.81856,55.155403,-21.857352,4512.737965,89.53718,142.83393,-63.8991,230.98897,230.47627,-43.72709,6.185236,-7.99264,7.65867,-1.8951,50,5.32216,5.43421,-129.29096,-2.36404,-13.30808,31.06271,-19.42201,BOC_EAG,MAI_BLA,HarringtonVillage,D1,ACC,20260331-HarringtonVillage-1,c2375260-2d38-11f1-8528-2919e47e1546,89.36243,152.43836,,8.74219,,,,1.46125,2.73817,-0.72806,627d9ed7-b483-4f20-be95-c4ef498f54ab,2026-03-31,19:35:21.99,2026-03-31T15:35:21.9910000-04:00,2026-03-31T19:35:21.9910000Z,FlyBall,v3,227,471344,16389,"DeAndrade, Nolan",1000437002,Right,MAI_BLA,cf471eda-2651-42d0-a35e-58b08ad6c8d8,53.55703,-130.14274,15.53136,5.37969,-1.83146,-9.711,-2.04912,5.79914,-6.65404,156.438837,1.45337,75.32303,-27.19502,7.82967,-1.28349,-0.00485,0.04522,-0.00721,0.00036,2.70934,117.00408,-29.89443,4.66813,-1.40423,0.35024,-0.05081,0.00352,-8E-05,-0.72244,-30.33425,-1.60688,1.06169,0.01708,-0.13461,0.04138,-0.00521,0.00024,,,,,,,,,,,,,,,,,,,,,,,High,High,High,Medium,Low,,,,223.746541,21.983541,2022.111429,0.927291,1:30,-0.39549,-0.646434,-0.652465,-66.095766,5.866747,-22.594222,176.993804,-17.509726,0.050014,-0.300868,-0.952354,17.532378,-2.866787,0.300868,-0.050014,0.952354,-17.532378,2.866787,-0.300868,0.050014,0.952354,-176.993804,17.509726,-0.050014,0.300868,-0.952354,,,
63,2026-03-31,15:35:58.32,4,1,"Stabley, Thomas",1000146615,Right,MAI_BLA,"Larson, Colin",831502,Left,BOC_EAG,Undefined,2,Bottom,2,0,0,Fastball,Four-Seam,StrikeCalled,Undefined,Undefined,Undefined,0,0,,88.68545,-2.228405,-2.729068,2191.097236,212.436324,1:00,5.33378,2.09666,6.80396,-16.82611,17.9719,10.62575,1.89471,0.48983,80.11942,-5.504071,-0.791123,0.424569,,,,,,,,,,,,-6.4352,10.56256,-1.9232,50,5.18268,5.72162,-128.6351,-5.38792,-10.63682,30.04875,-14.71509,BOC_EAG,MAI_BLA,HarringtonVillage,D1,ACC,20260331-HarringtonVillage-1,d7e602f0-2d38-11f1-8528-2919e47e1546,88.77806,,,8.56603,,,,,,,627d9ed7-b483-4f20-be95-c4ef498f54ab,2026-03-31,19:35:58.32,2026-03-31T15:35:58.3220000-04:00,2026-03-31T19:35:58.3220000Z,,v3,227,471344,16389,"DeAndrade, Nolan",1000437002,Right,MAI_BLA,3e9a0d5a-ef90-4cde-8bdf-664a4253dd2e,53.69121,-129.49449,15.02437,5.33075,-4.96707,-7.35755,-2.09118,6.02583,-5.31841,,,,,,,,,,,,,,,,,,,,,,,,,,,,,,,,,,,,,,,,,,,,,,,,,,,High,High,High,,,,,,221.434069,19.774596,2061.890135,0.941031,1:30,-0.347086,-0.635419,-0.689764,-66.65213,15.193096,-6.82818,175.10188,-24.172423,0.077898,-0.409484,-0.908986,24.250828,-4.467725,0.409484,-0.077898,0.908986,-24.250828,4.467725,-0.409484,0.077898,0.908986,-175.10188,24.172423,-0.077898,0.409484,-0.908986,,,
64,2026-03-31,15:36:15.90,4,2,"Stabley, Thomas",1000146615,Right,MAI_BLA,"Larson, Colin",831502,Left,BOC_EAG,Undefined,2,Bottom,2,0,1,Cutter,Slider,InPlay,Undefined,Popup,Out,1,0,,84.77323,-0.794217,-2.985605,2236.432303,168.2557,11:30,5.26697,2.13184,6.39394,-30.17679,8.28193,-1.45524,2.02074,-0.73782,77.24229,-6.453432,-3.248801,0.446343,72.83307,72.156154,19.389914,,,,,88.38541,85.38271,10.255691,5.573669,-0.14142,4.93583,-1.91671,50,5.19604,6.47043,-123.02698,-2.59516,-0.21488,26.35647,-24.67388,BOC_EAG,MAI_BLA,HarringtonVillage,D1,ACC,20260331-HarringtonVillage-1,e25efb10-2d38-11f1-8528-2919e47e1546,84.44723,128.66374,,7.53094,,,,2.26691,2.11631,0.68959,627d9ed7-b483-4f20-be95-c4ef498f54ab,2026-03-31,19:36:15.90,2026-03-31T15:36:15.9040000-04:00,2026-03-31T19:36:15.9040000Z,Popup,v3,227,471344,16389,"DeAndrade, Nolan",1000437002,Right,MAI_BLA,4f6d8d97-100d-4e10-839e-b1bb47916f80,54.10425,-123.90312,13.17824,5.26868,-1.77494,-12.33694,-2.13192,6.47757,-0.10744,,2.26596,30.87267,-9.29704,2.48887,-0.37114,0.02782,0.00042,-0.00034,3E-05,2.10879,101.8313,-25.6527,3.65452,-1.21894,0.37465,-0.0788,0.00899,-0.00041,0.68794,10.88573,-5.31151,1.61136,-0.3289,0.05952,-0.00937,0.00092,-4E-05,,,,,,,,,,,,,,,,,,,,,,,High,High,High,High,Low,,,,211.801864,54.176829,1308.951691,0.585286,1:00,-0.831287,-0.319645,-0.45474,55.551163,-5.888884,84.247241,153.34454,-6.352915,0.445869,-0.110652,-0.888232,7.101084,-26.47898,0.110652,-0.445869,0.888232,-7.101084,26.47898,-0.110652,0.445869,0.888232,-153.34454,6.352915,-0.445869,0.110652,-0.888232,77.9338,15.25862,20.99048
65,2026-03-31,15:38:48.68,1,1,"Burnham, Jacob",831497,Left,BOC_EAG,"Stevens, Julian",1000253292,Right,MAI_BLA,Undefined,3,Top,0,0,0,ChangeUp,Changeup,BallCalled,Undefined,Undefined,Undefined,0,0,,79.73345,-0.815616,3.427752,1496.941036,90.95587,9:00,5.60431,-2.26312,6.43457,-41.68837,1.77303,-17.65068,1.37933,-0.58011,72.7658,-8.576947,0.226543,0.474486,,,,,,,,,,,,10.27217,1.61996,2.02665,50,5.52781,-6.3092,-115.70611,-2.85691,13.7914,23.53203,-29.9991,BOC_EAG,MAI_BLA,HarringtonVillage,D1,ACC,20260331-HarringtonVillage-1,3d78d1b0-2d39-11f1-8528-2919e47e1546,79.43848,,,6.96765,,,,,,,627d9ed7-b483-4f20-be95-c4ef498f54ab,2026-03-31,19:38:48.68,2026-03-31T15:38:48.6890000-04:00,2026-03-31T19:38:48.6890000Z,,v3,227,471344,16389,"Roossien, Jace",831501,Right,BOC_EAG,a1a3f86a-e4dc-4c64-bb15-c6c9502b4529,54.06495,-116.5299,11.76601,5.60944,-1.80673,-14.99955,2.25597,-6.792,6.8957,,,,,,,,,,,,,,,,,,,,,,,,,,,,,,,,,,,,,,,,,,,,,,,,,,,High,High,High,,,,,,118.391184,-20.133595,1405.466846,0.938893,10:00,0.358516,0.83078,-0.425759,-38.364619,31.793773,77.767955,91.475347,-11.687628,0.978942,-0.202576,-0.025213,82.905334,-78.220908,0.202576,-0.978942,0.025213,-82.905334,78.220908,-0.202576,0.978942,0.025213,-91.475347,11.687628,-0.978942,0.202576,-0.025213,,,
66,2026-03-31,15:39:03.89,1,2,"Burnham, Jacob",831497,Left,BOC_EAG,"Stevens, Julian",1000253292,Right,MAI_BLA,Undefined,3,Top,0,1,0,Fastball,Four-Seam,FoulBallNotFieldable,Undefined,Undefined,Undefined,0,0,,87.25216,-1.745008,2.73356,2155.430956,151.076041,11:00,5.90352,-1.96951,6.00902,-19.01328,17.80375,-9.1465,2.7001,-0.19734,79.29306,-5.36413,1.090499,0.436713,93.24598,46.876153,32.197727,4546.495797,81.63778,102.21628,73.72408,280.78076,129.97415,52.7203,5.573075,5.51752,10.04473,1.75976,50,5.75599,-5.66791,-126.52258,-4.39878,8.88497,27.39789,-15.99878,BOC_EAG,MAI_BLA,HarringtonVillage,D1,ACC,20260331-HarringtonVillage-1,468122d0-2d39-11f1-8528-2919e47e1546,86.30947,118.80472,,7.9591,,,,0.7624,2.57365,0.12582,627d9ed7-b483-4f20-be95-c4ef498f54ab,2026-03-31,19:39:03.89,2026-03-31T15:39:03.8990000-04:00,2026-03-31T19:39:03.8990000Z,FlyBall,v3,227,471344,16389,"Roossien, Jace",831501,Right,BOC_EAG,842d4a23-220c-42bf-a163-70d1adf57a01,54.48831,-127.4908,13.69895,5.90145,-3.8334,-7.99939,1.96561,-5.9819,4.44248,215.870026,0.83013,77.85966,-20.79821,0.33954,3.48126,-1.7425,0.39631,-0.04372,0.00189,2.57031,99.81541,-25.70284,1.645,0.62177,-0.47427,0.1368,-0.01839,0.00094,0.10914,50.08475,-0.81093,-0.46039,-0.05478,0.05474,-0.006,-0.00061,0.0001,,,,,,,,,,,,,,,,,,,,,,,High,High,High,High,Low,,,,139.431727,-20.664471,2016.757079,0.935663,10:45,0.367718,0.618976,-0.694012,36.663445,-51.186266,16.322314,167.763861,6.3523,0.21064,0.110642,-0.971282,6.498715,12.159861,0.110642,0.21064,0.971282,-6.498715,-12.159861,-0.110642,-0.21064,0.971282,-167.763861,-6.3523,-0.21064,-0.110642,-0.971282,75.62838,8.98163,-2.42409
67,2026-03-31,15:39:30.60,1,3,"Burnham, Jacob",831497,Left,BOC_EAG,"Stevens, Julian",1000253292,Right,MAI_BLA,Undefined,3,Top,0,1,1,Slider,Slider,BallCalled,Undefined,Undefined,Undefined,0,0,,75.73134,2.363208,1.709383,2415.961815,277.562569,3:15,5.73775,-2.15678,5.47162,-50.47841,-0.26335,15.0452,3.74498,0.69713,68.64614,-6.896845,4.384298,0.510021,,,,,,,,,,,,-6.95512,-0.29165,1.99631,50,5.91184,-3.86221,-109.69512,2.88265,-8.35717,21.91347,-32.52451,BOC_EAG,MAI_BLA,HarringtonVillage,D1,ACC,20260331-HarringtonVillage-1,56759bd0-2d39-11f1-8528-2919e47e1546,73.90363,,,7.08521,,,,,,,627d9ed7-b483-4f20-be95-c4ef498f54ab,2026-03-31,19:39:30.60,2026-03-31T15:39:30.6010000-04:00,2026-03-31T19:39:30.6010000Z,,v3,227,471344,16389,"Roossien, Jace",831501,Right,BOC_EAG,cd9a578a-ae69-4020-bb47-dd570e77f371,55.02519,-110.69444,10.95674,5.74656,4.36586,-16.26226,2.16374,-3.4811,-4.17859,,,,,,,,,,,,,,,,,,,,,,,,,,,,,,,,,,,,,,,,,,,,,,,,,,,High,High,High,,,,,,310.163644,-69.789483,834.643449,0.34547,4:15,0.919686,-0.302481,0.250365,34.680468,-38.808026,-69.879719,132.939416,31.459716,0.624465,0.521899,-0.58109,41.928232,38.642919,0.521899,0.624465,0.58109,-41.928232,-38.642919,-0.521899,-0.624465,0.58109,-132.939416,-31.459716,-0.624465,-0.521899,-0.58109,,,
68,2026-03-31,15:39:43.99,1,4,"Burnham, Jacob",831497,Left,BOC_EAG,"Stevens, Julian",1000253292,Right,MAI_BLA,Undefined,3,Top,0,2,1,ChangeUp,Changeup,InPlay,Undefined,LineDrive,Single,0,0,,79.26709,0.489661,2.722512,1297.63936,100.064023,9:15,5.61693,-2.26713,6.71985,-39.28183,3.59189,-13.06879,2.79152,-0.86587,73.06318,-6.865872,0.340863,0.471267,105.91101,2.505874,-30.721332,3599.334996,,,,69.44743,65.28503,-31.184811,0.479545,7.68185,2.12398,2.09189,50,5.63395,-5.0596,-115.294,-0.06543,10.37969,20.66463,-29.30415,BOC_EAG,MAI_BLA,HarringtonVillage,D1,ACC,20260331-HarringtonVillage-1,5e6b4470-2d39-11f1-8528-2919e47e1546,79.98104,3.19034,,6.2039,,,,1.97888,2.78386,1.01895,627d9ed7-b483-4f20-be95-c4ef498f54ab,2026-03-31,19:39:43.99,2026-03-31T15:39:43.9960000-04:00,2026-03-31T19:39:43.9960000Z,GroundBall,v3,227,471344,16389,"Roossien, Jace",831501,Right,BOC_EAG,f70a81b2-6301-425d-865c-0d7b0e6c8bcf,53.78127,-115.96976,10.33232,5.62042,0.89285,-14.65208,2.2629,-5.39903,5.18985,52.20267,2.00701,132.61844,-27.03737,,,,,,,2.81001,6.05362,-24.94882,,,,,,,1.02366,-79.41602,4.7658,,,,,,,,,,,,,,,,,,,,,,,,,,,,,High,High,High,High,High,,,,116.776346,-20.79754,1213.086373,0.934841,10:00,0.381782,0.831535,-0.403475,-36.679548,34.973271,75.318685,102.891809,-75.86228,0.238097,-0.969711,-0.054496,86.783491,-13.774226,0.969711,-0.238097,0.054496,-86.783491,13.774226,-0.969711,0.238097,0.054496,-102.891809,75.86228,-0.238097,0.969711,-0.054496,75.96754,17.30378,-15.25758
69,2026-03-31,15:40:17.22,2,1,"Burnham, Jacob",831497,Left,BOC_EAG,"Carpenter, Troy",1000239627,Right,MAI_BLA,Undefined,3,Top,0,0,0,ChangeUp,Changeup,BallCalled,Undefined,Undefined,Undefined,0,0,,79.74376,0.138369,2.209588,1352.262894,118.029676,10:00,5.71923,-2.37033,6.21131,-34.48872,9.00213,-14.28048,2.97296,-1.52012,72.90727,-6.309421,-0.368689,0.474646,,,,,,,,,,,,7.98835,5.06555,2.21128,50,5.71252,-3.94296,-115.82119,-0.71994,10.82319,22.15068,-25.31086,BOC_EAG,MAI_BLA,HarringtonVillage,D1,ACC,20260331-HarringtonVillage-1,723c5b60-2d39-11f1-8528-2919e47e1546,79.41161,,,6.83649,,,,,,,627d9ed7-b483-4f20-be95-c4ef498f54ab,2026-03-31,19:40:17.22,2026-03-31T15:40:17.2260000-04:00,2026-03-31T19:40:17.2260000Z,,v3,227,471344,16389,"Roossien, Jace",831501,Right,BOC_EAG,a935dec0-db50-42cf-b425-de9fbb3fd485,54.28636,-116.63807,11.07534,5.72186,0.21348,-12.65543,2.36405,-4.3421,5.41159,,,,,,,,,,,,,,,,,,,,,,,,,,,,,,,,,,,,,,,,,,,,,,,,,,,High,High,High,,,,,,121.603422,-8.283874,1338.153894,0.989566,10:00,0.165997,0.842459,-0.51255,-56.913256,45.036704,81.555916,113.741507,-75.623073,0.227286,-0.968683,-0.099968,84.107926,-13.137369,0.968683,-0.227286,0.099968,-84.107926,13.137369,-0.968683,0.227286,0.099968,-113.741507,75.623073,-0.227286,0.968683,-0.099968,,,
70,2026-03-31,15:40:34.56,2,2,"Burnham, Jacob",831497,Left,BOC_EAG,"Carpenter, Troy",1000239627,Right,MAI_BLA,Undefined,3,Top,0,1,0,Fastball,Sinker,InPlay,Undefined,FlyBall,Out,1,0,,86.81384,-0.682031,3.931923,2055.422845,129.135769,10:15,5.84745,-1.99963,6.17514,-24.22895,12.61505,-14.03001,3.19698,0.46818,79.17232,-5.245375,1.407662,0.436873,102.72931,55.477401,-9.077209,4436.512985,109.96241,163.72158,-2.87112,227.34685,101.22573,4.195339,6.701942,8.41571,7.08012,1.70908,50,5.7834,-8.10534,-125.90159,-2.22866,13.47525,26.14092,-20.83736,BOC_EAG,MAI_BLA,HarringtonVillage,D1,ACC,20260331-HarringtonVillage-1,7c8bf990-2d39-11f1-8528-2919e47e1546,86.27789,179.99203,,7.64151,,,,1.92811,3.05468,-0.41887,627d9ed7-b483-4f20-be95-c4ef498f54ab,2026-03-31,19:40:34.56,2026-03-31T15:40:34.5650000-04:00,2026-03-31T19:40:34.5650000Z,FlyBall,v3,227,471344,16389,"Roossien, Jace",831501,Right,BOC_EAG,190d124c-e0e3-42ed-87fb-4b967b3efe8c,54.32409,-126.79622,13.07046,5.84747,-1.51553,-10.41868,1.99436,-8.56651,6.73762,192.803126,1.94392,84.06799,-26.28773,6.75342,-0.91922,-0.0103,0.02524,-0.00349,0.00016,3.02738,124.50169,-28.29231,3.66285,-0.9022,0.1946,-0.02577,0.00161,-3E-05,-0.41651,-13.4942,10.90174,-3.70651,0.80742,-0.10505,0.00545,0.00024,-3E-05,,,,,,,,,,,,,,,,,,,,,,,High,High,High,High,Low,,,,141.971238,-26.473908,1839.885994,0.895137,10:45,0.48651,0.556723,-0.673325,56.839173,-54.269802,-8.233047,161.150091,15.241282,0.311726,0.262884,-0.913082,16.061581,18.163292,0.262884,0.311726,0.913082,-16.061581,-18.163292,-0.262884,-0.311726,0.913082,-161.150091,-15.241282,-0.311726,-0.262884,-0.913082,72.8178,28.16869,-15.88121
71,2026-03-31,15:41:09.04,3,1,"Burnham, Jacob",831497,Left,BOC_EAG,"St. Denis, Hunter",1000341731,Right,MAI_BLA,Undefined,3,Top,1,0,0,Slider,Slider,InPlay,Undefined,LineDrive,Out,2,0,,76.85016,0.220903,2.071577,2406.308596,255.473442,2:30,5.7322,-2.35928,5.57932,-43.6312,4.68792,11.82623,2.30271,0.5618,70.12637,-7.792209,4.180365,0.5003,72.81718,12.025364,-3.609216,1747.551664,109.98448,10.98695,-1.82684,166.13094,128.29239,0.809438,1.888569,-5.3791,2.75646,2.17302,50,5.72274,-4.47428,-111.45762,-0.94659,-6.69573,21.99005,-28.74288,BOC_EAG,MAI_BLA,HarringtonVillage,D1,ACC,20260331-HarringtonVillage-1,912123d0-2d39-11f1-8528-2919e47e1546,75.3396,12.01231,,6.72379,,,,1.64086,2.35146,-0.55012,627d9ed7-b483-4f20-be95-c4ef498f54ab,2026-03-31,19:41:09.04,2026-03-31T15:41:09.0490000-04:00,2026-03-31T19:41:09.0490000Z,GroundBall,v3,227,471344,16389,"Roossien, Jace",831501,Right,BOC_EAG,0e4e6b1f-35c1-4e7f-80b8-b984c8352ada,54.91915,-112.42395,10.99503,5.73659,0.31649,-14.37144,2.36317,-4.18005,-3.34787,222.716852,1.64085,104.24811,-12.31967,2.30678,-0.3982,0.04506,0.00374,-0.00312,0.00047,2.35149,22.24747,-13.19071,0.55307,-0.23615,0.19125,-0.10198,0.03028,-0.00373,-0.55012,-6.57582,5.55486,-0.91077,0.16082,-0.01552,-0.00321,0.00177,-0.00026,,,,,,,,,,,,,,,,,,,,,,,High,High,High,High,High,,,,307.019018,-73.45963,685.054049,0.284691,4:15,0.950914,-0.231002,0.205915,36.64256,-36.989604,-69.366234,137.526977,33.293775,0.564413,0.548932,-0.616532,41.68043,34.361562,0.548932,0.564413,0.616532,-41.68043,-34.361562,-0.548932,-0.564413,0.616532,-137.526977,-33.293775,-0.564413,-0.548932,-0.616532,,,
72,2026-03-31,15:43:34.75,1,1,"Stabley, Thomas",1000146615,Right,MAI_BLA,"Solier, Julio",827632,Right,BOC_EAG,Undefined,3,Bottom,0,0,0,Cutter,Slider,BallCalled,Undefined,Undefined,Undefined,0,0,,86.62474,-1.998466,-3.069051,2140.753205,220.053956,1:15,5.1867,1.91563,6.74931,-29.88691,5.9191,4.11319,0.86714,-0.54791,80.2488,-7.583025,-2.319293,0.430675,,,,,,,,,,,,-2.97429,3.95882,-1.71565,50,5.04386,6.60629,-125.90126,-5.2548,-4.81143,23.6864,-25.76997,BOC_EAG,MAI_BLA,HarringtonVillage,D1,ACC,20260331-HarringtonVillage-1,e7f11bc0-2d39-11f1-8528-2919e47e1546,87.51949,,,6.37594,,,,,,,627d9ed7-b483-4f20-be95-c4ef498f54ab,2026-03-31,19:43:34.75,2026-03-31T15:43:34.7510000-04:00,2026-03-31T19:43:34.7510000Z,,v3,227,471344,16389,"DeAndrade, Nolan",1000437002,Right,MAI_BLA,bee9021b-26c3-425c-83cb-67853ad18091,53.7511,-126.60501,11.8432,5.18861,-4.48915,-12.88498,-1.91405,6.74924,-2.40572,,,,,,,,,,,,,,,,,,,,,,,,,,,,,,,,,,,,,,,,,,,,,,,,,,,High,High,High,,,,,,214.477456,43.916382,1542.097629,0.720353,1:15,-0.709785,-0.431719,-0.556619,53.740574,-11.409418,76.832475,137.078759,-0.185678,0.680989,-0.003241,-0.732287,0.253557,-42.920961,0.003241,-0.680989,0.732287,-0.253557,42.920961,-0.003241,0.680989,0.732287,-137.078759,0.185678,-0.680989,0.003241,-0.732287,,,
73,2026-03-31,15:43:52.38,1,2,"Stabley, Thomas",1000146615,Right,MAI_BLA,"Solier, Julio",827632,Right,BOC_EAG,Undefined,3,Bottom,0,1,0,Fastball,Four-Seam,InPlay,Undefined,GroundBall,Out,1,0,,88.18435,-1.67534,-2.501754,2152.619354,214.931822,1:15,5.25424,1.83361,6.99514,-21.71867,12.67682,8.10949,1.9192,0.2333,80.91273,-5.822077,-1.016534,0.422107,81.93948,-32.506338,-24.86282,,,,,4.59456,4.59456,-19.234596,0.029916,-5.03658,7.56575,-1.68252,50,5.14388,5.3195,-128.21773,-4.30257,-8.39125,26.30763,-19.56907,BOC_EAG,MAI_BLA,HarringtonVillage,D1,ACC,20260331-HarringtonVillage-1,f2727850-2d39-11f1-8528-2919e47e1546,89.296,1.93599,,7.27161,,,,1.58151,1.93599,-0.23623,627d9ed7-b483-4f20-be95-c4ef498f54ab,2026-03-31,19:43:52.38,2026-03-31T15:43:52.3870000-04:00,2026-03-31T19:43:52.3870000Z,GroundBall,v3,227,471344,16389,"DeAndrade, Nolan",1000437002,Right,MAI_BLA,93a437c9-8d98-4d84-be67-65db269da6a4,53.50419,-128.93471,13.15381,5.25388,-3.76924,-9.78454,-1.83062,5.5482,-4.19562,,1.5806,92.14428,,,,,,,,1.93663,-64.71466,,,,,,,,-0.23581,-42.6993,,,,,,,,,,,,,,,,,,,,,,,,,,,,,,High,High,High,Estimated,Estimated,,,,222.784192,25.067452,1949.863335,0.90581,1:30,-0.434148,-0.627385,-0.646455,-68.582149,13.884958,-16.913596,175.620685,-21.76848,0.070914,-0.370857,-0.925979,21.826239,-4.06648,0.370857,-0.070914,0.925979,-21.826239,4.06648,-0.370857,0.070914,0.925979,-175.620685,21.76848,-0.070914,0.370857,-0.925979,,,
74,2026-03-31,15:44:27.32,2,1,"Stabley, Thomas",1000146615,Right,MAI_BLA,"Mainolfi, Ty",839397,Left,BOC_EAG,Undefined,3,Bottom,1,0,0,Fastball,Four-Seam,BallCalled,Undefined,Undefined,Undefined,0,0,,89.05687,-0.629972,-1.190322,2198.869183,208.079614,1:00,5.37122,1.83431,6.83781,-16.87875,17.24442,8.59725,3.38999,1.46506,80.9311,-3.909048,0.380421,0.420432,,,,,,,,,,,,-4.87807,9.65292,-1.76053,50,5.3241,2.36352,-129.47168,-1.81101,-8.22598,28.68343,-15.89619,BOC_EAG,MAI_BLA,HarringtonVillage,D1,ACC,20260331-HarringtonVillage-1,0741ec70-2d3a-11f1-8528-2919e47e1546,89.65162,,,8.12577,,,,,,,627d9ed7-b483-4f20-be95-c4ef498f54ab,2026-03-31,19:44:27.32,2026-03-31T15:44:27.3280000-04:00,2026-03-31T19:44:27.3280000Z,,v3,227,471344,16389,"DeAndrade, Nolan",1000437002,Right,MAI_BLA,df357bc9-b56c-406a-a6f5-694f94d24df9,53.6585,-130.27967,14.34171,5.36881,-1.36323,-7.94809,-1.83037,2.59524,-4.11299,,,,,,,,,,,,,,,,,,,,,,,,,,,,,,,,,,,,,,,,,,,,,,,,,,,High,High,High,,,,,,222.29879,20.944614,2053.582008,0.933926,1:30,-0.364807,-0.632422,-0.683343,-61.723201,8.423119,-17.158664,176.443455,-16.191188,0.059573,-0.278843,-0.958487,16.22079,-3.41531,0.278843,-0.059573,0.958487,-16.22079,3.41531,-0.278843,0.059573,0.958487,-176.443455,16.191188,-0.059573,0.278843,-0.958487,,,
75,2026-03-31,15:44:44.22,2,2,"Stabley, Thomas",1000146615,Right,MAI_BLA,"Mainolfi, Ty",839397,Left,BOC_EAG,Undefined,3,Bottom,1,1,0,Cutter,Slider,InPlay,Undefined,GroundBall,Out,1,0,,86.02057,-0.820752,-2.025314,2276.966851,203.296195,12:45,5.26134,1.86429,6.38674,-29.92289,7.08469,2.5576,2.01228,0.21368,78.95387,-6.41515,-1.561974,0.437841,107.98164,-18.670469,18.722665,,,,,7.05628,7.05628,13.819142,0.039301,-1.90595,4.26205,-1.71976,50,5.18842,4.32625,-125.02862,-2.69665,-3.01693,25.21042,-25.42766,BOC_EAG,MAI_BLA,HarringtonVillage,D1,ACC,20260331-HarringtonVillage-1,11591580-2d3a-11f1-8528-2919e47e1546,86.08701,1.99476,,7.0667,,,,1.26112,1.99476,-0.20944,627d9ed7-b483-4f20-be95-c4ef498f54ab,2026-03-31,19:44:44.22,2026-03-31T15:44:44.2210000-04:00,2026-03-31T19:44:44.2210000Z,GroundBall,v3,227,471344,16389,"DeAndrade, Nolan",1000437002,Right,MAI_BLA,cf6af907-a909-4ff0-8216-8b4aa45e148d,54.11266,-125.85515,12.60521,5.26316,-1.863,-12.71383,-1.86322,4.42516,-1.50846,,1.2601,142.26044,,,,,,,,1.99513,-50.75667,,,,,,,,-0.20978,48.21523,,,,,,,,,,,,,,,,,,,,,,,,,,,,,,High,High,High,Estimated,Estimated,,,,211.154015,46.932978,1554.834549,0.682853,1:00,-0.745619,-0.363696,-0.55837,60.658895,-25.33548,80.445504,137.42246,-4.071637,0.67488,-0.071004,-0.734504,5.521563,-42.444808,0.071004,-0.67488,0.734504,-5.521563,42.444808,-0.071004,0.67488,0.734504,-137.42246,4.071637,-0.67488,0.071004,-0.734504,,,
76,2026-03-31,15:45:21.01,3,1,"Stabley, Thomas",1000146615,Right,MAI_BLA,"Wang, Nick",813482,Right,BOC_EAG,Undefined,3,Bottom,2,0,0,Cutter,Slider,InPlay,Undefined,Popup,Out,1,0,,84.99768,-0.039056,-1.309386,2287.864985,175.683552,11:45,5.23136,1.83655,6.45698,-30.46498,7.46937,-0.47173,2.65673,0.59421,77.6164,-5.762471,-1.394971,0.44329,63.06073,78.669665,29.820639,,,,,,15.11893,,,-0.13402,4.27925,-1.74379,50,5.21504,2.84145,-123.55254,-0.97953,-0.20621,25.68779,-25.59013,BOC_EAG,MAI_BLA,HarringtonVillage,D1,ACC,20260331-HarringtonVillage-1,2746a3d0-2d3a-11f1-8528-2919e47e1546,85.02892,79.3079,,7.38128,,,,1.57388,2.67258,-0.59803,627d9ed7-b483-4f20-be95-c4ef498f54ab,2026-03-31,19:45:21.01,2026-03-31T15:45:21.0110000-04:00,2026-03-31T19:45:21.0110000Z,,v3,227,471344,16389,"DeAndrade, Nolan",1000437002,Right,MAI_BLA,e3abcd7d-bc2d-4ab2-bc4e-a5cf5cd933e9,54.04147,-124.38997,12.84389,5.23338,-0.14529,-12.79507,-1.83653,2.84817,-0.10311,,1.57388,15.76479,-9.97609,3.65942,-0.93682,0.21434,-0.04647,0.0082,-0.00085,2.67258,90.68638,-25.75912,2.74876,-0.41378,0.03995,-0.00173,-0.00057,0.00011,-0.59803,9.03613,0.2203,-0.34061,0.12349,-0.03346,0.00808,-0.00152,0.00016,,,,,,,,,,,,,,,,,,,,,,,High,High,High,Medium,Undefined,,,,208.587468,55.210839,1305.360172,0.570558,1:00,-0.832305,-0.273572,-0.482107,60.861197,-18.175332,76.348616,143.734957,-5.06354,0.589213,-0.08826,-0.803143,6.27129,-36.101174,0.08826,-0.589213,0.803143,-6.27129,36.101174,-0.08826,0.589213,0.803143,-143.734957,5.06354,-0.589213,0.08826,-0.803143,72.13489,13.43264,-12.31751
77,2026-03-31,15:47:45.85,1,1,"Burnham, Jacob",831497,Left,BOC_EAG,"Rasmussen, Brody",1000250740,Right,MAI_BLA,Undefined,4,Top,0,0,0,Slider,Curveball,InPlay,Undefined,GroundBall,Out,1,0,,76.77175,0.244041,1.772965,2466.088174,325.757584,4:45,5.70553,-2.20018,5.7298,-52.65814,-4.66488,4.24418,1.54474,-0.1948,70.39564,-9.382227,2.533605,0.49861,64.8115,-32.835161,-59.098782,,,,,3.726,2.1902,-30.645872,0.031394,-1.63803,-2.0428,2.04962,50,5.69326,-3.60509,-111.45733,-1.2005,-2.04317,21.60902,-34.7221,BOC_EAG,MAI_BLA,HarringtonVillage,D1,ACC,20260331-HarringtonVillage-1,7da38ea0-2d3a-11f1-8528-2919e47e1546,75.59496,1.62259,,6.37611,,,,1.91433,1.62259,0.25821,627d9ed7-b483-4f20-be95-c4ef498f54ab,2026-03-31,19:47:45.85,2026-03-31T15:47:45.8590000-04:00,2026-03-31T19:47:45.8590000Z,GroundBall,v3,227,471344,16389,"Roossien, Jace",831501,Right,BOC_EAG,69b92cdf-0864-45df-a680-be407496c3e4,54.77057,-112.37843,10.80451,5.71289,0.27956,-17.36105,2.20144,-3.51799,-1.02158,,1.91375,41.13145,,,,,,,,1.6233,-51.68467,,,,,,,,0.25917,-68.72233,,,,,,,,,,,,,,,,,,,,,,,,,,,,,,High,High,High,Low,Low,,,,315.193305,-75.159584,631.633449,0.256128,4:30,0.959781,-0.184613,0.211516,46.19229,-23.774441,-78.010906,145.156557,40.716849,0.43304,0.652321,-0.622056,46.360479,25.660633,0.652321,0.43304,0.622056,-46.360479,-25.660633,-0.652321,-0.43304,0.622056,-145.156557,-40.716849,-0.43304,-0.652321,-0.622056,,,
78,2026-03-31,15:48:15.49,2,1,"Burnham, Jacob",831497,Left,BOC_EAG,"Hauser, Rex",1000318641,Right,MAI_BLA,Undefined,4,Top,1,0,0,Slider,Curveball,BallCalled,Undefined,Undefined,Undefined,0,0,,76.91367,0.459526,3.374656,2489.513007,323.322656,4:45,5.73397,-2.2297,5.61556,-52.99275,-4.87693,4.79422,1.74754,1.32303,70.5605,-9.194087,4.229623,0.499247,,,,,,,,,,,,-1.40941,-2.07248,1.93823,50,5.73952,-6.75737,-111.48777,-0.84722,-1.76158,21.34469,-34.76436,BOC_EAG,MAI_BLA,HarringtonVillage,D1,ACC,20260331-HarringtonVillage-1,8f4fc9c0-2d3a-11f1-8528-2919e47e1546,75.49861,,,6.35317,,,,,,,627d9ed7-b483-4f20-be95-c4ef498f54ab,2026-03-31,19:48:15.49,2026-03-31T15:48:15.4970000-04:00,2026-03-31T19:48:15.4970000Z,,v3,227,471344,16389,"Roossien, Jace",831501,Right,BOC_EAG,03013df9-e4bf-4a77-9e90-d12f1b62dd66,54.88334,-112.41881,10.67234,5.7434,0.66918,-17.38218,2.23131,-6.68053,-0.88079,,,,,,,,,,,,,,,,,,,,,,,,,,,,,,,,,,,,,,,,,,,,,,,,,,,High,High,High,,,,,,311.779289,-75.80876,610.326911,0.245159,4:30,0.956692,-0.190589,0.220038,46.161459,-48.560942,-85.653843,154.597054,37.885772,0.338568,0.614089,-0.712928,40.740371,19.789651,0.614089,0.338568,0.712928,-40.740371,-19.789651,-0.614089,-0.338568,0.712928,-154.597054,-37.885772,-0.338568,-0.614089,-0.712928,,,
79,2026-03-31,15:48:26.44,2,2,"Burnham, Jacob",831497,Left,BOC_EAG,"Hauser, Rex",1000318641,Right,MAI_BLA,Undefined,4,Top,1,1,0,ChangeUp,Changeup,BallCalled,Undefined,Undefined,Undefined,0,0,,79.01823,-1.150662,3.283008,1518.689744,101.474843,9:30,5.65999,-2.25968,6.29069,-38.99183,5.06866,-18.20674,1.34843,-0.74824,72.78593,-8.383223,-0.010015,0.477745,,,,,,,,,,,,10.40296,3.3591,2.02645,50,5.55635,-5.94724,-114.7508,-3.43668,13.88469,21.03905,-27.69073,BOC_EAG,MAI_BLA,HarringtonVillage,D1,ACC,20260331-HarringtonVillage-1,95d31db0-2d3a-11f1-8528-2919e47e1546,78.89659,,,6.2323,,,,,,,627d9ed7-b483-4f20-be95-c4ef498f54ab,2026-03-31,19:48:26.44,2026-03-31T15:48:26.4460000-04:00,2026-03-31T19:48:26.4460000Z,,v3,227,471344,16389,"Roossien, Jace",831501,Right,BOC_EAG,2719ad45-9225-4f3a-ba08-70ab5ad8c1e8,54.20996,-115.5201,10.51952,5.6635,-2.42416,-13.84536,2.25319,-6.45494,6.94234,,,,,,,,,,,,,,,,,,,,,,,,,,,,,,,,,,,,,,,,,,,,,,,,,,,High,High,High,,,,,,119.682965,-17.23117,1450.526925,0.955117,10:00,0.306132,0.835567,-0.456192,-51.112487,35.287843,78.857431,91.363709,-11.115529,0.980963,-0.192788,-0.023353,83.093379,-78.802174,0.192788,-0.980963,0.023353,-83.093379,78.802174,-0.192788,0.980963,0.023353,-91.363709,11.115529,-0.980963,0.192788,-0.023353,,,
80,2026-03-31,15:48:41.49,2,3,"Burnham, Jacob",831497,Left,BOC_EAG,"Hauser, Rex",1000318641,Right,MAI_BLA,Undefined,4,Top,1,2,0,Fastball,Four-Seam,FoulBallNotFieldable,Undefined,Undefined,Undefined,0,0,,86.2033,-2.510772,2.555361,2114.644437,159.706712,11:15,6.01051,-2.02918,6.08942,-14.31347,23.22241,-8.12075,2.49138,-0.34056,78.50124,-5.288991,1.094552,0.440956,69.82171,11.486942,-169.945195,2295.883228,,,,135.63288,40.33643,-171.084247,1.559752,4.94957,13.10662,1.83637,50,5.80911,-5.25972,-125.01362,-5.82744,7.79913,26.21546,-11.52161,BOC_EAG,MAI_BLA,HarringtonVillage,D1,ACC,20260331-HarringtonVillage-1,9ec0bae0-2d3a-11f1-8528-2919e47e1546,85.47898,9.66172,,7.70206,,,,1.90506,2.519,0.28259,627d9ed7-b483-4f20-be95-c4ef498f54ab,2026-03-31,19:48:41.49,2026-03-31T15:48:41.4900000-04:00,2026-03-31T19:48:41.4900000Z,GroundBall,v3,227,471344,16389,"Roossien, Jace",831501,Right,BOC_EAG,bbe8f97f-3a5a-471a-9e54-97f01b3daefa,54.40882,-125.93476,13.10773,6.00676,-5.42261,-5.7608,2.026,-5.53376,3.89957,153.153982,1.73907,-97.32971,6.66695,,,,,,,2.60427,19.66361,-13.71128,,,,,,,0.21896,-16.95064,2.15942,,,,,,,,,,,,,,,,,,,,,,,,,,,,,High,High,High,High,Low,,,,144.281405,-19.00895,1999.328026,0.945468,10:45,0.335148,0.565707,-0.753426,34.229728,-39.934231,25.012251,176.026274,12.357328,0.067693,0.214008,-0.974484,12.386189,3.88152,0.214008,0.067693,0.974484,-12.386189,-3.88152,-0.214008,-0.067693,0.974484,-176.026274,-12.357328,-0.067693,-0.214008,-0.974484,80.56115,11.10978,6.95589
81,2026-03-31,15:49:00.80,2,4,"Burnham, Jacob",831497,Left,BOC_EAG,"Hauser, Rex",1000318641,Right,MAI_BLA,Undefined,4,Top,1,2,1,Fastball,Four-Seam,FoulBallNotFieldable,Undefined,Undefined,Undefined,0,0,,87.11303,-0.833832,2.321509,2138.96284,139.664499,10:45,5.94197,-1.98306,6.21287,-20.77544,15.83009,-12.39363,3.44048,-0.87223,79.11804,-4.789725,0.085216,0.435457,67.70392,50.117446,178.761708,3493.784472,,,,,46.24772,,,7.14839,8.82575,1.81517,50,5.86904,-4.64123,-126.46538,-2.42966,11.48986,27.60045,-17.98809,BOC_EAG,MAI_BLA,HarringtonVillage,D1,ACC,20260331-HarringtonVillage-1,aa43a8f0-2d3a-11f1-8528-2919e47e1546,86.55844,45.99254,,7.99499,,,,1.97907,3.56898,0.86632,627d9ed7-b483-4f20-be95-c4ef498f54ab,2026-03-31,19:49:00.80,2026-03-31T15:49:00.8010000-04:00,2026-03-31T19:49:00.8010000Z,,v3,227,471344,16389,"Roossien, Jace",831501,Right,BOC_EAG,0001febf-afea-4a0a-984d-954c8f55ff45,54.28552,-127.39724,13.80022,5.94081,-1.82234,-8.99405,1.97842,-5.02916,5.74493,14.601154,1.97907,-63.65768,1.30427,0.88453,0.51386,-2.18516,3.27803,-2.34231,0.64865,3.56898,76.19751,-30.15271,3.65777,0.09317,-2.26637,3.36338,-2.29885,0.60072,0.86632,1.37607,3.18446,-0.72329,0.02816,0.34076,-0.52917,0.37361,-0.1013,,,,,,,,,,,,,,,,,,,,,,,High,High,High,High,Undefined,,,,145.647391,-24.425285,1947.528377,0.910501,10:45,0.436101,0.519745,-0.73463,35.646274,-41.521843,17.903748,176.663534,14.46624,0.056354,0.24981,-0.966654,14.489769,3.230569,0.24981,0.056354,0.966654,-14.489769,-3.230569,-0.24981,-0.056354,0.966654,-176.663534,-14.46624,-0.056354,-0.24981,-0.966654,76.95658,19.39632,29.8464
82,2026-03-31,15:49:24.24,2,5,"Burnham, Jacob",831497,Left,BOC_EAG,"Hauser, Rex",1000318641,Right,MAI_BLA,Undefined,4,Top,1,2,2,Slider,Curveball,StrikeCalled,Strikeout,Undefined,Undefined,0,0,,75.15655,1.126387,1.644081,2574.64256,285.377787,3:30,5.72338,-2.00448,5.58339,-53.58322,-2.59126,16.12339,2.31058,0.8749,68.07216,-8.695777,4.52138,0.513952,,,,,,,,,,,,-7.53772,-1.07583,1.85273,50,5.78595,-3.74105,-108.9128,0.42521,-8.86892,22.77336,-33.43987,BOC_EAG,MAI_BLA,HarringtonVillage,D1,ACC,20260331-HarringtonVillage-1,b84f8bd0-2d3a-11f1-8528-2919e47e1546,73.33851,,,7.08439,,,,,,,627d9ed7-b483-4f20-be95-c4ef498f54ab,2026-03-31,19:49:24.24,2026-03-31T15:49:24.2480000-04:00,2026-03-31T19:49:24.2480000Z,,v3,227,471344,16389,"Roossien, Jace",831501,Right,BOC_EAG,7736b965-6d5e-4d5f-abd9-2c2abda85800,54.91381,-109.93546,11.38668,5.73314,1.92687,-16.71993,2.01178,-3.34278,-4.43446,,,,,,,,,,,,,,,,,,,,,,,,,,,,,75.66504,,,0.911963,,,,-0.57696,5.27811,1.10866,72.8208,8.26719,51.97048,-0.4265,91.20683,-11.87944,5.28889,13.94302,-11.70188,1.12644,58.53921,-3.04802,High,High,High,,,High,High,High,316.476104,-62.580937,1185.610392,0.460495,4:30,0.871314,-0.334512,0.359046,69.456581,-29.00969,-87.734449,146.688757,25.302164,0.496501,0.427392,-0.755528,29.496258,29.7688,0.427392,0.496501,0.755528,-29.496258,-29.7688,-0.427392,-0.496501,0.755528,-146.688757,-25.302164,-0.496501,-0.427392,-0.755528,,,
83,2026-03-31,15:49:50.23,3,1,"Burnham, Jacob",831497,Left,BOC_EAG,"Reynolds, Drew",1000120249,Left,MAI_BLA,Undefined,4,Top,2,0,0,Fastball,Four-Seam,BallCalled,Undefined,Undefined,Undefined,0,0,,85.94434,-0.547832,2.696639,2083.421735,148.425352,11:00,6.0019,-1.82405,6.0976,-21.46458,16.51406,-9.32725,3.70593,-0.10539,77.66284,-4.63826,1.018475,0.443549,,,,,,,,,,,,5.61709,9.06457,1.62104,50,5.94841,-5.48907,-124.61303,-1.79651,8.73062,27.7342,-18.08505,BOC_EAG,MAI_BLA,HarringtonVillage,D1,ACC,20260331-HarringtonVillage-1,c7c0cb10-2d3a-11f1-8528-2919e47e1546,84.97929,,,8.2815,,,,,,,627d9ed7-b483-4f20-be95-c4ef498f54ab,2026-03-31,19:49:50.23,2026-03-31T15:49:50.2300000-04:00,2026-03-31T19:49:50.2300000Z,,v3,227,471344,16389,"Roossien, Jace",831501,Right,BOC_EAG,39bbe766-f867-4ac7-bfcd-f358dd80f8d2,54.39771,-125.58798,13.8671,6.00039,-1.16075,-9.04253,1.81939,-5.79598,4.36531,,,,,,,,,,,,,,,,,,,,,,,,,,,,,,,,,,,,,,,,,,,,,,,,,,,High,High,High,,,,,,147.486006,-32.973883,1747.821537,0.838919,11:00,0.572605,0.456107,-0.681241,39.311305,-49.661492,7.396997,173.147198,16.795708,0.114229,0.28896,-0.950502,16.909687,6.559156,0.28896,0.114229,0.950502,-16.909687,-6.559156,-0.28896,-0.114229,0.950502,-173.147198,-16.795708,-0.114229,-0.28896,-0.950502,,,
84,2026-03-31,15:50:01.24,3,2,"Burnham, Jacob",831497,Left,BOC_EAG,"Reynolds, Drew",1000120249,Left,MAI_BLA,Undefined,4,Top,2,1,0,Fastball,Four-Seam,InPlay,Undefined,Popup,Out,1,0,,86.37757,-1.856235,2.13075,2129.432498,148.739821,11:00,5.96631,-1.84875,6.14223,-20.88635,16.61115,-9.28418,2.50864,-0.65248,78.27238,-5.830156,0.457235,0.44073,76.12024,76.729819,-36.764598,,,,,,21.68517,,,5.45937,9.5467,1.69107,50,5.81403,-4.29143,-125.27904,-4.64994,8.58094,27.90984,-17.16871,BOC_EAG,MAI_BLA,HarringtonVillage,D1,ACC,20260331-HarringtonVillage-1,ce524fd0-2d3a-11f1-8528-2919e47e1546,85.52277,110.18137,,8.10519,,,,1.05443,2.47153,0.64963,627d9ed7-b483-4f20-be95-c4ef498f54ab,2026-03-31,19:50:01.24,2026-03-31T15:50:01.2410000-04:00,2026-03-31T19:50:01.2410000Z,,v3,227,471344,16389,"Roossien, Jace",831501,Right,BOC_EAG,0e83afc9-db99-4cfb-8768-92b7d34b0209,54.35461,-126.24544,13.95492,5.96474,-4.05547,-8.58436,1.84481,-4.58855,4.29047,,1.05438,20.53486,-11.76666,3.89371,-1.03232,0.25638,0.09428,-0.12656,0.03318,2.47154,108.66081,-27.3501,3.15428,-0.54091,0.0743,-0.02071,0.01365,-0.00366,0.64964,-15.33957,3.93751,-1.12407,0.26929,-0.06281,-0.02248,0.02979,-0.00776,,,,,,,,,,,,,,,,,,,,,,,High,High,High,Medium,Undefined,,,,149.032845,-36.145167,1719.570333,0.807525,11:00,0.601411,0.434397,-0.670526,37.049845,-56.006801,10.31666,169.007136,17.759205,0.1816,0.305017,-0.934872,18.069761,10.462964,0.305017,0.1816,0.934872,-18.069761,-10.462964,-0.305017,-0.1816,0.934872,-169.007136,-17.759205,-0.1816,-0.305017,-0.934872,71.43333,25.48411,6.19879
85,2026-03-31,15:52:29.71,1,1,"Stabley, Thomas",1000146615,Right,MAI_BLA,"Toomey, Jack",809057,Right,BOC_EAG,Undefined,4,Bottom,0,0,0,Cutter,Slider,BallCalled,Undefined,Undefined,Undefined,0,0,,85.74083,-1.846198,-3.314295,2283.992593,198.90569,12:45,5.20702,1.86516,6.57106,-30.17923,7.90138,2.19437,0.99639,-0.99333,76.84307,-7.549463,-2.91598,0.444144,,,,,,,,,,,,-2.33961,5.24733,-1.63808,50,5.06762,7.10584,-124.14408,-4.87524,-3.55102,31.20347,-24.20969,BOC_EAG,MAI_BLA,HarringtonVillage,D1,ACC,20260331-HarringtonVillage-1,26cebf40-2d3b-11f1-8528-2919e47e1546,84.86545,,,8.89776,,,,,,,627d9ed7-b483-4f20-be95-c4ef498f54ab,2026-03-31,19:52:29.71,2026-03-31T15:52:29.7150000-04:00,2026-03-31T19:52:29.7150000Z,,v3,227,471344,16389,"DeAndrade, Nolan",1000437002,Right,MAI_BLA,7d320411-c21a-4998-b574-bed18dfa283d,53.92366,-125.1264,15.60174,5.2091,-4.11309,-12.10484,-1.86354,7.21763,-1.77551,,,,,,,,,,,,,,,,,,,,,,,,,,,,,,,,,,,,,,,,,,,,,,,,,,,High,High,High,,,,,,211.108475,52.454955,1391.830755,0.609385,1:00,-0.811175,-0.340225,-0.475649,56.724756,-12.003903,79.579587,145.096819,-5.676203,0.569386,-0.098906,-0.816099,6.910216,-34.707407,0.098906,-0.569386,0.816099,-6.910216,34.707407,-0.098906,0.569386,0.816099,-145.096819,5.676203,-0.569386,0.098906,-0.816099,,,
86,2026-03-31,15:52:45.02,1,2,"Stabley, Thomas",1000146615,Right,MAI_BLA,"Toomey, Jack",809057,Right,BOC_EAG,Undefined,4,Bottom,0,1,0,Fastball,Changeup,BallCalled,Undefined,Undefined,Undefined,0,0,,85.43164,-2.173602,-4.283009,2219.708476,212.728461,1:00,5.24048,1.90879,6.61473,-26.27198,12.22217,6.84961,1.05389,-1.45037,76.22595,-7.186401,-3.04122,0.446549,,,,,,,,,,,,-5.13803,7.66937,-1.61968,50,5.08175,8.98517,-123.48841,-5.40561,-7.69882,31.37882,-20.68233,BOC_EAG,MAI_BLA,HarringtonVillage,D1,ACC,20260331-HarringtonVillage-1,2ff19d40-2d3b-11f1-8528-2919e47e1546,84.40834,,,9.20569,,,,,,,627d9ed7-b483-4f20-be95-c4ef498f54ab,2026-03-31,19:52:45.02,2026-03-31T15:52:45.0240000-04:00,2026-03-31T19:52:45.0240000Z,,v3,227,471344,16389,"DeAndrade, Nolan",1000437002,Right,MAI_BLA,be189be2-a68e-4cd1-bf29-94ebcd03e571,53.8783,-124.47,15.68941,5.24073,-4.75863,-10.34117,-1.90452,9.226,-3.84941,,,,,,,,,,,,,,,,,,,,,,,,,,,,,,,,,,,,,,,,,,,,,,,,,,,High,High,High,,,,,,210.329934,51.281925,1388.402863,0.625489,1:00,-0.805868,-0.345223,-0.481038,46.527846,-16.425543,83.752409,145.119822,-16.207674,0.549134,-0.27912,-0.787746,19.510612,-33.307635,0.27912,-0.549134,0.787746,-19.510612,33.307635,-0.27912,0.549134,0.787746,-145.119822,16.207674,-0.549134,0.27912,-0.787746,,,
87,2026-03-31,15:53:03.97,1,3,"Stabley, Thomas",1000146615,Right,MAI_BLA,"Toomey, Jack",809057,Right,BOC_EAG,Undefined,4,Bottom,0,2,0,Fastball,Four-Seam,StrikeCalled,Undefined,Undefined,Undefined,0,0,,84.6555,-1.297226,-3.220838,2265.520111,208.800832,1:00,5.23644,2.03477,6.63253,-22.89852,15.86859,7.90713,2.13847,-0.25825,75.90905,-5.70574,-1.784593,0.448129,,,,,,,,,,,,-5.20548,9.20071,-1.81931,50,5.13909,6.59786,-122.64021,-3.35084,-7.75576,29.16807,-18.46568,BOC_EAG,MAI_BLA,HarringtonVillage,D1,ACC,20260331-HarringtonVillage-1,3b3e3910-2d3b-11f1-8528-2919e47e1546,84.11066,,,8.74645,,,,,,,627d9ed7-b483-4f20-be95-c4ef498f54ab,2026-03-31,19:53:03.97,2026-03-31T15:53:03.9730000-04:00,2026-03-31T19:53:03.9730000Z,,v3,227,471344,16389,"DeAndrade, Nolan",1000437002,Right,MAI_BLA,c59fbf92-ef0b-4270-b752-923cccef3d88,53.86035,-123.55492,14.58404,5.23509,-2.77176,-9.23284,-2.03004,6.84108,-3.87788,,,,,,,,,,,,,,,,,,,,,,,,,,,,,,,,,,,,,,,,,,,,,,,,,,,High,High,High,,,,,,210.804724,51.036873,1424.604651,0.62882,1:00,-0.79919,-0.339548,-0.495986,38.259004,-12.966715,76.736324,139.721454,-18.754245,0.612179,-0.32151,-0.722405,23.99168,-37.747217,0.32151,-0.612179,0.722405,-23.99168,37.747217,-0.32151,0.612179,0.722405,-139.721454,18.754245,-0.612179,0.32151,-0.722405,,,
88,2026-03-31,15:53:21.03,1,4,"Stabley, Thomas",1000146615,Right,MAI_BLA,"Toomey, Jack",809057,Right,BOC_EAG,Undefined,4,Bottom,0,2,1,Fastball,Four-Seam,StrikeSwinging,Undefined,Undefined,Undefined,0,0,,88.79949,-0.4409,-2.622055,2211.965396,215.801815,1:15,5.38013,1.85707,7.02484,-20.41789,14.44981,9.41993,3.27757,0.25773,79.01511,-4.427216,-0.896751,0.424994,,,,,,,,,,,,-5.89949,8.24508,-1.69951,50,5.34627,5.53192,-128.76238,-1.46569,-9.61857,33.92535,-18.73123,BOC_EAG,MAI_BLA,HarringtonVillage,D1,ACC,20260331-HarringtonVillage-1,4568c310-2d3b-11f1-8528-2919e47e1546,88.68931,,,9.78438,,,,,,,627d9ed7-b483-4f20-be95-c4ef498f54ab,2026-03-31,19:53:21.03,2026-03-31T15:53:21.0330000-04:00,2026-03-31T19:53:21.0330000Z,,v3,227,471344,16389,"DeAndrade, Nolan",1000437002,Right,MAI_BLA,1a982103-3b06-4cd6-a92e-1ba1e9c11fdc,53.46712,-129.67265,16.96267,5.37885,-0.9631,-9.36561,-1.85141,5.79,-4.80928,,,,,,,,,,,,,,,,,,,,,,,,,,,,,,,,,,,,,,,,,,,,,,,,,,,High,High,High,,,,,,218.870279,31.595895,1884.073534,0.851764,1:15,-0.54959,-0.538549,-0.638684,-64.392505,8.855301,-35.217245,177.725742,-15.13203,0.038307,-0.261044,-0.964566,15.143411,-2.195363,0.261044,-0.038307,0.964566,-15.143411,2.195363,-0.261044,0.038307,0.964566,-177.725742,15.13203,-0.038307,0.261044,-0.964566,,,
89,2026-03-31,15:53:39.42,1,5,"Stabley, Thomas",1000146615,Right,MAI_BLA,"Toomey, Jack",809057,Right,BOC_EAG,Undefined,4,Bottom,0,2,2,Fastball,Four-Seam,StrikeSwinging,Strikeout,Undefined,Undefined,0,0,,90.3642,-0.663347,-3.326493,2252.59994,204.788544,12:45,5.36052,1.8778,6.86578,-15.02454,18.66926,8.03158,3.5028,-0.48835,80.84687,-3.633174,-1.862066,0.417779,,,,,,,,,,,,-5.35453,10.45922,-1.66832,50,5.31218,7.29793,-131.00028,-1.82507,-9.10138,33.31305,-14.39595,BOC_EAG,MAI_BLA,HarringtonVillage,D1,ACC,20260331-HarringtonVillage-1,50595c30-2d3b-11f1-8528-2919e47e1546,90.22105,,,9.51732,,,,,,,627d9ed7-b483-4f20-be95-c4ef498f54ab,2026-03-31,19:53:39.42,2026-03-31T15:53:39.4210000-04:00,2026-03-31T19:53:39.4210000Z,,v3,227,471344,16389,"DeAndrade, Nolan",1000437002,Right,MAI_BLA,46056087-81c7-4557-a656-78ff7236e65e,53.62808,-131.91967,16.65652,5.35707,-1.42776,-7.19797,-1.8732,7.54911,-4.55069,,,,,,,,,,,,,,,,,,,,,,,,,,,,,67.48042,,,0.975342,,,,4.94908,4.7878,0.85618,69.56851,5.62211,-55.22362,4.96147,70.11065,-3.97053,4.84042,15.78624,-15.37383,0.76747,-66.56261,9.40472,High,High,High,,,High,High,High,221.755556,27.604738,1996.175813,0.886165,1:30,-0.494096,-0.59547,-0.63347,-72.513467,23.486598,-19.13654,179.79284,26.082029,0.003247,0.439657,-0.89816,26.082177,0.186064,0.439657,0.003247,0.89816,-26.082177,-0.186064,-0.439657,-0.003247,0.89816,-179.79284,-26.082029,-0.003247,-0.439657,-0.89816,,,
90,2026-03-31,15:54:09.94,2,1,"Stabley, Thomas",1000146615,Right,MAI_BLA,"Hendrickson, Carter",830138,Right,BOC_EAG,Undefined,4,Bottom,1,0,0,Fastball,Four-Seam,StrikeSwinging,Undefined,Undefined,Undefined,0,0,,89.91838,-1.483813,-2.872953,2192.705941,203.754213,12:45,5.32053,1.78483,6.98399,-13.9356,20.08588,8.24682,2.80782,-0.14284,80.13626,-4.270221,-1.364661,0.419805,,,,,,,,,,,,-5.3802,11.57512,-1.61001,50,5.22361,6.22359,-130.3523,-3.62704,-9.00653,34.31135,-12.79714,BOC_EAG,MAI_BLA,HarringtonVillage,D1,ACC,20260331-HarringtonVillage-1,628acce0-2d3b-11f1-8528-2919e47e1546,89.78551,,,9.78212,,,,,,,627d9ed7-b483-4f20-be95-c4ef498f54ab,2026-03-31,19:54:09.94,2026-03-31T15:54:09.9450000-04:00,2026-03-31T19:54:09.9450000Z,,v3,227,471344,16389,"DeAndrade, Nolan",1000437002,Right,MAI_BLA,4a5636cd-c2b9-4325-bbb3-6fb2693ae0b9,53.50948,-131.27281,17.15568,5.31631,-3.28372,-6.39857,-1.78022,6.46522,-4.50326,,,,,,,,,,,,,,,,,,,,,,,,,,,,,,,,,,,,,,,,,,,,,,,,,,,High,High,High,,,,,,221.675516,25.663191,1976.40742,0.901355,1:30,-0.450635,-0.610335,-0.651475,-68.459484,22.779839,-19.89521,176.771482,21.698525,0.052328,0.369723,-0.927667,21.729807,2.999535,0.369723,0.052328,0.927667,-21.729807,-2.999535,-0.369723,-0.052328,0.927667,-176.771482,-21.698525,-0.052328,-0.369723,-0.927667,,,
91,2026-03-31,15:54:26.86,2,2,"Stabley, Thomas",1000146615,Right,MAI_BLA,"Hendrickson, Carter",830138,Right,BOC_EAG,Undefined,4,Bottom,1,0,1,Fastball,Cutter,InPlay,Undefined,GroundBall,Out,1,0,,86.81509,-1.293527,-3.189094,2333.508919,201.771004,12:45,5.16911,1.90819,6.65081,-22.65155,13.86572,5.02095,2.09556,-0.59518,78.52318,-5.624066,-2.27683,0.434931,99.02206,-14.923145,-20.220116,,,,,10.93841,10.34212,-12.375316,0.059794,-3.68713,8.10418,-1.6953,50,5.07266,6.83435,-125.94424,-3.44589,-5.83683,29.01881,-19.34483,BOC_EAG,MAI_BLA,HarringtonVillage,D1,ACC,20260331-HarringtonVillage-1,6c9ec1a0-2d3b-11f1-8528-2919e47e1546,86.66297,2.23967,,8.29191,,,,2.79853,2.23967,0.56027,627d9ed7-b483-4f20-be95-c4ef498f54ab,2026-03-31,19:54:26.86,2026-03-31T15:54:26.8610000-04:00,2026-03-31T19:54:26.8610000Z,GroundBall,v3,227,471344,16389,"DeAndrade, Nolan",1000437002,Right,MAI_BLA,bb983013-1dc8-4ab8-9a14-379e82eec107,53.84717,-126.82756,14.5094,5.16859,-2.85704,-9.67242,-1.90604,7.01203,-2.91842,180,2.79664,131.88145,,,,,,,,2.2402,-37.45637,,,,,,,,0.56096,-48.5755,,,,,,,,,,,,,,,,,,,,,,,,,,,,,,High,High,High,High,High,,,,211.141357,50.399288,1487.456907,0.637434,1:00,-0.792037,-0.346959,-0.502291,40.568558,-18.416161,74.888688,134.928428,-18.283666,0.672247,-0.313722,-0.670569,25.07226,-42.240699,0.313722,-0.672247,0.670569,-25.07226,42.240699,-0.313722,0.672247,0.670569,-134.928428,18.283666,-0.672247,0.313722,-0.670569,69.36649,11.49702,-7.73859
92,2026-03-31,15:55:00.17,3,1,"Stabley, Thomas",1000146615,Right,MAI_BLA,"Gallo, Luke",828057,Right,BOC_EAG,Undefined,4,Bottom,2,0,0,Fastball,Four-Seam,StrikeCalled,Undefined,Undefined,Undefined,0,0,,89.93789,-1.622648,-3.02971,2179.366249,204.128423,12:45,5.35604,1.74061,6.94318,-15.65481,18.25442,7.59792,2.57219,-0.38624,80.57871,-4.707433,-1.641365,0.419112,,,,,,,,,,,,-5.04914,10.61607,-1.55394,50,5.24891,6.61044,-130.40529,-4.02263,-8.50326,33.04761,-14.29549,BOC_EAG,MAI_BLA,HarringtonVillage,D1,ACC,20260331-HarringtonVillage-1,808164c0-2d3b-11f1-8528-2919e47e1546,89.93401,,,9.35918,,,,,,,627d9ed7-b483-4f20-be95-c4ef498f54ab,2026-03-31,19:55:00.17,2026-03-31T15:55:00.1770000-04:00,2026-03-31T19:55:00.1770000Z,,v3,227,471344,16389,"DeAndrade, Nolan",1000437002,Right,MAI_BLA,4f5bced9-be3b-4328-90b1-44411e60f061,53.55122,-131.30216,16.52381,5.35282,-3.63467,-7.14774,-1.73647,6.84121,-4.25163,,,,,,,,,,,,,,,,,,,,,,,,,,,,,,,,,,,,,,,,,,,,,,,,,,,High,High,High,,,,,,222.971886,28.542211,1914.497724,0.878465,1:30,-0.493987,-0.612086,-0.617517,-65.082448,16.867069,-17.679772,174.344363,-17.578872,0.093947,-0.302018,-0.948662,17.65953,-5.39073,0.302018,-0.093947,0.948662,-17.65953,5.39073,-0.302018,0.093947,0.948662,-174.344363,17.578872,-0.093947,0.302018,-0.948662,,,
93,2026-03-31,15:55:16.12,3,2,"Stabley, Thomas",1000146615,Right,MAI_BLA,"Gallo, Luke",828057,Right,BOC_EAG,Undefined,4,Bottom,2,0,1,Fastball,Four-Seam,InPlay,Undefined,FlyBall,Out,1,0,,90.51469,-1.285829,-3.487356,2316.628446,205.765169,12:45,5.29871,1.80902,6.89977,-12.87446,20.75828,9.38808,3.05222,-0.58915,80.79917,-3.868627,-1.774838,0.4174,96.79334,28.981344,10.91923,4449.405593,106.36803,60.27,28.03207,317.49493,315.80595,24.418553,4.93062,-6.18355,11.82497,-1.59181,50,5.2123,7.63087,-131.1767,-3.17329,-10.50858,34.12768,-12.07825,BOC_EAG,MAI_BLA,HarringtonVillage,D1,ACC,20260331-HarringtonVillage-1,89fbb190-2d3b-11f1-8528-2919e47e1546,90.30293,81.99926,,9.71552,,,,0.53451,3.06794,0.61701,627d9ed7-b483-4f20-be95-c4ef498f54ab,2026-03-31,19:55:16.12,2026-03-31T15:55:16.1290000-04:00,2026-03-31T19:55:16.1290000Z,FlyBall,v3,227,471344,16389,"DeAndrade, Nolan",1000437002,Right,MAI_BLA,34abe446-cc4e-4aaf-ae5c-de0c9ae11940,53.595,-132.10868,17.06384,5.29446,-2.84345,-6.03913,-1.80412,7.91785,-5.25429,203.20587,0.53421,121.94502,-30.6801,7.87965,-1.8916,0.43075,-0.07644,0.00822,-0.00038,3.06961,68.74745,-15.59031,-0.20859,0.51556,-0.22078,0.04837,-0.00525,0.00022,0.61706,23.52283,1.58288,-0.58307,0.19889,-0.05196,0.00912,-0.00091,4E-05,,,,,,,,,,,,,,,,,,,,,,,High,High,High,High,Medium,,,,223.225336,31.540602,1974.3922,0.85227,1:30,-0.546704,-0.595285,-0.588855,-74.719414,20.460423,-27.912997,179.085055,23.264908,0.01467,0.394983,-0.918571,23.267559,0.840543,0.394983,0.01467,0.918571,-23.267559,-0.840543,-0.394983,-0.01467,0.918571,-179.085055,-23.264908,-0.01467,-0.394983,-0.918571,70.15381,8.92977,-4.48348
94,2026-03-31,15:57:42.04,1,1,"Burnham, Jacob",831497,Left,BOC_EAG,"DeAndrade, Nolan",1000437002,Right,MAI_BLA,Undefined,5,Top,0,0,0,ChangeUp,Changeup,StrikeSwinging,Undefined,Undefined,Undefined,0,0,,79.99052,-1.130623,2.653865,1509.191361,109.286863,9:45,5.70708,-2.041,6.42055,-35.73978,7.26209,-16.70005,1.68819,-0.99136,73.18657,-7.81101,-0.375116,0.471971,,,,,,,,,,,,9.48481,4.56406,1.85861,50,5.61034,-4.79188,-116.16,-3.30508,12.89005,22.84476,-25.9714,BOC_EAG,MAI_BLA,HarringtonVillage,D1,ACC,20260331-HarringtonVillage-1,e0fccba0-2d3b-11f1-8528-2919e47e1546,79.86182,,,6.80396,,,,,,,627d9ed7-b483-4f20-be95-c4ef498f54ab,2026-03-31,19:57:42.04,2026-03-31T15:57:42.0450000-04:00,2026-03-31T19:57:42.0450000Z,,v3,227,471344,16389,"Roossien, Jace",831501,Right,BOC_EAG,e5e678ac-63db-429c-a802-c27421870ea8,54.07813,-116.95928,11.42238,5.71009,-2.3964,-12.9857,2.03415,-5.24287,6.44503,,,,,,,,,,,,,,,,,,,,,,,,,,,,,,,,,,,,,,,,,,,,,,,,,,,High,High,High,,,,,,122.609528,-23.594602,1383.023628,0.9164,10:00,0.407407,0.779689,-0.475504,-49.415837,30.50634,79.870989,101.149988,-10.609033,0.964353,-0.184106,-0.190072,44.08651,-74.655745,0.184106,-0.964353,0.190072,-44.08651,74.655745,-0.184106,0.964353,0.190072,-101.149988,10.609033,-0.964353,0.184106,-0.190072,,,
95,2026-03-31,15:57:54.55,1,2,"Burnham, Jacob",831497,Left,BOC_EAG,"DeAndrade, Nolan",1000437002,Right,MAI_BLA,Undefined,5,Top,0,0,1,ChangeUp,Changeup,FoulBallNotFieldable,Undefined,Undefined,Undefined,0,0,,80.63934,-0.451897,3.163783,1683.403559,98.451637,9:15,5.7761,-1.91446,6.30898,-38.59628,4.04351,-17.50202,2.14281,-0.45552,73.50275,-7.645253,-0.001908,0.469979,78.53778,-25.626744,-70.083474,,,,,5.49888,5.49888,-45.983846,0.045051,10.10182,2.64595,1.69065,50,5.72456,-5.84257,-117.04077,-2.06071,13.8883,23.917,-28.53631,BOC_EAG,MAI_BLA,HarringtonVillage,D1,ACC,20260331-HarringtonVillage-1,e86ddaf0-2d3b-11f1-8528-2919e47e1546,80.20021,2.25019,,7.13659,,,,2.22301,2.25019,0.45583,627d9ed7-b483-4f20-be95-c4ef498f54ab,2026-03-31,19:57:54.55,2026-03-31T15:57:54.5560000-04:00,2026-03-31T19:57:54.5560000Z,GroundBall,v3,227,471344,16389,"Roossien, Jace",831501,Right,BOC_EAG,06129a3a-4aac-485c-bdec-303f45bec9a1,54.19074,-117.89403,11.9585,5.77992,-1.04266,-14.26815,1.90792,-6.33805,6.94415,,2.22235,35.46967,,,,,,,,2.25111,-49.94729,,,,,,,,0.45764,-97.89565,,,,,,,,,,,,,,,,,,,,,,,,,,,,,,High,High,High,Estimated,Estimated,,,,123.661493,-32.638638,1417.575418,0.842089,10:00,0.558741,0.705125,-0.436586,-45.550724,17.462975,78.187611,114.521701,-9.033733,0.898519,-0.157016,-0.40989,20.960273,-63.964073,0.157016,-0.898519,0.40989,-20.960273,63.964073,-0.157016,0.898519,0.40989,-114.521701,9.033733,-0.898519,0.157016,-0.40989,82.41055,24.03117,-13.27996
96,2026-03-31,15:58:14.50,1,3,"Burnham, Jacob",831497,Left,BOC_EAG,"DeAndrade, Nolan",1000437002,Right,MAI_BLA,Undefined,5,Top,0,0,2,Fastball,Four-Seam,StrikeSwinging,Strikeout,Undefined,Undefined,0,0,,87.12808,-1.741428,1.956902,2065.88659,146.522401,11:00,6.03681,-2.01868,6.07164,-19.09222,18.15666,-11.07819,2.83295,-1.13035,78.25982,-5.408316,-0.037438,0.439266,,,,,,,,,,,,6.30926,10.31205,1.87269,50,5.89178,-3.84933,-126.24378,-4.3572,9.98921,30.24221,-15.8474,BOC_EAG,MAI_BLA,HarringtonVillage,D1,ACC,20260331-HarringtonVillage-1,f45222e0-2d3b-11f1-8528-2919e47e1546,85.80769,,,8.86825,,,,,,,627d9ed7-b483-4f20-be95-c4ef498f54ab,2026-03-31,19:58:14.50,2026-03-31T15:58:14.5050000-04:00,2026-03-31T19:58:14.5050000Z,,v3,227,471344,16389,"Roossien, Jace",831501,Right,BOC_EAG,6eee6663-e6b6-43dc-932a-bfec5cf3d15d,54.42252,-127.29881,15.12111,6.03414,-3.80434,-7.9237,2.01306,-4.19782,4.9946,,,,,,,,,,,,,,,,,,,,,,,,,,,,,70.26055,,,0.946216,,,,0.44514,5.5198,1.45873,70.76511,5.70078,54.02121,0.53425,83.88336,-10.21883,5.53676,12.02297,-12.52466,1.45553,56.91704,-1.44056,High,High,High,,,High,High,High,143.63092,-23.581971,1893.361639,0.916489,10:45,0.408337,0.55537,-0.724448,35.771953,-37.600101,21.926261,178.700538,-14.515406,0.021954,-0.25064,-0.967831,14.518982,-1.257976,0.25064,-0.021954,0.967831,-14.518982,1.257976,-0.25064,0.021954,0.967831,-178.700538,14.515406,-0.021954,0.25064,-0.967831,,,
97,2026-03-31,15:58:41.22,2,1,"Burnham, Jacob",831497,Left,BOC_EAG,"Bear, Chris",10289909,Right,MAI_BLA,Undefined,5,Top,1,0,0,Fastball,Four-Seam,StrikeSwinging,Undefined,Undefined,Undefined,0,0,,86.41816,-0.958199,2.951924,2105.911425,154.313466,11:15,5.95178,-1.75728,6.1312,-20.55926,16.95922,-7.52276,3.35159,0.3467,78.15768,-4.881067,1.598152,0.440853,,,,,,,,,,,,4.7689,9.42394,1.53532,50,5.86781,-6.15228,-125.26944,-2.66778,7.49542,27.87635,-17.36217,BOC_EAG,MAI_BLA,HarringtonVillage,D1,ACC,20260331-HarringtonVillage-1,043f21d0-2d3c-11f1-8528-2919e47e1546,85.49887,,,8.26048,,,,,,,627d9ed7-b483-4f20-be95-c4ef498f54ab,2026-03-31,19:58:41.22,2026-03-31T15:58:41.2220000-04:00,2026-03-31T19:58:41.2220000Z,,v3,227,471344,16389,"Roossien, Jace",831501,Right,BOC_EAG,f6e582a9-df4a-4f5e-88b6-b649859b4061,54.36391,-126.23681,13.93818,5.94993,-2.06528,-8.68108,1.75333,-6.41239,3.74771,,,,,,,,,,,,,,,,,,,,,,,,,,,,,,,,,,,,,,,,,,,,,,,,,,,High,High,High,,,,,,143.651795,-28.535397,1850.089843,0.878522,10:45,0.504744,0.528608,-0.6825,36.217203,-49.236744,12.607176,172.956535,12.023051,0.119932,0.208305,-0.970683,12.111784,6.888201,0.208305,0.119932,0.970683,-12.111784,-6.888201,-0.208305,-0.119932,0.970683,-172.956535,-12.023051,-0.119932,-0.208305,-0.970683,,,
98,2026-03-31,15:58:53.19,2,2,"Burnham, Jacob",831497,Left,BOC_EAG,"Bear, Chris",10289909,Right,MAI_BLA,Undefined,5,Top,1,0,1,ChangeUp,Changeup,InPlay,Undefined,LineDrive,Single,0,0,,79.71801,0.007279,2.906943,1380.427384,101.849166,9:30,5.66258,-1.96925,6.3888,-38.27144,5.44197,-18.54371,2.48,-0.83844,72.21973,-7.165949,-0.452194,0.47586,100.24636,5.183402,-4.190424,1134.863022,,,,89.16535,89.13654,-4.234946,0.672665,10.63654,3.27051,1.7684,50,5.64566,-5.21946,-115.68554,-1.07327,14.2022,24.54634,-27.80709,BOC_EAG,MAI_BLA,HarringtonVillage,D1,ACC,20260331-HarringtonVillage-1,0b64d040-2d3c-11f1-8528-2919e47e1546,79.20915,4.10181,,7.49828,,,,1.31006,2.49032,0.839,627d9ed7-b483-4f20-be95-c4ef498f54ab,2026-03-31,19:58:53.19,2026-03-31T15:58:53.1970000-04:00,2026-03-31T19:58:53.1970000Z,GroundBall,v3,227,471344,16389,"Roossien, Jace",831501,Right,BOC_EAG,73c32222-0bf4-4406-8ca0-d54cf37d8884,54.11011,-116.55436,12.27317,5.66622,-0.08903,-13.90354,1.96204,-5.72215,7.1011,15.196141,1.3651,144.92124,-22.04984,,,,,,,2.55292,12.00961,-23.62116,,,,,,,0.84511,-10.82526,-0.33875,,,,,,,,,,,,,,,,,,,,,,,,,,,,,High,High,High,High,High,,,,118.211823,-12.902787,1345.572051,0.97475,10:00,0.246488,0.858927,-0.448873,-47.438522,38.293652,81.566478,101.690554,-76.760164,0.224277,-0.97342,-0.046407,87.270541,-12.960356,0.97342,-0.224277,0.046407,-87.270541,12.960356,-0.97342,0.224277,0.046407,-101.690554,76.760164,-0.224277,0.97342,-0.046407,67.80401,16.04851,-1.16741
99,2026-03-31,15:59:25.83,3,1,"Burnham, Jacob",831497,Left,BOC_EAG,"Murphy, Quinn",1000527191,Left,MAI_BLA,Undefined,5,Top,1,0,0,Slider,Slider,BallCalled,Undefined,Undefined,Undefined,0,0,,76.77915,1.595491,1.433804,2372.870946,267.14552,3:00,5.8188,-2.20909,5.5491,-46.63042,2.19024,8.68146,3.4247,-0.14552,69.34133,-6.996883,2.981357,0.50289,,,,,,,,,,,,-3.87772,1.15083,2.07928,50,5.92665,-3.12448,-111.22825,1.59185,-4.77485,23.13109,-30.75699,BOC_EAG,MAI_BLA,HarringtonVillage,D1,ACC,20260331-HarringtonVillage-1,1ede2a40-2d3c-11f1-8528-2919e47e1546,74.9516,,,7.43782,,,,,,,627d9ed7-b483-4f20-be95-c4ef498f54ab,2026-03-31,19:59:25.83,2026-03-31T15:59:25.8370000-04:00,2026-03-31T19:59:25.8370000Z,,v3,227,471344,16389,"Roossien, Jace",831501,Right,BOC_EAG,ea65ddab-13eb-4de6-9106-61cd0509a5b7,54.94627,-112.25216,11.56554,5.82606,2.95334,-15.3785,2.21291,-2.91312,-2.38743,,,,,,,,,,,,,,,,,,,,,,,,,,,,,,,,,,,,,,,,,,,,,,,,,,,High,High,High,,,,,,310.817122,-75.590512,590.4896,0.24885,4:15,0.958551,-0.215224,0.186703,32.519642,-34.366593,-76.585219,139.979731,44.111513,0.461707,0.696057,-0.549846,51.693234,27.497334,0.696057,0.461707,0.549846,-51.693234,-27.497334,-0.696057,-0.461707,0.549846,-139.979731,-44.111513,-0.461707,-0.696057,-0.549846,,,
100,2026-03-31,15:59:42.09,3,2,"Burnham, Jacob",831497,Left,BOC_EAG,"Murphy, Quinn",1000527191,Left,MAI_BLA,Undefined,5,Top,1,1,0,Slider,Slider,BallCalled,Undefined,Undefined,Undefined,0,0,,75.42759,0.555549,2.509736,2380.504647,281.145652,3:15,5.75228,-2.20688,5.68752,-51.37707,-0.44087,12.34209,1.98916,1.16231,67.75582,-8.905731,4.714795,0.513671,,,,,,,,,,,,-5.28016,0.24571,1.98818,50,5.76796,-5.2571,-109.14101,-0.55848,-6.18186,24.46252,-31.88636,BOC_EAG,MAI_BLA,HarringtonVillage,D1,ACC,20260331-HarringtonVillage-1,288f6590-2d3c-11f1-8528-2919e47e1546,73.37861,,,7.67177,,,,,,,627d9ed7-b483-4f20-be95-c4ef498f54ab,2026-03-31,19:59:42.09,2026-03-31T15:59:42.0930000-04:00,2026-03-31T19:59:42.0930000Z,,v3,227,471344,16389,"Roossien, Jace",831501,Right,BOC_EAG,da3a6267-aed4-4d9c-8529-55f13043b09e,54.8066,-110.21308,12.23126,5.76181,0.83894,-15.94318,2.21264,-4.98618,-3.09093,,,,,,,,,,,,,,,,,,,,,,,,,,,,,,,,,,,,,,,,,,,,,,,,,,,High,High,High,,,,,,318.236858,-66.895912,934.116538,0.392403,4:30,0.903519,-0.270267,0.332578,42.584266,-30.313147,-81.318634,134.938074,43.137682,0.516542,0.683754,-0.515427,52.990307,31.100595,0.683754,0.516542,0.515427,-52.990307,-31.100595,-0.683754,-0.516542,0.515427,-134.938074,-43.137682,-0.516542,-0.683754,-0.515427,,,
101,2026-03-31,15:59:59.53,3,3,"Burnham, Jacob",831497,Left,BOC_EAG,"Murphy, Quinn",1000527191,Left,MAI_BLA,Undefined,5,Top,1,2,0,Fastball,Four-Seam,BallCalled,Undefined,Undefined,Undefined,0,0,,86.15837,-4.143363,4.758241,1970.314427,145.641519,10:45,5.86491,-1.92906,6.21461,-22.67257,15.6445,-9.6717,0.13193,1.66621,77.50892,-8.434997,3.019413,0.44552,,,,,,,,,,,,6.6465,9.95312,1.57654,50,5.54175,-9.96333,-124.26078,-9.66811,10.16927,29.87597,-16.9456,BOC_EAG,MAI_BLA,HarringtonVillage,D1,ACC,20260331-HarringtonVillage-1,32e82b80-2d3c-11f1-8528-2919e47e1546,84.60317,,,8.64944,,,,,,,627d9ed7-b483-4f20-be95-c4ef498f54ab,2026-03-31,19:59:59.53,2026-03-31T15:59:59.5300000-04:00,2026-03-31T19:59:59.5300000Z,,v3,227,471344,16389,"Roossien, Jace",831501,Right,BOC_EAG,a3165d74-bf6b-4e3e-b2fa-624321417cdc,54.2815,-125.28595,14.93798,5.86352,-9.08664,-8.4728,1.92441,-10.31228,5.08464,,,,,,,,,,,,,,,,,,,,,,,,,,,,,,,,,,,,,,,,,,,,,,,,,,,High,High,High,,,,,,140.200952,-26.667215,1760.728826,0.893628,10:45,0.461857,0.602941,-0.6505,42.232839,-54.085256,16.241148,169.99765,14.878466,0.167865,0.25677,-0.951783,15.097691,9.663723,0.25677,0.167865,0.951783,-15.097691,-9.663723,-0.25677,-0.167865,0.951783,-169.99765,-14.878466,-0.167865,-0.25677,-0.951783,,,
102,2026-03-31,16:00:24.96,3,4,"Burnham, Jacob",831497,Left,BOC_EAG,"Murphy, Quinn",1000527191,Left,MAI_BLA,Undefined,5,Top,1,3,0,Fastball,Four-Seam,BallCalled,Walk,Undefined,Undefined,0,0,,87.10358,-0.545932,2.675528,2088.155805,146.251432,11:00,6.03345,-2.00233,6.14737,-22.10934,14.76237,-9.00347,3.68599,-0.27859,78.78883,-4.747134,1.053951,0.437037,,,,,,,,,,,,5.44981,8.16626,1.80299,50,5.98051,-5.5343,-126.32149,-1.84577,8.71096,28.32235,-19.12106,BOC_EAG,MAI_BLA,HarringtonVillage,D1,ACC,20260331-HarringtonVillage-1,4213d640-2d3c-11f1-8528-2919e47e1546,86.24543,,,8.31475,,,,,,,627d9ed7-b483-4f20-be95-c4ef498f54ab,2026-03-31,20:00:24.96,2026-03-31T16:00:24.9630000-04:00,2026-03-31T20:00:24.9630000Z,,v3,227,471344,16389,"Roossien, Jace",831501,Right,BOC_EAG,13029a52-fc8f-4a24-9c51-a290ff79a6bd,54.34826,-127.29267,14.16117,6.03256,-1.19011,-9.56053,1.99789,-5.833,4.35548,,,,,,,,,,,,,,,,,,,,,,,,,,,,,,,,,,,,,,,,,,,,,,,,,,,High,High,High,,,,,,147.935614,-24.930102,1893.587059,0.906823,11:00,0.452325,0.485401,-0.74819,45.066713,-45.610527,7.725078,169.290192,19.487074,0.17519,0.333594,-0.926296,19.805873,10.089692,0.333594,0.17519,0.926296,-19.805873,-10.089692,-0.333594,-0.17519,0.926296,-169.290192,-19.487074,-0.17519,-0.333594,-0.926296,,,
103,2026-03-31,16:03:46.76,4,1,"Hartsell, Chase",1000116331,Right,BOC_EAG,"Stevens, Julian",1000253292,Right,MAI_BLA,Undefined,5,Top,1,0,0,Slider,Curveball,InPlay,Undefined,FlyBall,Out,1,0,,78.6651,1.272854,-0.938061,2210.908795,54.607731,7:45,5.55325,1.49923,5.13242,-51.06184,-4.42414,-8.33835,2.49715,-0.07911,72.007,-7.982672,-2.415016,0.491519,102.78008,35.809405,-0.796158,4184.770822,109.82446,81.11036,6.20452,340.75332,329.02289,13.152171,5.961531,3.89358,-2.17201,-1.40442,50,5.63283,2.20608,-114.1326,0.72029,5.10929,22.01789,-35.02424,BOC_EAG,MAI_BLA,HarringtonVillage,D1,ACC,20260331-HarringtonVillage-1,ba61df20-2d3c-11f1-8528-2919e47e1546,76.68567,121.62244,,6.6581,,,,0.95012,2.32592,0.08583,627d9ed7-b483-4f20-be95-c4ef498f54ab,2026-03-31,20:03:46.76,2026-03-31T16:03:46.7660000-04:00,2026-03-31T20:03:46.7660000Z,FlyBall,v3,227,471344,16389,"Roossien, Jace",831501,Right,BOC_EAG,c5ad600a-475b-43bd-b466-0384fd8c33e7,55.36782,-115.16347,11.00895,5.56072,2.36013,-17.51212,-1.50211,1.96687,2.55465,200.935304,0.95703,122.10754,-30.81159,7.26017,-1.19096,0.12655,-0.00837,0.00043,-2E-05,2.32659,88.18707,-17.69436,0.43119,0.13216,-0.07749,0.02023,-0.00248,0.00011,0.08384,-1.65685,8.26911,-2.34656,0.42647,-0.04481,0.00172,9E-05,-1E-05,,,,,,,,,,,,,,,,,,,,,,,High,High,High,High,Medium,,,,44.824741,64.587648,948.767001,0.42913,7:30,-0.891197,0.322501,0.319,102.868532,-13.365966,18.578285,136.48234,-19.78384,0.647936,-0.338473,-0.68236,26.382879,-40.386141,0.338473,-0.647936,0.68236,-26.382879,40.386141,-0.338473,0.647936,0.68236,-136.48234,19.78384,-0.647936,0.338473,-0.68236,78.16907,10.64561,-7.87133
104,2026-03-31,16:04:29.13,5,1,"Hartsell, Chase",1000116331,Right,BOC_EAG,"Carpenter, Troy",1000239627,Right,MAI_BLA,Undefined,5,Top,2,0,0,Slider,Curveball,BallCalled,Undefined,Undefined,Undefined,0,0,,79.17123,-0.326833,-1.946605,2206.363703,43.631619,7:30,5.64489,1.35196,4.88886,-52.34475,-5.66453,-6.87898,0.97347,-1.06346,72.52652,-9.733555,-3.160564,0.491743,,,,,,,,,,,,2.82043,-2.29496,-1.15488,50,5.56842,4.18634,-114.75008,-2.58913,3.7254,23.09282,-35.20534,BOC_EAG,MAI_BLA,HarringtonVillage,D1,ACC,20260331-HarringtonVillage-1,d3a660a0-2d3c-11f1-8528-2919e47e1546,76.65076,,,6.64471,,,,,,,627d9ed7-b483-4f20-be95-c4ef498f54ab,2026-03-31,20:04:29.13,2026-03-31T16:04:29.1300000-04:00,2026-03-31T20:04:29.1300000Z,,v3,227,471344,16389,"Roossien, Jace",831501,Right,BOC_EAG,a4e0cdf2-cad1-4058-b1f5-45c30b3d4c7a,55.61116,-115.87379,11.54641,5.65272,-0.87602,-17.60267,-1.35417,4.00505,1.8627,,,,,,,,,,,,,,,,,,,,,,,,,,,,,,,,,,,,,,,,,,,,,,,,,,,High,High,High,,,,,,42.597018,67.621958,839.998011,0.380716,7:30,-0.916093,0.252404,0.311555,-37.760208,41.12503,66.321946,136.536153,-17.918699,0.65453,-0.307667,-0.690603,24.01323,-40.883995,0.307667,-0.65453,0.690603,-24.01323,40.883995,-0.307667,0.65453,0.690603,-136.536153,17.918699,-0.65453,0.307667,-0.690603,,,
105,2026-03-31,16:04:47.90,5,2,"Hartsell, Chase",1000116331,Right,BOC_EAG,"Carpenter, Troy",1000239627,Right,MAI_BLA,Undefined,5,Top,2,1,0,Slider,Curveball,BallCalled,Undefined,Undefined,Undefined,0,0,,79.49636,-0.099755,-2.238945,2309.768582,50.093061,7:45,5.55569,1.51882,5.21163,-51.70042,-5.67926,-8.70926,1.15345,-1.31342,72.39927,-9.462773,-3.783912,0.488259,,,,,,,,,,,,3.63008,-2.34449,-1.30497,50,5.5076,4.85946,-115.1817,-2.04784,4.80079,24.49987,-35.27466,BOC_EAG,MAI_BLA,HarringtonVillage,D1,ACC,20260331-HarringtonVillage-1,ded9cf20-2d3c-11f1-8528-2919e47e1546,77.19763,,,7.0971,,,,,,,627d9ed7-b483-4f20-be95-c4ef498f54ab,2026-03-31,20:04:47.90,2026-03-31T16:04:47.9000000-04:00,2026-03-31T20:04:47.9000000Z,,v3,227,471344,16389,"Roossien, Jace",831501,Right,BOC_EAG,f371bf25-ef1d-440a-b7c1-44d2d5ab51de,55.28723,-116.30089,12.24993,5.56434,-0.43645,-17.63733,-1.52195,4.64015,2.4004,,,,,,,,,,,,,,,,,,,,,,,,,,,,,,,,,,,,,,,,,,,,,,,,,,,High,High,High,,,,,,46.136467,71.474227,733.885536,0.317731,7:30,-0.939253,0.227431,0.25706,105.325994,-16.232379,20.94488,133.291148,-17.905652,0.692623,-0.30745,-0.652493,25.229507,-43.838121,0.30745,-0.692623,0.652493,-25.229507,43.838121,-0.30745,0.692623,0.652493,-133.291148,17.905652,-0.692623,0.30745,-0.652493,,,
106,2026-03-31,16:05:07.98,5,3,"Hartsell, Chase",1000116331,Right,BOC_EAG,"Carpenter, Troy",1000239627,Right,MAI_BLA,Undefined,5,Top,2,2,0,Slider,Curveball,StrikeSwinging,Undefined,Undefined,Undefined,0,0,,78.96639,-0.03823,-1.310169,2244.666388,49.45611,7:45,5.46583,1.52704,5.20751,-52.0283,-5.86937,-8.58949,1.09418,-0.42108,72.55858,-9.442689,-2.835532,0.488989,,,,,,,,,,,,3.91752,-2.50689,-1.39908,50,5.42287,2.96655,-114.60012,-1.92457,5.17972,22.31946,-35.48864,BOC_EAG,MAI_BLA,HarringtonVillage,D1,ACC,20260331-HarringtonVillage-1,eace1ca0-2d3c-11f1-8528-2919e47e1546,77.08238,,,6.4078,,,,,,,627d9ed7-b483-4f20-be95-c4ef498f54ab,2026-03-31,20:05:07.98,2026-03-31T16:05:07.9800000-04:00,2026-03-31T20:05:07.9800000Z,,v3,227,471344,16389,"Roossien, Jace",831501,Right,BOC_EAG,4ae5ac77-bfd6-4186-8de1-d100c2bf8d07,55.29295,-115.62638,11.15973,5.47385,-0.29279,-17.74432,-1.53001,2.72839,2.58986,,,,,,,,,,,,,,,,,,,,,,,,,,,,,,,,,,,,,,,,,,,,,,,,,,,High,High,High,,,,,,50.287158,70.113003,763.55953,0.340166,7:45,-0.935324,0.261047,0.238794,103.162769,-16.791494,26.252146,139.499857,-16.154093,0.623808,-0.278222,-0.730381,20.853166,-38.594726,0.278222,-0.623808,0.730381,-20.853166,38.594726,-0.278222,0.623808,0.730381,-139.499857,16.154093,-0.623808,0.278222,-0.730381,,,
107,2026-03-31,16:05:29.69,5,4,"Hartsell, Chase",1000116331,Right,BOC_EAG,"Carpenter, Troy",1000239627,Right,MAI_BLA,Undefined,5,Top,2,2,1,Slider,Curveball,StrikeSwinging,Undefined,Undefined,Undefined,0,0,,78.35791,0.665385,-0.550631,2125.326105,47.195789,7:30,5.56121,1.54238,5.16104,-52.19479,-5.26307,-7.31469,1.83799,0.41453,71.85635,-8.78468,-1.848477,0.493066,,,,,,,,,,,,3.49303,-2.38977,-1.48513,50,5.58307,1.38765,-113.72258,-0.52993,4.55044,21.875,-35.28727,BOC_EAG,MAI_BLA,HarringtonVillage,D1,ACC,20260331-HarringtonVillage-1,f7c53420-2d3c-11f1-8528-2919e47e1546,76.44507,,,6.50156,,,,,,,627d9ed7-b483-4f20-be95-c4ef498f54ab,2026-03-31,20:05:29.69,2026-03-31T16:05:29.6910000-04:00,2026-03-31T20:05:29.6910000Z,,v3,227,471344,16389,"Roossien, Jace",831501,Right,BOC_EAG,f09cd4b1-f2eb-44c8-a359-146800e07be8,55.33914,-114.74499,10.9375,5.5693,1.11934,-17.64364,-1.54502,1.17497,2.27522,,,,,,,,,,,,,,,,,,,,,,,,,,,,,,,,,,,,,,,,,,,,,,,,,,,High,High,High,,,,,,40.4711,68.392782,782.63365,0.368242,7:15,-0.924157,0.249793,0.289028,100.806131,-13.188926,16.805018,128.906779,-21.333443,0.724848,-0.363795,-0.58502,31.875427,-46.456202,0.363795,-0.724848,0.58502,-31.875427,46.456202,-0.363795,0.724848,0.58502,-128.906779,21.333443,-0.724848,0.363795,-0.58502,,,
108,2026-03-31,16:05:51.09,5,5,"Hartsell, Chase",1000116331,Right,BOC_EAG,"Carpenter, Troy",1000239627,Right,MAI_BLA,Undefined,5,Top,2,2,2,Slider,Curveball,StrikeCalled,Strikeout,Undefined,Undefined,0,0,,79.83007,0.203782,-1.821558,2273.987635,44.171601,7:30,5.59873,1.36544,5.09051,-49.28215,-4.18315,-5.38866,1.68405,-0.80095,73.65418,-8.687235,-2.7754,0.483342,,,,,,,,,,,,2.18748,-1.74146,-1.18876,50,5.579,3.90669,-115.87186,-1.38103,2.97806,21.37194,-34.54491,BOC_EAG,MAI_BLA,HarringtonVillage,D1,ACC,20260331-HarringtonVillage-1,04833a40-2d3d-11f1-8528-2919e47e1546,77.98288,,,6.1759,,,,,,,627d9ed7-b483-4f20-be95-c4ef498f54ab,2026-03-31,20:05:51.09,2026-03-31T16:05:51.0970000-04:00,2026-03-31T20:05:51.0970000Z,,v3,227,471344,16389,"Roossien, Jace",831501,Right,BOC_EAG,63251e3b-3ba7-407a-8256-8e153faeca15,55.41001,-116.86545,10.68597,5.60587,0.22497,-17.27246,-1.36717,3.76824,1.48903,,,,,,,,,,,,,,,,,,,,,,,,,,,,,,,,,,,,,,,,,,,,,,,,,,,High,High,High,,,,,,37.769206,73.375158,650.596615,0.286104,7:15,-0.949896,0.17864,0.256484,107.760202,-23.72517,18.321194,132.818692,-23.836055,0.670944,-0.404121,-0.621708,33.024581,-42.139964,0.404121,-0.670944,0.621708,-33.024581,42.139964,-0.404121,0.670944,0.621708,-132.818692,23.836055,-0.670944,0.404121,-0.621708,,,
109,2026-03-31,16:08:15.48,1,1,"Stabley, Thomas",1000146615,Right,MAI_BLA,"Surowiec, Danny",831970,Left,BOC_EAG,Undefined,5,Bottom,0,0,0,Fastball,Four-Seam,StrikeCalled,Undefined,Undefined,Undefined,0,0,,88.39281,-1.231164,-2.264177,2251.880286,220.739348,1:15,5.38872,1.89759,6.82231,-18.82891,15.92879,12.70414,2.69548,0.88972,80.24818,-4.867365,0.055092,0.424323,,,,,,,,,,,,-7.38839,9.1604,-1.75575,50,5.30213,4.60139,-128.41269,-3.21786,-12.23277,28.68704,-17.00742,BOC_EAG,MAI_BLA,HarringtonVillage,D1,ACC,20260331-HarringtonVillage-1,5a8ad920-2d3d-11f1-8528-2919e47e1546,88.82953,,,8.14463,,,,,,,627d9ed7-b483-4f20-be95-c4ef498f54ab,2026-03-31,20:08:15.48,2026-03-31T16:08:15.4830000-04:00,2026-03-31T20:08:15.4830000Z,,v3,227,471344,16389,"DeAndrade, Nolan",1000437002,Right,MAI_BLA,938e15af-f2fd-4ffb-b588-a91a2aff9c6f,53.67482,-129.23103,14.34352,5.38701,-2.7327,-8.50371,-1.89199,4.95034,-6.11638,,,,,,,,,,,,,,,,,,,,,,,,,,,,,,,,,,,,,,,,,,,,,,,,,,,High,High,High,,,,,,224.443151,24.132566,2055.070323,0.912602,1:30,-0.420457,-0.647642,-0.635433,-66.573197,11.879135,-24.912636,178.528636,16.703001,0.024594,0.287411,-0.957492,16.708203,1.40927,0.287411,0.024594,0.957492,-16.708203,-1.40927,-0.287411,-0.024594,0.957492,-178.528636,-16.703001,-0.024594,-0.287411,-0.957492,,,
110,2026-03-31,16:08:31.97,1,2,"Stabley, Thomas",1000146615,Right,MAI_BLA,"Surowiec, Danny",831970,Left,BOC_EAG,Undefined,5,Bottom,0,0,1,Fastball,Sinker,FoulBallNotFieldable,Undefined,Undefined,Undefined,0,0,,88.03234,-1.300047,-2.746383,2038.471992,232.149637,1:45,5.25124,1.95846,6.64401,-20.93686,14.34985,16.92769,2.31493,0.85326,79.98025,-5.307179,0.332874,0.42754,74.74739,28.380872,-109.183936,4095.626409,,,,,28.46002,,,-9.71587,8.30095,-1.77921,50,5.15478,5.48797,-127.82994,-3.45705,-15.9509,28.27001,-18.54606,BOC_EAG,MAI_BLA,HarringtonVillage,D1,ACC,20260331-HarringtonVillage-1,64674320-2d3d-11f1-8528-2919e47e1546,88.16114,16.80466,,8.05209,,,,0.09656,2.41071,-1.16246,627d9ed7-b483-4f20-be95-c4ef498f54ab,2026-03-31,20:08:31.97,2026-03-31T16:08:31.9750000-04:00,2026-03-31T20:08:31.9750000Z,,v3,227,471344,16389,"DeAndrade, Nolan",1000437002,Right,MAI_BLA,530d9f1c-4984-48c0-8b4f-74c13616d38d,53.85406,-128.67946,14.135,5.2503,-2.89974,-9.27303,-1.95133,5.96729,-7.97545,,0.09743,-31.73375,-1.64929,,,,,,,2.4099,52.14686,-11.74845,,,,,,,-1.16594,-90.94075,13.88673,,,,,,,,,,,,,,,,,,,,,,,,,,,,,High,High,High,Medium,Undefined,,,,222.054174,18.882475,1928.770384,0.946184,1:30,-0.342473,-0.640965,-0.686932,-59.913486,-28.611458,73.312499,90.402501,-17.384127,0.9543,-0.298776,-0.006704,88.714598,-72.611358,0.298776,-0.9543,0.006704,-88.714598,72.611358,-0.298776,0.9543,0.006704,-90.402501,17.384127,-0.9543,0.298776,-0.006704,72.65571,-2.31954,-16.8793
111,2026-03-31,16:08:53.09,1,3,"Stabley, Thomas",1000146615,Right,MAI_BLA,"Surowiec, Danny",831970,Left,BOC_EAG,Undefined,5,Bottom,0,0,2,ChangeUp,Changeup,BallCalled,Undefined,Undefined,Undefined,0,0,,84.15597,0.371581,-0.416515,1488.628139,248.32921,2:15,5.19443,2.03521,6.3953,-33.79234,5.02288,9.47516,2.72015,2.44173,76.78156,-5.956245,1.301563,0.448407,,,,,,,,,,,,-5.03217,2.92232,-2.0092,50,5.20594,0.5283,-122.32084,-0.23059,-7.58355,25.33009,-27.77005,BOC_EAG,MAI_BLA,HarringtonVillage,D1,ACC,20260331-HarringtonVillage-1,70fba130-2d3d-11f1-8528-2919e47e1546,84.05852,,,7.37441,,,,,,,627d9ed7-b483-4f20-be95-c4ef498f54ab,2026-03-31,20:08:53.09,2026-03-31T16:08:53.0950000-04:00,2026-03-31T20:08:53.0950000Z,,v3,227,471344,16389,"DeAndrade, Nolan",1000437002,Right,MAI_BLA,126f5598-fe46-4ac3-804f-0bc63ad7a113,54.10198,-123.16735,12.66505,5.19813,0.69745,-13.88503,-2.03109,0.78173,-3.79178,,,,,,,,,,,,,,,,,,,,,,,,,,,,,,,,,,,,,,,,,,,,,,,,,,,High,High,High,,,,,,219.915256,30.314369,1285.08652,0.863269,1:15,-0.513126,-0.550635,-0.65841,21.570952,-10.697283,36.362021,116.477102,18.495297,0.84888,0.317227,-0.422812,36.880092,58.090036,0.317227,0.84888,0.422812,-36.880092,-58.090036,-0.317227,-0.84888,0.422812,-116.477102,-18.495297,-0.84888,-0.317227,-0.422812,,,
112,2026-03-31,16:09:12.17,1,4,"Stabley, Thomas",1000146615,Right,MAI_BLA,"Surowiec, Danny",831970,Left,BOC_EAG,Undefined,5,Bottom,0,1,2,Fastball,Four-Seam,BallCalled,Undefined,Undefined,Undefined,0,0,,89.57611,0.141565,-2.061626,2184.353675,211.165278,1:00,5.373,2.05032,6.91771,-17.62013,16.28028,9.12201,4.03364,0.93241,80.72822,-3.29544,-0.393743,0.419058,,,,,,,,,,,,-5.46032,8.93878,-1.92344,50,5.37514,4.33285,-130.10162,-0.08006,-9.22406,30.96441,-17.07391,BOC_EAG,MAI_BLA,HarringtonVillage,D1,ACC,20260331-HarringtonVillage-1,7c4e3070-2d3d-11f1-8528-2919e47e1546,89.94567,,,8.84789,,,,,,,627d9ed7-b483-4f20-be95-c4ef498f54ab,2026-03-31,20:09:12.17,2026-03-31T16:09:12.1780000-04:00,2026-03-31T20:09:12.1780000Z,,v3,227,471344,16389,"DeAndrade, Nolan",1000437002,Right,MAI_BLA,05a3b2fd-114b-4865-a99b-3bfe90bbc42e,53.57728,-130.95025,15.48221,5.37093,0.38788,-8.53696,-2.04566,4.58566,-4.61203,,,,,,,,,,,,,,,,,,,,,,,,,,,,,,,,,,,,,,,,,,,,,,,,,,,High,High,High,,,,,,221.539191,27.470287,1938.068166,0.88725,1:30,-0.486332,-0.587223,-0.647032,-63.479197,10.165129,-26.191016,176.458468,-15.4578,0.059538,-0.266529,-0.961986,15.485958,-3.41327,0.266529,-0.059538,0.961986,-15.485958,3.41327,-0.266529,0.059538,0.961986,-176.458468,15.4578,-0.059538,0.266529,-0.961986,,,
113,2026-03-31,16:09:31.76,1,5,"Stabley, Thomas",1000146615,Right,MAI_BLA,"Surowiec, Danny",831970,Left,BOC_EAG,Undefined,5,Bottom,0,2,2,Fastball,Sinker,BallCalled,Undefined,Undefined,Undefined,0,0,,86.52156,0.09857,-0.304781,2025.202883,221.263666,1:30,5.26444,1.94761,6.68752,-25.28328,11.31414,8.80477,3.24765,2.40259,78.20372,-4.727095,1.299845,0.435408,,,,,,,,,,,,-4.68673,6.32036,-1.93004,50,5.26104,0.33021,-125.69883,-0.47137,-7.39727,28.68875,-22.19836,BOC_EAG,MAI_BLA,HarringtonVillage,D1,ACC,20260331-HarringtonVillage-1,8803a030-2d3d-11f1-8528-2919e47e1546,86.56805,,,8.31784,,,,,,,627d9ed7-b483-4f20-be95-c4ef498f54ab,2026-03-31,20:09:31.76,2026-03-31T16:09:31.7690000-04:00,2026-03-31T20:09:31.7690000Z,,v3,227,471344,16389,"DeAndrade, Nolan",1000437002,Right,MAI_BLA,cae56b62-d903-4aba-b82a-ab61f325ba00,53.80729,-126.5648,14.34437,5.26516,0.19869,-11.09918,-1.94338,0.5535,-3.69864,,,,,,,,,,,,,,,,,,,,,,,,,,,,,,,,,,,,,,,,,,,,,,,,,,,High,High,High,,,,,,219.51642,28.461227,1780.436487,0.87914,1:15,-0.481126,-0.558575,-0.675656,-64.246823,-26.361827,64.314846,97.733245,-69.695941,0.343846,-0.937864,-0.046693,87.149796,-20.11138,0.937864,-0.343846,0.046693,-87.149796,20.11138,-0.937864,0.343846,0.046693,-97.733245,69.695941,-0.343846,0.937864,-0.046693,,,
114,2026-03-31,16:09:51.39,1,6,"Stabley, Thomas",1000146615,Right,MAI_BLA,"Surowiec, Danny",831970,Left,BOC_EAG,Undefined,5,Bottom,0,3,2,Cutter,Slider,FoulBallNotFieldable,Undefined,Undefined,Undefined,0,0,,85.25351,-0.735871,-2.327873,2191.429684,155.679681,11:15,5.1654,2.16623,6.36667,-30.38494,7.57433,-2.86177,1.95559,-0.21552,77.81694,-6.425932,-2.845727,0.443435,,,,,,,,,,,,0.80669,4.5311,-1.99665,50,5.09807,5.13984,-123.80816,-2.50067,1.24372,26.26108,-25.18804,BOC_EAG,MAI_BLA,HarringtonVillage,D1,ACC,20260331-HarringtonVillage-1,93b1bcf0-2d3d-11f1-8528-2919e47e1546,85.00098,,,7.43657,,,,,,,627d9ed7-b483-4f20-be95-c4ef498f54ab,2026-03-31,20:09:51.39,2026-03-31T16:09:51.3990000-04:00,2026-03-31T20:09:51.3990000Z,,v3,227,471344,16389,"DeAndrade, Nolan",1000437002,Right,MAI_BLA,7d413d6b-dbbc-4aa5-84bb-4310a4689d72,54.13176,-124.68147,13.13054,5.1673,-1.66304,-12.59402,-2.16689,5.09848,0.62186,,,,,,,,,,,,,,,,,,,,,,,,,,,,,,,,,,,,,,,,,,,,,,,,,,,High,High,High,,,,,,212.110211,52.438763,1335.915269,0.609609,1:00,-0.808798,-0.334191,-0.483903,61.112541,-20.840516,83.163134,144.86404,-6.073454,0.572288,-0.105803,-0.813198,7.412979,-34.909949,0.105803,-0.572288,0.813198,-7.412979,34.909949,-0.105803,0.572288,0.813198,-144.86404,6.073454,-0.572288,0.105803,-0.813198,,,
115,2026-03-31,16:10:12.84,1,7,"Stabley, Thomas",1000146615,Right,MAI_BLA,"Surowiec, Danny",831970,Left,BOC_EAG,Undefined,5,Bottom,0,3,2,Fastball,Four-Seam,BallCalled,Walk,Undefined,Undefined,0,0,,87.33579,0.545973,0.216155,2100.048876,206.117817,12:45,5.40583,2.20085,6.82657,-20.19261,15.19969,6.89941,4.22115,2.97297,79.55981,-3.342035,1.476343,0.428179,,,,,,,,,,,,-3.56205,8.23142,-2.21667,50,5.43303,-0.73733,-127.01447,0.71549,-5.79781,26.89785,-18.77601,BOC_EAG,MAI_BLA,HarringtonVillage,D1,ACC,20260331-HarringtonVillage-1,a0821290-2d3d-11f1-8528-2919e47e1546,88.02956,,,7.77598,,,,,,,627d9ed7-b483-4f20-be95-c4ef498f54ab,2026-03-31,20:10:12.84,2026-03-31T16:10:12.8480000-04:00,2026-03-31T20:10:12.8480000Z,,v3,227,471344,16389,"DeAndrade, Nolan",1000437002,Right,MAI_BLA,c4582ae9-3538-4de4-839a-0e604bb545a8,53.66955,-127.7892,13.44893,5.40463,1.2563,-9.38801,-2.19784,-0.57033,-2.89891,,,,,,,,,,,,,,,,,,,,,,,,,,,,,,,,,,,,,,,,,,,,,,,,,,,High,High,High,,,,,,218.059766,24.226668,1915.09594,0.911929,1:15,-0.412974,-0.558253,-0.719587,-63.875303,9.174318,-24.526265,178.338887,-21.061924,0.027051,-0.359377,-0.9328,21.070001,-1.55011,0.359377,-0.027051,0.9328,-21.070001,1.55011,-0.359377,0.027051,0.9328,-178.338887,21.061924,-0.027051,0.359377,-0.9328,,,
116,2026-03-31,16:10:46.12,2,1,"Stabley, Thomas",1000146615,Right,MAI_BLA,"Roossien, Jace",831501,Left,BOC_EAG,Undefined,5,Bottom,0,0,0,Fastball,Sinker,BallCalled,Undefined,Undefined,Undefined,0,0,,87.30412,-2.387667,-2.656274,2151.20244,221.131159,1:15,5.45094,2.18508,6.68033,-23.3286,12.47851,9.85378,1.31924,0.57474,79.6557,-6.814084,-0.862015,0.430681,,,,,,,,,,,,-5.97437,7.64996,-2.01102,50,5.28183,5.51248,-126.71589,-5.92193,-9.65721,27.30488,-19.80835,BOC_EAG,MAI_BLA,HarringtonVillage,D1,ACC,20260331-HarringtonVillage-1,b4548910-2d3d-11f1-8528-2919e47e1546,87.51817,,,7.64842,,,,,,,627d9ed7-b483-4f20-be95-c4ef498f54ab,2026-03-31,20:10:46.12,2026-03-31T16:10:46.1210000-04:00,2026-03-31T20:10:46.1210000Z,,v3,227,471344,16389,"DeAndrade, Nolan",1000437002,Right,MAI_BLA,402611d9-ee89-4743-81e9-49a15f502c7a,53.81743,-127.53582,13.65244,5.45073,-5.32711,-9.90418,-2.18091,5.80248,-4.8286,,,,,,,,,,,,,,,,,,,,,,,,,,,,,,,,,,,,,,,,,,,,,,,,,,,High,High,High,,,,,,220.123315,27.021514,1916.368569,0.890836,1:15,-0.461121,-0.592515,-0.660525,-68.522121,27.694069,-13.331407,178.058465,25.397595,0.030605,0.428897,-0.902835,25.410345,1.75383,0.428897,0.030605,0.902835,-25.410345,-1.75383,-0.428897,-0.030605,0.902835,-178.058465,-25.397595,-0.030605,-0.428897,-0.902835,,,
117,2026-03-31,16:11:07.05,2,2,"Stabley, Thomas",1000146615,Right,MAI_BLA,"Roossien, Jace",831501,Left,BOC_EAG,Undefined,5,Bottom,0,1,0,Fastball,Four-Seam,BallCalled,Undefined,Undefined,Undefined,0,0,,88.02286,-0.627512,-1.791014,2143.68725,220.726394,1:15,5.44746,1.99964,6.77267,-20.00887,15.01249,11.92729,3.20677,1.35767,80.05082,-4.475577,0.385113,0.42593,,,,,,,,,,,,-6.79953,8.46906,-1.88655,50,5.39861,3.55012,-127.93683,-1.90432,-11.19952,27.92749,-18.22462,BOC_EAG,MAI_BLA,HarringtonVillage,D1,ACC,20260331-HarringtonVillage-1,c0d2c710-2d3d-11f1-8528-2919e47e1546,88.49452,,,7.97204,,,,,,,627d9ed7-b483-4f20-be95-c4ef498f54ab,2026-03-31,20:11:07.05,2026-03-31T16:11:07.0520000-04:00,2026-03-31T20:11:07.0520000Z,,v3,227,471344,16389,"DeAndrade, Nolan",1000437002,Right,MAI_BLA,b4ca1121-2a42-4d4b-a55c-f525685caffc,53.72421,-128.74723,13.96375,5.44619,-1.37548,-9.11231,-1.99428,3.87511,-5.59976,,,,,,,,,,,,,,,,,,,,,,,,,,,,,,,,,,,,,,,,,,,,,,,,,,,High,High,High,,,,,,222.333742,21.517053,1994.290347,0.930308,1:30,-0.381213,-0.630494,-0.676132,-64.73868,12.179334,-14.081227,175.804051,-19.770159,0.068855,-0.338248,-0.938535,19.819159,-3.948223,0.338248,-0.068855,0.938535,-19.819159,3.948223,-0.338248,0.068855,0.938535,-175.804051,19.770159,-0.068855,0.338248,-0.938535,,,
118,2026-03-31,16:11:28.22,2,3,"Stabley, Thomas",1000146615,Right,MAI_BLA,"Roossien, Jace",831501,Left,BOC_EAG,Undefined,5,Bottom,0,2,0,Fastball,Changeup,BallCalled,Undefined,Undefined,Undefined,0,0,,86.33653,-1.49138,-1.863554,2100.136874,222.049467,1:30,5.48871,2.17428,6.65723,-23.90505,12.58761,10.28575,2.1308,1.32545,78.88762,-6.029328,0.009659,0.434785,,,,,,,,,,,,-5.943,7.42579,-2.05266,50,5.37868,3.70122,-125.46107,-3.91449,-9.43953,26.207,-20.37935,BOC_EAG,MAI_BLA,HarringtonVillage,D1,ACC,20260331-HarringtonVillage-1,cd6ffec0-2d3d-11f1-8528-2919e47e1546,86.69221,,,7.44891,,,,,,,627d9ed7-b483-4f20-be95-c4ef498f54ab,2026-03-31,20:11:28.22,2026-03-31T16:11:28.2210000-04:00,2026-03-31T20:11:28.2210000Z,,v3,227,471344,16389,"DeAndrade, Nolan",1000437002,Right,MAI_BLA,a59a409a-0b92-46f9-adf9-b98dda96e239,53.8405,-126.26075,13.1035,5.48864,-3.29264,-10.18967,-2.16999,3.98926,-4.71977,,,,,,,,,,,,,,,,,,,,,,,,,,,,,,,,,,,,,,,,,,,,,,,,,,,High,High,High,,,,,,221.484833,24.254498,1914.757365,0.91173,1:30,-0.416935,-0.614437,-0.669801,-66.144673,28.524342,-11.737406,175.599026,22.579163,0.070854,0.38396,-0.920627,22.639207,4.063049,0.38396,0.070854,0.920627,-22.639207,-4.063049,-0.38396,-0.070854,0.920627,-175.599026,-22.579163,-0.070854,-0.38396,-0.920627,,,
119,2026-03-31,16:11:49.43,2,4,"Stabley, Thomas",1000146615,Right,MAI_BLA,"Roossien, Jace",831501,Left,BOC_EAG,Undefined,5,Bottom,0,3,0,Cutter,Slider,BallCalled,Walk,Undefined,Undefined,0,0,,82.39109,-1.502683,-1.884467,2154.802396,148.486203,11:00,5.28228,2.20441,6.20581,-35.76069,4.5767,-2.10165,0.91418,0.28928,76.45817,-8.103105,-2.264229,0.457115,,,,,,,,,,,,0.61811,3.08496,-2.06184,50,5.15122,4.01701,-119.79878,-4.23628,0.90529,21.4463,-27.65569,BOC_EAG,MAI_BLA,HarringtonVillage,D1,ACC,20260331-HarringtonVillage-1,da0df9c0-2d3d-11f1-8528-2919e47e1546,82.45728,,,5.93291,,,,,,,627d9ed7-b483-4f20-be95-c4ef498f54ab,2026-03-31,20:11:49.43,2026-03-31T16:11:49.4370000-04:00,2026-03-31T20:11:49.4370000Z,,v3,227,471344,16389,"DeAndrade, Nolan",1000437002,Right,MAI_BLA,3a24922e-92af-4f4f-8a42-cc5752894940,54.29494,-120.56521,10.72315,5.28496,-3.24795,-13.82785,-2.20482,3.98466,0.45264,,,,,,,,,,,,,,,,,,,,,,,,,,,,,,,,,,,,,,,,,,,,,,,,,,,High,High,High,,,,,,210.01909,57.713349,1150.999335,0.534155,1:00,-0.852844,-0.289309,-0.434693,65.97653,-16.206879,85.792932,152.666857,-2.61888,0.458684,-0.045692,-0.887424,2.947473,-27.302217,0.045692,-0.458684,0.887424,-2.947473,27.302217,-0.045692,0.458684,0.887424,-152.666857,2.61888,-0.458684,0.045692,-0.887424,,,
120,2026-03-31,16:12:45.52,3,1,"Stabley, Thomas",1000146615,Right,MAI_BLA,"Larson, Colin",831502,Left,BOC_EAG,Undefined,5,Bottom,0,0,0,Cutter,Slider,InPlay,Undefined,Bunt,Sacrifice,1,0,,82.90267,-0.38344,-2.861423,2236.467433,139.494701,10:45,5.36987,2.22878,6.28077,-33.49096,6.54178,-4.54689,2.2251,-0.78967,76.23403,-6.614607,-3.68204,0.455385,28.96935,-39.037659,-40.332244,,,,,4.45224,4.35821,-14.616816,0.085697,1.58882,3.85918,-2.01538,50,5.32522,6.18359,-120.42126,-1.80764,2.33412,23.28354,-26.50463,BOC_EAG,MAI_BLA,HarringtonVillage,D1,ACC,20260331-HarringtonVillage-1,fb80c010-2d3d-11f1-8528-2919e47e1546,82.77046,2.33942,,6.66864,,,,2.10883,2.33942,0.74374,627d9ed7-b483-4f20-be95-c4ef498f54ab,2026-03-31,20:12:45.52,2026-03-31T16:12:45.5290000-04:00,2026-03-31T20:12:45.5290000Z,GroundBall,v3,227,471344,16389,"DeAndrade, Nolan",1000437002,Right,MAI_BLA,a0bbe512-6290-4b83-8499-0c65fbbf20e1,54.21888,-121.23424,11.64177,5.37218,-0.88219,-13.25231,-2.22986,6.10209,1.16706,180,2.10185,25.6638,,,,,,,,2.34684,-27.29892,,,,,,,,0.74967,-21.78933,,,,,,,,,,,,,,,,,,,,,,,,,,,,,,High,High,High,High,High,,,,203.938382,58.268321,1176.252113,0.525942,12:45,-0.872011,-0.21909,-0.437716,-61.866154,27.230521,-89.855082,156.556697,-8.971604,0.392974,-0.155945,-0.90623,9.763889,-23.139684,0.155945,-0.392974,0.90623,-9.763889,23.139684,-0.155945,0.392974,0.90623,-156.556697,8.971604,-0.392974,0.155945,-0.90623,,,
121,2026-03-31,16:13:24.51,4,1,"Stabley, Thomas",1000146615,Right,MAI_BLA,"Solier, Julio",827632,Right,BOC_EAG,Undefined,5,Bottom,1,0,0,Cutter,Slider,BallCalled,Undefined,Undefined,Undefined,0,0,,83.98051,-0.948408,-3.891247,2262.024739,160.516409,11:15,5.29321,2.13047,6.40905,-29.87151,8.7378,-2.7063,1.92981,-1.67838,77.79386,-6.508792,-4.379835,0.447216,,,,,,,,,,,,0.43457,5.15973,-1.85062,50,5.21154,8.39259,-121.92985,-2.89848,0.66038,21.85115,-24.33302,BOC_EAG,MAI_BLA,HarringtonVillage,D1,ACC,20260331-HarringtonVillage-1,12bffbb0-2d3e-11f1-8528-2919e47e1546,84.28241,,,6.18665,,,,,,,627d9ed7-b483-4f20-be95-c4ef498f54ab,2026-03-31,20:13:24.51,2026-03-31T16:13:24.5190000-04:00,2026-03-31T20:13:24.5190000Z,,v3,227,471344,16389,"DeAndrade, Nolan",1000437002,Right,MAI_BLA,afa086f4-203a-47bc-8eac-b19a87f059ea,54.08991,-122.66061,10.92558,5.29487,-2.08472,-12.16651,-2.13093,8.37051,0.33019,,,,,,,,,,,,,,,,,,,,,,,,,,,,,,,,,,,,,,,,,,,,,,,,,,,High,High,High,,,,,,210.900094,52.753523,1369.079263,0.605245,1:00,-0.824206,-0.323953,-0.464477,64.808095,-17.825986,89.664675,152.930931,-2.344891,0.454683,-0.040915,-0.889713,2.632969,-27.044554,0.040915,-0.454683,0.889713,-2.632969,27.044554,-0.040915,0.454683,0.889713,-152.930931,2.344891,-0.454683,0.040915,-0.889713,,,
122,2026-03-31,16:13:42.45,4,2,"Stabley, Thomas",1000146615,Right,MAI_BLA,"Solier, Julio",827632,Right,BOC_EAG,Undefined,5,Bottom,1,1,0,Fastball,Changeup,InPlay,Undefined,GroundBall,Out,1,1,,86.77163,-1.54612,-3.32157,2139.245304,226.784777,1:30,5.33547,2.11107,6.84493,-23.62647,12.25946,11.82001,1.95407,0.06392,79.35353,-6.042736,-1.164937,0.431155,102.58814,-8.178,-18.875134,,,,,16.45285,15.51211,-17.485785,0.100015,-7.24343,7.30126,-1.90241,50,5.22767,6.89657,-126.02458,-4.02357,-11.62202,26.16787,-20.45921,BOC_EAG,MAI_BLA,HarringtonVillage,D1,ACC,20260331-HarringtonVillage-1,1d778370-2d3e-11f1-8528-2919e47e1546,87.42198,2.14312,,7.4181,,,,1.58175,2.14312,-0.11919,627d9ed7-b483-4f20-be95-c4ef498f54ab,2026-03-31,20:13:42.45,2026-03-31T16:13:42.4570000-04:00,2026-03-31T20:13:42.4570000Z,GroundBall,v3,227,471344,16389,"DeAndrade, Nolan",1000437002,Right,MAI_BLA,70464c37-18ca-4498-a118-4fa1aa2f61ef,53.65429,-126.78109,13.08393,5.33544,-3.4321,-10.22961,-2.10664,7.23256,-5.81101,180,1.57911,141.0871,,,,,,,,2.14352,-21.42794,,,,,,,,-0.11829,-48.23651,,,,,,,,,,,,,,,,,,,,,,,,,,,,,,High,High,High,Low,Low,,,,217.968133,27.822526,1891.943292,0.884398,1:15,-0.491521,-0.556497,-0.669864,-66.694134,20.066294,-11.548812,172.490495,-26.079582,0.117384,-0.439619,-0.890481,26.274972,-6.741168,0.439619,-0.117384,0.890481,-26.274972,6.741168,-0.439619,0.117384,0.890481,-172.490495,26.079582,-0.117384,0.439619,-0.890481,71.0695,12.88021,-11.06697
123,2026-03-31,16:14:16.44,5,1,"Stabley, Thomas",1000146615,Right,MAI_BLA,"Mainolfi, Ty",839397,Left,BOC_EAG,Undefined,5,Bottom,2,0,0,Fastball,Four-Seam,FoulBallNotFieldable,Undefined,Undefined,Undefined,0,0,,87.79537,-0.832003,-3.930657,2191.032885,218.042316,1:15,5.41487,2.0775,6.87431,-21.98096,13.13595,9.38067,2.82305,-0.72854,80.00784,-5.037057,-2.22107,0.42651,101.91673,-3.29925,46.685987,,,,,26.28089,21.2633,47.607892,0.191455,-6.14878,7.57134,-1.83091,50,5.35387,8.42154,-127.43479,-2.41769,-10.06519,27.30112,-19.78015,BOC_EAG,MAI_BLA,HarringtonVillage,D1,ACC,20260331-HarringtonVillage-1,31abc900-2d3e-11f1-8528-2919e47e1546,88.37403,3.07082,,7.78753,,,,-0.91789,3.07082,-1.84045,627d9ed7-b483-4f20-be95-c4ef498f54ab,2026-03-31,20:14:16.44,2026-03-31T16:14:16.4400000-04:00,2026-03-31T20:14:16.4400000Z,GroundBall,v3,227,471344,16389,"DeAndrade, Nolan",1000437002,Right,MAI_BLA,d08c94ec-09da-4d51-86d6-7e1737edf797,53.62449,-128.20893,13.65056,5.41448,-1.85681,-9.89008,-2.07375,8.70695,-5.0326,,-0.91893,102.4427,-26.59004,,,,,,,3.07166,-8.6606,-38.58819,,,,,,,-1.84254,108.72387,11.96451,,,,,,,,,,,,,,,,,,,,,,,,,,,,,High,High,High,Low,Low,,,,219.997755,29.179886,1912.976103,0.873093,1:15,-0.524074,-0.568208,-0.634418,-73.691468,14.886093,-34.215418,176.703582,23.69151,0.052655,0.401812,-0.914207,23.72644,3.018334,0.401812,0.052655,0.914207,-23.72644,-3.018334,-0.401812,-0.052655,0.914207,-176.703582,-23.69151,-0.052655,-0.401812,-0.914207,72.9541,12.90178,31.77091
124,2026-03-31,16:14:40.78,5,2,"Stabley, Thomas",1000146615,Right,MAI_BLA,"Mainolfi, Ty",839397,Left,BOC_EAG,Undefined,5,Bottom,2,0,1,Fastball,Four-Seam,FoulBallNotFieldable,Undefined,Undefined,Undefined,0,0,,88.07515,-0.802981,-2.569388,2118.377948,214.245081,1:15,5.40449,2.06133,6.76253,-18.75147,16.03485,10.17973,3.10773,0.56149,80.61433,-4.405195,-0.714186,0.424498,102.69716,12.819824,-53.607647,3027.52261,60.75299,17.74128,-91.70025,221.1952,158.29172,-59.886929,2.04628,-6.09477,9.03961,-1.89674,50,5.34442,5.37193,-128.03511,-2.26278,-10.12687,26.19457,-17.1541,BOC_EAG,MAI_BLA,HarringtonVillage,D1,ACC,20260331-HarringtonVillage-1,402fc210-2d3e-11f1-8528-2919e47e1546,88.79297,17.81286,,7.46082,,,,-0.1461,2.82643,-0.12578,627d9ed7-b483-4f20-be95-c4ef498f54ab,2026-03-31,20:14:40.78,2026-03-31T16:14:40.7880000-04:00,2026-03-31T20:14:40.7880000Z,LineDrive,v3,227,471344,16389,"DeAndrade, Nolan",1000437002,Right,MAI_BLA,172ad365-0550-421c-a6a6-cd58e7a6dc28,53.73616,-128.79722,13.09728,5.40299,-1.7637,-8.57705,-2.05731,5.66656,-5.06343,,-0.14607,87.13502,-23.89831,5.62544,-1.08724,-0.04764,0.17139,-0.06442,0.00831,2.82628,33.4341,-20.84244,3.46928,-2.20053,1.8622,-1.05567,0.31232,-0.03689,-0.12582,-118.22109,18.25193,-4.32561,0.72412,0.16245,-0.20936,0.07349,-0.0093,,,,,,,,,,,,,,,,,,,,,,,High,High,High,Medium,Medium,,,,224.215998,24.172786,1932.627373,0.912315,1:30,-0.429443,-0.641893,-0.635257,-68.85257,11.186311,-24.117442,179.773599,-19.263736,0.00373,-0.329917,-0.944003,19.263875,-0.213724,0.329917,-0.00373,0.944003,-19.263875,0.213724,-0.329917,0.00373,0.944003,-179.773599,19.263736,-0.00373,0.329917,-0.944003,,,
125,2026-03-31,16:15:02.21,5,3,"Stabley, Thomas",1000146615,Right,MAI_BLA,"Mainolfi, Ty",839397,Left,BOC_EAG,Undefined,5,Bottom,2,0,2,Fastball,Four-Seam,InPlay,Undefined,LineDrive,Single,0,1,,90.31098,-1.024736,-3.458231,2141.568265,214.635754,1:15,5.30366,2.00357,6.58107,-18.91702,14.99209,9.50922,2.78632,-0.37714,81.36441,-4.669509,-1.733469,0.419112,108.80701,5.235037,28.049077,1391.012234,,,,125.75616,121.31212,30.350343,0.905052,-6.12347,8.56473,-1.77003,50,5.22527,7.5402,-130.9442,-2.84697,-10.46328,31.74119,-17.53938,BOC_EAG,MAI_BLA,HarringtonVillage,D1,ACC,20260331-HarringtonVillage-1,4cf198c0-2d3e-11f1-8528-2919e47e1546,89.93415,5.50764,,8.94657,,,,1.44061,2.98617,0.21809,627d9ed7-b483-4f20-be95-c4ef498f54ab,2026-03-31,20:15:02.21,2026-03-31T16:15:02.2190000-04:00,2026-03-31T20:15:02.2190000Z,GroundBall,v3,227,471344,16389,"DeAndrade, Nolan",1000437002,Right,MAI_BLA,4267d3a4-572b-4539-a69c-7d33e7b724a3,53.91591,-131.89,15.87059,5.30231,-2.32433,-8.76969,-1.99935,7.85198,-5.23164,,1.44061,140.25204,-28.91607,6.37535,-1.65046,0.435,-0.11495,0.02586,-0.00339,2.98617,14.56063,-21.98228,3.05129,-0.78155,0.2124,-0.05528,0.01256,-0.00168,0.21809,74.7275,-6.20736,1.29521,-0.33739,0.08868,-0.02358,0.00535,-0.00071,,,,,,,,,,,,,,,,,,,,,,,High,High,High,High,High,,,,224.895038,21.617636,1990.937053,0.929663,1:30,-0.395693,-0.662649,-0.635864,-53.819386,27.378211,-4.712687,179.460644,-9.942215,0.009272,-0.172655,-0.984939,9.942647,-0.531256,0.172655,-0.009272,0.984939,-9.942647,0.531256,-0.172655,0.009272,0.984939,-179.460644,9.942215,-0.009272,0.172655,-0.984939,72.7521,9.85911,22.31677
126,2026-03-31,16:18:05.58,6,1,"Holt, Sebastian",1000537391,Right,MAI_BLA,"Wang, Nick",813482,Right,BOC_EAG,Undefined,5,Bottom,2,0,0,Fastball,Four-Seam,StrikeCalled,Undefined,Undefined,Undefined,0,0,,89.47191,-2.337153,-3.96029,2229.18998,206.204171,12:45,5.96792,2.47123,6.39487,-19.72769,15.31265,6.883,2.16813,-0.60327,80.39654,-6.117267,-2.71743,0.426045,,,,,,,,,,,,-4.88244,9.135,-2.18936,50,5.79058,8.67657,-129.42912,-5.83167,-8.1219,31.88731,-16.97806,BOC_EAG,MAI_BLA,HarringtonVillage,D1,ACC,20260331-HarringtonVillage-1,ba496330-2d3e-11f1-8528-2919e47e1546,88.47054,,,9.07537,,,,,,,627d9ed7-b483-4f20-be95-c4ef498f54ab,2026-03-31,20:18:05.58,2026-03-31T16:18:05.5830000-04:00,2026-03-31T20:18:05.5830000Z,,v3,227,471344,16389,"DeAndrade, Nolan",1000437002,Right,MAI_BLA,bb030d9c-0502-499d-ac00-39913e79afbd,54.09922,-130.43513,15.94366,5.96611,-5.29602,-8.48903,-2.46714,8.93281,-4.06095,,,,,,,,,,,,,,,,,,,,,,,,,,,,,,,,,,,,,,,,,,,,,,,,,,,High,High,High,,,,,,213.943153,37.659557,1764.749361,0.791655,1:15,-0.636378,-0.466584,-0.614266,-59.501708,29.463819,-29.157459,179.031718,13.632331,0.016423,0.235691,-0.971689,13.634205,0.941001,0.235691,0.016423,0.971689,-13.634205,-0.941001,-0.235691,-0.016423,0.971689,-179.031718,-13.632331,-0.016423,-0.235691,-0.971689,,,
127,2026-03-31,16:18:23.91,6,2,"Holt, Sebastian",1000537391,Right,MAI_BLA,"Wang, Nick",813482,Right,BOC_EAG,Undefined,5,Bottom,2,0,1,Fastball,Four-Seam,BallCalled,Undefined,Undefined,Undefined,0,0,,91.04002,-1.047053,-3.822979,2302.326087,203.287984,12:45,5.95391,2.28016,6.07835,-17.02399,16.93339,6.77134,3.56422,-0.69793,82.19375,-4.311962,-2.607796,0.41941,,,,,,,,,,,,-4.64551,9.37504,-1.98762,50,5.86368,8.51366,-131.8253,-2.89256,-8.08177,30.99659,-15.86436,BOC_EAG,MAI_BLA,HarringtonVillage,D1,ACC,20260331-HarringtonVillage-1,c536c800-2d3e-11f1-8528-2919e47e1546,89.87023,,,8.84628,,,,,,,627d9ed7-b483-4f20-be95-c4ef498f54ab,2026-03-31,20:18:23.91,2026-03-31T16:18:23.9190000-04:00,2026-03-31T20:18:23.9190000Z,,v3,227,471344,16389,"DeAndrade, Nolan",1000437002,Right,MAI_BLA,c5d61862-7151-4561-9bda-d34a1c7d4b65,54.41646,-132.8597,15.49829,5.95137,-2.36314,-7.93218,-2.27623,8.78336,-4.04089,,,,,,,,,,,,,,,,,,,,,,,,,,,,,,,,,,,,,,,,,,,,,,,,,,,High,High,High,,,,,,213.775122,33.02006,1930.453982,0.83848,1:15,-0.5816,-0.47602,-0.659656,-44.047965,39.565877,7.967736,175.378211,-20.934126,0.075259,-0.357294,-0.930955,20.996476,-4.316114,0.357294,-0.075259,0.930955,-20.996476,4.316114,-0.357294,0.075259,0.930955,-175.378211,20.934126,-0.075259,0.357294,-0.930955,,,
128,2026-03-31,16:18:59.42,6,3,"Holt, Sebastian",1000537391,Right,MAI_BLA,"Wang, Nick",813482,Right,BOC_EAG,Undefined,5,Bottom,2,1,1,Fastball,Four-Seam,InPlay,Undefined,FlyBall,Out,1,0,,89.64758,-2.005591,-3.962775,2352.976368,207.980528,1:00,6.03807,2.45189,6.48671,-17.15599,17.53737,8.62965,2.76191,-0.473,80.60623,-5.329013,-2.402046,0.423931,98.37244,29.650593,9.48191,3923.104478,106.81801,61.21502,26.26575,331.88221,328.347,24.422243,5.068419,-5.81532,10.20607,-2.17688,50,5.88925,8.64563,-129.78245,-4.98505,-9.74065,31.70643,-15.07884,BOC_EAG,MAI_BLA,HarringtonVillage,D1,ACC,20260331-HarringtonVillage-1,da598c40-2d3e-11f1-8528-2919e47e1546,88.91183,85.83265,,9.04135,,,,0.85472,2.68991,0.49799,627d9ed7-b483-4f20-be95-c4ef498f54ab,2026-03-31,20:18:59.42,2026-03-31T16:18:59.4220000-04:00,2026-03-31T20:18:59.4220000Z,FlyBall,v3,227,471344,16389,"DeAndrade, Nolan",1000437002,Right,MAI_BLA,5e25f093-5824-4162-99cd-5d1d3509a3e7,54.00912,-130.75823,15.85322,6.03553,-4.52099,-7.53942,-2.44756,8.9454,-4.87032,208.387572,0.85474,123.6749,-30.31792,7.66471,-1.80941,0.4023,-0.07035,0.00755,-0.00035,2.69209,71.32871,-16.19985,-0.06127,0.50851,-0.23169,0.0532,-0.00606,0.00027,0.49771,20.66108,4.18181,-1.53445,0.45615,-0.11002,0.01871,-0.00188,8E-05,,,,,,,,,,,,,,,,,,,,,,,High,High,High,High,High,,,,212.869234,32.707604,1979.886264,0.841439,1:00,-0.571627,-0.4753,-0.668829,-59.912296,21.049969,-30.227274,179.840165,15.620084,0.002687,0.269257,-0.963064,15.620142,0.153932,0.269257,0.002687,0.963064,-15.620142,-0.153932,-0.269257,-0.002687,0.963064,-179.840165,-15.620084,-0.002687,-0.269257,-0.963064,76.45952,8.93261,1.83518
129,2026-03-31,16:21:33.63,1,1,"Hartsell, Chase",1000116331,Right,BOC_EAG,"St. Denis, Hunter",1000341731,Right,MAI_BLA,Undefined,6,Top,0,0,0,Slider,Slider,BallCalled,Undefined,Undefined,Undefined,0,0,,78.7911,1.795708,-0.259698,2189.371514,93.591395,9:00,5.7147,1.3036,5.11123,-45.0492,2.17291,-6.79433,3.65291,0.49274,70.84837,-6.457287,-1.461856,0.494588,,,,,,,,,,,,3.26288,1.02847,-1.27366,50,5.84928,0.80401,-114.04379,1.98983,4.21627,24.65537,-30.84506,BOC_EAG,MAI_BLA,HarringtonVillage,D1,ACC,20260331-HarringtonVillage-1,364c0fa0-2d3f-11f1-8528-2919e47e1546,76.2097,,,7.94274,,,,,,,627d9ed7-b483-4f20-be95-c4ef498f54ab,2026-03-31,20:21:33.63,2026-03-31T16:21:33.6360000-04:00,2026-03-31T20:21:33.6360000Z,,v3,227,471344,16389,"Roossien, Jace",831501,Right,BOC_EAG,174779f6-230b-4b2a-bff9-4523002fd7ac,55.38356,-115.2018,12.32769,5.7218,3.43854,-15.42253,-1.30677,0.60598,2.10813,,,,,,,,,,,,,,,,,,,,,,,,,,,,,,,,,,,,,,,,,,,,,,,,,,,High,High,High,,,,,,47.262953,70.006977,748.558618,0.341906,7:30,-0.930342,0.280446,0.236248,99.441616,-18.547914,21.225385,135.697,-21.282949,0.650818,-0.362974,-0.666848,28.560024,-40.603287,0.362974,-0.650818,0.666848,-28.560024,40.603287,-0.362974,0.650818,0.666848,-135.697,21.282949,-0.650818,0.362974,-0.666848,,,
130,2026-03-31,16:21:48.17,1,2,"Hartsell, Chase",1000116331,Right,BOC_EAG,"St. Denis, Hunter",1000341731,Right,MAI_BLA,Undefined,6,Top,0,1,0,Slider,Curveball,BallCalled,Undefined,Undefined,Undefined,0,0,,77.76462,2.502754,0.177085,2206.872101,45.484514,7:30,5.6346,1.25614,5.3467,-51.0518,-3.63717,-5.26941,3.72936,0.98313,70.88934,-6.814256,-0.759348,0.495596,,,,,,,,,,,,2.67303,-2.02476,-1.26826,50,5.82386,-0.13592,-112.76431,3.16632,3.42447,21.4688,-34.76805,BOC_EAG,MAI_BLA,HarringtonVillage,D1,ACC,20260331-HarringtonVillage-1,3f041de0-2d3f-11f1-8528-2919e47e1546,76.05482,,,6.87528,,,,,,,627d9ed7-b483-4f20-be95-c4ef498f54ab,2026-03-31,20:21:48.17,2026-03-31T16:21:48.1710000-04:00,2026-03-31T20:21:48.1710000Z,,v3,227,471344,16389,"Roossien, Jace",831501,Right,BOC_EAG,b80e8d09-2cd4-499f-b515-7a7b084ee6dd,55.1516,-113.74088,10.7344,5.64387,4.74783,-17.38403,-1.25853,-0.29169,1.71224,,,,,,,,,,,,,,,,,,,,,,,,,,,,,,,,,,,,,,,,,,,,,,,,,,,High,High,High,,,,,,53.134716,73.530965,625.641881,0.283497,7:45,-0.948675,0.268471,0.167149,78.504181,-6.891244,35.129688,139.635209,-22.840949,0.596867,-0.388174,-0.70219,28.934052,-36.645828,0.388174,-0.596867,0.70219,-28.934052,36.645828,-0.388174,0.596867,0.70219,-139.635209,22.840949,-0.596867,0.388174,-0.70219,,,
131,2026-03-31,16:22:02.04,1,3,"Hartsell, Chase",1000116331,Right,BOC_EAG,"St. Denis, Hunter",1000341731,Right,MAI_BLA,Undefined,6,Top,0,2,0,Fastball,Four-Seam,FoulBallNotFieldable,Undefined,Undefined,Undefined,0,0,,89.56952,-1.127025,-2.811527,2246.780226,221.739084,1:30,5.70296,1.15472,5.78467,-19.40056,15.86131,13.07398,3.03632,-0.37358,81.21795,-4.800115,-0.472678,0.42739,99.34279,20.307603,39.426351,5277.765453,77.40462,36.21342,78.1563,309.05783,235.22108,56.324865,3.607111,-7.51508,8.77973,-0.93084,50,5.59847,5.81326,-129.85938,-3.1619,-12.73401,29.15032,-17.29717,BOC_EAG,MAI_BLA,HarringtonVillage,D1,ACC,20260331-HarringtonVillage-1,47315140-2d3f-11f1-8528-2919e47e1546,88.19223,43.60092,,8.35156,,,,0.67129,3.05295,0.26985,627d9ed7-b483-4f20-be95-c4ef498f54ab,2026-03-31,20:22:02.04,2026-03-31T16:22:02.0430000-04:00,2026-03-31T20:22:02.0430000Z,LineDrive,v3,227,471344,16389,"Roossien, Jace",831501,Right,BOC_EAG,cb3f9a8b-57f4-422a-856c-6abcc1e5f1f0,54.71295,-130.91305,14.57516,5.70146,-2.53667,-8.64859,-1.14929,6.27354,-6.367,,0.67126,105.55121,-31.91779,8.47277,-2.01994,0.4073,-0.06558,0.00672,-0.00028,3.05297,50.56766,-16.81783,0.43598,0.22468,-0.08122,0.01393,-0.00045,-9E-05,0.26971,86.78675,-3.23662,-1.60492,0.83004,-0.24016,0.04633,-0.00546,0.00031,,,,,,,,,,,,,,,,,,,,,,,High,High,High,High,Medium,,,,228.275381,17.592973,2141.693249,0.953228,1:30,-0.318973,-0.717251,-0.619522,-60.824528,-12.035647,-67.610561,154.666696,20.533151,0.4007,0.350749,-0.846413,22.508873,23.621922,0.350749,0.4007,0.846413,-22.508873,-23.621922,-0.350749,-0.4007,0.846413,-154.666696,-20.533151,-0.4007,-0.350749,-0.846413,,,
132,2026-03-31,16:22:19.36,1,4,"Hartsell, Chase",1000116331,Right,BOC_EAG,"St. Denis, Hunter",1000341731,Right,MAI_BLA,Undefined,6,Top,0,2,1,Fastball,Sinker,FoulBallNotFieldable,Undefined,Undefined,Undefined,0,0,,89.51814,-0.181211,-2.481432,2288.852197,239.292421,2:00,5.70261,1.20564,5.74437,-24.32623,10.65111,16.11682,3.50655,0.23691,81.96945,-4.712527,0.40129,0.425662,,,,,,,,,,,,-8.93437,5.79551,-1.00953,50,5.67265,4.9507,-129.99868,-1.23986,-15.32296,26.68655,-22.23442,BOC_EAG,MAI_BLA,HarringtonVillage,D1,ACC,20260331-HarringtonVillage-1,51811680-2d3f-11f1-8528-2919e47e1546,88.5502,,,7.54869,,,,,,,627d9ed7-b483-4f20-be95-c4ef498f54ab,2026-03-31,20:22:19.36,2026-03-31T16:22:19.3630000-04:00,2026-03-31T20:22:19.3630000Z,,v3,227,471344,16389,"Roossien, Jace",831501,Right,BOC_EAG,d5b86d0c-4ed4-41bd-9ecd-036ba72679ee,54.7558,-130.97133,13.34327,5.70308,-0.42948,-11.11721,-1.20014,5.50918,-7.66148,,,,,,,,,,,,,,,,,,,,,,,,,,,,,,,,,,,,,,,,,,,,,,,,,,,High,High,High,,,,,,229.322705,20.521686,2143.600652,0.93654,1:45,-0.374416,-0.71137,-0.594782,-68.670784,-18.703365,-66.330545,161.50721,26.474564,0.283923,0.4458,-0.848911,27.70594,16.494472,0.4458,0.283923,0.848911,-27.70594,-16.494472,-0.4458,-0.283923,0.848911,-161.50721,-26.474564,-0.283923,-0.4458,-0.848911,,,
133,2026-03-31,16:22:39.42,1,5,"Hartsell, Chase",1000116331,Right,BOC_EAG,"St. Denis, Hunter",1000341731,Right,MAI_BLA,Undefined,6,Top,0,2,2,Fastball,Sinker,FoulBallNotFieldable,Undefined,Undefined,Undefined,0,0,,89.78252,-1.04969,-2.843051,2260.603119,228.834375,1:45,5.7242,1.13401,5.66128,-21.37407,13.54926,14.24839,2.96288,-0.33195,82.19938,-5.043922,-0.299555,0.425333,,,,,,,,,,,,-8.08874,7.50327,-0.90295,50,5.62191,5.86618,-130.30375,-3.10767,-13.93296,26.90209,-19.24961,BOC_EAG,MAI_BLA,HarringtonVillage,D1,ACC,20260331-HarringtonVillage-1,5d78bf60-2d3f-11f1-8528-2919e47e1546,88.61866,,,7.58315,,,,,,,627d9ed7-b483-4f20-be95-c4ef498f54ab,2026-03-31,20:22:39.42,2026-03-31T16:22:39.4240000-04:00,2026-03-31T20:22:39.4240000Z,,v3,227,471344,16389,"Roossien, Jace",831501,Right,BOC_EAG,8527279a-fc4d-4f72-8578-1bca21637c1a,54.8391,-131.29902,13.45105,5.72371,-2.39552,-9.62481,-1.1295,6.38165,-6.96648,,,,,,,,,,,,,,,,,,,,,,,,,,,,,,,,,,,,,,,,,,,,,,,,,,,High,High,High,,,,,,230.099351,18.559432,2143.03821,0.947994,1:45,-0.334698,-0.73297,-0.592226,-64.078879,-11.784249,-60.958873,158.417637,19.007988,0.347781,0.3257,-0.879186,20.327469,20.351668,0.3257,0.347781,0.879186,-20.327469,-20.351668,-0.3257,-0.347781,0.879186,-158.417637,-19.007988,-0.347781,-0.3257,-0.879186,,,
134,2026-03-31,16:23:13.61,1,6,"Hartsell, Chase",1000116331,Right,BOC_EAG,"St. Denis, Hunter",1000341731,Right,MAI_BLA,Undefined,6,Top,0,2,2,Slider,Curveball,StrikeSwinging,Strikeout,Undefined,Undefined,0,0,,78.61633,0.772608,-0.156268,2203.590266,74.852687,8:30,5.64668,1.02479,5.39977,-49.12601,-2.66811,-15.65631,2.27688,-0.42633,71.65816,-8.192227,-2.944779,0.49057,,,,,,,,,,,,7.79489,-1.08512,-0.99964,50,5.68131,0.93864,-114.06745,-0.14977,10.15689,23.1401,-33.58798,BOC_EAG,MAI_BLA,HarringtonVillage,D1,ACC,20260331-HarringtonVillage-1,71eca600-2d3f-11f1-8528-2919e47e1546,76.83395,,,6.95817,,,,,,,627d9ed7-b483-4f20-be95-c4ef498f54ab,2026-03-31,20:23:13.61,2026-03-31T16:23:13.6180000-04:00,2026-03-31T20:23:13.6180000Z,,v3,227,471344,16389,"Roossien, Jace",831501,Right,BOC_EAG,edd50026-9214-4797-bb3d-ecf7422656f7,55.09917,-115.09723,11.57005,5.65472,1.34497,-16.79399,-1.03136,0.48663,5.07845,,,,,,,,,,,,,,,,,,,,,,,,,,,,,70.18008,,,0.953711,,,,1.22761,5.24319,0.64758,75.68277,4.69354,49.10351,1.29597,87.21154,-9.69271,5.26906,12.53292,-13.78621,0.64033,51.67,-0.89293,High,High,High,,,High,High,High,49.379971,72.0352,679.659167,0.308433,7:45,-0.947452,0.246919,0.203387,77.355065,-4.809118,28.000945,130.067583,-23.69895,0.700749,-0.401931,-0.589408,34.290972,-44.487138,0.401931,-0.700749,0.589408,-34.290972,44.487138,-0.401931,0.700749,0.589408,-130.067583,23.69895,-0.700749,0.401931,-0.589408,,,
135,2026-03-31,16:23:37.57,2,1,"Hartsell, Chase",1000116331,Right,BOC_EAG,"Rasmussen, Brody",1000250740,Right,MAI_BLA,Undefined,6,Top,1,0,0,Fastball,Sinker,StrikeCalled,Undefined,Undefined,Undefined,0,0,,90.29821,-1.893531,-2.440988,2265.331561,237.290676,2:00,5.70713,1.25322,5.60314,-25.06367,9.83682,13.47989,1.8486,0.09646,82.18602,-6.544219,-0.034628,0.425194,,,,,,,,,,,,-7.52855,5.89591,-1.05304,50,5.52884,4.97558,-130.88495,-5.21793,-12.97894,29.21798,-22.00973,BOC_EAG,MAI_BLA,HarringtonVillage,D1,ACC,20260331-HarringtonVillage-1,8027fd50-2d3f-11f1-8528-2919e47e1546,88.64764,,,8.1122,,,,,,,627d9ed7-b483-4f20-be95-c4ef498f54ab,2026-03-31,20:23:37.57,2026-03-31T16:23:37.5720000-04:00,2026-03-31T20:23:37.5720000Z,,v3,227,471344,16389,"Roossien, Jace",831501,Right,BOC_EAG,b25e2e57-10f5-437b-8fd0-f9c66bf906a0,54.89425,-131.973,14.60899,5.70789,-4.39831,-11.00486,-1.24732,5.4589,-6.48947,,,,,,,,,,,,,,,,,,,,,,,,,,,,,,,,,,,,,,,,,,,,,,,,,,,High,High,High,,,,,,229.366909,13.02399,2207.057702,0.974276,1:45,-0.227645,-0.746416,-0.625333,-69.265348,1.734577,-57.874922,145.365191,21.170275,0.529987,0.361141,-0.767262,25.205788,32.004572,0.361141,0.529987,0.767262,-25.205788,-32.004572,-0.361141,-0.529987,0.767262,-145.365191,-21.170275,-0.529987,-0.361141,-0.767262,,,
136,2026-03-31,16:23:50.91,2,2,"Hartsell, Chase",1000116331,Right,BOC_EAG,"Rasmussen, Brody",1000250740,Right,MAI_BLA,Undefined,6,Top,1,0,1,ChangeUp,Changeup,StrikeSwinging,Undefined,Undefined,Undefined,0,0,,75.93677,0.444899,-2.258579,2233.041055,267.284762,3:00,5.60608,1.17391,6.06663,-46.52121,2.77516,18.17737,2.14137,0.59746,68.19868,-8.222186,1.017616,0.505334,,,,,,,,,,,,-10.11477,1.84854,-1.00814,50,5.61642,3.67992,-110.04881,-0.50865,-12.082,24.25576,-29.96597,BOC_EAG,MAI_BLA,HarringtonVillage,D1,ACC,20260331-HarringtonVillage-1,88240e90-2d3f-11f1-8528-2919e47e1546,74.58912,,,7.73809,,,,,,,627d9ed7-b483-4f20-be95-c4ef498f54ab,2026-03-31,20:23:50.91,2026-03-31T16:23:50.9180000-04:00,2026-03-31T20:23:50.9180000Z,,v3,227,471344,16389,"Roossien, Jace",831501,Right,BOC_EAG,10c92ce7-1f12-4b48-ac11-f327747db660,54.42968,-111.02086,12.12788,5.61274,0.69223,-14.98299,-1.16531,4.1641,-6.041,,,,,,,,,,,,,,,,,,,,,,,,,,,,,,,,,,,,,,,,,,,,,,,,,,,High,High,High,,,,,,258.303448,-26.578475,1997.058608,0.894322,2:30,0.433122,-0.8792,-0.198528,-54.034274,3.93762,20.601578,173.081945,-24.691898,0.109437,-0.417739,-0.901952,24.85118,-6.282841,0.417739,-0.109437,0.901952,-24.85118,6.282841,-0.417739,0.109437,0.901952,-173.081945,24.691898,-0.109437,0.417739,-0.901952,,,
137,2026-03-31,16:24:04.83,2,3,"Hartsell, Chase",1000116331,Right,BOC_EAG,"Rasmussen, Brody",1000250740,Right,MAI_BLA,Undefined,6,Top,1,0,2,Fastball,Sinker,StrikeSwinging,Strikeout,Undefined,Undefined,0,0,,90.61861,0.22906,-1.682693,2322.519377,237.786322,2:00,5.84716,1.13791,5.41207,-24.90175,10.11004,14.10631,3.9867,0.73655,81.85989,-4.406852,0.826055,0.425871,,,,,,,,,,,,-7.55693,5.37059,-0.99822,50,5.85053,3.19868,-131.35458,-0.37903,-13.05921,30.65328,-22.89307,BOC_EAG,MAI_BLA,HarringtonVillage,D1,ACC,20260331-HarringtonVillage-1,906454c0-2d3f-11f1-8528-2919e47e1546,88.50663,,,8.75873,,,,,,,627d9ed7-b483-4f20-be95-c4ef498f54ab,2026-03-31,20:24:04.83,2026-03-31T16:24:04.8360000-04:00,2026-03-31T20:24:04.8360000Z,,v3,227,471344,16389,"Roossien, Jace",831501,Right,BOC_EAG,2c7ece75-68a2-4fb3-a3ad-43ef2c3681a2,55.08376,-132.53563,15.32664,5.84814,0.50303,-11.44654,-1.13115,3.70184,-6.52961,,,,,,,,,,,,,,,,,,,,,,,,,,,,,69.85006,,,0.940161,,,,2.86978,5.0297,-0.15729,76.41473,4.90999,48.37127,2.92242,86.69519,-9.09668,5.05439,13.28805,-14.31122,-0.16919,51.80129,-0.17586,High,High,High,,,High,High,High,228.633598,16.499818,2226.879514,0.958821,1:30,-0.30537,-0.718452,-0.62496,-77.968352,1.37406,-56.40759,149.892956,27.713882,0.444072,0.465057,-0.765848,31.267979,26.363985,0.465057,0.444072,0.765848,-31.267979,-26.363985,-0.465057,-0.444072,0.765848,-149.892956,-27.713882,-0.444072,-0.465057,-0.765848,,,
138,2026-03-31,16:24:29.91,3,1,"Hartsell, Chase",1000116331,Right,BOC_EAG,"Hauser, Rex",1000318641,Right,MAI_BLA,Undefined,6,Top,2,0,0,Fastball,Sinker,BallCalled,Undefined,Undefined,Undefined,0,0,,91.37508,-0.506953,-3.362238,2326.942326,226.347319,1:30,5.54634,1.33951,5.57325,-20.27438,13.81202,13.28583,3.38246,-0.69741,82.99004,-4.312281,-0.996993,0.420206,,,,,,,,,,,,-7.65382,7.45981,-1.05845,50,5.48954,7.16904,-132.40751,-1.8609,-13.53176,29.35602,-18.98525,BOC_EAG,MAI_BLA,HarringtonVillage,D1,ACC,20260331-HarringtonVillage-1,9f576350-2d3f-11f1-8528-2919e47e1546,89.69993,,,8.38504,,,,,,,627d9ed7-b483-4f20-be95-c4ef498f54ab,2026-03-31,20:24:29.91,2026-03-31T16:24:29.9180000-04:00,2026-03-31T20:24:29.9180000Z,,v3,227,471344,16389,"Roossien, Jace",831501,Right,BOC_EAG,3ac09a70-d022-495e-9daf-8a52e0f593e1,54.92361,-133.49466,14.67801,5.54544,-1.15781,-9.49262,-1.33323,7.67016,-6.76588,,,,,,,,,,,,,,,,,,,,,,,,,,,,,,,,,,,,,,,,,,,,,,,,,,,High,High,High,,,,,,232.29418,16.433345,2231.885557,0.959149,1:45,-0.310104,-0.761315,-0.569416,-71.983905,-4.932958,-46.944572,161.778816,19.660206,0.294458,0.336441,-0.894484,20.612729,17.125034,0.336441,0.294458,0.894484,-20.612729,-17.125034,-0.336441,-0.294458,0.894484,-161.778816,-19.660206,-0.294458,-0.336441,-0.894484,,,
139,2026-03-31,16:24:42.32,3,2,"Hartsell, Chase",1000116331,Right,BOC_EAG,"Hauser, Rex",1000318641,Right,MAI_BLA,Undefined,6,Top,2,1,0,Fastball,Sinker,BallCalled,Undefined,Undefined,Undefined,0,0,,90.01823,-1.669611,-3.241698,2341.17077,234.213509,1:45,5.51554,1.37544,5.69733,-25.34163,9.31477,11.45599,1.84493,-0.69398,82.75799,-6.356299,-1.195638,0.423705,,,,,,,,,,,,-6.69744,5.49925,-1.1104,50,5.35931,6.90238,-130.58374,-4.70114,-11.62065,26.24778,-22.63236,BOC_EAG,MAI_BLA,HarringtonVillage,D1,ACC,20260331-HarringtonVillage-1,a6bd4f10-2d3f-11f1-8528-2919e47e1546,88.95924,,,7.26024,,,,,,,627d9ed7-b483-4f20-be95-c4ef498f54ab,2026-03-31,20:24:42.32,2026-03-31T16:24:42.3270000-04:00,2026-03-31T20:24:42.3270000Z,,v3,227,471344,16389,"Roossien, Jace",831501,Right,BOC_EAG,adde4554-6f7c-4fc7-91f3-00afa31bfb95,54.80215,-131.54545,13.12389,5.51637,-3.8719,-11.31618,-1.3711,7.32815,-5.81032,,,,,,,,,,,,,,,,,,,,,,,,,,,,,,,,,,,,,,,,,,,,,,,,,,,High,High,High,,,,,,233.27601,24.555911,2129.426318,0.909556,1:45,-0.424288,-0.740831,-0.520719,-75.091102,-16.554535,-67.947631,156.360212,27.053842,0.357109,0.454828,-0.815846,29.139313,20.922773,0.454828,0.357109,0.815846,-29.139313,-20.922773,-0.454828,-0.357109,0.815846,-156.360212,-27.053842,-0.357109,-0.454828,-0.815846,,,
140,2026-03-31,16:24:58.94,3,3,"Hartsell, Chase",1000116331,Right,BOC_EAG,"Hauser, Rex",1000318641,Right,MAI_BLA,Undefined,6,Top,2,2,0,Fastball,Sinker,FoulBallNotFieldable,Undefined,Undefined,Undefined,0,0,,91.21996,-1.897128,-2.157857,2290.591147,236.289498,2:00,5.62406,1.3479,5.43977,-24.92371,9.22347,12.21532,1.76876,0.34433,83.62668,-6.490288,0.016733,0.42058,,,,,,,,,,,,-6.80843,5.4802,-1.16594,50,5.43897,4.44443,-132.34763,-5.30548,-12.08675,28.00676,-22.44522,BOC_EAG,MAI_BLA,HarringtonVillage,D1,ACC,20260331-HarringtonVillage-1,b0a292b0-2d3f-11f1-8528-2919e47e1546,89.62008,,,7.59328,,,,,,,627d9ed7-b483-4f20-be95-c4ef498f54ab,2026-03-31,20:24:58.94,2026-03-31T16:24:58.9470000-04:00,2026-03-31T20:24:58.9470000Z,,v3,227,471344,16389,"Roossien, Jace",831501,Right,BOC_EAG,783e1f65-e1d8-4774-9af4-05118359a87e,55.06034,-133.41418,14.00338,5.62473,-4.45073,-11.22261,-1.34395,4.90471,-6.04338,,,,,,,,,,,,,,,,,,,,,,,,,,,,,,,,,,,,,,,,,,,,,,,,,,,High,High,High,,,,,,231.996073,18.553113,2171.547078,0.948029,1:45,-0.31505,-0.757141,-0.572259,-81.403121,1.569853,-50.968483,153.030654,26.553133,0.405677,0.447028,-0.79724,29.280158,23.93357,0.447028,0.405677,0.79724,-29.280158,-23.93357,-0.447028,-0.405677,0.79724,-153.030654,-26.553133,-0.405677,-0.447028,-0.79724,,,
141,2026-03-31,16:25:58.04,3,4,"Hartsell, Chase",1000116331,Right,BOC_EAG,"Hauser, Rex",1000318641,Right,MAI_BLA,Undefined,6,Top,2,2,1,Fastball,Sinker,InPlay,Undefined,GroundBall,Out,1,0,,89.82851,-0.864653,-2.620399,2241.670412,224.322772,1:30,5.57025,1.27414,5.74352,-21.15422,13.68394,12.28316,3.00145,-0.14373,82.06938,-4.83058,-0.424099,0.424814,104.55629,-0.072273,41.015728,4418.396844,,,,52.54254,48.75059,40.833256,0.35157,-7.03599,7.5489,-1.06403,50,5.48546,5.44589,-130.37648,-2.66613,-12.10698,27.48454,-19.18444,BOC_EAG,MAI_BLA,HarringtonVillage,D1,ACC,20260331-HarringtonVillage-1,d3def570-2d3f-11f1-8528-2919e47e1546,88.72688,3.26103,,7.75913,,,,2.75452,3.26103,0.09287,627d9ed7-b483-4f20-be95-c4ef498f54ab,2026-03-31,20:25:58.04,2026-03-31T16:25:58.0440000-04:00,2026-03-31T20:25:58.0440000Z,GroundBall,v3,227,471344,16389,"Roossien, Jace",831501,Right,BOC_EAG,b4b60d2d-e2ed-4160-a78f-4bac5e08a81d,54.75606,-131.37528,13.74227,5.56968,-1.96896,-9.59222,-1.26992,5.88586,-6.05349,,2.76756,115.20915,-28.55538,,,,,,,3.27194,-0.61025,-24.82118,,,,,,,0.09225,100.66328,-9.1137,,,,,,,,,,,,,,,,,,,,,,,,,,,,,High,High,High,High,High,,,,233.424544,21.874402,2080.276416,0.928003,1:45,-0.386188,-0.750791,-0.535883,-68.673397,-14.065423,-66.832526,155.032558,21.694698,0.392204,0.369661,-0.842334,23.694408,23.091724,0.369661,0.392204,0.842334,-23.694408,-23.091724,-0.369661,-0.392204,0.842334,-155.032558,-21.694698,-0.392204,-0.369661,-0.842334,78.06654,22.60991,25.93294
142,2026-03-31,16:28:26.77,1,1,"Holt, Sebastian",1000537391,Right,MAI_BLA,"Toomey, Jack",809057,Right,BOC_EAG,Undefined,6,Bottom,0,0,0,Splitter,Splitter,BallCalled,Undefined,Undefined,Undefined,0,0,,81.19123,-3.770506,-4.076876,1033.343219,225.604778,1:30,6.12702,2.30616,5.69343,-35.3299,8.28878,6.8478,-0.34504,-0.92902,73.93558,-10.247542,-2.853933,0.475344,70.14315,14.106136,176.11665,3277.524737,,,,63.75831,48.37849,172.778449,1.126431,-4.83768,5.85051,-1.96763,50,5.78701,8.09552,-117.255,-8.87328,-6.63469,25.25329,-24.15033,BOC_EAG,MAI_BLA,HarringtonVillage,D1,ACC,20260331-HarringtonVillage-1,2c864570-2d40-11f1-8528-2919e47e1546,79.29514,6.25696,,7.25566,,,,4.65221,0.22801,0.76561,627d9ed7-b483-4f20-be95-c4ef498f54ab,2026-03-31,20:28:26.77,2026-03-31T16:28:26.7700000-04:00,2026-03-31T20:28:26.7700000Z,LineDrive,v3,227,471344,16389,"DeAndrade, Nolan",1000437002,Right,MAI_BLA,c4e5bada-ff16-409c-8e92-c8312706b3d5,54.8051,-118.28535,12.62664,6.12895,-7.88793,-12.07517,-2.30346,8.36622,-3.31734,60.35629,4.65221,-99.54524,41.42994,-7.10241,1.33912,-0.21305,0.01894,0.00082,-0.00041,0.22801,25.07293,-29.86056,8.77327,-2.62483,0.80531,-0.22099,0.04774,-0.00573,0.76561,6.75726,3.01921,-4.20871,1.58086,-0.5389,0.1594,-0.03598,0.00441,,,,,,,,,,,,,,,,,,,,,,,High,High,High,Medium,Medium,,,,214.78806,37.933656,815.021682,0.788723,1:15,-0.6284,-0.489452,-0.604607,70.466832,34.662662,5.592512,96.300027,12.1092,0.971845,0.209776,-0.107293,62.911786,76.371725,0.209776,0.971845,0.107293,-62.911786,-76.371725,-0.209776,-0.971845,0.107293,-96.300027,-12.1092,-0.971845,-0.209776,-0.107293,8.77514,-14.72394,100.16327
143,2026-03-31,16:28:47.15,1,2,"Holt, Sebastian",1000537391,Right,MAI_BLA,"Toomey, Jack",809057,Right,BOC_EAG,Undefined,6,Bottom,0,1,0,Fastball,Four-Seam,BallCalled,Undefined,Undefined,Undefined,0,0,,88.07107,-0.515622,-3.620183,2221.270794,192.432885,12:30,6.08422,2.22174,6.33661,-20.16792,15.24741,3.1215,3.92785,-0.85574,80.66925,-4.341948,-3.057202,0.428319,,,,,,,,,,,,-2.60213,8.40957,-1.95929,50,6.03688,7.96325,-127.81112,-1.71821,-4.31485,25.73863,-18.22927,BOC_EAG,MAI_BLA,HarringtonVillage,D1,ACC,20260331-HarringtonVillage-1,38b21db0-2d40-11f1-8528-2919e47e1546,88.0009,,,7.40182,,,,,,,627d9ed7-b483-4f20-be95-c4ef498f54ab,2026-03-31,20:28:47.15,2026-03-31T16:28:47.1580000-04:00,2026-03-31T20:28:47.1580000Z,,v3,227,471344,16389,"DeAndrade, Nolan",1000437002,Right,MAI_BLA,2002dc97-4e22-4640-990a-7d59f5b601a0,54.16096,-128.64632,12.86931,6.08303,-1.12668,-9.11464,-2.21997,8.10326,-2.15742,,,,,,,,,,,,,,,,,,,,,,,,,,,,,,,,,,,,,,,,,,,,,,,,,,,High,High,High,,,,,,210.273303,37.924501,1752.185781,0.788821,1:00,-0.652815,-0.40318,-0.64131,-66.926002,19.572795,-35.279751,175.769138,-21.826667,0.068487,-0.3718,-0.925783,21.880684,-3.92707,0.3718,-0.068487,0.925783,-21.880684,3.92707,-0.3718,0.068487,0.925783,-175.769138,21.826667,-0.068487,0.3718,-0.925783,,,
144,2026-03-31,16:29:03.62,1,3,"Holt, Sebastian",1000537391,Right,MAI_BLA,"Toomey, Jack",809057,Right,BOC_EAG,Undefined,6,Bottom,0,2,0,Fastball,Four-Seam,FoulBallNotFieldable,Undefined,Undefined,Undefined,0,0,,88.92852,-2.424737,-3.511461,2263.411549,207.083299,1:00,6.03849,2.21094,6.32306,-19.04749,15.65725,7.46453,2.2126,-0.40495,81.77701,-6.028487,-2.164165,0.424,,,,,,,,,,,,-4.8267,9.12796,-1.9577,50,5.85178,7.62632,-129.01876,-6.01373,-8.17609,25.59732,-16.71189,BOC_EAG,MAI_BLA,HarringtonVillage,D1,ACC,20260331-HarringtonVillage-1,427cfb80-2d40-11f1-8528-2919e47e1546,88.89727,,,7.15151,,,,,,,627d9ed7-b483-4f20-be95-c4ef498f54ab,2026-03-31,20:29:03.62,2026-03-31T16:29:03.6290000-04:00,2026-03-31T20:29:03.6290000Z,,v3,227,471344,16389,"DeAndrade, Nolan",1000437002,Right,MAI_BLA,bf2632c9-66e3-4a56-9d88-360635bb20f2,54.17621,-129.84467,12.79866,6.03712,-5.47451,-8.35595,-2.20803,7.89013,-4.08804,,,,,,,,,,,,,,,,,,,,,,,,,,,,,,,,,,,,,,,,,,,,,,,,,,,High,High,High,,,,,,213.380237,29.93744,1961.40641,0.866571,1:00,-0.521858,-0.497468,-0.692957,-53.961829,24.304598,-16.471965,177.503464,-15.216884,0.042032,-0.262474,-0.964023,15.230669,-2.408953,0.262474,-0.042032,0.964023,-15.230669,2.408953,-0.262474,0.042032,0.964023,-177.503464,15.216884,-0.042032,0.262474,-0.964023,,,
145,2026-03-31,16:29:23.23,1,4,"Holt, Sebastian",1000537391,Right,MAI_BLA,"Toomey, Jack",809057,Right,BOC_EAG,Undefined,6,Bottom,0,2,1,Slider,Slider,BallCalled,Undefined,Undefined,Undefined,0,0,,81.23622,-2.33704,-2.758369,2061.400408,168.670209,11:30,5.94324,2.35249,5.77926,-36.13203,6.30579,-1.00803,0.75402,-0.3,75.19953,-8.94782,-2.938916,0.468865,,,,,,,,,,,,-0.21598,4.21851,-2.12411,50,5.72817,5.71656,-117.85633,-5.97881,-0.30509,21.50379,-26.21527,BOC_EAG,MAI_BLA,HarringtonVillage,D1,ACC,20260331-HarringtonVillage-1,4e37e980-2d40-11f1-8528-2919e47e1546,80.39079,,,6.03668,,,,,,,627d9ed7-b483-4f20-be95-c4ef498f54ab,2026-03-31,20:29:23.23,2026-03-31T16:29:23.2330000-04:00,2026-03-31T20:29:23.2330000Z,,v3,227,471344,16389,"DeAndrade, Nolan",1000437002,Right,MAI_BLA,fb64c144-3f5a-42fa-baae-49c7e677854b,54.72027,-118.71446,10.7519,5.94588,-4.93267,-13.10763,-2.35248,5.72874,-0.15255,,,,,,,,,,,,,,,,,,,,,,,,,,,,,,,,,,,,,,,,,,,,,,,,,,,High,High,High,,,,,,162.481566,80.582022,337.318316,0.163636,11:30,-0.994074,0.008987,-0.108333,47.414699,53.7112,8.318262,144.44864,31.804852,0.494129,0.527028,-0.691432,37.315615,29.612351,0.527028,0.494129,0.691432,-37.315615,-29.612351,-0.527028,-0.494129,0.691432,-144.44864,-31.804852,-0.494129,-0.527028,-0.691432,,,
146,2026-03-31,16:29:40.76,1,5,"Holt, Sebastian",1000537391,Right,MAI_BLA,"Toomey, Jack",809057,Right,BOC_EAG,Undefined,6,Bottom,0,3,1,Fastball,Four-Seam,BallCalled,Walk,Undefined,Undefined,0,0,,89.26929,-1.930918,-4.967292,2144.628795,218.239541,1:15,6.06856,2.08034,6.59919,-20.17229,13.94792,10.18197,2.61121,-1.6333,82.13694,-5.753225,-3.125562,0.420414,,,,,,,,,,,,-6.63674,8.15748,-1.74457,50,5.92767,10.85821,-129.38189,-4.93224,-11.32617,25.27688,-18.25265,BOC_EAG,MAI_BLA,HarringtonVillage,D1,ACC,20260331-HarringtonVillage-1,58a10320-2d40-11f1-8528-2919e47e1546,89.65547,,,7.13234,,,,,,,627d9ed7-b483-4f20-be95-c4ef498f54ab,2026-03-31,20:29:40.76,2026-03-31T16:29:40.7640000-04:00,2026-03-31T20:29:40.7640000Z,,v3,227,471344,16389,"DeAndrade, Nolan",1000437002,Right,MAI_BLA,02395c6f-098b-491f-9f2d-21bf04dfe4ca,53.89997,-130.14159,12.63844,6.06767,-4.38366,-9.12633,-2.07603,11.19862,-5.66308,,,,,,,,,,,,,,,,,,,,,,,,,,,,,,,,,,,,,,,,,,,,,,,,,,,High,High,High,,,,,,211.906702,31.843294,1821.849875,0.849494,1:00,-0.572688,-0.466512,-0.674088,-64.538381,17.051818,-30.173337,176.848638,-20.694347,0.051427,-0.353383,-0.934064,20.723027,-2.947847,0.353383,-0.051427,0.934064,-20.723027,2.947847,-0.353383,0.051427,0.934064,-176.848638,20.694347,-0.051427,0.353383,-0.934064,,,
147,2026-03-31,16:30:19.71,2,1,"Holt, Sebastian",1000537391,Right,MAI_BLA,"Hendrickson, Carter",830138,Right,BOC_EAG,Undefined,6,Bottom,0,0,0,Fastball,Four-Seam,InPlay,Undefined,Bunt,Sacrifice,1,0,,88.03929,-1.28489,-2.363219,2076.280452,201.210059,12:45,5.93018,2.37553,6.28141,-19.72222,15.58662,5.64162,3.1012,0.66629,81.01228,-5.017401,-1.344237,0.427674,44.38666,-69.559985,100.431689,,,,,4.11086,4.11086,6.874425,0.054233,-3.58614,8.7876,-2.20396,50,5.82566,5.06733,-127.96417,-3.43794,-5.98006,25.00175,-17.52038,BOC_EAG,MAI_BLA,HarringtonVillage,D1,ACC,20260331-HarringtonVillage-1,6fcf75e0-2d40-11f1-8528-2919e47e1546,88.13351,3.34916,,7.027,,,,4.30731,3.34916,-0.73553,627d9ed7-b483-4f20-be95-c4ef498f54ab,2026-03-31,20:30:19.71,2026-03-31T16:30:19.7150000-04:00,2026-03-31T20:30:19.7150000Z,GroundBall,v3,227,471344,16389,"DeAndrade, Nolan",1000437002,Right,MAI_BLA,1b872d67-ecbf-48e1-8da6-e24686efe8f0,54.21902,-128.78585,12.50088,5.92919,-2.86213,-8.76019,-2.37373,5.26386,-2.99003,,4.30775,-4.16731,,,,,,,,3.35574,-61.75549,,,,,,,,-0.73794,22.63535,,,,,,,,,,,,,,,,,,,,,,,,,,,,,,High,High,High,Estimated,Estimated,,,,213.893668,35.258296,1695.403379,0.816558,1:15,-0.594374,-0.468186,-0.653851,-50.871384,34.078492,-15.098171,179.503405,-13.493446,0.008428,-0.233334,-0.97236,13.493934,-0.482887,0.233334,-0.008428,0.97236,-13.493934,0.482887,-0.233334,0.008428,0.97236,-179.503405,13.493446,-0.008428,0.233334,-0.97236,,,
148,2026-03-31,16:30:53.62,3,1,"Holt, Sebastian",1000537391,Right,MAI_BLA,"Gallo, Luke",828057,Right,BOC_EAG,Undefined,6,Bottom,1,0,0,Fastball,Four-Seam,FoulBallNotFieldable,Undefined,Undefined,CaughtStealing,1,0,,89.20493,-2.466423,-3.586312,2175.00156,206.856821,1:00,6.04481,2.21135,6.43765,-19.46891,14.68828,6.94044,2.15003,-0.51024,82.50018,-6.138587,-2.33105,0.420642,84.84451,28.477277,30.032317,5044.20983,88.34314,50.02932,65.53952,299.6492,196.40278,46.609188,4.314276,-4.53087,8.61237,-1.95935,50,5.86019,7.85146,-129.49482,-6.14092,-7.77668,24.30289,-17.39193,BOC_EAG,MAI_BLA,HarringtonVillage,D1,ACC,20260331-HarringtonVillage-1,8416ce40-2d40-11f1-8528-2919e47e1546,89.607,58.44565,,6.70475,,,,0.50744,2.05702,0.485,627d9ed7-b483-4f20-be95-c4ef498f54ab,2026-03-31,20:30:53.62,2026-03-31T16:30:53.6270000-04:00,2026-03-31T20:30:53.6270000Z,FlyBall,v3,227,471344,16389,"DeAndrade, Nolan",1000437002,Right,MAI_BLA,a89c9cf9-efb1-453e-a63b-58cd4b8693a6,54.06229,-130.25497,12.15145,6.04376,-5.59693,-8.69596,-2.20874,8.0947,-3.88834,,0.50865,94.66931,-23.27352,5.60863,-1.11677,0.18232,-0.03179,0.00529,-0.0004,2.05759,59.31472,-16.75338,0.22067,0.4861,-0.27199,0.08477,-0.01323,0.0008,0.48537,54.7358,0.76755,-1.57416,0.6615,-0.1938,0.03999,-0.00475,0.00023,,,,,,,,,,,,,,,,,,,,,,,High,High,High,High,Medium,,,,211.570849,34.264562,1797.522818,0.826447,1:00,-0.586853,-0.456516,-0.668728,-50.346787,31.095537,-14.185991,177.277177,-14.386173,0.046015,-0.248456,-0.96755,14.401757,-2.637383,0.248456,-0.046015,0.96755,-14.401757,2.637383,-0.248456,0.046015,0.96755,-177.277177,14.386173,-0.046015,0.248456,-0.96755,,,
149,2026-03-31,16:31:57.32,3,2,"Holt, Sebastian",1000537391,Right,MAI_BLA,"Gallo, Luke",828057,Right,BOC_EAG,Undefined,6,Bottom,2,0,1,Fastball,Four-Seam,InPlay,Undefined,LineDrive,Single,0,0,,89.28324,-1.700573,-3.652207,2164.794343,209.844325,1:00,6.1465,2.05454,6.38078,-20.4532,13.72036,7.30654,2.87399,-0.70097,82.44612,-5.554228,-2.332386,0.420743,96.91352,6.154865,1.104143,1467.582206,109.76055,9.1932,7.25012,208.59206,208.59206,5.548409,1.798667,-4.7591,7.90693,-1.79457,50,6.0141,7.99743,-129.65209,-4.45358,-8.17866,24.66482,-18.58577,BOC_EAG,MAI_BLA,HarringtonVillage,D1,ACC,20260331-HarringtonVillage-1,aa029990-2d40-11f1-8528-2919e47e1546,89.5855,9.20784,,6.83712,,,,0.93408,2.8349,0.71536,627d9ed7-b483-4f20-be95-c4ef498f54ab,2026-03-31,20:31:57.32,2026-03-31T16:31:57.3250000-04:00,2026-03-31T20:31:57.3250000Z,GroundBall,v3,227,471344,16389,"DeAndrade, Nolan",1000437002,Right,MAI_BLA,b6101d94-13e4-43cb-8995-3435f78d10b6,54.11968,-130.43346,12.33241,6.14586,-3.86479,-9.29288,-2.05202,8.25653,-4.08933,218.572364,0.93408,141.29403,-19.93646,3.87385,-0.67646,0.10411,-0.01422,0.00187,-0.00014,2.8349,15.23967,-8.54901,-0.96991,0.42846,-0.11033,0.02533,-0.00398,0.0003,0.71536,2.72322,7.34363,-2.40042,0.652,-0.15227,0.03134,-0.00488,0.00039,,,,,,,,,,,,,,,,,,,,,,,High,High,High,High,High,,,,212.556447,36.408238,1742.244813,0.804808,1:00,-0.622452,-0.450515,-0.639992,-64.760433,31.326764,-21.947102,178.972754,-24.146422,0.016359,-0.40907,-0.912356,24.14986,-0.937357,0.40907,-0.016359,0.912356,-24.14986,0.937357,-0.40907,0.016359,0.912356,-178.972754,24.146422,-0.016359,0.40907,-0.912356,68.86449,2.24519,-7.52204
150,2026-03-31,16:32:37.86,4,1,"Holt, Sebastian",1000537391,Right,MAI_BLA,"Surowiec, Danny",831970,Left,BOC_EAG,Undefined,6,Bottom,2,0,0,Slider,Slider,FoulBallNotFieldable,Undefined,Undefined,Undefined,0,0,,81.35544,-0.498228,-2.562925,2211.264779,92.057191,9:00,5.88858,2.49282,5.86548,-40.48305,1.43965,-7.38016,2.05169,-0.50458,75.53451,-7.908011,-3.886078,0.466011,,,,,,,,,,,,3.16437,1.17272,-2.28062,50,5.82422,5.56553,-118.23584,-2.33692,4.51488,20.87366,-30.50083,BOC_EAG,MAI_BLA,HarringtonVillage,D1,ACC,20260331-HarringtonVillage-1,c2358400-2d40-11f1-8528-2919e47e1546,80.88318,,,5.82093,,,,,,,627d9ed7-b483-4f20-be95-c4ef498f54ab,2026-03-31,20:32:37.86,2026-03-31T16:32:37.8680000-04:00,2026-03-31T20:32:37.8680000Z,,v3,227,471344,16389,"DeAndrade, Nolan",1000437002,Right,MAI_BLA,5369c8fb-c2e3-4ed0-8930-3891d6ce85cd,54.63597,-119.05147,10.43683,5.89225,-1.14511,-15.25041,-2.49464,5.38912,2.25744,,,,,,,,,,,,,,,,,,,,,,,,,,,,,,,,,,,,,,,,,,,,,,,,,,,High,High,High,,,,,,165.26309,81.336891,333.070286,0.150624,11:30,-0.994412,0.029718,-0.101304,37.21682,57.52248,-3.87469,146.936996,34.771246,0.448143,0.570301,-0.688421,39.638997,26.624611,0.570301,0.448143,0.688421,-39.638997,-26.624611,-0.570301,-0.448143,0.688421,-146.936996,-34.771246,-0.448143,-0.570301,-0.688421,,,
151,2026-03-31,16:32:57.76,4,2,"Holt, Sebastian",1000537391,Right,MAI_BLA,"Surowiec, Danny",831970,Left,BOC_EAG,Undefined,6,Bottom,2,0,1,Splitter,Splitter,BallCalled,Undefined,Undefined,Undefined,0,0,,83.57206,-1.617475,-2.268532,985.786577,214.646421,1:15,5.95432,2.62746,5.70132,-31.97234,8.41965,4.92173,1.78121,0.92268,76.62002,-7.514687,-1.38808,0.457424,,,,,,,,,,,,-3.13362,5.14347,-2.44018,50,5.79877,4.60156,-121.22743,-4.48609,-4.65727,23.98124,-24.52969,BOC_EAG,MAI_BLA,HarringtonVillage,D1,ACC,20260331-HarringtonVillage-1,ce116780-2d40-11f1-8528-2919e47e1546,82.40152,,,6.95204,,,,,,,627d9ed7-b483-4f20-be95-c4ef498f54ab,2026-03-31,20:32:57.76,2026-03-31T16:32:57.7600000-04:00,2026-03-31T20:32:57.7600000Z,,v3,227,471344,16389,"DeAndrade, Nolan",1000437002,Right,MAI_BLA,7c43de89-90e0-4832-97cb-04f8fe2223a8,54.79586,-122.17246,11.99062,5.95651,-3.51944,-12.26485,-2.62513,4.78509,-2.32864,,,,,,,,,,,,,,,,,,,,,,,,,,,,,,,,,,,,,,,,,,,,,,,,,,,High,High,High,,,,,,228.624983,41.844202,734.373113,0.744962,1:30,-0.670043,-0.577626,-0.466251,67.58518,32.485246,9.029978,97.854403,22.591313,0.914607,0.384155,-0.12617,71.817965,66.149957,0.384155,0.914607,0.12617,-71.817965,-66.149957,-0.384155,-0.914607,0.12617,-97.854403,-22.591313,-0.914607,-0.384155,-0.12617,,,
152,2026-03-31,16:33:17.35,4,3,"Holt, Sebastian",1000537391,Right,MAI_BLA,"Surowiec, Danny",831970,Left,BOC_EAG,Undefined,6,Bottom,2,1,1,Splitter,Splitter,BallCalled,Undefined,Undefined,Undefined,0,0,,83.9242,-3.231003,-2.244286,941.952756,213.097444,1:00,5.93216,2.31924,5.72732,-30.16974,10.35201,5.80532,0.40332,0.71174,76.32416,-8.808542,-1.204628,0.458158,,,,,,,,,,,,-3.68016,6.7037,-2.13565,50,5.64376,4.52851,-121.49002,-7.83954,-5.42987,26.64607,-22.28307,BOC_EAG,MAI_BLA,HarringtonVillage,D1,ACC,20260331-HarringtonVillage-1,d9bf8440-2d40-11f1-8528-2919e47e1546,82.26947,,,7.60004,,,,,,,627d9ed7-b483-4f20-be95-c4ef498f54ab,2026-03-31,20:33:17.35,2026-03-31T16:33:17.3540000-04:00,2026-03-31T20:33:17.3540000Z,,v3,227,471344,16389,"DeAndrade, Nolan",1000437002,Right,MAI_BLA,d7409e22-1276-44ea-9477-c9a0f529f548,54.77013,-122.53178,13.32304,5.93322,-6.96836,-11.14154,-2.31685,4.7408,-2.71494,,,,,,,,,,,,,,,,,,,,,,,,,,,,,,,,,,,,,,,,,,,,,,,,,,,High,High,High,,,,,,220.857473,24.641082,856.176085,0.908937,1:15,-0.409384,-0.617162,-0.671949,66.793752,35.280448,7.456795,100.777439,0.492203,0.982325,0.00859,-0.186988,2.630392,79.21146,0.00859,0.982325,0.186988,-2.630392,-79.21146,-0.00859,-0.982325,0.186988,-100.777439,-0.492203,-0.982325,-0.00859,-0.186988,,,
153,2026-03-31,16:33:37.27,4,4,"Holt, Sebastian",1000537391,Right,MAI_BLA,"Surowiec, Danny",831970,Left,BOC_EAG,Undefined,6,Bottom,2,2,1,Fastball,Four-Seam,BallCalled,Undefined,Undefined,Undefined,0,0,,89.02388,-2.780291,-4.657458,2332.782221,194.762625,12:30,5.94352,2.29826,6.29356,-16.73942,18.31151,4.51992,1.97611,-1.62625,81.24491,-5.978157,-3.844683,0.42611,,,,,,,,,,,,-3.66996,10.65079,-1.95708,50,5.72994,10.31179,-128.81181,-6.71568,-6.15104,27.36899,-14.32288,BOC_EAG,MAI_BLA,HarringtonVillage,D1,ACC,20260331-HarringtonVillage-1,e5983370-2d40-11f1-8528-2919e47e1546,88.45715,,,7.77897,,,,,,,627d9ed7-b483-4f20-be95-c4ef498f54ab,2026-03-31,20:33:37.27,2026-03-31T16:33:37.2710000-04:00,2026-03-31T20:33:37.2710000Z,,v3,227,471344,16389,"DeAndrade, Nolan",1000437002,Right,MAI_BLA,b70c0081-6f94-48b4-a083-358a14eff6fe,54.2034,-129.70183,13.6845,5.94076,-6.2499,-7.16144,-2.29567,10.51182,-3.07552,,,,,,,,,,,,,,,,,,,,,,,,,,,,,,,,,,,,,,,,,,,,,,,,,,,High,High,High,,,,,,211.259444,37.605194,1848.110152,0.792234,1:00,-0.6426,-0.440217,-0.627115,-55.420764,33.085139,-20.857554,178.267917,-15.614153,0.02911,-0.269158,-0.962656,15.620942,-1.668144,0.269158,-0.02911,0.962656,-15.620942,1.668144,-0.269158,0.02911,0.962656,-178.267917,15.614153,-0.02911,0.269158,-0.962656,,,
154,2026-03-31,16:34:13.04,4,5,"Holt, Sebastian",1000537391,Right,MAI_BLA,"Surowiec, Danny",831970,Left,BOC_EAG,Undefined,6,Bottom,2,3,1,Fastball,Four-Seam,InPlay,Undefined,FlyBall,Out,1,0,,88.67468,-1.966709,-2.721767,2195.622529,197.390793,12:30,6.05862,2.4999,6.23955,-18.46025,16.98875,4.93477,2.70339,0.39865,80.39095,-5.49684,-1.831598,0.428522,93.23327,47.162185,-20.516926,4098.839747,96.64108,109.9957,-52.54048,274.36492,127.23404,-36.469352,5.896836,-3.39827,9.78193,-2.29941,50,5.90277,5.91401,-128.57731,-4.92728,-5.63146,29.17222,-15.96387,BOC_EAG,MAI_BLA,HarringtonVillage,D1,ACC,20260331-HarringtonVillage-1,fae9a8d0-2d40-11f1-8528-2919e47e1546,87.95912,129.23427,,8.28373,,,,0.98629,2.56462,-0.34282,627d9ed7-b483-4f20-be95-c4ef498f54ab,2026-03-31,20:34:13.04,2026-03-31T16:34:13.0480000-04:00,2026-03-31T20:34:13.0480000Z,FlyBall,v3,227,471344,16389,"DeAndrade, Nolan",1000437002,Right,MAI_BLA,38e49c2b-151b-421b-b6b2-4f9b0673cc02,54.25739,-129.53964,14.58611,6.05662,-4.40066,-7.98193,-2.49757,6.09978,-2.81573,154.750114,0.99638,86.86869,-25.29223,6.13469,-0.6175,-0.15442,0.06354,-0.00832,0.00039,2.54837,100.53246,-24.2765,2.68478,-0.70031,0.16471,-0.02113,0.00107,-0,-0.33844,-32.66701,-0.65408,0.86003,-0.1282,-0.03123,0.01417,-0.00191,9E-05,,,,,,,,,,,,,,,,,,,,,,,High,High,High,High,Low,,,,213.86108,30.596151,1889.93966,0.860776,1:15,-0.525611,-0.496793,-0.690601,-47.989715,23.932019,-12.342326,174.626967,-11.049029,0.091904,-0.191649,-0.977151,11.096583,-5.273151,0.191649,-0.091904,0.977151,-11.096583,5.273151,-0.191649,0.091904,0.977151,-174.626967,11.049029,-0.091904,0.191649,-0.977151,73.66623,17.33225,2.22391
155,2026-03-31,16:36:39.70,1,1,"Hartsell, Chase",1000116331,Right,BOC_EAG,"Reynolds, Drew",1000120249,Left,MAI_BLA,Undefined,7,Top,0,0,0,ChangeUp,Changeup,BallCalled,Undefined,Undefined,Undefined,0,0,,78.79659,-1.324779,-2.748464,2355.028161,259.911401,2:45,5.52187,1.47357,5.91802,-39.48356,6.01992,24.81682,1.00052,0.98905,71.70875,-8.631654,1.713462,0.485505,,,,,,,,,,,,-13.54883,3.98851,-1.26723,50,5.39345,4.55021,-114.26889,-3.85671,-17.68756,23.54259,-26.96718,BOC_EAG,MAI_BLA,HarringtonVillage,D1,ACC,20260331-HarringtonVillage-1,525b5f00-2d41-11f1-8528-2919e47e1546,77.63553,,,7.08784,,,,,,,627d9ed7-b483-4f20-be95-c4ef498f54ab,2026-03-31,20:36:39.70,2026-03-31T16:36:39.7020000-04:00,2026-03-31T20:36:39.7020000Z,,v3,227,471344,16389,"Roossien, Jace",831501,Right,BOC_EAG,052402eb-52e8-4bd0-a25c-eb4cba288038,54.58106,-115.20886,11.7713,5.52594,-2.78002,-13.48359,-1.463,5.2564,-8.84378,,,,,,,,,,,,,,,,,,,,,,,,,,,,,,,,,,,,,,,,,,,,,,,,,,,High,High,High,,,,,,256.092146,-26.32436,2110.80697,0.896298,2:30,0.452585,-0.859537,-0.23741,-61.353909,5.331488,26.492753,177.396023,-15.067684,0.04387,-0.25996,-0.964622,15.08255,-2.514392,0.25996,-0.04387,0.964622,-15.08255,2.514392,-0.25996,0.04387,0.964622,-177.396023,15.067684,-0.04387,0.25996,-0.964622,,,
156,2026-03-31,16:36:51.82,1,2,"Hartsell, Chase",1000116331,Right,BOC_EAG,"Reynolds, Drew",1000120249,Left,MAI_BLA,Undefined,7,Top,0,1,0,Fastball,Sinker,StrikeSwinging,Undefined,Undefined,Undefined,0,0,,90.16055,-1.699343,-3.237373,2273.204573,236.724133,2:00,5.59638,1.33627,5.48901,-24.43356,10.70044,14.51363,1.9675,-0.48608,82.11412,-6.229908,-0.655116,0.426614,,,,,,,,,,,,-8.25997,6.23772,-1.06262,50,5.43095,6.73583,-130.62089,-4.7529,-14.20923,28.61896,-21.4436,BOC_EAG,MAI_BLA,HarringtonVillage,D1,ACC,20260331-HarringtonVillage-1,59916120-2d41-11f1-8528-2919e47e1546,88.35255,,,8.04643,,,,,,,627d9ed7-b483-4f20-be95-c4ef498f54ab,2026-03-31,20:36:51.82,2026-03-31T16:36:51.8270000-04:00,2026-03-31T20:36:51.8270000Z,,v3,227,471344,16389,"Roossien, Jace",831501,Right,BOC_EAG,9da5ad45-a9c7-4fb1-8b87-2d38461aed8f,55.00915,-131.71382,14.30948,5.59682,-3.934,-10.7218,-1.33022,7.27846,-7.10462,,,,,,,,,,,,,,,,,,,,,,,,,,,,,,,,,,,,,,,,,,,,,,,,,,,High,High,High,,,,,,,,,,,,,,,,,,,,,,,,,,,,,,,,,,,,,,,
157,2026-03-31,16:37:05.27,1,3,"Hartsell, Chase",1000116331,Right,BOC_EAG,"Reynolds, Drew",1000120249,Left,MAI_BLA,Undefined,7,Top,0,1,1,ChangeUp,Changeup,BallCalled,Undefined,Undefined,Undefined,0,0,,81.12407,-0.727347,-2.765916,2337.26677,256.452197,2:30,5.41475,1.52665,5.96201,-35.50171,7.93071,25.796,1.78102,1.10961,72.6411,-7.370637,1.872218,0.474328,,,,,,,,,,,,-14.07095,4.84827,-1.32072,50,5.33777,4.64476,-117.48342,-2.58836,-19.14808,27.71899,-25.57642,BOC_EAG,MAI_BLA,HarringtonVillage,D1,ACC,20260331-HarringtonVillage-1,61975d70-2d41-11f1-8528-2919e47e1546,79.46497,,,8.48297,,,,,,,627d9ed7-b483-4f20-be95-c4ef498f54ab,2026-03-31,20:37:05.27,2026-03-31T16:37:05.2730000-04:00,2026-03-31T20:37:05.2730000Z,,v3,227,471344,16389,"Roossien, Jace",831501,Right,BOC_EAG,f09f78f8-7756-4cdf-a56e-66dc7e7e8651,54.53375,-118.54828,13.85949,5.41833,-1.60581,-12.78821,-1.51329,5.38036,-9.57404,,,,,,,,,,,,,,,,,,,,,,,,,,,,,,,,,,,,,,,,,,,,,,,,,,,High,High,High,,,,,,256.281039,-22.886978,2153.262693,0.921274,2:30,0.389235,-0.889981,-0.237548,-55.385289,3.651283,16.040671,171.228181,-20.997204,0.142373,-0.358322,-0.922678,21.2237,-8.185211,0.358322,-0.142373,0.922678,-21.2237,8.185211,-0.358322,0.142373,0.922678,-171.228181,20.997204,-0.142373,0.358322,-0.922678,,,
158,2026-03-31,16:37:18.73,1,4,"Hartsell, Chase",1000116331,Right,BOC_EAG,"Reynolds, Drew",1000120249,Left,MAI_BLA,Undefined,7,Top,0,2,1,Fastball,Sinker,StrikeSwinging,Undefined,Undefined,Undefined,0,0,,90.36023,-0.015456,-1.89772,2327.211421,228.464823,1:30,5.58695,1.19976,5.48278,-23.05131,11.6226,11.90926,3.65154,0.416,82.65897,-4.299706,0.22268,0.423812,,,,,,,,,,,,-6.47437,6.19004,-1.04141,50,5.57011,3.80027,-131.16181,-0.85407,-11.30931,27.03347,-21.36144,BOC_EAG,MAI_BLA,HarringtonVillage,D1,ACC,20260331-HarringtonVillage-1,6994f550-2d41-11f1-8528-2919e47e1546,88.9368,,,7.70127,,,,,,,627d9ed7-b483-4f20-be95-c4ef498f54ab,2026-03-31,20:37:18.73,2026-03-31T16:37:18.7340000-04:00,2026-03-31T20:37:18.7340000Z,,v3,227,471344,16389,"Roossien, Jace",831501,Right,BOC_EAG,dab16300-5634-4d71-8138-71eaebd9c308,55.01451,-132.1913,13.51674,5.58714,-0.04058,-10.68072,-1.19434,4.23095,-5.65465,,,,,,,,,,,,,,,,,,,,,,,,,,,,,,,,,,,,,,,,,,,,,,,,,,,High,High,High,,,,,,232.026838,24.408729,2119.206927,0.910621,1:45,-0.431377,-0.717953,-0.546312,-78.056378,-3.815817,-59.745186,156.397333,24.05752,0.365612,0.407654,-0.836747,25.974803,21.445271,0.407654,0.365612,0.836747,-25.974803,-21.445271,-0.407654,-0.365612,0.836747,-156.397333,-24.05752,-0.365612,-0.407654,-0.836747,,,
159,2026-03-31,16:37:33.28,1,5,"Hartsell, Chase",1000116331,Right,BOC_EAG,"Reynolds, Drew",1000120249,Left,MAI_BLA,Undefined,7,Top,0,2,2,Fastball,Sinker,FoulBallNotFieldable,Undefined,Undefined,Undefined,0,0,,91.64513,-0.744763,-2.271911,2261.97922,231.663616,1:45,5.63141,1.32347,5.49946,-22.00891,11.77083,13.52501,3.10015,0.32446,83.69054,-4.840765,0.136662,0.418311,76.87256,17.952795,-161.32068,1907.93042,-105.19945,15.24442,-32.1413,164.78578,46.68484,-163.885074,1.850288,-7.46867,6.4689,-1.13429,50,5.5516,4.66237,-132.98552,-2.51495,-13.37199,28.57574,-20.592,BOC_EAG,MAI_BLA,HarringtonVillage,D1,ACC,20260331-HarringtonVillage-1,724143c0-2d41-11f1-8528-2919e47e1546,90.10616,16.97844,,7.95459,,,,0.8881,2.84724,0.03172,627d9ed7-b483-4f20-be95-c4ef498f54ab,2026-03-31,20:37:33.28,2026-03-31T16:37:33.2850000-04:00,2026-03-31T20:37:33.2850000Z,LineDrive,v3,227,471344,16389,"Roossien, Jace",831501,Right,BOC_EAG,4e4b21c4-cac9-494b-acb9-17172f5b73a3,54.99928,-134.05546,14.28787,5.63133,-1.74395,-10.296,-1.31823,5.16305,-6.686,44.230945,0.69245,-100.1139,7.70805,,,,,,,3.29522,31.40036,-18.04509,,,,,,,-0.18671,-32.68395,4.40988,,,,,,,,,,,,,,,,,,,,,,,,,,,,,High,High,High,High,Low,,,,232.697294,18.985362,2138.931446,0.945602,1:45,-0.337991,-0.756339,-0.560101,-69.97709,-6.055852,-58.960763,154.036818,19.716997,0.412126,0.337375,-0.846363,21.733054,24.33845,0.337375,0.412126,0.846363,-21.733054,-24.33845,-0.337375,-0.412126,0.846363,-154.036818,-19.716997,-0.412126,-0.337375,-0.846363,69.9351,5.15657,-18.43096
160,2026-03-31,16:37:51.71,1,6,"Hartsell, Chase",1000116331,Right,BOC_EAG,"Reynolds, Drew",1000120249,Left,MAI_BLA,Undefined,7,Top,0,2,2,Fastball,Four-Seam,BallCalled,Undefined,Undefined,Undefined,0,0,,91.22921,-2.880973,-3.302389,2271.66586,222.993317,1:30,5.54073,1.27833,5.61647,-17.39454,16.80784,14.58883,1.39567,-0.59142,83.03747,-6.163084,-0.701815,0.42092,,,,,,,,,,,,-8.3743,9.70418,-1.00592,50,5.28331,6.97322,-132.08546,-7.21529,-14.73026,29.2731,-15.10455,BOC_EAG,MAI_BLA,HarringtonVillage,D1,ACC,20260331-HarringtonVillage-1,7d4034c0-2d41-11f1-8528-2919e47e1546,89.54775,,,8.19174,,,,,,,627d9ed7-b483-4f20-be95-c4ef498f54ab,2026-03-31,20:37:51.71,2026-03-31T16:37:51.7100000-04:00,2026-03-31T20:37:51.7100000Z,,v3,227,471344,16389,"Roossien, Jace",831501,Right,BOC_EAG,4b4343e5-8d8d-45c8-b3c2-34538d233538,54.88209,-133.16304,14.63655,5.53868,-6.65927,-7.55228,-1.2726,7.51546,-7.36513,,,,,,,,,,,,,,,,,,,,,,,,,,,,,,,,,,,,,,,,,,,,,,,,,,,High,High,High,,,,,,233.546361,18.249101,2157.410246,0.949704,1:45,-0.30641,-0.778657,-0.547546,-73.055679,-12.584994,-48.764286,164.020859,21.988043,0.255264,0.374413,-0.891434,22.782987,14.789201,0.374413,0.255264,0.891434,-22.782987,-14.789201,-0.374413,-0.255264,0.891434,-164.020859,-21.988043,-0.255264,-0.374413,-0.891434,,,
161,2026-03-31,16:38:08.19,1,7,"Hartsell, Chase",1000116331,Right,BOC_EAG,"Reynolds, Drew",1000120249,Left,MAI_BLA,Undefined,7,Top,0,3,2,Fastball,Sinker,BallCalled,Walk,Undefined,Undefined,0,0,,91.10047,0.468744,-0.843441,2270.409608,231.08056,1:45,5.62673,1.25023,5.6302,-20.64529,13.45438,15.29182,4.34371,1.73753,82.83139,-3.409982,1.887429,0.420287,,,,,,,,,,,,-7.91587,7.00367,-1.18804,50,5.65356,1.24383,-132.23402,0.38769,-13.9635,29.18409,-19.81965,BOC_EAG,MAI_BLA,HarringtonVillage,D1,ACC,20260331-HarringtonVillage-1,870f5850-2d41-11f1-8528-2919e47e1546,89.68252,,,8.26907,,,,,,,627d9ed7-b483-4f20-be95-c4ef498f54ab,2026-03-31,20:38:08.19,2026-03-31T16:38:08.1930000-04:00,2026-03-31T20:38:08.1930000Z,,v3,227,471344,16389,"Roossien, Jace",831501,Right,BOC_EAG,6efdb266-3747-4157-a465-d9be9ec101b5,54.86619,-133.30367,14.59204,5.62604,1.11411,-9.90983,-1.24301,1.75561,-6.98175,,,,,,,,,,,,,,,,,,,,,,,,,,,,,,,,,,,,,,,,,,,,,,,,,,,High,High,High,,,,,,231.941936,18.808132,2149.177711,0.946604,1:45,-0.337041,-0.74268,-0.578644,-71.036072,-10.540039,-59.134609,157.501645,23.602363,0.350646,0.400387,-0.846604,25.311015,20.526845,0.400387,0.350646,0.846604,-25.311015,-20.526845,-0.400387,-0.350646,0.846604,-157.501645,-23.602363,-0.350646,-0.400387,-0.846604,,,
162,2026-03-31,16:38:40.12,2,1,"Hartsell, Chase",1000116331,Right,BOC_EAG,"DeAndrade, Nolan",1000437002,Right,MAI_BLA,Undefined,7,Top,0,0,0,Fastball,Four-Seam,BallCalled,Undefined,Undefined,Undefined,0,0,,88.79268,-3.583744,-5.112206,2156.344143,214.634347,1:15,5.81651,1.06496,5.97053,-18.88603,16.85328,10.81607,0.90254,-2.78587,81.10473,-7.144071,-3.179285,0.430273,,,,,,,,,,,,-6.90603,9.98776,-0.66469,50,5.52064,11.00414,-128.22161,-8.6156,-11.49207,26.6207,-15.55376,BOC_EAG,MAI_BLA,HarringtonVillage,D1,ACC,20260331-HarringtonVillage-1,9a17c810-2d41-11f1-8528-2919e47e1546,87.60118,,,7.68795,,,,,,,627d9ed7-b483-4f20-be95-c4ef498f54ab,2026-03-31,20:38:40.12,2026-03-31T16:38:40.1200000-04:00,2026-03-31T20:38:40.1200000Z,,v3,227,471344,16389,"Roossien, Jace",831501,Right,BOC_EAG,77119449-a353-449c-baa9-3a53d1e75014,54.52505,-129.15766,13.31035,5.81397,-8.06869,-7.77688,-1.05873,11.40823,-5.74603,,,,,,,,,,,,,,,,,,,,,,,,,,,,,,,,,,,,,,,,,,,,,,,,,,,High,High,High,,,,,,226.478824,21.493063,2006.396149,0.930462,1:30,-0.379306,-0.696279,-0.609363,-72.402396,-8.167781,-55.797386,162.603853,24.258152,0.272578,0.410849,-0.870003,25.278475,15.817734,0.410849,0.272578,0.870003,-25.278475,-15.817734,-0.410849,-0.272578,0.870003,-162.603853,-24.258152,-0.272578,-0.410849,-0.870003,,,
163,2026-03-31,16:39:39.00,2,2,"Hartsell, Chase",1000116331,Right,BOC_EAG,"DeAndrade, Nolan",1000437002,Right,MAI_BLA,Undefined,7,Top,0,1,0,Slider,Curveball,BallCalled,Undefined,Undefined,Undefined,0,0,,76.88005,1.453079,-1.257545,2172.598687,65.164619,8:15,5.7224,1.39429,5.14017,-55.53727,-6.05611,-16.91099,2.46313,-1.19925,69.65354,-8.629503,-4.252097,0.506281,,,,,,,,,,,,7.93878,-2.90756,-1.26308,50,5.81612,3.1358,-111.36554,0.87192,9.78209,23.51577,-35.75671,BOC_EAG,MAI_BLA,HarringtonVillage,D1,ACC,20260331-HarringtonVillage-1,bd36b7c0-2d41-11f1-8528-2919e47e1546,74.44966,,,7.2265,,,,,,,627d9ed7-b483-4f20-be95-c4ef498f54ab,2026-03-31,20:39:39.00,2026-03-31T16:39:39.0020000-04:00,2026-03-31T20:39:39.0020000Z,,v3,227,471344,16389,"Roossien, Jace",831501,Right,BOC_EAG,df3826df-8bc0-4855-a639-929cca148f50,55.35817,-112.49128,11.75789,5.73341,2.58364,-17.87835,-1.40199,2.66752,4.89104,,,,,,,,,,,,,,,,,,,,,,,,,,,,,,,,,,,,,,,,,,,,,,,,,,,High,High,High,,,,,,51.652852,67.187804,842.342172,0.387712,7:45,-0.908274,0.327346,0.260542,105.819768,-20.874034,13.544293,134.764792,-21.473535,0.66072,-0.366071,-0.655317,29.188468,-41.354802,0.366071,-0.66072,0.655317,-29.188468,41.354802,-0.366071,0.66072,0.655317,-134.764792,21.473535,-0.66072,0.366071,-0.655317,,,
164,2026-03-31,16:39:55.73,2,3,"Hartsell, Chase",1000116331,Right,BOC_EAG,"DeAndrade, Nolan",1000437002,Right,MAI_BLA,Undefined,7,Top,0,2,0,Fastball,Four-Seam,FoulBallNotFieldable,Undefined,Undefined,Undefined,0,0,,88.14842,-0.868873,-2.576765,2216.733247,218.57762,1:15,5.81087,1.34286,5.87261,-22.25296,14.49603,10.44524,3.14855,-0.18166,78.96948,-5.093356,-0.704564,0.436309,,,,,,,,,,,,-6.25768,8.1117,-1.14057,50,5.72793,5.3088,-127.68339,-2.62384,-10.10318,31.68303,-19.07746,BOC_EAG,MAI_BLA,HarringtonVillage,D1,ACC,20260331-HarringtonVillage-1,c726f7e0-2d41-11f1-8528-2919e47e1546,86.38932,,,9.17893,,,,,,,627d9ed7-b483-4f20-be95-c4ef498f54ab,2026-03-31,20:39:55.73,2026-03-31T16:39:55.7340000-04:00,2026-03-31T20:39:55.7340000Z,,v3,227,471344,16389,"Roossien, Jace",831501,Right,BOC_EAG,1a0a2190-51b6-4812-97d7-92a6c555b459,54.62401,-128.82567,15.84152,5.81013,-1.93604,-9.53873,-1.33854,5.67305,-5.05159,,,,,,,,,,,,,,,,,,,,,,,,,,,,,,,,,,,,,,,,,,,,,,,,,,,High,High,High,,,,,,226.092786,24.071353,2023.962183,0.913038,1:30,-0.425916,-0.66392,-0.614658,-61.640744,-15.267239,-69.698213,161.695026,19.432337,0.296184,0.332693,-0.895316,20.384733,17.228526,0.332693,0.296184,0.895316,-20.384733,-17.228526,-0.332693,-0.296184,0.895316,-161.695026,-19.432337,-0.296184,-0.332693,-0.895316,,,
165,2026-03-31,16:40:21.93,2,4,"Hartsell, Chase",1000116331,Right,BOC_EAG,"DeAndrade, Nolan",1000437002,Right,MAI_BLA,Undefined,7,Top,0,2,1,Fastball,Sinker,BallCalled,Undefined,Undefined,Undefined,0,0,,87.64157,0.746896,-1.501692,2094.223367,223.83988,1:30,5.8095,1.3148,5.89007,-24.6358,11.98024,10.32579,4.4503,0.78063,79.45055,-3.88645,0.350771,0.435519,,,,,,,,,,,,-5.68902,6.27067,-1.19951,50,5.85566,2.89272,-127.17796,0.87084,-9.25055,27.83285,-21.97769,BOC_EAG,MAI_BLA,HarringtonVillage,D1,ACC,20260331-HarringtonVillage-1,d6cc3f70-2d41-11f1-8528-2919e47e1546,86.54599,,,8.19102,,,,,,,627d9ed7-b483-4f20-be95-c4ef498f54ab,2026-03-31,20:40:21.93,2026-03-31T16:40:21.9370000-04:00,2026-03-31T20:40:21.9370000Z,,v3,227,471344,16389,"Roossien, Jace",831501,Right,BOC_EAG,a5b2baa5-1d10-4104-b713-d48d5591d118,54.60576,-128.18197,13.91642,5.80995,1.66363,-10.98885,-1.30988,3.22641,-4.62528,,,,,,,,,,,,,,,,,,,,,,,,,,,,,,,,,,,,,,,,,,,,,,,,,,,High,High,High,,,,,,225.88198,19.158225,1978.236684,0.944616,1:30,-0.354107,-0.673811,-0.648526,-57.949197,-14.691592,-71.43021,158.42817,20.657825,0.344028,0.352786,-0.870165,22.068842,20.122461,0.352786,0.344028,0.870165,-22.068842,-20.122461,-0.352786,-0.344028,0.870165,-158.42817,-20.657825,-0.344028,-0.352786,-0.870165,,,
166,2026-03-31,16:40:42.87,2,5,"Hartsell, Chase",1000116331,Right,BOC_EAG,"DeAndrade, Nolan",1000437002,Right,MAI_BLA,Undefined,7,Top,0,3,1,Fastball,Four-Seam,InPlay,Undefined,Bunt,Single,0,0,,86.42586,-1.599835,-2.678326,2125.597317,215.802666,1:15,5.82826,1.23762,5.83584,-21.63415,16.21028,10.74678,2.53643,-0.35802,78.41129,-5.685121,-0.753495,0.442764,35.54848,1.231499,-21.518345,,,,,24.55334,23.91328,-19.506552,0.445626,-6.34827,9.16489,-1.02571,50,5.68514,5.42466,-125.2972,-4.15893,-9.99932,27.48801,-17.73821,BOC_EAG,MAI_BLA,HarringtonVillage,D1,ACC,20260331-HarringtonVillage-1,e3472210-2d41-11f1-8528-2919e47e1546,85.12985,2.60738,,8.01458,,,,2.28177,2.58789,0.36088,627d9ed7-b483-4f20-be95-c4ef498f54ab,2026-03-31,20:40:42.87,2026-03-31T16:40:42.8730000-04:00,2026-03-31T20:40:42.8730000Z,GroundBall,v3,227,471344,16389,"Roossien, Jace",831501,Right,BOC_EAG,353f714c-2616-40e1-be79-7a5441800d94,54.66244,-126.31591,13.74401,5.8271,-3.50155,-8.8691,-1.23362,5.79524,-4.99966,100.185273,2.28301,48.4544,-3.68918,,,,,,,2.59052,1.04275,-15.39818,,,,,,,0.36117,-19.12845,-0.18144,,,,,,,,,,,,,,,,,,,,,,,,,,,,,High,High,High,High,High,,,,226.880088,17.100858,2031.621712,0.955789,1:30,-0.304691,-0.705591,-0.639769,-62.532423,-9.911426,-58.994499,159.404283,19.824484,0.330924,0.33914,-0.88061,21.06267,19.324883,0.33914,0.330924,0.88061,-21.06267,-19.324883,-0.33914,-0.330924,0.88061,-159.404283,-19.824484,-0.330924,-0.33914,-0.88061,,,
167,2026-03-31,16:44:22.38,3,1,"Hard, Sean",695717,Right,BOC_EAG,"Bear, Chris",10289909,Right,MAI_BLA,Undefined,7,Top,0,0,0,Fastball,Four-Seam,BallCalled,Undefined,Undefined,Undefined,0,0,,89.5852,-0.23611,-0.334112,2104.846924,189.078948,12:15,6.82852,1.17892,5.87093,-14.90363,20.60151,3.07827,5.36724,1.1251,80.15496,-3.144145,0.218085,0.428861,,,,,,,,,,,,-1.63886,10.863,-1.1534,50,6.80035,0.61267,-129.77769,-0.8923,-2.74233,31.93194,-13.99674,BOC_EAG,MAI_BLA,HarringtonVillage,D1,ACC,20260331-HarringtonVillage-1,662617e0-2d42-11f1-8528-2919e47e1546,87.88954,,,9.43024,,,,,,,627d9ed7-b483-4f20-be95-c4ef498f54ab,2026-03-31,20:44:22.38,2026-03-31T16:44:22.3850000-04:00,2026-03-31T20:44:22.3850000Z,,v3,227,471344,16389,"Roossien, Jace",831501,Right,BOC_EAG,fe0f5628-6814-4214-b248-a5b86b69eec8,54.61755,-130.90891,15.96597,6.82318,-0.39645,-6.99837,-1.17682,0.70982,-1.37116,,,,,,,,,,,,,,,,,,,,,,,,,,,,,,,,,,,,,,,,,,,,,,,,,,,High,High,High,,,,,,194.263862,15.380953,2029.458951,0.964184,12:30,-0.269699,-0.238654,-0.932902,-5.325076,20.459543,-20.593464,170.066188,-13.287985,0.167892,-0.229846,-0.958636,13.482903,-9.665267,0.229846,-0.167892,0.958636,-13.482903,9.665267,-0.229846,0.167892,0.958636,-170.066188,13.287985,-0.167892,0.229846,-0.958636,,,
168,2026-03-31,16:44:57.22,3,2,"Hard, Sean",695717,Right,BOC_EAG,"Bear, Chris",10289909,Right,MAI_BLA,Undefined,7,Top,0,1,0,Slider,Slider,InPlay,Undefined,FlyBall,Sacrifice,1,1,,82.30458,-1.589614,-1.339083,2325.729116,85.299919,8:45,6.69949,1.3953,5.86979,-40.65872,0.95764,-5.29481,1.83394,-0.28998,75.29867,-9.056671,-2.290993,0.464305,82.58767,39.054181,7.644174,4280.568687,107.20941,75.82137,24.61934,277.73053,195.44614,19.038436,5.013892,2.32445,1.33516,-1.28374,50,6.54704,2.99425,-119.45499,-4.64453,3.32514,25.15672,-30.26412,BOC_EAG,MAI_BLA,HarringtonVillage,D1,ACC,20260331-HarringtonVillage-1,7ae00830-2d42-11f1-8528-2919e47e1546,81.18033,87.37393,,7.00591,,,,1.75901,1.95743,0.28261,627d9ed7-b483-4f20-be95-c4ef498f54ab,2026-03-31,20:44:57.22,2026-03-31T16:44:57.2260000-04:00,2026-03-31T20:44:57.2260000Z,FlyBall,v3,227,471344,16389,"Roossien, Jace",831501,Right,BOC_EAG,76d89e6f-a970-4ad5-bc03-8c0707632b48,54.62967,-120.42604,12.57836,6.70378,-3.47635,-15.13206,-1.39684,2.8659,1.66257,208.656895,1.76288,93.14795,-19.68514,4.30633,-0.42694,-0.09636,0.0409,-0.00539,0.00025,1.95665,76.31878,-18.93194,0.86906,0.08016,-0.10078,0.03604,-0.00571,0.00033,0.28183,12.52498,4.63946,-1.68093,0.32051,-0.01623,-0.00567,0.00103,-5E-05,,,,,,,,,,,,,,,,,,,,,,,High,High,High,Medium,Medium,,,,174.78275,81.604456,339.570632,0.146006,11:45,-0.992399,-0.014172,-0.122243,85.533991,-28.263102,69.780212,157.97353,-7.647315,0.371699,-0.133075,-0.918766,8.241461,-21.820458,0.133075,-0.371699,0.918766,-8.241461,21.820458,-0.133075,0.371699,0.918766,-157.97353,7.647315,-0.371699,0.133075,-0.918766,61.07257,9.9943,-7.79264
169,2026-03-31,16:45:42.60,4,1,"Hard, Sean",695717,Right,BOC_EAG,"Murphy, Quinn",1000527191,Left,MAI_BLA,Undefined,7,Top,1,0,0,Slider,Slider,BallCalled,Undefined,Undefined,Undefined,0,0,,82.59119,-1.744232,-1.851968,2273.798377,116.02968,9:45,6.67935,1.38834,5.98441,-37.05817,3.49083,-4.75532,1.97316,-0.72506,76.62414,-8.544043,-2.707831,0.458312,,,,,,,,,,,,1.97551,2.60488,-1.23949,50,6.52097,4.06008,-120.0168,-4.84769,2.90103,21.74809,-28.34886,BOC_EAG,MAI_BLA,HarringtonVillage,D1,ACC,20260331-HarringtonVillage-1,95fd6860-2d42-11f1-8528-2919e47e1546,82.24185,,,5.96705,,,,,,,627d9ed7-b483-4f20-be95-c4ef498f54ab,2026-03-31,20:45:42.60,2026-03-31T16:45:42.6000000-04:00,2026-03-31T20:45:42.6000000Z,,v3,227,471344,16389,"Roossien, Jace",831501,Right,BOC_EAG,c394f44e-e3aa-49e3-b201-6948468d16cb,54.51557,-120.83229,10.87405,6.68282,-3.78469,-14.17443,-1.38969,3.9513,1.45052,,,,,,,,,,,,,,,,,,,,,,,,,,,,,,,,,,,,,,,,,,,,,,,,,,,High,High,High,,,,,,185.245265,80.880894,360.368235,0.158487,12:15,-0.991048,-0.044535,-0.125861,78.541176,-17.293608,63.245247,149.238259,-11.286504,0.501578,-0.195715,-0.842683,13.075267,-30.104439,0.195715,-0.501578,0.842683,-13.075267,30.104439,-0.195715,0.501578,0.842683,-149.238259,11.286504,-0.501578,0.195715,-0.842683,,,
170,2026-03-31,16:46:05.27,4,2,"Hard, Sean",695717,Right,BOC_EAG,"Murphy, Quinn",1000527191,Left,MAI_BLA,Undefined,7,Top,1,1,0,Curveball,Curveball,BallCalled,Undefined,Undefined,Undefined,0,0,,79.15127,-1.320479,-1.881151,2497.00938,29.733161,7:00,6.74708,1.20281,5.71001,-55.17538,-10.3689,-6.67008,0.91802,-1.10624,73.63775,-11.296325,-3.078783,0.481772,,,,,,,,,,,,2.90768,-4.61445,-1.04099,50,6.60171,4.02409,-115.01979,-4.48601,3.89692,21.24452,-38.35843,BOC_EAG,MAI_BLA,HarringtonVillage,D1,ACC,20260331-HarringtonVillage-1,a36ff170-2d42-11f1-8528-2919e47e1546,78.23704,,,5.51351,,,,,,,627d9ed7-b483-4f20-be95-c4ef498f54ab,2026-03-31,20:46:05.27,2026-03-31T16:46:05.2700000-04:00,2026-03-31T20:46:05.2700000Z,,v3,227,471344,16389,"Roossien, Jace",831501,Right,BOC_EAG,c5ae0082-e445-4ee1-9c6a-f86fa7d248d9,54.79309,-115.9017,10.62226,6.75488,-2.89365,-19.17922,-1.20468,3.86232,1.94846,,,,,,,,,,,,,,,,,,,,,,,,,,,,,,,,,,,,,,,,,,,,,,,,,,,High,High,High,,,,,,19.187001,68.104861,931.157413,0.372909,6:45,-0.918383,0.101142,0.382548,43.069282,-49.771073,-53.096616,179.640971,-6.707949,0.006223,-0.116809,-0.993135,6.70808,-0.356571,0.116809,-0.006223,0.993135,-6.70808,0.356571,-0.116809,0.006223,0.993135,-179.640971,6.707949,-0.006223,0.116809,-0.993135,,,
171,2026-03-31,16:46:29.89,4,3,"Hard, Sean",695717,Right,BOC_EAG,"Murphy, Quinn",1000527191,Left,MAI_BLA,Undefined,7,Top,1,2,0,Slider,Slider,FoulBallNotFieldable,Undefined,Undefined,Undefined,0,0,,82.42986,-1.77604,-1.051289,2264.582362,107.422217,9:30,6.69533,1.27662,5.87963,-38.73967,2.69925,-4.19366,1.81682,-0.04929,75.43218,-8.901145,-1.805416,0.463314,76.29474,50.682177,-48.500001,5284.756094,52.01188,80.34094,-96.92625,184.78744,95.8963,-67.644029,4.255915,1.84154,2.30331,-1.18923,50,6.52942,2.3566,-119.63578,-4.97116,2.64557,24.97048,-28.86514,BOC_EAG,MAI_BLA,HarringtonVillage,D1,ACC,20260331-HarringtonVillage-1,b220edf0-2d42-11f1-8528-2919e47e1546,81.35393,80.3391,,6.99768,,,,1.68989,1.72332,0.157,627d9ed7-b483-4f20-be95-c4ef498f54ab,2026-03-31,20:46:29.89,2026-03-31T16:46:29.8940000-04:00,2026-03-31T20:46:29.8940000Z,FlyBall,v3,227,471344,16389,"Roossien, Jace",831501,Right,BOC_EAG,faa38efc-5f14-451c-a54d-2885bba27e2b,54.61919,-120.59605,12.48524,6.69924,-3.86113,-14.43257,-1.2779,2.25487,1.32279,135.851552,1.70665,46.57154,-16.1074,1.85561,1.91261,-1.27074,0.33374,-0.03935,0.00165,1.72198,86.63086,-29.43099,4.7546,-1.9722,0.96281,-0.31466,0.0535,-0.00357,0.16781,-53.39997,2.23381,-1.61245,2.7634,-1.75425,0.55541,-0.08612,0.00521,,,,,,,,,,,,,,,,,,,,,,,High,High,High,Medium,Low,,,,174.954319,81.895997,319.23909,0.14097,11:45,-0.992332,-0.018291,-0.122238,88.640468,-33.149198,59.458528,149.141445,-11.659198,0.502337,-0.20209,-0.840724,13.516103,-30.154757,0.20209,-0.502337,0.840724,-13.516103,30.154757,-0.20209,0.502337,0.840724,-149.141445,11.659198,-0.502337,0.20209,-0.840724,64.96548,10.91432,0.72577
172,2026-03-31,16:46:55.60,4,4,"Hard, Sean",695717,Right,BOC_EAG,"Murphy, Quinn",1000527191,Left,MAI_BLA,Undefined,7,Top,1,2,1,Fastball,Four-Seam,FoulBallNotFieldable,Undefined,Undefined,Undefined,0,0,,91.83776,-2.875192,-1.567629,2320.419784,187.129466,12:15,6.7653,1.22395,5.92014,-10.33048,22.95234,2.73087,3.23305,-0.00357,83.55233,-4.909527,-1.077605,0.415223,75.5883,36.280058,-147.257254,3254.983635,,,,,45.22158,,,-1.86169,12.95627,-1.10002,50,6.52917,3.52749,-133.18482,-6.92357,-3.32833,29.84976,-9.01084,BOC_EAG,MAI_BLA,HarringtonVillage,D1,ACC,20260331-HarringtonVillage-1,c16773b0-2d42-11f1-8528-2919e47e1546,90.77635,30.38416,,8.28543,,,,0.94225,3.11337,0.07868,627d9ed7-b483-4f20-be95-c4ef498f54ab,2026-03-31,20:46:55.60,2026-03-31T16:46:55.6000000-04:00,2026-03-31T20:46:55.6000000Z,,v3,227,471344,16389,"Roossien, Jace",831501,Right,BOC_EAG,295417d7-e9e7-4a8d-af90-6e210e7cd5a3,54.57794,-134.20692,14.92488,6.76096,-6.61502,-4.50542,-1.22276,3.64146,-1.66417,40.57429,0.94225,-75.16994,1.7678,1.68759,-0.66308,0.21083,-0.05654,0.01691,-0.00378,3.11337,65.60106,-30.06334,4.21285,-0.8969,0.17231,-0.03588,0.01034,-0.0026,0.07868,-48.33748,11.78232,-2.5912,0.56665,-0.10115,0.01719,-0.00045,-0.00106,,,,,,,,,,,,,,,,,,,,,,,High,High,High,High,Undefined,,,,195.784249,17.503448,2212.981682,0.953699,12:30,-0.312371,-0.274181,-0.909532,-14.949049,21.574514,-4.80939,176.1776,-2.51277,0.0666,-0.043842,-0.996816,2.518365,-3.818719,0.043842,-0.0666,0.996816,-2.518365,3.818719,-0.043842,0.0666,0.996816,-176.1776,2.51277,-0.0666,0.043842,-0.996816,,,
173,2026-03-31,16:47:19.53,4,5,"Hard, Sean",695717,Right,BOC_EAG,"Murphy, Quinn",1000527191,Left,MAI_BLA,Undefined,7,Top,1,2,2,Fastball,Four-Seam,FoulBallNotFieldable,Undefined,Undefined,Undefined,0,0,,91.48046,-2.989662,-0.741288,2268.97726,189.15824,12:15,6.74698,1.04779,5.8694,-11.73516,22.05576,3.36288,2.98929,0.63943,82.80261,-5.285126,-0.138046,0.41838,74.92928,49.446821,-130.451072,4469.827493,,,,,42.65128,,,-1.95764,12.58087,-0.98979,50,6.49826,1.57046,-132.60291,-7.2132,-3.44793,31.21495,-10.01563,BOC_EAG,MAI_BLA,HarringtonVillage,D1,ACC,20260331-HarringtonVillage-1,cfb1bf20-2d42-11f1-8528-2919e47e1546,90.09132,43.73959,,8.67785,,,,1.13038,2.96863,-0.60724,627d9ed7-b483-4f20-be95-c4ef498f54ab,2026-03-31,20:47:19.53,2026-03-31T16:47:19.5360000-04:00,2026-03-31T20:47:19.5360000Z,,v3,227,471344,16389,"Roossien, Jace",831501,Right,BOC_EAG,87aaaa09-1b42-47fd-9ef0-df8fa2df32ea,54.62811,-133.68794,15.60748,6.74294,-6.86506,-5.00782,-1.04646,1.69031,-1.72396,34.055201,1.13038,-46.35622,-3.70025,3.46305,-1.21112,0.36074,-0.09674,0.02394,-0.00364,2.96863,83.49938,-33.84334,5.23209,-1.10016,0.2079,-0.04186,0.00956,-0.00178,-0.60724,-54.37011,12.16541,-2.51488,0.49815,-0.08014,0.01359,-0.0018,0.00019,,,,,,,,,,,,,,,,,,,,,,,High,High,High,High,Undefined,,,,197.012815,21.462012,2111.647187,0.93066,12:30,-0.362669,-0.29101,-0.885316,-18.951469,21.708335,-11.4074,177.110763,-1.971551,0.050375,-0.034403,-0.998138,1.974058,-2.887525,0.034403,-0.050375,0.998138,-1.974058,2.887525,-0.034403,0.050375,0.998138,-177.110763,1.971551,-0.050375,0.034403,-0.998138,74.73151,13.47615,-2.37764
174,2026-03-31,16:47:42.42,4,6,"Hard, Sean",695717,Right,BOC_EAG,"Murphy, Quinn",1000527191,Left,MAI_BLA,Undefined,7,Top,1,2,2,Curveball,Curveball,InPlay,Undefined,GroundBall,Out,1,0,,78.19601,1.010235,-0.6526,2529.49136,36.269825,7:15,6.7589,1.12263,5.53549,-58.36464,-11.89237,-9.80969,2.83961,-0.30486,71.84892,-9.59124,-2.406323,0.490646,62.98296,-1.023843,4.511662,1892.855641,,,,31.59084,30.54032,4.903164,0.338384,4.79827,-5.96099,-1.05918,50,6.80719,1.66704,-113.59458,0.02334,6.22769,22.10695,-39.91083,BOC_EAG,MAI_BLA,HarringtonVillage,D1,ACC,20260331-HarringtonVillage-1,dd5ae890-2d42-11f1-8528-2919e47e1546,76.82205,2.85799,,6.34708,,,,1.26815,2.85799,0.33281,627d9ed7-b483-4f20-be95-c4ef498f54ab,2026-03-31,20:47:42.42,2026-03-31T16:47:42.4260000-04:00,2026-03-31T20:47:42.4260000Z,GroundBall,v3,227,471344,16389,"Roossien, Jace",831501,Right,BOC_EAG,157d4a64-93da-4a16-9a5b-6eda9c625d27,54.96714,-114.55717,11.05347,6.76833,1.76115,-19.95542,-1.12586,1.39588,3.11385,1.81547,1.26854,92.05813,-8.25037,,,,,,,2.86083,-1.76208,-19.80143,,,,,,,0.33288,7.26239,-0.78862,,,,,,,,,,,,,,,,,,,,,,,,,,,,,High,High,High,High,High,,,,22.389221,65.565766,1046.320288,0.413648,6:45,-0.903102,0.173585,0.392778,40.962871,-47.211122,-57.266912,178.662362,8.203547,0.023105,0.14269,-0.989498,8.205753,1.323948,0.14269,0.023105,0.989498,-8.205753,-1.323948,-0.14269,-0.023105,0.989498,-178.662362,-8.203547,-0.023105,-0.14269,-0.989498,62.24896,10.04207,1.62483
175,2026-03-31,16:50:25.15,5,1,"Hard, Sean",695717,Right,BOC_EAG,"Stevens, Julian",1000253292,Right,MAI_BLA,Undefined,7,Top,2,0,0,Curveball,Curveball,InPlay,Undefined,LineDrive,Single,0,1,,77.7508,0.531692,-1.012691,2476.46335,34.027572,7:15,6.76724,1.12973,5.76449,-55.71708,-9.24634,-7.2143,2.61909,-0.41408,71.67051,-9.628527,-2.307841,0.490638,103.24231,5.582367,-8.338328,1130.163806,,,,95.04451,94.37799,-7.410287,0.685114,3.40284,-4.48197,-1.04142,50,6.7772,2.26334,-113.00241,-0.76394,4.38404,21.29119,-37.9484,BOC_EAG,MAI_BLA,HarringtonVillage,D1,ACC,20260331-HarringtonVillage-1,3e5bac10-2d43-11f1-8528-2919e47e1546,76.82331,4.4581,,6.08029,,,,1.10991,2.58281,0.45571,627d9ed7-b483-4f20-be95-c4ef498f54ab,2026-03-31,20:50:25.15,2026-03-31T16:50:25.1580000-04:00,2026-03-31T20:50:25.1580000Z,GroundBall,v3,227,471344,16389,"Roossien, Jace",831501,Right,BOC_EAG,a688f9f4-6d9f-4db4-be20-1bf17faad0a7,54.7375,-113.89152,10.64559,6.77601,0.82077,-18.9742,-1.13212,2.08027,2.19202,348.68489,1.14037,148.51069,-18.46013,,,,,,,2.64386,13.51848,-25.4841,,,,,,,0.44324,-21.60759,4.50305,,,,,,,,,,,,,,,,,,,,,,,,,,,,,High,High,High,High,High,,,,23.478719,62.613267,1139.15877,0.459994,6:45,-0.878588,0.191497,0.437507,24.42916,-52.154551,-50.826256,170.206518,4.929275,0.169468,0.085926,-0.981783,5.001803,9.756907,0.085926,0.169468,0.981783,-5.001803,-9.756907,-0.085926,-0.169468,0.981783,-170.206518,-4.929275,-0.169468,-0.085926,-0.981783,,,
176,2026-03-31,16:51:03.08,6,1,"Hard, Sean",695717,Right,BOC_EAG,"Carpenter, Troy",1000239627,Right,MAI_BLA,Undefined,7,Top,2,0,0,Slider,Slider,StrikeSwinging,Undefined,Undefined,Undefined,0,0,,80.05976,0.597196,-0.009295,2367.910574,70.62997,8:15,6.68793,1.15379,5.82838,-43.9779,-0.98752,-6.01949,3.57827,0.64353,74.6279,-7.448652,-1.089963,0.471908,,,,,,,,,,,,3.07614,-0.27598,-1.14947,50,6.71053,0.24537,-116.5277,-0.22381,4.29419,18.76668,-32.55931,BOC_EAG,MAI_BLA,HarringtonVillage,D1,ACC,20260331-HarringtonVillage-1,54f272b0-2d43-11f1-8528-2919e47e1546,79.87249,,,5.43186,,,,,,,627d9ed7-b483-4f20-be95-c4ef498f54ab,2026-03-31,20:51:03.08,2026-03-31T16:51:03.0890000-04:00,2026-03-31T20:51:03.0890000Z,,v3,227,471344,16389,"Roossien, Jace",831501,Right,BOC_EAG,39e30b88-b273-4590-84fa-94f6a2aaf5e0,54.67289,-117.27785,9.38334,6.69346,1.07767,-16.27966,-1.15585,0.07372,2.14709,,,,,,,,,,,,,,,,,,,,,,,,,,,,,,,,,,,,,,,,,,,,,,,,,,,High,High,High,,,,,,139.836251,85.470403,187.003523,0.078974,10:45,-0.996301,0.061324,-0.060191,-74.074446,47.115562,72.831314,151.678852,-6.671642,0.471201,-0.116179,-0.874341,7.56891,-28.112256,0.116179,-0.471201,0.874341,-7.56891,28.112256,-0.116179,0.471201,0.874341,-151.678852,6.671642,-0.471201,0.116179,-0.874341,,,
177,2026-03-31,16:51:23.26,6,2,"Hard, Sean",695717,Right,BOC_EAG,"Carpenter, Troy",1000239627,Right,MAI_BLA,Undefined,7,Top,2,0,1,Curveball,Curveball,BallCalled,Undefined,Undefined,Undefined,0,0,,78.61515,-1.669719,0.094963,2580.803849,33.23545,7:00,6.7409,1.19019,5.75365,-56.91507,-11.82363,-8.56591,0.44322,0.56477,73.58976,-11.943296,-1.447751,0.483302,,,,,,,,,,,,4.45201,-5.36067,-1.19261,50,6.56686,0.11833,-114.36489,-5.19507,5.92712,20.05959,-39.31092,BOC_EAG,MAI_BLA,HarringtonVillage,D1,ACC,20260331-HarringtonVillage-1,610da920-2d43-11f1-8528-2919e47e1546,77.98944,,,5.02539,,,,,,,627d9ed7-b483-4f20-be95-c4ef498f54ab,2026-03-31,20:51:23.26,2026-03-31T16:51:23.2670000-04:00,2026-03-31T20:51:23.2670000Z,,v3,227,471344,16389,"Roossien, Jace",831501,Right,BOC_EAG,2f056fa7-1432-491f-a62a-08af014fc3d4,54.75074,-115.19515,10.02979,6.74821,-3.56799,-19.65546,-1.19243,-0.12699,2.96356,,,,,,,,,,,,,,,,,,,,,,,,,,,,,,,,,,,,,,,,,,,,,,,,,,,High,High,High,,,,,,17.964869,66.388404,1033.700923,0.400534,6:30,-0.920123,0.096787,0.379482,46.689242,-45.893614,-55.650394,178.773262,-8.305358,0.021184,-0.144449,-0.989285,8.307236,-1.21387,0.144449,-0.021184,0.989285,-8.307236,1.21387,-0.144449,0.021184,0.989285,-178.773262,8.305358,-0.021184,0.144449,-0.989285,,,
178,2026-03-31,16:51:51.18,6,3,"Hard, Sean",695717,Right,BOC_EAG,"Carpenter, Troy",1000239627,Right,MAI_BLA,Undefined,7,Top,2,1,1,Curveball,Curveball,InPlay,Undefined,GroundBall,Out,1,0,,78.40963,-0.00198,-0.07964,2500.073931,31.805097,7:00,6.85907,1.12105,5.48491,-57.43712,-11.03375,-7.7791,2.07079,0.39828,72.03314,-10.414392,-1.470912,0.490282,75.89249,-43.021658,-29.674868,,,,,4.54071,4.5407,-20.520868,0.029052,3.93327,-5.22177,-1.10853,50,6.81938,0.45584,-113.88362,-1.96492,5.11828,22.70023,-38.96907,BOC_EAG,MAI_BLA,HarringtonVillage,D1,ACC,20260331-HarringtonVillage-1,719f9aa0-2d43-11f1-8528-2919e47e1546,76.87906,2.21236,,6.3765,,,,2.19282,2.21236,-0.41807,627d9ed7-b483-4f20-be95-c4ef498f54ab,2026-03-31,20:51:51.18,2026-03-31T16:51:51.1860000-04:00,2026-03-31T20:51:51.1860000Z,GroundBall,v3,227,471344,16389,"Roossien, Jace",831501,Right,BOC_EAG,69a191eb-af30-4a32-9c64-bbb67ba5b125,55.01717,-114.87932,11.35012,6.86808,-0.25561,-19.48453,-1.1236,0.23134,2.55914,,2.1919,70.89979,,,,,,,,2.21334,-76.15278,,,,,,,,-0.41755,-40.39932,,,,,,,,,,,,,,,,,,,,,,,,,,,,,,High,High,High,Estimated,Estimated,,,,16.170891,65.659776,1030.41574,0.412154,6:30,-0.910567,0.114755,0.397113,54.417015,-25.257818,-69.997218,177.779125,12.100933,0.037891,0.209634,-0.977045,12.109761,2.171502,0.209634,0.037891,0.977045,-12.109761,-2.171502,-0.209634,-0.037891,0.977045,-177.779125,-12.100933,-0.037891,-0.209634,-0.977045,73.42153,9.76745,4.80049
179,2026-03-31,16:54:41.25,1,1,"Martin, Tommy",1000396948,Right,MAI_BLA,"Garcia, Esteban",822341,Left,BOC_EAG,Undefined,7,Bottom,0,0,0,ChangeUp,Changeup,InPlay,Undefined,Popup,Out,1,0,,76.29645,-0.324065,-2.244735,1783.006393,243.680461,2:00,6.49778,0.73964,5.17769,-39.8599,10.44938,17.25182,2.87095,0.06404,68.69722,-7.668821,0.811993,0.5105,84.77449,62.517111,-34.584446,,63.16422,132.48682,-90.05689,169.58427,62.55792,-58.126103,5.750107,-9.38717,5.84347,-0.54469,50,6.43786,3.64617,-110.42484,-1.91144,-11.35152,23.4464,-25.10779,BOC_EAG,MAI_BLA,HarringtonVillage,D1,ACC,20260331-HarringtonVillage-1,d7016e50-2d43-11f1-8528-2919e47e1546,73.8344,136.56387,,7.59923,,,,1.62788,2.77215,0.00517,627d9ed7-b483-4f20-be95-c4ef498f54ab,2026-03-31,20:54:41.25,2026-03-31T16:54:41.2510000-04:00,2026-03-31T20:54:41.2510000Z,Popup,v3,227,471344,16389,"DeAndrade, Nolan",1000437002,Right,MAI_BLA,bdb67c48-cb40-4b7e-8571-746299b880aa,55.31879,-111.54845,11.7232,6.50063,-0.70821,-12.55389,-0.73246,4.19016,-5.67576,159.203909,1.61478,47.3673,-19.87262,6.08087,-0.90758,-0.11788,0.0783,-0.01239,0.00067,2.74771,110.72883,-29.99079,5.17626,-1.76718,0.49336,-0.08224,0.00688,-0.00022,0.00243,-32.55142,0.84365,0.50533,-0.06213,-0.06571,0.02802,-0.00429,0.00023,,,,,,,,,,,,,,,,,,,,,,,High,High,High,High,Low,,,,244.556026,-19.342507,1682.365471,0.943555,2:15,0.319893,-0.850149,-0.418229,60.367736,30.004295,-60.352428,178.438688,80.387026,0.00455,0.985958,-0.16693,80.390529,0.260695,0.985958,0.00455,0.16693,-80.390529,-0.260695,-0.985958,-0.00455,0.16693,-178.438688,-80.387026,-0.00455,-0.985958,-0.16693,78.09329,18.39974,9.67323
180,2026-03-31,16:55:16.98,2,1,"Martin, Tommy",1000396948,Right,MAI_BLA,"Larson, Colin",831502,Left,BOC_EAG,Undefined,7,Bottom,1,0,0,Fastball,Four-Seam,BallCalled,Undefined,Undefined,Undefined,0,0,,88.41966,-5.144314,-2.458383,2118.623398,201.39106,12:45,6.83994,0.07329,5.18753,-12.36257,25.34588,9.34422,0.95259,-1.46222,79.3927,-7.548263,-0.805411,0.441968,,,,,,,,,,,,-5.47111,14.76139,0.14762,50,6.35237,5.04043,-127.43099,-11.79596,-8.82851,30.74285,-8.35418,BOC_EAG,MAI_BLA,HarringtonVillage,D1,ACC,20260331-HarringtonVillage-1,ec48aa80-2d43-11f1-8528-2919e47e1546,85.28323,,,9.02697,,,,,,,627d9ed7-b483-4f20-be95-c4ef498f54ab,2026-03-31,20:55:16.98,2026-03-31T16:55:16.9830000-04:00,2026-03-31T20:55:16.9830000Z,,v3,227,471344,16389,"DeAndrade, Nolan",1000437002,Right,MAI_BLA,782385d3-bc78-4a00-b0e6-5c05f558d317,55.30771,-128.70511,15.37142,6.83408,-11.44973,-4.17709,-0.06886,5.40632,-4.41426,,,,,,,,,,,,,,,,,,,,,,,,,,,,,,,,,,,,,,,,,,,,,,,,,,,High,High,High,,,,,,205.359659,-3.18673,2115.347298,0.998454,12:45,0.054924,-0.42093,-0.905429,-23.708502,37.863282,43.909676,159.102419,2.16272,0.356444,0.037738,-0.933554,2.314842,20.881999,0.037738,0.356444,0.933554,-2.314842,-20.881999,-0.037738,-0.356444,0.933554,-159.102419,-2.16272,-0.356444,-0.037738,-0.933554,,,
181,2026-03-31,16:55:30.70,2,2,"Martin, Tommy",1000396948,Right,MAI_BLA,"Larson, Colin",831502,Left,BOC_EAG,Undefined,7,Bottom,1,1,0,ChangeUp,Changeup,BallCalled,Undefined,Undefined,Undefined,0,0,,75.81894,-0.943149,-0.947734,1979.565442,233.57779,1:45,6.54679,0.75507,5.57637,-34.676,15.44013,18.35678,2.77604,1.39955,68.35724,-7.411616,2.33025,0.509519,,,,,,,,,,,,-9.51674,8.67756,-0.68545,50,6.44355,1.10644,-109.83471,-2.82473,-11.3962,23.03034,-21.78278,BOC_EAG,MAI_BLA,HarringtonVillage,D1,ACC,20260331-HarringtonVillage-1,f47e1b40-2d43-11f1-8528-2919e47e1546,73.97656,,,7.4617,,,,,,,627d9ed7-b483-4f20-be95-c4ef498f54ab,2026-03-31,20:55:30.70,2026-03-31T16:55:30.7010000-04:00,2026-03-31T20:55:30.7010000Z,,v3,227,471344,16389,"DeAndrade, Nolan",1000437002,Right,MAI_BLA,1ba35b4b-9d48-48cb-ad43-a34279693d5c,54.91757,-110.86104,11.51517,6.5478,-1.854,-10.89139,-0.74607,1.6143,-5.6981,,,,,,,,,,,,,,,,,,,,,,,,,,,,,,,,,,,,,,,,,,,,,,,,,,,High,High,High,,,,,,240.262104,-22.405909,1830.121572,0.924507,2:00,0.386689,-0.79637,-0.465045,25.033067,57.547531,55.089235,145.056264,-73.758383,0.160198,-0.960091,-0.229265,76.569566,-9.218372,0.960091,-0.160198,0.229265,-76.569566,9.218372,-0.960091,0.160198,0.229265,-145.056264,73.758383,-0.160198,0.960091,-0.229265,,,
182,2026-03-31,16:55:45.24,2,3,"Martin, Tommy",1000396948,Right,MAI_BLA,"Larson, Colin",831502,Left,BOC_EAG,Undefined,7,Bottom,1,2,0,Fastball,Four-Seam,HitByPitch,Undefined,Undefined,Undefined,0,0,,89.41026,-5.365358,-3.370036,2130.620606,204.910901,12:45,6.70569,0.02264,5.38972,-13.39202,22.90588,10.02544,0.53756,-2.30409,81.12634,-7.92708,-1.591864,0.433623,,,,,,,,,,,,-6.03874,13.49733,0.27137,50,6.21546,7.13617,-128.90607,-12.49634,-10.08078,28.76935,-9.64231,BOC_EAG,MAI_BLA,HarringtonVillage,D1,ACC,20260331-HarringtonVillage-1,fd2e6150-2d43-11f1-8528-2919e47e1546,86.92448,,,8.28393,,,,,,,627d9ed7-b483-4f20-be95-c4ef498f54ab,2026-03-31,20:55:45.24,2026-03-31T16:55:45.2470000-04:00,2026-03-31T20:55:45.2470000Z,,v3,227,471344,16389,"DeAndrade, Nolan",1000437002,Right,MAI_BLA,71932e48-88a8-46a8-a0aa-e81a3dfbd1f7,55.10685,-130.04083,14.38468,6.70085,-12.11601,-4.82116,-0.01794,7.53379,-5.04039,,,,,,,,,,,,,,,,,,,,,,,,,,,,,,,,,,,,,,,,,,,,,,,,,,,High,High,High,,,,,,204.382374,1.397297,2129.987047,0.999703,12:45,-0.039238,-0.413173,-0.909807,-28.790802,37.830253,38.06395,160.286136,9.580519,0.332618,0.166433,-0.928259,10.16492,19.427774,0.166433,0.332618,0.928259,-10.16492,-19.427774,-0.166433,-0.332618,0.928259,-160.286136,-9.580519,-0.332618,-0.166433,-0.928259,,,
183,2026-03-31,16:57:06.25,3,1,"Martin, Tommy",1000396948,Right,MAI_BLA,"Solier, Julio",827632,Right,BOC_EAG,Undefined,7,Bottom,1,0,0,Fastball,Four-Seam,FoulBallNotFieldable,Undefined,Undefined,Undefined,0,0,,89.79335,-2.88335,-0.369439,2047.07654,204.407247,12:45,6.71724,0.19287,5.37947,-12.71894,23.73285,10.07938,2.95208,0.68649,79.69449,-5.388921,1.422275,0.434541,69.26739,68.469059,71.46651,4662.108386,-0.64886,73.1828,109.99806,138.06718,53.89085,90.863674,4.8557,-5.1904,13.38768,-0.16723,50,6.45103,0.37,-129.76204,-6.84999,-8.57758,34.93281,-10.04979,BOC_EAG,MAI_BLA,HarringtonVillage,D1,ACC,20260331-HarringtonVillage-1,2d689250-2d44-11f1-8528-2919e47e1546,86.74083,103.12349,,10.09886,,,,1.11871,2.91688,-0.69901,627d9ed7-b483-4f20-be95-c4ef498f54ab,2026-03-31,20:57:06.25,2026-03-31T16:57:06.2500000-04:00,2026-03-31T20:57:06.2500000Z,Popup,v3,227,471344,16389,"DeAndrade, Nolan",1000437002,Right,MAI_BLA,52a6074b-8f80-4b33-b27d-97f18bdd47cf,55.11418,-131.13159,17.4664,6.71186,-6.45599,-5.0249,-0.18833,0.70628,-4.28879,203.130833,1.11726,11.85452,-9.07659,2.53677,0.06697,-0.35282,0.1286,-0.01976,0.00113,2.92952,94.21198,-25.81313,0.71561,1.5973,-0.9365,0.24713,-0.03216,0.00166,-0.69136,35.19536,-0.20832,-1.40292,0.80835,-0.23856,0.03164,-0.00092,-9E-05,,,,,,,,,,,,,,,,,,,,,,,High,High,High,High,Low,,,,204.591711,-4.48718,2040.801971,0.996935,12:45,0.093159,-0.410412,-0.907129,-22.13296,22.134982,20.147297,163.024979,-3.563591,0.29139,-0.062156,-0.954583,3.725474,-16.941206,0.062156,-0.29139,0.954583,-3.725474,16.941206,-0.062156,0.29139,0.954583,-163.024979,3.563591,-0.29139,0.062156,-0.954583,72.92048,17.28562,-10.93009
184,2026-03-31,16:57:51.87,3,2,"Martin, Tommy",1000396948,Right,MAI_BLA,"Solier, Julio",827632,Right,BOC_EAG,Undefined,7,Bottom,1,0,1,Fastball,Four-Seam,BallCalled,Undefined,Undefined,Undefined,0,0,,88.83694,-0.892014,-1.006257,2052.067538,211.733565,1:00,6.69335,0.1511,5.26643,-16.86135,20.27403,11.63052,4.45009,0.17494,79.15997,-4.131353,1.056747,0.438597,,,,,,,,,,,,-6.0752,10.79319,-0.06766,50,6.60005,1.70079,-128.51145,-2.4992,-9.91427,32.6304,-14.56036,BOC_EAG,MAI_BLA,HarringtonVillage,D1,ACC,20260331-HarringtonVillage-1,48a00a30-2d44-11f1-8528-2919e47e1546,85.93875,,,9.67697,,,,,,,627d9ed7-b483-4f20-be95-c4ef498f54ab,2026-03-31,20:57:51.87,2026-03-31T16:57:51.8720000-04:00,2026-03-31T20:57:51.8720000Z,,v3,227,471344,16389,"DeAndrade, Nolan",1000437002,Right,MAI_BLA,9fc4c241-e5f1-4715-ba09-0d88f485e081,55.22488,-129.83133,16.3152,6.68923,-1.91025,-7.28018,-0.14456,2.10181,-4.95713,,,,,,,,,,,,,,,,,,,,,,,,,,,,,,,,,,,,,,,,,,,,,,,,,,,High,High,High,,,,,,211.261976,-9.093263,2026.277968,0.987432,1:00,0.151152,-0.509907,-0.846846,-37.21643,21.408725,20.122661,163.845668,3.531816,0.277697,0.061603,-0.958691,3.67661,16.122813,0.061603,0.277697,0.958691,-3.67661,-16.122813,-0.061603,-0.277697,0.958691,-163.845668,-3.531816,-0.277697,-0.061603,-0.958691,,,
185,2026-03-31,16:58:10.95,3,3,"Martin, Tommy",1000396948,Right,MAI_BLA,"Solier, Julio",827632,Right,BOC_EAG,Undefined,7,Bottom,1,1,1,Slider,Curveball,BallCalled,Undefined,Undefined,Undefined,0,0,,76.702,1.590138,1.619822,2176.083145,87.029148,9:00,6.67146,0.30966,4.82045,-48.95377,1.19291,-11.50276,4.09911,0.88577,69.37391,-7.300559,-0.404551,0.509674,,,,,,,,,,,,6.10469,0.67937,-0.46016,50,6.78776,-2.64942,-111.00691,1.32545,7.51648,22.32628,-31.33756,BOC_EAG,MAI_BLA,HarringtonVillage,D1,ACC,20260331-HarringtonVillage-1,5407cf20-2d44-11f1-8528-2919e47e1546,73.95402,,,7.32809,,,,,,,627d9ed7-b483-4f20-be95-c4ef498f54ab,2026-03-31,20:58:10.95,2026-03-31T16:58:10.9530000-04:00,2026-03-31T20:58:10.9530000Z,,v3,227,471344,16389,"DeAndrade, Nolan",1000437002,Right,MAI_BLA,3586f32d-50d9-4b9f-bd5d-e82592a91f6b,55.67507,-112.1425,11.16314,6.6798,2.91938,-15.66878,-0.31568,-3.03173,3.75824,,,,,,,,,,,,,,,,,,,,,,,,,,,,,,,,,,,,,,,,,,,,,,,,,,,High,High,High,,,,,,60.496506,80.204398,370.225434,0.170134,8:00,-0.982909,0.17536,0.056025,-59.162556,44.946779,54.663549,133.072634,-19.924014,0.686765,-0.340774,-0.642049,27.957562,-43.374607,0.340774,-0.686765,0.642049,-27.957562,43.374607,-0.340774,0.686765,0.642049,-133.072634,19.924014,-0.686765,0.340774,-0.642049,,,
186,2026-03-31,16:58:44.91,3,4,"Martin, Tommy",1000396948,Right,MAI_BLA,"Solier, Julio",827632,Right,BOC_EAG,Undefined,7,Bottom,1,2,1,Fastball,Four-Seam,FoulBallNotFieldable,Undefined,Undefined,Undefined,0,0,,88.91331,-3.262615,-0.341297,2054.473839,185.214646,12:15,6.70853,0.09857,5.36106,-13.66347,23.05714,1.97803,2.50705,-0.05664,80.0163,-5.904053,0.010222,0.43614,70.87838,16.741265,163.870011,2853.396547,,,,126.42753,45.45139,168.150566,1.468336,-1.10539,13.03615,-0.0694,50,6.40632,0.67682,-128.63761,-7.70564,-1.82147,30.81679,-10.69301,BOC_EAG,MAI_BLA,HarringtonVillage,D1,ACC,20260331-HarringtonVillage-1,68347390-2d44-11f1-8528-2919e47e1546,86.42271,12.13171,,8.89701,,,,1.43076,2.44127,0.07158,627d9ed7-b483-4f20-be95-c4ef498f54ab,2026-03-31,20:58:44.91,2026-03-31T16:58:44.9190000-04:00,2026-03-31T20:58:44.9190000Z,LineDrive,v3,227,471344,16389,"DeAndrade, Nolan",1000437002,Right,MAI_BLA,4475ea31-0ced-46f4-8279-6e6d0ff20c11,55.13459,-129.86184,15.4084,6.704,-7.28085,-5.34651,-0.09772,0.74918,-0.91073,313.885632,1.43194,-95.63678,7.07649,,,,,,,2.7006,27.49069,-20.08115,,,,,,,0.22354,26.19921,-5.96507,,,,,,,,,,,,,,,,,,,,,,,,,,,,,High,High,High,High,Medium,,,,205.82429,-3.802976,2049.949938,0.997798,12:45,0.085604,-0.430174,-0.898678,-23.392417,37.954356,16.822095,148.50482,-6.243334,0.519328,-0.108751,-0.847627,7.311154,-31.287207,0.108751,-0.519328,0.847627,-7.311154,31.287207,-0.108751,0.519328,0.847627,-148.50482,6.243334,-0.519328,0.108751,-0.847627,79.93233,13.18805,-7.91598
187,2026-03-31,16:59:23.13,3,5,"Martin, Tommy",1000396948,Right,MAI_BLA,"Solier, Julio",827632,Right,BOC_EAG,Undefined,7,Bottom,1,2,2,Fastball,Four-Seam,InPlay,Undefined,LineDrive,Single,0,0,,89.21661,-2.814683,-2.133103,2100.808581,179.988494,12:00,6.80637,-0.07826,5.34951,-12.97028,24.00836,-0.00453,3.08154,-2.08029,79.2438,-5.364592,-2.133903,0.43767,64.49604,18.557028,24.366145,3040.149166,96.47847,17.46498,52.83771,170.3522,169.68795,30.493384,2.271203,-0.77559,13.45918,0.27034,50,6.54435,4.79883,-128.83281,-6.65741,-1.26534,34.07031,-10.21592,BOC_EAG,MAI_BLA,HarringtonVillage,D1,ACC,20260331-HarringtonVillage-1,7efe5820-2d44-11f1-8528-2919e47e1546,86.12069,18.73939,,9.97281,,,,0.65308,2.98055,2.0854,627d9ed7-b483-4f20-be95-c4ef498f54ab,2026-03-31,20:59:23.13,2026-03-31T16:59:23.1320000-04:00,2026-03-31T20:59:23.1320000Z,LineDrive,v3,227,471344,16389,"DeAndrade, Nolan",1000437002,Right,MAI_BLA,0a2d50e0-791b-4aed-a0f8-202e20ac1a08,55.14309,-130.18581,17.03515,6.80068,-6.25172,-5.10796,0.07877,4.84908,-0.63267,225.209227,0.65307,81.68907,-11.3663,2.33497,-0.41418,0.06152,-0.00628,-2E-05,7E-05,2.98057,30.10249,-14.94894,0.6223,-0.095,0.03088,-0.01173,0.00314,-0.00033,2.08539,36.99767,-0.45524,0.30544,-0.04799,0.00534,0.00155,-0.00069,8E-05,,,,,,,,,,,,,,,,,,,,,,,High,High,High,High,High,,,,206.552832,-5.803261,2090.041845,0.994875,1:00,0.08962,-0.43923,-0.893893,-28.00209,38.136197,16.36864,148.452841,-3.061737,0.522453,-0.053412,-0.850993,3.591416,-31.496961,0.053412,-0.522453,0.850993,-3.591416,31.496961,-0.053412,0.522453,0.850993,-148.452841,3.061737,-0.522453,0.053412,-0.850993,,,
188,2026-03-31,17:00:22.00,4,1,"Martin, Tommy",1000396948,Right,MAI_BLA,"Mainolfi, Ty",839397,Left,BOC_EAG,Undefined,7,Bottom,1,0,0,ChangeUp,Changeup,InPlay,Undefined,GroundBall,Out,1,1,,77.54417,-0.223007,-2.173055,1903.379433,250.14063,2:15,6.37266,0.83704,5.42387,-39.51506,8.69036,19.0332,2.87071,0.38678,69.86467,-7.527402,1.215281,0.499712,85.3514,-11.449933,38.455574,,,,,15.48441,12.6658,32.793314,0.113943,-10.3328,4.94772,-0.65803,50,6.32582,3.51666,-112.3085,-1.69828,-12.92987,24.18228,-25.98276,BOC_EAG,MAI_BLA,HarringtonVillage,D1,ACC,20260331-HarringtonVillage-1,a21817b0-2d44-11f1-8528-2919e47e1546,75.4284,2.92189,,7.6795,,,,2.35596,2.92189,-0.48464,627d9ed7-b483-4f20-be95-c4ef498f54ab,2026-03-31,21:00:22.00,2026-03-31T17:00:22.0060000-04:00,2026-03-31T21:00:22.0060000Z,GroundBall,v3,227,471344,16389,"DeAndrade, Nolan",1000437002,Right,MAI_BLA,abed7b20-a1fc-441d-a028-65cb2297f6f1,55.07323,-113.3956,12.09114,6.37591,-0.53023,-12.99138,-0.82919,4.09792,-6.46494,263.965546,2.35598,96.07517,-22.05999,,,,,,,2.92191,-24.85267,-6.95117,,,,,,,-0.48489,76.331,13.42506,,,,,,,,,,,,,,,,,,,,,,,,,,,,,High,High,High,Low,Low,,,,240.590846,-12.913203,1855.242444,0.97471,2:00,0.208466,-0.848228,-0.486879,82.784947,29.183009,-52.75537,167.184132,-69.575952,0.077407,-0.937136,-0.340272,70.044147,-4.439536,0.937136,-0.077407,0.340272,-70.044147,4.439536,-0.937136,0.077407,0.340272,-167.184132,69.575952,-0.077407,0.937136,-0.340272,,,
189,2026-03-31,17:01:00.45,5,1,"Martin, Tommy",1000396948,Right,MAI_BLA,"Wang, Nick",813482,Right,BOC_EAG,Undefined,7,Bottom,2,0,0,Fastball,Four-Seam,BallCalled,Undefined,Undefined,Undefined,0,0,,89.13265,-4.857036,-3.085234,2164.352997,202.795404,12:45,6.71564,0.07871,5.56571,-15.40477,20.92544,8.23052,0.87711,-2.12033,80.6714,-7.789367,-1.619665,0.433816,,,,,,,,,,,,-5.10492,12.46855,0.1821,50,6.28546,6.56539,-128.62167,-11.3833,-8.45337,29.54328,-11.52703,BOC_EAG,MAI_BLA,HarringtonVillage,D1,ACC,20260331-HarringtonVillage-1,b8f70ae0-2d44-11f1-8528-2919e47e1546,86.88581,,,8.46124,,,,,,,627d9ed7-b483-4f20-be95-c4ef498f54ab,2026-03-31,21:01:00.45,2026-03-31T17:01:00.4510000-04:00,2026-03-31T21:01:00.4510000Z,,v3,227,471344,16389,"DeAndrade, Nolan",1000437002,Right,MAI_BLA,8f4106b6-3117-49b0-afd8-29778d0b88bb,54.9299,-129.74909,14.77164,6.71146,-10.94341,-5.76352,-0.0746,6.88798,-4.22669,,,,,,,,,,,,,,,,,,,,,,,,,,,,,,,,,,,,,,,,,,,,,,,,,,,High,High,High,,,,,,205.726992,-5.170284,2155.54683,0.995931,12:45,0.077924,-0.423135,-0.90271,-16.522798,26.261035,19.337594,159.86381,-9.736235,0.339294,-0.169113,-0.925354,10.356774,-19.833892,0.169113,-0.339294,0.925354,-10.356774,19.833892,-0.169113,0.339294,0.925354,-159.86381,9.736235,-0.339294,0.169113,-0.925354,,,
190,2026-03-31,17:01:18.42,5,2,"Martin, Tommy",1000396948,Right,MAI_BLA,"Wang, Nick",813482,Right,BOC_EAG,Undefined,7,Bottom,2,1,0,Fastball,Four-Seam,FoulBallNotFieldable,Undefined,Undefined,Undefined,0,0,,89.57065,-3.214259,-1.703569,2093.043461,191.800278,12:30,6.76704,-0.00957,5.37656,-16.29792,19.71328,3.84736,2.3911,-1.28647,81.04198,-6.305458,-1.019898,0.431907,,,,,,,,,,,,-2.47504,11.29957,0.15927,50,6.46797,3.68283,-129.62752,-7.78937,-4.16158,30.08303,-13.17473,BOC_EAG,MAI_BLA,HarringtonVillage,D1,ACC,20260331-HarringtonVillage-1,c3b26330-2d44-11f1-8528-2919e47e1546,87.26981,,,8.52867,,,,,,,627d9ed7-b483-4f20-be95-c4ef498f54ab,2026-03-31,21:01:18.42,2026-03-31T17:01:18.4250000-04:00,2026-03-31T21:01:18.4250000Z,,v3,227,471344,16389,"DeAndrade, Nolan",1000437002,Right,MAI_BLA,2e2983be-f7b0-4d7f-8568-026ee5abc9c8,55.12051,-130.81046,15.04152,6.76408,-7.27131,-6.58737,0.01123,3.84647,-2.08079,,,,,,,,,,,,,,,,,,,,,,,,,,,,,,,,,,,,,,,,,,,,,,,,,,,High,High,High,,,,,,205.074755,-5.038237,2084.956592,0.996136,12:45,0.084481,-0.416575,-0.905168,-22.507986,35.348341,26.167463,154.083827,-4.24391,0.435857,-0.074002,-0.896968,4.716387,-25.839859,0.074002,-0.435857,0.896968,-4.716387,25.839859,-0.074002,0.435857,0.896968,-154.083827,4.24391,-0.435857,0.074002,-0.896968,,,
191,2026-03-31,17:01:41.91,5,3,"Martin, Tommy",1000396948,Right,MAI_BLA,"Wang, Nick",813482,Right,BOC_EAG,Undefined,7,Bottom,2,1,1,Fastball,Four-Seam,FoulBallNotFieldable,Undefined,Undefined,Undefined,0,0,,89.59624,-3.614953,-1.298667,2078.169392,188.555056,12:15,6.67072,0.08322,5.36625,-14.24099,22.31989,3.13303,2.08902,-0.8736,79.87689,-6.375046,-0.741981,0.435191,79.18494,63.21743,56.620335,4606.720578,36.84609,123.4419,103.64525,195.24661,69.50769,74.00619,5.364485,-2.03575,12.90457,0.03098,50,6.33672,2.78946,-129.39981,-8.56757,-3.35927,33.73564,-10.87952,BOC_EAG,MAI_BLA,HarringtonVillage,D1,ACC,20260331-HarringtonVillage-1,d1b4f740-2d44-11f1-8528-2919e47e1546,86.61128,123.49382,,9.71935,,,,1.91686,2.14477,0.8671,627d9ed7-b483-4f20-be95-c4ef498f54ab,2026-03-31,21:01:41.91,2026-03-31T17:01:41.9180000-04:00,2026-03-31T21:01:41.9180000Z,Popup,v3,227,471344,16389,"DeAndrade, Nolan",1000437002,Right,MAI_BLA,ef01855f-2f09-449b-b317-cfffb253c18f,55.12782,-130.72985,16.86782,6.66604,-8.13864,-5.43976,-0.0816,2.9219,-1.67964,,1.93514,28.37773,-9.17311,0.00452,1.95082,-1.05361,0.26488,-0.03254,0.00157,2.17116,103.18047,-25.62605,0.41083,1.5423,-0.77056,0.17477,-0.0195,0.00086,0.87585,43.56974,-1.34278,-0.49487,0.17305,0.03946,-0.0336,0.0065,-0.00041,,,,,,,,,,,,,,,,,,,,,,,High,High,High,Medium,Low,,,,207.790149,-1.985377,2076.92187,0.9994,1:00,0.0439,-0.462843,-0.885352,-20.692201,36.837639,22.434837,154.755918,-7.872332,0.422456,-0.136966,-0.895975,8.691426,-24.989748,0.136966,-0.422456,0.895975,-8.691426,24.989748,-0.136966,0.422456,0.895975,-154.755918,7.872332,-0.422456,0.136966,-0.895975,81.76577,12.20503,-5.1484
192,2026-03-31,17:02:04.03,5,4,"Martin, Tommy",1000396948,Right,MAI_BLA,"Wang, Nick",813482,Right,BOC_EAG,Undefined,7,Bottom,2,1,2,ChangeUp,Changeup,FoulBallNotFieldable,Undefined,Undefined,Undefined,0,0,,75.77872,0.515744,-1.465592,1775.256234,241.496621,2:00,6.47517,0.67162,5.58101,-38.9962,10.63693,16.45871,3.70731,0.67416,68.89785,-6.708108,1.47226,0.507058,82.62379,-25.313779,-71.209992,,,,,9.85688,9.85688,-58.805302,0.075242,-8.82623,5.70114,-0.55687,50,6.49421,2.20376,-109.93619,-0.18963,-10.69636,21.26588,-25.26493,BOC_EAG,MAI_BLA,HarringtonVillage,D1,ACC,20260331-HarringtonVillage-1,deed8490-2d44-11f1-8528-2919e47e1546,74.33562,3.9142,,6.88086,,,,2.43984,3.9142,-0.59732,627d9ed7-b483-4f20-be95-c4ef498f54ab,2026-03-31,21:02:04.03,2026-03-31T17:02:04.0300000-04:00,2026-03-31T21:02:04.0300000Z,GroundBall,v3,227,471344,16389,"DeAndrade, Nolan",1000437002,Right,MAI_BLA,4a888777-52e6-424b-b797-1364171d01ec,54.91733,-110.88331,10.63294,6.4776,0.93559,-12.63247,-0.66563,2.68014,-5.34818,180,2.43813,35.42577,,,,,,,,3.91671,-52.02134,,,,,,,,-0.5923,-104.12202,,,,,,,,,,,,,,,,,,,,,,,,,,,,,,High,High,High,High,High,,,,244.141601,-19.004691,1678.490417,0.945492,2:15,0.307323,-0.853721,-0.420373,105.545944,20.166171,-49.922975,177.701239,-70.710397,0.01325,-0.943861,-0.330077,70.724775,-0.759198,0.943861,-0.01325,0.330077,-70.724775,0.759198,-0.943861,0.01325,0.330077,-177.701239,70.710397,-0.01325,0.943861,-0.330077,70.93808,20.71581,-37.24167
193,2026-03-31,17:02:28.37,5,5,"Martin, Tommy",1000396948,Right,MAI_BLA,"Wang, Nick",813482,Right,BOC_EAG,Undefined,7,Bottom,2,1,2,Fastball,Four-Seam,BallCalled,Undefined,Undefined,Undefined,0,0,,89.4368,-2.681824,-3.175171,2094.256141,210.997559,1:00,6.74881,0.07652,5.41097,-15.96902,20.01655,11.26623,2.89983,-1.9624,81.06677,-5.718676,-1.17514,0.431753,,,,,,,,,,,,-6.57079,11.20481,0.19817,50,6.49903,6.6597,-129.38912,-6.54976,-11.05844,28.8237,-13.3167,BOC_EAG,MAI_BLA,HarringtonVillage,D1,ACC,20260331-HarringtonVillage-1,ed66f650-2d44-11f1-8528-2919e47e1546,87.30091,,,8.37003,,,,,,,627d9ed7-b483-4f20-be95-c4ef498f54ab,2026-03-31,21:02:28.37,2026-03-31T17:02:28.3710000-04:00,2026-03-31T21:02:28.3710000Z,,v3,227,471344,16389,"DeAndrade, Nolan",1000437002,Right,MAI_BLA,ba4805f1-d76b-4581-930c-284c08c4297e,55.08469,-130.51691,14.41185,6.74511,-6.02872,-6.65835,-0.07087,7.09239,-5.52922,,,,,,,,,,,,,,,,,,,,,,,,,,,,,,,,,,,,,,,,,,,,,,,,,,,High,High,High,,,,,,203.292485,-4.447675,2087.949436,0.996989,12:45,0.045041,-0.390174,-0.919639,-25.495288,34.107687,24.828294,155.524938,1.175456,0.41421,0.020514,-0.90995,1.291471,24.469574,0.020514,0.41421,0.90995,-1.291471,-24.469574,-0.020514,-0.41421,0.90995,-155.524938,-1.175456,-0.41421,-0.020514,-0.90995,,,
194,2026-03-31,17:02:46.75,5,6,"Martin, Tommy",1000396948,Right,MAI_BLA,"Wang, Nick",813482,Right,BOC_EAG,Undefined,7,Bottom,2,2,2,ChangeUp,Changeup,StrikeSwinging,Strikeout,Undefined,Undefined,0,0,,76.39843,-0.821633,-2.734452,1901.329883,240.03286,2:00,6.34645,0.56797,5.62976,-39.499,9.32422,13.23631,2.28732,-0.88234,69.60971,-8.113032,-0.370075,0.502903,,,,,,,,,,,,-7.50225,5.49859,-0.34353,50,6.25148,4.78373,-110.71902,-2.80387,-9.2304,21.39948,-25.40885,BOC_EAG,MAI_BLA,HarringtonVillage,D1,ACC,20260331-HarringtonVillage-1,f862b300-2d44-11f1-8528-2919e47e1546,74.94968,,,6.78872,,,,,,,627d9ed7-b483-4f20-be95-c4ef498f54ab,2026-03-31,21:02:46.75,2026-03-31T17:02:46.7570000-04:00,2026-03-31T21:02:46.7570000Z,,v3,227,471344,16389,"DeAndrade, Nolan",1000437002,Right,MAI_BLA,ceaa896a-df7f-4a0b-8a40-ab2879df4754,54.8665,-111.65564,10.69974,6.34987,-1.69177,-12.70443,-0.56175,5.18773,-4.6152,,,,,,,,,,,,,,,,,,,,,,,,,,,,,,,,,,,,,,,,,,,,,,,,,,,High,High,High,,,,,,244.641328,-23.725893,1740.631096,0.915481,2:15,0.395006,-0.821414,-0.411398,109.089773,14.247917,-42.416339,169.789562,-67.059642,0.069093,-0.920911,-0.3836,67.386122,-3.961876,0.920911,-0.069093,0.3836,-67.386122,3.961876,-0.920911,0.069093,0.3836,-169.789562,67.059642,-0.069093,0.920911,-0.3836,,,
195,2026-03-31,17:05:06.49,1,1,"Hard, Sean",695717,Right,BOC_EAG,"St. Denis, Hunter",1000341731,Right,MAI_BLA,Undefined,8,Top,0,0,0,Fastball,Four-Seam,BallCalled,Undefined,Undefined,Undefined,0,0,,90.17583,-4.426698,-2.550847,2236.581949,188.397509,12:15,6.6124,0.73946,6.3686,-13.16127,21.13556,2.93803,1.4302,-1.36444,81.7346,-6.988931,-2.019611,0.421501,,,,,,,,,,,,-2.30874,12.71599,-0.55634,50,6.28523,5.69098,-130.45348,-10.39814,-3.93595,30.18568,-10.4957,BOC_EAG,MAI_BLA,HarringtonVillage,D1,ACC,20260331-HarringtonVillage-1,4ba6c510-2d45-11f1-8528-2919e47e1546,89.42437,,,8.44123,,,,,,,627d9ed7-b483-4f20-be95-c4ef498f54ab,2026-03-31,21:05:06.49,2026-03-31T17:05:06.4910000-04:00,2026-03-31T21:05:06.4910000Z,,v3,227,471344,16389,"Johnson, Gunnar",1000100233,Right,BOC_EAG,cda547e9-bbac-4a6b-9e88-7ee479748f32,54.1269,-131.40494,15.09284,6.60777,-10.06731,-5.24785,-0.73768,5.81504,-1.96798,,,,,,,,,,,,,,,,,,,,,,,,,,,,,,,,,,,,,,,,,,,,,,,,,,,High,High,High,,,,,,189.77817,22.424666,2067.455869,0.924382,12:15,-0.408391,-0.185966,-0.893663,-26.68105,21.952855,-43.786336,169.615889,1.568417,0.180179,0.027371,-0.983253,1.59452,10.380177,0.027371,0.180179,0.983253,-1.59452,-10.380177,-0.027371,-0.180179,0.983253,-169.615889,-1.568417,-0.180179,-0.027371,-0.983253,,,
196,2026-03-31,17:05:20.08,1,2,"Hard, Sean",695717,Right,BOC_EAG,"St. Denis, Hunter",1000341731,Right,MAI_BLA,Undefined,8,Top,0,1,0,Slider,Slider,StrikeSwinging,Undefined,Undefined,Undefined,0,0,,81.44722,-1.335283,-0.67485,2369.056236,95.448598,9:15,6.55778,1.26333,5.90841,-40.34742,1.96169,-5.99839,1.95579,0.13704,74.63017,-8.758881,-1.754187,0.468154,,,,,,,,,,,,2.87831,1.81693,-1.20573,50,6.42765,1.62266,-118.26415,-4.05971,4.04793,24.02887,-29.61878,BOC_EAG,MAI_BLA,HarringtonVillage,D1,ACC,20260331-HarringtonVillage-1,53e2c580-2d45-11f1-8528-2919e47e1546,80.51297,,,6.81705,,,,,,,627d9ed7-b483-4f20-be95-c4ef498f54ab,2026-03-31,21:05:20.08,2026-03-31T17:05:20.0830000-04:00,2026-03-31T21:05:20.0830000Z,,v3,227,471344,16389,"Johnson, Gunnar",1000100233,Right,BOC_EAG,687e8e1d-fbac-4def-87a8-2d6c8b27ac8c,54.59009,-119.19312,12.01444,6.56247,-2.91463,-14.80939,-1.26544,1.46616,2.02397,,,,,,,,,,,,,,,,,,,,,,,,,,,,,,,,,,,,,,,,,,,,,,,,,,,High,High,High,,,,,,177.420725,81.270841,359.537126,0.151764,12:00,-0.990025,-0.016205,-0.139959,99.012288,-28.32049,64.544804,152.976443,3.143615,0.453673,0.054839,-0.889479,3.527981,26.979591,0.054839,0.453673,0.889479,-3.527981,-26.979591,-0.054839,-0.453673,0.889479,-152.976443,-3.143615,-0.453673,-0.054839,-0.889479,,,
197,2026-03-31,17:05:33.87,1,3,"Hard, Sean",695717,Right,BOC_EAG,"St. Denis, Hunter",1000341731,Right,MAI_BLA,Undefined,8,Top,0,1,1,Slider,Slider,InPlay,Undefined,FlyBall,Out,1,0,,81.73628,-1.288767,-1.716638,2435.17966,93.648121,9:00,6.68013,1.08141,5.70177,-40.66219,1.78319,-5.79933,2.09001,-1.00191,74.78032,-8.74046,-2.755179,0.468907,76.46622,23.571067,-19.271842,1936.456011,103.72843,34.48527,-36.61044,250.66141,241.17074,-20.994716,3.359179,2.45209,1.67106,-0.93365,50,6.54658,3.77933,-118.59423,-4.02109,3.46081,24.58613,-29.81554,BOC_EAG,MAI_BLA,HarringtonVillage,D1,ACC,20260331-HarringtonVillage-1,5c021630-2d45-11f1-8528-2919e47e1546,80.38364,36.24052,,6.95596,,,,2.69601,2.34705,0.92938,627d9ed7-b483-4f20-be95-c4ef498f54ab,2026-03-31,21:05:33.87,2026-03-31T17:05:33.8740000-04:00,2026-03-31T21:05:33.8740000Z,LineDrive,v3,227,471344,16389,"Johnson, Gunnar",1000100233,Right,BOC_EAG,10ad1a9a-f086-4e3a-9b4c-22d40e43c987,54.79745,-119.58466,12.29307,6.68437,-2.81999,-14.90777,-1.08309,3.63992,1.7304,159.879644,2.69645,97.01924,-13.22663,2.39082,-0.30143,-0.05575,0.03042,-0.00447,0.00026,2.34682,44.8537,-16.00086,0.86725,-0.11366,0.02048,0.0086,-0.00387,0.00041,0.92928,-33.92267,2.1178,0.26999,-0.17735,0.04854,-0.006,-0.00061,0.00015,,,,,,,,,,,,,,,,,,,,,,,High,High,High,High,High,,,,176.493394,83.870827,260.00495,0.10677,12:00,-0.996925,-0.015834,-0.07674,-67.22378,40.30961,86.065727,150.770391,-0.832541,0.488259,-0.01453,-0.872578,0.953995,-29.226224,0.01453,-0.488259,0.872578,-0.953995,29.226224,-0.01453,0.488259,0.872578,-150.770391,0.832541,-0.488259,0.01453,-0.872578,58.87389,17.67307,-13.12245
198,2026-03-31,17:06:03.50,2,1,"Hard, Sean",695717,Right,BOC_EAG,"Rasmussen, Brody",1000250740,Right,MAI_BLA,Undefined,8,Top,1,0,0,Curveball,Curveball,StrikeCalled,Undefined,Undefined,Undefined,0,0,,79.21709,1.017506,-0.488574,2577.275191,22.384365,6:45,6.63236,1.1242,5.7281,-56.06582,-11.42461,-5.25264,2.90798,0.23144,73.18447,-9.19393,-1.430975,0.480883,,,,,,,,,,,,2.53158,-5.63961,-1.08023,50,6.68286,1.1841,-115.17829,0.14379,3.40385,21.20784,-39.75684,BOC_EAG,MAI_BLA,HarringtonVillage,D1,ACC,20260331-HarringtonVillage-1,6da59ec0-2d45-11f1-8528-2919e47e1546,78.38173,,,6.03262,,,,,,,627d9ed7-b483-4f20-be95-c4ef498f54ab,2026-03-31,21:06:03.50,2026-03-31T17:06:03.5070000-04:00,2026-03-31T21:06:03.5070000Z,,v3,227,471344,16389,"Johnson, Gunnar",1000100233,Right,BOC_EAG,d748e529-db2d-4ea9-8c39-0aa2adb589c4,54.77417,-116.05403,10.60392,6.64303,1.78548,-19.87842,-1.12623,1.04355,1.70192,,,,,,,,,,,,,,,,,,,,,,,,,,,,,,,,,,,,,,,,,,,,,,,,,,,High,High,High,,,,,,15.436455,66.00486,1048.072523,0.406659,6:30,-0.908138,0.124446,0.399748,39.891563,-37.274216,-61.13339,171.367884,11.160155,0.147251,0.193552,-0.969977,11.284758,8.467671,0.193552,0.147251,0.969977,-11.284758,-8.467671,-0.193552,-0.147251,0.969977,-171.367884,-11.160155,-0.147251,-0.193552,-0.969977,,,
199,2026-03-31,17:06:15.64,2,2,"Hard, Sean",695717,Right,BOC_EAG,"Rasmussen, Brody",1000250740,Right,MAI_BLA,Undefined,8,Top,1,0,1,Fastball,Four-Seam,StrikeSwinging,Undefined,Undefined,Undefined,0,0,,91.02097,-2.065135,-0.901532,2234.199793,187.26388,12:15,6.69393,0.78133,6.18757,-13.11572,20.53592,2.46839,3.69312,0.15456,82.43475,-4.62493,-0.456104,0.417517,,,,,,,,,,,,-1.54563,11.57816,-0.71454,50,6.53131,1.9735,-132.07221,-5.07215,-2.70378,30.65151,-11.92012,BOC_EAG,MAI_BLA,HarringtonVillage,D1,ACC,20260331-HarringtonVillage-1,7582b650-2d45-11f1-8528-2919e47e1546,90.27756,,,8.58623,,,,,,,627d9ed7-b483-4f20-be95-c4ef498f54ab,2026-03-31,21:06:15.64,2026-03-31T17:06:15.6450000-04:00,2026-03-31T21:06:15.6450000Z,,v3,227,471344,16389,"Johnson, Gunnar",1000100233,Right,BOC_EAG,8ececa5a-6f82-48ca-82e9-f548e73e2195,54.30814,-133.06829,15.32576,6.68985,-4.68478,-5.96006,-0.7801,2.06136,-1.35189,,,,,,,,,,,,,,,,,,,,,,,,,,,,,,,,,,,,,,,,,,,,,,,,,,,High,High,High,,,,,,190.617787,22.068653,2070.509647,0.926734,12:15,-0.383606,-0.184185,-0.904943,-10.069951,24.492367,-18.10969,174.471036,-7.087315,0.095613,-0.123382,-0.987742,7.120103,-5.486588,0.123382,-0.095613,0.987742,-7.120103,5.486588,-0.123382,0.095613,0.987742,-174.471036,7.087315,-0.095613,0.123382,-0.987742,,,
200,2026-03-31,17:06:29.56,2,3,"Hard, Sean",695717,Right,BOC_EAG,"Rasmussen, Brody",1000250740,Right,MAI_BLA,Undefined,8,Top,1,0,2,Fastball,Four-Seam,StrikeSwinging,Strikeout,Undefined,Undefined,0,0,,91.51643,-1.920438,-1.681209,2257.495541,184.835732,12:15,6.7147,0.71196,6.36384,-12.66335,20.38493,1.62835,3.89073,-0.6999,82.9425,-4.402304,-1.386563,0.413757,,,,,,,,,,,,-1.35008,11.49741,-0.59104,50,6.56934,3.82945,-132.80369,-4.73347,-2.39027,30.73529,-11.81812,BOC_EAG,MAI_BLA,HarringtonVillage,D1,ACC,20260331-HarringtonVillage-1,7fb5cbd0-2d45-11f1-8528-2919e47e1546,91.09792,,,8.57393,,,,,,,627d9ed7-b483-4f20-be95-c4ef498f54ab,2026-03-31,21:06:29.56,2026-03-31T17:06:29.5680000-04:00,2026-03-31T21:06:29.5680000Z,,v3,227,471344,16389,"Johnson, Gunnar",1000100233,Right,BOC_EAG,01279316-ed2c-4ff4-b20c-064cc37b5732,54.13147,-133.75643,15.36764,6.71039,-4.36713,-5.90906,-0.7109,3.90354,-1.19513,,,,,,,,,,,,,,,,,,,,,,,,,,,,,58.97702,2.392872,1.180518,1.212354,-1.671,3.64803,0.77417,-5.45577,4.1402,3.21705,75.21334,7.72878,49.5771,-5.39564,72.99522,-5.38105,4.20537,22.08823,-15.83915,3.21212,39.2807,-0.85399,High,High,High,,,High,High,High,188.307744,27.566509,2001.211644,0.886474,12:15,-0.483763,-0.143523,-0.863351,-28.118338,14.617133,-45.845088,179.485236,-1.549662,0.008981,-0.027043,-0.999594,1.549725,-0.514576,0.027043,-0.008981,0.999594,-1.549725,0.514576,-0.027043,0.008981,0.999594,-179.485236,1.549662,-0.008981,0.027043,-0.999594,,,
201,2026-03-31,17:06:57.38,3,1,"Hard, Sean",695717,Right,BOC_EAG,"Hauser, Rex",1000318641,Right,MAI_BLA,Undefined,8,Top,2,0,0,Fastball,Four-Seam,FoulBallNotFieldable,Undefined,Undefined,Undefined,0,0,,91.5547,-2.230927,-1.953244,2333.90764,183.598976,12:00,6.65487,0.99778,6.52043,-9.09186,24.02942,1.4339,3.84809,-0.67554,82.25008,-4.09097,-1.69314,0.414214,69.7737,43.813989,-178.362366,3857.411678,,,,,45.21768,,,-1.40268,13.70087,-0.86241,50,6.49521,4.47071,-132.78019,-5.30092,-2.45735,33.38789,-8.17141,BOC_EAG,MAI_BLA,HarringtonVillage,D1,ACC,20260331-HarringtonVillage-1,8dc1fcd0-2d45-11f1-8528-2919e47e1546,90.99747,37.38435,,9.30462,,,,1.82359,3.92878,0.65837,627d9ed7-b483-4f20-be95-c4ef498f54ab,2026-03-31,21:06:57.38,2026-03-31T17:06:57.3870000-04:00,2026-03-31T21:06:57.3870000Z,,v3,227,471344,16389,"Johnson, Gunnar",1000100233,Right,BOC_EAG,0e4b0ec8-8374-4835-a891-177d9b32ee86,53.97606,-133.77625,16.69395,6.64972,-5.05715,-4.0857,-0.99688,4.54402,-1.22867,356.21201,1.82359,-73.81344,3.09771,1.12871,-0.92425,1.86684,-3.37656,3.3126,-1.295,3.92878,70.8486,-33.28136,5.08326,-2.24381,4.39507,-8.04609,7.81347,-3.00002,0.65837,-2.11006,-1.16865,1.2587,-1.17862,3.11064,-5.83267,5.69848,-2.20119,,,,,,,,,,,,,,,,,,,,,,,High,High,High,High,Undefined,,,,192.06859,28.904197,2043.170726,0.875429,12:30,-0.504757,-0.201714,-0.839364,-29.203053,12.063521,-44.724543,177.914736,0.741398,0.036384,0.012939,-0.999254,0.741889,2.085089,0.012939,0.036384,0.999254,-0.741889,-2.085089,-0.012939,-0.036384,0.999254,-177.914736,-0.741398,-0.036384,-0.012939,-0.999254,75.09382,20.78729,19.61547
202,,,3,2,"Hard, Sean",695717,Right,BOC_EAG,"Hauser, Rex",1000318641,Right,MAI_BLA,Undefined,8,Top,2,0,1,Curveball,,BallCalled,Undefined,Undefined,Undefined,0,0,,,,,,,,,,,,,,,,,,,,,,,,,,,,,,,,,,,,,,,,,,BOC_EAG,MAI_BLA,HarringtonVillage,D1,ACC,20260331-HarringtonVillage-1,84772470-2d45-11f1-8528-2919e47e1546,,,,,,,,,,,627d9ed7-b483-4f20-be95-c4ef498f54ab,,,,,,v3,227,471344,16389,"Johnson, Gunnar",1000100233,Right,BOC_EAG,edeb6d2d-5230-461f-83b8-7c9a91eac181,,,,,,,,,,,,,,,,,,,,,,,,,,,,,,,,,,,,,,,,,,,,,,,,,,,,,,,,,,,,,,,,,,,,,,,,,,,,,,,,,,,,,,,,,,,,,,,,,,,,,
203,,,3,3,"Hard, Sean",695717,Right,BOC_EAG,"Hauser, Rex",1000318641,Right,MAI_BLA,Undefined,8,Top,2,1,1,Curveball,,FoulBallNotFieldable,Undefined,Undefined,Undefined,0,0,,,,,,,,,,,,,,,,,,,,,,,,,,,,,,,,,,,,,,,,,,BOC_EAG,MAI_BLA,HarringtonVillage,D1,ACC,20260331-HarringtonVillage-1,d459bc00-2d45-11f1-a9e0-a38939dcfd59,,,,,,,,,,,627d9ed7-b483-4f20-be95-c4ef498f54ab,,,,,,v3,227,471344,16389,"Johnson, Gunnar",1000100233,Right,BOC_EAG,d9453f00-2de6-4936-9385-44094e7b35c8,,,,,,,,,,,,,,,,,,,,,,,,,,,,,,,,,,,,,,,,,,,,,,,,,,,,,,,,,,,,,,,,,,,,,,,,,,,,,,,,,,,,,,,,,,,,,,,,,,,,,
204,,,3,4,"Hard, Sean",695717,Right,BOC_EAG,"Hauser, Rex",1000318641,Right,MAI_BLA,Undefined,8,Top,2,1,2,Curveball,,BallCalled,Undefined,Undefined,Undefined,0,0,,,,,,,,,,,,,,,,,,,,,,,,,,,,,,,,,,,,,,,,,,BOC_EAG,MAI_BLA,HarringtonVillage,D1,ACC,20260331-HarringtonVillage-1,d8890dd0-2d45-11f1-a9e0-a38939dcfd59,,,,,,,,,,,627d9ed7-b483-4f20-be95-c4ef498f54ab,,,,,,v3,227,471344,16389,"Johnson, Gunnar",1000100233,Right,BOC_EAG,24cd4390-b29f-48a3-971d-1d71142de6ac,,,,,,,,,,,,,,,,,,,,,,,,,,,,,,,,,,,,,,,,,,,,,,,,,,,,,,,,,,,,,,,,,,,,,,,,,,,,,,,,,,,,,,,,,,,,,,,,,,,,,
205,,,3,5,"Hard, Sean",695717,Right,BOC_EAG,"Hauser, Rex",1000318641,Right,MAI_BLA,Undefined,8,Top,3,2,2,Fastball,,StrikeSwinging,Strikeout,Undefined,Undefined,0,0,,,,,,,,,,,,,,,,,,,,,,,,,,,,,,,,,,,,,,,,,,BOC_EAG,MAI_BLA,HarringtonVillage,D1,ACC,20260331-HarringtonVillage-1,db325be0-2d45-11f1-a9e0-a38939dcfd59,,,,,,,,,,,627d9ed7-b483-4f20-be95-c4ef498f54ab,,,,,,v3,227,471344,16389,"Johnson, Gunnar",1000100233,Right,BOC_EAG,2ad2a30e-3951-4f5b-abf5-53e75977d6e4,,,,,,,,,,,,,,,,,,,,,,,,,,,,,,,,,,,,,,,,,,,,,,,,,,,,,,,,,,,,,,,,,,,,,,,,,,,,,,,,,,,,,,,,,,,,,,,,,,,,,
206,2026-03-31,17:10:40.99,1,1,"Martin, Tommy",1000396948,Right,MAI_BLA,"Toomey, Jack",809057,Right,BOC_EAG,Undefined,8,Bottom,0,0,0,Curveball,Curveball,FoulBallNotFieldable,Undefined,Undefined,Undefined,0,0,,75.22741,1.621222,-0.982127,2062.686909,29.396582,7:00,5.41127,2.23993,5.50032,-60.22271,-9.77233,-6.43874,1.90969,0.78468,68.86513,-9.339177,-2.131419,0.511215,,,,,,,,,,,,2.97366,-5.03599,-2.14953,50,5.51181,2.10917,-109.19485,1.12967,3.55697,20.89601,-38.19789,BOC_EAG,MAI_BLA,HarringtonVillage,D1,ACC,20260331-HarringtonVillage-1,131b6880-2d46-11f1-a9e0-a38939dcfd59,73.7311,,,6.36228,,,,,,,627d9ed7-b483-4f20-be95-c4ef498f54ab,2026-03-31,21:10:40.99,2026-03-31T17:10:40.9980000-04:00,2026-03-31T21:10:40.9980000Z,,v3,227,471344,16389,"DeAndrade, Nolan",1000437002,Right,MAI_BLA,27373d9f-fb3f-46db-8f28-1c9bf854ea4e,55.00145,-110.14779,10.44801,5.42057,2.87164,-19.09894,-2.24202,1.94696,1.77849,,,,,,,,,,,,,,,,,,,,,,,,,,,,,,,,,,,,,,,,,,,,,,,,,,,High,High,High,,,,,,25.817019,51.173658,1293.226417,0.626962,6:45,-0.761226,0.294973,0.577517,-70.202367,-12.439395,24.292001,150.065476,25.772962,0.449371,0.434806,-0.780391,29.125009,26.703304,0.434806,0.449371,0.780391,-29.125009,-26.703304,-0.434806,-0.449371,0.780391,-150.065476,-25.772962,-0.449371,-0.434806,-0.780391,,,
207,2026-03-31,17:11:00.62,1,2,"Martin, Tommy",1000396948,Right,MAI_BLA,"Toomey, Jack",809057,Right,BOC_EAG,Undefined,8,Bottom,0,0,1,Fastball,Four-Seam,BallCalled,Undefined,Undefined,Undefined,0,0,,90.00443,-4.053936,-3.701726,1927.76901,212.69359,1:00,5.98554,1.68416,5.89861,-13.97552,20.88178,12.63568,1.04322,-0.70419,81.97345,-6.739623,-1.439876,0.424931,,,,,,,,,,,,-7.53835,12.2189,-1.39333,50,5.65035,7.88217,-130.14962,-9.61391,-12.8826,28.25303,-11.29273,BOC_EAG,MAI_BLA,HarringtonVillage,D1,ACC,20260331-HarringtonVillage-1,1eb89550-2d46-11f1-a9e0-a38939dcfd59,88.70251,,,8.03098,,,,,,,627d9ed7-b483-4f20-be95-c4ef498f54ab,2026-03-31,21:11:00.62,2026-03-31T17:11:00.6290000-04:00,2026-03-31T21:11:00.6290000Z,,v3,227,471344,16389,"DeAndrade, Nolan",1000437002,Right,MAI_BLA,84eb85f1-b6f7-4ae5-8e11-a945c88a3401,54.59944,-131.14427,14.12651,5.98181,-9.21635,-5.64637,-1.67881,8.33571,-6.4413,,,,,,,,,,,,,,,,,,,,,,,,,,,,,,,,,,,,,,,,,,,,,,,,,,,High,High,High,,,,,,216.936079,0.05148,1927.768232,1,1:15,-0.010106,-0.599483,-0.800323,-12.557959,25.825455,73.796435,170.077127,-3.330827,0.172031,-0.058101,-0.983377,3.381294,-9.905942,0.058101,-0.172031,0.983377,-3.381294,9.905942,-0.058101,0.172031,0.983377,-170.077127,3.330827,-0.172031,0.058101,-0.983377,,,
208,2026-03-31,17:11:17.23,1,3,"Martin, Tommy",1000396948,Right,MAI_BLA,"Toomey, Jack",809057,Right,BOC_EAG,Undefined,8,Bottom,0,1,1,ChangeUp,Changeup,BallCalled,Undefined,Undefined,Undefined,0,0,,79.655,-1.867308,-3.690303,1861.805439,248.718958,2:15,5.39032,2.14211,6.05617,-34.1875,9.99737,21.77202,0.80877,0.53593,72.68099,-8.228539,0.227088,0.478419,,,,,,,,,,,,-12.36713,6.15055,-1.86683,50,5.22665,6.64864,-115.44828,-4.7767,-16.56308,23.0316,-23.93673,BOC_EAG,MAI_BLA,HarringtonVillage,D1,ACC,20260331-HarringtonVillage-1,28b00160-2d46-11f1-a9e0-a38939dcfd59,78.78545,,,6.97401,,,,,,,627d9ed7-b483-4f20-be95-c4ef498f54ab,2026-03-31,21:11:17.23,2026-03-31T17:11:17.2330000-04:00,2026-03-31T21:11:17.2330000Z,,v3,227,471344,16389,"DeAndrade, Nolan",1000437002,Right,MAI_BLA,7a5d576b-250f-410a-b2e8-fd47c5aaa0a8,54.44343,-116.33136,11.5158,5.3922,-3.85892,-11.96836,-2.13392,7.2837,-8.28154,,,,,,,,,,,,,,,,,,,,,,,,,,,,,,,,,,,,,,,,,,,,,,,,,,,High,High,High,,,,,,249.53469,-11.319037,1825.592392,0.98055,2:15,0.203567,-0.911778,-0.356681,-55.305281,-17.593255,10.647317,175.42474,14.104076,0.077364,0.243684,-0.966764,14.147356,4.437057,0.243684,0.077364,0.966764,-14.147356,-4.437057,-0.243684,-0.077364,0.966764,-175.42474,-14.104076,-0.077364,-0.243684,-0.966764,,,
209,2026-03-31,17:11:35.71,1,4,"Martin, Tommy",1000396948,Right,MAI_BLA,"Toomey, Jack",809057,Right,BOC_EAG,Undefined,8,Bottom,0,2,1,Fastball,Four-Seam,InPlay,Undefined,LineDrive,Single,0,0,,89.96981,-3.021142,-3.538178,1825.539468,208.919038,1:00,5.9286,1.86271,5.93424,-14.76394,19.94198,10.37705,1.88748,-0.55922,82.02078,-5.85132,-1.679169,0.424007,95.65578,15.706485,5.755819,1619.240503,108.71571,24.99433,16.75899,301.46572,299.37728,12.996296,2.982404,-6.36193,11.45804,-1.58601,50,5.67862,7.62331,-130.2986,-7.2968,-10.90724,28.07979,-12.52977,BOC_EAG,MAI_BLA,HarringtonVillage,D1,ACC,20260331-HarringtonVillage-1,33a359a0-2d46-11f1-a9e0-a38939dcfd59,88.89575,28.54464,,7.94903,,,,0.90174,1.81255,0.56827,627d9ed7-b483-4f20-be95-c4ef498f54ab,2026-03-31,21:11:35.71,2026-03-31T17:11:35.7130000-04:00,2026-03-31T21:11:35.7130000Z,LineDrive,v3,227,471344,16389,"DeAndrade, Nolan",1000437002,Right,MAI_BLA,377eb641-9a9d-4687-b941-62b4bdf4ef66,54.56457,-131.2786,14.0399,5.92565,-6.85951,-6.26489,-1.85871,8.00398,-5.45362,226.810203,0.90188,134.36899,-19.66581,3.90696,-0.62156,0.05279,0.00302,-0.00134,0.00012,1.81229,37.99125,-13.93346,0.40989,-0.18188,0.11975,-0.03841,0.00684,-0.00052,0.56804,13.5558,6.25621,-1.8308,0.29154,0.00967,-0.01435,0.00264,-0.00017,,,,,,,,,,,,,,,,,,,,,,,High,High,High,High,High,,,,219.869,2.52452,1823.767715,0.999029,1:15,-0.057534,-0.641844,-0.764674,-15.273336,34.119106,74.16957,174.47336,-8.350068,0.095288,-0.145221,-0.9848,8.388511,-5.467874,0.145221,-0.095288,0.9848,-8.388511,5.467874,-0.145221,0.095288,0.9848,-174.47336,8.350068,-0.095288,0.145221,-0.9848,77.56091,13.36118,-1.82385
210,2026-03-31,17:12:20.46,2,1,"Martin, Tommy",1000396948,Right,MAI_BLA,"Hendrickson, Carter",830138,Right,BOC_EAG,Undefined,8,Bottom,0,0,0,Fastball,Changeup,BallCalled,Undefined,Undefined,Undefined,0,0,,89.12866,-3.723154,-3.003792,1793.403807,224.677573,1:30,5.8977,1.72868,5.92807,-18.18796,17.49107,16.02182,0.9179,0.27422,80.73991,-7.176828,-0.128885,0.42991,,,,,,,,,,,,-9.19166,10.51713,-1.49773,50,5.58926,6.09897,-128.95921,-8.93634,-15.29753,29.75001,-14.67058,BOC_EAG,MAI_BLA,HarringtonVillage,D1,ACC,20260331-HarringtonVillage-1,4e4ce960-2d46-11f1-a9e0-a38939dcfd59,87.67508,,,8.38875,,,,,,,627d9ed7-b483-4f20-be95-c4ef498f54ab,2026-03-31,21:12:20.46,2026-03-31T17:12:20.4630000-04:00,2026-03-31T21:12:20.4630000Z,,v3,227,471344,16389,"DeAndrade, Nolan",1000437002,Right,MAI_BLA,ee7ab435-0390-4ceb-93cf-b4b1ae7b279e,54.57023,-130.00926,14.875,5.89553,-8.41853,-7.33529,-1.72252,6.6389,-7.64877,,,,,,,,,,,,,,,,,,,,,,,,,,,,,,,,,,,,,,,,,,,,,,,,,,,High,High,High,,,,,,219.227938,2.80602,1791.253515,0.998801,1:15,-0.048368,-0.633495,-0.772234,-0.361033,29.362678,77.030945,170.231068,5.065916,0.169012,0.088302,-0.98165,5.140056,9.7304,0.088302,0.169012,0.98165,-5.140056,-9.7304,-0.088302,-0.169012,0.98165,-170.231068,-5.065916,-0.169012,-0.088302,-0.98165,,,
211,2026-03-31,17:12:41.83,2,2,"Martin, Tommy",1000396948,Right,MAI_BLA,"Hendrickson, Carter",830138,Right,BOC_EAG,Undefined,8,Bottom,0,1,0,Fastball,Changeup,StrikeCalled,Undefined,Undefined,Undefined,0,0,,86.80638,-2.025245,-3.305236,1691.783992,223.659418,1:30,5.47909,2.24661,5.91208,-22.37552,15.29875,13.28272,1.73087,0.28243,78.34166,-6.256205,-0.924082,0.441768,,,,,,,,,,,,-7.85079,8.88075,-1.98883,50,5.30378,6.70529,-125.67375,-5.1253,-12.37273,28.93284,-18.17809,BOC_EAG,MAI_BLA,HarringtonVillage,D1,ACC,20260331-HarringtonVillage-1,5b126990-2d46-11f1-a9e0-a38939dcfd59,85.32188,,,8.46473,,,,,,,627d9ed7-b483-4f20-be95-c4ef498f54ab,2026-03-31,21:12:41.83,2026-03-31T17:12:41.8360000-04:00,2026-03-31T21:12:41.8360000Z,,v3,227,471344,16389,"DeAndrade, Nolan",1000437002,Right,MAI_BLA,e42d06c9-5fc6-4c9c-9680-1a9b6412ff2d,54.58426,-126.72475,14.46642,5.47797,-4.46497,-9.08904,-2.24057,7.15473,-6.18637,,,,,,,,,,,,,,,,,,,,,,,,,,,,,,,,,,,,,,,,,,,,,,,,,,,High,High,High,,,,,,236.244956,0.772932,1691.630054,0.999909,1:45,-0.016161,-0.831302,-0.555585,-24.159107,43.99278,69.362752,169.663617,-7.629622,0.177838,-0.132769,-0.975062,7.753965,-10.243883,0.132769,-0.177838,0.975062,-7.753965,10.243883,-0.132769,0.177838,0.975062,-169.663617,7.629622,-0.177838,0.132769,-0.975062,,,
212,2026-03-31,17:13:01.36,2,3,"Martin, Tommy",1000396948,Right,MAI_BLA,"Hendrickson, Carter",830138,Right,BOC_EAG,Undefined,8,Bottom,0,1,1,Fastball,Changeup,FoulBallNotFieldable,Undefined,Undefined,Undefined,0,0,,87.99255,-1.162569,-3.17852,1730.011725,216.183619,1:15,5.35373,2.44232,5.86867,-20.99627,15.41103,10.36938,2.52234,0.35093,79.91464,-5.127924,-1.321748,0.434276,,,,,,,,,,,,-6.30516,8.60764,-2.19107,50,5.24744,6.6601,-127.57495,-3.23986,-10.31628,28.01248,-18.0905,BOC_EAG,MAI_BLA,HarringtonVillage,D1,ACC,20260331-HarringtonVillage-1,66b00b90-2d46-11f1-a9e0-a38939dcfd59,86.79377,,,8.07791,,,,,,,627d9ed7-b483-4f20-be95-c4ef498f54ab,2026-03-31,21:13:01.36,2026-03-31T17:13:01.3610000-04:00,2026-03-31T21:13:01.3610000Z,,v3,227,471344,16389,"DeAndrade, Nolan",1000437002,Right,MAI_BLA,fe69e7bc-6984-4569-ac9d-7ce8cc559a6a,54.6302,-128.58761,14.00624,5.35274,-2.58588,-9.04525,-2.43858,7.03304,-5.15814,,,,,,,,,,,,,,,,,,,,,,,,,,,,,,,,,,,,,,,,,,,,,,,,,,,High,High,High,,,,,,236.022991,4.785974,1723.979718,0.996513,1:45,-0.097427,-0.827893,-0.552359,-20.207475,47.129779,67.314612,171.863324,-6.745457,0.140555,-0.117459,-0.983081,6.813411,-8.079974,0.117459,-0.140555,0.983081,-6.813411,8.079974,-0.117459,0.140555,0.983081,-171.863324,6.745457,-0.140555,0.117459,-0.983081,,,
213,2026-03-31,17:13:41.80,2,4,"Martin, Tommy",1000396948,Right,MAI_BLA,"Hendrickson, Carter",830138,Right,BOC_EAG,Undefined,8,Bottom,0,1,2,ChangeUp,Changeup,BallCalled,Undefined,Undefined,Undefined,0,0,,79.43503,-1.606036,-2.224961,1729.07736,247.199287,2:15,5.60837,2.10444,6.15484,-33.98439,11.14205,22.1406,1.29103,1.89284,71.01285,-8.006138,1.7725,0.483489,,,,,,,,,,,,-12.14162,6.88579,-1.94581,50,5.46938,3.62358,-115.02186,-4.19386,-15.7773,27.30256,-23.22639,BOC_EAG,MAI_BLA,HarringtonVillage,D1,ACC,20260331-HarringtonVillage-1,7ed2c960-2d46-11f1-a9e0-a38939dcfd59,77.9592,,,8.42218,,,,,,,627d9ed7-b483-4f20-be95-c4ef498f54ab,2026-03-31,21:13:41.80,2026-03-31T17:13:41.8040000-04:00,2026-03-31T21:13:41.8040000Z,,v3,227,471344,16389,"DeAndrade, Nolan",1000437002,Right,MAI_BLA,77bc86fa-824f-4faa-a44a-9f53ebab5c87,54.3394,-116.04732,13.65128,5.61052,-3.32149,-11.6132,-2.09304,4.21616,-7.88865,,,,,,,,,,,,,,,,,,,,,,,,,,,,,,,,,,,,,,,,,,,,,,,,,,,High,High,High,,,,,,248.381656,-13.597323,1680.614758,0.971972,2:15,0.246231,-0.896658,-0.367933,-57.133619,-15.092681,-1.433927,170.509659,-7.240482,0.163567,-0.126034,-0.978448,7.339866,-9.413972,0.126034,-0.163567,0.978448,-7.339866,9.413972,-0.126034,0.163567,0.978448,-170.509659,7.240482,-0.163567,0.126034,-0.978448,,,
214,2026-03-31,17:14:00.98,2,5,"Martin, Tommy",1000396948,Right,MAI_BLA,"Hendrickson, Carter",830138,Right,BOC_EAG,Undefined,8,Bottom,0,2,2,ChangeUp,Changeup,StrikeSwinging,Strikeout,Undefined,Undefined,0,0,,80.02238,-0.621619,-4.453957,1756.889997,237.983759,2:00,5.58225,1.97123,6.13888,-30.88939,13.5232,18.8208,2.43189,-0.58488,71.56263,-6.467853,-1.071434,0.47965,,,,,,,,,,,,-11.1578,7.69878,-1.63999,50,5.51911,8.2855,-115.68956,-2.12211,-14.76352,26.35089,-21.98734,BOC_EAG,MAI_BLA,HarringtonVillage,D1,ACC,20260331-HarringtonVillage-1,8a453cb0-2d46-11f1-a9e0-a38939dcfd59,78.58321,,,8.45975,,,,,,,627d9ed7-b483-4f20-be95-c4ef498f54ab,2026-03-31,21:14:00.98,2026-03-31T17:14:00.9830000-04:00,2026-03-31T21:14:00.9830000Z,,v3,227,471344,16389,"DeAndrade, Nolan",1000437002,Right,MAI_BLA,ba42a768-a13c-402b-ba70-db9d0dfa119f,54.35523,-116.67734,13.17544,5.58322,-1.2979,-10.99367,-1.96095,8.83892,-7.38176,,,,,,,,,,,,,,,,,,,,,,,,,,,,,,,,,,,,,,,,,,,,,,,,,,,High,High,High,,,,,,244.863266,-5.570776,1748.592282,0.995277,2:15,0.07369,-0.899915,-0.429794,-56.757286,-2.975977,0.070509,177.097569,-7.549432,0.050196,-0.131382,-0.99006,7.559017,-2.877251,0.131382,-0.050196,0.99006,-7.559017,2.877251,-0.131382,0.050196,0.99006,-177.097569,7.549432,-0.050196,0.131382,-0.99006,,,
215,2026-03-31,17:14:49.92,3,1,"Martin, Tommy",1000396948,Right,MAI_BLA,"Gallo, Luke",828057,Right,BOC_EAG,Undefined,8,Bottom,1,0,0,Fastball,Four-Seam,BallCalled,Undefined,Undefined,Undefined,0,0,,88.18665,-2.054839,-4.280584,1842.820527,210.570537,1:00,5.9139,1.7328,6.10784,-16.45875,19.76781,10.90465,2.63608,-1.32416,79.61777,-5.230926,-2.323711,0.433196,,,,,,,,,,,,-6.90079,11.17808,-1.40885,50,5.74685,9.08873,-127.56972,-5.00936,-11.24106,29.06137,-13.96541,BOC_EAG,MAI_BLA,HarringtonVillage,D1,ACC,20260331-HarringtonVillage-1,a77661b0-2d46-11f1-a9e0-a38939dcfd59,87.01004,,,8.56888,,,,,,,627d9ed7-b483-4f20-be95-c4ef498f54ab,2026-03-31,21:14:49.92,2026-03-31T17:14:49.9240000-04:00,2026-03-31T21:14:49.9240000Z,,v3,227,471344,16389,"DeAndrade, Nolan",1000437002,Right,MAI_BLA,15137c58-d0e0-4cdf-9a3a-61196d87a58f,54.38707,-128.56525,14.53069,5.91026,-4.53096,-6.98271,-1.72679,9.4738,-5.62053,,,,,,,,,,,,,,,,,,,,,,,,,,,,,,,,,,,,,,,,,,,,,,,,,,,High,High,High,,,,,,221.178884,2.032042,1841.661676,0.999371,1:15,-0.067953,-0.658846,-0.749202,-13.413091,30.804995,62.8983,171.557526,0.638201,0.146807,0.011138,-0.989102,0.645192,8.441947,0.011138,0.146807,0.989102,-0.645192,-8.441947,-0.011138,-0.146807,0.989102,-171.557526,-0.638201,-0.146807,-0.011138,-0.989102,,,
216,2026-03-31,17:15:08.63,3,2,"Martin, Tommy",1000396948,Right,MAI_BLA,"Gallo, Luke",828057,Right,BOC_EAG,Undefined,8,Bottom,1,1,0,Fastball,Changeup,BallCalled,Undefined,Undefined,Undefined,0,0,,86.77492,-2.088452,-2.039049,1721.557409,220.187233,1:15,5.53771,2.09987,6.05696,-19.73147,17.82627,13.86536,1.95827,1.36718,78.04842,-5.865388,0.456685,0.441084,,,,,,,,,,,,-7.73815,10.248,-1.94838,50,5.36481,3.894,-125.71199,-5.12826,-12.16072,29.75423,-16.06909,BOC_EAG,MAI_BLA,HarringtonVillage,D1,ACC,20260331-HarringtonVillage-1,b29277a0-2d46-11f1-a9e0-a38939dcfd59,85.45411,,,8.72649,,,,,,,627d9ed7-b483-4f20-be95-c4ef498f54ab,2026-03-31,21:15:08.63,2026-03-31T17:15:08.6370000-04:00,2026-03-31T21:15:08.6370000Z,,v3,227,471344,16389,"DeAndrade, Nolan",1000437002,Right,MAI_BLA,b9692014-1684-4129-b8cc-d7c92a38351a,54.4373,-126.75788,14.87712,5.53514,-4.56342,-8.03455,-2.09277,4.32146,-6.08036,,,,,,,,,,,,,,,,,,,,,,,,,,,,,,,,,,,,,,,,,,,,,,,,,,,High,High,High,,,,,,233.987585,7.058116,1708.511493,0.992422,1:45,-0.114242,-0.806705,-0.579807,-21.062498,42.884555,59.143065,171.044471,-2.428196,0.155528,-0.042367,-0.986923,2.458126,-8.947421,0.042367,-0.155528,0.986923,-2.458126,8.947421,-0.042367,0.155528,0.986923,-171.044471,2.428196,-0.155528,0.042367,-0.986923,,,
217,2026-03-31,17:15:41.98,3,3,"Martin, Tommy",1000396948,Right,MAI_BLA,"Gallo, Luke",828057,Right,BOC_EAG,Undefined,8,Bottom,1,2,0,Fastball,Changeup,BallCalled,Undefined,Undefined,Undefined,0,0,,86.38787,-2.619293,-4.570923,1786.358372,213.07307,1:00,5.91711,1.88229,6.08952,-20.17788,17.61536,10.58851,1.80327,-1.47256,78.21396,-6.457032,-2.67206,0.442464,,,,,,,,,,,,-6.83591,10.27339,-1.53448,50,5.70373,9.55218,-124.88847,-6.2907,-10.68305,27.61822,-16.11898,BOC_EAG,MAI_BLA,HarringtonVillage,D1,ACC,20260331-HarringtonVillage-1,c67541d0-2d46-11f1-a9e0-a38939dcfd59,85.18751,,,8.17391,,,,,,,627d9ed7-b483-4f20-be95-c4ef498f54ab,2026-03-31,21:15:41.98,2026-03-31T17:15:41.9830000-04:00,2026-03-31T21:15:41.9830000Z,,v3,227,471344,16389,"DeAndrade, Nolan",1000437002,Right,MAI_BLA,44dab983-d7df-4d62-b885-5e195d674bc2,54.40619,-125.85909,13.80911,5.91486,-5.72421,-8.05949,-1.87679,9.92763,-5.34153,,,,,,,,,,,,,,,,,,,,,,,,,,,,,,,,,,,,,,,,,,,,,,,,,,,High,High,High,,,,,,225.247908,4.236101,1781.478279,0.997268,1:30,-0.097246,-0.710855,-0.696583,-14.949713,37.392378,63.677923,173.265327,-1.694689,0.11722,-0.029574,-0.992665,1.706457,-6.731714,0.029574,-0.11722,0.992665,-1.706457,6.731714,-0.029574,0.11722,0.992665,-173.265327,1.694689,-0.11722,0.029574,-0.992665,,,
218,2026-03-31,17:16:02.26,3,4,"Martin, Tommy",1000396948,Right,MAI_BLA,"Gallo, Luke",828057,Right,BOC_EAG,Undefined,8,Bottom,1,3,0,Fastball,Changeup,BallCalled,Walk,Undefined,Undefined,0,0,,87.02598,-3.438854,-1.887338,1713.316599,214.145301,1:15,5.92502,1.78728,5.95515,-20.96974,16.52954,10.26237,0.98287,0.89157,78.57384,-7.406844,-0.042693,0.44074,,,,,,,,,,,,-5.89248,10.01485,-1.64308,50,5.63985,3.72965,-125.97184,-8.18896,-9.30946,29.60172,-16.35175,BOC_EAG,MAI_BLA,HarringtonVillage,D1,ACC,20260331-HarringtonVillage-1,d2849160-2d46-11f1-a9e0-a38939dcfd59,85.52073,,,8.45214,,,,,,,627d9ed7-b483-4f20-be95-c4ef498f54ab,2026-03-31,21:16:02.26,2026-03-31T17:16:02.2670000-04:00,2026-03-31T21:16:02.2670000Z,,v3,227,471344,16389,"DeAndrade, Nolan",1000437002,Right,MAI_BLA,669f478b-0dca-4e08-93fb-d6af70d454cd,54.54127,-127.0345,14.80086,5.92328,-7.60196,-8.17587,-1.78297,4.06385,-4.65473,,,,,,,,,,,,,,,,,,,,,,,,,,,,,,,,,,,,,,,,,,,,,,,,,,,High,High,High,,,,,,224.200855,5.961073,1704.052153,0.994593,1:30,-0.085522,-0.698387,-0.710593,-18.87887,36.778506,65.887485,173.453218,-6.786165,0.113216,-0.118164,-0.986519,6.830288,-6.500717,0.118164,-0.113216,0.986519,-6.830288,6.500717,-0.118164,0.113216,0.986519,-173.453218,6.786165,-0.113216,0.118164,-0.986519,,,
219,2026-03-31,17:17:20.48,4,1,"Martin, Tommy",1000396948,Right,MAI_BLA,"Surowiec, Danny",831970,Left,BOC_EAG,Undefined,8,Bottom,1,0,0,ChangeUp,Changeup,InPlay,Undefined,LineDrive,Single,0,1,,80.04686,-0.362306,-3.268293,1833.453412,257.36759,2:30,5.40298,2.17597,6.14029,-37.31829,6.39701,21.6873,1.95775,0.95959,72.64067,-7.323008,0.641042,0.47587,80.19041,10.984551,27.078346,2592.313223,,,,125.52445,124.17953,32.164283,1.272911,-12.27894,3.84819,-1.93785,50,5.35613,5.83685,-116.10354,-1.84323,-16.55143,24.27043,-26.98687,BOC_EAG,MAI_BLA,HarringtonVillage,D1,ACC,20260331-HarringtonVillage-1,01297c60-2d47-11f1-a9e0-a38939dcfd59,79.20746,8.2375,,7.40619,,,,1.92295,1.97718,-1.04064,627d9ed7-b483-4f20-be95-c4ef498f54ab,2026-03-31,21:17:20.48,2026-03-31T17:17:20.4860000-04:00,2026-03-31T21:17:20.4860000Z,LineDrive,v3,227,471344,16389,"DeAndrade, Nolan",1000437002,Right,MAI_BLA,136448d8-e88f-4b63-8b32-d7d175f9ebb1,54.35922,-117.01125,12.13522,5.40619,-0.83392,-13.49344,-2.16772,6.45587,-8.27572,274.270383,1.92295,102.80169,-20.52348,4.20978,-0.95733,0.21908,-0.04977,0.0093,-0.00095,1.97718,22.41037,-21.32172,2.52472,-0.57982,0.1379,-0.03022,0.00571,-0.0006,-1.04064,52.55727,0.693,-0.1012,0.02313,-0.00487,0.0012,-0.00021,3E-05,,,,,,,,,,,,,,,,,,,,,,,High,High,High,High,High,,,,252.721568,-9.413537,1808.763296,0.986534,2:30,0.152532,-0.940961,-0.302203,-60.767449,-10.140432,-2.725992,171.795754,-9.522047,0.140736,-0.165427,-0.976129,9.618676,-8.090446,0.165427,-0.140736,0.976129,-9.618676,8.090446,-0.165427,0.140736,0.976129,-171.795754,9.522047,-0.140736,0.165427,-0.976129,70.25101,17.19594,9.69572
220,2026-03-31,17:20:48.81,5,1,"Rumpf, Brennan",1000145142,Right,MAI_BLA,"Johnson, Gunnar",1000100233,Right,BOC_EAG,Undefined,8,Bottom,1,0,0,Slider,Slider,InPlay,Undefined,Bunt,Single,0,1,,82.16007,-0.137069,-2.928853,2312.329498,349.019259,5:45,6.27124,1.96532,5.12939,-45.699,-2.26799,0.74913,2.33373,-0.73301,74.25823,-8.442907,-2.796319,0.47432,,,,,,,,,,,,-1.3524,-0.65862,-1.69083,50,6.22298,6.05052,-118.88414,-1.969,-1.89861,26.84148,-33.09866,BOC_EAG,MAI_BLA,HarringtonVillage,D1,ACC,20260331-HarringtonVillage-1,7d57ccb0-2d47-11f1-a9e0-a38939dcfd59,79.46627,,,7.90184,,,,,,,627d9ed7-b483-4f20-be95-c4ef498f54ab,2026-03-31,21:20:48.81,2026-03-31T17:20:48.8110000-04:00,2026-03-31T21:20:48.8110000Z,,v3,227,471344,16389,"DeAndrade, Nolan",1000437002,Right,MAI_BLA,cab54b02-b0df-4638-84ba-1bc3a26dca50,55.36815,-120.09004,13.42074,6.27803,-0.48199,-16.54933,-1.96457,6.13582,-0.9493,,,,,,,,,,,,,,,,,,,,,,,,,,,,,,,,,,,,,,,,,,,,,,,,,,,High,High,High,,,,,,299.309001,74.478369,618.784355,0.267602,4:00,-0.955017,-0.235651,0.180029,-23.842796,11.268177,81.756889,120.358769,-23.448126,0.791622,-0.397919,-0.463676,40.635596,-52.337328,0.397919,-0.791622,0.463676,-40.635596,52.337328,-0.397919,0.791622,0.463676,-120.358769,23.448126,-0.791622,0.397919,-0.463676,,,
221,2026-03-31,17:21:25.59,6,1,"Rumpf, Brennan",1000145142,Right,MAI_BLA,"Larson, Colin",831502,Left,BOC_EAG,Undefined,8,Bottom,1,0,0,Slider,Slider,StrikeCalled,Undefined,Undefined,Undefined,0,0,,83.13214,-0.313027,-1.989989,2454.043527,12.994834,6:30,6.30323,2.05345,4.97849,-44.9588,-2.4887,-0.92362,2.26086,0.09634,75.37999,-8.455435,-2.153149,0.469043,,,,,,,,,,,,-0.18567,-0.65728,-1.86059,50,6.23652,4.22345,-120.36909,-2.38526,-0.26828,26.65262,-33.1238,BOC_EAG,MAI_BLA,HarringtonVillage,D1,ACC,20260331-HarringtonVillage-1,934f4610-2d47-11f1-a9e0-a38939dcfd59,80.36024,,,7.75214,,,,,,,627d9ed7-b483-4f20-be95-c4ef498f54ab,2026-03-31,21:21:25.59,2026-03-31T17:21:25.5910000-04:00,2026-03-31T21:21:25.5910000Z,,v3,227,471344,16389,"DeAndrade, Nolan",1000437002,Right,MAI_BLA,e14214de-560c-46e2-a3da-e5e0a21d1138,55.51817,-121.5848,13.32631,6.31086,-0.87437,-16.5619,-2.05351,4.23568,-0.13414,,,,,,,,,,,,,,,,,,,,,,,,,,,,,,,,,,,,,,,,,,,,,,,,,,,High,High,High,,,,,,302.316245,74.71978,646.738724,0.26354,4:00,-0.957944,-0.227987,0.174256,-14.929611,-7.884364,74.263593,120.403767,-26.783245,0.769951,-0.450617,-0.451796,44.925119,-50.34953,0.450617,-0.769951,0.451796,-44.925119,50.34953,-0.450617,0.769951,0.451796,-120.403767,26.783245,-0.769951,0.450617,-0.451796,,,
222,2026-03-31,17:21:40.92,6,2,"Rumpf, Brennan",1000145142,Right,MAI_BLA,"Larson, Colin",831502,Left,BOC_EAG,Undefined,8,Bottom,1,0,1,Slider,Slider,StrikeCalled,Undefined,Undefined,Undefined,0,0,,82.85468,0.035999,-1.241028,2476.194698,58.590548,8:00,6.24279,2.05594,5.14026,-44.05475,-1.24354,-4.70831,2.60547,0.49485,74.47934,-8.00231,-2.075386,0.470923,,,,,,,,,,,,1.88764,-0.07996,-1.93599,50,6.21283,2.80776,-119.91081,-1.57789,2.6849,28.17754,-32.2878,BOC_EAG,MAI_BLA,HarringtonVillage,D1,ACC,20260331-HarringtonVillage-1,9c674ea0-2d47-11f1-a9e0-a38939dcfd59,80.03949,,,8.37534,,,,,,,627d9ed7-b483-4f20-be95-c4ef498f54ab,2026-03-31,21:21:40.92,2026-03-31T17:21:40.9200000-04:00,2026-03-31T21:21:40.9200000Z,,v3,227,471344,16389,"DeAndrade, Nolan",1000437002,Right,MAI_BLA,84804fd4-45b7-409a-9b1d-548340545139,55.3538,-121.16235,14.08877,6.25107,-0.14378,-16.1439,-2.05805,2.6885,1.34245,,,,,,,,,,,,,,,,,,,,,,,,,,,,,,,,,,,,,,,,,,,,,,,,,,,High,High,High,,,,,,296.488436,74.737807,651.82487,0.263237,4:00,-0.96211,-0.234997,0.138278,-22.80717,12.017576,77.706694,115.674077,-26.97972,0.803185,-0.453675,-0.386099,49.600615,-53.435335,0.453675,-0.803185,0.386099,-49.600615,53.435335,-0.453675,0.803185,0.386099,-115.674077,26.97972,-0.803185,0.453675,-0.386099,,,
223,2026-03-31,17:21:56.79,6,3,"Rumpf, Brennan",1000145142,Right,MAI_BLA,"Larson, Colin",831502,Left,BOC_EAG,Undefined,8,Bottom,1,0,2,Slider,Slider,StrikeSwinging,Strikeout,Undefined,Undefined,0,0,,84.45115,-1.655953,-3.340759,2481.313767,63.542943,8:00,6.25183,1.89428,5.29898,-41.62549,0.11437,-3.34709,1.22531,-1.52459,75.05048,-9.27238,-3.934466,0.464993,,,,,,,,,,,,0.34409,1.28669,-1.58785,50,6.07167,7.26074,-121.80415,-5.06964,0.49711,32.45554,-30.31511,BOC_EAG,MAI_BLA,HarringtonVillage,D1,ACC,20260331-HarringtonVillage-1,a5e0d820-2d47-11f1-a9e0-a38939dcfd59,81.06015,,,9.40068,,,,,,,627d9ed7-b483-4f20-be95-c4ef498f54ab,2026-03-31,21:21:56.79,2026-03-31T17:21:56.7960000-04:00,2026-03-31T21:21:56.7960000Z,,v3,227,471344,16389,"DeAndrade, Nolan",1000437002,Right,MAI_BLA,3e6ff759-1868-43a9-b985-b4f79b959a43,55.19217,-123.17987,16.22777,6.25932,-3.78465,-15.15756,-1.89518,7.23967,0.24856,,,,,,,,,,,,,,,,,,,,,,,,,,,,,,,,,,,,,,,,,,,,,,,,,,,High,High,High,,,,,,291.516137,72.896025,729.770824,0.294107,3:45,-0.939571,-0.301117,0.162897,-21.374115,22.017779,83.093869,111.156879,-26.297164,0.83608,-0.443027,-0.32357,53.856997,-56.728446,0.443027,-0.83608,0.32357,-53.856997,56.728446,-0.443027,0.83608,0.32357,-111.156879,26.297164,-0.83608,0.443027,-0.32357,,,
224,2026-03-31,17:25:56.37,7,1,"Rumpf, Brennan",1000145142,Right,MAI_BLA,"Solier, Julio",827632,Right,BOC_EAG,Undefined,8,Bottom,2,0,0,Slider,Slider,InPlay,Undefined,GroundBall,Single,0,1,,83.04124,0.020724,-1.775359,2341.414994,52.302401,7:45,6.24218,2.02637,5.2085,-44.17026,-0.74441,-3.46315,2.58082,0.06769,73.1571,-8.10083,-2.389576,0.474292,104.34861,3.407014,-9.656381,1878.428544,,,,77.18802,76.00915,-10.253206,0.539449,0.99051,0.15898,-1.85943,50,6.21151,3.86878,-119.89265,-1.57572,1.37705,32.84759,-31.95304,BOC_EAG,MAI_BLA,HarringtonVillage,D1,ACC,20260331-HarringtonVillage-1,34a85ba0-2d48-11f1-a9e0-a38939dcfd59,79.471,3.3424,,9.88413,,,,1.41188,2.59137,-0.09804,627d9ed7-b483-4f20-be95-c4ef498f54ab,2026-03-31,21:25:56.37,2026-03-31T17:25:56.3720000-04:00,2026-03-31T21:25:56.3720000Z,GroundBall,v3,227,471344,16389,"DeAndrade, Nolan",1000437002,Right,MAI_BLA,d96a6743-2d21-4288-a538-a13ab0464ba6,55.28382,-121.33165,16.4238,6.24988,-0.17592,-15.97652,-2.0276,3.80845,0.68853,19.787644,1.4367,149.98949,-22.04869,,,,,,,2.6228,8.30697,-24.51222,,,,,,,-0.09514,-25.69999,0.7457,,,,,,,,,,,,,,,,,,,,,,,,,,,,,High,High,High,High,High,,,,296.90456,74.9544,607.802569,0.259588,4:00,-0.9617,-0.231141,0.14733,-18.326703,14.443086,73.958481,109.711001,-30.580885,0.810467,-0.508754,-0.290365,60.284994,-54.14162,0.508754,-0.810467,0.290365,-60.284994,54.14162,-0.508754,0.810467,0.290365,-109.711001,30.580885,-0.810467,0.508754,-0.290365,71.48717,11.17196,-6.57907
225,2026-03-31,17:26:46.72,8,1,"Rumpf, Brennan",1000145142,Right,MAI_BLA,"Mainolfi, Ty",839397,Left,BOC_EAG,Undefined,8,Bottom,2,0,0,Slider,Slider,StrikeSwinging,Undefined,Undefined,Undefined,0,0,,83.81475,-1.612084,-2.298149,2441.115142,31.855983,7:00,6.20865,1.90185,5.27248,-43.00959,-1.59295,-1.91343,1.10869,-0.41739,76.11299,-9.422457,-2.638127,0.46319,,,,,,,,,,,,0.20803,0.1222,-1.69032,50,6.02959,4.95126,-121.35256,-4.9991,0.30487,27.56973,-31.99498,BOC_EAG,MAI_BLA,HarringtonVillage,D1,ACC,20260331-HarringtonVillage-1,52a709d0-2d48-11f1-a9e0-a38939dcfd59,81.37583,,,7.70177,,,,,,,627d9ed7-b483-4f20-be95-c4ef498f54ab,2026-03-31,21:26:46.72,2026-03-31T17:26:46.7250000-04:00,2026-03-31T21:26:46.7250000Z,,v3,227,471344,16389,"DeAndrade, Nolan",1000437002,Right,MAI_BLA,0a129f5a-834d-4fe9-a9a0-06729887fe47,55.22554,-122.53399,13.78487,6.21444,-3.62805,-15.99749,-1.90221,4.9382,0.15243,,,,,,,,,,,,,,,,,,,,,,,,,,,,,,,,,,,,,,,,,,,,,,,,,,,High,High,High,,,,,,303.723649,73.214923,704.951189,0.288782,4:00,-0.943065,-0.267026,0.198304,-24.451388,9.881749,83.757843,122.713919,-23.356378,0.772434,-0.396449,-0.496159,38.626129,-50.572977,0.396449,-0.772434,0.496159,-38.626129,50.572977,-0.396449,0.772434,0.496159,-122.713919,23.356378,-0.772434,0.396449,-0.496159,,,
226,2026-03-31,17:27:04.56,8,2,"Rumpf, Brennan",1000145142,Right,MAI_BLA,"Mainolfi, Ty",839397,Left,BOC_EAG,Undefined,8,Bottom,2,0,1,Slider,Slider,InPlay,Undefined,GroundBall,Out,1,0,,84.2381,-1.015538,-1.186888,2394.991683,39.343976,7:15,6.19991,1.89767,5.27957,-41.4212,-0.51559,-1.62618,1.79408,0.64732,76.36506,-8.565878,-1.476026,0.460323,90.99816,-19.154437,16.866278,,,,,6.80698,6.80698,7.418047,0.041853,0.42878,0.48102,-1.78814,50,6.07695,2.59878,-122.06116,-3.69293,0.63622,27.73201,-31.46032,BOC_EAG,MAI_BLA,HarringtonVillage,D1,ACC,20260331-HarringtonVillage-1,5d4cb740-2d48-11f1-a9e0-a38939dcfd59,81.88254,1.83557,,7.87304,,,,1.69275,1.83557,-0.65443,627d9ed7-b483-4f20-be95-c4ef498f54ab,2026-03-31,21:27:04.56,2026-03-31T17:27:04.5630000-04:00,2026-03-31T21:27:04.5630000Z,GroundBall,v3,227,471344,16389,"DeAndrade, Nolan",1000437002,Right,MAI_BLA,0dae5f98-2b64-40ca-b5ad-8e5a3d562af7,55.21783,-123.24094,13.86601,6.20559,-2.35455,-15.73016,-1.89812,2.57171,0.31811,,1.69153,120.83321,,,,,,,,1.83602,-43.85741,,,,,,,,-0.6548,36.63427,,,,,,,,,,,,,,,,,,,,,,,,,,,,,,High,High,High,Estimated,Estimated,,,,287.560962,72.737249,710.723605,0.296754,3:30,-0.947731,-0.299805,0.109191,-26.839593,14.092002,77.952818,115.94836,-30.183817,0.777274,-0.502776,-0.378235,53.046091,-51.011652,0.502776,-0.777274,0.378235,-53.046091,51.011652,-0.502776,0.777274,0.378235,-115.94836,30.183817,-0.777274,0.502776,-0.378235,71.42531,4.23194,2.33126
227,2026-03-31,17:29:33.66,1,1,"Hard, Sean",695717,Right,BOC_EAG,"Reynolds, Drew",1000120249,Left,MAI_BLA,Undefined,9,Top,0,0,0,Fastball,Four-Seam,FoulBallNotFieldable,Undefined,Undefined,Undefined,0,0,,89.56218,-3.681179,-2.110045,2380.321706,184.788096,12:15,6.6452,1.01827,6.39388,-11.90627,23.03005,1.81701,2.2604,-0.77183,80.46207,-6.047388,-1.781244,0.425412,90.05614,-7.803596,82.916326,,,,,17.53883,7.47976,74.550001,0.126033,-1.6661,13.67036,-0.86757,50,6.37489,4.70536,-129.66407,-8.58235,-2.77835,32.29116,-9.37747,BOC_EAG,MAI_BLA,HarringtonVillage,D1,ACC,20260331-HarringtonVillage-1,b621ce00-2d48-11f1-a9e0-a38939dcfd59,88.60219,2.26394,,9.10011,,,,2.63514,2.26394,0.51165,627d9ed7-b483-4f20-be95-c4ef498f54ab,2026-03-31,21:29:33.66,2026-03-31T17:29:33.6670000-04:00,2026-03-31T21:29:33.6670000Z,GroundBall,v3,227,471344,16389,"Johnson, Gunnar",1000100233,Right,BOC_EAG,5c6bf36b-68c1-4a07-bbf2-49a4ec9938a1,54.10282,-130.68183,16.14558,6.64073,-8.28679,-4.68873,-1.01725,4.79293,-1.38918,180,2.6346,16.16367,,,,,,,,2.26454,-17.96305,,,,,,,,0.50735,130.07181,,,,,,,,,,,,,,,,,,,,,,,,,,,,,,High,High,High,Low,Low,,,,196.197179,29.907909,2063.329346,0.866828,12:30,-0.512376,-0.27331,-0.814108,-38.81793,8.847477,-53.116782,177.848318,3.74367,0.037465,0.065293,-0.997163,3.746304,2.147088,0.065293,0.037465,0.997163,-3.746304,-2.147088,-0.065293,-0.037465,0.997163,-177.848318,-3.74367,-0.037465,-0.065293,-0.997163,71.28193,31.82263,24.96779
228,2026-03-31,17:29:48.19,1,2,"Hard, Sean",695717,Right,BOC_EAG,"Reynolds, Drew",1000120249,Left,MAI_BLA,Undefined,9,Top,0,0,1,Curveball,Curveball,StrikeCalled,Undefined,Undefined,Undefined,0,0,,77.40981,1.267987,-0.1091,2496.606702,42.389343,7:30,6.67753,1.11418,5.71791,-56.87794,-10.0091,-10.43721,3.11905,0.14278,71.36693,-9.103907,-1.980681,0.492735,,,,,,,,,,,,5.26327,-4.96819,-1.09862,50,6.74851,0.60784,-112.51938,0.61108,6.73917,20.6546,-38.53539,BOC_EAG,MAI_BLA,HarringtonVillage,D1,ACC,20260331-HarringtonVillage-1,bedcc270-2d48-11f1-a9e0-a38939dcfd59,76.49633,,,6.04287,,,,,,,627d9ed7-b483-4f20-be95-c4ef498f54ab,2026-03-31,21:29:48.19,2026-03-31T17:29:48.1960000-04:00,2026-03-31T21:29:48.1960000Z,,v3,227,471344,16389,"Johnson, Gunnar",1000100233,Right,BOC_EAG,e6857c2f-dc5b-4410-b356-63cfdace79b1,54.78413,-113.39418,10.3273,6.68807,2.24319,-19.26769,-1.11832,0.32242,3.36958,,,,,,,,,,,,,,,,,,,,,,,,,,,,,,,,,,,,,,,,,,,,,,,,,,,High,High,High,,,,,,18.320144,61.542559,1189.647711,0.476506,6:30,-0.874779,0.169197,0.454021,22.846302,-38.601324,-49.709634,167.558852,15.062754,0.208035,0.259877,-0.942966,15.407941,12.007203,0.259877,0.208035,0.942966,-15.407941,-12.007203,-0.259877,-0.208035,0.942966,-167.558852,-15.062754,-0.208035,-0.259877,-0.942966,,,
229,2026-03-31,17:30:00.43,1,3,"Hard, Sean",695717,Right,BOC_EAG,"Reynolds, Drew",1000120249,Left,MAI_BLA,Undefined,9,Top,0,0,2,Fastball,Four-Seam,FoulBallNotFieldable,Undefined,Undefined,Undefined,0,0,,90.63962,-2.083801,-1.265061,2350.029016,187.849411,12:15,6.57555,1.05456,6.39229,-11.85934,21.67981,2.8339,3.6694,0.12699,82.403,-4.418433,-0.751827,0.416819,75.04218,36.955871,-126.156858,3035.704566,,,,,45.94659,,,-1.8478,12.24863,-0.96491,50,6.41999,2.79161,-131.61223,-5.03835,-3.22228,29.44228,-10.81419,BOC_EAG,MAI_BLA,HarringtonVillage,D1,ACC,20260331-HarringtonVillage-1,c6170a50-2d48-11f1-a9e0-a38939dcfd59,90.4288,32.49146,,8.23662,,,,-0.51939,3.52396,-0.06063,627d9ed7-b483-4f20-be95-c4ef498f54ab,2026-03-31,21:30:00.43,2026-03-31T17:30:00.4330000-04:00,2026-03-31T21:30:00.4330000Z,,v3,227,471344,16389,"Johnson, Gunnar",1000100233,Right,BOC_EAG,39ee94e1-ebb8-432b-9d48-3fcd14f3e0e2,54.10476,-132.5273,14.72114,6.57136,-4.70224,-5.40709,-1.05323,2.89176,-1.61114,50.124321,-0.51939,-51.89066,-1.05622,1.02099,1.36992,-7.18379,16.60769,-18.87962,8.46026,3.52396,66.16889,-25.06254,2.49308,0.52167,-4.44988,10.30092,-11.606,5.15658,-0.06063,-71.01126,10.87942,-1.50887,-0.44239,3.23899,-7.41576,8.32556,-3.68805,,,,,,,,,,,,,,,,,,,,,,,High,High,High,High,Undefined,,,,198.515712,24.583571,2137.011658,0.909355,12:30,-0.424183,-0.303715,-0.853127,-33.459509,-5.022703,-48.310804,172.544867,-1.885331,0.12968,-0.032899,-0.99101,1.901392,-7.451074,0.032899,-0.12968,0.99101,-1.901392,7.451074,-0.032899,0.12968,0.99101,-172.544867,1.885331,-0.12968,0.032899,-0.99101,63.63317,9.36576,-21.72649
230,2026-03-31,17:30:16.76,1,4,"Hard, Sean",695717,Right,BOC_EAG,"Reynolds, Drew",1000120249,Left,MAI_BLA,Undefined,9,Top,0,0,2,Fastball,Four-Seam,FoulBallNotFieldable,Undefined,Undefined,Undefined,0,0,,89.96516,-3.64891,-1.637094,2352.707717,186.768603,12:15,6.56054,1.0872,6.35662,-12.28347,21.97371,2.46701,2.17266,-0.21436,81.7423,-6.054525,-1.190716,0.421257,,,,,,,,,,,,-1.77504,12.89079,-0.96968,50,6.28974,3.62757,-130.40452,-8.58222,-3.03294,29.40088,-10.14803,BOC_EAG,MAI_BLA,HarringtonVillage,D1,ACC,20260331-HarringtonVillage-1,cfd787e0-2d48-11f1-a9e0-a38939dcfd59,89.47609,,,8.22286,,,,,,,627d9ed7-b483-4f20-be95-c4ef498f54ab,2026-03-31,21:30:16.76,2026-03-31T17:30:16.7640000-04:00,2026-03-31T21:30:16.7640000Z,,v3,227,471344,16389,"Johnson, Gunnar",1000100233,Right,BOC_EAG,85081510-d537-456f-a060-0ef6a9f00889,54.14032,-131.33468,14.70044,6.55618,-8.26117,-5.07402,-1.08596,3.72352,-1.51647,,,,,,,,,,,,,,,,,,,,,,,,,,,,,,,,,,,,,,,,,,,,,,,,,,,High,High,High,,,,,,195.161358,31.490526,2006.21634,0.852727,12:30,-0.530411,-0.255813,-0.808222,-37.654933,7.877225,-47.598979,176.767968,-3.254969,0.056289,-0.056779,-0.996799,3.260144,-3.226812,0.056779,-0.056289,0.996799,-3.260144,3.226812,-0.056779,0.056289,0.996799,-176.767968,3.254969,-0.056289,0.056779,-0.996799,,,
231,2026-03-31,17:30:35.32,1,5,"Hard, Sean",695717,Right,BOC_EAG,"Reynolds, Drew",1000120249,Left,MAI_BLA,Undefined,9,Top,0,0,2,Curveball,Curveball,InPlay,Undefined,GroundBall,Out,1,0,,79.05136,-0.226026,-0.298715,2478.532512,6.011669,6:15,6.68675,0.96514,5.79946,-56.31432,-11.34713,-1.3439,1.78366,0.57531,72.8669,-10.481598,-0.540522,0.482636,88.16282,2.689472,12.075586,2444.480763,,,,61.50633,58.66152,13.270709,0.499671,0.60272,-5.38524,-0.93977,50,6.63416,0.64889,-114.90654,-2.31035,0.80101,22.48504,-39.33088,BOC_EAG,MAI_BLA,HarringtonVillage,D1,ACC,20260331-HarringtonVillage-1,daf06980-2d48-11f1-a9e0-a38939dcfd59,78.0971,2.24244,,6.18446,,,,1.20553,1.78393,-0.5782,627d9ed7-b483-4f20-be95-c4ef498f54ab,2026-03-31,21:30:35.32,2026-03-31T17:30:35.3270000-04:00,2026-03-31T21:30:35.3270000Z,GroundBall,v3,227,471344,16389,"Johnson, Gunnar",1000100233,Right,BOC_EAG,866d3a37-add0-4224-a83d-c6305d5cc9fe,54.70281,-115.82313,11.24252,6.69566,-0.70704,-19.66544,-0.96556,0.61624,0.40051,289.348715,1.21931,125.93501,-17.20089,,,,,,,1.79591,5.74568,-18.73756,,,,,,,-0.5877,27.27767,4.34825,,,,,,,,,,,,,,,,,,,,,,,,,,,,,High,High,High,High,High,,,,15.179038,64.632855,1061.845613,0.428417,6:30,-0.901849,0.10861,0.418178,41.201828,-43.993094,-67.19154,169.056312,1.903924,0.189739,0.033224,-0.981272,1.939163,10.937572,0.033224,0.189739,0.981272,-1.939163,-10.937572,-0.033224,-0.189739,0.981272,-169.056312,-1.903924,-0.189739,-0.033224,-0.981272,68.92645,19.72475,-3.31311
232,2026-03-31,17:31:05.59,2,1,"Hard, Sean",695717,Right,BOC_EAG,"DeAndrade, Nolan",1000437002,Right,MAI_BLA,Undefined,9,Top,1,0,0,Fastball,Four-Seam,FoulBallNotFieldable,Undefined,Undefined,Undefined,0,0,,88.75049,-3.596968,-2.136132,2154.087982,180.746685,12:00,6.58099,0.76413,6.51184,-13.61001,21.42273,0.26331,2.1394,-1.17507,80.63853,-6.251462,-2.088376,0.425999,75.82172,13.656528,167.383344,1724.110955,,,,135.983,47.272,172.508141,1.441545,-0.77189,12.55776,-0.61522,50,6.32272,4.78462,-128.56833,-8.35729,-1.28303,28.38917,-11.30102,BOC_EAG,MAI_BLA,HarringtonVillage,D1,ACC,20260331-HarringtonVillage-1,ecf46190-2d48-11f1-a9e0-a38939dcfd59,88.48016,10.59973,,8.11196,,,,1.61391,2.1309,1.08787,627d9ed7-b483-4f20-be95-c4ef498f54ab,2026-03-31,21:31:05.59,2026-03-31T17:31:05.5990000-04:00,2026-03-31T21:31:05.5990000Z,LineDrive,v3,227,471344,16389,"Johnson, Gunnar",1000100233,Right,BOC_EAG,786fc83c-f465-4332-837c-ad31abe75c1f,53.9806,-129.4443,14.19459,6.57521,-8.00858,-5.65051,-0.76346,4.82421,-0.64151,290.907903,1.58744,-105.19888,7.34408,,,,,,,2.30683,24.57708,-18.2356,,,,,,,1.27046,21.83557,-7.30259,,,,,,,,,,,,,,,,,,,,,,,,,,,,,High,High,High,High,Low,,,,192.108989,25.174739,1949.481252,0.905015,12:30,-0.445328,-0.21616,-0.868883,-29.024923,16.37024,-37.261582,178.287082,2.801614,0.029856,0.048878,-0.998358,2.802865,1.71087,0.048878,0.029856,0.998358,-2.802865,-1.71087,-0.048878,-0.029856,0.998358,-178.287082,-2.801614,-0.029856,-0.048878,-0.998358,72.83249,25.24708,-10.79839
233,2026-03-31,17:31:22.11,2,2,"Hard, Sean",695717,Right,BOC_EAG,"DeAndrade, Nolan",1000437002,Right,MAI_BLA,Undefined,9,Top,1,0,1,Slider,Slider,BallCalled,Undefined,Undefined,Undefined,0,0,,82.46063,-2.929691,-1.846344,2329.027198,90.11523,9:00,6.63464,0.86636,6.15448,-39.90179,1.4798,-6.15004,0.599,-1.35256,75.18016,-10.276584,-2.958256,0.462994,,,,,,,,,,,,2.57268,2.17984,-0.72307,50,6.39181,4.08574,-119.49341,-7.37548,3.65797,26.59275,-29.07461,BOC_EAG,MAI_BLA,HarringtonVillage,D1,ACC,20260331-HarringtonVillage-1,f6e64f60-2d48-11f1-a9e0-a38939dcfd59,81.41027,,,7.28047,,,,,,,627d9ed7-b483-4f20-be95-c4ef498f54ab,2026-03-31,21:31:22.11,2026-03-31T17:31:22.1190000-04:00,2026-03-31T21:31:22.1190000Z,,v3,227,471344,16389,"Johnson, Gunnar",1000100233,Right,BOC_EAG,08ce84d5-dab0-4477-bcda-36776468146e,54.34247,-120.45594,13.29638,6.63972,-6.32313,-14.5373,-0.86856,3.95334,1.82898,,,,,,,,,,,,,,,,,,,,,,,,,,,,,,,,,,,,,,,,,,,,,,,,,,,High,High,High,,,,,,171.31839,82.858773,289.534101,0.124315,11:45,-0.995349,-0.031974,-0.090869,79.887444,-25.107249,68.627767,156.013074,-14.097715,0.394284,-0.243576,-0.886121,15.369821,-23.221342,0.243576,-0.394284,0.886121,-15.369821,23.221342,-0.243576,0.394284,0.886121,-156.013074,14.097715,-0.394284,0.243576,-0.886121,,,
234,2026-03-31,17:31:35.22,2,3,"Hard, Sean",695717,Right,BOC_EAG,"DeAndrade, Nolan",1000437002,Right,MAI_BLA,Undefined,9,Top,1,1,1,Fastball,Four-Seam,FoulBallNotFieldable,Undefined,Undefined,Undefined,0,0,,89.99813,-2.459332,-1.208407,2217.88844,169.035767,11:45,6.56487,0.82942,6.39142,-13.90379,21.09749,-3.80181,3.14233,-0.59901,79.71729,-5.221704,-1.896897,0.425808,77.99324,45.452017,157.50907,3664.404812,,,,,46.71519,,,1.5187,12.34627,-0.74098,50,6.38165,2.9045,-130.29634,-5.89171,2.51869,36.36665,-11.69828,BOC_EAG,MAI_BLA,HarringtonVillage,D1,ACC,20260331-HarringtonVillage-1,fe9bbab0-2d48-11f1-a9e0-a38939dcfd59,88.5199,41.75161,,10.28084,,,,1.55421,3.12251,0.54311,627d9ed7-b483-4f20-be95-c4ef498f54ab,2026-03-31,21:31:35.22,2026-03-31T17:31:35.2250000-04:00,2026-03-31T21:31:35.2250000Z,,v3,227,471344,16389,"Johnson, Gunnar",1000100233,Right,BOC_EAG,8233b75f-ff67-42a5-b973-416171c7061f,54.10222,-131.43631,18.18333,6.56059,-5.52501,-5.84914,-0.83079,2.82554,1.25935,343.158159,1.55421,-74.14175,3.05475,1.39068,-0.50303,0.11399,0.07283,-0.11291,0.05127,3.12251,81.52151,-34.27689,5.17389,-1.12484,0.14955,0.14283,-0.19481,0.0871,0.54311,30.69679,-5.75192,0.89806,-0.16143,0.00816,0.02759,-0.03301,0.01445,,,,,,,,,,,,,,,,,,,,,,,High,High,High,High,Undefined,,,,193.625629,23.947949,2026.960592,0.913915,12:30,-0.414937,-0.232516,-0.879638,-24.958056,14.269713,-44.90457,174.779101,-2.381963,0.090917,-0.041561,-0.994991,2.391875,-5.216376,0.041561,-0.090917,0.994991,-2.391875,5.216376,-0.041561,0.090917,0.994991,-174.779101,2.381963,-0.090917,0.041561,-0.994991,79.84789,24.53796,-12.4086
235,2026-03-31,17:31:59.88,2,4,"Hard, Sean",695717,Right,BOC_EAG,"DeAndrade, Nolan",1000437002,Right,MAI_BLA,Undefined,9,Top,1,1,2,Slider,Slider,StrikeSwinging,Strikeout,Undefined,Undefined,0,0,,81.16388,-1.718158,-1.72105,2318.131166,61.026043,8:00,6.64908,0.88303,5.93191,-44.82105,-2.7352,-7.10323,1.31873,-1.30614,75.53176,-9.88515,-2.999951,0.466917,,,,,,,,,,,,3.22772,-0.64075,-0.74146,50,6.48611,3.80576,-117.97727,-4.99242,4.5741,21.29282,-33.08206,BOC_EAG,MAI_BLA,HarringtonVillage,D1,ACC,20260331-HarringtonVillage-1,0d576590-2d49-11f1-a9e0-a38939dcfd59,80.72627,,,5.63212,,,,,,,627d9ed7-b483-4f20-be95-c4ef498f54ab,2026-03-31,21:31:59.88,2026-03-31T17:31:59.8860000-04:00,2026-03-31T21:31:59.8860000Z,,v3,227,471344,16389,"Johnson, Gunnar",1000100233,Right,BOC_EAG,5780d21b-316c-4b91-ad85-4f436dabe8d2,54.56986,-118.79919,10.64641,6.65417,-3.71543,-16.54103,-0.88495,3.6292,2.28705,,,,,,,,,,,,,,,,,,,,,,,,,,,,,55.9751,2.548803,1.292749,1.256055,0.98418,1.24298,1.32885,-5.15606,3.81696,4.43763,72.51518,8.3786,52.28168,-5.07823,68.02092,-4.96968,3.88805,22.94293,-15.41571,4.41781,38.26983,-0.13089,High,High,High,,,High,High,High,67.24583,87.481845,101.849305,0.043936,8:15,-0.998839,0.010544,0.047013,-71.279248,43.407707,82.767235,158.684236,-6.67843,0.361041,-0.116297,-0.92527,7.163918,-21.16414,0.116297,-0.361041,0.92527,-7.163918,21.16414,-0.116297,0.361041,0.92527,-158.684236,6.67843,-0.361041,0.116297,-0.92527,,,
236,2026-03-31,17:32:36.25,3,1,"Hard, Sean",695717,Right,BOC_EAG,"Bear, Chris",10289909,Right,MAI_BLA,Undefined,9,Top,2,0,0,Fastball,Cutter,BallCalled,Undefined,Undefined,Undefined,0,0,,88.77536,-4.018374,-3.042346,2259.604277,166.583892,11:30,6.60327,0.79964,6.54664,-13.66095,21.12257,-4.77063,1.76855,-2.39052,81.36879,-6.653997,-3.906599,0.424481,,,,,,,,,,,,1.60973,12.43977,-0.58778,50,6.31767,7.02879,-128.55304,-9.32202,2.69669,26.37915,-11.3346,BOC_EAG,MAI_BLA,HarringtonVillage,D1,ACC,20260331-HarringtonVillage-1,22fe9c10-2d49-11f1-a9e0-a38939dcfd59,88.79651,,,7.40657,,,,,,,627d9ed7-b483-4f20-be95-c4ef498f54ab,2026-03-31,21:32:36.25,2026-03-31T17:32:36.2590000-04:00,2026-03-31T21:32:36.2590000Z,,v3,227,471344,16389,"Johnson, Gunnar",1000100233,Right,BOC_EAG,2417f965-cc63-4d18-a810-40ad1b37bb7e,53.94682,-129.36039,13.18957,6.59767,-8.97512,-5.6673,-0.80164,6.94625,1.34834,,,,,,,,,,,,,,,,,,,,,,,,,,,,,,,,,,,,,,,,,,,,,,,,,,,High,High,High,,,,,,190.399881,35.273474,1844.752308,0.816405,12:15,-0.607553,-0.18748,-0.771836,-30.39141,28.513879,-39.49229,176.49101,-1.743526,0.061177,-0.030426,-0.997663,1.746799,-3.507364,0.030426,-0.061177,0.997663,-1.746799,3.507364,-0.030426,0.061177,0.997663,-176.49101,1.743526,-0.061177,0.030426,-0.997663,,,
237,2026-03-31,17:32:55.95,3,2,"Hard, Sean",695717,Right,BOC_EAG,"Bear, Chris",10289909,Right,MAI_BLA,Undefined,9,Top,2,1,0,Slider,Slider,StrikeCalled,Undefined,Undefined,Undefined,0,0,,81.4788,-0.400124,-0.62446,2286.079857,87.454227,9:00,6.50448,1.18319,6.1584,-40.56632,1.06598,-5.16268,2.75428,0.17606,74.90552,-7.901169,-1.557314,0.464394,,,,,,,,,,,,2.49449,1.06713,-1.13324,50,6.4535,1.48257,-118.4494,-2.0929,3.53812,22.97062,-30.66047,BOC_EAG,MAI_BLA,HarringtonVillage,D1,ACC,20260331-HarringtonVillage-1,2ece71a0-2d49-11f1-a9e0-a38939dcfd59,81.16477,,,6.57328,,,,,,,627d9ed7-b483-4f20-be95-c4ef498f54ab,2026-03-31,21:32:55.95,2026-03-31T17:32:55.9590000-04:00,2026-03-31T21:32:55.9590000Z,,v3,227,471344,16389,"Johnson, Gunnar",1000100233,Right,BOC_EAG,474daeaa-1297-4ed4-9d81-a703781bc51d,54.34069,-119.28821,11.48531,6.50948,-0.97328,-15.33024,-1.18502,1.35337,1.76906,,,,,,,,,,,,,,,,,,,,,,,,,,,,,,,,,,,,,,,,,,,,,,,,,,,High,High,High,,,,,,182.64137,85.15596,193.045177,0.084444,12:00,-0.997237,-0.01085,-0.07349,89.212901,-11.523787,62.54561,151.639089,-1.931643,0.474754,-0.033707,-0.879473,2.194875,-28.343337,0.033707,-0.474754,0.879473,-2.194875,28.343337,-0.033707,0.474754,0.879473,-151.639089,1.931643,-0.474754,0.033707,-0.879473,,,
238,2026-03-31,17:33:08.88,3,3,"Hard, Sean",695717,Right,BOC_EAG,"Bear, Chris",10289909,Right,MAI_BLA,Undefined,9,Top,2,1,1,Fastball,Four-Seam,InPlay,Undefined,GroundBall,Out,1,0,,89.06104,-3.022433,-2.584379,2268.613161,178.029173,12:00,6.72274,0.65017,6.50295,-13.69131,21.19367,-0.68677,2.80236,-1.78065,80.66342,-5.699698,-2.708828,0.4251,68.47326,-5.454334,38.333054,,,,,31.66506,24.49794,39.338095,0.293998,-0.44862,12.41977,-0.46919,50,6.50487,5.85336,-129.08948,-7.12099,-0.74797,29.87535,-11.46772,BOC_EAG,MAI_BLA,HarringtonVillage,D1,ACC,20260331-HarringtonVillage-1,366d95d0-2d49-11f1-a9e0-a38939dcfd59,88.66732,2.81606,,8.39762,,,,1.35612,2.81606,1.78033,627d9ed7-b483-4f20-be95-c4ef498f54ab,2026-03-31,21:33:08.88,2026-03-31T17:33:08.8830000-04:00,2026-03-31T21:33:08.8830000Z,GroundBall,v3,227,471344,16389,"Johnson, Gunnar",1000100233,Right,BOC_EAG,a56d56c0-da56-4f76-9a0e-f1fb31131cb0,53.99398,-130.01053,14.93767,6.71896,-6.76744,-5.73386,-0.65,5.87642,-0.37399,180,1.34344,78.68831,,,,,,,,2.8176,-9.57847,,,,,,,,1.77031,62.21803,,,,,,,,,,,,,,,,,,,,,,,,,,,,,,High,High,High,High,Medium,,,,189.824739,28.930195,1985.512287,0.87521,12:15,-0.513598,-0.17464,-0.84007,-26.296727,15.108767,-48.221363,179.176462,-3.670863,0.014343,-0.064025,-0.997845,3.671241,-0.821848,0.064025,-0.014343,0.997845,-3.671241,0.821848,-0.064025,0.014343,0.997845,-179.176462,3.670863,-0.014343,0.064025,-0.997845,64.77837,14.87675,1.87753