PitchNo,Date,Time,PAofInning,PitchofPA,Pitcher,PitcherId,PitcherThrows,PitcherTeam,Batter,BatterId,BatterSide,BatterTeam,PitcherSet,Inning,Top/Bottom,Outs,Balls,Strikes,TaggedPitchType,AutoPitchType,PitchCall,KorBB,TaggedHitType,PlayResult,OutsOnPlay,RunsScored,Notes,RelSpeed,VertRelAngle,HorzRelAngle,SpinRate,SpinAxis,Tilt,RelHeight,RelSide,Extension,VertBreak,InducedVertBreak,HorzBreak,PlateLocHeight,PlateLocSide,ZoneSpeed,VertApprAngle,HorzApprAngle,ZoneTime,ExitSpeed,Angle,Direction,HitSpinRate,PositionAt110X,PositionAt110Y,PositionAt110Z,Distance,LastTrackedDistance,Bearing,HangTime,pfxx,pfxz,x0,y0,z0,vx0,vy0,vz0,ax0,ay0,az0,HomeTeam,AwayTeam,Stadium,Level,League,GameID,PitchUID,EffectiveVelo,MaxHeight,MeasuredDuration,SpeedDrop,PitchLastMeasuredX,PitchLastMeasuredY,PitchLastMeasuredZ,ContactPositionX,ContactPositionY,ContactPositionZ,GameUID,UTCDate,UTCTime,LocalDateTime,UTCDateTime,AutoHitType,System,HomeTeamForeignID,AwayTeamForeignID,GameForeignID,Catcher,CatcherId,CatcherThrows,CatcherTeam,PlayID,PitchTrajectoryXc0,PitchTrajectoryXc1,PitchTrajectoryXc2,PitchTrajectoryYc0,PitchTrajectoryYc1,PitchTrajectoryYc2,PitchTrajectoryZc0,PitchTrajectoryZc1,PitchTrajectoryZc2,HitSpinAxis,HitTrajectoryXc0,HitTrajectoryXc1,HitTrajectoryXc2,HitTrajectoryXc3,HitTrajectoryXc4,HitTrajectoryXc5,HitTrajectoryXc6,HitTrajectoryXc7,HitTrajectoryXc8,HitTrajectoryYc0,HitTrajectoryYc1,HitTrajectoryYc2,HitTrajectoryYc3,HitTrajectoryYc4,HitTrajectoryYc5,HitTrajectoryYc6,HitTrajectoryYc7,HitTrajectoryYc8,HitTrajectoryZc0,HitTrajectoryZc1,HitTrajectoryZc2,HitTrajectoryZc3,HitTrajectoryZc4,HitTrajectoryZc5,HitTrajectoryZc6,HitTrajectoryZc7,HitTrajectoryZc8,ThrowSpeed,PopTime,ExchangeTime,TimeToBase,CatchPositionX,CatchPositionY,CatchPositionZ,ThrowPositionX,ThrowPositionY,ThrowPositionZ,BasePositionX,BasePositionY,BasePositionZ,ThrowTrajectoryXc0,ThrowTrajectoryXc1,ThrowTrajectoryXc2,ThrowTrajectoryYc0,ThrowTrajectoryYc1,ThrowTrajectoryYc2,ThrowTrajectoryZc0,ThrowTrajectoryZc1,ThrowTrajectoryZc2,PitchReleaseConfidence,PitchLocationConfidence,PitchMovementConfidence,HitLaunchConfidence,HitLandingConfidence,CatcherThrowCatchConfidence,CatcherThrowReleaseConfidence,CatcherThrowLocationConfidence,SpinAxis3dTransverseAngle,SpinAxis3dLongitudinalAngle,SpinAxis3dActiveSpinRate,SpinAxis3dSpinEfficiency,SpinAxis3dTilt,SpinAxis3dVectorX,SpinAxis3dVectorY,SpinAxis3dVectorZ,SpinAxis3dSeamOrientationRotationX,SpinAxis3dSeamOrientationRotationY,SpinAxis3dSeamOrientationRotationZ,SpinAxis3dSeamOrientationBallAngleHorizontalAmb1,SpinAxis3dSeamOrientationBallAngleVerticalAmb1,SpinAxis3dSeamOrientationBallXAmb1,SpinAxis3dSeamOrientationBallYAmb1,SpinAxis3dSeamOrientationBallZAmb1,SpinAxis3dSeamOrientationBallAngleHorizontalAmb2,SpinAxis3dSeamOrientationBallAngleVerticalAmb2,SpinAxis3dSeamOrientationBallXAmb2,SpinAxis3dSeamOrientationBallYAmb2,SpinAxis3dSeamOrientationBallZAmb2,SpinAxis3dSeamOrientationBallAngleHorizontalAmb3,SpinAxis3dSeamOrientationBallAngleVerticalAmb3,SpinAxis3dSeamOrientationBallXAmb3,SpinAxis3dSeamOrientationBallYAmb3,SpinAxis3dSeamOrientationBallZAmb3,SpinAxis3dSeamOrientationBallAngleHorizontalAmb4,SpinAxis3dSeamOrientationBallAngleVerticalAmb4,SpinAxis3dSeamOrientationBallXAmb4,SpinAxis3dSeamOrientationBallYAmb4,SpinAxis3dSeamOrientationBallZAmb4,BatSpeed,VerticalAttackAngle,HorizontalAttackAngle
1,2026-04-12,13:03:30.76,1,1,"Mudd, Tyler",809052,Left,BOC_EAG,"Locurto, Nick",824009,Right,VIR_TEC,Undefined,1,Top,0,0,0,Fastball,Four-Seam,FoulBallNotFieldable,Undefined,Undefined,Undefined,0,0,,86.20124,-2.794136,2.077336,2039.06988,167.565311,11:30,5.73856,-1.0169,5.72157,-15.68363,22.59395,-4.68331,1.82521,0.52861,78.1322,-5.80864,1.240254,0.445291,,,,,,,,,,,,3.03378,12.77379,0.84635,50,5.49563,-4.33598,-124.8736,-6.51788,4.74291,27.47029,-12.20405,BOC_EAG,VIR_TEC,HarringtonVillage,D1,ACC,20260412-HarringtonVillage-1,8880b450-3691-11f1-85bd-1b9279e81419,84.64684,,,8.06903,,,,,,,b439a363-5661-400d-8b76-3a48f938d72a,2026-04-12,17:03:30.76,2026-04-12T13:03:30.7619328-04:00,2026-04-12T17:03:30.7619328Z,,v3,227,2293,26587,"Johnson, Gunnar",1000100233,Right,BOC_EAG,81599b54-c777-4998-a238-5aec7d375c01,54.77588,-125.91984,13.73514,5.73502,-6.05307,-6.10202,1.01493,-4.51662,2.37146,,,,,,,,,,,,,,,,,,,,,,,,,,,,,,,,,,,,,,,,,,,,,,,,,,,High,High,High,,,,,,156.262812,-5.710465,2028.950818,0.995037,11:15,0.112822,0.404919,-0.907365,4.839907,-18.201454,62.625115,173.881164,0.138303,0.106591,0.002414,-0.9943,0.139095,6.118818,0.002414,0.106591,0.9943,-0.139095,-6.118818,-0.002414,-0.106591,0.9943,-173.881164,-0.138303,-0.106591,-0.002414,-0.9943,,,
2,2026-04-12,13:03:47.15,1,2,"Mudd, Tyler",809052,Left,BOC_EAG,"Locurto, Nick",824009,Right,VIR_TEC,Undefined,1,Top,0,0,1,Fastball,Four-Seam,FoulBallNotFieldable,Undefined,Undefined,Undefined,0,0,,87.57715,-2.311626,1.204191,2169.773306,163.006288,11:30,5.79382,-1.09137,5.59943,-13.42162,24.17198,-6.945,2.51561,-0.54574,78.47794,-4.943319,-0.03507,0.441294,82.35593,62.892938,37.909491,4563.049806,52.17815,97.31821,96.83717,139.16796,66.7854,63.041838,5.509019,3.95146,13.47162,0.99297,50,5.58778,-2.36775,-126.80688,-5.45321,6.29831,31.03005,-10.70136,BOC_EAG,VIR_TEC,HarringtonVillage,D1,ACC,20260412-HarringtonVillage-1,923e24a0-3691-11f1-85bd-1b9279e81419,85.4134,126.19246,,9.09922,,,,1.42336,2.65393,0.46644,b439a363-5661-400d-8b76-3a48f938d72a,2026-04-12,17:03:47.15,2026-04-12T13:03:47.1595008-04:00,2026-04-12T17:03:47.1595008Z,Popup,v3,227,2293,26587,"Johnson, Gunnar",1000100233,Right,BOC_EAG,80d0d96f-c98e-4c59-8004-125a1c546b00,54.89708,-127.9996,15.51502,5.78949,-5.04188,-5.35068,1.08863,-2.60984,3.14916,198.393459,1.40216,43.72047,-22.16893,7.98036,-1.86994,0.16998,0.03431,-0.00965,0.00064,2.62732,108.01656,-31.19791,6.00976,-2.34101,0.74361,-0.1388,0.01303,-0.00047,0.47107,33.74535,-3.22652,-0.10937,0.25045,-0.07261,0.00837,-8E-05,-4E-05,,,,,,,,,,,,,,,,,,,,,,,High,High,High,High,Low,,,,151.925561,-4.677191,2162.547804,0.99667,11:00,0.081024,0.471958,-0.87789,18.213651,-23.300607,54.524116,177.131938,-6.18164,0.049745,-0.107681,-0.99294,6.189332,-2.851371,0.107681,-0.049745,0.99294,-6.189332,2.851371,-0.107681,0.049745,0.99294,-177.131938,6.18164,-0.049745,0.107681,-0.99294,67.42183,9.20828,-1.80954
3,2026-04-12,13:04:15.84,1,3,"Mudd, Tyler",809052,Left,BOC_EAG,"Locurto, Nick",824009,Right,VIR_TEC,Undefined,1,Top,0,0,2,Fastball,Four-Seam,FoulBallNotFieldable,Undefined,Undefined,Undefined,0,0,,89.34012,-1.559191,2.206865,2093.597459,165.181216,11:30,5.77805,-1.00366,5.5424,-11.89564,24.03005,-6.01697,3.32812,0.55843,80.56819,-3.895936,1.135353,0.431394,67.9081,37.22929,165.604996,2587.355021,,,,,46.14027,,,3.75721,13.04284,0.81657,50,5.63567,-4.72466,-129.44673,-3.82123,6.29353,30.24873,-10.32661,BOC_EAG,VIR_TEC,HarringtonVillage,D1,ACC,20260412-HarringtonVillage-1,a35bb450-3691-11f1-85bd-1b9279e81419,87.37359,31.24472,,8.77193,,,,2.41081,3.51306,-0.51258,b439a363-5661-400d-8b76-3a48f938d72a,2026-04-12,17:04:15.84,2026-04-12T13:04:15.8498304-04:00,2026-04-12T17:04:15.8498304Z,,v3,227,2293,26587,"Johnson, Gunnar",1000100233,Right,BOC_EAG,6cbcf449-f399-4492-ab2f-cb1386e8e518,54.95505,-130.59948,15.12437,5.7738,-3.42769,-5.16331,1.0012,-4.9645,3.14677,344.919582,2.41081,-76.81258,3.27703,0.58843,0.18468,-1.70475,4.25918,-4.82364,2.07304,3.51306,60.25761,-27.89725,3.14027,0.10362,-3.41098,8.16258,-8.9467,3.75809,-0.51258,19.71498,-3.31921,0.39049,-0.04106,-0.12934,0.28506,-0.28815,0.11349,,,,,,,,,,,,,,,,,,,,,,,High,High,High,High,Undefined,,,,154.799422,-6.945765,2078.232686,0.992661,11:15,0.14389,0.425798,-0.893304,11.277674,-19.957606,55.006847,174.227476,-3.955194,0.10034,-0.068976,-0.992559,3.975288,-5.758729,0.068976,-0.10034,0.992559,-3.975288,5.758729,-0.068976,0.10034,0.992559,-174.227476,3.955194,-0.10034,0.068976,-0.992559,70.50411,14.05708,-11.516
4,2026-04-12,13:04:31.56,1,4,"Mudd, Tyler",809052,Left,BOC_EAG,"Locurto, Nick",824009,Right,VIR_TEC,Undefined,1,Top,0,0,2,ChangeUp,Changeup,InPlay,Undefined,GroundBall,Error,0,0,,84.2032,-2.551504,1.464413,1612.622333,153.414664,11:00,5.8617,-1.077,5.80539,-22.69348,17.48076,-8.00737,1.59537,-0.3821,76.06632,-6.837938,0.029052,0.45619,67.287,-35.384116,-54.290793,,,,,5.2108,5.2108,-19.160377,0.031964,4.60788,10.19875,0.96183,50,5.63897,-2.80176,-122.00262,-6.1066,6.83086,27.68643,-17.05512,BOC_EAG,VIR_TEC,HarringtonVillage,D1,ACC,20260412-HarringtonVillage-1,acc203f0-3691-11f1-85bd-1b9279e81419,82.62452,1.83189,,8.13688,,,,3.41672,1.83189,0.38405,b439a363-5661-400d-8b76-3a48f938d72a,2026-04-12,17:04:31.56,2026-04-12T13:04:31.5633152-04:00,2026-04-12T17:04:31.5633152Z,GroundBall,v3,227,2293,26587,"Johnson, Gunnar",1000100233,Right,BOC_EAG,d9f4df15-183f-42ec-863d-48b7f0d0524e,54.69227,-123.06284,13.84322,5.86031,-5.45349,-8.52756,1.07413,-3.06334,3.41543,,3.41601,47.09774,,,,,,,,1.83274,-57.31129,,,,,,,,0.38503,-65.52123,,,,,,,,,,,,,,,,,,,,,,,,,,,,,,High,High,High,Estimated,Estimated,,,,146.324169,3.231274,1610.058499,0.99841,11:00,-0.059696,0.550554,-0.832663,20.505448,-81.800582,3.815693,108.931352,-28.996525,0.827338,-0.484757,-0.283767,59.656144,-55.826205,0.484757,-0.827338,0.283767,-59.656144,55.826205,-0.484757,0.827338,0.283767,-108.931352,28.996525,-0.827338,0.484757,-0.283767,67.41639,9.22579,-5.44322
5,2026-04-12,13:05:06.19,2,1,"Mudd, Tyler",809052,Left,BOC_EAG,"Ball, Ethan",831482,Left,VIR_TEC,Undefined,1,Top,0,0,0,Slider,Slider,BallCalled,Undefined,Undefined,Undefined,0,0,,78.98866,0.19941,3.820313,2145.251034,282.97118,3:30,5.08905,-2.07709,5.45941,-46.87333,0.33787,6.91918,1.37001,2.08073,70.46004,-8.411833,5.048157,0.494531,,,,,,,,,,,,-1.99701,0.71772,1.73533,50,5.07548,-7.89888,-114.02059,-1.188,-2.53948,27.60855,-31.26136,BOC_EAG,VIR_TEC,HarringtonVillage,D1,ACC,20260412-HarringtonVillage-1,c172a570-3691-11f1-85bd-1b9279e81419,76.2185,,,8.52862,,,,,,,b439a363-5661-400d-8b76-3a48f938d72a,2026-04-12,17:05:06.19,2026-04-12T13:05:06.1912064-04:00,2026-04-12T17:05:06.1912064Z,,v3,227,2293,26587,"Johnson, Gunnar",1000100233,Right,BOC_EAG,b8cdceec-5e06-4f1d-a9d4-300a4b0dffb8,55.03317,-115.23286,13.80428,5.0975,0.18466,-15.63068,2.07972,-7.78737,-1.26974,,,,,,,,,,,,,,,,,,,,,,,,,,,,,,,,,,,,,,,,,,,,,,,,,,,High,High,High,,,,,,98.62325,-82.104271,294.694657,0.137371,9:15,0.990157,0.13237,0.045476,-11.481313,36.673345,-34.94781,136.652393,34.247484,0.567407,0.562769,-0.601116,43.112905,34.569607,0.562769,0.567407,0.601116,-43.112905,-34.569607,-0.562769,-0.567407,0.601116,-136.652393,-34.247484,-0.567407,-0.562769,-0.601116,,,
6,2026-04-12,13:05:21.05,2,2,"Mudd, Tyler",809052,Left,BOC_EAG,"Ball, Ethan",831482,Left,VIR_TEC,Undefined,1,Top,0,1,0,Fastball,Four-Seam,FoulBallNotFieldable,Undefined,Undefined,Undefined,0,0,,86.3803,-2.423218,2.130371,2147.985674,159.216924,11:15,5.8753,-1.21817,5.68952,-14.68229,23.74714,-8.46351,2.3904,0.06298,77.65631,-5.281084,0.61851,0.446173,68.72667,46.287162,-144.36548,4198.169053,,,,,48.95712,,,5.00382,13.27524,1.04443,50,5.66264,-4.29332,-125.05152,-5.66192,7.78607,29.29771,-11.51734,BOC_EAG,VIR_TEC,HarringtonVillage,D1,ACC,20260412-HarringtonVillage-1,ca4c4570-3691-11f1-85bd-1b9279e81419,84.4794,42.0067,,8.72399,,,,1.19557,2.36986,-0.02341,b439a363-5661-400d-8b76-3a48f938d72a,2026-04-12,17:05:21.05,2026-04-12T13:05:21.0550272-04:00,2026-04-12T17:05:21.0550272Z,,v3,227,2293,26587,"Johnson, Gunnar",1000100233,Right,BOC_EAG,aefc23cd-bd23-4526-b468-169a81268b31,54.80633,-126.17255,14.64886,5.87086,-5.22122,-5.75867,1.2144,-4.59124,3.89304,33.402194,1.19557,-56.61237,-0.84452,2.14039,-2.97699,7.06807,-10.07049,7.38438,-2.19483,2.36986,72.85932,-29.35153,4.01237,-2.18035,4.05714,-5.56006,3.98914,-1.166,-0.02341,-40.58334,8.85801,-2.10602,1.69236,-3.73241,5.22999,-3.78075,1.11091,,,,,,,,,,,,,,,,,,,,,,,High,High,High,High,Undefined,,,,157.663546,-9.582248,2118.016249,0.986048,11:15,0.184271,0.381445,-0.905839,7.656232,-19.194209,56.574048,174.326912,-4.407315,0.09856,-0.076846,-0.99216,4.428922,-5.656258,0.076846,-0.09856,0.99216,-4.428922,5.656258,-0.076846,0.09856,0.99216,-174.326912,4.407315,-0.09856,0.076846,-0.99216,74.02069,15.0941,13.85806
7,2026-04-12,13:05:40.19,2,3,"Mudd, Tyler",809052,Left,BOC_EAG,"Ball, Ethan",831482,Left,VIR_TEC,Undefined,1,Top,0,1,1,Fastball,Four-Seam,StrikeCalled,Undefined,Undefined,Undefined,0,0,,87.12938,-2.244427,2.329451,2135.97496,167.593559,11:30,5.80686,-1.11906,5.67942,-13.37615,24.46234,-5.0652,2.59716,0.63151,78.1969,-4.869793,1.425271,0.442729,,,,,,,,,,,,3.32126,13.52245,0.92587,50,5.60945,-4.90716,-126.08433,-5.25156,5.2504,29.92995,-10.79707,BOC_EAG,VIR_TEC,HarringtonVillage,D1,ACC,20260412-HarringtonVillage-1,d5a56460-3691-11f1-85bd-1b9279e81419,85.13653,,,8.93248,,,,,,,b439a363-5661-400d-8b76-3a48f938d72a,2026-04-12,17:05:40.19,2026-04-12T13:05:40.1907712-04:00,2026-04-12T17:05:40.1907712Z,,v3,227,2293,26587,"Johnson, Gunnar",1000100233,Right,BOC_EAG,0d9d0ad3-088b-4b24-a285-3849296c0d7d,54.81438,-127.22203,14.96497,5.80127,-4.84114,-5.39854,1.11619,-5.10674,2.6252,,,,,,,,,,,,,,,,,,,,,,,,,,,,,,,,,,,,,,,,,,,,,,,,,,,High,High,High,,,,,,154.929574,-5.903524,2124.6468,0.994696,11:15,0.122818,0.425189,-0.896733,11.10477,-21.705929,58.955043,176.221487,-4.513071,0.065695,-0.078687,-0.994732,4.522862,-3.766781,0.078687,-0.065695,0.994732,-4.522862,3.766781,-0.078687,0.065695,0.994732,-176.221487,4.513071,-0.065695,0.078687,-0.994732,,,
8,2026-04-12,13:06:11.32,2,4,"Mudd, Tyler",809052,Left,BOC_EAG,"Ball, Ethan",831482,Left,VIR_TEC,Undefined,1,Top,0,1,2,Fastball,Four-Seam,FoulBallNotFieldable,Undefined,Undefined,Undefined,0,0,,86.74422,-2.628069,2.37094,2151.623874,158.742008,11:15,5.8775,-1.02012,5.6805,-16.08776,22.15985,-8.0478,2.08324,0.52061,77.81917,-5.737123,0.933799,0.445117,73.61005,66.631369,-109.985766,5278.483576,,,,,14.85167,,,4.88567,12.55367,0.82549,50,5.64622,-4.85219,-125.49635,-6.19176,7.63547,30.14301,-12.55485,BOC_EAG,VIR_TEC,HarringtonVillage,D1,ACC,20260412-HarringtonVillage-1,e8345e60-3691-11f1-85bd-1b9279e81419,84.67993,33.01759,,8.92506,,,,1.38383,2.04337,-0.48674,b439a363-5661-400d-8b76-3a48f938d72a,2026-04-12,17:06:11.32,2026-04-12T13:06:11.3225216-04:00,2026-04-12T17:06:11.3225216Z,,v3,227,2293,26587,"Johnson, Gunnar",1000100233,Right,BOC_EAG,bfbd8f8a-0126-4d04-a5b1-2bfd0e307813,54.81481,-126.64754,15.0715,5.87353,-5.71227,-6.27742,1.01636,-5.14379,3.81774,20.961215,1.39102,-14.9153,-9.34393,,,,,,,2.04782,98.93447,-26.18825,,,,,,,-0.48674,-40.2441,2.59389,,,,,,,,,,,,,,,,,,,,,,,,,,,,,High,High,High,High,Undefined,,,,157.112501,-5.793523,2140.633652,0.994892,11:15,0.120942,0.391158,-0.912342,2.917648,-19.427756,63.905343,175.528828,0.747769,0.077951,0.013051,-0.996872,0.750051,4.47079,0.013051,0.077951,0.996872,-0.750051,-4.47079,-0.013051,-0.077951,0.996872,-175.528828,-0.747769,-0.077951,-0.013051,-0.996872,75.72383,17.18294,12.7267
9,2026-04-12,13:06:30.39,2,5,"Mudd, Tyler",809052,Left,BOC_EAG,"Ball, Ethan",831482,Left,VIR_TEC,Undefined,1,Top,0,1,2,Slider,Slider,BallCalled,Undefined,Undefined,Undefined,0,0,,79.88412,-1.163202,4.274663,2248.151709,291.225844,3:45,5.14987,-2.0074,5.49894,-44.98475,-0.23551,4.23079,0.30997,2.35085,73.59504,-9.322073,5.026128,0.481464,,,,,,,,,,,,-0.92799,0.55709,1.6301,50,5.01719,-8.80865,-115.68256,-3.86644,-1.25312,22.28987,-31.42178,BOC_EAG,VIR_TEC,HarringtonVillage,D1,ACC,20260412-HarringtonVillage-1,f39cbf90-3691-11f1-85bd-1b9279e81419,78.28706,,,6.28909,,,,,,,b439a363-5661-400d-8b76-3a48f938d72a,2026-04-12,17:06:30.39,2026-04-12T13:06:30.3952896-04:00,2026-04-12T17:06:30.3952896Z,,v3,227,2293,26587,"Johnson, Gunnar",1000100233,Right,BOC_EAG,4dc471a3-aa7f-432e-8c5e-28df4d5e0ff7,55.00158,-116.64229,11.14493,5.15454,-2.51352,-15.71089,2.00821,-8.75469,-0.62656,,,,,,,,,,,,,,,,,,,,,,,,,,,,,,,,,,,,,,,,,,,,,,,,,,,High,High,High,,,,,,83.507971,-83.48224,255.190352,0.113511,8:45,0.987329,0.132929,0.086669,-15.376505,34.694177,-38.614589,138.170343,31.132119,0.570867,0.517013,-0.637815,39.028238,34.810703,0.517013,0.570867,0.637815,-39.028238,-34.810703,-0.517013,-0.570867,0.637815,-138.170343,-31.132119,-0.570867,-0.517013,-0.637815,,,
10,2026-04-12,13:06:47.57,2,6,"Mudd, Tyler",809052,Left,BOC_EAG,"Ball, Ethan",831482,Left,VIR_TEC,Undefined,1,Top,0,2,2,Slider,Slider,StrikeSwinging,Strikeout,Undefined,Undefined,0,0,,80.35943,0.318572,3.812161,2137.497131,263.045043,2:45,5.06907,-2.08607,5.50995,-42.63553,2.20835,4.6863,1.81468,1.87464,72.57259,-7.509628,4.64434,0.481973,,,,,,,,,,,,-1.07835,1.5252,1.74998,50,5.06879,-7.93497,-116.20666,-0.79717,-1.44691,25.58313,-30.12755,BOC_EAG,VIR_TEC,HarringtonVillage,D1,ACC,20260412-HarringtonVillage-1,fde2c0d0-3691-11f1-85bd-1b9279e81419,78.2044,,,7.78684,,,,,,,b439a363-5661-400d-8b76-3a48f938d72a,2026-04-12,17:06:47.57,2026-04-12T13:06:47.5763712-04:00,2026-04-12T17:06:47.5763712Z,,v3,227,2293,26587,"Johnson, Gunnar",1000100233,Right,BOC_EAG,153e98dd-55bb-4d08-90cc-830bda89a9d8,54.9852,-117.29903,12.79157,5.07536,0.48924,-15.06378,2.08747,-7.87319,-0.72345,,,,,,,,,,,,,,,,,,,,,,,,,,,,,,,,,,,,,,,,,,,,,,,,,,,High,High,High,,,,,,93.193612,-79.848899,376.722581,0.176245,9:00,0.983782,0.170495,0.055712,-6.77358,42.385375,-31.854644,136.071213,30.89893,0.595301,0.513525,-0.617988,39.725353,36.534092,0.513525,0.595301,0.617988,-39.725353,-36.534092,-0.513525,-0.595301,0.617988,-136.071213,-30.89893,-0.595301,-0.513525,-0.617988,,,
11,2026-04-12,13:07:14.08,3,1,"Mudd, Tyler",809052,Left,BOC_EAG,"Cooke, Henry",805714,Right,VIR_TEC,Undefined,1,Top,1,0,0,Fastball,Four-Seam,FoulBallNotFieldable,Undefined,Undefined,Undefined,0,0,,86.69582,-1.930323,1.853877,2104.742718,162.158197,11:30,5.82253,-1.13929,5.62132,-17.78513,20.31714,-6.09268,2.53743,0.08363,78.20722,-5.328043,0.766519,0.44427,81.16814,28.652094,32.666761,4185.53826,86.12981,49.11209,68.4224,244.90489,230.39006,45.789803,3.814166,3.68024,11.31127,0.9852,50,5.64682,-3.80407,-125.58795,-4.74583,5.79474,28.78657,-14.36385,BOC_EAG,VIR_TEC,HarringtonVillage,D1,ACC,20260412-HarringtonVillage-1,0d9b4240-3692-11f1-85bd-1b9279e81419,84.84131,52.33977,,8.4886,,,,0.66634,2.41488,-0.16255,b439a363-5661-400d-8b76-3a48f938d72a,2026-04-12,17:07:14.08,2026-04-12T13:07:14.0838400-04:00,2026-04-12T17:07:14.0838400Z,LineDrive,v3,227,2293,26587,"Johnson, Gunnar",1000100233,Right,BOC_EAG,13b284b1-ca8f-49e3-bb3d-e9cbaa042ff5,54.87458,-126.70035,14.39329,5.81949,-4.19077,-7.18192,1.13652,-4.028,2.89737,217.362313,0.666,87.95422,-24.85934,6.97196,-1.74099,0.42233,-0.08947,0.0125,-0.00077,2.4154,57.06719,-16.89419,-0.15486,0.54223,-0.23015,0.05551,-0.00671,0.0003,-0.16269,56.39165,-4.3787,0.4952,0.01778,-0.01111,-0.00123,0.00078,-8E-05,,,,,,,,,,,,,,,,,,,,,,,High,High,High,High,Medium,,,,154.497713,-2.468421,2102.789752,0.999072,11:15,0.057712,0.431354,-0.900335,20.936239,-19.178231,57.153363,175.554901,-10.195749,0.07628,-0.177012,-0.981248,10.225861,-4.374768,0.177012,-0.07628,0.981248,-10.225861,4.374768,-0.177012,0.07628,0.981248,-175.554901,10.195749,-0.07628,0.177012,-0.981248,79.46609,0.71797,4.50156
12,2026-04-12,13:07:54.35,3,2,"Mudd, Tyler",809052,Left,BOC_EAG,"Cooke, Henry",805714,Right,VIR_TEC,Undefined,1,Top,1,0,1,Fastball,Four-Seam,BallCalled,Undefined,Undefined,Undefined,0,0,,86.48278,-0.776711,2.135251,2044.86326,152.329108,11:00,5.85083,-1.04154,5.8167,-14.92028,22.73714,-11.26119,3.88475,0.00629,78.51566,-3.664694,0.118893,0.441669,,,,,,,,,,,,6.32989,12.16776,0.87322,50,5.77835,-4.20081,-125.4627,-2.07387,10.04,26.54429,-12.87448,BOC_EAG,VIR_TEC,HarringtonVillage,D1,ACC,20260412-HarringtonVillage-1,25984fa0-3692-11f1-85bd-1b9279e81419,85.34099,,,7.96712,,,,,,,b439a363-5661-400d-8b76-3a48f938d72a,2026-04-12,17:07:54.35,2026-04-12T13:07:54.3533568-04:00,2026-04-12T17:07:54.3533568Z,,v3,227,2293,26587,"Johnson, Gunnar",1000100233,Right,BOC_EAG,92cf5a24-e5da-47c5-be76-fe5ab07c7580,54.67937,-126.44885,13.27215,5.84652,-1.59557,-6.43724,1.03621,-4.5738,5.02,,,,,,,,,,,,,,,,,,,,,,,,,,,,,,,,,,,,,,,,,,,,,,,,,,,High,High,High,,,,,,154.301807,-7.056204,2029.375727,0.992426,11:15,0.150236,0.431972,-0.889286,19.055191,-25.048234,43.19813,179.420001,6.790187,0.010052,0.118234,-0.992935,6.790532,0.575931,0.118234,0.010052,0.992935,-6.790532,-0.575931,-0.118234,-0.010052,0.992935,-179.420001,-6.790187,-0.010052,-0.118234,-0.992935,,,
13,2026-04-12,13:08:24.35,3,3,"Mudd, Tyler",809052,Left,BOC_EAG,"Cooke, Henry",805714,Right,VIR_TEC,Undefined,1,Top,1,1,1,Fastball,Changeup,InPlay,Undefined,LineDrive,Single,0,0,,85.83724,-2.572355,2.163396,2068.281598,145.572458,10:45,5.85477,-1.06891,5.66081,-17.95572,20.72938,-13.26867,1.95639,-0.15629,77.79432,-5.992315,-0.206588,0.447655,109.3786,9.900666,-14.460358,826.014797,105.6333,11.94653,-30.68416,206.87297,206.0973,-18.153863,1.616819,7.43185,11.7276,0.89461,50,5.62599,-4.14615,-124.35937,-6.10451,11.52139,27.27941,-13.993,BOC_EAG,VIR_TEC,HarringtonVillage,D1,ACC,20260412-HarringtonVillage-1,37749b70-3692-11f1-85bd-1b9279e81419,84.1998,11.94874,,8.04292,,,,1.98437,2.01795,0.16611,b439a363-5661-400d-8b76-3a48f938d72a,2026-04-12,17:08:24.35,2026-04-12T13:08:24.3543040-04:00,2026-04-12T17:08:24.3543040Z,LineDrive,v3,227,2293,26587,"Johnson, Gunnar",1000100233,Right,BOC_EAG,d13fedd8-b15b-4b39-8d79-33edeffc4a34,54.83697,-125.41592,13.63971,5.85193,-5.56255,-6.9965,1.06383,-4.59238,5.7607,91.773967,1.98437,153.02686,-26.58059,5.41218,-1.2148,0.24717,-0.04358,0.00492,-0.00018,2.01795,27.58284,-20.58879,2.27628,-0.48892,0.11387,-0.02486,0.00469,-0.00048,0.16611,-39.4611,-2.21972,1.8773,-0.62529,0.15421,-0.02261,7E-05,0.00042,,,,,,,,,,,,,,,,,,,,,,,High,High,High,High,High,,,,155.388619,0.797216,2068.081391,0.999903,11:15,0.001751,0.415377,-0.909648,17.401556,-15.975307,60.875835,174.273212,-5.75944,0.099281,-0.100352,-0.989986,5.788134,-5.697783,0.100352,-0.099281,0.989986,-5.788134,5.697783,-0.100352,0.099281,0.989986,-174.273212,5.75944,-0.099281,0.100352,-0.989986,74.70355,12.32997,-11.42965
14,2026-04-12,13:08:57.06,4,1,"Mudd, Tyler",809052,Left,BOC_EAG,"Lutterman, Hudson",824567,Right,VIR_TEC,Undefined,1,Top,1,0,0,Slider,Slider,BallCalled,Undefined,Undefined,Undefined,0,0,,79.1319,-0.180572,3.749012,2173.686352,222.23148,1:30,5.10687,-1.97735,5.49348,-42.03573,4.68,2.56319,1.43461,1.7482,70.83566,-7.931619,4.204282,0.49193,,,,,,,,,,,,0.07602,3.00272,1.64714,50,5.0634,-7.59423,-114.29484,-1.75021,0.09776,26.59486,-28.31399,BOC_EAG,VIR_TEC,HarringtonVillage,D1,ACC,20260412-HarringtonVillage-1,4afe7030-3692-11f1-85bd-1b9279e81419,76.62161,,,8.29624,,,,,,,b439a363-5661-400d-8b76-3a48f938d72a,2026-04-12,17:08:57.06,2026-04-12T13:08:57.0610176-04:00,2026-04-12T17:08:57.0610176Z,,v3,227,2293,26587,"Johnson, Gunnar",1000100233,Right,BOC_EAG,ad9b24f1-6cc9-46ff-aa92-dc6f507b8936,54.99915,-115.45221,13.29743,5.11276,-0.51802,-14.157,1.97773,-7.59848,0.04888,,,,,,,,,,,,,,,,,,,,,,,,,,,,,,,,,,,,,,,,,,,,,,,,,,,High,High,High,,,,,,93.660323,-82.106625,298.51238,0.13733,9:00,0.988543,0.140171,0.055989,-16.66719,31.691869,-36.963901,137.307752,34.82594,0.556613,0.571085,-0.60336,43.425865,33.821911,0.571085,0.556613,0.60336,-43.425865,-33.821911,-0.571085,-0.556613,0.60336,-137.307752,-34.82594,-0.556613,-0.571085,-0.60336,,,
15,2026-04-12,13:09:11.40,4,2,"Mudd, Tyler",809052,Left,BOC_EAG,"Lutterman, Hudson",824567,Right,VIR_TEC,Undefined,1,Top,1,1,0,Slider,Slider,BallCalled,Undefined,Undefined,Undefined,0,0,,78.09479,-0.019597,2.984905,2195.195196,267.003718,3:00,5.12503,-2.10953,5.45977,-45.93814,2.09709,3.19772,1.27848,0.9534,69.86567,-8.471612,3.553622,0.498829,,,,,,,,,,,,-0.50713,1.59622,1.84411,50,5.0923,-6.0134,-112.89478,-1.5502,-0.63419,26.48812,-30.17786,BOC_EAG,VIR_TEC,HarringtonVillage,D1,ACC,20260412-HarringtonVillage-1,539c8dd0-3692-11f1-85bd-1b9279e81419,75.56189,,,8.22912,,,,,,,b439a363-5661-400d-8b76-3a48f938d72a,2026-04-12,17:09:11.40,2026-04-12T13:09:11.4029568-04:00,2026-04-12T17:09:11.4029568Z,,v3,227,2293,26587,"Johnson, Gunnar",1000100233,Right,BOC_EAG,d373b674-8d27-4ec6-9b3b-3b2e2f2d2af8,55.03513,-114.07004,13.24406,5.13137,-0.21124,-15.08893,2.1103,-5.98527,-0.3171,,,,,,,,,,,,,,,,,,,,,,,,,,,,,,,,,,,,,,,,,,,,,,,,,,,High,High,High,,,,,,90.691904,-82.423234,289.446208,0.131854,9:00,0.989962,0.132184,0.050026,-4.098451,44.960307,-30.310439,138.051805,31.50131,0.569946,0.522518,-0.634142,39.487726,34.746495,0.522518,0.569946,0.634142,-39.487726,-34.746495,-0.522518,-0.569946,0.634142,-138.051805,-31.50131,-0.569946,-0.522518,-0.634142,,,
16,2026-04-12,13:09:27.60,4,3,"Mudd, Tyler",809052,Left,BOC_EAG,"Lutterman, Hudson",824567,Right,VIR_TEC,Undefined,1,Top,1,2,0,Sinker,Four-Seam,BallCalled,Undefined,Undefined,Undefined,0,0,,87.03665,-1.310124,4.157783,2125.226862,140.563899,10:45,5.21487,-1.88639,5.91385,-20.19218,16.84434,-12.85969,2.31285,0.90757,79.38654,-5.127372,1.85712,0.438012,,,,,,,,,,,,7.75965,9.35989,1.5599,50,5.09809,-8.63898,-126.10275,-3.49032,12.48191,25.89018,-17.11801,BOC_EAG,VIR_TEC,HarringtonVillage,D1,ACC,20260412-HarringtonVillage-1,5d290310-3692-11f1-85bd-1b9279e81419,86.05337,,,7.65012,,,,,,,b439a363-5661-400d-8b76-3a48f938d72a,2026-04-12,17:09:27.60,2026-04-12T13:09:27.6025856-04:00,2026-04-12T17:09:27.6025856Z,,v3,227,2293,26587,"Johnson, Gunnar",1000100233,Right,BOC_EAG,2f6f8619-b9b5-4774-aaf9-04b5905da6c1,54.58438,-127.04048,12.94509,5.21328,-2.87031,-8.55901,1.88099,-9.09107,6.24096,,,,,,,,,,,,,,,,,,,,,,,,,,,,,,,,,,,,,,,,,,,,,,,,,,,High,High,High,,,,,,135.914098,-17.573324,2026.045379,0.953331,10:30,0.335576,0.669997,-0.662188,-70.362457,53.272822,-81.48214,96.264556,9.446736,0.980548,0.164131,-0.10764,56.742472,78.680594,0.164131,0.980548,0.10764,-56.742472,-78.680594,-0.164131,-0.980548,0.10764,-96.264556,-9.446736,-0.980548,-0.164131,-0.10764,,,
17,2026-04-12,13:09:42.55,4,4,"Mudd, Tyler",809052,Left,BOC_EAG,"Lutterman, Hudson",824567,Right,VIR_TEC,Undefined,1,Top,1,3,0,Fastball,Four-Seam,StrikeCalled,Undefined,Undefined,Undefined,0,0,,85.82848,-3.273525,1.67061,2057.552819,159.158699,11:15,5.74166,-1.11428,5.74759,-14.70328,23.67761,-8.51748,1.46413,-0.2683,78.21048,-6.101416,0.146737,0.445891,,,,,,,,,,,,4.8226,13.39481,0.98078,50,5.46062,-3.27501,-124.37494,-7.49219,7.52476,25.85139,-11.27393,BOC_EAG,VIR_TEC,HarringtonVillage,D1,ACC,20260412-HarringtonVillage-1,66120c60-3692-11f1-85bd-1b9279e81419,84.5328,,,7.618,,,,,,,b439a363-5661-400d-8b76-3a48f938d72a,2026-04-12,17:09:42.55,2026-04-12T13:09:42.5564672-04:00,2026-04-12T17:09:42.5564672Z,,v3,227,2293,26587,"Johnson, Gunnar",1000100233,Right,BOC_EAG,c80c830a-6fdc-4fe9-b194-61ecd694ef17,54.7498,-125.3583,12.9257,5.73745,-7.06334,-5.63697,1.11081,-3.56124,3.76238,,,,,,,,,,,,,,,,,,,,,,,,,,,,,,,,,,,,,,,,,,,,,,,,,,,High,High,High,,,,,,155.813908,-5.337705,2048.630645,0.995664,11:15,0.09603,0.412571,-0.905849,13.195713,-22.199557,58.683986,178.269981,-5.555283,0.030048,-0.096806,-0.99485,5.5578,-1.721891,0.096806,-0.030048,0.99485,-5.5578,1.721891,-0.096806,0.030048,0.99485,-178.269981,5.555283,-0.030048,0.096806,-0.99485,,,
18,2026-04-12,13:09:57.28,4,5,"Mudd, Tyler",809052,Left,BOC_EAG,"Lutterman, Hudson",824567,Right,VIR_TEC,Undefined,1,Top,1,3,1,Sinker,Changeup,InPlay,Undefined,GroundBall,Error,0,0,,86.43606,-0.349223,3.494364,2065.684091,126.350255,10:15,5.16393,-1.71227,5.74249,-24.22147,13.39091,-16.58958,2.81971,0.16285,79.05272,-4.875527,0.531374,0.441405,88.85,-9.533868,-45.711376,,,,,18.14887,17.75668,-40.009581,0.126549,9.47189,7.27016,1.43202,50,5.12007,-6.98058,-125.39575,-1.54604,15.10435,24.99461,-20.5807,BOC_EAG,VIR_TEC,HarringtonVillage,D1,ACC,20260412-HarringtonVillage-1,6ee4f5a0-3692-11f1-85bd-1b9279e81419,85.39205,2.94678,,7.38334,,,,2.64803,2.94678,-0.07647,b439a363-5661-400d-8b76-3a48f938d72a,2026-04-12,17:09:57.28,2026-04-12T13:09:57.2830208-04:00,2026-04-12T17:09:57.2830208Z,GroundBall,v3,227,2293,26587,"Johnson, Gunnar",1000100233,Right,BOC_EAG,614666a3-f847-46f6-8501-823328ee0fe0,54.75768,-126.34052,12.49731,5.1638,-0.76811,-10.29035,1.70666,-7.55151,7.55218,106.014056,2.64807,89.73299,-6.42147,,,,,,,2.94682,-21.5875,-13.42391,,,,,,,-0.07649,-91.99198,3.10945,,,,,,,,,,,,,,,,,,,,,,,,,,,,,High,High,High,High,High,,,,130.424952,-14.048627,2003.899599,0.97009,10:15,0.276138,0.739953,-0.613366,-63.384103,52.769171,-64.432633,98.507495,9.00809,0.976798,0.156574,-0.146114,46.979145,77.633717,0.156574,0.976798,0.146114,-46.979145,-77.633717,-0.156574,-0.976798,0.146114,-98.507495,-9.00809,-0.976798,-0.156574,-0.146114,71.00961,14.68523,-21.45752
19,2026-04-12,13:11:10.16,5,1,"Mudd, Tyler",809052,Left,BOC_EAG,"Grube, Sam",838742,Left,VIR_TEC,Undefined,1,Top,1,0,0,Slider,Slider,StrikeCalled,Undefined,Undefined,Undefined,0,0,,79.33095,0.767501,3.031807,2208.357527,178.957224,12:00,5.11965,-2.17481,5.5334,-41.18758,3.42725,-0.03969,2.40581,0.65846,73.49342,-6.753855,3.024746,0.480741,,,,,,,,,,,,0.76913,1.93559,1.91144,50,5.15879,-6.09865,-115.17509,0.17445,1.04444,19.20514,-29.54569,BOC_EAG,VIR_TEC,HarringtonVillage,D1,ACC,20260412-HarringtonVillage-1,9a5b0ee0-3692-11f1-85bd-1b9279e81419,78.40489,,,5.83753,,,,,,,b439a363-5661-400d-8b76-3a48f938d72a,2026-04-12,17:11:10.16,2026-04-12T13:11:10.1661184-04:00,2026-04-12T17:11:10.1661184Z,,v3,227,2293,26587,"Johnson, Gunnar",1000100233,Right,BOC_EAG,c9894324-ab97-48e4-a311-bfbb31e828ea,54.96626,-116.00024,9.60257,5.12402,1.44389,-14.77284,2.17444,-6.14352,0.52222,,,,,,,,,,,,,,,,,,,,,,,,,,,,,,,,,,,,,,,,,,,,,,,,,,,High,High,High,,,,,,109.31159,-82.415229,291.487581,0.131993,9:45,0.993749,0.111277,0.008921,-4.417821,41.39085,-29.954497,136.703089,36.759439,0.549416,0.598457,-0.583089,45.745187,33.326925,0.598457,0.549416,0.583089,-45.745187,-33.326925,-0.598457,-0.549416,0.583089,-136.703089,-36.759439,-0.549416,-0.598457,-0.583089,,,
20,2026-04-12,13:11:25.62,5,2,"Mudd, Tyler",809052,Left,BOC_EAG,"Grube, Sam",838742,Left,VIR_TEC,Undefined,1,Top,1,0,1,Fastball,Four-Seam,BallCalled,Undefined,Undefined,Undefined,0,0,,85.98929,-4.065973,2.688215,2163.179231,164.361074,11:30,5.84698,-0.99144,5.78813,-12.96835,25.38801,-6.73205,0.97322,0.95021,78.22066,-6.586103,1.484492,0.445749,,,,,,,,,,,,4.21949,14.53194,0.77399,50,5.50364,-5.56189,-124.39709,-9.15043,6.57584,26.22149,-9.52679,BOC_EAG,VIR_TEC,HarringtonVillage,D1,ACC,20260412-HarringtonVillage-1,a390ffb0-3692-11f1-85bd-1b9279e81419,84.55984,,,7.76863,,,,,,,b439a363-5661-400d-8b76-3a48f938d72a,2026-04-12,17:11:25.62,2026-04-12T13:11:25.6262144-04:00,2026-04-12T17:11:25.6262144Z,,v3,227,2293,26587,"Johnson, Gunnar",1000100233,Right,BOC_EAG,04bf8ea9-9116-43e3-b5bc-1b5ceb8a31e4,54.70883,-125.38573,13.11075,5.84187,-8.79124,-4.7634,0.98836,-5.80982,3.28792,,,,,,,,,,,,,,,,,,,,,,,,,,,,,,,,,,,,,,,,,,,,,,,,,,,High,High,High,,,,,,159.312226,-6.317667,2150.042398,0.993927,11:15,0.128384,0.358048,-0.924834,8.022702,-16.812714,49.475551,175.833201,-0.23079,0.07266,-0.004028,-0.997349,0.231402,-4.166765,0.004028,-0.07266,0.997349,-0.231402,4.166765,-0.004028,0.07266,0.997349,-175.833201,0.23079,-0.07266,0.004028,-0.997349,,,
21,2026-04-12,13:11:42.62,5,3,"Mudd, Tyler",809052,Left,BOC_EAG,"Grube, Sam",838742,Left,VIR_TEC,Undefined,1,Top,1,1,1,Fastball,Four-Seam,StrikeCalled,Undefined,Undefined,Undefined,0,0,,86.32109,-2.474776,2.89671,2219.331625,158.00235,11:15,5.82155,-1.04707,5.85549,-15.82816,22.09316,-8.39288,2.19882,0.94719,78.34782,-5.520251,1.394169,0.443214,,,,,,,,,,,,5.14658,12.41056,0.81663,50,5.61116,-5.97888,-125.04138,-5.82095,8.08961,26.90772,-12.66654,BOC_EAG,VIR_TEC,HarringtonVillage,D1,ACC,20260412-HarringtonVillage-1,ada73e60-3692-11f1-85bd-1b9279e81419,85.04351,,,7.97327,,,,,,,b439a363-5661-400d-8b76-3a48f938d72a,2026-04-12,17:11:42.62,2026-04-12T13:11:42.6245120-04:00,2026-04-12T17:11:42.6245120Z,,v3,227,2293,26587,"Johnson, Gunnar",1000100233,Right,BOC_EAG,4c79097c-da45-437f-8a01-727fa404bdcd,54.64106,-126.03613,13.45386,5.8177,-5.35268,-6.33327,1.04319,-6.27794,4.04481,,,,,,,,,,,,,,,,,,,,,,,,,,,,,,,,,,,,,,,,,,,,,,,,,,,High,High,High,,,,,,158.691295,-7.699528,2199.322804,0.990984,11:15,0.164809,0.365566,-0.916078,11.878615,-20.654673,40.787497,179.001086,-2.155171,0.017421,-0.037606,-0.999141,2.155498,-0.998208,0.037606,-0.017421,0.999141,-2.155498,0.998208,-0.037606,0.017421,0.999141,-179.001086,2.155171,-0.017421,0.037606,-0.999141,,,
22,2026-04-12,13:12:00.40,5,4,"Mudd, Tyler",809052,Left,BOC_EAG,"Grube, Sam",838742,Left,VIR_TEC,Undefined,1,Top,1,1,2,Fastball,Four-Seam,InPlay,Undefined,GroundBall,Out,2,0,,86.9885,-1.896332,2.718304,2172.806577,165.626684,11:30,5.87597,-0.92421,5.81602,-14.45587,22.68883,-5.50363,2.90548,1.14654,79.35274,-4.681831,1.733783,0.438652,100.72959,-0.230823,-23.247191,2594.260046,,,,46.47325,44.6193,-26.441112,0.3299,3.5726,12.47674,0.7048,50,5.71203,-5.75988,-126.14425,-4.55219,5.74992,25.93294,-12.09332,BOC_EAG,VIR_TEC,HarringtonVillage,D1,ACC,20260412-HarringtonVillage-1,b83ff380-3692-11f1-85bd-1b9279e81419,85.92797,2.8009,,7.63576,,,,-0.1267,2.8009,-1.14283,b439a363-5661-400d-8b76-3a48f938d72a,2026-04-12,17:12:00.40,2026-04-12T13:12:00.4088832-04:00,2026-04-12T17:12:00.4088832Z,GroundBall,v3,227,2293,26587,"Johnson, Gunnar",1000100233,Right,BOC_EAG,1ec0b634-bd5d-46d6-9b6c-8a692673a860,54.68135,-127.103,12.96647,5.87206,-4.1051,-6.04666,0.92168,-5.97245,2.87496,60.154065,-0.11878,135.42101,-27.12724,,,,,,,2.80796,-0.88151,-23.19027,,,,,,,-1.13841,-58.49119,-2.41689,,,,,,,,,,,,,,,,,,,,,,,,,,,,,High,High,High,High,High,,,,160.85124,-8.313575,2149.973769,0.989492,11:15,0.177951,0.329182,-0.927347,12.69282,-18.099805,49.169242,176.58016,-8.039904,0.059066,-0.139863,-0.988408,8.054059,-3.386187,0.139863,-0.059066,0.988408,-8.054059,3.386187,-0.139863,0.059066,0.988408,-176.58016,8.039904,-0.059066,0.139863,-0.988408,,,
23,2026-04-12,13:15:40.45,1,1,"Stieg, Griffin",703495,Right,VIR_TEC,"Solier, Julio",827632,Right,BOC_EAG,Undefined,1,Bottom,0,0,0,Sinker,Sinker,BallCalled,Undefined,Undefined,Undefined,0,0,,92.58929,1.194891,-6.25187,2289.315922,257.767979,2:30,4.78911,3.53623,5.5875,-26.72238,6.47697,24.99281,3.68486,-0.24225,84.30796,-3.737417,-1.828203,0.414702,,,,,,,,,,,,-14.20091,3.28437,-3.01364,50,4.87499,13.48612,-133.75839,1.80503,-25.81918,27.88904,-26.20259,BOC_EAG,VIR_TEC,HarringtonVillage,D1,ACC,20260412-HarringtonVillage-1,3b6c6d10-3693-11f1-85bd-1b9279e81419,90.89039,,,8.28133,,,,,,,b439a363-5661-400d-8b76-3a48f938d72a,2026-04-12,17:15:40.45,2026-04-12T13:15:40.4503040-04:00,2026-04-12T17:15:40.4503040Z,,v3,227,2293,26587,"Cooke, Henry",805714,Right,VIR_TEC,cc51d0a3-d0a7-4c9b-8244-1c5b50789220,54.91277,-134.77883,13.94452,4.79141,2.76376,-13.1013,-3.52437,14.43082,-12.90959,,,,,,,,,,,,,,,,,,,,,,,,,,,,,,,,,,,,,,,,,,,,,,,,,,,High,High,High,,,,,,249.72501,7.085399,2271.833341,0.992363,2:15,-0.179333,-0.928102,-0.326291,26.04512,51.379824,22.664065,160.674606,77.506305,0.071591,0.97632,-0.204143,78.189936,4.105396,0.97632,0.071591,0.204143,-78.189936,-4.105396,-0.97632,-0.071591,0.204143,-160.674606,-77.506305,-0.071591,-0.97632,-0.204143,,,
24,2026-04-12,13:15:56.64,1,2,"Stieg, Griffin",703495,Right,VIR_TEC,"Solier, Julio",827632,Right,BOC_EAG,Undefined,1,Bottom,0,1,0,Sinker,Sinker,StrikeCalled,Undefined,Undefined,Undefined,0,0,,91.37316,-0.807339,-5.431918,2220.61042,255.835501,2:30,4.76271,3.50524,5.2601,-27.636,6.61678,22.10639,1.69774,0.22879,83.94381,-5.862393,-1.531301,0.42123,,,,,,,,,,,,-12.45981,3.82146,-3.02355,50,4.66799,11.55079,-132.21783,-2.94511,-22.24045,25.98521,-25.35282,BOC_EAG,VIR_TEC,HarringtonVillage,D1,ACC,20260412-HarringtonVillage-1,451061f0-3693-11f1-85bd-1b9279e81419,89.48183,,,7.42935,,,,,,,b439a363-5661-400d-8b76-3a48f938d72a,2026-04-12,17:15:56.64,2026-04-12T13:15:56.6427648-04:00,2026-04-12T17:15:56.6427648Z,,v3,227,2293,26587,"Cooke, Henry",805714,Right,VIR_TEC,f16a5f99-1dd7-4ce5-af69-78c18d00489d,55.24129,-133.24393,12.99261,4.76452,-1.94397,-12.67641,-3.49701,12.42903,-11.12023,,,,,,,,,,,,,,,,,,,,,,,,,,,,,,,,,,,,,,,,,,,,,,,,,,,High,High,High,,,,,,249.604026,3.814063,2215.69215,0.997785,2:15,-0.086013,-0.936075,-0.341124,49.497182,68.509001,59.080147,178.633094,-73.545844,0.006757,-0.959047,-0.283167,73.550273,-0.38714,0.959047,-0.006757,0.283167,-73.550273,0.38714,-0.959047,0.006757,0.283167,-178.633094,73.545844,-0.006757,0.959047,-0.283167,,,
25,2026-04-12,13:16:18.09,1,3,"Stieg, Griffin",703495,Right,VIR_TEC,"Solier, Julio",827632,Right,BOC_EAG,Undefined,1,Bottom,0,1,1,Sinker,Sinker,StrikeCalled,Undefined,Undefined,Undefined,0,0,,92.15889,-0.440098,-6.420853,2200.91837,257.771782,2:30,4.7683,3.41509,5.55277,-27.23852,6.50992,24.76682,2.0846,-0.54588,83.66329,-5.470713,-2.039077,0.418117,,,,,,,,,,,,-14.30363,3.75209,-2.87442,50,4.7121,13.83139,-133.04065,-2.04592,-25.57376,29.19176,-25.46563,BOC_EAG,VIR_TEC,HarringtonVillage,D1,ACC,20260412-HarringtonVillage-1,51d56cf0-3693-11f1-85bd-1b9279e81419,90.14796,,,8.4956,,,,,,,b439a363-5661-400d-8b76-3a48f938d72a,2026-04-12,17:16:18.09,2026-04-12T13:16:18.0946944-04:00,2026-04-12T17:16:18.0946944Z,,v3,227,2293,26587,"Cooke, Henry",805714,Right,VIR_TEC,50e2bdb0-e33f-4345-94f7-5d355e5936d0,54.94738,-134.12182,14.59588,4.77041,-1.10276,-12.73282,-3.40422,14.77855,-12.78688,,,,,,,,,,,,,,,,,,,,,,,,,,,,,,,,,,,,,,,,,,,,,,,,,,,High,High,High,,,,,,248.147151,8.857589,2174.670469,0.988074,2:15,-0.187138,-0.91823,-0.349047,30.698879,52.828705,30.22054,158.655169,74.268654,0.098685,0.962544,-0.25253,75.299386,5.663444,0.962544,0.098685,0.25253,-75.299386,-5.663444,-0.962544,-0.098685,0.25253,-158.655169,-74.268654,-0.098685,-0.962544,-0.25253,,,
26,2026-04-12,13:16:36.83,1,4,"Stieg, Griffin",703495,Right,VIR_TEC,"Solier, Julio",827632,Right,BOC_EAG,Undefined,1,Bottom,0,1,2,Cutter,Slider,FoulBallNotFieldable,Undefined,Undefined,Undefined,0,0,,88.13324,0.391987,-5.171908,2525.733942,164.150939,11:30,4.90787,3.54691,5.49047,-32.71242,3.99051,-0.81484,2.55004,-1.37241,80.82321,-5.590995,-5.315956,0.436036,78.78311,17.964939,81.210465,4419.824274,4.00365,24.34911,109.92701,223.16495,77.20713,96.660372,2.770497,-0.99957,2.24819,-3.09234,50,4.92019,11.57541,-127.49467,-0.32695,-1.64868,25.70552,-28.46596,BOC_EAG,VIR_TEC,HarringtonVillage,D1,ACC,20260412-HarringtonVillage-1,5d0d4840-3693-11f1-85bd-1b9279e81419,86.4435,24.72356,,7.31003,,,,-0.19071,2.60835,1.65915,b439a363-5661-400d-8b76-3a48f938d72a,2026-04-12,17:16:36.83,2026-04-12T13:16:36.8307200-04:00,2026-04-12T17:16:36.8307200Z,LineDrive,v3,227,2293,26587,"Cooke, Henry",805714,Right,VIR_TEC,8ebb75f8-dfdc-4025-a58e-a01d45afc6f4,55.00807,-128.50043,12.85276,4.9112,0.78681,-14.23298,-3.5465,11.63992,-0.82434,,-0.1905,16.78615,-13.80878,2.25807,-0.2481,-0.1001,0.06108,-0.00993,0.00045,2.60824,35.64349,-15.63201,1.2254,-0.26012,0.08812,-0.01739,0.00049,0.00022,1.6594,108.61372,-10.854,0.20742,0.1824,-0.16787,0.03841,-0.00105,-0.0004,,,,,,,,,,,,,,,,,,,,,,,High,High,High,Medium,Low,,,,218.70383,69.420981,887.792587,0.351499,1:15,-0.95858,-0.21338,-0.188663,11.591685,60.658966,38.206969,163.872205,-14.072981,0.269444,-0.243158,-0.931812,14.625255,-15.631162,0.243158,-0.269444,0.931812,-14.625255,15.631162,-0.243158,0.269444,0.931812,-163.872205,14.072981,-0.269444,0.243158,-0.931812,67.45149,-3.68826,23.97593
27,2026-04-12,13:16:56.54,1,5,"Stieg, Griffin",703495,Right,VIR_TEC,"Solier, Julio",827632,Right,BOC_EAG,Undefined,1,Bottom,0,1,2,Sweeper,Slider,StrikeSwinging,Strikeout,Undefined,Undefined,0,0,,80.78079,0.3337,-5.476954,2372.456258,125.036367,10:15,4.61626,3.62187,5.25545,-37.08467,7.54682,-8.6328,1.84085,-2.25933,73.54882,-6.438403,-6.993237,0.480831,,,,,,,,,,,,2.63008,4.12382,-3.1118,50,4.61992,11.53769,-116.59831,-0.58764,3.58643,23.86209,-26.55075,BOC_EAG,VIR_TEC,HarringtonVillage,D1,ACC,20260412-HarringtonVillage-1,68d5f1e0-3693-11f1-85bd-1b9279e81419,78.39026,,,7.23197,,,,,,,b439a363-5661-400d-8b76-3a48f938d72a,2026-04-12,17:16:56.54,2026-04-12T13:16:56.5469184-04:00,2026-04-12T17:16:56.5469184Z,,v3,227,2293,26587,"Cooke, Henry",805714,Right,VIR_TEC,55c1c507-4f12-4900-8150-f5c07fdc564c,55.24088,-117.66598,11.93105,4.61964,0.60032,-13.27538,-3.62445,11.37722,1.79322,,,,,,,,,,,,,,,,,,,,,,,,,,,,,,,,,,,,,,,,,,,,,,,,,,,High,High,High,,,,,,144.038276,82.245465,320.113991,0.134929,10:45,-0.996279,0.085006,-0.014188,-34.741748,37.016475,10.444393,113.802986,-33.662082,0.761523,-0.554294,-0.335919,58.782855,-49.598626,0.554294,-0.761523,0.335919,-58.782855,49.598626,-0.554294,0.761523,0.335919,-113.802986,33.662082,-0.761523,0.554294,-0.335919,,,
28,2026-04-12,13:17:28.60,2,1,"Stieg, Griffin",703495,Right,VIR_TEC,"Mainolfi, Ty",839397,Left,BOC_EAG,Undefined,1,Bottom,1,0,0,Sinker,Sinker,StrikeCalled,Undefined,Undefined,Undefined,0,0,,93.02292,-0.162022,-6.026925,2155.481545,250.962123,2:15,4.82235,3.48043,5.59118,-25.53497,7.63264,18.78997,2.54231,-0.60209,84.15768,-4.897247,-2.699464,0.414504,,,,,,,,,,,,-11.21934,4.25339,-2.97377,50,4.79196,13.29757,-134.29482,-1.3279,-20.36222,30.76642,-24.45451,BOC_EAG,VIR_TEC,HarringtonVillage,D1,ACC,20260412-HarringtonVillage-1,7bd95890-3693-11f1-85bd-1b9279e81419,90.9339,,,8.86523,,,,,,,b439a363-5661-400d-8b76-3a48f938d72a,2026-04-12,17:17:28.60,2026-04-12T13:17:28.6003200-04:00,2026-04-12T17:17:28.6003200Z,,v3,227,2293,26587,"Cooke, Henry",805714,Right,VIR_TEC,0b83396c-100e-4c13-8197-4802c258ab64,54.90652,-135.41422,15.38321,4.82409,-0.43815,-12.22726,-3.47106,14.03842,-10.18111,,,,,,,,,,,,,,,,,,,,,,,,,,,,,,,,,,,,,,,,,,,,,,,,,,,High,High,High,,,,,,248.726371,9.577912,2125.434678,0.98606,2:15,-0.200448,-0.919335,-0.33859,23.17859,55.367037,30.933479,167.470459,66.111348,0.087853,0.914334,-0.395316,66.618563,5.040123,0.914334,0.087853,0.395316,-66.618563,-5.040123,-0.914334,-0.087853,0.395316,-167.470459,-66.111348,-0.087853,-0.914334,-0.395316,,,
29,2026-04-12,13:17:53.77,2,2,"Stieg, Griffin",703495,Right,VIR_TEC,"Mainolfi, Ty",839397,Left,BOC_EAG,Undefined,1,Bottom,1,0,1,Cutter,Slider,FoulBallNotFieldable,Undefined,Undefined,Undefined,0,0,,87.46358,-0.672686,-3.712072,2391.7045,190.293293,12:15,4.83462,3.60941,5.50996,-29.3375,7.59811,1.18205,1.75942,0.23173,80.59144,-6.05667,-3.502097,0.437416,87.09399,27.008266,-44.703237,4272.651185,70.02282,43.95743,-84.83374,276.90056,164.05131,-58.263941,3.647764,-1.56579,4.33457,-3.28608,50,4.75604,8.17907,-126.83897,-2.53787,-2.56716,24.38738,-25.06743,BOC_EAG,VIR_TEC,HarringtonVillage,D1,ACC,20260412-HarringtonVillage-1,8af39e30-3693-11f1-85bd-1b9279e81419,86.17079,48.81499,,6.87214,,,,0.23275,1.61999,-0.08077,b439a363-5661-400d-8b76-3a48f938d72a,2026-04-12,17:17:53.77,2026-04-12T13:17:53.7716736-04:00,2026-04-12T17:17:53.7716736Z,LineDrive,v3,227,2293,26587,"Cooke, Henry",805714,Right,VIR_TEC,e57f6611-c626-4229-909c-60442b8696c0,54.98966,-127.79473,12.19369,4.83626,-1.55546,-12.53371,-3.6086,8.27968,-1.28358,126.765637,0.23235,80.90151,-23.01755,6.43208,-1.69229,0.43079,-0.09588,0.01363,-0.00081,1.62032,57.99874,-19.53717,0.99909,0.1306,-0.10852,0.03051,-0.00346,0.0001,-0.08046,-80.06584,5.45181,-0.10478,-0.11752,-0.00264,0.01582,-0.00424,0.00035,,,,,,,,,,,,,,,,,,,,,,,High,High,High,High,Medium,,,,228.576494,66.683618,946.656003,0.395808,1:30,-0.929821,-0.307554,-0.202099,-38.972204,56.432522,-9.685276,161.711724,-9.548879,0.30945,-0.165889,-0.936334,10.046758,-18.026108,0.165889,-0.30945,0.936334,-10.046758,18.026108,-0.165889,0.30945,0.936334,-161.711724,9.548879,-0.30945,0.165889,-0.936334,79.65136,-4.11689,-10.42996
30,2026-04-12,13:18:16.36,2,3,"Stieg, Griffin",703495,Right,VIR_TEC,"Mainolfi, Ty",839397,Left,BOC_EAG,Undefined,1,Bottom,1,0,2,Fastball,Sinker,InPlay,Undefined,GroundBall,Single,0,0,,93.69436,-0.111359,-4.958296,2417.952533,239.31678,2:00,5.17679,3.22278,5.66267,-21.49391,11.83481,17.57863,3.2814,0.05258,82.70174,-4.18943,-1.833015,0.415509,102.88237,-3.610952,7.815374,1173.709245,,,,34.52068,33.18944,7.475511,0.233515,-10.72288,6.41788,-2.81382,50,5.15425,10.88937,-135.13543,-0.9981,-19.18159,38.39379,-20.69343,BOC_EAG,VIR_TEC,HarringtonVillage,D1,ACC,20260412-HarringtonVillage-1,98518dd0-3693-11f1-85bd-1b9279e81419,90.71388,3.33457,,10.99262,,,,0.90676,3.33457,-0.02427,b439a363-5661-400d-8b76-3a48f938d72a,2026-04-12,17:18:16.36,2026-04-12T13:18:16.3679232-04:00,2026-04-12T17:18:16.3679232Z,GroundBall,v3,227,2293,26587,"Cooke, Henry",805714,Right,VIR_TEC,8dd34a99-a2a0-43ef-9ac5-077960e5e58e,54.83118,-136.50113,19.1969,5.17666,-0.26201,-10.34671,-3.2133,11.57168,-9.5908,9.135599,0.91021,148.99875,-27.13559,,,,,,,3.33678,-9.62946,-19.99442,,,,,,,-0.02357,20.43852,-4.74179,,,,,,,,,,,,,,,,,,,,,,,,,,,,,High,High,High,High,High,,,,241.279134,7.623576,2396.580335,0.991161,2:00,-0.171651,-0.869476,-0.463193,-57.030575,-39.295261,-29.415702,175.464865,0.591137,0.079066,0.010317,-0.996816,0.592994,4.534893,0.010317,0.079066,0.996816,-0.592994,-4.534893,-0.010317,-0.079066,0.996816,-175.464865,-0.591137,-0.079066,-0.010317,-0.996816,73.04854,9.23867,6.54661
31,2026-04-12,13:18:58.24,3,1,"Stieg, Griffin",703495,Right,VIR_TEC,"Wang, Nick",813482,Right,BOC_EAG,Undefined,1,Bottom,1,0,0,Cutter,Slider,StrikeCalled,Undefined,Undefined,Undefined,0,0,,85.99284,1.29124,-2.704455,2351.387656,158.562002,11:15,4.83212,3.51492,5.3864,-33.516,5.3576,-1.59158,3.25095,0.84552,77.9983,-4.880464,-2.986806,0.448744,,,,,,,,,,,,-0.01772,2.71024,-3.27193,50,4.92435,5.9543,-124.56168,1.59447,-0.02765,26.79781,-27.94837,BOC_EAG,VIR_TEC,HarringtonVillage,D1,ACC,20260412-HarringtonVillage-1,b1581bf0-3693-11f1-85bd-1b9279e81419,83.99538,,,7.99453,,,,,,,b439a363-5661-400d-8b76-3a48f938d72a,2026-04-12,17:18:58.24,2026-04-12T13:18:58.2406144-04:00,2026-04-12T17:18:58.2406144Z,,v3,227,2293,26587,"Cooke, Henry",805714,Right,VIR_TEC,d2573ead-2977-43b6-b910-dcfb4383e92a,55.10954,-125.65612,13.3989,4.83592,2.7359,-13.97418,-3.51513,5.95543,-0.01382,,,,,,,,,,,,,,,,,,,,,,,,,,,,,,,,,,,,,,,,,,,,,,,,,,,High,High,High,,,,,,216.333901,69.923565,807.16889,0.343273,1:15,-0.955577,-0.182169,-0.231703,-15.446714,62.39406,3.511588,165.869051,-7.92029,0.24181,-0.137795,-0.96049,8.164152,-13.99339,0.137795,-0.24181,0.96049,-8.164152,13.99339,-0.137795,0.24181,0.96049,-165.869051,7.92029,-0.24181,0.137795,-0.96049,,,
32,2026-04-12,13:19:17.37,3,2,"Stieg, Griffin",703495,Right,VIR_TEC,"Wang, Nick",813482,Right,BOC_EAG,Undefined,1,Bottom,1,0,1,Sinker,Sinker,StrikeCalled,Undefined,Undefined,Undefined,0,0,,90.42593,0.18865,-6.165143,2218.269537,253.277701,2:30,4.60822,3.5294,5.55072,-27.83013,8.22229,22.26844,2.46635,-0.39814,79.79698,-5.020678,-2.224895,0.432154,,,,,,,,,,,,-13.33324,4.52378,-3.00857,50,4.60689,12.99431,-130.12795,-0.5675,-22.14966,35.23002,-24.65894,BOC_EAG,VIR_TEC,HarringtonVillage,D1,ACC,20260412-HarringtonVillage-1,bcb22540-3693-11f1-85bd-1b9279e81419,87.21987,,,10.62895,,,,,,,b439a363-5661-400d-8b76-3a48f938d72a,2026-04-12,17:19:17.37,2026-04-12T13:19:17.3707264-04:00,2026-04-12T17:19:17.3707264Z,,v3,227,2293,26587,"Cooke, Henry",805714,Right,VIR_TEC,be97f5d3-6b94-4fa3-b663-eb5d036a9607,54.94205,-131.45912,17.61501,4.61073,0.36424,-12.32947,-3.51537,13.83124,-11.07483,,,,,,,,,,,,,,,,,,,,,,,,,,,,,,,,,,,,,,,,,,,,,,,,,,,High,High,High,,,,,,253.898667,4.235036,2212.212567,0.99727,2:30,-0.10626,-0.957901,-0.26671,3.984185,62.365396,9.921806,159.580758,-71.473468,0.110857,-0.948177,-0.297778,72.564916,-6.364697,0.948177,-0.110857,0.297778,-72.564916,6.364697,-0.948177,0.110857,0.297778,-159.580758,71.473468,-0.110857,0.948177,-0.297778,,,
33,2026-04-12,13:19:42.45,3,3,"Stieg, Griffin",703495,Right,VIR_TEC,"Wang, Nick",813482,Right,BOC_EAG,Undefined,1,Bottom,1,0,2,Sweeper,Slider,BallCalled,Undefined,Undefined,Undefined,0,0,,80.98403,-0.419081,-5.517077,2414.590567,82.311165,8:45,4.41875,3.42407,5.43454,-43.88428,0.42358,-8.22772,0.36744,-2.44412,73.70588,-8.396216,-6.969069,0.479084,,,,,,,,,,,,2.38473,0.7537,-2.92823,50,4.35114,11.62036,-116.90828,-2.36331,3.24968,25.201,-31.147,BOC_EAG,VIR_TEC,HarringtonVillage,D1,ACC,20260412-HarringtonVillage-1,cbb51250-3693-11f1-85bd-1b9279e81419,78.67605,,,7.27814,,,,,,,b439a363-5661-400d-8b76-3a48f938d72a,2026-04-12,17:19:42.45,2026-04-12T13:19:42.4570880-04:00,2026-04-12T17:19:42.4570880Z,,v3,227,2293,26587,"Cooke, Henry",805714,Right,VIR_TEC,0fbab53f-d4c3-4d8f-a7ec-90759472fa75,55.06387,-117.99481,12.6005,4.42408,-1.02042,-15.5735,-3.42621,11.48026,1.62484,,,,,,,,,,,,,,,,,,,,,,,,,,,,,,,,,,,,,,,,,,,,,,,,,,,High,High,High,,,,,,134.394493,81.291632,365.581544,0.151405,10:30,-0.994838,0.100952,-0.010324,-31.88792,49.682018,8.054047,129.329885,-36.698896,0.62019,-0.59761,-0.50816,49.62478,-38.330024,0.59761,-0.62019,0.50816,-49.62478,38.330024,-0.59761,0.62019,0.50816,-129.329885,36.698896,-0.62019,0.59761,-0.50816,,,
34,2026-04-12,13:20:27.81,3,4,"Stieg, Griffin",703495,Right,VIR_TEC,"Wang, Nick",813482,Right,BOC_EAG,Undefined,1,Bottom,1,1,2,Sinker,Sinker,InPlay,Undefined,GroundBall,Single,0,0,,91.57525,1.646545,-4.776003,2242.36046,274.107351,3:15,4.70756,3.44456,5.72926,-34.25931,-0.35201,20.88974,3.39184,0.72708,82.90573,-4.666182,-1.054769,0.4191,81.1505,2.425905,-4.884996,1209.810018,,,,62.13453,59.1013,-5.142832,0.555699,-12.05575,-0.34732,-3.05868,50,4.82419,10.14322,-132.51716,2.53339,-21.29507,30.07748,-32.78753,BOC_EAG,VIR_TEC,HarringtonVillage,D1,ACC,20260412-HarringtonVillage-1,e6aaed50-3693-11f1-85bd-1b9279e81419,89.93654,3.71949,,8.66952,,,,0.95743,3.42257,-0.76769,b439a363-5661-400d-8b76-3a48f938d72a,2026-04-12,17:20:27.81,2026-04-12T13:20:27.8173696-04:00,2026-04-12T17:20:27.8173696Z,GroundBall,v3,227,2293,26587,"Cooke, Henry",805714,Right,VIR_TEC,b276fb71-1f95-497e-99d7-0c059ee85c40,54.77108,-133.59567,15.03874,4.71227,3.70907,-16.39376,-3.43608,10.90681,-10.64753,342.600951,0.97508,118.05325,-15.25005,,,,,,,3.44222,4.5608,-19.41403,,,,,,,-0.77196,-10.02216,2.51152,,,,,,,,,,,,,,,,,,,,,,,,,,,,,High,High,High,High,High,,,,251.190828,11.589773,2196.641253,0.979611,2:15,-0.252972,-0.921142,-0.295808,13.885422,36.638358,1.637092,164.590947,79.679263,0.047604,0.98382,-0.172718,80.042699,2.728532,0.98382,0.047604,0.172718,-80.042699,-2.728532,-0.98382,-0.047604,0.172718,-164.590947,-79.679263,-0.047604,-0.98382,-0.172718,,,
35,2026-04-12,13:22:21.42,4,1,"Stieg, Griffin",703495,Right,VIR_TEC,"Toomey, Jack",809057,Right,BOC_EAG,Undefined,1,Bottom,1,0,0,Sweeper,Slider,FoulBallNotFieldable,Undefined,Undefined,Undefined,0,0,,80.86193,0.031035,-3.611439,2344.239062,131.374857,10:30,4.75219,3.66578,5.16234,-32.596,12.95292,-12.58426,2.06513,-0.78654,71.8733,-6.024324,-5.828711,0.485747,46.61773,35.327741,121.378664,3411.875752,,,,102.35983,35.62456,133.198186,2.377205,4.87036,6.96138,-3.31849,50,4.73118,7.90359,-116.66117,-1.01506,6.48564,28.83689,-22.90386,BOC_EAG,VIR_TEC,HarringtonVillage,D1,ACC,20260412-HarringtonVillage-1,2a6f8f50-3694-11f1-85bd-1b9279e81419,77.59678,23.48877,,8.98863,,,,0.09147,2.11282,0.73024,b439a363-5661-400d-8b76-3a48f938d72a,2026-04-12,17:22:21.42,2026-04-12T13:22:21.4289408-04:00,2026-04-12T17:22:21.4289408Z,LineDrive,v3,227,2293,26587,"Cooke, Henry",805714,Right,VIR_TEC,2ce3aadb-1b2c-4ba7-8867-dded92e594ee,55.32968,-117.97123,14.41845,4.75366,0.02547,-11.45193,-3.67086,7.60894,3.24282,,0.09165,-29.05576,-2.27038,1.01152,0.18884,-0.45805,0.24598,-0.04406,0.00137,2.11269,39.54535,-20.0071,2.13914,-0.98208,0.73046,-0.39458,0.11109,-0.0121,0.73026,47.62215,-8.47318,1.08716,-0.11683,-0.0929,-0.00916,0.02651,-0.00486,,,,,,,,,,,,,,,,,,,,,,,High,High,High,High,Medium,,,,113.892482,80.303641,394.832544,0.168427,9:45,-0.98797,0.154528,-0.005996,-35.490667,48.805647,8.419577,123.681963,-41.407376,0.624118,-0.661408,-0.415951,57.83474,-38.617491,0.661408,-0.624118,0.415951,-57.83474,38.617491,-0.661408,0.624118,0.415951,-123.681963,41.407376,-0.624118,0.661408,-0.415951,21.26652,3.07748,4.65706
36,2026-04-12,13:23:20.62,4,2,"Stieg, Griffin",703495,Right,VIR_TEC,"Toomey, Jack",809057,Right,BOC_EAG,Undefined,1,Bottom,1,0,1,Sinker,Sinker,BallCalled,Undefined,Undefined,Undefined,0,0,,90.64316,-0.69337,-6.346196,2145.32065,252.669361,2:30,4.67507,3.39889,5.50083,-26.67116,8.05304,22.27733,1.79993,-0.70467,82.87601,-5.608459,-2.409187,0.424119,,,,,,,,,,,,-12.90989,4.57335,-2.85774,50,4.59615,13.55907,-130.93594,-2.57375,-22.51472,26.45927,-24.19815,BOC_EAG,VIR_TEC,HarringtonVillage,D1,ACC,20260412-HarringtonVillage-1,4db281c0-3694-11f1-85bd-1b9279e81419,88.87238,,,7.76715,,,,,,,b439a363-5661-400d-8b76-3a48f938d72a,2026-04-12,17:23:20.62,2026-04-12T13:23:20.6269952-04:00,2026-04-12T17:23:20.6269952Z,,v3,227,2293,26587,"Cooke, Henry",805714,Right,VIR_TEC,52efdd65-8bc6-4255-93b1-908073f68567,54.99977,-131.94242,13.22963,4.67654,-1.65329,-12.09908,-3.38979,14.41549,-11.25736,,,,,,,,,,,,,,,,,,,,,,,,,,,,,,,,,,,,,,,,,,,,,,,,,,,High,High,High,,,,,,254.585029,6.739355,2130.497077,0.99309,2:30,-0.134289,-0.958715,-0.250664,16.153927,62.19219,29.151153,172.625433,66.578353,0.051021,0.917605,-0.394207,66.751444,2.924533,0.917605,0.051021,0.394207,-66.751444,-2.924533,-0.917605,-0.051021,0.394207,-172.625433,-66.578353,-0.051021,-0.917605,-0.394207,,,
37,2026-04-12,13:24:04.57,4,3,"Stieg, Griffin",703495,Right,VIR_TEC,"Toomey, Jack",809057,Right,BOC_EAG,Undefined,1,Bottom,1,1,1,Sinker,Sinker,InPlay,Undefined,LineDrive,Double,0,1,,90.45223,-0.450337,-4.953916,2273.520283,256.452672,2:30,4.75009,3.59689,5.38058,-28.4162,6.88701,23.42899,1.95834,0.89388,81.80729,-5.695938,-0.805378,0.42764,102.39426,12.142323,-34.001905,2598.887305,86.24914,15.10819,-68.27186,215.46944,201.251,-42.670074,1.846878,-13.30749,3.93996,-3.17004,50,4.68972,10.26883,-130.78781,-2.09503,-22.84336,29.89248,-25.41079,BOC_EAG,VIR_TEC,HarringtonVillage,D1,ACC,20260412-HarringtonVillage-1,67f25330-3694-11f1-85bd-1b9279e81419,88.14055,15.11492,,8.64494,,,,1.1254,2.13813,-1.09553,b439a363-5661-400d-8b76-3a48f938d72a,2026-04-12,17:24:04.57,2026-04-12T13:24:04.5782016-04:00,2026-04-12T17:24:04.5782016Z,LineDrive,v3,227,2293,26587,"Cooke, Henry",805714,Right,VIR_TEC,d7d66f67-864f-49c8-806d-a7b48571e516,55.11914,-131.95264,14.94624,4.75207,-1.10484,-12.70539,-3.58753,11.15897,-11.42168,,1.12541,121.71507,-26.96384,5.58903,-1.29145,0.27958,-0.05669,0.0086,-0.00066,2.13813,31.58854,-20.9158,2.38948,-0.51674,0.11685,-0.02298,0.00364,-0.00031,-1.09553,-82.10381,0.55516,1.37938,-0.53786,0.1621,-0.03795,0.00622,-0.0005,,,,,,,,,,,,,,,,,,,,,,,High,High,High,Medium,Medium,,,,250.192542,2.326295,2271.646612,0.999176,2:15,-0.062314,-0.940351,-0.334449,15.809971,66.830231,28.058157,162.176571,-68.526535,0.112048,-0.930587,-0.3485,69.469313,-6.433415,0.930587,-0.112048,0.3485,-69.469313,6.433415,-0.930587,0.112048,0.3485,-162.176571,68.526535,-0.112048,0.930587,-0.3485,76.66318,12.08603,-18.44041
38,2026-04-12,13:25:00.17,5,1,"Stieg, Griffin",703495,Right,VIR_TEC,"Hendrickson, Carter",830138,Right,BOC_EAG,Undefined,1,Bottom,1,0,0,Sweeper,Slider,StrikeCalled,Undefined,Undefined,StolenBase,0,0,,82.81306,0.211833,-3.770569,2289.154053,105.251016,9:30,4.78265,3.55836,5.29541,-38.92372,3.7174,-7.86355,1.73833,-0.64219,74.6167,-6.922247,-5.16067,0.469987,,,,,,,,,,,,2.64709,2.25906,-3.20903,50,4.77404,8.22567,-119.69645,-0.94062,3.76173,27.51258,-28.96374,BOC_EAG,VIR_TEC,HarringtonVillage,D1,ACC,20260412-HarringtonVillage-1,890daab0-3694-11f1-85bd-1b9279e81419,80.19893,,,8.19636,,,,,,,b439a363-5661-400d-8b76-3a48f938d72a,2026-04-12,17:25:00.17,2026-04-12T13:25:00.1774592-04:00,2026-04-12T17:25:00.1774592Z,,v3,227,2293,26587,"Cooke, Henry",805714,Right,VIR_TEC,1bffcb1a-b576-40fd-a57a-ba9346c3e2b8,55.19984,-120.88574,13.75629,4.78764,0.3114,-14.48187,-3.56108,8.06305,1.88087,,,,,,,,,,,,,,,,,,,,,,,,,,,,,,,,,,,,,,,,,,,,,,,,,,,High,High,High,,,,,,167.288524,84.329949,226.167517,0.0988,11:30,-0.999204,0.025419,-0.030736,-62.509204,47.220954,-9.503286,125.825263,-36.733897,0.649798,-0.598099,-0.469084,51.893199,-40.526341,0.598099,-0.649798,0.469084,-51.893199,40.526341,-0.598099,0.649798,0.469084,-125.825263,36.733897,-0.649798,0.598099,-0.469084,,,
39,2026-04-12,13:25:18.83,5,2,"Stieg, Griffin",703495,Right,VIR_TEC,"Hendrickson, Carter",830138,Right,BOC_EAG,Undefined,1,Bottom,1,0,1,Sweeper,Slider,BallCalled,Undefined,Undefined,Undefined,0,0,,83.81437,-0.069066,-5.325484,2349.562613,107.82233,9:30,4.72031,3.62544,5.47073,-36.79876,4.63063,-9.79784,1.58884,-2.18919,75.79556,-6.813045,-7.054604,0.463261,,,,,,,,,,,,3.14662,2.8148,-3.14929,50,4.68958,11.69105,-120.95082,-1.43062,4.57723,27.55559,-28.07946,BOC_EAG,VIR_TEC,HarringtonVillage,D1,ACC,20260412-HarringtonVillage-1,94309e70-3694-11f1-85bd-1b9279e81419,81.36329,,,8.01881,,,,,,,b439a363-5661-400d-8b76-3a48f938d72a,2026-04-12,17:25:18.83,2026-04-12T13:25:18.8379136-04:00,2026-04-12T17:25:18.8379136Z,,v3,227,2293,26587,"Cooke, Henry",805714,Right,VIR_TEC,527445e6-5475-43b7-91d3-7c58c6a4f383,55.02458,-122.09018,13.7778,4.72473,-0.2696,-14.03973,-3.62877,11.5018,2.28862,,,,,,,,,,,,,,,,,,,,,,,,,,,,,,,,,,,,,,,,,,,,,,,,,,,High,High,High,,,,,,185.918461,81.779655,335.941365,0.14298,12:15,-0.998635,-0.015936,-0.049746,-63.805387,47.66746,-5.716286,125.005347,-39.613919,0.630999,-0.637611,-0.441918,55.274777,-39.123895,0.637611,-0.630999,0.441918,-55.274777,39.123895,-0.637611,0.630999,0.441918,-125.005347,39.613919,-0.630999,0.637611,-0.441918,,,
40,2026-04-12,13:25:58.42,5,3,"Stieg, Griffin",703495,Right,VIR_TEC,"Hendrickson, Carter",830138,Right,BOC_EAG,Undefined,1,Bottom,1,1,1,Sinker,Sinker,FoulBallNotFieldable,Undefined,Undefined,Undefined,0,0,,92.15606,-0.403972,-5.505855,2217.066379,250.159117,2:15,4.7926,3.43644,5.58973,-26.04226,7.76024,18.22025,2.24344,-0.20219,83.30508,-5.236713,-2.274185,0.418452,81.53497,16.950683,127.4733,4010.569978,,,,,45.8286,,,-10.83024,4.39918,-2.97451,50,4.74103,11.98973,-133.13549,-1.89819,-19.27665,30.80643,-24.34395,BOC_EAG,VIR_TEC,HarringtonVillage,D1,ACC,20260412-HarringtonVillage-1,abc04400-3694-11f1-85bd-1b9279e81419,90.07585,13.69023,,8.85097,,,,-0.97886,2.13257,0.164,b439a363-5661-400d-8b76-3a48f938d72a,2026-04-12,17:25:58.42,2026-04-12T13:25:58.4242176-04:00,2026-04-12T17:25:58.4242176Z,,v3,227,2293,26587,"Cooke, Henry",805714,Right,VIR_TEC,ce472e5e-e806-4037-a377-33c96b12289d,54.90787,-134.26633,15.40322,4.7943,-1.00457,-12.17198,-3.42762,12.69733,-9.63833,,-0.97862,-69.60438,5.04343,,,,,,,2.1396,34.64461,-18.03164,,,,,,,0.18923,89.98891,-22.25573,,,,,,,,,,,,,,,,,,,,,,,,,,,,,High,High,High,Medium,Undefined,,,,249.825787,6.498821,2202.819922,0.993574,2:15,-0.13899,-0.933392,-0.33085,15.464698,50.314688,24.5085,168.94389,67.619799,0.073017,0.924678,-0.373684,67.995203,4.187274,0.924678,0.073017,0.373684,-67.995203,-4.187274,-0.924678,-0.073017,0.373684,-168.94389,-67.619799,-0.073017,-0.924678,-0.373684,63.77123,-7.84661,32.87129
41,2026-04-12,13:26:24.01,5,4,"Stieg, Griffin",703495,Right,VIR_TEC,"Hendrickson, Carter",830138,Right,BOC_EAG,Undefined,1,Bottom,1,1,2,Sweeper,Slider,FoulBallNotFieldable,Undefined,Undefined,Undefined,0,0,,80.99098,0.851168,-2.748417,2387.615528,127.226624,10:15,4.6556,3.58347,5.30348,-35.35691,9.89375,-10.51107,2.5092,0.1255,71.62853,-5.733586,-4.608868,0.484154,83.41854,46.931389,-54.844676,4306.869179,51.14515,99.76269,-97.38671,229.62635,95.26543,-69.007615,5.350509,4.2178,5.11744,-3.32557,50,4.70808,6.05089,-116.95479,0.57171,5.61695,29.9615,-25.35897,BOC_EAG,VIR_TEC,HarringtonVillage,D1,ACC,20260412-HarringtonVillage-1,bb008830-3694-11f1-85bd-1b9279e81419,77.85212,105.33944,,9.36244,,,,3.15809,2.63767,-0.16727,b439a363-5661-400d-8b76-3a48f938d72a,2026-04-12,17:26:24.01,2026-04-12T13:26:24.0127488-04:00,2026-04-12T17:26:24.0127488Z,FlyBall,v3,227,2293,26587,"Cooke, Henry",805714,Right,VIR_TEC,7de7ca0c-6ae7-4ad1-a42b-0a64fb7627cb,55.19062,-118.27705,14.98075,4.65815,1.69085,-12.67949,-3.58714,5.803,2.80847,152.925265,3.16532,47.93764,-19.15684,4.95803,-0.37465,-0.24301,0.09127,-0.01262,0.00064,2.62572,89.59885,-23.43824,2.65765,-0.7936,0.22079,-0.03331,0.00211,-3E-05,-0.16855,-68.27089,12.51723,-2.48196,0.16882,0.09626,-0.03582,0.00496,-0.00025,,,,,,,,,,,,,,,,,,,,,,,High,High,High,High,Low,,,,137.293901,78.946862,457.752007,0.191719,10:30,-0.985039,0.144597,-0.093758,-52.577254,50.264396,0.799633,123.638609,-48.073734,0.556287,-0.744005,-0.370137,63.550027,-33.79939,0.744005,-0.556287,0.370137,-63.550027,33.79939,-0.744005,0.556287,0.370137,-123.638609,48.073734,-0.556287,0.744005,-0.370137,69.5022,15.16644,-36.78815
42,2026-04-12,13:26:53.30,5,5,"Stieg, Griffin",703495,Right,VIR_TEC,"Hendrickson, Carter",830138,Right,BOC_EAG,Undefined,1,Bottom,1,1,2,Sinker,Sinker,InPlay,Undefined,GroundBall,Out,1,1,,91.23495,0.52822,-5.548645,2225.607023,263.180029,2:45,4.73331,3.46036,5.47011,-30.96876,3.89177,21.7569,2.64925,0.0645,81.90901,-5.188851,-1.697563,0.424951,,,,,,,,,,,,-12.81552,2.12406,-2.98686,50,4.75887,11.80767,-131.72772,0.05005,-22.16742,32.04651,-28.49998,BOC_EAG,VIR_TEC,HarringtonVillage,D1,ACC,20260412-HarringtonVillage-1,cc76bf30-3694-11f1-85bd-1b9279e81419,88.6984,,,9.32593,,,,,,,b439a363-5661-400d-8b76-3a48f938d72a,2026-04-12,17:26:53.30,2026-04-12T13:26:53.3043712-04:00,2026-04-12T17:26:53.3043712Z,,v3,227,2293,26587,"Cooke, Henry",805714,Right,VIR_TEC,10746892-cb3a-4d1b-bd57-8a523644ff90,55.02915,-132.94558,16.02326,4.73639,1.13312,-14.24999,-3.45158,12.65009,-11.08371,,,,,,,,,,,,,,,,,,,,,,,,,,,,,,,,,,,,,,,,,,,,,,,,,,,High,High,High,,,,,,251.357683,6.896234,2209.505281,0.992765,2:30,-0.15882,-0.93953,-0.303412,32.290629,65.115392,35.946524,177.712506,74.128739,0.010915,0.961879,-0.273259,74.14075,0.625423,0.961879,0.010915,0.273259,-74.14075,-0.625423,-0.961879,-0.010915,0.273259,-177.712506,-74.128739,-0.010915,-0.961879,-0.273259,,,
43,2026-04-12,13:27:34.32,6,1,"Stieg, Griffin",703495,Right,VIR_TEC,"Gallo, Luke",828057,Right,BOC_EAG,Undefined,1,Bottom,2,0,0,Sweeper,Slider,FoulBallNotFieldable,Undefined,Undefined,Undefined,0,0,,81.4782,1.079055,-3.704831,2460.087295,118.017358,10:00,4.7982,3.52886,5.26822,-37.05171,6.41996,-9.42575,2.72643,-0.74166,74.31698,-5.70344,-5.368879,0.474542,,,,,,,,,,,,3.64819,3.28697,-3.18235,50,4.86991,8.0246,-117.95753,0.94478,5.10939,23.68866,-27.57057,BOC_EAG,VIR_TEC,HarringtonVillage,D1,ACC,20260412-HarringtonVillage-1,e4eef000-3694-11f1-85bd-1b9279e81419,79.4291,,,7.16122,,,,,,,b439a363-5661-400d-8b76-3a48f938d72a,2026-04-12,17:27:34.32,2026-04-12T13:27:34.3252992-04:00,2026-04-12T17:27:34.3252992Z,,v3,227,2293,26587,"Cooke, Henry",805714,Right,VIR_TEC,8925e2d4-4475-4de1-8a11-b43fcf9aef46,55.23021,-119.00325,11.84433,4.80134,2.16186,-13.78529,-3.53161,7.79905,2.55469,,,,,,,,,,,,,,,,,,,,,,,,,,,,,,,,,,,,,,,,,,,,,,,,,,,High,High,High,,,,,,168.960898,83.634918,272.733315,0.110863,11:45,-0.998215,0.03994,-0.044404,-59.013063,41.314509,-0.420437,114.512897,-37.660503,0.720292,-0.610981,-0.328452,61.738377,-46.078617,0.610981,-0.720292,0.328452,-61.738377,46.078617,-0.610981,0.720292,0.328452,-114.512897,37.660503,-0.720292,0.610981,-0.328452,,,
44,2026-04-12,13:28:05.82,6,2,"Stieg, Griffin",703495,Right,VIR_TEC,"Gallo, Luke",828057,Right,BOC_EAG,Undefined,1,Bottom,2,0,1,Sweeper,Slider,InPlay,Undefined,LineDrive,Single,0,1,,80.08612,1.670624,-3.243476,2453.152767,94.153433,9:15,4.73229,3.60296,5.21681,-42.75935,2.36835,-12.38469,2.74281,-0.48207,72.99455,-6.127614,-5.429421,0.483496,94.4213,4.321405,7.359959,2148.799256,,,,129.59989,126.05825,12.10414,1.063796,5.22362,1.10177,-3.29345,50,4.85481,7.07851,-115.95309,1.89241,7.05795,23.2126,-30.68536,BOC_EAG,VIR_TEC,HarringtonVillage,D1,ACC,20260412-HarringtonVillage-1,f7bd15e0-3694-11f1-85bd-1b9279e81419,77.95809,4.85398,,7.09157,,,,0.70726,2.64886,0.60177,b439a363-5661-400d-8b76-3a48f938d72a,2026-04-12,17:28:05.82,2026-04-12T13:28:05.8211328-04:00,2026-04-12T17:28:05.8211328Z,GroundBall,v3,227,2293,26587,"Cooke, Henry",805714,Right,VIR_TEC,b5ec537a-008f-41cc-9a3c-1ce674678fb0,55.2817,-117.00566,11.6063,4.73746,3.28382,-15.34268,-3.60717,6.75847,3.52898,246.414752,0.84837,135.13872,-15.92131,,,,,,,2.66431,10.24607,-11.99988,,,,,,,0.50229,18.98881,5.79692,,,,,,,,,,,,,,,,,,,,,,,,,,,,,High,High,High,High,High,,,,107.035597,78.616883,484.175038,0.197368,9:30,-0.976122,0.217209,-0.002598,-43.238496,48.707346,-14.430059,130.957439,-29.474967,0.657452,-0.492043,-0.570658,40.769195,-41.10585,0.492043,-0.657452,0.570658,-40.769195,41.10585,-0.492043,0.657452,0.570658,-130.957439,29.474967,-0.657452,0.492043,-0.570658,65.06339,-1.35125,-3.24643
45,2026-04-12,13:28:45.30,7,1,"Stieg, Griffin",703495,Right,VIR_TEC,"Johnson, Gunnar",1000100233,Right,BOC_EAG,Undefined,1,Bottom,2,0,0,Sinker,Sinker,StrikeCalled,Undefined,Undefined,Undefined,0,0,,89.75378,0.25008,-5.449949,2132.146394,262.126901,2:45,4.6733,3.67009,5.44799,-31.63762,4.16894,21.0871,2.27203,0.30952,81.15909,-5.573722,-1.717523,0.430678,,,,,,,,,,,,-12.21024,2.39748,-3.20239,50,4.67387,11.40838,-129.67828,-0.62285,-20.62156,29.19497,-28.12499,BOC_EAG,VIR_TEC,HarringtonVillage,D1,ACC,20260412-HarringtonVillage-1,0f32cad0-3695-11f1-85bd-1b9279e81419,87.51884,,,8.59468,,,,,,,b439a363-5661-400d-8b76-3a48f938d72a,2026-04-12,17:28:45.30,2026-04-12T13:28:45.3015552-04:00,2026-04-12T17:28:45.3015552Z,,v3,227,2293,26587,"Cooke, Henry",805714,Right,VIR_TEC,b5e98beb-5845-4255-9c93-a56ab5edbf6e,55.05066,-130.8104,14.59748,4.67688,0.46779,-14.06249,-3.6603,12.20805,-10.31078,,,,,,,,,,,,,,,,,,,,,,,,,,,,,,,,,,,,,,,,,,,,,,,,,,,High,High,High,,,,,,255.174541,7.091303,2115.836943,0.992351,2:30,-0.151176,-0.958767,-0.240648,5.477706,67.958897,7.346386,154.442634,-73.774579,0.120545,-0.96017,-0.252077,75.289873,-6.923536,0.96017,-0.120545,0.252077,-75.289873,6.923536,-0.96017,0.120545,0.252077,-154.442634,73.774579,-0.120545,0.96017,-0.252077,,,
46,2026-04-12,13:29:22.05,7,2,"Stieg, Griffin",703495,Right,VIR_TEC,"Johnson, Gunnar",1000100233,Right,BOC_EAG,Undefined,1,Bottom,2,0,1,Sweeper,Slider,StrikeSwinging,Undefined,Undefined,Undefined,0,0,,78.92113,-0.005955,-3.056852,2433.769902,103.282185,9:30,4.70835,3.54462,5.17233,-42.05487,4.36264,-12.13957,1.19816,-0.34636,72.29881,-7.650407,-5.201207,0.490357,,,,,,,,,,,,5.17307,2.61004,-3.25005,50,4.67584,6.5959,-114.34393,-1.46121,6.80926,22.21998,-28.73848,BOC_EAG,VIR_TEC,HarringtonVillage,D1,ACC,20260412-HarringtonVillage-1,25256230-3695-11f1-85bd-1b9279e81419,76.86735,,,6.62232,,,,,,,b439a363-5661-400d-8b76-3a48f938d72a,2026-04-12,17:29:22.05,2026-04-12T13:29:22.0502016-04:00,2026-04-12T17:29:22.0502016Z,,v3,227,2293,26587,"Cooke, Henry",805714,Right,VIR_TEC,aac33ee2-f0b4-42cd-b73a-de5d3e835899,55.32622,-115.37431,11.10999,4.7127,-0.12856,-14.36924,-3.54859,6.28014,3.40463,,,,,,,,,,,,,,,,,,,,,,,,,,,,,,,,,,,,,,,,,,,,,,,,,,,High,High,High,,,,,,98.01954,74.826584,637.018354,0.261741,9:15,-0.965739,0.259081,0.015005,-37.681641,48.569886,-7.553483,126.920656,-33.454591,0.667015,-0.551276,-0.501185,47.724891,-41.83707,0.551276,-0.667015,0.501185,-47.724891,41.83707,-0.551276,0.667015,0.501185,-126.920656,33.454591,-0.667015,0.551276,-0.501185,,,
47,2026-04-12,13:29:44.53,7,3,"Stieg, Griffin",703495,Right,VIR_TEC,"Johnson, Gunnar",1000100233,Right,BOC_EAG,Undefined,1,Bottom,2,0,2,Sweeper,Slider,BallCalled,Undefined,Undefined,Undefined,0,0,,81.27691,-0.136757,-5.024418,2346.169929,163.550921,11:30,4.82022,3.50533,5.10942,-29.54683,14.68524,-3.89162,2.22864,-1.56482,73.83457,-5.579219,-5.70732,0.478674,,,,,,,,,,,,0.41106,7.78611,-3.02769,50,4.78487,10.48387,-117.3539,-1.27063,0.56873,23.84112,-21.40141,BOC_EAG,VIR_TEC,HarringtonVillage,D1,ACC,20260412-HarringtonVillage-1,3293f3a0-3695-11f1-85bd-1b9279e81419,78.74342,,,7.44234,,,,,,,b439a363-5661-400d-8b76-3a48f938d72a,2026-04-12,17:29:44.53,2026-04-12T13:29:44.5318656-04:00,2026-04-12T17:29:44.5318656Z,,v3,227,2293,26587,"Cooke, Henry",805714,Right,VIR_TEC,2736bf4e-46d5-49b8-a8e7-4a815255f28a,55.3855,-118.44294,11.92056,4.82058,-0.29303,-10.70071,-3.506,10.45789,0.28436,,,,,,,,,,,,,,,,,,,,,,,,,,,,,,,,,,,,,,,,,,,,,,,,,,,High,High,High,,,,,,113.082921,79.874083,412.484901,0.175812,9:45,-0.98706,0.159386,0.017585,-30.801093,40.537806,15.133759,112.178907,-40.537304,0.703752,-0.649943,-0.286894,66.182698,-44.72877,0.649943,-0.703752,0.286894,-66.182698,44.72877,-0.649943,0.703752,0.286894,-112.178907,40.537304,-0.703752,0.649943,-0.286894,,,
48,2026-04-12,13:30:08.21,7,4,"Stieg, Griffin",703495,Right,VIR_TEC,"Johnson, Gunnar",1000100233,Right,BOC_EAG,Undefined,1,Bottom,2,1,2,Sweeper,Slider,FoulBallNotFieldable,Undefined,Undefined,Undefined,0,0,,80.516,1.10891,-3.930933,2455.198977,85.653427,8:45,4.77401,3.56455,5.23355,-44.10491,0.50217,-12.17552,2.14353,-1.15083,73.62931,-6.904911,-6.078358,0.480699,,,,,,,,,,,,4.94918,0.30953,-3.19266,50,4.84334,8.50397,-116.55001,0.70841,6.76297,23.24815,-31.75109,BOC_EAG,VIR_TEC,HarringtonVillage,D1,ACC,20260412-HarringtonVillage-1,40af8df0-3695-11f1-85bd-1b9279e81419,78.41172,,,6.88669,,,,,,,b439a363-5661-400d-8b76-3a48f938d72a,2026-04-12,17:30:08.21,2026-04-12T13:30:08.2141184-04:00,2026-04-12T17:30:08.2141184Z,,v3,227,2293,26587,"Cooke, Henry",805714,Right,VIR_TEC,49c8758e-ea98-4379-a9f5-b3127fe67106,55.26591,-117.59571,11.62408,4.77935,2.13656,-15.87554,-3.56832,8.19977,3.38148,,,,,,,,,,,,,,,,,,,,,,,,,,,,,,,,,,,,,,,,,,,,,,,,,,,High,High,High,,,,,,99.267031,79.616694,442.506812,0.180233,9:15,-0.979681,0.196883,0.038227,-40.543901,49.124782,-4.539348,124.974955,-34.16395,0.678002,-0.561563,-0.4743,49.815305,-42.687685,0.561563,-0.678002,0.4743,-49.815305,42.687685,-0.561563,0.678002,0.4743,-124.974955,34.16395,-0.678002,0.561563,-0.4743,,,
49,2026-04-12,13:30:52.41,7,5,"Stieg, Griffin",703495,Right,VIR_TEC,"Johnson, Gunnar",1000100233,Right,BOC_EAG,Undefined,1,Bottom,2,1,2,Sinker,Sinker,BallCalled,Undefined,Undefined,Undefined,0,0,,90.3939,0.452584,-6.82005,2194.154655,271.851047,3:00,4.76264,3.56595,5.56763,-34.41277,0.38268,21.18182,2.32071,-1.07002,82.85621,-5.830789,-3.078099,0.424554,,,,,,,,,,,,-12.4252,0.41902,-2.98946,50,4.77924,14.66038,-130.52162,-0.27589,-21.58975,25.6057,-31.44597,BOC_EAG,VIR_TEC,HarringtonVillage,D1,ACC,20260412-HarringtonVillage-1,5af63d30-3695-11f1-85bd-1b9279e81419,88.78131,,,7.53769,,,,,,,b439a363-5661-400d-8b76-3a48f938d72a,2026-04-12,17:30:52.41,2026-04-12T13:30:52.4153856-04:00,2026-04-12T17:30:52.4153856Z,,v3,227,2293,26587,"Cooke, Henry",805714,Right,VIR_TEC,fd23142c-3fa6-4ab5-afe5-9b84e3e1a4b4,54.93373,-131.48596,12.80285,4.76733,0.90839,-15.72299,-3.55689,15.47347,-10.79488,,,,,,,,,,,,,,,,,,,,,,,,,,,,,,,,,,,,,,,,,,,,,,,,,,,High,High,High,,,,,,254.546213,4.616519,2187.036192,0.996756,2:30,-0.118989,-0.960053,-0.253258,24.856089,55.43296,28.14684,153.404799,76.072028,0.107758,0.970599,-0.215234,77.496791,6.186116,0.970599,0.107758,0.215234,-77.496791,-6.186116,-0.970599,-0.107758,0.215234,-153.404799,-76.072028,-0.107758,-0.970599,-0.215234,,,
50,2026-04-12,13:31:12.37,7,6,"Stieg, Griffin",703495,Right,VIR_TEC,"Johnson, Gunnar",1000100233,Right,BOC_EAG,Undefined,1,Bottom,2,2,2,Sinker,Sinker,FoulBallNotFieldable,Undefined,Undefined,Undefined,0,0,,90.85969,0.856441,-5.185673,2210.355118,268.423167,3:00,4.77579,3.52609,5.45484,-33.00718,1.77201,21.77509,2.83027,0.47305,82.40802,-5.201117,-1.328669,0.424454,87.44319,5.807058,62.027568,3892.810877,,,,127.85644,113.2001,68.123692,1.220615,-12.44717,0.99126,-3.0831,50,4.82898,10.92454,-131.39019,0.69782,-21.65785,29.04535,-30.4493,BOC_EAG,VIR_TEC,HarringtonVillage,D1,ACC,20260412-HarringtonVillage-1,66da8520-3695-11f1-85bd-1b9279e81419,88.80209,6.14058,,8.45168,,,,-0.26071,2.82969,-0.80481,b439a363-5661-400d-8b76-3a48f938d72a,2026-04-12,17:31:12.37,2026-04-12T13:31:12.3708416-04:00,2026-04-12T17:31:12.3708416Z,GroundBall,v3,227,2293,26587,"Cooke, Henry",805714,Right,VIR_TEC,63f26966-5e9e-4bce-9a9f-453aea4feb63,55.04502,-132.50076,14.52268,4.78004,1.86207,-15.22465,-3.51663,11.75264,-10.82892,,-0.2607,59.84545,-21.62765,4.80728,-0.33264,-1.50625,1.90126,-1.04731,0.22169,2.82968,12.97743,-12.88135,0.52876,-1.05711,2.26846,-2.51241,1.35691,-0.28583,-0.80481,112.68587,-15.0492,3.00742,-0.85201,0.70954,-0.67901,0.35799,-0.07506,,,,,,,,,,,,,,,,,,,,,,,High,High,High,High,Medium,,,,254.86621,7.6236,2190.817745,0.991161,2:30,-0.169738,-0.954697,-0.244425,14.934744,54.78633,17.104263,167.998574,74.350973,0.056089,0.962932,-0.263848,74.676778,3.215378,0.962932,0.056089,0.263848,-74.676778,-3.215378,-0.962932,-0.056089,0.263848,-167.998574,-74.350973,-0.056089,-0.962932,-0.263848,61.18076,-2.52794,19.11531
51,2026-04-12,13:31:35.99,7,7,"Stieg, Griffin",703495,Right,VIR_TEC,"Johnson, Gunnar",1000100233,Right,BOC_EAG,Undefined,1,Bottom,2,2,2,Sweeper,Slider,InPlay,Undefined,Popup,Out,1,0,,80.2486,1.544419,-1.883262,2407.181115,124.152098,10:15,4.71757,3.63962,5.2516,-35.48939,9.44867,-11.67808,3.21247,0.8962,72.72196,-4.999841,-3.950296,0.482479,84.89807,49.289475,-15.732717,,106.1978,117.21037,-28.67093,201.39515,105.07015,-14.510822,5.629515,5.28874,4.66985,-3.45766,50,4.83335,4.29848,-116.26481,1.94478,7.15954,24.0365,-25.85236,BOC_EAG,VIR_TEC,HarringtonVillage,D1,ACC,20260412-HarringtonVillage-1,74f29d00-3695-11f1-85bd-1b9279e81419,78.1224,119.7605,,7.52665,,,,0.89194,3.22,-0.86971,b439a363-5661-400d-8b76-3a48f938d72a,2026-04-12,17:31:35.99,2026-04-12T13:31:35.9979008-04:00,2026-04-12T17:31:35.9979008Z,FlyBall,v3,227,2293,26587,"Cooke, Henry",805714,Right,VIR_TEC,4a8c571e-05fc-4aed-897c-0ec1268df0b4,55.24608,-117.34436,12.01825,4.71993,3.10589,-12.92618,-3.6435,3.97693,3.57977,181.935418,0.89752,78.05926,-23.96051,6.5916,-1.17848,0.11387,-0.00086,-0.00073,4E-05,3.22056,94.36539,-21.80113,0.72054,0.51231,-0.2795,0.07133,-0.00915,0.00046,-0.87131,-21.9884,7.54186,-2.16804,0.41086,-0.04544,0.00151,0.00016,-1E-05,,,,,,,,,,,,,,,,,,,,,,,High,High,High,High,Low,,,,107.797258,76.473556,563.025524,0.233894,9:30,-0.967734,0.248824,-0.039708,-47.752085,51.896774,5.606824,115.420172,-52.643938,0.548022,-0.79488,-0.260456,71.857711,-33.231412,0.79488,-0.548022,0.260456,-71.857711,33.231412,-0.79488,0.548022,0.260456,-115.420172,52.643938,-0.548022,0.79488,-0.260456,62.1239,21.5524,-25.61303
52,2026-04-12,13:34:03.00,1,1,"Mudd, Tyler",809052,Left,BOC_EAG,"Daniel, Pete",838741,Right,VIR_TEC,Undefined,2,Top,0,0,0,ChangeUp,Changeup,StrikeCalled,Undefined,Undefined,Undefined,0,0,,80.72872,-1.77722,2.087099,1417.742634,137.910928,10:30,5.99123,-1.08267,5.54944,-29.27191,14.688,-11.85087,1.88954,-0.11907,73.24182,-7.225566,-0.026833,0.477199,,,,,,,,,,,,6.62977,8.43418,0.91004,50,5.81833,-3.78469,-116.9563,-4.54335,9.07823,24.40781,-20.62505,BOC_EAG,VIR_TEC,HarringtonVillage,D1,ACC,20260412-HarringtonVillage-1,cc974a10-3695-11f1-85bd-1b9279e81419,78.98678,,,7.4869,,,,,,,b439a363-5661-400d-8b76-3a48f938d72a,2026-04-12,17:34:03.00,2026-04-12T13:34:03.0046208-04:00,2026-04-12T17:34:03.0046208Z,,v3,227,2293,26587,"Johnson, Gunnar",1000100233,Right,BOC_EAG,881390c9-7357-47e6-8740-2e22b257bca1,54.94665,-117.98411,12.2039,5.99137,-3.67483,-10.31253,1.07746,-4.16697,4.53911,,,,,,,,,,,,,,,,,,,,,,,,,,,,,,,,,,,,,,,,,,,,,,,,,,,High,High,High,,,,,,151.389608,-1.063675,1417.498332,0.999828,11:00,0.03567,0.479114,-0.877028,-82.912514,-0.472719,-46.966507,104.920951,-19.453791,0.911117,-0.333047,-0.242786,53.90846,-65.660219,0.333047,-0.911117,0.242786,-53.90846,65.660219,-0.333047,0.911117,0.242786,-104.920951,19.453791,-0.911117,0.333047,-0.242786,,,
53,2026-04-12,13:34:14.24,1,2,"Mudd, Tyler",809052,Left,BOC_EAG,"Daniel, Pete",838741,Right,VIR_TEC,Undefined,2,Top,0,0,1,Sinker,Sinker,InPlay,Undefined,GroundBall,Out,1,0,,86.46239,-0.664328,2.823666,1964.343155,129.976849,10:15,5.35954,-1.60704,5.62639,-23.22989,14.89178,-16.18276,2.80304,-0.31867,78.2974,-5.029373,-0.06326,0.444383,103.45231,-6.289836,7.967636,,,,,19.76016,18.73468,9.358812,0.131489,9.07367,8.13441,1.37707,50,5.28827,-5.49372,-125.32275,-2.19821,14.29609,27.53028,-19.35784,BOC_EAG,VIR_TEC,HarringtonVillage,D1,ACC,20260412-HarringtonVillage-1,d3427150-3695-11f1-85bd-1b9279e81419,84.81971,2.6972,,8.16499,,,,0.422,2.6972,0.33121,b439a363-5661-400d-8b76-3a48f938d72a,2026-04-12,17:34:14.24,2026-04-12T13:34:14.2467072-04:00,2026-04-12T17:34:14.2467072Z,GroundBall,v3,227,2293,26587,"Johnson, Gunnar",1000100233,Right,BOC_EAG,78fb0719-5157-49f2-bbab-3965c1b357da,54.87131,-126.38832,13.76514,5.35886,-1.44895,-9.67892,1.60041,-6.04706,7.14804,324.809899,0.42256,149.30511,-32.27384,,,,,,,2.698,-16.70397,-29.05907,,,,,,,0.33083,20.94415,7.45809,,,,,,,,,,,,,,,,,,,,,,,,,,,,,High,High,High,High,High,,,,133.923233,-6.932762,1949.980833,0.992688,10:30,0.146193,0.716355,-0.682249,-63.530891,34.930742,-48.187241,99.461341,1.887664,0.985861,0.03294,-0.164293,11.337231,80.353871,0.03294,0.985861,0.164293,-11.337231,-80.353871,-0.03294,-0.985861,0.164293,-99.461341,-1.887664,-0.985861,-0.03294,-0.164293,,,
54,2026-04-12,13:34:45.80,2,1,"Mudd, Tyler",809052,Left,BOC_EAG,"Petrich, Owen",838743,Right,VIR_TEC,Undefined,2,Top,1,0,0,ChangeUp,Changeup,StrikeCalled,Undefined,Undefined,Undefined,0,0,,81.1572,-1.493721,1.178013,1430.596649,137.13852,10:30,5.91981,-1.02624,5.60178,-29.84372,13.08871,-10.86115,2.03777,-0.83146,74.36875,-7.020893,-0.762403,0.47159,,,,,,,,,,,,5.82622,7.47209,0.93254,50,5.77272,-1.98837,-117.78472,-4.01786,8.17586,22.59847,-21.6886,BOC_EAG,VIR_TEC,HarringtonVillage,D1,ACC,20260412-HarringtonVillage-1,e623aa00-3695-11f1-85bd-1b9279e81419,79.92635,,,6.78845,,,,,,,b439a363-5661-400d-8b76-3a48f938d72a,2026-04-12,17:34:45.80,2026-04-12T13:34:45.8045952-04:00,2026-04-12T17:34:45.8045952Z,,v3,227,2293,26587,"Johnson, Gunnar",1000100233,Right,BOC_EAG,8d0a20e5-5840-47f0-9726-c981e0a87ed3,54.89563,-118.72029,11.29924,5.92047,-3.11996,-10.8443,1.02187,-2.32684,4.08793,,,,,,,,,,,,,,,,,,,,,,,,,,,,,,,,,,,,,,,,,,,,,,,,,,,High,High,High,,,,,,150.402811,0.341857,1430.571185,0.999982,11:00,-0.000959,0.493567,-0.869707,-89.276346,2.559964,-57.321718,105.939109,-22.14621,0.890615,-0.376971,-0.254356,55.991079,-62.950671,0.376971,-0.890615,0.254356,-55.991079,62.950671,-0.376971,0.890615,0.254356,-105.939109,22.14621,-0.890615,0.376971,-0.254356,,,
55,2026-04-12,13:34:58.04,2,2,"Mudd, Tyler",809052,Left,BOC_EAG,"Petrich, Owen",838743,Right,VIR_TEC,Undefined,2,Top,1,0,1,ChangeUp,Changeup,InPlay,Undefined,LineDrive,Double,0,0,,82.57775,-0.939957,1.780669,1591.570661,134.878948,10:30,5.83743,-1.14767,5.4898,-29.63179,12.08241,-10.7639,2.48828,-0.37831,75.44484,-6.425144,-0.137284,0.464851,105.34962,19.680476,-26.991319,2545.856677,94.69347,35.49284,-55.97435,308.11895,299.8287,-38.43689,3.441192,5.9754,6.76469,0.99937,50,5.73519,-3.28914,-119.81807,-2.94026,8.65884,23.84176,-22.37141,BOC_EAG,VIR_TEC,HarringtonVillage,D1,ACC,20260412-HarringtonVillage-1,ed5f9f90-3695-11f1-85bd-1b9279e81419,81.08506,43.8021,,7.13291,,,,1.80674,2.48563,0.46944,b439a363-5661-400d-8b76-3a48f938d72a,2026-04-12,17:34:58.04,2026-04-12T13:34:58.0451328-04:00,2026-04-12T17:34:58.0451328Z,LineDrive,v3,227,2293,26587,"Johnson, Gunnar",1000100233,Right,BOC_EAG,f212e1db-2b6b-4b7f-9324-1c32f7a87031,55.00877,-120.81062,11.92088,5.83821,-2.00893,-11.18571,1.1438,-3.64961,4.32942,129.622293,1.80682,129.63639,-34.90855,9.55653,-2.29076,0.4712,-0.07709,0.00818,-0.00038,2.48553,52.03972,-16.73029,-0.27186,0.4908,-0.15685,0.02838,-0.00243,6E-05,0.4695,-66.03271,1.64511,1.65378,-0.83304,0.24757,-0.04894,0.00579,-0.00031,,,,,,,,,,,,,,,,,,,,,,,High,High,High,High,Medium,,,,148.23046,5.229083,1584.946968,0.995838,11:00,-0.073371,0.522747,-0.849325,-82.036545,-1.939083,-51.282609,99.956908,-28.829203,0.862866,-0.4822,-0.151477,72.560507,-59.6399,0.4822,-0.862866,0.151477,-72.560507,59.6399,-0.4822,0.862866,0.151477,-99.956908,28.829203,-0.862866,0.4822,-0.151477,67.64638,17.86015,-14.82203
56,2026-04-12,13:35:44.98,3,1,"Mudd, Tyler",809052,Left,BOC_EAG,"Gibson, Ethan",703551,Right,VIR_TEC,Undefined,2,Top,1,0,0,Fastball,Four-Seam,BallCalled,Undefined,Undefined,Undefined,0,0,,86.30877,0.141044,1.974111,2035.447141,161.38583,11:30,5.89468,-1.09775,5.67782,-17.32521,20.90639,-6.59091,4.58248,0.19403,77.87141,-3.187531,0.797135,0.445023,,,,,,,,,,,,3.92185,10.91481,0.93537,50,5.89587,-4.02517,-125.10104,-0.16443,6.14826,27.77258,-15.0629,BOC_EAG,VIR_TEC,HarringtonVillage,D1,ACC,20260412-HarringtonVillage-1,0958b9c0-3696-11f1-85bd-1b9279e81419,84.69766,,,8.43736,,,,,,,b439a363-5661-400d-8b76-3a48f938d72a,2026-04-12,17:35:44.98,2026-04-12T13:35:44.9869312-04:00,2026-04-12T17:35:44.9869312Z,,v3,227,2293,26587,"Johnson, Gunnar",1000100233,Right,BOC_EAG,a0e7678e-7979-49a4-93cf-ab2fd36668fe,54.81625,-126.16572,13.88629,5.89111,0.41302,-7.53145,1.0942,-4.26087,3.07413,,,,,,,,,,,,,,,,,,,,,,,,,,,,,,,,,,,,,,,,,,,,,,,,,,,High,High,High,,,,,,155.460444,-13.191458,1981.737666,0.973613,11:15,0.259574,0.403799,-0.87725,9.927586,-27.529539,44.288242,179.49047,-3.711664,0.008874,-0.064735,-0.997863,3.711811,-0.508462,0.064735,-0.008874,0.997863,-3.711811,0.508462,-0.064735,0.008874,0.997863,-179.49047,3.711664,-0.008874,0.064735,-0.997863,,,
57,2026-04-12,13:36:00.25,3,2,"Mudd, Tyler",809052,Left,BOC_EAG,"Gibson, Ethan",703551,Right,VIR_TEC,Undefined,2,Top,1,1,0,Fastball,Changeup,BallCalled,Undefined,Undefined,Undefined,0,0,,85.35726,0.132818,2.011184,2088.5741,151.357326,11:00,5.77733,-1.02394,5.60464,-16.97985,22.24363,-11.39264,4.4864,-0.09513,76.94206,-3.138436,-0.020688,0.450759,,,,,,,,,,,,6.32685,11.5656,0.85905,50,5.77795,-3.84744,-123.70012,-0.16336,9.69167,27.29524,-14.45745,BOC_EAG,VIR_TEC,HarringtonVillage,D1,ACC,20260412-HarringtonVillage-1,1277a020-3696-11f1-85bd-1b9279e81419,83.61993,,,8.4152,,,,,,,b439a363-5661-400d-8b76-3a48f938d72a,2026-04-12,17:36:00.25,2026-04-12T13:36:00.2557952-04:00,2026-04-12T17:36:00.2557952Z,,v3,227,2293,26587,"Johnson, Gunnar",1000100233,Right,BOC_EAG,452191cc-779f-419f-bbb5-7e7953ef8437,54.88943,-124.77434,13.64762,5.77319,0.40562,-7.22873,1.01798,-4.22886,4.84584,,,,,,,,,,,,,,,,,,,,,,,,,,,,,,,,,,,,,,,,,,,,,,,,,,,High,High,High,,,,,,152.979486,-3.701254,2084.217765,0.997914,11:00,0.096763,0.453211,-0.886136,6.09572,-24.230592,58.364732,178.022691,2.814216,0.034462,0.049098,-0.998199,2.81589,1.974924,0.049098,0.034462,0.998199,-2.81589,-1.974924,-0.049098,-0.034462,0.998199,-178.022691,-2.814216,-0.034462,-0.049098,-0.998199,,,
58,2026-04-12,13:36:18.33,3,3,"Mudd, Tyler",809052,Left,BOC_EAG,"Gibson, Ethan",703551,Right,VIR_TEC,Undefined,2,Top,1,2,0,Sinker,Changeup,BallCalled,Undefined,Undefined,Undefined,0,0,,85.55958,-1.030121,4.774124,1999.387313,130.875298,10:15,5.23146,-1.59432,5.80714,-25.41879,12.97887,-13.59765,2.15182,1.72257,78.36313,-5.767325,2.348934,0.445989,,,,,,,,,,,,8.18048,7.26776,1.20983,50,5.13156,-9.78267,-123.88733,-3.04434,12.75653,23.96927,-20.84082,BOC_EAG,VIR_TEC,HarringtonVillage,D1,ACC,20260412-HarringtonVillage-1,1d3ce380-3696-11f1-85bd-1b9279e81419,84.51434,,,7.19645,,,,,,,b439a363-5661-400d-8b76-3a48f938d72a,2026-04-12,17:36:18.33,2026-04-12T13:36:18.3375360-04:00,2026-04-12T17:36:18.3375360Z,,v3,227,2293,26587,"Johnson, Gunnar",1000100233,Right,BOC_EAG,330dcdba-754b-4bd7-97de-bf99a2f9dac3,54.69066,-124.79156,11.98464,5.23157,-2.25812,-10.42041,1.58795,-10.26391,6.37826,,,,,,,,,,,,,,,,,,,,,,,,,,,,,,,,,,,,,,,,,,,,,,,,,,,High,High,High,,,,,,134.311442,-9.875012,1969.764822,0.985184,10:30,0.215525,0.707921,-0.672604,-72.215693,39.993207,-64.607774,102.088328,0.752813,0.977742,0.013139,-0.209401,3.590264,77.888602,0.013139,0.977742,0.209401,-3.590264,-77.888602,-0.013139,-0.977742,0.209401,-102.088328,-0.752813,-0.977742,-0.013139,-0.209401,,,
59,2026-04-12,13:36:33.71,3,4,"Mudd, Tyler",809052,Left,BOC_EAG,"Gibson, Ethan",703551,Right,VIR_TEC,Undefined,2,Top,1,3,0,Fastball,Four-Seam,StrikeCalled,Undefined,Undefined,Undefined,0,0,,84.07861,-2.207552,1.457165,2151.303095,153.523746,11:00,5.83086,-1.05561,5.78723,-18.47714,21.62981,-10.06524,2.23572,-0.53848,76.17349,-5.73935,-0.345601,0.455807,,,,,,,,,,,,5.54973,12.09926,0.94154,50,5.63795,-2.68492,-121.86808,-5.19368,8.26239,26.19562,-14.16074,BOC_EAG,VIR_TEC,HarringtonVillage,D1,ACC,20260412-HarringtonVillage-1,26728630-3696-11f1-85bd-1b9279e81419,82.69382,,,7.90513,,,,,,,b439a363-5661-400d-8b76-3a48f938d72a,2026-04-12,17:36:33.71,2026-04-12T13:36:33.7171968-04:00,2026-04-12T17:36:33.7171968Z,,v3,227,2293,26587,"Johnson, Gunnar",1000100233,Right,BOC_EAG,d70a191a-f814-48ff-b635-48bbf9428bcc,54.70815,-122.87593,13.09781,5.82729,-4.64886,-7.08037,1.05096,-3.00281,4.13119,,,,,,,,,,,,,,,,,,,,,,,,,,,,,,,,,,,,,,,,,,,,,,,,,,,High,High,High,,,,,,156.526307,-3.222928,2147.900478,0.998418,11:15,0.064135,0.399568,-0.914457,12.248236,-17.84284,47.995325,177.525749,0.493394,0.043169,0.008611,-0.999031,0.493855,2.47416,0.008611,0.043169,0.999031,-0.493855,-2.47416,-0.008611,-0.043169,0.999031,-177.525749,-0.493394,-0.043169,-0.008611,-0.999031,,,
60,2026-04-12,13:36:48.31,3,5,"Mudd, Tyler",809052,Left,BOC_EAG,"Gibson, Ethan",703551,Right,VIR_TEC,Undefined,2,Top,1,3,1,Sinker,Sinker,FoulBallNotFieldable,Undefined,Undefined,Undefined,0,0,,85.80477,-0.016056,2.449334,1909.549608,123.71795,10:00,5.19213,-1.71512,5.7393,-26.97663,11.36489,-15.13284,2.92911,-0.69413,78.08092,-5.051704,-0.257104,0.445662,74.82732,51.977172,130.341242,4218.448532,,,,,36.31539,,,8.44607,6.16,1.52078,50,5.17436,-4.70239,-124.50466,-0.91457,13.19277,26.13897,-22.55211,BOC_EAG,VIR_TEC,HarringtonVillage,D1,ACC,20260412-HarringtonVillage-1,2f1f49d0-3696-11f1-85bd-1b9279e81419,84.57622,41.68879,,7.72386,,,,0.76307,2.78926,0.61942,b439a363-5661-400d-8b76-3a48f938d72a,2026-04-12,17:36:48.31,2026-04-12T13:36:48.3197952-04:00,2026-04-12T17:36:48.3197952Z,,v3,227,2293,26587,"Johnson, Gunnar",1000100233,Right,BOC_EAG,5d03b776-2574-468d-a992-1fe5bacfc2f1,54.75939,-125.49989,13.06949,5.19283,-0.05591,-11.27606,1.70939,-5.2047,6.59638,334.275038,0.76307,-43.76088,-3.535,1.92349,-0.44556,-0.19493,0.44657,-0.35066,0.10768,2.78926,86.45453,-30.64462,4.15903,-0.83422,0.12161,0.01871,-0.02237,0.00322,0.61942,51.52576,-6.87205,1.95276,-0.32528,-0.1844,0.35934,-0.26865,0.07841,,,,,,,,,,,,,,,,,,,,,,,High,High,High,High,Undefined,,,,130.629323,-6.523995,1897.184051,0.993524,10:15,0.140952,0.754055,-0.641508,-69.080084,40.698124,-54.613243,102.538941,0.812098,0.976051,0.014173,-0.217081,3.73556,77.435209,0.014173,0.976051,0.217081,-3.73556,-77.435209,-0.014173,-0.976051,0.217081,-102.538941,-0.812098,-0.976051,-0.014173,-0.217081,68.45439,9.81641,6.32431
61,2026-04-12,13:37:09.62,3,6,"Mudd, Tyler",809052,Left,BOC_EAG,"Gibson, Ethan",703551,Right,VIR_TEC,Undefined,2,Top,1,3,2,Sinker,Changeup,FoulBallNotFieldable,Undefined,Undefined,Undefined,0,0,,86.29156,-0.127465,3.450444,1917.784624,119.282662,10:00,5.29087,-1.74734,5.85971,-26.01891,12.21599,-19.26938,3.00399,-0.14365,77.5717,-5.028784,0.000294,0.445042,66.69647,36.651507,148.176972,3151.987634,,,,,46.98107,,,10.983,6.68355,1.47857,50,5.26558,-6.73483,-124.9798,-1.09844,17.07672,29.17749,-21.78227,BOC_EAG,VIR_TEC,HarringtonVillage,D1,ACC,20260412-HarringtonVillage-1,3bccae20-3696-11f1-85bd-1b9279e81419,84.69404,29.21232,,8.71986,,,,0.69342,2.94619,0.10965,b439a363-5661-400d-8b76-3a48f938d72a,2026-04-12,17:37:09.62,2026-04-12T13:37:09.6274944-04:00,2026-04-12T17:37:09.6274944Z,,v3,227,2293,26587,"Johnson, Gunnar",1000100233,Right,BOC_EAG,8509f079-9203-477f-b685-b4e1003f50d3,54.63764,-126.05785,14.58875,5.2913,-0.29364,-10.89113,1.73906,-7.36577,8.53836,331.469286,0.69342,-66.68314,1.81399,0.94126,-0.42042,0.96326,-2.28961,2.85666,-1.36082,2.94619,58.39411,-28.6075,3.46462,-1.08765,1.86834,-4.26397,5.15369,-2.39295,0.10965,41.38242,-7.03072,0.84668,-0.22398,0.2914,-0.64325,0.74742,-0.33557,,,,,,,,,,,,,,,,,,,,,,,High,High,High,High,Undefined,,,,135.672272,-14.147231,1859.619874,0.969671,10:30,0.284214,0.678111,-0.677782,-80.900278,47.493904,-85.01896,100.902605,3.428123,0.980193,0.059796,-0.188802,17.573784,78.577364,0.059796,0.980193,0.188802,-17.573784,-78.577364,-0.059796,-0.980193,0.188802,-100.902605,-3.428123,-0.980193,-0.059796,-0.188802,70.86372,4.59497,4.79193
62,2026-04-12,13:37:42.62,3,7,"Mudd, Tyler",809052,Left,BOC_EAG,"Gibson, Ethan",703551,Right,VIR_TEC,Undefined,2,Top,1,3,2,Fastball,Four-Seam,FoulBallNotFieldable,Undefined,Undefined,Undefined,0,0,,86.59375,-1.510882,2.700857,2211.193178,159.897925,11:15,5.88482,-1.16502,5.66322,-12.57662,25.89663,-8.92749,3.42602,0.61136,77.32043,-4.012841,1.108317,0.446428,89.55057,77.49439,-73.093411,,,,,,19.32736,,,5.46528,14.0832,0.94236,50,5.74965,-5.5283,-125.29901,-3.57921,8.48985,30.71517,-10.29709,BOC_EAG,VIR_TEC,HarringtonVillage,D1,ACC,20260412-HarringtonVillage-1,4f7c3350-3696-11f1-85bd-1b9279e81419,84.43125,105.51064,,9.27332,,,,2.09641,3.47347,-0.59808,b439a363-5661-400d-8b76-3a48f938d72a,2026-04-12,17:37:42.62,2026-04-12T13:37:42.6288640-04:00,2026-04-12T17:37:42.6288640Z,,v3,227,2293,26587,"Johnson, Gunnar",1000100233,Right,BOC_EAG,4475bcdc-dd4e-41cb-bcbb-af73a365a168,54.83194,-126.47794,15.35759,5.87945,-3.18398,-5.14854,1.16081,-5.85416,4.24492,,2.09643,8.2677,-11.20745,3.46407,0.03325,-0.52032,-0.38673,0.78567,-0.30238,3.47346,128.22515,-32.08199,4.439,-1.15999,0.60906,-0.34041,0.09636,-0.00492,-0.5981,-27.20832,11.90602,-3.35795,0.08725,0.35475,0.3735,-0.67179,0.25367,,,,,,,,,,,,,,,,,,,,,,,High,High,High,Low,Undefined,,,,157.123862,-6.589649,2196.584961,0.993394,11:15,0.147548,0.389064,-0.909318,7.133362,-26.128386,64.801716,178.39613,5.32666,0.027868,0.092834,-0.995292,5.328736,1.596942,0.092834,0.027868,0.995292,-5.328736,-1.596942,-0.092834,-0.027868,0.995292,-178.39613,-5.32666,-0.027868,-0.092834,-0.995292,76.36723,17.7674,-33.83974
63,2026-04-12,13:38:15.56,3,8,"Mudd, Tyler",809052,Left,BOC_EAG,"Gibson, Ethan",703551,Right,VIR_TEC,Undefined,2,Top,1,3,2,Fastball,Four-Seam,BallCalled,Walk,Undefined,Undefined,0,0,,86.35259,-0.074564,1.863717,2016.541202,163.275525,11:30,5.83857,-0.89942,5.64662,-11.99056,26.31635,-7.49741,4.76977,0.21481,77.70913,-2.45605,0.525524,0.445461,,,,,,,,,,,,4.3413,13.67485,0.74593,50,5.82473,-3.74206,-125.139,-0.39973,6.79684,28.23904,-10.76438,BOC_EAG,VIR_TEC,HarringtonVillage,D1,ACC,20260412-HarringtonVillage-1,631f8380-3696-11f1-85bd-1b9279e81419,84.6144,,,8.64346,,,,,,,b439a363-5661-400d-8b76-3a48f938d72a,2026-04-12,17:38:15.56,2026-04-12T13:38:15.5692032-04:00,2026-04-12T17:38:15.5692032Z,,v3,227,2293,26587,"Johnson, Gunnar",1000100233,Right,BOC_EAG,e1c508b6-1f44-46e1-ba2e-dd745afe117c,54.84696,-126.22804,14.11952,5.83214,0.01539,-5.38219,0.8953,-4.00418,3.39842,,,,,,,,,,,,,,,,,,,,,,,,,,,,,,,,,,,,,,,,,,,,,,,,,,,High,High,High,,,,,,155.918189,-2.54716,2014.54882,0.999012,11:15,0.07355,0.407695,-0.910151,15.284062,-20.940371,58.859445,177.935268,-6.769415,0.035777,-0.117874,-0.992384,6.773772,-2.050332,0.117874,-0.035777,0.992384,-6.773772,2.050332,-0.117874,0.035777,0.992384,-177.935268,6.769415,-0.035777,0.117874,-0.992384,,,
64,2026-04-12,13:38:43.90,4,1,"Mudd, Tyler",809052,Left,BOC_EAG,"Gates, Sam",811781,Left,VIR_TEC,Undefined,2,Top,1,0,0,Sinker,Sinker,BallCalled,Undefined,Undefined,Undefined,0,0,,86.475,-0.989443,5.516719,1916.662624,120.001964,10:00,5.25773,-1.66768,6.15198,-25.94336,10.99627,-17.14162,2.17725,2.01677,79.63436,-5.830718,2.444254,0.437439,,,,,,,,,,,,10.20898,6.27866,1.25552,50,5.16873,-11.41523,-125.23639,-2.97392,16.36917,23.02089,-22.10674,BOC_EAG,VIR_TEC,HarringtonVillage,D1,ACC,20260412-HarringtonVillage-1,740dc5d0-3696-11f1-85bd-1b9279e81419,86.16615,,,6.84064,,,,,,,b439a363-5661-400d-8b76-3a48f938d72a,2026-04-12,17:38:43.90,2026-04-12T13:38:43.9025152-04:00,2026-04-12T17:38:43.9025152Z,,v3,227,2293,26587,"Johnson, Gunnar",1000100233,Right,BOC_EAG,1df858e2-c889-4382-99e6-19edfa5f728a,54.34773,-126.03305,11.51045,5.25841,-2.20889,-11.05337,1.66035,-11.98171,8.18458,,,,,,,,,,,,,,,,,,,,,,,,,,,,,,,,,,,,,,,,,,,,,,,,,,,High,High,High,,,,,,136.130414,-11.76618,1876.389567,0.978988,10:30,0.259132,0.681878,-0.684027,-74.041878,45.123375,-77.458888,97.710463,3.139798,0.989471,0.054772,-0.133966,22.237381,81.678343,0.054772,0.989471,0.133966,-22.237381,-81.678343,-0.054772,-0.989471,0.133966,-97.710463,-3.139798,-0.989471,-0.054772,-0.133966,,,
65,2026-04-12,13:39:00.51,4,2,"Mudd, Tyler",809052,Left,BOC_EAG,"Gates, Sam",811781,Left,VIR_TEC,Undefined,2,Top,1,1,0,Fastball,Changeup,BallCalled,Undefined,Undefined,Undefined,0,0,,83.66315,-0.572862,2.271463,1942.733288,156.224706,11:15,5.82393,-0.9631,5.77736,-16.45465,24.19521,-10.01186,3.91924,0.31723,75.33426,-3.769988,0.480536,0.458882,,,,,,,,,,,,5.78347,12.89032,0.78146,50,5.76686,-4.39356,-121.23737,-1.60954,8.49049,26.72131,-13.25023,BOC_EAG,VIR_TEC,HarringtonVillage,D1,ACC,20260412-HarringtonVillage-1,7df15bc0-3696-11f1-85bd-1b9279e81419,82.1397,,,8.32889,,,,,,,b439a363-5661-400d-8b76-3a48f938d72a,2026-04-12,17:39:00.51,2026-04-12T13:39:00.5197824-04:00,2026-04-12T17:39:00.5197824Z,,v3,227,2293,26587,"Johnson, Gunnar",1000100233,Right,BOC_EAG,d2de0b5c-5c68-466a-8ad8-6de8b524f791,54.7171,-122.27262,13.36066,5.81928,-1.09619,-6.62512,0.95805,-4.72251,4.24524,,,,,,,,,,,,,,,,,,,,,,,,,,,,,,,,,,,,,,,,,,,,,,,,,,,High,High,High,,,,,,156.918105,-8.569202,1921.045815,0.988837,11:15,0.181061,0.38914,-0.903209,7.615718,-21.379553,53.283112,176.453732,-2.56248,0.061793,-0.044709,-0.997087,2.56739,-3.542718,0.044709,-0.061793,0.997087,-2.56739,3.542718,-0.044709,0.061793,0.997087,-176.453732,2.56248,-0.061793,0.044709,-0.997087,,,
66,2026-04-12,13:39:50.15,4,3,"Mudd, Tyler",809052,Left,BOC_EAG,"Gates, Sam",811781,Left,VIR_TEC,Undefined,2,Top,1,2,0,Sinker,Changeup,BallCalled,Undefined,Undefined,Undefined,0,0,,86.64712,-1.206197,4.812597,1958.858687,118.468086,10:00,5.18486,-1.83602,5.8374,-25.96104,11.67383,-19.19017,1.89624,1.04832,78.84571,-6.055079,1.385916,0.441537,,,,,,,,,,,,11.16434,6.68654,1.45421,50,5.07102,-9.75685,-125.40362,-3.48722,17.71086,26.25892,-21.56666,BOC_EAG,VIR_TEC,HarringtonVillage,D1,ACC,20260412-HarringtonVillage-1,9b80cd60-3696-11f1-85bd-1b9279e81419,85.36652,,,7.80141,,,,,,,b439a363-5661-400d-8b76-3a48f938d72a,2026-04-12,17:39:50.15,2026-04-12T13:39:50.1595648-04:00,2026-04-12T17:39:50.1595648Z,,v3,227,2293,26587,"Johnson, Gunnar",1000100233,Right,BOC_EAG,059faeed-4963-4c54-87f0-88f257c7a355,54.66111,-126.37587,13.12946,5.18535,-2.68871,-10.78333,1.8276,-10.41261,8.85543,,,,,,,,,,,,,,,,,,,,,,,,,,,,,,,,,,,,,,,,,,,,,,,,,,,High,High,High,,,,,,131.891274,-11.072288,1922.395835,0.981386,10:30,0.23098,0.734437,-0.638161,-59.807093,40.452156,-53.436483,98.452401,4.005473,0.986722,0.069852,-0.146629,25.472447,80.652792,0.069852,0.986722,0.146629,-25.472447,-80.652792,-0.069852,-0.986722,0.146629,-98.452401,-4.005473,-0.986722,-0.069852,-0.146629,,,
67,2026-04-12,13:40:05.41,4,4,"Mudd, Tyler",809052,Left,BOC_EAG,"Gates, Sam",811781,Left,VIR_TEC,Undefined,2,Top,1,3,0,Sinker,Changeup,StrikeCalled,Undefined,Undefined,Undefined,0,0,,85.50774,-0.55272,4.254658,1911.114073,120.071629,10:00,5.24857,-1.95063,5.85068,-28.39072,9.57823,-14.67922,2.36765,0.7868,79.04939,-5.805213,1.630694,0.443492,,,,,,,,,,,,8.5391,5.37181,1.61292,50,5.18678,-8.63891,-124.06385,-2.1307,13.47582,21.90436,-23.6966,BOC_EAG,VIR_TEC,HarringtonVillage,D1,ACC,20260412-HarringtonVillage-1,a49812a0-3696-11f1-85bd-1b9279e81419,84.99014,,,6.45835,,,,,,,b439a363-5661-400d-8b76-3a48f938d72a,2026-04-12,17:40:05.41,2026-04-12T13:40:05.4130176-04:00,2026-04-12T17:40:05.4130176Z,,v3,227,2293,26587,"Johnson, Gunnar",1000100233,Right,BOC_EAG,d5753f57-59a5-4cb6-af00-fc49ae666036,54.64953,-124.88205,10.95218,5.24983,-1.24554,-11.8483,1.94501,-9.14228,6.73791,,,,,,,,,,,,,,,,,,,,,,,,,,,,,,,,,,,,,,,,,,,,,,,,,,,High,High,High,,,,,,132.063166,-12.849207,1863.257334,0.974959,10:30,0.263258,0.725927,-0.635393,-68.800129,46.886069,-67.996757,99.956452,4.106951,0.98241,0.071618,-0.172456,22.552442,79.237667,0.071618,0.98241,0.172456,-22.552442,-79.237667,-0.071618,-0.98241,0.172456,-99.956452,-4.106951,-0.98241,-0.071618,-0.172456,,,
68,2026-04-12,13:40:20.30,4,5,"Mudd, Tyler",809052,Left,BOC_EAG,"Gates, Sam",811781,Left,VIR_TEC,Undefined,2,Top,1,3,1,Sinker,Changeup,StrikeSwinging,Undefined,Undefined,Undefined,0,0,,85.61673,-1.504688,3.727296,1915.625051,114.021663,9:45,5.16457,-1.7937,5.86191,-29.64502,8.42048,-16.2995,1.29301,0.31556,78.8403,-6.986248,0.807866,0.444055,,,,,,,,,,,,9.36414,5.04701,1.50091,50,5.02491,-7.44284,-124.20755,-4.24428,14.70733,23.62538,-24.24721,BOC_EAG,VIR_TEC,HarringtonVillage,D1,ACC,20260412-HarringtonVillage-1,ad7694a0-3696-11f1-85bd-1b9279e81419,84.88228,,,6.77643,,,,,,,b439a363-5661-400d-8b76-3a48f938d72a,2026-04-12,17:40:20.30,2026-04-12T13:40:20.3079680-04:00,2026-04-12T17:40:20.3079680Z,,v3,227,2293,26587,"Johnson, Gunnar",1000100233,Right,BOC_EAG,bd36fdab-21b3-4f03-97da-59e2071ca961,54.63867,-125.08675,11.81269,5.16606,-3.34194,-12.12361,1.78807,-7.99016,7.35366,,,,,,,,,,,,,,,,,,,,,,,,,,,,,,,,,,,,,,,,,,,,,,,,,,,High,High,High,,,,,,132.343551,-8.622325,1893.974733,0.988698,10:30,0.173696,0.734451,-0.656058,-70.286639,40.255934,-58.754017,102.266703,0.762829,0.977083,0.013313,-0.212444,3.58594,77.709963,0.013313,0.977083,0.212444,-3.58594,-77.709963,-0.013313,-0.977083,0.212444,-102.266703,-0.762829,-0.977083,-0.013313,-0.212444,,,
69,2026-04-12,13:40:38.18,4,6,"Mudd, Tyler",809052,Left,BOC_EAG,"Gates, Sam",811781,Left,VIR_TEC,Undefined,2,Top,1,3,2,Sinker,Sinker,StrikeSwinging,Strikeout,Undefined,Undefined,0,0,,86.10594,-1.461967,4.215945,1993.637507,124.543902,10:15,5.19449,-1.72948,6.01316,-25.1843,12.54095,-16.41729,1.73752,0.81496,78.5986,-6.180612,1.271399,0.442067,,,,,,,,,,,,9.61426,7.23477,1.40706,50,5.06576,-8.53298,-124.75934,-3.96983,15.1273,25.49845,-20.7907,BOC_EAG,VIR_TEC,HarringtonVillage,D1,ACC,20260412-HarringtonVillage-1,b82346f0-3696-11f1-85bd-1b9279e81419,85.26418,,,7.50734,,,,,,,b439a363-5661-400d-8b76-3a48f938d72a,2026-04-12,17:40:38.18,2026-04-12T13:40:38.1873152-04:00,2026-04-12T17:40:38.1873152Z,,v3,227,2293,26587,"Johnson, Gunnar",1000100233,Right,BOC_EAG,3ddf98dd-0402-4a04-bbec-81f9bed37957,54.48522,-125.67269,12.74923,5.19462,-3.22511,-10.39535,1.72241,-9.07483,7.56365,,,,,,,,,,,,,,,,,,,,,,,,,,,,,,,,,,,,,,,,,,,,,,,,,,,High,High,High,,,,,,133.74985,-11.315678,1954.883195,0.980561,10:30,0.227446,0.713099,-0.663142,-65.575108,45.957857,-62.75352,97.696956,6.215412,0.985165,0.108267,-0.133146,39.115994,80.118622,0.108267,0.985165,0.133146,-39.115994,-80.118622,-0.108267,-0.985165,0.133146,-97.696956,-6.215412,-0.985165,-0.108267,-0.133146,,,
70,2026-04-12,13:41:05.14,5,1,"Mudd, Tyler",809052,Left,BOC_EAG,"Locurto, Nick",824009,Right,VIR_TEC,Undefined,2,Top,2,0,0,Fastball,Four-Seam,InPlay,Undefined,Popup,Out,1,0,,86.47403,-2.052804,1.589825,2120.086533,155.849894,11:15,5.81064,-0.92561,5.72246,-13.62922,23.9421,-10.19823,2.76126,-0.29427,79.09651,-4.683284,-0.233823,0.441163,83.57586,70.845466,23.787507,,,,,106.0121,43.23935,56.945678,5.835292,5.67087,13.15607,0.79943,50,5.63107,-3.06741,-125.52756,-4.85434,9.05772,25.16098,-11.16064,BOC_EAG,VIR_TEC,HarringtonVillage,D1,ACC,20260412-HarringtonVillage-1,c82d91e0-3696-11f1-85bd-1b9279e81419,85.43871,145.46348,,7.37752,,,,2.61762,2.8298,0.27596,b439a363-5661-400d-8b76-3a48f938d72a,2026-04-12,17:41:05.14,2026-04-12T13:41:05.1411968-04:00,2026-04-12T17:41:05.1411968Z,Popup,v3,227,2293,26587,"Johnson, Gunnar",1000100233,Right,BOC_EAG,bb017f65-a1a2-4407-b9a1-588f451e0528,54.77698,-126.48144,12.58049,5.80708,-4.43123,-5.58032,0.92223,-3.4108,4.52886,,2.58842,37.25598,-19.39516,7.95955,-2.60795,0.62371,-0.09228,0.00722,-0.00022,2.80679,116.19786,-31.48163,5.66525,-2.01273,0.62412,-0.12283,0.01277,-0.00053,0.2926,15.94121,2.8995,-2.67994,1.35333,-0.4313,0.08049,-0.00792,0.00031,,,,,,,,,,,,,,,,,,,,,,,High,High,High,Medium,Low,,,,156.014118,-6.738731,2105.440031,0.993092,11:15,0.12794,0.407647,-0.904132,13.728396,-25.399502,51.858419,178.488166,5.06745,0.02628,0.088328,-0.995745,5.069206,1.505924,0.088328,0.02628,0.995745,-5.069206,-1.505924,-0.088328,-0.02628,0.995745,-178.488166,-5.06745,-0.02628,-0.088328,-0.995745,78.89046,7.40811,-7.20324
71,2026-04-12,13:43:36.82,1,1,"Stieg, Griffin",703495,Right,VIR_TEC,"Surowiec, Danny",831970,Left,BOC_EAG,Undefined,2,Bottom,0,0,0,Sweeper,Slider,FoulBallNotFieldable,Undefined,Undefined,Undefined,0,0,,81.3579,1.42577,-3.516585,2430.170443,110.342116,9:45,4.81545,3.79565,5.12321,-38.73549,5.50473,-10.6576,2.93323,-0.4089,73.52527,-5.665959,-5.393325,0.478718,84.61092,-11.893492,75.738948,,,,,15.25286,14.12861,69.638379,0.117872,4.19036,2.70051,-3.45605,50,4.91991,7.67737,-117.64227,1.56662,5.78151,25.54145,-28.4481,BOC_EAG,VIR_TEC,HarringtonVillage,D1,ACC,20260412-HarringtonVillage-1,229f41a0-3697-11f1-85bd-1b9279e81419,78.73614,3.02283,,7.83263,,,,1.77156,3.02283,0.38964,b439a363-5661-400d-8b76-3a48f938d72a,2026-04-12,17:43:36.82,2026-04-12T13:43:36.8285696-04:00,2026-04-12T17:43:36.8285696Z,GroundBall,v3,227,2293,26587,"Cooke, Henry",805714,Right,VIR_TEC,5b1573bc-e59a-4390-a0fd-9d3052fb9fad,55.37405,-118.80331,12.77073,4.81931,2.85978,-14.22405,-3.79907,7.41455,2.89075,180,1.77001,29.99501,,,,,,,,3.02415,-25.64495,,,,,,,,0.38356,118.01023,,,,,,,,,,,,,,,,,,,,,,,,,,,,,,High,High,High,Low,Low,,,,183.001508,81.987948,338.720536,0.139381,12:00,-0.996787,0.017343,-0.078197,-43.57159,47.986754,20.208805,117.196874,-50.643741,0.564031,-0.773218,-0.289833,69.451961,-34.335006,0.773218,-0.564031,0.289833,-69.451961,34.335006,-0.773218,0.564031,0.289833,-117.196874,50.643741,-0.564031,0.773218,-0.289833,70.57745,27.75927,25.76864
72,2026-04-12,13:43:55.58,1,2,"Stieg, Griffin",703495,Right,VIR_TEC,"Surowiec, Danny",831970,Left,BOC_EAG,Undefined,2,Bottom,0,0,1,Cutter,Slider,FoulBallNotFieldable,Undefined,Undefined,Undefined,0,0,,86.36325,1.231184,-4.214446,2393.591342,175.38708,11:45,4.88247,3.72355,5.36412,-32.35588,6.21339,-0.3998,3.34393,-0.26875,78.55842,-4.714944,-4.285122,0.446984,64.31104,69.589807,-120.881775,5046.194974,,,,,14.54145,,,-1.03095,3.1191,-3.34432,50,4.97041,9.2258,-124.96405,1.52429,-1.6224,26.31498,-27.26561,BOC_EAG,VIR_TEC,HarringtonVillage,D1,ACC,20260412-HarringtonVillage-1,2dd9b500-3697-11f1-85bd-1b9279e81419,84.32611,36.8235,,7.80483,,,,0.57225,3.39913,0.27743,b439a363-5661-400d-8b76-3a48f938d72a,2026-04-12,17:43:55.58,2026-04-12T13:43:55.5856384-04:00,2026-04-12T17:43:55.5856384Z,,v3,227,2293,26587,"Cooke, Henry",805714,Right,VIR_TEC,c3a264f8-bc7e-4599-b0fb-68d275704f0f,55.13377,-126.04048,13.15749,4.88525,2.63961,-13.63281,-3.72307,9.29217,-0.8112,12.198288,0.58304,-17.21744,-5.3374,,,,,,,3.41109,88.03561,-26.29302,,,,,,,0.28139,-28.35408,-0.53808,,,,,,,,,,,,,,,,,,,,,,,,,,,,,High,High,High,High,Undefined,,,,228.574391,64.975102,1012.518005,0.423012,1:30,-0.930831,-0.297638,-0.212052,-6.765041,56.165663,17.894031,158.262088,-6.420057,0.368039,-0.111817,-0.923063,6.906972,-21.59472,0.111817,-0.368039,0.923063,-6.906972,21.59472,-0.111817,0.368039,0.923063,-158.262088,6.420057,-0.368039,0.111817,-0.923063,72.32685,21.82074,12.5051
73,2026-04-12,13:44:13.94,1,3,"Stieg, Griffin",703495,Right,VIR_TEC,"Surowiec, Danny",831970,Left,BOC_EAG,Undefined,2,Bottom,0,0,2,ChangeUp,Changeup,InPlay,Undefined,LineDrive,Single,0,0,,81.49377,1.308746,-5.173288,1708.239617,268.228846,3:00,4.54162,3.81234,5.41124,-41.65597,2.36536,21.40072,2.30164,0.73584,72.88867,-6.362589,-1.385525,0.477533,94.45621,14.746861,5.377672,2211.236079,109.45848,21.68679,10.89548,250.55813,248.63438,6.222827,2.493729,-12.50575,1.21331,-3.36667,50,4.62966,9.75535,-117.60891,1.2569,-17.14048,26.76116,-30.51108,BOC_EAG,VIR_TEC,HarringtonVillage,D1,ACC,20260412-HarringtonVillage-1,38c6cbb0-3697-11f1-85bd-1b9279e81419,78.93167,22.61547,,8.60509,,,,1.18182,2.29427,-0.71694,b439a363-5661-400d-8b76-3a48f938d72a,2026-04-12,17:44:13.94,2026-04-12T13:44:13.9411968-04:00,2026-04-12T17:44:13.9411968Z,LineDrive,v3,227,2293,26587,"Cooke, Henry",805714,Right,VIR_TEC,36ae7051-735c-477a-bdd3-7767e9a031fa,55.08645,-118.76066,13.38058,4.54731,2.57004,-15.25554,-3.8024,10.49305,-8.57024,205.564863,1.18184,133.38336,-21.01246,4.64804,-1.19512,0.43899,-0.16221,0.03647,-0.00342,2.29425,35.26364,-16.02867,0.5611,0.21377,-0.23845,0.11852,-0.02867,0.00279,-0.71696,12.55537,0.75367,-1.15903,0.61983,-0.35882,0.1535,-0.03605,0.00347,,,,,,,,,,,,,,,,,,,,,,,High,High,High,High,High,,,,272.105972,1.068955,1707.942327,0.999826,3:00,-0.03799,-0.998464,0.040331,-70.732057,-34.835259,-0.977596,179.641001,-21.872682,0.005815,-0.372545,-0.927996,21.873071,-0.333156,0.372545,-0.005815,0.927996,-21.873071,0.333156,-0.372545,0.005815,0.927996,-179.641001,21.872682,-0.005815,0.372545,-0.927996,,,
74,2026-04-12,13:44:54.62,2,1,"Stieg, Griffin",703495,Right,VIR_TEC,"Larson, Colin",831502,Left,BOC_EAG,Undefined,2,Bottom,0,0,0,Cutter,Slider,InPlay,Undefined,Bunt,Sacrifice,1,0,,84.8017,0.648886,-3.629391,2211.609424,169.162137,11:45,4.74295,3.77008,5.34437,-34.39628,5.54776,-0.81358,2.48652,0.29323,77.30391,-5.659492,-3.773408,0.45488,30.39994,-71.586116,-58.168455,,,,,2.78235,2.78235,-22.45573,0.059234,-0.64736,2.9515,-3.44204,50,4.77693,7.82513,-122.82478,0.16531,-0.98439,25.36919,-27.68601,BOC_EAG,VIR_TEC,HarringtonVillage,D1,ACC,20260412-HarringtonVillage-1,510304f0-3697-11f1-85bd-1b9279e81419,82.86231,2.55606,,7.49779,,,,2.12255,2.55606,-0.33978,b439a363-5661-400d-8b76-3a48f938d72a,2026-04-12,17:44:54.62,2026-04-12T13:44:54.6281984-04:00,2026-04-12T17:44:54.6281984Z,GroundBall,v3,227,2293,26587,"Cooke, Henry",805714,Right,VIR_TEC,f5db636e-717f-40d5-9d2f-4fbd7573cea1,55.15424,-123.8848,12.6846,4.74585,1.32213,-13.84301,-3.76987,7.86626,-0.49219,,2.12113,7.57721,,,,,,,,2.56415,-43.15227,,,,,,,,-0.33749,-12.20578,,,,,,,,,,,,,,,,,,,,,,,,,,,,,,High,High,High,Estimated,Estimated,,,,239.740733,61.953381,1039.876255,0.47019,2:00,-0.900327,-0.396107,-0.180304,-34.645291,53.692104,-8.220447,159.590202,-0.845551,0.348694,-0.014757,-0.93712,0.902179,-20.407476,0.014757,-0.348694,0.93712,-0.902179,20.407476,-0.014757,0.348694,0.93712,-159.590202,0.845551,-0.348694,0.014757,-0.93712,7.76038,-5.10964,-19.08997
75,2026-04-12,13:45:36.93,3,1,"Stieg, Griffin",703495,Right,VIR_TEC,"Solier, Julio",827632,Right,BOC_EAG,Undefined,2,Bottom,1,0,0,ChangeUp,Changeup,BallCalled,Undefined,Undefined,Undefined,0,0,,79.63233,0.174864,-6.459195,1701.152536,269.22997,3:00,4.54625,3.58186,5.39934,-44.02199,1.96205,19.79922,1.04266,-0.84672,71.89108,-7.879472,-2.96622,0.488062,,,,,,,,,,,,-11.9928,1.41752,-3.01814,50,4.53121,12.19134,-114.77507,-1.1449,-15.77431,24.01331,-30.30958,BOC_EAG,VIR_TEC,HarringtonVillage,D1,ACC,20260412-HarringtonVillage-1,6a471140-3697-11f1-85bd-1b9279e81419,77.22878,,,7.74126,,,,,,,b439a363-5661-400d-8b76-3a48f938d72a,2026-04-12,17:45:36.93,2026-04-12T13:45:36.9392128-04:00,2026-04-12T17:45:36.9392128Z,,v3,227,2293,26587,"Cooke, Henry",805714,Right,VIR_TEC,60485c7e-4705-4a73-8ff3-d91c7ed4c8dd,55.09914,-115.837,12.00666,4.5522,0.19547,-15.15479,-3.5727,12.88892,-7.88716,,,,,,,,,,,,,,,,,,,,,,,,,,,,,,,,,,,,,,,,,,,,,,,,,,,High,High,High,,,,,,273.748776,-12.365556,1661.687824,0.976801,3:00,0.217016,-0.97536,0.039704,-67.654863,-12.763168,3.060476,169.441039,-22.132571,0.169745,-0.376751,-0.910629,22.476148,-9.77297,0.376751,-0.169745,0.910629,-22.476148,9.77297,-0.376751,0.169745,0.910629,-169.441039,22.132571,-0.169745,0.376751,-0.910629,,,
76,2026-04-12,13:45:57.99,3,2,"Stieg, Griffin",703495,Right,VIR_TEC,"Solier, Julio",827632,Right,BOC_EAG,Undefined,2,Bottom,1,1,0,Cutter,Slider,BallCalled,Undefined,Undefined,Undefined,0,0,,86.04404,-1.09067,-4.707434,2381.168729,158.02031,11:15,4.8258,3.47192,5.45915,-31.92348,6.78327,-2.23453,1.14103,-1.13053,78.73749,-6.935448,-5.102986,0.44778,,,,,,,,,,,,-0.22693,4.09386,-3.0547,50,4.70757,10.34399,-124.47038,-3.50767,-0.35477,25.7992,-25.77399,BOC_EAG,VIR_TEC,HarringtonVillage,D1,ACC,20260412-HarringtonVillage-1,76c29020-3697-11f1-85bd-1b9279e81419,84.17622,,,7.30656,,,,,,,b439a363-5661-400d-8b76-3a48f938d72a,2026-04-12,17:45:57.99,2026-04-12T13:45:57.9938304-04:00,2026-04-12T17:45:57.9938304Z,,v3,227,2293,26587,"Cooke, Henry",805714,Right,VIR_TEC,166fccfe-fe91-40a7-a5cd-089abbc1752d,55.03928,-125.51054,12.8996,4.82804,-2.46854,-12.887,-3.47203,10.35829,-0.17739,,,,,,,,,,,,,,,,,,,,,,,,,,,,,,,,,,,,,,,,,,,,,,,,,,,High,High,High,,,,,,226.440315,67.466012,912.538654,0.383231,1:30,-0.936775,-0.295242,-0.187843,-16.357446,60.077561,6.309216,161.415957,-4.531173,0.317699,-0.079001,-0.944895,4.779313,-18.523843,0.079001,-0.317699,0.944895,-4.779313,18.523843,-0.079001,0.317699,0.944895,-161.415957,4.531173,-0.317699,0.079001,-0.944895,,,
77,2026-04-12,13:46:17.61,3,3,"Stieg, Griffin",703495,Right,VIR_TEC,"Solier, Julio",827632,Right,BOC_EAG,Undefined,2,Bottom,1,2,0,Sinker,Sinker,InPlay,Undefined,GroundBall,Single,0,1,,90.21058,0.344877,-5.205532,2222.651687,257.904923,2:30,4.69259,3.50023,5.50393,-29.8362,5.68843,20.49899,2.53012,0.32657,81.14459,-5.176824,-1.57201,0.428979,102.57866,-9.928271,-5.59548,,,,,17.01548,13.89592,-7.009741,0.109658,-12.01642,3.11512,-3.05894,50,4.70288,10.94923,-130.33341,-0.31224,-20.38182,30.94846,-26.8903,BOC_EAG,VIR_TEC,HarringtonVillage,D1,ACC,20260412-HarringtonVillage-1,82717030-3697-11f1-85bd-1b9279e81419,87.86544,2.53706,,9.06599,,,,1.14724,2.53706,-0.4607,b439a363-5661-400d-8b76-3a48f938d72a,2026-04-12,17:46:17.61,2026-04-12T13:46:17.6110080-04:00,2026-04-12T17:46:17.6110080Z,GroundBall,v3,227,2293,26587,"Cooke, Henry",805714,Right,VIR_TEC,8bf97223-2478-4fb6-8c82-f589bc6286a4,54.99465,-131.51407,15.47423,4.69522,0.7136,-13.44515,-3.49147,11.72678,-10.19091,170.07053,1.14778,147.42534,-35.45943,,,,,,,2.53602,-25.81434,24.59323,,,,,,,-0.46056,-14.46699,-2.46895,,,,,,,,,,,,,,,,,,,,,,,,,,,,,High,High,High,High,Medium,,,,254.173723,6.753684,2207.228478,0.993061,2:30,-0.147413,-0.954692,-0.258521,14.594133,58.599489,10.738203,162.526452,-79.895382,0.05268,-0.984489,-0.16735,80.352685,-3.019762,0.984489,-0.05268,0.16735,-80.352685,3.019762,-0.984489,0.05268,0.16735,-162.526452,79.895382,-0.05268,0.984489,-0.16735,77.01104,5.97992,1.69192
78,2026-04-12,13:47:01.66,4,1,"Stieg, Griffin",703495,Right,VIR_TEC,"Mainolfi, Ty",839397,Left,BOC_EAG,Undefined,2,Bottom,1,0,0,Sinker,Sinker,FoulBallNotFieldable,Undefined,Undefined,Undefined,0,0,,89.35467,-0.342255,-4.766595,1956.574247,272.05935,3:00,4.6638,3.61775,5.5222,-35.37585,0.52583,19.51407,1.39472,0.77718,81.15829,-6.827712,-1.299491,0.43125,,,,,,,,,,,,-11.29182,0.71685,-3.2157,50,4.61022,9.91571,-129.29229,-2.10994,-18.97369,28.80373,-30.96954,BOC_EAG,VIR_TEC,HarringtonVillage,D1,ACC,20260412-HarringtonVillage-1,9caef7b0-3697-11f1-85bd-1b9279e81419,87.40279,,,8.19638,,,,,,,b439a363-5661-400d-8b76-3a48f938d72a,2026-04-12,17:47:01.66,2026-04-12T13:47:01.6632320-04:00,2026-04-12T17:47:01.6632320Z,,v3,227,2293,26587,"Cooke, Henry",805714,Right,VIR_TEC,14eedd36-4a16-44d9-8077-1bbb1c5a5356,54.97766,-130.39649,14.40186,4.66835,-0.92271,-15.48477,-3.60976,10.64308,-9.48684,,,,,,,,,,,,,,,,,,,,,,,,,,,,,,,,,,,,,,,,,,,,,,,,,,,High,High,High,,,,,,253.835663,14.05019,1898.040264,0.970083,2:30,-0.258823,-0.933167,-0.24942,20.860862,54.714132,12.686317,161.41363,79.059933,0.06049,0.981826,-0.179884,79.617783,3.467937,0.981826,0.06049,0.179884,-79.617783,-3.467937,-0.981826,-0.06049,0.179884,-161.41363,-79.059933,-0.06049,-0.981826,-0.179884,,,
79,2026-04-12,13:47:45.61,4,2,"Stieg, Griffin",703495,Right,VIR_TEC,"Mainolfi, Ty",839397,Left,BOC_EAG,Undefined,2,Bottom,1,0,1,ChangeUp,Changeup,BallCalled,Undefined,Undefined,Undefined,0,0,,80.13678,2.363958,-5.041872,1772.99659,266.14197,2:45,4.65169,3.54517,5.61457,-42.38979,3.11603,18.88627,3.33536,0.40118,71.114,-5.497849,-1.688832,0.485517,,,,,,,,,,,,-11.22036,1.31595,-3.12557,50,4.82788,9.40452,-115.5209,3.37933,-14.74963,26.97836,-30.44417,BOC_EAG,VIR_TEC,HarringtonVillage,D1,ACC,20260412-HarringtonVillage-1,b6eddec0-3697-11f1-85bd-1b9279e81419,77.63355,,,9.02278,,,,,,,b439a363-5661-400d-8b76-3a48f938d72a,2026-04-12,17:47:45.61,2026-04-12T13:47:45.6137728-04:00,2026-04-12T17:47:45.6137728Z,,v3,227,2293,26587,"Cooke, Henry",805714,Right,VIR_TEC,cc8bd4f0-a534-42fd-9390-144bbf4d5f55,54.87941,-116.65485,13.48918,4.65895,4.65897,-15.22209,-3.53389,10.02448,-7.37481,,,,,,,,,,,,,,,,,,,,,,,,,,,,,,,,,,,,,,,,,,,,,,,,,,,High,High,High,,,,,,268.929287,11.259878,1738.869297,0.980752,3:00,-0.236239,-0.971692,0.002444,-67.778675,-51.765077,-11.797158,178.872437,23.770065,0.018009,0.403067,-0.914993,23.774158,1.031902,0.403067,0.018009,0.914993,-23.774158,-1.031902,-0.403067,-0.018009,0.914993,-178.872437,-23.770065,-0.018009,-0.403067,-0.914993,,,
80,2026-04-12,13:48:07.77,4,3,"Stieg, Griffin",703495,Right,VIR_TEC,"Mainolfi, Ty",839397,Left,BOC_EAG,Undefined,2,Bottom,1,1,1,Cutter,Slider,InPlay,Undefined,FlyBall,Out,1,0,,85.51779,0.697783,-4.249161,2325.91272,169.523261,11:45,4.90703,3.63922,5.43765,-30.7899,8.85497,-1.37374,2.99645,-0.46151,77.03879,-5.005108,-4.492307,0.453174,91.29991,28.750029,32.521369,3081.082706,91.29916,55.91312,61.35515,321.71109,314.44561,37.457048,4.723189,-0.69083,4.62697,-3.26163,50,4.94799,9.24331,-123.61718,0.44491,-1.05164,28.37197,-25.13053,BOC_EAG,VIR_TEC,HarringtonVillage,D1,ACC,20260412-HarringtonVillage-1,c41491c0-3697-11f1-85bd-1b9279e81419,83.17438,73.0234,,8.479,,,,1.52966,2.9749,0.37962,b439a363-5661-400d-8b76-3a48f938d72a,2026-04-12,17:48:07.77,2026-04-12T13:48:07.7760512-04:00,2026-04-12T17:48:07.7760512Z,FlyBall,v3,227,2293,26587,"Cooke, Henry",805714,Right,VIR_TEC,ed52a4bc-7d4b-4703-81b6-742246c6d5e9,55.0588,-124.77285,14.18598,4.90902,1.46854,-12.56526,-3.63901,9.28615,-0.52582,195.827944,1.52911,99.0026,-21.64255,5.35779,-1.25384,0.28277,-0.05151,0.00587,-0.00029,2.97695,64.36155,-15.69606,0.11897,0.371,-0.18301,0.04471,-0.00541,0.00026,0.37936,63.1218,-9.75887,2.18057,-0.47791,0.11012,-0.02168,0.00264,-0.00014,,,,,,,,,,,,,,,,,,,,,,,High,High,High,High,High,,,,228.703673,65.076056,980.174121,0.421415,1:30,-0.92876,-0.305544,-0.209876,-26.811588,53.861852,-0.314731,157.66309,-6.690619,0.377464,-0.116508,-0.918666,7.227846,-22.176676,0.116508,-0.377464,0.918666,-7.227846,22.176676,-0.116508,0.377464,0.918666,-157.66309,6.690619,-0.377464,0.116508,-0.918666,84.2452,13.26149,24.53756
81,2026-04-12,13:48:49.39,5,1,"Stieg, Griffin",703495,Right,VIR_TEC,"Wang, Nick",813482,Right,BOC_EAG,Undefined,2,Bottom,2,0,0,Sweeper,Slider,BallCalled,Undefined,Undefined,Undefined,0,0,,82.49099,0.359517,-4.383519,2347.834927,109.530579,9:45,4.64335,3.55231,5.34088,-39.14786,4.16807,-6.94126,1.71928,-1.14633,73.72935,-6.84073,-5.609568,0.473691,,,,,,,,,,,,1.86579,2.47374,-3.15126,50,4.64848,9.42297,-119.02612,-0.62421,2.60042,28.90627,-28.72632,BOC_EAG,VIR_TEC,HarringtonVillage,D1,ACC,20260412-HarringtonVillage-1,dcf03f50-3697-11f1-85bd-1b9279e81419,79.57178,,,8.76164,,,,,,,b439a363-5661-400d-8b76-3a48f938d72a,2026-04-12,17:48:49.39,2026-04-12T13:48:49.3945856-04:00,2026-04-12T17:48:49.3945856Z,,v3,227,2293,26587,"Cooke, Henry",805714,Right,VIR_TEC,f3029136-68e0-4b39-8f0d-c538b377897c,55.15241,-120.27091,14.45314,4.64872,0.61283,-14.36316,-3.55463,9.31099,1.30021,,,,,,,,,,,,,,,,,,,,,,,,,,,,,,,,,,,,,,,,,,,,,,,,,,,High,High,High,,,,,,205.063558,84.710329,216.449451,0.092191,12:45,-0.999436,-0.032806,-0.007142,-63.887361,51.232412,-5.513055,126.649021,-39.901462,0.615489,-0.641469,-0.45792,54.478433,-37.987453,0.641469,-0.615489,0.45792,-54.478433,37.987453,-0.641469,0.615489,0.45792,-126.649021,39.901462,-0.615489,0.641469,-0.45792,,,
82,2026-04-12,13:49:27.18,5,2,"Stieg, Griffin",703495,Right,VIR_TEC,"Wang, Nick",813482,Right,BOC_EAG,Undefined,2,Bottom,2,1,0,Sinker,Sinker,BallCalled,Undefined,Undefined,Undefined,0,0,,88.64691,0.571049,-3.138915,2163.501307,274.745218,3:15,4.71868,3.62975,5.33375,-36.81872,-0.12008,16.69206,2.18705,2.07282,80.32581,-6.168313,-0.176445,0.43601,,,,,,,,,,,,-9.26658,0.17524,-3.35833,50,4.74408,6.27378,-128.41046,-0.15034,-15.32749,28.91684,-31.88421,BOC_EAG,VIR_TEC,HarringtonVillage,D1,ACC,20260412-HarringtonVillage-1,f36dffb0-3697-11f1-85bd-1b9279e81419,86.44858,,,8.3211,,,,,,,b439a363-5661-400d-8b76-3a48f938d72a,2026-04-12,17:49:27.18,2026-04-12T13:49:27.1834112-04:00,2026-04-12T17:49:27.1834112Z,,v3,227,2293,26587,"Cooke, Henry",805714,Right,VIR_TEC,4fb7b206-20f9-4dad-972a-4050488da57f,55.16417,-129.56817,14.45842,4.72454,1.12616,-15.9421,-3.62179,6.88743,-7.66374,,,,,,,,,,,,,,,,,,,,,,,,,,,,,,,,,,,,,,,,,,,,,,,,,,,High,High,High,,,,,,256.130743,11.163188,2122.567312,0.98108,2:30,-0.21566,-0.9505,-0.223699,20.483191,55.297204,19.376414,154.136133,75.167218,0.111676,0.966677,-0.230356,76.596562,6.411911,0.966677,0.111676,0.230356,-76.596562,-6.411911,-0.966677,-0.111676,0.230356,-154.136133,-75.167218,-0.111676,-0.966677,-0.230356,,,
83,2026-04-12,13:49:51.52,5,3,"Stieg, Griffin",703495,Right,VIR_TEC,"Wang, Nick",813482,Right,BOC_EAG,Undefined,2,Bottom,2,2,0,Cutter,Slider,InPlay,Undefined,LineDrive,Out,1,0,,85.76322,0.33302,-3.409836,2330.585805,172.885064,11:45,4.82677,3.48832,5.44107,-32.04514,6.09091,-0.63465,2.46872,0.23887,79.69002,-5.517641,-3.522447,0.444467,93.14699,21.94442,16.550946,3860.031431,102.32144,39.57846,40.37708,291.51017,287.02792,30.260719,3.817381,-0.46992,3.2902,-3.18605,50,4.83388,7.44654,-124.53546,-0.42142,-0.74994,21.21773,-26.92337,BOC_EAG,VIR_TEC,HarringtonVillage,D1,ACC,20260412-HarringtonVillage-1,01f07220-3698-11f1-85bd-1b9279e81419,84.80375,47.06104,,6.0732,,,,0.6749,2.44761,-0.17857,b439a363-5661-400d-8b76-3a48f938d72a,2026-04-12,17:49:51.52,2026-04-12T13:49:51.5278848-04:00,2026-04-12T17:49:51.5278848Z,LineDrive,v3,227,2293,26587,"Cooke, Henry",805714,Right,VIR_TEC,7315273d-2630-4ba3-961a-07e47c9f9aa8,55.05977,-125.39456,10.60887,4.82887,0.66869,-13.46168,-3.48817,7.47691,-0.37497,224.835524,0.67461,121.47492,-29.23294,7.32338,-1.69775,0.37409,-0.073,0.00973,-0.00057,2.44785,51.04824,-14.76913,-0.44916,0.52616,-0.17854,0.03715,-0.00368,0.0001,-0.17866,36.10095,4.78474,-2.84569,0.95845,-0.23632,0.04193,-0.00453,0.00021,,,,,,,,,,,,,,,,,,,,,,,High,High,High,High,High,,,,224.109972,68.39407,858.170106,0.368221,1:30,-0.945289,-0.250887,-0.20853,-25.713758,53.265455,-4.131922,157.194422,-5.087041,0.386079,-0.088669,-0.918194,5.515886,-22.710718,0.088669,-0.386079,0.918194,-5.515886,22.710718,-0.088669,0.386079,0.918194,-157.194422,5.087041,-0.386079,0.088669,-0.918194,71.5528,3.71163,-0.28715
84,2026-04-12,13:52:21.87,1,1,"Mudd, Tyler",809052,Left,BOC_EAG,"Ball, Ethan",831482,Left,VIR_TEC,Undefined,3,Top,0,0,0,Fastball,Four-Seam,FoulBallNotFieldable,Undefined,Undefined,Undefined,0,0,,86.88874,-2.915569,1.897901,2099.353596,160.42938,11:15,5.82889,-1.01556,5.70457,-17.42056,20.30635,-6.74209,1.65676,0.19161,78.74066,-6.234224,0.692579,0.442076,68.62911,-39.380447,88.60837,,,,,2.68718,2.68718,44.705319,0.026629,4.03142,11.63414,0.8608,50,5.57376,-3.88852,-125.85684,-6.9124,6.39732,28.08399,-13.71219,BOC_EAG,VIR_TEC,HarringtonVillage,D1,ACC,20260412-HarringtonVillage-1,5b8d45b0-3698-11f1-85bd-1b9279e81419,85.26233,1.705,,8.14808,,,,1.85942,1.705,-0.18622,b439a363-5661-400d-8b76-3a48f938d72a,2026-04-12,17:52:21.87,2026-04-12T13:52:21.8767360-04:00,2026-04-12T17:52:21.8767360Z,GroundBall,v3,227,2293,26587,"Johnson, Gunnar",1000100233,Right,BOC_EAG,1df7b67a-af16-4704-a0ce-c2b3286d0b81,54.79274,-126.9218,14.042,5.82602,-6.39242,-6.8561,1.01285,-4.13111,3.19866,,1.8594,1.89443,,,,,,,,1.70572,-64.0291,,,,,,,,-0.18708,77.98155,,,,,,,,,,,,,,,,,,,,,,,,,,,,,,High,High,High,Estimated,Estimated,,,,159.32169,-13.036518,2045.245888,0.974226,11:15,0.237854,0.355048,-0.904083,-1.840122,-25.448781,70.727268,179.143022,4.284339,0.014915,0.074706,-0.997094,4.284816,0.854583,0.074706,0.014915,0.997094,-4.284816,-0.854583,-0.074706,-0.014915,0.997094,-179.143022,-4.284339,-0.014915,-0.074706,-0.997094,,,
85,2026-04-12,13:52:38.60,1,2,"Mudd, Tyler",809052,Left,BOC_EAG,"Ball, Ethan",831482,Left,VIR_TEC,Undefined,3,Top,0,0,1,Slider,Slider,InPlay,Undefined,GroundBall,Out,1,0,,80.4362,0.798011,2.080162,2196.42516,268.027168,3:00,5.11041,-2.05937,5.40807,-42.93479,1.75732,4.43697,2.28073,0.26018,72.69886,-7.084115,2.868982,0.481157,106.02856,1.796324,18.576681,2261.109745,,,,59.66591,56.7604,18.743312,0.405284,-1.55315,1.07516,1.87096,50,5.15166,-4.41266,-116.51966,0.15152,-2.09948,25.31518,-30.72071,BOC_EAG,VIR_TEC,HarringtonVillage,D1,ACC,20260412-HarringtonVillage-1,658e27a0-3698-11f1-85bd-1b9279e81419,78.33711,2.4732,,7.73734,,,,1.35788,2.25855,-0.29744,b439a363-5661-400d-8b76-3a48f938d72a,2026-04-12,17:52:38.60,2026-04-12T13:52:38.6041856-04:00,2026-04-12T17:52:38.6041856Z,GroundBall,v3,227,2293,26587,"Johnson, Gunnar",1000100233,Right,BOC_EAG,6bd9977c-d5e7-49b4-b24b-4696f12b754d,55.08886,-117.62008,12.65759,5.11605,1.48691,-15.36035,2.06079,-4.32139,-1.04974,329.11723,1.37446,146.78416,-26.65173,,,,,,,2.27443,4.34663,-24.66251,,,,,,,-0.29797,49.53521,-3.68358,,,,,,,,,,,,,,,,,,,,,,,,,,,,,High,High,High,High,High,,,,101.6808,-80.866469,348.651544,0.158736,9:30,0.989905,0.141683,0.003796,-20.057119,41.777804,-43.30444,138.198213,27.548282,0.590983,0.462496,-0.660937,34.982729,36.226766,0.462496,0.590983,0.660937,-34.982729,-36.226766,-0.462496,-0.590983,0.660937,-138.198213,-27.548282,-0.590983,-0.462496,-0.660937,74.22807,15.90166,12.77457
86,2026-04-12,13:53:04.68,2,1,"Mudd, Tyler",809052,Left,BOC_EAG,"Cooke, Henry",805714,Right,VIR_TEC,Undefined,3,Top,1,0,0,Sinker,Sinker,InPlay,Undefined,GroundBall,Out,1,0,,88.81526,-0.921571,3.434948,2021.64241,133.051598,10:30,5.19508,-1.65722,5.80394,-22.72001,12.873,-12.56812,2.44306,0.49382,81.17979,-5.172584,1.187671,0.429392,100.54221,-3.454676,-9.479341,,,,,26.42014,25.27164,-10.418618,0.17998,7.40556,7.16737,1.38274,50,5.10579,-7.20697,-128.82174,-2.81784,12.44793,26.69056,-20.12651,BOC_EAG,VIR_TEC,HarringtonVillage,D1,ACC,20260412-HarringtonVillage-1,751deb60-3698-11f1-85bd-1b9279e81419,87.781,2.39147,,7.63547,,,,0.8219,2.39147,-0.53649,b439a363-5661-400d-8b76-3a48f938d72a,2026-04-12,17:53:04.68,2026-04-12T13:53:04.6888960-04:00,2026-04-12T17:53:04.6888960Z,GroundBall,v3,227,2293,26587,"Johnson, Gunnar",1000100233,Right,BOC_EAG,d6633974-53aa-4f53-8d8f-fa41dc9ae46e,54.69547,-129.79094,13.34528,5.19484,-2.08699,-10.06325,1.65265,-7.65899,6.22396,6.623678,0.82362,145.05667,-29.26715,,,,,,,2.39298,-8.99721,-23.92876,,,,,,,-0.53665,-24.22963,3.70055,,,,,,,,,,,,,,,,,,,,,,,,,,,,,High,High,High,High,High,,,,134.269848,-15.496658,1948.147697,0.963646,10:30,0.295892,0.694237,-0.656112,-61.233048,41.566861,-61.038048,97.931184,5.053138,0.986585,0.08808,-0.137447,32.65274,80.604549,0.08808,0.986585,0.137447,-32.65274,-80.604549,-0.08808,-0.986585,0.137447,-97.931184,-5.053138,-0.986585,-0.08808,-0.137447,,,
87,2026-04-12,13:53:35.08,3,1,"Mudd, Tyler",809052,Left,BOC_EAG,"Lutterman, Hudson",824567,Right,VIR_TEC,Undefined,3,Top,2,0,0,Sinker,Sinker,BallCalled,Undefined,Undefined,Undefined,0,0,,87.7409,0.523548,2.696486,2063.705912,123.260742,10:00,5.12675,-1.89307,5.84106,-24.00808,13.04784,-17.78595,3.61319,-0.86736,78.62501,-4.019715,-0.489014,0.438127,,,,,,,,,,,,9.84894,6.87449,1.68325,50,5.1556,-5.20071,-127.07811,0.40574,15.80765,30.53098,-21.14038,BOC_EAG,VIR_TEC,HarringtonVillage,D1,ACC,20260412-HarringtonVillage-1,873f5680-3698-11f1-85bd-1b9279e81419,86.03081,,,9.11588,,,,,,,b439a363-5661-400d-8b76-3a48f938d72a,2026-04-12,17:53:35.08,2026-04-12T13:53:35.0881280-04:00,2026-04-12T17:53:35.0881280Z,,v3,227,2293,26587,"Johnson, Gunnar",1000100233,Right,BOC_EAG,3f837bb8-5193-4122-87c0-d6a176c8268d,54.65308,-128.19116,15.26549,5.12676,1.17644,-10.57019,1.88335,-5.777,7.90383,,,,,,,,,,,,,,,,,,,,,,,,,,,,,,,,,,,,,,,,,,,,,,,,,,,High,High,High,,,,,,136.290992,-16.460808,1979.122424,0.959014,10:30,0.321696,0.660058,-0.678849,-68.223206,46.507338,-71.28227,99.664027,7.668557,0.976993,0.133442,-0.166369,38.732605,77.685748,0.133442,0.976993,0.166369,-38.732605,-77.685748,-0.133442,-0.976993,0.166369,-99.664027,-7.668557,-0.976993,-0.133442,-0.166369,,,
88,2026-04-12,13:54:32.27,3,2,"Mudd, Tyler",809052,Left,BOC_EAG,"Lutterman, Hudson",824567,Right,VIR_TEC,Undefined,3,Top,2,1,0,ChangeUp,Changeup,BallCalled,Undefined,Undefined,Undefined,0,0,,81.58401,-3.599348,2.139402,1475.261809,143.45541,10:45,5.82959,-0.98599,5.86771,-28.32348,14.23048,-9.43689,0.11913,0.21582,74.39372,-8.864456,0.44493,0.469506,,,,,,,,,,,,5.55122,8.83186,0.81846,50,5.52126,-4.05937,-118.1431,-8.2834,7.76411,24.69917,-19.8215,BOC_EAG,VIR_TEC,HarringtonVillage,D1,ACC,20260412-HarringtonVillage-1,a94d4b60-3698-11f1-85bd-1b9279e81419,80.28102,,,7.19029,,,,,,,b439a363-5661-400d-8b76-3a48f938d72a,2026-04-12,17:54:32.27,2026-04-12T13:54:32.2727936-04:00,2026-04-12T17:54:32.2727936Z,,v3,227,2293,26587,"Johnson, Gunnar",1000100233,Right,BOC_EAG,053ac551-65cf-4686-b227-5873e0929770,54.63115,-119.10736,12.34959,5.82954,-7.50957,-9.91075,0.98286,-4.36248,3.88205,,,,,,,,,,,,,,,,,,,,,,,,,,,,,,,,,,,,,,,,,,,,,,,,,,,High,High,High,,,,,,148.63385,0.167803,1475.255482,0.999996,11:00,-0.0037,0.519292,-0.854589,-8.590928,-80.657447,36.006498,114.948802,-28.868033,0.794015,-0.482794,-0.369392,52.57993,-52.562315,0.482794,-0.794015,0.369392,-52.57993,52.562315,-0.482794,0.794015,0.369392,-114.948802,28.868033,-0.794015,0.482794,-0.369392,,,
89,2026-04-12,13:54:44.96,3,3,"Mudd, Tyler",809052,Left,BOC_EAG,"Lutterman, Hudson",824567,Right,VIR_TEC,Undefined,3,Top,2,2,0,Sinker,Sinker,FoulBallNotFieldable,Undefined,Undefined,Undefined,0,0,,87.7013,-1.21292,3.317541,2094.964386,133.846744,10:30,5.29,-1.79604,5.94863,-20.8754,15.76879,-15.08501,2.42336,0.0273,79.4129,-5.171369,0.612053,0.435686,106.75695,13.913144,-39.023833,2992.640799,81.29325,15.7895,-74.10329,194.49414,161.44485,-45.813633,1.674624,8.80796,8.84382,1.54056,50,5.18177,-6.75312,-127.11981,-3.3216,14.26792,28.50015,-17.84802,BOC_EAG,VIR_TEC,HarringtonVillage,D1,ACC,20260412-HarringtonVillage-1,b0e14c00-3698-11f1-85bd-1b9279e81419,86.51279,15.87626,,8.28841,,,,2.76361,2.58169,-0.08341,b439a363-5661-400d-8b76-3a48f938d72a,2026-04-12,17:54:44.96,2026-04-12T13:54:44.9690624-04:00,2026-04-12T17:54:44.9690624Z,LineDrive,v3,227,2293,26587,"Johnson, Gunnar",1000100233,Right,BOC_EAG,0383c395-c888-494d-98d9-2ece65a1361c,54.54993,-128.13584,14.25008,5.28885,-2.68532,-8.92401,1.79037,-7.26177,7.13396,,2.76361,118.07305,-32.86308,8.27418,-2.02892,0.44497,-0.09011,0.01429,-0.00116,2.58169,37.64893,-30.16585,5.73549,-1.44977,0.36235,-0.08049,0.01391,-0.00126,-0.08341,-95.6951,4.9485,3.05282,-1.56099,0.5607,-0.15233,0.02923,-0.0028,,,,,,,,,,,,,,,,,,,,,,,High,High,High,High,Medium,,,,137.424953,-12.533705,2045.038271,0.976169,10:30,0.244244,0.664878,-0.705891,-74.714327,42.67365,-77.512837,97.206236,2.294131,0.991306,0.040029,-0.125341,17.71167,82.43924,0.040029,0.991306,0.125341,-17.71167,-82.43924,-0.040029,-0.991306,0.125341,-97.206236,-2.294131,-0.991306,-0.040029,-0.125341,76.35411,19.2316,-25.91899
90,2026-04-12,13:55:12.70,3,4,"Mudd, Tyler",809052,Left,BOC_EAG,"Lutterman, Hudson",824567,Right,VIR_TEC,Undefined,3,Top,2,2,1,Slider,Slider,StrikeSwinging,Undefined,Undefined,Undefined,0,0,,79.82105,-0.09468,3.247086,2260.835733,262.938367,2:45,5.08148,-1.94857,5.6032,-42.94266,2.13406,4.31701,1.4144,1.44564,72.40259,-7.980641,4.016347,0.483223,,,,,,,,,,,,-1.13902,1.55476,1.66751,50,5.04568,-6.72643,-115.58874,-1.60654,-1.5163,24.76597,-30.10427,BOC_EAG,VIR_TEC,HarringtonVillage,D1,ACC,20260412-HarringtonVillage-1,c178e2d0-3698-11f1-85bd-1b9279e81419,78.0022,,,7.41846,,,,,,,b439a363-5661-400d-8b76-3a48f938d72a,2026-04-12,17:55:12.70,2026-04-12T13:55:12.7075328-04:00,2026-04-12T17:55:12.7075328Z,,v3,227,2293,26587,"Johnson, Gunnar",1000100233,Right,BOC_EAG,4cd7127c-753b-49c1-9a80-81a97793e32c,54.89427,-116.63267,12.38298,5.08665,-0.33759,-15.05214,1.94969,-6.66252,-0.75815,,,,,,,,,,,,,,,,,,,,,,,,,,,,,,,,,,,,,,,,,,,,,,,,,,,High,High,High,,,,,,111.950541,-76.889181,512.837158,0.226835,9:45,0.976824,0.212,-0.02951,-8.518743,47.797567,-39.273648,127.915088,26.072757,0.708639,0.439512,-0.55196,38.529439,45.124282,0.439512,0.708639,0.55196,-38.529439,-45.124282,-0.439512,-0.708639,0.55196,-127.915088,-26.072757,-0.708639,-0.439512,-0.55196,,,
91,2026-04-12,13:55:28.14,3,5,"Mudd, Tyler",809052,Left,BOC_EAG,"Lutterman, Hudson",824567,Right,VIR_TEC,Undefined,3,Top,2,2,2,Fastball,Four-Seam,FoulBallNotFieldable,Undefined,Undefined,Undefined,0,0,,88.66796,-1.774533,1.379133,2113.940352,156.889505,11:15,5.72274,-0.97404,5.78594,-15.6641,20.50434,-8.19087,2.7655,-0.37332,79.9545,-4.795367,-0.087686,0.432849,70.1875,62.020426,165.290068,4086.556593,,,,,41.86564,,,4.63512,11.41638,0.86546,50,5.56741,-2.74616,-128.5425,-4.41382,7.64238,30.26255,-13.3507,BOC_EAG,VIR_TEC,HarringtonVillage,D1,ACC,20260412-HarringtonVillage-1,ca902810-3698-11f1-85bd-1b9279e81419,87.0799,60.8683,,8.71346,,,,2.39442,2.99722,0.38239,b439a363-5661-400d-8b76-3a48f938d72a,2026-04-12,17:55:28.14,2026-04-12T13:55:28.1468416-04:00,2026-04-12T17:55:28.1468416Z,,v3,227,2293,26587,"Johnson, Gunnar",1000100233,Right,BOC_EAG,9f767d4f-47ff-43de-b9ba-75d6576f7ed8,54.71096,-129.64684,15.13128,5.71959,-3.92663,-6.67535,0.97076,-3.02505,3.82119,359.742634,2.39442,-46.71274,-2.34638,1.65695,-0.51742,0.14373,-0.03649,0.00792,-0.00097,2.99722,90.90918,-32.7739,4.73851,-1.03537,0.21608,-0.04746,0.00936,-0.00114,0.38239,12.26351,0.55294,-0.67279,0.21909,-0.06115,0.0154,-0.00337,0.00041,,,,,,,,,,,,,,,,,,,,,,,High,High,High,High,Undefined,,,,152.951242,-15.488162,2037.173981,0.963686,11:00,0.273924,0.446294,-0.851932,18.600734,-30.875275,40.254917,179.419097,9.173129,0.010009,0.159418,-0.98716,9.173592,0.573474,0.159418,0.010009,0.98716,-9.173592,-0.573474,-0.159418,-0.010009,0.98716,-179.419097,-9.173129,-0.010009,-0.159418,-0.98716,63.02631,13.26496,-24.54509
92,2026-04-12,13:55:46.36,3,6,"Mudd, Tyler",809052,Left,BOC_EAG,"Lutterman, Hudson",824567,Right,VIR_TEC,Undefined,3,Top,2,2,2,Fastball,Four-Seam,FoulBallNotFieldable,Undefined,Undefined,Undefined,0,0,,88.03994,-0.582272,0.355586,2067.782612,153.219928,11:00,5.72745,-0.95856,5.87494,-17.06938,19.76446,-9.26154,3.76418,-1.4001,78.68911,-3.888029,-1.306082,0.436812,72.77896,15.459979,173.580013,3694.041708,,,,125.64267,45.38807,170.960419,1.394737,4.71441,10.59355,0.93433,50,5.67022,-0.36435,-127.51152,-1.73258,7.59899,31.34894,-15.09865,BOC_EAG,VIR_TEC,HarringtonVillage,D1,ACC,20260412-HarringtonVillage-1,d57d17b0-3698-11f1-85bd-1b9279e81419,86.28978,12.02885,,9.35083,,,,1.19676,3.56791,1.45147,b439a363-5661-400d-8b76-3a48f938d72a,2026-04-12,17:55:46.36,2026-04-12T13:55:46.3655424-04:00,2026-04-12T17:55:46.3655424Z,GroundBall,v3,227,2293,26587,"Johnson, Gunnar",1000100233,Right,BOC_EAG,7330e84f-9ae5-4e9f-88e3-1240f5176d47,54.61338,-128.64073,15.67447,5.72283,-1.18872,-7.54932,0.95239,-0.63807,3.79949,23.354235,1.15967,-101.8544,8.66017,,,,,,,3.80716,26.07725,-20.76311,,,,,,,1.39953,12.02403,0.83066,,,,,,,,,,,,,,,,,,,,,,,,,,,,,High,High,High,High,Low,,,,153.786388,-16.145943,1986.221988,0.960556,11:15,0.279102,0.4271,-0.860051,11.920279,-26.302032,45.10921,176.194564,-5.908901,0.066016,-0.102947,-0.992494,5.921865,-3.785187,0.102947,-0.066016,0.992494,-5.921865,3.785187,-0.102947,0.066016,0.992494,-176.194564,5.908901,-0.066016,0.102947,-0.992494,62.35726,7.80537,-1.16568
93,2026-04-12,13:56:02.39,3,7,"Mudd, Tyler",809052,Left,BOC_EAG,"Lutterman, Hudson",824567,Right,VIR_TEC,Undefined,3,Top,2,2,2,ChangeUp,Changeup,BallCalled,Undefined,Undefined,Undefined,0,0,,84.05638,-3.570606,1.334008,1554.196748,155.812039,11:15,5.82916,-0.87519,5.63158,-25.84911,14.47469,-5.87823,0.3384,-0.12016,76.74047,-8.36265,0.282948,0.457038,,,,,,,,,,,,3.40729,8.82705,0.76562,50,5.50857,-2.59871,-121.7456,-8.42182,5.07603,25.55626,-19.02391,BOC_EAG,VIR_TEC,HarringtonVillage,D1,ACC,20260412-HarringtonVillage-1,df04f910-3698-11f1-85bd-1b9279e81419,82.47119,,,7.31591,,,,,,,b439a363-5661-400d-8b76-3a48f938d72a,2026-04-12,17:56:02.39,2026-04-12T13:56:02.3992320-04:00,2026-04-12T17:56:02.3992320Z,,v3,227,2293,26587,"Johnson, Gunnar",1000100233,Right,BOC_EAG,2922a973-045f-42d8-bd5a-11c291b757d1,54.86666,-122.76294,12.77813,5.82875,-7.66452,-9.51196,0.87309,-2.80077,2.53802,,,,,,,,,,,,,,,,,,,,,,,,,,,,,,,,,,,,,,,,,,,,,,,,,,,High,High,High,,,,,,156.184151,-4.875704,1548.572773,0.996381,11:15,0.080978,0.40685,-0.909899,-79.146963,-6.434513,-47.061655,100.1436,-20.069271,0.924597,-0.343156,-0.165422,64.263137,-67.607663,0.343156,-0.924597,0.165422,-64.263137,67.607663,-0.343156,0.924597,0.165422,-100.1436,20.069271,-0.924597,0.343156,-0.165422,,,
94,2026-04-12,13:56:16.92,3,8,"Mudd, Tyler",809052,Left,BOC_EAG,"Lutterman, Hudson",824567,Right,VIR_TEC,Undefined,3,Top,2,3,2,Slider,Slider,FoulBallNotFieldable,Undefined,Undefined,Undefined,0,0,,80.01933,0.225056,0.894646,2188.457801,241.559394,2:00,5.08616,-1.75703,5.53417,-41.06183,4.02673,4.31843,1.87474,-0.56085,72.04886,-7.355521,1.665243,0.483286,61.73625,35.337815,161.177965,4812.74449,-105.51727,20.55845,31.08214,139.5809,45.38957,164.616154,2.314194,-1.88906,2.39969,1.67636,50,5.07855,-1.98159,-115.96155,-0.89954,-2.51614,26.0953,-28.97779,BOC_EAG,VIR_TEC,HarringtonVillage,D1,ACC,20260412-HarringtonVillage-1,e7ad4fe0-3698-11f1-85bd-1b9279e81419,77.99193,29.0288,,7.97046,,,,2.62836,2.07256,0.5878,b439a363-5661-400d-8b76-3a48f938d72a,2026-04-12,17:56:16.92,2026-04-12T13:56:16.9217024-04:00,2026-04-12T17:56:16.9217024Z,Popup,v3,227,2293,26587,"Johnson, Gunnar",1000100233,Right,BOC_EAG,0bc6c603-8359-4379-b4ae-f830d8febc30,54.96273,-117.07301,13.04765,5.09058,0.33469,-14.48889,1.75848,-1.87443,-1.25807,342.673988,2.6284,-69.9152,3.71131,0.53141,-0.17486,0.10541,-0.0514,0.0171,-0.00248,2.07251,52.3755,-28.40282,3.56145,-1.06614,0.49969,-0.20712,0.05147,-0.00532,0.58778,23.83189,-4.22268,0.52158,-0.15531,0.06142,-0.02195,0.00338,-1E-05,,,,,,,,,,,,,,,,,,,,,,,High,High,High,High,Low,,,,129.383597,-77.470755,474.759463,0.216938,10:15,0.978867,0.163839,-0.12238,-18.300552,42.708975,-46.426524,127.543743,29.429599,0.690574,0.491354,-0.530734,42.793514,43.675572,0.491354,0.690574,0.530734,-42.793514,-43.675572,-0.491354,-0.690574,0.530734,-127.543743,-29.429599,-0.690574,-0.491354,-0.530734,63.20183,18.23126,-26.84356
95,2026-04-12,13:56:38.00,3,9,"Mudd, Tyler",809052,Left,BOC_EAG,"Lutterman, Hudson",824567,Right,VIR_TEC,Undefined,3,Top,2,3,2,Fastball,Sinker,FoulBallNotFieldable,Undefined,Undefined,Undefined,0,0,,88.53824,-0.917982,3.074225,2163.435055,134.620975,10:30,5.2336,-1.57081,6.05462,-19.77548,16.25989,-15.12879,2.73463,0.01681,79.59543,-4.700928,0.354803,0.432052,103.65449,14.497839,-38.72089,2662.614947,80.73706,20.70819,-74.70875,236.9111,219.18513,-48.428694,2.153616,8.84941,9.06532,1.33998,50,5.15175,-6.2714,-128.30736,-2.63031,14.49392,30.88302,-17.32647,BOC_EAG,VIR_TEC,HarringtonVillage,D1,ACC,20260412-HarringtonVillage-1,f435c710-3698-11f1-85bd-1b9279e81419,87.24054,21.10963,,8.94282,,,,2.47596,2.7931,0.13674,b439a363-5661-400d-8b76-3a48f938d72a,2026-04-12,17:56:38.00,2026-04-12T13:56:38.0066304-04:00,2026-04-12T17:56:38.0066304Z,LineDrive,v3,227,2293,26587,"Johnson, Gunnar",1000100233,Right,BOC_EAG,778939c5-76a4-48ea-af25-9fc73b19ad96,54.44308,-129.37237,15.44151,5.23215,-2.0328,-8.66324,1.56487,-6.77123,7.24696,103.346023,2.47596,114.83423,-32.67593,9.26365,-2.33214,0.52347,-0.1032,0.01453,-0.00101,2.7931,38.05887,-21.18067,1.50407,-0.01723,-0.05425,0.01902,-0.0031,0.00024,0.13674,-92.0687,2.97888,2.04446,-1.15409,0.4023,-0.10157,0.01678,-0.00133,,,,,,,,,,,,,,,,,,,,,,,High,High,High,High,Medium,,,,136.741971,-15.234105,2087.412508,0.96486,10:30,0.289458,0.665329,-0.68815,-99.641835,37.934991,69.183751,91.006259,5.846064,0.994646,0.101856,-0.01747,80.267365,84.068263,0.101856,0.994646,0.01747,-80.267365,-84.068263,-0.101856,-0.994646,0.01747,-91.006259,-5.846064,-0.994646,-0.101856,-0.01747,78.51331,13.75629,-28.62281
96,2026-04-12,13:56:58.84,3,10,"Mudd, Tyler",809052,Left,BOC_EAG,"Lutterman, Hudson",824567,Right,VIR_TEC,Undefined,3,Top,2,3,2,Slider,Slider,StrikeCalled,Strikeout,Undefined,Undefined,0,0,,79.50529,0.058389,1.562632,2267.173196,258.12897,2:30,5.04755,-1.79606,5.48958,-43.22676,2.54496,3.97315,1.49996,-0.00276,71.67636,-7.89486,2.27088,0.486934,,,,,,,,,,,,-1.47134,1.7511,1.65642,50,5.02372,-3.30094,-115.17021,-1.3272,-1.93405,25.64379,-29.87227,BOC_EAG,VIR_TEC,HarringtonVillage,D1,ACC,20260412-HarringtonVillage-1,00b4c860-3699-11f1-85bd-1b9279e81419,77.40772,,,7.82893,,,,,,,b439a363-5661-400d-8b76-3a48f938d72a,2026-04-12,17:56:58.84,2026-04-12T13:56:58.8411392-04:00,2026-04-12T17:56:58.8411392Z,,v3,227,2293,26587,"Johnson, Gunnar",1000100233,Right,BOC_EAG,8d85a8e9-91be-48a7-b035-3fb07ae0159e,55.00646,-116.27961,12.82189,5.05318,-0.03487,-14.93613,1.79741,-3.21728,-0.96702,,,,,,,,,,,,,,,,,,,,,,,,,,,,,,,,,,,,,,,,,,,,,,,,,,,High,High,High,,,,,,127.295741,-79.209318,424.463695,0.187222,10:15,0.985197,0.147937,-0.086609,-27.35202,51.574012,-51.515157,138.575509,22.118384,0.612942,0.376522,-0.694647,28.459155,37.802498,0.376522,0.612942,0.694647,-28.459155,-37.802498,-0.376522,-0.612942,0.694647,-138.575509,-22.118384,-0.612942,-0.376522,-0.694647,,,
97,2026-04-12,13:59:23.05,1,1,"Stieg, Griffin",703495,Right,VIR_TEC,"Toomey, Jack",809057,Right,BOC_EAG,Undefined,3,Bottom,0,0,0,ChangeUp,Changeup,BallCalled,Undefined,Undefined,Undefined,0,0,,79.56117,0.610043,-7.194712,1625.064762,273.310446,3:00,4.60981,3.62978,5.71087,-45.63392,0.66508,21.60911,1.37985,-1.30778,70.77057,-7.813031,-3.369763,0.489731,,,,,,,,,,,,-13.4541,0.72291,-3.03766,50,4.63367,13.56331,-114.37353,-0.27112,-17.32012,26.62352,-31.2434,BOC_EAG,VIR_TEC,HarringtonVillage,D1,ACC,20260412-HarringtonVillage-1,56a47270-3699-11f1-85bd-1b9279e81419,76.96565,,,8.7906,,,,,,,b439a363-5661-400d-8b76-3a48f938d72a,2026-04-12,17:59:23.05,2026-04-12T13:59:23.0576128-04:00,2026-04-12T17:59:23.0576128Z,,v3,227,2293,26587,"Cooke, Henry",805714,Right,VIR_TEC,0711ea18-1f4f-47c3-bcf1-b69a2eb7dc38,54.78483,-115.48196,13.31176,4.61788,1.02966,-15.6217,-3.61736,14.28441,-8.66006,,,,,,,,,,,,,,,,,,,,,,,,,,,,,,,,,,,,,,,,,,,,,,,,,,,High,High,High,,,,,,268.666615,2.834335,1623.076796,0.998777,3:00,-0.062514,-0.997923,-0.015534,-60.012575,-38.215329,-10.298229,174.777213,-25.055652,0.082463,-0.423498,-0.902136,25.147224,-4.730128,0.423498,-0.082463,0.902136,-25.147224,4.730128,-0.423498,0.082463,0.902136,-174.777213,25.055652,-0.082463,0.423498,-0.902136,,,
98,2026-04-12,13:59:36.80,1,2,"Stieg, Griffin",703495,Right,VIR_TEC,"Toomey, Jack",809057,Right,BOC_EAG,Undefined,3,Bottom,0,1,0,ChangeUp,Changeup,FoulBallNotFieldable,Undefined,Undefined,Undefined,0,0,,79.4956,1.272005,-5.210678,1697.069866,269.388365,3:00,4.63071,3.717,5.49573,-44.29939,2.09823,20.50832,2.13405,0.53852,70.76655,-6.906415,-1.575181,0.490252,96.27078,-11.837459,-47.293458,,,,,12.2886,11.71998,-42.508171,0.076881,-12.20658,1.10984,-3.27453,50,4.71281,9.62761,-114.65986,1.08022,-15.79908,26.68244,-30.73759,BOC_EAG,VIR_TEC,HarringtonVillage,D1,ACC,20260412-HarringtonVillage-1,5ed8f8d0-3699-11f1-85bd-1b9279e81419,76.88384,2.23022,,8.72905,,,,1.84194,2.23022,-0.48417,b439a363-5661-400d-8b76-3a48f938d72a,2026-04-12,17:59:36.80,2026-04-12T13:59:36.8016896-04:00,2026-04-12T17:59:36.8016896Z,GroundBall,v3,227,2293,26587,"Cooke, Henry",805714,Right,VIR_TEC,7b54700c-3623-45bf-a274-6bdf8a5381b0,55.00113,-115.81783,13.34122,4.63699,2.41417,-15.3688,-3.70722,10.31326,-7.89954,180,1.84018,93.87173,,,,,,,,2.23076,-29.00858,,,,,,,,-0.48226,-101.70451,,,,,,,,,,,,,,,,,,,,,,,,,,,,,,High,High,High,High,High,,,,266.612709,4.486895,1691.868777,0.996935,3:00,-0.105239,-0.993212,-0.049551,-62.361491,-42.561298,-4.229618,176.352005,26.747553,0.056818,0.45006,-0.891189,26.794287,3.257206,0.45006,0.056818,0.891189,-26.794287,-3.257206,-0.45006,-0.056818,0.891189,-176.352005,-26.747553,-0.056818,-0.45006,-0.891189,,,
99,2026-04-12,14:00:16.83,1,3,"Stieg, Griffin",703495,Right,VIR_TEC,"Toomey, Jack",809057,Right,BOC_EAG,Undefined,3,Bottom,0,1,1,Sinker,Sinker,StrikeSwinging,Undefined,Undefined,Undefined,0,0,,90.39018,0.644676,-6.230867,2219.467491,271.928471,3:00,4.73237,3.58619,5.59193,-34.85144,0.57366,21.93348,2.43364,-0.42691,81.18445,-5.771246,-2.346546,0.428378,,,,,,,,,,,,-13.00745,0.4948,-3.06403,50,4.76559,13.22667,-130.36283,0.15199,-22.0549,31.16538,-31.33507,BOC_EAG,VIR_TEC,HarringtonVillage,D1,ACC,20260412-HarringtonVillage-1,76b14020-3699-11f1-85bd-1b9279e81419,87.98879,,,9.20574,,,,,,,b439a363-5661-400d-8b76-3a48f938d72a,2026-04-12,18:00:16.83,2026-04-12T14:00:16.8378368-04:00,2026-04-12T18:00:16.8378368Z,,v3,227,2293,26587,"Cooke, Henry",805714,Right,VIR_TEC,e13440b8-7a0d-418c-b4e7-20d775756865,54.90611,-131.53049,15.58269,4.73791,1.326,-15.66754,-3.57506,14.05299,-11.02745,,,,,,,,,,,,,,,,,,,,,,,,,,,,,,,,,,,,,,,,,,,,,,,,,,,High,High,High,,,,,,249.308597,18.216029,2108.238065,0.949885,2:15,-0.357101,-0.885041,-0.298633,7.928026,53.517531,2.512902,179.236342,-68.213737,0.004947,-0.928575,-0.371112,68.215491,-0.283421,0.928575,-0.004947,0.371112,-68.215491,0.283421,-0.928575,0.004947,0.371112,-179.236342,68.213737,-0.004947,0.928575,-0.371112,,,
100,2026-04-12,14:00:34.44,1,4,"Stieg, Griffin",703495,Right,VIR_TEC,"Toomey, Jack",809057,Right,BOC_EAG,Undefined,3,Bottom,0,1,2,Sweeper,Slider,FoulBallNotFieldable,Undefined,Undefined,Undefined,0,0,,81.74821,1.362825,-3.506123,2398.464043,147.620264,11:00,4.83244,3.43509,5.2413,-29.81545,14.16335,-7.92622,3.6313,-0.52472,73.11349,-4.198079,-4.904712,0.477302,69.48919,13.924004,167.327842,2629.078582,,,,105.09116,46.01207,167.186228,1.179433,2.6687,7.08473,-3.10681,50,4.93665,7.5869,-118.01289,1.83515,3.68404,26.88433,-22.39392,BOC_EAG,VIR_TEC,HarringtonVillage,D1,ACC,20260412-HarringtonVillage-1,812a5f50-3699-11f1-85bd-1b9279e81419,78.96984,9.50834,,8.63472,,,,0.34267,3.46127,0.61176,b439a363-5661-400d-8b76-3a48f938d72a,2026-04-12,18:00:34.44,2026-04-12T14:00:34.4464896-04:00,2026-04-12T18:00:34.4464896Z,GroundBall,v3,227,2293,26587,"Cooke, Henry",805714,Right,VIR_TEC,5a7e66d9-7bd2-4c30-9eb9-3d088c11d9bf,55.2474,-119.2023,13.44216,4.83355,2.8259,-11.19696,-3.43886,7.42391,1.84202,357.237646,0.34769,-96.56394,7.95231,,,,,,,3.61821,22.69734,-21.94718,,,,,,,0.61531,21.65736,-2.05159,,,,,,,,,,,,,,,,,,,,,,,,,,,,,High,High,High,High,Medium,,,,148.394654,80.248963,406.221485,0.169367,11:00,-0.990144,0.112174,-0.083851,-31.540176,40.339841,10.357558,122.591366,-37.032885,0.672586,-0.602273,-0.429994,54.475002,-42.266976,0.602273,-0.672586,0.429994,-54.475002,42.266976,-0.602273,0.672586,0.429994,-122.591366,37.032885,-0.672586,0.602273,-0.429994,71.53727,10.72334,6.96346
101,2026-04-12,14:00:57.18,1,5,"Stieg, Griffin",703495,Right,VIR_TEC,"Toomey, Jack",809057,Right,BOC_EAG,Undefined,3,Bottom,0,1,2,Sweeper,Slider,BallCalled,Undefined,Undefined,Undefined,0,0,,80.60304,1.405536,-3.91637,2413.437388,109.139076,9:45,4.73448,3.39787,5.36762,-36.13309,8.60969,-20.37422,3.04461,-1.97781,72.97823,-5.2485,-7.511494,0.48143,,,,,,,,,,,,8.86953,4.34406,-3.03155,50,4.83583,8.82681,-116.52341,1.6593,11.99706,25.20373,-26.2982,BOC_EAG,VIR_TEC,HarringtonVillage,D1,ACC,20260412-HarringtonVillage-1,8ebc3030-3699-11f1-85bd-1b9279e81419,78.29271,,,7.62481,,,,,,,b439a363-5661-400d-8b76-3a48f938d72a,2026-04-12,18:00:57.18,2026-04-12T14:00:57.1886592-04:00,2026-04-12T18:00:57.1886592Z,,v3,227,2293,26587,"Cooke, Henry",805714,Right,VIR_TEC,77d07037-8c7a-442a-ab37-3d15f30c652a,55.12804,-117.62736,12.60186,4.73793,2.81119,-13.1491,-3.40667,8.30133,5.99853,,,,,,,,,,,,,,,,,,,,,,,,,,,,,,,,,,,,,,,,,,,,,,,,,,,High,High,High,,,,,,97.581457,76.94321,545.235846,0.225917,9:15,-0.968135,0.247769,0.036402,-45.505652,55.313689,7.221886,114.875036,-52.00314,0.558506,-0.788044,-0.258954,71.809306,-33.952524,0.788044,-0.558506,0.258954,-71.809306,33.952524,-0.788044,0.558506,0.258954,-114.875036,52.00314,-0.558506,0.788044,-0.258954,,,
102,2026-04-12,14:01:15.51,1,6,"Stieg, Griffin",703495,Right,VIR_TEC,"Toomey, Jack",809057,Right,BOC_EAG,Undefined,3,Bottom,0,2,2,ChangeUp,Changeup,FoulBallNotFieldable,Undefined,Undefined,Undefined,0,0,,80.26483,1.957845,-5.291974,1869.589728,276.047029,3:15,4.60101,3.57671,5.59521,-45.0081,-0.45965,18.91721,2.68683,0.19817,72.65956,-6.304407,-1.935074,0.480383,,,,,,,,,,,,-11.23745,-0.43661,-3.13478,50,4.74012,10.00163,-115.98857,2.47611,-15.17012,23.52786,-32.76344,BOC_EAG,VIR_TEC,HarringtonVillage,D1,ACC,20260412-HarringtonVillage-1,99a21af0-3699-11f1-85bd-1b9279e81419,78.46328,,,7.60526,,,,,,,b439a363-5661-400d-8b76-3a48f938d72a,2026-04-12,18:01:15.51,2026-04-12T14:01:15.5128320-04:00,2026-04-12T18:01:15.5128320Z,,v3,227,2293,26587,"Cooke, Henry",805714,Right,VIR_TEC,198535cd-7033-4dbd-9f16-fa955a046345,54.9052,-116.97934,11.76393,4.6068,3.85579,-16.38172,-3.5694,10.64046,-7.58506,,,,,,,,,,,,,,,,,,,,,,,,,,,,,,,,,,,,,,,,,,,,,,,,,,,High,High,High,,,,,,264.769206,12.181675,1827.492982,0.977483,2:45,-0.251323,-0.965635,-0.066217,-66.317555,-45.511208,-9.326076,172.963045,24.613713,0.111378,0.416498,-0.902288,24.778159,6.394748,0.416498,0.111378,0.902288,-24.778159,-6.394748,-0.416498,-0.111378,0.902288,-172.963045,-24.613713,-0.111378,-0.416498,-0.902288,,,
103,2026-04-12,14:02:01.20,1,7,"Stieg, Griffin",703495,Right,VIR_TEC,"Toomey, Jack",809057,Right,BOC_EAG,Undefined,3,Bottom,0,2,2,Sweeper,Slider,InPlay,Undefined,GroundBall,Single,0,0,,80.61589,0.819715,-2.156657,2404.255231,100.719903,9:15,4.76453,3.57835,5.27201,-40.01293,4.96638,-17.44599,2.20068,0.09782,72.56069,-6.533467,-5.245718,0.4827,97.31697,-7.913336,-32.115352,,,,,16.91732,16.33654,-30.045741,0.111708,7.99709,2.66811,-3.36781,50,4.81049,5.11749,-116.68513,0.29418,10.77615,26.58697,-28.57872,BOC_EAG,VIR_TEC,HarringtonVillage,D1,ACC,20260412-HarringtonVillage-1,b4f35c60-3699-11f1-85bd-1b9279e81419,78.08661,2.29707,,8.05519,,,,1.55956,2.29707,-0.09982,b439a363-5661-400d-8b76-3a48f938d72a,2026-04-12,18:02:01.20,2026-04-12T14:02:01.2067840-04:00,2026-04-12T18:02:01.2067840Z,GroundBall,v3,227,2293,26587,"Cooke, Henry",805714,Right,VIR_TEC,77b839bd-7560-43a7-8b73-5575009e424e,55.22465,-117.86956,13.29348,4.76902,1.56735,-14.28936,-3.5851,4.63742,5.38808,107.043266,1.55986,119.70451,-23.08154,,,,,,,2.29705,-19.64851,-8.2028,,,,,,,-0.09978,-75.1617,2.04766,,,,,,,,,,,,,,,,,,,,,,,,,,,,,High,High,High,High,High,,,,94.240455,78.138782,494.174988,0.205542,9:15,-0.975497,0.218959,0.021527,-51.563861,50.597101,-11.669165,125.10325,-37.205931,0.651604,-0.604682,-0.45801,52.858265,-40.662611,0.604682,-0.651604,0.45801,-52.858265,40.662611,-0.604682,0.651604,0.45801,-125.10325,37.205931,-0.651604,0.604682,-0.45801,70.67702,12.49871,-12.66158
104,2026-04-12,14:02:49.50,2,1,"Stieg, Griffin",703495,Right,VIR_TEC,"Hendrickson, Carter",830138,Right,BOC_EAG,Undefined,3,Bottom,0,0,0,Sweeper,Slider,HitByPitch,Undefined,Undefined,Undefined,0,0,,78.89892,1.349217,-0.640456,2268.213997,125.382896,10:15,4.80125,3.6879,4.99712,-34.7673,12.3339,-15.00379,3.17808,1.8329,71.15903,-5.066018,-3.286839,0.493955,,,,,,,,,,,,7.32894,6.11937,-3.61311,50,4.90345,1.88721,-114.28129,1.52456,9.53578,24.23547,-24.21205,BOC_EAG,VIR_TEC,HarringtonVillage,D1,ACC,20260412-HarringtonVillage-1,d1aae490-3699-11f1-85bd-1b9279e81419,76.30743,,,7.73988,,,,,,,b439a363-5661-400d-8b76-3a48f938d72a,2026-04-12,18:02:49.50,2026-04-12T14:02:49.5035392-04:00,2026-04-12T18:02:49.5035392Z,,v3,227,2293,26587,"Cooke, Henry",805714,Right,VIR_TEC,cbb97f61-2722-47a3-951f-462737a38520,55.50121,-115.44203,12.11773,4.80266,2.68418,-12.10602,-3.69256,1.4305,4.76789,,,,,,,,,,,,,,,,,,,,,,,,,,,,,,,,,,,,,,,,,,,,,,,,,,,High,High,High,,,,,,112.68922,78.628513,447.222597,0.197169,9:45,-0.976603,0.204944,-0.065142,-32.240904,42.105989,8.811807,120.51291,-41.114474,0.649063,-0.657566,-0.382524,59.81224,-40.470986,0.657566,-0.649063,0.382524,-59.81224,40.470986,-0.657566,0.649063,0.382524,-120.51291,41.114474,-0.649063,0.657566,-0.382524,,,
105,2026-04-12,14:04:07.03,3,1,"Stieg, Griffin",703495,Right,VIR_TEC,"Gallo, Luke",828057,Right,BOC_EAG,Undefined,3,Bottom,0,0,0,Fastball,Sinker,InPlay,Undefined,Bunt,Out,1,0,,91.24966,-0.953115,-5.07713,2195.286979,241.841769,2:00,5.29607,3.35905,5.5803,-23.96222,10.40615,17.23721,2.4055,0.04142,82.74567,-5.413046,-2.01699,0.42194,,,,,,,,,,,,-10.24587,5.88658,-2.93311,50,5.1983,10.94991,-131.94513,-3.05258,-17.95022,29.70253,-21.86105,BOC_EAG,VIR_TEC,HarringtonVillage,D1,ACC,20260412-HarringtonVillage-1,ffd79250-3699-11f1-85bd-1b9279e81419,89.33122,,,8.504,,,,,,,b439a363-5661-400d-8b76-3a48f938d72a,2026-04-12,18:04:07.03,2026-04-12T14:04:07.0304768-04:00,2026-04-12T18:04:07.0304768Z,,v3,227,2293,26587,"Cooke, Henry",805714,Right,VIR_TEC,b5362a17-269b-43a6-a1d1-aea3cdb8480a,54.91849,-133.04773,14.85127,5.29656,-2.24106,-10.93053,-3.35196,11.61625,-8.97511,,,,,,,,,,,,,,,,,,,,,,,,,,,,,,,,,,,,,,,,,,,,,,,,,,,High,High,High,,,,,,243.13711,16.652611,2103.216295,0.95806,2:00,-0.309554,-0.859325,-0.407109,-52.353126,-30.309875,-25.607401,172.515034,13.900005,0.126451,0.240228,-0.962445,14.014774,7.264579,0.240228,0.126451,0.962445,-14.014774,-7.264579,-0.240228,-0.126451,0.962445,-172.515034,-13.900005,-0.126451,-0.240228,-0.962445,,,
106,2026-04-12,14:04:45.05,4,1,"Stieg, Griffin",703495,Right,VIR_TEC,"Johnson, Gunnar",1000100233,Right,BOC_EAG,Undefined,3,Bottom,1,0,0,Fastball,Sinker,StrikeCalled,Undefined,Undefined,Undefined,0,0,,91.77272,-1.327032,-5.534228,2287.947065,243.373746,2:00,5.19619,3.24764,5.75086,-24.41919,9.38126,16.40347,1.91986,-0.55352,83.29724,-5.873342,-2.616201,0.41844,,,,,,,,,,,,-9.92091,5.51181,-2.79678,50,5.07076,12.10765,-132.60722,-3.94294,-17.5718,29.76111,-22.41162,BOC_EAG,VIR_TEC,HarringtonVillage,D1,ACC,20260412-HarringtonVillage-1,168403d0-369a-11f1-85bd-1b9279e81419,90.07857,,,8.47548,,,,,,,b439a363-5661-400d-8b76-3a48f938d72a,2026-04-12,18:04:45.05,2026-04-12T14:04:45.0535936-04:00,2026-04-12T18:04:45.0535936Z,,v3,227,2293,26587,"Cooke, Henry",805714,Right,VIR_TEC,40b3c5d5-f503-4c54-85dd-36b52e7d44f9,54.74665,-133.66827,14.88056,5.19709,-3.14392,-11.20581,-3.23961,12.73412,-8.7859,,,,,,,,,,,,,,,,,,,,,,,,,,,,,,,,,,,,,,,,,,,,,,,,,,,High,High,High,,,,,,242.171025,9.589422,2255.977143,0.986027,2:00,-0.190058,-0.875612,-0.444051,-54.215103,-27.91185,-21.109021,174.987381,8.463509,0.086424,0.147179,-0.985327,8.495529,4.957893,0.147179,0.086424,0.985327,-8.495529,-4.957893,-0.147179,-0.086424,0.985327,-174.987381,-8.463509,-0.086424,-0.147179,-0.985327,,,
107,2026-04-12,14:06:30.45,4,2,"Stieg, Griffin",703495,Right,VIR_TEC,"Johnson, Gunnar",1000100233,Right,BOC_EAG,Undefined,3,Bottom,1,0,1,ChangeUp,Changeup,BallCalled,Undefined,Undefined,Undefined,0,0,,81.84818,0.984582,-7.189444,1740.524893,280.894499,3:15,4.58565,3.51413,5.77411,-44.99502,-2.35162,19.74363,1.7596,-1.56592,74.4156,-7.255467,-3.692121,0.47,,,,,,,,,,,,-12.13359,-1.04626,-2.92928,50,4.64043,14.09908,-117.98661,0.52556,-17.02441,23.42253,-33.64206,BOC_EAG,VIR_TEC,HarringtonVillage,D1,ACC,20260412-HarringtonVillage-1,55698c00-369a-11f1-85bd-1b9279e81419,80.19676,,,7.43258,,,,,,,b439a363-5661-400d-8b76-3a48f938d72a,2026-04-12,18:06:30.45,2026-04-12T14:06:30.4537600-04:00,2026-04-12T18:06:30.4537600Z,,v3,227,2293,26587,"Cooke, Henry",805714,Right,VIR_TEC,0ae31035-6176-4af3-9073-05049188cb43,54.72648,-118.9212,11.71127,4.59268,1.86793,-16.82103,-3.5054,14.77838,-8.5122,,,,,,,,,,,,,,,,,,,,,,,,,,,,,,,,,,,,,,,,,,,,,,,,,,,High,High,High,,,,,,270.522422,-1.229927,1740.12389,0.99977,3:00,0.00539,-0.999949,0.008508,-62.284309,-36.232257,-5.211885,174.742012,-24.770911,0.083209,-0.418991,-0.90417,24.862951,-4.773023,0.418991,-0.083209,0.90417,-24.862951,4.773023,-0.418991,0.083209,0.90417,-174.742012,24.770911,-0.083209,0.418991,-0.90417,,,
108,2026-04-12,14:06:49.18,4,3,"Stieg, Griffin",703495,Right,VIR_TEC,"Johnson, Gunnar",1000100233,Right,BOC_EAG,Undefined,3,Bottom,1,1,1,Sinker,Sinker,InPlay,Undefined,GroundBall,Double,0,2,,89.93607,0.730833,-5.245803,2169.799111,265.231431,2:45,4.74386,3.55778,5.8702,-31.98899,3.09173,22.37761,2.75984,0.53633,81.27319,-5.201365,-1.25152,0.426291,84.01979,-2.105247,40.023244,4059.059048,,,,29.34884,27.36339,40.18183,0.251802,-13.0245,1.71295,-3.14523,50,4.78475,10.97564,-130.08128,0.5305,-22.1105,29.64524,-29.26614,BOC_EAG,VIR_TEC,HarringtonVillage,D1,ACC,20260412-HarringtonVillage-1,608294b0-369a-11f1-85bd-1b9279e81419,88.41959,2.66728,,8.66289,,,,0.05133,2.66728,-0.58535,b439a363-5661-400d-8b76-3a48f938d72a,2026-04-12,18:06:49.18,2026-04-12T14:06:49.1832832-04:00,2026-04-12T18:06:49.1832832Z,GroundBall,v3,227,2293,26587,"Cooke, Henry",805714,Right,VIR_TEC,09cd7445-39cd-442f-ac5a-5335d0cd539c,54.62938,-131.13206,14.82262,4.74757,1.56784,-14.63307,-3.54815,11.75935,-11.05525,,0.05416,94.15381,-21.17382,,,,,,,2.67053,-4.69829,-23.50949,,,,,,,-0.58564,79.21058,-6.67441,,,,,,,,,,,,,,,,,,,,,,,,,,,,,High,High,High,High,High,,,,248.230288,16.637376,2078.962653,0.958136,2:15,-0.328882,-0.886079,-0.326649,9.168216,31.2202,-8.937921,177.663827,-77.057962,0.009129,-0.974597,-0.223779,77.068357,-0.523084,0.974597,-0.009129,0.223779,-77.068357,0.523084,-0.974597,0.009129,0.223779,-177.663827,77.057962,-0.009129,0.974597,-0.223779,,,
109,2026-04-12,14:07:43.38,5,1,"Stieg, Griffin",703495,Right,VIR_TEC,"Surowiec, Danny",831970,Left,BOC_EAG,Undefined,3,Bottom,1,0,0,Sweeper,Slider,BallCalled,Undefined,Undefined,Undefined,0,0,,81.34599,-0.70191,-4.965339,2366.981665,94.936218,9:15,4.80453,3.70017,5.30169,-40.85223,3.32079,-20.92005,0.73872,-2.71622,74.11754,-8.108145,-8.646848,0.478355,,,,,,,,,,,,9.14067,2.17193,-3.23142,50,4.71065,11.01869,-117.53383,-2.83478,12.53398,26.37533,-29.19584,BOC_EAG,VIR_TEC,HarringtonVillage,D1,ACC,20260412-HarringtonVillage-1,80dd8260-369a-11f1-85bd-1b9279e81419,78.79602,,,7.22845,,,,,,,b439a363-5661-400d-8b76-3a48f938d72a,2026-04-12,18:07:43.38,2026-04-12T14:07:43.3860608-04:00,2026-04-12T18:07:43.3860608Z,,v3,227,2293,26587,"Cooke, Henry",805714,Right,VIR_TEC,5b9d240c-a521-4b0a-bf31-25e1daa556a8,55.20006,-118.69502,13.18766,4.80716,-1.54941,-14.59792,-3.70437,10.46687,6.26699,,,,,,,,,,,,,,,,,,,,,,,,,,,,,,,,,,,,,,,,,,,,,,,,,,,High,High,High,,,,,,117.957075,83.009314,288.080606,0.121708,10:00,-0.995017,0.095337,0.029173,-41.585014,45.885273,14.239901,111.486691,-43.420777,0.675848,-0.687351,-0.266042,68.840853,-42.52002,0.687351,-0.675848,0.266042,-68.840853,42.52002,-0.687351,0.675848,0.266042,-111.486691,43.420777,-0.675848,0.687351,-0.266042,,,
110,2026-04-12,14:08:14.51,5,2,"Stieg, Griffin",703495,Right,VIR_TEC,"Surowiec, Danny",831970,Left,BOC_EAG,Undefined,3,Bottom,1,1,0,Fastball,Sinker,FoulBallNotFieldable,Undefined,Undefined,Undefined,0,0,,92.48994,-0.381978,-4.226916,2290.561123,233.64966,1:45,5.25072,3.2903,5.64721,-20.76556,12.83709,15.75694,3.16299,0.65356,83.0381,-4.299072,-1.421961,0.417213,77.27553,36.459942,-129.335006,4272.588615,,,,,45.08559,,,-9.32583,6.97859,-2.94133,50,5.20534,9.15799,-133.76476,-1.59807,-16.62981,33.11119,-19.72985,BOC_EAG,VIR_TEC,HarringtonVillage,D1,ACC,20260412-HarringtonVillage-1,935e99b0-369a-11f1-85bd-1b9279e81419,90.3433,29.9834,,9.45184,,,,0.39305,3.12379,-0.73775,b439a363-5661-400d-8b76-3a48f938d72a,2026-04-12,18:08:14.51,2026-04-12T14:08:14.5197056-04:00,2026-04-12T18:08:14.5197056Z,,v3,227,2293,26587,"Cooke, Henry",805714,Right,VIR_TEC,36dcb89b-dfc4-4e06-a375-ffc2cd8e7a7d,54.84896,-134.9597,16.5556,5.25016,-0.88605,-9.86492,-3.28266,9.75814,-8.31491,,0.39305,-57.77832,-1.20145,3.31509,-1.32998,0.43003,-0.126,0.0351,-0.00667,3.12379,67.35187,-33.83997,5.50812,-1.18933,0.23681,-0.04425,0.00454,0.00103,-0.73775,-70.50338,17.74645,-4.43482,1.00475,-0.19532,0.03574,-0.00279,-0.00103,,,,,,,,,,,,,,,,,,,,,,,High,High,High,Medium,Undefined,,,,242.770144,12.969658,2232.126748,0.974489,2:00,-0.250924,-0.867971,-0.428559,-51.544226,-35.773059,-30.664325,176.142929,9.667201,0.066313,0.167925,-0.983567,9.688732,3.802218,0.167925,0.066313,0.983567,-9.688732,-3.802218,-0.167925,-0.066313,0.983567,-176.142929,-9.667201,-0.066313,-0.167925,-0.983567,,,
111,2026-04-12,14:08:34.49,5,3,"Stieg, Griffin",703495,Right,VIR_TEC,"Surowiec, Danny",831970,Left,BOC_EAG,Undefined,3,Bottom,1,1,1,Fastball,Sinker,FoulBallNotFieldable,Undefined,Undefined,Undefined,0,0,,92.60452,-0.36509,-4.41639,2277.279697,234.604479,1:45,5.33455,3.24667,5.68581,-20.27643,13.22528,16.86052,3.30354,0.52714,83.07136,-4.198708,-1.413747,0.416586,85.33039,42.4255,-72.836111,4577.361355,15.8187,69.67521,-108.85662,221.20734,80.39253,-92.200075,3.880623,-9.97812,7.18059,-2.8851,50,5.29135,9.56796,-133.90759,-1.53376,-17.81865,33.36524,-19.35111,BOC_EAG,VIR_TEC,HarringtonVillage,D1,ACC,20260412-HarringtonVillage-1,9f45c7d0-369a-11f1-85bd-1b9279e81419,90.47927,70.68109,,9.53316,,,,0.09272,2.75737,-0.23741,b439a363-5661-400d-8b76-3a48f938d72a,2026-04-12,18:08:34.49,2026-04-12T14:08:34.4986624-04:00,2026-04-12T18:08:34.4986624Z,FlyBall,v3,227,2293,26587,"Cooke, Henry",805714,Right,VIR_TEC,7508dc45-134e-4838-9d9a-a5d5091e0143,54.8107,-135.10094,16.68262,5.33383,-0.84164,-9.67555,-3.23871,10.20527,-8.90933,,0.09203,27.28348,-15.54788,4.2061,-1.26982,0.38366,-0.08369,0.01046,-0.00056,2.75885,84.38452,-32.97252,5.39465,-0.93824,0.04031,0.02203,-0.00477,0.00032,-0.23655,-88.29337,17.0131,-4.69882,1.44471,-0.45382,0.10209,-0.01305,0.00071,,,,,,,,,,,,,,,,,,,,,,,High,High,High,Medium,Low,,,,242.351754,16.094096,2188.027921,0.960808,2:00,-0.305313,-0.852845,-0.423603,-62.667733,-45.570758,-27.595881,167.514836,4.01286,0.215657,0.06998,-0.973958,4.109725,12.454063,0.06998,0.215657,0.973958,-4.109725,-12.454063,-0.06998,-0.215657,0.973958,-167.514836,-4.01286,-0.215657,-0.06998,-0.973958,64.06599,4.31504,-15.52021
112,2026-04-12,14:08:57.61,5,4,"Stieg, Griffin",703495,Right,VIR_TEC,"Surowiec, Danny",831970,Left,BOC_EAG,Undefined,3,Bottom,1,1,2,Fastball,Sinker,FoulBallNotFieldable,Undefined,Undefined,Undefined,0,0,,92.27557,-0.037342,-4.60045,2278.893796,235.304675,1:45,5.18688,3.27527,5.7742,-20.03029,13.02138,17.29788,3.48283,0.42667,84.17909,-3.797376,-1.516327,0.413779,77.55161,43.868742,-117.893464,4612.153544,,,,,36.09869,,,-10.07548,6.95717,-2.90515,50,5.17173,9.99123,-133.68381,-0.75777,-18.26656,28.32501,-19.56091,BOC_EAG,VIR_TEC,HarringtonVillage,D1,ACC,20260412-HarringtonVillage-1,ad0d27a0-369a-11f1-85bd-1b9279e81419,91.09324,32.48541,,8.09648,,,,-0.42058,3.52917,-0.51494,b439a363-5661-400d-8b76-3a48f938d72a,2026-04-12,18:08:57.61,2026-04-12T14:08:57.6108032-04:00,2026-04-12T18:08:57.6108032Z,,v3,227,2293,26587,"Cooke, Henry",805714,Right,VIR_TEC,fabbbe22-4802-475f-a970-937c0cc40d85,54.72523,-134.68127,14.16251,5.18629,-0.06893,-9.78045,-3.26831,10.63448,-9.13328,,-0.40346,-38.88208,-6.27228,,,,,,,3.54825,78.25175,-30.3322,,,,,,,-0.52231,-72.25448,10.75311,,,,,,,,,,,,,,,,,,,,,,,,,,,,,High,High,High,Medium,Undefined,,,,242.419392,18.222896,2164.600806,0.949847,2:00,-0.346433,-0.84211,-0.413321,-54.369327,-48.890166,-36.620084,170.455864,8.932968,0.163796,0.155279,-0.974197,9.056288,9.42731,0.155279,0.163796,0.974197,-9.056288,-9.42731,-0.155279,-0.163796,0.974197,-170.455864,-8.932968,-0.163796,-0.155279,-0.974197,66.84341,9.85796,-7.63075
113,2026-04-12,14:09:19.49,5,5,"Stieg, Griffin",703495,Right,VIR_TEC,"Surowiec, Danny",831970,Left,BOC_EAG,Undefined,3,Bottom,1,1,2,Sinker,Sinker,FoulBallNotFieldable,Undefined,Undefined,Undefined,0,0,,91.05534,0.804705,-3.849726,2167.939377,273.271634,3:00,4.73732,3.55738,5.39522,-34.40376,-0.01748,19.19895,2.62622,1.54409,83.21555,-5.482748,-0.442918,0.42205,68.46867,4.507875,-49.973042,4544.274516,,,,73.75927,68.91932,-55.160154,0.799028,-10.71634,0.08354,-3.22751,50,4.78494,8.00465,-131.99039,0.50418,-18.92794,27.77019,-32.02647,BOC_EAG,VIR_TEC,HarringtonVillage,D1,ACC,20260412-HarringtonVillage-1,ba1a3820-369a-11f1-85bd-1b9279e81419,89.308,3.845,,7.83979,,,,-0.10373,2.77894,-1.66002,b439a363-5661-400d-8b76-3a48f938d72a,2026-04-12,18:09:19.49,2026-04-12T14:09:19.4978816-04:00,2026-04-12T18:09:19.4978816Z,GroundBall,v3,227,2293,26587,"Cooke, Henry",805714,Right,VIR_TEC,56dda384-c475-4da8-ad11-3cd63dd2237b,55.10561,-133.06025,13.8851,4.74176,1.73801,-16.01324,-3.54994,8.73386,-9.46397,,-0.10373,64.38548,-16.62159,3.23951,-0.68553,0.11975,-0.02064,0.00341,-0.00036,2.77894,7.89266,-14.81042,0.77008,-0.06564,0.01317,-0.00052,0.0001,-5E-05,-1.66002,-76.65835,3.60983,0.27416,-0.22209,0.07522,-0.01985,0.00421,-0.00057,,,,,,,,,,,,,,,,,,,,,,,High,High,High,High,High,,,,251.265836,18.557707,2055.214312,0.948004,2:30,-0.350533,-0.893219,-0.281578,39.619541,72.519275,32.711777,172.715317,-73.716615,0.035553,-0.959887,-0.278125,73.841164,-2.037471,0.959887,-0.035553,0.278125,-73.841164,2.037471,-0.959887,0.035553,0.278125,-172.715317,73.716615,-0.035553,0.959887,-0.278125,70.49903,1.17136,-19.51382
114,2026-04-12,14:09:45.96,5,6,"Stieg, Griffin",703495,Right,VIR_TEC,"Surowiec, Danny",831970,Left,BOC_EAG,Undefined,3,Bottom,1,1,2,Cutter,Slider,FoulBallNotFieldable,Undefined,Undefined,Undefined,0,0,,84.89896,0.640681,-2.711734,2284.132749,151.835993,11:00,4.82841,3.58619,5.44207,-34.2649,4.68796,-1.94736,2.57359,0.88294,78.73529,-5.616252,-3.057705,0.449201,90.39362,36.908064,-31.959498,4872.299563,83.878,70.8486,-71.16508,279.04942,149.21,-52.360534,4.768131,0.34,2.51579,-3.34491,50,4.86118,5.92167,-123.32876,0.15849,0.53091,21.35762,-28.24585,BOC_EAG,VIR_TEC,HarringtonVillage,D1,ACC,20260412-HarringtonVillage-1,c9ec8320-369a-11f1-85bd-1b9279e81419,83.90989,82.79229,,6.16367,,,,0.67085,2.44267,-0.77537,b439a363-5661-400d-8b76-3a48f938d72a,2026-04-12,18:09:45.96,2026-04-12T14:09:45.9672576-04:00,2026-04-12T18:09:45.9672576Z,FlyBall,v3,227,2293,26587,"Cooke, Henry",805714,Right,VIR_TEC,8caccedb-f11a-4c81-93e7-47fe50cbf459,55.05859,-124.2017,10.67881,4.83111,1.31297,-14.12293,-3.58651,5.89997,0.26546,135.724453,0.65525,90.30222,-29.09159,10.72583,-4.76689,1.86828,-0.481,0.06704,-0.00377,2.44718,79.5265,-22.47513,1.11551,0.40551,-0.23249,0.05216,-0.00484,0.00011,-0.78361,-55.94392,-0.66571,3.06186,-1.72451,0.60983,-0.12839,0.01403,-0.0006,,,,,,,,,,,,,,,,,,,,,,,High,High,High,High,Low,,,,215.109496,72.625491,682.079094,0.298616,1:15,-0.966721,-0.161064,-0.19877,-8.436808,66.160078,14.446255,167.373367,-13.11823,0.212892,-0.226961,-0.95035,13.431707,-12.291903,0.226961,-0.212892,0.95035,-13.431707,12.291903,-0.226961,0.212892,0.95035,-167.373367,13.11823,-0.212892,0.226961,-0.95035,70.70696,8.63016,-4.71474
115,2026-04-12,14:10:18.28,5,7,"Stieg, Griffin",703495,Right,VIR_TEC,"Surowiec, Danny",831970,Left,BOC_EAG,Undefined,3,Bottom,1,1,2,Sinker,Sinker,FoulBallNotFieldable,Undefined,Undefined,Undefined,0,0,,91.64454,0.577713,-4.203848,2304.475271,260.83227,2:45,4.72621,3.5114,5.45676,-29.22324,5.09685,23.99966,2.8332,1.5692,82.60584,-4.825201,0.057237,0.421644,,,,,,,,,,,,-13.3617,2.73996,-3.15725,50,4.75741,8.63,-132.61742,0.22959,-23.51373,31.50016,-27.3523,BOC_EAG,VIR_TEC,HarringtonVillage,D1,ACC,20260412-HarringtonVillage-1,dd3668b0-369a-11f1-85bd-1b9279e81419,89.39403,,,9.0387,,,,,,,b439a363-5661-400d-8b76-3a48f938d72a,2026-04-12,18:10:18.28,2026-04-12T14:10:18.2853632-04:00,2026-04-12T18:10:18.2853632Z,,v3,227,2293,26587,"Cooke, Henry",805714,Right,VIR_TEC,31bb654a-4cd1-4a8e-a918-d5730e5bb86d,55.0421,-133.80969,15.75008,4.72913,1.26487,-13.67615,-3.50074,9.51999,-11.75687,,,,,,,,,,,,,,,,,,,,,,,,,,,,,,,,,,,,,,,,,,,,,,,,,,,High,High,High,,,,,,248.790005,17.15266,2201.977657,0.955522,2:15,-0.328409,-0.887777,-0.322489,18.831334,63.494567,8.337668,161.1315,-74.53376,0.086241,-0.963788,-0.252341,75.328061,-4.947363,0.963788,-0.086241,0.252341,-75.328061,4.947363,-0.963788,0.086241,0.252341,-161.1315,74.53376,-0.086241,0.963788,-0.252341,,,
116,2026-04-12,14:10:44.08,5,8,"Stieg, Griffin",703495,Right,VIR_TEC,"Surowiec, Danny",831970,Left,BOC_EAG,Undefined,3,Bottom,1,1,2,ChangeUp,Changeup,StrikeCalled,Strikeout,Undefined,Undefined,0,0,,81.28065,1.767002,-5.707907,1872.066541,267.29289,3:00,4.56998,3.61289,5.62648,-40.74105,2.44878,21.48789,2.83244,0.05976,73.88371,-5.720995,-1.896483,0.473001,,,,,,,,,,,,-12.46138,1.17665,-3.13915,50,4.69519,10.87011,-117.44718,2.26886,-17.36409,22.73976,-30.53444,BOC_EAG,VIR_TEC,HarringtonVillage,D1,ACC,20260412-HarringtonVillage-1,ec929950-369a-11f1-85bd-1b9279e81419,79.68784,,,7.39694,,,,,,,b439a363-5661-400d-8b76-3a48f938d72a,2026-04-12,18:10:44.08,2026-04-12T14:10:44.0848896-04:00,2026-04-12T18:10:44.0848896Z,,v3,227,2293,26587,"Cooke, Henry",805714,Right,VIR_TEC,f441c683-55b8-4312-ac22-9fda50192c89,54.87339,-118.38699,11.36988,4.57535,3.53082,-15.26722,-3.60323,11.58775,-8.68205,,,,,,,,,,,,,,,,,,,,,,,,,,,,,,,,,,,,,,,,,,,,,,,,,,,High,High,High,,,,,,266.554057,7.277206,1856.986884,0.991945,3:00,-0.162292,-0.985775,-0.043698,-63.682135,-43.290868,-15.795003,176.894878,-20.035919,0.05089,-0.342609,-0.938099,20.06303,-2.917026,0.342609,-0.05089,0.938099,-20.06303,2.917026,-0.342609,0.05089,0.938099,-176.894878,20.035919,-0.05089,0.342609,-0.938099,,,
117,2026-04-12,14:11:17.07,6,1,"Stieg, Griffin",703495,Right,VIR_TEC,"Larson, Colin",831502,Left,BOC_EAG,Undefined,3,Bottom,2,0,0,Sweeper,Slider,BallCalled,Undefined,Undefined,Undefined,0,0,,81.19216,1.169531,-4.479009,2331.787422,118.146571,10:00,4.6517,3.74336,5.37195,-37.23864,5.91528,-8.77217,2.64849,-1.19553,74.97514,-5.619658,-6.027393,0.472804,,,,,,,,,,,,3.25858,3.05295,-3.33475,50,4.73045,9.56671,-117.59612,1.1303,4.59703,20.74482,-27.86712,BOC_EAG,VIR_TEC,HarringtonVillage,D1,ACC,20260412-HarringtonVillage-1,0032dc40-369b-11f1-85bd-1b9279e81419,79.72099,,,6.21702,,,,,,,b439a363-5661-400d-8b76-3a48f938d72a,2026-04-12,18:11:17.07,2026-04-12T14:11:17.0705408-04:00,2026-04-12T18:11:17.0705408Z,,v3,227,2293,26587,"Cooke, Henry",805714,Right,VIR_TEC,c9d4dc22-e206-4545-8022-96d3de39fa0b,55.12718,-118.49714,10.37241,4.65507,2.34067,-13.93356,-3.74593,9.36705,2.29851,,,,,,,,,,,,,,,,,,,,,,,,,,,,,,,,,,,,,,,,,,,,,,,,,,,High,High,High,,,,,,86.939977,77.536824,503.227961,0.215812,9:00,-0.967965,0.235389,0.087379,-44.211045,53.697882,7.699189,111.603042,-48.187563,0.619864,-0.745331,-0.245459,71.771771,-38.306176,0.745331,-0.619864,0.245459,-71.771771,38.306176,-0.745331,0.619864,0.245459,-111.603042,48.187563,-0.619864,0.745331,-0.245459,,,
118,2026-04-12,14:11:33.69,6,2,"Stieg, Griffin",703495,Right,VIR_TEC,"Larson, Colin",831502,Left,BOC_EAG,Undefined,3,Bottom,2,1,0,Sweeper,Slider,BallCalled,Undefined,Undefined,Undefined,0,0,,81.56737,-0.072183,-3.754928,2402.082701,119.564147,10:00,4.6788,3.64545,5.15485,-33.96159,9.21252,-14.0028,1.78057,-1.06118,75.22775,-6.253255,-6.221071,0.472915,,,,,,,,,,,,6.00363,4.99713,-3.28296,50,4.64613,8.33653,-118.19569,-1.33466,8.52207,21.80455,-25.08072,BOC_EAG,VIR_TEC,HarringtonVillage,D1,ACC,20260412-HarringtonVillage-1,0a2edc30-369b-11f1-85bd-1b9279e81419,79.70235,,,6.33963,,,,,,,b439a363-5661-400d-8b76-3a48f938d72a,2026-04-12,18:11:33.69,2026-04-12T14:11:33.6992256-04:00,2026-04-12T18:11:33.6992256Z,,v3,227,2293,26587,"Cooke, Henry",805714,Right,VIR_TEC,11c51ef1-8861-4bfe-b509-7d607a63e27d,55.34441,-119.17754,10.90227,4.68079,-0.20528,-12.54036,-3.64971,7.95278,4.26103,,,,,,,,,,,,,,,,,,,,,,,,,,,,,,,,,,,,,,,,,,,,,,,,,,,High,High,High,,,,,,107.432791,79.0599,455.873605,0.189783,9:30,-0.983669,0.179829,0.007579,-42.760258,43.123823,3.063826,114.523911,-38.152809,0.715426,-0.617761,-0.326399,62.149885,-45.678157,0.617761,-0.715426,0.326399,-62.149885,45.678157,-0.617761,0.715426,0.326399,-114.523911,38.152809,-0.715426,0.617761,-0.326399,,,
119,2026-04-12,14:11:51.53,6,3,"Stieg, Griffin",703495,Right,VIR_TEC,"Larson, Colin",831502,Left,BOC_EAG,Undefined,3,Bottom,2,2,0,Sinker,Sinker,StrikeCalled,Undefined,Undefined,Undefined,0,0,,89.49974,0.398618,-4.416822,2116.439569,278.862679,3:15,4.75869,3.56269,5.57957,-37.21262,-1.92248,19.25883,2.03103,1.03441,82.11176,-6.401044,-0.989693,0.427561,,,,,,,,,,,,-10.90686,-0.74051,-3.195,50,4.76862,9.17067,-129.73297,-0.51329,-18.66218,26.13051,-33.44112,BOC_EAG,VIR_TEC,HarringtonVillage,D1,ACC,20260412-HarringtonVillage-1,14d4fed0-369b-11f1-85bd-1b9279e81419,88.15685,,,7.38797,,,,,,,b439a363-5661-400d-8b76-3a48f938d72a,2026-04-12,18:11:51.53,2026-04-12T14:11:51.5362304-04:00,2026-04-12T18:11:51.5362304Z,,v3,227,2293,26587,"Cooke, Henry",805714,Right,VIR_TEC,fd2876ac-a860-4326-9767-d7566836304b,54.92172,-130.72053,13.06525,4.76414,0.75057,-16.72056,-3.55492,9.87598,-9.33109,,,,,,,,,,,,,,,,,,,,,,,,,,,,,,,,,,,,,,,,,,,,,,,,,,,High,High,High,,,,,,250.912598,13.118123,2061.209442,0.973904,2:15,-0.25719,-0.918759,-0.299559,10.58444,44.568133,3.67054,176.858107,74.780482,0.014388,0.964927,-0.262123,74.802301,0.824418,0.964927,0.014388,0.262123,-74.802301,-0.824418,-0.964927,-0.014388,0.262123,-176.858107,-74.780482,-0.014388,-0.964927,-0.262123,,,
120,2026-04-12,14:12:10.05,6,4,"Stieg, Griffin",703495,Right,VIR_TEC,"Larson, Colin",831502,Left,BOC_EAG,Undefined,3,Bottom,2,2,1,Sinker,Sinker,FoulBallNotFieldable,Undefined,Undefined,Undefined,0,0,,88.91682,1.003186,-4.874724,2076.250854,263.161716,2:45,4.64275,3.5976,5.47567,-32.38659,3.48811,20.03434,2.8861,0.69461,81.50795,-4.932025,-1.32315,0.431088,75.8321,33.985853,-158.560407,3722.626864,,,,,48.67768,,,-11.38335,1.81327,-3.18279,50,4.70895,10.10291,-128.78541,1.05453,-19.24235,25.11724,-29.10893,BOC_EAG,VIR_TEC,HarringtonVillage,D1,ACC,20260412-HarringtonVillage-1,1fd109a0-369b-11f1-85bd-1b9279e81419,87.43567,28.118,,7.40887,,,,0.29252,2.67448,-0.56695,b439a363-5661-400d-8b76-3a48f938d72a,2026-04-12,18:12:10.05,2026-04-12T14:12:10.0596736-04:00,2026-04-12T18:12:10.0596736Z,,v3,227,2293,26587,"Cooke, Henry",805714,Right,VIR_TEC,e95f7d80-5dbc-44bb-a10e-3b77af7e6bd5,55.02555,-129.76185,12.55862,4.64595,2.18615,-14.55447,-3.59009,10.85096,-9.62118,5.356825,0.29253,-85.83986,4.35694,0.39025,0.62416,-3.32408,7.68367,-8.71581,3.89345,2.67448,62.17043,-30.39506,3.66919,1.42917,-9.30591,21.0904,-23.39064,10.23729,-0.56695,-33.70882,2.67848,0.10659,0.85741,-3.9029,8.8413,-9.90456,4.37777,,,,,,,,,,,,,,,,,,,,,,,High,High,High,High,Undefined,,,,254.113872,17.16873,1983.732299,0.95544,2:30,-0.332329,-0.91364,-0.234135,10.107208,59.159066,3.37705,179.357257,-73.28282,0.003227,-0.957736,-0.28763,73.283813,-0.18488,0.957736,-0.003227,0.28763,-73.283813,0.18488,-0.957736,0.003227,0.28763,-179.357257,73.28282,-0.003227,0.957736,-0.28763,77.86807,8.8746,-22.44717
121,2026-04-12,14:12:34.05,6,5,"Stieg, Griffin",703495,Right,VIR_TEC,"Larson, Colin",831502,Left,BOC_EAG,Undefined,3,Bottom,2,2,2,Sweeper,Slider,FoulBallNotFieldable,Undefined,Undefined,Undefined,0,0,,81.46129,0.686886,-3.212586,2446.493819,92.33227,9:00,4.71162,3.62396,5.14183,-41.79975,2.00988,-13.60383,1.87612,-0.53773,74.23275,-6.915702,-5.612071,0.476383,,,,,,,,,,,,5.82744,1.1811,-3.31175,50,4.74385,7.18731,-117.95621,-0.0822,8.12607,24.58572,-30.52708,BOC_EAG,VIR_TEC,HarringtonVillage,D1,ACC,20260412-HarringtonVillage-1,2e1d50e0-369b-11f1-85bd-1b9279e81419,79.12216,,,7.22854,,,,,,,b439a363-5661-400d-8b76-3a48f938d72a,2026-04-12,18:12:34.05,2026-04-12T14:12:34.0534272-04:00,2026-04-12T18:12:34.0534272Z,,v3,227,2293,26587,"Cooke, Henry",805714,Right,VIR_TEC,54baf8ab-cbb2-440c-be6b-58aa2f63c4b2,55.35711,-119.06756,12.29286,4.71637,1.29772,-15.26354,-3.62834,6.81999,4.06303,,,,,,,,,,,,,,,,,,,,,,,,,,,,,,,,,,,,,,,,,,,,,,,,,,,High,High,High,,,,,,121.537939,78.909293,470.614418,0.192363,10:00,-0.983388,0.175702,-0.04558,-27.785679,41.185347,23.593948,113.267756,-49.6135,0.595243,-0.761691,-0.255955,71.425839,-36.529936,0.761691,-0.595243,0.255955,-71.425839,36.529936,-0.761691,0.595243,0.255955,-113.267756,49.6135,-0.595243,0.761691,-0.255955,,,
122,2026-04-12,14:12:56.00,6,6,"Stieg, Griffin",703495,Right,VIR_TEC,"Larson, Colin",831502,Left,BOC_EAG,Undefined,3,Bottom,2,2,2,ChangeUp,Changeup,InPlay,Undefined,GroundBall,Out,1,0,,81.57183,0.679144,-4.911481,1779.743451,279.87369,3:15,4.51652,3.65522,5.52269,-45.03861,-2.19965,20.57737,1.40062,0.76687,74.6096,-7.541641,-1.256341,0.471076,78.75999,-0.94421,21.189458,,,,,25.33353,23.56646,19.03091,0.213165,-11.84792,-0.95378,-3.2415,50,4.54527,9.33038,-118.10434,-0.15482,-16.70962,22.80536,-33.5192,BOC_EAG,VIR_TEC,HarringtonVillage,D1,ACC,20260412-HarringtonVillage-1,3b395580-369b-11f1-85bd-1b9279e81419,80.01351,1.47489,,6.96223,,,,1.86367,1.47489,-0.76349,b439a363-5661-400d-8b76-3a48f938d72a,2026-04-12,18:12:56.00,2026-04-12T14:12:56.0008192-04:00,2026-04-12T18:12:56.0008192Z,GroundBall,v3,227,2293,26587,"Cooke, Henry",805714,Right,VIR_TEC,a194d20a-896b-40d8-8111-9ea77e839367,54.97927,-119.06193,11.40268,4.52222,1.25264,-16.7596,-3.64801,10.03201,-8.35481,308.573503,1.86469,107.62672,-18.90465,,,,,,,1.4765,-2.00392,-23.12953,,,,,,,-0.76433,41.80001,2.54369,,,,,,,,,,,,,,,,,,,,,,,,,,,,,High,High,High,High,High,,,,271.325677,6.334345,1768.878116,0.993895,3:00,-0.119683,-0.992251,0.033363,-65.923713,-40.001808,-5.65836,179.662869,-26.33133,0.005274,-0.443561,-0.896229,26.331724,-0.302152,0.443561,-0.005274,0.896229,-26.331724,0.302152,-0.443561,0.005274,0.896229,-179.662869,26.33133,-0.005274,0.443561,-0.896229,,,
123,2026-04-12,14:15:10.78,1,1,"Mudd, Tyler",809052,Left,BOC_EAG,"Grube, Sam",838742,Left,VIR_TEC,Undefined,4,Top,0,0,0,Sinker,Changeup,BallCalled,Undefined,Undefined,Undefined,0,0,,86.31892,0.269461,2.516447,2045.520258,118.768817,10:00,5.26449,-1.81466,5.78524,-25.23356,12.75217,-20.84985,3.41263,-1.20949,78.1463,-4.470681,-1.215553,0.44359,,,,,,,,,,,,11.29638,6.798,1.6194,50,5.27173,-4.60971,-125.18532,-0.21594,17.76583,27.38064,-21.48281,BOC_EAG,VIR_TEC,HarringtonVillage,D1,ACC,20260412-HarringtonVillage-1,8b87a730-369b-11f1-85bd-1b9279e81419,84.97139,,,8.17262,,,,,,,b439a363-5661-400d-8b76-3a48f938d72a,2026-04-12,18:15:10.78,2026-04-12T14:15:10.7862016-04:00,2026-04-12T18:15:10.7862016Z,,v3,227,2293,26587,"Johnson, Gunnar",1000100233,Right,BOC_EAG,9bdba3f9-aa06-44e7-9bea-108d09117c27,54.71173,-126.21166,13.69032,5.26473,0.58933,-10.7414,1.80467,-5.27565,8.88291,,,,,,,,,,,,,,,,,,,,,,,,,,,,,,,,,,,,,,,,,,,,,,,,,,,High,High,High,,,,,,133.394976,-5.18584,2037.147466,0.995907,10:30,0.123739,0.723228,-0.679434,-80.106429,46.51324,-76.339733,97.022968,1.699926,0.99206,0.029665,-0.122213,13.64358,82.775227,0.029665,0.99206,0.122213,-13.64358,-82.775227,-0.029665,-0.99206,0.122213,-97.022968,-1.699926,-0.99206,-0.029665,-0.122213,,,
124,2026-04-12,14:15:22.06,1,2,"Mudd, Tyler",809052,Left,BOC_EAG,"Grube, Sam",838742,Left,VIR_TEC,Undefined,4,Top,0,1,0,Fastball,Four-Seam,FoulBallNotFieldable,Undefined,Undefined,Undefined,0,0,,85.54737,-1.640884,2.202786,2052.718594,157.714603,11:15,5.82777,-1.00888,5.61883,-15.09265,23.90777,-9.23189,3.03715,0.27855,77.343,-4.56257,0.556064,0.449476,69.87366,47.326201,-114.395401,4879.687773,,,,,30.23891,,,5.35103,13.01217,0.82696,50,5.67839,-4.37735,-123.9646,-3.9399,8.24071,27.17028,-12.13503,BOC_EAG,VIR_TEC,HarringtonVillage,D1,ACC,20260412-HarringtonVillage-1,9237d780-369b-11f1-85bd-1b9279e81419,83.85869,32.04193,,8.20437,,,,0.50959,3.18222,-0.39679,b439a363-5661-400d-8b76-3a48f938d72a,2026-04-12,18:15:22.06,2026-04-12T14:15:22.0687872-04:00,2026-04-12T18:15:22.0687872Z,,v3,227,2293,26587,"Johnson, Gunnar",1000100233,Right,BOC_EAG,9ebb468a-d07d-420d-8b87-604f4a7e7dd1,54.87743,-125.02906,13.58514,5.82343,-3.46449,-6.06752,1.00478,-4.70019,4.12035,,0.5214,-29.04546,-5.51501,,,,,,,3.19276,75.03375,-24.29492,,,,,,,-0.40447,-63.03461,8.83179,,,,,,,,,,,,,,,,,,,,,,,,,,,,,High,High,High,Medium,Undefined,,,,155.536556,-6.596225,2039.130287,0.99338,11:15,0.137723,0.414492,-0.899571,-0.599709,-21.387434,64.745928,175.655418,3.550829,0.075609,0.061934,-0.995212,3.561035,4.336226,0.061934,0.075609,0.995212,-3.561035,-4.336226,-0.061934,-0.075609,0.995212,-175.655418,-3.550829,-0.075609,-0.061934,-0.995212,,,
125,2026-04-12,14:15:37.72,1,3,"Mudd, Tyler",809052,Left,BOC_EAG,"Grube, Sam",838742,Left,VIR_TEC,Undefined,4,Top,0,1,1,Fastball,Four-Seam,StrikeCalled,Undefined,Undefined,Undefined,0,0,,85.78834,-1.389838,2.150411,2053.378349,151.826958,11:00,5.93426,-0.98551,5.79218,-17.92446,20.77021,-10.3641,3.14654,0.15211,77.25104,-4.834691,0.295196,0.44771,69.11188,19.706523,-160.043979,3233.192118,-105.93363,15.49409,-29.63133,156.93875,46.54551,-166.383824,1.964688,5.98063,11.4465,0.81481,50,5.80939,-4.23665,-124.3126,-3.50624,9.21319,28.53691,-14.54074,BOC_EAG,VIR_TEC,HarringtonVillage,D1,ACC,20260412-HarringtonVillage-1,9b8c9af0-369b-11f1-85bd-1b9279e81419,84.18934,18.09121,,8.53729,,,,0.48968,3.05497,-0.16277,b439a363-5661-400d-8b76-3a48f938d72a,2026-04-12,18:15:37.72,2026-04-12T14:15:37.7234944-04:00,2026-04-12T18:15:37.7234944Z,LineDrive,v3,227,2293,26587,"Johnson, Gunnar",1000100233,Right,BOC_EAG,1e77bcf3-748f-468a-99cf-2a0833ec4c5f,54.70384,-125.38775,14.26846,5.93117,-2.95841,-7.27037,0.98096,-4.58376,4.60659,72.775685,0.48967,-89.69637,6.62063,-0.39273,-0.05749,0.13501,-0.08361,0.02863,-0.00402,3.05496,34.18042,-20.79866,1.81955,-0.37276,0.0984,-0.03134,0.00904,-0.00122,-0.16278,-32.56861,9.43176,-1.77971,0.32421,0.02937,-0.05183,0.01958,-0.00283,,,,,,,,,,,,,,,,,,,,,,,High,High,High,High,Low,,,,154.87516,-8.722275,2029.631042,0.988435,11:15,0.174901,0.423236,-0.888977,8.636029,-22.14189,50.689331,175.930804,-0.962692,0.070951,-0.016801,-0.997338,0.965124,-4.06862,0.016801,-0.070951,0.997338,-0.965124,4.06862,-0.016801,0.070951,0.997338,-175.930804,0.962692,-0.070951,0.016801,-0.997338,,,
126,2026-04-12,14:15:51.93,1,4,"Mudd, Tyler",809052,Left,BOC_EAG,"Grube, Sam",838742,Left,VIR_TEC,Undefined,4,Top,0,1,2,Slider,Slider,InPlay,Undefined,GroundBall,Out,1,0,,80.91778,1.566099,3.151698,2240.66482,227.128339,1:30,5.15782,-1.88866,5.34206,-41.4216,4.46213,2.52315,3.17773,1.28112,70.61985,-6.139938,3.598615,0.487529,90.74183,-7.541451,-3.894392,,,,,19.64738,18.94327,-7.557482,0.14657,0.09378,2.14488,1.60241,50,5.27051,-6.52783,-116.59414,1.78158,0.12264,32.11543,-29.36932,BOC_EAG,VIR_TEC,HarringtonVillage,D1,ACC,20260412-HarringtonVillage-1,a40ca940-369b-11f1-85bd-1b9279e81419,77.31318,3.1136,,10.29793,,,,0.6889,3.1136,-1.3073,b439a363-5661-400d-8b76-3a48f938d72a,2026-04-12,18:15:51.93,2026-04-12T14:15:51.9340032-04:00,2026-04-12T18:15:51.9340032Z,GroundBall,v3,227,2293,26587,"Johnson, Gunnar",1000100233,Right,BOC_EAG,ec360820-3ecd-488b-b8c8-58db857b1229,55.14821,-118.00368,16.05771,5.16403,3.07059,-14.68466,1.88904,-6.53321,0.06132,359.543846,0.68935,131.59157,-23.29437,,,,,,,3.11435,-17.53464,-25.37166,,,,,,,-1.30733,-8.95767,1.68745,,,,,,,,,,,,,,,,,,,,,,,,,,,,,High,High,High,High,High,,,,120.675425,-76.635493,517.919042,0.231145,10:00,0.982993,0.172137,-0.063976,-21.28458,27.102292,-41.243493,127.655638,35.863969,0.641599,0.585863,-0.495091,49.800076,39.911169,0.585863,0.641599,0.495091,-49.800076,-39.911169,-0.585863,-0.641599,0.495091,-127.655638,-35.863969,-0.641599,-0.585863,-0.495091,66.26214,14.53959,-7.20994
127,2026-04-12,14:16:21.40,2,1,"Mudd, Tyler",809052,Left,BOC_EAG,"Daniel, Pete",838741,Right,VIR_TEC,Undefined,4,Top,1,0,0,Sinker,Sinker,InPlay,Undefined,GroundBall,Out,1,0,,88.09644,-0.916851,2.784632,2051.982,129.300437,10:15,5.15463,-1.8064,5.81123,-24.12627,12.23213,-13.44761,2.29046,-0.33561,80.07058,-5.436777,0.376914,0.433984,68.39379,-45.864362,-50.930654,,,,,3.4913,3.49116,-23.869593,0.032167,7.7154,6.87618,1.58624,50,5.06516,-5.65088,-127.76937,-2.83201,12.67051,27.93706,-20.88173,BOC_EAG,VIR_TEC,HarringtonVillage,D1,ACC,20260412-HarringtonVillage-1,b59752a0-369b-11f1-85bd-1b9279e81419,86.85214,2.32412,,8.02587,,,,1.77143,2.32412,0.33799,b439a363-5661-400d-8b76-3a48f938d72a,2026-04-12,18:16:21.40,2026-04-12T14:16:21.4033408-04:00,2026-04-12T18:16:21.4033408Z,GroundBall,v3,227,2293,26587,"Johnson, Gunnar",1000100233,Right,BOC_EAG,544eb422-985d-4973-9ace-b58489b66b63,54.68714,-128.79015,13.96853,5.1547,-2.06902,-10.44087,1.80118,-6.11384,6.33525,,1.77061,44.18304,,,,,,,,2.32545,-72.25052,,,,,,,,0.339,-54.42668,,,,,,,,,,,,,,,,,,,,,,,,,,,,,,High,High,High,Estimated,Estimated,,,,133.802813,-10.538587,2017.369074,0.983132,10:30,0.204378,0.712388,-0.671367,-67.912048,42.696237,-62.083877,98.9013,3.59785,0.986009,0.062753,-0.154428,22.114783,80.404515,0.062753,0.986009,0.154428,-22.114783,-80.404515,-0.062753,-0.986009,0.154428,-98.9013,-3.59785,-0.986009,-0.062753,-0.154428,,,
128,2026-04-12,14:16:55.54,3,1,"Mudd, Tyler",809052,Left,BOC_EAG,"Petrich, Owen",838743,Right,VIR_TEC,Undefined,4,Top,2,0,0,Fastball,Four-Seam,BallCalled,Undefined,Undefined,Undefined,0,0,,85.41902,-0.889838,-0.222718,1982.118602,166.062921,11:30,5.77407,-0.97196,5.83244,-19.26285,19.75501,-4.54303,3.34164,-1.55756,76.75784,-4.585285,-1.037197,0.449576,,,,,,,,,,,,2.21784,10.75414,0.99268,50,5.69026,0.67512,-123.80757,-2.4472,3.38232,28.74549,-15.77353,BOC_EAG,VIR_TEC,HarringtonVillage,D1,ACC,20260412-HarringtonVillage-1,c9f54040-369b-11f1-85bd-1b9279e81419,83.83995,,,8.66118,,,,,,,b439a363-5661-400d-8b76-3a48f938d72a,2026-04-12,18:16:55.54,2026-04-12T14:16:55.5480576-04:00,2026-04-12T18:16:55.5480576Z,,v3,227,2293,26587,"Johnson, Gunnar",1000100233,Right,BOC_EAG,1f57d298-d4bd-4079-8cef-1ef6e3de7b90,54.66024,-124.88489,14.37275,5.77089,-1.85604,-7.88676,0.96975,0.54836,1.69116,,,,,,,,,,,,,,,,,,,,,,,,,,,,,,,,,,,,,,,,,,,,,,,,,,,High,High,High,,,,,,153.031473,-10.589671,1948.36014,0.982968,11:00,0.173422,0.448577,-0.876757,7.854783,-17.972495,58.174365,169.704426,-2.664691,0.178533,-0.046491,-0.982835,2.708233,-10.28432,0.046491,-0.178533,0.982835,-2.708233,10.28432,-0.046491,0.178533,0.982835,-169.704426,2.664691,-0.178533,0.046491,-0.982835,,,
129,2026-04-12,14:17:07.19,3,2,"Mudd, Tyler",809052,Left,BOC_EAG,"Petrich, Owen",838743,Right,VIR_TEC,Undefined,4,Top,2,1,0,Fastball,Four-Seam,BallCalled,Undefined,Undefined,Undefined,0,0,,86.37426,-0.816329,1.193918,2134.191339,164.404631,11:30,5.93069,-0.97352,5.68753,-14.43666,24.21175,-6.33343,3.96657,-0.38836,76.97172,-3.659252,0.061996,0.447442,,,,,,,,,,,,3.59591,12.93686,0.87697,50,5.8533,-2.32721,-125.04844,-2.11134,5.55453,30.96474,-12.19065,BOC_EAG,VIR_TEC,HarringtonVillage,D1,ACC,20260412-HarringtonVillage-1,d0e363f0-369b-11f1-85bd-1b9279e81419,84.23976,,,9.40255,,,,,,,b439a363-5661-400d-8b76-3a48f938d72a,2026-04-12,18:17:07.19,2026-04-12T14:17:07.1989248-04:00,2026-04-12T18:17:07.1989248Z,,v3,227,2293,26587,"Johnson, Gunnar",1000100233,Right,BOC_EAG,862f8b81-40db-4b33-be41-a85e34618d19,54.80443,-126.23252,15.48237,5.92512,-1.64518,-6.09532,0.97003,-2.53961,2.77726,,,,,,,,,,,,,,,,,,,,,,,,,,,,,,,,,,,,,,,,,,,,,,,,,,,High,High,High,,,,,,155.17865,-8.490364,2110.802114,0.989041,11:15,0.160386,0.417251,-0.894527,8.619556,-24.6766,49.112658,179.513227,0.122331,0.008496,0.002135,-0.999962,0.122335,0.486772,0.002135,0.008496,0.999962,-0.122335,-0.486772,-0.002135,-0.008496,0.999962,-179.513227,-0.122331,-0.008496,-0.002135,-0.999962,,,
130,2026-04-12,14:17:21.54,3,3,"Mudd, Tyler",809052,Left,BOC_EAG,"Petrich, Owen",838743,Right,VIR_TEC,Undefined,4,Top,2,2,0,Sinker,Sinker,StrikeCalled,Undefined,Undefined,Undefined,0,0,,87.1065,-0.853588,2.121685,2076.753939,134.34595,10:30,5.23014,-1.7582,5.869,-23.79462,13.41182,-12.40099,2.45378,-0.81992,78.91841,-5.33201,-0.102448,0.439016,,,,,,,,,,,,6.94307,7.49571,1.59338,50,5.14734,-4.15284,-126.32713,-2.63012,11.11208,28.04141,-20.17754,BOC_EAG,VIR_TEC,HarringtonVillage,D1,ACC,20260412-HarringtonVillage-1,d97dd810-369b-11f1-85bd-1b9279e81419,85.85661,,,8.18808,,,,,,,b439a363-5661-400d-8b76-3a48f938d72a,2026-04-12,18:17:21.54,2026-04-12T14:17:21.5432192-04:00,2026-04-12T18:17:21.5432192Z,,v3,227,2293,26587,"Johnson, Gunnar",1000100233,Right,BOC_EAG,edfce015-6115-4ba0-ab27-15d15c5ba89f,54.62681,-127.35002,14.0207,5.22986,-1.89409,-10.08877,1.75226,-4.55819,5.55604,,,,,,,,,,,,,,,,,,,,,,,,,,,,,,,,,,,,,,,,,,,,,,,,,,,High,High,High,,,,,,134.989018,-13.432077,2019.946373,0.972646,10:30,0.247324,0.691281,-0.678942,-75.052035,48.568782,-73.178008,101.151692,6.808863,0.974199,0.118558,-0.192043,31.689052,76.95648,0.118558,0.974199,0.192043,-31.689052,-76.95648,-0.118558,-0.974199,0.192043,-101.151692,-6.808863,-0.974199,-0.118558,-0.192043,,,
131,2026-04-12,14:17:34.33,3,4,"Mudd, Tyler",809052,Left,BOC_EAG,"Petrich, Owen",838743,Right,VIR_TEC,Undefined,4,Top,2,2,1,Sinker,Sinker,BallCalled,Undefined,Undefined,Undefined,0,0,,86.37323,-1.330857,4.247858,2026.190566,129.994234,10:15,5.19052,-1.64652,5.70538,-24.67533,13.68457,-14.65182,1.8906,1.09763,77.95885,-5.960953,1.636041,0.445769,,,,,,,,,,,,8.77154,7.77351,1.29916,50,5.06362,-8.65662,-124.93094,-3.69901,13.68305,28.2174,-20.04788,BOC_EAG,VIR_TEC,HarringtonVillage,D1,ACC,20260412-HarringtonVillage-1,e1105210-369b-11f1-85bd-1b9279e81419,84.55593,,,8.41438,,,,,,,b439a363-5661-400d-8b76-3a48f938d72a,2026-04-12,18:17:34.33,2026-04-12T14:17:34.3312384-04:00,2026-04-12T18:17:34.3312384Z,,v3,227,2293,26587,"Johnson, Gunnar",1000100233,Right,BOC_EAG,cad77134-ac5c-4aaf-984a-fb644cf2fc55,54.79117,-126.00845,14.1087,5.19026,-2.93346,-10.02394,1.63969,-9.17912,6.84153,,,,,,,,,,,,,,,,,,,,,,,,,,,,,,,,,,,,,,,,,,,,,,,,,,,High,High,High,,,,,,132.245826,-10.340076,1993.28469,0.98376,10:30,0.211072,0.732217,-0.647539,-66.782114,45.91055,-60.369786,100.017173,5.425093,0.980345,0.094544,-0.173164,28.633689,78.621304,0.094544,0.980345,0.173164,-28.633689,-78.621304,-0.094544,-0.980345,0.173164,-100.017173,-5.425093,-0.980345,-0.094544,-0.173164,,,
132,2026-04-12,14:17:47.08,3,5,"Mudd, Tyler",809052,Left,BOC_EAG,"Petrich, Owen",838743,Right,VIR_TEC,Undefined,4,Top,2,3,1,Sinker,Sinker,FoulBallNotFieldable,Undefined,Undefined,Undefined,0,0,,87.36761,-1.151294,3.252595,2153.091679,127.228981,10:15,5.076,-1.73264,5.87812,-23.91363,13.2817,-15.70154,2.0121,-0.01711,78.79806,-5.659053,0.439218,0.438951,70.54169,24.252684,163.817416,1964.35198,,,,,46.41494,,,9.06914,7.55036,1.47875,50,4.9692,-6.53334,-126.55499,-3.29693,14.49471,29.32963,-20.10672,BOC_EAG,VIR_TEC,HarringtonVillage,D1,ACC,20260412-HarringtonVillage-1,e8ad7a70-369b-11f1-85bd-1b9279e81419,85.86943,18.02415,,8.56955,,,,0.99317,2.01574,0.02491,b439a363-5661-400d-8b76-3a48f938d72a,2026-04-12,18:17:47.08,2026-04-12T14:17:47.0828544-04:00,2026-04-12T18:17:47.0828544Z,,v3,227,2293,26587,"Johnson, Gunnar",1000100233,Right,BOC_EAG,6e53a5cc-3c94-41b5-a16f-dfc818ea4cd1,54.61883,-127.62093,14.66481,5.07574,-2.56618,-10.05336,1.72577,-7.06013,7.24736,337.60899,0.99317,-90.59232,7.27147,-0.75766,0.2127,-0.03689,0.01811,-0.01497,0.0065,2.01574,42.49779,-23.88068,2.20321,-0.43242,0.09447,-0.02026,0.00854,-0.00297,0.02491,26.28964,-3.9122,0.53193,-0.11812,0.02074,-0.00505,0.00207,-0.00067,,,,,,,,,,,,,,,,,,,,,,,High,High,High,High,Undefined,,,,133.448034,-12.42369,2102.67361,0.976583,10:30,0.238631,0.713178,-0.659115,-76.345629,49.36517,-76.755753,99.756157,4.805579,0.982073,0.083775,-0.16886,26.386977,79.134805,0.083775,0.982073,0.16886,-26.386977,-79.134805,-0.083775,-0.982073,0.16886,-99.756157,-4.805579,-0.982073,-0.083775,-0.16886,75.69307,12.89058,-7.16729
133,2026-04-12,14:18:13.82,3,6,"Mudd, Tyler",809052,Left,BOC_EAG,"Petrich, Owen",838743,Right,VIR_TEC,Undefined,4,Top,2,3,2,Sinker,Sinker,BallCalled,Walk,Undefined,Undefined,0,0,,87.18423,0.224254,1.466131,2028.282597,122.689429,10:00,5.12074,-1.75497,5.88733,-25.26651,12.05544,-16.67383,3.22351,-1.78277,78.43881,-4.541257,-1.526142,0.439697,,,,,,,,,,,,8.90567,6.48709,1.64585,50,5.12454,-2.51479,-126.41798,-0.30598,14.17602,29.7086,-21.84796,BOC_EAG,VIR_TEC,HarringtonVillage,D1,ACC,20260412-HarringtonVillage-1,f89f0d40-369b-11f1-85bd-1b9279e81419,85.72365,,,8.74542,,,,,,,b439a363-5661-400d-8b76-3a48f938d72a,2026-04-12,18:18:13.82,2026-04-12T14:18:13.8275840-04:00,2026-04-12T18:18:13.8275840Z,,v3,227,2293,26587,"Johnson, Gunnar",1000100233,Right,BOC_EAG,0cecaa4e-906a-46e2-9bb6-efef06b8dc90,54.60738,-127.49613,14.8543,5.12126,0.4869,-10.92398,1.74645,-3.02925,7.08801,,,,,,,,,,,,,,,,,,,,,,,,,,,,,,,,,,,,,,,,,,,,,,,,,,,High,High,High,,,,,,134.415088,-15.334248,1956.074758,0.9644,10:30,0.284325,0.687819,-0.66788,-80.828756,46.839875,-86.555201,99.812076,1.663325,0.984957,0.029026,-0.170345,9.670179,80.049302,0.029026,0.984957,0.170345,-9.670179,-80.049302,-0.029026,-0.984957,0.170345,-99.812076,-1.663325,-0.984957,-0.029026,-0.170345,,,
134,2026-04-12,14:18:46.50,4,1,"Mudd, Tyler",809052,Left,BOC_EAG,"Gibson, Ethan",703551,Right,VIR_TEC,Undefined,4,Top,2,0,0,ChangeUp,Changeup,BallCalled,Undefined,Undefined,Undefined,0,0,,84.32962,1.121422,2.957404,1777.920208,114.597468,9:45,5.08725,-1.85426,5.85463,-29.63309,10.32201,-19.40466,3.6613,-0.72106,75.88516,-4.438615,-0.517805,0.454944,,,,,,,,,,,,10.75568,5.34008,1.62486,50,5.16144,-5.49999,-122.16849,1.45349,16.0186,27.33837,-24.22099,BOC_EAG,VIR_TEC,HarringtonVillage,D1,ACC,20260412-HarringtonVillage-1,0c166b70-369c-11f1-85bd-1b9279e81419,82.85081,,,8.44447,,,,,,,b439a363-5661-400d-8b76-3a48f938d72a,2026-04-12,18:18:46.50,2026-04-12T14:18:46.5004032-04:00,2026-04-12T18:18:46.5004032Z,,v3,227,2293,26587,"Johnson, Gunnar",1000100233,Right,BOC_EAG,ee044be7-8a71-4517-b55b-5c40bf76bc53,54.6412,-123.2027,13.66918,5.08912,2.36977,-12.11049,1.84439,-6.10598,8.0093,,,,,,,,,,,,,,,,,,,,,,,,,,,,,,,,,,,,,,,,,,,,,,,,,,,High,High,High,,,,,,128.977587,-12.738575,1734.159027,0.975386,10:15,0.266642,0.753797,-0.600577,-65.94847,47.600045,-67.411157,98.376153,2.474036,0.988411,0.043167,-0.145535,16.52066,81.268613,0.043167,0.988411,0.145535,-16.52066,-81.268613,-0.043167,-0.988411,0.145535,-98.376153,-2.474036,-0.988411,-0.043167,-0.145535,,,
135,2026-04-12,14:19:02.26,4,2,"Mudd, Tyler",809052,Left,BOC_EAG,"Gibson, Ethan",703551,Right,VIR_TEC,Undefined,4,Top,2,1,0,ChangeUp,Changeup,InPlay,Undefined,LineDrive,Single,0,0,,84.61825,0.192303,2.797252,1890.969347,125.495043,10:15,5.04043,-1.86723,5.88191,-26.85092,12.72142,-15.85454,2.98165,-0.5887,76.31544,-4.862532,-0.04454,0.452759,100.50069,15.948438,-8.978426,2645.027457,107.88213,27.21912,-21.4787,287.20058,285.13824,-15.799128,3.021961,9.01658,6.85134,1.65058,50,5.04066,-5.3528,-122.66071,-0.41561,13.54445,27.43589,-21.88214,BOC_EAG,VIR_TEC,HarringtonVillage,D1,ACC,20260412-HarringtonVillage-1,158c2460-369c-11f1-85bd-1b9279e81419,83.25052,31.15938,,8.30281,,,,1.52617,2.97861,0.58474,b439a363-5661-400d-8b76-3a48f938d72a,2026-04-12,18:19:02.26,2026-04-12T14:19:02.2670336-04:00,2026-04-12T18:19:02.2670336Z,LineDrive,v3,227,2293,26587,"Johnson, Gunnar",1000100233,Right,BOC_EAG,97803624-63b0-4013-8e73-705bc739d9c9,54.61543,-123.68875,13.71795,5.04087,0.40433,-10.94107,1.86066,-5.86032,6.77222,133.554197,1.52601,139.99993,-26.72643,5.857,-1.40014,0.38906,-0.1028,0.01739,-0.00127,2.97876,40.49215,-15.21123,0.34802,0.22945,-0.17006,0.06532,-0.01252,0.00097,0.58451,-22.10454,-4.85754,2.52263,-0.97811,0.38395,-0.11855,0.02135,-0.00162,,,,,,,,,,,,,,,,,,,,,,,High,High,High,High,High,,,,126.547561,-7.293314,1875.67001,0.991909,10:15,0.158294,0.796432,-0.583642,-65.584525,52.439568,-60.709054,97.590466,4.957655,0.987529,0.086419,-0.131597,33.292771,80.941883,0.086419,0.987529,0.131597,-33.292771,-80.941883,-0.086419,-0.987529,0.131597,-97.590466,-4.957655,-0.987529,-0.086419,-0.131597,67.21751,15.05346,-8.1542
136,2026-04-12,14:20:26.26,5,1,"Mudd, Tyler",809052,Left,BOC_EAG,"Gates, Sam",811781,Left,VIR_TEC,Undefined,4,Top,2,0,0,Fastball,Four-Seam,InPlay,Undefined,LineDrive,Single,0,1,,85.66776,-2.521659,3.114861,2080.442299,160.59355,11:15,5.89123,-1.12667,5.79817,-17.67674,20.81737,-6.87524,2.06775,1.20043,78.02582,-5.886486,1.885686,0.446548,77.44209,18.375932,9.409522,1073.06254,107.9285,23.65877,21.24671,204.28303,202.93601,13.245144,2.631544,4.42575,11.75379,0.87467,50,5.67322,-6.4733,-124.10221,-5.96578,6.87146,25.86833,-13.92507,BOC_EAG,VIR_TEC,HarringtonVillage,D1,ACC,20260412-HarringtonVillage-1,479aa030-369c-11f1-85bd-1b9279e81419,84.40841,23.6685,,7.64195,,,,1.5315,2.07581,-1.19438,b439a363-5661-400d-8b76-3a48f938d72a,2026-04-12,18:20:26.26,2026-04-12T14:20:26.2667264-04:00,2026-04-12T18:20:26.2667264Z,LineDrive,v3,227,2293,26587,"Johnson, Gunnar",1000100233,Right,BOC_EAG,476d2014-7999-4d4c-bdcc-77c33b0750a0,54.69952,-125.07796,12.93417,5.88834,-5.44053,-6.96253,1.12373,-6.73249,3.43573,217.05049,1.53153,106.33813,-18.83745,4.105,-0.78798,0.09421,0.00312,-0.00372,0.00054,2.07577,35.8084,-15.57379,0.57516,0.0035,0.03377,-0.02478,0.00809,-0.00096,-1.19438,17.62257,2.07529,-1.46392,0.49255,-0.12311,0.02504,-0.00337,0.00021,,,,,,,,,,,,,,,,,,,,,,,High,High,High,High,High,,,,156.810494,-8.537862,2057.386781,0.988918,11:15,0.180387,0.395565,-0.900549,4.402829,-25.262481,60.431132,179.557433,-2.209325,0.007718,-0.03855,-0.999227,2.20939,-0.442238,0.03855,-0.007718,0.999227,-2.20939,0.442238,-0.03855,0.007718,0.999227,-179.557433,2.209325,-0.007718,0.03855,-0.999227,,,
137,2026-04-12,14:20:58.21,6,1,"Mudd, Tyler",809052,Left,BOC_EAG,"Locurto, Nick",824009,Right,VIR_TEC,Undefined,4,Top,2,0,0,Fastball,Changeup,InPlay,Undefined,GroundBall,FieldersChoice,1,0,,84.58038,-1.442799,1.746136,2009.319257,158.662784,11:15,5.87012,-1.05532,5.78211,-19.27379,20.47981,-7.43764,2.92069,-0.05003,76.32078,-5.128553,0.414605,0.453795,90.70885,-5.777639,-18.897478,,,,,25.83704,24.95742,-18.628533,0.180263,4.37603,11.33945,0.91595,50,5.73988,-3.43779,-122.61429,-3.62644,6.56492,27.53956,-15.16263,BOC_EAG,VIR_TEC,HarringtonVillage,D1,ACC,20260412-HarringtonVillage-1,5aa35e10-369c-11f1-85bd-1b9279e81419,83.06051,3.07203,,8.2596,,,,2.68689,3.07203,-0.06254,b439a363-5661-400d-8b76-3a48f938d72a,2026-04-12,18:20:58.21,2026-04-12T14:20:58.2120960-04:00,2026-04-12T18:20:58.2120960Z,GroundBall,v3,227,2293,26587,"Johnson, Gunnar",1000100233,Right,BOC_EAG,4740b94e-cbba-429a-9041-41a4afec41d7,54.71493,-123.66874,13.76978,5.86761,-3.04589,-7.58131,1.05239,-3.68915,3.28246,72.712794,2.68732,125.19759,-23.78474,,,,,,,3.07279,-13.44817,-19.98438,,,,,,,-0.06128,-42.96231,-13.80482,,,,,,,,,,,,,,,,,,,,,,,,,,,,,High,High,High,Medium,High,,,,156.549584,-11.755445,1967.176028,0.979026,11:15,0.221138,0.394615,-0.891839,9.913887,-27.578822,42.894887,178.235489,1.94643,0.030774,0.033965,-0.998949,1.947353,1.763493,0.033965,0.030774,0.998949,-1.947353,-1.763493,-0.033965,-0.030774,0.998949,-178.235489,-1.94643,-0.030774,-0.033965,-0.998949,63.94547,10.64659,-5.68876
138,2026-04-12,14:23:57.92,1,1,"Robertson, Aiden",833405,Right,VIR_TEC,"Solier, Julio",827632,Right,BOC_EAG,Undefined,4,Bottom,0,0,0,Sweeper,Slider,BallCalled,Undefined,Undefined,Undefined,0,0,,79.8513,1.647886,-2.705742,2608.76525,82.693734,8:45,4.77434,3.01915,5.54882,-45.57491,-0.95839,-18.24277,2.51846,-1.03138,73.20121,-6.680576,-5.948546,0.48075,,,,,,,,,,,,8.41772,-0.52677,-2.77262,50,4.88709,6.19522,-115.80563,1.79248,11.38037,22.52539,-32.88621,BOC_EAG,VIR_TEC,HarringtonVillage,D1,ACC,20260412-HarringtonVillage-1,c5b88b80-369c-11f1-85bd-1b9279e81419,78.40341,,,6.65008,,,,,,,b439a363-5661-400d-8b76-3a48f938d72a,2026-04-12,18:23:57.92,2026-04-12T14:23:57.9205120-04:00,2026-04-12T18:23:57.9205120Z,,v3,227,2293,26587,"Cooke, Henry",805714,Right,VIR_TEC,4aaba22e-9f79-46aa-a790-f806821401cd,54.95112,-116.76471,11.26269,4.78097,3.19269,-16.44311,-3.02608,5.71067,5.69018,,,,,,,,,,,,,,,,,,,,,,,,,,,,,,,,,,,,,,,,,,,,,,,,,,,High,High,High,,,,,,48.657579,67.279632,1007.593752,0.386234,7:30,-0.900618,0.316381,0.297977,-56.340791,50.951237,6.214617,96.944532,-50.700244,0.628731,-0.773843,-0.076581,84.348324,-38.956553,0.773843,-0.628731,0.076581,-84.348324,38.956553,-0.773843,0.628731,0.076581,-96.944532,50.700244,-0.628731,0.773843,-0.076581,,,
139,2026-04-12,14:24:14.70,1,2,"Robertson, Aiden",833405,Right,VIR_TEC,"Solier, Julio",827632,Right,BOC_EAG,Undefined,4,Bottom,0,1,0,Sinker,Sinker,StrikeCalled,Undefined,Undefined,Undefined,0,0,,91.29013,-0.48032,-5.126915,2173.806342,244.4472,2:15,4.92901,2.85383,5.84323,-23.23537,10.74036,20.03395,2.54455,-0.25401,82.73361,-4.83407,-1.552838,0.419523,,,,,,,,,,,,-11.66103,5.96744,-2.44696,50,4.87623,10.95367,-132.05841,-1.89622,-20.47906,29.56868,-21.69402,BOC_EAG,VIR_TEC,HarringtonVillage,D1,ACC,20260412-HarringtonVillage-1,cfb500a0-369c-11f1-85bd-1b9279e81419,89.84595,,,8.55652,,,,,,,b439a363-5661-400d-8b76-3a48f938d72a,2026-04-12,18:24:14.70,2026-04-12T14:24:14.7053568-04:00,2026-04-12T18:24:14.7053568Z,,v3,227,2293,26587,"Cooke, Henry",805714,Right,VIR_TEC,c7bc6bb7-420c-4ef9-9bcd-a8edf1d4eb7a,54.65466,-133.09653,14.78434,4.92943,-1.13456,-10.84701,-2.84415,11.67267,-10.23953,,,,,,,,,,,,,,,,,,,,,,,,,,,,,,,,,,,,,,,,,,,,,,,,,,,High,High,High,,,,,,238.374526,1.515915,2173.045543,0.99965,2:00,-0.066083,-0.851388,-0.520358,87.082188,44.687432,-79.11206,140.057575,72.066944,0.197681,0.951417,-0.236068,76.065037,11.401369,0.951417,0.197681,0.236068,-76.065037,-11.401369,-0.951417,-0.197681,0.236068,-140.057575,-72.066944,-0.197681,-0.951417,-0.236068,,,
140,2026-04-12,14:24:31.73,1,3,"Robertson, Aiden",833405,Right,VIR_TEC,"Solier, Julio",827632,Right,BOC_EAG,Undefined,4,Bottom,0,1,1,Sweeper,Slider,StrikeCalled,Undefined,Undefined,Undefined,0,0,,83.04735,0.92623,-2.37334,2523.249595,115.573323,9:45,4.86929,3.09888,5.6187,-36.79675,4.11114,-5.98418,2.66811,0.38402,76.18884,-5.837861,-3.440175,0.460336,,,,,,,,,,,,2.37618,2.22106,-2.8924,50,4.92476,5.23933,-120.52495,0.69262,3.49966,23.14375,-28.9028,BOC_EAG,VIR_TEC,HarringtonVillage,D1,ACC,20260412-HarringtonVillage-1,d9dbba10-369c-11f1-85bd-1b9279e81419,81.88027,,,6.85851,,,,,,,b439a363-5661-400d-8b76-3a48f938d72a,2026-04-12,18:24:31.73,2026-04-12T14:24:31.7350912-04:00,2026-04-12T18:24:31.7350912Z,,v3,227,2293,26587,"Cooke, Henry",805714,Right,VIR_TEC,74d10354-7b61-4a04-bfc8-d0d06c9ce30f,54.87961,-121.45834,11.57188,4.87332,1.85828,-14.4514,-3.10086,5.09819,1.74983,,,,,,,,,,,,,,,,,,,,,,,,,,,,,,,,,,,,,,,,,,,,,,,,,,,High,High,High,,,,,,203.54067,78.971768,482.679114,0.191293,12:45,-0.989059,-0.060526,-0.13453,14.923983,62.447447,49.584616,166.576856,-31.105526,0.198763,-0.516616,-0.832827,31.81198,-11.464631,0.516616,-0.198763,0.832827,-31.81198,11.464631,-0.516616,0.198763,0.832827,-166.576856,31.105526,-0.198763,0.516616,-0.832827,,,
141,2026-04-12,14:24:48.99,1,4,"Robertson, Aiden",833405,Right,VIR_TEC,"Solier, Julio",827632,Right,BOC_EAG,Undefined,4,Bottom,0,1,2,Sinker,Sinker,InPlay,Undefined,GroundBall,Out,1,0,,90.65294,-0.471447,-5.277826,2219.194465,248.893214,2:15,4.99609,2.73372,6.02973,-25.78761,8.0267,18.14218,2.40866,-0.65594,83.21099,-5.268872,-2.031274,0.418525,91.80587,-31.604812,10.421335,,,,,5.21565,5.21565,15.17943,0.033801,-10.7293,4.56036,-2.3301,50,4.945,11.37703,-131.32741,-1.95224,-18.86229,26.0883,-24.15688,BOC_EAG,VIR_TEC,HarringtonVillage,D1,ACC,20260412-HarringtonVillage-1,e426c460-369c-11f1-85bd-1b9279e81419,90.06015,2.38988,,7.44196,,,,1.21379,2.38988,0.66313,b439a363-5661-400d-8b76-3a48f938d72a,2026-04-12,18:24:48.99,2026-04-12T14:24:48.9981440-04:00,2026-04-12T18:24:48.9981440Z,GroundBall,v3,227,2293,26587,"Cooke, Henry",805714,Right,VIR_TEC,c30887b9-0f90-4df4-94ed-2bf1790b0430,54.47105,-132.21261,13.04415,4.99733,-1.13258,-12.07844,-2.72698,12.01704,-9.43115,,1.21257,113.01097,,,,,,,,2.39064,-70.70422,,,,,,,,0.6629,20.7849,,,,,,,,,,,,,,,,,,,,,,,,,,,,,,High,High,High,Estimated,Estimated,,,,237.18415,-0.104093,2219.190802,0.999998,2:00,-0.041156,-0.840372,-0.540445,75.462364,46.691879,82.728472,135.072375,75.064698,0.182011,0.966217,-0.182471,79.305571,10.486916,0.966217,0.182011,0.182471,-79.305571,-10.486916,-0.966217,-0.182011,0.182471,-135.072375,-75.064698,-0.182011,-0.966217,-0.182471,73.95651,-4.23386,15.31235
142,2026-04-12,14:25:24.95,2,1,"Robertson, Aiden",833405,Right,VIR_TEC,"Mainolfi, Ty",839397,Left,BOC_EAG,Undefined,4,Bottom,1,0,0,ChangeUp,Changeup,InPlay,Undefined,GroundBall,Out,1,0,,85.01318,0.300506,-5.109657,2025.604971,266.602028,3:00,4.80993,2.86734,5.81652,-36.14518,2.36169,21.40044,2.07836,-0.11285,78.60093,-6.333606,-1.290768,0.446622,92.86759,-8.997239,41.901956,,,,,16.11007,15.26063,36.702575,0.106185,-12.26843,1.42063,-2.46134,50,4.8127,10.1832,-123.26863,-0.57764,-19.11536,21.60529,-29.96056,BOC_EAG,VIR_TEC,HarringtonVillage,D1,ACC,20260412-HarringtonVillage-1,f992c6a0-369c-11f1-85bd-1b9279e81419,84.39443,2.2654,,6.41225,,,,2.26723,2.2654,0.07291,b439a363-5661-400d-8b76-3a48f938d72a,2026-04-12,18:25:24.95,2026-04-12T14:25:24.9580032-04:00,2026-04-12T18:25:24.9580032Z,GroundBall,v3,227,2293,26587,"Cooke, Henry",805714,Right,VIR_TEC,452fcd65-01db-4779-9218-e01b0d7ee71f,54.68658,-124.08733,10.80264,4.81308,0.55767,-14.98028,-2.86094,10.90755,-9.55768,180,2.26453,100.28697,,,,,,,,2.26597,-21.33438,,,,,,,,0.07048,89.98853,,,,,,,,,,,,,,,,,,,,,,,,,,,,,,High,High,High,High,High,,,,263.370339,-17.417858,1932.725059,0.954147,2:45,0.283383,-0.949324,-0.135936,8.293517,41.870423,-80.227532,159.74321,55.423119,0.196489,0.823365,-0.532411,57.112159,11.331692,0.823365,0.196489,0.532411,-57.112159,-11.331692,-0.823365,-0.196489,0.532411,-159.74321,-55.423119,-0.196489,-0.823365,-0.532411,73.01937,12.35944,24.55021
143,2026-04-12,14:26:02.18,3,1,"Robertson, Aiden",833405,Right,VIR_TEC,"Wang, Nick",813482,Right,BOC_EAG,Undefined,4,Bottom,2,0,0,Sinker,Sinker,StrikeCalled,Undefined,Undefined,Undefined,0,0,,91.61149,-0.358074,-5.658156,2186.845148,253.56725,2:30,4.96376,2.85095,5.95585,-26.72604,7.06642,19.88722,2.40289,-0.75606,82.69968,-5.348981,-2.107187,0.41839,,,,,,,,,,,,-11.8754,4.09331,-2.41094,50,4.9204,12.23744,-132.3856,-1.75526,-20.85885,30.96919,-24.98426,BOC_EAG,VIR_TEC,HarringtonVillage,D1,ACC,20260412-HarringtonVillage-1,0fcb1990-369d-11f1-85bd-1b9279e81419,90.08922,,,8.91182,,,,,,,b439a363-5661-400d-8b76-3a48f938d72a,2026-04-12,18:26:02.18,2026-04-12T14:26:02.1854720-04:00,2026-04-12T18:26:02.1854720Z,,v3,227,2293,26587,"Cooke, Henry",805714,Right,VIR_TEC,2af7256f-11ed-4f9e-9d40-dcfe3e798d01,54.54198,-133.44389,15.4846,4.96579,-0.9015,-12.49213,-2.8413,12.95023,-10.42942,,,,,,,,,,,,,,,,,,,,,,,,,,,,,,,,,,,,,,,,,,,,,,,,,,,High,High,High,,,,,,239.558949,0.22624,2186.8281,0.999992,2:00,-0.048519,-0.862152,-0.504321,87.013108,40.912771,-79.273726,144.122265,74.494196,0.156674,0.963603,-0.216614,77.330742,9.013911,0.963603,0.156674,0.216614,-77.330742,-9.013911,-0.963603,-0.156674,0.216614,-144.122265,-74.494196,-0.156674,-0.963603,-0.216614,,,
144,2026-04-12,14:26:18.50,3,2,"Robertson, Aiden",833405,Right,VIR_TEC,"Wang, Nick",813482,Right,BOC_EAG,Undefined,4,Bottom,2,0,1,Cutter,Slider,BallCalled,Undefined,Undefined,Undefined,0,0,,84.68389,1.256784,-4.125267,2510.11164,149.811388,11:00,4.86594,3.0513,5.88186,-33.60132,5.65296,-2.56236,3.23616,-0.99981,77.25471,-4.966233,-4.582622,0.450936,,,,,,,,,,,,0.12051,2.92543,-2.71631,50,4.94841,8.95056,-122.65552,1.58813,0.18301,24.94664,-27.73096,BOC_EAG,VIR_TEC,HarringtonVillage,D1,ACC,20260412-HarringtonVillage-1,198e7d50-369d-11f1-85bd-1b9279e81419,83.58714,,,7.42918,,,,,,,b439a363-5661-400d-8b76-3a48f938d72a,2026-04-12,18:26:18.50,2026-04-12T14:26:18.5075200-04:00,2026-04-12T18:26:18.5075200Z,,v3,227,2293,26587,"Cooke, Henry",805714,Right,VIR_TEC,c7eb9c8a-5762-448f-a53d-9d0c6df59581,54.61526,-123.59064,12.47332,4.8694,2.62762,-13.86548,-3.05169,8.9437,0.09151,,,,,,,,,,,,,,,,,,,,,,,,,,,,,,,,,,,,,,,,,,,,,,,,,,,High,High,High,,,,,,214.588163,72.650879,748.498486,0.298193,1:15,-0.973166,-0.1483,-0.175938,-15.054954,65.444398,27.450646,164.276763,-33.029204,0.227197,-0.545066,-0.807022,34.035282,-13.132091,0.545066,-0.227197,0.807022,-34.035282,13.132091,-0.545066,0.227197,0.807022,-164.276763,33.029204,-0.227197,0.545066,-0.807022,,,
145,2026-04-12,14:26:36.12,3,3,"Robertson, Aiden",833405,Right,VIR_TEC,"Wang, Nick",813482,Right,BOC_EAG,Undefined,4,Bottom,2,1,1,Sweeper,Slider,StrikeCalled,Undefined,Undefined,Undefined,0,0,,79.10469,2.445287,-2.270601,2567.402758,78.894438,8:45,4.82381,3.12438,5.48096,-48.26046,-2.58748,-20.51178,3.09323,-0.71053,72.31112,-6.369766,-5.913047,0.486408,,,,,,,,,,,,9.62138,-1.55591,-2.91103,50,5.00602,5.36576,-114.68181,3.25401,12.73183,22.47012,-34.23296,BOC_EAG,VIR_TEC,HarringtonVillage,D1,ACC,20260412-HarringtonVillage-1,240ea160-369d-11f1-85bd-1b9279e81419,77.49137,,,6.79357,,,,,,,b439a363-5661-400d-8b76-3a48f938d72a,2026-04-12,18:26:36.12,2026-04-12T14:26:36.1249280-04:00,2026-04-12T18:26:36.1249280Z,,v3,227,2293,26587,"Cooke, Henry",805714,Right,VIR_TEC,5477da04-3aed-47ad-b1a7-3b0593cb0355,55.01918,-115.66106,11.23506,4.8317,4.74589,-17.11648,-3.13278,4.81091,6.36592,,,,,,,,,,,,,,,,,,,,,,,,,,,,,,,,,,,,,,,,,,,,,,,,,,,High,High,High,,,,,,57.98673,62.720447,1176.723883,0.458332,8:00,-0.86108,0.426198,0.277302,-54.509717,57.802733,-2.614358,92.597337,-45.257589,0.703197,-0.710279,-0.031899,87.428523,-44.684106,0.710279,-0.703197,0.031899,-87.428523,44.684106,-0.710279,0.703197,0.031899,-92.597337,45.257589,-0.703197,0.710279,-0.031899,,,
146,2026-04-12,14:26:55.02,3,4,"Robertson, Aiden",833405,Right,VIR_TEC,"Wang, Nick",813482,Right,BOC_EAG,Undefined,4,Bottom,2,1,2,Sinker,Sinker,StrikeCalled,Strikeout,Undefined,Undefined,0,0,,92.39052,-0.61641,-6.023104,2177.87271,243.619696,2:00,5.00953,2.78947,6.09929,-21.38883,11.74879,21.2606,2.65385,-1.02993,83.15524,-4.665926,-2.221178,0.414316,,,,,,,,,,,,-12.73804,6.58894,-2.33497,50,4.95068,13.13755,-133.42174,-2.12247,-22.69082,31.86214,-20.4369,BOC_EAG,VIR_TEC,HarringtonVillage,D1,ACC,20260412-HarringtonVillage-1,2f3d06d0-369d-11f1-85bd-1b9279e81419,90.975,,,9.23529,,,,,,,b439a363-5661-400d-8b76-3a48f938d72a,2026-04-12,18:26:55.02,2026-04-12T14:26:55.0200000-04:00,2026-04-12T18:26:55.0200000Z,,v3,227,2293,26587,"Cooke, Henry",805714,Right,VIR_TEC,0d7199de-870c-434b-b749-a7809f017209,54.39786,-134.46788,15.93107,5.00935,-1.45146,-10.21845,-2.77855,13.88256,-11.34541,,,,,,,,,,,,,,,,,,,,,,,,,,,,,67.40428,3.010491,1.989837,1.020654,-1.21261,2.43372,1.12759,0.03319,5.84406,3.03053,67.04179,4.20681,-57.74615,0.0472,68.86147,-3.15725,5.88192,12.25734,-13.61647,2.93267,-68.4357,8.80261,High,High,High,,,High,Medium,High,236.455144,6.247463,2164.938669,0.994061,2:00,-0.15699,-0.829627,-0.535793,77.661719,50.300515,81.194079,152.126935,74.275249,0.126704,0.962575,-0.239574,76.023672,7.27917,0.962575,0.126704,0.239574,-76.023672,-7.27917,-0.962575,-0.126704,0.239574,-152.126935,-74.275249,-0.126704,-0.962575,-0.239574,,,
147,2026-04-12,14:29:02.69,1,1,"Mudd, Tyler",809052,Left,BOC_EAG,"Ball, Ethan",831482,Left,VIR_TEC,Undefined,5,Top,0,0,0,Fastball,Changeup,FoulBallNotFieldable,Undefined,Undefined,Undefined,0,0,,84.70633,-1.659536,1.454283,2070.124518,152.370953,11:00,5.8221,-1.04132,5.65519,-17.86446,21.696,-10.6467,2.78476,-0.57198,76.91866,-5.069106,-0.447673,0.452691,,,,,,,,,,,,5.85886,11.91965,0.92516,50,5.67058,-2.6815,-122.86093,-4.06019,8.89006,25.99773,-14.08753,BOC_EAG,VIR_TEC,HarringtonVillage,D1,ACC,20260412-HarringtonVillage-1,7b5a8010-369d-11f1-85bd-1b9279e81419,83.26304,,,7.78766,,,,,,,b439a363-5661-400d-8b76-3a48f938d72a,2026-04-12,18:29:02.69,2026-04-12T14:29:02.6931200-04:00,2026-04-12T18:29:02.6931200Z,,v3,227,2293,26587,"Johnson, Gunnar",1000100233,Right,BOC_EAG,7fc961da-97f1-4478-9946-0fa2e03454e2,54.84239,-123.88135,12.99887,5.81909,-3.50725,-7.04376,1.03726,-3.03044,4.44503,,,,,,,,,,,,,,,,,,,,,,,,,,,,,,,,,,,,,,,,,,,,,,,,,,,High,High,High,,,,,,152.149233,-8.191373,2049.004475,0.989798,11:00,0.151198,0.466336,-0.87159,4.775495,-30.761972,63.048111,178.284227,0.41972,0.029941,0.007325,-0.999525,0.419908,1.715727,0.007325,0.029941,0.999525,-0.419908,-1.715727,-0.007325,-0.029941,0.999525,-178.284227,-0.41972,-0.029941,-0.007325,-0.999525,,,
148,2026-04-12,14:29:22.14,1,2,"Mudd, Tyler",809052,Left,BOC_EAG,"Ball, Ethan",831482,Left,VIR_TEC,Undefined,5,Top,0,0,1,Fastball,Four-Seam,InPlay,Undefined,Popup,Out,1,0,,86.25932,-1.283025,1.264517,2071.690708,161.833759,11:30,5.88488,-0.87801,5.75056,-16.38186,21.48926,-6.64079,3.3248,-0.25403,78.52733,-4.421043,0.076129,0.44292,67.96145,45.391583,-18.11236,3446.399193,100.2213,75.77335,-45.33961,195.32342,191.89595,-27.610709,4.548108,3.75414,11.6956,0.77718,50,5.76858,-2.48816,-125.19636,-3.25357,5.93583,26.17439,-13.6817,BOC_EAG,VIR_TEC,HarringtonVillage,D1,ACC,20260412-HarringtonVillage-1,86f16b50-369d-11f1-85bd-1b9279e81419,85.09985,75.76882,,7.73198,,,,0.57944,3.26585,0.25961,b439a363-5661-400d-8b76-3a48f938d72a,2026-04-12,18:29:22.14,2026-04-12T14:29:22.1440512-04:00,2026-04-12T18:29:22.1440512Z,Popup,v3,227,2293,26587,"Johnson, Gunnar",1000100233,Right,BOC_EAG,16d440a5-ada9-46e1-81e7-5a8151df7949,54.74693,-126.18488,13.08719,5.8817,-2.73685,-6.84085,0.87538,-2.71233,2.96791,157.225365,0.5825,66.45428,-14.30667,2.83986,0.02902,-0.24199,0.07556,-0.01001,0.0005,3.26484,70.98041,-19.54907,1.42587,-0.21068,-0.02067,0.02605,-0.00568,0.0004,0.26001,-21.77258,-0.2835,0.29922,0.0217,-0.0514,0.01666,-0.0023,0.00012,,,,,,,,,,,,,,,,,,,,,,,High,High,High,High,Medium,,,,155.74205,-10.895616,2034.344712,0.981973,11:15,0.199653,0.40757,-0.891081,10.823067,-17.102663,42.141629,171.910262,-1.023479,0.140701,-0.017862,-0.989891,1.033763,-8.088438,0.017862,-0.140701,0.989891,-1.033763,8.088438,-0.017862,0.140701,0.989891,-171.910262,1.023479,-0.140701,0.017862,-0.989891,,,
149,2026-04-12,14:29:52.82,2,1,"Mudd, Tyler",809052,Left,BOC_EAG,"Cooke, Henry",805714,Right,VIR_TEC,Undefined,5,Top,1,0,0,Slider,Slider,StrikeCalled,Undefined,Undefined,Undefined,0,0,,79.3193,0.833972,1.703582,2119.42544,263.872859,2:45,5.13424,-1.90983,5.31996,-43.74833,1.75579,2.78886,2.27159,-0.07821,72.59083,-7.152947,2.198868,0.485508,,,,,,,,,,,,-0.90929,1.07693,1.75348,50,5.17819,-3.53474,-115.07051,0.16907,-1.21542,21.96559,-30.73455,BOC_EAG,VIR_TEC,HarringtonVillage,D1,ACC,20260412-HarringtonVillage-1,994b72a0-369d-11f1-85bd-1b9279e81419,77.635,,,6.72847,,,,,,,b439a363-5661-400d-8b76-3a48f938d72a,2026-04-12,18:29:52.82,2026-04-12T14:29:52.8231936-04:00,2026-04-12T18:29:52.8231936Z,,v3,227,2293,26587,"Johnson, Gunnar",1000100233,Right,BOC_EAG,e835c558-d60c-48dd-96ea-847704adddc6,55.17837,-116.05479,10.9828,5.13976,1.54629,-15.36728,1.91066,-3.48028,-0.60771,,,,,,,,,,,,,,,,,,,,,,,,,,,,,,,,,,,,,,,,,,,,,,,,,,,High,High,High,,,,,,130.772285,-81.70193,305.881557,0.144323,10:15,0.993381,0.094883,-0.064747,-29.754234,37.444715,-57.67892,133.808078,23.4469,0.662074,0.397899,-0.635086,32.068296,41.45827,0.397899,0.662074,0.635086,-32.068296,-41.45827,-0.397899,-0.662074,0.635086,-133.808078,-23.4469,-0.662074,-0.397899,-0.635086,,,
150,2026-04-12,14:30:08.43,2,2,"Mudd, Tyler",809052,Left,BOC_EAG,"Cooke, Henry",805714,Right,VIR_TEC,Undefined,5,Top,1,0,1,Sinker,Sinker,InPlay,Undefined,FlyBall,HomeRun,0,1,,87.50697,-0.644834,2.824006,2048.615596,130.413153,10:15,5.25511,-1.5029,5.91161,-22.92332,13.20068,-14.28682,2.74559,-0.07029,80.73971,-4.926203,0.261712,0.432583,104.50764,24.618474,-30.904423,2694.422929,90.22693,45.80904,-62.92124,361.83284,293.10875,-44.623603,4.232569,8.09445,7.25595,1.28473,50,5.19015,-5.70232,-127.15944,-2.1625,13.38725,23.60713,-20.17363,BOC_EAG,VIR_TEC,HarringtonVillage,D1,ACC,20260412-HarringtonVillage-1,a295aec0-369d-11f1-85bd-1b9279e81419,87.13347,61.66413,,6.76726,,,,2.36869,2.81467,0.15955,b439a363-5661-400d-8b76-3a48f938d72a,2026-04-12,18:30:08.43,2026-04-12T14:30:08.4356096-04:00,2026-04-12T18:30:08.4356096Z,FlyBall,v3,227,2293,26587,"Johnson, Gunnar",1000100233,Right,BOC_EAG,6955d5dc-4776-45a5-90c3-0d32f2a902ba,54.58938,-128.00862,11.80357,5.25488,-1.43682,-10.08682,1.49851,-6.18388,6.69362,128.582186,2.36771,119.58819,-31.73486,9.07212,-2.45984,0.64285,-0.14051,0.01928,-0.00112,2.8158,63.82261,-18.66461,0.22262,0.60044,-0.28811,0.07447,-0.00961,0.00048,0.15998,-71.5821,1.26895,1.67415,-0.70057,0.14974,-0.01446,-0.00043,0.00013,,,,,,,,,,,,,,,,,,,,,,,High,High,High,High,Medium,,,,137.104436,-19.155673,1935.184806,0.944631,10:30,0.354584,0.646628,-0.675383,-75.641443,47.971601,-86.471431,98.913745,4.816582,0.984434,0.083966,-0.1544,28.53832,79.877414,0.083966,0.984434,0.1544,-28.53832,-79.877414,-0.083966,-0.984434,0.1544,-98.913745,-4.816582,-0.984434,-0.083966,-0.1544,76.7833,18.90365,-24.19438
151,2026-04-12,14:30:54.67,3,1,"Mudd, Tyler",809052,Left,BOC_EAG,"Lutterman, Hudson",824567,Right,VIR_TEC,Undefined,5,Top,1,0,0,Slider,Slider,StrikeCalled,Undefined,Undefined,Undefined,0,0,,78.6637,0.925683,1.48666,2067.901796,271.185685,3:00,5.14289,-1.98375,5.40285,-45.16148,1.55862,5.84748,2.24719,-0.10313,71.12381,-7.363373,2.526829,0.491953,,,,,,,,,,,,-2.43504,1.01197,1.84714,50,5.19423,-3.19504,-113.9664,0.31282,-3.14991,24.15693,-30.865,BOC_EAG,VIR_TEC,HarringtonVillage,D1,ACC,20260412-HarringtonVillage-1,be2c84b0-369d-11f1-85bd-1b9279e81419,76.61804,,,7.53988,,,,,,,b439a363-5661-400d-8b76-3a48f938d72a,2026-04-12,18:30:54.67,2026-04-12T14:30:54.6703360-04:00,2026-04-12T18:30:54.6703360Z,,v3,227,2293,26587,"Johnson, Gunnar",1000100233,Right,BOC_EAG,88f091c5-04d9-476b-8d68-bede349294df,55.09285,-115.04084,12.07847,5.14979,1.68562,-15.4325,1.98613,-3.05494,-1.57496,,,,,,,,,,,,,,,,,,,,,,,,,,,,,,,,,,,,,,,,,,,,,,,,,,,High,High,High,,,,,,107.568343,-84.425381,200.880173,0.097142,9:30,0.997062,0.07652,-0.003455,-19.283367,40.797622,-48.285194,135.609134,27.487377,0.620579,0.461553,-0.633917,36.058274,38.358434,0.461553,0.620579,0.633917,-36.058274,-38.358434,-0.461553,-0.620579,0.633917,-135.609134,-27.487377,-0.620579,-0.461553,-0.633917,,,
152,2026-04-12,14:31:04.65,3,2,"Mudd, Tyler",809052,Left,BOC_EAG,"Lutterman, Hudson",824567,Right,VIR_TEC,Undefined,5,Top,1,0,1,ChangeUp,Changeup,StrikeSwinging,Undefined,Undefined,Undefined,0,0,,81.63481,-2.367529,2.071063,1463.085824,160.895459,11:15,5.8455,-1.15913,5.75766,-25.09442,17.28336,-5.4941,1.54786,0.31166,74.57096,-7.061943,1.087667,0.468533,,,,,,,,,,,,3.40988,9.92422,0.99083,50,5.63395,-4.06591,-118.35735,-5.63904,4.81618,23.49409,-18.15685,BOC_EAG,VIR_TEC,HarringtonVillage,D1,ACC,20260412-HarringtonVillage-1,c411c3e0-369d-11f1-85bd-1b9279e81419,80.44773,,,7.06384,,,,,,,b439a363-5661-400d-8b76-3a48f938d72a,2026-04-12,18:31:04.65,2026-04-12T14:31:04.6563840-04:00,2026-04-12T18:31:04.6563840Z,,v3,227,2293,26587,"Johnson, Gunnar",1000100233,Right,BOC_EAG,e264f44d-cfe1-4f32-9dc0-207afe4310b4,54.73974,-119.29449,11.74705,5.84444,-4.9148,-9.07843,1.15684,-4.25802,2.40809,,,,,,,,,,,,,,,,,,,,,,,,,,,,,,,,,,,,,,,,,,,,,,,,,,,High,High,High,,,,,,151.904638,-3.083573,1460.967471,0.998552,11:00,0.066132,0.472079,-0.879072,-83.437645,-0.808331,-64.516993,100.167366,-24.221244,0.897647,-0.410261,-0.160984,68.575214,-63.850453,0.410261,-0.897647,0.160984,-68.575214,63.850453,-0.410261,0.897647,0.160984,-100.167366,24.221244,-0.897647,0.410261,-0.160984,,,
153,2026-04-12,14:31:19.79,3,3,"Mudd, Tyler",809052,Left,BOC_EAG,"Lutterman, Hudson",824567,Right,VIR_TEC,Undefined,5,Top,1,0,2,Fastball,Four-Seam,FoulBallNotFieldable,Undefined,Undefined,Undefined,0,0,,88.14832,-1.799005,2.571673,2085.779785,154.157143,11:15,5.6445,-0.94387,5.96636,-18.58899,17.33934,-7.83717,2.4252,0.78903,80.54015,-5.322403,1.164739,0.43141,96.19439,23.71015,-43.053956,2712.391923,73.8888,39.83359,-81.48828,286.50549,210.61718,-56.286096,3.517856,4.7837,9.78201,0.74448,50,5.49149,-5.42913,-127.91658,-4.56893,7.91565,26.70944,-15.98762,BOC_EAG,VIR_TEC,HarringtonVillage,D1,ACC,20260412-HarringtonVillage-1,cd1f6c30-369d-11f1-85bd-1b9279e81419,87.37043,46.12748,,7.60817,,,,2.328,2.59116,-0.86727,b439a363-5661-400d-8b76-3a48f938d72a,2026-04-12,18:31:19.79,2026-04-12T14:31:19.7920768-04:00,2026-04-12T18:31:19.7920768Z,LineDrive,v3,227,2293,26587,"Johnson, Gunnar",1000100233,Right,BOC_EAG,bc6f4f80-804a-4c28-a4aa-d731771dff1b,54.53284,-128.85958,13.35472,5.64283,-4.00448,-7.99381,0.94109,-5.7086,3.95782,,2.3278,94.39623,-28.51145,8.10174,-2.09787,0.48358,-0.0942,0.01193,-0.00066,2.59132,56.72715,-20.62967,1.43595,0.02118,-0.07003,0.02046,-0.00213,2E-05,-0.86701,-88.19534,6.36666,0.59759,-0.49306,0.13168,-0.01809,0.00108,-2E-05,,,,,,,,,,,,,,,,,,,,,,,High,High,High,High,Medium,,,,152.891127,-15.921807,2005.76295,0.961637,11:00,0.298579,0.446597,-0.843446,19.846017,-23.647353,40.49567,172.077631,-11.269379,0.135174,-0.195422,-0.971359,11.375155,-7.768667,0.195422,-0.135174,0.971359,-11.375155,7.768667,-0.195422,0.135174,0.971359,-172.077631,11.269379,-0.135174,0.195422,-0.971359,73.6083,16.10338,-30.72618
154,2026-04-12,14:31:38.11,3,4,"Mudd, Tyler",809052,Left,BOC_EAG,"Lutterman, Hudson",824567,Right,VIR_TEC,Undefined,5,Top,1,0,2,ChangeUp,Changeup,StrikeSwinging,Strikeout,Undefined,Undefined,0,0,,82.18232,-2.773833,1.790045,1515.766419,148.741746,11:00,5.81969,-1.15772,5.89161,-29.26864,12.33827,-6.64977,0.80191,-0.0493,75.25644,-8.20615,0.595383,0.464252,,,,,,,,,,,,3.95811,7.53906,1.01746,50,5.57918,-3.47242,-119.18378,-6.67121,5.66585,23.93776,-21.38229,BOC_EAG,VIR_TEC,HarringtonVillage,D1,ACC,20260412-HarringtonVillage-1,d7ff1560-369d-11f1-85bd-1b9279e81419,81.18953,,,6.92587,,,,,,,b439a363-5661-400d-8b76-3a48f938d72a,2026-04-12,18:31:38.11,2026-04-12T14:31:38.1120000-04:00,2026-04-12T18:31:38.1120000Z,,v3,227,2293,26587,"Johnson, Gunnar",1000100233,Right,BOC_EAG,c11482ca-7c10-49b1-a530-09265b1848b3,54.6071,-120.10554,11.96888,5.82021,-5.84785,-10.69115,1.15537,-3.69059,2.83292,,,,,,,,,,,,,,,,,,,,,,,,,,,,,50.22663,,,1.407422,,,,1.39777,5.65386,2.57448,68.34289,1.86896,56.44085,1.49011,54.5253,-5.04782,5.77132,18.81927,-15.42458,2.63883,43.43694,-3.7406,High,High,High,,,High,High,High,150.718965,3.600578,1512.77444,0.998026,11:00,-0.059115,0.484517,-0.872782,47.437728,-83.319978,-12.699215,108.501563,-20.878591,0.886046,-0.356389,-0.296494,50.241604,-62.380576,0.356389,-0.886046,0.296494,-50.241604,62.380576,-0.356389,0.886046,0.296494,-108.501563,20.878591,-0.886046,0.356389,-0.296494,,,
155,2026-04-12,14:32:00.62,4,1,"Mudd, Tyler",809052,Left,BOC_EAG,"Grube, Sam",838742,Left,VIR_TEC,Undefined,5,Top,2,0,0,Slider,Slider,StrikeCalled,Undefined,Undefined,Undefined,0,0,,80.02383,0.243271,1.012817,2231.427312,263.64092,2:45,5.08383,-2.03557,5.58895,-42.27754,2.14228,5.93374,1.7879,-0.59526,73.00094,-7.521473,2.072792,0.479689,,,,,,,,,,,,-2.69532,1.46016,1.9447,50,5.07734,-2.288,-116.12859,-0.91777,-3.65088,23.39078,-30.19623,BOC_EAG,VIR_TEC,HarringtonVillage,D1,ACC,20260412-HarringtonVillage-1,e588f700-369d-11f1-85bd-1b9279e81419,78.5768,,,7.02289,,,,,,,b439a363-5661-400d-8b76-3a48f938d72a,2026-04-12,18:32:00.62,2026-04-12T14:32:00.6277120-04:00,2026-04-12T18:32:00.6277120Z,,v3,227,2293,26587,"Johnson, Gunnar",1000100233,Right,BOC_EAG,19cb100c-4be3-4fde-972c-2e1cd95938df,54.90876,-117.11315,11.69539,5.08922,0.35324,-15.09811,2.03777,-2.13433,-1.82544,,,,,,,,,,,,,,,,,,,,,,,,,,,,,,,,,,,,,,,,,,,,,,,,,,,High,High,High,,,,,,129.855252,-80.149164,381.760923,0.171084,10:15,0.987589,0.127151,-0.092197,-23.941296,41.323689,-48.013098,134.360034,29.079932,0.624834,0.486029,-0.61103,38.499669,38.670035,0.486029,0.624834,0.61103,-38.499669,-38.670035,-0.486029,-0.624834,0.61103,-134.360034,-29.079932,-0.624834,-0.486029,-0.61103,,,
156,2026-04-12,14:32:11.19,4,2,"Mudd, Tyler",809052,Left,BOC_EAG,"Grube, Sam",838742,Left,VIR_TEC,Undefined,5,Top,2,0,1,Slider,Slider,BallCalled,Undefined,Undefined,Undefined,0,0,,79.45137,0.210833,1.209574,2200.412142,305.4413,4:15,5.14681,-1.86716,5.42125,-48.53337,-2.91681,6.33583,1.2999,-0.20601,72.23946,-8.64705,2.338587,0.486108,,,,,,,,,,,,-2.8063,-1.08665,1.75522,50,5.13182,-2.68566,-115.21583,-1.2471,-3.71738,24.31154,-33.61349,BOC_EAG,VIR_TEC,HarringtonVillage,D1,ACC,20260412-HarringtonVillage-1,ebc3f750-369d-11f1-85bd-1b9279e81419,77.53925,,,7.21191,,,,,,,b439a363-5661-400d-8b76-3a48f938d72a,2026-04-12,18:32:11.19,2026-04-12T14:32:11.1933952-04:00,2026-04-12T18:32:11.1933952Z,,v3,227,2293,26587,"Johnson, Gunnar",1000100233,Right,BOC_EAG,d3895e7d-280d-43a6-bffd-442e6d8dae92,55.07716,-116.28222,12.15577,5.15418,0.22731,-16.80675,1.86944,-2.52261,-1.85869,,,,,,,,,,,,,,,,,,,,,,,,,,,,,,,,,,,,,,,,,,,,,,,,,,,High,High,High,,,,,,106.329896,-86.373393,139.18482,0.063254,9:30,0.998367,0.057029,0.003291,-16.83179,31.717105,-49.011118,129.092057,31.277224,0.663335,0.519179,-0.538925,43.930923,41.55469,0.519179,0.663335,0.538925,-43.930923,-41.55469,-0.519179,-0.663335,0.538925,-129.092057,-31.277224,-0.663335,-0.519179,-0.538925,,,
157,2026-04-12,14:32:24.71,4,3,"Mudd, Tyler",809052,Left,BOC_EAG,"Grube, Sam",838742,Left,VIR_TEC,Undefined,5,Top,2,1,1,Slider,Slider,InPlay,Undefined,Popup,Out,1,0,,79.37335,0.216312,2.569198,2329.610259,284.150958,3:30,5.11683,-2.03702,5.58837,-45.24408,0.31102,5.16126,1.54868,0.79375,72.00752,-8.085567,3.489776,0.48578,82.26796,43.475456,-15.830071,,100.62504,88.86234,-44.43646,225.38327,121.25578,-29.558467,5.14982,-1.78559,0.53429,1.81287,50,5.10605,-5.3622,-115.0137,-1.06396,-2.35338,24.52592,-31.46988,BOC_EAG,VIR_TEC,HarringtonVillage,D1,ACC,20260412-HarringtonVillage-1,f3d1e2e0-369d-11f1-85bd-1b9279e81419,77.5915,93.99765,,7.36583,,,,1.62128,1.64649,-0.79321,b439a363-5661-400d-8b76-3a48f938d72a,2026-04-12,18:32:24.71,2026-04-12T14:32:24.7171584-04:00,2026-04-12T18:32:24.7171584Z,FlyBall,v3,227,2293,26587,"Johnson, Gunnar",1000100233,Right,BOC_EAG,d0769e7b-144e-4598-84a9-d193182128b0,54.90938,-116.05587,12.26296,5.12285,0.27328,-15.73494,2.0386,-5.2622,-1.17669,155.570128,1.62687,84.1041,-24.59718,6.06463,-0.63628,-0.1797,0.0816,-0.01196,0.00063,1.63805,83.1808,-21.82777,1.95835,-0.48502,0.13088,-0.01637,0.00025,6E-05,-0.79115,-23.93174,-1.60318,1.16968,-0.2186,-0.01876,0.01565,-0.00252,0.00013,,,,,,,,,,,,,,,,,,,,,,,High,High,High,High,Medium,,,,118.26826,-78.957551,446.204702,0.191536,10:00,0.985194,0.164987,-0.046596,-7.145563,46.392047,-35.632877,131.168286,31.301833,0.643206,0.519546,-0.562456,42.728974,40.031337,0.519546,0.643206,0.562456,-42.728974,-40.031337,-0.519546,-0.643206,0.562456,-131.168286,-31.301833,-0.643206,-0.519546,-0.562456,,,
158,2026-04-12,14:34:47.24,1,1,"Robertson, Aiden",833405,Right,VIR_TEC,"Toomey, Jack",809057,Right,BOC_EAG,Undefined,5,Bottom,0,0,0,ChangeUp,Changeup,StrikeCalled,Undefined,Undefined,Undefined,0,0,,83.63616,1.075574,-5.57732,2202.072931,259.205955,2:45,4.96256,2.89272,5.87926,-34.81604,5.01729,20.25769,3.06498,-0.61521,77.03484,-5.341913,-1.9655,0.45425,,,,,,,,,,,,-11.71658,2.66429,-2.45261,50,5.02957,11.02589,-121.1181,1.13904,-17.603,21.12708,-28.1712,BOC_EAG,VIR_TEC,HarringtonVillage,D1,ACC,20260412-HarringtonVillage-1,48c8d510-369e-11f1-85bd-1b9279e81419,82.97733,,,6.60133,,,,,,,b439a363-5661-400d-8b76-3a48f938d72a,2026-04-12,18:34:47.24,2026-04-12T14:34:47.2477184-04:00,2026-04-12T18:34:47.2477184Z,,v3,227,2293,26587,"Cooke, Henry",805714,Right,VIR_TEC,8977dd6d-3221-4180-8263-a3432787d434,54.62205,-121.92167,10.56354,4.96587,2.21054,-14.0856,-2.88471,11.69542,-8.8015,,,,,,,,,,,,,,,,,,,,,,,,,,,,,,,,,,,,,,,,,,,,,,,,,,,High,High,High,,,,,,257.026287,-16.275295,2113.827547,0.959926,2:30,0.240456,-0.940518,-0.240013,-2.47678,38.271021,-86.906241,157.264817,63.65575,0.171502,0.896144,-0.409283,65.453054,9.87518,0.896144,0.171502,0.409283,-65.453054,-9.87518,-0.896144,-0.171502,0.409283,-157.264817,-63.65575,-0.171502,-0.896144,-0.409283,,,
159,2026-04-12,14:35:01.39,1,2,"Robertson, Aiden",833405,Right,VIR_TEC,"Toomey, Jack",809057,Right,BOC_EAG,Undefined,5,Bottom,0,0,1,Sweeper,Curveball,BallCalled,Undefined,Undefined,Undefined,0,0,,79.35858,1.285671,-3.506387,2596.481254,60.527035,8:00,4.77209,3.25206,5.59022,-51.83558,-6.33914,-13.89678,1.6554,-1.18416,72.39526,-8.164,-5.97804,0.485467,,,,,,,,,,,,5.92933,-3.16173,-2.94161,50,4.84901,7.58744,-114.95507,0.82706,7.83273,23.8526,-36.35074,BOC_EAG,VIR_TEC,HarringtonVillage,D1,ACC,20260412-HarringtonVillage-1,51438c30-369e-11f1-85bd-1b9279e81419,77.64154,,,6.96332,,,,,,,b439a363-5661-400d-8b76-3a48f938d72a,2026-04-12,18:35:01.39,2026-04-12T14:35:01.3968384-04:00,2026-04-12T18:35:01.3968384Z,,v3,227,2293,26587,"Cooke, Henry",805714,Right,VIR_TEC,f358ba0d-143c-4724-b3fa-dc6f379989f0,54.90965,-115.96932,11.9263,4.78098,2.37275,-18.17537,-3.25716,7.25438,3.91636,,,,,,,,,,,,,,,,,,,,,,,,,,,,,,,,,,,,,,,,,,,,,,,,,,,High,High,High,,,,,,60.342406,68.611747,946.900061,0.364686,8:00,-0.91102,0.337724,0.236613,-64.871153,51.736743,-10.491494,97.77517,-38.177182,0.778876,-0.618095,-0.106349,80.237332,-51.157789,0.618095,-0.778876,0.106349,-80.237332,51.157789,-0.618095,0.778876,0.106349,-97.77517,38.177182,-0.778876,0.618095,-0.106349,,,
160,2026-04-12,14:35:16.51,1,3,"Robertson, Aiden",833405,Right,VIR_TEC,"Toomey, Jack",809057,Right,BOC_EAG,Undefined,5,Bottom,0,1,1,Sweeper,Slider,BallCalled,Undefined,Undefined,Undefined,0,0,,79.44163,1.770141,-0.742058,2637.278254,84.196365,8:45,4.85894,3.12419,5.46187,-44.98325,-0.25437,-15.20272,2.76782,1.1627,73.27303,-6.439634,-3.448157,0.481355,,,,,,,,,,,,7.44851,-0.17244,-3.04824,50,4.98402,2.0988,-115.40886,2.02927,10.10168,20.36046,-32.40792,BOC_EAG,VIR_TEC,HarringtonVillage,D1,ACC,20260412-HarringtonVillage-1,5a3b89a0-369e-11f1-85bd-1b9279e81419,78.30487,,,6.16859,,,,,,,b439a363-5661-400d-8b76-3a48f938d72a,2026-04-12,18:35:16.51,2026-04-12T14:35:16.5174784-04:00,2026-04-12T18:35:16.5174784Z,,v3,227,2293,26587,"Cooke, Henry",805714,Right,VIR_TEC,61ad887e-3b0f-4ed4-89e5-90f26c65457d,55.03862,-116.29437,10.18023,4.86511,3.43876,-16.20396,-3.12997,1.65946,5.05084,,,,,,,,,,,,,,,,,,,,,,,,,,,,,,,,,,,,,,,,,,,,,,,,,,,High,High,High,,,,,,54.118434,69.643814,917.390965,0.347855,7:45,-0.925676,0.310669,0.215889,-72.255986,51.189411,-0.017706,100.137266,-48.491837,0.652381,-0.748861,-0.116645,81.146605,-40.72135,0.748861,-0.652381,0.116645,-81.146605,40.72135,-0.748861,0.652381,0.116645,-100.137266,48.491837,-0.652381,0.748861,-0.116645,,,
161,2026-04-12,14:35:34.23,1,4,"Robertson, Aiden",833405,Right,VIR_TEC,"Toomey, Jack",809057,Right,BOC_EAG,Undefined,5,Bottom,0,2,1,Fastball,Sinker,BallCalled,Undefined,Undefined,Undefined,0,0,,90.74075,-0.113336,-5.87049,2282.791211,241.936804,2:00,4.97826,2.81396,6.04825,-23.56171,10.58839,17.7008,2.90931,-1.16467,82.31022,-4.537251,-2.708402,0.420598,,,,,,,,,,,,-10.73788,5.82244,-2.36464,50,4.95677,12.72033,-131.15768,-1.02521,-18.63115,28.75575,-22.07159,BOC_EAG,VIR_TEC,HarringtonVillage,D1,ACC,20260412-HarringtonVillage-1,64c104e0-369e-11f1-85bd-1b9279e81419,89.61625,,,8.43053,,,,,,,b439a363-5661-400d-8b76-3a48f938d72a,2026-04-12,18:35:34.23,2026-04-12T14:35:34.2370304-04:00,2026-04-12T18:35:34.2370304Z,,v3,227,2293,26587,"Cooke, Henry",805714,Right,VIR_TEC,0fa342a6-3e79-43ce-afc0-bca6126c684b,54.44949,-132.12961,14.37787,4.97882,-0.2792,-11.0358,-2.80522,13.35005,-9.31558,,,,,,,,,,,,,,,,,,,,,,,,,,,,,,,,,,,,,,,,,,,,,,,,,,,High,High,High,,,,,,237.615638,2.615797,2280.412598,0.998958,2:00,-0.098463,-0.843683,-0.527735,-90.633598,-44.509751,-85.979422,123.102377,74.413499,0.225083,0.963226,-0.146743,81.337854,13.007757,0.963226,0.225083,0.146743,-81.337854,-13.007757,-0.963226,-0.225083,0.146743,-123.102377,-74.413499,-0.225083,-0.963226,-0.146743,,,
162,2026-04-12,14:35:52.76,1,5,"Robertson, Aiden",833405,Right,VIR_TEC,"Toomey, Jack",809057,Right,BOC_EAG,Undefined,5,Bottom,0,3,1,Cutter,Slider,FoulBallNotFieldable,Undefined,Undefined,Undefined,0,0,,84.57521,1.336226,-2.810642,2500.31934,117.943103,10:00,4.81477,3.10037,5.70679,-36.14463,2.85181,-3.33906,3.04942,0.20132,78.17417,-5.296641,-3.406434,0.449453,77.94226,44.34921,88.638946,2473.028096,,,,,68.33017,,,1.00717,1.43949,-2.86261,50,4.90417,6.16428,-122.82992,1.62464,1.55469,21.95449,-29.95198,BOC_EAG,VIR_TEC,HarringtonVillage,D1,ACC,20260412-HarringtonVillage-1,6fd4dd70-369e-11f1-85bd-1b9279e81419,83.86299,60.94802,,6.40104,,,,0.36935,2.95085,-0.13887,b439a363-5661-400d-8b76-3a48f938d72a,2026-04-12,18:35:52.76,2026-04-12T14:35:52.7615488-04:00,2026-04-12T18:35:52.7615488Z,,v3,227,2293,26587,"Cooke, Henry",805714,Right,VIR_TEC,65b64e0e-14ae-4e2c-b711-7e1469cd7f37,54.79354,-123.68374,10.97725,4.81834,2.78949,-14.97599,-3.10116,6.10382,0.77735,,0.36935,1.94168,-8.79924,1.94524,-0.36211,0.07884,-0.02765,0.00837,-0.00109,2.95085,79.90967,-23.67503,3.40712,-0.33868,0.12674,-0.0553,0.00765,0.00095,-0.13887,81.72284,-10.81235,-0.88493,0.21692,-0.01509,0.04052,-0.02685,0.00548,,,,,,,,,,,,,,,,,,,,,,,High,High,High,Low,Undefined,,,,213.773172,75.35068,632.336443,0.252902,1:15,-0.979648,-0.11799,-0.162382,-7.57432,61.194924,32.705326,160.166899,-32.624539,0.28575,-0.539132,-0.792265,34.235047,-16.603694,0.539132,-0.28575,0.792265,-34.235047,16.603694,-0.539132,0.28575,0.792265,-160.166899,32.624539,-0.28575,0.539132,-0.792265,,,
163,2026-04-12,14:36:13.42,1,6,"Robertson, Aiden",833405,Right,VIR_TEC,"Toomey, Jack",809057,Right,BOC_EAG,Undefined,5,Bottom,0,3,2,Sweeper,Slider,BallCalled,Walk,Undefined,Undefined,0,0,,78.51774,2.373549,0.22049,2729.783977,82.370824,8:45,4.82835,3.17304,5.40385,-47.75987,-1.15602,-20.33785,3.07366,1.68482,71.30397,-6.375133,-3.396486,0.49134,,,,,,,,,,,,10.44977,-0.99658,-3.17732,50,5.00597,0.34176,-113.88261,3.1233,13.56737,23.1332,-33.46797,BOC_EAG,VIR_TEC,HarringtonVillage,D1,ACC,20260412-HarringtonVillage-1,7c1e76e0-369e-11f1-85bd-1b9279e81419,76.71355,,,7.21377,,,,,,,b439a363-5661-400d-8b76-3a48f938d72a,2026-04-12,18:36:13.42,2026-04-12T14:36:13.4275584-04:00,2026-04-12T18:36:13.4275584Z,,v3,227,2293,26587,"Cooke, Henry",805714,Right,VIR_TEC,907825c0-a385-41c7-b354-16ea0b812b1a,55.09763,-114.91344,11.5666,4.83357,4.61466,-16.73398,-3.17908,-0.26281,6.78368,,,,,,,,,,,,,,,,,,,,,,,,,,,,,,,,,,,,,,,,,,,,,,,,,,,High,High,High,,,,,,58.031454,59.98993,1365.307445,0.500152,8:00,-0.848635,0.459797,0.261544,-62.7863,57.15026,-6.777046,93.036197,-44.933204,0.706937,-0.706282,-0.037497,86.960993,-44.986237,0.706282,-0.706937,0.037497,-86.960993,44.986237,-0.706282,0.706937,0.037497,-93.036197,44.933204,-0.706937,0.706282,-0.037497,,,
164,2026-04-12,14:37:07.95,2,1,"Robertson, Aiden",833405,Right,VIR_TEC,"Hendrickson, Carter",830138,Right,BOC_EAG,Undefined,5,Bottom,0,0,0,Sinker,Sinker,InPlay,Undefined,Bunt,Sacrifice,1,0,,89.89568,1.037162,-3.377646,2144.458767,255.23113,2:30,4.82448,3.13226,5.93844,-29.09159,5.64248,17.05103,3.36409,1.41622,81.63189,-4.380926,-0.320675,0.424179,28.06113,-28.921626,-31.94704,,,,,8.02806,8.0279,-35.272712,0.163942,-9.74729,2.91961,-2.87238,50,4.89093,6.97248,-130.37058,1.36254,-16.68656,28.76963,-27.17593,BOC_EAG,VIR_TEC,HarringtonVillage,D1,ACC,20260412-HarringtonVillage-1,9ca5f2d0-369e-11f1-85bd-1b9279e81419,88.8597,3.3621,,8.26378,,,,1.39071,3.3621,-1.41607,b439a363-5661-400d-8b76-3a48f938d72a,2026-04-12,18:37:07.95,2026-04-12T14:37:07.9568384-04:00,2026-04-12T18:37:07.9568384Z,GroundBall,v3,227,2293,26587,"Cooke, Henry",805714,Right,VIR_TEC,ee887ca5-cb7e-4ab7-9632-cd23978bd0c9,54.56085,-131.3732,14.38481,4.82694,2.30961,-13.58796,-3.12551,7.554,-8.34328,,1.36621,31.49584,,,,,,,,3.37806,-20.50841,,,,,,,,-1.4008,-19.64033,,,,,,,,,,,,,,,,,,,,,,,,,,,,,,High,High,High,Estimated,Estimated,,,,241.550604,2.851291,2141.803942,0.998762,2:00,-0.093549,-0.877105,-0.471099,74.501758,49.527732,78.756049,130.982722,73.70505,0.211814,0.95983,-0.184015,79.147181,12.22865,0.95983,0.211814,0.184015,-79.147181,-12.22865,-0.95983,-0.211814,0.184015,-130.982722,-73.70505,-0.211814,-0.95983,-0.184015,6.31983,-16.91966,-62.08193
165,2026-04-12,14:37:48.34,3,1,"Robertson, Aiden",833405,Right,VIR_TEC,"Gallo, Luke",828057,Right,BOC_EAG,Undefined,5,Bottom,1,0,0,Sinker,Sinker,BallCalled,Undefined,Undefined,Undefined,0,0,,89.99635,1.173266,-5.267432,2076.847606,253.952986,2:30,4.97736,3.04012,6.13633,-28.38049,6.17843,17.46056,3.70141,-0.38682,81.5825,-4.129396,-2.138398,0.423108,,,,,,,,,,,,-10.47375,3.20882,-2.64568,50,5.05274,11.26193,-130.20794,1.73159,-17.89838,28.51505,-26.69056,BOC_EAG,VIR_TEC,HarringtonVillage,D1,ACC,20260412-HarringtonVillage-1,b4aa2c20-369e-11f1-85bd-1b9279e81419,89.0846,,,8.41385,,,,,,,b439a363-5661-400d-8b76-3a48f938d72a,2026-04-12,18:37:48.34,2026-04-12T14:37:48.3409408-04:00,2026-04-12T18:37:48.3409408Z,,v3,227,2293,26587,"Cooke, Henry",805714,Right,VIR_TEC,0e3f5cfa-a627-425e-a42d-5e7b979e332a,54.36164,-131.15965,14.25752,4.98008,2.6224,-13.34528,-3.03152,11.85929,-8.94919,,,,,,,,,,,,,,,,,,,,,,,,,,,,,,,,,,,,,,,,,,,,,,,,,,,High,High,High,,,,,,239.929869,-0.721405,2076.682987,0.999921,2:00,-0.051105,-0.865421,-0.498433,75.611691,44.070694,86.188407,130.042827,68.840018,0.276348,0.932576,-0.232236,76.016287,16.042367,0.932576,0.276348,0.232236,-76.016287,-16.042367,-0.932576,-0.276348,0.232236,-130.042827,-68.840018,-0.276348,-0.932576,-0.232236,,,
166,2026-04-12,14:38:06.34,3,2,"Robertson, Aiden",833405,Right,VIR_TEC,"Gallo, Luke",828057,Right,BOC_EAG,Undefined,5,Bottom,1,1,0,Sweeper,Slider,BallCalled,Undefined,Undefined,Undefined,0,0,,78.75754,0.162174,-2.840715,2562.294336,100.940516,9:15,4.68442,3.1782,5.70903,-41.51254,4.48166,-15.0304,1.37633,-0.72311,71.66146,-7.480732,-5.522586,0.488116,,,,,,,,,,,,6.73063,2.70295,-2.93076,50,4.67256,6.24077,-114.13578,-0.99626,8.75398,23.75635,-28.65852,BOC_EAG,VIR_TEC,HarringtonVillage,D1,ACC,20260412-HarringtonVillage-1,bf75d820-369e-11f1-85bd-1b9279e81419,77.22026,,,7.09607,,,,,,,b439a363-5661-400d-8b76-3a48f938d72a,2026-04-12,18:38:06.34,2026-04-12T14:38:06.3474688-04:00,2026-04-12T18:38:06.3474688Z,,v3,227,2293,26587,"Cooke, Henry",805714,Right,VIR_TEC,07c9491b-f7f6-4ce8-a18d-5d41fbc4f7cb,54.78838,-115.12812,11.87818,4.68917,0.20086,-14.32926,-3.18381,5.8751,4.37699,,,,,,,,,,,,,,,,,,,,,,,,,,,,,,,,,,,,,,,,,,,,,,,,,,,High,High,High,,,,,,65.680292,73.32197,735.361127,0.286993,8:15,-0.950155,0.264236,0.165484,89.619292,-45.030553,-23.227944,99.640362,-35.030919,0.807279,-0.574018,-0.137126,76.564531,-53.830925,0.574018,-0.807279,0.137126,-76.564531,53.830925,-0.574018,0.807279,0.137126,-99.640362,35.030919,-0.807279,0.574018,-0.137126,,,
167,2026-04-12,14:38:27.08,3,3,"Robertson, Aiden",833405,Right,VIR_TEC,"Gallo, Luke",828057,Right,BOC_EAG,Undefined,5,Bottom,1,2,0,Cutter,Slider,BallCalled,Undefined,Undefined,Undefined,0,0,,83.33765,0.859474,-5.226581,2510.362819,141.114448,10:45,4.86786,3.14822,5.94164,-35.11758,5.32973,-3.29162,2.74204,-1.9878,76.34992,-5.624389,-5.812982,0.457737,,,,,,,,,,,,0.22177,2.88795,-2.72884,50,4.91696,11.15962,-120.58276,0.68437,0.32639,23.5265,-27.92354,BOC_EAG,VIR_TEC,HarringtonVillage,D1,ACC,20260412-HarringtonVillage-1,cbd4f560-369e-11f1-85bd-1b9279e81419,82.34516,,,6.98773,,,,,,,b439a363-5661-400d-8b76-3a48f938d72a,2026-04-12,18:38:27.08,2026-04-12T14:38:27.0823936-04:00,2026-04-12T18:38:27.0823936Z,,v3,227,2293,26587,"Cooke, Henry",805714,Right,VIR_TEC,13358944-d802-4509-8a87-ba32f67d5379,54.5562,-121.46845,11.76325,4.87141,1.73559,-13.96177,-3.14873,11.14733,0.1632,,,,,,,,,,,,,,,,,,,,,,,,,,,,,,,,,,,,,,,,,,,,,,,,,,,High,High,High,,,,,,207.804861,77.231372,554.826632,0.221015,1:00,-0.990455,-0.088454,-0.105711,-16.199398,69.274148,21.693043,163.649745,-32.110765,0.238444,-0.531558,-0.812767,33.185073,-13.794715,0.531558,-0.238444,0.812767,-33.185073,13.794715,-0.531558,0.238444,0.812767,-163.649745,32.110765,-0.238444,0.531558,-0.812767,,,
168,2026-04-12,14:38:48.25,3,4,"Robertson, Aiden",833405,Right,VIR_TEC,"Gallo, Luke",828057,Right,BOC_EAG,Undefined,5,Bottom,1,3,0,Sinker,Sinker,BallCalled,Walk,Undefined,Undefined,0,0,,90.34947,0.079375,-2.198212,2018.6773,254.80711,2:30,4.7951,3.25173,6.18134,-27.87832,5.80512,17.66678,2.54526,2.69308,82.9774,-5.116691,0.989677,0.417715,,,,,,,,,,,,-9.86008,3.25551,-3.09503,50,4.78673,4.34636,-131.37685,-0.73761,-17.29034,26.96432,-26.46525,BOC_EAG,VIR_TEC,HarringtonVillage,D1,ACC,20260412-HarringtonVillage-1,d88518d0-369e-11f1-85bd-1b9279e81419,90.23493,,,7.37207,,,,,,,b439a363-5661-400d-8b76-3a48f938d72a,2026-04-12,18:38:48.25,2026-04-12T14:38:48.2541056-04:00,2026-04-12T18:38:48.2541056Z,,v3,227,2293,26587,"Cooke, Henry",805714,Right,VIR_TEC,232201bc-342a-48b7-bdf7-45be36748022,54.32054,-132.26064,13.48216,4.79669,0.12983,-13.23263,-3.24678,4.91308,-8.64517,,,,,,,,,,,,,,,,,,,,,,,,,,,,,,,,,,,,,,,,,,,,,,,,,,,High,High,High,,,,,,243.7126,4.337524,2012.895434,0.997136,2:00,-0.093752,-0.89391,-0.438332,69.964669,53.387763,76.740632,141.698662,73.128441,0.179882,0.956958,-0.227759,76.612479,10.36289,0.956958,0.179882,0.227759,-76.612479,-10.36289,-0.956958,-0.179882,0.227759,-141.698662,-73.128441,-0.179882,-0.956958,-0.227759,,,
169,2026-04-12,14:39:24.57,4,1,"Robertson, Aiden",833405,Right,VIR_TEC,"Johnson, Gunnar",1000100233,Right,BOC_EAG,Undefined,5,Bottom,1,0,0,ChangeUp,Changeup,StrikeCalled,Undefined,Undefined,Undefined,0,0,,83.47771,0.785628,-5.718011,2087.337308,264.995657,2:45,4.86002,3.13675,5.90884,-37.34939,2.89272,18.70694,2.48047,-0.62939,76.45108,-6.100607,-2.381646,0.456575,,,,,,,,,,,,-11.08485,1.66228,-2.68702,50,4.90205,11.35242,-120.78421,0.43086,-16.43532,22.71846,-29.70942,BOC_EAG,VIR_TEC,HarringtonVillage,D1,ACC,20260412-HarringtonVillage-1,ee0d2e90-369e-11f1-85bd-1b9279e81419,82.55483,,,7.02663,,,,,,,b439a363-5661-400d-8b76-3a48f938d72a,2026-04-12,18:39:24.57,2026-04-12T14:39:24.5734912-04:00,2026-04-12T18:39:24.5734912Z,,v3,227,2293,26587,"Cooke, Henry",805714,Right,VIR_TEC,62d77d00-bf9c-4a9f-8733-d82ed1c3ff6c,54.59155,-121.64478,11.35923,4.86441,1.55624,-14.85471,-3.12884,11.97498,-8.21766,,,,,,,,,,,,,,,,,,,,,,,,,,,,,,,,,,,,,,,,,,,,,,,,,,,High,High,High,,,,,,257.238787,-15.116343,2015.11186,0.965398,2:30,0.225366,-0.945039,-0.236878,-3.094703,38.9159,-87.91125,158.358266,62.855514,0.168261,0.889859,-0.424075,64.519195,9.686702,0.889859,0.168261,0.424075,-64.519195,-9.686702,-0.889859,-0.168261,0.424075,-158.358266,-62.855514,-0.168261,-0.889859,-0.424075,,,
170,2026-04-12,14:39:42.48,4,2,"Robertson, Aiden",833405,Right,VIR_TEC,"Johnson, Gunnar",1000100233,Right,BOC_EAG,Undefined,5,Bottom,1,0,1,Sweeper,Slider,BallCalled,Undefined,Undefined,Undefined,0,0,,79.93502,1.74703,-3.525161,2627.388527,87.074166,9:00,4.74867,3.27613,5.78191,-43.8655,0.84902,-13.72076,2.72223,-1.15121,72.38442,-6.342229,-5.970803,0.481278,,,,,,,,,,,,5.80402,0.36402,-2.97698,50,4.86713,7.66681,-115.7001,2.10903,7.7412,24.81885,-31.68852,BOC_EAG,VIR_TEC,HarringtonVillage,D1,ACC,20260412-HarringtonVillage-1,f8d41fa0-369e-11f1-85bd-1b9279e81419,78.31747,,,7.5506,,,,,,,b439a363-5661-400d-8b76-3a48f938d72a,2026-04-12,18:39:42.48,2026-04-12T14:39:42.4823296-04:00,2026-04-12T18:39:42.4823296Z,,v3,227,2293,26587,"Cooke, Henry",805714,Right,VIR_TEC,07c0ddd0-0950-4488-8771-540f3005d03e,54.71489,-116.70711,12.40942,4.75547,3.39477,-15.84426,-3.28168,7.35272,3.8706,,,,,,,,,,,,,,,,,,,,,,,,,,,,,,,,,,,,,,,,,,,,,,,,,,,High,High,High,,,,,,64.011358,68.834445,948.655455,0.361064,8:15,-0.91074,0.352833,0.21462,85.500404,-37.818971,-28.555839,103.827643,-39.297152,0.751444,-0.633342,-0.184957,73.720456,-48.715633,0.633342,-0.751444,0.184957,-73.720456,48.715633,-0.633342,0.751444,0.184957,-103.827643,39.297152,-0.751444,0.633342,-0.184957,,,
171,2026-04-12,14:40:02.93,4,3,"Robertson, Aiden",833405,Right,VIR_TEC,"Johnson, Gunnar",1000100233,Right,BOC_EAG,Undefined,5,Bottom,1,1,1,Sweeper,Slider,StrikeCalled,Undefined,Undefined,Undefined,0,0,,79.90984,1.650709,-1.758635,2528.761318,80.411118,8:45,4.67046,3.3046,5.70552,-46.37243,-1.63969,-18.89249,2.34526,0.09114,72.41936,-6.882004,-5.133099,0.481376,,,,,,,,,,,,8.99197,-0.88398,-3.14547,50,4.78045,4.30296,-115.85474,1.79971,12.02026,24.9684,-33.35578,BOC_EAG,VIR_TEC,HarringtonVillage,D1,ACC,20260412-HarringtonVillage-1,04fa79a0-369f-11f1-85bd-1b9279e81419,78.3015,,,7.49048,,,,,,,b439a363-5661-400d-8b76-3a48f938d72a,2026-04-12,18:40:02.93,2026-04-12T14:40:02.9351936-04:00,2026-04-12T18:40:02.9351936Z,,v3,227,2293,26587,"Cooke, Henry",805714,Right,VIR_TEC,99ecf508-5372-4695-837a-301fad05b4b6,54.7929,-116.88312,12.4842,4.67803,3.17354,-16.67789,-3.3125,3.80787,6.01013,,,,,,,,,,,,,,,,,,,,,,,,,,,,,,,,,,,,,,,,,,,,,,,,,,,High,High,High,,,,,,59.588786,69.565009,882.902816,0.349144,8:00,-0.922145,0.327976,0.205134,89.244113,-34.187495,-23.909561,96.649331,-43.788481,0.717043,-0.691998,-0.08359,83.112282,-45.81092,0.691998,-0.717043,0.08359,-83.112282,45.81092,-0.691998,0.717043,0.08359,-96.649331,43.788481,-0.717043,0.691998,-0.08359,,,
172,2026-04-12,14:40:25.25,4,4,"Robertson, Aiden",833405,Right,VIR_TEC,"Johnson, Gunnar",1000100233,Right,BOC_EAG,Undefined,5,Bottom,1,1,2,Sweeper,Slider,BallCalled,Undefined,Undefined,Undefined,0,0,,79.7379,2.34405,-3.398901,2543.561955,82.881993,8:45,4.76453,3.26811,5.63612,-46.5616,-0.99878,-21.30978,3.07634,-1.6824,71.74412,-6.225335,-7.183708,0.485821,,,,,,,,,,,,9.51591,-0.7763,-2.96545,50,4.93523,7.70677,-115.2867,3.17143,12.49433,26.31044,-33.1933,BOC_EAG,VIR_TEC,HarringtonVillage,D1,ACC,20260412-HarringtonVillage-1,1249c340-369f-11f1-85bd-1b9279e81419,77.58496,,,7.99378,,,,,,,b439a363-5661-400d-8b76-3a48f938d72a,2026-04-12,18:40:25.25,2026-04-12T14:40:25.2565504-04:00,2026-04-12T18:40:25.2565504Z,,v3,227,2293,26587,"Cooke, Henry",805714,Right,VIR_TEC,4196e298-84fa-47ff-9d9f-e7e2cf0587d3,54.86053,-116.39068,13.15522,4.77294,4.5642,-16.59665,-3.27782,7.18252,6.24717,,,,,,,,,,,,,,,,,,,,,,,,,,,,,,,,,,,,,,,,,,,,,,,,,,,High,High,High,,,,,,56.488293,69.107983,907.054126,0.356608,8:00,-0.908018,0.335292,0.251161,-71.744157,56.663893,-11.781398,95.574974,-42.342463,0.735636,-0.67356,-0.071805,83.914929,-47.360982,0.67356,-0.735636,0.071805,-83.914929,47.360982,-0.67356,0.735636,0.071805,-95.574974,42.342463,-0.735636,0.67356,-0.071805,,,
173,2026-04-12,14:41:04.85,4,5,"Robertson, Aiden",833405,Right,VIR_TEC,"Johnson, Gunnar",1000100233,Right,BOC_EAG,Undefined,5,Bottom,1,2,2,Sinker,Sinker,FoulBallNotFieldable,Undefined,Undefined,Undefined,0,0,,90.3699,-0.498343,-4.997449,2188.323772,248.613579,2:15,4.89841,3.02292,6.17549,-26.44285,7.32229,16.1404,2.23283,-0.25907,83.12834,-5.422133,-2.099373,0.418221,,,,,,,,,,,,-9.67823,4.21465,-2.65247,50,4.84698,10.80757,-131.01843,-2.01213,-16.95376,25.66485,-24.79109,BOC_EAG,VIR_TEC,HarringtonVillage,D1,ACC,20260412-HarringtonVillage-1,29d941c0-369f-11f1-85bd-1b9279e81419,90.12567,,,7.24156,,,,,,,b439a363-5661-400d-8b76-3a48f938d72a,2026-04-12,18:41:04.85,2026-04-12T14:41:04.8505344-04:00,2026-04-12T18:41:04.8505344Z,,v3,227,2293,26587,"Cooke, Henry",805714,Right,VIR_TEC,24f819a7-cae9-4324-99e2-c8fc959aa302,54.32559,-131.86303,12.83242,4.89977,-1.19628,-12.39555,-3.01732,11.36551,-8.47688,,,,,,,,,,,,,,,,,,,,,,,,,,,,,,,,,,,,,,,,,,,,,,,,,,,High,High,High,,,,,,239.123829,2.491199,2186.25561,0.999055,2:00,-0.080531,-0.857813,-0.507614,70.565802,47.436062,72.475073,127.352529,75.744155,0.19575,0.969206,-0.149405,81.236693,11.28855,0.969206,0.19575,0.149405,-81.236693,-11.28855,-0.969206,-0.19575,0.149405,-127.352529,-75.744155,-0.19575,-0.969206,-0.149405,,,
174,2026-04-12,14:41:45.34,4,6,"Robertson, Aiden",833405,Right,VIR_TEC,"Johnson, Gunnar",1000100233,Right,BOC_EAG,Undefined,5,Bottom,1,2,2,ChangeUp,Changeup,StrikeSwinging,Strikeout,Undefined,Undefined,0,0,,84.17847,-0.182155,-5.545922,2207.979822,268.118447,3:00,4.8145,3.1349,6.17194,-37.359,2.0748,22.83722,1.53222,-0.10021,76.6705,-7.112613,-1.445439,0.451966,,,,,,,,,,,,-13.41076,1.52697,-2.72532,50,4.78178,10.94484,-121.82894,-1.58299,-20.05808,25.01463,-29.89018,BOC_EAG,VIR_TEC,HarringtonVillage,D1,ACC,20260412-HarringtonVillage-1,41f4ac90-369f-11f1-85bd-1b9279e81419,83.39664,,,7.50797,,,,,,,b439a363-5661-400d-8b76-3a48f938d72a,2026-04-12,18:41:45.34,2026-04-12T14:41:45.3426688-04:00,2026-04-12T18:41:45.3426688Z,,v3,227,2293,26587,"Cooke, Henry",805714,Right,VIR_TEC,601888db-a429-4f8f-a121-fca597f79a3f,54.32862,-122.71451,12.50731,4.81909,-0.52483,-14.94509,-3.12536,11.65493,-10.02904,,,,,,,,,,,,,,,,,,,,,,,,,,,,,,,,,,,,,,,,,,,,,,,,,,,High,High,High,,,,,,258.62162,-16.306176,2119.163905,0.959775,2:30,0.264132,-0.940014,-0.215889,11.236481,46.127066,-79.968721,158.837359,56.000883,0.201873,0.829046,-0.521469,57.830175,11.646526,0.829046,0.201873,0.521469,-57.830175,-11.646526,-0.829046,-0.201873,0.521469,-158.837359,-56.000883,-0.201873,-0.829046,-0.521469,,,
175,2026-04-12,14:42:19.03,5,1,"Robertson, Aiden",833405,Right,VIR_TEC,"Surowiec, Danny",831970,Left,BOC_EAG,Undefined,5,Bottom,2,0,0,ChangeUp,Changeup,StrikeCalled,Undefined,Undefined,Undefined,0,0,,84.77981,0.23806,-6.293678,2238.453965,257.652187,2:30,4.80084,3.2257,6.03179,-33.04919,5.95599,21.43604,2.26853,-0.83969,77.35868,-5.893619,-2.467327,0.449503,,,,,,,,,,,,-12.71028,3.38894,-2.74351,50,4.8017,12.65842,-122.5383,-0.55334,-19.34392,24.00107,-27.01638,BOC_EAG,VIR_TEC,HarringtonVillage,D1,ACC,20260412-HarringtonVillage-1,561a2510-369f-11f1-85bd-1b9279e81419,83.85359,,,7.42113,,,,,,,b439a363-5661-400d-8b76-3a48f938d72a,2026-04-12,18:42:19.03,2026-04-12T14:42:19.0367744-04:00,2026-04-12T18:42:19.0367744Z,,v3,227,2293,26587,"Cooke, Henry",805714,Right,VIR_TEC,0a00fb21-cff2-4bfa-a854-82731938a7ff,54.46814,-123.41035,12.00054,4.80398,0.42827,-13.50819,-3.21621,13.36126,-9.67196,,,,,,,,,,,,,,,,,,,,,,,,,,,,,,,,,,,,,,,,,,,,,,,,,,,High,High,High,,,,,,256.47552,-12.449567,2185.81928,0.976486,2:30,0.185324,-0.950296,-0.250186,5.080534,42.029703,-87.168559,158.053483,61.545122,0.178075,0.879193,-0.441938,63.31297,10.257657,0.879193,0.178075,0.441938,-63.31297,-10.257657,-0.879193,-0.178075,0.441938,-158.053483,-61.545122,-0.178075,-0.879193,-0.441938,,,
176,2026-04-12,14:42:38.81,5,2,"Robertson, Aiden",833405,Right,VIR_TEC,"Surowiec, Danny",831970,Left,BOC_EAG,Undefined,5,Bottom,2,0,1,Sinker,Sinker,StrikeCalled,Undefined,Undefined,Undefined,0,0,,90.68489,-1.047784,-4.284738,2218.567939,249.15962,2:15,4.82961,3.02419,6.17829,-25.52576,7.90363,18.1917,1.73203,0.57591,83.58992,-5.802774,-1.011311,0.416136,,,,,,,,,,,,-10.493,4.66205,-2.7089,50,4.73716,9.11456,-131.60236,-3.25402,-18.57193,25.51475,-23.92254,BOC_EAG,VIR_TEC,HarringtonVillage,D1,ACC,20260412-HarringtonVillage-1,61defe20-369f-11f1-85bd-1b9279e81419,90.57716,,,7.09496,,,,,,,b439a363-5661-400d-8b76-3a48f938d72a,2026-04-12,18:42:38.81,2026-04-12T14:42:38.8146688-04:00,2026-04-12T18:42:38.8146688Z,,v3,227,2293,26587,"Cooke, Henry",805714,Right,VIR_TEC,ec3fa631-e647-4821-ae78-9a9969098e9f,54.32249,-132.43774,12.75738,4.83088,-2.47077,-11.96127,-3.01728,9.72262,-9.28596,,,,,,,,,,,,,,,,,,,,,,,,,,,,,,,,,,,,,,,,,,,,,,,,,,,High,High,High,,,,,,239.838175,-0.771229,2218.366957,0.999909,2:00,-0.008351,-0.864141,-0.503181,65.889642,44.535658,74.846033,127.641147,72.114413,0.243191,0.951672,-0.187561,78.850718,14.074962,0.951672,0.243191,0.187561,-78.850718,-14.074962,-0.951672,-0.243191,0.187561,-127.641147,-72.114413,-0.243191,-0.951672,-0.187561,,,
177,2026-04-12,14:43:01.92,5,3,"Robertson, Aiden",833405,Right,VIR_TEC,"Surowiec, Danny",831970,Left,BOC_EAG,Undefined,5,Bottom,2,0,2,ChangeUp,Changeup,StrikeSwinging,Strikeout,Undefined,Undefined,0,0,,84.6978,0.193105,-4.546567,2215.186206,259.570273,2:45,4.8385,3.1139,5.98029,-33.92317,5.16343,21.04265,2.19113,0.64421,77.16445,-6.104286,-0.775578,0.449972,,,,,,,,,,,,-12.06438,2.99543,-2.76538,50,4.83514,8.91121,-122.71653,-0.69401,-18.33753,25.01898,-27.62104,BOC_EAG,VIR_TEC,HarringtonVillage,D1,ACC,20260412-HarringtonVillage-1,6f9965a0-369f-11f1-85bd-1b9279e81419,83.7662,,,7.53335,,,,,,,b439a363-5661-400d-8b76-3a48f938d72a,2026-04-12,18:43:01.92,2026-04-12T14:43:01.9200000-04:00,2026-04-12T18:43:01.9200000Z,,v3,227,2293,26587,"Cooke, Henry",805714,Right,VIR_TEC,e43b0024-f181-4e00-8b15-6a740722d015,54.51916,-123.63445,12.50949,4.84202,0.31937,-13.81052,-3.10467,9.58399,-9.16877,,,,,,,,,,,,,,,,,,,,,,,,,,,,,69.18362,,,1.013501,,,,0.83079,5.88413,3.24024,77.71922,1.74982,-47.06414,0.86737,81.61168,-5.73007,5.91446,9.44143,-13.3907,3.16546,-57.82768,8.20462,High,High,High,,,High,High,High,256.747348,-13.250204,2156.214495,0.973378,2:30,0.20761,-0.948223,-0.240356,2.481242,-44.499393,85.086804,151.372061,56.070044,0.267435,0.829721,-0.489941,59.438594,15.511672,0.829721,0.267435,0.489941,-59.438594,-15.511672,-0.829721,-0.267435,0.489941,-151.372061,-56.070044,-0.267435,-0.829721,-0.489941,,,
178,2026-04-12,14:45:16.33,1,1,"Mudd, Tyler",809052,Left,BOC_EAG,"Daniel, Pete",838741,Right,VIR_TEC,Undefined,6,Top,0,0,0,ChangeUp,Changeup,StrikeCalled,Undefined,Undefined,Undefined,0,0,,79.59446,-1.562813,1.647158,1477.841,138.081402,10:30,5.91986,-1.14713,5.67132,-30.42289,14.10068,-11.36926,1.9266,-0.55845,72.9733,-7.205591,-0.386318,0.480249,,,,,,,,,,,,6.24351,8.03674,1.01541,50,5.76885,-2.88317,-115.50954,-4.08342,8.42727,21.70783,-21.32632,BOC_EAG,VIR_TEC,HarringtonVillage,D1,ACC,20260412-HarringtonVillage-1,c1ad3510-369f-11f1-85bd-1b9279e81419,78.48519,,,6.62116,,,,,,,b439a363-5661-400d-8b76-3a48f938d72a,2026-04-12,18:45:16.33,2026-04-12T14:45:16.3321344-04:00,2026-04-12T18:45:16.3321344Z,,v3,227,2293,26587,"Johnson, Gunnar",1000100233,Right,BOC_EAG,49d914da-4309-4a14-82ff-5fcf9ef7576b,54.82648,-116.41305,10.85391,5.92033,-3.19579,-10.66316,1.14271,-3.23392,4.21364,,,,,,,,,,,,,,,,,,,,,,,,,,,,,,,,,,,,,,,,,,,,,,,,,,,High,High,High,,,,,,150.462315,2.661267,1476.247137,0.998921,11:00,-0.034839,0.491015,-0.870454,-87.198427,8.237332,-65.328566,97.778962,-19.343227,0.934868,-0.331226,-0.127711,68.914797,-69.206893,0.331226,-0.934868,0.127711,-68.914797,69.206893,-0.331226,0.934868,0.127711,-97.778962,19.343227,-0.934868,0.331226,-0.127711,,,
179,2026-04-12,14:45:26.73,1,2,"Mudd, Tyler",809052,Left,BOC_EAG,"Daniel, Pete",838741,Right,VIR_TEC,Undefined,6,Top,0,0,1,ChangeUp,Changeup,FoulBallNotFieldable,Undefined,Undefined,Undefined,0,0,,80.22363,-1.495187,2.422879,1359.702691,137.417321,10:30,5.86214,-1.25548,6.06765,-28.45502,14.87745,-12.3465,2.10567,-0.04086,73.26618,-6.833039,0.200065,0.473781,70.33236,-37.263551,-83.932725,,,,,4.09903,4.09903,-44.824022,0.035836,7.15008,8.53851,1.0745,50,5.731,-4.48232,-116.43631,-3.8472,9.76357,22.94917,-20.51452,BOC_EAG,VIR_TEC,HarringtonVillage,D1,ACC,20260412-HarringtonVillage-1,c5e33da0-369f-11f1-85bd-1b9279e81419,79.55659,2.24552,,6.95745,,,,2.59537,2.24552,0.04549,b439a363-5661-400d-8b76-3a48f938d72a,2026-04-12,18:45:26.73,2026-04-12T14:45:26.7322880-04:00,2026-04-12T18:45:26.7322880Z,GroundBall,v3,227,2293,26587,"Johnson, Gunnar",1000100233,Right,BOC_EAG,9e3311f3-998e-4542-a2ea-b76ea3197ec1,54.43175,-117.30654,11.47459,5.86213,-3.06929,-10.25726,1.25149,-4.85255,4.88178,,2.59521,8.70547,,,,,,,,2.24669,-62.66115,,,,,,,,0.04702,-81.90181,,,,,,,,,,,,,,,,,,,,,,,,,,,,,,High,High,High,Estimated,Estimated,,,,142.397552,1.024424,1359.485362,0.99984,10:45,-0.000274,0.609407,-0.792857,38.683525,-65.918222,-30.884252,112.668867,-22.620278,0.851765,-0.384622,-0.355757,47.232641,-58.404108,0.384622,-0.851765,0.355757,-47.232641,58.404108,-0.384622,0.851765,0.355757,-112.668867,22.620278,-0.851765,0.384622,-0.355757,65.65352,15.1167,-9.95686
180,2026-04-12,14:45:43.40,1,3,"Mudd, Tyler",809052,Left,BOC_EAG,"Daniel, Pete",838741,Right,VIR_TEC,Undefined,6,Top,0,0,2,ChangeUp,Changeup,BallCalled,Undefined,Undefined,Undefined,0,0,,83.67442,-4.374959,1.854062,1422.629065,142.793572,10:45,5.80528,-1.07569,6.0813,-27.4036,12.64953,-8.56713,-0.53594,-0.07369,76.6234,-9.461107,0.308656,0.455501,,,,,,,,,,,,5.04866,8.2391,0.93721,50,5.452,-3.60687,-121.17264,-10.09104,7.45031,25.32579,-20.01558,BOC_EAG,VIR_TEC,HarringtonVillage,D1,ACC,20260412-HarringtonVillage-1,cfd37dc0-369f-11f1-85bd-1b9279e81419,82.74937,,,7.05102,,,,,,,b439a363-5661-400d-8b76-3a48f938d72a,2026-04-12,18:45:43.40,2026-04-12T14:45:43.4053120-04:00,2026-04-12T18:45:43.4053120Z,,v3,227,2293,26587,"Johnson, Gunnar",1000100233,Right,BOC_EAG,16ff6bb0-70bc-4090-90f6-6eb2cefba566,54.41862,-122.09267,12.6629,5.80537,-9.36393,-10.00779,1.07316,-3.87753,3.72515,,,,,,,,,,,,,,,,,,,,,,,,,,,,,,,,,,,,,,,,,,,,,,,,,,,High,High,High,,,,,,148.374635,4.173039,1418.857433,0.997349,11:00,-0.084916,0.515898,-0.852431,36.21805,-78.326251,-12.097793,107.51826,-23.670152,0.873395,-0.401471,-0.275686,55.522963,-60.855555,0.401471,-0.873395,0.275686,-55.522963,60.855555,-0.401471,0.873395,0.275686,-107.51826,23.670152,-0.873395,0.401471,-0.275686,,,
181,2026-04-12,14:45:55.88,1,4,"Mudd, Tyler",809052,Left,BOC_EAG,"Daniel, Pete",838741,Right,VIR_TEC,Undefined,6,Top,0,1,2,ChangeUp,Changeup,BallCalled,Undefined,Undefined,Undefined,0,0,,81.70127,-3.259197,3.058832,1371.496438,146.370684,11:00,5.86037,-1.04959,5.77105,-25.96805,16.69336,-10.08843,0.65579,0.95892,74.27336,-8.112123,1.253736,0.470099,,,,,,,,,,,,6.11044,9.96863,0.80283,50,5.57487,-5.924,-118.21451,-7.51059,8.55489,24.77068,-18.21753,BOC_EAG,VIR_TEC,HarringtonVillage,D1,ACC,20260412-HarringtonVillage-1,d7472520-369f-11f1-85bd-1b9279e81419,80.17984,,,7.42791,,,,,,,b439a363-5661-400d-8b76-3a48f938d72a,2026-04-12,18:45:55.88,2026-04-12T14:45:55.8848512-04:00,2026-04-12T18:45:55.8848512Z,,v3,227,2293,26587,"Johnson, Gunnar",1000100233,Right,BOC_EAG,0f772c71-3202-4f9d-915a-df54e7876911,54.72623,-119.20073,12.38534,5.85946,-6.78528,-9.10876,1.04547,-6.26461,4.27745,,,,,,,,,,,,,,,,,,,,,,,,,,,,,,,,,,,,,,,,,,,,,,,,,,,High,High,High,,,,,,147.295896,-8.162611,1357.601938,0.989869,11:00,0.155635,0.542034,-0.825819,-88.861134,2.727875,-58.831691,115.017281,-20.089805,0.851044,-0.343493,-0.397161,40.855546,-58.325413,0.343493,-0.851044,0.397161,-40.855546,58.325413,-0.343493,0.851044,0.397161,-115.017281,20.089805,-0.851044,0.343493,-0.397161,,,
182,2026-04-12,14:46:09.44,1,5,"Mudd, Tyler",809052,Left,BOC_EAG,"Daniel, Pete",838741,Right,VIR_TEC,Undefined,6,Top,0,2,2,Fastball,Sinker,BallCalled,Undefined,Undefined,Undefined,0,0,,87.54099,-1.656108,4.127872,2116.792804,126.590281,10:15,5.13032,-1.66992,5.78336,-23.75194,13.14209,-16.0358,1.60576,0.84087,79.72781,-6.099282,1.26387,0.437169,,,,,,,,,,,,9.38398,7.54563,1.33893,50,4.97922,-8.47737,-126.77678,-4.44129,15.21335,26.85437,-19.94102,BOC_EAG,VIR_TEC,HarringtonVillage,D1,ACC,20260412-HarringtonVillage-1,df5e1160-369f-11f1-85bd-1b9279e81419,86.21933,,,7.81319,,,,,,,b439a363-5661-400d-8b76-3a48f938d72a,2026-04-12,18:46:09.44,2026-04-12T14:46:09.4410240-04:00,2026-04-12T18:46:09.4410240Z,,v3,227,2293,26587,"Johnson, Gunnar",1000100233,Right,BOC_EAG,47a9f04e-742c-4cdd-bb85-b7b9bf8d3f6c,54.71528,-127.77168,13.42719,5.13008,-3.70251,-9.97051,1.66344,-9.04099,7.60667,,,,,,,,,,,,,,,,,,,,,,,,,,,,,,,,,,,,,,,,,,,,,,,,,,,High,High,High,,,,,,134.65333,-12.264144,2068.484835,0.977179,10:30,0.241178,0.700986,-0.671157,-70.338339,46.0793,-73.219774,96.081857,3.791036,0.992196,0.066118,-0.105717,32.022697,82.837116,0.066118,0.992196,0.105717,-32.022697,-82.837116,-0.066118,-0.992196,0.105717,-96.081857,-3.791036,-0.992196,-0.066118,-0.105717,,,
183,2026-04-12,14:46:21.39,1,6,"Mudd, Tyler",809052,Left,BOC_EAG,"Daniel, Pete",838741,Right,VIR_TEC,Undefined,6,Top,0,3,2,Sinker,Sinker,FoulBallNotFieldable,Undefined,Undefined,Undefined,0,0,,86.46271,-1.204674,4.159518,2026.065028,129.07025,10:15,5.19541,-1.7495,5.85964,-22.7873,14.80091,-16.72217,2.17415,0.72815,78.90242,-5.484531,1.169413,0.441263,,,,,,,,,,,,9.74339,8.27378,1.42153,50,5.08421,-8.42962,-125.29014,-3.34651,15.47341,25.52947,-19.0345,BOC_EAG,VIR_TEC,HarringtonVillage,D1,ACC,20260412-HarringtonVillage-1,e67eddd0-369f-11f1-85bd-1b9279e81419,85.41949,,,7.56029,,,,,,,b439a363-5661-400d-8b76-3a48f938d72a,2026-04-12,18:46:21.39,2026-04-12T14:46:21.3955584-04:00,2026-04-12T18:46:21.3955584Z,,v3,227,2293,26587,"Johnson, Gunnar",1000100233,Right,BOC_EAG,ad259be5-96db-43d7-a3ad-dddee2b7bf7d,54.63954,-126.23197,12.76473,5.19471,-2.64429,-9.51725,1.74304,-9.00046,7.7367,,,,,,,,,,,,,,,,,,,,,,,,,,,,,,,,,,,,,,,,,,,,,,,,,,,High,High,High,,,,,,135.409457,-10.186138,1994.131046,0.984238,10:30,0.212693,0.694536,-0.6873,-73.079763,40.434321,-73.284704,96.881956,-0.802318,0.992698,-0.014003,-0.119812,6.665993,-83.071657,0.014003,-0.992698,0.119812,-6.665993,83.071657,-0.014003,0.992698,0.119812,-96.881956,0.802318,-0.992698,0.014003,-0.119812,,,
184,2026-04-12,14:46:38.24,1,7,"Mudd, Tyler",809052,Left,BOC_EAG,"Daniel, Pete",838741,Right,VIR_TEC,Undefined,6,Top,0,3,2,Sinker,Sinker,InPlay,Undefined,GroundBall,Out,1,0,,86.86273,-0.600937,2.946517,1933.492072,120.174191,10:00,5.18352,-1.61859,5.87519,-25.19356,12.73859,-19.37225,2.52516,-0.49389,77.6501,-5.365569,-0.526228,0.443277,70.61938,-52.178601,-44.621146,,,,,2.86448,1.61563,-16.930179,0.030783,10.90816,7.13481,1.39143,50,5.12061,-5.65526,-125.76958,-2.10818,17.05652,31.16157,-21.01773,BOC_EAG,VIR_TEC,HarringtonVillage,D1,ACC,20260412-HarringtonVillage-1,f091e830-369f-11f1-85bd-1b9279e81419,85.0314,2.52782,,9.21264,,,,1.34364,2.52782,0.54419,b439a363-5661-400d-8b76-3a48f938d72a,2026-04-12,18:46:38.24,2026-04-12T14:46:38.2484480-04:00,2026-04-12T18:46:38.2484480Z,GroundBall,v3,227,2293,26587,"Johnson, Gunnar",1000100233,Right,BOC_EAG,95f0fda3-ff20-439a-a32e-cbb3a9c033fc,54.62078,-126.90929,15.58079,5.18366,-1.33947,-10.50886,1.60968,-6.27909,8.52826,,1.34282,45.3717,,,,,,,,2.5293,-82.11644,,,,,,,,0.545,-44.77562,,,,,,,,,,,,,,,,,,,,,,,,,,,,,,High,High,High,Low,Low,,,,134.625879,-17.331784,1845.703193,0.954596,10:30,0.324848,0.682481,-0.654746,-72.746153,48.35026,-77.526935,100.559387,5.322045,0.978828,0.092754,-0.182465,26.945962,78.188852,0.092754,0.978828,0.182465,-26.945962,-78.188852,-0.092754,-0.978828,0.182465,-100.559387,-5.322045,-0.978828,-0.092754,-0.182465,,,
185,2026-04-12,14:47:14.06,2,1,"Mudd, Tyler",809052,Left,BOC_EAG,"Petrich, Owen",838743,Right,VIR_TEC,Undefined,6,Top,1,0,0,Sinker,Sinker,BallCalled,Undefined,Undefined,Undefined,0,0,,86.42189,-0.950998,4.755077,1917.942493,121.722652,10:00,5.26407,-1.55849,,-25.05182,11.84713,-17.09871,2.30175,1.38463,78.35997,-5.708416,1.659337,0.437198,,,,,,,,,,,,10.38245,6.88772,1.23811,50,5.1881,-9.76479,-125.19225,-2.77849,16.33626,27.29856,-21.33659,BOC_EAG,VIR_TEC,HarringtonVillage,D1,ACC,20260412-HarringtonVillage-1,05e188d0-36a0-11f1-85bd-1b9279e81419,86.2136,,,8.06192,,,,,,,b439a363-5661-400d-8b76-3a48f938d72a,2026-04-12,18:47:14.06,2026-04-12T14:47:14.0642304-04:00,2026-04-12T18:47:14.0642304Z,,v3,227,2293,26587,"Johnson, Gunnar",1000100233,Right,BOC_EAG,00a2e073-9b22-47b0-a58b-ae486285b6b7,53.91907,-126.04392,13.64928,5.26441,-2.11283,-10.66829,1.55071,-10.27445,8.16813,,,,,,,,,,,,,,,,,,,,,,,,,,,,,,,,,,,,,,,,,,,,,,,,,,,High,High,High,,,,,,132.490843,-16.816407,1835.924925,0.957237,10:30,0.330195,0.710557,-0.621353,-52.510744,27.863252,70.30962,99.783834,5.916098,0.980207,0.103072,-0.169026,31.37477,78.581483,0.103072,0.980207,0.169026,-31.37477,-78.581483,-0.103072,-0.980207,0.169026,-99.783834,-5.916098,-0.980207,-0.103072,-0.169026,,,
186,2026-04-12,14:47:25.45,2,2,"Mudd, Tyler",809052,Left,BOC_EAG,"Petrich, Owen",838743,Right,VIR_TEC,Undefined,6,Top,1,1,0,Sinker,Changeup,InPlay,Undefined,GroundBall,Out,1,0,,86.75489,-0.594959,3.924815,1989.120917,113.818324,9:45,5.06513,-1.8657,5.84142,-27.50856,9.9715,-19.73166,2.21851,0.14327,78.88056,-5.726867,0.394571,0.440627,106.5231,-1.139409,-11.485994,1911.534556,,,,37.05038,34.85012,-12.357153,0.2408,11.25599,5.63603,1.55748,50,5.00048,-7.81155,-125.73064,-2.20985,17.91883,26.80153,-23.20181,BOC_EAG,VIR_TEC,HarringtonVillage,D1,ACC,20260412-HarringtonVillage-1,0cab82b0-36a0-11f1-85bd-1b9279e81419,85.54265,2.23075,,7.87433,,,,0.91931,2.23075,-0.18726,b439a363-5661-400d-8b76-3a48f938d72a,2026-04-12,18:47:25.45,2026-04-12T14:47:25.4534656-04:00,2026-04-12T18:47:25.4534656Z,GroundBall,v3,227,2293,26587,"Johnson, Gunnar",1000100233,Right,BOC_EAG,280fb550-50ff-42de-9909-910250565ad8,54.65786,-126.71965,13.40076,5.06623,-1.35367,-11.60091,1.85794,-8.47278,8.95942,43.422878,0.92215,152.91807,-26.82628,,,,,,,2.23386,-3.27839,-24.96224,,,,,,,-0.18582,-31.18385,-4.06062,,,,,,,,,,,,,,,,,,,,,,,,,,,,,High,High,High,High,High,,,,127.743716,-8.157815,1968.992954,0.989881,10:15,0.174926,0.784186,-0.595359,-73.156432,51.697037,-72.682145,96.758904,2.042212,0.992419,0.035636,-0.117617,16.855844,82.940676,0.035636,0.992419,0.117617,-16.855844,-82.940676,-0.035636,-0.992419,0.117617,-96.758904,-2.042212,-0.992419,-0.035636,-0.117617,74.13595,9.0236,-3.24534
187,2026-04-12,14:47:49.89,3,1,"Mudd, Tyler",809052,Left,BOC_EAG,"Gibson, Ethan",703551,Right,VIR_TEC,Undefined,6,Top,2,0,0,Sinker,Sinker,InPlay,Undefined,Popup,Out,1,0,,86.92212,-0.429838,3.143036,1987.632103,128.930179,10:15,5.12444,-1.83473,5.85288,-23.39194,13.8341,-15.60013,2.77512,-0.21143,79.07377,-4.827436,0.349626,0.439132,88.37099,57.015284,26.72377,,82.34325,132.32049,72.93525,218.14445,218.14445,48.057128,5.79201,8.91016,7.56178,1.58852,50,5.07589,-6.28034,-126.07541,-1.68097,14.27856,26.67823,-20.05631,BOC_EAG,VIR_TEC,HarringtonVillage,D1,ACC,20260412-HarringtonVillage-1,1b4a56c0-36a0-11f1-85bd-1b9279e81419,85.83398,135.02394,,7.84836,,,,1.27519,2.63376,0.13089,b439a363-5661-400d-8b76-3a48f938d72a,2026-04-12,18:47:49.89,2026-04-12T14:47:49.8957824-04:00,2026-04-12T18:47:49.8957824Z,FlyBall,v3,227,2293,26587,"Johnson, Gunnar",1000100233,Right,BOC_EAG,dc6d246d-7239-400f-875c-138a20d77ace,54.64578,-127.05468,13.33912,5.12408,-0.94477,-10.02816,1.82867,-6.80446,7.13928,207.251996,1.27931,62.83349,-20.34356,4.37047,0.40848,-0.61692,0.17886,-0.02259,0.00108,2.60515,109.19466,-29.34372,5.00872,-1.68498,0.44481,-0.06777,0.00503,-0.00013,0.11746,32.00562,1.1303,-0.04247,-0.80592,0.46031,-0.11485,0.01367,-0.00063,,,,,,,,,,,,,,,,,,,,,,,High,High,High,High,Low,,,,134.599489,-12.268868,1942.236933,0.977161,10:30,0.244581,0.697345,-0.673714,-62.980458,45.049576,-66.762506,93.107178,5.313188,0.99424,0.0926,-0.053971,59.764583,83.84721,0.0926,0.99424,0.053971,-59.764583,-83.84721,-0.0926,-0.99424,0.053971,-93.107178,-5.313188,-0.99424,-0.0926,-0.053971,68.76302,11.58873,-3.96643
188,2026-04-12,14:50:18.65,1,1,"Robertson, Aiden",833405,Right,VIR_TEC,"Larson, Colin",831502,Left,BOC_EAG,Undefined,6,Bottom,0,0,0,ChangeUp,Changeup,BallCalled,Undefined,Undefined,Undefined,0,0,,83.3824,-1.550879,-4.893745,2190.554308,271.330514,3:00,4.78965,2.97152,5.94817,-39.77408,1.13965,14.77961,0.0311,-0.34684,75.58345,-8.88561,-2.245773,0.460369,,,,,,,,,,,,-9.24142,1.45906,-2.58983,50,4.64337,9.75418,-120.57923,-4.57256,-13.38887,26.9328,-30.06016,BOC_EAG,VIR_TEC,HarringtonVillage,D1,ACC,20260412-HarringtonVillage-1,73edd630-36a0-11f1-85bd-1b9279e81419,81.87444,,,7.79895,,,,,,,b439a363-5661-400d-8b76-3a48f938d72a,2026-04-12,18:50:18.65,2026-04-12T14:50:18.6506240-04:00,2026-04-12T18:50:18.6506240Z,,v3,227,2293,26587,"Cooke, Henry",805714,Right,VIR_TEC,1b3e8d67-4c94-4c10-ad02-1ac7a3c98809,54.5513,-121.59157,13.4664,4.79401,-3.44267,-15.03008,-2.96593,10.25744,-6.69444,,,,,,,,,,,,,,,,,,,,,,,,,,,,,,,,,,,,,,,,,,,,,,,,,,,High,High,High,,,,,,261.901304,-17.035701,2094.438032,0.956122,2:45,0.305827,-0.938311,-0.161375,8.923828,36.494875,-83.347438,147.369296,60.900899,0.262235,0.87378,-0.409562,64.886343,15.202746,0.87378,0.262235,0.409562,-64.886343,-15.202746,-0.87378,-0.262235,0.409562,-147.369296,-60.900899,-0.262235,-0.87378,-0.409562,,,
189,2026-04-12,14:50:33.01,1,2,"Robertson, Aiden",833405,Right,VIR_TEC,"Larson, Colin",831502,Left,BOC_EAG,Undefined,6,Bottom,0,1,0,Fastball,Sinker,StrikeCalled,Undefined,Undefined,Undefined,0,0,,89.55434,-1.171027,-4.943116,2165.456495,233.026482,1:45,4.85259,2.87007,6.07182,-23.11383,12.05548,14.35237,1.83865,-0.51933,80.93016,-5.53038,-2.371441,0.426828,,,,,,,,,,,,-8.86953,6.93575,-2.49379,50,4.7494,10.59026,-129.51783,-3.38034,-14.90464,29.7563,-20.51896,BOC_EAG,VIR_TEC,HarringtonVillage,D1,ACC,20260412-HarringtonVillage-1,7c81e1b0-36a0-11f1-85bd-1b9279e81419,88.30819,,,8.62419,,,,,,,b439a363-5661-400d-8b76-3a48f938d72a,2026-04-12,18:50:33.01,2026-04-12T14:50:33.0171392-04:00,2026-04-12T18:50:33.0171392Z,,v3,227,2293,26587,"Cooke, Henry",805714,Right,VIR_TEC,e12d2cf8-5a7e-45cd-994f-12495373fdf8,54.42451,-130.53039,14.87815,4.85255,-2.68211,-10.25948,-2.86279,11.09744,-7.45232,,,,,,,,,,,,,,,,,,,,,,,,,,,,,,,,,,,,,,,,,,,,,,,,,,,High,High,High,,,,,,239.387487,7.149082,2148.621568,0.992226,2:00,-0.150113,-0.856305,-0.494174,88.968025,34.159939,-83.596154,167.40754,75.396053,0.054969,0.967692,-0.246071,75.732837,3.151102,0.967692,0.054969,0.246071,-75.732837,-3.151102,-0.967692,-0.054969,0.246071,-167.40754,-75.396053,-0.054969,-0.967692,-0.246071,,,
190,2026-04-12,14:50:48.37,1,3,"Robertson, Aiden",833405,Right,VIR_TEC,"Larson, Colin",831502,Left,BOC_EAG,Undefined,6,Bottom,0,1,1,ChangeUp,Changeup,InPlay,Undefined,GroundBall,Out,1,0,,84.45035,0.425386,-4.168363,2210.164696,270.508281,3:00,4.89178,2.82216,5.86943,-38.77597,1.33843,20.91946,2.05663,0.68673,75.78289,-6.76871,-0.423048,0.455849,87.26702,-22.949431,27.505478,,,,,6.71808,6.71808,14.06903,0.042627,-12.11737,0.96362,-2.49653,50,4.90398,8.05388,-122.20056,-0.39489,-17.93348,28.85243,-30.74792,BOC_EAG,VIR_TEC,HarringtonVillage,D1,ACC,20260412-HarringtonVillage-1,859de1e0-36a0-11f1-85bd-1b9279e81419,82.68616,2.13148,,8.66746,,,,2.05176,2.13148,-0.69167,b439a363-5661-400d-8b76-3a48f938d72a,2026-04-12,18:50:48.37,2026-04-12T14:50:48.3736576-04:00,2026-04-12T18:50:48.3736576Z,GroundBall,v3,227,2293,26587,"Cooke, Henry",805714,Right,VIR_TEC,9da0009d-7c2a-4b48-9eef-fcec4acd0b54,54.62885,-123.28862,14.42622,4.89701,0.76465,-15.37396,-2.813,8.73018,-8.96674,,2.05037,104.74093,,,,,,,,2.13214,-50.00281,,,,,,,,-0.69239,54.5374,,,,,,,,,,,,,,,,,,,,,,,,,,,,,,High,High,High,Estimated,Estimated,,,,255.996314,-9.45809,2180.119863,0.986406,2:30,0.13945,-0.958284,-0.249491,-7.271283,-34.147448,89.773142,149.30231,68.849708,0.184199,0.932637,-0.310256,71.599534,10.614455,0.932637,0.184199,0.310256,-71.599534,-10.614455,-0.932637,-0.184199,0.310256,-149.30231,-68.849708,-0.184199,-0.932637,-0.310256,,,
191,2026-04-12,14:51:24.81,2,1,"Robertson, Aiden",833405,Right,VIR_TEC,"Solier, Julio",827632,Right,BOC_EAG,Undefined,6,Bottom,1,0,0,Fastball,Sinker,StrikeCalled,Undefined,Undefined,Undefined,0,0,,91.40402,-1.31589,-5.17905,2240.405502,246.569794,2:15,4.85848,2.94798,5.97753,-24.18068,9.53882,19.35883,1.6184,-0.25279,83.00543,-5.840708,-1.715982,0.417938,,,,,,,,,,,,-11.44197,5.62335,-2.54813,50,4.74067,11.14909,-132.23255,-3.86022,-20.14915,29.62372,-22.2714,BOC_EAG,VIR_TEC,HarringtonVillage,D1,ACC,20260412-HarringtonVillage-1,9b5ac340-36a0-11f1-85bd-1b9279e81419,90.18667,,,8.39859,,,,,,,b439a363-5661-400d-8b76-3a48f938d72a,2026-04-12,18:51:24.81,2026-04-12T14:51:24.8157696-04:00,2026-04-12T18:51:24.8157696Z,,v3,227,2293,26587,"Cooke, Henry",805714,Right,VIR_TEC,b266091a-38d9-4b9a-ad13-17104afadaa2,54.52132,-133.24161,14.81186,4.85924,-3.1016,-11.1357,-2.93958,11.83541,-10.07457,,,,,,,,,,,,,,,,,,,,,,,,,,,,,,,,,,,,,,,,,,,,,,,,,,,High,High,High,,,,,,239.14317,3.624124,2235.925146,0.998,2:00,-0.089547,-0.857961,-0.505851,75.422336,38.276161,-86.831506,150.935595,79.114707,0.091739,0.982007,-0.165063,80.458489,5.263641,0.982007,0.091739,0.165063,-80.458489,-5.263641,-0.982007,-0.091739,0.165063,-150.935595,-79.114707,-0.091739,-0.982007,-0.165063,,,
192,2026-04-12,14:51:40.68,2,2,"Robertson, Aiden",833405,Right,VIR_TEC,"Solier, Julio",827632,Right,BOC_EAG,Undefined,6,Bottom,1,0,1,Sinker,Sinker,FoulBallNotFieldable,Undefined,Undefined,Undefined,0,0,,91.02637,-0.109277,-4.657475,2212.662616,261.727594,2:45,4.83279,2.96592,5.91498,-30.1734,4.04981,19.48021,2.21659,0.25724,82.18401,-5.719394,-1.172109,0.421048,,,,,,,,,,,,-11.47426,2.44457,-2.6032,50,4.80686,9.8951,-131.74938,-1.31662,-19.91651,31.24757,-27.93088,BOC_EAG,VIR_TEC,HarringtonVillage,D1,ACC,20260412-HarringtonVillage-1,a4caafd0-36a0-11f1-85bd-1b9279e81419,89.52048,,,8.84236,,,,,,,b439a363-5661-400d-8b76-3a48f938d72a,2026-04-12,18:51:40.68,2026-04-12T14:51:40.6899712-04:00,2026-04-12T18:51:40.6899712Z,,v3,227,2293,26587,"Cooke, Henry",805714,Right,VIR_TEC,1791823d-73a5-4cbe-a82d-5c3ed40a31aa,54.58423,-132.83219,15.62379,4.83572,-0.34875,-13.96544,-2.95804,10.58526,-9.95825,,,,,,,,,,,,,,,,,,,,,,,,,,,,,,,,,,,,,,,,,,,,,,,,,,,High,High,High,,,,,,238.148042,6.016322,2200.475441,0.994492,2:00,-0.145474,-0.844934,-0.514707,-94.926097,-43.337728,-80.106629,131.607711,71.771506,0.233889,0.949817,-0.207712,77.664363,13.526128,0.949817,0.233889,0.207712,-77.664363,-13.526128,-0.949817,-0.233889,0.207712,-131.607711,-71.771506,-0.233889,-0.949817,-0.207712,,,
193,2026-04-12,14:52:02.64,2,3,"Robertson, Aiden",833405,Right,VIR_TEC,"Solier, Julio",827632,Right,BOC_EAG,Undefined,6,Bottom,1,0,2,Sweeper,Slider,StrikeSwinging,Strikeout,Undefined,Undefined,0,0,,79.53706,1.111897,-2.852748,2580.608179,82.617079,8:45,4.7553,2.99874,5.49394,-46.90979,-1.05476,-20.94336,1.88766,-1.41727,71.85614,-7.479349,-6.57201,0.487377,,,,,,,,,,,,9.54607,-0.40744,-2.7346,50,4.82145,6.58,-115.13441,0.64687,12.52144,25.92103,-32.70848,BOC_EAG,VIR_TEC,HarringtonVillage,D1,ACC,20260412-HarringtonVillage-1,b1efdc30-36a0-11f1-85bd-1b9279e81419,77.33734,,,7.68092,,,,,,,b439a363-5661-400d-8b76-3a48f938d72a,2026-04-12,18:52:02.64,2026-04-12T14:52:02.6430000-04:00,2026-04-12T18:52:02.6430000Z,,v3,227,2293,26587,"Cooke, Henry",805714,Right,VIR_TEC,b95f160c-efea-46df-a394-42f43e9b9fa3,55.00376,-116.25548,12.96052,4.76289,2.0615,-16.35424,-3.00747,6.03845,6.26072,,,,,,,,,,,,,,,,,,,,,,,,,,,,,68.08818,,,1.000562,,,,0.45916,5.8976,1.3446,67.82073,6.44455,-56.97363,0.49242,71.57839,-4.27947,5.94356,14.49635,-13.97842,1.24438,-66.37823,8.1707,High,High,High,,,High,High,High,67.829712,66.154713,1043.258239,0.404268,8:15,-0.898487,0.392057,0.197517,-51.962547,50.566088,-5.741564,99.943139,-40.8349,0.745233,-0.653882,-0.130642,78.701371,-48.179074,0.653882,-0.745233,0.130642,-78.701371,48.179074,-0.653882,0.745233,0.130642,-99.943139,40.8349,-0.745233,0.653882,-0.130642,,,
194,2026-04-12,14:52:37.85,3,1,"Robertson, Aiden",833405,Right,VIR_TEC,"Mainolfi, Ty",839397,Left,BOC_EAG,Undefined,6,Bottom,2,0,0,Sweeper,Slider,StrikeCalled,Undefined,Undefined,Undefined,0,0,,80.46143,1.308411,-1.021003,2632.763866,87.756685,9:00,4.73783,3.08359,5.6173,-43.33723,0.71221,-19.68509,2.34791,0.4902,73.15464,-6.660733,-4.534479,0.477685,,,,,,,,,,,,9.6213,0.41413,-2.98368,50,4.82189,2.86817,-116.73534,1.2105,13.11702,24.43666,-31.60946,BOC_EAG,VIR_TEC,HarringtonVillage,D1,ACC,20260412-HarringtonVillage-1,c6e7bfe0-36a0-11f1-85bd-1b9279e81419,78.90649,,,7.30679,,,,,,,b439a363-5661-400d-8b76-3a48f938d72a,2026-04-12,18:52:37.85,2026-04-12T14:52:37.8516992-04:00,2026-04-12T18:52:37.8516992Z,,v3,227,2293,26587,"Cooke, Henry",805714,Right,VIR_TEC,a25dd181-caa1-4d14-b9b8-3c5417bf7630,54.88139,-117.75275,12.21833,4.7441,2.52654,-15.80473,-3.09173,2.32205,6.55851,,,,,,,,,,,,,,,,,,,,,,,,,,,,,,,,,,,,,,,,,,,,,,,,,,,High,High,High,,,,,,59.647359,69.278224,931.55175,0.35383,8:00,-0.92476,0.326609,0.195307,85.010377,-35.684257,-18.427501,93.599201,-43.062241,0.729171,-0.682792,-0.045865,86.157031,-46.81697,0.682792,-0.729171,0.045865,-86.157031,46.81697,-0.682792,0.729171,0.045865,-93.599201,43.062241,-0.729171,0.682792,-0.045865,,,
195,2026-04-12,14:52:54.63,3,2,"Robertson, Aiden",833405,Right,VIR_TEC,"Mainolfi, Ty",839397,Left,BOC_EAG,Undefined,6,Bottom,2,0,1,Sinker,Sinker,FoulBallNotFieldable,Undefined,Undefined,Undefined,0,0,,90.69705,0.223526,-3.777758,2143.626291,250.934421,2:15,4.91216,2.93342,6.0017,-26.24383,7.78107,19.26832,2.93273,1.03371,82.4519,-4.681944,-0.320355,0.419826,96.14941,-0.573236,-64.423588,1893.119261,,,,48.72691,48.61237,-64.236389,0.37583,-10.96418,4.27083,-2.64635,50,4.91543,7.85729,-131.51653,-0.37332,-19.12484,28.95699,-24.72443,BOC_EAG,VIR_TEC,HarringtonVillage,D1,ACC,20260412-HarringtonVillage-1,d0f23ec0-36a0-11f1-85bd-1b9279e81419,89.78102,2.97072,,8.24515,,,,-0.40529,2.97072,-0.76901,b439a363-5661-400d-8b76-3a48f938d72a,2026-04-12,18:52:54.63,2026-04-12T14:52:54.6355712-04:00,2026-04-12T18:52:54.6355712Z,GroundBall,v3,227,2293,26587,"Cooke, Henry",805714,Right,VIR_TEC,5e6ccfcc-9128-4242-8077-b19ccf19caec,54.49722,-132.50301,14.4785,4.9138,0.46897,-12.36221,-2.92512,8.50882,-9.56242,,-0.40093,60.72123,-8.81058,,,,,,,2.97873,-1.69985,-16.61834,,,,,,,-0.79419,-126.28737,31.12885,,,,,,,,,,,,,,,,,,,,,,,,,,,,,High,High,High,Medium,High,,,,238.253114,3.141617,2140.404692,0.998497,2:00,-0.092605,-0.848883,-0.520406,-95.021869,-38.055263,-76.19421,124.39021,67.884115,0.310676,0.926424,-0.212646,77.07257,18.099974,0.926424,0.310676,0.212646,-77.07257,-18.099974,-0.926424,-0.310676,0.212646,-124.39021,-67.884115,-0.310676,-0.926424,-0.212646,,,
196,2026-04-12,14:53:16.36,3,3,"Robertson, Aiden",833405,Right,VIR_TEC,"Mainolfi, Ty",839397,Left,BOC_EAG,Undefined,6,Bottom,2,0,2,ChangeUp,Changeup,InPlay,Undefined,GroundBall,Out,1,0,,84.19823,0.834247,-4.451405,2054.702957,276.81793,3:15,4.81444,2.81246,5.90344,-40.90778,-1.31791,21.69399,2.18227,0.47983,76.9044,-6.700417,-0.567245,0.452859,78.37982,-54.648491,70.900521,,,,,2.6616,2.6616,22.499475,0.023862,-12.41304,-0.56165,-2.46684,50,4.85807,8.64452,-122.04718,0.40079,-18.68503,24.47368,-33.01948,BOC_EAG,VIR_TEC,HarringtonVillage,D1,ACC,20260412-HarringtonVillage-1,ddd1fdb0-36a0-11f1-85bd-1b9279e81419,83.23208,2.24319,,7.29382,,,,1.93832,2.24319,-0.48517,b439a363-5661-400d-8b76-3a48f938d72a,2026-04-12,18:53:16.36,2026-04-12T14:53:16.3665920-04:00,2026-04-12T18:53:16.3665920Z,GroundBall,v3,227,2293,26587,"Cooke, Henry",805714,Right,VIR_TEC,0d304b7b-2a7b-4730-bdb3-23a5e124dc75,54.59826,-122.96579,12.23684,4.81977,1.64017,-16.50974,-2.80448,9.34586,-9.34252,,1.9381,21.82108,,,,,,,,2.24414,-94.00815,,,,,,,,-0.48581,63.01737,,,,,,,,,,,,,,,,,,,,,,,,,,,,,,High,High,High,Estimated,Estimated,,,,262.40687,-11.466026,2013.696736,0.980043,2:45,0.174014,-0.97424,-0.143439,9.559869,-43.829547,84.288106,163.651167,51.815045,0.174014,0.786019,-0.593205,52.958296,10.021306,0.786019,0.174014,0.593205,-52.958296,-10.021306,-0.786019,-0.174014,0.593205,-163.651167,-51.815045,-0.174014,-0.786019,-0.593205,,,
197,2026-04-12,14:55:22.65,1,1,"Mudd, Tyler",809052,Left,BOC_EAG,"Gates, Sam",811781,Left,VIR_TEC,Undefined,7,Top,0,0,0,Slider,Slider,StrikeCalled,Undefined,Undefined,Undefined,0,0,,78.06061,1.437919,1.760756,2104.57037,191.126458,12:15,4.98156,-2.23808,5.60041,-41.50546,5.16,0.71102,2.86608,-0.53453,71.06752,-6.21764,1.887594,0.491665,,,,,,,,,,,,0.1635,2.66614,2.08681,50,5.0781,-3.5076,-113.20198,1.50952,0.21081,21.88985,-28.73637,BOC_EAG,VIR_TEC,HarringtonVillage,D1,ACC,20260412-HarringtonVillage-1,292485d0-36a1-11f1-85bd-1b9279e81419,76.66288,,,6.99309,,,,,,,b439a363-5661-400d-8b76-3a48f938d72a,2026-04-12,18:55:22.65,2026-04-12T14:55:22.6516480-04:00,2026-04-12T18:55:22.6516480Z,,v3,227,2293,26587,"Johnson, Gunnar",1000100233,Right,BOC_EAG,3357ea8b-8b33-44e6-9077-051895dbdf50,54.89623,-114.14484,10.94492,4.98643,2.74728,-14.36819,2.23808,-3.51668,0.1054,,,,,,,,,,,,,,,,,,,,,,,,,,,,,,,,,,,,,,,,,,,,,,,,,,,High,High,High,,,,,,128.23736,-77.904058,441.011255,0.209549,10:15,0.985142,0.140003,-0.099472,-21.71209,45.386938,-52.107907,129.813558,24.715538,0.697767,0.418113,-0.581637,35.710686,44.248136,0.418113,0.697767,0.581637,-35.710686,-44.248136,-0.418113,-0.697767,0.581637,-129.813558,-24.715538,-0.697767,-0.418113,-0.581637,,,
198,2026-04-12,14:55:34.02,1,2,"Mudd, Tyler",809052,Left,BOC_EAG,"Gates, Sam",811781,Left,VIR_TEC,Undefined,7,Top,0,0,1,Slider,Slider,StrikeSwinging,Undefined,Undefined,Undefined,0,0,,79.9569,-0.591791,2.204399,2183.520095,227.469681,1:30,5.02671,-1.9602,5.50474,-41.64329,2.45973,1.27102,1.00254,0.20836,73.99168,-8.179283,2.430964,0.477976,,,,,,,,,,,,-0.06933,1.75134,1.76677,50,4.94665,-4.51899,-116.1247,-2.59807,-0.0952,20.61235,-29.76929,BOC_EAG,VIR_TEC,HarringtonVillage,D1,ACC,20260412-HarringtonVillage-1,2fea39f0-36a1-11f1-85bd-1b9279e81419,78.8585,,,5.96522,,,,,,,b439a363-5661-400d-8b76-3a48f938d72a,2026-04-12,18:55:34.02,2026-04-12T14:55:34.0200448-04:00,2026-04-12T18:55:34.0200448Z,,v3,227,2293,26587,"Johnson, Gunnar",1000100233,Right,BOC_EAG,2d8dde98-df59-4293-8ccb-12819a48e94a,54.9957,-117.00808,10.30617,5.03066,-1.32225,-14.88465,1.96036,-4.51491,-0.0476,,,,,,,,,,,,,,,,,,,,,,,,,,,,,,,,,,,,,,,,,,,,,,,,,,,High,High,High,,,,,,110.540722,-80.652475,354.652412,0.162422,9:45,0.986561,0.162279,-0.019056,-9.007252,41.713423,-40.641808,127.370461,29.521928,0.691546,0.492757,-0.528162,43.013779,43.752606,0.492757,0.691546,0.528162,-43.013779,-43.752606,-0.492757,-0.691546,0.528162,-127.370461,-29.521928,-0.691546,-0.492757,-0.528162,,,
199,2026-04-12,14:55:48.85,1,3,"Mudd, Tyler",809052,Left,BOC_EAG,"Gates, Sam",811781,Left,VIR_TEC,Undefined,7,Top,0,0,2,Slider,Slider,FoulBallNotFieldable,Undefined,Undefined,Undefined,0,0,,80.75089,-0.979635,2.361724,2242.866211,231.167421,1:45,5.12413,-1.89393,5.4547,-39.48034,4.92713,4.08433,0.91619,0.65851,72.99647,-8.232819,3.088809,0.479622,,,,,,,,,,,,-1.27102,3.26945,1.68267,50,5.01087,-4.98715,-116.91493,-3.32979,-1.72492,26.05498,-27.73702,BOC_EAG,VIR_TEC,HarringtonVillage,D1,ACC,20260412-HarringtonVillage-1,38c19000-36a1-11f1-85bd-1b9279e81419,78.58776,,,7.75441,,,,,,,b439a363-5661-400d-8b76-3a48f938d72a,2026-04-12,18:55:48.85,2026-04-12T14:55:48.8576512-04:00,2026-04-12T18:55:48.8576512Z,,v3,227,2293,26587,"Johnson, Gunnar",1000100233,Right,BOC_EAG,1d978ea4-f137-4448-a259-292fd06ec783,55.04163,-118.03313,13.02749,5.12823,-2.1394,-13.86851,1.89511,-4.91312,-0.86246,,,,,,,,,,,,,,,,,,,,,,,,,,,,,,,,,,,,,,,,,,,,,,,,,,,High,High,High,,,,,,123.97523,-81.333837,337.948384,0.150677,10:15,0.988934,0.141837,-0.043488,-12.709933,42.154175,-46.237259,126.489898,27.424823,0.713609,0.460584,-0.527848,41.106959,45.529336,0.460584,0.713609,0.527848,-41.106959,-45.529336,-0.460584,-0.713609,0.527848,-126.489898,-27.424823,-0.713609,-0.460584,-0.527848,,,
200,2026-04-12,14:56:05.05,1,4,"Mudd, Tyler",809052,Left,BOC_EAG,"Gates, Sam",811781,Left,VIR_TEC,Undefined,7,Top,0,0,2,Fastball,Four-Seam,InPlay,Undefined,LineDrive,Single,0,0,,85.83947,-1.109213,2.011789,2103.424868,166.214651,11:30,5.86869,-0.95796,5.88175,-18.87631,19.84064,-4.50547,3.26483,0.53561,76.90988,-4.742022,1.204038,0.447839,104.22506,15.008327,3.34636,998.668116,109.99964,23.57192,-0.04854,258.80174,258.80174,-3.25502,2.46434,2.98508,10.93835,0.79811,50,5.76849,-4.18062,-124.34336,-2.92074,4.57447,29.85763,-15.41159,BOC_EAG,VIR_TEC,HarringtonVillage,D1,ACC,20260412-HarringtonVillage-1,426006a0-36a1-11f1-85bd-1b9279e81419,84.16515,24.91719,,8.92959,,,,1.09217,3.22043,-0.51328,b439a363-5661-400d-8b76-3a48f938d72a,2026-04-12,18:56:05.05,2026-04-12T14:56:05.0575360-04:00,2026-04-12T18:56:05.0575360Z,LineDrive,v3,227,2293,26587,"Johnson, Gunnar",1000100233,Right,BOC_EAG,7fe795df-5b38-4970-b4b2-8053cf12d311,54.61286,-125.44612,14.92882,5.86586,-2.35153,-7.7058,0.95564,-4.34958,2.28723,107.513497,1.09216,147.397,-26.39133,5.50319,-1.06844,0.17352,-0.02584,0.00294,-0.00017,3.22043,39.58545,-19.50025,1.38747,-0.06752,-0.02425,0.01023,-0.00148,8E-05,-0.51327,8.61809,-13.17906,5.51125,-1.72098,0.44306,-0.09206,0.01294,-0.00087,,,,,,,,,,,,,,,,,,,,,,,High,High,High,High,High,,,,155.001132,-13.375385,2046.370203,0.972875,11:15,0.254143,0.415539,-0.873349,18.9787,-23.055986,39.428098,175.259816,-9.713888,0.081453,-0.168728,-0.982291,9.746589,-4.67207,0.168728,-0.081453,0.982291,-9.746589,4.67207,-0.168728,0.081453,0.982291,-175.259816,9.713888,-0.081453,0.168728,-0.982291,,,
201,2026-04-12,14:56:34.08,2,1,"Mudd, Tyler",809052,Left,BOC_EAG,"Locurto, Nick",824009,Right,VIR_TEC,Undefined,7,Top,0,0,0,ChangeUp,Changeup,StrikeCalled,Undefined,Undefined,Undefined,0,0,,80.13543,-0.484702,2.729125,1429.257863,137.242185,10:30,5.88725,-1.23296,5.69806,-31.46305,12.56064,-10.27233,2.81313,0.4561,73.13701,-6.333339,0.893776,0.477545,,,,,,,,,,,,5.99067,6.96067,1.0102,50,5.82709,-5.13648,-116.21436,-1.9571,8.16529,22.46333,-22.68666,BOC_EAG,VIR_TEC,HarringtonVillage,D1,ACC,20260412-HarringtonVillage-1,53bf0c20-36a1-11f1-85bd-1b9279e81419,78.92954,,,6.99842,,,,,,,b439a363-5661-400d-8b76-3a48f938d72a,2026-04-12,18:56:34.08,2026-04-12T14:56:34.0835840-04:00,2026-04-12T18:56:34.0835840Z,,v3,227,2293,26587,"Johnson, Gunnar",1000100233,Right,BOC_EAG,97ed1609-bc31-4352-966d-bc2954632b3c,54.79879,-117.13825,11.23167,5.8884,-1.02402,-11.34333,1.22836,-5.47231,4.08264,,,,,,,,,,,,,,,,,,,,,,,,,,,,,,,,,,,,,,,,,,,,,,,,,,,High,High,High,,,,,,149.009053,-2.897195,1427.431033,0.998722,11:00,0.086905,0.514654,-0.852983,-94.421937,8.419062,-63.493398,113.181041,-17.014954,0.879028,-0.292621,-0.376408,37.861686,-61.525324,0.292621,-0.879028,0.376408,-37.861686,61.525324,-0.292621,0.879028,0.376408,-113.181041,17.014954,-0.879028,0.292621,-0.376408,,,
202,2026-04-12,14:56:48.43,2,2,"Mudd, Tyler",809052,Left,BOC_EAG,"Locurto, Nick",824009,Right,VIR_TEC,Undefined,7,Top,0,0,1,Fastball,Four-Seam,BallCalled,Undefined,Undefined,Undefined,0,0,,85.92636,-3.04573,0.987255,2086.475467,160.477921,11:15,5.77054,-1.21328,5.71604,-17.04611,21.38978,-7.11004,1.50969,-0.88602,78.0998,-6.294686,-0.284823,0.44621,,,,,,,,,,,,3.90831,12.18166,1.13519,50,5.50533,-1.84823,-124.51865,-7.09759,6.09094,26.72449,-13.18947,BOC_EAG,VIR_TEC,HarringtonVillage,D1,ACC,20260412-HarringtonVillage-1,5c477ee0-36a1-11f1-85bd-1b9279e81419,84.47233,,,7.82656,,,,,,,b439a363-5661-400d-8b76-3a48f938d72a,2026-04-12,18:56:48.43,2026-04-12T14:56:48.4339200-04:00,2026-04-12T18:56:48.4339200Z,,v3,227,2293,26587,"Johnson, Gunnar",1000100233,Right,BOC_EAG,16537005-e1ed-4510-8b2b-371fec666b1e,54.7805,-125.54046,13.36224,5.76707,-6.59329,-6.59473,1.21031,-2.08112,3.04547,,,,,,,,,,,,,,,,,,,,,,,,,,,,,,,,,,,,,,,,,,,,,,,,,,,High,High,High,,,,,,152.913285,-5.357699,2077.360016,0.995631,11:00,0.084416,0.45767,-0.885106,14.411284,-27.893493,53.921847,177.524969,2.810419,0.043132,0.049031,-0.997865,2.813039,2.472052,0.049031,0.043132,0.997865,-2.813039,-2.472052,-0.049031,-0.043132,0.997865,-177.524969,-2.810419,-0.043132,-0.049031,-0.997865,,,
203,2026-04-12,14:57:03.51,2,3,"Mudd, Tyler",809052,Left,BOC_EAG,"Locurto, Nick",824009,Right,VIR_TEC,Undefined,7,Top,0,1,1,Fastball,Four-Seam,FoulBallNotFieldable,Undefined,Undefined,Undefined,0,0,,85.67598,-1.801775,2.560259,2062.296344,157.107223,11:15,5.7791,-1.1748,5.7623,-18.29438,20.03029,-7.93426,2.57535,0.54853,78.27882,-5.272019,1.141528,0.445565,65.27814,58.425218,44.822071,3751.2074,55.07214,65.48339,95.22097,143.93846,84.10418,60.783433,4.555495,4.78579,11.10607,0.96767,50,5.61883,-5.23562,-124.28191,-4.44063,7.47975,25.07906,-14.81622,BOC_EAG,VIR_TEC,HarringtonVillage,D1,ACC,20260412-HarringtonVillage-1,6534a6e0-36a1-11f1-85bd-1b9279e81419,84.59476,83.36525,,7.39716,,,,2.02287,2.70783,-0.52027,b439a363-5661-400d-8b76-3a48f938d72a,2026-04-12,18:57:03.51,2026-04-12T14:57:03.5114496-04:00,2026-04-12T18:57:03.5114496Z,Popup,v3,227,2293,26587,"Johnson, Gunnar",1000100233,Right,BOC_EAG,f14cf873-4463-4033-ab59-5a6c33807151,54.73633,-125.23401,12.53953,5.77674,-3.87814,-7.40811,1.17183,-5.51958,3.73988,207.063317,2.03314,35.23774,-11.37041,0.23213,3.12533,-2.07404,0.63194,-0.09345,0.0054,2.69188,81.91698,-25.82242,4.87412,-2.31846,0.83653,-0.16944,0.01694,-0.00064,-0.52775,35.51788,-2.70652,1.33804,-1.2749,0.66252,-0.18103,0.02487,-0.00135,,,,,,,,,,,,,,,,,,,,,,,High,High,High,High,Medium,,,,149.56193,-7.848647,2042.977277,0.990632,11:00,0.158742,0.505906,-0.847856,24.224669,-21.943592,38.707536,174.715373,-6.9152,0.091433,-0.1204,-0.988506,6.944431,-5.246076,0.1204,-0.091433,0.988506,-6.944431,5.246076,-0.1204,0.091433,0.988506,-174.715373,6.9152,-0.091433,0.1204,-0.988506,68.59583,7.68224,-6.46101
204,2026-04-12,14:57:30.40,2,4,"Mudd, Tyler",809052,Left,BOC_EAG,"Locurto, Nick",824009,Right,VIR_TEC,Undefined,7,Top,0,1,2,ChangeUp,Changeup,BallCalled,Undefined,Undefined,Undefined,0,0,,82.4572,-3.532073,2.701725,1411.706663,137.515963,10:30,5.83027,-1.11874,5.67558,-27.53293,13.94847,-11.57646,0.23523,0.43711,76.01187,-8.608758,0.631954,0.463552,,,,,,,,,,,,6.69552,8.44233,0.89852,50,5.51445,-5.19411,-119.48774,-8.25157,9.7063,22.43521,-19.93545,BOC_EAG,VIR_TEC,HarringtonVillage,D1,ACC,20260412-HarringtonVillage-1,753ef1d0-36a1-11f1-85bd-1b9279e81419,81.31229,,,6.44533,,,,,,,b439a363-5661-400d-8b76-3a48f938d72a,2026-04-12,18:57:30.40,2026-04-12T14:57:30.4059904-04:00,2026-04-12T18:57:30.4059904Z,,v3,227,2293,26587,"Johnson, Gunnar",1000100233,Right,BOC_EAG,2e7d254d-3b4f-41ec-b324-c27ce5596bcd,54.82485,-120.39026,11.21761,5.83026,-7.44961,-9.96772,1.11532,-5.58457,4.85315,,,,,,,,,,,,,,,,,,,,,,,,,,,,,,,,,,,,,,,,,,,,,,,,,,,High,High,High,,,,,,150.028078,-8.817926,1395.020951,0.98818,11:00,0.162804,0.502177,-0.849301,-81.291965,-0.114383,-51.61237,108.685275,-17.088126,0.905473,-0.293842,-0.306226,43.817695,-64.887117,0.293842,-0.905473,0.306226,-43.817695,64.887117,-0.293842,0.905473,0.306226,-108.685275,17.088126,-0.905473,0.293842,-0.306226,,,
205,2026-04-12,14:57:48.79,2,5,"Mudd, Tyler",809052,Left,BOC_EAG,"Locurto, Nick",824009,Right,VIR_TEC,Undefined,7,Top,0,2,2,ChangeUp,Changeup,BallCalled,Undefined,Undefined,Undefined,0,0,,81.7102,-2.831828,2.742334,1370.058519,146.394029,11:00,5.83683,-1.24751,5.71996,-26.86549,14.99674,-9.14552,0.95508,0.54674,75.69218,-7.793754,1.106907,0.465675,,,,,,,,,,,,5.38425,8.73611,1.02416,50,5.58314,-5.32955,-118.5464,-6.70218,7.73641,20.60063,-19.62152,BOC_EAG,VIR_TEC,HarringtonVillage,D1,ACC,20260412-HarringtonVillage-1,80383d80-36a1-11f1-85bd-1b9279e81419,80.9416,,,6.01802,,,,,,,b439a363-5661-400d-8b76-3a48f938d72a,2026-04-12,18:57:48.79,2026-04-12T14:57:48.7934464-04:00,2026-04-12T18:57:48.7934464Z,,v3,227,2293,26587,"Johnson, Gunnar",1000100233,Right,BOC_EAG,805db36f-23ad-4a51-a441-d425615dcdfc,54.78014,-119.37419,10.30032,5.83661,-5.91373,-9.81076,1.24456,-5.64042,3.86821,,,,,,,,,,,,,,,,,,,,,,,,,,,,,,,,,,,,,,,,,,,,,,,,,,,High,High,High,,,,,,149.474586,-0.643178,1369.972197,0.999937,11:00,0.027346,0.507823,-0.861027,-87.070027,3.310884,-56.238127,106.143195,-20.902184,0.897356,-0.356774,-0.259741,53.94431,-63.812615,0.356774,-0.897356,0.259741,-53.94431,63.812615,-0.356774,0.897356,0.259741,-106.143195,20.902184,-0.897356,0.356774,-0.259741,,,
206,2026-04-12,14:58:04.21,2,6,"Mudd, Tyler",809052,Left,BOC_EAG,"Locurto, Nick",824009,Right,VIR_TEC,Undefined,7,Top,0,3,2,Sinker,Four-Seam,FoulBallNotFieldable,Undefined,Undefined,Undefined,0,0,,86.82187,-0.381388,3.562554,1900.760502,141.713532,10:45,5.1227,-1.78966,5.82306,-21.94663,15.33871,-11.15894,2.93856,0.59674,79.16836,-4.511607,1.567737,0.439481,71.40012,5.891145,48.948822,3057.83248,,,,88.10857,84.33713,52.495417,0.967872,6.73008,8.30465,1.50489,50,5.07857,-7.38089,-125.8967,-1.51884,10.78698,25.88209,-18.86333,BOC_EAG,VIR_TEC,HarringtonVillage,D1,ACC,20260412-HarringtonVillage-1,896813d0-36a1-11f1-85bd-1b9279e81419,85.76573,4.92524,,7.65351,,,,1.47651,3.01134,-0.7762,b439a363-5661-400d-8b76-3a48f938d72a,2026-04-12,18:58:04.21,2026-04-12T14:58:04.2131968-04:00,2026-04-12T18:58:04.2131968Z,GroundBall,v3,227,2293,26587,"Johnson, Gunnar",1000100233,Right,BOC_EAG,43837d3a-937a-4049-a3f8-f19626d18a20,54.67566,-126.8543,12.94104,5.12185,-0.82093,-9.43166,1.78535,-7.77999,5.39349,,1.47651,68.40986,-16.49483,1.83645,-0.35489,0.07122,-0.01125,0.00182,-0.00023,3.01134,10.74834,-15.58399,1.44039,-0.17853,0.04916,-0.0093,0.00126,-0.00013,-0.7762,78.55472,-5.6615,-0.02899,-0.03195,-0.00166,0.0019,-2E-05,-5E-05,,,,,,,,,,,,,,,,,,,,,,,High,High,High,High,High,,,,133.24649,-16.711031,1820.485969,0.957767,10:30,0.323123,0.699549,-0.637356,-99.305023,34.087387,79.917018,100.218547,8.066598,0.974401,0.140324,-0.175648,38.621128,77.007832,0.140324,0.974401,0.175648,-38.621128,-77.007832,-0.140324,-0.974401,0.175648,-100.218547,-8.066598,-0.974401,-0.140324,-0.175648,68.68332,-3.11182,13.02062
207,2026-04-12,14:58:22.50,2,7,"Mudd, Tyler",809052,Left,BOC_EAG,"Locurto, Nick",824009,Right,VIR_TEC,Undefined,7,Top,0,3,2,Sinker,Changeup,InPlay,Undefined,GroundBall,FieldersChoice,1,0,,86.04877,-0.816401,3.051151,1959.837015,121.925977,10:00,5.10927,-1.82155,5.90817,-28.50553,9.45784,-13.13946,1.9749,-0.08177,78.3361,-6.131505,0.694533,0.443459,71.54312,-42.592533,-43.794455,,,,,4.38035,4.38035,-19.706661,0.029323,7.66532,5.45488,1.58413,50,5.0274,-6.12316,-124.80576,-2.70171,12.01542,26.57212,-23.6235,BOC_EAG,VIR_TEC,HarringtonVillage,D1,ACC,20260412-HarringtonVillage-1,944d1430-36a1-11f1-85bd-1b9279e81419,84.99636,2.08845,,7.71268,,,,2.48398,2.08845,0.09515,b439a363-5661-400d-8b76-3a48f938d72a,2026-04-12,18:58:22.50,2026-04-12T14:58:22.5052672-04:00,2026-04-12T18:58:22.5052672Z,GroundBall,v3,227,2293,26587,"Johnson, Gunnar",1000100233,Right,BOC_EAG,3f064b46-4eed-4fc6-ad45-d89a0af34382,54.59058,-125.77933,13.28606,5.11053,-1.83617,-11.81175,1.81654,-6.5634,6.00771,,2.48321,55.92325,,,,,,,,2.08943,-71.22289,,,,,,,,0.09589,-53.61809,,,,,,,,,,,,,,,,,,,,,,,,,,,,,,High,High,High,Estimated,Estimated,,,,132.937668,-19.40367,1848.520981,0.943201,10:30,0.356091,0.695177,-0.624442,-94.432499,31.456503,74.466829,98.524004,8.369157,0.978422,0.14555,-0.146645,44.78532,78.075941,0.14555,0.978422,0.146645,-44.78532,-78.075941,-0.14555,-0.978422,0.146645,-98.524004,-8.369157,-0.978422,-0.14555,-0.146645,,,
208,2026-04-12,14:58:54.46,3,1,"Mudd, Tyler",809052,Left,BOC_EAG,"Ball, Ethan",831482,Left,VIR_TEC,Undefined,7,Top,1,0,0,Slider,Curveball,BallCalled,Undefined,Undefined,Undefined,0,0,,77.56533,2.073342,3.247561,2146.314183,310.875827,4:15,5.046,-2.07576,5.47199,-50.33641,-2.9039,5.07666,2.79551,1.38964,71.03031,-7.10708,4.148845,0.495689,,,,,,,,,,,,-1.62067,-1.5711,1.78658,50,5.19433,-6.57537,-112.38783,2.38566,-2.06757,20.85689,-34.17835,BOC_EAG,VIR_TEC,HarringtonVillage,D1,ACC,20260412-HarringtonVillage-1,a7675e40-36a1-11f1-85bd-1b9279e81419,76.04045,,,6.53502,,,,,,,b439a363-5661-400d-8b76-3a48f938d72a,2026-04-12,18:58:54.46,2026-04-12T14:58:54.4632320-04:00,2026-04-12T18:58:54.4632320Z,,v3,227,2293,26587,"Johnson, Gunnar",1000100233,Right,BOC_EAG,4832ab6b-5d4b-4f5d-b7c9-07ee261ffa27,55.02706,-113.31691,10.42845,5.05415,3.90815,-17.08918,2.07743,-6.48327,-1.03379,,,,,,,,,,,,,,,,,,,,,,,,,,,,,,,,,,,,,,,,,,,,,,,,,,,High,High,High,,,,,,218.097213,-86.754103,121.527077,0.056621,1:15,0.997402,-0.071033,0.011963,-24.163238,28.860098,-57.723871,134.365599,30.888016,0.613501,0.513362,-0.600063,40.547401,37.843085,0.513362,0.613501,0.600063,-40.547401,-37.843085,-0.513362,-0.613501,0.600063,-134.365599,-30.888016,-0.613501,-0.513362,-0.600063,,,
209,2026-04-12,14:59:08.57,3,2,"Mudd, Tyler",809052,Left,BOC_EAG,"Ball, Ethan",831482,Left,VIR_TEC,Undefined,7,Top,1,1,0,Fastball,Changeup,BallCalled,Undefined,Undefined,Undefined,0,0,,84.60533,0.099668,2.869148,2002.396341,155.271913,11:15,5.81903,-1.03195,6.04106,-20.34186,18.65655,-8.0028,4.21627,0.95984,76.92662,-3.778265,1.431694,0.449464,,,,,,,,,,,,4.92036,9.93654,0.81228,50,5.81574,-5.82981,-122.73318,-0.34014,7.47761,25.12316,-17.07313,BOC_EAG,VIR_TEC,HarringtonVillage,D1,ACC,20260412-HarringtonVillage-1,afcc1c60-36a1-11f1-85bd-1b9279e81419,83.86089,,,7.67871,,,,,,,b439a363-5661-400d-8b76-3a48f938d72a,2026-04-12,18:59:08.57,2026-04-12T14:59:08.5742592-04:00,2026-04-12T18:59:08.5742592Z,,v3,227,2293,26587,"Johnson, Gunnar",1000100233,Right,BOC_EAG,d5d268d2-21be-4760-8a0c-5a0a0cf1e88d,54.45496,-123.64174,12.56158,5.81688,0.2773,-8.53657,1.028,-6.10023,3.73881,,,,,,,,,,,,,,,,,,,,,,,,,,,,,,,,,,,,,,,,,,,,,,,,,,,High,High,High,,,,,,155.086574,-16.631863,1918.623187,0.958164,11:15,0.330061,0.403126,-0.853551,33.731211,-23.074291,16.097798,176.409546,-16.472432,0.060054,-0.283554,-0.957074,16.503067,-3.442907,0.283554,-0.060054,0.957074,-16.503067,3.442907,-0.283554,0.060054,0.957074,-176.409546,16.472432,-0.060054,0.283554,-0.957074,,,
210,2026-04-12,14:59:26.14,3,3,"Mudd, Tyler",809052,Left,BOC_EAG,"Ball, Ethan",831482,Left,VIR_TEC,Undefined,7,Top,1,2,0,Slider,Slider,StrikeCalled,Undefined,Undefined,Undefined,0,0,,77.56969,1.417648,1.941332,2054.42904,231.759775,1:45,5.09173,-2.11588,5.35015,-43.06069,4.8687,4.08607,2.83404,0.04616,70.36722,-6.492359,2.66663,0.498279,,,,,,,,,,,,-1.44043,2.50642,1.93811,50,5.189,-3.9723,-112.38091,1.35668,-1.82235,22.40935,-29.00311,BOC_EAG,VIR_TEC,HarringtonVillage,D1,ACC,20260412-HarringtonVillage-1,ba44c660-36a1-11f1-85bd-1b9279e81419,75.6453,,,7.20247,,,,,,,b439a363-5661-400d-8b76-3a48f938d72a,2026-04-12,18:59:26.14,2026-04-12T14:59:26.1449216-04:00,2026-04-12T18:59:26.1449216Z,,v3,227,2293,26587,"Johnson, Gunnar",1000100233,Right,BOC_EAG,15831e8e-0eb6-488c-aa10-485e0a48f147,55.14595,-113.4024,11.20468,5.09703,2.67873,-14.50155,2.11728,-3.88923,-0.91117,,,,,,,,,,,,,,,,,,,,,,,,,,,,,,,,,,,,,,,,,,,,,,,,,,,High,High,High,,,,,,137.639649,-85.71286,153.57864,0.074755,10:30,0.999441,0.025683,-0.021393,-16.821334,31.498302,-52.864947,126.248446,30.547698,0.694529,0.508255,-0.509221,44.945642,43.989698,0.508255,0.694529,0.509221,-44.945642,-43.989698,-0.508255,-0.694529,0.509221,-126.248446,-30.547698,-0.694529,-0.508255,-0.509221,,,
211,2026-04-12,14:59:42.55,3,4,"Mudd, Tyler",809052,Left,BOC_EAG,"Ball, Ethan",831482,Left,VIR_TEC,Undefined,7,Top,1,2,1,Fastball,Changeup,FoulBallNotFieldable,Undefined,Undefined,Undefined,0,0,,84.64167,-0.832431,2.229106,2000.511048,159.826714,11:15,5.85148,-1.05048,5.8171,-17.79564,21.63954,-7.45221,3.59389,0.40214,76.69128,-4.247934,0.89497,0.451974,75.9982,69.885073,-165.807963,4257.725337,,,,,23.01215,,,4.49504,11.71123,0.87249,50,5.77303,-4.4782,-122.76324,-2.26316,6.80023,26.27261,-14.45695,BOC_EAG,VIR_TEC,HarringtonVillage,D1,ACC,20260412-HarringtonVillage-1,c3fedb50-36a1-11f1-85bd-1b9279e81419,83.39517,55.59713,,7.95039,,,,1.64901,3.59058,-0.38726,b439a363-5661-400d-8b76-3a48f938d72a,2026-04-12,18:59:42.55,2026-04-12T14:59:42.5528832-04:00,2026-04-12T18:59:42.5528832Z,,v3,227,2293,26587,"Johnson, Gunnar",1000100233,Right,BOC_EAG,013e303a-7780-4e38-8eef-98dab5078ccb,54.68017,-123.76078,13.13631,5.84854,-1.71424,-7.22848,1.04743,-4.73639,3.40011,8.655088,1.64901,-37.16296,-6.10789,2.7179,-0.78671,0.19307,0.02494,-0.12247,0.08228,3.59058,104.66508,-33.16929,4.7921,-1.03254,0.20104,-0.00425,-0.05668,0.03771,-0.38726,-9.39818,3.62497,-0.68875,0.13118,-0.02794,0.00991,-0.00784,0.00439,,,,,,,,,,,,,,,,,,,,,,,High,High,High,High,Undefined,,,,156.322106,-15.609113,1926.731768,0.96312,11:15,0.297533,0.390652,-0.871129,13.627151,-27.24764,37.074629,178.758537,-6.017636,0.021547,-0.104835,-0.994256,6.019039,-1.234621,0.104835,-0.021547,0.994256,-6.019039,1.234621,-0.104835,0.021547,0.994256,-178.758537,6.017636,-0.021547,0.104835,-0.994256,81.13618,18.32889,20.56871
212,2026-04-12,15:00:01.51,3,5,"Mudd, Tyler",809052,Left,BOC_EAG,"Ball, Ethan",831482,Left,VIR_TEC,Undefined,7,Top,1,2,2,Slider,Slider,BallCalled,Undefined,Undefined,Undefined,0,0,,79.06212,-0.47038,2.339924,2263.925532,242.919981,2:00,5.04537,-1.98491,5.47049,-41.96605,3.74642,4.37973,1.10763,0.57106,72.34253,-8.146268,3.119782,0.486618,,,,,,,,,,,,-1.51886,2.46477,1.77604,50,4.97542,-4.85632,-114.64898,-2.33644,-2.00829,22.50598,-28.91508,BOC_EAG,VIR_TEC,HarringtonVillage,D1,ACC,20260412-HarringtonVillage-1,cf53b480-36a1-11f1-85bd-1b9279e81419,77.45788,,,6.71959,,,,,,,b439a363-5661-400d-8b76-3a48f938d72a,2026-04-12,19:00:01.51,2026-04-12T15:00:01.5159296-04:00,2026-04-12T19:00:01.5159296Z,,v3,227,2293,26587,"Johnson, Gunnar",1000100233,Right,BOC_EAG,ec48fc5e-4f2c-41f5-814e-6be524bfd2af,55.02764,-115.63171,11.25299,5.04988,-1.07386,-14.45754,1.98618,-4.76863,-1.00414,,,,,,,,,,,,,,,,,,,,,,,,,,,,,,,,,,,,,,,,,,,,,,,,,,,High,High,High,,,,,,120.382028,-85.54503,175.851731,0.077676,10:00,0.997168,0.075191,0.001428,-10.812946,38.106708,-48.363934,126.072959,28.460991,0.710582,0.47656,-0.517652,42.633271,45.282292,0.47656,0.710582,0.517652,-42.633271,-45.282292,-0.47656,-0.710582,0.517652,-126.072959,-28.460991,-0.710582,-0.47656,-0.517652,,,
213,2026-04-12,15:00:16.08,3,6,"Mudd, Tyler",809052,Left,BOC_EAG,"Ball, Ethan",831482,Left,VIR_TEC,Undefined,7,Top,1,3,2,Fastball,Changeup,BallCalled,Walk,Undefined,Undefined,0,0,,85.67061,-0.078473,4.873199,2012.913004,131.261035,10:30,5.21019,-1.73742,5.99541,-22.98824,15.24229,-15.92832,3.22152,1.46199,77.8713,-4.418595,2.02376,0.445017,,,,,,,,,,,,9.52536,8.21851,1.36129,50,5.19133,-9.92297,-124.01922,-0.84956,14.7952,25.43021,-19.40873,BOC_EAG,VIR_TEC,HarringtonVillage,D1,ACC,20260412-HarringtonVillage-1,d7fc3260-36a1-11f1-85bd-1b9279e81419,84.69887,,,7.79931,,,,,,,b439a363-5661-400d-8b76-3a48f938d72a,2026-04-12,19:00:16.08,2026-04-12T15:00:16.0811520-04:00,2026-04-12T19:00:16.0811520Z,,v3,227,2293,26587,"Johnson, Gunnar",1000100233,Right,BOC_EAG,c0b28172-0a81-48ce-840a-41109779f12d,54.50194,-124.93894,12.71511,5.20936,-0.14762,-9.70437,1.72984,-10.45805,7.3976,,,,,,,,,,,,,,,,,,,,,,,,,,,,,,,,,,,,,,,,,,,,,,,,,,,High,High,High,,,,,,133.398084,-17.288537,1921.970152,0.95482,10:30,0.350892,0.694177,-0.628485,-98.8201,34.39529,71.824485,95.903194,5.798968,0.989607,0.101038,-0.102322,44.638443,81.732197,0.101038,0.989607,0.102322,-44.638443,-81.732197,-0.101038,-0.989607,0.102322,-95.903194,-5.798968,-0.989607,-0.101038,-0.102322,,,
214,2026-04-12,15:01:41.41,4,1,"Mudd, Tyler",809052,Left,BOC_EAG,"Cooke, Henry",805714,Right,VIR_TEC,Undefined,7,Top,1,0,0,Slider,Slider,BallCalled,Undefined,Undefined,Undefined,0,0,,78.90861,1.427507,0.592957,2208.519275,257.508673,2:30,5.04136,-2.14532,5.51893,-43.00723,2.65599,5.33256,2.79247,-1.14651,72.03968,-6.472698,1.54367,0.486356,,,,,,,,,,,,-2.50689,1.39917,2.09009,50,5.13708,-1.39706,-114.50618,1.42103,-3.31504,21.93378,-30.32383,BOC_EAG,VIR_TEC,HarringtonVillage,D1,ACC,20260412-HarringtonVillage-1,0ae35af0-36a2-11f1-85bd-1b9279e81419,77.49963,,,6.86893,,,,,,,b439a363-5661-400d-8b76-3a48f938d72a,2026-04-12,19:01:41.41,2026-04-12T15:01:41.4109696-04:00,2026-04-12T19:01:41.4109696Z,,v3,227,2293,26587,"Johnson, Gunnar",1000100233,Right,BOC_EAG,533b83e3-7e8e-4d25-916c-b9ebdfa810b4,54.97847,-115.45587,10.96689,5.04713,2.734,-15.16192,2.14747,-1.25353,-1.65752,,,,,,,,,,,,,,,,,,,,,,,,,,,,,,,,,,,,,,,,,,,,,,,,,,,High,High,High,,,,,,138.127145,-83.424119,252.91735,0.114519,10:30,0.995846,0.051667,-0.074972,-18.597293,48.392085,-50.26117,134.995834,26.879501,0.630756,0.452116,-0.630665,35.636267,39.105948,0.452116,0.630756,0.630665,-35.636267,-39.105948,-0.452116,-0.630756,0.630665,-134.995834,-26.879501,-0.630756,-0.452116,-0.630665,,,
215,2026-04-12,15:01:55.80,4,2,"Mudd, Tyler",809052,Left,BOC_EAG,"Cooke, Henry",805714,Right,VIR_TEC,Undefined,7,Top,1,1,0,Slider,Slider,InPlay,Undefined,FlyBall,Out,1,0,,78.38193,1.343982,1.576451,2209.354609,257.544518,2:30,5.10805,-1.99331,5.37858,-44.0416,3.09658,6.31815,2.69852,0.0114,70.74948,-6.753667,2.699109,0.494149,99.04305,51.842267,-26.6826,4183.027628,96.61882,143.58646,-52.58117,240.02265,123.6345,-30.843702,6.487051,-2.67032,1.56142,1.84747,50,5.19741,-3.37418,-113.54755,1.20055,-3.42478,24.20973,-30.17147,BOC_EAG,VIR_TEC,HarringtonVillage,D1,ACC,20260412-HarringtonVillage-1,136e65c0-36a2-11f1-85bd-1b9279e81419,76.27752,163.91862,,7.63245,,,,1.97801,2.58399,0.10269,b439a363-5661-400d-8b76-3a48f938d72a,2026-04-12,19:01:55.80,2026-04-12T15:01:55.8038016-04:00,2026-04-12T19:01:55.8038016Z,FlyBall,v3,227,2293,26587,"Johnson, Gunnar",1000100233,Right,BOC_EAG,94d2e887-efe9-49d7-9db1-52ab605e4453,55.11882,-114.63375,12.10487,5.11318,2.55424,-15.08574,1.99541,-3.22053,-1.71239,174.979185,1.99588,79.91883,-25.76793,6.78608,-1.0154,0.03556,0.01459,-0.00228,0.0001,2.5746,114.32218,-24.37466,1.67764,0.03179,-0.09898,0.02824,-0.00362,0.00017,0.09349,-40.16153,10.32125,-2.40694,0.26457,0.02135,-0.01084,0.00127,-5E-05,,,,,,,,,,,,,,,,,,,,,,,High,High,High,High,Low,,,,139.50166,-85.523144,172.454239,0.078056,10:45,0.999119,0.027295,-0.031882,-18.466586,36.747361,-51.580547,131.070433,29.963204,0.653141,0.499444,-0.569178,41.266402,40.778817,0.499444,0.653141,0.569178,-41.266402,-40.778817,-0.499444,-0.653141,0.569178,-131.070433,-29.963204,-0.653141,-0.499444,-0.569178,76.43052,16.15714,-21.02094
216,2026-04-12,15:02:28.59,5,1,"Mudd, Tyler",809052,Left,BOC_EAG,"Lutterman, Hudson",824567,Right,VIR_TEC,Undefined,7,Top,2,0,0,Slider,Slider,FoulBallNotFieldable,Undefined,Undefined,Undefined,0,0,,78.34373,0.510258,1.24855,2164.817522,260.657755,2:45,5.09196,-2.21037,5.37499,-44.12577,2.97776,7.86174,1.89331,-0.38453,70.93825,-7.585743,2.646689,0.493967,89.49359,-35.791488,-73.289645,,,,,4.47706,3.22032,-30.298879,0.028024,-3.56453,1.77394,2.09267,50,5.10655,-2.78384,-113.55278,-0.45754,-4.57696,24.00884,-29.89626,BOC_EAG,VIR_TEC,HarringtonVillage,D1,ACC,20260412-HarringtonVillage-1,26faab80-36a2-11f1-85bd-1b9279e81419,76.30555,2.15532,,7.40548,,,,3.00598,2.15532,0.6044,b439a363-5661-400d-8b76-3a48f938d72a,2026-04-12,19:02:28.59,2026-04-12T15:02:28.5934080-04:00,2026-04-12T19:02:28.5934080Z,GroundBall,v3,227,2293,26587,"Johnson, Gunnar",1000100233,Right,BOC_EAG,dc812dc3-ca55-42bb-9cc9-81ad1ffc6c69,55.12276,-114.63078,12.00442,5.09696,0.88481,-14.94813,2.21305,-2.57833,-2.28848,,3.00572,30.67189,,,,,,,,2.15598,-76.91044,,,,,,,,0.60527,-102.16764,,,,,,,,,,,,,,,,,,,,,,,,,,,,,,High,High,High,Low,Low,,,,117.695874,-87.143762,107.873087,0.04983,10:00,0.999378,0.035225,-0.001384,-11.354636,35.832094,-46.453195,128.683863,32.558383,0.657929,0.538159,-0.526796,45.611281,41.142125,0.538159,0.657929,0.526796,-45.611281,-41.142125,-0.538159,-0.657929,0.526796,-128.683863,-32.558383,-0.657929,-0.538159,-0.526796,65.85889,14.0914,-9.71793
217,2026-04-12,15:02:50.11,5,2,"Mudd, Tyler",809052,Left,BOC_EAG,"Lutterman, Hudson",824567,Right,VIR_TEC,Undefined,7,Top,2,0,1,Slider,Slider,FoulBallNotFieldable,Undefined,Undefined,Undefined,0,0,,78.75841,1.020279,1.434376,2300.138973,301.951538,4:00,5.10185,-2.0723,5.38324,-46.6814,-0.08669,2.80559,2.1685,-0.4937,71.27362,-7.533126,1.933401,0.491292,93.69569,-23.137806,-60.319407,,,,,7.39379,4.13004,-34.926771,0.04517,-0.9513,0.04744,1.94193,50,5.16013,-2.96887,-114.14639,0.45588,-1.23454,24.22029,-32.11246,BOC_EAG,VIR_TEC,HarringtonVillage,D1,ACC,20260412-HarringtonVillage-1,33e6c680-36a2-11f1-85bd-1b9279e81419,76.72107,2.44376,,7.48479,,,,3.23028,2.44376,0.73537,b439a363-5661-400d-8b76-3a48f938d72a,2026-04-12,19:02:50.11,2026-04-12T15:02:50.1154304-04:00,2026-04-12T19:02:50.1154304Z,GroundBall,v3,227,2293,26587,"Johnson, Gunnar",1000100233,Right,BOC_EAG,5a8bf996-47e2-44c9-a7b6-3f078ebd8bc0,55.11497,-115.22661,12.11014,5.10786,1.88808,-16.05623,2.07311,-2.91381,-0.61727,,3.22941,62.69195,,,,,,,,2.44451,-54.10181,,,,,,,,0.7369,-109.99725,,,,,,,,,,,,,,,,,,,,,,,,,,,,,,High,High,High,Low,Low,,,,192.424895,-88.757869,49.861447,0.021678,12:30,0.99974,-0.022465,0.003857,-27.595371,38.93681,-53.302813,143.933161,28.46227,0.51757,0.47658,-0.710629,33.847603,31.16937,0.47658,0.51757,0.710629,-33.847603,-31.16937,-0.47658,-0.51757,0.710629,-143.933161,-28.46227,-0.51757,-0.47658,-0.710629,68.06459,15.14301,-16.3509
218,2026-04-12,15:03:46.59,5,3,"Mudd, Tyler",809052,Left,BOC_EAG,"Lutterman, Hudson",824567,Right,VIR_TEC,Undefined,7,Top,2,0,2,Slider,Slider,BallCalled,Undefined,Undefined,Undefined,0,0,,80.09773,0.229615,2.594316,2261.472827,253.609426,2:30,5.0832,-2.05867,5.43678,-42.3914,4.03784,6.61197,1.76582,0.92336,70.41399,-7.635628,3.769607,0.490419,,,,,,,,,,,,-2.20894,2.55398,1.82434,50,5.0753,-5.51553,-115.57071,-0.96128,-2.84841,30.86187,-28.8807,BOC_EAG,VIR_TEC,HarringtonVillage,D1,ACC,20260412-HarringtonVillage-1,557fd980-36a2-11f1-85bd-1b9279e81419,76.85765,,,9.68374,,,,,,,b439a363-5661-400d-8b76-3a48f938d72a,2026-04-12,19:03:46.59,2026-04-12T15:03:46.5907200-04:00,2026-04-12T19:03:46.5907200Z,,v3,227,2293,26587,"Johnson, Gunnar",1000100233,Right,BOC_EAG,c818c46d-b6fc-4669-906e-69cbe8c640ca,55.05318,-116.91232,15.43093,5.0898,0.2942,-14.44035,2.06142,-5.3917,-1.4242,,,,,,,,,,,,,,,,,,,,,,,,,,,,,,,,,,,,,,,,,,,,,,,,,,,High,High,High,,,,,,129.665181,-88.055815,76.722554,0.033926,10:15,0.999477,0.02211,0.023609,-7.961836,31.890299,-45.44259,125.640955,34.734114,0.667868,0.569769,-0.478869,49.954229,41.902737,0.569769,0.667868,0.478869,-49.954229,-41.902737,-0.569769,-0.667868,0.478869,-125.640955,-34.734114,-0.667868,-0.569769,-0.478869,,,
219,2026-04-12,15:04:07.32,5,4,"Mudd, Tyler",809052,Left,BOC_EAG,"Lutterman, Hudson",824567,Right,VIR_TEC,Undefined,7,Top,2,1,2,Slider,Slider,InPlay,Undefined,GroundBall,Out,1,0,,79.75479,0.180663,1.536432,2230.104691,252.156173,2:30,5.05422,-1.91129,5.41389,-42.78286,2.52315,2.87043,1.6583,-0.23239,72.33409,-7.666495,2.047382,0.48445,69.50794,-63.329976,-3.194705,,,,,2.07197,2.07197,4.996191,0.017904,-0.95614,1.65831,1.77261,50,5.0406,-3.21596,-115.60947,-1.08508,-1.27548,24.43507,-29.96188,BOC_EAG,VIR_TEC,HarringtonVillage,D1,ACC,20260412-HarringtonVillage-1,61da14c0-36a2-11f1-85bd-1b9279e81419,77.80454,1.63501,,7.4207,,,,1.24412,1.63501,0.22621,b439a363-5661-400d-8b76-3a48f938d72a,2026-04-12,19:04:07.32,2026-04-12T15:04:07.3269248-04:00,2026-04-12T19:04:07.3269248Z,GroundBall,v3,227,2293,26587,"Johnson, Gunnar",1000100233,Right,BOC_EAG,bde103b9-6b4f-41bd-9399-3a08ee4285a9,55.08343,-116.67894,12.21753,5.05939,0.2263,-14.98094,1.91215,-3.16013,-0.63774,,1.2438,45.79937,,,,,,,,1.63566,-91.32264,,,,,,,,0.22623,-2.55634,,,,,,,,,,,,,,,,,,,,,,,,,,,,,,High,High,High,Estimated,Estimated,,,,166.632271,-86.323069,143.017742,0.064131,11:30,0.999297,0.01168,-0.035612,-15.673075,44.391294,-42.299128,141.181284,33.182054,0.52464,0.547301,-0.652084,40.007077,31.644024,0.547301,0.52464,0.652084,-40.007077,-31.644024,-0.547301,-0.52464,0.652084,-141.181284,-33.182054,-0.52464,-0.547301,-0.652084,58.27985,-11.97259,14.54895
220,2026-04-12,15:06:35.03,1,1,"Robertson, Aiden",833405,Right,VIR_TEC,"Wang, Nick",813482,Right,BOC_EAG,Undefined,7,Bottom,0,0,0,Cutter,Slider,BallCalled,Undefined,Undefined,Undefined,0,0,,82.47883,2.191988,-1.973929,2373.901522,105.233646,9:30,4.76256,3.15111,5.83921,-39.33049,1.94571,-2.37091,3.52445,1.11824,75.26325,-5.07553,-2.39841,0.462404,,,,,,,,,,,,0.64303,0.80508,-2.9889,50,4.91845,4.2192,-119.65596,3.27402,0.93052,23.49005,-31.00902,BOC_EAG,VIR_TEC,HarringtonVillage,D1,ACC,20260412-HarringtonVillage-1,b9eaca10-36a2-11f1-85bd-1b9279e81419,81.51415,,,7.21558,,,,,,,b439a363-5661-400d-8b76-3a48f938d72a,2026-04-12,19:06:35.03,2026-04-12T15:06:35.0345216-04:00,2026-04-12T19:06:35.0345216Z,,v3,227,2293,26587,"Cooke, Henry",805714,Right,VIR_TEC,a49bf9cd-93b6-4246-907f-32b197292309,54.65825,-120.56697,11.74502,4.76815,4.47663,-15.50451,-3.15183,4.18311,0.46526,,,,,,,,,,,,,,,,,,,,,,,,,,,,,,,,,,,,,,,,,,,,,,,,,,,High,High,High,,,,,,213.202462,77.53704,512.307956,0.215808,1:00,-0.985879,-0.080743,-0.146704,-50.833787,65.332894,-12.884155,162.215467,-31.575866,0.260217,-0.523627,-0.811235,32.841005,-15.082962,0.523627,-0.260217,0.811235,-32.841005,15.082962,-0.523627,0.260217,0.811235,-162.215467,31.575866,-0.260217,0.523627,-0.811235,,,
221,2026-04-12,15:06:51.96,1,2,"Robertson, Aiden",833405,Right,VIR_TEC,"Wang, Nick",813482,Right,BOC_EAG,Undefined,7,Bottom,0,1,0,ChangeUp,Changeup,BallCalled,Undefined,Undefined,Undefined,0,0,,82.31447,-0.271136,-6.395731,2003.757291,260.224214,2:45,4.83389,2.9527,5.94995,-37.25447,4.64012,18.41718,1.47631,-1.46911,74.67193,-7.166677,-3.113732,0.465855,,,,,,,,,,,,-11.28233,2.93524,-2.45184,50,4.79166,12.58208,-118.80776,-1.76346,-15.99813,24.448,-28.01195,BOC_EAG,VIR_TEC,HarringtonVillage,D1,ACC,20260412-HarringtonVillage-1,c3eff1c0-36a2-11f1-85bd-1b9279e81419,80.91029,,,7.64254,,,,,,,b439a363-5661-400d-8b76-3a48f938d72a,2026-04-12,19:06:51.96,2026-04-12T15:06:51.9628288-04:00,2026-04-12T19:06:51.9628288Z,,v3,227,2293,26587,"Cooke, Henry",805714,Right,VIR_TEC,b03b1a5a-cb06-462e-8030-2928b2507a09,54.5477,-119.73992,12.224,4.83854,-0.69542,-14.00597,-2.9432,13.19206,-7.99907,,,,,,,,,,,,,,,,,,,,,,,,,,,,,,,,,,,,,,,,,,,,,,,,,,,High,High,High,,,,,,258.194621,-11.69104,1962.188365,0.979255,2:30,0.183561,-0.957572,-0.222174,6.273414,-33.565118,89.097361,156.205244,66.667746,0.159796,0.918224,-0.362396,68.46231,9.195054,0.918224,0.159796,0.362396,-68.46231,-9.195054,-0.918224,-0.159796,0.362396,-156.205244,-66.667746,-0.159796,-0.918224,-0.362396,,,
222,2026-04-12,15:07:11.08,1,3,"Robertson, Aiden",833405,Right,VIR_TEC,"Wang, Nick",813482,Right,BOC_EAG,Undefined,7,Bottom,0,2,0,Sinker,Sinker,BallCalled,Undefined,Undefined,Undefined,0,0,,90.52344,1.230303,-3.392811,2169.419564,252.196819,2:30,4.87541,2.93575,5.68839,-27.64868,7.00772,18.18639,3.72022,1.28538,81.97377,-3.910779,-0.148115,0.423704,,,,,,,,,,,,-10.15666,3.55327,-2.66134,50,4.96199,6.95095,-131.16431,1.82927,-17.57987,29.41131,-26.0238,BOC_EAG,VIR_TEC,HarringtonVillage,D1,ACC,20260412-HarringtonVillage-1,cf5bd560-36a2-11f1-85bd-1b9279e81419,88.95928,,,8.54967,,,,,,,b439a363-5661-400d-8b76-3a48f938d72a,2026-04-12,19:07:11.08,2026-04-12T15:07:11.0886400-04:00,2026-04-12T19:07:11.0886400Z,,v3,227,2293,26587,"Cooke, Henry",805714,Right,VIR_TEC,c08f8837-9599-4f51-a299-bf96c3ee8b86,54.80897,-132.23824,14.70566,4.87784,2.77951,-13.0119,-2.92686,7.59287,-8.78993,,,,,,,,,,,,,,,,,,,,,,,,,,,,,,,,,,,,,,,,,,,,,,,,,,,High,High,High,,,,,,236.858171,7.752727,2149.589936,0.990859,2:00,-0.184473,-0.826579,-0.531731,-76.898951,-45.801968,88.893736,139.94676,73.716169,0.180434,0.959884,-0.214628,77.396105,10.395068,0.959884,0.180434,0.214628,-77.396105,-10.395068,-0.959884,-0.180434,0.214628,-139.94676,-73.716169,-0.180434,-0.959884,-0.214628,,,
223,2026-04-12,15:07:34.87,1,4,"Robertson, Aiden",833405,Right,VIR_TEC,"Wang, Nick",813482,Right,BOC_EAG,Undefined,7,Bottom,0,3,0,Sinker,Sinker,StrikeCalled,Undefined,Undefined,Undefined,0,0,,90.88715,0.6511,-4.349101,2205.245068,249.250833,2:15,4.86235,3.11299,5.78811,-26.0934,8.42764,18.97233,3.29539,0.64031,81.79089,-4.22979,-0.963049,0.422876,,,,,,,,,,,,-10.90749,4.46335,-2.76508,50,4.90075,9.13306,-131.49093,0.58854,-18.85701,31.1465,-24.45775,BOC_EAG,VIR_TEC,HarringtonVillage,D1,ACC,20260412-HarringtonVillage-1,dd829340-36a2-11f1-85bd-1b9279e81419,89.1335,,,9.09626,,,,,,,b439a363-5661-400d-8b76-3a48f938d72a,2026-04-12,19:07:34.87,2026-04-12T15:07:34.8794880-04:00,2026-04-12T19:07:34.8794880Z,,v3,227,2293,26587,"Cooke, Henry",805714,Right,VIR_TEC,433c3389-ebf5-4911-bb3b-4b6da2d081e9,54.70778,-132.60138,15.57325,4.86423,1.46052,-12.22888,-3.10268,9.80536,-9.4285,,,,,,,,,,,,,,,,,,,,,,,,,,,,,,,,,,,,,,,,,,,,,,,,,,,High,High,High,,,,,,237.207145,5.676674,2194.430376,0.995096,2:00,-0.148972,-0.835334,-0.529174,-70.909771,-41.020576,87.244468,144.507098,79.181675,0.108976,0.982227,-0.152819,81.156569,6.256312,0.982227,0.108976,0.152819,-81.156569,-6.256312,-0.982227,-0.108976,0.152819,-144.507098,-79.181675,-0.108976,-0.982227,-0.152819,,,
224,2026-04-12,15:07:52.74,1,5,"Robertson, Aiden",833405,Right,VIR_TEC,"Wang, Nick",813482,Right,BOC_EAG,Undefined,7,Bottom,0,3,1,Sweeper,Slider,StrikeCalled,Undefined,Undefined,Undefined,0,0,,79.5679,2.003853,-2.231965,2668.781906,87.027679,9:00,4.69956,3.22975,5.70541,-44.64876,0.82303,-16.43115,2.84807,-0.22015,71.52936,-6.249128,-5.163437,0.485336,,,,,,,,,,,,7.49296,0.28197,-3.03268,50,4.84066,5.14936,-115.18192,2.56523,9.83751,25.92255,-31.80386,BOC_EAG,VIR_TEC,HarringtonVillage,D1,ACC,20260412-HarringtonVillage-1,e83fe760-36a2-11f1-85bd-1b9279e81419,77.66257,,,8.03854,,,,,,,b439a363-5661-400d-8b76-3a48f938d72a,2026-04-12,19:07:52.74,2026-04-12T15:07:52.7489024-04:00,2026-04-12T19:07:52.7489024Z,,v3,227,2293,26587,"Cooke, Henry",805714,Right,VIR_TEC,90fba41c-1622-4783-8b86-63ba54a36213,54.79006,-116.25496,12.96127,4.70723,3.88172,-15.90193,-3.23741,4.74214,4.91876,,,,,,,,,,,,,,,,,,,,,,,,,,,,,,,,,,,,,,,,,,,,,,,,,,,High,High,High,,,,,,73.304221,70.656984,883.961616,0.331223,8:30,-0.927469,0.350059,0.131377,-78.964686,41.267308,-10.809781,96.203804,-55.154784,0.568015,-0.820699,-0.061744,85.697519,-34.611949,0.820699,-0.568015,0.061744,-85.697519,34.611949,-0.820699,0.568015,0.061744,-96.203804,55.154784,-0.568015,0.820699,-0.061744,,,
225,2026-04-12,15:08:11.10,1,6,"Robertson, Aiden",833405,Right,VIR_TEC,"Wang, Nick",813482,Right,BOC_EAG,Undefined,7,Bottom,0,3,2,Sinker,Sinker,InPlay,Undefined,LineDrive,Single,0,0,,90.86927,-0.659797,-3.749693,2154.211945,246.259818,2:15,4.84997,2.95325,5.8575,-25.6697,8.7293,17.03902,2.09649,0.88443,81.97354,-5.463636,-0.699805,0.422128,79.31497,8.064808,-31.802278,1942.926109,,,,119.37077,116.15456,-36.8604,1.155588,-9.92508,5.02177,-2.65872,50,4.78148,7.8864,-131.60874,-2.39621,-17.16803,31.52076,-23.48753,BOC_EAG,VIR_TEC,HarringtonVillage,D1,ACC,20260412-HarringtonVillage-1,f31cd170-36a2-11f1-85bd-1b9279e81419,89.29144,6.33905,,8.89574,,,,1.64323,2.31313,-1.1873,b439a363-5661-400d-8b76-3a48f938d72a,2026-04-12,19:08:11.10,2026-04-12T15:08:11.1004160-04:00,2026-04-12T19:08:11.1004160Z,GroundBall,v3,227,2293,26587,"Cooke, Henry",805714,Right,VIR_TEC,d038a0ea-6e70-4ea7-81b2-cbfebfbc62e8,54.64063,-132.71554,15.76038,4.85114,-1.57149,-11.74377,-2.94622,8.48922,-8.58402,,1.64323,97.88655,-17.3103,3.11574,-0.62424,0.097,-0.01495,0.00213,-0.00018,2.31313,16.32006,-17.10603,1.25152,-0.18177,0.03528,-0.00454,0.00074,-0.0001,-1.1873,-60.69748,-1.3318,1.38998,-0.47552,0.12533,-0.02834,0.00516,-0.00053,,,,,,,,,,,,,,,,,,,,,,,High,High,High,Medium,High,,,,238.108077,4.45979,2147.689314,0.996972,2:00,-0.102307,-0.847315,-0.521144,88.444252,44.672688,-86.00724,127.894564,74.224721,0.21454,0.962335,-0.166982,80.156175,12.388555,0.962335,0.21454,0.166982,-80.156175,-12.388555,-0.962335,-0.21454,0.166982,-127.894564,-74.224721,-0.21454,-0.962335,-0.166982,75.35121,11.96707,-15.76696
226,2026-04-12,15:09:00.06,2,1,"Robertson, Aiden",833405,Right,VIR_TEC,"Toomey, Jack",809057,Right,BOC_EAG,Undefined,7,Bottom,0,0,0,ChangeUp,Changeup,StrikeCalled,Undefined,Undefined,Undefined,0,0,,82.61099,0.485254,-5.800111,2042.538148,268.265691,3:00,4.65355,3.10725,5.9017,-39.59396,2.05658,19.34481,1.80685,-0.68343,74.78006,-6.834371,-2.349547,0.464496,,,,,,,,,,,,-11.61678,1.36882,-2.65035,50,4.67039,11.34763,-119.35361,-0.28707,-16.58864,25.12655,-30.21939,BOC_EAG,VIR_TEC,HarringtonVillage,D1,ACC,20260412-HarringtonVillage-1,1058a4d0-36a3-11f1-85bd-1b9279e81419,81.14703,,,7.83093,,,,,,,b439a363-5661-400d-8b76-3a48f938d72a,2026-04-12,19:09:00.06,2026-04-12T15:09:00.0675328-04:00,2026-04-12T19:09:00.0675328Z,,v3,227,2293,26587,"Cooke, Henry",805714,Right,VIR_TEC,8c9373c1-e274-4028-82f9-8e81089f67af,54.59668,-120.31742,12.56327,4.65917,0.87209,-15.10969,-3.09783,11.98395,-8.29432,,,,,,,,,,,,,,,,,,,,,,,,,,,,,,,,,,,,,,,,,,,,,,,,,,,High,High,High,,,,,,259.84248,-5.843789,2031.923453,0.994803,2:45,0.075312,-0.980038,-0.183991,-4.641334,-29.758493,89.982854,162.39182,70.381331,0.101569,0.941948,-0.320027,71.23478,5.829525,0.941948,0.101569,0.320027,-71.23478,-5.829525,-0.941948,-0.101569,0.320027,-162.39182,-70.381331,-0.101569,-0.941948,-0.320027,,,
227,2026-04-12,15:09:17.90,2,2,"Robertson, Aiden",833405,Right,VIR_TEC,"Toomey, Jack",809057,Right,BOC_EAG,Undefined,7,Bottom,0,0,1,Cutter,Slider,BallCalled,Undefined,Undefined,Undefined,0,0,,83.06426,0.866306,-4.551177,2437.515624,129.163054,10:15,4.73546,3.30195,5.97451,-35.58711,4.84036,-4.4739,2.57556,-1.29887,76.40957,-5.701543,-5.350295,0.457625,,,,,,,,,,,,1.07256,2.63736,-2.93878,50,4.7845,9.75476,-120.3648,0.68302,1.5791,22.58304,-28.29115,BOC_EAG,VIR_TEC,HarringtonVillage,D1,ACC,20260412-HarringtonVillage-1,1aecc610-36a3-11f1-85bd-1b9279e81419,82.36537,,,6.65469,,,,,,,b439a363-5661-400d-8b76-3a48f938d72a,2026-04-12,19:09:17.90,2026-04-12T15:09:17.9075072-04:00,2026-04-12T19:09:17.9075072Z,,v3,227,2293,26587,"Cooke, Henry",805714,Right,VIR_TEC,c48d9758-a700-4764-a977-7a9a18f84927,54.52398,-121.21062,11.29152,4.73907,1.74264,-14.14558,-3.30302,9.69562,0.78955,,,,,,,,,,,,,,,,,,,,,,,,,,,,,,,,,,,,,,,,,,,,,,,,,,,High,High,High,,,,,,211.500369,74.086909,668.315466,0.274179,1:00,-0.979246,-0.128703,-0.156566,-20.338099,73.082785,21.92266,171.002159,-34.399463,0.129046,-0.564959,-0.814965,34.73091,-7.414486,0.564959,-0.129046,0.814965,-34.73091,7.414486,-0.564959,0.129046,0.814965,-171.002159,34.399463,-0.129046,0.564959,-0.814965,,,
228,2026-04-12,15:09:38.92,2,3,"Robertson, Aiden",833405,Right,VIR_TEC,"Toomey, Jack",809057,Right,BOC_EAG,Undefined,7,Bottom,0,1,1,Sinker,Sinker,StrikeCalled,Undefined,Undefined,Undefined,0,0,,90.26595,0.397224,-5.546937,2087.954189,263.690703,2:45,4.77638,2.98359,6.02549,-31.38565,3.12693,17.80615,2.53053,-0.68595,81.96457,-5.426486,-2.362953,0.422824,,,,,,,,,,,,-10.70382,1.86551,-2.55767,50,4.79078,11.91158,-130.55477,-0.18847,-18.38987,28.65628,-28.96896,BOC_EAG,VIR_TEC,HarringtonVillage,D1,ACC,20260412-HarringtonVillage-1,277c4220-36a3-11f1-85bd-1b9279e81419,89.14441,,,8.30138,,,,,,,b439a363-5661-400d-8b76-3a48f938d72a,2026-04-12,19:09:38.92,2026-04-12T15:09:38.9294080-04:00,2026-04-12T19:09:38.9294080Z,,v3,227,2293,26587,"Cooke, Henry",805714,Right,VIR_TEC,b3b28047-f036-4c7a-a34b-c958c3bda8e2,54.47305,-131.53292,14.32814,4.78034,0.80035,-14.48448,-2.97497,12.5393,-9.19493,,,,,,,,,,,,,,,,,,,,,,,,,,,,,,,,,,,,,,,,,,,,,,,,,,,High,High,High,,,,,,237.680881,7.753215,2068.8668,0.990858,2:00,-0.191256,-0.836403,-0.513665,-74.150201,-42.463692,87.761918,145.594818,75.650792,0.140035,0.968803,-0.204476,78.082033,8.049867,0.968803,0.140035,0.204476,-78.082033,-8.049867,-0.968803,-0.140035,0.204476,-145.594818,-75.650792,-0.140035,-0.968803,-0.204476,,,
229,2026-04-12,15:10:18.61,2,4,"Robertson, Aiden",833405,Right,VIR_TEC,"Toomey, Jack",809057,Right,BOC_EAG,Undefined,7,Bottom,0,1,2,Sweeper,Slider,BallCalled,Undefined,Undefined,Undefined,0,0,,78.56017,1.602332,-4.024732,2545.940784,88.110423,9:00,4.63363,3.30587,5.65696,-44.91156,0.77043,-15.99926,2.38938,-1.78696,72.60071,-6.595707,-6.86566,0.486457,,,,,,,,,,,,7.03559,0.38512,-2.95448,50,4.7412,8.62181,-113.8795,1.73126,9.27327,20.18946,-31.66643,BOC_EAG,VIR_TEC,HarringtonVillage,D1,ACC,20260412-HarringtonVillage-1,3f2478c0-36a3-11f1-85bd-1b9279e81419,77.48367,,,5.95946,,,,,,,b439a363-5661-400d-8b76-3a48f938d72a,2026-04-12,19:10:18.61,2026-04-12T15:10:18.6196480-04:00,2026-04-12T19:10:18.6196480Z,,v3,227,2293,26587,"Cooke, Henry",805714,Right,VIR_TEC,9a7f9533-3081-4117-8dee-d4df73ad0a03,54.84336,-114.73496,10.09473,4.63942,3.07301,-15.83321,-3.31147,8.22889,4.63664,,,,,,,,,,,,,,,,,,,,,,,,,,,,,,,,,,,,,,,,,,,,,,,,,,,High,High,High,,,,,,61.44156,68.298332,941.422222,0.369774,8:00,-0.905002,0.350637,0.240886,-43.689823,52.126674,1.615493,101.014401,-41.129291,0.739352,-0.65776,-0.143908,77.658978,-47.67626,0.65776,-0.739352,0.143908,-77.658978,47.67626,-0.65776,0.739352,0.143908,-101.014401,41.129291,-0.739352,0.65776,-0.143908,,,
230,2026-04-12,15:10:41.68,2,5,"Robertson, Aiden",833405,Right,VIR_TEC,"Toomey, Jack",809057,Right,BOC_EAG,Undefined,7,Bottom,0,2,2,Sweeper,Slider,BallCalled,Undefined,Undefined,Undefined,0,0,,79.32697,1.498996,-4.120611,2668.971299,101.178896,9:15,4.5792,3.33653,5.79842,-41.04215,4.44658,-14.45737,2.55719,-1.70749,71.77661,-6.088583,-6.693806,0.485426,,,,,,,,,,,,5.94992,2.29811,-2.98905,50,4.6788,8.83246,-114.71852,1.70952,7.79442,24.58274,-29.16354,BOC_EAG,VIR_TEC,HarringtonVillage,D1,ACC,20260412-HarringtonVillage-1,4cf74a40-36a3-11f1-85bd-1b9279e81419,77.6481,,,7.55037,,,,,,,b439a363-5661-400d-8b76-3a48f938d72a,2026-04-12,19:10:41.68,2026-04-12T15:10:41.6862720-04:00,2026-04-12T19:10:41.6862720Z,,v3,227,2293,26587,"Cooke, Henry",805714,Right,VIR_TEC,cbfcc8ba-1e88-446f-80f0-46f70bc06017,54.6969,-115.72063,12.29137,4.58488,2.89836,-14.58177,-3.34262,8.51472,3.89721,,,,,,,,,,,,,,,,,,,,,,,,,,,,,,,,,,,,,,,,,,,,,,,,,,,High,High,High,,,,,,73.239277,70.664153,883.709233,0.331105,8:30,-0.9257,0.341614,0.16242,88.576282,-40.133372,-13.732044,98.269785,-49.325218,0.644987,-0.758421,-0.093746,82.953584,-40.164735,0.758421,-0.644987,0.093746,-82.953584,40.164735,-0.758421,0.644987,0.093746,-98.269785,49.325218,-0.644987,0.758421,-0.093746,,,
231,2026-04-12,15:11:25.66,2,6,"Robertson, Aiden",833405,Right,VIR_TEC,"Toomey, Jack",809057,Right,BOC_EAG,Undefined,7,Bottom,0,3,2,Sinker,Sinker,InPlay,Undefined,GroundBall,FieldersChoice,1,0,,90.47107,-0.985827,-5.201021,2117.099204,265.912408,2:45,4.69359,3.22783,6.13323,-31.83427,2.14504,15.08359,1.12572,-0.33557,82.91814,-6.874221,-2.494354,0.419545,72.7988,-3.606298,-24.027898,,,,,16.27732,14.97412,-19.598148,0.145331,-9.25741,1.6839,-2.8376,50,4.60145,11.31167,-131.03183,-3.35648,-16.11319,27.38874,-29.24309,BOC_EAG,VIR_TEC,HarringtonVillage,D1,ACC,20260412-HarringtonVillage-1,670e36f0-36a3-11f1-85bd-1b9279e81419,89.84118,1.21587,,7.55293,,,,1.44659,1.21587,0.32763,b439a363-5661-400d-8b76-3a48f938d72a,2026-04-12,19:11:25.66,2026-04-12T15:11:25.6626688-04:00,2026-04-12T19:11:25.6626688Z,GroundBall,v3,227,2293,26587,"Cooke, Henry",805714,Right,VIR_TEC,3d7b875f-1c6e-440c-abd7-f06e125399ac,54.36742,-131.94156,13.69437,4.6968,-2.38515,-14.62155,-3.22221,11.84688,-8.0566,259.417739,1.44669,97.31815,-12.10852,,,,,,,1.21596,-6.72386,-11.31011,,,,,,,0.32658,-43.29316,23.98158,,,,,,,,,,,,,,,,,,,,,,,,,,,,,High,High,High,Medium,High,,,,239.371479,10.025769,2084.770159,0.98473,2:00,-0.204308,-0.850218,-0.485167,90.487211,36.689147,-88.078384,153.402314,74.933821,0.116379,0.965626,-0.232426,76.466347,6.683151,0.965626,0.116379,0.232426,-76.466347,-6.683151,-0.965626,-0.116379,0.232426,-153.402314,-74.933821,-0.116379,-0.965626,-0.232426,63.94766,14.29462,-5.65692
232,2026-04-12,15:12:17.33,3,1,"Robertson, Aiden",833405,Right,VIR_TEC,"Hendrickson, Carter",830138,Right,BOC_EAG,Undefined,7,Bottom,1,0,0,ChangeUp,Changeup,BallCalled,Undefined,Undefined,Undefined,0,0,,83.36831,2.588451,-4.080382,2038.584181,269.130518,3:00,4.77924,3.19137,5.94198,-38.99093,1.68488,18.65013,3.93879,0.95416,75.29701,-4.644886,-0.742296,0.459028,,,,,,,,,,,,-10.68402,0.54807,-2.87572,50,4.96464,7.8426,-120.64485,4.17307,-15.60422,25.4557,-31.37359,BOC_EAG,VIR_TEC,HarringtonVillage,D1,ACC,20260412-HarringtonVillage-1,85e9b090-36a3-11f1-85bd-1b9279e81419,82.11351,,,8.07129,,,,,,,b439a363-5661-400d-8b76-3a48f938d72a,2026-04-12,19:12:17.33,2026-04-12T15:12:17.3349888-04:00,2026-04-12T19:12:17.3349888Z,,v3,227,2293,26587,"Cooke, Henry",805714,Right,VIR_TEC,f3cf4eea-da8c-446d-8d67-0d7432f3e06a,54.55568,-121.60228,12.72785,4.78549,5.35309,-15.6868,-3.18173,8.4295,-7.80211,,,,,,,,,,,,,,,,,,,,,,,,,,,,,,,,,,,,,,,,,,,,,,,,,,,High,High,High,,,,,,261.845911,-6.044535,2027.25036,0.99444,2:45,0.050547,-0.988138,-0.145012,-1.590993,-30.818385,88.365847,166.736262,67.13162,0.089162,0.9214,-0.378249,67.681093,5.115372,0.9214,0.089162,0.378249,-67.681093,-5.115372,-0.9214,-0.089162,0.378249,-166.736262,-67.13162,-0.089162,-0.9214,-0.378249,,,
233,2026-04-12,15:12:38.93,3,2,"Robertson, Aiden",833405,Right,VIR_TEC,"Hendrickson, Carter",830138,Right,BOC_EAG,Undefined,7,Bottom,1,1,0,Sweeper,Slider,StrikeCalled,Undefined,Undefined,Undefined,0,0,,78.86615,1.181729,-1.659441,2577.224496,91.845157,9:00,4.59223,3.22348,5.79403,-43.41888,2.02051,-16.4308,2.07384,0.31023,71.93663,-6.823617,-4.60001,0.485163,,,,,,,,,,,,7.8741,1.11831,-3.07705,50,4.66363,3.93954,-114.45384,0.98136,10.34781,22.95604,-30.7044,BOC_EAG,VIR_TEC,HarringtonVillage,D1,ACC,20260412-HarringtonVillage-1,92ca59e0-36a3-11f1-85bd-1b9279e81419,77.69027,,,6.92952,,,,,,,b439a363-5661-400d-8b76-3a48f938d72a,2026-04-12,19:12:38.93,2026-04-12T15:12:38.9302784-04:00,2026-04-12T19:12:38.9302784Z,,v3,227,2293,26587,"Cooke, Henry",805714,Right,VIR_TEC,f6bcbe63-b613-4f8f-b342-f65f83d0e0d6,54.70482,-115.39362,11.47802,4.59772,2.23835,-15.3522,-3.22966,3.51592,5.1739,,,,,,,,,,,,,,,,,,,,,,,,,,,,,,,,,,,,,,,,,,,,,,,,,,,High,High,High,,,,,,68.892478,68.08779,961.782805,0.373185,8:15,-0.916102,0.367207,0.160988,82.898649,-37.015751,-25.341593,101.88086,-43.608922,0.708553,-0.689732,-0.149068,77.804521,-45.11734,0.689732,-0.708553,0.149068,-77.804521,45.11734,-0.689732,0.708553,0.149068,-101.88086,43.608922,-0.708553,0.689732,-0.149068,,,
234,2026-04-12,15:13:00.07,3,3,"Robertson, Aiden",833405,Right,VIR_TEC,"Hendrickson, Carter",830138,Right,BOC_EAG,Undefined,7,Bottom,1,1,1,Sinker,Sinker,StrikeCalled,Undefined,Undefined,Undefined,0,0,,90.30301,-1.00763,-4.545582,2073.790555,246.746741,2:15,4.74604,2.9432,6.21864,-25.78277,8.40367,16.85875,1.66463,0.14472,82.03451,-5.844673,-1.512002,0.420822,,,,,,,,,,,,-10.0463,5.00284,-2.61026,50,4.65762,9.6976,-130.80401,-3.13782,-17.29525,29.22374,-23.56142,BOC_EAG,VIR_TEC,HarringtonVillage,D1,ACC,20260412-HarringtonVillage-1,9f578c00-36a3-11f1-85bd-1b9279e81419,89.5686,,,8.2685,,,,,,,b439a363-5661-400d-8b76-3a48f938d72a,2026-04-12,19:13:00.07,2026-04-12T15:13:00.0748032-04:00,2026-04-12T19:13:00.0748032Z,,v3,227,2293,26587,"Cooke, Henry",805714,Right,VIR_TEC,e658da21-9f6f-42ed-8bfa-0caac97bb2fd,54.27955,-131.75666,14.61187,4.74739,-2.36975,-11.78071,-2.93558,10.2614,-8.64762,,,,,,,,,,,,,,,,,,,,,,,,,,,,,,,,,,,,,,,,,,,,,,,,,,,High,High,High,,,,,,239.663702,6.490739,2060.497849,0.99359,2:00,-0.137408,-0.859399,-0.492496,79.26052,47.559944,84.863072,137.229702,70.898671,0.222216,0.944941,-0.240221,75.73654,12.839208,0.944941,0.222216,0.240221,-75.73654,-12.839208,-0.944941,-0.222216,0.240221,-137.229702,-70.898671,-0.222216,-0.944941,-0.240221,,,
235,2026-04-12,15:13:41.34,3,4,"Robertson, Aiden",833405,Right,VIR_TEC,"Hendrickson, Carter",830138,Right,BOC_EAG,Undefined,7,Bottom,1,1,2,Sweeper,Slider,BallCalled,Undefined,Undefined,Undefined,0,0,,79.03444,1.912899,-3.387078,2560.516316,88.189732,9:00,4.65641,3.20511,5.82636,-44.92995,1.26268,-15.78635,2.69429,-1.26279,70.79238,-6.412375,-6.203405,0.489168,,,,,,,,,,,,6.76256,0.51862,-2.9191,50,4.78723,7.38255,-114.26593,2.39122,8.69029,26.5547,-31.50758,BOC_EAG,VIR_TEC,HarringtonVillage,D1,ACC,20260412-HarringtonVillage-1,b80572d0-36a3-11f1-85bd-1b9279e81419,77.05423,,,8.24206,,,,,,,b439a363-5661-400d-8b76-3a48f938d72a,2026-04-12,19:13:41.34,2026-04-12T15:13:41.3455360-04:00,2026-04-12T19:13:41.3455360Z,,v3,227,2293,26587,"Cooke, Henry",805714,Right,VIR_TEC,194c07be-44af-442d-b571-25c3037d46c9,54.66844,-115.34574,13.27735,4.66394,3.67244,-15.75379,-3.21212,7.02917,4.34515,,,,,,,,,,,,,,,,,,,,,,,,,,,,,,,,,,,,,,,,,,,,,,,,,,,High,High,High,,,,,,70.78068,67.99935,959.213247,0.374617,8:15,-0.905971,0.38449,0.177154,-79.06845,45.306247,-13.001311,95.946649,-53.865163,0.586514,-0.807631,-0.061093,85.674118,-35.91004,0.807631,-0.586514,0.061093,-85.674118,35.91004,-0.807631,0.586514,0.061093,-95.946649,53.865163,-0.586514,0.807631,-0.061093,,,
236,2026-04-12,15:14:23.76,3,5,"Robertson, Aiden",833405,Right,VIR_TEC,"Hendrickson, Carter",830138,Right,BOC_EAG,Undefined,7,Bottom,1,2,2,Sinker,Sinker,InPlay,Undefined,FlyBall,Out,1,0,,90.57959,-0.391984,-5.349291,2226.73732,245.702116,2:15,4.78137,3.09128,6.05099,-24.37084,9.8163,19.20686,2.38601,-0.27443,82.28052,-4.961342,-1.911551,0.420826,90.91452,23.241896,5.414972,3275.354106,108.37566,42.37861,18.83355,303.5977,295.4268,16.935237,4.038012,-11.46434,5.49981,-2.68448,50,4.73765,11.46961,-131.08031,-1.69664,-19.86554,28.75532,-22.64389,BOC_EAG,VIR_TEC,HarringtonVillage,D1,ACC,20260412-HarringtonVillage-1,d13dbf50-36a3-11f1-85bd-1b9279e81419,89.56772,51.35171,,8.29907,,,,1.31189,2.39806,0.28899,b439a363-5661-400d-8b76-3a48f938d72a,2026-04-12,19:14:23.76,2026-04-12T15:14:23.7688320-04:00,2026-04-12T19:14:23.7688320Z,LineDrive,v3,227,2293,26587,"Cooke, Henry",805714,Right,VIR_TEC,f59b4ac9-e5be-45f0-957a-610a7a63ba1d,54.44863,-132.05261,14.37766,4.78208,-0.93099,-11.32195,-3.08366,12.14132,-9.93277,217.727937,1.31172,121.9785,-26.31622,6.58358,-1.47082,0.31733,-0.06289,0.00885,-0.00056,2.39902,52.5916,-13.89115,-0.99389,0.8961,-0.37057,0.09784,-0.0139,0.00079,0.28889,11.56516,7.84161,-3.10157,0.91366,-0.21569,0.03935,-0.0047,0.00026,,,,,,,,,,,,,,,,,,,,,,,High,High,High,High,High,,,,237.804406,10.55921,2189.029882,0.983066,2:00,-0.225614,-0.833138,-0.504954,-77.484431,-34.506854,87.481137,174.599086,78.539845,0.018701,0.980063,-0.197804,78.589385,1.071562,0.980063,0.018701,0.197804,-78.589385,-1.071562,-0.980063,-0.018701,0.197804,-174.599086,-78.539845,-0.018701,-0.980063,-0.197804,,,
237,2026-04-12,15:15:06.63,4,1,"Robertson, Aiden",833405,Right,VIR_TEC,"Gallo, Luke",828057,Right,BOC_EAG,Undefined,7,Bottom,2,0,0,Sweeper,Slider,StrikeCalled,Undefined,Undefined,Undefined,0,0,,78.86472,1.524524,-1.16682,2591.110428,90.102843,9:00,4.6417,3.31329,5.83092,-44.04018,1.62492,-18.34477,2.38942,0.6998,71.43188,-6.622459,-4.45348,0.486366,,,,,,,,,,,,8.93788,0.83965,-3.20744,50,4.74063,3.03704,-114.38549,1.64488,11.65317,24.23438,-31.07932,BOC_EAG,VIR_TEC,HarringtonVillage,D1,ACC,20260412-HarringtonVillage-1,ead4a690-36a3-11f1-85bd-1b9279e81419,77.49804,,,7.43285,,,,,,,b439a363-5661-400d-8b76-3a48f938d72a,2026-04-12,19:15:06.63,2026-04-12T15:15:06.6395136-04:00,2026-04-12T19:15:06.6395136Z,,v3,227,2293,26587,"Cooke, Henry",805714,Right,VIR_TEC,8f726826-9c24-4dff-8998-fd7615d4490e,54.66664,-115.36996,12.11719,4.64817,2.9074,-15.53966,-3.32119,2.56366,5.82658,,,,,,,,,,,,,,,,,,,,,,,,,,,,,,,,,,,,,,,,,,,,,,,,,,,High,High,High,,,,,,71.671277,67.241991,1002.344815,0.38684,8:30,-0.909385,0.391618,0.140196,74.8536,-45.417628,-12.978967,92.557758,-35.735859,0.810909,-0.584049,-0.036224,86.450927,-54.184884,0.584049,-0.810909,0.036224,-86.450927,54.184884,-0.584049,0.810909,0.036224,-92.557758,35.735859,-0.810909,0.584049,-0.036224,,,
238,2026-04-12,15:15:24.21,4,2,"Robertson, Aiden",833405,Right,VIR_TEC,"Gallo, Luke",828057,Right,BOC_EAG,Undefined,7,Bottom,2,0,1,Sweeper,Slider,BallCalled,Undefined,Undefined,Undefined,0,0,,79.00111,1.631027,-3.161262,2566.435251,93.480383,9:00,4.74303,3.06183,5.83274,-43.16687,2.6354,-16.53635,2.66457,-1.25761,71.35633,-6.355814,-6.113338,0.487096,,,,,,,,,,,,7.32729,1.3178,-2.79421,50,4.85144,6.95726,-114.36675,1.89674,9.51499,24.93721,-30.46278,BOC_EAG,VIR_TEC,HarringtonVillage,D1,ACC,20260412-HarringtonVillage-1,f54decd0-36a3-11f1-85bd-1b9279e81419,77.3819,,,7.64477,,,,,,,b439a363-5661-400d-8b76-3a48f938d72a,2026-04-12,19:15:24.21,2026-04-12T15:15:24.2172928-04:00,2026-04-12T19:15:24.2172928Z,,v3,227,2293,26587,"Cooke, Henry",805714,Right,VIR_TEC,919da721-0988-4a2c-8049-21ec009b8364,54.66353,-115.37913,12.46861,4.74934,3.13344,-15.23139,-3.06882,6.57098,4.75749,,,,,,,,,,,,,,,,,,,,,,,,,,,,,,,,,,,,,,,,,,,,,,,,,,,High,High,High,,,,,,74.621059,70.39731,861.028229,0.335496,8:30,-0.926127,0.350165,0.14026,72.237399,-46.903781,-8.788872,93.453703,-34.012082,0.827414,-0.559368,-0.049936,84.898625,-55.834018,0.559368,-0.827414,0.049936,-84.898625,55.834018,-0.559368,0.827414,0.049936,-93.453703,34.012082,-0.827414,0.559368,-0.049936,,,
239,2026-04-12,15:15:45.49,4,3,"Robertson, Aiden",833405,Right,VIR_TEC,"Gallo, Luke",828057,Right,BOC_EAG,Undefined,7,Bottom,2,1,1,Sinker,Sinker,InPlay,Undefined,LineDrive,Single,0,0,,90.38498,-0.3699,-4.923,2100.378254,251.90078,2:30,4.78229,3.05824,6.25337,-27.01368,7.34536,18.65962,2.18877,0.06216,81.42152,-5.451285,-1.566026,0.421883,99.99425,9.516851,-10.27631,1833.151161,108.54441,15.07767,-17.83269,241.04559,241.04559,-8.225035,2.284744,-11.28355,4.27957,-2.70089,50,4.74157,10.50164,-130.80532,-1.71464,-19.261,31.39081,-24.86886,BOC_EAG,VIR_TEC,HarringtonVillage,D1,ACC,20260412-HarringtonVillage-1,01f054a0-36a4-11f1-85bd-1b9279e81419,89.34337,15.68669,,8.96346,,,,1.02409,2.14467,-0.12436,b439a363-5661-400d-8b76-3a48f938d72a,2026-04-12,19:15:45.49,2026-04-12T15:15:45.4951424-04:00,2026-04-12T19:15:45.4951424Z,LineDrive,v3,227,2293,26587,"Cooke, Henry",805714,Right,VIR_TEC,47140d78-5488-406c-8e78-7fc5fbfdf06d,54.2452,-131.82015,15.69541,4.78401,-0.91065,-12.43443,-3.05046,11.12432,-9.6305,196.897944,1.0241,142.3191,-25.60416,5.72346,-1.21573,0.26415,-0.05668,0.00976,-0.00088,2.14467,24.2478,-10.29584,-0.84388,0.48396,-0.25331,0.11835,-0.03376,0.00402,-0.12437,-25.80304,7.72704,-2.08463,0.54537,-0.1638,0.05371,-0.01314,0.00146,,,,,,,,,,,,,,,,,,,,,,,High,High,High,High,High,,,,241.350764,7.462837,2082.586612,0.991529,2:00,-0.1646,-0.870958,-0.462967,74.207865,50.85808,77.916012,140.881478,71.476129,0.200445,0.948191,-0.246485,75.42832,11.562996,0.948191,0.200445,0.246485,-75.42832,-11.562996,-0.948191,-0.200445,0.246485,-140.881478,-71.476129,-0.200445,-0.948191,-0.246485,67.61189,0.89545,-13.28001
240,2026-04-12,15:16:34.69,5,1,"Robertson, Aiden",833405,Right,VIR_TEC,"Johnson, Gunnar",1000100233,Right,BOC_EAG,Undefined,7,Bottom,2,0,0,ChangeUp,Changeup,BallCalled,Undefined,Undefined,StolenBase,0,0,,83.32447,3.124649,-3.970511,2099.370103,273.001653,3:00,4.89202,2.98475,6.06838,-39.87093,0.33248,17.98052,4.47082,0.80294,75.83262,-4.26119,-0.74523,0.456355,,,,,,,,,,,,-10.28304,-0.26752,-2.68577,50,5.11397,7.66226,-120.68285,5.29994,-15.15901,23.57721,-32.56842,BOC_EAG,VIR_TEC,HarringtonVillage,D1,ACC,20260412-HarringtonVillage-1,1f5e82a0-36a4-11f1-85bd-1b9279e81419,82.59456,,,7.49184,,,,,,,b439a363-5661-400d-8b76-3a48f938d72a,2026-04-12,19:16:34.69,2026-04-12T15:16:34.6970000-04:00,2026-04-12T19:16:34.6970000Z,,v3,227,2293,26587,"Cooke, Henry",805714,Right,VIR_TEC,ac855910-9b5c-4326-865c-6898e3d5765c,54.43108,-121.54545,11.7886,4.89827,6.49148,-16.28421,-2.97625,8.21686,-7.5795,,,,,,,,,,,,,,,,,,,,,,,,,,,,,80.00854,1.597738,0.770662,0.827075,-3.11778,4.10535,-0.75485,-1.90209,6.29424,-3.68155,59.95204,6.19796,-64.84056,-1.85324,83.58707,-10.84129,6.28483,7.49301,-9.16491,-3.71501,-80.56872,8.14559,High,High,High,,,High,Medium,Medium,261.474283,-10.41382,2064.789066,0.983528,2:45,0.117067,-0.981066,-0.154288,15.924776,29.830596,-85.107354,158.795124,68.954346,0.129892,0.933295,-0.334797,70.265752,7.463358,0.933295,0.129892,0.334797,-70.265752,-7.463358,-0.933295,-0.129892,0.334797,-158.795124,-68.954346,-0.129892,-0.933295,-0.334797,,,
241,2026-04-12,15:17:05.63,5,2,"Robertson, Aiden",833405,Right,VIR_TEC,"Johnson, Gunnar",1000100233,Right,BOC_EAG,Undefined,7,Bottom,2,1,0,Sweeper,Slider,StrikeCalled,Undefined,Undefined,Undefined,0,0,,81.02398,0.50886,-2.784934,2577.47075,92.156696,9:00,4.71716,3.32179,5.77604,-41.27794,1.96185,-13.6095,1.7514,-0.40575,73.79744,-7.090989,-5.216566,0.473275,,,,,,,,,,,,6.04575,1.29925,-3.08355,50,4.73463,6.25074,-117.46567,-0.31095,8.35001,24.64029,-30.37963,BOC_EAG,VIR_TEC,HarringtonVillage,D1,ACC,20260412-HarringtonVillage-1,31bea470-36a4-11f1-85bd-1b9279e81419,79.64178,,,7.22654,,,,,,,b439a363-5661-400d-8b76-3a48f938d72a,2026-04-12,19:17:05.63,2026-04-12T15:17:05.6306176-04:00,2026-04-12T19:17:05.6306176Z,,v3,227,2293,26587,"Cooke, Henry",805714,Right,VIR_TEC,6956ef94-64d9-4d49-9261-1d343cbe7958,54.72156,-118.45196,12.32014,4.72274,0.90507,-15.18982,-3.32706,5.91651,4.175,,,,,,,,,,,,,,,,,,,,,,,,,,,,,,,,,,,,,,,,,,,,,,,,,,,High,High,High,,,,,,67.725342,77.05687,577.31172,0.223984,8:15,-0.96744,0.215917,0.132061,-55.672021,51.945048,6.471115,98.592264,-46.436861,0.681419,-0.724615,-0.102961,81.912961,-42.954616,0.724615,-0.681419,0.102961,-81.912961,42.954616,-0.724615,0.681419,0.102961,-98.592264,46.436861,-0.681419,0.724615,-0.102961,,,
242,2026-04-12,15:17:25.76,5,3,"Robertson, Aiden",833405,Right,VIR_TEC,"Johnson, Gunnar",1000100233,Right,BOC_EAG,Undefined,7,Bottom,2,1,1,Sweeper,Slider,StrikeSwinging,Undefined,Undefined,Undefined,0,0,,83.89285,0.255294,-4.062557,2501.041493,156.857649,11:15,4.7171,3.25797,6.04379,-32.43773,7.47536,-2.62599,2.25092,-0.7284,76.31344,-5.783662,-4.532978,0.454704,,,,,,,,,,,,0.11992,4.18047,-2.93965,50,4.71975,8.73427,-121.51867,-0.47564,0.17783,25.62802,-25.97404,BOC_EAG,VIR_TEC,HarringtonVillage,D1,ACC,20260412-HarringtonVillage-1,3dc03860-36a4-11f1-85bd-1b9279e81419,82.89438,,,7.57941,,,,,,,b439a363-5661-400d-8b76-3a48f938d72a,2026-04-12,19:17:25.76,2026-04-12T15:17:25.7604096-04:00,2026-04-12T19:17:25.7604096Z,,v3,227,2293,26587,"Cooke, Henry",805714,Right,VIR_TEC,bc145868-1d4a-4e53-a071-2146827e938f,54.45277,-122.45415,12.81401,4.71981,0.47247,-12.98702,-3.25835,8.72777,0.08891,,,,,,,,,,,,,,,,,,,,,,,,,,,,,,,,,,,,,,,,,,,,,,,,,,,High,High,High,,,,,,207.07046,73.382287,715.259408,0.285985,1:00,-0.974437,-0.125877,-0.186087,-34.603069,66.462973,11.363158,163.866043,-37.4959,0.220472,-0.608705,-0.762149,38.613284,-12.736776,0.608705,-0.220472,0.762149,-38.613284,12.736776,-0.608705,0.220472,0.762149,-163.866043,37.4959,-0.220472,0.608705,-0.762149,,,
243,2026-04-12,15:17:48.62,5,4,"Robertson, Aiden",833405,Right,VIR_TEC,"Johnson, Gunnar",1000100233,Right,BOC_EAG,Undefined,7,Bottom,2,1,2,Sweeper,Slider,BallCalled,Undefined,Undefined,Undefined,0,0,,79.48528,1.1227,-4.572595,2527.131673,85.40573,8:45,4.72228,3.09064,5.84006,-45.5177,0.17764,-18.9082,1.97602,-2.74377,71.56647,-7.265253,-7.936297,0.486527,,,,,,,,,,,,7.95292,0.23169,-2.70668,50,4.78803,9.92069,-114.83289,0.79955,10.32837,26.69357,-31.87315,BOC_EAG,VIR_TEC,HarringtonVillage,D1,ACC,20260412-HarringtonVillage-1,4b5f4fb0-36a4-11f1-85bd-1b9279e81419,77.47239,,,7.91881,,,,,,,b439a363-5661-400d-8b76-3a48f938d72a,2026-04-12,19:17:48.62,2026-04-12T15:17:48.6247424-04:00,2026-04-12T19:17:48.6247424Z,,v3,227,2293,26587,"Cooke, Henry",805714,Right,VIR_TEC,9eab8687-ee40-4db0-840e-fd58f99f2ba0,54.65594,-115.91014,13.34678,4.72981,2.08583,-15.93658,-3.09863,9.50387,5.16419,,,,,,,,,,,,,,,,,,,,,,,,,,,,,,,,,,,,,,,,,,,,,,,,,,,High,High,High,,,,,,63.990046,67.445423,969.314972,0.383563,8:15,-0.900256,0.362744,0.24074,-48.590038,54.405359,2.892054,96.07885,-44.595321,0.708079,-0.702095,-0.075408,83.869728,-45.078865,0.702095,-0.708079,0.075408,-83.869728,45.078865,-0.702095,0.708079,0.075408,-96.07885,44.595321,-0.708079,0.702095,-0.075408,,,
244,2026-04-12,15:18:12.42,5,5,"Robertson, Aiden",833405,Right,VIR_TEC,"Johnson, Gunnar",1000100233,Right,BOC_EAG,Undefined,7,Bottom,2,2,2,Cutter,Slider,BallCalled,Undefined,Undefined,Undefined,0,0,,84.57131,-0.880917,-6.063356,2373.084145,161.466566,11:30,4.59622,3.13912,6.19623,-32.2873,6.87481,-1.88,1.08774,-2.63601,77.34928,-6.864188,-6.399245,0.450406,,,,,,,,,,,,-0.80555,4.2065,-2.68037,50,4.51341,13.05168,-122.19525,-2.88498,-1.2119,25.20591,-25.84574,BOC_EAG,VIR_TEC,HarringtonVillage,D1,ACC,20260412-HarringtonVillage-1,5996af60-36a4-11f1-85bd-1b9279e81419,83.68542,,,7.22203,,,,,,,b439a363-5661-400d-8b76-3a48f938d72a,2026-04-12,19:18:12.42,2026-04-12T15:18:12.4213248-04:00,2026-04-12T19:18:12.4213248Z,,v3,227,2293,26587,"Cooke, Henry",805714,Right,VIR_TEC,3ecad34f-d2cd-42c8-9c85-f009ccec3e20,54.30156,-123.07936,12.60296,4.59871,-1.97843,-12.92287,-3.13891,13.09418,-0.60595,,,,,,,,,,,,,,,,,,,,,,,,,,,,,,,,,,,,,,,,,,,,,,,,,,,High,High,High,,,,,,218.136193,71.512606,752.495494,0.317096,1:15,-0.966327,-0.210375,-0.148168,-18.352423,65.534669,25.00519,162.18318,-30.16949,0.264528,-0.50256,-0.823079,31.407619,-15.338922,0.50256,-0.264528,0.823079,-31.407619,15.338922,-0.50256,0.264528,0.823079,-162.18318,30.16949,-0.264528,0.50256,-0.823079,,,
245,2026-04-12,15:18:35.51,5,6,"Robertson, Aiden",833405,Right,VIR_TEC,"Johnson, Gunnar",1000100233,Right,BOC_EAG,Undefined,7,Bottom,2,3,2,Sweeper,Slider,FoulBallNotFieldable,Undefined,Undefined,Undefined,0,0,,79.79431,0.89732,-2.11603,2536.200218,94.658936,9:15,4.64124,3.23289,5.79007,-41.99022,3.36406,-19.56718,1.97743,-0.36705,71.3951,-6.896415,-5.61454,0.484708,65.41366,17.117066,154.24497,3501.218804,,,,112.50316,45.69926,158.439591,1.424234,9.17264,1.89571,-3.04689,50,4.69051,5.03522,-115.52056,0.47449,12.01005,27.74708,-29.69194,BOC_EAG,VIR_TEC,HarringtonVillage,D1,ACC,20260412-HarringtonVillage-1,67513df0-36a4-11f1-85bd-1b9279e81419,77.76312,10.85308,,8.3992,,,,0.62137,1.87941,0.43683,b439a363-5661-400d-8b76-3a48f938d72a,2026-04-12,19:18:35.51,2026-04-12T15:18:35.5100160-04:00,2026-04-12T19:18:35.5100160Z,LineDrive,v3,227,2293,26587,"Cooke, Henry",805714,Right,VIR_TEC,3849cb70-71d8-4b10-8a0c-09129bbd3879,54.70572,-116.64536,13.87354,4.64688,1.67813,-14.84597,-3.24113,4.54836,6.00502,310.571788,0.62137,-82.58177,5.58303,0.48586,-0.17438,0.07774,-0.01432,0.00161,-0.00019,1.87941,28.2375,-23.71047,2.63915,-0.52373,0.10695,-0.01451,0.00249,-0.00033,0.43683,39.84165,-9.36139,1.46195,-0.31928,0.047,-0.00609,0.00178,-0.00026,,,,,,,,,,,,,,,,,,,,,,,High,High,High,High,Medium,,,,70.137323,68.191682,942.205034,0.371503,8:15,-0.917556,0.363899,0.160213,-79.78179,47.346686,-14.308518,91.419299,-51.336042,0.62456,-0.780824,-0.015474,88.864657,-38.649895,0.780824,-0.62456,0.015474,-88.864657,38.649895,-0.780824,0.62456,0.015474,-91.419299,51.336042,-0.62456,0.780824,-0.015474,68.05804,5.23716,7.40076
246,2026-04-12,15:19:01.08,5,7,"Robertson, Aiden",833405,Right,VIR_TEC,"Johnson, Gunnar",1000100233,Right,BOC_EAG,Undefined,7,Bottom,2,3,2,ChangeUp,Changeup,InPlay,Undefined,Popup,Out,1,0,,84.12489,1.209846,-4.639056,2020.326517,265.937721,2:45,4.77124,3.07473,6.14375,-36.98577,2.44591,16.16568,2.81094,0.12561,76.54317,-5.661838,-1.736352,0.451954,91.88398,47.955066,6.150999,5186.863561,107.28459,117.59599,24.29013,235.18361,125.91273,18.013999,5.889214,-9.7354,1.27055,-2.72909,50,4.84457,9.27059,-121.87268,1.40593,-14.5755,24.97053,-30.2718,BOC_EAG,VIR_TEC,HarringtonVillage,D1,ACC,20260412-HarringtonVillage-1,768b67a0-36a4-11f1-85bd-1b9279e81419,83.3989,129.74798,,7.58172,,,,1.14662,2.68002,-0.15295,b439a363-5661-400d-8b76-3a48f938d72a,2026-04-12,19:19:01.08,2026-04-12T15:19:01.0880512-04:00,2026-04-12T19:19:01.0880512Z,FlyBall,v3,227,2293,26587,"Cooke, Henry",805714,Right,VIR_TEC,c909fbf4-3469-4e2f-b8b7-4da566f720dc,54.35633,-122.762,12.48527,4.7753,2.48406,-15.1359,-3.0685,9.78969,-7.28775,196.365755,1.14972,89.65285,-27.79233,7.72787,-1.45802,0.15137,-0.00067,-0.00136,9E-05,2.67335,100.19114,-23.29549,1.62563,-0.08176,-0.03594,0.01572,-0.00254,0.00014,-0.15334,9.68725,4.09147,-1.86727,0.46534,-0.06271,0.00185,0.00049,-4E-05,,,,,,,,,,,,,,,,,,,,,,,High,High,High,High,Low,,,,259.723308,-8.334293,1998.990274,0.989439,2:45,0.109676,-0.97641,-0.185998,-4.661357,-40.286058,86.193009,155.509846,59.108495,0.212829,0.858141,-0.467223,61.433477,12.288193,0.858141,0.212829,0.467223,-61.433477,-12.288193,-0.858141,-0.212829,0.467223,-155.509846,-59.108495,-0.212829,-0.858141,-0.467223,72.97578,15.34023,-6.81879
247,2026-04-12,15:22:21.48,1,1,"Kipp, Kyle",822339,Right,BOC_EAG,"Grube, Sam",838742,Left,VIR_TEC,Undefined,8,Top,0,0,0,Sinker,Sinker,StrikeCalled,Undefined,Undefined,Undefined,0,0,,92.3056,-1.024031,-3.48174,2103.409415,247.106537,2:15,5.6439,2.34983,5.91642,-25.70395,7.27426,14.63221,2.54969,0.33396,84.01796,-5.811172,-0.858495,0.413319,,,,,,,,,,,,-8.46276,4.36481,-2.07864,50,5.54721,7.49104,-133.81648,-3.29943,-15.27512,30.10701,-24.29568,BOC_EAG,VIR_TEC,HarringtonVillage,D1,ACC,20260412-HarringtonVillage-1,edf7c310-36a4-11f1-85bd-1b9279e81419,91.19461,,,8.28764,,,,,,,b439a363-5661-400d-8b76-3a48f938d72a,2026-04-12,19:22:21.48,2026-04-12T15:22:21.4850560-04:00,2026-04-12T19:22:21.4850560Z,,v3,227,2293,26587,"Johnson, Gunnar",1000100233,Right,BOC_EAG,9543d46d-ba19-4fcd-a024-1576e1cdea2e,54.58122,-134.84326,15.0535,5.6456,-2.47084,-12.14784,-2.343,8.01198,-7.63756,,,,,,,,,,,,,,,,,,,,,,,,,,,,,,,,,,,,,,,,,,,,,,,,,,,High,High,High,,,,,,236.617975,1.037941,2103.064286,0.999836,2:00,-0.036594,-0.835074,-0.548919,90.308587,41.250587,-62.275461,171.146315,64.804281,0.065522,0.904859,-0.420639,65.067831,3.756826,0.904859,0.065522,0.420639,-65.067831,-3.756826,-0.904859,-0.065522,0.420639,-171.146315,-64.804281,-0.065522,-0.904859,-0.420639,,,
248,2026-04-12,15:22:37.05,1,2,"Kipp, Kyle",822339,Right,BOC_EAG,"Grube, Sam",838742,Left,VIR_TEC,Undefined,8,Top,0,0,1,Sinker,Sinker,FoulBallNotFieldable,Undefined,Undefined,Undefined,0,0,,92.27258,-1.203084,-4.003803,2208.346785,241.195214,2:00,5.74434,2.47308,5.72246,-24.81053,8.688,13.64717,2.5533,-0.12501,83.44299,-5.82698,-1.568737,0.416566,87.33749,18.373896,-44.485619,3780.272293,71.06116,27.17191,-83.96597,226.32186,180.66356,-55.542449,2.721369,-8.16804,5.13776,-2.14676,50,5.6285,8.73084,-133.55406,-3.69367,-14.58959,31.73122,-22.99704,BOC_EAG,VIR_TEC,HarringtonVillage,D1,ACC,20260412-HarringtonVillage-1,f73d1d30-36a4-11f1-85bd-1b9279e81419,90.48362,27.78096,,8.82959,,,,0.02166,2.38831,0.23424,b439a363-5661-400d-8b76-3a48f938d72a,2026-04-12,19:22:37.05,2026-04-12T15:22:37.0586624-04:00,2026-04-12T19:22:37.0586624Z,LineDrive,v3,227,2293,26587,"Johnson, Gunnar",1000100233,Right,BOC_EAG,fee2c6f0-8484-42c9-b6e6-0e97527195dd,54.77473,-134.68371,15.86561,5.74543,-2.87496,-11.49852,-2.46683,9.25024,-7.29479,122.682506,0.02166,86.72863,-25.29985,6.63876,-1.57257,0.32552,-0.05745,0.00706,-0.00041,2.38831,40.37663,-16.74038,0.4245,0.15745,-0.06942,0.01663,-0.00196,0.0001,0.23424,-85.18336,7.53675,-0.33553,-0.22894,0.10208,-0.02405,0.00331,-0.00022,,,,,,,,,,,,,,,,,,,,,,,High,High,High,High,Medium,,,,236.181771,-1.189452,2207.870936,0.999785,1:45,-0.000752,-0.830009,-0.557749,-102.227734,-39.481052,-41.355583,171.253091,63.271516,0.068396,0.893148,-0.444532,63.539828,3.921835,0.893148,0.068396,0.444532,-63.539828,-3.921835,-0.893148,-0.068396,0.444532,-171.253091,-63.271516,-0.068396,-0.893148,-0.444532,,,
249,2026-04-12,15:22:56.00,1,3,"Kipp, Kyle",822339,Right,BOC_EAG,"Grube, Sam",838742,Left,VIR_TEC,Undefined,8,Top,0,0,2,ChangeUp,Changeup,FoulBallNotFieldable,Undefined,Undefined,Undefined,0,0,,81.7211,0.990998,-2.704399,1501.451848,263.306143,2:45,5.45906,2.43771,6.01723,-40.0501,3.08744,10.85772,3.04062,0.8356,72.34952,-6.512866,-0.752632,0.472715,,,,,,,,,,,,-6.60166,1.72138,-2.23145,50,5.5156,5.15372,-118.21202,0.78508,-9.00145,30.16696,-29.8269,BOC_EAG,VIR_TEC,HarringtonVillage,D1,ACC,20260412-HarringtonVillage-1,0291cf50-36a5-11f1-85bd-1b9279e81419,79.73612,,,9.37158,,,,,,,b439a363-5661-400d-8b76-3a48f938d72a,2026-04-12,19:22:56.00,2026-04-12T15:22:56.0056320-04:00,2026-04-12T19:22:56.0056320Z,,v3,227,2293,26587,"Johnson, Gunnar",1000100233,Right,BOC_EAG,6b50167d-2f5d-4033-9118-88890f73aac3,54.47666,-119.34896,15.08348,5.46483,1.90921,-14.91345,-2.43207,5.49297,-4.50072,,,,,,,,,,,,,,,,,,,,,,,,,,,,,,,,,,,,,,,,,,,,,,,,,,,High,High,High,,,,,,256.486307,35.707228,1219.193779,0.81201,2:30,-0.605499,-0.779316,-0.161359,-23.015415,-7.960206,59.850035,102.637116,-82.292106,0.130874,-0.990965,-0.029343,88.303951,-7.520079,0.990965,-0.130874,0.029343,-88.303951,7.520079,-0.990965,0.130874,0.029343,-102.637116,82.292106,-0.130874,0.990965,-0.029343,,,
250,2026-04-12,15:23:17.11,1,4,"Kipp, Kyle",822339,Right,BOC_EAG,"Grube, Sam",838742,Left,VIR_TEC,Undefined,8,Top,0,0,2,ChangeUp,Changeup,BallCalled,Undefined,Undefined,Undefined,0,0,,82.59229,-2.309496,-5.213122,1645.482591,270.437394,3:00,5.55689,2.33988,6.2691,-39.61081,1.19768,20.09466,0.11688,-0.80482,75.74607,-9.620534,-1.589821,0.459776,,,,,,,,,,,,-12.05481,1.64638,-1.96315,50,5.36586,10.1812,-119.54046,-6.0543,-17.3603,24.06826,-29.80306,BOC_EAG,VIR_TEC,HarringtonVillage,D1,ACC,20260412-HarringtonVillage-1,0f219980-36a5-11f1-85bd-1b9279e81419,81.97997,,,6.84622,,,,,,,b439a363-5661-400d-8b76-3a48f938d72a,2026-04-12,19:23:17.11,2026-04-12T15:23:17.1109376-04:00,2026-04-12T19:23:17.1109376Z,,v3,227,2293,26587,"Johnson, Gunnar",1000100233,Right,BOC_EAG,3ff7f997-ae7d-4931-b346-23edb1cf98eb,54.23245,-120.38961,12.03413,5.56092,-5.00283,-14.90153,-2.33316,10.79368,-8.68015,,,,,,,,,,,,,,,,,,,,,,,,,,,,,,,,,,,,,,,,,,,,,,,,,,,High,High,High,,,,,,247.724946,30.363993,1419.774235,0.862832,2:15,-0.500667,-0.818164,-0.282738,-31.499353,-21.20596,65.274564,157.034795,-82.020252,0.054165,-0.990317,-0.12782,82.645495,-3.104938,0.990317,-0.054165,0.12782,-82.645495,3.104938,-0.990317,0.054165,0.12782,-157.034795,82.020252,-0.054165,0.990317,-0.12782,,,
251,2026-04-12,15:23:38.71,1,5,"Kipp, Kyle",822339,Right,BOC_EAG,"Grube, Sam",838742,Left,VIR_TEC,Undefined,8,Top,0,1,2,Sinker,Sinker,StrikeSwinging,Strikeout,Undefined,Undefined,0,0,,92.84824,-0.924436,-3.668934,2269.366065,237.016766,2:00,5.74595,2.43733,5.7863,-19.82229,12.80064,18.10769,3.23223,0.52835,84.69301,-4.646952,-0.432551,0.411086,,,,,,,,,,,,-10.20453,7.09229,-2.14546,50,5.65776,7.81373,-134.62182,-2.84292,-18.72869,29.19631,-19.15734,BOC_EAG,VIR_TEC,HarringtonVillage,D1,ACC,20260412-HarringtonVillage-1,1c096ec0-36a5-11f1-85bd-1b9279e81419,91.6899,,,8.15523,,,,,,,b439a363-5661-400d-8b76-3a48f938d72a,2026-04-12,19:23:38.71,2026-04-12T15:23:38.7170000-04:00,2026-04-12T19:23:38.7170000Z,,v3,227,2293,26587,"Johnson, Gunnar",1000100233,Right,BOC_EAG,aec77ccc-0047-4655-8f94-92a981c1dd89,54.71224,-135.63995,14.59816,5.74525,-2.17488,-9.57867,-2.42933,8.46683,-9.36434,,,,,,,,,,,,,,,,,,,,,,,,,,,,,61.58361,,,1.142554,,,,-0.53903,5.78278,2.21103,72.91927,10.20324,51.87681,-0.39284,72.59782,-7.34615,5.89699,21.43062,-15.428,2.23292,46.24871,-2.44447,High,High,High,,,High,High,High,234.131889,0.368172,2269.319213,0.999979,1:45,-0.030858,-0.810349,-0.585134,-50.558738,-10.9504,70.288361,117.84465,-10.085236,0.870555,-0.175113,-0.459859,20.846705,-60.523156,0.175113,-0.870555,0.459859,-20.846705,60.523156,-0.175113,0.870555,0.459859,-117.84465,10.085236,-0.870555,0.175113,-0.459859,,,
252,2026-04-12,15:24:10.59,2,1,"Kipp, Kyle",822339,Right,BOC_EAG,"Daniel, Pete",838741,Right,VIR_TEC,Undefined,8,Top,1,0,0,Sinker,Sinker,BallCalled,Undefined,Undefined,Undefined,0,0,,92.34783,-0.685948,-5.838126,2269.954818,236.126348,1:45,5.83363,2.1174,5.91654,-20.8693,12.59741,16.9278,3.45458,-1.90884,82.97921,-4.632638,-2.821474,0.416368,,,,,,,,,,,,-10.40292,7.00898,-1.65714,50,5.76665,12.8538,-133.29054,-2.2786,-18.46111,32.27961,-19.73585,BOC_EAG,VIR_TEC,HarringtonVillage,D1,ACC,20260412-HarringtonVillage-1,2efa37d0-36a5-11f1-85bd-1b9279e81419,90.52666,,,9.36862,,,,,,,b439a363-5661-400d-8b76-3a48f938d72a,2026-04-12,19:24:10.59,2026-04-12T15:24:10.5966592-04:00,2026-04-12T19:24:10.5966592Z,,v3,227,2293,26587,"Johnson, Gunnar",1000100233,Right,BOC_EAG,a55da47b-c2d2-46b4-b3c5-9317a83dd036,54.57853,-134.39477,16.1398,5.83305,-1.60347,-9.86793,-2.10765,13.48532,-9.23055,,,,,,,,,,,,,,,,,,,,,,,,,,,,,,,,,,,,,,,,,,,,,,,,,,,High,High,High,,,,,,232.632233,0.580697,2269.838235,0.999949,1:45,-0.062349,-0.79478,-0.603687,-62.319753,-7.66794,66.666897,119.00374,-18.72443,0.828299,-0.321017,-0.459204,34.956311,-55.924416,0.321017,-0.828299,0.459204,-34.956311,55.924416,-0.321017,0.828299,0.459204,-119.00374,18.72443,-0.828299,0.321017,-0.459204,,,
253,2026-04-12,15:24:28.50,2,2,"Kipp, Kyle",822339,Right,BOC_EAG,"Daniel, Pete",838741,Right,VIR_TEC,Undefined,8,Top,1,1,0,Sinker,Sinker,BallCalled,Undefined,Undefined,Undefined,0,0,,92.89033,-0.945353,-4.870685,2297.408652,234.614043,1:45,5.81467,2.22088,5.8245,-20.13702,12.86556,16.45017,3.25447,-0.94726,83.77365,-4.747719,-1.936376,0.413471,,,,,,,,,,,,-9.83004,7.19032,-1.8314,50,5.72537,10.69077,-134.3077,-2.88805,-17.75928,32.05574,-19.18378,BOC_EAG,VIR_TEC,HarringtonVillage,D1,ACC,20260412-HarringtonVillage-1,39b39450-36a5-11f1-85bd-1b9279e81419,91.16095,,,9.11668,,,,,,,b439a363-5661-400d-8b76-3a48f938d72a,2026-04-12,19:24:28.50,2026-04-12T15:24:28.5002752-04:00,2026-04-12T19:24:28.5002752Z,,v3,227,2293,26587,"Johnson, Gunnar",1000100233,Right,BOC_EAG,2e4f437b-7909-460b-b1f2-d5064c2d510d,54.67171,-135.41812,16.02787,5.8139,-2.22352,-9.59189,-2.21239,11.30596,-8.87964,,,,,,,,,,,,,,,,,,,,,,,,,,,,,,,,,,,,,,,,,,,,,,,,,,,High,High,High,,,,,,230.569777,1.013077,2297.049534,0.999844,1:45,-0.058838,-0.772465,-0.632326,-55.786652,-11.273445,72.384798,115.556698,-16.928013,0.863069,-0.29117,-0.412712,35.203129,-59.662992,0.29117,-0.863069,0.412712,-35.203129,59.662992,-0.29117,0.863069,0.412712,-115.556698,16.928013,-0.863069,0.29117,-0.412712,,,
254,2026-04-12,15:24:46.85,2,3,"Kipp, Kyle",822339,Right,BOC_EAG,"Daniel, Pete",838741,Right,VIR_TEC,Undefined,8,Top,1,2,0,Sinker,Sinker,StrikeCalled,Undefined,Undefined,Undefined,0,0,,92.43343,-0.930604,-3.995489,2226.068909,249.644193,2:15,5.63661,2.31491,6.0951,-24.10521,9.10745,21.11056,2.76493,0.37257,82.73788,-5.483164,-0.200426,0.414785,,,,,,,,,,,,-12.11221,5.38378,-2.01707,50,5.55236,8.39682,-133.75977,-2.97563,-21.48001,34.53842,-22.62636,BOC_EAG,VIR_TEC,HarringtonVillage,D1,ACC,20260412-HarringtonVillage-1,44a14740-36a5-11f1-85bd-1b9279e81419,90.87221,,,9.69555,,,,,,,b439a363-5661-400d-8b76-3a48f938d72a,2026-04-12,19:24:46.85,2026-04-12T15:24:46.8542976-04:00,2026-04-12T19:24:46.8542976Z,,v3,227,2293,26587,"Johnson, Gunnar",1000100233,Right,BOC_EAG,4a7e0cbe-1a2f-403f-8246-3aeba5ea9c91,54.40045,-134.89123,17.26921,5.6377,-2.2344,-11.31318,-2.30367,9.1005,-10.74001,,,,,,,,,,,,,,,,,,,,,,,,,,,,,,,,,,,,,,,,,,,,,,,,,,,High,High,High,,,,,,237.421938,-4.20514,2220.076115,0.997308,2:00,0.049339,-0.839088,-0.541753,100.295985,32.87207,-53.144218,178.830345,61.969491,0.009593,0.882697,-0.469844,61.974444,0.54964,0.882697,0.009593,0.469844,-61.974444,-0.54964,-0.882697,-0.009593,0.469844,-178.830345,-61.969491,-0.009593,-0.882697,-0.469844,,,
255,2026-04-12,15:25:06.26,2,4,"Kipp, Kyle",822339,Right,BOC_EAG,"Daniel, Pete",838741,Right,VIR_TEC,Undefined,8,Top,1,2,1,Sinker,Sinker,StrikeCalled,Undefined,Undefined,Undefined,0,0,,93.34197,-1.552007,-4.508459,2294.87473,242.23519,2:00,5.81626,2.31372,5.66732,-21.10643,12.00934,20.39918,2.60546,-0.19872,83.60446,-5.529896,-0.874939,0.41418,,,,,,,,,,,,-11.78225,6.96453,-1.94506,50,5.67175,9.6767,-134.87276,-4.39166,-21.28678,34.57878,-19.59139,BOC_EAG,VIR_TEC,HarringtonVillage,D1,ACC,20260412-HarringtonVillage-1,502c4ba0-36a5-11f1-85bd-1b9279e81419,91.00504,,,9.73751,,,,,,,b439a363-5661-400d-8b76-3a48f938d72a,2026-04-12,19:25:06.26,2026-04-12T15:25:06.2611456-04:00,2026-04-12T19:25:06.2611456Z,,v3,227,2293,26587,"Johnson, Gunnar",1000100233,Right,BOC_EAG,f9a191c0-3f75-444b-9375-70f14591e8df,54.82873,-136.10512,17.28939,5.81582,-3.69344,-9.79569,-2.30344,10.43535,-10.64339,,,,,,,,,,,,,,,,,,,,,,,,,,,,,,,,,,,,,,,,,,,,,,,,,,,High,High,High,,,,,,234.248685,-2.427912,2292.814648,0.999102,1:45,0.018223,-0.809387,-0.586993,66.285232,49.080935,-62.135773,179.490714,66.606675,0.003529,0.917801,-0.397025,66.6075,0.202205,0.917801,0.003529,0.397025,-66.6075,-0.202205,-0.917801,-0.003529,0.397025,-179.490714,-66.606675,-0.003529,-0.917801,-0.397025,,,
256,2026-04-12,15:25:24.81,2,5,"Kipp, Kyle",822339,Right,BOC_EAG,"Daniel, Pete",838741,Right,VIR_TEC,Undefined,8,Top,1,2,2,Sinker,Sinker,FoulBallNotFieldable,Undefined,Undefined,Undefined,0,0,,92.65072,-0.838826,-4.523161,2259.118965,232.811414,1:45,5.75558,2.26092,5.82765,-20.55942,12.813,15.22383,3.26003,-0.68391,83.01324,-4.732758,-1.805522,0.415782,,,,,,,,,,,,-9.23906,7.16973,-1.89975,50,5.67496,9.90403,-133.93752,-2.6409,-16.47058,33.95242,-19.39247,BOC_EAG,VIR_TEC,HarringtonVillage,D1,ACC,20260412-HarringtonVillage-1,5b45c980-36a5-11f1-85bd-1b9279e81419,90.65443,,,9.63748,,,,,,,b439a363-5661-400d-8b76-3a48f938d72a,2026-04-12,19:25:24.81,2026-04-12T15:25:24.8116224-04:00,2026-04-12T19:25:24.8116224Z,,v3,227,2293,26587,"Johnson, Gunnar",1000100233,Right,BOC_EAG,01dbca41-ca2e-4ea9-912a-822bcab77057,54.66814,-135.11568,16.97621,5.75492,-1.96797,-9.69623,-2.25334,10.47557,-8.23529,,,,,,,,,,,,,,,,,,,,,,,,,,,,,,,,,,,,,,,,,,,,,,,,,,,High,High,High,,,,,,233.415744,-0.064177,2259.117548,0.999999,1:45,-0.034167,-0.802878,-0.595163,-51.581177,-8.226322,69.791208,120.22212,-12.893902,0.842293,-0.223146,-0.490661,24.455415,-57.383022,0.223146,-0.842293,0.490661,-24.455415,57.383022,-0.223146,0.842293,0.490661,-120.22212,12.893902,-0.842293,0.223146,-0.490661,,,
257,2026-04-12,15:25:48.07,2,6,"Kipp, Kyle",822339,Right,BOC_EAG,"Daniel, Pete",838741,Right,VIR_TEC,Undefined,8,Top,1,2,2,Sinker,Sinker,InPlay,Undefined,GroundBall,Out,1,0,,93.45333,-1.172861,-4.020523,2285.226761,246.939262,2:15,5.77181,2.25147,5.40764,-23.02863,10.05438,20.81966,2.751,0.21329,84.30054,-5.459727,-0.326044,0.413975,102.03049,-1.60577,5.904808,1592.35778,,,,42.52213,40.92072,6.184227,0.292169,-11.73816,5.75949,-1.90831,50,5.65138,8.51964,-135.20729,-3.63056,-21.46153,32.86654,-21.64364,BOC_EAG,VIR_TEC,HarringtonVillage,D1,ACC,20260412-HarringtonVillage-1,69140720-36a5-11f1-85bd-1b9279e81419,91.05005,2.89076,,9.1528,,,,0.86973,2.89076,-0.23687,b439a363-5661-400d-8b76-3a48f938d72a,2026-04-12,19:25:48.07,2026-04-12T15:25:48.0734208-04:00,2026-04-12T19:25:48.0734208Z,GroundBall,v3,227,2293,26587,"Johnson, Gunnar",1000100233,Right,BOC_EAG,f1827e8e-3436-491e-bae4-c71f26469e38,55.09071,-136.43914,16.43327,5.77225,-2.81935,-10.82182,-2.24271,9.32402,-10.73076,306.289796,0.87471,148.56501,-23.55806,,,,,,,2.89399,-4.34066,-19.08187,,,,,,,-0.23853,15.46471,3.54395,,,,,,,,,,,,,,,,,,,,,,,,,,,,,High,High,High,High,High,,,,239.832214,-5.003483,2276.518673,0.996189,2:00,0.069469,-0.859297,-0.506737,-112.465856,-23.015775,-22.688428,160.557919,60.066034,0.166095,0.866601,-0.470548,61.49889,9.560826,0.866601,0.166095,0.470548,-61.49889,-9.560826,-0.866601,-0.166095,0.470548,-160.557919,-60.066034,-0.166095,-0.866601,-0.470548,70.27873,9.07598,0.83624
258,2026-04-12,15:26:30.28,3,1,"Kipp, Kyle",822339,Right,BOC_EAG,"Petrich, Owen",838743,Right,VIR_TEC,Undefined,8,Top,2,0,0,Sinker,Sinker,InPlay,Undefined,GroundBall,Out,1,0,,92.95243,-1.015375,-3.139712,2223.062874,249.237713,2:15,5.78888,2.26936,5.78426,-24.17895,8.67607,19.83985,2.82779,0.9987,84.07324,-5.53232,0.410974,0.412546,77.78146,0.367443,2.684678,1347.996365,,,,41.88536,40.64568,1.973467,0.38049,-11.08316,5.07347,-2.02242,50,5.69067,6.49586,-134.72014,-3.24696,-20.13954,32.34411,-22.95492,BOC_EAG,VIR_TEC,HarringtonVillage,D1,ACC,20260412-HarringtonVillage-1,823dfbc0-36a5-11f1-85bd-1b9279e81419,91.36541,2.78871,,8.87919,,,,0.87909,2.78295,-1.00722,b439a363-5661-400d-8b76-3a48f938d72a,2026-04-12,19:26:30.28,2026-04-12T15:26:30.2840320-04:00,2026-04-12T19:26:30.2840320Z,GroundBall,v3,227,2293,26587,"Johnson, Gunnar",1000100233,Right,BOC_EAG,54337cf5-0ddb-4414-97a5-a8febec3105e,54.7141,-135.8472,16.17206,5.78987,-2.44707,-11.47746,-2.261,7.19764,-10.06977,326.602115,0.8846,113.75803,-15.97772,,,,,,,2.79029,0.47338,-20.56614,,,,,,,-1.00949,5.42335,2.69734,,,,,,,,,,,,,,,,,,,,,,,,,,,,,High,High,High,High,High,,,,238.885152,-7.731215,2202.855355,0.99091,2:00,0.121268,-0.845834,-0.51948,-81.916105,-43.434384,-58.042589,155.835274,59.002881,0.210819,0.857193,-0.469867,61.270819,12.170356,0.857193,0.210819,0.469867,-61.270819,-12.170356,-0.857193,-0.210819,0.469867,-155.835274,-59.002881,-0.210819,-0.857193,-0.469867,,,
259,2026-04-12,15:29:09.72,1,1,"Robertson, Aiden",833405,Right,VIR_TEC,"Surowiec, Danny",831970,Left,BOC_EAG,Undefined,8,Bottom,0,0,0,ChangeUp,Changeup,BallCalled,Undefined,Undefined,Undefined,0,0,,82.63942,-1.484401,-4.231436,2091.171895,260.295167,2:45,4.74358,3.00185,5.95355,-35.9227,5.04831,21.82356,0.36932,0.88909,75.83125,-8.115021,-0.315092,0.460691,,,,,,,,,,,,-12.42205,3.38988,-2.6774,50,4.60507,8.02642,-119.79599,-4.26193,-18.04163,23.26251,-27.25065,BOC_EAG,VIR_TEC,HarringtonVillage,D1,ACC,20260412-HarringtonVillage-1,e14f7260-36a5-11f1-85bd-1b9279e81419,81.81721,,,6.80816,,,,,,,b439a363-5661-400d-8b76-3a48f938d72a,2026-04-12,19:29:09.72,2026-04-12T15:29:09.7217024-04:00,2026-04-12T19:29:09.7217024Z,,v3,227,2293,26587,"Cooke, Henry",805714,Right,VIR_TEC,5f07b78f-fe1d-4544-ab14-9375114535c5,54.54738,-120.67579,11.63125,4.74677,-3.23129,-13.62533,-2.99386,8.70876,-9.02081,,,,,,,,,,,,,,,,,,,,,,,,,,,,,,,,,,,,,,,,,,,,,,,,,,,High,High,High,,,,,,260.775253,-16.390808,2006.185123,0.959359,2:45,0.29444,-0.939324,-0.175998,12.831044,33.233864,-78.568423,152.429063,66.265751,0.186293,0.915422,-0.356787,68.70658,10.73655,0.915422,0.186293,0.356787,-68.70658,-10.73655,-0.915422,-0.186293,0.356787,-152.429063,-66.265751,-0.186293,-0.915422,-0.356787,,,
260,2026-04-12,15:29:26.40,1,2,"Robertson, Aiden",833405,Right,VIR_TEC,"Surowiec, Danny",831970,Left,BOC_EAG,Undefined,8,Bottom,0,1,0,Sweeper,Slider,FoulBallNotFieldable,Undefined,Undefined,Undefined,0,0,,79.51021,0.988866,-2.563082,2571.748645,116.903012,10:00,4.74643,3.23017,5.41428,-38.70986,7.90804,-11.79764,2.44802,-0.1557,70.57396,-6.203577,-4.656319,0.491414,,,,,,,,,,,,4.97485,4.10024,-2.99355,50,4.80806,5.61879,-114.89426,0.72844,6.41115,28.40015,-26.89003,BOC_EAG,VIR_TEC,HarringtonVillage,D1,ACC,20260412-HarringtonVillage-1,eb518cd0-36a5-11f1-85bd-1b9279e81419,76.70197,,,8.93625,,,,,,,b439a363-5661-400d-8b76-3a48f938d72a,2026-04-12,19:29:26.40,2026-04-12T15:29:26.4071680-04:00,2026-04-12T19:29:26.4071680Z,,v3,227,2293,26587,"Cooke, Henry",805714,Right,VIR_TEC,55952aac-1189-4019-ab64-c767ff273fb9,55.08027,-116.14324,14.20008,4.75002,1.91101,-13.44502,-3.23446,5.33684,3.20557,,,,,,,,,,,,,,,,,,,,,,,,,,,,,,,,,,,,,,,,,,,,,,,,,,,High,High,High,,,,,,62.499837,75.053885,663.281012,0.257911,8:00,-0.955789,0.245409,0.161995,-37.805416,34.450512,20.417087,97.833405,-49.418204,0.644463,-0.759478,-0.088663,83.3413,-40.12539,0.759478,-0.644463,0.088663,-83.3413,40.12539,-0.759478,0.644463,0.088663,-97.833405,49.418204,-0.644463,0.759478,-0.088663,,,
261,2026-04-12,15:29:47.50,1,3,"Robertson, Aiden",833405,Right,VIR_TEC,"Surowiec, Danny",831970,Left,BOC_EAG,Undefined,8,Bottom,0,1,1,Sinker,Sinker,InPlay,Undefined,LineDrive,Single,0,0,,89.22483,0.523762,-4.720047,2170.784399,255.151987,2:30,4.87978,2.98835,5.96935,-29.5147,6.13587,18.25532,2.90749,0.12363,80.26486,-4.991617,-1.452896,0.429739,92.53512,17.684696,21.664833,1169.523865,100.2751,27.12431,45.22031,255.07692,254.52013,27.588904,2.782561,-10.8965,3.34339,-2.62398,50,4.90511,9.88663,-129.08464,0.18752,-18.10886,30.64295,-26.61766,BOC_EAG,VIR_TEC,HarringtonVillage,D1,ACC,20260412-HarringtonVillage-1,f7d5be40-36a5-11f1-85bd-1b9279e81419,87.71011,28.57687,,8.95997,,,,1.4511,2.92038,-0.16416,b439a363-5661-400d-8b76-3a48f938d72a,2026-04-12,19:29:47.50,2026-04-12T15:29:47.5096576-04:00,2026-04-12T19:29:47.5096576Z,LineDrive,v3,227,2293,26587,"Cooke, Henry",805714,Right,VIR_TEC,e0f9d8c7-a2f6-4ac2-b3e0-1f149fd6245e,54.52881,-130.15528,15.32147,4.88231,1.11752,-13.30883,-2.98047,10.51934,-9.05443,234.950473,1.45115,120.16806,-24.0762,5.92595,-1.26905,0.19539,-0.01442,-0.00187,0.00044,2.92033,41.23025,-17.74992,0.95156,-0.01434,0.01602,-0.01648,0.00589,-0.0007,-0.16416,47.73598,-0.13182,-1.67495,0.71799,-0.21302,0.0486,-0.00726,0.00052,,,,,,,,,,,,,,,,,,,,,,,High,High,High,High,High,,,,240.614723,7.253687,2153.411234,0.991997,2:00,-0.173757,-0.863176,-0.474063,87.291175,39.198103,-86.539357,145.657878,73.572262,0.15954,0.959177,-0.233508,76.317705,9.180207,0.959177,0.15954,0.233508,-76.317705,-9.180207,-0.959177,-0.15954,0.233508,-145.657878,-73.572262,-0.15954,-0.959177,-0.233508,78.34491,17.45282,9.10752
262,2026-04-12,15:30:37.77,2,1,"Robertson, Aiden",833405,Right,VIR_TEC,"Larson, Colin",831502,Left,BOC_EAG,Undefined,8,Bottom,0,0,0,Sweeper,Slider,StrikeCalled,Undefined,Undefined,Undefined,0,0,,76.99814,1.388945,-1.423467,2448.823349,84.718642,8:45,4.60564,3.37439,5.74638,-48.01593,-0.19642,-19.26312,1.8981,0.44358,70.23499,-7.440731,-4.869359,0.497707,,,,,,,,,,,,9.33067,-0.02378,-3.24441,50,4.69209,3.50231,-111.73484,1.18878,11.66797,22.17047,-32.20377,BOC_EAG,VIR_TEC,HarringtonVillage,D1,ACC,20260412-HarringtonVillage-1,15d57de0-36a6-11f1-85bd-1b9279e81419,75.73217,,,6.76315,,,,,,,b439a363-5661-400d-8b76-3a48f938d72a,2026-04-12,19:30:37.77,2026-04-12T15:30:37.7789440-04:00,2026-04-12T19:30:37.7789440Z,,v3,227,2293,26587,"Cooke, Henry",805714,Right,VIR_TEC,364c6983-0667-4ac5-838e-f596636e3582,54.75268,-112.67392,11.08523,4.61285,2.55284,-16.10189,-3.38229,3.00809,5.83398,,,,,,,,,,,,,,,,,,,,,,,,,,,,,,,,,,,,,,,,,,,,,,,,,,,High,High,High,,,,,,69.201369,69.117251,872.899518,0.356457,8:15,-0.92253,0.355777,0.149536,80.754902,-39.488491,-20.776893,98.837285,-41.915694,0.735295,-0.668036,-0.11432,80.28916,-47.332128,0.668036,-0.735295,0.11432,-80.28916,47.332128,-0.668036,0.735295,0.11432,-98.837285,41.915694,-0.735295,0.668036,-0.11432,,,
263,2026-04-12,15:30:59.94,2,2,"Robertson, Aiden",833405,Right,VIR_TEC,"Larson, Colin",831502,Left,BOC_EAG,Undefined,8,Bottom,0,0,1,Sweeper,Slider,BallCalled,Undefined,Undefined,CaughtStealing,1,0,,76.49348,2.764408,0.035067,2574.32123,85.32725,8:45,4.65123,3.21699,5.65064,-48.85392,-0.02417,-20.90422,3.1604,1.50768,69.24506,-6.241997,-3.69792,0.502937,,,,,,,,,,,,10.54304,-0.3537,-3.20667,50,4.85505,0.7339,-110.88526,3.79366,12.94543,22.38177,-32.60832,BOC_EAG,VIR_TEC,HarringtonVillage,D1,ACC,20260412-HarringtonVillage-1,230a1390-36a6-11f1-85bd-1b9279e81419,74.94463,,,7.24842,,,,,,,b439a363-5661-400d-8b76-3a48f938d72a,2026-04-12,19:30:59.94,2026-04-12T15:30:59.9410000-04:00,2026-04-12T19:30:59.9410000Z,,v3,227,2293,26587,"Cooke, Henry",805714,Right,VIR_TEC,3345313d-feb8-4a73-b772-c691daad3f35,54.8479,-111.85951,11.19089,4.65903,5.21306,-16.30416,-3.22635,0.1704,6.47271,,,,,,,,,,,,,,,,,,,,,,,,,,,,,79.50865,2.173058,0.863488,1.30957,-1.28908,2.85178,-1.32831,-1.09823,6.29152,-0.32295,127.2775,0.48127,4.22096,-0.88593,113.8638,-12.39128,6.28176,9.01274,-10.26254,-0.44283,-2.47023,4.7013,High,High,High,,,High,High,Medium,64.707601,60.871682,1253.095069,0.486767,8:15,-0.851416,0.481723,0.207444,93.328348,-32.601803,-37.184284,97.274275,-44.802955,0.703824,-0.704671,-0.089841,82.734377,-44.734585,0.704671,-0.703824,0.089841,-82.734377,44.734585,-0.704671,0.703824,0.089841,-97.274275,44.802955,-0.703824,0.704671,-0.089841,,,
264,2026-04-12,15:33:58.28,2,3,"Robertson, Aiden",833405,Right,VIR_TEC,"Larson, Colin",831502,Left,BOC_EAG,Undefined,8,Bottom,1,1,1,Sinker,Sinker,FoulBallNotFieldable,Undefined,Undefined,Undefined,0,0,,90.35588,-0.243549,-3.713412,2177.778778,252.906344,2:30,4.83965,3.05463,5.96367,-27.91612,6.59839,17.56859,2.28701,1.07068,81.81092,-5.453883,-0.562108,0.422836,70.31663,37.346097,-131.254888,3738.850802,,,,,47.86528,,,-10.10855,3.8211,-2.76937,50,4.8049,7.73813,-130.94175,-1.51529,-17.38156,30.13049,-25.60369,BOC_EAG,VIR_TEC,HarringtonVillage,D1,ACC,20260412-HarringtonVillage-1,8d531760-36a6-11f1-85bd-1b9279e81419,89.1419,29.52809,,8.54496,,,,-0.39632,2.16851,-1.15629,b439a363-5661-400d-8b76-3a48f938d72a,2026-04-12,19:33:58.28,2026-04-12T15:33:58.2822400-04:00,2026-04-12T19:33:58.2822400Z,,v3,227,2293,26587,"Cooke, Henry",805714,Right,VIR_TEC,a130230c-a003-40bf-a33d-97e696503e9d,54.53414,-131.98096,15.06524,4.84194,-0.63221,-12.80185,-3.0466,8.33762,-8.69078,,-0.39632,-54.06343,-1.39805,3.01969,-1.10219,0.33675,-0.09056,0.02437,-0.00425,2.16851,62.56211,-31.94502,5.0848,-1.08896,0.21233,-0.04061,0.00706,-0.00052,-1.15629,-61.63691,13.95692,-2.77557,0.53886,-0.07456,0.01096,-0.00118,7E-05,,,,,,,,,,,,,,,,,,,,,,,High,High,High,High,Undefined,,,,239.940949,3.436676,2173.862394,0.998202,2:00,-0.088537,-0.8642,-0.495297,90.70804,36.136523,-79.210482,159.173816,74.648269,0.094125,0.964319,-0.247446,75.608286,5.400987,0.964319,0.094125,0.247446,-75.608286,-5.400987,-0.964319,-0.094125,0.247446,-159.173816,-74.648269,-0.094125,-0.964319,-0.247446,75.19402,-0.1411,-25.70304
265,2026-04-12,15:34:23.88,2,4,"Robertson, Aiden",833405,Right,VIR_TEC,"Larson, Colin",831502,Left,BOC_EAG,Undefined,8,Bottom,1,1,2,ChangeUp,Changeup,BallCalled,Undefined,Undefined,Undefined,0,0,,82.72814,1.313398,-3.317294,2216.498208,270.067846,3:00,4.80163,2.93656,5.8808,-40.33136,1.6289,19.22273,2.66266,1.45433,73.80241,-6.194645,0.127349,0.46622,,,,,,,,,,,,-10.87961,0.90437,-2.67905,50,4.88531,6.14076,-119.68869,1.40807,-15.36944,28.72646,-30.89643,BOC_EAG,VIR_TEC,HarringtonVillage,D1,ACC,20260412-HarringtonVillage-1,9c99c430-36a6-11f1-85bd-1b9279e81419,80.84696,,,8.92574,,,,,,,b439a363-5661-400d-8b76-3a48f938d72a,2026-04-12,19:34:23.88,2026-04-12T15:34:23.8818816-04:00,2026-04-12T19:34:23.8818816Z,,v3,227,2293,26587,"Cooke, Henry",805714,Right,VIR_TEC,b867dea3-6dbe-438c-8af0-251453dc499b,54.6143,-120.79109,14.36323,4.80852,2.59375,-15.44822,-2.92602,6.73057,-7.68472,,,,,,,,,,,,,,,,,,,,,,,,,,,,,,,,,,,,,,,,,,,,,,,,,,,High,High,High,,,,,,260.409568,-13.139764,2158.466816,0.973818,2:45,0.195526,-0.965167,-0.173848,1.158611,38.106522,-76.90057,177.733176,-61.859817,0.018655,-0.881796,-0.471261,61.878467,-1.068886,0.881796,-0.018655,0.471261,-61.878467,1.068886,-0.881796,0.018655,0.471261,-177.733176,61.859817,-0.018655,0.881796,-0.471261,,,
266,2026-04-12,15:34:45.85,2,5,"Robertson, Aiden",833405,Right,VIR_TEC,"Larson, Colin",831502,Left,BOC_EAG,Undefined,8,Bottom,1,2,2,ChangeUp,Changeup,InPlay,Undefined,FlyBall,Out,1,0,,81.79982,1.208667,-4.15275,2134.056794,260.612298,2:45,4.79991,3.01531,6.02324,-37.78069,4.43941,17.7419,2.77408,0.64084,73.81737,-5.829989,-0.970521,0.467661,97.48268,47.635487,9.860725,4885.074161,108.91239,125.44349,15.42993,240.6284,122.93363,7.129207,6.211332,-10.47524,2.30965,-2.69957,50,4.87428,7.92232,-118.44775,1.32671,-14.67592,25.54622,-28.93819,BOC_EAG,VIR_TEC,HarringtonVillage,D1,ACC,20260412-HarringtonVillage-1,a9af3920-36a6-11f1-85bd-1b9279e81419,80.59777,145.86524,,7.98244,,,,1.68004,2.67107,-0.67564,b439a363-5661-400d-8b76-3a48f938d72a,2026-04-12,19:34:45.85,2026-04-12T15:34:45.8527232-04:00,2026-04-12T19:34:45.8527232Z,FlyBall,v3,227,2293,26587,"Cooke, Henry",805714,Right,VIR_TEC,6af79fa5-cce0-42eb-bcf2-c21f6f373189,54.47556,-119.40911,12.77311,4.80386,2.41572,-14.46909,-3.0081,8.47461,-7.33796,176.909271,1.69238,94.70232,-30.07454,8.25344,-1.50028,0.16046,-0.00631,-0.0003,2E-05,2.67019,105.6404,-22.23695,0.45366,0.62089,-0.28315,0.06373,-0.00734,0.00033,-0.6733,16.45622,-6.72306,2.02535,-0.41133,0.05345,-0.00364,6E-05,0,,,,,,,,,,,,,,,,,,,,,,,High,High,High,High,Low,,,,264.043533,-15.633226,2055.110469,0.963006,2:45,0.241324,-0.963278,-0.117719,7.060187,35.233336,-85.504977,153.555799,60.212307,0.221232,0.867872,-0.444808,62.863636,12.78143,0.867872,0.221232,0.444808,-62.863636,-12.78143,-0.867872,-0.221232,0.444808,-153.555799,-60.212307,-0.221232,-0.867872,-0.444808,85.45105,13.64483,7.04077
267,2026-04-12,15:35:28.29,3,1,"Robertson, Aiden",833405,Right,VIR_TEC,"Solier, Julio",827632,Right,BOC_EAG,Undefined,8,Bottom,2,0,0,Cutter,Slider,BallCalled,Undefined,Undefined,Undefined,0,0,,84.15821,0.593959,-2.163024,2448.205387,182.319322,12:00,4.69027,3.02256,5.88177,-31.78805,8.59701,0.28551,2.59326,1.0367,75.29811,-5.36769,-2.111842,0.457385,,,,,,,,,,,,-0.89161,4.66815,-2.84804,50,4.72047,4.59011,-121.84794,0.24348,-1.30957,29.0802,-25.31751,BOC_EAG,VIR_TEC,HarringtonVillage,D1,ACC,20260412-HarringtonVillage-1,c3082d00-36a6-11f1-85bd-1b9279e81419,82.40859,,,8.86009,,,,,,,b439a363-5661-400d-8b76-3a48f938d72a,2026-04-12,19:35:28.29,2026-04-12T15:35:28.2961920-04:00,2026-04-12T19:35:28.2961920Z,,v3,227,2293,26587,"Cooke, Henry",805714,Right,VIR_TEC,a9a90e28-695f-4abd-bfef-76d7b7b24cb3,54.61013,-122.94327,14.5401,4.69334,1.19709,-12.65876,-3.02186,4.63943,-0.65478,,,,,,,,,,,,,,,,,,,,,,,,,,,,,,,,,,,,,,,,,,,,,,,,,,,High,High,High,,,,,,215.671106,69.835349,843.943199,0.344719,1:15,-0.950639,-0.191275,-0.244336,-33.790939,56.148756,18.462192,154.910233,-38.290607,0.332818,-0.61965,-0.71082,41.079953,-19.439896,0.61965,-0.332818,0.71082,-41.079953,19.439896,-0.61965,0.332818,0.71082,-154.910233,38.290607,-0.332818,0.61965,-0.71082,,,
268,2026-04-12,15:35:44.08,3,2,"Robertson, Aiden",833405,Right,VIR_TEC,"Solier, Julio",827632,Right,BOC_EAG,Undefined,8,Bottom,2,1,0,Sinker,Sinker,StrikeCalled,Undefined,Undefined,Undefined,0,0,,90.11113,0.479588,-5.278626,2070.663731,251.877741,2:30,4.80241,3.00584,6.09835,-27.90439,6.56615,16.57351,2.9225,-0.50896,81.87007,-4.728506,-2.31013,0.422567,,,,,,,,,,,,-10.00536,3.6028,-2.60684,50,4.82492,11.34302,-130.40098,0.1613,-17.17039,28.2763,-25.9912,BOC_EAG,VIR_TEC,HarringtonVillage,D1,ACC,20260412-HarringtonVillage-1,cc6c0ba0-36a6-11f1-85bd-1b9279e81419,89.19875,,,8.24106,,,,,,,b439a363-5661-400d-8b76-3a48f938d72a,2026-04-12,19:35:44.08,2026-04-12T15:35:44.0832000-04:00,2026-04-12T19:35:44.0832000Z,,v3,227,2293,26587,"Cooke, Henry",805714,Right,VIR_TEC,c57b3aec-ce59-4960-afb9-1dfe06dd9ab4,54.39979,-131.35157,14.13815,4.80482,1.03507,-12.9956,-2.99787,11.92025,-8.5852,,,,,,,,,,,,,,,,,,,,,,,,,,,,,,,,,,,,,,,,,,,,,,,,,,,High,High,High,,,,,,240.364223,7.876436,2051.128895,0.990566,2:00,-0.18869,-0.859809,-0.474473,85.04078,38.004003,-88.778474,148.489067,75.065452,0.134698,0.966221,-0.219713,77.189126,7.74115,0.966221,0.134698,0.219713,-77.189126,-7.74115,-0.966221,-0.134698,0.219713,-148.489067,-75.065452,-0.134698,-0.966221,-0.219713,,,
269,2026-04-12,15:36:01.07,3,3,"Robertson, Aiden",833405,Right,VIR_TEC,"Solier, Julio",827632,Right,BOC_EAG,Undefined,8,Bottom,2,1,1,ChangeUp,Changeup,BallCalled,Undefined,Undefined,Undefined,0,0,,82.97694,1.869592,-3.945437,2072.659385,280.003334,3:15,4.88733,2.85872,5.73786,-43.7751,-1.96819,20.17974,2.98506,0.86069,74.29612,-6.219254,-0.342719,0.465367,,,,,,,,,,,,-11.46032,-1.08228,-2.54181,50,5.01724,7.42242,-119.98483,2.40253,-16.35431,27.78007,-33.71849,BOC_EAG,VIR_TEC,HarringtonVillage,D1,ACC,20260412-HarringtonVillage-1,d6877a70-36a6-11f1-85bd-1b9279e81419,80.99514,,,8.68081,,,,,,,b439a363-5661-400d-8b76-3a48f938d72a,2026-04-12,19:36:01.07,2026-04-12T15:36:01.0799616-04:00,2026-04-12T19:36:01.0799616Z,,v3,227,2293,26587,"Cooke, Henry",805714,Right,VIR_TEC,5aca2152-ce98-4ed2-8256-a4e1fe837765,54.75872,-121.0816,13.89004,4.89611,3.73376,-16.85924,-2.8476,8.0681,-8.17716,,,,,,,,,,,,,,,,,,,,,,,,,,,,,,,,,,,,,,,,,,,,,,,,,,,High,High,High,,,,,,264.444773,-10.627004,2037.110258,0.982849,2:45,0.145494,-0.983728,-0.105406,2.994013,37.428274,-85.03553,170.470745,58.45794,0.086604,0.852256,-0.515906,58.811755,4.968259,0.852256,0.086604,0.515906,-58.811755,-4.968259,-0.852256,-0.086604,0.515906,-170.470745,-58.45794,-0.086604,-0.852256,-0.515906,,,
270,2026-04-12,15:36:19.95,3,4,"Robertson, Aiden",833405,Right,VIR_TEC,"Solier, Julio",827632,Right,BOC_EAG,Undefined,8,Bottom,2,2,1,Sinker,Sinker,StrikeSwinging,Undefined,Undefined,Undefined,0,0,,89.97515,0.031513,-5.648699,2120.263884,251.009056,2:15,4.78824,2.93415,5.89082,-26.70706,8.42878,20.83887,2.59205,-0.59113,81.12314,-4.961574,-1.932515,0.426625,,,,,,,,,,,,-12.29166,4.6787,-2.48917,50,4.77565,11.93518,-129.99455,-0.83601,-20.81247,29.91693,-24.25198,BOC_EAG,VIR_TEC,HarringtonVillage,D1,ACC,20260412-HarringtonVillage-1,e1cbb1d0-36a6-11f1-85bd-1b9279e81419,88.35025,,,8.85201,,,,,,,b439a363-5661-400d-8b76-3a48f938d72a,2026-04-12,19:36:19.95,2026-04-12T15:36:19.9521792-04:00,2026-04-12T19:36:19.9521792Z,,v3,227,2293,26587,"Cooke, Henry",805714,Right,VIR_TEC,695e883d-ae91-4022-acf3-e4f208baeee3,54.60631,-131.05036,14.95847,4.79005,0.01988,-12.12599,-2.92334,12.66968,-10.40623,,,,,,,,,,,,,,,,,,,,,,,,,,,,,,,,,,,,,,,,,,,,,,,,,,,High,High,High,,,,,,240.36689,8.298834,2098.062019,0.989529,2:00,-0.192264,-0.860028,-0.472638,-75.154032,-33.676444,89.897019,171.181514,77.980798,0.031924,0.978078,-0.205778,78.118817,1.829426,0.978078,0.031924,0.205778,-78.118817,-1.829426,-0.978078,-0.031924,0.205778,-171.181514,-77.980798,-0.031924,-0.978078,-0.205778,,,
271,2026-04-12,15:36:45.38,3,5,"Robertson, Aiden",833405,Right,VIR_TEC,"Solier, Julio",827632,Right,BOC_EAG,Undefined,8,Bottom,2,2,2,Sinker,Sinker,StrikeCalled,Strikeout,Undefined,Undefined,0,0,,89.86202,-0.095151,-5.692766,2073.067671,248.385044,2:15,4.81693,2.75257,6.10457,-26.3545,8.34839,18.13895,2.5323,-1.01772,81.62465,-5.025529,-2.446446,0.423989,,,,,,,,,,,,-10.95016,4.68359,-2.3229,50,4.79583,12.19069,-129.96105,-1.08009,-18.66022,28.15359,-24.19273,BOC_EAG,VIR_TEC,HarringtonVillage,D1,ACC,20260412-HarringtonVillage-1,f0ef1f30-36a6-11f1-85bd-1b9279e81419,88.89965,,,8.23736,,,,,,,b439a363-5661-400d-8b76-3a48f938d72a,2026-04-12,19:36:45.38,2026-04-12T15:36:45.3840000-04:00,2026-04-12T19:36:45.3840000Z,,v3,227,2293,26587,"Cooke, Henry",805714,Right,VIR_TEC,f6cbc0fe-dde5-4e64-9aaf-13303eb69d1d,54.39392,-130.90945,14.07679,4.81849,-0.26512,-12.09637,-2.74415,12.81929,-9.33011,,,,,,,,,,,,,,,,,,,,,,,,,,,,,70.81845,2.980359,1.979187,1.001172,-0.89033,2.32435,1.11344,0.47357,5.60419,3.9679,71.6579,3.71562,-53.12836,0.52132,76.78433,-5.724,5.64711,11.48686,-13.39953,3.84266,-66.69376,9.77759,High,High,High,,,High,High,High,240.279563,11.763913,2029.524943,0.978996,2:00,-0.249613,-0.850551,-0.462878,-81.031065,-35.789361,87.142359,157.110927,75.91639,0.094646,0.969942,-0.224177,76.986071,5.430929,0.969942,0.094646,0.224177,-76.986071,-5.430929,-0.969942,-0.094646,0.224177,-157.110927,-75.91639,-0.094646,-0.969942,-0.224177,,,
272,2026-04-12,15:38:56.57,1,1,"Kipp, Kyle",822339,Right,BOC_EAG,"Gibson, Ethan",703551,Right,VIR_TEC,Undefined,9,Top,0,0,0,Sinker,Sinker,StrikeCalled,Undefined,Undefined,Undefined,0,0,,91.2638,-2.169823,-4.338809,2168.581186,248.999599,2:15,5.80963,2.16176,5.73785,-25.18588,9.15359,20.5943,1.68357,-0.16994,82.43983,-6.864006,-0.661986,0.421763,,,,,,,,,,,,-11.83044,5.70646,-1.81274,50,5.6132,9.0935,-131.97928,-5.89541,-20.59256,31.53213,-22.24117,BOC_EAG,VIR_TEC,HarringtonVillage,D1,ACC,20260412-HarringtonVillage-1,3f1846f0-36a7-11f1-85bd-1b9279e81419,89.36882,,,8.82397,,,,,,,b439a363-5661-400d-8b76-3a48f938d72a,2026-04-12,19:38:56.57,2026-04-12T15:38:56.5741568-04:00,2026-04-12T19:38:56.5741568Z,,v3,227,2293,26587,"Johnson, Gunnar",1000100233,Right,BOC_EAG,6f8290f3-efc4-45a7-81f5-fa85040d0c4f,54.76011,-133.1117,15.76606,5.81058,-5.09666,-11.12059,-2.1526,9.83304,-10.29628,,,,,,,,,,,,,,,,,,,,,,,,,,,,,,,,,,,,,,,,,,,,,,,,,,,High,High,High,,,,,,238.420549,-3.152135,2165.300229,0.998487,2:00,0.047346,-0.847934,-0.527983,84.296875,43.785345,-59.154752,166.238642,65.301084,0.099397,0.908516,-0.405855,65.928562,5.704476,0.908516,0.099397,0.405855,-65.928562,-5.704476,-0.908516,-0.099397,0.405855,-166.238642,-65.301084,-0.099397,-0.908516,-0.405855,,,
273,2026-04-12,15:39:12.80,1,2,"Kipp, Kyle",822339,Right,BOC_EAG,"Gibson, Ethan",703551,Right,VIR_TEC,Undefined,9,Top,0,0,1,Sinker,Sinker,BallCalled,Undefined,Undefined,Undefined,0,0,,91.37896,-0.415357,-2.461154,2235.336601,249.691501,2:15,5.9099,2.20261,5.58745,-26.6099,7.19,16.58698,3.30418,1.28524,83.6564,-5.332554,0.498084,0.418436,,,,,,,,,,,,-9.02071,4.08351,-2.00202,50,5.85697,4.94553,-132.63835,-1.94432,-16.10168,27.84793,-24.88516,BOC_EAG,VIR_TEC,HarringtonVillage,D1,ACC,20260412-HarringtonVillage-1,48c95b30-36a7-11f1-85bd-1b9279e81419,90.0793,,,7.72256,,,,,,,b439a363-5661-400d-8b76-3a48f938d72a,2026-04-12,19:39:12.80,2026-04-12T15:39:12.8064000-04:00,2026-04-12T19:39:12.8064000Z,,v3,227,2293,26587,"Johnson, Gunnar",1000100233,Right,BOC_EAG,a039ab04-74d2-4bc9-bded-26d4e7357332,54.91122,-133.66551,13.92396,5.91176,-1.02645,-12.44258,-2.19538,5.53943,-8.05084,,,,,,,,,,,,,,,,,,,,,,,,,,,,,,,,,,,,,,,,,,,,,,,,,,,High,High,High,,,,,,237.115941,-6.427277,2221.286929,0.993715,2:00,0.094711,-0.833659,-0.544097,83.305866,44.376317,-58.57438,164.697327,67.567197,0.100711,0.924328,-0.36807,68.287405,5.780116,0.924328,0.100711,0.36807,-68.287405,-5.780116,-0.924328,-0.100711,0.36807,-164.697327,-67.567197,-0.100711,-0.924328,-0.36807,,,
274,2026-04-12,15:39:29.13,1,3,"Kipp, Kyle",822339,Right,BOC_EAG,"Gibson, Ethan",703551,Right,VIR_TEC,Undefined,9,Top,0,1,1,Sinker,Sinker,InPlay,Undefined,GroundBall,Out,1,0,,92.1691,-1.662488,-3.61868,2223.051488,252.360689,2:30,5.82688,2.13164,5.70996,-26.75698,6.7837,17.63635,2.04474,0.22549,83.52367,-6.626021,-0.467988,0.416828,96.85121,-10.339251,4.294625,,,,,11.94345,11.18353,2.871405,0.079158,-10.11898,4.29622,-1.83961,50,5.67088,7.65656,-133.4811,-4.8502,-18.06087,31.60511,-24.50594,BOC_EAG,VIR_TEC,HarringtonVillage,D1,ACC,20260412-HarringtonVillage-1,5289ffd0-36a7-11f1-85bd-1b9279e81419,90.42678,2.02074,,8.64544,,,,0.88325,2.02074,-0.23115,b439a363-5661-400d-8b76-3a48f938d72a,2026-04-12,19:39:29.13,2026-04-12T15:39:29.1333120-04:00,2026-04-12T19:39:29.1333120Z,GroundBall,v3,227,2293,26587,"Johnson, Gunnar",1000100233,Right,BOC_EAG,00cc64e6-b634-41c6-9a1e-b47896826cde,54.7889,-134.61022,15.80255,5.82852,-3.9747,-12.25297,-2.12468,8.3018,-9.03044,180,0.8809,139.53374,,,,,,,,2.02117,-25.52802,,,,,,,,-0.23133,10.47843,,,,,,,,,,,,,,,,,,,,,,,,,,,,,,High,High,High,High,High,,,,237.464388,-11.067189,2181.708852,0.981403,2:00,0.182139,-0.821461,-0.540395,78.085692,42.363689,-48.604547,178.533496,65.288315,0.010699,0.908423,-0.417915,65.295442,0.61302,0.908423,0.010699,0.417915,-65.295442,-0.61302,-0.908423,-0.010699,0.417915,-178.533496,-65.288315,-0.010699,-0.908423,-0.417915,76.246,3.84214,5.0412
275,2026-04-12,15:40:03.43,2,1,"Kipp, Kyle",822339,Right,BOC_EAG,"Gates, Sam",811781,Left,VIR_TEC,Undefined,9,Top,1,0,0,Sinker,Sinker,StrikeCalled,Undefined,Undefined,Undefined,0,0,,92.48558,-1.039471,-3.89244,2345.637841,235.924686,1:45,5.74829,2.08572,5.63985,-22.64718,10.67501,14.09072,2.88898,-0.37682,83.84728,-5.267578,-1.382154,0.415468,,,,,,,,,,,,-8.25776,6.0589,-1.76358,50,5.64554,8.45953,-133.90434,-3.23627,-14.88808,30.80476,-21.25033,BOC_EAG,VIR_TEC,HarringtonVillage,D1,ACC,20260412-HarringtonVillage-1,66fa15e0-36a7-11f1-85bd-1b9279e81419,90.72275,,,8.6383,,,,,,,b439a363-5661-400d-8b76-3a48f938d72a,2026-04-12,19:40:03.43,2026-04-12T15:40:03.4357248-04:00,2026-04-12T19:40:03.4357248Z,,v3,227,2293,26587,"Johnson, Gunnar",1000100233,Right,BOC_EAG,87614b32-6ca2-4397-a4d5-181511aec9ee,54.8569,-135.01705,15.40238,5.74858,-2.46868,-10.62516,-2.07886,8.99731,-7.44404,,,,,,,,,,,,,,,,,,,,,,,,,,,,,,,,,,,,,,,,,,,,,,,,,,,High,High,High,,,,,,236.121252,-8.815896,2317.926237,0.988186,1:45,0.130336,-0.817495,-0.560993,71.056622,44.939925,-61.100211,170.396199,71.364187,0.053312,0.947569,-0.315073,71.60768,3.056009,0.947569,0.053312,0.315073,-71.60768,-3.056009,-0.947569,-0.053312,0.315073,-170.396199,-71.364187,-0.053312,-0.947569,-0.315073,,,
276,2026-04-12,15:40:21.40,2,2,"Kipp, Kyle",822339,Right,BOC_EAG,"Gates, Sam",811781,Left,VIR_TEC,Undefined,9,Top,1,0,1,Sinker,Sinker,StrikeSwinging,Undefined,Undefined,Undefined,0,0,,91.86888,-1.006291,-2.914672,2265.423068,245.115513,2:15,5.75899,2.35178,5.447,-25.34387,8.76528,16.28091,2.70355,0.97733,83.00345,-5.710448,-0.018788,0.420346,,,,,,,,,,,,-9.03709,5.08815,-2.10549,50,5.65291,6.00385,-133.04228,-3.28027,-16.00751,31.66747,-23.16135,BOC_EAG,VIR_TEC,HarringtonVillage,D1,ACC,20260412-HarringtonVillage-1,71a800b0-36a7-11f1-85bd-1b9279e81419,89.67006,,,8.86544,,,,,,,b439a363-5661-400d-8b76-3a48f938d72a,2026-04-12,19:40:21.40,2026-04-12T15:40:21.4000128-04:00,2026-04-12T19:40:21.4000128Z,,v3,227,2293,26587,"Johnson, Gunnar",1000100233,Right,BOC_EAG,a3a2d07d-a67e-423b-8c78-c6d081816a5f,55.04914,-134.23872,15.83374,5.76031,-2.4052,-11.58068,-2.34375,6.60864,-8.00376,,,,,,,,,,,,,,,,,,,,,,,,,,,,,,,,,,,,,,,,,,,,,,,,,,,High,High,High,,,,,,240.24857,-4.545809,2258.296694,0.996854,2:00,0.069167,-0.86393,-0.49884,69.589159,41.446013,-66.495295,169.464578,70.867837,0.059927,0.944765,-0.322223,71.16746,3.4356,0.944765,0.059927,0.322223,-71.16746,-3.4356,-0.944765,-0.059927,0.322223,-169.464578,-70.867837,-0.059927,-0.944765,-0.322223,,,
277,2026-04-12,15:40:45.38,2,3,"Kipp, Kyle",822339,Right,BOC_EAG,"Gates, Sam",811781,Left,VIR_TEC,Undefined,9,Top,1,0,2,Sinker,Sinker,FoulBallNotFieldable,Undefined,Undefined,Undefined,0,0,,91.76123,-0.458198,-2.264484,2119.01034,236.884135,2:00,5.75811,2.3396,5.59447,-25.62682,8.79414,11.40138,3.19439,1.17434,81.81978,-5.257777,-0.230271,0.422263,77.00202,30.428076,-150.018464,2706.993843,,,,,43.61677,,,-6.51989,5.00177,-2.15277,50,5.70262,4.71584,-132.78661,-1.9828,-11.34192,35.23962,-23.473,BOC_EAG,VIR_TEC,HarringtonVillage,D1,ACC,20260412-HarringtonVillage-1,8000a400-36a7-11f1-85bd-1b9279e81419,89.26298,22.81988,,9.94146,,,,-0.24251,2.79708,-0.83575,b439a363-5661-400d-8b76-3a48f938d72a,2026-04-12,19:40:45.38,2026-04-12T15:40:45.3807616-04:00,2026-04-12T19:40:45.3807616Z,,v3,227,2293,26587,"Johnson, Gunnar",1000100233,Right,BOC_EAG,8d659d15-7ae2-460b-a621-30ea4f6b45ab,54.89907,-134.08045,17.61981,5.7596,-1.12098,-11.7365,-2.33356,5.13227,-5.67096,34.560908,-0.24108,-84.39537,6.62342,,,,,,,2.82205,56.47407,-29.28605,,,,,,,-0.84834,-48.29909,10.57069,,,,,,,,,,,,,,,,,,,,,,,,,,,,,High,High,High,High,Undefined,,,,233.353724,3.45403,2115.161069,0.998183,1:45,-0.07734,-0.801334,-0.593196,-61.966169,1.079256,69.347154,121.634234,-25.951053,0.765564,-0.437603,-0.471609,42.858056,-49.957206,0.437603,-0.765564,0.471609,-42.858056,49.957206,-0.437603,0.765564,0.471609,-121.634234,25.951053,-0.765564,0.437603,-0.471609,60.14115,2.26542,-30.02385
278,2026-04-12,15:41:07.30,2,4,"Kipp, Kyle",822339,Right,BOC_EAG,"Gates, Sam",811781,Left,VIR_TEC,Undefined,9,Top,1,0,2,ChangeUp,Changeup,BallCalled,Undefined,Undefined,Undefined,0,0,,83.18236,-2.488799,-5.019077,1662.153487,278.338675,3:15,5.42764,2.30551,6.15071,-42.22034,-1.10744,18.2658,-0.40057,-0.82167,75.14363,-10.280442,-1.72968,0.461488,,,,,,,,,,,,-11.30032,0.64665,-1.93262,50,5.21585,9.87526,-120.19238,-6.57828,-16.14448,28.36539,-31.2502,BOC_EAG,VIR_TEC,HarringtonVillage,D1,ACC,20260412-HarringtonVillage-1,8d0920a0-36a7-11f1-85bd-1b9279e81419,81.67586,,,8.03873,,,,,,,b439a363-5661-400d-8b76-3a48f938d72a,2026-04-12,19:41:07.30,2026-04-12T15:41:07.3075712-04:00,2026-04-12T19:41:07.3075712Z,,v3,227,2293,26587,"Johnson, Gunnar",1000100233,Right,BOC_EAG,2de3447e-c16e-4d04-b189-1302379ac4f7,54.34917,-121.21444,14.1827,5.4326,-5.45228,-15.6251,-2.29893,10.45697,-8.07224,,,,,,,,,,,,,,,,,,,,,,,,,,,,,,,,,,,,,,,,,,,,,,,,,,,High,High,High,,,,,,247.313792,29.705724,1443.716619,0.868582,2:15,-0.487822,-0.822143,-0.293445,-10.083347,-28.082413,61.086044,178.647299,78.867927,0.004558,0.981185,-0.193017,78.870952,0.261144,0.981185,0.004558,0.193017,-78.870952,-0.261144,-0.981185,-0.004558,0.193017,-178.647299,-78.867927,-0.004558,-0.981185,-0.193017,,,
279,2026-04-12,15:41:31.35,2,5,"Kipp, Kyle",822339,Right,BOC_EAG,"Gates, Sam",811781,Left,VIR_TEC,Undefined,9,Top,1,1,2,ChangeUp,Changeup,InPlay,Undefined,GroundBall,Out,1,0,,82.16611,-0.259061,-3.1635,1702.169367,270.838139,3:00,5.53471,2.20485,6.30107,-40.04404,1.12543,19.8671,1.95866,0.94282,74.72496,-7.711364,0.430257,0.461805,72.78831,-45.024828,43.781133,,,,,3.05908,3.05908,8.071323,0.02619,-11.36091,1.05189,-1.98179,50,5.49656,5.86393,-119.25259,-1.75935,-16.17194,25.39631,-30.67669,BOC_EAG,VIR_TEC,HarringtonVillage,D1,ACC,20260412-HarringtonVillage-1,9b6853a0-36a7-11f1-85bd-1b9279e81419,81.61974,1.98319,,7.44114,,,,1.59818,1.98319,-0.94148,b439a363-5661-400d-8b76-3a48f938d72a,2026-04-12,19:41:31.35,2026-04-12T15:41:31.3512960-04:00,2026-04-12T19:41:31.3512960Z,GroundBall,v3,227,2293,26587,"Johnson, Gunnar",1000100233,Right,BOC_EAG,9a234b22-09de-4e10-9973-a0313f80ccdd,54.19918,-120.14353,12.69815,5.5394,-0.68317,-15.33835,-2.19746,6.43127,-8.08597,,1.59756,54.62469,,,,,,,,1.98405,-75.72431,,,,,,,,-0.94207,52.34868,,,,,,,,,,,,,,,,,,,,,,,,,,,,,,High,High,High,Estimated,Estimated,,,,246.314633,26.044282,1529.322543,0.898455,2:15,-0.454595,-0.824751,-0.336347,-38.656472,-24.756338,80.068765,141.169459,-71.778706,0.196061,-0.949856,-0.243585,75.616776,-11.306731,0.949856,-0.196061,0.243585,-75.616776,11.306731,-0.949856,0.196061,0.243585,-141.169459,71.778706,-0.196061,0.949856,-0.243585,76.72247,10.34132,0.32474
280,2026-04-12,15:42:05.59,3,1,"Kipp, Kyle",822339,Right,BOC_EAG,"Locurto, Nick",824009,Right,VIR_TEC,Undefined,9,Top,2,0,0,Sinker,Sinker,StrikeCalled,Undefined,Undefined,Undefined,0,0,,92.29017,-2.362689,-4.425181,2217.445427,238.822642,2:00,5.81991,2.1566,5.76947,-23.00568,10.38863,15.25186,1.69619,-0.69875,83.76805,-6.653914,-1.702866,0.415918,,,,,,,,,,,,-9.07292,6.34579,-1.79927,50,5.6101,9.64402,-133.47996,-6.32185,-16.24414,30.77515,-20.81254,BOC_EAG,VIR_TEC,HarringtonVillage,D1,ACC,20260412-HarringtonVillage-1,afc66850-36a7-11f1-85bd-1b9279e81419,90.6247,,,8.52213,,,,,,,b439a363-5661-400d-8b76-3a48f938d72a,2026-04-12,19:42:05.59,2026-04-12T15:42:05.5986176-04:00,2026-04-12T19:42:05.5986176Z,,v3,227,2293,26587,"Johnson, Gunnar",1000100233,Right,BOC_EAG,d516d125-dd90-4715-a46e-e4e45cae3df8,54.72806,-134.56565,15.38757,5.82017,-5.58762,-10.40627,-2.14959,10.21708,-8.12207,,,,,,,,,,,,,,,,,,,,,,,,,,,,,,,,,,,,,,,,,,,,,,,,,,,High,High,High,,,,,,241.074903,-10.18118,2182.528918,0.984254,2:00,0.174762,-0.853451,-0.490998,85.188049,40.590442,-50.882628,166.944654,64.960626,0.095607,0.906017,-0.412301,65.531144,5.486247,0.906017,0.095607,0.412301,-65.531144,-5.486247,-0.906017,-0.095607,0.412301,-166.944654,-64.960626,-0.095607,-0.906017,-0.412301,,,
281,2026-04-12,15:42:22.82,3,2,"Kipp, Kyle",822339,Right,BOC_EAG,"Locurto, Nick",824009,Right,VIR_TEC,Undefined,9,Top,2,0,1,Sinker,Sinker,StrikeCalled,Undefined,Undefined,Undefined,0,0,,93.03873,-1.729625,-4.706634,2317.734961,241.685126,2:00,5.83706,1.98065,5.65155,-21.35359,11.78245,19.64292,2.43847,-0.78209,83.93766,-5.734681,-1.210403,0.414306,,,,,,,,,,,,-11.36119,6.85654,-1.59344,50,5.67664,10.15691,-134.48586,-4.81713,-20.56576,32.32647,-19.76247,BOC_EAG,VIR_TEC,HarringtonVillage,D1,ACC,20260412-HarringtonVillage-1,ba147fe0-36a7-11f1-85bd-1b9279e81419,90.97722,,,9.10107,,,,,,,b439a363-5661-400d-8b76-3a48f938d72a,2026-04-12,19:42:22.82,2026-04-12T15:42:22.8200448-04:00,2026-04-12T19:42:22.8200448Z,,v3,227,2293,26587,"Johnson, Gunnar",1000100233,Right,BOC_EAG,8ae493ed-7604-4f6f-9ec2-8bfe4e666d6b,54.84547,-135.64557,16.16324,5.83674,-4.10815,-9.88123,-1.97105,10.89471,-10.28288,,,,,,,,,,,,,,,,,,,,,,,,,,,,,,,,,,,,,,,,,,,,,,,,,,,High,High,High,,,,,,235.274385,-7.462527,2298.103784,0.99153,1:45,0.107549,-0.810637,-0.575588,68.227611,46.287199,-63.243169,170.892921,71.751072,0.049565,0.949705,-0.309199,71.966133,2.841017,0.949705,0.049565,0.309199,-71.966133,-2.841017,-0.949705,-0.049565,0.309199,-170.892921,-71.751072,-0.049565,-0.949705,-0.309199,,,
282,2026-04-12,15:42:42.59,3,3,"Kipp, Kyle",822339,Right,BOC_EAG,"Locurto, Nick",824009,Right,VIR_TEC,Undefined,9,Top,2,0,2,Fastball,Four-Seam,BallCalled,Undefined,Undefined,Undefined,0,0,,92.29434,0.202522,-4.113156,2350.202051,221.040437,1:15,5.81409,2.20191,5.59592,-17.36788,16.38757,13.19965,4.55634,-0.54495,82.89819,-3.106868,-1.766335,0.418161,,,,,,,,,,,,-7.90134,8.54197,-1.85721,50,5.82048,8.97331,-133.4744,-0.07259,-14.06102,32.3587,-16.97296,BOC_EAG,VIR_TEC,HarringtonVillage,D1,ACC,20260412-HarringtonVillage-1,c5d6c0e0-36a7-11f1-85bd-1b9279e81419,90.13861,,,9.39615,,,,,,,b439a363-5661-400d-8b76-3a48f938d72a,2026-04-12,19:42:42.59,2026-04-12T15:42:42.5985536-04:00,2026-04-12T19:42:42.5985536Z,,v3,227,2293,26587,"Johnson, Gunnar",1000100233,Right,BOC_EAG,287bbbc8-c129-44ec-b51f-7d083834ce7a,54.89839,-134.6567,16.17935,5.8118,0.54756,-8.48648,-2.19446,9.48706,-7.03051,,,,,,,,,,,,,,,,,,,,,,,,,,,,,,,,,,,,,,,,,,,,,,,,,,,High,High,High,,,,,,,,,,,,,,,,,,,,,,,,,,,,,,,,,,,,,,,
283,2026-04-12,15:42:59.84,3,4,"Kipp, Kyle",822339,Right,BOC_EAG,"Locurto, Nick",824009,Right,VIR_TEC,Undefined,9,Top,2,1,2,Fastball,Sinker,BallCalled,Undefined,Undefined,Undefined,0,0,,91.5591,0.192963,-4.794174,2144.136228,226.248615,1:30,5.74894,2.13384,5.61756,-19.16194,15.37501,14.67737,4.33283,-1.12776,81.73602,-3.452554,-2.187262,0.422974,,,,,,,,,,,,-8.94937,8.06225,-1.73313,50,5.75348,10.39836,-132.21222,-0.16448,-15.52833,33.37187,-18.18499,BOC_EAG,VIR_TEC,HarringtonVillage,D1,ACC,20260412-HarringtonVillage-1,d024ff80-36a7-11f1-85bd-1b9279e81419,89.11295,,,9.82308,,,,,,,b439a363-5661-400d-8b76-3a48f938d72a,2026-04-12,19:42:59.84,2026-04-12T15:42:59.8444544-04:00,2026-04-12T19:42:59.8444544Z,,v3,227,2293,26587,"Johnson, Gunnar",1000100233,Right,BOC_EAG,140b8109-29f0-4489-a358-d9c60e66abfb,54.87612,-133.43733,16.68594,5.74727,0.5031,-9.09249,-2.12532,10.96842,-7.76416,,,,,,,,,,,,,,,,,,,,,,,,,,,,,,,,,,,,,,,,,,,,,,,,,,,High,High,High,,,,,,,,,,,,,,,,,,,,,,,,,,,,,,,,,,,,,,,
284,2026-04-12,15:43:20.95,3,5,"Kipp, Kyle",822339,Right,BOC_EAG,"Locurto, Nick",824009,Right,VIR_TEC,Undefined,9,Top,2,2,2,Sweeper,Curveball,BallCalled,Undefined,Undefined,Undefined,0,0,,81.21371,2.011136,-3.109617,2167.003323,72.506458,8:30,5.23538,2.3848,5.73109,-45.79475,-3.05957,-13.78501,3.29563,-1.66273,74.58064,-6.372409,-5.566896,0.470505,,,,,,,,,,,,6.11898,-1.69528,-2.11695,50,5.37532,6.94312,-117.78547,2.5918,8.58859,22.55377,-34.55354,BOC_EAG,VIR_TEC,HarringtonVillage,D1,ACC,20260412-HarringtonVillage-1,dcb69e70-36a7-11f1-85bd-1b9279e81419,80.11061,,,6.63307,,,,,,,b439a363-5661-400d-8b76-3a48f938d72a,2026-04-12,19:43:20.95,2026-04-12T15:43:20.9539072-04:00,2026-04-12T19:43:20.9539072Z,,v3,227,2293,26587,"Johnson, Gunnar",1000100233,Right,BOC_EAG,8697df87-63cb-458f-8cf3-4780fc37a1d6,54.76898,-118.69513,11.27688,5.24268,3.98544,-17.27677,-2.39,6.59671,4.29429,,,,,,,,,,,,,,,,,,,,,,,,,,,,,,,,,,,,,,,,,,,,,,,,,,,High,High,High,,,,,,,,,,,,,,,,,,,,,,,,,,,,,,,,,,,,,,,
285,2026-04-12,15:43:37.73,3,6,"Kipp, Kyle",822339,Right,BOC_EAG,"Locurto, Nick",824009,Right,VIR_TEC,Undefined,9,Top,2,3,2,Sinker,Sinker,InPlay,Undefined,LineDrive,Out,1,0,,92.44887,-1.648883,-3.619195,2297.392128,237.964255,2:00,5.81837,2.10882,6.02305,-19.94722,12.90162,18.81178,2.62546,0.31994,83.84653,-5.419923,-0.240757,0.412507,94.66824,15.925162,-4.222639,1767.951195,109.8735,28.50891,-5.27063,293.56227,287.66228,0.663587,3.275574,-10.81505,7.4687,-1.83563,50,5.67827,7.67172,-133.99434,-4.5011,-19.5026,31.15308,-18.70586,BOC_EAG,VIR_TEC,HarringtonVillage,D1,ACC,20260412-HarringtonVillage-1,e6b7a770-36a7-11f1-85bd-1b9279e81419,91.37406,33.70939,,8.60234,,,,2.03612,2.69198,-0.31818,b439a363-5661-400d-8b76-3a48f938d72a,2026-04-12,19:43:37.73,2026-04-12T15:43:37.7388032-04:00,2026-04-12T19:43:37.7388032Z,LineDrive,v3,227,2293,26587,"Johnson, Gunnar",1000100233,Right,BOC_EAG,208015c6-f7a5-4da6-9ded-7cfac1fb6b50,54.47626,-135.03104,15.57654,5.8177,-3.87861,-9.35293,-2.10173,8.32072,-9.7513,198.391433,2.03613,133.15228,-24.8202,5.68014,-0.96393,0.09202,0.00473,-0.00266,0.00025,2.69202,38.10153,-10.77578,-0.78923,0.01511,0.15149,-0.06605,0.01256,-0.00093,-0.31818,-9.83056,5.92453,-1.34426,0.25988,-0.03533,0.00211,0.00021,-3E-05,,,,,,,,,,,,,,,,,,,,,,,High,High,High,High,High,,,,,,,,,,,,,,,,,,,,,,,,,,,,,,,,,,,,,