PitchNo,Date,Time,PAofInning,PitchofPA,Pitcher,PitcherId,PitcherThrows,PitcherTeam,Batter,BatterId,BatterSide,BatterTeam,PitcherSet,Inning,Top/Bottom,Outs,Balls,Strikes,TaggedPitchType,AutoPitchType,PitchCall,KorBB,TaggedHitType,PlayResult,OutsOnPlay,RunsScored,Notes,RelSpeed,VertRelAngle,HorzRelAngle,SpinRate,SpinAxis,Tilt,RelHeight,RelSide,Extension,VertBreak,InducedVertBreak,HorzBreak,PlateLocHeight,PlateLocSide,ZoneSpeed,VertApprAngle,HorzApprAngle,ZoneTime,ExitSpeed,Angle,Direction,HitSpinRate,PositionAt110X,PositionAt110Y,PositionAt110Z,Distance,LastTrackedDistance,Bearing,HangTime,pfxx,pfxz,x0,y0,z0,vx0,vy0,vz0,ax0,ay0,az0,HomeTeam,AwayTeam,Stadium,Level,League,GameID,PitchUID,EffectiveVelo,MaxHeight,MeasuredDuration,SpeedDrop,PitchLastMeasuredX,PitchLastMeasuredY,PitchLastMeasuredZ,ContactPositionX,ContactPositionY,ContactPositionZ,GameUID,UTCDate,UTCTime,LocalDateTime,UTCDateTime,AutoHitType,System,HomeTeamForeignID,AwayTeamForeignID,GameForeignID,Catcher,CatcherId,CatcherThrows,CatcherTeam,PlayID,PitchTrajectoryXc0,PitchTrajectoryXc1,PitchTrajectoryXc2,PitchTrajectoryYc0,PitchTrajectoryYc1,PitchTrajectoryYc2,PitchTrajectoryZc0,PitchTrajectoryZc1,PitchTrajectoryZc2,HitSpinAxis,HitTrajectoryXc0,HitTrajectoryXc1,HitTrajectoryXc2,HitTrajectoryXc3,HitTrajectoryXc4,HitTrajectoryXc5,HitTrajectoryXc6,HitTrajectoryXc7,HitTrajectoryXc8,HitTrajectoryYc0,HitTrajectoryYc1,HitTrajectoryYc2,HitTrajectoryYc3,HitTrajectoryYc4,HitTrajectoryYc5,HitTrajectoryYc6,HitTrajectoryYc7,HitTrajectoryYc8,HitTrajectoryZc0,HitTrajectoryZc1,HitTrajectoryZc2,HitTrajectoryZc3,HitTrajectoryZc4,HitTrajectoryZc5,HitTrajectoryZc6,HitTrajectoryZc7,HitTrajectoryZc8,ThrowSpeed,PopTime,ExchangeTime,TimeToBase,CatchPositionX,CatchPositionY,CatchPositionZ,ThrowPositionX,ThrowPositionY,ThrowPositionZ,BasePositionX,BasePositionY,BasePositionZ,ThrowTrajectoryXc0,ThrowTrajectoryXc1,ThrowTrajectoryXc2,ThrowTrajectoryYc0,ThrowTrajectoryYc1,ThrowTrajectoryYc2,ThrowTrajectoryZc0,ThrowTrajectoryZc1,ThrowTrajectoryZc2,PitchReleaseConfidence,PitchLocationConfidence,PitchMovementConfidence,HitLaunchConfidence,HitLandingConfidence,CatcherThrowCatchConfidence,CatcherThrowReleaseConfidence,CatcherThrowLocationConfidence,SpinAxis3dTransverseAngle,SpinAxis3dLongitudinalAngle,SpinAxis3dActiveSpinRate,SpinAxis3dSpinEfficiency,SpinAxis3dTilt,SpinAxis3dVectorX,SpinAxis3dVectorY,SpinAxis3dVectorZ,SpinAxis3dSeamOrientationRotationX,SpinAxis3dSeamOrientationRotationY,SpinAxis3dSeamOrientationRotationZ,SpinAxis3dSeamOrientationBallAngleHorizontalAmb1,SpinAxis3dSeamOrientationBallAngleVerticalAmb1,SpinAxis3dSeamOrientationBallXAmb1,SpinAxis3dSeamOrientationBallYAmb1,SpinAxis3dSeamOrientationBallZAmb1,SpinAxis3dSeamOrientationBallAngleHorizontalAmb2,SpinAxis3dSeamOrientationBallAngleVerticalAmb2,SpinAxis3dSeamOrientationBallXAmb2,SpinAxis3dSeamOrientationBallYAmb2,SpinAxis3dSeamOrientationBallZAmb2,SpinAxis3dSeamOrientationBallAngleHorizontalAmb3,SpinAxis3dSeamOrientationBallAngleVerticalAmb3,SpinAxis3dSeamOrientationBallXAmb3,SpinAxis3dSeamOrientationBallYAmb3,SpinAxis3dSeamOrientationBallZAmb3,SpinAxis3dSeamOrientationBallAngleHorizontalAmb4,SpinAxis3dSeamOrientationBallAngleVerticalAmb4,SpinAxis3dSeamOrientationBallXAmb4,SpinAxis3dSeamOrientationBallYAmb4,SpinAxis3dSeamOrientationBallZAmb4,BatSpeed,VerticalAttackAngle,HorizontalAttackAngle
1,2026-04-21,15:04:51.70,1,1,"Burnham, Jacob",831497,Left,BOC_EAG,"Pepe, Nic",1000115861,Left,MAI_BLA,Undefined,1,Top,0,0,0,Fastball,Changeup,HitByPitch,Undefined,Undefined,Undefined,0,0,,86.2997,-1.041125,1.583566,1814.708589,151.591095,11:00,5.90209,-1.74494,6.18047,-19.93363,17.52576,-8.7739,3.27906,-1.0134,78.13341,-4.854228,0.000607,0.440506,,,,,,,,,,,,5.0037,9.75993,1.62953,50,5.81326,-3.10902,-125.2398,-2.81745,7.86341,27.78368,-16.83616,BOC_EAG,MAI_BLA,HarringtonVillage,D1,ACC,20260421-HarringtonVillage-1,f9f3d430-3db4-11f1-be13-814f369a648e,85.56622,,,8.16629,,,,,,,653c48cf-856e-4521-b1b6-52cd1878b7ca,2026-04-21,19:04:51.70,2026-04-21T15:04:51.7077504-04:00,2026-04-21T19:04:51.7077504Z,,v3,227,471344,26593,"Roossien, Jace",831501,Right,BOC_EAG,0ea2a09f-8662-41fb-9273-7ce300062b7f,54.31526,-126.19348,13.89184,5.90006,-2.23955,-8.41808,1.74089,-3.37894,3.93171,,,,,,,,,,,,,,,,,,,,,,,,,,,,,,,,,,,,,,,,,,,,,,,,,,,High,High,High,,,,,,141.39099,-20.00202,1705.246391,0.939681,10:45,0.351508,0.592481,-0.72485,25.416041,-34.385845,39.896339,172.542881,-11.972824,0.126961,-0.207448,-0.969972,12.071967,-7.294006,0.207448,-0.126961,0.969972,-12.071967,7.294006,-0.207448,0.126961,0.969972,-172.542881,11.972824,-0.126961,0.207448,-0.969972,,,
2,2026-04-21,15:05:29.92,2,1,"Burnham, Jacob",831497,Left,BOC_EAG,"Murphy, Quinn",1000527191,Left,MAI_BLA,Undefined,1,Top,0,0,0,Fastball,Changeup,FoulBallNotFieldable,Undefined,Undefined,Undefined,0,0,,85.72376,-0.844658,2.561438,1829.824738,150.003463,11:00,5.89801,-2.0037,6.18474,-25.5234,11.56071,-6.09394,2.99029,-0.1448,79.57522,-5.603405,1.462737,0.438294,70.32495,43.407616,-120.910464,5329.426351,,,,,37.59397,,,3.78481,6.51079,1.81349,50,5.82106,-5.34808,-124.66741,-2.61535,6.04444,21.59394,-21.77611,BOC_EAG,MAI_BLA,HarringtonVillage,D1,ACC,20260421-HarringtonVillage-1,10ba8470-3db5-11f1-be13-814f369a648e,85.99812,34.49041,,6.14854,,,,0.74326,3.13074,0.0312,653c48cf-856e-4521-b1b6-52cd1878b7ca,2026-04-21,19:05:29.92,2026-04-21T15:05:29.9249664-04:00,2026-04-21T19:05:29.9249664Z,,v3,227,471344,26593,"Roossien, Jace",831501,Right,BOC_EAG,45252265-685f-4abb-906c-fa688d778696,54.31588,-125.41274,10.79697,5.89836,-1.86373,-10.88805,2.00168,-5.55672,3.02222,49.350556,0.74326,-38.49228,-4.17987,1.78887,-0.48866,0.05395,0.12668,-0.18769,0.09815,3.13074,70.87829,-23.16988,2.21498,-0.40838,0.05797,0.00224,-0.0133,0.00726,0.0312,-64.28926,10.23007,-2.03369,0.38749,-0.0301,-0.06363,0.09398,-0.04875,,,,,,,,,,,,,,,,,,,,,,,High,High,High,High,Undefined,,,,143.116597,-31.645987,1557.740948,0.851306,10:45,0.546995,0.518623,-0.657135,29.157496,-46.237479,31.860369,177.788155,-20.412342,0.036171,-0.348774,-0.936509,20.426305,-2.072893,0.348774,-0.036171,0.936509,-20.426305,2.072893,-0.348774,0.036171,0.936509,-177.788155,20.412342,-0.036171,0.348774,-0.936509,75.46181,10.18187,-6.10233
3,2026-04-21,15:05:52.33,2,2,"Burnham, Jacob",831497,Left,BOC_EAG,"Murphy, Quinn",1000527191,Left,MAI_BLA,Undefined,1,Top,0,0,1,Slider,Curveball,InPlay,Undefined,LineDrive,Single,0,0,,75.73282,1.19339,1.344321,2424.864525,299.43602,4:00,5.73595,-2.19552,5.72407,-50.05412,-1.68618,5.28032,2.67678,-0.50316,70.54667,-7.942024,2.289664,0.500553,98.99789,7.814498,30.630614,2479.339703,,,,127.55312,124.61872,34.882888,1.015437,-2.38988,-0.81823,2.07988,50,5.80407,-2.77113,-110.16333,0.73788,-2.97437,17.23197,-33.19238,BOC_EAG,MAI_BLA,HarringtonVillage,D1,ACC,20260421-HarringtonVillage-1,1e20ff90-3db5-11f1-be13-814f369a648e,75.30157,7.08988,,5.18614,,,,2.32671,3.03901,0.48649,653c48cf-856e-4521-b1b6-52cd1878b7ca,2026-04-21,19:05:52.33,2026-04-21T15:05:52.3322880-04:00,2026-04-21T19:05:52.3322880Z,LineDrive,v3,227,471344,26593,"Roossien, Jace",831501,Right,BOC_EAG,5f2c511d-d305-4b70-af79-5dea06357133,54.77822,-110.90823,8.61598,5.74116,2.17272,-16.59619,2.19689,-2.64256,-1.48719,,2.32671,123.77646,-26.76085,4.79812,-0.19548,-2.1962,3.17952,-2.07238,0.52253,3.03901,19.74145,-25.46548,3.64283,-0.29668,-1.33898,2.03494,-1.34645,0.34274,0.48649,73.29166,-1.08039,-0.84081,-0.90503,3.16297,-4.37255,2.8795,-0.73598,,,,,,,,,,,,,,,,,,,,,,,High,High,High,High,High,,,,322.571134,-70.971859,790.584649,0.326033,4:45,0.934693,-0.217801,0.280911,55.474931,-40.866716,-84.588303,150.836286,31.77174,0.414285,0.526537,-0.742379,35.346375,24.4743,0.526537,0.414285,0.742379,-35.346375,-24.4743,-0.526537,-0.414285,0.742379,-150.836286,-31.77174,-0.414285,-0.526537,-0.742379,70.41429,21.23283,18.55877
4,2026-04-21,15:06:37.69,3,1,"Burnham, Jacob",831497,Left,BOC_EAG,"Carpenter, Troy",1000239627,Right,MAI_BLA,Undefined,1,Top,0,0,0,Fastball,Changeup,InPlay,Undefined,GroundBall,Single,0,1,,86.41391,-1.518818,3.34171,1799.938459,134.408451,10:30,5.8963,-1.91879,6.18836,-22.00218,14.9443,-14.08591,2.65774,-0.0037,79.285,-5.66789,0.803829,0.43748,103.20668,-7.26027,-6.545764,,,,,18.11447,17.56691,-6.155772,0.114644,8.23993,8.50615,1.67384,50,5.77039,-6.78293,-125.43619,-3.97153,13.16888,24.63798,-18.57969,BOC_EAG,MAI_BLA,HarringtonVillage,D1,ACC,20260421-HarringtonVillage-1,391f3f00-3db5-11f1-be13-814f369a648e,86.15817,2.62778,,7.1289,,,,1.35566,2.62778,0.00772,653c48cf-856e-4521-b1b6-52cd1878b7ca,2026-04-21,19:06:37.69,2026-04-21T15:06:37.6941056-04:00,2026-04-21T19:06:37.6941056Z,GroundBall,v3,227,471344,26593,"Roossien, Jace",831501,Right,BOC_EAG,a44b2b22-cef7-4ea6-8a8f-8ce8167b5a18,54.31157,-126.28022,12.31899,5.89554,-3.33504,-9.28985,1.91393,-7.23406,6.58444,7.848363,1.35606,149.13126,-33.73992,,,,,,,2.62845,-19.2072,-32.49785,,,,,,,0.00776,-17.12122,0.95929,,,,,,,,,,,,,,,,,,,,,,,,,,,,,High,High,High,High,High,,,,140.577269,-26.390519,1612.358454,0.895785,10:45,0.468859,0.580438,-0.66578,32.675803,-47.567542,34.343232,179.429339,20.27379,0.009343,0.346507,-0.938001,20.274714,0.535306,0.346507,0.009343,0.938001,-20.274714,-0.535306,-0.346507,-0.009343,0.938001,-179.429339,-20.27379,-0.009343,-0.346507,-0.938001,,,
5,2026-04-21,15:07:40.57,4,1,"Burnham, Jacob",831497,Left,BOC_EAG,"Stevens, Julian",1000253292,Right,MAI_BLA,Undefined,1,Top,0,0,0,ChangeUp,Changeup,InPlay,Undefined,FlyBall,Sacrifice,1,1,,80.05412,-0.280526,3.243568,1332.811203,115.408386,9:45,5.56707,-2.32101,6.32204,-35.17955,7.83205,-13.57509,2.37667,-0.46184,73.27253,-6.854086,0.790015,0.472024,102.50011,31.616218,-18.491382,3404.398846,103.36743,67.58998,-37.61865,357.05684,324.90031,-22.113704,5.788437,8.00973,4.56402,2.09015,50,5.52983,-6.10534,-116.22179,-1.57512,10.92848,22.28393,-25.94692,BOC_EAG,MAI_BLA,HarringtonVillage,D1,ACC,20260421-HarringtonVillage-1,5ea0d6d0-3db5-11f1-be13-814f369a648e,79.85278,104.00432,,6.78159,,,,1.66164,2.45474,0.44976,653c48cf-856e-4521-b1b6-52cd1878b7ca,2026-04-21,19:07:40.57,2026-04-21T15:07:40.5755904-04:00,2026-04-21T19:07:40.5755904Z,FlyBall,v3,227,471344,26593,"Roossien, Jace",831501,Right,BOC_EAG,dc86987c-aa7f-47db-8b26-6b95a2928e47,54.17718,-117.01996,11.14197,5.5696,-0.64574,-12.97346,2.31584,-6.49678,5.46424,163.933132,1.67087,121.23554,-29.12832,6.32,-0.711,-0.06774,0.03637,-0.00463,0.0002,2.45091,78.86509,-16.64597,0.57316,-0.02969,-0.01603,0.01143,-0.00212,0.00012,0.44989,-40.60691,4.47738,-0.28743,0.01503,-0.0105,0.00303,-0.00034,1E-05,,,,,,,,,,,,,,,,,,,,,,,High,High,High,High,Low,,,,118.280269,-0.791303,1332.684095,0.999905,10:00,0.036288,0.880614,-0.472443,-55.74895,39.730016,86.514316,129.110382,-78.427327,0.15566,-0.979671,-0.126549,82.639604,-8.955093,0.979671,-0.15566,0.126549,-82.639604,8.955093,-0.979671,0.15566,0.126549,-129.110382,78.427327,-0.15566,0.979671,-0.126549,,,
6,2026-04-21,15:08:20.63,5,1,"Burnham, Jacob",831497,Left,BOC_EAG,"St. Denis, Hunter",1000341731,Right,MAI_BLA,Undefined,1,Top,1,0,0,Slider,Curveball,FoulBallNotFieldable,Undefined,Undefined,Undefined,0,0,,76.67946,0.51223,1.373221,2278.580412,302.671207,4:00,5.70007,-2.20153,5.71451,-48.76345,-1.15146,3.9952,2.11378,-0.58909,70.879,-8.403463,2.088758,0.496626,64.67389,25.614257,129.310277,5361.295251,-78.35742,14.23589,77.20176,138.87324,46.04838,136.930065,1.996703,-1.67843,-0.34543,2.08409,50,5.71236,-2.81619,-111.44544,-0.54279,-2.11766,19.42611,-32.6099,BOC_EAG,MAI_BLA,HarringtonVillage,D1,ACC,20260421-HarringtonVillage-1,76829400-3db5-11f1-be13-814f369a648e,75.89699,20.52551,,5.80046,,,,0.71534,2.24364,0.19526,653c48cf-856e-4521-b1b6-52cd1878b7ca,2026-04-21,19:08:20.63,2026-04-21T15:08:20.6361600-04:00,2026-04-21T19:08:20.6361600Z,LineDrive,v3,227,471344,26593,"Roossien, Jace",831501,Right,BOC_EAG,bbb245c4-832c-420f-b877-72f5b6678a79,54.78639,-112.27666,9.71306,5.70573,0.85255,-16.30495,2.20265,-2.72557,-1.05883,,0.71531,-54.18427,-0.11494,1.37014,-0.27107,-0.12252,0.11297,-0.03528,0.00427,2.24364,41.00707,-25.23493,2.89209,-0.52623,0.05467,0.00712,-0.00388,0.00052,0.19524,66.18116,-13.42092,2.81436,-0.35548,-0.13803,0.10593,-0.032,0.00383,,,,,,,,,,,,,,,,,,,,,,,High,High,High,Medium,Low,,,,333.003147,-74.828561,596.322942,0.261708,5:00,0.958181,-0.127424,0.256226,61.727089,-25.827349,-77.146705,151.284692,30.172406,0.415364,0.502604,-0.758197,33.540135,24.542238,0.502604,0.415364,0.758197,-33.540135,-24.542238,-0.502604,-0.415364,0.758197,-151.284692,-30.172406,-0.415364,-0.502604,-0.758197,73.86929,1.79085,8.47671
7,2026-04-21,15:08:41.50,5,2,"Burnham, Jacob",831497,Left,BOC_EAG,"St. Denis, Hunter",1000341731,Right,MAI_BLA,Undefined,1,Top,1,0,1,ChangeUp,Changeup,FoulBallNotFieldable,Undefined,Undefined,Undefined,0,0,,79.38082,1.045533,3.171954,1294.537438,118.963532,10:00,5.52699,-2.33793,6.44971,-34.07195,9.39067,-14.49505,3.64983,-0.62867,72.57742,-5.357863,0.547747,0.474492,73.10963,48.483054,127.118177,3915.220338,,,,,39.3617,,,8.48449,5.02233,2.11932,50,5.58586,-5.8871,-115.27238,1.1761,11.40799,21.56802,-25.42114,BOC_EAG,MAI_BLA,HarringtonVillage,D1,ACC,20260421-HarringtonVillage-1,82efe210-3db5-11f1-be13-814f369a648e,79.43738,39.01761,,6.80341,,,,0.71711,3.70088,0.65001,653c48cf-856e-4521-b1b6-52cd1878b7ca,2026-04-21,19:08:41.50,2026-04-21T15:08:41.5019520-04:00,2026-04-21T19:08:41.5019520Z,,v3,227,471344,26593,"Roossien, Jace",831501,Right,BOC_EAG,25394aa1-9529-4d2b-b213-f00bf797a19d,54.04958,-116.0276,10.78401,5.52909,2.06624,-12.71057,2.33245,-6.28657,5.704,,0.71711,-42.89081,-6.27084,3.39771,-1.05129,0.29186,-0.0733,0.01702,-0.00234,3.70088,80.28746,-33.73726,5.0696,-1.06353,0.19659,-0.03567,0.00586,-0.00037,0.65001,56.67443,-6.66034,0.1193,0.17905,-0.09281,0.02855,-0.00872,0.00172,,,,,,,,,,,,,,,,,,,,,,,High,High,High,High,Undefined,,,,118.105394,-5.254654,1289.097133,0.995797,10:00,0.133388,0.876558,-0.462443,-48.728765,41.911993,78.420576,141.588293,-75.415419,0.156451,-0.967777,-0.197309,78.476546,-9.000952,0.967777,-0.156451,0.197309,-78.476546,9.000952,-0.967777,0.156451,0.197309,-141.588293,75.415419,-0.156451,0.967777,-0.197309,71.59299,15.80746,3.24368
8,2026-04-21,15:09:04.62,5,3,"Burnham, Jacob",831497,Left,BOC_EAG,"St. Denis, Hunter",1000341731,Right,MAI_BLA,Undefined,1,Top,1,0,2,Fastball,Sinker,FoulBallNotFieldable,Undefined,Undefined,Undefined,0,0,,86.22238,-0.862362,2.074193,2130.670189,144.911039,10:45,5.91057,-1.9732,6.07681,-17.36367,19.95493,-13.18316,3.66512,-1.1518,78.72903,-4.18835,-0.298492,0.439677,94.87134,16.694515,36.889941,3101.434574,81.2159,26.26359,74.18808,268.83959,261.26148,49.748677,2.780466,7.38993,10.89528,1.81974,50,5.83458,-4.01329,-125.23353,-2.34865,11.72961,25.42279,-14.88061,BOC_EAG,MAI_BLA,HarringtonVillage,D1,ACC,20260421-HarringtonVillage-1,90b3e680-3db5-11f1-be13-814f369a648e,85.72749,27.93772,,7.49336,,,,0.47263,3.70756,1.09176,653c48cf-856e-4521-b1b6-52cd1878b7ca,2026-04-21,19:09:04.62,2026-04-21T15:09:04.6244864-04:00,2026-04-21T19:09:04.6244864Z,LineDrive,v3,227,471344,26593,"Roossien, Jace",831501,Right,BOC_EAG,8e6cb7b8-3776-44bf-99e7-b344d74fea4d,54.42178,-126.12797,12.71139,5.908,-1.82511,-7.44031,1.9682,-4.42597,5.8648,,0.47269,106.59279,-25.34838,5.61281,-1.13685,0.1305,0.0097,-0.00731,0.00094,3.70752,39.9737,-18.17667,1.58886,-0.25267,0.08517,-0.03176,0.00791,-0.00085,1.09177,80.00436,0.26766,-2.2832,0.93218,-0.28456,0.06842,-0.01124,0.00086,,,,,,,,,,,,,,,,,,,,,,,High,High,High,High,High,,,,139.651406,-17.882977,2027.728305,0.951686,10:45,0.323822,0.620708,-0.714046,42.535498,-36.928881,15.891258,177.444587,11.93153,0.043622,0.206743,-0.977422,11.943066,2.500168,0.206743,0.043622,0.977422,-11.943066,-2.500168,-0.206743,-0.043622,0.977422,-177.444587,-11.93153,-0.043622,-0.206743,-0.977422,66.98013,6.31725,15.56201
9,2026-04-21,15:09:31.75,5,4,"Burnham, Jacob",831497,Left,BOC_EAG,"St. Denis, Hunter",1000341731,Right,MAI_BLA,Undefined,1,Top,1,0,2,Slider,Curveball,InPlay,Undefined,FlyBall,Out,1,0,,75.73579,3.29255,0.852586,2470.154962,299.063964,4:00,5.64943,-2.13633,5.43285,-54.2844,-4.88953,11.38524,4.21291,-0.38906,69.72209,-6.593057,2.876848,0.505839,86.80064,35.479709,5.553103,3029.774836,108.43125,73.27905,18.51094,273.72267,271.65987,17.639615,4.958739,-5.5404,-2.96445,2.0525,50,5.90313,-2.05969,-109.91352,4.5439,-6.80935,18.62986,-35.81746,BOC_EAG,MAI_BLA,HarringtonVillage,D1,ACC,20260421-HarringtonVillage-1,a0ecbb80-3db5-11f1-be13-814f369a648e,74.5147,87.21811,,6.01369,,,,1.25119,4.19305,0.38775,653c48cf-856e-4521-b1b6-52cd1878b7ca,2026-04-21,19:09:31.75,2026-04-21T15:09:31.7526528-04:00,2026-04-21T19:09:31.7526528Z,FlyBall,v3,227,471344,26593,"Roossien, Jace",831501,Right,BOC_EAG,259f8bc7-a4a2-44d2-89b1-083aca456b63,55.0693,-110.76941,9.31493,5.65657,6.18943,-17.90873,2.13994,-1.74686,-3.40468,200.298707,1.25087,103.19235,-24.6684,6.31305,-1.51529,0.35717,-0.06723,0.00768,-0.00037,4.19571,73.83112,-18.00296,0.43962,0.40714,-0.22503,0.05483,-0.00647,0.0003,0.38788,10.02854,3.30542,-0.97198,0.27805,-0.07044,0.01299,-0.00141,7E-05,,,,,,,,,,,,,,,,,,,,,,,High,High,High,High,Medium,,,,313.019952,-68.841107,891.616217,0.360956,4:30,0.912121,-0.317027,0.259864,38.980181,-49.089737,-71.474305,140.027746,24.880418,0.582793,0.420726,-0.695229,31.180726,35.647194,0.420726,0.582793,0.695229,-31.180726,-35.647194,-0.420726,-0.582793,0.695229,-140.027746,-24.880418,-0.582793,-0.420726,-0.695229,,,
10,2026-04-21,15:10:04.74,6,1,"Burnham, Jacob",831497,Left,BOC_EAG,"Rasmussen, Brody",1000250740,Right,MAI_BLA,Undefined,1,Top,2,0,0,ChangeUp,Changeup,FoulBallNotFieldable,Undefined,Undefined,Undefined,0,0,,80.24862,0.136145,2.508344,1432.989419,104.255714,9:30,5.52574,-2.32244,6.29562,-37.04671,5.73075,-17.1941,2.56408,-1.44254,73.48288,-6.773699,-0.601356,0.470738,68.89293,29.170406,144.995786,3435.13175,,,,,45.9015,,,9.66367,3.34776,2.14598,50,5.51799,-4.49121,-116.59305,-0.80473,13.27142,22.39654,-27.57645,BOC_EAG,MAI_BLA,HarringtonVillage,D1,ACC,20260421-HarringtonVillage-1,b490a7f0-3db5-11f1-be13-814f369a648e,80.071,21.37205,,6.76573,,,,0.02539,2.46221,1.23059,653c48cf-856e-4521-b1b6-52cd1878b7ca,2026-04-21,19:10:04.74,2026-04-21T15:10:04.7440384-04:00,2026-04-21T19:10:04.7440384Z,,v3,227,471344,26593,"Roossien, Jace",831501,Right,BOC_EAG,fafa3e4c-35fd-4a6f-a265-51c2991d1964,54.20411,-117.39784,11.19827,5.5291,0.1862,-13.78822,2.31593,-4.9681,6.63571,,0.02539,-72.26837,3.20435,-0.05614,-0.0876,0.03774,-0.01316,0.00562,-0.00172,2.46221,49.24914,-28.07824,3.71048,-0.83421,0.18022,-0.04202,0.01012,-0.00184,1.23059,50.61078,-10.88363,2.56459,-0.58376,0.13179,-0.03386,0.00966,-0.00233,,,,,,,,,,,,,,,,,,,,,,,High,High,High,High,Undefined,,,,115.903755,-3.160945,1430.809244,0.998479,9:45,0.07631,0.898027,-0.433272,-53.699008,38.95153,87.212481,118.289828,-76.61091,0.203905,-0.97282,-0.109745,83.56361,-11.765416,0.97282,-0.203905,0.109745,-83.56361,11.765416,-0.97282,0.203905,0.109745,-118.289828,76.61091,-0.203905,0.97282,-0.109745,,,
11,2026-04-21,15:10:22.48,6,2,"Burnham, Jacob",831497,Left,BOC_EAG,"Rasmussen, Brody",1000250740,Right,MAI_BLA,Undefined,1,Top,2,0,1,ChangeUp,Changeup,FoulBallNotFieldable,Undefined,Undefined,Undefined,0,0,,79.85691,0.166677,2.51383,1305.596503,93.556603,9:00,5.4927,-2.22285,6.3837,-40.96329,2.49083,-15.88253,2.23257,-1.23245,72.55979,-7.482979,-0.364594,0.474446,,,,,,,,,,,,9.1104,1.66063,2.04897,50,5.48596,-4.53129,-115.9501,-0.84912,12.24571,24.24308,-29.9419,BOC_EAG,MAI_BLA,HarringtonVillage,D1,ACC,20260421-HarringtonVillage-1,bf2628c0-3db5-11f1-be13-814f369a648e,79.44515,,,7.29712,,,,,,,653c48cf-856e-4521-b1b6-52cd1878b7ca,2026-04-21,19:10:22.48,2026-04-21T15:10:22.4846848-04:00,2026-04-21T19:10:22.4846848Z,,v3,227,471344,26593,"Roossien, Jace",831501,Right,BOC_EAG,63f5b2a5-8f8f-4c41-a784-6350fef33930,54.11567,-116.80744,12.12154,5.49727,0.20976,-14.97095,2.21687,-4.96435,6.12285,,,,,,,,,,,,,,,,,,,,,,,,,,,,,,,,,,,,,,,,,,,,,,,,,,,High,High,High,,,,,,118.754795,-2.026897,1304.779635,0.999374,10:00,0.058967,0.876031,-0.478635,37.536523,-41.718457,-85.99258,113.998082,-75.392941,0.230389,-0.967678,-0.102567,83.949667,-13.319985,0.967678,-0.230389,0.102567,-83.949667,13.319985,-0.967678,0.230389,0.102567,-113.998082,75.392941,-0.230389,0.967678,-0.102567,,,
12,2026-04-21,15:10:49.58,6,3,"Burnham, Jacob",831497,Left,BOC_EAG,"Rasmussen, Brody",1000250740,Right,MAI_BLA,Undefined,1,Top,2,0,2,ChangeUp,Changeup,FoulBallNotFieldable,Undefined,Undefined,Undefined,0,0,,79.72889,-0.532553,2.126444,1356.152376,101.487345,9:30,5.50065,-2.33555,6.45726,-38.03888,4.92843,-17.66804,1.84119,-1.85362,73.30494,-7.62628,-1.081713,0.471781,61.92192,13.015845,117.776521,4943.022784,,,,86.35614,32.28314,120.718077,1.035033,9.85398,3.13268,2.19263,50,5.44614,-3.6926,-115.92117,-2.15586,13.40024,21.79198,-27.91396,BOC_EAG,MAI_BLA,HarringtonVillage,D1,ACC,20260421-HarringtonVillage-1,cf481a60-3db5-11f1-be13-814f369a648e,79.89392,6.47257,,6.42395,,,,0.58167,1.78791,1.97209,653c48cf-856e-4521-b1b6-52cd1878b7ca,2026-04-21,19:10:49.58,2026-04-21T15:10:49.5805440-04:00,2026-04-21T19:10:49.5805440Z,GroundBall,v3,227,471344,26593,"Roossien, Jace",831501,Right,BOC_EAG,ad60d248-45a1-45b0-bb24-befc6aa3aaec,54.04299,-116.67873,10.89599,5.50422,-1.18548,-13.95698,2.32909,-4.15844,6.70012,,0.63501,-41.93889,-1.29548,,,,,,,1.86209,19.48097,-20.62384,,,,,,,1.97973,78.18243,-8.09019,,,,,,,,,,,,,,,,,,,,,,,,,,,,,High,High,High,High,Low,,,,113.555967,-2.96055,1354.342364,0.998665,9:45,0.057917,0.915887,-0.397236,39.760863,-37.828725,-87.496374,118.584525,-74.660175,0.232299,-0.964374,-0.126572,82.522787,-13.432451,0.964374,-0.232299,0.126572,-82.522787,13.432451,-0.964374,0.232299,0.126572,-118.584525,74.660175,-0.232299,0.964374,-0.126572,64.78492,16.26795,5.67946
13,2026-04-21,15:11:13.22,6,4,"Burnham, Jacob",831497,Left,BOC_EAG,"Rasmussen, Brody",1000250740,Right,MAI_BLA,Undefined,1,Top,2,0,2,Fastball,Cutter,BallCalled,Undefined,Undefined,Undefined,0,0,,85.66026,1.325167,1.798057,1972.144979,155.238028,11:15,5.98195,-2.00387,6.09405,-24.51883,13.11548,-5.5313,5.16525,-0.80115,78.46544,-3.28733,0.802522,0.441533,,,,,,,,,,,,3.32,6.75855,1.86816,50,6.07105,-3.68644,-124.44326,2.14368,5.22885,23.95524,-21.52967,BOC_EAG,MAI_BLA,HarringtonVillage,D1,ACC,20260421-HarringtonVillage-1,dd600b30-3db5-11f1-be13-814f369a648e,85.36713,,,7.19481,,,,,,,653c48cf-856e-4521-b1b6-52cd1878b7ca,2026-04-21,19:11:13.22,2026-04-21T15:11:13.2288000-04:00,2026-04-21T19:11:13.2288000Z,,v3,227,471344,26593,"Roossien, Jace",831501,Right,BOC_EAG,4a4b1be2-ae91-418b-a05e-fd39a6a8adec,54.40353,-125.28807,11.97762,5.98207,2.90295,-10.76483,2.00142,-3.87084,2.61443,,,,,,,,,,,,,,,,,,,,,,,,,,,,,,,,,,,,,,,,,,,,,,,,,,,High,High,High,,,,,,142.754366,-34.367407,1627.877,0.825435,10:45,0.596234,0.486392,-0.638692,41.610859,-50.009869,7.500606,175.862593,17.67665,0.068742,0.303645,-0.950302,17.719951,3.941744,0.303645,0.068742,0.950302,-17.719951,-3.941744,-0.303645,-0.068742,0.950302,-175.862593,-17.67665,-0.068742,-0.303645,-0.950302,,,
14,2026-04-21,15:11:32.45,6,5,"Burnham, Jacob",831497,Left,BOC_EAG,"Rasmussen, Brody",1000250740,Right,MAI_BLA,Undefined,1,Top,2,1,2,ChangeUp,Changeup,InPlay,Undefined,LineDrive,Single,0,0,,79.72658,-0.615854,2.57866,1340.128961,105.192596,9:30,5.5564,-2.13774,6.49443,-38.06223,5.05425,-13.44729,1.81863,-0.88963,73.00046,-7.728023,0.136373,0.472599,101.8866,7.934417,-0.551722,938.883956,,,,124.54854,124.54854,2.48425,0.953988,7.83622,3.2278,1.9627,50,5.49663,-4.75698,-115.83365,-2.31121,10.59248,22.66578,-27.8109,BOC_EAG,MAI_BLA,HarringtonVillage,D1,ACC,20260421-HarringtonVillage-1,e8d53da0-3db5-11f1-be13-814f369a648e,79.75559,6.00398,,6.72612,,,,1.07572,1.78932,0.90432,653c48cf-856e-4521-b1b6-52cd1878b7ca,2026-04-21,19:11:32.45,2026-04-21T15:11:32.4500992-04:00,2026-04-21T19:11:32.4500992Z,LineDrive,v3,227,471344,26593,"Roossien, Jace",831501,Right,BOC_EAG,328947e9-58e2-4958-963b-391972a123aa,54.00528,-116.61475,11.33289,5.55977,-1.3528,-13.90545,2.13292,-5.12201,5.29624,312.184196,1.07572,147.99601,-22.33646,3.4297,-0.67415,0.11696,-0.02202,0.00368,-0.00035,1.78932,20.62772,-26.78767,4.12486,-1.00538,0.25301,-0.06002,0.01266,-0.00158,0.90432,-1.42515,8.68275,-3.00174,0.84718,-0.22661,0.05706,-0.01234,0.00155,,,,,,,,,,,,,,,,,,,,,,,High,High,High,High,High,,,,115.634335,-11.517044,1313.14594,0.979865,9:45,0.209032,0.885516,-0.414931,-53.55451,39.961127,84.237845,101.944006,-73.267162,0.281676,-0.957658,-0.059584,86.439704,-16.360277,0.957658,-0.281676,0.059584,-86.439704,16.360277,-0.957658,0.281676,0.059584,-101.944006,73.267162,-0.281676,0.957658,-0.059584,73.86948,15.99289,2.71977
15,2026-04-21,15:12:04.38,7,1,"Burnham, Jacob",831497,Left,BOC_EAG,"De La Rosa, Albert",1000230264,Right,MAI_BLA,Undefined,1,Top,2,0,0,Fastball,Changeup,BallCalled,Undefined,Undefined,Undefined,0,0,,85.2926,0.442771,3.088966,1932.907882,141.439291,10:45,5.88836,-2.16641,6.12729,-24.5958,13.14064,-9.61977,4.2486,-0.10995,78.62704,-4.168239,1.358475,0.442132,,,,,,,,,,,,5.72044,7.01666,1.9349,50,5.9093,-6.31038,-123.90949,0.22266,8.98839,22.28737,-21.14896,BOC_EAG,MAI_BLA,HarringtonVillage,D1,ACC,20260421-HarringtonVillage-1,fbd60c40-3db5-11f1-be13-814f369a648e,85.25156,,,6.66556,,,,,,,653c48cf-856e-4521-b1b6-52cd1878b7ca,2026-04-21,19:12:04.38,2026-04-21T15:12:04.3827200-04:00,2026-04-21T19:12:04.3827200Z,,v3,227,471344,26593,"Roossien, Jace",831501,Right,BOC_EAG,511e483d-5c46-4e9c-b9ae-1f3fab1fdd74,54.37144,-124.69329,11.14368,5.8884,0.96643,-10.57448,2.16238,-6.62648,4.4942,,,,,,,,,,,,,,,,,,,,,,,,,,,,,,,,,,,,,,,,,,,,,,,,,,,High,High,High,,,,,,142.385164,-26.851909,1724.495881,0.892177,10:45,0.493301,0.541034,-0.681129,36.104404,-46.250263,22.595634,177.993282,18.027836,0.033298,0.309479,-0.950323,18.038183,1.908163,0.309479,0.033298,0.950323,-18.038183,-1.908163,-0.309479,-0.033298,0.950323,-177.993282,-18.027836,-0.033298,-0.309479,-0.950323,,,
16,2026-04-21,15:12:22.86,7,2,"Burnham, Jacob",831497,Left,BOC_EAG,"De La Rosa, Albert",1000230264,Right,MAI_BLA,Undefined,1,Top,2,1,0,ChangeUp,Changeup,InPlay,Undefined,LineDrive,Out,1,0,,79.51229,-0.582996,3.379559,1349.990932,117.32853,10:00,5.54089,-2.23193,6.5409,-35.89474,6.89603,-10.9641,2.01401,-0.04244,73.62668,-7.277242,1.389829,0.470811,102.0648,19.659332,-4.769195,2615.810399,109.94158,38.15373,-3.58114,357.00291,350.02112,5.47941,4.301859,6.65697,4.12984,2.00233,50,5.48492,-6.46176,-115.57413,-2.16118,9.08141,19.80685,-26.54016,BOC_EAG,MAI_BLA,HarringtonVillage,D1,ACC,20260421-HarringtonVillage-1,06dee850-3db6-11f1-be13-814f369a648e,80.05855,55.27499,,5.88561,,,,1.407,2.02599,0.0704,653c48cf-856e-4521-b1b6-52cd1878b7ca,2026-04-21,19:12:22.86,2026-04-21T15:12:22.8642304-04:00,2026-04-21T19:12:22.8642304Z,LineDrive,v3,227,471344,26593,"Roossien, Jace",831501,Right,BOC_EAG,241bc0fa-7860-4c30-9d98-9011a532b07f,53.96001,-116.25081,9.90343,5.54326,-1.25447,-13.27008,2.22839,-6.77202,4.54071,209.177656,1.40717,140.47405,-27.94768,6.36161,-1.27644,0.23578,-0.03667,0.00376,-0.00017,2.02594,50.36659,-11.17711,-0.74459,0.30858,-0.08498,0.01621,-0.00146,4E-05,0.07031,-11.71617,10.6649,-2.93975,0.69702,-0.15032,0.02648,-0.00299,0.00015,,,,,,,,,,,,,,,,,,,,,,,High,High,High,High,High,,,,119.02386,-15.118302,1303.266896,0.965389,10:00,0.279383,0.846764,-0.452699,-48.519568,35.297859,79.899095,90.096133,-10.888016,0.981997,-0.18889,-0.001648,89.500239,-79.111565,0.18889,-0.981997,0.001648,-89.500239,79.111565,-0.18889,0.981997,0.001648,-90.096133,10.888016,-0.981997,0.18889,-0.001648,68.24433,11.3072,-11.833
17,2026-04-21,15:15:24.99,1,1,"Stabley, Thomas",1000146615,Right,MAI_BLA,"Solier, Julio",827632,Right,BOC_EAG,Undefined,1,Bottom,0,0,0,Fastball,Changeup,StrikeCalled,Undefined,Undefined,Undefined,0,0,,87.68945,-1.776765,-4.098415,1849.995697,225.361118,1:30,5.32561,1.7435,6.8645,-20.98777,14.17198,13.2019,1.95243,-0.89844,80.14431,-5.791072,-1.692513,0.42677,,,,,,,,,,,,-8.138,8.37071,-1.48643,50,5.20445,8.63399,-127.22475,-4.48551,-13.32244,26.39053,-18.47063,BOC_EAG,MAI_BLA,HarringtonVillage,D1,ACC,20260421-HarringtonVillage-1,736c84f0-3db6-11f1-be13-814f369a648e,88.32019,,,7.54514,,,,,,,653c48cf-856e-4521-b1b6-52cd1878b7ca,2026-04-21,19:15:24.99,2026-04-21T15:15:24.9973248-04:00,2026-04-21T19:15:24.9973248Z,,v3,227,471344,26593,"DeAndrade, Nolan",1000437002,Right,MAI_BLA,01f65329-04f5-488a-9de2-5b5b15a6ed5b,53.63373,-127.97628,13.19527,5.3247,-3.95951,-9.23531,-1.73771,9.01338,-6.66122,,,,,,,,,,,,,,,,,,,,,,,,,,,,,,,,,,,,,,,,,,,,,,,,,,,High,High,High,,,,,,219.891924,16.88398,1770.251317,0.956895,1:15,-0.323045,-0.622406,-0.712918,-48.755909,-30.025671,64.916738,99.089518,-12.680592,0.963358,-0.219516,-0.154124,54.926926,-74.441686,0.219516,-0.963358,0.154124,-54.926926,74.441686,-0.219516,0.963358,0.154124,-99.089518,12.680592,-0.963358,0.219516,-0.154124,,,
18,2026-04-21,15:15:45.52,1,2,"Stabley, Thomas",1000146615,Right,MAI_BLA,"Solier, Julio",827632,Right,BOC_EAG,Undefined,1,Bottom,0,0,1,Cutter,Slider,InPlay,Undefined,GroundBall,Out,1,0,,84.69706,-1.11096,-2.170168,2184.117993,173.036352,11:45,5.26253,1.81351,6.50575,-28.27265,9.60733,-1.03539,1.88602,-0.26542,78.04275,-6.411142,-2.358077,0.442972,104.74317,-2.8972,3.064992,,,,,29.32171,27.19916,3.973056,0.188465,-0.03406,5.68079,-1.66148,50,5.17245,4.70337,-123.13771,-3.1977,-0.05247,23.58944,-23.41891,BOC_EAG,MAI_BLA,HarringtonVillage,D1,ACC,20260421-HarringtonVillage-1,7fa63fe0-3db6-11f1-be13-814f369a648e,85.08991,1.94025,,6.65431,,,,1.20769,1.94025,0.27358,653c48cf-856e-4521-b1b6-52cd1878b7ca,2026-04-21,19:15:45.52,2026-04-21T15:15:45.5226368-04:00,2026-04-21T19:15:45.5226368Z,GroundBall,v3,227,471344,26593,"DeAndrade, Nolan",1000437002,Right,MAI_BLA,3e1622d7-d77e-4e82-a81b-13f13e831470,53.99374,-123.90043,11.79472,5.26361,-2.44049,-11.70946,-1.81358,4.70507,-0.02623,260.886706,1.20904,153.11275,-22.96122,,,,,,,1.94055,-7.7856,-13.33578,,,,,,,0.27302,8.24333,5.78768,,,,,,,,,,,,,,,,,,,,,,,,,,,,,High,High,High,High,High,,,,210.520824,57.162024,1184.371247,0.542265,1:00,-0.8518,-0.291629,-0.435188,53.938702,-3.964457,87.155354,158.447843,-9.201753,0.362621,-0.159911,-0.918115,9.8803,-21.261235,0.159911,-0.362621,0.918115,-9.8803,21.261235,-0.159911,0.362621,0.918115,-158.447843,9.201753,-0.362621,0.159911,-0.918115,72.25228,6.16584,4.86469
19,2026-04-21,15:16:23.21,2,1,"Stabley, Thomas",1000146615,Right,MAI_BLA,"Mainolfi, Ty",839397,Left,BOC_EAG,Undefined,1,Bottom,1,0,0,Fastball,Changeup,StrikeCalled,Undefined,Undefined,Undefined,0,0,,88.10348,-1.226918,-2.034193,1867.892295,223.838705,1:30,5.36258,1.83736,6.69082,-22.06403,13.33556,11.58268,2.40097,0.94146,79.52134,-5.456692,0.075947,0.428223,,,,,,,,,,,,-6.72103,7.79863,-1.70561,50,5.27196,4.09481,-127.89163,-3.32494,-10.96003,30.16967,-19.45679,BOC_EAG,MAI_BLA,HarringtonVillage,D1,ACC,20260421-HarringtonVillage-1,9621dd60-3db6-11f1-be13-814f369a648e,88.02052,,,8.58215,,,,,,,653c48cf-856e-4521-b1b6-52cd1878b7ca,2026-04-21,19:16:23.21,2026-04-21T15:16:23.2174592-04:00,2026-04-21T19:16:23.2174592Z,,v3,227,471344,26593,"DeAndrade, Nolan",1000437002,Right,MAI_BLA,b438a451-6e62-48c2-b74d-5cd4be6583f0,53.80483,-128.78606,15.08483,5.36198,-2.74811,-9.72839,-1.83182,4.41973,-5.48002,,,,,,,,,,,,,,,,,,,,,,,,,,,,,,,,,,,,,,,,,,,,,,,,,,,High,High,High,,,,,,223.844455,19.965487,1755.629114,0.939898,1:30,-0.35129,-0.658232,-0.665827,-53.193453,-26.437339,76.137324,91.050358,-19.258731,0.94388,-0.329835,-0.017305,86.99663,-70.713733,0.329835,-0.94388,0.017305,-86.99663,70.713733,-0.329835,0.94388,0.017305,-91.050358,19.258731,-0.94388,0.329835,-0.017305,,,
20,2026-04-21,15:16:43.82,2,2,"Stabley, Thomas",1000146615,Right,MAI_BLA,"Mainolfi, Ty",839397,Left,BOC_EAG,Undefined,1,Bottom,1,0,1,Fastball,Sinker,StrikeCalled,Undefined,Undefined,Undefined,0,0,,88.30141,-1.743574,-2.24606,1950.470519,222.741542,1:30,5.28732,1.76127,6.75293,-19.98013,15.30607,12.9341,2.02793,0.7864,79.46056,-5.602737,0.112604,0.427537,,,,,,,,,,,,-7.51134,9.03296,-1.61791,50,5.16504,4.52157,-128.10364,-4.39783,-12.25196,31.01,-17.44015,BOC_EAG,MAI_BLA,HarringtonVillage,D1,ACC,20260421-HarringtonVillage-1,a26953f0-3db6-11f1-be13-814f369a648e,88.1618,,,8.84085,,,,,,,653c48cf-856e-4521-b1b6-52cd1878b7ca,2026-04-21,19:16:43.82,2026-04-21T15:16:43.8299136-04:00,2026-04-21T19:16:43.8299136Z,,v3,227,471344,26593,"DeAndrade, Nolan",1000437002,Right,MAI_BLA,d80c7373-be26-4fb5-bbac-328763356d07,53.74188,-129.00626,15.505,5.28566,-3.89019,-8.72007,-1.75471,4.87819,-6.12598,,,,,,,,,,,,,,,,,,,,,,,,,,,,,,,,,,,,,,,,,,,,,,,,,,,High,High,High,,,,,,221.484504,18.485134,1849.837851,0.948406,1:30,-0.325413,-0.637597,-0.698267,-47.959811,-27.965361,68.588617,98.174027,-14.941412,0.956374,-0.257831,-0.137373,61.951194,-73.013623,0.257831,-0.956374,0.137373,-61.951194,73.013623,-0.257831,0.956374,0.137373,-98.174027,14.941412,-0.956374,0.257831,-0.137373,,,
21,2026-04-21,15:17:04.75,2,3,"Stabley, Thomas",1000146615,Right,MAI_BLA,"Mainolfi, Ty",839397,Left,BOC_EAG,Undefined,1,Bottom,1,0,2,Fastball,Four-Seam,InPlay,Undefined,FlyBall,Out,1,0,,89.28738,-0.917468,-3.207174,2150.439122,208.030334,1:00,5.4301,1.71271,6.96993,-15.95895,17.98383,8.95721,3.26423,-0.46136,80.90019,-4.039104,-1.570092,0.419319,84.84574,29.805131,25.408332,2819.088593,97.96026,56.93878,50.0374,310.20107,304.09617,30.133806,4.759493,-5.76548,10.21898,-1.51708,50,5.36743,6.94044,-129.65531,-2.42515,-9.71807,29.58712,-14.94926,BOC_EAG,MAI_BLA,HarringtonVillage,D1,ACC,20260421-HarringtonVillage-1,aedd7fd0-3db6-11f1-be13-814f369a648e,89.88958,70.99905,,8.38719,,,,1.44419,3.27376,0.43865,653c48cf-856e-4521-b1b6-52cd1878b7ca,2026-04-21,19:17:04.75,2026-04-21T15:17:04.7568384-04:00,2026-04-21T19:17:04.7568384Z,FlyBall,v3,227,471344,26593,"DeAndrade, Nolan",1000437002,Right,MAI_BLA,583ca064-5afe-4a4b-9186-7a6dfecab7ef,53.52788,-130.45788,14.79356,5.42772,-2.01964,-7.47463,-1.70892,7.20405,-4.85904,195.022175,1.44457,97.52877,-19.14508,4.39436,-0.91613,0.18481,-0.03281,0.00395,-0.00021,3.27504,61.81927,-14.93919,0.11099,0.35767,-0.19537,0.05374,-0.00731,0.00039,0.43879,46.32802,-5.57199,1.02986,-0.17374,0.03329,-0.00727,0.00108,-7E-05,,,,,,,,,,,,,,,,,,,,,,,High,High,High,High,High,,,,218.686698,28.840198,1883.716868,0.875968,1:15,-0.511052,-0.555188,-0.656196,-73.435743,6.853114,-38.177425,178.739511,24.614544,0.019999,0.416512,-0.90891,24.619795,1.145933,0.416512,0.019999,0.90891,-24.619795,-1.145933,-0.416512,-0.019999,0.90891,-178.739511,-24.614544,-0.019999,-0.416512,-0.90891,,,
22,2026-04-21,15:17:42.96,3,1,"Stabley, Thomas",1000146615,Right,MAI_BLA,"Wang, Nick",813482,Right,BOC_EAG,Undefined,1,Bottom,2,0,0,Fastball,Sinker,FoulBallNotFieldable,Undefined,Undefined,Undefined,0,0,,88.29076,-2.098879,-2.384879,1934.014533,219.175241,1:15,5.31366,1.71403,6.86436,-17.37123,17.54836,13.2991,1.95041,0.6472,79.96055,-5.474182,0.044846,0.42531,,,,,,,,,,,,-7.84745,10.35619,-1.56662,50,5.17346,4.85922,-128.20109,-5.10228,-12.8985,29.56741,-15.15205,BOC_EAG,MAI_BLA,HarringtonVillage,D1,ACC,20260421-HarringtonVillage-1,c5a4cc50-3db6-11f1-be13-814f369a648e,88.62336,,,8.33021,,,,,,,653c48cf-856e-4521-b1b6-52cd1878b7ca,2026-04-21,19:17:42.96,2026-04-21T15:17:42.9698048-04:00,2026-04-21T19:17:42.9698048Z,,v3,227,471344,26593,"DeAndrade, Nolan",1000437002,Right,MAI_BLA,f0cc7d5c-8085-41cb-a36b-1fbafdaee287,53.63407,-129.0365,14.7837,5.31158,-4.67417,-7.57603,-1.70907,5.22366,-6.44925,,,,,,,,,,,,,,,,,,,,,,,,,,,,,,,,,,,,,,,,,,,,,,,,,,,High,High,High,,,,,,219.718609,17.131116,1848.208474,0.955633,1:15,-0.302349,-0.621045,-0.72311,-51.376669,-33.390509,72.227024,93.883253,-13.847471,0.968707,-0.239338,-0.065755,74.637677,-75.628596,0.239338,-0.968707,0.065755,-74.637677,75.628596,-0.239338,0.968707,0.065755,-93.883253,13.847471,-0.968707,0.239338,-0.065755,,,
23,2026-04-21,15:18:03.31,3,2,"Stabley, Thomas",1000146615,Right,MAI_BLA,"Wang, Nick",813482,Right,BOC_EAG,Undefined,1,Bottom,2,0,1,Cutter,Slider,InPlay,Undefined,GroundBall,Single,0,0,,84.74915,-0.102636,-2.165763,2199.263113,171.61357,11:45,5.25889,1.90846,6.40218,-30.73726,7.47331,-0.92347,2.60301,-0.16101,77.53065,-5.863204,-2.33298,0.444901,102.89736,-5.171512,-24.277253,,,,,22.57526,21.69337,-23.228887,0.146911,-0.13626,4.28803,-1.75284,50,5.23745,4.69115,-123.14536,-1.13122,-0.20865,25.11864,-25.60854,BOC_EAG,MAI_BLA,HarringtonVillage,D1,ACC,20260421-HarringtonVillage-1,d1d140d0-3db6-11f1-be13-814f369a648e,84.72103,2.57679,,7.21849,,,,1.32426,2.57679,0.19458,653c48cf-856e-4521-b1b6-52cd1878b7ca,2026-04-21,19:18:03.31,2026-04-21T15:18:03.3124864-04:00,2026-04-21T19:18:03.3124864Z,GroundBall,v3,227,471344,26593,"DeAndrade, Nolan",1000437002,Right,MAI_BLA,8e3484d3-20bb-4a0c-b2ee-112b25058e7a,54.09656,-123.97814,12.55932,5.26088,-0.2822,-12.80427,-1.90849,4.69807,-0.10433,47.716516,1.32515,136.92983,-32.30636,,,,,,,2.57771,-13.68604,-26.32047,,,,,,,0.19498,-61.8331,-0.70512,,,,,,,,,,,,,,,,,,,,,,,,,,,,,High,High,High,High,High,,,,202.462316,61.746486,1041.073292,0.473374,12:45,-0.896439,-0.182442,-0.403871,62.101381,-16.010843,75.837868,150.187177,-8.014023,0.492313,-0.139415,-0.859181,9.216801,-29.492709,0.139415,-0.492313,0.859181,-9.216801,29.492709,-0.139415,0.492313,0.859181,-150.187177,8.014023,-0.492313,0.139415,-0.859181,,,
24,2026-04-21,15:18:42.17,4,1,"Stabley, Thomas",1000146615,Right,MAI_BLA,"Toomey, Jack",809057,Right,BOC_EAG,Undefined,1,Bottom,2,0,0,Slider,Slider,InPlay,Undefined,GroundBall,FieldersChoice,1,0,,82.19141,0.043119,-1.196145,2047.481837,129.551792,10:15,5.33104,1.88045,6.29807,-35.34096,5.33575,-4.93571,2.4257,0.36686,75.42785,-6.542468,-2.089142,0.459033,86.06494,0.670536,0.392694,1095.947481,,,,46.89892,45.64645,1.298751,0.384812,2.23618,3.14343,-1.79029,50,5.31727,2.67516,-119.49093,-0.96737,3.23031,23.20969,-27.63319,BOC_EAG,MAI_BLA,HarringtonVillage,D1,ACC,20260421-HarringtonVillage-1,e8fb94e0-3db6-11f1-be13-814f369a648e,82.11261,2.3999,,6.76356,,,,0.65076,2.37389,-0.36319,653c48cf-856e-4521-b1b6-52cd1878b7ca,2026-04-21,19:18:42.17,2026-04-21T15:18:42.1757952-04:00,2026-04-21T19:18:42.1757952Z,GroundBall,v3,227,471344,26593,"DeAndrade, Nolan",1000437002,Right,MAI_BLA,ccc93c50-e33b-419d-8c00-c89b61f0bbec,54.20076,-120.30411,11.60485,5.3342,0.00079,-13.81659,-1.88203,2.56199,1.61515,298.75757,0.65534,126.0581,-15.40769,,,,,,,2.3797,1.27583,-19.4235,,,,,,,-0.36788,1.02814,7.02117,,,,,,,,,,,,,,,,,,,,,,,,,,,,,High,High,High,High,High,,,,197.579961,61.213487,985.959537,0.481547,12:30,-0.885921,-0.144785,-0.44066,72.192466,-20.568072,81.005228,155.261506,2.142875,0.418185,0.037392,-0.907592,2.359171,24.720034,0.037392,0.418185,0.907592,-2.359171,-24.720034,-0.037392,-0.418185,0.907592,-155.261506,-2.142875,-0.418185,-0.037392,-0.907592,76.98878,4.14639,1.75079
25,2026-04-21,15:21:31.30,1,1,"Burnham, Jacob",831497,Left,BOC_EAG,"DeAndrade, Nolan",1000437002,Right,MAI_BLA,Undefined,2,Top,0,0,0,Fastball,Changeup,BallCalled,Undefined,Undefined,Undefined,0,0,,84.94406,-2.301289,1.212266,1800.416003,134.958456,10:30,5.81715,-1.72995,6.30248,-24.43824,13.55095,-12.40512,1.65881,-1.64667,78.21448,-6.886829,-1.033327,0.44361,,,,,,,,,,,,6.75933,8.02969,1.64656,50,5.63632,-2.13941,-123.42548,-5.66328,10.46571,23.70876,-19.74144,BOC_EAG,MAI_BLA,HarringtonVillage,D1,ACC,20260421-HarringtonVillage-1,4dcd5d90-3db7-11f1-be13-814f369a648e,84.96752,,,6.72958,,,,,,,653c48cf-856e-4521-b1b6-52cd1878b7ca,2026-04-21,19:21:31.30,2026-04-21T15:21:31.3096192-04:00,2026-04-21T19:21:31.3096192Z,,v3,227,471344,26593,"Roossien, Jace",831501,Right,BOC_EAG,1ad889a0-9ce1-422a-a110-4cd2cf8bfe0e,54.19592,-124.22886,11.85438,5.81688,-4.99434,-9.87072,1.72506,-2.49404,5.23285,,,,,,,,,,,,,,,,,,,,,,,,,,,,,,,,,,,,,,,,,,,,,,,,,,,High,High,High,,,,,,140.805728,-32.557064,1517.491247,0.842856,10:45,0.530022,0.553823,-0.64215,28.367915,-45.23189,33.004967,175.779853,-18.222375,0.069898,-0.312706,-0.947275,18.26863,-4.008152,0.312706,-0.069898,0.947275,-18.26863,4.008152,-0.312706,0.069898,0.947275,-175.779853,18.222375,-0.069898,0.312706,-0.947275,,,
26,2026-04-21,15:21:43.81,1,2,"Burnham, Jacob",831497,Left,BOC_EAG,"DeAndrade, Nolan",1000437002,Right,MAI_BLA,Undefined,2,Top,0,1,0,Fastball,Four-Seam,StrikeSwinging,Undefined,Undefined,Undefined,0,0,,85.0403,-0.863213,2.473116,1919.915148,144.816868,10:45,5.93719,-1.65507,6.16649,-21.77076,16.61127,-10.82016,3.32481,-0.27095,77.4722,-4.996876,0.522913,0.445898,,,,,,,,,,,,6.26477,9.20548,1.47275,50,5.8605,-4.90018,-123.42638,-2.46644,9.63104,25.35048,-18.02215,BOC_EAG,MAI_BLA,HarringtonVillage,D1,ACC,20260421-HarringtonVillage-1,553aea70-3db7-11f1-be13-814f369a648e,84.53156,,,7.5681,,,,,,,653c48cf-856e-4521-b1b6-52cd1878b7ca,2026-04-21,19:21:43.81,2026-04-21T15:21:43.8110720-04:00,2026-04-21T19:21:43.8110720Z,,v3,227,471344,26593,"Roossien, Jace",831501,Right,BOC_EAG,dfd552a4-4866-48f0-9c50-10fce3122454,54.32979,-124.31249,12.67524,5.9357,-1.83649,-9.01108,1.64991,-5.23683,4.81552,,,,,,,,,,,,,,,,,,,,,,,,,,,,,,,,,,,,,,,,,,,,,,,,,,,High,High,High,,,,,,144.732703,-30.956493,1646.438871,0.857558,10:45,0.53661,0.50284,-0.677644,41.379798,-45.441623,18.996767,179.256374,23.856111,0.01187,0.404441,-0.914487,23.857896,0.68009,0.404441,0.01187,0.914487,-23.857896,-0.68009,-0.404441,-0.01187,0.914487,-179.256374,-23.856111,-0.01187,-0.404441,-0.914487,,,
27,2026-04-21,15:21:57.12,1,3,"Burnham, Jacob",831497,Left,BOC_EAG,"DeAndrade, Nolan",1000437002,Right,MAI_BLA,Undefined,2,Top,0,1,1,Fastball,Changeup,StrikeCalled,Undefined,Undefined,Undefined,0,0,,84.59389,-2.296745,2.226753,1866.673225,138.245176,10:30,5.89306,-1.57118,6.17681,-21.74458,17.12564,-14.11532,1.95722,-0.69,77.09176,-6.418688,-0.319867,0.448725,,,,,,,,,,,,7.91516,9.91934,1.40955,50,5.70814,-4.21677,-122.71402,-5.52369,12.00525,25.49021,-17.12898,BOC_EAG,MAI_BLA,HarringtonVillage,D1,ACC,20260421-HarringtonVillage-1,5d2ee560-3db7-11f1-be13-814f369a648e,83.99904,,,7.50213,,,,,,,653c48cf-856e-4521-b1b6-52cd1878b7ca,2026-04-21,19:21:57.12,2026-04-21T15:21:57.1209728-04:00,2026-04-21T19:21:57.1209728Z,,v3,227,471344,26593,"Roossien, Jace",831501,Right,BOC_EAG,ff5440fb-c75f-47c3-b43d-4969e46cef60,54.32001,-123.60811,12.74511,5.89135,-4.92287,-8.56449,1.56485,-4.63786,6.00262,,,,,,,,,,,,,,,,,,,,,,,,,,,,,,,,,,,,,,,,,,,,,,,,,,,High,High,High,,,,,,146.361551,-28.58122,1639.200109,0.87814,11:00,0.486585,0.505227,-0.712727,26.44662,-43.615886,40.137464,179.180589,-22.267482,0.013234,-0.378931,-0.92533,22.269537,-0.7583,0.378931,-0.013234,0.92533,-22.269537,0.7583,-0.378931,0.013234,0.92533,-179.180589,22.267482,-0.013234,0.378931,-0.92533,,,
28,2026-04-21,15:22:09.42,1,4,"Burnham, Jacob",831497,Left,BOC_EAG,"DeAndrade, Nolan",1000437002,Right,MAI_BLA,Undefined,2,Top,0,1,2,ChangeUp,Changeup,InPlay,Undefined,GroundBall,Out,1,0,,80.46514,-0.794541,2.154192,1481.736772,109.332234,9:45,5.61419,-1.83157,6.13283,-33.01951,10.08945,-24.55454,2.12762,-1.88578,73.22845,-6.970744,-2.275574,0.472558,61.92259,-5.353363,-13.006464,,,,,16.5206,15.6661,-6.053973,0.177903,13.37387,5.88764,1.67963,50,5.53646,-3.48836,-116.83159,-2.585,18.29757,24.0939,-24.11884,BOC_EAG,MAI_BLA,HarringtonVillage,D1,ACC,20260421-HarringtonVillage-1,647f7460-3db7-11f1-be13-814f369a648e,79.76254,2.09548,,7.23668,,,,1.11587,2.09548,1.9056,653c48cf-856e-4521-b1b6-52cd1878b7ca,2026-04-21,19:22:09.42,2026-04-21T15:22:09.4246400-04:00,2026-04-21T19:22:09.4246400Z,GroundBall,v3,227,471344,26593,"Roossien, Jace",831501,Right,BOC_EAG,c7cab88d-7e85-4273-972d-8c6eb8006559,54.36677,-117.7287,12.04695,5.61599,-1.68697,-12.05942,1.8222,-4.16964,9.14878,42.515274,1.11614,88.08363,-11.31931,,,,,,,2.09596,-8.50905,-18.40964,,,,,,,1.90572,-20.35983,-0.82545,,,,,,,,,,,,,,,,,,,,,,,,,,,,,High,High,High,High,High,,,,117.580913,-9.359722,1462.010014,0.986687,10:00,0.167555,0.876729,-0.450857,-59.25557,35.593219,83.781823,95.356484,-80.383291,0.166327,-0.985947,-0.015595,89.093809,-9.574318,0.985947,-0.166327,0.015595,-89.093809,9.574318,-0.985947,0.166327,0.015595,-95.356484,80.383291,-0.166327,0.985947,-0.015595,66.01612,21.535,1.58201
29,2026-04-21,15:22:44.74,2,1,"Burnham, Jacob",831497,Left,BOC_EAG,"Bear, Chris",10289909,Right,MAI_BLA,Undefined,2,Top,1,0,0,Fastball,Changeup,FoulBallNotFieldable,Undefined,Undefined,Undefined,0,0,,84.77987,-1.891623,2.774862,1901.088478,138.136823,10:30,5.85684,-1.71624,6.25004,-22.91422,15.54225,-12.80678,2.20013,-0.22241,77.51765,-6.222275,0.462636,0.44633,68.64494,27.217498,162.455971,2579.152911,-104.90656,21.54686,33.08441,162.11444,46.64513,163.122583,2.154346,7.48134,8.99103,1.51624,50,5.70476,-5.48436,-123.05434,-4.71226,11.446,24.92164,-18.41835,BOC_EAG,MAI_BLA,HarringtonVillage,D1,ACC,20260421-HarringtonVillage-1,798f73f0-3db7-11f1-be13-814f369a648e,84.44969,24.22385,,7.26221,,,,1.82399,2.23607,0.20106,653c48cf-856e-4521-b1b6-52cd1878b7ca,2026-04-21,19:22:44.74,2026-04-21T15:22:44.7488512-04:00,2026-04-21T19:22:44.7488512Z,FlyBall,v3,227,471344,26593,"Roossien, Jace",831501,Right,BOC_EAG,98625e4f-e518-4231-888b-3c5d0159963f,54.24923,-123.91193,12.46082,5.85601,-4.07846,-9.20917,1.71175,-5.87823,5.723,358.359412,1.82406,-85.37169,5.47964,0.05148,0.37053,-0.49519,0.31302,-0.09443,0.0109,2.23604,46.04866,-26.66635,3.03323,-0.42256,-0.02165,0.02821,-0.00219,-0.00053,0.20104,26.99042,-1.88067,-0.21574,-0.2408,0.32018,-0.19093,0.05527,-0.00621,,,,,,,,,,,,,,,,,,,,,,,High,High,High,High,Low,,,,142.534403,-29.304271,1657.811487,0.872033,10:45,0.504626,0.546312,-0.668503,32.084011,-41.511719,31.875409,174.248555,-20.538744,0.093843,-0.350841,-0.931721,20.633924,-5.384738,0.350841,-0.093843,0.931721,-20.633924,5.384738,-0.350841,0.093843,0.931721,-174.248555,20.538744,-0.093843,0.350841,-0.931721,66.00652,14.4924,-11.87144
30,2026-04-21,15:23:02.43,2,2,"Burnham, Jacob",831497,Left,BOC_EAG,"Bear, Chris",10289909,Right,MAI_BLA,Undefined,2,Top,1,0,1,ChangeUp,Changeup,BallCalled,Undefined,Undefined,Undefined,0,0,,80.02018,0.129235,2.285943,1556.153924,95.499873,9:15,5.55625,-2.12741,6.47889,-39.59207,3.35685,-19.94832,2.37568,-1.68964,72.95374,-7.276019,-1.336604,0.47168,,,,,,,,,,,,11.04918,2.19496,1.97429,50,5.54849,-3.92233,-116.25286,-0.87793,14.99311,23.51302,-29.19562,BOC_EAG,MAI_BLA,HarringtonVillage,D1,ACC,20260421-HarringtonVillage-1,841eda40-3db7-11f1-be13-814f369a648e,79.91103,,,7.06644,,,,,,,653c48cf-856e-4521-b1b6-52cd1878b7ca,2026-04-21,19:23:02.43,2026-04-21T15:23:02.4382464-04:00,2026-04-21T19:23:02.4382464Z,,v3,227,471344,26593,"Roossien, Jace",831501,Right,BOC_EAG,fc899e78-c3ac-4fc4-a204-8b1adb97c583,54.01977,-117.06307,11.75651,5.56141,0.12809,-14.59781,2.11835,-4.43896,7.49655,,,,,,,,,,,,,,,,,,,,,,,,,,,,,,,,,,,,,,,,,,,,,,,,,,,High,High,High,,,,,,115.907508,-24.698821,1413.791941,0.908517,9:45,0.43519,0.816267,-0.379893,-50.24138,23.417386,76.037227,99.786216,-8.619343,0.974319,-0.149869,-0.168053,41.726523,-76.987001,0.149869,-0.974319,0.168053,-41.726523,76.987001,-0.149869,0.974319,0.168053,-99.786216,8.619343,-0.974319,0.149869,-0.168053,,,
31,2026-04-21,15:23:14.76,2,3,"Burnham, Jacob",831497,Left,BOC_EAG,"Bear, Chris",10289909,Right,MAI_BLA,Undefined,2,Top,1,1,1,Fastball,Four-Seam,FoulBallNotFieldable,Undefined,Undefined,Undefined,0,0,,85.87684,-1.519729,1.780808,1961.880594,143.441018,10:45,5.93861,-1.66693,5.94034,-20.67915,17.25036,-11.86768,2.80459,-1.00343,78.32855,-5.432176,-0.350819,0.443261,77.40657,48.633769,121.728221,3528.463649,,,,,32.90517,,,6.60402,9.66064,1.53167,50,5.80581,-3.39651,-124.65458,-3.91116,10.35703,25.82641,-17.02334,BOC_EAG,MAI_BLA,HarringtonVillage,D1,ACC,20260421-HarringtonVillage-1,8b683d50-3db7-11f1-be13-814f369a648e,85.03432,34.31633,,7.54829,,,,0.3353,2.85841,0.9688,653c48cf-856e-4521-b1b6-52cd1878b7ca,2026-04-21,19:23:14.76,2026-04-21T15:23:14.7624448-04:00,2026-04-21T19:23:14.7624448Z,,v3,227,471344,26593,"Roossien, Jace",831501,Right,BOC_EAG,41990926-0c41-4309-9b12-52e99c2153bd,54.55753,-125.59528,12.91321,5.93698,-3.2911,-8.51167,1.66225,-3.77375,5.17851,,0.34623,-39.79346,-3.62767,,,,,,,2.87658,84.65013,-30.16437,,,,,,,0.97252,63.70374,-7.18077,,,,,,,,,,,,,,,,,,,,,,,,,,,,,High,High,High,High,Undefined,,,,143.299988,-24.659788,1782.959492,0.908801,10:45,0.425128,0.553997,-0.715789,18.735132,-46.056645,51.703069,178.159939,18.144902,0.030513,0.311421,-0.949782,18.153649,1.748529,0.311421,0.030513,0.949782,-18.153649,-1.748529,-0.311421,-0.030513,0.949782,-178.159939,-18.144902,-0.030513,-0.311421,-0.949782,70.74343,10.53992,12.79673
32,2026-04-21,15:23:33.35,2,4,"Burnham, Jacob",831497,Left,BOC_EAG,"Bear, Chris",10289909,Right,MAI_BLA,Undefined,2,Top,1,1,2,ChangeUp,Changeup,FoulBallNotFieldable,Undefined,Undefined,Undefined,0,0,,79.58134,-0.222536,2.118269,1455.436629,97.048437,9:15,5.5421,-2.06336,6.29926,-39.60447,3.76012,-19.56241,2.03655,-1.74097,73.19051,-7.580818,-1.423277,0.473957,,,,,,,,,,,,10.82134,2.39839,1.91704,50,5.50665,-3.59591,-115.70605,-1.60548,14.66569,21.64902,-28.92361,BOC_EAG,MAI_BLA,HarringtonVillage,D1,ACC,20260421-HarringtonVillage-1,9684c870-3db7-11f1-be13-814f369a648e,79.52713,,,6.39082,,,,,,,653c48cf-856e-4521-b1b6-52cd1878b7ca,2026-04-21,19:23:33.35,2026-04-21T15:23:33.3586944-04:00,2026-04-21T19:23:33.3586944Z,,v3,227,471344,26593,"Roossien, Jace",831501,Right,BOC_EAG,c5d67d54-c464-4474-ba9d-d2107f965456,54.20191,-116.48959,10.82451,5.54582,-0.55865,-14.46181,2.05679,-4.1267,7.33284,,,,,,,,,,,,,,,,,,,,,,,,,,,,,,,,,,,,,,,,,,,,,,,,,,,High,High,High,,,,,,117.052898,-9.946963,1433.558611,0.984968,10:00,0.185771,0.877864,-0.441411,44.202454,-30.936134,-84.768415,98.295896,-13.492893,0.962224,-0.233325,-0.140303,58.980657,-74.201224,0.233325,-0.962224,0.140303,-58.980657,74.201224,-0.233325,0.962224,0.140303,-98.295896,13.492893,-0.962224,0.233325,-0.140303,,,
33,2026-04-21,15:24:09.79,2,5,"Burnham, Jacob",831497,Left,BOC_EAG,"Bear, Chris",10289909,Right,MAI_BLA,Undefined,2,Top,1,1,2,ChangeUp,Changeup,FoulBallNotFieldable,Undefined,Undefined,Undefined,0,0,,79.98798,-1.100761,3.751441,1324.735603,107.744029,9:30,5.58929,-2.20431,6.3733,-36.29388,6.53386,-16.30528,1.54972,-0.10653,73.70143,-7.853188,0.801443,0.471014,67.23541,81.33356,116.19822,,,,,,3.87755,,,9.58886,4.07795,1.94086,50,5.4927,-7.05483,-116.13457,-3.26917,13.13148,21.19356,-26.58952,BOC_EAG,MAI_BLA,HarringtonVillage,D1,ACC,20260421-HarringtonVillage-1,ac4664c0-3db7-11f1-be13-814f369a648e,80.024,27.08234,,6.28655,,,,2.46715,1.80133,0.10721,653c48cf-856e-4521-b1b6-52cd1878b7ca,2026-04-21,19:24:09.79,2026-04-21T15:24:09.7966592-04:00,2026-04-21T19:24:09.7966592Z,,v3,227,471344,26593,"Roossien, Jace",831501,Right,BOC_EAG,6ba72c55-e9b1-47ab-8cc2-4f3e937b0e30,54.12771,-116.88542,10.59678,5.59183,-2.32716,-13.29476,2.19904,-7.52006,6.56574,353.148946,2.47002,-6.69657,-6.13479,,,,,,,1.80453,97.33433,-25.91008,,,,,,,0.10677,13.35366,0.2812,,,,,,,,,,,,,,,,,,,,,,,,,,,,,High,High,High,Medium,Undefined,,,,118.804659,-0.714263,1324.632667,0.999922,10:00,0.027163,0.876277,-0.481041,-53.381517,42.843945,83.810927,142.155103,-75.495357,0.153663,-0.968127,-0.197781,78.45381,-8.83925,0.968127,-0.153663,0.197781,-78.45381,8.83925,-0.968127,0.153663,0.197781,-142.155103,75.495357,-0.153663,0.968127,-0.197781,56.72188,19.87587,-27.54795
34,2026-04-21,15:24:36.56,2,6,"Burnham, Jacob",831497,Left,BOC_EAG,"Bear, Chris",10289909,Right,MAI_BLA,Undefined,2,Top,1,1,2,Fastball,Four-Seam,BallCalled,Undefined,Undefined,Undefined,0,0,,86.69765,0.449031,1.171096,2097.145686,140.533846,10:45,6.003,-1.7275,6.06601,-20.46804,16.96127,-12.86186,4.71298,-1.71539,78.02498,-3.471461,-1.144284,0.440329,,,,,,,,,,,,6.91044,8.94804,1.64298,50,6.02685,-2.02779,-125.75691,0.41752,10.90284,29.0214,-18.05641,BOC_EAG,MAI_BLA,HarringtonVillage,D1,ACC,20260421-HarringtonVillage-1,bc2c5ed0-3db7-11f1-be13-814f369a648e,85.60063,,,8.67267,,,,,,,653c48cf-856e-4521-b1b6-52cd1878b7ca,2026-04-21,19:24:36.56,2026-04-21T15:24:36.5622784-04:00,2026-04-21T19:24:36.5622784Z,,v3,227,471344,26593,"Roossien, Jace",831501,Right,BOC_EAG,07e99fcf-303e-48bc-a35d-cb6d7f19bc5c,54.42784,-126.77462,14.5107,6.00111,1.05072,-9.02821,1.72079,-2.41013,5.45142,,,,,,,,,,,,,,,,,,,,,,,,,,,,,,,,,,,,,,,,,,,,,,,,,,,High,High,High,,,,,,143.002825,-29.417901,1826.740555,0.87106,10:45,0.509384,0.520317,-0.685418,43.962425,-52.675789,8.651647,168.369745,17.144094,0.192638,0.294776,-0.935948,17.48177,11.10675,0.294776,0.192638,0.935948,-17.48177,-11.10675,-0.294776,-0.192638,0.935948,-168.369745,-17.144094,-0.192638,-0.294776,-0.935948,,,
35,2026-04-21,15:24:48.91,2,7,"Burnham, Jacob",831497,Left,BOC_EAG,"Bear, Chris",10289909,Right,MAI_BLA,Undefined,2,Top,1,2,2,Fastball,Changeup,FoulBallNotFieldable,Undefined,Undefined,Undefined,0,0,,85.1675,-2.264771,2.886007,2014.378344,140.005153,10:45,5.82175,-1.79626,6.16015,-22.03667,16.35603,-12.63572,1.88943,-0.1809,77.62062,-6.434908,0.608878,0.44596,68.98012,51.786801,94.108986,3726.589511,-23.14615,74.6322,107.53703,214.97276,60.71338,106.835017,4.148445,7.39386,9.51367,1.58353,50,5.63834,-5.73627,-123.50469,-5.51181,11.35962,25.81864,-17.55767,BOC_EAG,MAI_BLA,HarringtonVillage,D1,ACC,20260421-HarringtonVillage-1,c389bf10-3db7-11f1-be13-814f369a648e,84.51979,74.63792,,7.54688,,,,1.17446,1.86205,0.17835,653c48cf-856e-4521-b1b6-52cd1878b7ca,2026-04-21,19:24:48.91,2026-04-21T15:24:48.9141760-04:00,2026-04-21T19:24:48.9141760Z,Popup,v3,227,471344,26593,"Roossien, Jace",831501,Right,BOC_EAG,e9b72e03-d4db-4a44-95f6-25c54ce6f763,54.33792,-124.40822,12.90932,5.82048,-4.89738,-8.77884,1.79123,-6.13381,5.67981,,1.17014,-4.37077,-6.97598,3.06135,-1.63124,0.73146,-0.20233,0.02935,-0.0017,1.86201,79.4965,-25.86394,3.20078,-0.83469,0.26501,-0.07898,0.01416,-0.00103,0.17566,62.49662,-6.64722,2.21914,-1.15635,0.56299,-0.16937,0.02664,-0.00168,,,,,,,,,,,,,,,,,,,,,,,High,High,High,Low,Low,,,,144.444396,-24.921459,1826.81205,0.906886,10:45,0.436847,0.543588,-0.716713,21.381975,-56.8433,36.890744,166.423585,10.837184,0.230555,0.188019,-0.954721,11.141015,13.329777,0.188019,0.230555,0.954721,-11.141015,-13.329777,-0.188019,-0.230555,0.954721,-166.423585,-10.837184,-0.230555,-0.188019,-0.954721,67.183,7.13144,-4.62386
36,2026-04-21,15:25:07.51,2,8,"Burnham, Jacob",831497,Left,BOC_EAG,"Bear, Chris",10289909,Right,MAI_BLA,Undefined,2,Top,1,2,2,ChangeUp,Changeup,InPlay,Undefined,GroundBall,Out,1,0,,77.96517,1.158307,1.511801,1438.001896,96.67748,9:15,5.59249,-2.01601,6.46162,-41.72924,3.2352,-15.65044,3.17952,-1.93125,71.46408,-6.635973,-1.328683,0.482621,76.19291,4.937256,22.478067,1892.894655,,,,75.42639,73.15233,26.463768,0.732416,8.62949,1.78087,1.91584,50,5.65589,-2.4606,-113.36325,1.12854,11.20837,21.09408,-29.86096,BOC_EAG,MAI_BLA,HarringtonVillage,D1,ACC,20260421-HarringtonVillage-1,cea2c7c0-3db7-11f1-be13-814f369a648e,78.0995,4.18856,,6.50108,,,,0.38458,3.01876,1.91976,653c48cf-856e-4521-b1b6-52cd1878b7ca,2026-04-21,19:25:07.51,2026-04-21T15:25:07.5170816-04:00,2026-04-21T19:25:07.5170816Z,GroundBall,v3,227,471344,26593,"Roossien, Jace",831501,Right,BOC_EAG,f78b9f8a-89e6-43fe-b58b-54854bf16ae4,54.03846,-114.11223,10.54704,5.59699,2.18881,-14.93048,2.01028,-2.85858,5.60419,286.740904,0.42315,102.16043,-14.46503,,,,,,,3.05275,8.98873,-18.02235,,,,,,,1.90279,42.88462,0.58819,,,,,,,,,,,,,,,,,,,,,,,,,,,,,High,High,High,High,High,,,,117.169067,-20.035456,1350.975161,0.939481,10:00,0.37062,0.828725,-0.419351,-42.572203,27.236135,83.336251,99.822367,-12.494837,0.962004,-0.216352,-0.166554,52.409886,-74.155045,0.216352,-0.962004,0.166554,-52.409886,74.155045,-0.216352,0.962004,0.166554,-99.822367,12.494837,-0.962004,0.216352,-0.166554,62.00417,13.0302,15.02917
37,2026-04-21,15:25:44.55,3,1,"Burnham, Jacob",831497,Left,BOC_EAG,"Pepe, Nic",1000115861,Left,MAI_BLA,Undefined,2,Top,2,0,0,Fastball,Changeup,BallCalled,Undefined,Undefined,Undefined,0,0,,84.55982,0.511734,1.925584,2020.067319,154.508144,11:15,5.95932,-1.71974,6.00352,-20.82454,18.49092,-8.16603,4.69836,-0.61546,76.36704,-3.470729,0.458233,0.451287,,,,,,,,,,,,4.74721,9.71355,1.57256,50,5.98812,-3.78848,-122.64125,0.52924,7.15369,26.65173,-17.53652,BOC_EAG,MAI_BLA,HarringtonVillage,D1,ACC,20260421-HarringtonVillage-1,e4bd0b60-3db7-11f1-be13-814f369a648e,83.52207,,,8.19278,,,,,,,653c48cf-856e-4521-b1b6-52cd1878b7ca,2026-04-21,19:25:44.55,2026-04-21T15:25:44.5592064-04:00,2026-04-21T19:25:44.5592064Z,,v3,227,471344,26593,"Roossien, Jace",831501,Right,BOC_EAG,5077a47d-1bb1-4f79-a737-2a566b790f30,54.49084,-123.61332,13.32586,5.95715,1.16885,-8.76826,1.71549,-4.04939,3.57684,,,,,,,,,,,,,,,,,,,,,,,,,,,,,,,,,,,,,,,,,,,,,,,,,,,High,High,High,,,,,,142.743686,-28.311838,1778.42562,0.880379,10:45,0.502286,0.528708,-0.684234,11.83914,-51.394481,45.024987,175.327016,10.742649,0.080041,0.186398,-0.979208,10.77764,4.590909,0.186398,0.080041,0.979208,-10.77764,-4.590909,-0.186398,-0.080041,0.979208,-175.327016,-10.742649,-0.080041,-0.186398,-0.979208,,,
38,2026-04-21,15:25:57.80,3,2,"Burnham, Jacob",831497,Left,BOC_EAG,"Pepe, Nic",1000115861,Left,MAI_BLA,Undefined,2,Top,2,1,0,Slider,Curveball,BallCalled,Undefined,Undefined,Undefined,0,0,,74.61392,2.393499,0.431064,2368.303852,289.32489,3:45,5.69369,-1.87402,5.63074,-50.82164,0.10602,4.39996,3.69314,-1.10515,68.10575,-6.945707,1.216982,0.513627,,,,,,,,,,,,-2.09012,-0.10157,1.83451,50,5.86524,-0.97839,-108.24058,2.93206,-2.46804,19.72114,-32.29401,BOC_EAG,MAI_BLA,HarringtonVillage,D1,ACC,20260421-HarringtonVillage-1,eca1c410-3db7-11f1-be13-814f369a648e,73.38479,,,6.50818,,,,,,,653c48cf-856e-4521-b1b6-52cd1878b7ca,2026-04-21,19:25:57.80,2026-04-21T15:25:57.8065408-04:00,2026-04-21T19:25:57.8065408Z,,v3,227,471344,26593,"Roossien, Jace",831501,Right,BOC_EAG,181d4a59-9181-4aeb-9f1d-05e74ff14428,54.86707,-109.12375,9.86057,5.70155,4.37827,-16.14701,1.87586,-0.86786,-1.23402,,,,,,,,,,,,,,,,,,,,,,,,,,,,,,,,,,,,,,,,,,,,,,,,,,,High,High,High,,,,,,313.837768,-68.274195,876.663645,0.370165,4:30,0.91505,-0.305564,0.263275,-52.534759,37.98318,89.689826,150.806084,35.159517,0.398775,0.575855,-0.713702,38.898555,23.501611,0.575855,0.398775,0.713702,-38.898555,-23.501611,-0.575855,-0.398775,0.713702,-150.806084,-35.159517,-0.398775,-0.575855,-0.713702,,,
39,2026-04-21,15:26:18.24,3,3,"Burnham, Jacob",831497,Left,BOC_EAG,"Pepe, Nic",1000115861,Left,MAI_BLA,Undefined,2,Top,2,2,0,Fastball,Changeup,StrikeSwinging,Undefined,Undefined,Undefined,0,0,,84.72729,-0.519316,1.470995,1927.656997,155.326937,11:15,5.92087,-1.54954,6.31047,-21.77277,16.00654,-6.8767,3.62792,-0.76726,78.46079,-4.626417,0.227277,0.442383,,,,,,,,,,,,3.92736,8.78878,1.4449,50,5.87211,-2.90821,-123.28758,-1.72187,6.12741,21.37129,-18.46192,BOC_EAG,MAI_BLA,HarringtonVillage,D1,ACC,20260421-HarringtonVillage-1,f8c69770-3db7-11f1-be13-814f369a648e,85.20318,,,6.2665,,,,,,,653c48cf-856e-4521-b1b6-52cd1878b7ca,2026-04-21,19:26:18.24,2026-04-21T15:26:18.2451712-04:00,2026-04-21T19:26:18.2451712Z,,v3,227,471344,26593,"Roossien, Jace",831501,Right,BOC_EAG,c99b28b9-4048-4829-a605-df0e1931482b,54.18857,-124.01152,10.68565,5.91985,-1.09648,-9.23096,1.54693,-3.11577,3.06371,,,,,,,,,,,,,,,,,,,,,,,,,,,,,,,,,,,,,,,,,,,,,,,,,,,High,High,High,,,,,,146.196108,-32.302123,1629.336724,0.845242,10:45,0.547955,0.475076,-0.688511,39.002303,-43.423179,13.305908,179.579653,19.321011,0.006923,0.33086,-0.943654,19.321493,0.396672,0.33086,0.006923,0.943654,-19.321493,-0.396672,-0.33086,-0.006923,0.943654,-179.579653,-19.321011,-0.006923,-0.33086,-0.943654,,,
40,2026-04-21,15:26:34.49,3,4,"Burnham, Jacob",831497,Left,BOC_EAG,"Pepe, Nic",1000115861,Left,MAI_BLA,Undefined,2,Top,2,2,1,Fastball,Four-Seam,BallCalled,Undefined,Undefined,Undefined,0,0,,85.67133,-1.623493,3.950988,2002.271831,154.979999,11:15,5.77279,-1.64947,6.50683,-19.41556,17.63115,-7.71433,2.66092,1.33943,78.89704,-5.318571,2.555343,0.438073,,,,,,,,,,,,5.02945,9.98934,1.37618,50,5.65027,-8.29687,-124.32329,-4.028,7.93433,23.06656,-16.41516,BOC_EAG,MAI_BLA,HarringtonVillage,D1,ACC,20260421-HarringtonVillage-1,0275d6f0-3db8-11f1-be13-814f369a648e,86.04147,,,6.77429,,,,,,,653c48cf-856e-4521-b1b6-52cd1878b7ca,2026-04-21,19:26:34.49,2026-04-21T15:26:34.4904192-04:00,2026-04-21T19:26:34.4904192Z,,v3,227,471344,26593,"Roossien, Jace",831501,Right,BOC_EAG,475d7ebb-cc6b-46bb-bc28-aa02f648908f,53.99102,-125.06159,11.53328,5.77078,-3.5026,-8.20758,1.6458,-8.55083,3.96717,,,,,,,,,,,,,,,,,,,,,,,,,,,,,,,,,,,,,,,,,,,,,,,,,,,High,High,High,,,,,,143.114938,-32.225536,1693.83304,0.845956,10:45,0.564043,0.522657,-0.639285,47.779669,-44.980574,6.025069,179.009983,20.341986,0.016201,0.347623,-0.937494,20.344774,0.928268,0.347623,0.016201,0.937494,-20.344774,-0.928268,-0.347623,-0.016201,0.937494,-179.009983,-20.341986,-0.016201,-0.347623,-0.937494,,,
41,2026-04-21,15:26:49.47,3,5,"Burnham, Jacob",831497,Left,BOC_EAG,"Pepe, Nic",1000115861,Left,MAI_BLA,Undefined,2,Top,2,3,1,Fastball,Changeup,FoulBallNotFieldable,Undefined,Undefined,Undefined,0,0,,85.00291,-0.91023,2.192091,2011.738873,151.426949,11:00,5.85383,-1.49551,6.4576,-19.1008,18.41969,-9.43768,3.42528,-0.26733,78.34054,-4.553354,0.48145,0.440865,65.5049,78.345601,-173.241411,3779.11869,,,,,9.58978,,,5.51996,10.22816,1.3446,50,5.78065,-4.38953,-123.6225,-2.45552,8.61338,22.72267,-16.21405,BOC_EAG,MAI_BLA,HarringtonVillage,D1,ACC,20260421-HarringtonVillage-1,0b676bc0-3db8-11f1-be13-814f369a648e,85.49656,42.38724,,6.66237,,,,0.78142,3.5455,0.29091,653c48cf-856e-4521-b1b6-52cd1878b7ca,2026-04-21,19:26:49.47,2026-04-21T15:26:49.4776832-04:00,2026-04-21T19:26:49.4776832Z,,v3,227,471344,26593,"Roossien, Jace",831501,Right,BOC_EAG,e8ff6b81-fd51-4507-aea6-9c72cfef7e18,54.04215,-124.36325,11.36134,5.85208,-1.92695,-8.10702,1.49228,-4.67033,4.30669,6.760228,0.79464,-19.64737,-4.27145,,,,,,,3.56331,93.5951,-26.32701,,,,,,,0.28328,-2.0686,3.27184,,,,,,,,,,,,,,,,,,,,,,,,,,,,,High,High,High,High,Undefined,,,,144.95601,-27.19653,1789.329173,0.889444,10:45,0.476398,0.517919,-0.710496,47.007783,-33.491499,-5.13884,177.949205,13.050482,0.034861,0.225809,-0.973548,13.058559,1.997804,0.225809,0.034861,0.973548,-13.058559,-1.997804,-0.225809,-0.034861,0.973548,-177.949205,-13.050482,-0.034861,-0.225809,-0.973548,,,
42,2026-04-21,15:27:14.36,3,6,"Burnham, Jacob",831497,Left,BOC_EAG,"Pepe, Nic",1000115861,Left,MAI_BLA,Undefined,2,Top,2,3,2,Fastball,Changeup,BallCalled,Walk,Undefined,Undefined,0,0,,84.4424,-0.347248,2.960908,2052.339007,146.839468,11:00,5.893,-1.68617,6.3972,-21.58789,16.98147,-10.27619,3.77423,0.18293,76.94455,-4.467831,1.102286,0.446985,,,,,,,,,,,,6.17571,9.32441,1.47788,50,5.85791,-5.94897,-122.58052,-1.30786,9.37087,24.84977,-18.02544,BOC_EAG,MAI_BLA,HarringtonVillage,D1,ACC,20260421-HarringtonVillage-1,1a44a860-3db8-11f1-be13-814f369a648e,84.32603,,,7.49785,,,,,,,653c48cf-856e-4521-b1b6-52cd1878b7ca,2026-04-21,19:27:14.36,2026-04-21T15:27:14.3634432-04:00,2026-04-21T19:27:14.3634432Z,,v3,227,471344,26593,"Roossien, Jace",831501,Right,BOC_EAG,f8e746ea-0760-4e96-ac16-796bc681c9f6,54.09955,-123.40879,12.42488,5.89149,-0.70705,-9.01272,1.68137,-6.26131,4.68543,,,,,,,,,,,,,,,,,,,,,,,,,,,,,,,,,,,,,,,,,,,,,,,,,,,High,High,High,,,,,,148.19111,-33.657975,1708.286674,0.832361,11:00,0.587366,0.442078,-0.677914,53.160679,-38.819424,-7.590412,178.922507,22.117595,0.017421,0.376509,-0.926249,22.12113,0.998195,0.376509,0.017421,0.926249,-22.12113,-0.998195,-0.376509,-0.017421,0.926249,-178.922507,-22.117595,-0.017421,-0.376509,-0.926249,,,
43,2026-04-21,15:27:49.80,4,1,"Burnham, Jacob",831497,Left,BOC_EAG,"Murphy, Quinn",1000527191,Left,MAI_BLA,Undefined,2,Top,2,0,0,Slider,Curveball,InPlay,Undefined,FlyBall,Out,1,0,,74.71751,1.61352,1.557489,2358.008961,270.917753,3:00,5.65921,-2.14669,5.79413,-48.89428,1.52445,5.54717,3.08651,-0.23531,68.39249,-7.390797,2.550976,0.511055,99.37342,40.860984,23.351964,3854.784827,100.5237,96.55901,44.66466,323.23864,286.1866,25.885192,6.205966,-2.39961,0.71894,2.01509,50,5.76242,-3.14376,-108.46693,1.59036,-2.84471,19.8423,-31.32176,BOC_EAG,MAI_BLA,HarringtonVillage,D1,ACC,20260421-HarringtonVillage-1,2f6b3d30-3db8-11f1-be13-814f369a648e,73.7542,136.40736,,6.32502,,,,2.63986,3.20967,0.24056,653c48cf-856e-4521-b1b6-52cd1878b7ca,2026-04-21,19:27:49.80,2026-04-21T15:27:49.8000896-04:00,2026-04-21T19:27:49.8000896Z,FlyBall,v3,227,471344,26593,"Roossien, Jace",831501,Right,BOC_EAG,b818af0b-289a-4e62-ad15-96817eff9401,54.70576,-109.32438,9.92115,5.66446,2.94388,-15.66088,2.14828,-3.02083,-1.42235,184.872839,2.64642,101.08592,-26.77913,6.68562,-1.08413,0.0911,0.00037,-0.00065,3E-05,3.2083,95.35836,-18.75853,0.45179,0.17581,-0.08372,0.01921,-0.0022,0.0001,0.24361,43.64091,-9.60497,2.20783,-0.31629,0.01725,0.00196,-0.00033,1E-05,,,,,,,,,,,,,,,,,,,,,,,High,High,High,Medium,Low,,,,307.812272,-70.075755,803.556186,0.340777,4:15,0.926168,-0.295588,0.234182,54.546922,-33.328272,-76.960804,143.1663,24.976647,0.54343,0.422249,-0.725527,30.198925,32.917422,0.422249,0.54343,0.725527,-30.198925,-32.917422,-0.422249,-0.54343,0.725527,-143.1663,-24.976647,-0.54343,-0.422249,-0.725527,75.12965,22.91523,23.82926
44,2026-04-21,15:30:26.53,1,1,"Stabley, Thomas",1000146615,Right,MAI_BLA,"Hendrickson, Carter",830138,Right,BOC_EAG,Undefined,2,Bottom,0,0,0,Fastball,Sinker,BallCalled,Undefined,Undefined,Undefined,0,0,,88.2444,-2.590716,-4.87831,1969.873327,223.909641,1:30,5.37878,1.67346,7.20664,-21.52446,12.64635,11.16764,1.22896,-1.82406,81.2053,-6.700609,-2.833216,0.420726,,,,,,,,,,,,-7.29241,7.8254,-1.39423,50,5.22224,10.53985,-127.95736,-6.32685,-12.14648,25.2566,-19.1398,BOC_EAG,MAI_BLA,HarringtonVillage,D1,ACC,20260421-HarringtonVillage-1,8cc2ced0-3db8-11f1-be13-814f369a648e,89.5891,,,7.0391,,,,,,,653c48cf-856e-4521-b1b6-52cd1878b7ca,2026-04-21,19:30:26.53,2026-04-21T15:30:26.5306112-04:00,2026-04-21T19:30:26.5306112Z,,v3,227,471344,26593,"DeAndrade, Nolan",1000437002,Right,MAI_BLA,2f76da46-2684-44ad-94e8-15608938efa8,53.29255,-128.60561,12.6283,5.37832,-5.8356,-9.5699,-1.66876,10.8516,-6.07324,,,,,,,,,,,,,,,,,,,,,,,,,,,,,,,,,,,,,,,,,,,,,,,,,,,High,High,High,,,,,,218.501313,21.511672,1832.657644,0.930343,1:15,-0.400821,-0.595152,-0.696518,-73.561938,-24.934727,60.527852,92.427713,-19.40142,0.942368,-0.332185,-0.039954,83.141689,-70.453085,0.332185,-0.942368,0.039954,-83.141689,70.453085,-0.332185,0.942368,0.039954,-92.427713,19.40142,-0.942368,0.332185,-0.039954,,,
45,2026-04-21,15:30:46.52,1,2,"Stabley, Thomas",1000146615,Right,MAI_BLA,"Hendrickson, Carter",830138,Right,BOC_EAG,Undefined,2,Bottom,0,1,0,Cutter,Slider,BallCalled,Undefined,Undefined,Undefined,0,0,,83.38945,0.799687,-1.817772,2203.222451,145.014047,10:45,5.47646,1.88762,6.2932,-31.05183,8.90103,-5.27894,3.62612,-0.22788,75.59727,-5.042212,-2.771407,0.454931,,,,,,,,,,,,2.15941,4.8002,-1.75161,50,5.52061,4.04482,-121.02965,0.77254,3.16902,25.96308,-25.12965,BOC_EAG,MAI_BLA,HarringtonVillage,D1,ACC,20260421-HarringtonVillage-1,98b26160-3db8-11f1-be13-814f369a648e,82.85315,,,7.79218,,,,,,,653c48cf-856e-4521-b1b6-52cd1878b7ca,2026-04-21,19:30:46.52,2026-04-21T15:30:46.5299456-04:00,2026-04-21T19:30:46.5299456Z,,v3,227,471344,26593,"DeAndrade, Nolan",1000437002,Right,MAI_BLA,ebe488e9-fd6f-4c9c-a3b3-7ba46c8140c9,54.20226,-121.92778,12.98154,5.47885,1.64183,-12.56482,-1.88963,3.93519,1.58451,,,,,,,,,,,,,,,,,,,,,,,,,,,,,,,,,,,,,,,,,,,,,,,,,,,High,High,High,,,,,,199.343091,60.349943,1089.937062,0.494701,12:45,-0.885633,-0.151712,-0.438904,64.750025,-19.266551,79.106952,153.581992,-4.500156,0.443545,-0.078462,-0.892811,5.022351,-26.330289,0.078462,-0.443545,0.892811,-5.022351,26.330289,-0.078462,0.443545,0.892811,-153.581992,4.500156,-0.443545,0.078462,-0.892811,,,
46,2026-04-21,15:31:05.09,1,3,"Stabley, Thomas",1000146615,Right,MAI_BLA,"Hendrickson, Carter",830138,Right,BOC_EAG,Undefined,2,Bottom,0,2,0,Fastball,Sinker,BallCalled,Undefined,Undefined,Undefined,0,0,,86.73825,-2.389132,-2.959282,1985.535213,228.340012,1:30,5.36414,1.7135,6.97046,-24.74045,10.97512,11.05721,1.125,-0.05938,79.54914,-7.084653,-0.935026,0.43013,,,,,,,,,,,,-6.7339,6.8815,-1.53382,50,5.20788,6.12727,-125.9846,-5.90325,-10.80975,25.88369,-21.12736,BOC_EAG,MAI_BLA,HarringtonVillage,D1,ACC,20260421-HarringtonVillage-1,a3be4ab0-3db8-11f1-be13-814f369a648e,87.63024,,,7.18911,,,,,,,653c48cf-856e-4521-b1b6-52cd1878b7ca,2026-04-21,19:31:05.09,2026-04-21T15:31:05.0998784-04:00,2026-04-21T19:31:05.0998784Z,,v3,227,471344,26593,"DeAndrade, Nolan",1000437002,Right,MAI_BLA,ae2a59ab-5ae5-484f-a582-906f523a5b31,53.52842,-126.70744,12.94185,5.3645,-5.31323,-10.56368,-1.70915,6.42915,-5.40488,,,,,,,,,,,,,,,,,,,,,,,,,,,,,,,,,,,,,,,,,,,,,,,,,,,High,High,High,,,,,,221.021592,16.712849,1901.662293,0.957758,1:15,-0.298077,-0.64006,-0.708148,-69.213592,-24.04414,73.415009,91.970496,-22.05667,0.926265,-0.375523,-0.031868,85.149287,-67.85986,0.375523,-0.926265,0.031868,-85.149287,67.85986,-0.375523,0.926265,0.031868,-91.970496,22.05667,-0.926265,0.375523,-0.031868,,,
47,2026-04-21,15:31:28.36,1,4,"Stabley, Thomas",1000146615,Right,MAI_BLA,"Hendrickson, Carter",830138,Right,BOC_EAG,Undefined,2,Bottom,0,3,0,Fastball,Sinker,StrikeCalled,Undefined,Undefined,Undefined,0,0,,86.38279,-1.789327,-1.969586,1989.483003,219.789801,1:15,5.40968,1.73741,7.05637,-22.09741,13.6819,10.46012,1.94175,0.8197,79.20928,-6.018477,-0.050249,0.430514,,,,,,,,,,,,-6.14922,8.17213,-1.62148,50,5.29436,3.96215,-125.62927,-4.46033,-9.82452,25.52174,-19.11761,BOC_EAG,MAI_BLA,HarringtonVillage,D1,ACC,20260421-HarringtonVillage-1,b1a2a860-3db8-11f1-be13-814f369a648e,87.55215,,,7.17351,,,,,,,653c48cf-856e-4521-b1b6-52cd1878b7ca,2026-04-21,19:31:28.36,2026-04-21T15:31:28.3688448-04:00,2026-04-21T19:31:28.3688448Z,,v3,227,471344,26593,"DeAndrade, Nolan",1000437002,Right,MAI_BLA,14b91711-20a2-4db3-9ff8-887541862aaf,53.4424,-126.32666,12.76087,5.40911,-3.93793,-9.5588,-1.73342,4.23061,-4.91226,,,,,,,,,,,,,,,,,,,,,,,,,,,,,,,,,,,,,,,,,,,,,,,,,,,High,High,High,,,,,,216.783922,23.599403,1823.096379,0.916367,1:15,-0.408008,-0.560952,-0.72032,-65.689264,-21.704237,63.497133,94.242257,-25.221847,0.902186,-0.426124,-0.066921,81.074788,-64.446916,0.426124,-0.902186,0.066921,-81.074788,64.446916,-0.426124,0.902186,0.066921,-94.242257,25.221847,-0.902186,0.426124,-0.066921,,,
48,2026-04-21,15:31:48.78,1,5,"Stabley, Thomas",1000146615,Right,MAI_BLA,"Hendrickson, Carter",830138,Right,BOC_EAG,Undefined,2,Bottom,0,3,1,Slider,Slider,InPlay,Undefined,GroundBall,Out,1,0,,82.75255,0.447489,-1.731702,2187.192651,131.16483,10:15,5.34727,1.84898,6.3091,-32.52305,7.6902,-7.34882,3.04944,-0.35914,75.70706,-5.63814,-3.060048,0.456411,84.84645,-34.123686,-42.734221,,,,,6.15354,6.15354,-27.050037,0.044509,3.34725,4.24067,-1.71862,50,5.36448,3.90305,-120.2576,-0.01727,4.88581,24.03043,-25.98418,BOC_EAG,MAI_BLA,HarringtonVillage,D1,ACC,20260421-HarringtonVillage-1,bdd1dc00-3db8-11f1-be13-814f369a648e,82.58446,3.11669,,7.04549,,,,2.10222,3.11669,0.3226,653c48cf-856e-4521-b1b6-52cd1878b7ca,2026-04-21,19:31:48.78,2026-04-21T15:31:48.7841280-04:00,2026-04-21T19:31:48.7841280Z,GroundBall,v3,227,471344,26593,"DeAndrade, Nolan",1000437002,Right,MAI_BLA,11d2ff21-15be-4ea4-b2df-7bc0be6f2a4c,54.18993,-121.09195,12.01522,5.34942,0.88492,-12.99209,-1.85119,3.73342,2.4429,,2.10056,75.89831,,,,,,,,3.11823,-70.02333,,,,,,,,0.32413,-70.12092,,,,,,,,,,,,,,,,,,,,,,,,,,,,,,High,High,High,Estimated,Estimated,,,,198.072466,62.297706,1016.776632,0.464877,12:30,-0.899425,-0.137295,-0.414952,67.040518,-24.634942,79.236013,153.210148,-5.95969,0.448283,-0.103829,-0.887841,6.67017,-26.633601,0.103829,-0.448283,0.887841,-6.67017,26.633601,-0.103829,0.448283,0.887841,-153.210148,5.95969,-0.448283,0.103829,-0.887841,76.83821,15.00439,-17.84745
49,2026-04-21,15:32:26.35,2,1,"Stabley, Thomas",1000146615,Right,MAI_BLA,"Gallo, Luke",828057,Right,BOC_EAG,Undefined,2,Bottom,1,0,0,Cutter,Slider,StrikeCalled,Undefined,Undefined,Undefined,0,0,,83.83685,-0.803709,-2.053967,2163.707137,140.439627,10:45,5.31776,1.75263,6.33785,-29.11305,10.06906,-7.28733,2.15117,-0.74654,76.74621,-6.259941,-3.371804,0.450521,,,,,,,,,,,,3.18563,5.86886,-1.6,50,5.2456,4.6432,-121.76716,-2.5603,4.76819,24.59994,-23.38968,BOC_EAG,MAI_BLA,HarringtonVillage,D1,ACC,20260421-HarringtonVillage-1,d4350f80-3db8-11f1-be13-814f369a648e,83.66402,,,7.09064,,,,,,,653c48cf-856e-4521-b1b6-52cd1878b7ca,2026-04-21,19:32:26.35,2026-04-21T15:32:26.3550976-04:00,2026-04-21T19:32:26.3550976Z,,v3,227,471344,26593,"DeAndrade, Nolan",1000437002,Right,MAI_BLA,697dbac2-4f92-43d1-86ff-d5c01c06d66f,54.15904,-122.60451,12.29997,5.3192,-1.76414,-11.69484,-1.75529,4.4809,2.38409,,,,,,,,,,,,,,,,,,,,,,,,,,,,,,,,,,,,,,,,,,,,,,,,,,,High,High,High,,,,,,203.484384,61.599866,1029.115931,0.475626,12:45,-0.891974,-0.201857,-0.40452,66.874652,-17.151929,78.554045,151.409704,-4.234073,0.477237,-0.073831,-0.875668,4.819453,-28.505107,0.073831,-0.477237,0.875668,-4.819453,28.505107,-0.073831,0.477237,0.875668,-151.409704,4.234073,-0.477237,0.073831,-0.875668,,,
50,2026-04-21,15:32:45.09,2,2,"Stabley, Thomas",1000146615,Right,MAI_BLA,"Gallo, Luke",828057,Right,BOC_EAG,Undefined,2,Bottom,1,0,1,Cutter,Slider,FoulBallNotFieldable,Undefined,Undefined,Undefined,0,0,,82.75448,0.323804,-1.953056,2161.479253,148.836021,11:00,5.3075,1.87017,6.50586,-34.62569,5.2726,-2.43051,2.71938,-0.1255,75.76892,-6.160635,-2.394167,0.45462,63.98058,49.29007,111.272899,4589.431754,,,,,23.06711,,,0.71532,3.05874,-1.73278,50,5.31523,4.18902,-120.27768,-0.32377,1.04516,23.89644,-27.70498,BOC_EAG,MAI_BLA,HarringtonVillage,D1,ACC,20260421-HarringtonVillage-1,df5df6b0-3db8-11f1-be13-814f369a648e,82.90977,26.82129,,6.98555,,,,-0.13418,2.68146,0.06356,653c48cf-856e-4521-b1b6-52cd1878b7ca,2026-04-21,19:32:45.09,2026-04-21T15:32:45.0920448-04:00,2026-04-21T19:32:45.0920448Z,,v3,227,471344,26593,"DeAndrade, Nolan",1000437002,Right,MAI_BLA,4857b179-2ce5-4888-8b9e-3cc325d55d8b,53.99242,-121.06829,11.94822,5.31078,0.59283,-13.85249,-1.8708,4.15444,0.52258,,-0.1276,-22.43146,-3.66564,,,,,,,2.69068,70.81749,-24.35855,,,,,,,0.07095,56.78243,-9.30467,,,,,,,,,,,,,,,,,,,,,,,,,,,,,High,High,High,High,Undefined,,,,194.871463,60.3692,1068.655225,0.494409,12:30,-0.885713,-0.121976,-0.447923,62.903566,-12.807942,79.716213,158.230242,-3.024424,0.370361,-0.052762,-0.927388,3.256203,-21.73789,0.052762,-0.370361,0.927388,-3.256203,21.73789,-0.052762,0.370361,0.927388,-158.230242,3.024424,-0.370361,0.052762,-0.927388,65.42402,-6.49628,15.64492
51,2026-04-21,15:33:07.34,2,3,"Stabley, Thomas",1000146615,Right,MAI_BLA,"Gallo, Luke",828057,Right,BOC_EAG,Undefined,2,Bottom,1,0,2,Cutter,Slider,BallCalled,Undefined,Undefined,Undefined,0,0,,81.41819,-1.713573,-3.493688,2252.487625,130.005602,10:15,5.19895,1.97498,6.47393,-33.69226,8.43902,-8.21382,0.81425,-1.9218,73.67254,-8.028041,-4.980031,0.467169,,,,,,,,,,,,3.11032,5.45764,-1.72548,50,5.06352,7.49565,-117.93077,-4.47527,4.28914,26.78018,-24.64796,BOC_EAG,MAI_BLA,HarringtonVillage,D1,ACC,20260421-HarringtonVillage-1,eca3a360-3db8-11f1-be13-814f369a648e,80.68269,,,7.74566,,,,,,,653c48cf-856e-4521-b1b6-52cd1878b7ca,2026-04-21,19:33:07.34,2026-04-21T15:33:07.3474048-04:00,2026-04-21T19:33:07.3474048Z,,v3,227,471344,26593,"DeAndrade, Nolan",1000437002,Right,MAI_BLA,f58c8a9e-fa0f-44f2-9738-ba3bb0188618,54.022,-118.84059,13.39009,5.20134,-3.63788,-12.32398,-1.97766,7.34993,2.14457,,,,,,,,,,,,,,,,,,,,,,,,,,,,,,,,,,,,,,,,,,,,,,,,,,,High,High,High,,,,,,171.117315,74.488093,602.402183,0.267439,11:45,-0.978688,0.012463,-0.204972,-67.2974,56.317492,-16.712111,149.467499,-46.333549,0.350772,-0.723372,-0.594721,50.57463,-20.53453,0.723372,-0.350772,0.594721,-50.57463,20.53453,-0.723372,0.350772,0.594721,-149.467499,46.333549,-0.350772,0.723372,-0.594721,,,
52,2026-04-21,15:33:28.66,2,4,"Stabley, Thomas",1000146615,Right,MAI_BLA,"Gallo, Luke",828057,Right,BOC_EAG,Undefined,2,Bottom,1,1,2,Cutter,Slider,BallCalled,Undefined,Undefined,Undefined,0,0,,80.51695,-1.488711,-2.77733,2220.962936,167.574926,11:30,5.18816,1.84581,6.38563,-27.91694,15.50465,-3.04059,1.49043,-0.96433,72.15607,-6.803573,-3.327187,0.474269,,,,,,,,,,,,0.58654,9.09654,-1.64467,50,5.06826,5.76882,-116.58403,-3.75885,0.78628,27.22783,-19.97983,BOC_EAG,MAI_BLA,HarringtonVillage,D1,ACC,20260421-HarringtonVillage-1,f95e0000-3db8-11f1-be13-814f369a648e,79.47487,,,8.36088,,,,,,,653c48cf-856e-4521-b1b6-52cd1878b7ca,2026-04-21,19:33:28.66,2026-04-21T15:33:28.6664192-04:00,2026-04-21T19:33:28.6664192Z,,v3,227,471344,26593,"DeAndrade, Nolan",1000437002,Right,MAI_BLA,a95b8e8f-b348-4388-adf9-b25a6b98f50d,54.10705,-117.5393,13.61392,5.18784,-3.05787,-9.98992,-1.84658,5.74123,0.39314,,,,,,,,,,,,,,,,,,,,,,,,,,,,,,,,,,,,,,,,,,,,,,,,,,,High,High,High,,,,,,171.857453,72.278267,676.048668,0.304394,11:45,-0.966825,0.018352,-0.254778,-57.163362,60.331871,1.104353,152.41002,-56.224212,0.257481,-0.831219,-0.492725,59.341657,-14.920626,0.831219,-0.257481,0.492725,-59.341657,14.920626,-0.831219,0.257481,0.492725,-152.41002,56.224212,-0.257481,0.831219,-0.492725,,,
53,2026-04-21,15:33:48.85,2,5,"Stabley, Thomas",1000146615,Right,MAI_BLA,"Gallo, Luke",828057,Right,BOC_EAG,Undefined,2,Bottom,1,2,2,Sinker,Sinker,BallCalled,Undefined,Undefined,Undefined,0,0,,87.45951,-2.47856,-4.761413,2014.812226,243.822254,2:15,5.2322,1.71896,6.87899,-28.17667,8.35103,13.88158,0.61632,-1.47309,77.78961,-7.854934,-2.231705,0.434993,,,,,,,,,,,,-9.16863,5.80898,-1.42086,50,5.0649,10.01079,-126.38878,-6.25367,-14.32334,33.96197,-23.09916,BOC_EAG,MAI_BLA,HarringtonVillage,D1,ACC,20260421-HarringtonVillage-1,0559eea0-3db9-11f1-be13-814f369a648e,86.65062,,,9.6699,,,,,,,653c48cf-856e-4521-b1b6-52cd1878b7ca,2026-04-21,19:33:48.85,2026-04-21T15:33:48.8591872-04:00,2026-04-21T19:33:48.8591872Z,,v3,227,471344,26593,"DeAndrade, Nolan",1000437002,Right,MAI_BLA,0137f720-868b-4dc7-ba83-252b4cdf3a85,53.61608,-127.35676,16.98098,5.23375,-5.59531,-11.54958,-1.712,10.41903,-7.16167,,,,,,,,,,,,,,,,,,,,,,,,,,,,,,,,,,,,,,,,,,,,,,,,,,,High,High,High,,,,,,222.500301,14.776193,1948.181265,0.966929,1:30,-0.284948,-0.66367,-0.691626,-56.091971,-30.57578,66.209119,97.739911,-10.701393,0.973656,-0.185691,-0.132334,54.524047,-76.819448,0.185691,-0.973656,0.132334,-54.524047,76.819448,-0.185691,0.973656,0.132334,-97.739911,10.701393,-0.973656,0.185691,-0.132334,,,
54,2026-04-21,15:34:09.83,2,6,"Stabley, Thomas",1000146615,Right,MAI_BLA,"Gallo, Luke",828057,Right,BOC_EAG,Undefined,2,Bottom,1,3,2,Cutter,Slider,BallCalled,Walk,Undefined,Undefined,0,0,,82.12468,0.976776,-0.683826,2147.07002,144.158102,10:45,5.34636,1.86349,6.25295,-33.25994,7.59874,-4.56441,3.47561,0.85248,75.09491,-5.246602,-1.508605,0.460059,,,,,,,,,,,,2.15945,4.08209,-1.81067,50,5.40277,1.59716,-119.34197,1.04231,3.1106,23.22725,-26.29399,BOC_EAG,MAI_BLA,HarringtonVillage,D1,ACC,20260421-HarringtonVillage-1,11e39e50-3db9-11f1-be13-814f369a648e,81.9295,,,7.02977,,,,,,,653c48cf-856e-4521-b1b6-52cd1878b7ca,2026-04-21,19:34:09.83,2026-04-21T15:34:09.8366976-04:00,2026-04-21T19:34:09.8366976Z,,v3,227,471344,26593,"DeAndrade, Nolan",1000437002,Right,MAI_BLA,e7f3a01d-9ee0-409d-8018-789fe7a59bba,54.24391,-120.16511,11.61363,5.34931,1.97413,-13.14699,-1.86532,1.48693,1.5553,,,,,,,,,,,,,,,,,,,,,,,,,,,,,,,,,,,,,,,,,,,,,,,,,,,High,High,High,,,,,,189.610958,65.51738,889.782727,0.414417,12:15,-0.915946,-0.053666,-0.397697,66.007372,-16.935885,73.734386,155.653593,-4.91113,0.410739,-0.08561,-0.907725,5.387813,-24.251261,0.08561,-0.410739,0.907725,-5.387813,24.251261,-0.08561,0.410739,0.907725,-155.653593,4.91113,-0.410739,0.08561,-0.907725,,,
55,2026-04-21,15:34:50.42,3,1,"Stabley, Thomas",1000146615,Right,MAI_BLA,"Wolff, Kyle",813479,Right,BOC_EAG,Undefined,2,Bottom,1,0,0,Fastball,Changeup,StrikeCalled,Undefined,Undefined,Undefined,0,0,,87.31064,-1.797959,-3.388549,1994.435354,219.240695,1:15,5.41411,1.83308,6.86403,-20.42021,15.90867,11.80418,2.07016,-0.27554,77.863,-5.770078,-1.234848,0.433808,,,,,,,,,,,,-7.40079,9.47729,-1.62046,50,5.2919,7.03292,-126.44721,-4.45329,-11.65193,32.4041,-17.25283,BOC_EAG,MAI_BLA,HarringtonVillage,D1,ACC,20260421-HarringtonVillage-1,2a106e40-3db9-11f1-be13-814f369a648e,86.88745,,,9.44765,,,,,,,653c48cf-856e-4521-b1b6-52cd1878b7ca,2026-04-21,19:34:50.42,2026-04-21T15:34:50.4210432-04:00,2026-04-21T19:34:50.4210432Z,,v3,227,471344,26593,"DeAndrade, Nolan",1000437002,Right,MAI_BLA,ce4c8beb-95e0-455f-89d1-167db05cc008,53.62892,-127.37378,16.20205,5.41219,-3.95996,-8.62641,-1.82633,7.3661,-5.82596,,,,,,,,,,,,,,,,,,,,,,,,,,,,,,,,,,,,,,,,,,,,,,,,,,,High,High,High,,,,,,221.272283,17.98634,1896.967628,0.95113,1:30,-0.330701,-0.636781,-0.696525,-66.92119,-20.38547,63.371903,99.248965,-22.014474,0.915036,-0.374841,-0.149006,68.321262,-66.210891,0.374841,-0.915036,0.149006,-68.321262,66.210891,-0.374841,0.915036,0.149006,-99.248965,22.014474,-0.915036,0.374841,-0.149006,,,
56,2026-04-21,15:35:33.19,3,2,"Stabley, Thomas",1000146615,Right,MAI_BLA,"Wolff, Kyle",813479,Right,BOC_EAG,Undefined,2,Bottom,1,0,1,Cutter,Slider,StrikeCalled,Undefined,Undefined,Undefined,0,0,,83.83629,-1.022433,-3.072463,2267.539295,181.134857,12:00,5.31143,1.89798,6.35595,-27.78517,11.70694,0.205,2.05352,-0.91548,76.15237,-6.259178,-3.035419,0.4523,,,,,,,,,,,,-1.05406,6.82272,-1.67528,50,5.22434,6.51824,-121.58112,-2.96384,-1.56135,26.15103,-22.06781,BOC_EAG,MAI_BLA,HarringtonVillage,D1,ACC,20260421-HarringtonVillage-1,4394def0-3db9-11f1-be13-814f369a648e,83.33507,,,7.68392,,,,,,,653c48cf-856e-4521-b1b6-52cd1878b7ca,2026-04-21,19:35:33.19,2026-04-21T15:35:33.1913728-04:00,2026-04-21T19:35:33.1913728Z,,v3,227,471344,26593,"DeAndrade, Nolan",1000437002,Right,MAI_BLA,6bce6a78-1c4d-4549-a64c-0d01ea9d3851,54.14014,-122.46838,13.07551,5.3122,-2.21511,-11.0339,-1.89734,6.57121,-0.78068,,,,,,,,,,,,,,,,,,,,,,,,,,,,,,,,,,,,,,,,,,,,,,,,,,,High,High,High,,,,,,200.646419,61.33066,1087.861181,0.479754,12:45,-0.897051,-0.184791,-0.401438,-70.830263,16.77358,-89.072487,163.819009,1.197026,0.278612,0.020891,-0.960177,1.246385,16.177363,0.020891,0.278612,0.960177,-1.246385,-16.177363,-0.020891,-0.278612,0.960177,-163.819009,-1.197026,-0.278612,-0.020891,-0.960177,,,
57,2026-04-21,15:35:57.76,3,3,"Stabley, Thomas",1000146615,Right,MAI_BLA,"Wolff, Kyle",813479,Right,BOC_EAG,Undefined,2,Bottom,1,0,2,Fastball,Sinker,StrikeSwinging,Strikeout,Undefined,Undefined,0,0,,88.21903,0.826585,-2.691793,2167.125782,224.4227,1:30,5.49898,1.87164,6.66811,-21.00903,14.67095,13.0343,4.50538,0.49321,78.67321,-3.244321,-0.321365,0.429916,,,,,,,,,,,,-7.70556,7.80493,-1.6952,50,5.54582,5.48933,-127.87932,1.3141,-12.45067,32.32492,-19.56276,BOC_EAG,MAI_BLA,HarringtonVillage,D1,ACC,20260421-HarringtonVillage-1,522f1f20-3db9-11f1-be13-814f369a648e,87.67395,,,9.54582,,,,,,,653c48cf-856e-4521-b1b6-52cd1878b7ca,2026-04-21,19:35:57.76,2026-04-21T15:35:57.7617920-04:00,2026-04-21T19:35:57.7617920Z,,v3,227,471344,26593,"DeAndrade, Nolan",1000437002,Right,MAI_BLA,1ad57bcc-b2cf-453d-afcc-8cfb8ed2e058,53.82498,-128.84256,16.16246,5.49798,1.89705,-9.78138,-1.8643,5.86034,-6.22533,,,,,,,,,,,,,,,,,,,,,,,,,,,,,,,,,,,,,,,,,,,,,,,,,,,High,High,High,,,,,,212.03184,38.543744,1694.979833,0.782133,1:00,-0.659477,-0.405803,-0.632783,-74.166659,27.70895,-10.030988,163.190162,-41.123203,0.217851,-0.65768,-0.721109,42.366087,-12.582822,0.65768,-0.217851,0.721109,-42.366087,12.582822,-0.65768,0.217851,0.721109,-163.190162,41.123203,-0.217851,0.65768,-0.721109,,,
58,2026-04-21,15:36:55.45,4,1,"Stabley, Thomas",1000146615,Right,MAI_BLA,"Roossien, Jace",831501,Left,BOC_EAG,Undefined,2,Bottom,2,0,0,Fastball,Changeup,FoulBallNotFieldable,Undefined,Undefined,Undefined,0,0,,86.96153,-1.809837,-2.411749,2017.169889,212.306908,1:00,5.412,1.82627,6.69152,-19.6958,16.60591,9.68193,2.11353,0.4262,78.63569,-5.607616,-0.648878,0.433646,73.99611,62.794445,-94.552112,4250.380284,,,,,10.55967,,,-5.89024,9.72363,-1.66907,50,5.28334,4.95867,-126.21117,-4.47748,-9.36798,29.04311,-16.70941,BOC_EAG,MAI_BLA,HarringtonVillage,D1,ACC,20260421-HarringtonVillage-1,74932340-3db9-11f1-be13-814f369a648e,86.91988,20.31616,,8.32584,,,,2.11695,2.05066,-0.38021,653c48cf-856e-4521-b1b6-52cd1878b7ca,2026-04-21,19:36:55.45,2026-04-21T15:36:55.4599424-04:00,2026-04-21T19:36:55.4599424Z,,v3,227,471344,26593,"DeAndrade, Nolan",1000437002,Right,MAI_BLA,07b019af-3c52-49b9-a193-cbbaad36df8a,53.80584,-127.08393,14.52155,5.41035,-3.97535,-8.3547,-1.82232,5.24019,-4.68399,24.751368,2.1177,-3.98767,-8.43258,,,,,,,2.05082,96.51106,-23.93635,,,,,,,-0.37928,-49.52179,-6.95637,,,,,,,,,,,,,,,,,,,,,,,,,,,,,High,High,High,High,Undefined,,,,220.284842,21.50728,1876.716348,0.930371,1:15,-0.376995,-0.612845,-0.694475,-66.101354,-19.340049,58.389592,100.524714,-22.421121,0.908853,-0.381411,-0.168852,66.120923,-65.34739,0.381411,-0.908853,0.168852,-66.120923,65.34739,-0.381411,0.908853,0.168852,-100.524714,22.421121,-0.908853,0.381411,-0.168852,,,
59,2026-04-21,15:37:20.88,4,2,"Stabley, Thomas",1000146615,Right,MAI_BLA,"Roossien, Jace",831501,Left,BOC_EAG,Undefined,2,Bottom,2,0,1,Sinker,Changeup,StrikeCalled,Undefined,Undefined,Undefined,0,0,,86.69258,-1.953446,-3.842483,1997.09055,241.396626,2:00,5.29957,2.00089,6.90729,-24.24403,12.49552,20.24682,1.49543,0.1833,77.52216,-6.620702,-0.144226,0.436253,,,,,,,,,,,,-12.04938,7.75008,-1.76458,50,5.16801,7.68075,-125.57033,-4.9034,-18.73597,31.61997,-20.12321,BOC_EAG,MAI_BLA,HarringtonVillage,D1,ACC,20260421-HarringtonVillage-1,83bd2050-3db9-11f1-be13-814f369a648e,86.40045,,,9.17043,,,,,,,653c48cf-856e-4521-b1b6-52cd1878b7ca,2026-04-21,19:37:20.88,2026-04-21T15:37:20.8814080-04:00,2026-04-21T19:37:20.8814080Z,,v3,227,471344,26593,"DeAndrade, Nolan",1000437002,Right,MAI_BLA,c053a03e-4fb1-4139-97b0-48cf5930e197,53.58848,-126.47072,15.80998,5.29948,-4.33038,-10.0616,-1.99089,8.21426,-9.36799,,,,,,,,,,,,,,,,,,,,,,,,,,,,,,,,,,,,,,,,,,,,,,,,,,,High,High,High,,,,,,222.635716,17.8893,1900.534794,0.951652,1:30,-0.331304,-0.654683,-0.679432,-69.710959,-32.536948,69.86318,94.925401,-78.489925,0.198803,-0.97989,-0.017132,88.998351,-11.466995,0.97989,-0.198803,0.017132,-88.998351,11.466995,-0.97989,0.198803,0.017132,-94.925401,78.489925,-0.198803,0.97989,-0.017132,,,
60,2026-04-21,15:37:42.82,4,3,"Stabley, Thomas",1000146615,Right,MAI_BLA,"Roossien, Jace",831501,Left,BOC_EAG,Undefined,2,Bottom,2,0,2,Fastball,Four-Seam,FoulBallNotFieldable,Undefined,Undefined,Undefined,0,0,,87.53908,-1.593535,-3.445803,2091.269275,201.170793,12:45,5.37473,1.92782,6.81075,-18.0184,17.43229,6.2941,2.41619,-0.69556,79.68058,-5.074619,-2.29948,0.428532,81.0221,34.501231,42.16739,2763.522714,73.93546,58.32777,81.44596,290.04618,218.91903,55.958486,4.418719,-4.37366,10.0819,-1.70741,50,5.2647,7.42501,-127.05914,-3.96688,-7.10531,27.54738,-15.79532,BOC_EAG,MAI_BLA,HarringtonVillage,D1,ACC,20260421-HarringtonVillage-1,90d52d50-3db9-11f1-be13-814f369a648e,87.95702,65.32698,,7.85851,,,,2.39705,2.60907,0.71224,653c48cf-856e-4521-b1b6-52cd1878b7ca,2026-04-21,19:37:42.82,2026-04-21T15:37:42.8234752-04:00,2026-04-21T19:37:42.8234752Z,FlyBall,v3,227,471344,26593,"DeAndrade, Nolan",1000437002,Right,MAI_BLA,e3010da1-1da7-4112-b8e7-24b5b9b058f8,53.68771,-127.85617,13.77369,5.37286,-3.50988,-7.89766,-1.92521,7.63058,-3.55265,,2.39829,72.59885,-18.72655,5.8179,-2.4266,1.12709,-0.37639,0.06724,-0.00469,2.6179,67.09971,-19.85646,-0.14336,1.59537,-0.90125,0.26058,-0.03759,0.00212,0.72565,65.4113,-0.84181,-3.88031,3.38073,-1.64941,0.45402,-0.06438,0.00364,,,,,,,,,,,,,,,,,,,,,,,High,High,High,High,Medium,,,,222.259109,29.153326,1826.345617,0.873319,1:30,-0.508626,-0.600614,-0.616898,-77.550461,13.001085,-24.820611,175.722403,-27.996639,0.06586,-0.46942,-0.880515,28.062937,-3.776238,0.46942,-0.06586,0.880515,-28.062937,3.776238,-0.46942,0.06586,0.880515,-175.722403,27.996639,-0.06586,0.46942,-0.880515,71.36462,27.37944,22.09089
61,2026-04-21,15:38:15.90,4,4,"Stabley, Thomas",1000146615,Right,MAI_BLA,"Roossien, Jace",831501,Left,BOC_EAG,Undefined,2,Bottom,2,0,2,Fastball,Sinker,BallCalled,Undefined,Undefined,Undefined,0,0,,88.99558,0.485034,-2.598023,1970.398819,230.039151,1:45,5.43233,1.94616,6.8104,-23.48186,10.32847,11.15808,3.91854,0.50382,81.8642,-3.970373,-0.562796,0.418501,,,,,,,,,,,,-6.55843,5.66252,-1.78188,50,5.45475,5.45929,-129.45164,0.44898,-11.20986,25.18308,-22.49546,BOC_EAG,MAI_BLA,HarringtonVillage,D1,ACC,20260421-HarringtonVillage-1,a48045b0-3db9-11f1-be13-814f369a648e,90.0654,,,7.13138,,,,,,,653c48cf-856e-4521-b1b6-52cd1878b7ca,2026-04-21,19:38:15.90,2026-04-21T15:38:15.9005184-04:00,2026-04-21T19:38:15.9005184Z,,v3,227,471344,26593,"DeAndrade, Nolan",1000437002,Right,MAI_BLA,cc712993-1744-4ef6-9f7b-48e1861659a4,53.68861,-130.16723,12.59154,5.43291,1.0882,-11.24773,-1.94154,5.77783,-5.60493,,,,,,,,,,,,,,,,,,,,,,,,,,,,,,,,,,,,,,,,,,,,,,,,,,,High,High,High,,,,,,221.248245,26.968563,1756.128759,0.891255,1:15,-0.488363,-0.583765,-0.648629,-77.058922,14.766556,-13.834947,169.159063,-32.758158,0.158171,-0.541094,-0.825953,33.229397,-9.100735,0.541094,-0.158171,0.825953,-33.229397,9.100735,-0.541094,0.158171,0.825953,-169.159063,32.758158,-0.158171,0.541094,-0.825953,,,
62,2026-04-21,15:38:37.89,4,5,"Stabley, Thomas",1000146615,Right,MAI_BLA,"Roossien, Jace",831501,Left,BOC_EAG,Undefined,2,Bottom,2,1,2,Fastball,Sinker,StrikeSwinging,Strikeout,Undefined,Undefined,0,0,,87.76392,-1.412858,-2.593381,1926.605499,221.314404,1:30,5.3448,1.82703,6.7425,-18.51099,16.72674,13.68725,2.5098,0.59662,79.99755,-4.979089,-0.099211,0.427243,,,,,,,,,,,,-7.94544,9.58741,-1.66093,50,5.2443,5.26061,-127.49165,-3.59746,-13.02866,27.12302,-16.45296,BOC_EAG,MAI_BLA,HarringtonVillage,D1,ACC,20260421-HarringtonVillage-1,b1a43990-3db9-11f1-be13-814f369a648e,88.22239,,,7.76638,,,,,,,653c48cf-856e-4521-b1b6-52cd1878b7ca,2026-04-21,19:38:37.89,2026-04-21T15:38:37.8972672-04:00,2026-04-21T19:38:37.8972672Z,,v3,227,471344,26593,"DeAndrade, Nolan",1000437002,Right,MAI_BLA,ba63b98e-3fad-4bb0-8081-11cae7576285,53.75509,-128.28804,13.56151,5.34283,-3.11437,-8.22648,-1.82101,5.64316,-6.51433,,,,,,,,,,,,,,,,,,,,,,,,,,,,,,,,,,,,,,,,,,,,,,,,,,,High,High,High,,,,,,223.955622,20.74911,1801.647235,0.935141,1:30,-0.368278,-0.65762,-0.657196,-54.428302,-27.005284,67.964647,93.896312,-14.775286,0.964699,-0.255029,-0.065704,75.552814,-74.730678,0.255029,-0.964699,0.065704,-75.552814,74.730678,-0.255029,0.964699,0.065704,-93.896312,14.775286,-0.964699,0.255029,-0.065704,,,
63,2026-04-21,15:41:06.02,1,1,"Burnham, Jacob",831497,Left,BOC_EAG,"Carpenter, Troy",1000239627,Right,MAI_BLA,Undefined,3,Top,0,0,0,ChangeUp,Changeup,BallCalled,Undefined,Undefined,Undefined,0,0,,79.76391,-1.448246,1.841754,1282.153644,126.252743,10:15,5.60809,-1.87766,6.46665,-29.44006,13.13284,-16.22745,1.82365,-1.53781,73.85112,-6.965519,-1.10422,0.469611,,,,,,,,,,,,8.95689,7.63776,1.75443,50,5.49267,-3.17075,-116.01855,-3.72315,12.31689,19.89651,-21.67116,BOC_EAG,MAI_BLA,HarringtonVillage,D1,ACC,20260421-HarringtonVillage-1,09f971f0-3dba-11f1-be13-814f369a648e,80.26315,,,5.91279,,,,,,,653c48cf-856e-4521-b1b6-52cd1878b7ca,2026-04-21,19:41:06.02,2026-04-21T15:41:06.0233216-04:00,2026-04-21T19:41:06.0233216Z,,v3,227,471344,26593,"Roossien, Jace",831501,Right,BOC_EAG,e4c66264-6ecb-4d6d-ad4e-4f5d00c775df,54.03306,-116.70815,9.94825,5.60869,-2.97205,-10.83558,1.87173,-3.59764,6.15845,,,,,,,,,,,,,,,,,,,,,,,,,,,,,,,,,,,,,,,,,,,,,,,,,,,High,High,High,,,,,,123.147112,6.156515,1274.759007,0.994233,10:00,-0.110711,0.829464,-0.547478,35.848786,-48.437946,-78.297408,131.197923,-74.424429,0.202037,-0.963277,-0.176857,79.596411,-11.656084,0.963277,-0.202037,0.176857,-79.596411,11.656084,-0.963277,0.202037,0.176857,-131.197923,74.424429,-0.202037,0.963277,-0.176857,,,
64,2026-04-21,15:41:19.66,1,2,"Burnham, Jacob",831497,Left,BOC_EAG,"Carpenter, Troy",1000239627,Right,MAI_BLA,Undefined,3,Top,0,1,0,ChangeUp,Changeup,StrikeCalled,Undefined,Undefined,Undefined,0,0,,79.02242,-1.194465,2.969396,1231.309835,116.725185,10:00,5.60262,-1.90142,6.29971,-33.75136,9.78579,-17.02843,1.68784,-0.58213,73.46181,-7.463488,-0.109986,0.474899,,,,,,,,,,,,9.6204,5.75823,1.6913,50,5.49834,-5.37583,-114.89495,-3.35053,13.02806,18.67802,-24.37619,BOC_EAG,MAI_BLA,HarringtonVillage,D1,ACC,20260421-HarringtonVillage-1,121407b0-3dba-11f1-be13-814f369a648e,79.36935,,,5.56062,,,,,,,653c48cf-856e-4521-b1b6-52cd1878b7ca,2026-04-21,19:41:19.66,2026-04-21T15:41:19.6619776-04:00,2026-04-21T19:41:19.6619776Z,,v3,227,471344,26593,"Roossien, Jace",831501,Right,BOC_EAG,8eb73220-bcd5-42a5-9dc4-57d9711c8645,54.20154,-115.57596,9.33901,5.6043,-2.46176,-12.18809,1.89596,-5.85084,6.51403,,,,,,,,,,,,,,,,,,,,,,,,,,,,,,,,,,,,,,,,,,,,,,,,,,,High,High,High,,,,,,118.770368,-0.715099,1231.213935,0.999922,10:00,0.019145,0.876557,-0.480917,47.44517,-43.501471,-84.296148,109.46625,-74.227961,0.256273,-0.962351,-0.090581,84.622874,-14.849052,0.962351,-0.256273,0.090581,-84.622874,14.849052,-0.962351,0.256273,0.090581,-109.46625,74.227961,-0.256273,0.962351,-0.090581,,,
65,2026-04-21,15:41:34.69,1,3,"Burnham, Jacob",831497,Left,BOC_EAG,"Carpenter, Troy",1000239627,Right,MAI_BLA,Undefined,3,Top,0,1,1,Fastball,Four-Seam,InPlay,Undefined,FlyBall,HomeRun,0,1,,86.32349,-2.992532,2.84351,1972.067283,145.558959,10:45,5.91377,-1.81346,5.88847,-18.25706,19.10981,-12.32438,1.60772,-0.19802,79.52497,-6.433704,0.634255,0.439962,102.60661,26.744394,14.088173,3642.206143,103.84472,53.03869,36.28002,368.80171,311.2554,33.705391,5.167362,7.08118,10.92949,1.5914,50,5.66157,-5.7278,-125.21535,-7.0841,11.32307,23.58592,-14.69741,BOC_EAG,MAI_BLA,HarringtonVillage,D1,ACC,20260421-HarringtonVillage-1,1b0611b0-3dba-11f1-be13-814f369a648e,85.67211,80.19505,,6.79853,,,,1.41255,1.65772,0.21627,653c48cf-856e-4521-b1b6-52cd1878b7ca,2026-04-21,19:41:34.69,2026-04-21T15:41:34.6928128-04:00,2026-04-21T19:41:34.6928128Z,FlyBall,v3,227,471344,26593,"Roossien, Jace",831501,Right,BOC_EAG,e89c5525-3b36-4f96-a269-bd01ab9c486c,54.6114,-126.08097,11.79296,5.91166,-6.54469,-7.3487,1.80924,-6.14337,5.66154,221.228123,1.41336,130.33086,-31.03369,7.06209,-1.4173,0.25534,-0.04222,0.00504,-0.00027,1.65988,67.67816,-15.1962,-0.13572,0.3784,-0.15702,0.03893,-0.00486,0.00023,0.21638,32.7163,6.94257,-2.92989,0.72838,-0.12511,0.01542,-0.00121,4E-05,,,,,,,,,,,,,,,,,,,,,,,High,High,High,High,Medium,,,,139.276671,-23.429345,1809.472509,0.917551,10:45,0.399871,0.618558,-0.676379,16.219968,-45.73138,58.189405,178.230998,-16.954515,0.029528,-0.291612,-0.956081,16.962136,-1.692093,0.291612,-0.029528,0.956081,-16.962136,1.692093,-0.291612,0.029528,0.956081,-178.230998,16.954515,-0.029528,0.291612,-0.956081,76.44463,12.89756,-0.85533
66,2026-04-21,15:42:19.19,2,1,"Burnham, Jacob",831497,Left,BOC_EAG,"Stevens, Julian",1000253292,Right,MAI_BLA,Undefined,3,Top,0,0,0,Slider,Slider,FoulBallNotFieldable,Undefined,Undefined,Undefined,0,0,,78.29011,-0.391949,1.832626,2343.84727,241.432466,2:00,5.65284,-2.00967,5.50552,-42.89943,3.0237,3.11232,1.71114,-0.03581,72.55478,-8.208922,2.38759,0.487739,93.03264,-4.557803,-50.1292,,,,,23.65207,20.33702,-46.681124,0.166117,-1.11228,1.98929,1.84745,50,5.58938,-3.75661,-113.74789,-2.18554,-1.46715,19.54394,-29.55014,BOC_EAG,MAI_BLA,HarringtonVillage,D1,ACC,20260421-HarringtonVillage-1,35922e60-3dba-11f1-be13-814f369a648e,77.27999,1.80289,,5.73533,,,,1.72838,1.80289,0.14977,653c48cf-856e-4521-b1b6-52cd1878b7ca,2026-04-21,19:42:19.19,2026-04-21T15:42:19.1966720-04:00,2026-04-21T19:42:19.1966720Z,GroundBall,v3,227,471344,26593,"Roossien, Jace",831501,Right,BOC_EAG,c8ac6a79-0733-4da3-af5c-834ae659c1c7,54.99511,-114.60292,9.77197,5.65672,-0.89274,-14.77507,2.0104,-3.69242,-0.73358,180,1.72615,87.27784,,,,,,,,1.80317,-10.85317,,,,,,,,0.15244,-104.4913,,,,,,,,,,,,,,,,,,,,,,,,,,,,,,High,High,High,High,High,,,,306.161216,-84.555224,222.399003,0.094886,4:15,0.993689,-0.069796,0.087812,17.98308,-53.008181,-51.039243,145.284057,32.796841,0.478727,0.541662,-0.690958,38.093911,28.60227,0.541662,0.478727,0.690958,-38.093911,-28.60227,-0.541662,-0.478727,0.690958,-145.284057,-32.796841,-0.478727,-0.541662,-0.690958,84.82914,14.85193,-14.97358
67,2026-04-21,15:42:38.68,2,2,"Burnham, Jacob",831497,Left,BOC_EAG,"Stevens, Julian",1000253292,Right,MAI_BLA,Undefined,3,Top,0,0,1,Fastball,Four-Seam,FoulBallNotFieldable,Undefined,Undefined,Undefined,0,0,,85.87472,-0.703619,1.770893,2081.892837,146.410612,11:00,5.93832,-1.73021,5.95519,-20.086,18.34749,-11.23914,3.61163,-1.024,77.15713,-4.552966,-0.247908,0.446196,79.44885,61.98262,80.295355,4771.832713,,,,,62.96217,,,6.33217,10.04182,1.5957,50,5.87134,-3.38528,-124.4916,-2.08693,9.75842,29.18975,-16.69872,BOC_EAG,MAI_BLA,HarringtonVillage,D1,ACC,20260421-HarringtonVillage-1,4129dcf0-3dba-11f1-be13-814f369a648e,84.47498,94.31765,,8.7176,,,,0.54979,3.54202,1.02801,653c48cf-856e-4521-b1b6-52cd1878b7ca,2026-04-21,19:42:38.68,2026-04-21T15:42:38.6817024-04:00,2026-04-21T19:42:38.6817024Z,,v3,227,471344,26593,"Roossien, Jace",831501,Right,BOC_EAG,7e315dfc-c435-4df7-ac99-dc06b241cbdb,54.54006,-125.5516,14.59488,5.93612,-1.48053,-8.34936,1.72506,-3.73965,4.87921,,0.54981,9.2216,-11.28492,2.83161,1.74064,-3.90947,3.5276,-1.60266,0.2927,3.54203,102.86814,-29.19179,3.60649,-0.52406,-0.17808,0.25183,-0.12104,0.02199,1.028,53.95364,-5.06524,0.7077,-0.39957,0.55841,-0.48344,0.21844,-0.04013,,,,,,,,,,,,,,,,,,,,,,,High,High,High,Low,Undefined,,,,140.996284,-25.206424,1883.653559,0.904779,10:45,0.440384,0.574629,-0.689829,24.090469,-45.122178,38.077503,179.640273,-13.672484,0.0061,-0.236372,-0.971644,13.672743,-0.349533,0.236372,-0.0061,0.971644,-13.672743,0.349533,-0.236372,0.0061,0.971644,-179.640273,13.672484,-0.0061,0.236372,-0.971644,,,
68,2026-04-21,15:42:58.70,2,3,"Burnham, Jacob",831497,Left,BOC_EAG,"Stevens, Julian",1000253292,Right,MAI_BLA,Undefined,3,Top,0,0,2,ChangeUp,Changeup,BallCalled,Undefined,Undefined,Undefined,0,0,,80.88624,-1.425726,1.278931,1430.227269,103.009012,9:30,5.5254,-2.07679,6.12428,-38.02376,4.12063,-12.34953,1.03818,-1.92345,74.7474,-8.443421,-0.951879,0.467241,,,,,,,,,,,,6.76359,2.88378,1.9854,50,5.39641,-2.17812,-117.59268,-4.09053,9.49892,21.674,-28.12397,BOC_EAG,MAI_BLA,HarringtonVillage,D1,ACC,20260421-HarringtonVillage-1,4d204d50-3dba-11f1-be13-814f369a648e,80.67018,,,6.13884,,,,,,,653c48cf-856e-4521-b1b6-52cd1878b7ca,2026-04-21,19:42:58.70,2026-04-21T15:42:58.7046912-04:00,2026-04-21T19:42:58.7046912Z,,v3,227,471344,26593,"Roossien, Jace",831501,Right,BOC_EAG,0dd7eaa0-3f6e-4161-bdb7-6dbfd2e40b52,54.37617,-118.39652,10.837,5.52877,-3.04747,-14.06199,2.07271,-2.53041,4.74946,,,,,,,,,,,,,,,,,,,,,,,,,,,,,,,,,,,,,,,,,,,,,,,,,,,High,High,High,,,,,,115.757914,-8.385054,1414.938719,0.98931,9:45,0.133176,0.894363,-0.427058,65.91053,-35.190819,-86.566156,96.170417,-12.902858,0.969103,-0.223299,-0.104772,64.863977,-75.720242,0.223299,-0.969103,0.104772,-64.863977,75.720242,-0.223299,0.969103,0.104772,-96.170417,12.902858,-0.969103,0.223299,-0.104772,,,
69,2026-04-21,15:43:12.76,2,4,"Burnham, Jacob",831497,Left,BOC_EAG,"Stevens, Julian",1000253292,Right,MAI_BLA,Undefined,3,Top,0,1,2,ChangeUp,Changeup,BallCalled,Undefined,Undefined,Undefined,0,0,,80.75763,-1.967795,2.162501,1547.465658,112.06401,9:45,5.57739,-1.89247,6.187,-34.47069,8.09788,-16.5141,0.8859,-1.271,73.99403,-8.374635,-0.821982,0.469587,,,,,,,,,,,,9.18638,5.19713,1.73746,50,5.41154,-3.82054,-117.22851,-5.05027,12.7191,23.2041,-24.97831,BOC_EAG,MAI_BLA,HarringtonVillage,D1,ACC,20260421-HarringtonVillage-1,558a1480-3dba-11f1-be13-814f369a648e,80.26725,,,6.7636,,,,,,,653c48cf-856e-4521-b1b6-52cd1878b7ca,2026-04-21,19:43:12.76,2026-04-21T15:43:12.7652864-04:00,2026-04-21T19:43:12.7652864Z,,v3,227,471344,26593,"Roossien, Jace",831501,Right,BOC_EAG,df151100-b1a8-4b28-a2fe-5b4d36dd86d1,54.3118,-118.0789,11.60205,5.57985,-4.13486,-12.48916,1.88601,-4.28667,6.35955,,,,,,,,,,,,,,,,,,,,,,,,,,,,,,,,,,,,,,,,,,,,,,,,,,,High,High,High,,,,,,120.843201,-17.307848,1477.396503,0.95472,10:00,0.287462,0.82943,-0.47897,64.027343,-34.539187,-85.45374,107.275708,-12.086526,0.933719,-0.209389,-0.290387,35.794149,-69.022221,0.209389,-0.933719,0.290387,-35.794149,69.022221,-0.209389,0.933719,0.290387,-107.275708,12.086526,-0.933719,0.209389,-0.290387,,,
70,2026-04-21,15:43:28.25,2,5,"Burnham, Jacob",831497,Left,BOC_EAG,"Stevens, Julian",1000253292,Right,MAI_BLA,Undefined,3,Top,0,2,2,Slider,Slider,InPlay,Undefined,GroundBall,Out,1,0,,76.19891,1.289023,0.842441,2370.270235,292.570984,3:45,5.63695,-2.05823,5.66559,-51.45227,-2.43232,9.86965,2.55152,-0.45019,69.38458,-8.154568,2.608158,0.503916,94.57549,-18.505214,-38.711559,,,,,8.67683,8.21206,-29.982396,0.05913,-4.75961,-1.17441,1.98063,50,5.71339,-1.99207,-110.56907,0.85306,-5.82,21.97015,-33.61009,BOC_EAG,MAI_BLA,HarringtonVillage,D1,ACC,20260421-HarringtonVillage-1,5ebb4a60-3dba-11f1-be13-814f369a648e,74.79912,2.60834,,6.81434,,,,1.43466,2.60834,0.53773,653c48cf-856e-4521-b1b6-52cd1878b7ca,2026-04-21,19:43:28.25,2026-04-21T15:43:28.2576896-04:00,2026-04-21T19:43:28.2576896Z,GroundBall,v3,227,471344,26593,"Roossien, Jace",831501,Right,BOC_EAG,220d2f22-64dc-44a2-b828-312760b5fda7,54.83359,-111.52537,10.98508,5.64441,2.31601,-16.80505,2.06183,-1.73874,-2.91,180,1.43274,102.84152,,,,,,,,2.60916,-44.11189,,,,,,,,0.53927,-82.42567,,,,,,,,,,,,,,,,,,,,,,,,,,,,,,High,High,High,Low,Low,,,,304.932787,-72.418955,715.950867,0.302055,4:15,0.944833,-0.269014,0.186873,-48.340177,43.749797,87.734901,157.909894,38.020718,0.296259,0.615946,-0.729959,40.157978,17.233044,0.615946,0.296259,0.729959,-40.157978,-17.233044,-0.615946,-0.296259,0.729959,-157.909894,-38.020718,-0.296259,-0.615946,-0.729959,76.48533,14.24321,-11.64087
71,2026-04-21,15:43:56.87,3,1,"Burnham, Jacob",831497,Left,BOC_EAG,"St. Denis, Hunter",1000341731,Right,MAI_BLA,Undefined,3,Top,1,0,0,Slider,Curveball,BallCalled,Undefined,Undefined,Undefined,0,0,,76.75741,0.796645,0.415859,2287.632709,304.627086,4:15,5.70543,-2.20729,5.59468,-50.11026,-2.78402,5.8867,2.27344,-1.32845,71.48311,-8.321927,1.468278,0.495134,,,,,,,,,,,,-2.88067,-1.18532,2.16776,50,5.74096,-1.03017,-111.65587,-0.08458,-3.68107,17.80071,-33.68872,BOC_EAG,MAI_BLA,HarringtonVillage,D1,ACC,20260421-HarringtonVillage-1,6fce52c0-3dba-11f1-be13-814f369a648e,76.1258,,,5.2743,,,,,,,653c48cf-856e-4521-b1b6-52cd1878b7ca,2026-04-21,19:43:56.87,2026-04-21T15:43:56.8754176-04:00,2026-04-21T19:43:56.8754176Z,,v3,227,471344,26593,"Roossien, Jace",831501,Right,BOC_EAG,9c0e2c5c-4220-4130-a6bf-d853e4f091e3,54.90667,-112.4354,8.90035,5.71236,1.39071,-16.84436,2.20934,-0.86897,-1.84054,,,,,,,,,,,,,,,,,,,,,,,,,,,,,,,,,,,,,,,,,,,,,,,,,,,High,High,High,,,,,,310.533054,-79.360011,422.382397,0.184637,4:15,0.979864,-0.153981,0.127109,41.449144,-44.095301,-85.55409,159.818139,42.676882,0.253641,0.677863,-0.690049,44.489587,14.693055,0.677863,0.253641,0.690049,-44.489587,-14.693055,-0.677863,-0.253641,0.690049,-159.818139,-42.676882,-0.253641,-0.677863,-0.690049,,,
72,2026-04-21,15:44:08.54,3,2,"Burnham, Jacob",831497,Left,BOC_EAG,"St. Denis, Hunter",1000341731,Right,MAI_BLA,Undefined,3,Top,1,1,0,Slider,Curveball,FoulBallNotFieldable,Undefined,Undefined,Undefined,0,0,,75.14563,1.398811,1.049024,2304.085397,293.726406,3:45,5.70285,-2.18868,5.69724,-51.26117,-1.86256,7.40079,2.73509,-0.59428,69.68959,-7.966088,2.373432,0.505858,73.88936,60.402959,97.756983,2123.726922,,,,,29.6947,,,-3.52807,-0.94693,2.09579,50,5.78778,-2.26206,-109.25866,1.07778,-4.29818,17.83575,-33.32767,BOC_EAG,MAI_BLA,HarringtonVillage,D1,ACC,20260421-HarringtonVillage-1,76bfd1d0-3dba-11f1-be13-814f369a648e,74.51187,39.72515,,5.45604,,,,2.10344,2.27489,0.0811,653c48cf-856e-4521-b1b6-52cd1878b7ca,2026-04-21,19:44:08.54,2026-04-21T15:44:08.5466624-04:00,2026-04-21T19:44:08.5466624Z,,v3,227,471344,26593,"Roossien, Jace",831501,Right,BOC_EAG,37fbcce8-fad5-41af-9174-4ef33d282700,54.80463,-110.04018,8.91788,5.70855,2.53813,-16.66384,2.19078,-2.07373,-2.14909,,2.10344,-7.22421,-6.0033,3.35345,-1.16912,0.03125,1.12904,-1.69182,0.85907,2.27489,94.23071,-56.28221,12.3748,-3.39541,0.47478,1.29258,-2.01289,1.01097,0.0811,53.03425,-1.42157,-2.85286,1.28331,-0.06967,-1.33722,2.05417,-1.05416,,,,,,,,,,,,,,,,,,,,,,,High,High,High,Low,Undefined,,,,308.880814,-73.598981,650.578132,0.282359,4:15,0.950253,-0.243156,0.194667,50.009128,-26.052021,-86.041285,152.226408,38.974021,0.362267,0.628968,-0.687868,42.438958,21.239457,0.628968,0.362267,0.687868,-42.438958,-21.239457,-0.628968,-0.362267,0.687868,-152.226408,-38.974021,-0.362267,-0.628968,-0.687868,74.91239,6.24205,6.80172
73,2026-04-21,15:44:26.36,3,3,"Burnham, Jacob",831497,Left,BOC_EAG,"St. Denis, Hunter",1000341731,Right,MAI_BLA,Undefined,3,Top,1,1,1,ChangeUp,Changeup,BallCalled,Undefined,Undefined,Undefined,0,0,,79.74712,-2.960625,3.016554,1476.761744,110.725558,9:45,5.56091,-2.05715,6.46949,-36.14238,7.08146,-14.98926,-0.17618,-0.5333,73.36881,-9.675089,0.29362,0.473187,,,,,,,,,,,,8.82134,4.94922,1.85108,50,5.33568,-5.59635,-115.69555,-6.99171,11.90693,22.42242,-25.49365,BOC_EAG,MAI_BLA,HarringtonVillage,D1,ACC,20260421-HarringtonVillage-1,81599860-3dba-11f1-be13-814f369a648e,79.65648,,,6.37831,,,,,,,653c48cf-856e-4521-b1b6-52cd1878b7ca,2026-04-21,19:44:26.36,2026-04-21T15:44:26.3696384-04:00,2026-04-21T19:44:26.3696384Z,,v3,227,471344,26593,"Roossien, Jace",831501,Right,BOC_EAG,e044158c-3dcf-4ad8-9cf5-e81d6683a7c0,54.03124,-116.4742,11.21121,5.5631,-6.10639,-12.74682,2.0526,-6.00983,5.95347,,,,,,,,,,,,,,,,,,,,,,,,,,,,,,,,,,,,,,,,,,,,,,,,,,,High,High,High,,,,,,124.942542,-6.274206,1467.91632,0.99401,10:15,0.096923,0.819374,-0.565006,43.444507,-41.563183,-83.754019,92.784564,-12.168398,0.976378,-0.210786,-0.047489,77.303472,-77.521748,0.210786,-0.976378,0.047489,-77.303472,77.521748,-0.210786,0.976378,0.047489,-92.784564,12.168398,-0.976378,0.210786,-0.047489,,,
74,2026-04-21,15:44:46.50,3,4,"Burnham, Jacob",831497,Left,BOC_EAG,"St. Denis, Hunter",1000341731,Right,MAI_BLA,Undefined,3,Top,1,2,1,Fastball,Four-Seam,FoulBallNotFieldable,Undefined,Undefined,Undefined,0,0,,84.87761,-0.305605,1.881183,2077.069667,156.962687,11:15,5.89486,-1.6413,6.36316,-22.43261,15.09414,-5.98878,3.74409,-0.40858,78.70141,-4.532183,0.797407,0.440902,83.9277,50.409082,74.532082,4123.560642,,,,,70.12821,,,3.59047,8.2815,1.508,50,5.86201,-3.84016,-123.5295,-1.28603,5.62951,21.21717,-19.18944,BOC_EAG,MAI_BLA,HarringtonVillage,D1,ACC,20260421-HarringtonVillage-1,8d55ae10-3dba-11f1-be13-814f369a648e,85.48939,77.30978,,6.17619,,,,1.65177,3.76268,0.41186,653c48cf-856e-4521-b1b6-52cd1878b7ca,2026-04-21,19:44:46.50,2026-04-21T15:44:46.5000960-04:00,2026-04-21T19:44:46.5000960Z,,v3,227,471344,26593,"Roossien, Jace",831501,Right,BOC_EAG,d4fdc105-139d-4b26-90f7-c264f3f0dc9a,54.13731,-124.23808,10.60859,5.89426,-0.64517,-9.59472,1.63938,-4.02817,2.81475,,1.65178,20.9216,-12.8519,3.8141,-0.98574,0.5253,-0.75053,0.66122,-0.21228,3.76268,94.85791,-25.45819,2.7956,-0.52738,0.05515,0.10403,-0.12355,0.04302,0.41186,75.60646,-10.65426,2.15842,-0.41779,0.13859,-0.13363,0.10288,-0.03113,,,,,,,,,,,,,,,,,,,,,,,High,High,High,Medium,Undefined,,,,142.234666,-33.018144,1741.618875,0.838498,10:45,0.563625,0.51642,-0.6447,60.254384,-32.531787,-12.814435,178.755088,-21.280254,0.020245,-0.36293,-0.931596,21.284829,-1.160018,0.36293,-0.020245,0.931596,-21.284829,1.160018,-0.36293,0.020245,0.931596,-178.755088,21.280254,-0.020245,0.36293,-0.931596,,,
75,2026-04-21,15:45:05.59,3,5,"Burnham, Jacob",831497,Left,BOC_EAG,"St. Denis, Hunter",1000341731,Right,MAI_BLA,Undefined,3,Top,1,2,2,Fastball,Four-Seam,FoulBallNotFieldable,Undefined,Undefined,Undefined,0,0,,85.05896,-1.144194,2.151525,2002.857238,161.340357,11:30,5.8806,-1.67435,6.29065,-21.613,17.05694,-5.27941,3.02424,-0.1307,76.58287,-5.285602,1.197563,0.447567,99.60609,-0.394221,-47.784001,5090.312293,,,,47.93864,46.37814,-47.690829,0.338826,3.46177,9.65603,1.51844,50,5.78596,-4.43168,-123.35812,-3.0411,5.23841,28.65228,-17.56245,BOC_EAG,MAI_BLA,HarringtonVillage,D1,ACC,20260421-HarringtonVillage-1,98b77f90-3dba-11f1-be13-814f369a648e,84.21629,3.24632,,8.47609,,,,2.34458,3.24632,-0.10339,653c48cf-856e-4521-b1b6-52cd1878b7ca,2026-04-21,19:45:05.59,2026-04-21T15:45:05.5982592-04:00,2026-04-21T19:45:05.5982592Z,GroundBall,v3,227,471344,26593,"Roossien, Jace",831501,Right,BOC_EAG,8367ec27-d390-4532-b700-6d2814104697,54.2056,-124.33112,14.32614,5.8791,-2.4447,-8.78122,1.67196,-4.60957,2.61921,,2.35687,97.67257,-27.81772,,,,,,,3.25608,-1.39196,-24.3362,,,,,,,-0.10346,-108.19268,11.41402,,,,,,,,,,,,,,,,,,,,,,,,,,,,,High,High,High,High,High,,,,142.505985,-30.593854,1724.052756,0.860797,10:45,0.523674,0.534007,-0.663779,52.387122,-40.681569,5.08498,179.900869,23.373111,0.001588,0.396717,-0.91794,23.373143,0.090996,0.396717,0.001588,0.91794,-23.373143,-0.090996,-0.396717,-0.001588,0.91794,-179.900869,-23.373111,-0.001588,-0.396717,-0.91794,76.40869,25.51633,-24.9983
76,2026-04-21,15:45:24.90,3,6,"Burnham, Jacob",831497,Left,BOC_EAG,"St. Denis, Hunter",1000341731,Right,MAI_BLA,Undefined,3,Top,1,2,2,Slider,Slider,FoulBallNotFieldable,Undefined,Undefined,Undefined,0,0,,76.13128,1.218928,0.650377,2442.071938,268.479452,3:00,5.7519,-1.84657,5.4826,-46.75231,1.74417,14.45583,2.99658,-0.03339,70.56625,-7.306458,3.226255,0.501218,75.13296,51.759208,28.579339,,81.38469,91.60271,74.00351,185.47085,90.61364,46.822297,4.870021,-7.18189,0.94591,1.77924,50,5.82665,-1.78962,-110.67397,0.85033,-8.98233,18.20359,-30.991,BOC_EAG,MAI_BLA,HarringtonVillage,D1,ACC,20260421-HarringtonVillage-1,a44717d0-3dba-11f1-be13-814f369a648e,75.20171,91.85775,,5.56503,,,,1.34311,3.05164,0.03575,653c48cf-856e-4521-b1b6-52cd1878b7ca,2026-04-21,19:45:24.90,2026-04-21T15:45:24.9059840-04:00,2026-04-21T19:45:24.9059840Z,Popup,v3,227,471344,26593,"Roossien, Jace",831501,Right,BOC_EAG,eda22b12-94d7-47b7-bfd1-d8dd3f515fd0,55.01894,-111.49642,9.1018,5.7566,2.25053,-15.4955,1.85093,-1.38379,-4.49116,211.649124,1.36559,59.33678,-16.8857,0.68024,3.39865,-2.09509,0.585,-0.07923,0.0042,3.03241,86.92268,-26.58648,4.52309,-1.7156,0.49129,-0.0692,0.00289,0.00011,0.02001,32.97361,-0.31287,1.02799,-1.63806,0.86154,-0.2214,0.028,-0.00139,,,,,,,,,,,,,,,,,,,,,,,High,High,High,Medium,Low,,,,319.421328,-68.381966,899.701254,0.368417,4:45,0.921116,-0.259374,0.290292,46.527026,-31.115232,-79.902822,139.899957,38.085415,0.506985,0.616836,-0.602063,45.694358,30.463214,0.616836,0.506985,0.602063,-45.694358,-30.463214,-0.616836,-0.506985,0.602063,-139.899957,-38.085415,-0.506985,-0.616836,-0.602063,,,
77,2026-04-21,15:46:02.79,3,7,"Burnham, Jacob",831497,Left,BOC_EAG,"St. Denis, Hunter",1000341731,Right,MAI_BLA,Undefined,3,Top,1,2,2,Fastball,Changeup,StrikeSwinging,Strikeout,Undefined,Undefined,0,0,,85.06635,-1.934099,1.958426,1958.639246,147.854182,11:00,5.83047,-1.82677,6.27776,-22.64029,15.34458,-8.89745,2.15931,-0.76236,78.09156,-6.205693,0.34998,0.443585,,,,,,,,,,,,5.14284,8.86319,1.68624,50,5.67644,-3.88363,-123.5539,-4.81053,7.96771,24.09714,-18.44248,BOC_EAG,MAI_BLA,HarringtonVillage,D1,ACC,20260421-HarringtonVillage-1,badaaa20-3dba-11f1-be13-814f369a648e,84.97234,,,6.97479,,,,,,,653c48cf-856e-4521-b1b6-52cd1878b7ca,2026-04-21,19:46:02.79,2026-04-21T15:46:02.7950000-04:00,2026-04-21T19:46:02.7950000Z,,v3,227,471344,26593,"Roossien, Jace",831501,Right,BOC_EAG,52686989-46d3-40e7-bfc7-734fae363f23,54.22005,-124.37422,12.04857,5.82952,-4.1827,-9.22124,1.82306,-4.15487,3.98385,,,,,,,,,,,,,,,,,,,,,,,,,,,,,70.07378,,,1.00249,,,,-0.21126,5.19566,1.44293,78.96929,9.28142,45.82311,-0.07449,89.21742,-10.31767,5.22514,17.06635,-12.98076,1.42919,44.98113,-0.69798,High,High,High,,,High,High,High,143.496354,-29.076465,1711.795706,0.873972,10:45,0.491887,0.536009,-0.686106,35.651066,-38.391665,16.125676,176.41793,-13.351555,0.06079,-0.230925,-0.971071,13.376752,-3.485131,0.230925,-0.06079,0.971071,-13.376752,3.485131,-0.230925,0.06079,0.971071,-176.41793,13.351555,-0.06079,0.230925,-0.971071,,,
78,2026-04-21,15:46:28.53,4,1,"Burnham, Jacob",831497,Left,BOC_EAG,"Rasmussen, Brody",1000250740,Right,MAI_BLA,Undefined,3,Top,2,0,0,Fastball,Four-Seam,BallCalled,Undefined,Undefined,Undefined,0,0,,85.73071,-3.05251,2.222034,1987.126736,144.904203,10:45,5.92928,-1.79873,5.88137,-19.42485,19.60855,-12.68678,1.47097,-0.7914,76.73043,-6.774708,-0.053825,0.449666,,,,,,,,,,,,7.23217,11.51768,1.62649,50,5.67153,-4.2795,-123.98453,-7.14622,10.98576,30.36687,-14.67859,BOC_EAG,MAI_BLA,HarringtonVillage,D1,ACC,20260421-HarringtonVillage-1,ca318390-3dba-11f1-be13-814f369a648e,83.82327,,,9.00028,,,,,,,653c48cf-856e-4521-b1b6-52cd1878b7ca,2026-04-21,19:46:28.53,2026-04-21T15:46:28.5378048-04:00,2026-04-21T19:46:28.5378048Z,,v3,227,471344,26593,"Roossien, Jace",831501,Right,BOC_EAG,212b9ced-ddc6-42a2-a571-a2275faca025,54.61282,-125.10922,15.18344,5.92614,-6.60257,-7.33929,1.79253,-4.68638,5.49288,,,,,,,,,,,,,,,,,,,,,,,,,,,,,,,,,,,,,,,,,,,,,,,,,,,High,High,High,,,,,,144.759352,-22.885749,1830.704415,0.921282,10:45,0.388938,0.551546,-0.737919,6.21967,-37.714422,66.366111,175.755499,-14.027335,0.071806,-0.242385,-0.967519,14.064384,-4.117709,0.242385,-0.071806,0.967519,-14.064384,4.117709,-0.242385,0.071806,0.967519,-175.755499,14.027335,-0.071806,0.242385,-0.967519,,,
79,2026-04-21,15:46:39.93,4,2,"Burnham, Jacob",831497,Left,BOC_EAG,"Rasmussen, Brody",1000250740,Right,MAI_BLA,Undefined,3,Top,2,1,0,ChangeUp,Changeup,BallCalled,Undefined,Undefined,Undefined,0,0,,78.58812,-0.83415,1.233366,1386.794096,105.85962,9:30,5.55154,-1.95287,6.45243,-38.05408,6.56548,-17.77989,1.61381,-2.30126,71.7014,-7.953964,-1.996818,0.480766,,,,,,,,,,,,9.62615,4.17252,1.87264,50,5.47593,-1.83239,-114.18276,-2.72179,12.57899,23.02451,-26.72161,BOC_EAG,MAI_BLA,HarringtonVillage,D1,ACC,20260421-HarringtonVillage-1,d1080090-3dba-11f1-be13-814f369a648e,78.40077,,,6.88672,,,,,,,653c48cf-856e-4521-b1b6-52cd1878b7ca,2026-04-21,19:46:39.93,2026-04-21T15:46:39.9328256-04:00,2026-04-21T19:46:39.9328256Z,,v3,227,471344,26593,"Roossien, Jace",831501,Right,BOC_EAG,d12637af-1929-4a67-9c54-ab58692dd01b,54.04536,-114.99559,11.51225,5.55537,-1.77844,-13.3608,1.94517,-2.27646,6.28949,,,,,,,,,,,,,,,,,,,,,,,,,,,,,,,,,,,,,,,,,,,,,,,,,,,High,High,High,,,,,,124.205069,-13.196546,1350.172561,0.973593,10:15,0.228276,0.808429,-0.542524,-46.285329,30.551637,87.719374,100.287376,-5.609891,0.979212,-0.097755,-0.17773,28.811574,-78.29693,0.097755,-0.979212,0.17773,-28.811574,78.29693,-0.097755,0.979212,0.17773,-100.287376,5.609891,-0.979212,0.097755,-0.17773,,,
80,2026-04-21,15:46:54.04,4,3,"Burnham, Jacob",831497,Left,BOC_EAG,"Rasmussen, Brody",1000250740,Right,MAI_BLA,Undefined,3,Top,2,2,0,Fastball,Changeup,BallCalled,Undefined,Undefined,Undefined,0,0,,84.58964,-0.222826,2.143785,1962.05653,148.13261,11:00,5.909,-1.64906,6.21726,-22.79442,16.17013,-9.20839,3.80369,-0.43722,76.51271,-4.567776,0.482236,0.449269,,,,,,,,,,,,5.38548,8.82906,1.49267,50,5.88088,-4.22726,-122.7264,-1.10239,8.12581,26.71549,-18.85243,BOC_EAG,MAI_BLA,HarringtonVillage,D1,ACC,20260421-HarringtonVillage-1,d965b9d0-3dba-11f1-be13-814f369a648e,83.8973,,,8.07694,,,,,,,653c48cf-856e-4521-b1b6-52cd1878b7ca,2026-04-21,19:46:54.04,2026-04-21T15:46:54.0431872-04:00,2026-04-21T19:46:54.0431872Z,,v3,227,471344,26593,"Roossien, Jace",831501,Right,BOC_EAG,b75f7905-636d-4dfa-ae96-d971778b60c8,54.27752,-123.65404,13.35774,5.90779,-0.44778,-9.42621,1.64435,-4.50941,4.0629,,,,,,,,,,,,,,,,,,,,,,,,,,,,,,,,,,,,,,,,,,,,,,,,,,,High,High,High,,,,,,142.199238,-27.207897,1744.961575,0.889353,10:45,0.481066,0.546874,-0.685204,38.409874,-36.369185,15.212267,175.055609,-14.605179,0.083404,-0.252157,-0.964085,14.657385,-4.784241,0.252157,-0.083404,0.964085,-14.657385,4.784241,-0.252157,0.083404,0.964085,-175.055609,14.605179,-0.083404,0.252157,-0.964085,,,
81,2026-04-21,15:47:09.21,4,4,"Burnham, Jacob",831497,Left,BOC_EAG,"Rasmussen, Brody",1000250740,Right,MAI_BLA,Undefined,3,Top,2,3,0,Fastball,Changeup,StrikeCalled,Undefined,Undefined,Undefined,0,0,,84.60213,-1.818853,2.341276,1915.984819,154.088716,11:15,5.87108,-1.85654,6.28378,-24.24769,14.56654,-6.42748,2.17215,-0.23315,76.90001,-6.40645,1.179684,0.448401,,,,,,,,,,,,4.03418,8.51595,1.68678,50,5.72513,-4.76883,-122.72238,-4.58007,6.09846,26.27246,-19.30046,BOC_EAG,MAI_BLA,HarringtonVillage,D1,ACC,20260421-HarringtonVillage-1,e2742570-3dba-11f1-be13-814f369a648e,84.05958,,,7.70212,,,,,,,653c48cf-856e-4521-b1b6-52cd1878b7ca,2026-04-21,19:47:09.21,2026-04-21T15:47:09.2122112-04:00,2026-04-21T19:47:09.2122112Z,,v3,227,471344,26593,"Roossien, Jace",831501,Right,BOC_EAG,4a89d0d0-714d-4df4-b60e-c9361d4590c1,54.21226,-123.62085,13.13623,5.87047,-3.92003,-9.65023,1.85343,-4.97739,3.04923,,,,,,,,,,,,,,,,,,,,,,,,,,,,,,,,,,,,,,,,,,,,,,,,,,,High,High,High,,,,,,141.891706,-26.448662,1715.445973,0.895334,10:45,0.456056,0.566413,-0.686432,34.331742,-36.191521,19.143492,174.58241,-11.522788,0.092511,-0.199758,-0.975468,11.573099,-5.308084,0.199758,-0.092511,0.975468,-11.573099,5.308084,-0.199758,0.092511,0.975468,-174.58241,11.522788,-0.092511,0.199758,-0.975468,,,
82,2026-04-21,15:47:21.98,4,5,"Burnham, Jacob",831497,Left,BOC_EAG,"Rasmussen, Brody",1000250740,Right,MAI_BLA,Undefined,3,Top,2,3,1,Fastball,Changeup,BallCalled,Walk,Undefined,Undefined,0,0,,84.26621,-1.510392,0.977137,1973.138294,163.761797,11:30,5.95387,-1.70587,6.1985,-21.48918,17.88879,-4.79886,2.76829,-1.20366,76.17011,-5.61595,0.110687,0.451646,,,,,,,,,,,,2.7789,10.14048,1.63464,50,5.82941,-1.89602,-122.25016,-3.79609,4.14847,27.14799,-17.03593,BOC_EAG,MAI_BLA,HarringtonVillage,D1,ACC,20260421-HarringtonVillage-1,ea101550-3dba-11f1-be13-814f369a648e,83.45575,,,8.09611,,,,,,,653c48cf-856e-4521-b1b6-52cd1878b7ca,2026-04-21,19:47:21.98,2026-04-21T15:47:21.9851264-04:00,2026-04-21T19:47:21.9851264Z,,v3,227,471344,26593,"Roossien, Jace",831501,Right,BOC_EAG,f8cc7d85-17cd-424a-b867-85bfedfdbc63,54.29629,-123.20054,13.57399,5.95186,-3.1997,-8.51796,1.70356,-2.04124,2.07423,,,,,,,,,,,,,,,,,,,,,,,,,,,,,,,,,,,,,,,,,,,,,,,,,,,High,High,High,,,,,,147.106996,-27.273281,1753.786527,0.888831,11:00,0.458016,0.49461,-0.738636,28.89751,-37.30502,24.65749,177.20288,-13.906204,0.047369,-0.240333,-0.969534,13.922147,-2.715075,0.240333,-0.047369,0.969534,-13.922147,2.715075,-0.240333,0.047369,0.969534,-177.20288,13.906204,-0.047369,0.240333,-0.969534,,,
83,2026-04-21,15:47:48.34,5,1,"Burnham, Jacob",831497,Left,BOC_EAG,"De La Rosa, Albert",1000230264,Right,MAI_BLA,Undefined,3,Top,2,0,0,ChangeUp,Changeup,BallCalled,Undefined,Undefined,Undefined,0,0,,78.80299,0.710528,1.82269,1313.716753,102.329673,9:30,5.66867,-2.18451,6.58945,-39.30183,4.50004,-14.30859,3.04494,-1.70619,72.23211,-6.653799,-0.780596,0.476341,,,,,,,,,,,,7.99634,2.61536,2.06504,50,5.70129,-3.15394,-114.57759,0.33912,10.61376,21.47023,-28.7026,BOC_EAG,MAI_BLA,HarringtonVillage,D1,ACC,20260421-HarringtonVillage-1,f9cd51b0-3dba-11f1-be13-814f369a648e,79.12915,,,6.57088,,,,,,,653c48cf-856e-4521-b1b6-52cd1878b7ca,2026-04-21,19:47:48.34,2026-04-21T15:47:48.3462656-04:00,2026-04-21T19:47:48.3462656Z,,v3,227,471344,26593,"Roossien, Jace",831501,Right,BOC_EAG,8e5f1655-fee8-44a6-b23f-f8ae8f05012b,53.90932,-115.30782,10.73512,5.67316,1.31533,-14.3513,2.17844,-3.51493,5.30688,,,,,,,,,,,,,,,,,,,,,,,,,,,,,,,,,,,,,,,,,,,,,,,,,,,High,High,High,,,,,,120.574499,-16.853248,1257.29324,0.95705,10:00,0.315449,0.820332,-0.47702,-42.174305,34.060309,81.543571,93.845125,-11.475814,0.977803,-0.198954,-0.065719,71.720434,-77.905331,0.198954,-0.977803,0.065719,-71.720434,77.905331,-0.198954,0.977803,0.065719,-93.845125,11.475814,-0.977803,0.198954,-0.065719,,,
84,2026-04-21,15:48:02.89,5,2,"Burnham, Jacob",831497,Left,BOC_EAG,"De La Rosa, Albert",1000230264,Right,MAI_BLA,Undefined,3,Top,2,1,0,ChangeUp,Changeup,BallCalled,Undefined,Undefined,Undefined,0,0,,78.53091,-1.045823,1.888156,1392.953257,117.8445,10:00,5.5907,-2.0104,6.43875,-36.27896,8.31012,-12.93201,1.60579,-1.35235,71.82714,-7.835909,-0.459443,0.480602,,,,,,,,,,,,7.30489,5.11185,1.88164,50,5.5003,-3.31109,-114.07824,-3.08141,9.56503,22.23245,-25.48058,BOC_EAG,MAI_BLA,HarringtonVillage,D1,ACC,20260421-HarringtonVillage-1,027a3c60-3dbb-11f1-be13-814f369a648e,78.42754,,,6.70377,,,,,,,653c48cf-856e-4521-b1b6-52cd1878b7ca,2026-04-21,19:48:02.89,2026-04-21T15:48:02.8929536-04:00,2026-04-21T19:48:02.8929536Z,,v3,227,471344,26593,"Roossien, Jace",831501,Right,BOC_EAG,94df9a8d-5e4b-4dde-82df-1374a9f2f2d5,54.05909,-114.86659,11.11623,5.59355,-2.17789,-12.74029,2.00506,-3.65025,4.78252,,,,,,,,,,,,,,,,,,,,,,,,,,,,,,,,,,,,,,,,,,,,,,,,,,,High,High,High,,,,,,120.330314,-22.448012,1287.404148,0.924226,10:00,0.3824,0.804563,-0.454367,-47.869772,30.879697,79.21954,97.720046,-10.923396,0.972982,-0.189496,-0.131899,55.160154,-76.651031,0.189496,-0.972982,0.131899,-55.160154,76.651031,-0.189496,0.972982,0.131899,-97.720046,10.923396,-0.972982,0.189496,-0.131899,,,
85,2026-04-21,15:48:25.55,5,3,"Burnham, Jacob",831497,Left,BOC_EAG,"De La Rosa, Albert",1000230264,Right,MAI_BLA,Undefined,3,Top,2,2,0,Fastball,Changeup,BallCalled,Undefined,Undefined,Undefined,0,0,,85.41805,-2.075521,4.634396,1965.151314,139.488917,10:45,5.91374,-1.91442,6.29144,-20.99521,17.38706,-13.6667,2.24443,1.22664,77.18379,-6.087992,2.17391,0.445899,,,,,,,,,,,,8.54245,10.08469,1.57899,50,5.75031,-9.48475,-123.5696,-5.05023,13.04266,27.5046,-16.77668,BOC_EAG,MAI_BLA,HarringtonVillage,D1,ACC,20260421-HarringtonVillage-1,0fee9a30-3dbb-11f1-be13-814f369a648e,84.53131,,,8.23426,,,,,,,653c48cf-856e-4521-b1b6-52cd1878b7ca,2026-04-21,19:48:25.55,2026-04-21T15:48:25.5586816-04:00,2026-04-21T19:48:25.5586816Z,,v3,227,471344,26593,"Roossien, Jace",831501,Right,BOC_EAG,9105c63c-8c07-4f7d-8c83-62669e56af6a,54.20526,-124.5021,13.7523,5.91189,-4.48144,-8.38834,1.90805,-9.92694,6.52133,,,,,,,,,,,,,,,,,,,,,,,,,,,,,,,,,,,,,,,,,,,,,,,,,,,High,High,High,,,,,,146.492328,-24.267421,1791.504884,0.911637,11:00,0.452633,0.517823,-0.725936,26.536495,-34.140931,32.58433,171.715723,-15.193108,0.139049,-0.262073,-0.954978,15.345798,-7.992797,0.262073,-0.139049,0.954978,-15.345798,7.992797,-0.262073,0.139049,0.954978,-171.715723,15.193108,-0.139049,0.262073,-0.954978,,,
86,2026-04-21,15:48:38.89,5,4,"Burnham, Jacob",831497,Left,BOC_EAG,"De La Rosa, Albert",1000230264,Right,MAI_BLA,Undefined,3,Top,2,3,0,Fastball,Four-Seam,StrikeCalled,Undefined,Undefined,Undefined,0,0,,85.16488,-1.042971,2.930197,1857.420497,146.39873,11:00,5.81115,-1.77235,6.40041,-23.01033,14.96914,-9.11154,2.93314,0.16532,77.59191,-5.41367,1.281558,0.443553,,,,,,,,,,,,5.56737,8.48445,1.56588,50,5.72561,-5.97428,-123.59255,-2.8799,8.57507,25.60219,-19.10594,BOC_EAG,MAI_BLA,HarringtonVillage,D1,ACC,20260421-HarringtonVillage-1,17e7ec50-3dbb-11f1-be13-814f369a648e,84.97836,,,7.57297,,,,,,,653c48cf-856e-4521-b1b6-52cd1878b7ca,2026-04-21,19:48:38.89,2026-04-21T15:48:38.8936192-04:00,2026-04-21T19:48:38.8936192Z,,v3,227,471344,26593,"Roossien, Jace",831501,Right,BOC_EAG,3bde706b-390e-4470-a04b-c619ebef5b8d,54.09582,-124.4381,12.80109,5.81031,-2.24889,-9.55297,1.76786,-6.25749,4.28754,,,,,,,,,,,,,,,,,,,,,,,,,,,,,,,,,,,,,,,,,,,,,,,,,,,High,High,High,,,,,,145.710037,-30.123132,1606.57377,0.864949,10:45,0.528793,0.49635,-0.688487,41.012616,-38.631224,11.954429,176.68196,-18.873446,0.054767,-0.323479,-0.944649,18.90289,-3.139463,0.323479,-0.054767,0.944649,-18.90289,3.139463,-0.323479,0.054767,0.944649,-176.68196,18.873446,-0.054767,0.323479,-0.944649,,,
87,2026-04-21,15:48:52.82,5,5,"Burnham, Jacob",831497,Left,BOC_EAG,"De La Rosa, Albert",1000230264,Right,MAI_BLA,Undefined,3,Top,2,3,1,Fastball,Changeup,InPlay,Undefined,GroundBall,FieldersChoice,1,0,,84.40921,-1.006291,3.749463,1873.468784,151.77666,11:00,5.84598,-1.82699,6.55476,-23.51537,14.99276,-7.36091,2.96162,1.00243,76.88608,-5.481464,2.41585,0.44663,79.28704,-0.417532,-32.2752,2129.610086,,,,43.35223,41.47838,-33.65696,0.381511,4.97272,8.55134,1.57093,50,5.76628,-7.75696,-122.44507,-2.77218,7.50864,25.39902,-19.26186,BOC_EAG,MAI_BLA,HarringtonVillage,D1,ACC,20260421-HarringtonVillage-1,203774c0-3dbb-11f1-be13-814f369a648e,84.39305,3.08044,,7.52313,,,,0.81947,3.08044,-0.99733,653c48cf-856e-4521-b1b6-52cd1878b7ca,2026-04-21,19:48:52.82,2026-04-21T15:48:52.8282624-04:00,2026-04-21T19:48:52.8282624Z,GroundBall,v3,227,471344,26593,"Roossien, Jace",831501,Right,BOC_EAG,ccb36b12-4cba-41a5-88d1-18c9360ec87f,53.94306,-123.26028,12.69951,5.84533,-2.15395,-9.63093,1.82376,-7.99795,3.75432,55.811887,0.82545,98.10823,-14.946,,,,,,,3.08596,-1.04053,-18.51086,,,,,,,-0.99775,-62.07989,4.50486,,,,,,,,,,,,,,,,,,,,,,,,,,,,,High,High,High,High,High,,,,145.370458,-29.867288,1624.63692,0.867181,10:45,0.534876,0.501461,-0.680032,53.948945,-29.491156,-10.552762,177.433455,-17.661997,0.042669,-0.303401,-0.951907,17.678628,-2.445491,0.303401,-0.042669,0.951907,-17.678628,2.445491,-0.303401,0.042669,0.951907,-177.433455,17.661997,-0.042669,0.303401,-0.951907,,,
88,2026-04-21,15:51:09.43,1,1,"Stabley, Thomas",1000146615,Right,MAI_BLA,"Larson, Colin",831502,Left,BOC_EAG,Undefined,3,Bottom,0,0,0,Fastball,Changeup,InPlay,Undefined,FlyBall,Out,1,0,,85.6087,-0.720923,-2.211151,1788.776697,220.082255,1:15,5.40448,1.73179,7.0369,-19.43296,17.7908,13.78383,3.12959,0.87063,76.70407,-4.529216,0.315449,0.439118,102.35125,38.721027,1.826417,4405.390947,109.9999,95.18494,0.05916,291.69054,165.14245,-1.688286,6.144365,-8.11941,10.15638,-1.60133,50,5.35398,4.31361,-124.29955,-1.9771,-12.40954,30.27879,-16.65123,BOC_EAG,MAI_BLA,HarringtonVillage,D1,ACC,20260421-HarringtonVillage-1,71af2b40-3dbb-11f1-be13-814f369a648e,85.83664,131.69645,,8.90463,,,,1.25288,3.01441,-0.87207,653c48cf-856e-4521-b1b6-52cd1878b7ca,2026-04-21,19:51:09.43,2026-04-21T15:51:09.4347776-04:00,2026-04-21T19:51:09.4347776Z,FlyBall,v3,227,471344,26593,"DeAndrade, Nolan",1000437002,Right,MAI_BLA,d7558a85-de35-4bc2-a383-57e4e6acdaed,53.45917,-125.13935,15.1394,5.40241,-1.51527,-8.32562,-1.72574,4.6578,-6.20477,174.99377,1.26424,116.8575,-35.62421,9.60001,-1.80939,0.21956,-0.01404,0.00026,1E-05,3.00605,94.03342,-18.01165,-0.4842,0.59611,-0.18641,0.03508,-0.00364,0.00015,-0.8714,3.71836,-3.52365,1.26415,-0.3128,0.054,-0.00592,0.00036,-1E-05,,,,,,,,,,,,,,,,,,,,,,,High,High,High,High,Low,,,,217.573129,23.954871,1634.701377,0.913866,1:15,-0.426622,-0.562315,-0.708375,-77.980543,-32.617506,53.878646,91.901113,-12.384132,0.976194,-0.214465,-0.032403,81.408378,-77.473049,0.214465,-0.976194,0.032403,-81.408378,77.473049,-0.214465,0.976194,0.032403,-91.901113,12.384132,-0.976194,0.214465,-0.032403,87.91957,8.91311,6.23802
89,2026-04-21,15:51:47.53,2,1,"Stabley, Thomas",1000146615,Right,MAI_BLA,"Solier, Julio",827632,Right,BOC_EAG,Undefined,3,Bottom,1,0,0,Cutter,Slider,InPlay,Undefined,LineDrive,Single,0,0,,83.18448,0.390086,-2.105757,2055.387298,204.730488,12:45,5.34505,1.75638,6.22983,-37.08754,3.28941,0.86224,2.61456,-0.11537,75.31247,-6.533406,-1.950059,0.457339,100.7212,10.721492,-0.191292,1321.886619,109.86478,14.63606,5.44903,221.05603,221.05603,5.893331,1.93429,-1.12547,1.97563,-1.59956,50,5.35596,4.40619,-120.7175,-0.32115,-1.6361,26.76156,-29.30208,BOC_EAG,MAI_BLA,HarringtonVillage,D1,ACC,20260421-HarringtonVillage-1,885904b0-3dbb-11f1-be13-814f369a648e,82.41689,14.68002,,7.87201,,,,1.31712,2.52016,0.12915,653c48cf-856e-4521-b1b6-52cd1878b7ca,2026-04-21,19:51:47.53,2026-04-21T15:51:47.5320320-04:00,2026-04-21T19:51:47.5320320Z,LineDrive,v3,227,471344,26593,"DeAndrade, Nolan",1000437002,Right,MAI_BLA,2fb2c13c-4aa7-415a-b1b3-85c3e4c7ff78,54.26789,-121.65996,13.38078,5.3491,0.71078,-14.65104,-1.75574,4.46381,-0.81805,246.648709,1.31712,145.14446,-23.52145,5.04374,-1.06373,0.21329,-0.03814,0.00489,-0.00031,2.52016,27.4821,-16.15615,0.75168,-0.05546,0.01059,-0.00806,0.00316,-0.0004,0.12915,-0.48432,10.09989,-3.05623,0.82211,-0.18455,0.03002,-0.0025,2E-05,,,,,,,,,,,,,,,,,,,,,,,High,High,High,High,High,,,,200.517526,61.939355,966.866227,0.470406,12:45,-0.899144,-0.158863,-0.407803,72.437241,-22.410417,77.969312,151.788304,-1.173182,0.472632,-0.020474,-0.881022,1.331282,-28.205253,0.020474,-0.472632,0.881022,-1.331282,28.205253,-0.020474,0.472632,0.881022,-151.788304,1.173182,-0.472632,0.020474,-0.881022,,,
90,2026-04-21,15:52:29.37,3,1,"Stabley, Thomas",1000146615,Right,MAI_BLA,"Mainolfi, Ty",839397,Left,BOC_EAG,Undefined,3,Bottom,1,0,0,Fastball,Changeup,BallCalled,Undefined,Undefined,StolenBase,1,0,,86.92324,-1.043271,-2.173648,1813.077011,234.228767,1:45,5.45008,1.86034,6.76506,-23.63828,12.49449,15.59454,2.52667,1.17387,78.74378,-5.562713,0.671568,0.432635,,,,,,,,,,,,-8.8563,7.30823,-1.72303,50,5.37281,4.20289,-126.24404,-2.9229,-14.12407,28.53055,-20.51882,BOC_EAG,MAI_BLA,HarringtonVillage,D1,ACC,20260421-HarringtonVillage-1,a14701c0-3dbb-11f1-be13-814f369a648e,87.12285,,,8.17946,,,,,,,653c48cf-856e-4521-b1b6-52cd1878b7ca,2026-04-21,19:52:29.37,2026-04-21T15:52:29.3710000-04:00,2026-04-21T19:52:29.3710000Z,,v3,227,471344,26593,"DeAndrade, Nolan",1000437002,Right,MAI_BLA,df0bc574-4261-4059-aaa0-8c96db00f48d,53.73139,-127.08452,14.26528,5.45001,-2.31844,-10.25941,-1.85298,4.61897,-7.06204,,,,,,,,,,,,,,,,,,,,,,,,,,,,,77.75618,,0.789862,,-0.86793,2.29958,-1.20314,-0.42057,6.01056,0.44066,,,,-0.24866,111.86507,-11.95383,5.98554,5.72991,-9.16199,0.38413,-1.32576,2.8586,High,High,High,,,High,High,Medium,217.824965,20.79624,1694.953186,0.934849,1:15,-0.372308,-0.579667,-0.724826,-64.091977,-28.745037,65.584221,92.729728,-18.683962,0.946225,-0.320348,-0.045115,81.983699,-71.12473,0.320348,-0.946225,0.045115,-81.983699,71.12473,-0.320348,0.946225,0.045115,-92.729728,18.683962,-0.946225,0.320348,-0.045115,,,
91,2026-04-21,15:53:17.13,3,2,"Stabley, Thomas",1000146615,Right,MAI_BLA,"Mainolfi, Ty",839397,Left,BOC_EAG,Undefined,3,Bottom,2,1,0,Cutter,Slider,BallCalled,Undefined,Undefined,Undefined,0,0,,83.42958,-2.159043,-2.734625,2122.416615,167.405625,11:30,5.1647,1.97247,6.49383,-32.40183,6.72591,-1.24221,0.47941,-0.64326,77.13927,-8.18225,-2.960053,0.450209,,,,,,,,,,,,-0.07563,4.44024,-1.78027,50,4.9989,5.83208,-121.19757,-5.50854,-0.11285,22.92377,-25.54693,BOC_EAG,MAI_BLA,HarringtonVillage,D1,ACC,20260421-HarringtonVillage-1,bdbee8e0-3dbb-11f1-be13-814f369a648e,83.72215,,,6.29031,,,,,,,653c48cf-856e-4521-b1b6-52cd1878b7ca,2026-04-21,19:53:17.13,2026-04-21T15:53:17.1395072-04:00,2026-04-21T19:53:17.1395072Z,,v3,227,471344,26593,"DeAndrade, Nolan",1000437002,Right,MAI_BLA,090b3596-a835-492a-a5ae-7933412fb554,54.00659,-121.95304,11.46188,5.16656,-4.66662,-12.77346,-1.97253,5.8358,-0.05643,,,,,,,,,,,,,,,,,,,,,,,,,,,,,,,,,,,,,,,,,,,,,,,,,,,High,High,High,,,,,,211.09884,59.248561,1085.222742,0.511315,1:00,-0.868756,-0.296291,-0.396831,63.231139,-1.003148,82.669056,155.660085,-1.30015,0.412043,-0.02269,-0.910882,1.426936,-24.333243,0.02269,-0.412043,0.910882,-1.426936,24.333243,-0.02269,0.412043,0.910882,-155.660085,1.30015,-0.412043,0.02269,-0.910882,,,
92,2026-04-21,15:53:36.12,3,3,"Stabley, Thomas",1000146615,Right,MAI_BLA,"Mainolfi, Ty",839397,Left,BOC_EAG,Undefined,3,Bottom,2,2,0,Fastball,Changeup,InPlay,Undefined,LineDrive,Single,0,0,,86.90655,-1.681539,-2.763705,1893.500247,217.506805,1:15,5.32065,1.82601,6.94485,-18.72777,17.31469,12.29233,2.22741,0.33318,78.45916,-5.324699,-0.515584,0.432095,103.85242,9.857278,-1.190006,1869.771283,109.66658,16.49999,-8.54924,260.96142,260.04549,-8.481307,2.422286,-7.43556,10.14379,-1.65756,50,5.20909,5.64898,-126.14798,-4.1272,-11.79857,29.31829,-16.07813,BOC_EAG,MAI_BLA,HarringtonVillage,D1,ACC,20260421-HarringtonVillage-1,c90e91f0-3dbb-11f1-be13-814f369a648e,87.23193,17.7774,,8.44739,,,,1.05126,2.20474,-0.32178,653c48cf-856e-4521-b1b6-52cd1878b7ca,2026-04-21,19:53:36.12,2026-04-21T15:53:36.1208320-04:00,2026-04-21T19:53:36.1208320Z,LineDrive,v3,227,471344,26593,"DeAndrade, Nolan",1000437002,Right,MAI_BLA,67f2b322-9d9c-4e09-8430-df3bb8725258,53.55221,-126.97087,14.65915,5.3186,-3.67593,-8.03907,-1.82076,5.98013,-5.89928,134.398652,1.05127,150.03562,-28.33365,6.30939,-1.24618,0.21973,-0.03462,0.00425,-0.00026,2.20474,26.076,-9.82811,-1.56956,0.75546,-0.22312,0.04994,-0.007,0.00046,-0.32178,-3.11689,-10.82554,4.15006,-1.25613,0.32119,-0.06669,0.00941,-0.00064,,,,,,,,,,,,,,,,,,,,,,,High,High,High,High,High,,,,216.64343,24.192358,1727.203176,0.912175,1:15,-0.428482,-0.556207,-0.712066,-66.857378,-28.818121,55.258323,94.781001,-16.071164,0.957575,-0.276831,-0.08009,73.864301,-73.250751,0.276831,-0.957575,0.08009,-73.864301,73.250751,-0.276831,0.957575,0.08009,-94.781001,16.071164,-0.957575,0.276831,-0.08009,,,
93,2026-04-21,15:54:18.92,4,1,"Stabley, Thomas",1000146615,Right,MAI_BLA,"Wang, Nick",813482,Right,BOC_EAG,Undefined,3,Bottom,2,0,0,Fastball,Four-Seam,BallCalled,Undefined,Undefined,Undefined,0,0,,87.08862,-0.06663,-1.995124,2070.725088,209.347501,1:00,5.60356,1.73668,6.82307,-21.47848,14.3158,7.37221,3.75287,0.53029,79.00444,-4.197332,-0.649389,0.430604,,,,,,,,,,,,-4.46776,7.95788,-1.61041,50,5.59104,4.12988,-126.53132,-0.68384,-7.18339,27.80493,-19.37911,BOC_EAG,MAI_BLA,HarringtonVillage,D1,ACC,20260421-HarringtonVillage-1,e28d8460-3dbb-11f1-be13-814f369a648e,87.5339,,,8.08417,,,,,,,653c48cf-856e-4521-b1b6-52cd1878b7ca,2026-04-21,19:54:18.92,2026-04-21T15:54:18.9213696-04:00,2026-04-21T19:54:18.9213696Z,,v3,227,471344,26593,"DeAndrade, Nolan",1000437002,Right,MAI_BLA,2e1094e1-6a2b-47dd-96d3-f1813313f0ed,53.67231,-127.33574,13.90247,5.60271,-0.12318,-9.68955,-1.7329,4.3377,-3.5917,,,,,,,,,,,,,,,,,,,,,,,,,,,,,,,,,,,,,,,,,,,,,,,,,,,High,High,High,,,,,,215.752028,34.307305,1710.47368,0.826026,1:15,-0.586067,-0.483285,-0.650355,-75.895971,7.793397,-33.140321,171.06607,-28.5646,0.136393,-0.478149,-0.867623,28.859264,-7.839157,0.478149,-0.136393,0.867623,-28.859264,7.839157,-0.478149,0.136393,0.867623,-171.06607,28.5646,-0.136393,0.478149,-0.867623,,,
94,2026-04-21,15:54:37.89,4,2,"Stabley, Thomas",1000146615,Right,MAI_BLA,"Wang, Nick",813482,Right,BOC_EAG,Undefined,3,Bottom,2,1,0,Cutter,Slider,StrikeCalled,Undefined,Undefined,Undefined,0,0,,82.47201,-0.942808,-2.26778,2150.57234,165.420987,11:30,5.31382,1.79927,6.30375,-32.42703,8.09556,-1.77055,1.74221,-0.43865,75.60517,-6.994321,-2.587899,0.458163,,,,,,,,,,,,0.27303,4.88315,-1.63205,50,5.22918,4.8088,-119.7749,-2.92949,0.39566,23.64472,-25.09715,BOC_EAG,MAI_BLA,HarringtonVillage,D1,ACC,20260421-HarringtonVillage-1,ede56ad0-3dbb-11f1-be13-814f369a648e,82.26864,,,6.86685,,,,,,,653c48cf-856e-4521-b1b6-52cd1878b7ca,2026-04-21,19:54:37.89,2026-04-21T15:54:37.8959872-04:00,2026-04-21T19:54:37.8959872Z,,v3,227,471344,26593,"DeAndrade, Nolan",1000437002,Right,MAI_BLA,0e9d8bdf-3c8a-40cb-bef9-f8f9230ae8ae,54.1938,-120.59996,11.82236,5.31612,-2.05376,-12.54857,-1.7996,4.79499,0.19783,,,,,,,,,,,,,,,,,,,,,,,,,,,,,,,,,,,,,,,,,,,,,,,,,,,High,High,High,,,,,,202.831121,59.024303,1106.844631,0.514674,12:45,-0.872085,-0.213783,-0.440187,68.103828,-13.888387,81.90007,154.531543,0.620218,0.429989,0.010825,-0.902769,0.686971,25.466859,0.010825,0.429989,0.902769,-0.686971,-25.466859,-0.010825,-0.429989,0.902769,-154.531543,-0.620218,-0.429989,-0.010825,-0.902769,,,
95,2026-04-21,15:55:17.00,4,3,"Stabley, Thomas",1000146615,Right,MAI_BLA,"Wang, Nick",813482,Right,BOC_EAG,Undefined,3,Bottom,2,1,1,Fastball,Changeup,BallCalled,Undefined,Undefined,Undefined,0,0,,86.28125,-0.582697,-1.98558,1833.760646,232.171445,1:45,5.41263,1.631,6.93186,-22.90222,13.63324,15.8782,2.97333,1.14594,77.87735,-4.995781,0.920551,0.43504,,,,,,,,,,,,-9.02737,7.82331,-1.5112,50,5.3681,3.76471,-125.34212,-1.83704,-14.13919,28.99132,-19.92076,BOC_EAG,MAI_BLA,HarringtonVillage,D1,ACC,20260421-HarringtonVillage-1,053680c0-3dbc-11f1-be13-814f369a648e,86.64139,,,8.4039,,,,,,,653c48cf-856e-4521-b1b6-52cd1878b7ca,2026-04-21,19:55:17.00,2026-04-21T15:55:17.0062336-04:00,2026-04-21T19:55:17.0062336Z,,v3,227,471344,26593,"DeAndrade, Nolan",1000437002,Right,MAI_BLA,0feff5b8-0a2b-4bfd-953c-7d025dd2771e,53.56435,-126.16385,14.49566,5.41217,-1.27241,-9.96038,-1.62359,4.16548,-7.06959,,,,,,,,,,,,,,,,,,,,,,,,,,,,,,,,,,,,,,,,,,,,,,,,,,,High,High,High,,,,,,218.944838,19.701263,1726.418012,0.941463,1:15,-0.356252,-0.595175,-0.720313,-79.294637,-27.023929,62.077922,91.535685,-19.153629,0.944303,-0.328102,-0.025316,85.587866,-70.787209,0.328102,-0.944303,0.025316,-85.587866,70.787209,-0.328102,0.944303,0.025316,-91.535685,19.153629,-0.944303,0.328102,-0.025316,,,
96,2026-04-21,15:55:37.74,4,4,"Stabley, Thomas",1000146615,Right,MAI_BLA,"Wang, Nick",813482,Right,BOC_EAG,Undefined,3,Bottom,2,2,1,Slider,Slider,InPlay,Undefined,LineDrive,Single,0,0,,81.04879,-0.331097,-2.076062,2144.663547,173.267119,11:45,5.23657,1.8893,6.3976,-36.13411,5.22099,-0.47764,1.9207,-0.06059,75.06335,-7.04699,-2.162604,0.462845,106.29136,8.789591,-11.418396,5335.3605,107.76151,13.39317,-22.07833,235.22729,230.76754,-10.918311,2.103713,-0.27882,3.15587,-1.74014,50,5.19607,4.29033,-117.89827,-1.72776,-0.39558,20.743,-27.69674,BOC_EAG,MAI_BLA,HarringtonVillage,D1,ACC,20260421-HarringtonVillage-1,118dd5d0-3dbc-11f1-be13-814f369a648e,81.43634,13.7733,,5.98544,,,,0.91527,1.90402,0.09223,653c48cf-856e-4521-b1b6-52cd1878b7ca,2026-04-21,19:55:37.74,2026-04-21T15:55:37.7415680-04:00,2026-04-21T19:55:37.7415680Z,LineDrive,v3,227,471344,26593,"DeAndrade, Nolan",1000437002,Right,MAI_BLA,97ad53b1-fee4-4f36-9824-db8fc0e0106d,54.10283,-118.61792,10.3715,5.23935,-0.76685,-13.84837,-1.88923,4.30406,-0.19779,166.103935,0.91527,151.01363,-29.55341,6.93173,-1.5677,0.31938,-0.05898,0.00825,-0.00059,1.90402,23.82161,-11.74632,-0.51281,0.42079,-0.13688,0.03435,-0.00546,0.00041,0.09224,-30.50025,3.44354,1.25076,-0.65779,0.20912,-0.0496,0.00786,-0.00061,,,,,,,,,,,,,,,,,,,,,,,High,High,High,High,High,,,,194.740348,61.655606,1018.222497,0.47477,12:30,-0.895453,-0.125884,-0.426986,64.151292,-6.134389,73.771595,155.477516,-0.745554,0.415015,-0.013012,-0.909721,0.819462,-24.520272,0.013012,-0.415015,0.909721,-0.819462,24.520272,-0.013012,0.415015,0.909721,-155.477516,0.745554,-0.415015,0.013012,-0.909721,72.8435,9.87521,-8.38799
97,2026-04-21,15:56:23.84,5,1,"Stabley, Thomas",1000146615,Right,MAI_BLA,"Toomey, Jack",809057,Right,BOC_EAG,Undefined,3,Bottom,2,0,0,Fastball,Changeup,StrikeCalled,Undefined,Undefined,Undefined,0,0,,87.47001,-1.385082,-3.255138,1848.610621,215.90705,1:15,5.37992,1.73464,6.95795,-21.40891,13.78481,9.15477,2.33331,-0.46741,79.8572,-5.488155,-1.581743,0.426977,,,,,,,,,,,,-5.79107,8.09067,-1.53526,50,5.28634,6.89525,-127.03592,-3.60569,-9.43453,26.76718,-18.99309,BOC_EAG,MAI_BLA,HarringtonVillage,D1,ACC,20260421-HarringtonVillage-1,2d0a9410-3dbc-11f1-be13-814f369a648e,88.27753,,,7.61281,,,,,,,653c48cf-856e-4521-b1b6-52cd1878b7ca,2026-04-21,19:56:23.84,2026-04-21T15:56:23.8411776-04:00,2026-04-21T19:56:23.8411776Z,,v3,227,471344,26593,"DeAndrade, Nolan",1000437002,Right,MAI_BLA,827de157-f75a-4a5c-9f4c-1d1f8eff2fe6,53.53955,-127.77954,13.38359,5.37918,-3.07803,-9.49655,-1.73046,7.15735,-4.71727,,,,,,,,,,,,,,,,,,,,,,,,,,,,,,,,,,,,,,,,,,,,,,,,,,,High,High,High,,,,,,218.877584,22.817171,1703.951247,0.921747,1:15,-0.413836,-0.587747,-0.695193,-68.123611,-29.901369,60.093911,91.8022,-14.624029,0.967125,-0.252475,-0.03043,83.127414,-75.267746,0.252475,-0.967125,0.03043,-83.127414,75.267746,-0.252475,0.967125,0.03043,-91.8022,14.624029,-0.967125,0.252475,-0.03043,,,
98,2026-04-21,15:56:41.14,5,2,"Stabley, Thomas",1000146615,Right,MAI_BLA,"Toomey, Jack",809057,Right,BOC_EAG,Undefined,3,Bottom,2,0,1,Cutter,Slider,BallCalled,Undefined,Undefined,Undefined,0,0,,80.36732,-1.623386,-3.170989,2165.878126,154.489063,11:15,5.2202,1.97282,6.36188,-34.2562,8.5791,-3.41874,0.86886,-1.23324,73.56922,-8.009,-3.789034,0.471056,,,,,,,,,,,,0.84004,5.38217,-1.74168,50,5.08667,6.5793,-116.57684,-4.27811,1.14789,23.35855,-24.81962,BOC_EAG,MAI_BLA,HarringtonVillage,D1,ACC,20260421-HarringtonVillage-1,375e02d0-3dbc-11f1-be13-814f369a648e,80.01691,,,6.7981,,,,,,,653c48cf-856e-4521-b1b6-52cd1878b7ca,2026-04-21,19:56:41.14,2026-04-21T15:56:41.1475968-04:00,2026-04-21T19:56:41.1475968Z,,v3,227,471344,26593,"DeAndrade, Nolan",1000437002,Right,MAI_BLA,ac272163-a94c-4e3e-9c85-8ef6986754a8,54.13597,-117.40264,11.67928,5.22241,-3.40065,-12.40981,-1.97357,6.53872,0.57395,,,,,,,,,,,,,,,,,,,,,,,,,,,,,,,,,,,,,,,,,,,,,,,,,,,High,High,High,,,,,,177.519659,69.314638,765.065771,0.353236,12:00,-0.953681,-0.011223,-0.300611,-63.245633,56.205719,-22.798565,162.289521,-38.850829,0.236911,-0.627295,-0.741872,40.216415,-13.704302,0.627295,-0.236911,0.741872,-40.216415,13.704302,-0.627295,0.236911,0.741872,-162.289521,38.850829,-0.236911,0.627295,-0.741872,,,
99,2026-04-21,15:57:00.71,5,3,"Stabley, Thomas",1000146615,Right,MAI_BLA,"Toomey, Jack",809057,Right,BOC_EAG,Undefined,3,Bottom,2,1,1,Fastball,Four-Seam,BallCalled,Undefined,Undefined,Undefined,0,0,,87.23863,0.531243,-2.699029,1989.741726,206.774902,1:00,5.54847,1.67934,6.58071,-23.19745,12.43918,5.73721,4.10276,-0.31793,79.98012,-3.868226,-1.657695,0.429655,,,,,,,,,,,,-3.71449,6.72599,-1.49634,50,5.57499,5.75769,-126.7766,0.53338,-6.06962,24.94034,-21.18347,BOC_EAG,MAI_BLA,HarringtonVillage,D1,ACC,20260421-HarringtonVillage-1,43093960-3dbc-11f1-be13-814f369a648e,87.72726,,,7.25851,,,,,,,653c48cf-856e-4521-b1b6-52cd1878b7ca,2026-04-21,19:57:00.71,2026-04-21T15:57:00.7191040-04:00,2026-04-21T19:57:00.7191040Z,,v3,227,471344,26593,"DeAndrade, Nolan",1000437002,Right,MAI_BLA,9ea363ea-3991-4cb7-9320-05b8f64c25a5,53.91676,-127.5448,12.47017,5.54851,1.18586,-10.59174,-1.67657,5.94465,-3.03481,,,,,,,,,,,,,,,,,,,,,,,,,,,,,,,,,,,,,,,,,,,,,,,,,,,High,High,High,,,,,,214.367861,35.154125,1626.825103,0.817606,1:15,-0.611169,-0.456184,-0.646815,-63.980393,36.000741,-9.661495,176.982587,-30.369285,0.045417,-0.505571,-0.861589,30.403971,-2.60307,0.505571,-0.045417,0.861589,-30.403971,2.60307,-0.505571,0.045417,0.861589,-176.982587,30.369285,-0.045417,0.505571,-0.861589,,,
100,2026-04-21,15:57:42.44,5,4,"Stabley, Thomas",1000146615,Right,MAI_BLA,"Toomey, Jack",809057,Right,BOC_EAG,Undefined,3,Bottom,2,2,1,Fastball,Changeup,StrikeSwinging,Undefined,Undefined,Undefined,0,0,,86.54269,-0.926168,-3.209424,1860.667814,214.829592,1:15,5.41491,1.57626,7.09875,-19.75088,16.38481,10.49993,2.92719,-0.46407,78.08679,-4.771518,-1.285125,0.432653,,,,,,,,,,,,-6.60382,9.43493,-1.3874,50,5.35296,6.66695,-125.61116,-2.46384,-10.39583,28.93435,-17.32145,BOC_EAG,MAI_BLA,HarringtonVillage,D1,ACC,20260421-HarringtonVillage-1,5be50e00-3dbc-11f1-be13-814f369a648e,87.11939,,,8.4559,,,,,,,653c48cf-856e-4521-b1b6-52cd1878b7ca,2026-04-21,19:57:42.44,2026-04-21T15:57:42.4491520-04:00,2026-04-21T19:57:42.4491520Z,,v3,227,471344,26593,"DeAndrade, Nolan",1000437002,Right,MAI_BLA,cec64223-b7b3-433a-a48b-c3d67802ebc3,53.39668,-126.39116,14.46718,5.41308,-1.99689,-8.66073,-1.57091,6.94719,-5.19792,,,,,,,,,,,,,,,,,,,,,,,,,,,,,,,,,,,,,,,,,,,,,,,,,,,High,High,High,,,,,,218.388665,21.880654,1726.629283,0.927962,1:15,-0.403463,-0.582206,-0.705871,-75.410726,-30.299918,55.176912,93.81329,-14.103526,0.96771,-0.243675,-0.064501,75.173841,-75.400148,0.243675,-0.96771,0.064501,-75.173841,75.400148,-0.243675,0.96771,0.064501,-93.81329,14.103526,-0.96771,0.243675,-0.064501,,,
101,2026-04-21,15:58:05.86,5,5,"Stabley, Thomas",1000146615,Right,MAI_BLA,"Toomey, Jack",809057,Right,BOC_EAG,Undefined,3,Bottom,2,2,2,Fastball,Changeup,FoulBallNotFieldable,Undefined,Undefined,Undefined,0,0,,86.65841,-2.209517,-3.17798,1898.493884,212.584771,1:00,5.3763,1.68311,6.89903,-19.31414,17.0069,10.03784,1.75004,-0.3782,78.37871,-5.949151,-1.344917,0.433761,88.82261,11.521419,75.062445,4960.452294,17.34646,12.78305,108.62324,181.74015,93.44943,84.801393,1.861727,-6.31445,10.11414,-1.48559,50,5.22963,6.61155,-125.68333,-5.29866,-9.96452,28.6662,-16.21341,BOC_EAG,MAI_BLA,HarringtonVillage,D1,ACC,20260421-HarringtonVillage-1,69dfd9e0-3dbc-11f1-be13-814f369a648e,86.89678,13.01946,,8.2797,,,,-0.87587,1.54501,0.12049,653c48cf-856e-4521-b1b6-52cd1878b7ca,2026-04-21,19:58:05.86,2026-04-21T15:58:05.8609152-04:00,2026-04-21T19:58:05.8609152Z,LineDrive,v3,227,471344,26593,"DeAndrade, Nolan",1000437002,Right,MAI_BLA,06414128-7dfd-4c71-b939-6871bbadb38e,53.59702,-126.50109,14.3331,5.37418,-4.83614,-8.1067,-1.67825,6.89581,-4.98226,,-0.87588,32.90358,-18.36696,4.42636,-1.09037,0.29612,-0.08225,0.01715,-0.0017,1.54502,26.01877,-14.91345,-0.01548,0.39787,-0.28659,0.13833,-0.03757,0.00407,0.12049,123.33488,-21.03966,5.32587,-1.26219,0.35524,-0.10837,0.02484,-0.00264,,,,,,,,,,,,,,,,,,,,,,,High,High,High,Medium,Low,,,,219.05569,23.498832,1741.048371,0.917068,1:15,-0.415057,-0.592765,-0.690186,-66.166842,-21.214762,59.902101,96.062213,-22.022174,0.921855,-0.374965,-0.097903,75.366835,-67.19874,0.374965,-0.921855,0.097903,-75.366835,67.19874,-0.374965,0.921855,0.097903,-96.062213,22.022174,-0.921855,0.374965,-0.097903,66.36047,-13.04118,18.84485
102,2026-04-21,15:58:38.38,5,6,"Stabley, Thomas",1000146615,Right,MAI_BLA,"Toomey, Jack",809057,Right,BOC_EAG,Undefined,3,Bottom,2,2,2,Fastball,Changeup,StrikeSwinging,Strikeout,Undefined,Undefined,0,0,,86.22509,-0.323233,-3.294904,1889.442048,216.195725,1:15,5.40934,1.72024,7.08605,-20.31155,15.88099,10.72745,3.42284,-0.37969,78.22544,-4.260603,-1.329927,0.432993,,,,,,,,,,,,-6.69819,8.95363,-1.52572,50,5.38303,6.83021,-125.22482,-1.16116,-10.54886,27.22222,-18.07319,BOC_EAG,MAI_BLA,HarringtonVillage,D1,ACC,20260421-HarringtonVillage-1,7d3f9160-3dbc-11f1-be13-814f369a648e,87.05092,,,7.99965,,,,,,,653c48cf-856e-4521-b1b6-52cd1878b7ca,2026-04-21,19:58:38.38,2026-04-21T15:58:38.3823360-04:00,2026-04-21T19:58:38.3823360Z,,v3,227,471344,26593,"DeAndrade, Nolan",1000437002,Right,MAI_BLA,82c8e35e-cb5d-4580-bdfe-5be78618681c,53.41052,-125.96404,13.61111,5.4079,-0.67038,-9.03659,-1.71509,7.11667,-5.27443,,,,,,,,,,,,,,,,,,,,,,,,,,,,,,,,,,,,,,,,,,,,,,,,,,,High,High,High,,,,,,217.436611,22.633602,1743.926067,0.922985,1:15,-0.423157,-0.563229,-0.709726,-72.895997,-22.797475,50.738809,98.61107,-20.863689,0.923897,-0.356146,-0.139909,68.553042,-67.502611,0.356146,-0.923897,0.139909,-68.553042,67.502611,-0.356146,0.923897,0.139909,-98.61107,20.863689,-0.923897,0.356146,-0.139909,,,
103,2026-04-21,16:01:50.32,1,1,"Hard, Sean",695717,Right,BOC_EAG,"DeAndrade, Nolan",1000437002,Right,MAI_BLA,Undefined,4,Top,0,0,0,Slider,Slider,BallCalled,Undefined,Undefined,Undefined,0,0,,82.76508,-1.33991,-1.793924,2373.705552,70.336751,8:15,6.57088,1.19315,5.89253,-42.57565,-1.75291,-8.42567,1.77801,-1.17513,76.33097,-9.126602,-3.308652,0.459857,,,,,,,,,,,,3.80339,-0.10957,-1.04388,50,6.43864,4.09395,-120.20029,-4.24108,5.55488,23.67255,-32.33407,BOC_EAG,MAI_BLA,HarringtonVillage,D1,ACC,20260421-HarringtonVillage-1,efab1a30-3dbc-11f1-be13-814f369a648e,81.96562,,,6.43412,,,,,,,653c48cf-856e-4521-b1b6-52cd1878b7ca,2026-04-21,20:01:50.32,2026-04-21T16:01:50.3217152-04:00,2026-04-21T20:01:50.3217152Z,,v3,227,471344,26593,"Roossien, Jace",831501,Right,BOC_EAG,f5ab6294-89a2-4441-8772-6f0ad20494c6,54.60691,-121.10418,11.83627,6.577,-3.00646,-16.16703,-1.19615,3.88185,2.77744,,,,,,,,,,,,,,,,,,,,,,,,,,,,,,,,,,,,,,,,,,,,,,,,,,,High,High,High,,,,,,148.743648,83.325634,275.887206,0.116226,11:00,-0.996984,0.037064,-0.06818,-68.905932,32.868672,79.5052,151.048253,-4.861629,0.482331,-0.08475,-0.87188,5.551903,-28.837774,0.08475,-0.482331,0.87188,-5.551903,28.837774,-0.08475,0.482331,0.87188,-151.048253,4.861629,-0.482331,0.08475,-0.87188,,,
104,2026-04-21,16:02:09.78,1,2,"Hard, Sean",695717,Right,BOC_EAG,"DeAndrade, Nolan",1000437002,Right,MAI_BLA,Undefined,4,Top,0,1,0,Fastball,Four-Seam,StrikeCalled,Undefined,Undefined,Undefined,0,0,,92.54611,-3.691367,-2.007492,2319.345725,179.368622,12:00,6.62346,0.92523,6.47673,-10.68512,21.40985,-0.22421,2.33658,-0.93763,84.43694,-5.793027,-2.048132,0.407746,,,,,,,,,,,,-0.45846,12.57056,-0.7839,50,6.3581,4.71287,-134.19379,-8.87543,-0.8335,29.84593,-9.31988,BOC_EAG,MAI_BLA,HarringtonVillage,D1,ACC,20260421-HarringtonVillage-1,fb3cd550-3dbc-11f1-be13-814f369a648e,92.44091,,,8.10917,,,,,,,653c48cf-856e-4521-b1b6-52cd1878b7ca,2026-04-21,20:02:09.78,2026-04-21T16:02:09.7805824-04:00,2026-04-21T20:02:09.7805824Z,,v3,227,471344,26593,"Roossien, Jace",831501,Right,BOC_EAG,f778f2d0-db95-4d23-8b55-0c9c9e7e5a95,54.0206,-135.08505,14.92296,6.61898,-8.59712,-4.65994,-0.925,4.73776,-0.41675,,,,,,,,,,,,,,,,,,,,,,,,,,,,,,,,,,,,,,,,,,,,,,,,,,,High,High,High,,,,,,190.531499,25.07844,2100.697203,0.905728,12:15,-0.443261,-0.192491,-0.875481,-31.019424,15.931028,-51.629367,173.051899,2.941541,0.120811,0.051317,-0.991348,2.963264,6.938901,0.051317,0.120811,0.991348,-2.963264,-6.938901,-0.051317,-0.120811,0.991348,-173.051899,-2.941541,-0.120811,-0.051317,-0.991348,,,
105,2026-04-21,16:02:24.01,1,3,"Hard, Sean",695717,Right,BOC_EAG,"DeAndrade, Nolan",1000437002,Right,MAI_BLA,Undefined,4,Top,0,1,1,Fastball,Four-Seam,StrikeSwinging,Undefined,Undefined,Undefined,0,0,,92.12573,-2.97226,-2.213395,2277.650164,185.544258,12:15,6.60878,1.00396,6.58917,-10.13989,22.22808,2.04925,3.0358,-0.85443,83.58442,-4.997123,-1.841261,0.409477,,,,,,,,,,,,-1.73622,12.86847,-0.85329,50,6.40027,5.08085,-133.61535,-7.1109,-3.11344,30.9583,-9.09801,BOC_EAG,MAI_BLA,HarringtonVillage,D1,ACC,20260421-HarringtonVillage-1,03b6a210-3dbd-11f1-be13-814f369a648e,92.05023,,,8.54131,,,,,,,653c48cf-856e-4521-b1b6-52cd1878b7ca,2026-04-21,20:02:24.01,2026-04-21T16:02:24.0158208-04:00,2026-04-21T20:02:24.0158208Z,,v3,227,471344,26593,"Roossien, Jace",831501,Right,BOC_EAG,03453402-e2e7-4750-83b7-7f337301fbfc,53.90692,-134.51753,15.47915,6.60363,-6.84577,-4.54901,-1.00267,5.17158,-1.55672,,,,,,,,,,,,,,,,,,,,,,,,,,,,,,,,,,,,,,,,,,,,,,,,,,,High,High,High,,,,,,189.770729,22.751406,2100.429577,0.922191,12:15,-0.412916,-0.176344,-0.893534,-22.77853,1.024787,-58.905204,177.325873,3.665614,0.04656,0.063933,-0.996867,3.669599,2.668652,0.063933,0.04656,0.996867,-3.669599,-2.668652,-0.063933,-0.04656,0.996867,-177.325873,-3.665614,-0.04656,-0.063933,-0.996867,,,
106,2026-04-21,16:02:38.61,1,4,"Hard, Sean",695717,Right,BOC_EAG,"DeAndrade, Nolan",1000437002,Right,MAI_BLA,Undefined,4,Top,0,1,2,Fastball,Four-Seam,BallCalled,Undefined,Undefined,Undefined,0,0,,91.26945,-4.444623,-3.648292,2264.58559,175.774297,11:45,6.59525,0.74629,6.55522,-12.43997,20.79241,-1.45047,1.46682,-2.72424,82.95597,-6.868358,-3.910853,0.414908,,,,,,,,,,,,-0.34925,12.57575,-0.49383,50,6.28162,8.47293,-131.96721,-10.53583,-0.61068,30.29994,-10.18437,BOC_EAG,MAI_BLA,HarringtonVillage,D1,ACC,20260421-HarringtonVillage-1,0c6cdb90-3dbd-11f1-be13-814f369a648e,90.84523,,,8.31348,,,,,,,653c48cf-856e-4521-b1b6-52cd1878b7ca,2026-04-21,20:02:38.61,2026-04-21T16:02:38.6189312-04:00,2026-04-21T20:02:38.6189312Z,,v3,227,471344,26593,"Roossien, Jace",831501,Right,BOC_EAG,e95250c4-fe32-4dd5-aac1-a76ebef59846,53.94063,-132.8689,15.14997,6.59065,-10.23276,-5.09219,-0.74625,8.49111,-0.30534,,,,,,,,,,,,,,,,,,,,,,,,,,,,,,,,,,,,,,,,,,,,,,,,,,,High,High,High,,,,,,188.987389,31.407105,1932.792515,0.853486,12:15,-0.561826,-0.173312,-0.808897,-31.172152,21.813551,-41.56469,179.05814,1.008782,0.016435,0.017606,-0.99971,1.008918,0.941714,0.017606,0.016435,0.99971,-1.008918,-0.941714,-0.017606,-0.016435,0.99971,-179.05814,-1.008782,-0.016435,-0.017606,-0.99971,,,
107,2026-04-21,16:02:57.13,1,5,"Hard, Sean",695717,Right,BOC_EAG,"DeAndrade, Nolan",1000437002,Right,MAI_BLA,Undefined,4,Top,0,2,2,Curveball,Slider,BallCalled,Undefined,Undefined,Undefined,0,0,,81.80266,0.934851,-2.655291,2330.636518,45.308214,7:30,6.61061,1.15194,5.8166,-47.32814,-5.17949,-6.61087,3.53682,-1.8696,74.81133,-7.74103,-3.839046,0.467265,,,,,,,,,,,,2.56823,-2.46256,-0.93059,50,6.65949,5.76643,-118.68371,0.32784,3.63825,24.15615,-35.66261,BOC_EAG,MAI_BLA,HarringtonVillage,D1,ACC,20260421-HarringtonVillage-1,177d31b0-3dbd-11f1-be13-814f369a648e,80.66609,,,6.99133,,,,,,,653c48cf-856e-4521-b1b6-52cd1878b7ca,2026-04-21,20:02:57.13,2026-04-21T16:02:57.1313152-04:00,2026-04-21T20:02:57.1313152Z,,v3,227,471344,26593,"Roossien, Jace",831501,Right,BOC_EAG,f1b2f8dc-3b30-45f9-9f1c-10487fd5fd40,54.68244,-119.63295,12.07807,6.61908,1.72923,-17.8313,-1.15438,5.62346,1.81913,,,,,,,,,,,,,,,,,,,,,,,,,,,,,,,,,,,,,,,,,,,,,,,,,,,High,High,High,,,,,,70.965656,83.227972,274.82675,0.117919,8:15,-0.988227,0.127659,0.08433,-57.955301,32.785499,81.665623,151.528847,-3.457498,0.475849,-0.060308,-0.877457,3.931787,-28.414612,0.060308,-0.475849,0.877457,-3.931787,28.414612,-0.060308,0.475849,0.877457,-151.528847,3.457498,-0.475849,0.060308,-0.877457,,,
108,2026-04-21,16:03:13.50,1,6,"Hard, Sean",695717,Right,BOC_EAG,"DeAndrade, Nolan",1000437002,Right,MAI_BLA,Undefined,4,Top,0,3,2,Fastball,Four-Seam,FoulBallNotFieldable,Undefined,Undefined,Undefined,0,0,,92.1874,-2.369226,-1.189406,2262.963413,185.11448,12:15,6.53537,0.93657,6.6294,-11.05048,21.19115,1.79705,3.44351,-0.00286,83.55805,-4.564963,-0.862468,0.408677,74.53327,38.05182,168.369526,3207.189453,,,,,46.48137,,,-1.31154,12.21705,-0.85674,50,6.36996,2.70825,-133.86196,-5.7517,-2.35635,31.55185,-10.22457,BOC_EAG,MAI_BLA,HarringtonVillage,D1,ACC,20260421-HarringtonVillage-1,212dd0c0-3dbd-11f1-be13-814f369a648e,92.23045,32.85537,,8.62934,,,,0.98336,3.541,0.00847,653c48cf-856e-4521-b1b6-52cd1878b7ca,2026-04-21,20:03:13.50,2026-04-21T16:03:13.5076864-04:00,2026-04-21T20:03:13.5076864Z,,v3,227,471344,26593,"Roossien, Jace",831501,Right,BOC_EAG,9a4defd4-d15d-45c8-92b1-26014b9bdf49,53.86803,-134.77059,15.77593,6.53135,-5.45725,-5.11229,-0.93571,2.77611,-1.17817,328.265807,0.98336,-84.31318,5.00146,0.6854,-1.06176,3.24503,-7.24906,8.50741,-3.9521,3.541,67.3793,-30.78432,4.40595,-2.10009,5.15332,-11.41467,13.27736,-6.09974,0.00847,17.35401,-7.65866,2.37218,-1.8176,5.50782,-12.38631,14.45611,-6.66169,,,,,,,,,,,,,,,,,,,,,,,High,High,High,High,Undefined,,,,189.122653,26.727962,2021.170306,0.893152,12:15,-0.461726,-0.160079,-0.872458,-22.551668,3.881306,-58.695651,177.477252,6.013592,0.043774,0.104764,-0.993533,6.019383,2.508857,0.104764,0.043774,0.993533,-6.019383,-2.508857,-0.104764,-0.043774,0.993533,-177.477252,-6.013592,-0.043774,-0.104764,-0.993533,76.2296,26.81765,-17.24719
109,2026-04-21,16:03:33.97,1,7,"Hard, Sean",695717,Right,BOC_EAG,"DeAndrade, Nolan",1000437002,Right,MAI_BLA,Undefined,4,Top,0,3,2,Fastball,Four-Seam,BallCalled,Walk,Undefined,Undefined,0,0,,91.89004,-2.642377,-2.667873,2334.959606,177.271857,12:00,6.65,0.95797,6.63116,-10.02784,22.76938,-1.02681,3.39071,-1.572,82.60843,-4.668619,-2.854316,0.412183,,,,,,,,,,,,-0.3474,13.1265,-0.77706,50,6.46588,6.24624,-133.13392,-6.28895,-0.61246,33.30865,-9.03219,BOC_EAG,MAI_BLA,HarringtonVillage,D1,ACC,20260421-HarringtonVillage-1,2d696070-3dbd-11f1-be13-814f369a648e,91.44595,,,9.28161,,,,,,,653c48cf-856e-4521-b1b6-52cd1878b7ca,2026-04-21,20:03:33.97,2026-04-21T16:03:33.9713024-04:00,2026-04-21T20:03:33.9713024Z,,v3,227,471344,26593,"Roossien, Jace",831501,Right,BOC_EAG,2cbe4346-4de2-4f1a-94f6-2765ebe2c591,53.86242,-134.09677,16.65432,6.6439,-6.02786,-4.5161,-0.95788,6.26395,-0.30623,,,,,,,,,,,,,,,,,,,,,,,,,,,,,,,,,,,,,,,,,,,,,,,,,,,High,High,High,,,,,,190.287865,26.595761,2087.891362,0.894187,12:15,-0.48033,-0.180166,-0.858384,-28.904834,8.215462,-62.803324,176.341789,-1.801565,0.063773,-0.031438,-0.997469,1.805241,-3.656401,0.031438,-0.063773,0.997469,-1.805241,3.656401,-0.031438,0.063773,0.997469,-176.341789,1.801565,-0.063773,0.031438,-0.997469,,,
110,2026-04-21,16:04:07.59,2,1,"Hard, Sean",695717,Right,BOC_EAG,"Bear, Chris",10289909,Right,MAI_BLA,Undefined,4,Top,0,0,0,Fastball,Four-Seam,StrikeSwinging,Undefined,Undefined,Undefined,0,0,,92.14353,-3.901786,-0.627673,2319.664954,191.915003,12:30,6.63891,1.10637,6.40325,-9.0752,23.50171,4.7211,2.28897,0.9226,83.69623,-5.723032,0.227667,0.410796,,,,,,,,,,,,-2.65268,13.77288,-1.06346,50,6.35454,1.271,-133.59981,-9.26074,-4.75852,30.79819,-7.46753,BOC_EAG,MAI_BLA,HarringtonVillage,D1,ACC,20260421-HarringtonVillage-1,41702d60-3dbd-11f1-be13-814f369a648e,91.75462,,,8.4473,,,,,,,653c48cf-856e-4521-b1b6-52cd1878b7ca,2026-04-21,20:04:07.59,2026-04-21T16:04:07.5995648-04:00,2026-04-21T20:04:07.5995648Z,,v3,227,471344,26593,"Roossien, Jace",831501,Right,BOC_EAG,f51c1738-0e93-4a1f-b470-09a24100f97f,54.09437,-134.54036,15.39909,6.63387,-9.03269,-3.73376,-1.10449,1.41632,-2.37926,,,,,,,,,,,,,,,,,,,,,,,,,,,,,,,,,,,,,,,,,,,,,,,,,,,High,High,High,,,,,,190.423761,19.512929,2186.437651,0.942566,12:15,-0.331777,-0.192869,-0.923431,-17.719134,12.976129,-37.212333,176.338377,-3.106231,0.06377,-0.054187,-0.996492,3.112573,-3.656236,0.054187,-0.06377,0.996492,-3.112573,3.656236,-0.054187,0.06377,0.996492,-176.338377,3.106231,-0.06377,0.054187,-0.996492,,,
111,2026-04-21,16:04:27.76,2,2,"Hard, Sean",695717,Right,BOC_EAG,"Bear, Chris",10289909,Right,MAI_BLA,Undefined,4,Top,0,0,1,Fastball,Four-Seam,FoulBallNotFieldable,Undefined,Undefined,Undefined,0,0,,91.94673,-2.396845,-1.310581,2311.299654,191.122216,12:15,6.7432,0.91422,6.20246,-12.10993,21.08777,3.90469,3.51974,0.02966,82.73153,-4.785492,-0.605926,0.414692,79.60755,6.551985,177.968981,1364.961136,,,,62.22048,35.18287,174.750473,0.557808,-2.38725,11.90749,-0.81728,50,6.55601,2.86873,-133.21312,-5.8168,-4.22624,32.56705,-11.09354,BOC_EAG,MAI_BLA,HarringtonVillage,D1,ACC,20260421-HarringtonVillage-1,4d806750-3dbd-11f1-be13-814f369a648e,90.8927,4.6363,,9.2152,,,,1.34535,3.37939,-0.01233,653c48cf-856e-4521-b1b6-52cd1878b7ca,2026-04-21,20:04:27.76,2026-04-21T16:04:27.7647872-04:00,2026-04-21T20:04:27.7647872Z,GroundBall,v3,227,471344,26593,"Roossien, Jace",831501,Right,BOC_EAG,232c5fd0-ac42-4f46-92f9-971f330d5ce8,54.28785,-134.25729,16.28353,6.73681,-5.46112,-5.54677,-0.91143,3.00424,-2.11312,,1.37822,-116.70179,5.55098,,,,,,,3.39107,13.04822,-34.3282,,,,,,,-0.02087,4.31202,10.6601,,,,,,,,,,,,,,,,,,,,,,,,,,,,,High,High,High,Medium,Medium,,,,188.539777,13.473398,2247.688535,0.972478,12:15,-0.248687,-0.154027,-0.956259,-16.923765,11.366553,-34.918498,175.678553,1.316527,0.075332,0.022976,-0.996894,1.32028,4.320304,0.022976,0.075332,0.996894,-1.32028,-4.320304,-0.022976,-0.075332,0.996894,-175.678553,-1.316527,-0.075332,-0.022976,-0.996894,66.74233,18.23449,-5.2049
112,2026-04-21,16:04:47.74,2,3,"Hard, Sean",695717,Right,BOC_EAG,"Bear, Chris",10289909,Right,MAI_BLA,Undefined,4,Top,0,0,2,Curveball,Curveball,BallCalled,Undefined,Undefined,Undefined,0,0,,80.77302,4.471448,-0.379506,2335.489562,33.193313,7:00,6.64861,1.17369,5.75475,-46.45184,-3.49083,-3.09977,6.94853,0.5621,74.00648,-4.052071,-0.933426,0.471747,,,,,,,,,,,,1.45323,-2.40221,-1.14046,50,6.99264,0.9019,-117.07564,7.5659,2.03146,20.61752,-35.5321,BOC_EAG,MAI_BLA,HarringtonVillage,D1,ACC,20260421-HarringtonVillage-1,5961c910-3dbd-11f1-be13-814f369a648e,79.89975,,,6.76655,,,,,,,653c48cf-856e-4521-b1b6-52cd1878b7ca,2026-04-21,20:04:47.74,2026-04-21T16:04:47.7412352-04:00,2026-04-21T20:04:47.7412352Z,,v3,227,471344,26593,"Roossien, Jace",831501,Right,BOC_EAG,10b34ad2-65a8-4620-a3a2-b62de5ec49bc,54.74371,-117.90807,10.30876,6.65821,9.0005,-17.76605,-1.17522,0.81988,1.01573,,,,,,,,,,,,,,,,,,,,,,,,,,,,,,,,,,,,,,,,,,,,,,,,,,,High,High,High,,,,,,88.795675,81.599572,341.19266,0.14609,9:00,-0.974831,0.222739,0.009528,92.922237,-33.931104,53.280837,160.369351,-10.733699,0.330077,-0.186245,-0.925398,11.379264,-19.273473,0.186245,-0.330077,0.925398,-11.379264,19.273473,-0.186245,0.330077,0.925398,-160.369351,10.733699,-0.330077,0.186245,-0.925398,,,
113,2026-04-21,16:05:17.46,2,4,"Hard, Sean",695717,Right,BOC_EAG,"Bear, Chris",10289909,Right,MAI_BLA,Undefined,4,Top,0,1,2,Slider,Slider,BallCalled,Undefined,Undefined,Undefined,0,0,,83.22098,0.744983,-0.508269,2300.355525,97.345677,9:15,6.61006,1.39081,5.95535,-37.91963,2.06945,-6.95756,4.14103,0.33965,76.67552,-6.253568,-1.759232,0.455137,,,,,,,,,,,,3.41847,1.26626,-1.34669,50,6.6482,1.34804,-120.99488,0.32162,5.09397,22.46034,-30.28715,BOC_EAG,MAI_BLA,HarringtonVillage,D1,ACC,20260421-HarringtonVillage-1,6b186470-3dbd-11f1-be13-814f369a648e,82.81562,,,6.54547,,,,,,,653c48cf-856e-4521-b1b6-52cd1878b7ca,2026-04-21,20:05:17.46,2026-04-21T16:05:17.4647808-04:00,2026-04-21T20:05:17.4647808Z,,v3,227,471344,26593,"Roossien, Jace",831501,Right,BOC_EAG,02ccb57e-83d4-457c-95c6-7fd5e24627c6,54.54342,-121.83536,11.23017,6.61495,1.45499,-15.14357,-1.39357,1.15742,2.54698,,,,,,,,,,,,,,,,,,,,,,,,,,,,,,,,,,,,,,,,,,,,,,,,,,,High,High,High,,,,,,156.494943,78.063859,475.762666,0.206821,11:15,-0.978868,0.095201,-0.180984,-86.486494,45.326707,57.867753,149.898259,-10.403872,0.493291,-0.180586,-0.850913,11.981865,-29.557146,0.180586,-0.493291,0.850913,-11.981865,29.557146,-0.180586,0.493291,0.850913,-149.898259,10.403872,-0.493291,0.180586,-0.850913,,,
114,2026-04-21,16:05:38.63,2,5,"Hard, Sean",695717,Right,BOC_EAG,"Bear, Chris",10289909,Right,MAI_BLA,Undefined,4,Top,0,2,2,Fastball,Four-Seam,InPlay,Undefined,FlyBall,Out,1,0,,90.47194,-2.98584,-1.786523,2348.282285,179.534526,12:00,6.59993,0.92392,6.76718,-12.80572,20.16977,-0.15551,2.80233,-0.72102,83.01164,-5.481169,-1.814877,0.413301,97.62044,22.995299,0.388318,2158.533281,109.91951,46.04165,4.20369,336.99542,330.93948,8.071257,4.630405,-0.40429,11.8367,-0.80724,50,6.39947,4.10552,-131.44187,-7.13525,-0.70866,27.37094,-11.42726,BOC_EAG,MAI_BLA,HarringtonVillage,D1,ACC,20260421-HarringtonVillage-1,77b2dd00-3dbd-11f1-be13-814f369a648e,91.19842,64.78157,,7.4603,,,,1.39264,2.83537,0.71434,653c48cf-856e-4521-b1b6-52cd1878b7ca,2026-04-21,20:05:38.63,2026-04-21T16:05:38.6357248-04:00,2026-04-21T20:05:38.6357248Z,LineDrive,v3,227,471344,26593,"Roossien, Jace",831501,Right,BOC_EAG,d4b8363d-b218-45d0-ab9c-435b485ad3e7,53.73213,-132.21676,13.68547,6.59689,-6.81174,-5.71363,-0.92375,4.12558,-0.35433,191.714167,1.39282,131.79077,-28.68627,6.85557,-1.50332,0.31343,-0.05291,0.00566,-0.00027,2.83577,55.92506,-12.36189,-0.60658,0.44926,-0.16503,0.03595,-0.004,0.00017,0.71468,0.88569,2.9402,-0.38309,0.07145,-0.01535,0.00293,-0.0003,1E-05,,,,,,,,,,,,,,,,,,,,,,,High,High,High,High,Medium,,,,189.094849,24.706104,2133.329104,0.908464,12:15,-0.437683,-0.165177,-0.883827,-36.795064,4.423426,-76.069111,172.88035,8.807421,0.12248,0.153114,-0.980589,8.874774,7.035272,0.153114,0.12248,0.980589,-8.874774,-7.035272,-0.153114,-0.12248,0.980589,-172.88035,-8.807421,-0.12248,-0.153114,-0.980589,65.85968,17.0086,-6.99984
115,2026-04-21,16:06:26.21,3,1,"Hard, Sean",695717,Right,BOC_EAG,"Pepe, Nic",1000115861,Left,MAI_BLA,Undefined,4,Top,1,0,0,Curveball,Curveball,StrikeCalled,Undefined,Undefined,Undefined,0,0,,80.29881,0.258893,-0.372196,2560.114783,28.25665,7:00,6.7194,1.2631,5.67639,-56.51212,-12.5991,-7.53422,2.25142,0.28827,73.70976,-10.022407,-1.723933,0.476945,,,,,,,,,,,,3.70154,-5.99685,-1.227,50,6.706,1.05525,-116.65667,-1.43796,5.05652,23.72516,-40.36612,BOC_EAG,MAI_BLA,HarringtonVillage,D1,ACC,20260421-HarringtonVillage-1,941c4530-3dbd-11f1-be13-814f369a648e,79.02894,,,6.58904,,,,,,,653c48cf-856e-4521-b1b6-52cd1878b7ca,2026-04-21,20:06:26.21,2026-04-21T16:06:26.2193152-04:00,2026-04-21T20:06:26.2193152Z,,v3,227,471344,26593,"Roossien, Jace",831501,Right,BOC_EAG,8c5b0e6a-c6ae-491b-ba84-e0d922433020,54.82499,-117.63386,11.86258,6.73099,0.22464,-20.18306,-1.26618,0.84698,2.52826,,,,,,,,,,,,,,,,,,,,,,,,,,,,,,,,,,,,,,,,,,,,,,,,,,,High,High,High,,,,,,19.446631,67.612465,975.068945,0.380869,6:45,-0.921694,0.130979,0.365136,56.1483,-55.067459,-76.896595,175.353766,-6.122046,0.080541,-0.106647,-0.99103,6.142076,-4.619679,0.106647,-0.080541,0.99103,-6.142076,4.619679,-0.106647,0.080541,0.99103,-175.353766,6.122046,-0.080541,0.106647,-0.99103,,,
116,2026-04-21,16:06:44.96,3,2,"Hard, Sean",695717,Right,BOC_EAG,"Pepe, Nic",1000115861,Left,MAI_BLA,Undefined,4,Top,1,0,1,Fastball,Four-Seam,BallCalled,Undefined,Undefined,Undefined,0,0,,90.87082,-1.507451,0.646852,2221.564197,177.942531,12:00,6.72606,1.238,6.05585,-10.29587,24.05261,-0.81646,4.47233,1.76872,81.18318,-3.589495,0.499903,0.421818,66.99791,1.337953,-176.903467,4708.814635,,,,63.08794,43.06084,-176.027097,0.681374,0.63413,13.15902,-1.28785,50,6.60293,-1.44966,-131.65851,-3.6251,1.08865,33.66433,-9.58298,BOC_EAG,MAI_BLA,HarringtonVillage,D1,ACC,20260421-HarringtonVillage-1,9f3d1610-3dbd-11f1-be13-814f369a648e,89.3571,4.2548,,9.68765,,,,,,,653c48cf-856e-4521-b1b6-52cd1878b7ca,2026-04-21,20:06:44.96,2026-04-21T16:06:44.9699840-04:00,2026-04-21T20:06:44.9699840Z,GroundBall,v3,227,471344,26593,"Roossien, Jace",831501,Right,BOC_EAG,dc18f8b9-f0a4-4909-a897-b35d4ec5c5db,54.43555,-132.78782,16.83217,6.71914,-3.30363,-4.79149,-1.23861,-1.48618,0.54432,157.049832,-1.77168,-97.46219,11.35701,,,,,,,4.15713,2.16362,-12.14394,,,,,,,-1.68608,-5.17822,1.82913,,,,,,,,,,,,,,,,,,,,,,,,,,,,,High,High,High,Medium,Medium,,,,192.143017,20.954391,2074.641935,0.933865,12:30,-0.342004,-0.205781,-0.91689,-16.929888,13.565026,-26.587084,179.594175,-2.76145,0.007075,-0.048178,-0.998814,2.761519,-0.405353,0.048178,-0.007075,0.998814,-2.761519,0.405353,-0.048178,0.007075,0.998814,-179.594175,2.76145,-0.007075,0.048178,-0.998814,,,
117,2026-04-21,16:07:16.28,3,3,"Hard, Sean",695717,Right,BOC_EAG,"Pepe, Nic",1000115861,Left,MAI_BLA,Undefined,4,Top,1,1,1,Curveball,Curveball,BallCalled,Undefined,Undefined,Undefined,0,0,,79.22889,2.237151,-0.399883,2319.797745,21.586859,6:45,6.6457,1.31922,5.83468,-57.50306,-13.04398,-5.68307,3.93427,0.47394,73.03007,-8.268434,-1.420387,0.479901,,,,,,,,,,,,2.77933,-6.79477,-1.28333,50,6.79467,1.02115,-115.16559,2.56484,3.73875,21.06563,-41.31427,BOC_EAG,MAI_BLA,HarringtonVillage,D1,ACC,20260421-HarringtonVillage-1,b1ee6520-3dbd-11f1-be13-814f369a648e,78.54212,,,6.19882,,,,,,,653c48cf-856e-4521-b1b6-52cd1878b7ca,2026-04-21,20:07:16.28,2026-04-21T16:07:16.2884096-04:00,2026-04-21T20:07:16.2884096Z,,v3,227,471344,26593,"Roossien, Jace",831501,Right,BOC_EAG,905671e1-20d2-4b40-bc55-dc5137add9c3,54.6681,-116.01632,10.53282,6.6574,4.2333,-20.65714,-1.32152,0.87016,1.86937,,,,,,,,,,,,,,,,,,,,,,,,,,,,,,,,,,,,,,,,,,,,,,,,,,,High,High,High,,,,,,20.406242,66.321916,931.624981,0.401598,6:45,-0.907003,0.175669,0.382734,47.863415,-56.034291,-73.879728,172.228583,-4.746203,0.134758,-0.082742,-0.987418,4.789995,-7.744605,0.082742,-0.134758,0.987418,-4.789995,7.744605,-0.082742,0.134758,0.987418,-172.228583,4.746203,-0.134758,0.082742,-0.987418,,,
118,2026-04-21,16:07:36.71,3,4,"Hard, Sean",695717,Right,BOC_EAG,"Pepe, Nic",1000115861,Left,MAI_BLA,Undefined,4,Top,1,2,1,Fastball,Four-Seam,BallCalled,Undefined,Undefined,Undefined,0,0,,90.08812,-0.058762,-1.150596,2344.960146,180.283399,12:00,6.65661,1.18177,6.46991,-13.82705,20.00383,0.09343,5.45037,0.13271,81.75947,-2.764396,-1.133652,0.418628,,,,,,,,,,,,-0.38827,10.76741,-1.10073,50,6.64571,2.62478,-130.87827,-0.43918,-0.66936,29.17844,-13.61066,BOC_EAG,MAI_BLA,HarringtonVillage,D1,ACC,20260421-HarringtonVillage-1,be12c350-3dbd-11f1-be13-814f369a648e,90.03808,,,8.32865,,,,,,,653c48cf-856e-4521-b1b6-52cd1878b7ca,2026-04-21,20:07:36.71,2026-04-21T16:07:36.7112192-04:00,2026-04-21T20:07:36.7112192Z,,v3,227,471344,26593,"Roossien, Jace",831501,Right,BOC_EAG,5b05601c-fd18-42b6-aae4-b827e9018b0d,54.02524,-131.77261,14.58922,6.65278,-0.022,-6.80533,-1.1815,2.6453,-0.33468,,,,,,,,,,,,,,,,,,,,,,,,,,,,,,,,,,,,,,,,,,,,,,,,,,,High,High,High,,,,,,193.467169,27.037254,2088.682142,0.890711,12:30,-0.471659,-0.207902,-0.856921,-31.167075,-1.932075,-70.790016,179.28515,0.26799,0.012476,0.004677,-0.999911,0.268011,0.714843,0.004677,0.012476,0.999911,-0.268011,-0.714843,-0.004677,-0.012476,0.999911,-179.28515,-0.26799,-0.012476,-0.004677,-0.999911,,,
119,2026-04-21,16:08:08.64,3,5,"Hard, Sean",695717,Right,BOC_EAG,"Pepe, Nic",1000115861,Left,MAI_BLA,Undefined,4,Top,1,3,1,Fastball,Four-Seam,FoulBallNotFieldable,Undefined,Undefined,Undefined,0,0,,91.07974,-2.643573,-1.339164,2282.582633,185.412652,12:15,6.59382,1.09999,6.61132,-12.58394,20.46997,1.83173,3.12147,0.02585,82.64618,-5.117111,-1.006042,0.413793,66.69225,64.538711,-133.156015,4007.303534,,,,,24.81601,,,-1.37102,11.91111,-1.00962,50,6.4083,3.0189,-132.21471,-6.37131,-2.40472,30.59183,-11.28232,BOC_EAG,MAI_BLA,HarringtonVillage,D1,ACC,20260421-HarringtonVillage-1,d11d07d0-3dbd-11f1-be13-814f369a648e,91.09017,45.8385,,8.43356,,,,0.6075,3.17925,-0.05226,653c48cf-856e-4521-b1b6-52cd1878b7ca,2026-04-21,20:08:08.64,2026-04-21T16:08:08.6459392-04:00,2026-04-21T20:08:08.6459392Z,,v3,227,471344,26593,"Roossien, Jace",831501,Right,BOC_EAG,9285ee48-4074-4fa3-88b1-2c57d213ea56,53.88586,-133.11078,15.29592,6.59008,-6.04084,-5.64116,-1.09908,3.08934,-1.20236,14.97006,0.6075,-28.76265,-4.2746,1.79182,1.46662,-7.82282,16.61738,-17.28388,7.07994,3.17925,88.31451,-30.27754,3.59292,1.26916,-7.88206,16.54255,-16.96814,6.86477,-0.05226,-30.67615,2.51406,0.32077,1.36709,-6.17658,13.0581,-13.59002,5.57225,,,,,,,,,,,,,,,,,,,,,,,High,High,High,High,Undefined,,,,187.990093,27.71981,2020.617142,0.885233,12:15,-0.47934,-0.144372,-0.865673,-42.186333,16.437177,-65.812004,169.236662,11.644743,0.182909,0.201843,-0.962187,11.847434,10.539245,0.201843,0.182909,0.962187,-11.847434,-10.539245,-0.201843,-0.182909,0.962187,-169.236662,-11.644743,-0.182909,-0.201843,-0.962187,68.42844,21.43274,2.96909
120,2026-04-21,16:08:32.77,3,6,"Hard, Sean",695717,Right,BOC_EAG,"Pepe, Nic",1000115861,Left,MAI_BLA,Undefined,4,Top,1,3,2,Fastball,Four-Seam,BallCalled,Walk,Undefined,Undefined,0,0,,90.66251,-1.621664,-1.442654,2349.799131,181.784266,12:00,6.63105,1.01288,6.61755,-12.64426,20.80497,0.61126,4.09136,-0.25766,81.87807,-4.122851,-1.3315,0.41626,,,,,,,,,,,,-0.77291,11.75363,-0.91514,50,6.515,3.28974,-131.60803,-3.97374,-1.3383,31.25816,-11.82247,BOC_EAG,MAI_BLA,HarringtonVillage,D1,ACC,20260421-HarringtonVillage-1,df82ca80-3dbd-11f1-be13-814f369a648e,90.55026,,,8.78444,,,,,,,653c48cf-856e-4521-b1b6-52cd1878b7ca,2026-04-21,20:08:32.77,2026-04-21T16:08:32.7713280-04:00,2026-04-21T20:08:32.7713280Z,,v3,227,471344,26593,"Roossien, Jace",831501,Right,BOC_EAG,0e119d6e-8985-4c6b-9cc5-f274aa49cbcf,53.8772,-132.5257,15.62908,6.62657,-3.62665,-5.91123,-1.0123,3.32903,-0.66915,,,,,,,,,,,,,,,,,,,,,,,,,,,,,,,,,,,,,,,,,,,,,,,,,,,High,High,High,,,,,,185.141078,25.019054,2129.310886,0.906167,12:15,-0.443041,-0.093136,-0.89165,-31.631612,6.404282,-62.704385,178.837851,-5.763079,0.020179,-0.100415,-0.994741,5.764257,-1.156274,0.100415,-0.020179,0.994741,-5.764257,1.156274,-0.100415,0.020179,0.994741,-178.837851,5.763079,-0.020179,0.100415,-0.994741,,,
121,2026-04-21,16:09:36.61,4,1,"Hard, Sean",695717,Right,BOC_EAG,"Murphy, Quinn",1000527191,Left,MAI_BLA,Undefined,4,Top,1,0,0,Fastball,Four-Seam,InPlay,Undefined,Bunt,Out,1,0,,90.59609,-2.558535,-1.602976,2332.333692,173.854016,11:45,6.57872,1.01257,6.55218,-13.36296,20.2143,-2.04957,3.1166,-0.62847,82.02974,-5.176287,-1.975169,0.417056,29.79214,-66.965641,31.604177,,,,,4.72772,4.7277,15.897295,0.079698,0.57878,11.78847,-0.90108,50,6.39606,3.75876,-131.47655,-6.1762,1.00055,31.09035,-11.79457,BOC_EAG,MAI_BLA,HarringtonVillage,D1,ACC,20260421-HarringtonVillage-1,05904ea0-3dbe-11f1-be13-814f369a648e,90.37747,3.29031,,8.56635,,,,3.35539,3.29031,0.56184,653c48cf-856e-4521-b1b6-52cd1878b7ca,2026-04-21,20:09:36.61,2026-04-21T16:09:36.6166528-04:00,2026-04-21T20:09:36.6166528Z,GroundBall,v3,227,471344,26593,"Roossien, Jace",831501,Right,BOC_EAG,602cf080-a6b9-41e9-aff2-03502dfd59fa,53.94564,-132.40629,15.54518,6.57548,-5.82349,-5.89729,-1.01304,3.72884,0.50028,,3.3504,14.95035,,,,,,,,3.30408,-41.28525,,,,,,,,0.55877,9.19902,,,,,,,,,,,,,,,,,,,,,,,,,,,,,,High,High,High,Estimated,Estimated,,,,186.163258,23.064022,2145.904846,0.920068,12:15,-0.412397,-0.11617,-0.903567,-26.374276,5.984251,-65.59495,178.292993,1.301559,0.029781,0.022715,-0.999298,1.302136,1.706566,0.022715,0.029781,0.999298,-1.302136,-1.706566,-0.022715,-0.029781,0.999298,-178.292993,-1.301559,-0.029781,-0.022715,-0.999298,,,
122,2026-04-21,16:10:16.27,5,1,"Hard, Sean",695717,Right,BOC_EAG,"Carpenter, Troy",1000239627,Right,MAI_BLA,Undefined,4,Top,2,0,0,Slider,Slider,BallCalled,Undefined,Undefined,Undefined,0,0,,83.33542,-3.329324,-2.673693,2305.334629,106.468354,9:30,6.48451,1.27567,6.36458,-37.0025,2.44532,-4.38544,0.33044,-1.55198,77.48183,-10.120785,-3.468688,0.452046,,,,,,,,,,,,1.60295,2.47508,-1.08021,50,6.22589,5.80239,-120.95206,-8.16117,2.38495,22.6276,-28.49155,BOC_EAG,MAI_BLA,HarringtonVillage,D1,ACC,20260421-HarringtonVillage-1,1d33f160-3dbe-11f1-be13-814f369a648e,83.38183,,,5.85358,,,,,,,653c48cf-856e-4521-b1b6-52cd1878b7ca,2026-04-21,20:10:16.27,2026-04-21T16:10:16.2765312-04:00,2026-04-21T20:10:16.2765312Z,,v3,227,471344,26593,"Roossien, Jace",831501,Right,BOC_EAG,5c31fa48-4503-4035-80b2-7356d09d51e3,54.13646,-121.72344,11.3138,6.48755,-7.18988,-14.24577,-1.27663,5.72109,1.19247,,,,,,,,,,,,,,,,,,,,,,,,,,,,,,,,,,,,,,,,,,,,,,,,,,,High,High,High,,,,,,168.384644,81.105956,356.422444,0.154608,11:30,-0.994105,-0.0263,-0.105183,79.150445,-21.195785,65.93455,153.264218,-12.989653,0.438365,-0.224775,-0.870237,14.482503,-25.999594,0.224775,-0.438365,0.870237,-14.482503,25.999594,-0.224775,0.438365,0.870237,-153.264218,12.989653,-0.438365,0.224775,-0.870237,,,
123,2026-04-21,16:10:47.66,5,2,"Hard, Sean",695717,Right,BOC_EAG,"Carpenter, Troy",1000239627,Right,MAI_BLA,Undefined,4,Top,2,1,0,Slider,Slider,StrikeCalled,Undefined,Undefined,Undefined,0,0,,83.51133,-1.912573,-1.287153,2275.856611,116.810505,10:00,6.54694,1.34381,6.06637,-36.47699,3.28508,-4.08063,1.73613,-0.18761,77.01261,-8.630363,-2.02325,0.453843,,,,,,,,,,,,1.75008,2.60445,-1.24191,50,6.37924,2.88178,-121.31133,-5.22324,2.60895,23.64752,-28.29145,BOC_EAG,MAI_BLA,HarringtonVillage,D1,ACC,20260421-HarringtonVillage-1,2feedd60-3dbe-11f1-be13-814f369a648e,83.05167,,,6.49872,,,,,,,653c48cf-856e-4521-b1b6-52cd1878b7ca,2026-04-21,20:10:47.66,2026-04-21T16:10:47.6609536-04:00,2026-04-21T20:10:47.6609536Z,,v3,227,471344,26593,"Roossien, Jace",831501,Right,BOC_EAG,bad0c0a5-8154-49ca-addd-7d8a252e54c0,54.43259,-122.17233,11.82376,6.55067,-4.19315,-14.14572,-1.34511,2.78679,1.30448,,,,,,,,,,,,,,,,,,,,,,,,,,,,,,,,,,,,,,,,,,,,,,,,,,,High,High,High,,,,,,171.073328,81.156751,349.871422,0.153732,11:45,-0.99152,-0.009136,-0.12963,92.076346,-25.686392,60.773888,149.954088,-3.743452,0.499626,-0.065289,-0.863778,4.322513,-29.975227,0.065289,-0.499626,0.863778,-4.322513,29.975227,-0.065289,0.499626,0.863778,-149.954088,3.743452,-0.499626,0.065289,-0.863778,,,
124,2026-04-21,16:11:06.06,5,3,"Hard, Sean",695717,Right,BOC_EAG,"Carpenter, Troy",1000239627,Right,MAI_BLA,Undefined,4,Top,2,1,1,Slider,Slider,InPlay,Undefined,FlyBall,Out,1,0,,83.16269,-1.456292,-1.162133,2365.296501,96.764158,9:15,6.50598,1.28735,6.11007,-38.01443,1.55532,-4.04252,1.99095,-0.12427,77.49836,-8.436255,-1.892017,0.452744,105.25985,18.017475,-4.008467,1440.401274,109.89475,35.41958,-4.80441,339.77767,335.58254,0.769688,4.006953,1.82508,1.4541,-1.196,50,6.37394,2.60216,-121.00158,-4.28422,2.73704,21.0611,-29.99335,BOC_EAG,MAI_BLA,HarringtonVillage,D1,ACC,20260421-HarringtonVillage-1,3ae060e0-3dbe-11f1-be13-814f369a648e,83.25326,50.39245,,5.66433,,,,1.9495,2.12519,0.12155,653c48cf-856e-4521-b1b6-52cd1878b7ca,2026-04-21,20:11:06.06,2026-04-21T16:11:06.0641792-04:00,2026-04-21T20:11:06.0641792Z,LineDrive,v3,227,471344,26593,"Roossien, Jace",831501,Right,BOC_EAG,b7898b4f-fc2b-4c55-8b81-d83c6083cfba,54.39154,-121.76356,10.53055,6.50931,-3.19907,-14.99668,-1.28835,2.50313,1.36852,195.042452,1.94996,146.43294,-32.26642,7.68328,-1.41569,0.18547,-0.01303,-0.00017,8E-05,2.12451,47.78066,-10.20147,-1.29926,0.18468,0.09068,-0.04448,0.00794,-0.00053,0.12139,-10.2556,6.69148,-1.90623,0.38937,-0.04957,0.00208,0.00032,-4E-05,,,,,,,,,,,,,,,,,,,,,,,High,High,High,High,High,,,,151.774388,82.43112,311.552113,0.131718,11:00,-0.9947,0.037082,-0.095901,87.735324,-18.372417,55.976273,147.821396,-6.217156,0.529428,-0.108297,-0.841414,7.334125,-31.966818,0.108297,-0.529428,0.841414,-7.334125,31.966818,-0.108297,0.529428,0.841414,-147.821396,6.217156,-0.529428,0.108297,-0.841414,67.13587,13.98711,-5.12112
125,2026-04-21,16:13:28.29,1,1,"Stabley, Thomas",1000146615,Right,MAI_BLA,"Hendrickson, Carter",830138,Right,BOC_EAG,Undefined,4,Bottom,0,0,0,Fastball,Sinker,BallCalled,Undefined,Undefined,Undefined,0,0,,85.44384,0.730102,-1.491697,1944.240163,221.635417,1:30,5.41483,1.68107,6.96933,-24.7884,11.59406,9.38603,4.01355,1.10597,78.71522,-3.989692,0.22711,0.434128,,,,,,,,,,,,-5.36677,6.33091,-1.59146,50,5.45125,2.91364,-124.39213,0.95667,-8.47625,23.08104,-22.1751,BOC_EAG,MAI_BLA,HarringtonVillage,D1,ACC,20260421-HarringtonVillage-1,8faf7fc0-3dbe-11f1-be13-814f369a648e,86.82339,,,6.72863,,,,,,,653c48cf-856e-4521-b1b6-52cd1878b7ca,2026-04-21,20:13:28.29,2026-04-21T16:13:28.2975232-04:00,2026-04-21T20:13:28.2975232Z,,v3,227,471344,26593,"DeAndrade, Nolan",1000437002,Right,MAI_BLA,0d842284-662c-4ac1-bfce-307c1c417bbe,53.52943,-125.0453,11.54052,5.4153,1.58421,-11.08755,-1.6773,3.15351,-4.23813,,,,,,,,,,,,,,,,,,,,,,,,,,,,,,,,,,,,,,,,,,,,,,,,,,,High,High,High,,,,,,214.410053,21.660039,1806.957804,0.92939,1:15,-0.395594,-0.520464,-0.756719,-68.234854,-27.367726,54.877794,97.086072,-20.732391,0.928101,-0.354004,-0.115372,71.948897,-68.140645,0.354004,-0.928101,0.115372,-71.948897,68.140645,-0.354004,0.928101,0.115372,-97.086072,20.732391,-0.928101,0.354004,-0.115372,,,
126,2026-04-21,16:13:45.59,1,2,"Stabley, Thomas",1000146615,Right,MAI_BLA,"Hendrickson, Carter",830138,Right,BOC_EAG,Undefined,4,Bottom,0,1,0,Fastball,Sinker,StrikeCalled,Undefined,Undefined,Undefined,0,0,,85.47499,-0.779979,-3.408089,1948.176972,229.011944,1:45,5.3384,1.62106,6.93352,-26.55935,10.46646,10.61938,2.41381,-0.60004,77.78629,-5.839172,-1.467782,0.437949,,,,,,,,,,,,-6.6363,6.18744,-1.4111,50,5.28048,7.01143,-124.10049,-2.38062,-10.27632,26.4716,-22.5928,BOC_EAG,MAI_BLA,HarringtonVillage,D1,ACC,20260421-HarringtonVillage-1,99f90370-3dbe-11f1-be13-814f369a648e,86.06581,,,7.6887,,,,,,,653c48cf-856e-4521-b1b6-52cd1878b7ca,2026-04-21,20:13:45.59,2026-04-21T16:13:45.5944192-04:00,2026-04-21T20:13:45.5944192Z,,v3,227,471344,26593,"DeAndrade, Nolan",1000437002,Right,MAI_BLA,2bf487d0-446f-414a-b7da-2bb3b72fe569,53.56352,-124.8583,13.2358,5.33937,-1.73385,-11.2964,-1.61603,7.30561,-5.13816,,,,,,,,,,,,,,,,,,,,,,,,,,,,,,,,,,,,,,,,,,,,,,,,,,,High,High,High,,,,,,216.005922,25.582696,1757.183501,0.901963,1:15,-0.46718,-0.536065,-0.703119,-59.368525,-22.730441,49.813527,101.047035,-19.09406,0.927473,-0.32712,-0.181073,61.033891,-68.04419,0.32712,-0.927473,0.181073,-61.033891,68.04419,-0.32712,0.927473,0.181073,-101.047035,19.09406,-0.927473,0.32712,-0.181073,,,
127,2026-04-21,16:14:05.02,1,3,"Stabley, Thomas",1000146615,Right,MAI_BLA,"Hendrickson, Carter",830138,Right,BOC_EAG,Undefined,4,Bottom,0,1,1,Fastball,Changeup,FoulBallNotFieldable,Undefined,Undefined,Undefined,0,0,,85.18021,-0.949165,-2.812674,1924.611392,209.292931,1:00,5.30911,1.53504,6.98819,-20.93048,16.59568,8.54221,2.70067,-0.31285,76.73053,-5.013941,-1.249693,0.440898,76.31409,-0.818687,175.145751,1308.738655,,,,105.60261,44.39178,-179.223729,1.130418,-5.33638,9.50465,-1.3635,50,5.24301,5.74181,-123.55641,-2.50885,-8.1221,28.1593,-17.70772,BOC_EAG,MAI_BLA,HarringtonVillage,D1,ACC,20260421-HarringtonVillage-1,a58e6810-3dbe-11f1-be13-814f369a648e,85.49012,3.60586,,8.44969,,,,3.79404,3.60586,-0.25178,653c48cf-856e-4521-b1b6-52cd1878b7ca,2026-04-21,20:14:05.02,2026-04-21T16:14:05.0241024-04:00,2026-04-21T20:14:05.0241024Z,GroundBall,v3,227,471344,26593,"DeAndrade, Nolan",1000437002,Right,MAI_BLA,b593056a-5dd9-4d09-87f0-fd200cb0e14b,53.5024,-124.35206,14.07965,5.30682,-2.00851,-8.85386,-1.52898,5.9713,-4.06105,212.144421,3.67558,-110.1184,11.99254,,,,,,,3.46692,0.11907,-2.72529,,,,,,,-0.11159,7.75078,-7.98498,,,,,,,,,,,,,,,,,,,,,,,,,,,,,High,High,High,Low,Low,,,,214.845354,22.706096,1775.448286,0.922497,1:15,-0.413917,-0.533403,-0.737668,-57.1581,-28.686593,53.548153,99.709517,-16.288548,0.946112,-0.280475,-0.161884,60.007452,-71.104679,0.280475,-0.946112,0.161884,-60.007452,71.104679,-0.280475,0.946112,0.161884,-99.709517,16.288548,-0.946112,0.280475,-0.161884,70.59669,4.07606,8.68002
128,2026-04-21,16:14:27.93,1,4,"Stabley, Thomas",1000146615,Right,MAI_BLA,"Hendrickson, Carter",830138,Right,BOC_EAG,Undefined,4,Bottom,0,1,2,Cutter,Slider,BallCalled,Undefined,Undefined,Undefined,0,0,,80.61862,-1.300239,-2.528421,2117.445123,140.293948,10:45,5.16372,1.83292,6.35537,-35.9138,6.58752,-4.31473,0.97281,-0.85529,73.83132,-7.987491,-3.309321,0.469216,,,,,,,,,,,,1.5024,4.23693,-1.64768,50,5.05273,5.32119,-117.033,-3.69351,2.0698,23.46695,-26.33698,BOC_EAG,MAI_BLA,HarringtonVillage,D1,ACC,20260421-HarringtonVillage-1,b3415580-3dbe-11f1-be13-814f369a648e,80.33072,,,6.7873,,,,,,,653c48cf-856e-4521-b1b6-52cd1878b7ca,2026-04-21,20:14:27.93,2026-04-21T16:14:27.9374336-04:00,2026-04-21T20:14:27.9374336Z,,v3,227,471344,26593,"DeAndrade, Nolan",1000437002,Right,MAI_BLA,65c99741-c63b-4951-9a6f-879ef8edc9fc,54.14275,-117.86076,11.73347,5.16662,-2.76451,-13.16849,-1.83409,5.24818,1.0349,,,,,,,,,,,,,,,,,,,,,,,,,,,,,,,,,,,,,,,,,,,,,,,,,,,High,High,High,,,,,,183.62091,68.322545,782.144262,0.369381,12:00,-0.943868,-0.044409,-0.327324,-29.279049,57.086145,2.911039,164.22126,-28.56225,0.23883,-0.478113,-0.845203,29.495914,-13.817475,0.478113,-0.23883,0.845203,-29.495914,13.817475,-0.478113,0.23883,0.845203,-164.22126,28.56225,-0.23883,0.478113,-0.845203,,,
129,2026-04-21,16:14:46.25,1,5,"Stabley, Thomas",1000146615,Right,MAI_BLA,"Hendrickson, Carter",830138,Right,BOC_EAG,Undefined,4,Bottom,0,2,2,Fastball,Changeup,InPlay,Undefined,LineDrive,Double,0,0,,85.99595,-0.695712,-3.276747,1886.255613,226.839012,1:30,5.37973,1.57983,7.14954,-21.41678,15.05989,14.67969,2.96325,-0.17056,77.67491,-4.851416,-0.583205,0.434689,106.78687,12.329203,-29.5222,1781.019661,92.45667,14.98398,-59.596,201.77075,179.74087,-36.06805,1.685045,-8.96193,8.69189,-1.39126,50,5.33201,6.65455,-124.89104,-2.00014,-13.94821,28.57793,-18.64612,BOC_EAG,MAI_BLA,HarringtonVillage,D1,ACC,20260421-HarringtonVillage-1,be1c1cb0-3dbe-11f1-be13-814f369a648e,86.71119,15.03108,,8.32104,,,,2.11753,3.02378,0.19372,653c48cf-856e-4521-b1b6-52cd1878b7ca,2026-04-21,20:14:46.25,2026-04-21T16:14:46.2518272-04:00,2026-04-21T20:14:46.2518272Z,LineDrive,v3,227,471344,26593,"DeAndrade, Nolan",1000437002,Right,MAI_BLA,8cea8de9-b595-4146-8518-287bfdffb300,53.34874,-125.65497,14.28897,5.37881,-1.5017,-9.32306,-1.57413,7.02741,-6.9741,,2.11753,133.14246,-31.2841,7.48817,-1.72592,0.347,-0.0653,0.00957,-0.00073,3.02378,33.4429,-25.79259,3.96603,-0.88322,0.20022,-0.04111,0.00686,-0.00062,0.19372,-75.39656,-0.64462,3.76967,-1.61061,0.52407,-0.13503,0.02491,-0.00229,,,,,,,,,,,,,,,,,,,,,,,High,High,High,High,Medium,,,,223.409673,20.053125,1771.901545,0.939375,1:30,-0.373486,-0.649664,-0.662152,-84.334011,-22.19015,60.461231,91.685062,-19.192126,0.944013,-0.328737,-0.027771,85.171183,-70.73682,0.328737,-0.944013,0.027771,-85.171183,70.73682,-0.328737,0.944013,0.027771,-91.685062,19.192126,-0.944013,0.328737,-0.027771,76.27842,15.58385,-25.06619
130,2026-04-21,16:15:33.61,2,1,"Stabley, Thomas",1000146615,Right,MAI_BLA,"Gallo, Luke",828057,Right,BOC_EAG,Undefined,4,Bottom,0,0,0,Fastball,Changeup,BallCalled,Undefined,Undefined,Undefined,0,0,,86.07355,-2.70645,-3.408133,1926.134803,213.84764,1:15,5.36003,1.78081,6.83786,-19.54269,17.36737,10.76209,1.25706,-0.43413,77.96052,-6.47966,-1.445563,0.437264,,,,,,,,,,,,-6.76508,10.44843,-1.5656,50,5.17877,7.04053,-124.76769,-6.36169,-10.53073,28.02941,-15.90969,BOC_EAG,MAI_BLA,HarringtonVillage,D1,ACC,20260421-HarringtonVillage-1,da583350-3dbe-11f1-be13-814f369a648e,86.20065,,,8.11303,,,,,,,653c48cf-856e-4521-b1b6-52cd1878b7ca,2026-04-21,20:15:33.61,2026-04-21T16:15:33.6173056-04:00,2026-04-21T20:15:33.6173056Z,,v3,227,471344,26593,"DeAndrade, Nolan",1000437002,Right,MAI_BLA,3c877056-4e81-4ae1-b30a-0d38fe3770fa,53.65885,-125.58697,14.01471,5.35792,-5.89666,-7.95484,-1.77589,7.34834,-5.26536,,,,,,,,,,,,,,,,,,,,,,,,,,,,,,,,,,,,,,,,,,,,,,,,,,,High,High,High,,,,,,224.68707,21.398762,1793.354195,0.931064,1:30,-0.372294,-0.671254,-0.640949,-54.103146,-24.55661,70.983071,92.982923,-17.221674,0.953872,-0.296069,-0.049705,80.469842,-72.529618,0.296069,-0.953872,0.049705,-80.469842,72.529618,-0.296069,0.953872,0.049705,-92.982923,17.221674,-0.953872,0.296069,-0.049705,,,
131,2026-04-21,16:16:13.53,2,2,"Stabley, Thomas",1000146615,Right,MAI_BLA,"Gallo, Luke",828057,Right,BOC_EAG,Undefined,4,Bottom,0,1,0,Fastball,Changeup,BallCalled,Undefined,Undefined,Undefined,0,0,,86.2112,-2.54291,-4.488818,2007.111716,228.916131,1:45,5.48605,1.90822,6.95305,-21.32143,15.37139,16.12001,1.38668,-0.84146,78.05298,-6.649275,-1.54722,0.435975,,,,,,,,,,,,-9.95989,9.37008,-1.63359,50,5.32011,9.22515,-124.86621,-6.06647,-15.53211,28.01777,-17.56173,BOC_EAG,MAI_BLA,HarringtonVillage,D1,ACC,20260421-HarringtonVillage-1,f2281630-3dbe-11f1-be13-814f369a648e,86.45541,,,8.15822,,,,,,,653c48cf-856e-4521-b1b6-52cd1878b7ca,2026-04-21,20:16:13.53,2026-04-21T16:16:13.5320064-04:00,2026-04-21T20:16:13.5320064Z,,v3,227,471344,26593,"DeAndrade, Nolan",1000437002,Right,MAI_BLA,4dc0d8ae-e475-41b8-8ccf-8ddee99db9c0,53.54423,-125.65895,14.00888,5.48473,-5.56957,-8.78086,-1.90083,9.66462,-7.76605,,,,,,,,,,,,,,,,,,,,,,,,,,,,,,,,,,,,,,,,,,,,,,,,,,,High,High,High,,,,,,220.461416,20.506663,1879.923968,0.936631,1:15,-0.377787,-0.622758,-0.685164,-70.452024,-25.650181,64.205899,92.193234,-18.03455,0.950173,-0.30959,-0.03639,83.29615,-71.836979,0.30959,-0.950173,0.03639,-83.29615,71.836979,-0.30959,0.950173,0.03639,-92.193234,18.03455,-0.950173,0.30959,-0.03639,,,
132,2026-04-21,16:16:32.91,2,3,"Stabley, Thomas",1000146615,Right,MAI_BLA,"Gallo, Luke",828057,Right,BOC_EAG,Undefined,4,Bottom,0,2,0,Fastball,Changeup,BallCalled,Undefined,Undefined,Undefined,0,0,,85.89437,-0.42266,-3.791674,1980.145928,211.606915,1:00,5.51648,1.8847,6.78035,-21.60584,15.36501,8.68182,3.32927,-0.85856,77.89887,-4.575007,-2.21227,0.437624,,,,,,,,,,,,-5.69221,8.6193,-1.6403,50,5.48044,7.93337,-124.59065,-1.45196,-8.87485,26.92436,-18.73554,BOC_EAG,MAI_BLA,HarringtonVillage,D1,ACC,20260421-HarringtonVillage-1,fdbc4250-3dbe-11f1-be13-814f369a648e,86.12975,,,7.9955,,,,,,,653c48cf-856e-4521-b1b6-52cd1878b7ca,2026-04-21,20:16:32.91,2026-04-21T16:16:32.9164800-04:00,2026-04-21T20:16:32.9164800Z,,v3,227,471344,26593,"DeAndrade, Nolan",1000437002,Right,MAI_BLA,1f2e53ab-0a45-4329-956b-48c8732b0cea,53.71521,-125.39095,13.46218,5.51532,-0.89507,-9.36777,-1.88003,8.19717,-4.43742,,,,,,,,,,,,,,,,,,,,,,,,,,,,,,,,,,,,,,,,,,,,,,,,,,,High,High,High,,,,,,215.136634,27.102344,1762.714349,0.890194,1:15,-0.498941,-0.515679,-0.696515,-48.876731,-21.497615,55.062892,100.507404,-21.567743,0.914389,-0.367601,-0.169594,65.233573,-66.119109,0.367601,-0.914389,0.169594,-65.233573,66.119109,-0.367601,0.914389,0.169594,-100.507404,21.567743,-0.914389,0.367601,-0.169594,,,
133,2026-04-21,16:17:11.54,2,4,"Stabley, Thomas",1000146615,Right,MAI_BLA,"Gallo, Luke",828057,Right,BOC_EAG,Undefined,4,Bottom,0,3,0,Fastball,Changeup,StrikeCalled,Undefined,Undefined,Undefined,0,0,,85.49994,-0.743244,-3.983048,1908.23318,217.359041,1:15,5.47978,1.88081,6.88871,-21.25194,16.20371,11.32473,3.02995,-0.81019,76.96925,-4.858698,-1.918851,0.440484,,,,,,,,,,,,-7.2493,9.22922,-1.63187,50,5.42478,8.21116,-123.92604,-2.10412,-11.09047,28.51723,-18.05453,BOC_EAG,MAI_BLA,HarringtonVillage,D1,ACC,20260421-HarringtonVillage-1,14c32fe0-3dbf-11f1-be13-814f369a648e,85.57054,,,8.53069,,,,,,,653c48cf-856e-4521-b1b6-52cd1878b7ca,2026-04-21,20:17:11.54,2026-04-21T16:17:11.5453440-04:00,2026-04-21T20:17:11.5453440Z,,v3,227,471344,26593,"DeAndrade, Nolan",1000437002,Right,MAI_BLA,20c2db74-b9fb-4a60-bf33-d20442de9135,53.60607,-124.75309,14.25862,5.47821,-1.58051,-9.02727,-1.87467,8.53281,-5.54523,,,,,,,,,,,,,,,,,,,,,,,,,,,,,,,,,,,,,,,,,,,,,,,,,,,High,High,High,,,,,,220.270943,20.079222,1792.248512,0.939219,1:15,-0.384382,-0.611516,-0.691591,-68.496313,-25.717525,66.564315,90.793381,-19.369304,0.94331,-0.331656,-0.013063,87.744452,-70.615077,0.331656,-0.94331,0.013063,-87.744452,70.615077,-0.331656,0.94331,0.013063,-90.793381,19.369304,-0.94331,0.331656,-0.013063,,,
134,2026-04-21,16:17:30.59,2,5,"Stabley, Thomas",1000146615,Right,MAI_BLA,"Gallo, Luke",828057,Right,BOC_EAG,Undefined,4,Bottom,0,3,1,Fastball,Changeup,FoulBallNotFieldable,Undefined,Undefined,Undefined,0,0,,85.51062,-0.873929,-3.656295,1877.797659,215.038846,1:15,5.37806,1.9073,7.05427,-19.1358,18.3454,11.8378,2.98803,-0.43134,76.36311,-4.635277,-1.490395,0.440634,58.28032,33.266538,-174.114568,2417.547716,,,,132.37607,45.15399,-172.314904,2.275069,-7.59642,10.51957,-1.68955,50,5.31858,7.50067,-123.95411,-2.28774,-11.51633,30.68453,-16.22617,BOC_EAG,MAI_BLA,HarringtonVillage,D1,ACC,20260421-HarringtonVillage-1,20139c40-3dbf-11f1-be13-814f369a648e,85.54136,26.42418,,9.14751,,,,0.98777,3.01378,0.43206,653c48cf-856e-4521-b1b6-52cd1878b7ca,2026-04-21,20:17:30.59,2026-04-21T16:17:30.5993216-04:00,2026-04-21T20:17:30.5993216Z,LineDrive,v3,227,471344,26593,"DeAndrade, Nolan",1000437002,Right,MAI_BLA,e95e0c49-74f7-4704-9499-007bd9e1a9f4,53.44082,-124.80297,15.34227,5.37566,-1.83886,-8.11308,-1.90146,7.81926,-5.75816,341.678302,0.9878,-71.09681,5.22872,0.23154,0.19799,-0.39066,0.28484,-0.0927,0.0112,3.01381,46.88585,-26.14098,3.11842,-0.56718,0.06126,0.00046,0.00331,-0.00104,0.43207,-7.32953,-1.65931,0.90851,-0.15483,-0.04123,0.04811,-0.01516,0.00168,,,,,,,,,,,,,,,,,,,,,,,High,High,High,High,Medium,,,,221.739565,19.908003,1765.581547,0.940241,1:30,-0.374991,-0.631082,-0.679056,-79.826623,-23.26786,60.424754,92.692216,-19.327443,0.942601,-0.330966,-0.044324,82.372236,-70.493052,0.330966,-0.942601,0.044324,-82.372236,70.493052,-0.330966,0.942601,0.044324,-92.692216,19.327443,-0.942601,0.330966,-0.044324,,,
135,2026-04-21,16:17:55.65,2,6,"Stabley, Thomas",1000146615,Right,MAI_BLA,"Gallo, Luke",828057,Right,BOC_EAG,Undefined,4,Bottom,0,3,2,Fastball,Changeup,FoulBallNotFieldable,Undefined,Undefined,Undefined,0,0,,86.2997,-1.881217,-3.4428,1867.456485,234.156459,1:45,5.4199,1.71694,6.93417,-25.27966,10.79686,13.37977,1.5971,-0.30579,79.20004,-6.676673,-0.996858,0.432299,63.13373,66.988658,86.369135,,,,,128.12986,53.5389,102.235798,4.395785,-8.10741,6.62115,-1.50608,50,5.29342,7.08033,-125.35603,-4.78272,-12.90616,25.23849,-21.63384,BOC_EAG,MAI_BLA,HarringtonVillage,D1,ACC,20260421-HarringtonVillage-1,2f012c90-3dbf-11f1-be13-814f369a648e,87.19076,84.5029,,7.09966,,,,0.33322,1.69763,0.27816,653c48cf-856e-4521-b1b6-52cd1878b7ca,2026-04-21,20:17:55.65,2026-04-21T16:17:55.6531712-04:00,2026-04-21T20:17:55.6531712Z,Popup,v3,227,471344,26593,"DeAndrade, Nolan",1000437002,Right,MAI_BLA,0b05ffe7-39b7-4a7a-ba77-a9b92333dfdd,53.56562,-126.07186,12.61924,5.42037,-4.16912,-10.81692,-1.71209,7.44638,-6.45308,203.431576,0.33365,2.26041,-7.21067,2.1543,0.13254,-0.40264,0.15766,-0.02643,0.00166,1.70521,85.03404,-25.21546,1.02191,1.33195,-0.87832,0.25066,-0.03488,0.00192,0.28231,36.02937,-1.30762,-0.95619,0.71844,-0.25018,0.03912,-0.00173,-9E-05,,,,,,,,,,,,,,,,,,,,,,,High,High,High,Medium,Low,,,,219.05397,21.571959,1736.653369,0.929957,1:15,-0.390976,-0.597675,-0.699945,-71.163508,-29.103629,65.135512,92.330386,-73.340072,0.286453,-0.958023,-0.011657,89.302853,-16.645749,0.958023,-0.286453,0.011657,-89.302853,16.645749,-0.958023,0.286453,0.011657,-92.330386,73.340072,-0.286453,0.958023,-0.011657,71.55757,3.03839,-18.52335
136,2026-04-21,16:18:19.36,2,7,"Stabley, Thomas",1000146615,Right,MAI_BLA,"Gallo, Luke",828057,Right,BOC_EAG,Undefined,4,Bottom,0,3,2,Fastball,Changeup,InPlay,Undefined,LineDrive,Single,0,1,,86.04746,-1.396213,-3.519532,2031.233161,221.551392,1:30,5.41127,1.93901,6.90344,-22.82978,13.94745,11.21347,2.23443,-0.33624,77.90853,-5.780502,-1.472465,0.436477,99.5975,5.005692,9.857093,2612.888272,106.45528,3.30141,27.69639,139.49182,135.96684,15.78442,1.106854,-7.06367,8.23843,-1.72069,50,5.31503,7.27838,-124.84258,-3.61129,-11.00874,28.06497,-19.33443,BOC_EAG,MAI_BLA,HarringtonVillage,D1,ACC,20260421-HarringtonVillage-1,3d28adc0-3dbf-11f1-be13-814f369a648e,86.35617,5.03368,,8.13893,,,,0.37215,2.03081,0.34995,653c48cf-856e-4521-b1b6-52cd1878b7ca,2026-04-21,20:18:19.36,2026-04-21T16:18:19.3659392-04:00,2026-04-21T20:18:19.3659392Z,GroundBall,v3,227,471344,26593,"DeAndrade, Nolan",1000437002,Right,MAI_BLA,59522cf7-2332-4675-a3b3-fa37741979d7,53.59375,-125.64787,14.03249,5.41069,-3.05652,-9.66721,-1.93406,7.59426,-5.50437,254.283085,0.55999,141.04474,-18.45787,,,,,,,2.06186,12.37055,-12.88358,,,,,,,0.19966,26.80977,6.69301,,,,,,,,,,,,,,,,,,,,,,,,,,,,,High,High,High,High,High,,,,219.765568,21.545608,1889.301827,0.930126,1:15,-0.395861,-0.603724,-0.691961,-70.749869,-21.627791,56.978643,97.491606,-20.915668,0.926133,-0.356993,-0.12179,71.162721,-67.839876,0.356993,-0.926133,0.12179,-71.162721,67.839876,-0.356993,0.926133,0.12179,-97.491606,20.915668,-0.926133,0.356993,-0.12179,72.70112,-0.21608,-1.53649
137,2026-04-21,16:19:01.31,3,1,"Stabley, Thomas",1000146615,Right,MAI_BLA,"Wolff, Kyle",813479,Right,BOC_EAG,Undefined,4,Bottom,0,0,0,Fastball,Changeup,InPlay,Undefined,FlyBall,Out,1,0,,85.64916,-0.969747,-2.851456,2004.556865,221.284117,1:30,5.46678,1.84868,6.73372,-23.05867,14.15162,11.30634,2.6579,0.1831,77.72855,-5.382788,-0.792164,0.439039,94.33596,35.634581,-30.235829,,90.54085,77.71808,-62.46831,296.43866,152.90693,-41.99093,5.508541,-6.87178,8.15701,-1.66475,50,5.39374,5.78954,-124.36875,-2.6985,-10.65659,27.24309,-19.52429,BOC_EAG,MAI_BLA,HarringtonVillage,D1,ACC,20260421-HarringtonVillage-1,56246670-3dbf-11f1-be13-814f369a648e,85.85215,101.08373,,7.9206,,,,1.58696,2.57914,-0.12931,653c48cf-856e-4521-b1b6-52cd1878b7ca,2026-04-21,20:19:01.31,2026-04-21T16:19:01.3161984-04:00,2026-04-21T20:19:01.3161984Z,FlyBall,v3,227,471344,26593,"DeAndrade, Nolan",1000437002,Right,MAI_BLA,4ae643d3-5a2d-47a8-881c-e8314aa8a8b3,53.76447,-125.19065,13.62155,5.46627,-2.10947,-9.76214,-1.84427,6.11104,-5.3283,157.005548,1.59361,97.01856,-29.46756,7.70792,-1.33238,0.09786,0.01079,-0.0026,0.00014,2.57412,80.6961,-17.6421,0.05813,0.33189,-0.12424,0.02998,-0.00394,0.0002,-0.1302,-56.61074,7.40758,-0.96106,-0.01314,0.04232,-0.00978,0.001,-4E-05,,,,,,,,,,,,,,,,,,,,,,,High,High,High,High,Low,,,,218.096376,23.027891,1844.822826,0.920315,1:15,-0.41707,-0.57436,-0.704388,-54.25635,-23.298697,56.615061,101.457114,-18.429782,0.929807,-0.316142,-0.188447,59.201575,-68.404821,0.316142,-0.929807,0.188447,-59.201575,68.404821,-0.316142,0.929807,0.188447,-101.457114,18.429782,-0.929807,0.316142,-0.188447,74.43339,21.45614,-16.17993
138,2026-04-21,16:19:50.04,4,1,"Stabley, Thomas",1000146615,Right,MAI_BLA,"Roossien, Jace",831501,Left,BOC_EAG,Undefined,4,Bottom,1,0,0,Fastball,Changeup,FoulBallNotFieldable,Undefined,Undefined,Undefined,0,0,,85.84972,-1.428444,-2.424995,1948.463994,236.019113,1:45,5.38851,1.9421,6.68129,-24.82816,12.29394,16.3404,2.01146,1.08433,77.95288,-6.153802,0.551546,0.438518,72.37357,45.715292,-117.196802,3878.437301,,,,,35.28128,,,-9.37859,7.30524,-1.78597,50,5.28309,4.68386,-124.67537,-3.77626,-14.60529,27.54637,-20.7976,BOC_EAG,MAI_BLA,HarringtonVillage,D1,ACC,20260421-HarringtonVillage-1,7339ed20-3dbf-11f1-be13-814f369a648e,85.95405,32.47258,,7.89685,,,,1.37489,2.18872,-1.17231,653c48cf-856e-4521-b1b6-52cd1878b7ca,2026-04-21,20:19:50.04,2026-04-21T16:19:50.0426240-04:00,2026-04-21T20:19:50.0426240Z,,v3,227,471344,26593,"DeAndrade, Nolan",1000437002,Right,MAI_BLA,c16f3dda-e839-4cf0-99c7-fd7d44261a62,53.81708,-125.5159,13.77319,5.38863,-3.14165,-10.3988,-1.93569,5.12951,-7.30264,,1.39385,-34.40416,-6.77753,,,,,,,2.2047,75.54778,-26.95081,,,,,,,-1.17865,-65.74764,8.53183,,,,,,,,,,,,,,,,,,,,,,,,,,,,,High,High,High,Medium,Undefined,,,,222.926189,14.030596,1890.334304,0.970166,1:30,-0.255749,-0.666576,-0.700193,-67.289288,-32.419381,73.518819,91.700281,-12.40104,0.976238,-0.214753,-0.028979,82.314905,-77.48475,0.214753,-0.976238,0.028979,-82.314905,77.48475,-0.214753,0.976238,0.028979,-91.700281,12.40104,-0.976238,0.214753,-0.028979,,,
139,2026-04-21,16:20:10.77,4,2,"Stabley, Thomas",1000146615,Right,MAI_BLA,"Roossien, Jace",831501,Left,BOC_EAG,Undefined,4,Bottom,1,0,1,Fastball,Changeup,BallCalled,Undefined,Undefined,Undefined,0,0,,85.47407,-0.965386,-1.518413,1912.174741,225.318691,1:30,5.36661,1.93993,6.78456,-21.76812,16.11351,14.78249,2.67091,1.78533,76.29051,-5.191642,1.180128,0.442982,,,,,,,,,,,,-8.2943,9.28115,-1.84561,50,5.29546,2.73026,-124.00519,-2.60648,-12.55898,31.16777,-18.12081,BOC_EAG,MAI_BLA,HarringtonVillage,D1,ACC,20260421-HarringtonVillage-1,7f969960-3dbf-11f1-be13-814f369a648e,85.08803,,,9.18356,,,,,,,653c48cf-856e-4521-b1b6-52cd1878b7ca,2026-04-21,20:20:10.77,2026-04-21T16:20:10.7725312-04:00,2026-04-21T20:20:10.7725312Z,,v3,227,471344,26593,"DeAndrade, Nolan",1000437002,Right,MAI_BLA,4b8a0bdc-49de-4a72-9835-25f89b580ee3,53.7093,-124.93402,15.58389,5.36509,-2.06646,-9.06041,-1.93255,3.10453,-6.27949,,,,,,,,,,,,,,,,,,,,,,,,,,,,,,,,,,,,,,,,,,,,,,,,,,,High,High,High,,,,,,222.092529,23.522066,1753.285326,0.916906,1:30,-0.406583,-0.621267,-0.669864,-74.461872,-19.237117,64.505017,90.558139,-23.731171,0.9154,-0.402446,-0.008918,88.730629,-66.262646,0.402446,-0.9154,0.008918,-88.730629,66.262646,-0.402446,0.9154,0.008918,-90.558139,23.731171,-0.9154,0.402446,-0.008918,,,
140,2026-04-21,16:20:32.59,4,3,"Stabley, Thomas",1000146615,Right,MAI_BLA,"Roossien, Jace",831501,Left,BOC_EAG,Undefined,4,Bottom,1,1,1,Fastball,Changeup,InPlay,Undefined,FlyBall,Out,1,0,,85.72931,-1.488939,-2.804594,1846.586875,223.623898,1:30,5.36504,1.86456,6.85744,-25.22218,11.08367,9.57804,1.90391,0.10395,79.33134,-6.253203,-1.055251,0.43367,102.79027,34.636474,19.593847,3254.558011,102.18406,77.82893,40.72307,328.83619,326.70778,27.342354,5.788919,-5.84422,6.58996,-1.68909,50,5.26067,5.78717,-124.70598,-3.9104,-9.28952,22.87619,-21.69915,BOC_EAG,MAI_BLA,HarringtonVillage,D1,ACC,20260421-HarringtonVillage-1,8c9048f0-3dbf-11f1-be13-814f369a648e,86.91499,113.20235,,6.39796,,,,2.69793,2.07089,-0.12364,653c48cf-856e-4521-b1b6-52cd1878b7ca,2026-04-21,20:20:32.59,2026-04-21T16:20:32.5910528-04:00,2026-04-21T20:20:32.5910528Z,FlyBall,v3,227,471344,26593,"DeAndrade, Nolan",1000437002,Right,MAI_BLA,9cd9f9dc-ba83-4efb-89bb-91d1db23c327,53.64359,-125.37258,11.43809,5.3654,-3.27809,-10.84957,-1.86167,6.05786,-4.64476,193.679015,2.70623,116.69954,-34.90191,9.53999,-1.83757,0.22642,-0.01374,7E-05,2E-05,2.06436,85.79571,-16.94526,-0.74122,0.67387,-0.20784,0.04053,-0.00445,0.0002,-0.12189,41.56715,-6.31733,1.10863,-0.06775,-0.02312,0.00667,-0.00069,3E-05,,,,,,,,,,,,,,,,,,,,,,,High,High,High,High,Medium,,,,221.676986,21.561557,1717.368768,0.930023,1:30,-0.384876,-0.627741,-0.676618,-69.45782,-31.013991,61.819103,91.806561,-11.725912,0.978644,-0.20323,-0.030867,81.363717,-78.137665,0.20323,-0.978644,0.030867,-81.363717,78.137665,-0.20323,0.978644,0.030867,-91.806561,11.725912,-0.978644,0.20323,-0.030867,,,
141,2026-04-21,16:21:10.55,5,1,"Stabley, Thomas",1000146615,Right,MAI_BLA,"Larson, Colin",831502,Left,BOC_EAG,Undefined,4,Bottom,2,0,0,Fastball,Changeup,StrikeCalled,Undefined,Undefined,StolenBase,0,0,,85.82439,-0.923248,-2.477865,1813.933807,232.391498,1:45,5.36364,1.90377,6.81476,-26.61513,10.91666,12.2632,2.30251,0.66356,76.73346,-6.025826,-0.23882,0.440931,,,,,,,,,,,,-7.32481,6.53953,-1.74755,50,5.29443,4.92639,-124.4654,-2.70759,-11.18488,31.17004,-22.18829,BOC_EAG,MAI_BLA,HarringtonVillage,D1,ACC,20260421-HarringtonVillage-1,a3303750-3dbf-11f1-be13-814f369a648e,85.48368,,,9.09092,,,,,,,653c48cf-856e-4521-b1b6-52cd1878b7ca,2026-04-21,20:21:10.55,2026-04-21T16:21:10.5500000-04:00,2026-04-21T20:21:10.5500000Z,,v3,227,471344,26593,"DeAndrade, Nolan",1000437002,Right,MAI_BLA,63d3fa56-5b3f-48c6-a7ac-18d5786912a4,53.67949,-125.38348,15.58502,5.36455,-2.05406,-11.09414,-1.8975,5.25583,-5.59244,,,,,,,,,,,,,,,,,,,,,,,,,,,,,75.33697,2.695315,1.327053,1.368262,-0.44217,2.10285,-0.65711,-1.38822,6.06256,0.6568,127.27772,0.87305,-1.41539,-1.18403,107.78378,-10.30509,6.0513,10.12867,-10.16636,0.60469,-4.26237,2.07299,High,High,High,,,High,High,High,221.757643,24.309336,1653.103561,0.911336,1:30,-0.430845,-0.613487,-0.66182,-73.314774,-30.771649,58.680551,90.344508,-11.089502,0.98131,-0.192342,-0.0059,88.242887,-78.905215,0.192342,-0.98131,0.0059,-88.242887,78.905215,-0.192342,0.98131,0.0059,-90.344508,11.089502,-0.98131,0.192342,-0.0059,,,
142,2026-04-21,16:21:40.12,5,2,"Stabley, Thomas",1000146615,Right,MAI_BLA,"Larson, Colin",831502,Left,BOC_EAG,Undefined,4,Bottom,2,0,1,Fastball,Changeup,BallCalled,Undefined,Undefined,Undefined,0,0,,85.37026,0.142322,-1.744504,1861.30635,230.60101,1:45,5.32187,1.89845,6.84705,-25.18584,12.67135,13.62961,3.35288,1.44311,76.18297,-4.717398,0.74591,0.442839,,,,,,,,,,,,-7.75693,7.08933,-1.79058,50,5.32185,3.25854,-123.86862,-0.32619,-11.72933,30.91048,-21.45419,BOC_EAG,MAI_BLA,HarringtonVillage,D1,ACC,20260421-HarringtonVillage-1,b4de9550-3dbf-11f1-be13-814f369a648e,85.11549,,,9.18729,,,,,,,653c48cf-856e-4521-b1b6-52cd1878b7ca,2026-04-21,20:21:40.12,2026-04-21T16:21:40.1266176-04:00,2026-04-21T20:21:40.1266176Z,,v3,227,471344,26593,"DeAndrade, Nolan",1000437002,Right,MAI_BLA,fbb95961-2189-4ca9-8383-a958cbef3e05,53.64624,-124.77519,15.45524,5.32219,0.30304,-10.7271,-1.8912,3.60255,-5.86467,,,,,,,,,,,,,,,,,,,,,,,,,,,,,,,,,,,,,,,,,,,,,,,,,,,High,High,High,,,,,,220.510396,22.414575,1720.682915,0.924449,1:15,-0.404015,-0.59956,-0.690869,-70.492039,-32.086506,60.649966,90.734318,-12.130525,0.977591,-0.210139,-0.01253,86.58773,-77.847602,0.210139,-0.977591,0.01253,-86.58773,77.847602,-0.210139,0.977591,0.01253,-90.734318,12.130525,-0.977591,0.210139,-0.01253,,,
143,2026-04-21,16:21:58.75,5,3,"Stabley, Thomas",1000146615,Right,MAI_BLA,"Larson, Colin",831502,Left,BOC_EAG,Undefined,4,Bottom,2,1,1,Fastball,Changeup,StrikeSwinging,Undefined,Undefined,Undefined,0,0,,86.233,-1.120528,-3.018343,1855.759971,232.134889,1:45,5.31099,1.97414,6.86964,-24.99143,11.79327,13.44434,2.20556,0.341,77.76887,-5.90711,-0.562857,0.436521,,,,,,,,,,,,-8.05914,7.02422,-1.78602,50,5.23079,6.09839,-125.11661,-3.09565,-12.56199,29.16866,-21.22524,BOC_EAG,MAI_BLA,HarringtonVillage,D1,ACC,20260421-HarringtonVillage-1,bfeb41f0-3dbf-11f1-be13-814f369a648e,86.34741,,,8.46412,,,,,,,653c48cf-856e-4521-b1b6-52cd1878b7ca,2026-04-21,20:21:58.75,2026-04-21T16:21:58.7544064-04:00,2026-04-21T20:21:58.7544064Z,,v3,227,471344,26593,"DeAndrade, Nolan",1000437002,Right,MAI_BLA,98b9a265-e1b3-4e4c-b21f-72120689a019,53.62591,-125.95909,14.58433,5.31135,-2.4826,-10.61262,-1.9674,6.46122,-6.28099,,,,,,,,,,,,,,,,,,,,,,,,,,,,,,,,,,,,,,,,,,,,,,,,,,,High,High,High,,,,,,219.765873,23.586395,1700.725644,0.916458,1:15,-0.425145,-0.593927,-0.68301,-64.639745,-31.232035,56.905922,93.464988,-11.513235,0.978087,-0.199594,-0.059222,73.473623,-77.983402,0.199594,-0.978087,0.059222,-73.473623,77.983402,-0.199594,0.978087,0.059222,-93.464988,11.513235,-0.978087,0.199594,-0.059222,,,
144,2026-04-21,16:22:17.28,5,4,"Stabley, Thomas",1000146615,Right,MAI_BLA,"Larson, Colin",831502,Left,BOC_EAG,Undefined,4,Bottom,2,1,2,Fastball,Sinker,BallCalled,Undefined,Undefined,Undefined,0,0,,88.1555,0.452814,-1.198352,1940.428381,232.273655,1:45,5.46058,1.84189,6.60192,-23.50643,11.98855,13.84694,3.91663,1.89785,79.33433,-4.046956,1.320257,0.4288,,,,,,,,,,,,-7.55933,6.52398,-1.76469,50,5.48173,2.12021,-127.98925,0.36261,-12.33131,30.50261,-21.53172,BOC_EAG,MAI_BLA,HarringtonVillage,D1,ACC,20260421-HarringtonVillage-1,cb00a120-3dbf-11f1-be13-814f369a648e,87.90211,,,8.82117,,,,,,,653c48cf-856e-4521-b1b6-52cd1878b7ca,2026-04-21,20:22:17.28,2026-04-21T16:22:17.2865024-04:00,2026-04-21T20:22:17.2865024Z,,v3,227,471344,26593,"DeAndrade, Nolan",1000437002,Right,MAI_BLA,3072742a-919d-4438-b1f8-ffbf7ccd71c6,53.89232,-128.91354,15.2513,5.46085,1.01506,-10.76586,-1.8346,2.49387,-6.16566,,,,,,,,,,,,,,,,,,,,,,,,,,,,,,,,,,,,,,,,,,,,,,,,,,,High,High,High,,,,,,222.229845,28.057377,1712.38344,0.882477,1:30,-0.48859,-0.589383,-0.643357,-77.383958,21.770768,-11.489549,173.264478,-34.538063,0.096615,-0.566954,-0.818064,34.723617,-5.544262,0.566954,-0.096615,0.818064,-34.723617,5.544262,-0.566954,0.096615,0.818064,-173.264478,34.538063,-0.096615,0.566954,-0.818064,,,
145,2026-04-21,16:22:37.75,5,5,"Stabley, Thomas",1000146615,Right,MAI_BLA,"Larson, Colin",831502,Left,BOC_EAG,Undefined,4,Bottom,2,2,2,Fastball,Changeup,BallCalled,Undefined,Undefined,Undefined,0,0,,85.94238,-0.228605,-1.239729,1936.628889,227.584314,1:30,5.31694,1.84653,6.71893,-22.33552,15.28343,15.09076,3.24664,1.97075,76.51677,-4.560597,1.511577,0.441443,,,,,,,,,,,,-8.27477,8.5478,-1.76881,50,5.29295,2.1047,-124.65229,-1.0443,-12.64432,31.78278,-19.1125,BOC_EAG,MAI_BLA,HarringtonVillage,D1,ACC,20260421-HarringtonVillage-1,d7337e40-3dbf-11f1-be13-814f369a648e,85.38459,,,9.42561,,,,,,,653c48cf-856e-4521-b1b6-52cd1878b7ca,2026-04-21,20:22:37.75,2026-04-21T16:22:37.7517056-04:00,2026-04-21T20:22:37.7517056Z,,v3,227,471344,26593,"DeAndrade, Nolan",1000437002,Right,MAI_BLA,6dea7054-4574-4fb1-b267-d28a3c9097b9,53.773,-125.61061,15.89139,5.31574,-0.46802,-9.55625,-1.83802,2.48596,-6.32216,,,,,,,,,,,,,,,,,,,,,,,,,,,,,,,,,,,,,,,,,,,,,,,,,,,High,High,High,,,,,,222.242153,19.872136,1821.309511,0.940454,1:30,-0.352381,-0.633586,-0.688765,-68.163262,-21.667685,71.66414,90.945867,-23.601609,0.916227,-0.400375,-0.015127,87.83629,-66.380529,0.400375,-0.916227,0.015127,-87.83629,66.380529,-0.400375,0.916227,0.015127,-90.945867,23.601609,-0.916227,0.400375,-0.015127,,,
146,2026-04-21,16:23:00.18,5,6,"Stabley, Thomas",1000146615,Right,MAI_BLA,"Larson, Colin",831502,Left,BOC_EAG,Undefined,4,Bottom,2,3,2,Fastball,Changeup,BallCalled,Walk,Undefined,Undefined,0,0,,85.41067,0.302588,-1.102449,1825.664495,222.943982,1:30,5.25664,1.82635,6.75095,-24.451,13.14961,10.97674,3.49553,1.73389,76.89346,-4.393682,0.899961,0.441335,,,,,,,,,,,,-6.09595,7.2439,-1.75731,50,5.26704,1.97258,-124.03836,0.02732,-9.33503,28.76143,-21.08112,BOC_EAG,MAI_BLA,HarringtonVillage,D1,ACC,20260421-HarringtonVillage-1,e48deb70-3dbf-11f1-be13-814f369a648e,85.40543,,,8.51721,,,,,,,653c48cf-856e-4521-b1b6-52cd1878b7ca,2026-04-21,20:23:00.18,2026-04-21T16:23:00.1863680-04:00,2026-04-21T20:23:00.1863680Z,,v3,227,471344,26593,"DeAndrade, Nolan",1000437002,Right,MAI_BLA,08dabd46-9f94-4640-8632-507e04a5fae7,53.74347,-124.90336,14.38072,5.25669,0.66134,-10.54056,-1.82086,2.25333,-4.66752,,,,,,,,,,,,,,,,,,,,,,,,,,,,,,,,,,,,,,,,,,,,,,,,,,,High,High,High,,,,,,220.56621,23.72868,1671.325153,0.915461,1:15,-0.41885,-0.593215,-0.687503,-59.132938,-34.781479,60.957597,90.655503,-9.8688,0.985138,-0.171393,-0.011271,86.237524,-80.109669,0.171393,-0.985138,0.011271,-86.237524,80.109669,-0.171393,0.985138,0.011271,-90.655503,9.8688,-0.985138,0.171393,-0.011271,,,
147,2026-04-21,16:24:35.75,6,1,"Stabley, Thomas",1000146615,Right,MAI_BLA,"Solier, Julio",827632,Right,BOC_EAG,Undefined,4,Bottom,2,0,0,Cutter,Slider,BallCalled,Undefined,Undefined,Undefined,0,0,,80.32887,-1.341824,-3.555722,2185.962094,129.287242,10:15,5.19875,1.97396,6.44545,-37.03612,6.63945,-6.02189,0.87692,-1.79912,72.12052,-8.289079,-4.645188,0.475654,,,,,,,,,,,,1.84193,4.46567,-1.71918,50,5.08742,7.44242,-116.26218,-3.76986,2.44758,27.71915,-26.23996,BOC_EAG,MAI_BLA,HarringtonVillage,D1,ACC,20260421-HarringtonVillage-1,1d89a090-3dc0-11f1-be13-814f369a648e,79.24346,,,8.20835,,,,,,,653c48cf-856e-4521-b1b6-52cd1878b7ca,2026-04-21,20:24:35.75,2026-04-21T16:24:35.7538304-04:00,2026-04-21T20:24:35.7538304Z,,v3,227,471344,26593,"DeAndrade, Nolan",1000437002,Right,MAI_BLA,3682aa8a-5c07-491c-a594-7bad2b7c7900,54.04904,-117.22358,13.85957,5.2024,-2.85977,-13.11998,-1.97584,7.35754,1.22379,,,,,,,,,,,,,,,,,,,,,,,,,,,,,,,,,,,,,,,,,,,,,,,,,,,High,High,High,,,,,,182.180605,67.563897,834.278711,0.381653,12:00,-0.945587,-0.036162,-0.323354,-75.831745,47.303965,-27.755352,154.243856,-42.932965,0.31815,-0.681142,-0.659413,45.928628,-18.551099,0.681142,-0.31815,0.659413,-45.928628,18.551099,-0.681142,0.31815,0.659413,-154.243856,42.932965,-0.31815,0.681142,-0.659413,,,
148,2026-04-21,16:24:55.77,6,2,"Stabley, Thomas",1000146615,Right,MAI_BLA,"Solier, Julio",827632,Right,BOC_EAG,Undefined,4,Bottom,2,1,0,Fastball,Four-Seam,FoulBallNotFieldable,Undefined,Undefined,Undefined,0,0,,87.56318,-0.497222,-2.358508,1865.469736,203.930525,12:45,5.47018,1.94276,6.79419,-23.61879,12.06969,4.79225,3.04772,0.18822,79.03817,-5.021978,-1.484433,0.429967,72.77931,16.90547,164.12341,2716.300155,,,,134.81313,46.00126,170.758708,1.590048,-3.30343,6.92552,-1.79142,50,5.42902,5.05988,-127.1417,-1.72635,-5.32212,29.89989,-21.01651,BOC_EAG,MAI_BLA,HarringtonVillage,D1,ACC,20260421-HarringtonVillage-1,296fbd40-3dc0-11f1-be13-814f369a648e,87.66351,13.68017,,8.52501,,,,1.1357,3.02457,-0.20353,653c48cf-856e-4521-b1b6-52cd1878b7ca,2026-04-21,20:24:55.77,2026-04-21T16:24:55.7796352-04:00,2026-04-21T20:24:55.7796352Z,LineDrive,v3,227,471344,26593,"DeAndrade, Nolan",1000437002,Right,MAI_BLA,107e1e97-eb8f-466c-b96d-a75a4c44dcb3,53.70251,-128.00946,14.94994,5.47027,-1.1164,-10.50825,-1.94051,5.21433,-2.66106,299.27395,1.06796,-97.64764,8.38073,,,,,,,3.37459,27.96665,-19.04276,,,,,,,0.11424,25.10445,-7.37384,,,,,,,,,,,,,,,,,,,,,,,,,,,,,High,High,High,High,Low,,,,216.761565,29.402773,1625.178674,0.87119,1:15,-0.514712,-0.525636,-0.677331,-65.110645,16.814059,-12.02172,168.431709,-25.453164,0.181071,-0.429773,-0.884595,25.912415,-10.432158,0.429773,-0.181071,0.884595,-25.912415,10.432158,-0.429773,0.181071,0.884595,-168.431709,25.453164,-0.181071,0.429773,-0.884595,,,
149,2026-04-21,16:25:17.78,6,3,"Stabley, Thomas",1000146615,Right,MAI_BLA,"Solier, Julio",827632,Right,BOC_EAG,Undefined,4,Bottom,2,1,1,Slider,Slider,StrikeCalled,Undefined,Undefined,Undefined,0,0,,80.54918,-0.562124,-2.101167,2238.472693,102.816714,9:30,5.14948,1.97193,6.49054,-38.38667,3.64595,-10.44851,1.43418,-0.82858,74.27372,-7.700248,-3.997164,0.466621,,,,,,,,,,,,4.90229,2.45732,-1.82031,50,5.09338,4.65797,-117.1085,-2.24715,6.80718,22.13812,-28.76188,BOC_EAG,MAI_BLA,HarringtonVillage,D1,ACC,20260421-HarringtonVillage-1,369cb1d0-3dc0-11f1-be13-814f369a648e,80.77734,,,6.27546,,,,,,,653c48cf-856e-4521-b1b6-52cd1878b7ca,2026-04-21,20:25:17.78,2026-04-21T16:25:17.7857536-04:00,2026-04-21T20:25:17.7857536Z,,v3,227,471344,26593,"DeAndrade, Nolan",1000437002,Right,MAI_BLA,26d27c8d-49cb-4b3f-b7bb-848a2eb3d753,54.00909,-117.86394,11.06906,5.15332,-1.26568,-14.38094,-1.9753,4.42568,3.40359,,,,,,,,,,,,,,,,,,,,,,,,,,,,,,,,,,,,,,,,,,,,,,,,,,,High,High,High,,,,,,182.681757,68.271691,828.695521,0.370206,12:00,-0.941669,-0.026434,-0.335501,-84.721439,52.432449,-41.814566,168.009022,-43.181234,0.151495,-0.684308,-0.713282,43.81236,-8.713597,0.684308,-0.151495,0.713282,-43.81236,8.713597,-0.684308,0.151495,0.713282,-168.009022,43.181234,-0.151495,0.684308,-0.713282,,,
150,2026-04-21,16:25:42.76,6,4,"Stabley, Thomas",1000146615,Right,MAI_BLA,"Solier, Julio",827632,Right,BOC_EAG,Undefined,4,Bottom,2,1,2,Cutter,Slider,BallCalled,Undefined,Undefined,Undefined,0,0,,81.09055,-1.549887,-2.693193,2142.839574,125.20683,10:15,5.1616,1.97062,6.28741,-35.98596,6.45548,-7.05378,0.7325,-1.101,73.81658,-8.248899,-3.967656,0.468885,,,,,,,,,,,,2.81575,4.28256,-1.76887,50,5.03014,5.78757,-117.59955,-4.23847,3.8867,25.28062,-26.26264,BOC_EAG,MAI_BLA,HarringtonVillage,D1,ACC,20260421-HarringtonVillage-1,4570edc0-3dc0-11f1-be13-814f369a648e,80.38736,,,7.27397,,,,,,,653c48cf-856e-4521-b1b6-52cd1878b7ca,2026-04-21,20:25:42.76,2026-04-21T16:25:42.7627008-04:00,2026-04-21T20:25:42.7627008Z,,v3,227,471344,26593,"DeAndrade, Nolan",1000437002,Right,MAI_BLA,a1399631-51d1-4a12-a779-be50cc9acc79,54.21003,-118.50114,12.64031,5.16459,-3.30187,-13.13132,-1.9728,5.64895,1.94335,,,,,,,,,,,,,,,,,,,,,,,,,,,,,,,,,,,,,,,,,,,,,,,,,,,High,High,High,,,,,,181.895977,69.005804,767.722371,0.358273,12:00,-0.948749,-0.037101,-0.313844,-38.634664,59.743833,14.320908,162.537438,-49.010433,0.196831,-0.754829,-0.625692,50.344012,-11.351684,0.754829,-0.196831,0.625692,-50.344012,11.351684,-0.754829,0.196831,0.625692,-162.537438,49.010433,-0.196831,0.754829,-0.625692,,,
151,2026-04-21,16:26:02.97,6,5,"Stabley, Thomas",1000146615,Right,MAI_BLA,"Solier, Julio",827632,Right,BOC_EAG,Undefined,4,Bottom,2,2,2,Fastball,Four-Seam,InPlay,Undefined,LineDrive,Single,0,1,,88.13339,-1.647792,-3.571203,2151.886972,212.273882,1:00,5.40325,1.65788,7.02071,-19.23627,15.16694,8.91221,2.29943,-0.84907,80.90889,-5.341721,-1.941312,0.422154,84.2154,15.44164,-1.811733,881.517066,109.99879,18.44118,0.48264,198.7038,198.7038,1.743436,2.156265,-5.74796,8.88874,-1.44286,50,5.29601,7.68325,-128.04418,-4.15018,-9.56967,25.73918,-17.3753,BOC_EAG,MAI_BLA,HarringtonVillage,D1,ACC,20260421-HarringtonVillage-1,517b8260-3dc0-11f1-be13-814f369a648e,89.28603,18.46562,,7.2245,,,,1.57354,2.34713,0.84143,653c48cf-856e-4521-b1b6-52cd1878b7ca,2026-04-21,20:26:02.97,2026-04-21T16:26:02.9737984-04:00,2026-04-21T20:26:02.9737984Z,LineDrive,v3,227,471344,26593,"DeAndrade, Nolan",1000437002,Right,MAI_BLA,215c8354-1b41-4fbc-b9f7-fb76367c052c,53.47887,-128.7416,12.86959,5.40209,-3.67939,-8.68765,-1.65455,7.94255,-4.78484,225.283073,1.57353,118.99818,-19.04269,4.262,-0.97055,0.25494,-0.07343,0.01623,-0.00168,2.34715,32.88542,-17.92109,1.29876,-0.10208,-0.09229,0.06962,-0.02128,0.0025,0.84142,-3.76333,3.71996,-0.4947,0.01275,0.05382,-0.03501,0.01061,-0.00125,,,,,,,,,,,,,,,,,,,,,,,High,High,High,High,High,,,,220.461646,31.342367,1837.871657,0.854074,1:15,-0.543496,-0.56897,-0.617159,-83.111073,12.104284,-39.722452,174.882255,31.073734,0.076403,0.516141,-0.853089,31.175005,4.381811,0.516141,0.076403,0.853089,-31.175005,-4.381811,-0.516141,-0.076403,0.853089,-174.882255,-31.073734,-0.076403,-0.516141,-0.853089,70.19836,15.55189,-8.34146
152,2026-04-21,16:29:08.69,7,1,"Donlin, Jack",1000348269,Left,MAI_BLA,"Mainolfi, Ty",839397,Left,BOC_EAG,Undefined,4,Bottom,2,0,0,Slider,Curveball,StrikeCalled,Undefined,Undefined,StolenBase,0,0,,76.4985,1.289965,-0.22765,2104.247523,285.929539,3:30,6.10552,-1.13778,5.91552,-48.28231,-1.37591,9.08272,3.27938,-0.59216,71.37846,-7.556225,1.405053,0.492932,,,,,,,,,,,,-4.70862,-0.60095,1.15089,50,6.18125,0.11884,-111.35169,1.01708,-6.00661,16.9927,-32.94064,BOC_EAG,MAI_BLA,HarringtonVillage,D1,ACC,20260421-HarringtonVillage-1,c03cc7e0-3dc0-11f1-be13-814f369a648e,76.46572,,,5.12004,,,,,,,653c48cf-856e-4521-b1b6-52cd1878b7ca,2026-04-21,20:29:08.69,2026-04-21T16:29:08.6959104-04:00,2026-04-21T20:29:08.6959104Z,,v3,227,471344,26593,"DeAndrade, Nolan",1000437002,Right,MAI_BLA,89ad7a9d-ad4b-45db-8b4e-69108199b4a8,54.58619,-112.04937,8.49635,6.11173,2.36956,-16.47032,1.14094,0.36546,-3.0033,,,,,,,,,,,,,,,,,,,,,,,,,,,,,,,,,,,,,,,,,,,,,,,,,,,High,High,High,,,,,,337.387916,-63.733738,931.220479,0.442543,5:15,0.894305,-0.190298,0.404974,-34.44477,60.230565,9.70971,125.723645,-4.05113,0.809814,-0.070647,-0.582417,6.916134,-54.077779,0.070647,-0.809814,0.582417,-6.916134,54.077779,-0.070647,0.809814,0.582417,-125.723645,4.05113,-0.809814,0.070647,-0.582417,,,
153,2026-04-21,16:29:32.55,7,2,"Donlin, Jack",1000348269,Left,MAI_BLA,"Mainolfi, Ty",839397,Left,BOC_EAG,Undefined,4,Bottom,2,0,1,Fastball,Cutter,BallCalled,Undefined,Undefined,Undefined,0,0,,88.90662,0.12642,1.788758,2041.232133,164.635007,11:30,6.06782,-0.77724,6.59257,-24.06395,10.20264,-2.52091,4.17839,0.65217,81.56802,-4.423053,1.330538,0.421315,,,,,,,,,,,,1.79973,5.65524,0.65593,50,6.06635,-3.94064,-129.29119,-0.41203,3.05656,26.11406,-22.56952,BOC_EAG,MAI_BLA,HarringtonVillage,D1,ACC,20260421-HarringtonVillage-1,ce66e120-3dc0-11f1-be13-814f369a648e,89.4638,,,7.3386,,,,,,,653c48cf-856e-4521-b1b6-52cd1878b7ca,2026-04-21,20:29:32.55,2026-04-21T16:29:32.5595648-04:00,2026-04-21T20:29:32.5595648Z,,v3,227,471344,26593,"DeAndrade, Nolan",1000437002,Right,MAI_BLA,742996ef-178e-4da9-9427-8ab69c5b8267,53.90527,-130.07758,13.05703,6.06852,0.26762,-11.28476,0.77598,-4.03268,1.52828,,,,,,,,,,,,,,,,,,,,,,,,,,,,,,,,,,,,,,,,,,,,,,,,,,,High,High,High,,,,,,146.589153,-39.814337,1567.918012,0.768123,11:00,0.660936,0.421545,-0.620858,-58.610326,-37.960129,83.719112,179.649089,20.966117,0.005719,0.357816,-0.933775,20.966476,0.327678,0.357816,0.005719,0.933775,-20.966476,-0.327678,-0.357816,-0.005719,0.933775,-179.649089,-20.966117,-0.005719,-0.357816,-0.933775,,,
154,2026-04-21,16:29:54.49,7,3,"Donlin, Jack",1000348269,Left,MAI_BLA,"Mainolfi, Ty",839397,Left,BOC_EAG,Undefined,4,Bottom,2,1,1,Fastball,Cutter,StrikeCalled,Undefined,Undefined,Undefined,0,0,,87.70631,-1.854558,2.652296,1959.184611,159.859943,11:15,5.93273,-0.97821,6.4219,-23.12501,12.53481,-4.18087,2.29846,1.11319,80.32221,-6.216655,1.895167,0.429795,,,,,,,,,,,,2.91988,7.41737,0.79073,50,5.78975,-5.73577,-127.32607,-4.79425,4.79013,26.30753,-20.00572,BOC_EAG,MAI_BLA,HarringtonVillage,D1,ACC,20260421-HarringtonVillage-1,db7f3c40-3dc0-11f1-be13-814f369a648e,87.69873,,,7.3841,,,,,,,653c48cf-856e-4521-b1b6-52cd1878b7ca,2026-04-21,20:29:54.49,2026-04-21T16:29:54.4934912-04:00,2026-04-21T20:29:54.4934912Z,,v3,227,471344,26593,"DeAndrade, Nolan",1000437002,Right,MAI_BLA,b44b6bec-f4ae-4b22-b2a9-ed1a702ce277,54.07553,-128.16537,13.15377,5.93252,-4.156,-10.00286,0.97616,-5.88859,2.39507,,,,,,,,,,,,,,,,,,,,,,,,,,,,,,,,,,,,,,,,,,,,,,,,,,,High,High,High,,,,,,139.668552,-38.461407,1534.095023,0.783027,10:45,0.632234,0.526645,-0.568264,74.114719,18.327347,-67.185985,176.960927,22.100525,0.049122,0.376233,-0.925222,22.128648,2.815591,0.376233,0.049122,0.925222,-22.128648,-2.815591,-0.376233,-0.049122,0.925222,-176.960927,-22.100525,-0.049122,-0.376233,-0.925222,,,
155,2026-04-21,16:30:18.54,7,4,"Donlin, Jack",1000348269,Left,MAI_BLA,"Mainolfi, Ty",839397,Left,BOC_EAG,Undefined,4,Bottom,2,1,2,Fastball,Four-Seam,FoulBallNotFieldable,Undefined,Undefined,Undefined,0,0,,91.00969,-2.240253,2.31906,1913.452994,161.15444,11:15,6.08594,-0.83757,6.25524,-18.13969,15.56371,-4.9039,2.50573,0.89343,82.33722,-5.706792,1.433615,0.417838,75.85322,22.277643,-123.300938,4937.024374,,,,,47.48678,,,3.25677,9.11819,0.66764,50,5.91053,-5.13682,-131.93727,-5.67857,5.67092,31.25299,-16.29676,BOC_EAG,MAI_BLA,HarringtonVillage,D1,ACC,20260421-HarringtonVillage-1,e9d4f960-3dc0-11f1-be13-814f369a648e,90.20819,18.10017,,8.67247,,,,-0.67346,2.34807,-0.945,653c48cf-856e-4521-b1b6-52cd1878b7ca,2026-04-21,20:30:18.54,2026-04-21T16:30:18.5482752-04:00,2026-04-21T20:30:18.5482752Z,,v3,227,471344,26593,"DeAndrade, Nolan",1000437002,Right,MAI_BLA,25ed45f5-86ca-4168-a87c-d5a5fb971160,54.24035,-132.93792,15.6265,6.08399,-5.15678,-8.14838,0.83501,-5.31839,2.83546,,-0.66616,-56.72803,1.2215,,,,,,,2.36104,41.81932,-19.98407,,,,,,,-0.97615,-85.18526,19.46838,,,,,,,,,,,,,,,,,,,,,,,,,,,,,High,High,High,High,Undefined,,,,141.890902,-28.988257,1673.733791,0.874719,10:45,0.490628,0.558374,-0.668956,65.445183,2.420579,-48.409493,176.212574,17.766039,0.062905,0.305131,-0.950231,17.802473,3.60656,0.305131,0.062905,0.950231,-17.802473,-3.60656,-0.305131,-0.062905,0.950231,-176.212574,-17.766039,-0.062905,-0.305131,-0.950231,72.54657,-10.76285,-29.50362
156,2026-04-21,16:30:43.18,7,5,"Donlin, Jack",1000348269,Left,MAI_BLA,"Mainolfi, Ty",839397,Left,BOC_EAG,Undefined,4,Bottom,2,1,2,Fastball,Four-Seam,BallCalled,Undefined,Undefined,Undefined,0,0,,90.32455,0.437782,1.017361,1954.706628,153.777597,11:15,6.10427,-0.94314,6.16074,-22.57033,11.0206,-4.95343,4.6279,-0.416,83.13697,-3.798391,0.123927,0.41714,,,,,,,,,,,,2.81047,5.89441,0.86837,50,6.12581,-2.12746,-131.36526,0.28698,4.95231,25.64155,-21.78754,BOC_EAG,MAI_BLA,HarringtonVillage,D1,ACC,20260421-HarringtonVillage-1,f8842120-3dc0-11f1-be13-814f369a648e,90.35911,,,7.18758,,,,,,,653c48cf-856e-4521-b1b6-52cd1878b7ca,2026-04-21,20:30:43.18,2026-04-21T16:30:43.1875584-04:00,2026-04-21T20:30:43.1875584Z,,v3,227,471344,26593,"DeAndrade, Nolan",1000437002,Right,MAI_BLA,3a8ec41d-d482-4dd1-a94e-9e467abc8344,54.33753,-132.2092,12.82077,6.10457,1.00408,-10.89377,0.94108,-2.29046,2.47615,,,,,,,,,,,,,,,,,,,,,,,,,,,,,,,,,,,,,,,,,,,,,,,,,,,High,High,High,,,,,,144.107156,-38.952965,1520.101682,0.777662,10:45,0.643234,0.451104,-0.618672,76.089143,11.330214,-60.023108,176.625014,-24.466864,0.053584,-0.414167,-0.908622,24.504379,-3.07161,0.414167,-0.053584,0.908622,-24.504379,3.07161,-0.414167,0.053584,0.908622,-176.625014,24.466864,-0.053584,0.414167,-0.908622,,,
157,2026-04-21,16:31:06.44,7,6,"Donlin, Jack",1000348269,Left,MAI_BLA,"Mainolfi, Ty",839397,Left,BOC_EAG,Undefined,4,Bottom,2,2,2,Curveball,Curveball,HitByPitch,Undefined,Undefined,Undefined,0,0,,74.51746,2.678413,-1.839548,1985.160553,298.901342,4:00,5.93445,-0.95764,5.58599,-54.2866,-4.21024,9.9426,3.91483,-1.84748,69.48686,-7.199037,-0.065868,0.509317,,,,,,,,,,,,-5.51099,-2.45402,1.10876,50,6.1283,3.13034,-108.33139,3.36671,-6.66693,15.73107,-35.14279,BOC_EAG,MAI_BLA,HarringtonVillage,D1,ACC,20260421-HarringtonVillage-1,0666d120-3dc1-11f1-be13-814f369a648e,74.00591,,,5.0306,,,,,,,653c48cf-856e-4521-b1b6-52cd1878b7ca,2026-04-21,20:31:06.44,2026-04-21T16:31:06.4464896-04:00,2026-04-21T20:31:06.4464896Z,,v3,227,471344,26593,"DeAndrade, Nolan",1000437002,Right,MAI_BLA,ba84fb6c-459c-4fa5-81bd-046f5d59a51c,54.91773,-109.04317,7.86554,5.94,4.9568,-17.57139,0.9603,3.43199,-3.33346,,,,,,,,,,,,,,,,,,,,,,,,,,,,,,,,,,,,,,,,,,,,,,,,,,,High,High,High,,,,,,314.68213,-66.905051,778.691179,0.392256,4:30,0.914205,-0.321582,0.246604,70.936247,-34.778943,-65.98018,136.435532,3.607332,0.687805,0.062918,-0.723164,4.972449,43.456594,0.062918,0.687805,0.723164,-4.972449,-43.456594,-0.062918,-0.687805,0.723164,-136.435532,-3.607332,-0.687805,-0.062918,-0.723164,,,
158,2026-04-21,16:31:48.11,8,1,"Donlin, Jack",1000348269,Left,MAI_BLA,"Wang, Nick",813482,Right,BOC_EAG,Undefined,4,Bottom,2,0,0,Fastball,Four-Seam,BallCalled,Undefined,Undefined,Undefined,0,0,,87.58107,-2.065074,-0.43197,2023.873119,156.990638,11:15,5.9834,-1.19706,6.48807,-18.93568,16.99591,-6.68989,2.50866,-2.15114,79.48236,-5.697583,-1.646616,0.431429,,,,,,,,,,,,3.33949,9.88359,1.22988,50,5.8299,1.2227,-127.14647,-5.06935,5.41179,28.51538,-16.15723,BOC_EAG,MAI_BLA,HarringtonVillage,D1,ACC,20260421-HarringtonVillage-1,1f3e6000-3dc1-11f1-be13-814f369a648e,87.3664,,,8.09871,,,,,,,653c48cf-856e-4521-b1b6-52cd1878b7ca,2026-04-21,20:31:48.11,2026-04-21T16:31:48.1138688-04:00,2026-04-21T20:31:48.1138688Z,,v3,227,471344,26593,"DeAndrade, Nolan",1000437002,Right,MAI_BLA,2f6f3b98-900d-4497-b5d8-a304d634e084,54.0072,-128.04201,14.25769,5.98114,-4.56192,-8.07862,1.19415,1.05274,2.7059,,,,,,,,,,,,,,,,,,,,,,,,,,,,,,,,,,,,,,,,,,,,,,,,,,,High,High,High,,,,,,139.941725,-32.279129,1711.09653,0.845456,10:45,0.509198,0.562998,-0.650962,64.943437,27.498592,-62.024429,175.678107,-19.182744,0.071175,-0.328582,-0.94179,19.233434,-4.081503,0.328582,-0.071175,0.94179,-19.233434,4.081503,-0.328582,0.071175,0.94179,-175.678107,19.182744,-0.071175,0.328582,-0.94179,,,
159,2026-04-21,16:32:08.50,8,2,"Donlin, Jack",1000348269,Left,MAI_BLA,"Wang, Nick",813482,Right,BOC_EAG,Undefined,4,Bottom,2,1,0,Fastball,Four-Seam,BallCalled,Undefined,Undefined,Undefined,0,0,,88.2374,-2.214832,0.362961,1947.017048,144.180426,10:45,5.91803,-1.0961,6.39128,-24.01419,11.06158,-7.21433,1.87868,-1.36345,81.22838,-6.718957,-0.945551,0.426259,,,,,,,,,,,,3.8554,6.70552,1.0731,50,5.74774,-0.53144,-128.25569,-5.67783,6.44388,25.67491,-20.96651,BOC_EAG,MAI_BLA,HarringtonVillage,D1,ACC,20260421-HarringtonVillage-1,2b5b9240-3dc1-11f1-be13-814f369a648e,88.42586,,,7.00902,,,,,,,653c48cf-856e-4521-b1b6-52cd1878b7ca,2026-04-21,20:32:08.50,2026-04-21T16:32:08.5075968-04:00,2026-04-21T20:32:08.5075968Z,,v3,227,471344,26593,"DeAndrade, Nolan",1000437002,Right,MAI_BLA,1e9d463e-4ee5-4e1e-8caf-82fdc0bbcfdf,54.10704,-129.07523,12.83745,5.9183,-5.00857,-10.48325,1.09335,-0.73714,3.22194,,,,,,,,,,,,,,,,,,,,,,,,,,,,,,,,,,,,,,,,,,,,,,,,,,,High,High,High,,,,,,137.421301,-34.353755,1607.397357,0.825569,10:30,0.546132,0.579973,-0.604459,75.793141,25.362298,-58.903099,175.807552,-25.450321,0.066012,-0.429728,-0.900542,25.509942,-3.784981,0.429728,-0.066012,0.900542,-25.509942,3.784981,-0.429728,0.066012,0.900542,-175.807552,25.450321,-0.066012,0.429728,-0.900542,,,
160,2026-04-21,16:32:33.56,8,3,"Donlin, Jack",1000348269,Left,MAI_BLA,"Wang, Nick",813482,Right,BOC_EAG,Undefined,4,Bottom,2,2,0,Curveball,Curveball,BallCalled,Undefined,Undefined,Undefined,0,0,,76.27882,0.987317,-0.973208,2179.272598,313.598515,4:30,5.95162,-1.04798,5.7798,-56.21503,-7.36024,9.53264,2.18589,-1.15919,69.36277,-9.324585,0.738487,0.503066,,,,,,,,,,,,-5.12323,-3.43851,1.12274,50,6.00012,1.51779,-110.6818,0.09082,-6.25621,22.62848,-36.37295,BOC_EAG,MAI_BLA,HarringtonVillage,D1,ACC,20260421-HarringtonVillage-1,3a588be0-3dc1-11f1-be13-814f369a648e,74.92541,,,6.91605,,,,,,,653c48cf-856e-4521-b1b6-52cd1878b7ca,2026-04-21,20:32:33.56,2026-04-21T16:32:33.5639552-04:00,2026-04-21T20:32:33.5639552Z,,v3,227,471344,26593,"DeAndrade, Nolan",1000437002,Right,MAI_BLA,dfe61469-abd8-4a83-a0ae-0632f5579f3e,54.71853,-111.64232,11.31424,5.96349,1.63475,-18.18648,1.05268,1.78335,-3.1281,,,,,,,,,,,,,,,,,,,,,,,,,,,,,,,,,,,,,,,,,,,,,,,,,,,High,High,High,,,,,,331.299886,-71.575663,688.763577,0.316052,5:00,0.950558,-0.168101,0.261116,71.718584,-29.887568,-46.681639,126.684608,1.688858,0.801588,0.029472,-0.59715,2.825494,53.281996,0.029472,0.801588,0.59715,-2.825494,-53.281996,-0.029472,-0.801588,0.59715,-126.684608,-1.688858,-0.801588,-0.029472,-0.59715,,,
161,2026-04-21,16:32:59.39,8,4,"Donlin, Jack",1000348269,Left,MAI_BLA,"Wang, Nick",813482,Right,BOC_EAG,Undefined,4,Bottom,2,3,0,Fastball,Four-Seam,BallCalled,Walk,Undefined,Undefined,0,1,,88.54546,-4.043734,1.416948,2005.969504,156.910639,11:15,5.99125,-0.84113,6.49229,-20.2308,15.15666,-5.91839,0.5859,-0.03331,80.31488,-7.889083,0.341835,0.42815,,,,,,,,,,,,3.5554,9.60485,0.74426,50,5.69845,-2.94445,-128.27807,-9.6194,5.84329,29.91844,-16.38845,BOC_EAG,MAI_BLA,HarringtonVillage,D1,ACC,20260421-HarringtonVillage-1,49ad9090-3dc1-11f1-be13-814f369a648e,88.03558,,,8.23058,,,,,,,653c48cf-856e-4521-b1b6-52cd1878b7ca,2026-04-21,20:32:59.39,2026-04-21T16:32:59.3911296-04:00,2026-04-21T20:32:59.3911296Z,,v3,227,471344,26593,"DeAndrade, Nolan",1000437002,Right,MAI_BLA,a49f4093-3e41-436c-8d5c-27c5721b6814,54.00471,-129.20872,14.95922,5.98974,-9.10962,-8.19422,0.83868,-3.12621,2.92165,,,,,,,,,,,,,,,,,,,,,,,,,,,,,,,,,,,,,,,,,,,,,,,,,,,High,High,High,,,,,,140.120771,-37.552664,1590.319506,0.792793,10:45,0.586997,0.550031,-0.594054,62.299749,30.017733,-64.739599,175.107345,-12.05212,0.083409,-0.208801,-0.974395,12.0949,-4.784558,0.208801,-0.083409,0.974395,-12.0949,4.784558,-0.208801,0.083409,0.974395,-175.107345,12.05212,-0.083409,0.208801,-0.974395,,,
162,2026-04-21,16:33:37.07,9,1,"Donlin, Jack",1000348269,Left,MAI_BLA,"Toomey, Jack",809057,Right,BOC_EAG,Undefined,4,Bottom,2,0,0,Curveball,Curveball,BallCalled,Undefined,Undefined,Undefined,0,0,,76.16301,0.488621,-2.044948,2138.482321,317.278168,4:30,6.01135,-1.18995,5.65966,-55.4268,-6.27611,7.36398,1.8484,-2.48407,69.46149,-9.643093,-0.726254,0.504587,,,,,,,,,,,,-4.36252,-2.77036,1.35837,50,6.01808,3.66544,-110.47494,-0.85986,-5.32108,22.07845,-35.55311,BOC_EAG,MAI_BLA,HarringtonVillage,D1,ACC,20260421-HarringtonVillage-1,6032f210-3dc1-11f1-be13-814f369a648e,74.69955,,,6.70152,,,,,,,653c48cf-856e-4521-b1b6-52cd1878b7ca,2026-04-21,20:33:37.07,2026-04-21T16:33:37.0750976-04:00,2026-04-21T20:33:37.0750976Z,,v3,227,471344,26593,"DeAndrade, Nolan",1000437002,Right,MAI_BLA,209aabcd-6dc3-4b46-87fa-81d9da3b35de,54.83913,-111.43785,11.03923,6.02177,0.69072,-17.77656,1.19344,3.89751,-2.66054,,,,,,,,,,,,,,,,,,,,,,,,,,,,,,,,,,,,,,,,,,,,,,,,,,,High,High,High,,,,,,332.969001,-70.889553,700.118123,0.32739,5:00,0.953391,-0.156842,0.25777,68.429385,-35.310054,-51.215973,132.534124,2.641784,0.736092,0.046091,-0.675311,3.904512,47.399544,0.046091,0.736092,0.675311,-3.904512,-47.399544,-0.046091,-0.736092,0.675311,-132.534124,-2.641784,-0.736092,-0.046091,-0.675311,,,
163,2026-04-21,16:33:59.64,9,2,"Donlin, Jack",1000348269,Left,MAI_BLA,"Toomey, Jack",809057,Right,BOC_EAG,Undefined,4,Bottom,2,1,0,Curveball,Curveball,StrikeCalled,Undefined,Undefined,Undefined,0,0,,76.1857,1.02991,-0.584191,2167.527678,305.45798,4:15,5.90785,-0.96011,5.68849,-54.54712,-5.41154,10.02489,2.32231,-0.6692,69.23718,-8.97286,1.212305,0.50451,,,,,,,,,,,,-5.2474,-2.5011,1.00302,50,5.96088,0.74611,-110.5331,0.22302,-6.39185,22.53303,-35.22064,BOC_EAG,MAI_BLA,HarringtonVillage,D1,ACC,20260421-HarringtonVillage-1,6db50b80-3dc1-11f1-be13-814f369a648e,74.71106,,,6.94852,,,,,,,653c48cf-856e-4521-b1b6-52cd1878b7ca,2026-04-21,20:33:59.64,2026-04-21T16:33:59.6443136-04:00,2026-04-21T20:33:59.6443136Z,,v3,227,471344,26593,"DeAndrade, Nolan",1000437002,Right,MAI_BLA,b713327a-1ad9-4174-9223-8d8ca7367f6c,54.80977,-111.50929,11.26652,5.91816,1.74888,-17.61032,0.96469,1.02302,-3.19593,,,,,,,,,,,,,,,,,,,,,,,,,,,,,,,,,,,,,,,,,,,,,,,,,,,High,High,High,,,,,,323.689913,-68.230055,803.894264,0.370881,4:45,0.927582,-0.236276,0.289422,65.988233,-33.581328,-46.433218,123.346788,1.022372,0.835226,0.017843,-0.549618,1.859399,56.639353,0.017843,0.835226,0.549618,-1.859399,-56.639353,-0.017843,-0.835226,0.549618,-123.346788,-1.022372,-0.835226,-0.017843,-0.549618,,,
164,2026-04-21,16:34:19.82,9,3,"Donlin, Jack",1000348269,Left,MAI_BLA,"Toomey, Jack",809057,Right,BOC_EAG,Undefined,4,Bottom,2,1,1,Curveball,Curveball,BallCalled,Undefined,Undefined,Undefined,0,0,,76.23043,0.409988,-1.630987,2210.599041,311.219396,4:15,5.97415,-0.98962,5.6073,-53.02247,-4.16528,6.58512,1.93848,-1.9637,69.87015,-9.271529,-0.452871,0.503078,,,,,,,,,,,,-3.80244,-1.68744,1.12487,50,5.9753,2.90002,-110.64464,-0.9381,-4.68203,20.97996,-34.25186,BOC_EAG,MAI_BLA,HarringtonVillage,D1,ACC,20260421-HarringtonVillage-1,79aeb030-3dc1-11f1-be13-814f369a648e,74.9236,,,6.36028,,,,,,,653c48cf-856e-4521-b1b6-52cd1878b7ca,2026-04-21,20:34:19.82,2026-04-21T16:34:19.8203904-04:00,2026-04-21T20:34:19.8203904Z,,v3,227,471344,26593,"DeAndrade, Nolan",1000437002,Right,MAI_BLA,39aaafcf-307e-4e47-bf1e-914b9a62b340,54.89159,-111.5683,10.48998,5.98341,0.56988,-17.12593,0.99265,3.10615,-2.34101,,,,,,,,,,,,,,,,,,,,,,,,,,,,,,,,,,,,,,,,,,,,,,,,,,,High,High,High,,,,,,331.126481,-69.072875,789.582275,0.35718,5:00,0.941302,-0.179154,0.286103,72.194359,-41.688977,-55.560418,135.72887,-1.179405,0.697907,-0.020583,-0.715893,1.64689,-44.259298,0.020583,-0.697907,0.715893,-1.64689,44.259298,-0.020583,0.697907,0.715893,-135.72887,1.179405,-0.697907,0.020583,-0.715893,,,
165,2026-04-21,16:34:43.91,9,4,"Donlin, Jack",1000348269,Left,MAI_BLA,"Toomey, Jack",809057,Right,BOC_EAG,Undefined,4,Bottom,2,2,1,Curveball,Curveball,InPlay,Undefined,LineDrive,Out,1,0,,77.08855,0.36238,-0.752874,2128.520684,303.036093,4:00,6.01509,-0.98278,5.58666,-53.26011,-5.69737,11.04347,1.91518,-0.76556,71.00876,-9.337877,1.223455,0.496369,99.3556,22.83711,7.401867,3060.438107,107.93313,44.97231,21.2215,320.02227,313.79642,16.898005,4.468376,-5.83646,-2.59103,1.03995,50,6.01116,1.05961,-112.01116,-1.03962,-7.39494,20.74323,-35.45693,BOC_EAG,MAI_BLA,HarringtonVillage,D1,ACC,20260421-HarringtonVillage-1,88111780-3dc1-11f1-be13-814f369a648e,75.9363,60.83724,,6.07979,,,,1.03319,1.88093,0.75355,653c48cf-856e-4521-b1b6-52cd1878b7ca,2026-04-21,20:34:43.91,2026-04-21T16:34:43.9107584-04:00,2026-04-21T20:34:43.9107584Z,LineDrive,v3,227,471344,26593,"DeAndrade, Nolan",1000437002,Right,MAI_BLA,1db1d125-a14a-4c3f-b751-954796231f33,54.9148,-112.91765,10.37161,6.02273,0.50988,-17.72846,0.98658,1.38277,-3.69747,208.562441,1.03351,133.17161,-33.24872,8.58785,-1.90188,0.36856,-0.06006,0.007,-0.00039,1.88224,56.52472,-12.39582,-1.91039,1.22846,-0.4382,0.10138,-0.01291,0.00067,0.75311,17.31312,5.23805,-2.78597,0.88215,-0.20255,0.03325,-0.00346,0.00016,,,,,,,,,,,,,,,,,,,,,,,High,High,High,High,High,,,,329.334791,-63.711593,942.700071,0.44289,5:00,0.900058,-0.231549,0.369162,68.867203,-46.847229,-52.255623,129.393111,-3.327465,0.771507,-0.058043,-0.633568,5.234386,-50.489411,0.058043,-0.771507,0.633568,-5.234386,50.489411,-0.058043,0.771507,0.633568,-129.393111,3.327465,-0.771507,0.058043,-0.633568,72.8446,10.05362,-2.00965
166,2026-04-21,16:37:03.09,1,1,"Hard, Sean",695717,Right,BOC_EAG,"Stevens, Julian",1000253292,Right,MAI_BLA,Undefined,5,Top,0,0,0,Slider,Slider,BallCalled,Undefined,Undefined,Undefined,0,0,,83.62443,-2.580925,-1.728294,2334.450527,93.869845,9:15,6.45345,1.24133,6.34341,-37.62431,1.73532,-7.60563,0.93941,-0.98402,77.17783,-9.517081,-3.107654,0.451541,,,,,,,,,,,,3.50551,1.97528,-1.11217,50,6.24796,3.938,-121.45401,-6.62705,5.22253,24.36707,-29.2313,BOC_EAG,MAI_BLA,HarringtonVillage,D1,ACC,20260421-HarringtonVillage-1,daf22200-3dc1-11f1-be13-814f369a648e,83.47518,,,6.4466,,,,,,,653c48cf-856e-4521-b1b6-52cd1878b7ca,2026-04-21,20:37:03.09,2026-04-21T16:37:03.0970880-04:00,2026-04-21T20:37:03.0970880Z,,v3,227,471344,26593,"Roossien, Jace",831501,Right,BOC_EAG,6932b464-263d-49a6-ac42-354cf9f56b65,54.15692,-122.28516,12.18353,6.457,-5.62999,-14.61565,-1.24345,3.75986,2.61126,,,,,,,,,,,,,,,,,,,,,,,,,,,,,,,,,,,,,,,,,,,,,,,,,,,High,High,High,,,,,,178.322437,71.538865,739.230157,0.316661,12:00,-0.957109,-0.033452,-0.28779,79.825196,-31.515067,59.924043,143.675249,-9.402987,0.584402,-0.163377,-0.794847,11.615127,-35.760762,0.163377,-0.584402,0.794847,-11.615127,35.760762,-0.163377,0.584402,0.794847,-143.675249,9.402987,-0.584402,0.163377,-0.794847,,,
167,2026-04-21,16:37:16.70,1,2,"Hard, Sean",695717,Right,BOC_EAG,"Stevens, Julian",1000253292,Right,MAI_BLA,Undefined,5,Top,0,1,0,Slider,Slider,StrikeSwinging,Undefined,Undefined,Undefined,0,0,,83.52931,-2.935542,-2.700958,2310.206389,123.5435,10:00,6.47783,1.2198,6.39785,-35.00577,4.85839,-5.24737,0.85565,-1.70325,76.25472,-9.428414,-3.652052,0.454425,,,,,,,,,,,,1.88736,3.88138,-1.02372,50,6.25114,5.90395,-121.05683,-7.2597,2.7635,26.56964,-26.49089,BOC_EAG,MAI_BLA,HarringtonVillage,D1,ACC,20260421-HarringtonVillage-1,e311c0d0-3dc1-11f1-be13-814f369a648e,82.94527,,,7.27459,,,,,,,653c48cf-856e-4521-b1b6-52cd1878b7ca,2026-04-21,20:37:16.70,2026-04-21T16:37:16.7030272-04:00,2026-04-21T20:37:16.7030272Z,,v3,227,471344,26593,"Roossien, Jace",831501,Right,BOC_EAG,aa293586-18e8-4089-afd6-d7dd4718184a,54.09964,-121.9533,13.28482,6.48101,-6.36588,-13.24544,-1.22135,5.81071,1.38175,,,,,,,,,,,,,,,,,,,,,,,,,,,,,,,,,,,,,,,,,,,,,,,,,,,High,High,High,,,,,,181.243303,71.723791,724.476541,0.313598,12:00,-0.961682,-0.055425,-0.268505,77.969552,-26.334528,62.797928,145.677253,-8.595753,0.55752,-0.149462,-0.816598,10.372053,-33.884494,0.149462,-0.55752,0.816598,-10.372053,33.884494,-0.149462,0.55752,0.816598,-145.677253,8.595753,-0.55752,0.149462,-0.816598,,,
168,2026-04-21,16:37:35.69,1,3,"Hard, Sean",695717,Right,BOC_EAG,"Stevens, Julian",1000253292,Right,MAI_BLA,Undefined,5,Top,0,1,1,Slider,Slider,StrikeSwinging,Undefined,Undefined,Undefined,0,0,,83.22287,-2.282239,-1.209402,2337.012861,126.529803,10:15,6.54929,1.2488,6.26555,-36.22943,4.06626,-3.5826,1.42447,-0.16493,75.78703,-9.00736,-1.858295,0.456878,,,,,,,,,,,,1.46976,3.27996,-1.15764,50,6.36297,2.68474,-120.73114,-5.92781,2.13884,26.58545,-27.40091,BOC_EAG,MAI_BLA,HarringtonVillage,D1,ACC,20260421-HarringtonVillage-1,ee6b7c00-3dc1-11f1-be13-814f369a648e,82.49992,,,7.43584,,,,,,,653c48cf-856e-4521-b1b6-52cd1878b7ca,2026-04-21,20:37:35.69,2026-04-21T16:37:35.6948480-04:00,2026-04-21T20:37:35.6948480Z,,v3,227,471344,26593,"Roossien, Jace",831501,Right,BOC_EAG,df34d372-4920-45d0-9874-338f30deba06,54.23108,-121.65927,13.29273,6.55322,-4.97121,-13.70045,-1.25006,2.61007,1.06942,,,,,,,,,,,,,,,,,,,,,,,,,,,,,,,,,,,,,,,,,,,,,,,,,,,High,High,High,,,,,,180.681383,70.782805,769.227885,0.32915,12:00,-0.950109,-0.041514,-0.309142,81.20597,-27.9403,58.034272,141.423333,-5.689454,0.62049,-0.099137,-0.777923,7.262484,-38.35189,0.099137,-0.62049,0.777923,-7.262484,38.35189,-0.099137,0.62049,0.777923,-141.423333,5.689454,-0.62049,0.099137,-0.777923,,,
169,2026-04-21,16:37:50.93,1,4,"Hard, Sean",695717,Right,BOC_EAG,"Stevens, Julian",1000253292,Right,MAI_BLA,Undefined,5,Top,0,1,2,Fastball,Cutter,InPlay,Undefined,LineDrive,Out,1,0,,89.206,-2.05063,-1.773522,2275.982352,161.841429,11:30,6.58143,0.83166,6.72035,-15.63111,18.84033,-5.7776,3.40283,-1.27136,80.64799,-5.097368,-2.825758,0.422572,99.69851,8.398762,6.692038,823.801443,108.33158,8.43457,19.08507,162.36908,151.04972,11.012298,1.371289,2.47878,10.96508,-0.71248,50,6.43929,4.22951,-129.4828,-4.98932,4.14696,30.70918,-13.82955,BOC_EAG,MAI_BLA,HarringtonVillage,D1,ACC,20260421-HarringtonVillage-1,f77af910-3dc1-11f1-be13-814f369a648e,89.19762,9.61079,,8.55802,,,,0.79365,3.38199,1.27395,653c48cf-856e-4521-b1b6-52cd1878b7ca,2026-04-21,20:37:50.93,2026-04-21T16:37:50.9344768-04:00,2026-04-21T20:37:50.9344768Z,LineDrive,v3,227,471344,26593,"Roossien, Jace",831501,Right,BOC_EAG,910e04d3-7f03-4729-ac3a-4d17d55236d3,53.776,-130.37527,15.35459,6.57845,-4.5874,-6.91478,-0.83364,4.10899,2.07348,265.189994,0.79365,143.66938,-26.27862,5.38342,-1.00564,0.34385,-0.35447,0.21082,-0.04557,3.38199,21.35869,-19.17676,1.72967,-0.4937,0.15571,0.05139,-0.07263,0.01925,1.27394,16.85949,6.26564,-2.59659,0.36702,-0.02973,0.25605,-0.21836,0.05365,,,,,,,,,,,,,,,,,,,,,,,High,High,High,High,High,,,,187.172211,27.917482,2011.109926,0.883623,12:15,-0.490863,-0.127005,-0.86193,-30.117916,5.063949,-60.96919,177.119245,-0.6848,0.050254,-0.011952,-0.998665,0.685667,-2.880549,0.011952,-0.050254,0.998665,-0.685667,2.880549,-0.011952,0.050254,0.998665,-177.119245,0.6848,-0.050254,0.011952,-0.998665,,,
170,2026-04-21,16:38:17.13,2,1,"Hard, Sean",695717,Right,BOC_EAG,"St. Denis, Hunter",1000341731,Right,MAI_BLA,Undefined,5,Top,1,0,0,Slider,Slider,BallCalled,Undefined,Undefined,Undefined,0,0,,82.19397,0.763511,-1.914828,2237.511836,91.850516,9:00,6.47366,1.10169,6.4504,-39.38108,1.66213,-6.95489,3.8938,-1.23775,74.42281,-6.607047,-3.17566,0.461097,,,,,,,,,,,,2.98941,1.09244,-0.96336,50,6.51086,4.24764,-119.30558,0.41271,4.24129,26.30369,-30.6241,BOC_EAG,MAI_BLA,HarringtonVillage,D1,ACC,20260421-HarringtonVillage-1,071a4d30-3dc2-11f1-be13-814f369a648e,81.74519,,,7.77116,,,,,,,653c48cf-856e-4521-b1b6-52cd1878b7ca,2026-04-21,20:38:17.13,2026-04-21T16:38:17.1346944-04:00,2026-04-21T20:38:17.1346944Z,,v3,227,471344,26593,"Roossien, Jace",831501,Right,BOC_EAG,e3a8b4be-2f3c-44e5-8548-36ec6171515c,54.04593,-120.1943,13.15185,6.47944,1.44739,-15.31205,-1.10445,4.10434,2.12064,,,,,,,,,,,,,,,,,,,,,,,,,,,,,,,,,,,,,,,,,,,,,,,,,,,High,High,High,,,,,,167.009221,75.167721,572.781536,0.25599,11:30,-0.973622,0.070421,-0.217027,84.143968,-26.254789,52.367079,144.267178,-7.270312,0.579311,-0.126551,-0.805223,8.931676,-35.402097,0.126551,-0.579311,0.805223,-8.931676,35.402097,-0.126551,0.579311,0.805223,-144.267178,7.270312,-0.579311,0.126551,-0.805223,,,
171,2026-04-21,16:38:30.04,2,2,"Hard, Sean",695717,Right,BOC_EAG,"St. Denis, Hunter",1000341731,Right,MAI_BLA,Undefined,5,Top,1,1,0,Slider,Slider,StrikeSwinging,Undefined,Undefined,Undefined,0,0,,82.5463,-2.328831,-1.361346,2338.272732,76.424109,8:30,6.47074,1.08899,6.29929,-41.75943,-1.15453,-10.17142,0.8433,-1.01317,75.98834,-10.012637,-3.206034,0.458628,,,,,,,,,,,,4.92485,0.44559,-0.98419,50,6.27961,3.21506,-119.88858,-6.16392,7.11559,24.75485,-31.53023,BOC_EAG,MAI_BLA,HarringtonVillage,D1,ACC,20260421-HarringtonVillage-1,0ec7f050-3dc2-11f1-be13-814f369a648e,82.18519,,,6.55796,,,,,,,653c48cf-856e-4521-b1b6-52cd1878b7ca,2026-04-21,20:38:30.04,2026-04-21T16:38:30.0468736-04:00,2026-04-21T20:38:30.0468736Z,,v3,227,471344,26593,"Roossien, Jace",831501,Right,BOC_EAG,6a0c2422-b731-4814-9b5a-99887134f78d,54.20102,-120.75289,12.37743,6.47561,-5.06303,-15.76512,-1.09211,2.96662,3.5578,,,,,,,,,,,,,,,,,,,,,,,,,,,,,,,,,,,,,,,,,,,,,,,,,,,High,High,High,,,,,,170.048173,75.801902,573.520326,0.245275,11:45,-0.975841,0.00296,-0.218463,95.773003,-40.726594,54.242306,144.74196,-7.129244,0.572797,-0.124108,-0.810248,8.708475,-34.945488,0.124108,-0.572797,0.810248,-8.708475,34.945488,-0.124108,0.572797,0.810248,-144.74196,7.129244,-0.572797,0.124108,-0.810248,,,
172,2026-04-21,16:38:43.84,2,3,"Hard, Sean",695717,Right,BOC_EAG,"St. Denis, Hunter",1000341731,Right,MAI_BLA,Undefined,5,Top,1,1,1,Slider,Slider,StrikeSwinging,Undefined,Undefined,Undefined,0,0,,82.55338,-1.544224,-2.11086,2326.814116,104.217852,9:30,6.54852,1.0474,6.34014,-37.35085,3.70599,-8.73918,2.01295,-1.62511,74.78659,-8.501011,-3.693342,0.461173,,,,,,,,,,,,3.81579,2.92284,-0.89012,50,6.41915,4.74227,-119.70888,-4.35824,5.42787,27.35623,-28.01638,BOC_EAG,MAI_BLA,HarringtonVillage,D1,ACC,20260421-HarringtonVillage-1,1708abb0-3dc2-11f1-be13-814f369a648e,81.73162,,,7.76679,,,,,,,653c48cf-856e-4521-b1b6-52cd1878b7ca,2026-04-21,20:38:43.84,2026-04-21T16:38:43.8424064-04:00,2026-04-21T20:38:43.8424064Z,,v3,227,471344,26593,"Roossien, Jace",831501,Right,BOC_EAG,7df570fd-7994-4701-b266-7227a166a1fd,54.15559,-120.65479,13.67812,6.5531,-3.3895,-14.00819,-1.05086,4.55459,2.71394,,,,,,,,,,,,,,,,,,,,,,,,,,,,,,,,,,,,,,,,,,,,,,,,,,,High,High,High,,,,,,167.406989,73.960177,642.91134,0.276305,11:30,-0.971624,0.03432,-0.234029,83.045528,-31.172216,51.815896,141.419569,-11.007867,0.612139,-0.190944,-0.76735,13.973413,-37.744312,0.190944,-0.612139,0.76735,-13.973413,37.744312,-0.190944,0.612139,0.76735,-141.419569,11.007867,-0.612139,0.190944,-0.76735,,,
173,2026-04-21,16:38:58.05,2,4,"Hard, Sean",695717,Right,BOC_EAG,"St. Denis, Hunter",1000341731,Right,MAI_BLA,Undefined,5,Top,1,1,2,Slider,Slider,InPlay,Undefined,FlyBall,Double,0,0,,82.40891,-0.43251,-1.392407,2281.974976,82.157176,8:45,6.58981,1.11616,6.09958,-40.21451,1.00221,-2.96307,2.83847,-0.41879,75.01491,-7.882611,-1.926954,0.46207,96.16883,23.218999,-13.65562,1837.692102,107.27997,45.21847,-24.31,313.45343,312.42881,-11.737436,4.290428,1.09976,1.03701,-1.00749,50,6.53546,3.01985,-119.65291,-2.17473,1.5745,25.7712,-30.6894,BOC_EAG,MAI_BLA,HarringtonVillage,D1,ACC,20260421-HarringtonVillage-1,1f7be8c0-3dc2-11f1-be13-814f369a648e,81.57295,59.86934,,7.39399,,,,2.09089,2.94601,0.39242,653c48cf-856e-4521-b1b6-52cd1878b7ca,2026-04-21,20:38:58.05,2026-04-21T16:38:58.0585472-04:00,2026-04-21T20:38:58.0585472Z,LineDrive,v3,227,471344,26593,"Roossien, Jace",831501,Right,BOC_EAG,bbcd3b23-2d18-43ac-8600-eeb942c1fa90,54.39902,-120.59666,12.8856,6.59452,-1.05088,-15.3447,-1.11702,2.96219,0.78725,183.986499,2.09113,125.95322,-27.43624,6.68241,-1.47953,0.31262,-0.05358,0.00571,-0.00026,2.94576,55.61329,-13.6817,-0.25887,0.29679,-0.10531,0.01896,-0.00131,0,0.39236,-30.60059,7.67782,-1.84327,0.407,-0.08476,0.0142,-0.00147,7E-05,,,,,,,,,,,,,,,,,,,,,,,High,High,High,High,High,,,,156.918951,78.45968,456.526158,0.200057,11:15,-0.984531,0.071031,-0.160167,-76.679909,43.649577,70.004387,149.042815,-4.884736,0.512529,-0.085151,-0.854437,5.69119,-30.832441,0.085151,-0.512529,0.854437,-5.69119,30.832441,-0.085151,0.512529,0.854437,-149.042815,4.884736,-0.512529,0.085151,-0.854437,62.76099,13.39132,-14.90099
174,2026-04-21,16:39:39.89,3,1,"Hard, Sean",695717,Right,BOC_EAG,"Rasmussen, Brody",1000250740,Right,MAI_BLA,Undefined,5,Top,1,0,0,Slider,Slider,InPlay,Undefined,GroundBall,Out,1,0,,81.74791,-1.622112,-2.316028,2308.135807,105.490996,9:30,6.67016,1.29312,6.09279,-39.97471,2.11382,-2.29008,1.8369,-1.04115,74.40522,-9.010184,-2.728988,0.466931,53.89602,-41.948756,70.610593,,,,,3.2271,3.2271,63.721909,0.03272,0.43713,2.05201,-1.11344,50,6.52429,4.88081,-118.5375,-4.61397,0.61266,25.81759,-29.298,BOC_EAG,MAI_BLA,HarringtonVillage,D1,ACC,20260421-HarringtonVillage-1,386ca4f0-3dc2-11f1-be13-814f369a648e,80.72372,1.73646,,7.34269,,,,0.78733,1.73646,1.07117,653c48cf-856e-4521-b1b6-52cd1878b7ca,2026-04-21,20:39:39.89,2026-04-21T16:39:39.8929920-04:00,2026-04-21T20:39:39.8929920Z,GroundBall,v3,227,471344,26593,"Roossien, Jace",831501,Right,BOC_EAG,c37cb6d2-e181-4d75-b7d3-aa37b2bfc146,54.40451,-119.49296,12.90879,6.67498,-3.52971,-14.649,-1.29365,4.85814,0.30633,,0.78688,19.60238,,,,,,,,1.73766,-53.0694,,,,,,,,1.0699,55.69683,,,,,,,,,,,,,,,,,,,,,,,,,,,,,,High,High,High,Estimated,Estimated,,,,167.732494,78.230767,470.791352,0.20397,11:30,-0.987066,0.015609,-0.159555,87.274264,-27.834324,57.14053,147.183033,-8.197706,0.536419,-0.142589,-0.831819,9.727029,-32.44022,0.142589,-0.536419,0.831819,-9.727029,32.44022,-0.142589,0.536419,0.831819,-147.183033,8.197706,-0.536419,0.142589,-0.831819,47.37719,14.5,2.805
175,2026-04-21,16:40:17.84,4,1,"Hard, Sean",695717,Right,BOC_EAG,"De La Rosa, Albert",1000230264,Right,MAI_BLA,Undefined,5,Top,2,0,0,Slider,Slider,InPlay,Undefined,FlyBall,Double,0,1,,82.50762,-1.162956,-0.918799,2361.997335,118.455601,10:00,6.50822,1.43716,6.35279,-34.81187,5.0026,-7.22717,2.53653,-0.01087,76.78119,-7.608814,-2.228869,0.454142,101.68726,21.361255,-18.339067,1474.552065,103.28923,41.15866,-37.83075,368.28464,361.61713,-24.692277,4.403702,3.57469,3.21492,-1.36718,50,6.40735,2.18001,-120.09973,-3.47403,5.28097,20.76033,-27.42456,BOC_EAG,MAI_BLA,HarringtonVillage,D1,ACC,20260421-HarringtonVillage-1,4f0651c0-3dc2-11f1-be13-814f369a648e,82.99702,59.13246,,5.72642,,,,1.52796,2.54552,0.01006,653c48cf-856e-4521-b1b6-52cd1878b7ca,2026-04-21,20:40:17.84,2026-04-21T16:40:17.8406912-04:00,2026-04-21T20:40:17.8406912Z,LineDrive,v3,227,471344,26593,"Roossien, Jace",831501,Right,BOC_EAG,6dead30f-019a-4877-9166-36b424bf8516,54.14834,-120.81468,10.38017,6.51073,-2.52958,-13.71228,-1.43912,1.99815,2.64049,155.28854,1.52779,131.84423,-27.05295,6.31941,-1.32787,0.2691,-0.04832,0.00586,-0.00031,2.54622,54.3075,-13.00778,-0.31965,0.2967,-0.12124,0.0317,-0.00415,0.00021,0.01026,-43.70674,2.47719,-0.0142,-0.05271,0.01289,-0.0023,0.00031,-2E-05,,,,,,,,,,,,,,,,,,,,,,,High,High,High,High,Medium,,,,174.377313,72.084058,726.600893,0.307621,11:45,-0.956711,0.010822,-0.290837,64.183625,-8.203319,53.523043,142.947086,-8.652205,0.595695,-0.150436,-0.788997,10.794882,-36.562201,0.150436,-0.595695,0.788997,-10.794882,36.562201,-0.150436,0.595695,0.788997,-142.947086,8.652205,-0.595695,0.150436,-0.788997,72.46583,16.57537,-17.04769
176,2026-04-21,16:41:05.99,5,1,"Hard, Sean",695717,Right,BOC_EAG,"DeAndrade, Nolan",1000437002,Right,MAI_BLA,Undefined,5,Top,2,0,0,Fastball,Four-Seam,StrikeSwinging,Undefined,Undefined,Undefined,0,0,,88.72846,-2.442079,-1.477254,2207.877877,186.864076,12:15,6.72333,0.86947,6.39909,-12.77001,22.12667,2.52638,3.41126,-0.27883,80.97432,-4.938945,-1.019725,0.425171,,,,,,,,,,,,-1.72725,12.54776,-0.76457,50,6.54168,3.22088,-128.81994,-5.76388,-2.89719,27.207,-11.12688,BOC_EAG,MAI_BLA,HarringtonVillage,D1,ACC,20260421-HarringtonVillage-1,6bbec450-3dc2-11f1-be13-814f369a648e,88.65245,,,7.75415,,,,,,,653c48cf-856e-4521-b1b6-52cd1878b7ca,2026-04-21,20:41:05.99,2026-04-21T16:41:05.9901952-04:00,2026-04-21T20:41:05.9901952Z,,v3,227,471344,26593,"Roossien, Jace",831501,Right,BOC_EAG,e9aaa2aa-28f8-46b7-8f54-afd2770732bc,54.09737,-129.68242,13.6035,6.71881,-5.41115,-5.56344,-0.86813,3.31272,-1.4486,,,,,,,,,,,,,,,,,,,,,,,,,,,,,,,,,,,,,,,,,,,,,,,,,,,High,High,High,,,,,,190.091322,15.818066,2124.270164,0.962132,12:15,-0.289485,-0.180044,-0.940097,-27.32123,9.567166,-45.837999,175.05119,7.786902,0.08547,0.135489,-0.987085,7.815679,4.903064,0.135489,0.08547,0.987085,-7.815679,-4.903064,-0.135489,-0.08547,0.987085,-175.05119,-7.786902,-0.08547,-0.135489,-0.987085,,,
177,2026-04-21,16:41:23.42,5,2,"Hard, Sean",695717,Right,BOC_EAG,"DeAndrade, Nolan",1000437002,Right,MAI_BLA,Undefined,5,Top,2,0,1,Fastball,Four-Seam,FoulBallNotFieldable,Undefined,Undefined,Undefined,0,0,,89.69249,-3.274943,-0.848945,2223.669683,185.551473,12:15,6.65233,0.9433,6.58712,-11.78213,22.17698,2.04638,2.66591,0.33585,81.84406,-5.592813,-0.476872,0.41942,77.25649,7.91053,174.63955,1428.412786,,,,61.68262,36.02848,172.137893,0.569589,-1.2902,12.79942,-0.88581,50,6.42171,1.84322,-130.1365,-7.64954,-2.20921,27.69691,-10.2577,BOC_EAG,MAI_BLA,HarringtonVillage,D1,ACC,20260421-HarringtonVillage-1,7626a570-3dc2-11f1-be13-814f369a648e,89.86793,4.10539,,7.84843,,,,1.23164,2.38041,-0.19118,653c48cf-856e-4521-b1b6-52cd1878b7ca,2026-04-21,20:41:23.42,2026-04-21T16:41:23.4270208-04:00,2026-04-21T20:41:23.4270208Z,GroundBall,v3,227,471344,26593,"Roossien, Jace",831501,Right,BOC_EAG,2991b2e7-6830-48aa-a887-8c2e493188c8,53.90611,-130.96519,13.84846,6.64599,-7.34263,-5.12885,-0.94195,1.90932,-1.1046,25.070148,1.26492,-112.51343,5.19662,,,,,,,2.39237,15.31889,-34.30562,,,,,,,-0.20047,10.69951,7.86885,,,,,,,,,,,,,,,,,,,,,,,,,,,,,High,High,High,Medium,Medium,,,,188.280078,16.905633,2127.573801,0.956785,12:15,-0.296447,-0.154176,-0.942523,-17.447935,4.037387,-56.14745,178.343908,-1.981483,0.028883,-0.034577,-0.998985,1.982311,-1.655102,0.034577,-0.028883,0.998985,-1.982311,1.655102,-0.034577,0.028883,0.998985,-178.343908,1.981483,-0.028883,0.034577,-0.998985,,,
178,2026-04-21,16:41:47.48,5,3,"Hard, Sean",695717,Right,BOC_EAG,"DeAndrade, Nolan",1000437002,Right,MAI_BLA,Undefined,5,Top,2,0,2,Fastball,Four-Seam,BallCalled,Undefined,Undefined,Undefined,0,0,,87.88771,-4.029552,-1.74301,2227.731055,184.162658,12:15,6.73028,0.91536,6.51234,-14.86457,20.80056,1.42488,1.78603,-0.56587,80.0834,-6.904404,-1.484403,0.429827,,,,,,,,,,,,-1.2589,12.44532,-0.79436,50,6.44189,3.82071,-127.36811,-9.31149,-2.05539,27.64794,-11.85449,BOC_EAG,MAI_BLA,HarringtonVillage,D1,ACC,20260421-HarringtonVillage-1,847b5120-3dc2-11f1-be13-814f369a648e,87.6922,,,7.80431,,,,,,,653c48cf-856e-4521-b1b6-52cd1878b7ca,2026-04-21,20:41:47.48,2026-04-21T16:41:47.4893312-04:00,2026-04-21T20:41:47.4893312Z,,v3,227,471344,26593,"Roossien, Jace",831501,Right,BOC_EAG,f4f7d976-b9c5-4397-b593-32800413329e,53.98418,-128.23004,13.82397,6.72642,-8.94192,-5.92724,-0.91448,3.88479,-1.02769,,,,,,,,,,,,,,,,,,,,,,,,,,,,,,,,,,,,,,,,,,,,,,,,,,,High,High,High,,,,,,183.382939,26.981607,1985.247465,0.891152,12:00,-0.475738,-0.084338,-0.875534,-16.437708,15.204903,-58.608157,176.517249,-10.319962,0.059765,-0.179145,-0.982006,10.338646,-3.426341,0.179145,-0.059765,0.982006,-10.338646,3.426341,-0.179145,0.059765,0.982006,-176.517249,10.319962,-0.059765,0.179145,-0.982006,,,
179,2026-04-21,16:42:15.97,5,4,"Hard, Sean",695717,Right,BOC_EAG,"DeAndrade, Nolan",1000437002,Right,MAI_BLA,Undefined,5,Top,2,1,2,Slider,Slider,FoulBallNotFieldable,Undefined,Undefined,Undefined,0,0,,82.99411,-1.321239,-1.38648,2245.277033,123.245261,10:00,6.68768,1.17158,6.06446,-36.71427,3.41213,-3.37803,2.40482,-0.39331,76.66708,-8.088225,-1.995552,0.455918,68.1351,22.334629,162.324653,2978.391495,-106.98341,13.99529,25.58384,145.90096,47.02703,168.210105,1.872628,1.37937,2.46291,-1.06226,50,6.56547,3.04619,-120.63372,-3.94935,2.03908,22.77178,-28.53325,BOC_EAG,MAI_BLA,HarringtonVillage,D1,ACC,20260421-HarringtonVillage-1,95752c30-3dc2-11f1-be13-814f369a648e,82.67377,18.35927,,6.32703,,,,1.67676,2.38817,0.34446,653c48cf-856e-4521-b1b6-52cd1878b7ca,2026-04-21,20:42:15.97,2026-04-21T16:42:15.9781888-04:00,2026-04-21T20:42:15.9781888Z,LineDrive,v3,227,471344,26593,"Roossien, Jace",831501,Right,BOC_EAG,0f2665c3-ffac-41c4-ba31-06bf85278c5a,54.4355,-121.46811,11.38589,6.69102,-2.90385,-14.26662,-1.1725,2.97148,1.01954,311.806107,1.67675,-88.06963,5.50657,0.21853,-0.2113,0.25445,-0.16159,0.0585,-0.00886,2.38817,37.97563,-24.38739,2.48621,-0.5125,0.11994,-0.02894,0.00807,-0.00114,0.34447,28.0646,-8.33575,1.3018,-0.18495,-0.08582,0.08813,-0.0339,0.00517,,,,,,,,,,,,,,,,,,,,,,,High,High,High,High,Low,,,,170.828632,76.310243,531.377261,0.236664,11:45,-0.977571,0.015309,-0.210047,93.287206,-34.84516,54.246454,144.433007,-5.783231,0.578694,-0.100765,-0.809296,7.097351,-35.358737,0.100765,-0.578694,0.809296,-7.097351,35.358737,-0.100765,0.578694,0.809296,-144.433007,5.783231,-0.578694,0.100765,-0.809296,70.99833,17.73532,-10.25648
180,2026-04-21,16:42:37.98,5,5,"Hard, Sean",695717,Right,BOC_EAG,"DeAndrade, Nolan",1000437002,Right,MAI_BLA,Undefined,5,Top,2,1,2,Slider,Slider,StrikeCalled,Strikeout,Undefined,Undefined,0,0,,81.07102,0.059699,-1.568687,2110.08686,65.310372,8:15,6.67143,1.09473,5.9934,-43.41577,-1.4787,-5.76288,3.10879,-0.83959,75.25097,-7.906095,-2.605927,0.466091,,,,,,,,,,,,2.56606,-0.39398,-0.96802,50,6.65224,3.44511,-117.91827,-1.2791,3.64431,20.60276,-32.73357,BOC_EAG,MAI_BLA,HarringtonVillage,D1,ACC,20260421-HarringtonVillage-1,a29ca280-3dc2-11f1-be13-814f369a648e,80.86935,,,5.82005,,,,,,,653c48cf-856e-4521-b1b6-52cd1878b7ca,2026-04-21,20:42:37.98,2026-04-21T16:42:37.9801600-04:00,2026-04-21T20:42:37.9801600Z,,v3,227,471344,26593,"Roossien, Jace",831501,Right,BOC_EAG,68076139-26a5-42bd-8a99-b6bdbc3d75a0,54.50724,-118.70317,10.30138,6.67722,-0.03206,-16.36679,-1.09662,3.30627,1.82216,,,,,,,,,,,,,,,,,,,,,,,,,,,,,,,,,,,,,,,,,,,,,,,,,,,High,High,High,,,,,,145.104397,79.65021,379.092193,0.179657,10:45,-0.987287,0.103804,-0.120372,104.778351,-38.389918,44.024151,144.751476,-5.586766,0.574383,-0.097353,-0.812777,6.830247,-35.056418,0.097353,-0.574383,0.812777,-6.830247,35.056418,-0.097353,0.574383,0.812777,-144.751476,5.586766,-0.574383,0.097353,-0.812777,,,
181,2026-04-21,16:46:05.41,1,1,"Swenson, Erik",10972628,Right,MAI_BLA,"Hendrickson, Carter",830138,Right,BOC_EAG,Undefined,5,Bottom,0,0,0,Fastball,Four-Seam,BallCalled,Undefined,Undefined,Undefined,0,0,,90.23726,-0.89167,-2.971303,2408.680672,209.771082,1:00,5.89207,1.72084,5.6868,-11.82631,23.10667,12.52241,4.07428,-0.00753,81.53129,-3.214896,-0.736764,0.425392,,,,,,,,,,,,-7.19512,12.2991,-1.47838,50,5.80965,6.21841,-130.74489,-2.3095,-12.34864,29.75392,-11.06565,BOC_EAG,MAI_BLA,HarringtonVillage,D1,ACC,20260421-HarringtonVillage-1,1e340a00-3dc3-11f1-be13-814f369a648e,88.60639,,,8.70596,,,,,,,653c48cf-856e-4521-b1b6-52cd1878b7ca,2026-04-21,20:46:05.41,2026-04-21T16:46:05.4125568-04:00,2026-04-21T20:46:05.4125568Z,,v3,227,471344,26593,"DeAndrade, Nolan",1000437002,Right,MAI_BLA,74715dca-3b36-499b-bc06-9f48e72b66dc,54.80866,-131.83467,14.87696,5.88681,-1.90421,-5.53282,-1.71442,6.67069,-6.17432,,,,,,,,,,,,,,,,,,,,,,,,,,,,,,,,,,,,,,,,,,,,,,,,,,,High,High,High,,,,,,210.109118,0.349431,2408.635878,0.999981,1:00,-0.043135,-0.501673,-0.863981,-17.583557,-27.435339,-41.738836,172.519044,6.349909,0.129398,0.1106,-0.985405,6.403971,7.4348,0.1106,0.129398,0.985405,-6.403971,-7.4348,-0.1106,-0.129398,0.985405,-172.519044,-6.349909,-0.129398,-0.1106,-0.985405,,,
182,2026-04-21,16:46:25.27,1,2,"Swenson, Erik",10972628,Right,MAI_BLA,"Hendrickson, Carter",830138,Right,BOC_EAG,Undefined,5,Bottom,0,1,0,Fastball,Four-Seam,StrikeCalled,Undefined,Undefined,Undefined,0,0,,89.46874,-2.461753,-3.616295,2283.954816,207.73903,1:00,5.91788,1.74703,5.48901,-13.13768,22.70159,11.27997,2.51407,-0.70055,81.0738,-5.003048,-1.613006,0.430875,,,,,,,,,,,,-6.7176,12.50111,-1.43764,50,5.69319,7.66604,-129.43112,-5.92042,-11.32282,28.62241,-11.10286,BOC_EAG,MAI_BLA,HarringtonVillage,D1,ACC,20260421-HarringtonVillage-1,2a0c4400-3dc3-11f1-be13-814f369a648e,87.47892,,,8.39494,,,,,,,653c48cf-856e-4521-b1b6-52cd1878b7ca,2026-04-21,20:46:25.27,2026-04-21T16:46:25.2707840-04:00,2026-04-21T20:46:25.2707840Z,,v3,227,471344,26593,"DeAndrade, Nolan",1000437002,Right,MAI_BLA,40a570b3-4e41-42bc-9859-3857750d8b42,55.00693,-130.53366,14.31121,5.91301,-5.49274,-5.55143,-1.74134,8.1022,-5.66141,,,,,,,,,,,,,,,,,,,,,,,,,,,,,,,,,,,,,,,,,,,,,,,,,,,High,High,High,,,,,,209.888177,-5.886534,2271.911403,0.994727,1:00,0.069111,-0.490819,-0.868516,-14.109692,31.473487,65.84521,174.50748,-1.246493,0.095693,-0.021754,-0.995173,1.25224,-5.491216,0.021754,-0.095693,0.995173,-1.25224,5.491216,-0.021754,0.095693,0.995173,-174.50748,1.246493,-0.095693,0.021754,-0.995173,,,
183,2026-04-21,16:46:44.98,1,3,"Swenson, Erik",10972628,Right,MAI_BLA,"Hendrickson, Carter",830138,Right,BOC_EAG,Undefined,5,Bottom,0,1,1,Fastball,Four-Seam,StrikeSwinging,Undefined,Undefined,Undefined,0,0,,90.13926,-1.942149,-3.35175,2297.518578,208.63098,1:00,5.88821,1.88239,5.48225,-12.58012,22.89198,11.79154,3.01892,-0.27455,81.19512,-4.396971,-1.25685,0.428662,,,,,,,,,,,,-6.94638,12.47123,-1.59623,50,5.70944,7.09198,-130.40012,-4.74669,-11.81423,30.5534,-10.96332,BOC_EAG,MAI_BLA,HarringtonVillage,D1,ACC,20260421-HarringtonVillage-1,35c954e0-3dc3-11f1-be13-814f369a648e,87.93043,,,8.94414,,,,,,,653c48cf-856e-4521-b1b6-52cd1878b7ca,2026-04-21,20:46:44.98,2026-04-21T16:46:44.9848320-04:00,2026-04-21T20:46:44.9848320Z,,v3,227,471344,26593,"DeAndrade, Nolan",1000437002,Right,MAI_BLA,8f74ddfa-f694-44f7-ae10-c63abe267b0f,55.01288,-131.56941,15.2767,5.88307,-4.32711,-5.48166,-1.8763,7.54411,-5.90712,,,,,,,,,,,,,,,,,,,,,,,,,,,,,,,,,,,,,,,,,,,,,,,,,,,High,High,High,,,,,,211.330291,-8.264254,2273.66036,0.989616,1:00,0.111398,-0.509404,-0.853286,-10.15813,35.110966,68.283394,172.037877,-6.949596,0.137501,-0.120996,-0.983084,7.016572,-7.90325,0.120996,-0.137501,0.983084,-7.016572,7.90325,-0.120996,0.137501,0.983084,-172.037877,6.949596,-0.137501,0.120996,-0.983084,,,
184,2026-04-21,16:47:05.05,1,4,"Swenson, Erik",10972628,Right,MAI_BLA,"Hendrickson, Carter",830138,Right,BOC_EAG,Undefined,5,Bottom,0,1,2,Fastball,Four-Seam,StrikeSwinging,Strikeout,Undefined,Undefined,0,0,,90.14579,-1.008653,-2.850047,2383.899688,206.820106,1:00,5.93419,1.57867,5.57449,-13.21347,21.86745,10.44938,3.88971,-0.21474,81.64586,-3.569021,-0.98915,0.426292,,,,,,,,,,,,-6.07485,11.65713,-1.33991,50,5.83878,6.02356,-130.61764,-2.64727,-10.42976,29.10639,-12.16016,BOC_EAG,MAI_BLA,HarringtonVillage,D1,ACC,20260421-HarringtonVillage-1,41c20f30-3dc3-11f1-be13-814f369a648e,88.41936,,,8.49993,,,,,,,653c48cf-856e-4521-b1b6-52cd1878b7ca,2026-04-21,20:47:05.05,2026-04-21T16:47:05.0540000-04:00,2026-04-21T20:47:05.0540000Z,,v3,227,471344,26593,"DeAndrade, Nolan",1000437002,Right,MAI_BLA,156f0796-a5e3-4872-89f2-b27567312b5a,54.92085,-131.70962,14.5532,5.92954,-2.19106,-6.08008,-1.57324,6.41486,-5.21488,,,,,,,,,,,,,,,,,,,,,,,,,,,,,66.2783,,,1.008765,,,,4.3341,4.97323,0.2609,69.0303,8.34921,-55.76731,4.36954,68.37928,-4.23617,5.0161,16.98362,-13.55117,0.12189,-64.77035,9.25969,High,High,High,,,High,High,High,209.243862,1.68044,2382.874443,0.99957,1:00,-0.064065,-0.488758,-0.870064,-31.62896,29.868082,29.125582,169.661338,7.818977,0.177798,0.136044,-0.974618,7.946385,10.2415,0.136044,0.177798,0.974618,-7.946385,-10.2415,-0.136044,-0.177798,0.974618,-169.661338,-7.818977,-0.177798,-0.136044,-0.974618,,,
185,2026-04-21,16:47:36.70,2,1,"Swenson, Erik",10972628,Right,MAI_BLA,"Gallo, Luke",828057,Right,BOC_EAG,Undefined,5,Bottom,1,0,0,Fastball,Four-Seam,BallCalled,Undefined,Undefined,Undefined,0,0,,89.804,-3.93339,-3.519088,2433.784604,205.682014,12:45,5.87478,1.6379,5.57046,-10.44906,25.07478,11.45528,1.31716,-0.69877,81.47306,-5.992263,-1.481535,0.428974,,,,,,,,,,,,-6.82705,14.20257,-1.34208,50,5.52834,7.47203,-129.79573,-9.17293,-11.57606,28.70032,-8.09192,BOC_EAG,MAI_BLA,HarringtonVillage,D1,ACC,20260421-HarringtonVillage-1,549fec80-3dc3-11f1-be13-814f369a648e,87.86643,,,8.33094,,,,,,,653c48cf-856e-4521-b1b6-52cd1878b7ca,2026-04-21,20:47:36.70,2026-04-21T16:47:36.7023104-04:00,2026-04-21T20:47:36.7023104Z,,v3,227,471344,26593,"DeAndrade, Nolan",1000437002,Right,MAI_BLA,9bf7e379-1a72-4d37-95a0-d40001bec779,54.92694,-130.88064,14.35016,5.86931,-8.86704,-4.04596,-1.63281,7.90962,-5.78803,,,,,,,,,,,,,,,,,,,,,,,,,,,,,,,,,,,,,,,,,,,,,,,,,,,High,High,High,,,,,,209.213013,-3.812297,2428.399176,0.997787,1:00,0.046093,-0.48127,-0.87536,-29.912679,-17.874889,-13.930718,173.331926,-2.566199,0.116001,-0.044774,-0.992239,2.583652,-6.661356,0.044774,-0.116001,0.992239,-2.583652,6.661356,-0.044774,0.116001,0.992239,-173.331926,2.566199,-0.116001,0.044774,-0.992239,,,
186,2026-04-21,16:47:54.98,2,2,"Swenson, Erik",10972628,Right,MAI_BLA,"Gallo, Luke",828057,Right,BOC_EAG,Undefined,5,Bottom,1,1,0,Fastball,Four-Seam,StrikeCalled,Undefined,Undefined,Undefined,0,0,,90.34925,-1.267727,-2.632768,2262.507636,203.534212,12:45,5.87553,1.70931,5.3484,-11.56001,23.87863,9.84056,3.72166,0.05817,81.31914,-3.539166,-0.887297,0.42846,,,,,,,,,,,,-5.70906,12.67481,-1.47923,50,5.75352,5.54752,-130.78142,-3.1728,-9.76496,30.77725,-10.49462,BOC_EAG,MAI_BLA,HarringtonVillage,D1,ACC,20260421-HarringtonVillage-1,5f84ece0-3dc3-11f1-be13-814f369a648e,87.97198,,,9.03012,,,,,,,653c48cf-856e-4521-b1b6-52cd1878b7ca,2026-04-21,20:47:54.98,2026-04-21T16:47:54.9804032-04:00,2026-04-21T20:47:54.9804032Z,,v3,227,471344,26593,"DeAndrade, Nolan",1000437002,Right,MAI_BLA,0b7ada36-4406-48ed-bb03-a34a5fe1772c,55.14585,-131.98686,15.38863,5.86974,-2.76176,-5.24731,-1.70399,5.92998,-4.88248,,,,,,,,,,,,,,,,,,,,,,,,,,,,,,,,,,,,,,,,,,,,,,,,,,,High,High,High,,,,,,209.942078,-4.075313,2256.786876,0.997471,1:00,0.042276,-0.496168,-0.867197,-15.624529,37.661115,60.9577,168.29739,-0.847281,0.20281,-0.014787,-0.979107,0.865264,-11.701313,0.014787,-0.20281,0.979107,-0.865264,11.701313,-0.014787,0.20281,0.979107,-168.29739,0.847281,-0.20281,0.014787,-0.979107,,,
187,2026-04-21,16:48:16.94,2,3,"Swenson, Erik",10972628,Right,MAI_BLA,"Gallo, Luke",828057,Right,BOC_EAG,Undefined,5,Bottom,1,1,1,Slider,Slider,BallCalled,Undefined,Undefined,Undefined,0,0,,83.13043,-0.019266,-4.008776,2642.604487,28.242224,7:00,5.71083,1.91097,5.19878,-44.42813,-2.62378,-2.12811,1.99032,-2.04309,76.17972,-8.059934,-4.384662,0.465353,,,,,,,,,,,,-0.10213,-0.85291,-1.53737,50,5.67565,8.52596,-120.34565,-1.70393,-0.14921,24.15367,-33.42032,BOC_EAG,MAI_BLA,HarringtonVillage,D1,ACC,20260421-HarringtonVillage-1,6ca1dbe0-3dc3-11f1-be13-814f369a648e,80.99757,,,6.95071,,,,,,,653c48cf-856e-4521-b1b6-52cd1878b7ca,2026-04-21,20:48:16.94,2026-04-21T16:48:16.9449472-04:00,2026-04-21T20:48:16.9449472Z,,v3,227,471344,26593,"DeAndrade, Nolan",1000437002,Right,MAI_BLA,d1084b8d-841a-486a-854b-c43a40b66887,55.29936,-121.40459,12.07683,5.71824,-0.23873,-16.71016,-1.9113,8.53251,-0.0746,,,,,,,,,,,,,,,,,,,,,,,,,,,,,,,,,,,,,,,,,,,,,,,,,,,High,High,High,,,,,,309.092364,76.574471,613.563374,0.232181,4:15,-0.959997,-0.18053,0.214043,-81.046164,-48.800532,48.006121,138.210479,20.516615,0.624127,0.350479,-0.698305,26.652053,38.618141,0.350479,0.624127,0.698305,-26.652053,-38.618141,-0.350479,-0.624127,0.698305,-138.210479,-20.516615,-0.624127,-0.350479,-0.698305,,,
188,2026-04-21,16:48:37.54,2,4,"Swenson, Erik",10972628,Right,MAI_BLA,"Gallo, Luke",828057,Right,BOC_EAG,Undefined,5,Bottom,1,2,1,Fastball,Four-Seam,BallCalled,Undefined,Undefined,Undefined,0,0,,90.27964,0.692402,-2.374233,2398.437445,210.797382,1:00,5.82772,1.78362,5.27005,-13.07816,22.85718,12.79631,5.38886,0.61851,80.35222,-1.874337,-0.106911,0.431452,,,,,,,,,,,,-7.09607,11.47335,-1.57588,50,5.88206,4.78664,-130.53838,1.25227,-11.97207,33.17445,-12.81691,BOC_EAG,MAI_BLA,HarringtonVillage,D1,ACC,20260421-HarringtonVillage-1,78e11510-3dc3-11f1-be13-814f369a648e,87.36188,,,9.92742,,,,,,,653c48cf-856e-4521-b1b6-52cd1878b7ca,2026-04-21,20:48:37.54,2026-04-21T16:48:37.5449600-04:00,2026-04-21T20:48:37.5449600Z,,v3,227,471344,26593,"DeAndrade, Nolan",1000437002,Right,MAI_BLA,dba6592f-df9a-48a1-83c5-6d13f273b1e5,55.22124,-131.8586,16.58722,5.82207,1.76234,-6.40846,-1.77585,5.26309,-5.98603,,,,,,,,,,,,,,,,,,,,,,,,,,,,,,,,,,,,,,,,,,,,,,,,,,,High,High,High,,,,,,211.649929,-2.188117,2396.688639,0.999271,1:00,-0.003425,-0.524768,-0.851238,-26.070878,-1.594026,-4.187714,179.326899,-5.505318,0.011693,-0.095938,-0.995319,5.505695,-0.669996,0.095938,-0.011693,0.995319,-5.505695,0.669996,-0.095938,0.011693,0.995319,-179.326899,5.505318,-0.011693,0.095938,-0.995319,,,
189,2026-04-21,16:49:01.45,2,5,"Swenson, Erik",10972628,Right,MAI_BLA,"Gallo, Luke",828057,Right,BOC_EAG,Undefined,5,Bottom,1,3,1,Fastball,Four-Seam,StrikeCalled,Undefined,Undefined,Undefined,0,0,,89.48552,-1.701909,-3.683176,2382.559554,208.177251,1:00,5.85674,1.69299,5.43804,-11.26493,24.87962,12.6082,3.32056,-0.71001,80.37697,-3.932789,-1.44651,0.432706,,,,,,,,,,,,-7.44658,13.36654,-1.37546,50,5.6985,7.74089,-129.37785,-4.09672,-12.44298,30.5577,-9.83898,BOC_EAG,MAI_BLA,HarringtonVillage,D1,ACC,20260421-HarringtonVillage-1,873090a0-3dc3-11f1-be13-814f369a648e,87.10869,,,9.10855,,,,,,,653c48cf-856e-4521-b1b6-52cd1878b7ca,2026-04-21,20:49:01.45,2026-04-21T16:49:01.4533120-04:00,2026-04-21T20:49:01.4533120Z,,v3,227,471344,26593,"DeAndrade, Nolan",1000437002,Right,MAI_BLA,2cccc3d0-d26f-4a02-92c8-ba592aba78ce,55.05622,-130.56662,15.27885,5.85043,-3.71396,-4.91949,-1.68601,8.22495,-6.22149,,,,,,,,,,,,,,,,,,,,,,,,,,,,,,,,,,,,,,,,,,,,,,,,,,,High,High,High,,,,,,210.358367,-1.742601,2381.457682,0.999538,1:00,-0.0101,-0.504047,-0.863617,-30.6463,-18.759806,-11.2594,168.763351,-0.235234,0.19486,-0.004106,-0.980822,0.239831,-11.236553,0.004106,-0.19486,0.980822,-0.239831,11.236553,-0.004106,0.19486,0.980822,-168.763351,0.235234,-0.19486,0.004106,-0.980822,,,
190,2026-04-21,16:49:22.49,2,6,"Swenson, Erik",10972628,Right,MAI_BLA,"Gallo, Luke",828057,Right,BOC_EAG,Undefined,5,Bottom,1,3,2,Fastball,Four-Seam,FoulBallNotFieldable,Undefined,Undefined,Undefined,0,0,,89.44429,-1.533879,-2.241398,2410.999172,202.645267,12:45,5.87264,1.70415,5.47137,-8.62,28.16411,11.08784,3.71743,0.52953,78.76468,-3.344382,-0.269411,0.436517,74.13239,51.352119,-159.881882,3306.175026,,,,,48.33277,,,-6.43666,15.18406,-1.51493,50,5.73294,4.548,-129.23067,-3.56834,-10.49153,35.99105,-7.42444,BOC_EAG,MAI_BLA,HarringtonVillage,D1,ACC,20260421-HarringtonVillage-1,93b02e30-3dc3-11f1-be13-814f369a648e,86.34807,51.88723,,10.67961,,,,1.42746,3.8262,-0.53273,653c48cf-856e-4521-b1b6-52cd1878b7ca,2026-04-21,20:49:22.49,2026-04-21T16:49:22.4990208-04:00,2026-04-21T20:49:22.4990208Z,,v3,227,471344,26593,"DeAndrade, Nolan",1000437002,Right,MAI_BLA,3ee89b45-6bc7-4f7c-b354-1b5fb9d22bd5,55.02165,-130.62172,17.99553,5.86531,-3.28139,-3.71222,-1.69855,4.9535,-5.24577,26.055883,1.42746,-63.76064,0.4761,0.6678,-0.18451,0.05737,-0.01434,0.00307,-0.00045,3.8262,84.91591,-30.42869,4.02444,-0.90487,0.19794,-0.04263,0.00926,-0.00126,-0.53273,-23.35594,5.87269,-0.6757,0.12191,-0.01148,0.0024,-0.00019,-6E-05,,,,,,,,,,,,,,,,,,,,,,,High,High,High,High,Undefined,,,,208.990183,0.920373,2410.688115,0.999871,1:00,-0.037288,-0.484854,-0.8738,-29.258729,-14.207815,-17.765407,173.936193,-0.831764,0.105625,-0.014517,-0.9943,0.836444,-6.063166,0.014517,-0.105625,0.9943,-0.836444,6.063166,-0.014517,0.105625,0.9943,-173.936193,0.831764,-0.105625,0.014517,-0.9943,68.24247,11.07777,-40.68607
191,2026-04-21,16:49:49.12,2,7,"Swenson, Erik",10972628,Right,MAI_BLA,"Gallo, Luke",828057,Right,BOC_EAG,Undefined,5,Bottom,1,3,2,Fastball,Four-Seam,StrikeSwinging,Strikeout,Undefined,Undefined,0,0,,90.14863,-1.968215,-3.649661,2351.642757,202.164325,12:45,5.84075,1.80972,5.56912,-10.50827,24.7971,9.58552,3.12207,-0.8053,81.32566,-4.054138,-1.945387,0.427653,,,,,,,,,,,,-5.92489,13.44682,-1.50106,50,5.66411,7.87849,-130.40981,-4.70774,-10.09878,30.04766,-9.25445,BOC_EAG,MAI_BLA,HarringtonVillage,D1,ACC,20260421-HarringtonVillage-1,a38cd970-3dc3-11f1-be13-814f369a648e,88.13787,,,8.82296,,,,,,,653c48cf-856e-4521-b1b6-52cd1878b7ca,2026-04-21,20:49:49.12,2026-04-21T16:49:49.1220000-04:00,2026-04-21T20:49:49.1220000Z,,v3,227,471344,26593,"DeAndrade, Nolan",1000437002,Right,MAI_BLA,20732dff-118a-4019-a927-d80a26f9877f,54.92594,-131.53989,15.02383,5.83462,-4.35968,-4.62722,-1.80451,8.25831,-5.04939,,,,,,,,,,,,,,,,,,,,,,,,,,,,,71.13547,,,0.898535,,,,4.67664,5.22502,-1.13857,72.19378,7.40285,-52.60077,4.67755,77.96051,-3.13854,5.24992,14.93772,-13.95803,-1.21749,-66.54192,10.41445,High,High,High,,,High,High,High,211.693214,-5.4724,2340.924565,0.995442,1:00,0.059126,-0.519392,-0.852488,-16.630979,28.970537,58.955448,177.105559,-1.956564,0.050467,-0.034142,-0.998142,1.959061,-2.892753,0.034142,-0.050467,0.998142,-1.959061,2.892753,-0.034142,0.050467,0.998142,-177.105559,1.956564,-0.050467,0.034142,-0.998142,,,
192,2026-04-21,16:50:25.47,3,1,"Swenson, Erik",10972628,Right,MAI_BLA,"Wolff, Kyle",813479,Right,BOC_EAG,Undefined,5,Bottom,2,0,0,Fastball,Four-Seam,StrikeCalled,Undefined,Undefined,Undefined,0,0,,89.77364,-1.316756,-3.232525,2353.180896,208.844111,1:00,5.86831,1.83294,5.51993,-13.5691,21.75293,11.33796,3.50424,-0.24776,81.66096,-3.929147,-1.216474,0.427754,,,,,,,,,,,,-6.60524,11.66934,-1.55897,50,5.7447,6.83323,-130.08346,-3.36652,-11.29737,27.75418,-12.21529,BOC_EAG,MAI_BLA,HarringtonVillage,D1,ACC,20260421-HarringtonVillage-1,b93c4d50-3dc3-11f1-be13-814f369a648e,88.1171,,,8.11268,,,,,,,653c48cf-856e-4521-b1b6-52cd1878b7ca,2026-04-21,20:50:25.47,2026-04-21T16:50:25.4718976-04:00,2026-04-21T20:50:25.4718976Z,,v3,227,471344,26593,"DeAndrade, Nolan",1000437002,Right,MAI_BLA,b3cb653d-debb-40bb-aa5f-1110a7f1fc95,54.97683,-131.141,13.87709,5.8641,-2.90107,-6.10764,-1.82755,7.2637,-5.64868,,,,,,,,,,,,,,,,,,,,,,,,,,,,,,,,,,,,,,,,,,,,,,,,,,,High,High,High,,,,,,213.870111,-5.038694,2344.087289,0.996136,1:15,0.053764,-0.552994,-0.831449,-30.059206,-18.698673,-17.812854,176.669005,0.657507,0.0581,0.011475,-0.998245,0.658619,3.330775,0.011475,0.0581,0.998245,-0.658619,-3.330775,-0.011475,-0.0581,0.998245,-176.669005,-0.657507,-0.0581,-0.011475,-0.998245,,,
193,2026-04-21,16:50:46.07,3,2,"Swenson, Erik",10972628,Right,MAI_BLA,"Wolff, Kyle",813479,Right,BOC_EAG,Undefined,5,Bottom,2,0,1,Fastball,Four-Seam,StrikeSwinging,Undefined,Undefined,Undefined,0,0,,90.79735,-2.70708,-3.09261,2365.087633,203.462558,12:45,5.81325,1.66377,5.57455,-9.10453,25.56553,10.56918,2.52051,-0.34682,82.21482,-4.531251,-1.211369,0.423788,,,,,,,,,,,,-6.23555,14.04894,-1.40429,50,5.57407,6.61797,-131.42166,-6.39165,-10.83008,29.65235,-7.77348,BOC_EAG,MAI_BLA,HarringtonVillage,D1,ACC,20260421-HarringtonVillage-1,c5798ab0-3dc3-11f1-be13-814f369a648e,88.94172,,,8.58253,,,,,,,653c48cf-856e-4521-b1b6-52cd1878b7ca,2026-04-21,20:50:46.07,2026-04-21T16:50:46.0740608-04:00,2026-04-21T20:50:46.0740608Z,,v3,227,471344,26593,"DeAndrade, Nolan",1000437002,Right,MAI_BLA,796d8d26-75bd-4d6e-a94c-ea70a441c798,54.92184,-132.52751,14.82618,5.80703,-6.10175,-3.88674,-1.65863,7.02187,-5.41504,,,,,,,,,,,,,,,,,,,,,,,,,,,,,,,,,,,,,,,,,,,,,,,,,,,High,High,High,,,,,,212.549053,0.144309,2365.080132,0.999997,1:00,-0.022615,-0.537538,-0.842936,-26.530737,-15.211162,-21.630158,177.076301,4.058336,0.050878,0.070772,-0.996194,4.063608,2.916361,0.070772,0.050878,0.996194,-4.063608,-2.916361,-0.070772,-0.050878,0.996194,-177.076301,-4.058336,-0.050878,-0.070772,-0.996194,,,
194,2026-04-21,16:51:06.38,3,3,"Swenson, Erik",10972628,Right,MAI_BLA,"Wolff, Kyle",813479,Right,BOC_EAG,Undefined,5,Bottom,2,0,2,Fastball,Four-Seam,StrikeSwinging,Strikeout,Undefined,Undefined,0,0,,91.37528,-3.168374,-3.640865,2382.831265,202.111903,12:45,5.86605,1.71603,5.48955,-8.85776,25.49915,9.87438,2.15487,-0.87173,82.85664,-4.939795,-1.887928,0.42187,,,,,,,,,,,,-6.01138,14.08662,-1.40357,50,5.58215,7.94923,-132.13079,-7.49519,-10.5729,29.49859,-7.39828,BOC_EAG,MAI_BLA,HarringtonVillage,D1,ACC,20260421-HarringtonVillage-1,d195d290-3dc3-11f1-be13-814f369a648e,89.34617,,,8.51864,,,,,,,653c48cf-856e-4521-b1b6-52cd1878b7ca,2026-04-21,20:51:06.38,2026-04-21T16:51:06.3823872-04:00,2026-04-21T20:51:06.3823872Z,,v3,227,471344,26593,"DeAndrade, Nolan",1000437002,Right,MAI_BLA,b2f14c81-6d90-49d3-b310-aef74eb5a398,55.00685,-133.24389,14.74929,5.8597,-7.21603,-3.69914,-1.71105,8.34819,-5.28645,,,,,,,,,,,,,,,,,,,,,,,,,,,,,,,,,,,,,,,,,,,,,,,,,,,High,High,High,,,,,,210.940948,0.122592,2382.82581,0.999998,1:00,-0.028238,-0.513486,-0.857634,-29.499095,-12.90426,-11.665913,173.274255,1.289618,0.117087,0.022506,-0.992867,1.298552,6.724034,0.022506,0.117087,0.992867,-1.298552,-6.724034,-0.022506,-0.117087,0.992867,-173.274255,-1.289618,-0.117087,-0.022506,-0.992867,,,
195,2026-04-21,16:53:53.50,1,1,"Kwiatkowski, John",831964,Left,BOC_EAG,"Bear, Chris",10289909,Right,MAI_BLA,Undefined,6,Top,0,0,0,Fastball,Sinker,StrikeCalled,Undefined,Undefined,Undefined,0,0,,89.10752,-1.47981,3.91558,2073.367535,119.960188,10:00,5.80909,-3.2537,5.88338,-28.68659,6.54107,-9.45855,2.04084,-0.40013,81.84139,-6.781488,2.222246,0.427183,,,,,,,,,,,,5.88591,4.0911,2.94268,50,5.67286,-8.44197,-129.17984,-4.3356,9.97608,26.14514,-25.24001,BOC_EAG,MAI_BLA,HarringtonVillage,D1,ACC,20260421-HarringtonVillage-1,353758a0-3dc4-11f1-be13-814f369a648e,88.23496,,,7.26614,,,,,,,653c48cf-856e-4521-b1b6-52cd1878b7ca,2026-04-21,20:53:53.50,2026-04-21T16:53:53.5065088-04:00,2026-04-21T20:53:53.5065088Z,,v3,227,471344,26593,"Roossien, Jace",831501,Right,BOC_EAG,ff3ec8ed-347f-466e-8f5c-c8fd95fbd151,54.61521,-130.11058,13.07257,5.81121,-3.43708,-12.62001,3.24952,-8.7971,4.98804,,,,,,,,,,,,,,,,,,,,,,,,,,,,,,,,,,,,,,,,,,,,,,,,,,,High,High,High,,,,,,118.881578,-53.508596,1233.036199,0.594702,10:00,0.808,0.541321,-0.232609,-94.312012,3.65287,59.728325,114.804855,12.005415,0.887888,0.208004,-0.410353,26.880025,62.609011,0.208004,0.887888,0.410353,-26.880025,-62.609011,-0.208004,-0.887888,0.410353,-114.804855,-12.005415,-0.887888,-0.208004,-0.410353,,,
196,2026-04-21,16:54:06.25,1,2,"Kwiatkowski, John",831964,Left,BOC_EAG,"Bear, Chris",10289909,Right,MAI_BLA,Undefined,6,Top,0,0,1,Slider,Slider,BallCalled,Undefined,Undefined,Undefined,0,0,,79.66108,-0.85022,3.362138,2268.891714,277.694819,3:15,5.59614,-3.4899,5.46365,-44.91762,-0.06,10.54103,1.05581,0.53893,73.57814,-8.994177,5.235573,0.482047,,,,,,,,,,,,-4.41575,0.5702,3.1861,50,5.49018,-7.19304,-115.51537,-3.23541,-5.96013,21.73315,-31.4044,BOC_EAG,MAI_BLA,HarringtonVillage,D1,ACC,20260421-HarringtonVillage-1,3ce15240-3dc4-11f1-be13-814f369a648e,78.19244,,,6.08293,,,,,,,653c48cf-856e-4521-b1b6-52cd1878b7ca,2026-04-21,20:54:06.25,2026-04-21T16:54:06.2566912-04:00,2026-04-21T20:54:06.2566912Z,,v3,227,471344,26593,"Roossien, Jace",831501,Right,BOC_EAG,d888824b-0552-4428-bfca-c9f5ac5322d3,55.03696,-116.45917,10.86658,5.60107,-1.87161,-15.7022,3.49285,-6.93421,-2.98007,,,,,,,,,,,,,,,,,,,,,,,,,,,,,,,,,,,,,,,,,,,,,,,,,,,High,High,High,,,,,,321.267377,-75.7563,558.25335,0.246047,4:45,0.958507,-0.139549,0.248576,-79.652422,17.27433,-1.547701,91.213612,-32.328016,0.844811,-0.534766,-0.017897,88.083191,-57.651681,0.534766,-0.844811,0.017897,-88.083191,57.651681,-0.534766,0.844811,0.017897,-91.213612,32.328016,-0.844811,0.534766,-0.017897,,,
197,2026-04-21,16:54:18.16,1,3,"Kwiatkowski, John",831964,Left,BOC_EAG,"Bear, Chris",10289909,Right,MAI_BLA,Undefined,6,Top,0,1,1,Sinker,Sinker,InPlay,Undefined,GroundBall,Out,1,0,,87.82392,-1.111681,3.563334,2114.003258,118.637528,10:00,5.65129,-3.34562,5.77207,-28.90722,7.13689,-11.21879,2.20572,-0.96031,81.35161,-6.432768,1.557814,0.432104,75.15512,-45.940471,17.595036,,,,,2.8822,2.8822,32.531204,0.026448,6.61835,4.21614,3.05782,50,5.54155,-7.47987,-127.50956,-3.47764,11.03311,23.1345,-25.14553,BOC_EAG,MAI_BLA,HarringtonVillage,D1,ACC,20260421-HarringtonVillage-1,43ea50f0-3dc4-11f1-be13-814f369a648e,87.22993,2.10062,,6.47231,,,,0.49231,2.10062,0.93545,653c48cf-856e-4521-b1b6-52cd1878b7ca,2026-04-21,20:54:18.16,2026-04-21T16:54:18.1656064-04:00,2026-04-21T20:54:18.1656064Z,GroundBall,v3,227,471344,26593,"Roossien, Jace",831501,Right,BOC_EAG,dc2f1eb2-8026-4528-93a9-de1a52acf857,54.72876,-128.36465,11.56725,5.65291,-2.54822,-12.57276,3.34182,-7.88767,5.51656,,0.49148,73.26233,,,,,,,,2.10153,-79.42347,,,,,,,,0.93518,23.23319,,,,,,,,,,,,,,,,,,,,,,,,,,,,,,High,High,High,Estimated,Estimated,,,,118.795588,-55.654238,1192.69034,0.564186,10:00,0.831213,0.510346,-0.220525,-18.756917,68.008238,-50.976624,110.81414,14.592595,0.904585,0.251944,-0.343875,36.228825,64.767446,0.251944,0.904585,0.343875,-36.228825,-64.767446,-0.251944,-0.904585,0.343875,-110.81414,-14.592595,-0.904585,-0.251944,-0.343875,67.4658,-0.74062,20.62385
198,2026-04-21,16:54:51.93,2,1,"Kwiatkowski, John",831964,Left,BOC_EAG,"Pepe, Nic",1000115861,Left,MAI_BLA,Undefined,6,Top,1,0,0,Sinker,Sinker,FoulBallNotFieldable,Undefined,Undefined,Undefined,0,0,,88.11946,-0.730947,4.090673,2165.408426,111.157477,9:45,5.59402,-3.20121,6.10455,-29.77801,5.62977,-11.96536,2.4348,-0.40896,81.53085,-6.241788,1.940491,0.428273,,,,,,,,,,,,7.21071,3.38874,2.89271,50,5.5219,-8.67652,-127.92824,-2.61997,12.08771,23.53701,-26.4933,BOC_EAG,MAI_BLA,HarringtonVillage,D1,ACC,20260421-HarringtonVillage-1,580c9520-3dc4-11f1-be13-814f369a648e,88.0103,,,6.58861,,,,,,,653c48cf-856e-4521-b1b6-52cd1878b7ca,2026-04-21,20:54:51.93,2026-04-21T16:54:51.9302144-04:00,2026-04-21T20:54:51.9302144Z,,v3,227,471344,26593,"Roossien, Jace",831501,Right,BOC_EAG,c8f932a6-2da6-45b2-9a05-5a503907a0c2,54.39641,-128.73457,11.76851,5.59611,-1.71236,-13.24665,3.19705,-9.09062,6.04386,,,,,,,,,,,,,,,,,,,,,,,,,,,,,,,,,,,,,,,,,,,,,,,,,,,High,High,High,,,,,,112.833147,-55.589332,1223.716962,0.565121,9:45,0.831855,0.531319,-0.160362,-77.301401,-6.489937,61.901858,122.258079,8.255651,0.836889,0.14359,-0.528203,15.208152,56.813077,0.14359,0.836889,0.528203,-15.208152,-56.813077,-0.14359,-0.836889,0.528203,-122.258079,-8.255651,-0.836889,-0.14359,-0.528203,,,
199,2026-04-21,16:55:12.06,2,2,"Kwiatkowski, John",831964,Left,BOC_EAG,"Pepe, Nic",1000115861,Left,MAI_BLA,Undefined,6,Top,1,0,1,Fastball,Sinker,InPlay,Undefined,GroundBall,Out,1,0,,88.24825,-0.963894,3.605284,2072.477115,136.630114,10:30,5.57593,-3.20388,5.9238,-28.47899,7.18973,-5.80414,2.30641,-0.33772,81.38432,-6.229806,2.565404,0.429848,84.70374,-48.479943,45.365585,,,,,3.71307,3.71307,31.651582,0.029873,3.92547,4.24689,2.91853,50,5.48235,-7.83516,-128.08084,-3.11852,6.56751,24.67815,-25.06875,BOC_EAG,MAI_BLA,HarringtonVillage,D1,ACC,20260421-HarringtonVillage-1,640157d0-3dc4-11f1-be13-814f369a648e,87.6878,2.78641,,6.86393,,,,1.42754,2.78641,0.19295,653c48cf-856e-4521-b1b6-52cd1878b7ca,2026-04-21,20:55:12.06,2026-04-21T16:55:12.0610304-04:00,2026-04-21T20:55:12.0610304Z,GroundBall,v3,227,471344,26593,"Roossien, Jace",831501,Right,BOC_EAG,cca51e06-6e96-4dba-8ee5-878c7e8d8a92,54.5763,-128.95957,12.33908,5.5775,-2.22588,-12.53437,3.20169,-8.06901,3.28376,180,1.42677,58.01965,,,,,,,,2.78766,-93.27476,,,,,,,,0.19217,58.76482,,,,,,,,,,,,,,,,,,,,,,,,,,,,,,High,High,High,Low,Low,,,,119.647301,-60.49497,1020.694905,0.4925,10:00,0.8766,0.442605,-0.188871,-19.634369,81.5646,-51.504404,119.600481,12.450486,0.849043,0.215596,-0.482333,24.083957,58.1077,0.215596,0.849043,0.482333,-24.083957,-58.1077,-0.215596,-0.849043,0.482333,-119.600481,-12.450486,-0.849043,-0.215596,-0.482333,,,
200,2026-04-21,16:55:45.94,3,1,"Kwiatkowski, John",831964,Left,BOC_EAG,"Murphy, Quinn",1000527191,Left,MAI_BLA,Undefined,6,Top,2,0,0,Slider,Slider,StrikeSwinging,Undefined,Undefined,Undefined,0,0,,79.18743,0.457852,3.642828,2295.838329,242.811147,2:00,5.56163,-3.30957,5.46263,-41.37994,3.35221,4.24614,2.54271,0.45846,73.8237,-7.061209,4.396318,0.481373,,,,,,,,,,,,-1.29669,1.96118,2.98547,50,5.57346,-7.4832,-114.95365,-0.4697,-1.76297,18.09939,-29.50762,BOC_EAG,MAI_BLA,HarringtonVillage,D1,ACC,20260421-HarringtonVillage-1,7843ce30-3dc4-11f1-be13-814f369a648e,78.30202,,,5.36373,,,,,,,653c48cf-856e-4521-b1b6-52cd1878b7ca,2026-04-21,20:55:45.94,2026-04-21T16:55:45.9446784-04:00,2026-04-21T20:55:45.9446784Z,,v3,227,471344,26593,"Roossien, Jace",831501,Right,BOC_EAG,d5906424-660d-4f51-8257-7339244341a9,55.03769,-115.74412,9.0497,5.56584,0.81899,-14.75381,3.31061,-7.40621,-0.88148,,,,,,,,,,,,,,,,,,,,,,,,,,,,,,,,,,,,,,,,,,,,,,,,,,,High,High,High,,,,,,312.017321,-76.086795,552.038368,0.240452,4:30,0.957018,-0.186393,0.222202,-89.789337,17.589618,-8.235147,93.047306,-30.421092,0.861108,-0.506351,-0.045842,84.82692,-59.441216,0.506351,-0.861108,0.045842,-84.82692,59.441216,-0.506351,0.861108,0.045842,-93.047306,30.421092,-0.861108,0.506351,-0.045842,,,
201,2026-04-21,16:56:18.29,3,2,"Kwiatkowski, John",831964,Left,BOC_EAG,"Murphy, Quinn",1000527191,Left,MAI_BLA,Undefined,6,Top,2,0,1,Slider,Slider,FoulBallNotFieldable,Undefined,Undefined,Undefined,0,0,,79.32293,0.393412,2.36002,2217.843003,287.559947,3:30,5.76619,-3.29295,5.41631,-47.04892,-1.50992,9.47997,2.21431,-0.29089,72.56927,-8.17855,4.045753,0.485695,51.49261,21.501912,-167.090338,3317.278659,,,,94.06433,48.21356,-166.848599,1.513946,-4.09177,-0.49146,3.07623,50,5.7682,-5.11258,-115.04344,-0.81233,-5.43934,22.95475,-32.82734,BOC_EAG,MAI_BLA,HarringtonVillage,D1,ACC,20260421-HarringtonVillage-1,8b915d40-3dc4-11f1-be13-814f369a648e,77.60523,11.77623,,6.75366,,,,2.29255,2.29417,0.3493,653c48cf-856e-4521-b1b6-52cd1878b7ca,2026-04-21,20:56:18.29,2026-04-21T16:56:18.2934528-04:00,2026-04-21T20:56:18.2934528Z,GroundBall,v3,227,471344,26593,"Roossien, Jace",831501,Right,BOC_EAG,cfc074c9-d15d-4be3-9e40-e103cb0e5a17,55.08349,-116.05332,11.47737,5.77217,0.63189,-16.41367,3.29589,-4.87327,-2.71967,356.904073,2.29255,-68.48974,4.44805,-0.16998,-0.09981,0.26763,-0.2319,0.1056,-0.01966,2.29417,27.6814,-21.14121,1.56548,-0.305,0.06398,-0.01044,0.00304,-0.00053,0.3493,-15.69838,0.84264,0.02263,-0.03751,0.07144,-0.05997,0.0272,-0.00506,,,,,,,,,,,,,,,,,,,,,,,High,High,High,High,Medium,,,,321.399153,-72.376732,671.4674,0.302757,4:45,0.941198,-0.195427,0.275599,-76.605639,18.239272,-2.054621,91.936721,-35.487168,0.81378,-0.580521,-0.027518,87.28608,-54.466951,0.580521,-0.81378,0.027518,-87.28608,54.466951,-0.580521,0.81378,0.027518,-91.936721,35.487168,-0.81378,0.580521,-0.027518,,,
202,2026-04-21,16:56:46.37,3,3,"Kwiatkowski, John",831964,Left,BOC_EAG,"Murphy, Quinn",1000527191,Left,MAI_BLA,Undefined,6,Top,2,0,2,Slider,Slider,FoulBallNotFieldable,Undefined,Undefined,Undefined,0,0,,80.74331,-0.032223,2.477907,2211.339277,265.641148,2:45,5.60339,-3.2565,5.45035,-42.48502,1.99138,4.46158,2.03278,-0.56348,72.82722,-7.833341,3.271707,0.479994,77.92174,50.279993,43.545992,3898.453807,66.148,98.6342,87.88876,205.5136,98.18661,58.267653,5.139893,-1.41736,1.44043,3.03448,50,5.57145,-5.23855,-116.91288,-1.5095,-1.91977,26.43752,-30.22302,BOC_EAG,MAI_BLA,HarringtonVillage,D1,ACC,20260421-HarringtonVillage-1,9c441d30-3dc4-11f1-be13-814f369a648e,78.52682,99.45064,,7.9161,,,,3.07325,2.18952,0.58495,653c48cf-856e-4521-b1b6-52cd1878b7ca,2026-04-21,20:56:46.37,2026-04-21T16:56:46.3734784-04:00,2026-04-21T20:56:46.3734784Z,FlyBall,v3,227,471344,26593,"Roossien, Jace",831501,Right,BOC_EAG,93a9f8e8-4814-4f1e-85d8-2587ef5d1038,55.04693,-118.04862,13.21876,5.60841,-0.21114,-15.11151,3.25775,-5.15607,-0.95989,205.815632,3.08102,52.74099,-18.23849,4.1426,0.19658,-0.51051,0.16248,-0.02224,0.00115,2.17665,88.15295,-24.28798,3.26709,-1.13783,0.3408,-0.05657,0.00432,-0.0001,0.58339,50.33999,-6.40518,1.06427,-0.10868,-0.01309,0.00874,-0.0015,9E-05,,,,,,,,,,,,,,,,,,,,,,,High,High,High,High,Low,,,,314.894455,-71.882216,687.663372,0.310971,4:30,0.940165,-0.21976,0.260375,-80.611661,18.751337,-15.25388,102.968095,-56.091995,0.543633,-0.829934,-0.125189,81.422074,-32.931292,0.829934,-0.543633,0.125189,-81.422074,32.931292,-0.829934,0.543633,0.125189,-102.968095,56.091995,-0.543633,0.829934,-0.125189,63.00927,22.33674,28.10327
203,2026-04-21,16:57:18.84,3,4,"Kwiatkowski, John",831964,Left,BOC_EAG,"Murphy, Quinn",1000527191,Left,MAI_BLA,Undefined,6,Top,2,0,2,Slider,Slider,BallCalled,Undefined,Undefined,Undefined,0,0,,79.91914,-1.468512,3.539251,2414.826898,264.146038,2:45,5.5976,-3.27206,5.47712,-42.46042,2.03811,6.76764,0.6822,0.60786,73.92347,-9.168233,4.742403,0.480114,,,,,,,,,,,,-2.47193,1.79646,2.95617,50,5.43928,-7.42659,-115.85499,-4.40368,-3.36354,21.41386,-29.72962,BOC_EAG,MAI_BLA,HarringtonVillage,D1,ACC,20260421-HarringtonVillage-1,afa18ac0-3dc4-11f1-be13-814f369a648e,78.50731,,,5.99566,,,,,,,653c48cf-856e-4521-b1b6-52cd1878b7ca,2026-04-21,20:57:18.84,2026-04-21T16:57:18.8485120-04:00,2026-04-21T20:57:18.8485120Z,,v3,227,471344,26593,"Roossien, Jace",831501,Right,BOC_EAG,60a6ea2b-b46f-4baa-98f7-e521986701b2,55.02317,-116.77975,10.70693,5.60173,-3.1198,-14.86481,3.27375,-7.28134,-1.68177,,,,,,,,,,,,,,,,,,,,,,,,,,,,,,,,,,,,,,,,,,,,,,,,,,,High,High,High,,,,,,307.343384,-71.882034,750.949504,0.310974,4:15,0.942973,-0.222791,0.247318,-77.509654,22.067961,-3.931158,91.937451,-37.462225,0.793301,-0.608238,-0.026836,87.473735,-52.495051,0.608238,-0.793301,0.026836,-87.473735,52.495051,-0.608238,0.793301,0.026836,-91.937451,37.462225,-0.793301,0.608238,-0.026836,,,
204,2026-04-21,16:57:40.79,3,5,"Kwiatkowski, John",831964,Left,BOC_EAG,"Murphy, Quinn",1000527191,Left,MAI_BLA,Undefined,6,Top,2,1,2,Fastball,Cutter,BallCalled,Undefined,Undefined,Undefined,0,0,,89.0097,-2.50476,5.640072,2223.735807,168.07563,11:30,5.79831,-3.11341,5.91311,-26.33836,9.78776,-1.78945,1.26596,1.98904,80.48943,-7.401346,5.321329,0.432596,,,,,,,,,,,,2.73103,6.2213,2.66077,50,5.58168,-12.60001,-128.3678,-6.51251,4.48817,30.31792,-21.95002,BOC_EAG,MAI_BLA,HarringtonVillage,D1,ACC,20260421-HarringtonVillage-1,bcb5c730-3dc4-11f1-be13-814f369a648e,87.1309,,,8.52027,,,,,,,653c48cf-856e-4521-b1b6-52cd1878b7ca,2026-04-21,20:57:40.79,2026-04-21T16:57:40.7996928-04:00,2026-04-21T20:57:40.7996928Z,,v3,227,471344,26593,"Roossien, Jace",831501,Right,BOC_EAG,ed550ff3-7bb4-4a84-9c80-4233417ee078,54.58144,-129.44532,15.15896,5.79927,-5.73239,-10.97501,3.11142,-12.75952,2.24408,,,,,,,,,,,,,,,,,,,,,,,,,,,,,,,,,,,,,,,,,,,,,,,,,,,High,High,High,,,,,,121.438708,-59.206775,1138.422184,0.511941,10:00,0.861291,0.473912,-0.183262,-46.990056,66.330859,-66.784403,127.604613,7.431676,0.785586,0.129344,-0.605083,12.06607,51.774866,0.129344,0.785586,0.605083,-12.06607,-51.774866,-0.129344,-0.785586,0.605083,-127.604613,-7.431676,-0.785586,-0.129344,-0.605083,,,
205,2026-04-21,16:58:00.29,3,6,"Kwiatkowski, John",831964,Left,BOC_EAG,"Murphy, Quinn",1000527191,Left,MAI_BLA,Undefined,6,Top,2,2,2,Fastball,Sinker,StrikeCalled,Strikeout,Undefined,Undefined,0,0,,88.87941,-1.794276,4.706748,2181.492091,137.233548,10:30,5.65306,-3.03352,5.87928,-26.05076,10.13721,-8.13343,1.80964,0.6697,80.0698,-6.665701,3.254071,0.432966,,,,,,,,,,,,5.66051,6.16996,2.65708,50,5.49286,-10.21739,-128.40576,-4.89689,9.29439,30.69188,-22.04316,BOC_EAG,MAI_BLA,HarringtonVillage,D1,ACC,20260421-HarringtonVillage-1,c852a5e0-3dc4-11f1-be13-814f369a648e,87.05644,,,8.80961,,,,,,,653c48cf-856e-4521-b1b6-52cd1878b7ca,2026-04-21,20:58:00.29,2026-04-21T16:58:00.2910000-04:00,2026-04-21T20:58:00.2910000Z,,v3,227,471344,26593,"Roossien, Jace",831501,Right,BOC_EAG,b65e7d25-64cc-4881-a792-3f34e3bfcbcf,54.61519,-129.5042,15.34594,5.654,-4.10799,-11.02158,3.0287,-10.55002,4.6472,,,,,,,,,,,,,,,,,,,,,,,,,,,,,69.94145,,,0.990112,,,,-0.48965,5.44629,0.87222,75.09622,7.44489,49.69396,-0.38662,86.74322,-10.64322,5.47103,15.00441,-13.14867,0.86382,50.40332,-1.09394,High,High,High,,,High,High,High,119.903901,-61.523541,1040.130291,0.476798,10:00,0.882227,0.440638,-0.165873,-9.219075,76.57268,-41.002849,119.00987,14.422018,0.846977,0.249062,-0.469678,27.936232,57.884418,0.249062,0.846977,0.469678,-27.936232,-57.884418,-0.249062,-0.846977,0.469678,-119.00987,-14.422018,-0.846977,-0.249062,-0.469678,,,
206,2026-04-21,17:00:23.59,1,1,"Swenson, Erik",10972628,Right,MAI_BLA,"Roossien, Jace",831501,Left,BOC_EAG,Undefined,6,Bottom,0,0,0,Fastball,Four-Seam,BallCalled,Undefined,Undefined,Undefined,0,0,,89.67206,-1.116916,-3.657495,2412.313717,205.885811,12:45,5.85939,1.80097,5.60911,-11.52119,24.54907,11.21894,3.85449,-0.68271,79.82127,-3.419918,-1.661026,0.432261,,,,,,,,,,,,-6.86544,13.11741,-1.49501,50,5.75657,7.76162,-129.5761,-2.76186,-11.39814,33.00306,-10.39623,BOC_EAG,MAI_BLA,HarringtonVillage,D1,ACC,20260421-HarringtonVillage-1,1dbc7e20-3dc5-11f1-be13-814f369a648e,87.19833,,,9.85078,,,,,,,653c48cf-856e-4521-b1b6-52cd1878b7ca,2026-04-21,21:00:23.59,2026-04-21T17:00:23.5993600-04:00,2026-04-21T21:00:23.5993600Z,,v3,227,471344,26593,"DeAndrade, Nolan",1000437002,Right,MAI_BLA,9a8aeaaf-c30a-4115-b63d-994b8a1aab92,54.88304,-130.8139,16.50153,5.85284,-2.37195,-5.19811,-1.79413,8.18911,-5.69907,,,,,,,,,,,,,,,,,,,,,,,,,,,,,,,,,,,,,,,,,,,,,,,,,,,High,High,High,,,,,,210.782429,-0.466843,2412.233642,0.999967,1:00,-0.036718,-0.511506,-0.858495,-27.367875,-24.298667,-31.486834,172.000314,0.044863,0.139168,0.000783,-0.990269,0.045303,7.999683,0.000783,0.139168,0.990269,-0.045303,-7.999683,-0.000783,-0.139168,0.990269,-172.000314,-0.044863,-0.139168,-0.000783,-0.990269,,,
207,2026-04-21,17:00:44.16,1,2,"Swenson, Erik",10972628,Right,MAI_BLA,"Roossien, Jace",831501,Left,BOC_EAG,Undefined,6,Bottom,0,1,0,Fastball,Four-Seam,StrikeCalled,Undefined,Undefined,Undefined,0,0,,89.83162,-2.423869,-2.208551,2461.30941,197.864578,12:30,5.84045,1.83686,5.49183,-13.40548,22.59631,6.82737,2.45286,0.33878,80.28631,-5.04223,-0.993655,0.431851,,,,,,,,,,,,-4.16114,12.56135,-1.6481,50,5.61948,4.69123,-129.88233,-5.8404,-6.95296,32.73813,-11.18497,BOC_EAG,MAI_BLA,HarringtonVillage,D1,ACC,20260421-HarringtonVillage-1,29ff39c0-3dc5-11f1-be13-814f369a648e,87.2812,,,9.54531,,,,,,,653c48cf-856e-4521-b1b6-52cd1878b7ca,2026-04-21,21:00:44.16,2026-04-21T17:00:44.1684992-04:00,2026-04-21T21:00:44.1684992Z,,v3,227,471344,26593,"DeAndrade, Nolan",1000437002,Right,MAI_BLA,36fd9ea2-9b33-44c0-981a-3c48c39d7add,55.00095,-131.13682,16.36907,5.83507,-5.4118,-5.59248,-1.83297,4.95766,-3.47648,,,,,,,,,,,,,,,,,,,,,,,,,,,,,,,,,,,,,,,,,,,,,,,,,,,High,High,High,,,,,,210.375169,-4.468606,2453.827458,0.99696,1:00,0.065944,-0.500377,-0.863293,-21.282047,42.607581,48.648687,160.099001,-2.426135,0.340091,-0.042331,-0.939439,2.580018,-19.882407,0.042331,-0.340091,0.939439,-2.580018,19.882407,-0.042331,0.340091,0.939439,-160.099001,2.426135,-0.340091,0.042331,-0.939439,,,
208,2026-04-21,17:01:04.61,1,3,"Swenson, Erik",10972628,Right,MAI_BLA,"Roossien, Jace",831501,Left,BOC_EAG,Undefined,6,Bottom,0,1,1,Fastball,Four-Seam,FoulBallNotFieldable,Undefined,Undefined,Undefined,0,0,,89.07964,-1.513065,-2.926558,2360.874543,207.192693,1:00,5.73121,1.82883,5.66105,-13.85205,22.75891,10.91997,3.16376,0.00742,79.03015,-4.243749,-0.978804,0.435489,71.95636,15.872391,-164.078854,905.005409,,,,,46.65988,,,-6.59618,12.4969,-1.58819,50,5.59494,6.09628,-128.77559,-3.74391,-10.75023,34.07705,-11.80707,BOC_EAG,MAI_BLA,HarringtonVillage,D1,ACC,20260421-HarringtonVillage-1,36309040-3dc5-11f1-be13-814f369a648e,86.55199,13.44882,,10.04949,,,,0.58349,3.07047,0.03461,653c48cf-856e-4521-b1b6-52cd1878b7ca,2026-04-21,21:01:04.61,2026-04-21T17:01:04.6161408-04:00,2026-04-21T21:01:04.6161408Z,,v3,227,471344,26593,"DeAndrade, Nolan",1000437002,Right,MAI_BLA,44cd3e19-a4cb-47e3-8f60-1dfabcecbac1,54.83287,-130.04819,17.03852,5.72652,-3.30298,-5.90354,-1.82335,6.49774,-5.37512,151.290989,0.57247,-97.31816,10.31088,,,,,,,3.07532,28.73217,-15.63459,,,,,,,0.02921,-27.69908,4.3968,,,,,,,,,,,,,,,,,,,,,,,,,,,,,High,High,High,High,Undefined,,,,213.759157,-1.849363,2359.644829,0.999479,1:15,0.00444,-0.554368,-0.83226,-30.447802,20.224848,42.118985,176.65263,-5.945521,0.058075,-0.103583,-0.992924,5.955609,-3.329343,0.103583,-0.058075,0.992924,-5.955609,3.329343,-0.103583,0.058075,0.992924,-176.65263,5.945521,-0.058075,0.103583,-0.992924,68.43421,8.24787,-15.09059
209,2026-04-21,17:01:29.26,1,4,"Swenson, Erik",10972628,Right,MAI_BLA,"Roossien, Jace",831501,Left,BOC_EAG,Undefined,6,Bottom,0,1,2,Fastball,Four-Seam,StrikeSwinging,Strikeout,Undefined,Undefined,0,0,,90.20237,-0.849605,-3.07076,2483.941667,206.627026,1:00,5.81514,1.7849,5.37872,-11.85107,23.34706,11.11839,4.0299,-0.16996,81.89331,-3.15513,-1.098618,0.427003,,,,,,,,,,,,-6.42142,12.26721,-1.5178,50,5.73103,6.49437,-130.6942,-2.24304,-11.07412,28.29842,-11.01859,BOC_EAG,MAI_BLA,HarringtonVillage,D1,ACC,20260421-HarringtonVillage-1,44de0a50-3dc5-11f1-be13-814f369a648e,88.27205,,,8.30905,,,,,,,653c48cf-856e-4521-b1b6-52cd1878b7ca,2026-04-21,21:01:29.26,2026-04-21T17:01:29.2670000-04:00,2026-04-21T21:01:29.2670000Z,,v3,227,471344,26593,"DeAndrade, Nolan",1000437002,Right,MAI_BLA,7ffbbb8a-8539-4cdc-b928-2ffbe93ab253,55.11758,-131.79762,14.14921,5.81011,-1.81341,-5.50929,-1.77945,6.92618,-5.53706,,,,,,,,,,,,,,,,,,,,,,,,,,,,,58.81382,2.761216,1.4848,1.276416,-1.51078,3.86439,0.22336,-1.85709,5.40644,-0.94406,80.31379,6.99315,-44.48239,-1.7885,70.73847,-5.06512,5.46573,18.92675,-13.92741,-1.08305,-42.599,6.81295,High,High,High,,,High,High,High,209.354532,-4.023422,2477.819871,0.997535,1:00,0.03072,-0.48791,-0.872353,-20.485138,-12.638574,-4.69211,172.962167,8.641796,0.121134,0.150257,-0.981198,8.706401,6.957535,0.150257,0.121134,0.981198,-8.706401,-6.957535,-0.150257,-0.121134,0.981198,-172.962167,-8.641796,-0.121134,-0.150257,-0.981198,,,
210,2026-04-21,17:02:20.80,2,1,"Swenson, Erik",10972628,Right,MAI_BLA,"Larson, Colin",831502,Left,BOC_EAG,Undefined,6,Bottom,1,0,0,Fastball,Four-Seam,BallCalled,Undefined,Undefined,Undefined,0,0,,88.92487,-0.57642,-4.077124,2313.471064,199.209458,12:45,5.81399,1.86786,5.45346,-12.34205,23.98234,7.9213,4.2445,-1.29521,80.429,-2.984656,-2.673244,0.433781,,,,,,,,,,,,-5.15075,12.53611,-1.51309,50,5.75482,8.8053,-128.64923,-1.59384,-8.57692,28.28773,-11.29927,BOC_EAG,MAI_BLA,HarringtonVillage,D1,ACC,20260421-HarringtonVillage-1,63916280-3dc5-11f1-be13-814f369a648e,86.89279,,,8.49588,,,,,,,653c48cf-856e-4521-b1b6-52cd1878b7ca,2026-04-21,21:02:20.80,2026-04-21T17:02:20.8021504-04:00,2026-04-21T21:02:20.8021504Z,,v3,227,471344,26593,"DeAndrade, Nolan",1000437002,Right,MAI_BLA,1d9d4069-e31a-4888-89db-40594710e314,55.04111,-129.75295,14.14387,5.80841,-1.15297,-5.64964,-1.86318,9.13995,-4.28846,,,,,,,,,,,,,,,,,,,,,,,,,,,,,,,,,,,,,,,,,,,,,,,,,,,High,High,High,,,,,,210.688083,2.975441,2310.352218,0.998652,1:00,-0.107719,-0.510172,-0.8533,-6.367884,42.900293,68.402173,168.171459,1.193514,0.204939,0.020829,-0.978553,1.2194,11.825937,0.020829,0.204939,0.978553,-1.2194,-11.825937,-0.020829,-0.204939,0.978553,-168.171459,-1.193514,-0.204939,-0.020829,-0.978553,,,
211,2026-04-21,17:02:41.29,2,2,"Swenson, Erik",10972628,Right,MAI_BLA,"Larson, Colin",831502,Left,BOC_EAG,Undefined,6,Bottom,1,1,0,Fastball,Four-Seam,BallCalled,Undefined,Undefined,Undefined,0,0,,89.38366,-1.013556,-1.520149,2478.553686,202.531165,12:45,5.81683,2.03501,5.36677,-11.86516,24.13663,9.49193,3.87728,1.40032,80.76268,-3.335962,0.165889,0.431851,,,,,,,,,,,,-5.16815,12.71347,-1.90535,50,5.71785,2.99314,-129.53514,-2.57635,-8.70455,29.2619,-10.76126,BOC_EAG,MAI_BLA,HarringtonVillage,D1,ACC,20260421-HarringtonVillage-1,6fcd4050-3dc5-11f1-be13-814f369a648e,87.28117,,,8.62097,,,,,,,653c48cf-856e-4521-b1b6-52cd1878b7ca,2026-04-21,21:02:41.29,2026-04-21T17:02:41.2938240-04:00,2026-04-21T21:02:41.2938240Z,,v3,227,471344,26593,"DeAndrade, Nolan",1000437002,Right,MAI_BLA,4460b707-5e94-4916-adb9-c653b425fe39,55.12762,-130.68833,14.63095,5.81103,-2.15226,-5.38063,-2.03007,3.33618,-4.35227,,,,,,,,,,,,,,,,,,,,,,,,,,,,,,,,,,,,,,,,,,,,,,,,,,,High,High,High,,,,,,26.284887,-2.746806,2475.705975,0.998851,7:00,0.063835,0.443104,0.894194,-27.315911,-0.097333,-9.40444,179.301706,0.424224,0.012187,0.007404,-0.999898,0.424255,0.698275,0.007404,0.012187,0.999898,-0.424255,-0.698275,-0.007404,-0.012187,0.999898,-179.301706,-0.424224,-0.012187,-0.007404,-0.999898,,,
212,2026-04-21,17:03:00.96,2,3,"Swenson, Erik",10972628,Right,MAI_BLA,"Larson, Colin",831502,Left,BOC_EAG,Undefined,6,Bottom,1,2,0,Fastball,Four-Seam,BallCalled,Undefined,Undefined,Undefined,0,0,,88.67,-0.220814,-1.921446,2337.878552,205.867376,12:45,5.86849,1.76288,5.63798,-11.76442,24.31631,11.20469,4.68201,0.9034,80.35514,-2.532798,0.078367,0.432324,,,,,,,,,,,,-6.19611,12.6939,-1.60663,50,5.84233,3.81529,-128.61564,-0.75989,-10.32154,28.04834,-11.02837,BOC_EAG,MAI_BLA,HarringtonVillage,D1,ACC,20260421-HarringtonVillage-1,7b8e6fe0-3dc5-11f1-be13-814f369a648e,87.18569,,,8.31486,,,,,,,653c48cf-856e-4521-b1b6-52cd1878b7ca,2026-04-21,21:03:00.96,2026-04-21T17:03:00.9640448-04:00,2026-04-21T21:03:00.9640448Z,,v3,227,471344,26593,"DeAndrade, Nolan",1000437002,Right,MAI_BLA,88f5ed4c-1f08-4d0d-bcad-f77896921b32,54.85781,-129.6707,14.02417,5.86311,-0.34505,-5.51419,-1.75744,4.20354,-5.16077,,,,,,,,,,,,,,,,,,,,,,,,,,,,,,,,,,,,,,,,,,,,,,,,,,,High,High,High,,,,,,208.633878,-3.376709,2333.819653,0.998264,1:00,0.031332,-0.478148,-0.87772,-31.273685,25.821173,29.936517,168.896414,5.153084,0.191805,0.089817,-0.977315,5.250843,11.058142,0.089817,0.191805,0.977315,-5.250843,-11.058142,-0.089817,-0.191805,0.977315,-168.896414,-5.153084,-0.191805,-0.089817,-0.977315,,,
213,2026-04-21,17:03:23.87,2,4,"Swenson, Erik",10972628,Right,MAI_BLA,"Larson, Colin",831502,Left,BOC_EAG,Undefined,6,Bottom,1,3,0,Fastball,Four-Seam,BallCalled,Walk,Undefined,Undefined,0,0,,88.71198,-0.92394,-2.351129,2308.660099,210.994339,1:00,5.79387,1.84739,5.46665,-13.98619,22.40548,12.70359,3.76284,0.70437,80.25721,-3.627342,-0.091692,0.434183,,,,,,,,,,,,-7.03941,11.87725,-1.64914,50,5.70329,4.69738,-128.55549,-2.44716,-11.69117,28.53355,-12.44813,BOC_EAG,MAI_BLA,HarringtonVillage,D1,ACC,20260421-HarringtonVillage-1,892d1200-3dc5-11f1-be13-814f369a648e,86.8124,,,8.45477,,,,,,,653c48cf-856e-4521-b1b6-52cd1878b7ca,2026-04-21,21:03:23.87,2026-04-21T17:03:23.8785024-04:00,2026-04-21T21:03:23.8785024Z,,v3,227,471344,26593,"DeAndrade, Nolan",1000437002,Right,MAI_BLA,09c736c0-755c-4b89-a761-9225590bb5a9,55.0286,-129.66681,14.26678,5.78916,-1.96234,-6.22407,-1.84096,5.15272,-5.84559,,,,,,,,,,,,,,,,,,,,,,,,,,,,,,,,,,,,,,,,,,,,,,,,,,,High,High,High,,,,,,210.53638,-1.564481,2307.799505,0.999627,1:00,0.000138,-0.50739,-0.861717,-16.978215,31.00948,54.55334,174.863329,-0.227319,0.089531,-0.003967,-0.995976,0.228235,-5.13663,0.003967,-0.089531,0.995976,-0.228235,5.13663,-0.003967,0.089531,0.995976,-174.863329,0.227319,-0.089531,0.003967,-0.995976,,,
214,2026-04-21,17:04:00.99,3,1,"Swenson, Erik",10972628,Right,MAI_BLA,"Solier, Julio",827632,Right,BOC_EAG,Undefined,6,Bottom,1,0,0,Slider,Slider,BallCalled,Undefined,Undefined,Undefined,0,0,,82.57899,-0.479748,-4.129742,2576.985588,5.766987,6:15,5.54458,1.88258,4.95541,-44.97967,-2.13099,-0.35697,1.34181,-2.05581,75.59617,-8.582095,-4.192526,0.471129,,,,,,,,,,,,-1.0391,-0.47965,-1.48147,50,5.46097,8.64089,-119.45932,-2.7186,-1.49332,24.19138,-32.86337,BOC_EAG,MAI_BLA,HarringtonVillage,D1,ACC,20260421-HarringtonVillage-1,9f52ee60-3dc5-11f1-be13-814f369a648e,80.00444,,,6.98282,,,,,,,653c48cf-856e-4521-b1b6-52cd1878b7ca,2026-04-21,21:04:00.99,2026-04-21T17:04:00.9915904-04:00,2026-04-21T21:04:00.9915904Z,,v3,227,471344,26593,"DeAndrade, Nolan",1000437002,Right,MAI_BLA,4b6c3c04-176d-451d-baf3-4b407d8f4610,55.54289,-120.57657,12.09569,5.55148,-1.20084,-16.43168,-1.88214,8.70985,-0.74666,,,,,,,,,,,,,,,,,,,,,,,,,,,,,,,,,,,,,,,,,,,,,,,,,,,High,High,High,,,,,,285.203045,76.924523,583.002838,0.226234,3:30,-0.965414,-0.226465,0.129188,-44.478678,-59.622201,19.243088,142.029729,22.773598,0.567288,0.387091,-0.726873,28.037192,34.561355,0.387091,0.567288,0.726873,-28.037192,-34.561355,-0.387091,-0.567288,0.726873,-142.029729,-22.773598,-0.567288,-0.387091,-0.726873,,,
215,2026-04-21,17:04:23.74,3,2,"Swenson, Erik",10972628,Right,MAI_BLA,"Solier, Julio",827632,Right,BOC_EAG,Undefined,6,Bottom,1,1,0,Fastball,Four-Seam,StrikeCalled,Undefined,Undefined,Undefined,0,0,,89.24467,-1.985033,-3.754982,2339.327014,202.723048,12:45,5.7882,1.78443,5.51042,-10.76863,25.29053,10.0554,3.0298,-0.89408,80.62482,-4.116418,-1.969439,0.432194,,,,,,,,,,,,-6.17217,13.6782,-1.46334,50,5.60781,8.0153,-129.0983,-4.71289,-10.32586,29.05775,-9.29084,BOC_EAG,MAI_BLA,HarringtonVillage,D1,ACC,20260421-HarringtonVillage-1,ace55b80-3dc5-11f1-be13-814f369a648e,87.21175,,,8.61986,,,,,,,653c48cf-856e-4521-b1b6-52cd1878b7ca,2026-04-21,21:04:23.74,2026-04-21T17:04:23.7485568-04:00,2026-04-21T21:04:23.7485568Z,,v3,227,471344,26593,"DeAndrade, Nolan",1000437002,Right,MAI_BLA,b9d6129b-73c0-4923-b4ab-abf70de241f5,54.98509,-130.21553,14.52888,5.78215,-4.35567,-4.64542,-1.77914,8.41232,-5.16293,,,,,,,,,,,,,,,,,,,,,,,,,,,,,,,,,,,,,,,,,,,,,,,,,,,High,High,High,,,,,,206.604973,2.962988,2336.199648,0.998663,1:00,-0.094568,-0.44876,-0.888635,-16.974485,36.395419,61.795367,169.901277,9.325648,0.173027,0.162046,-0.971495,9.469765,9.963879,0.162046,0.173027,0.971495,-9.469765,-9.963879,-0.162046,-0.173027,0.971495,-169.901277,-9.325648,-0.173027,-0.162046,-0.971495,,,
216,2026-04-21,17:04:41.55,3,3,"Swenson, Erik",10972628,Right,MAI_BLA,"Solier, Julio",827632,Right,BOC_EAG,Undefined,6,Bottom,1,1,1,Fastball,Four-Seam,StrikeCalled,Undefined,Undefined,Undefined,0,0,,89.20489,-2.065489,-3.500111,2301.689531,210.165756,1:00,5.80252,1.76026,5.60897,-14.5193,21.19978,11.62611,2.66018,-0.54202,81.15909,-4.850173,-1.430052,0.430151,,,,,,,,,,,,-6.87969,11.67383,-1.46838,50,5.61647,7.3901,-129.19597,-5.07454,-11.59555,27.61815,-12.49809,BOC_EAG,MAI_BLA,HarringtonVillage,D1,ACC,20260421-HarringtonVillage-1,b77a6720-3dc5-11f1-be13-814f369a648e,87.62598,,,8.04579,,,,,,,653c48cf-856e-4521-b1b6-52cd1878b7ca,2026-04-21,21:04:41.55,2026-04-21T17:04:41.5569408-04:00,2026-04-21T21:04:41.5569408Z,,v3,227,471344,26593,"DeAndrade, Nolan",1000437002,Right,MAI_BLA,050f01d9-c5ba-4a7d-931c-0e41a99d4fed,54.8885,-130.23679,13.80908,5.79884,-4.60354,-6.24905,-1.75511,7.82708,-5.79777,,,,,,,,,,,,,,,,,,,,,,,,,,,,,,,,,,,,,,,,,,,,,,,,,,,High,High,High,,,,,,208.814447,3.131104,2298.25349,0.998507,1:00,-0.090582,-0.482911,-0.870972,-16.715576,39.855341,55.370148,167.611456,4.801933,0.213787,0.083711,-0.973287,4.915856,12.344374,0.083711,0.213787,0.973287,-4.915856,-12.344374,-0.083711,-0.213787,0.973287,-167.611456,-4.801933,-0.213787,-0.083711,-0.973287,,,
217,2026-04-21,17:05:03.42,3,4,"Swenson, Erik",10972628,Right,MAI_BLA,"Solier, Julio",827632,Right,BOC_EAG,Undefined,6,Bottom,1,1,2,Fastball,Four-Seam,BallCalled,Undefined,Undefined,Undefined,0,0,,89.89843,0.732813,-1.820072,2321.0744,212.78742,1:00,5.76298,1.68478,5.42716,-13.96162,21.87312,13.23347,5.28624,1.08233,80.42004,-1.987747,0.532807,0.430847,,,,,,,,,,,,-7.15622,11.0554,-1.53245,50,5.81872,3.50822,-130.14959,1.30092,-12.05421,31.89256,-13.55203,BOC_EAG,MAI_BLA,HarringtonVillage,D1,ACC,20260421-HarringtonVillage-1,c480e7f0-3dc5-11f1-be13-814f369a648e,87.48443,,,9.4784,,,,,,,653c48cf-856e-4521-b1b6-52cd1878b7ca,2026-04-21,21:05:03.42,2026-04-21T17:05:03.4276352-04:00,2026-04-21T21:05:03.4276352Z,,v3,227,471344,26593,"DeAndrade, Nolan",1000437002,Right,MAI_BLA,7ffa3d80-c6d3-4ee8-bc7d-245963ae7532,55.06563,-131.38503,15.94628,5.75816,1.8259,-6.77601,-1.67739,3.97517,-6.0271,,,,,,,,,,,,,,,,,,,,,,,,,,,,,,,,,,,,,,,,,,,,,,,,,,,High,High,High,,,,,,209.970642,-4.645409,2313.449681,0.996715,1:00,0.047153,-0.49891,-0.86537,-17.447519,-17.165155,-10.112577,172.510131,11.604553,0.127686,0.201156,-0.971202,11.701673,7.33592,0.201156,0.127686,0.971202,-11.701673,-7.33592,-0.201156,-0.127686,0.971202,-172.510131,-11.604553,-0.127686,-0.201156,-0.971202,,,
218,2026-04-21,17:05:29.89,3,5,"Swenson, Erik",10972628,Right,MAI_BLA,"Solier, Julio",827632,Right,BOC_EAG,Undefined,6,Bottom,1,2,2,Slider,Curveball,BallCalled,Undefined,Undefined,StolenBase,0,0,,81.20055,1.766341,-3.517928,2491.940228,349.389521,5:45,5.5667,1.89074,5.27413,-46.59491,-3.14705,0.83862,3.3465,-1.34778,74.49943,-6.694975,-3.369576,0.474412,,,,,,,,,,,,-1.38055,-1.63445,-1.56971,50,5.69402,7.19822,-117.65602,1.94997,-1.93842,21.97197,-34.46897,BOC_EAG,MAI_BLA,HarringtonVillage,D1,ACC,20260421-HarringtonVillage-1,d45073d0-3dc5-11f1-be13-814f369a648e,79.45085,,,6.70112,,,,,,,653c48cf-856e-4521-b1b6-52cd1878b7ca,2026-04-21,21:05:29.89,2026-04-21T17:05:29.8980000-04:00,2026-04-21T21:05:29.8980000Z,,v3,227,471344,26593,"DeAndrade, Nolan",1000437002,Right,MAI_BLA,3ba4d94d-1299-437d-bc91-06a07f964a60,55.22536,-118.62783,10.98598,5.57406,3.47451,-17.23449,-1.88999,7.28395,-0.96921,,,,,,,,,,,,,,,,,,,,,,,,,,,,,73.12289,2.214281,0.80471,1.40957,-1.65425,2.9712,1.52836,-2.83927,4.59782,3.48417,127.27821,-0.29687,3.6995,-2.66244,104.71973,-9.01553,4.59507,11.44936,-10.58852,3.40512,-4.1501,3.1456,High,High,High,,,High,High,Medium,290.350523,79.159483,468.673914,0.188076,3:45,-0.98125,-0.145979,0.125853,60.766902,62.224355,45.822708,150.230297,15.266902,0.478993,0.263316,-0.837395,17.455562,28.619645,0.263316,0.478993,0.837395,-17.455562,-28.619645,-0.263316,-0.478993,0.837395,-150.230297,-15.266902,-0.478993,-0.263316,-0.837395,,,
219,2026-04-21,17:09:30.91,3,6,"Swenson, Erik",10972628,Right,MAI_BLA,"Solier, Julio",827632,Right,BOC_EAG,Undefined,6,Bottom,1,3,2,Fastball,Four-Seam,InPlay,Undefined,GroundBall,Single,0,0,,88.45864,-0.997148,-3.260815,2319.029551,213.89711,1:15,5.78358,1.74796,5.47224,-15.96312,20.71316,13.05465,3.51858,-0.21893,79.96196,-4.054206,-0.941266,0.435877,104.43753,1.50865,-10.653147,1604.751302,,,,66.23915,65.23248,-11.217069,0.453467,-7.59311,11.12276,-1.47047,50,5.68552,6.72345,-128.11285,-2.70263,-12.50252,28.75968,-13.85976,BOC_EAG,MAI_BLA,HarringtonVillage,D1,ACC,20260421-HarringtonVillage-1,63fbeeb0-3dc6-11f1-be13-814f369a648e,86.47491,3.66091,,8.49668,,,,1.27204,3.51483,0.18645,653c48cf-856e-4521-b1b6-52cd1878b7ca,2026-04-21,21:09:30.91,2026-04-21T17:09:30.9124608-04:00,2026-04-21T21:09:30.9124608Z,GroundBall,v3,227,471344,26593,"DeAndrade, Nolan",1000437002,Right,MAI_BLA,bdc309a4-3d84-45c1-b521-a3db7ee2e365,55.02531,-129.23604,14.37984,5.7805,-2.16134,-6.92988,-1.74258,7.21172,-6.25126,27.946508,1.28397,150.13074,-21.4014,,,,,,,3.53261,3.50613,-24.99281,,,,,,,0.19044,-28.42526,-0.92168,,,,,,,,,,,,,,,,,,,,,,,,,,,,,High,High,High,High,High,,,,209.137113,-0.877973,2318.75729,0.999883,1:00,-0.025923,-0.486504,-0.873294,-24.862767,36.568059,50.513679,168.062729,7.530208,0.205057,0.131049,-0.969937,7.694678,11.832827,0.131049,0.205057,0.969937,-7.694678,-11.832827,-0.131049,-0.205057,0.969937,-168.062729,-7.530208,-0.205057,-0.131049,-0.969937,73.26114,12.62909,-9.13041
220,2026-04-21,17:11:12.61,4,1,"Swenson, Erik",10972628,Right,MAI_BLA,"Mainolfi, Ty",839397,Left,BOC_EAG,Undefined,6,Bottom,1,0,0,Fastball,Four-Seam,InPlay,Undefined,Popup,Out,1,0,,87.0825,-1.449488,-3.330432,2319.804899,210.775845,1:00,5.82525,1.98387,5.43253,-15.31796,22.76773,12.72942,3.18873,-0.07779,78.40215,-4.40585,-1.070761,0.444173,,,,,,,,,,,,-7.47977,12.32217,-1.69785,50,5.68679,6.77567,-126.01663,-3.6178,-11.86265,28.88808,-12.63151,BOC_EAG,MAI_BLA,HarringtonVillage,D1,ACC,20260421-HarringtonVillage-1,a090d020-3dc6-11f1-be13-814f369a648e,84.85976,,,8.68036,,,,,,,653c48cf-856e-4521-b1b6-52cd1878b7ca,2026-04-21,21:11:12.61,2026-04-21T17:11:12.6115840-04:00,2026-04-21T21:11:12.6115840Z,,v3,227,471344,26593,"DeAndrade, Nolan",1000437002,Right,MAI_BLA,0ecf7954-13ea-4505-a511-a293b9af0495,55.06426,-127.17227,14.44404,5.8214,-3.11249,-6.31575,-1.9784,7.25023,-5.93133,,,,,,,,,,,,,,,,,,,,,,,,,,,,,,,,,,,,,,,,,,,,,,,,,,,High,High,High,,,,,,210.976851,-5.649417,2308.537296,0.995143,1:00,0.061611,-0.509538,-0.85824,-24.227517,-20.007443,-9.411652,170.828996,5.642018,0.158609,0.098313,-0.982435,5.714593,9.126196,0.098313,0.158609,0.982435,-5.714593,-9.126196,-0.098313,-0.158609,0.982435,-170.828996,-5.642018,-0.158609,-0.098313,-0.982435,,,
221,2026-04-21,17:11:57.73,5,1,"Swenson, Erik",10972628,Right,MAI_BLA,"Wang, Nick",813482,Right,BOC_EAG,Undefined,6,Bottom,2,0,0,Fastball,Four-Seam,BallCalled,Undefined,Undefined,StolenBase,0,0,,87.86029,-0.76782,-3.645934,2397.162044,212.663689,1:00,5.73602,1.84646,5.5475,-13.69572,23.20214,14.08505,3.8757,-0.39147,79.76318,-3.418529,-1.141625,0.437192,,,,,,,,,,,,-8.11071,12.26457,-1.53985,50,5.66062,7.48417,-127.27002,-2.06159,-13.26289,26.85656,-12.11867,BOC_EAG,MAI_BLA,HarringtonVillage,D1,ACC,20260421-HarringtonVillage-1,bb739850-3dc6-11f1-be13-814f369a648e,86.2149,,,8.0971,,,,,,,653c48cf-856e-4521-b1b6-52cd1878b7ca,2026-04-21,21:11:57.73,2026-04-21T17:11:57.7380864-04:00,2026-04-21T21:11:57.7380864Z,,v3,227,471344,26593,"DeAndrade, Nolan",1000437002,Right,MAI_BLA,8f87b0d9-3d23-4c1a-8507-161958ca1a9f,54.94913,-128.31014,13.42828,5.73137,-1.59225,-6.05933,-1.83965,7.99783,-6.63144,,,,,,,,,,,,,,,,,,,,,,,,,,,,,,,,,,,,,,,,,,,,,,,,,,,High,High,High,,,,,,210.896155,-3.731604,2392.07975,0.99788,1:00,0.017346,-0.511477,-0.859122,-21.972092,-21.117975,-13.224689,169.233723,8.029418,0.184972,0.139682,-0.972766,8.171363,10.659489,0.139682,0.184972,0.972766,-8.171363,-10.659489,-0.139682,-0.184972,0.972766,-169.233723,-8.029418,-0.184972,-0.139682,-0.972766,,,
222,2026-04-21,17:12:23.58,5,2,"Swenson, Erik",10972628,Right,MAI_BLA,"Wang, Nick",813482,Right,BOC_EAG,Undefined,6,Bottom,2,1,0,Slider,Slider,StrikeCalled,Undefined,Undefined,Undefined,0,0,,81.46133,0.620582,-2.816522,2558.439203,5.062755,6:15,5.56488,1.96962,4.90931,-45.50254,-1.98339,-0.28937,2.36058,-0.72002,75.17561,-7.574648,-2.867477,0.474801,,,,,,,,,,,,-0.59445,-0.74866,-1.69401,50,5.58729,5.82492,-118.14644,-0.44363,-0.84502,21.30694,-33.2383,BOC_EAG,MAI_BLA,HarringtonVillage,D1,ACC,20260421-HarringtonVillage-1,cadee420-3dc6-11f1-be13-814f369a648e,79.38576,,,6.28572,,,,,,,653c48cf-856e-4521-b1b6-52cd1878b7ca,2026-04-21,21:12:23.58,2026-04-21T17:12:23.5892736-04:00,2026-04-21T21:12:23.5892736Z,,v3,227,471344,26593,"DeAndrade, Nolan",1000437002,Right,MAI_BLA,15d1b6f6-db82-4315-8826-c1fd37b59969,55.59059,-119.1504,10.65347,5.5713,1.12253,-16.61915,-1.96941,5.86474,-0.42251,,,,,,,,,,,,,,,,,,,,,,,,,,,,,,,,,,,,,,,,,,,,,,,,,,,High,High,High,,,,,,325.752192,79.008055,487.820149,0.190671,4:45,-0.973827,-0.096666,0.205711,-45.856221,-61.483841,6.555298,135.045776,16.629737,0.67699,0.286186,-0.678073,22.882549,42.608871,0.286186,0.67699,0.678073,-22.882549,-42.608871,-0.286186,-0.67699,0.678073,-135.045776,-16.629737,-0.67699,-0.286186,-0.678073,,,
223,2026-04-21,17:12:43.37,5,3,"Swenson, Erik",10972628,Right,MAI_BLA,"Wang, Nick",813482,Right,BOC_EAG,Undefined,6,Bottom,2,1,1,Slider,Curveball,BallCalled,Undefined,Undefined,Undefined,0,0,,81.79715,-1.502033,-4.311705,2612.88315,339.238753,5:15,5.58646,2.0138,4.80268,-46.12884,-2.35496,1.41453,0.31487,-1.96134,75.3946,-9.749806,-4.063424,0.476189,,,,,,,,,,,,-1.91717,-0.37965,-1.58507,50,5.39614,8.86002,-118.31824,-4.87474,-2.71439,22.83081,-32.71156,BOC_EAG,MAI_BLA,HarringtonVillage,D1,ACC,20260421-HarringtonVillage-1,d6b01940-3dc6-11f1-be13-814f369a648e,79.15445,,,6.40255,,,,,,,653c48cf-856e-4521-b1b6-52cd1878b7ca,2026-04-21,21:12:43.37,2026-04-21T17:12:43.3737216-04:00,2026-04-21T21:12:43.3737216Z,,v3,227,471344,26593,"DeAndrade, Nolan",1000437002,Right,MAI_BLA,44e90d4a-f841-4d7a-9340-730ac89cafe9,55.69751,-119.41257,11.41541,5.59222,-3.3068,-16.35578,-2.01287,8.99012,-1.3572,,,,,,,,,,,,,,,,,,,,,,,,,,,,,,,,,,,,,,,,,,,,,,,,,,,High,High,High,,,,,,315.780592,79.04345,496.616389,0.190065,4:30,-0.964951,-0.158242,0.209354,-39.378521,-66.409023,10.216051,141.522125,11.496926,0.609728,0.199315,-0.767141,14.564332,37.569834,0.199315,0.609728,0.767141,-14.564332,-37.569834,-0.199315,-0.609728,0.767141,-141.522125,-11.496926,-0.609728,-0.199315,-0.767141,,,
224,2026-04-21,17:13:12.50,5,4,"Swenson, Erik",10972628,Right,MAI_BLA,"Wang, Nick",813482,Right,BOC_EAG,Undefined,6,Bottom,2,2,1,Slider,Slider,BallCalled,Undefined,Undefined,Undefined,0,0,,82.09486,-1.766303,-4.003776,2533.682519,303.728584,4:00,5.56933,2.10408,4.95887,-44.21786,-1.54543,4.09961,0.21116,-1.34307,76.5071,-9.674472,-3.281386,0.470159,,,,,,,,,,,,-3.04575,-0.05004,-1.71939,50,5.36083,8.15743,-118.97623,-5.33512,-4.41346,20.48854,-32.24656,BOC_EAG,MAI_BLA,HarringtonVillage,D1,ACC,20260421-HarringtonVillage-1,e80b4e30-3dc6-11f1-be13-814f369a648e,80.16948,,,5.58776,,,,,,,653c48cf-856e-4521-b1b6-52cd1878b7ca,2026-04-21,21:13:12.50,2026-04-21T17:13:12.5025280-04:00,2026-04-21T21:13:12.5025280Z,,v3,227,471344,26593,"DeAndrade, Nolan",1000437002,Right,MAI_BLA,6af68cd5-258f-47db-8ce6-6b567fb13a1f,55.54318,-119.92701,10.24427,5.57369,-3.83871,-16.12328,-2.10269,8.36224,-2.20673,,,,,,,,,,,,,,,,,,,,,,,,,,,,,,,,,,,,,,,,,,,,,,,,,,,High,High,High,,,,,,275.360559,76.861942,575.901516,0.227298,3:15,-0.962546,-0.256213,0.088658,93.76482,25.541242,65.468227,141.085523,14.066701,0.609323,0.243051,-0.754752,17.850005,37.540591,0.243051,0.609323,0.754752,-17.850005,-37.540591,-0.243051,-0.609323,0.754752,-141.085523,-14.066701,-0.609323,-0.243051,-0.754752,,,
225,2026-04-21,17:13:37.08,5,5,"Swenson, Erik",10972628,Right,MAI_BLA,"Wang, Nick",813482,Right,BOC_EAG,Undefined,6,Bottom,2,3,1,Fastball,Four-Seam,BallCalled,Walk,Undefined,Undefined,0,0,,88.81596,-0.486432,-2.815541,2489.511732,216.047078,1:15,5.79091,1.70627,5.38426,-13.62115,22.42832,15.50398,4.1993,0.35703,81.12733,-3.099464,-0.063459,0.432136,,,,,,,,,,,,-8.49406,11.7015,-1.46547,50,5.73808,5.63104,-128.82872,-1.47469,-14.32363,25.9123,-12.44166,BOC_EAG,MAI_BLA,HarringtonVillage,D1,ACC,20260421-HarringtonVillage-1,f6afeea0-3dc6-11f1-be13-814f369a648e,87.22346,,,7.68864,,,,,,,653c48cf-856e-4521-b1b6-52cd1878b7ca,2026-04-21,21:13:37.08,2026-04-21T17:13:37.0898944-04:00,2026-04-21T21:13:37.0898944Z,,v3,227,471344,26593,"DeAndrade, Nolan",1000437002,Right,MAI_BLA,961568a3-06ec-4c89-902f-7439f71c3fdc,55.11346,-129.85316,12.95615,5.78666,-0.98281,-6.22083,-1.69928,6.19732,-7.16181,,,,,,,,,,,,,,,,,,,,,,,,,,,,,,,,,,,,,,,,,,,,,,,,,,,High,High,High,,,,,,210.328094,2.682878,2486.782996,0.998904,1:00,-0.084825,-0.504777,-0.859072,-30.272544,-19.160143,-13.319358,165.530146,1.488854,0.249786,0.025982,-0.967952,1.537605,14.464863,0.025982,0.249786,0.967952,-1.537605,-14.464863,-0.025982,-0.249786,0.967952,-165.530146,-1.488854,-0.249786,-0.025982,-0.967952,,,
226,2026-04-21,17:14:11.78,6,1,"Swenson, Erik",10972628,Right,MAI_BLA,"Toomey, Jack",809057,Right,BOC_EAG,Undefined,6,Bottom,2,0,0,Fastball,Four-Seam,StrikeSwinging,Undefined,Undefined,Undefined,0,0,,88.23748,-0.864544,-2.962584,2307.788839,215.926916,1:15,5.78275,1.66965,5.5291,-14.1078,22.20387,15.26926,3.79778,0.17016,80.68934,-3.569348,-0.245333,0.433705,,,,,,,,,,,,-8.44985,11.75225,-1.42228,50,5.69829,5.94625,-127.99941,-2.32068,-14.07573,25.41149,-12.59715,BOC_EAG,MAI_BLA,HarringtonVillage,D1,ACC,20260421-HarringtonVillage-1,0b5656f0-3dc7-11f1-be13-814f369a648e,86.90798,,,7.54814,,,,,,,653c48cf-856e-4521-b1b6-52cd1878b7ca,2026-04-21,21:14:11.78,2026-04-21T17:14:11.7805568-04:00,2026-04-21T21:14:11.7805568Z,,v3,227,471344,26593,"DeAndrade, Nolan",1000437002,Right,MAI_BLA,ddcdba4d-88e9-40ff-963d-46e849a3c650,54.96868,-128.98206,12.70575,5.77861,-1.83355,-6.29858,-1.66275,6.49055,-7.03786,,,,,,,,,,,,,,,,,,,,,,,,,,,,,,,,,,,,,,,,,,,,,,,,,,,High,High,High,,,,,,34.555288,7.10076,2290.088788,0.99233,7:15,-0.089677,0.560922,0.822997,-28.71251,16.98931,34.511082,177.912738,-0.386397,0.036421,-0.006744,-0.999314,0.386654,-2.087215,0.006744,-0.036421,0.999314,-0.386654,2.087215,-0.006744,0.036421,0.999314,-177.912738,0.386397,-0.036421,0.006744,-0.999314,,,
227,2026-04-21,17:14:32.11,6,2,"Swenson, Erik",10972628,Right,MAI_BLA,"Toomey, Jack",809057,Right,BOC_EAG,Undefined,6,Bottom,2,0,1,Fastball,Four-Seam,BallCalled,Undefined,Undefined,Undefined,0,0,,88.83814,0.243265,-3.290685,2432.350059,214.180674,1:15,5.78289,1.74618,5.35756,-12.53631,24.25946,15.54973,4.96671,-0.04742,79.54799,-2.22333,-0.533942,0.436586,,,,,,,,,,,,-8.75776,12.38465,-1.46121,50,5.79638,6.65663,-128.50161,0.25255,-14.4094,30.60287,-11.79723,BOC_EAG,MAI_BLA,HarringtonVillage,D1,ACC,20260421-HarringtonVillage-1,177b2a50-3dc7-11f1-be13-814f369a648e,86.33443,,,9.29015,,,,,,,653c48cf-856e-4521-b1b6-52cd1878b7ca,2026-04-21,21:14:32.11,2026-04-21T17:14:32.1176576-04:00,2026-04-21T21:14:32.1176576Z,,v3,227,471344,26593,"DeAndrade, Nolan",1000437002,Right,MAI_BLA,44fc4214-c528-4112-addb-84d632e79040,55.13608,-129.71901,15.30143,5.77699,0.72185,-5.89861,-1.73741,7.22984,-7.2047,,,,,,,,,,,,,,,,,,,,,,,,,,,,,,,,,,,,,,,,,,,,,,,,,,,High,High,High,,,,,,210.669653,-2.112639,2430.696758,0.99932,1:00,-0.014697,-0.509893,-0.860113,-27.659929,-12.84516,-8.273121,172.330362,3.054237,0.133271,0.053281,-0.989646,3.081754,7.658678,0.053281,0.133271,0.989646,-3.081754,-7.658678,-0.053281,-0.133271,0.989646,-172.330362,-3.054237,-0.133271,-0.053281,-0.989646,,,
228,2026-04-21,17:14:54.76,6,3,"Swenson, Erik",10972628,Right,MAI_BLA,"Toomey, Jack",809057,Right,BOC_EAG,Undefined,6,Bottom,2,1,1,Fastball,Four-Seam,StrikeCalled,Undefined,Undefined,Undefined,0,0,,88.2973,-3.07414,-3.723381,2355.715027,213.135799,1:00,5.83396,1.72615,5.62601,-13.78591,22.79143,14.05048,1.80777,-0.58223,80.20418,-5.734301,-1.221473,0.435289,,,,,,,,,,,,-8.17804,12.798,-1.41768,50,5.56273,7.69656,-127.72774,-7.23392,-13.44591,27.47548,-11.13219,BOC_EAG,MAI_BLA,HarringtonVillage,D1,ACC,20260421-HarringtonVillage-1,2501feb0-3dc7-11f1-be13-814f369a648e,86.59178,,,8.09312,,,,,,,653c48cf-856e-4521-b1b6-52cd1878b7ca,2026-04-21,21:14:54.76,2026-04-21T17:14:54.7696128-04:00,2026-04-21T21:14:54.7696128Z,,v3,227,471344,26593,"DeAndrade, Nolan",1000437002,Right,MAI_BLA,463add6d-f12e-4ed2-80d1-3fb3da7e28c3,54.87113,-128.77131,13.73774,5.82945,-6.8111,-5.5661,-1.7197,8.20725,-6.72296,,,,,,,,,,,,,,,,,,,,,,,,,,,,,,,,,,,,,,,,,,,,,,,,,,,High,High,High,,,,,,211.867713,-3.19983,2352.042302,0.998441,1:00,0.028765,-0.523385,-0.851611,-18.58574,38.696754,59.454547,168.914787,1.290822,0.19222,0.022527,-0.981093,1.315355,11.082364,0.022527,0.19222,0.981093,-1.315355,-11.082364,-0.022527,-0.19222,0.981093,-168.914787,-1.290822,-0.19222,-0.022527,-0.981093,,,
229,2026-04-21,17:15:19.14,6,4,"Swenson, Erik",10972628,Right,MAI_BLA,"Toomey, Jack",809057,Right,BOC_EAG,Undefined,6,Bottom,2,1,2,Fastball,Four-Seam,BallCalled,Undefined,Undefined,Undefined,0,0,,88.78618,0.362422,-2.332602,2397.972315,214.441854,1:15,5.85954,1.67774,5.39303,-14.34985,21.89135,14.20304,5.00366,0.67404,80.63312,-2.395028,0.19002,0.433284,,,,,,,,,,,,-7.73426,11.19713,-1.47949,50,5.88216,4.59217,-128.74196,0.41473,-12.95,27.31839,-13.42593,BOC_EAG,MAI_BLA,HarringtonVillage,D1,ACC,20260421-HarringtonVillage-1,337fdd40-3dc7-11f1-be13-814f369a648e,86.99246,,,8.15306,,,,,,,653c48cf-856e-4521-b1b6-52cd1878b7ca,2026-04-21,21:15:19.14,2026-04-21T17:15:19.1422976-04:00,2026-04-21T21:15:19.1422976Z,,v3,227,471344,26593,"DeAndrade, Nolan",1000437002,Right,MAI_BLA,e84e7efc-2daa-403a-bf39-57a63a1091fc,55.10318,-129.82031,13.6592,5.85533,0.9447,-6.71296,-1.67085,5.10335,-6.475,,,,,,,,,,,,,,,,,,,,,,,,,,,,,,,,,,,,,,,,,,,,,,,,,,,High,High,High,,,,,,207.988154,4.266701,2391.326433,0.997229,1:00,-0.113134,-0.467508,-0.876719,-27.931505,-17.685867,-22.977333,168.975648,0.964387,0.191199,0.016831,-0.981407,0.982515,11.022771,0.016831,0.191199,0.981407,-0.982515,-11.022771,-0.016831,-0.191199,0.981407,-168.975648,-0.964387,-0.191199,-0.016831,-0.981407,,,
230,2026-04-21,17:15:45.24,6,5,"Swenson, Erik",10972628,Right,MAI_BLA,"Toomey, Jack",809057,Right,BOC_EAG,Undefined,6,Bottom,2,2,2,Fastball,Four-Seam,BallCalled,Undefined,Undefined,Undefined,0,0,,89.43785,-0.551816,-2.940415,2333.752932,208.493663,1:00,5.81941,1.74111,5.44188,-11.48237,24.79501,12.7089,4.34517,0.04456,79.9198,-2.835752,-0.682951,0.4335,,,,,,,,,,,,-7.28493,12.95406,-1.48967,50,5.76309,6.04749,-129.37446,-1.49019,-12.11101,31.80231,-10.63821,BOC_EAG,MAI_BLA,HarringtonVillage,D1,ACC,20260421-HarringtonVillage-1,430c45a0-3dc7-11f1-be13-814f369a648e,86.94906,,,9.51805,,,,,,,653c48cf-856e-4521-b1b6-52cd1878b7ca,2026-04-21,21:15:45.24,2026-04-21T17:15:45.2485632-04:00,2026-04-21T21:15:45.2485632Z,,v3,227,471344,26593,"DeAndrade, Nolan",1000437002,Right,MAI_BLA,4236c466-82eb-4305-a44d-235a8fba05a8,55.05101,-130.61018,15.90116,5.81297,-1.07683,-5.3191,-1.7338,6.51808,-6.05551,,,,,,,,,,,,,,,,,,,,,,,,,,,,,,,,,,,,,,,,,,,,,,,,,,,High,High,High,,,,,,209.504081,2.665294,2331.228338,0.998918,1:00,-0.086303,-0.492378,-0.866092,-13.166524,34.772975,58.028657,173.474878,2.250401,0.113551,0.039267,-0.992756,2.265059,6.520068,0.039267,0.113551,0.992756,-2.265059,-6.520068,-0.039267,-0.113551,0.992756,-173.474878,-2.250401,-0.113551,-0.039267,-0.992756,,,
231,2026-04-21,17:16:09.24,6,6,"Swenson, Erik",10972628,Right,MAI_BLA,"Toomey, Jack",809057,Right,BOC_EAG,Undefined,6,Bottom,2,3,2,Fastball,Four-Seam,InPlay,Undefined,GroundBall,Out,1,0,,89.34645,-2.590293,-3.204708,2423.712642,210.18804,1:00,5.7764,1.67029,5.57021,-11.61347,24.39529,13.42115,2.3836,-0.2079,80.49241,-4.879017,-0.815695,0.431892,98.50616,-16.331862,1.491362,,,,,8.17808,8.17808,2.987523,0.056324,-7.80886,13.53946,-1.40303,50,5.54573,6.64254,-129.26315,-6.12949,-13.03743,30.27144,-9.56897,BOC_EAG,MAI_BLA,HarringtonVillage,D1,ACC,20260421-HarringtonVillage-1,515cf9b0-3dc7-11f1-be13-814f369a648e,87.27274,2.29184,,8.85404,,,,0.34829,2.29184,0.22267,653c48cf-856e-4521-b1b6-52cd1878b7ca,2026-04-21,21:16:09.24,2026-04-21T17:16:09.2477440-04:00,2026-04-21T21:16:09.2477440Z,GroundBall,v3,227,471344,26593,"DeAndrade, Nolan",1000437002,Right,MAI_BLA,f1960758-b030-4769-9064-7b476fbe7730,54.92679,-130.41182,15.13572,5.77143,-5.76639,-4.78448,-1.66448,7.13726,-6.51872,,0.34633,138.81506,,,,,,,,2.29241,-40.68996,,,,,,,,0.22262,3.61406,,,,,,,,,,,,,,,,,,,,,,,,,,,,,,High,High,High,Estimated,Estimated,,,,209.66835,0.526611,2423.61027,0.999958,1:00,-0.035406,-0.494868,-0.868247,-26.011221,-18.364645,-19.599298,171.515054,2.840866,0.147368,0.049562,-0.987839,2.872252,8.474442,0.049562,0.147368,0.987839,-2.872252,-8.474442,-0.049562,-0.147368,0.987839,-171.515054,-2.840866,-0.147368,-0.049562,-0.987839,74.66081,4.55247,11.50671
232,2026-04-21,17:19:16.51,1,1,"Soares, Gavin",831500,Right,BOC_EAG,"Carpenter, Troy",1000239627,Right,MAI_BLA,Undefined,7,Top,0,0,0,Fastball,Four-Seam,InPlay,Undefined,LineDrive,Single,0,0,,91.21818,-2.566402,-1.4468,2103.775435,198.847863,12:45,6.38096,1.1324,5.59025,-16.25698,17.97843,5.73646,2.62749,0.25921,82.86189,-5.649723,-0.423121,0.421123,108.36039,11.685621,-19.208703,1422.325023,101.27809,13.62327,-42.92711,196.60522,193.33027,-25.956498,1.576685,-3.34795,10.2263,-1.01211,50,6.15033,3.0838,-132.21752,-6.4358,-5.88408,30.07261,-14.20107,BOC_EAG,MAI_BLA,HarringtonVillage,D1,ACC,20260421-HarringtonVillage-1,c0f935e0-3dc7-11f1-be13-814f369a648e,89.50456,13.72853,,8.35629,,,,1.92626,2.72007,-0.29009,653c48cf-856e-4521-b1b6-52cd1878b7ca,2026-04-21,21:19:16.51,2026-04-21T17:19:16.5193728-04:00,2026-04-21T21:19:16.5193728Z,LineDrive,v3,227,471344,26593,"Johnson, Gunnar",1000100233,Right,BOC_EAG,bd382db3-8601-4044-a7ab-701b3aa7f320,54.90736,-133.32902,15.0363,6.3785,-5.91092,-7.10054,-1.13011,3.30128,-2.94204,80.453381,1.92626,146.97003,-31.01344,6.99344,-1.50876,0.27835,-0.04518,0.00506,-0.00024,2.72007,32.18952,-25.67148,3.52244,-0.75538,0.1648,-0.03387,0.00588,-0.00055,-0.29009,-51.20445,-6.73476,4.90354,-1.82978,0.55431,-0.13677,0.02408,-0.00213,,,,,,,,,,,,,,,,,,,,,,,High,High,High,High,High,,,,209.22657,22.901768,1937.941963,0.921173,1:00,-0.388802,-0.46675,-0.794341,-40.752178,-27.784706,-52.400263,165.312305,-2.861858,0.253234,-0.049928,-0.966116,2.958367,-14.668965,0.049928,-0.253234,0.966116,-2.958367,14.668965,-0.049928,0.253234,0.966116,-165.312305,2.861858,-0.253234,0.049928,-0.966116,,,
233,2026-04-21,17:19:48.78,2,1,"Soares, Gavin",831500,Right,BOC_EAG,"Stevens, Julian",1000253292,Right,MAI_BLA,Undefined,7,Top,0,0,0,Curveball,Curveball,BallCalled,Undefined,Undefined,Undefined,0,0,,80.00487,-0.804062,-2.202405,2201.621824,44.252146,7:30,6.36433,1.30736,5.48962,-49.80786,-5.31055,-6.54426,1.46088,-1.29936,73.68636,-9.833273,-3.370161,0.480107,,,,,,,,,,,,2.66221,-2.0152,-1.1099,50,6.26014,4.72388,-116.09503,-3.35845,3.61611,22.69919,-34.91128,BOC_EAG,MAI_BLA,HarringtonVillage,D1,ACC,20260421-HarringtonVillage-1,d446ec00-3dc7-11f1-be13-814f369a648e,78.50838,,,6.31851,,,,,,,653c48cf-856e-4521-b1b6-52cd1878b7ca,2026-04-21,21:19:48.78,2026-04-21T17:19:48.7845376-04:00,2026-04-21T21:19:48.7845376Z,,v3,227,471344,26593,"Johnson, Gunnar",1000100233,Right,BOC_EAG,4a25e950-58f8-44a6-9092-853bf8b88210,55.01041,-117.07058,11.34959,6.37224,-1.85806,-17.45564,-1.30957,4.56847,1.80805,,,,,,,,,,,,,,,,,,,,,,,,,,,,,,,,,,,,,,,,,,,,,,,,,,,High,High,High,,,,,,21.090301,79.243804,410.889307,0.18663,6:45,-0.975858,0.053364,0.211787,73.382604,-7.401401,87.115891,177.955118,28.699881,0.031299,0.480222,-0.876589,28.715258,1.793574,0.480222,0.031299,0.876589,-28.715258,-1.793574,-0.480222,-0.031299,0.876589,-177.955118,-28.699881,-0.031299,-0.480222,-0.876589,,,
234,2026-04-21,17:20:08.19,2,2,"Soares, Gavin",831500,Right,BOC_EAG,"Stevens, Julian",1000253292,Right,MAI_BLA,Undefined,7,Top,0,1,0,Fastball,Four-Seam,BallCalled,Undefined,Undefined,Undefined,0,0,,90.47941,-1.544885,-0.914367,2269.343692,211.188391,1:00,6.45126,1.10434,5.62643,-16.29891,18.38525,10.41804,3.65094,1.11924,82.14887,-4.647456,0.946322,0.423874,,,,,,,,,,,,-5.51244,10.09882,-1.0331,50,6.30937,1.62219,-131.24146,-4.0303,-9.55451,29.39367,-14.67014,BOC_EAG,MAI_BLA,HarringtonVillage,D1,ACC,20260421-HarringtonVillage-1,dfcac470-3dc7-11f1-be13-814f369a648e,88.92364,,,8.33054,,,,,,,653c48cf-856e-4521-b1b6-52cd1878b7ca,2026-04-21,21:20:08.19,2026-04-21T17:20:08.1985024-04:00,2026-04-21T21:20:08.1985024Z,,v3,227,471344,26593,"Johnson, Gunnar",1000100233,Right,BOC_EAG,b0290145-883b-4fa0-8d47-95a682a0e483,54.86945,-132.32756,14.69683,6.44827,-3.48824,-7.33507,-1.09957,1.97523,-4.77726,,,,,,,,,,,,,,,,,,,,,,,,,,,,,,,,,,,,,,,,,,,,,,,,,,,High,High,High,,,,,,208.406904,15.642607,2185.29247,0.962962,1:00,-0.270671,-0.465213,-0.842801,-40.732819,-26.947371,-56.344082,169.971033,-11.184776,0.170838,-0.193974,-0.966017,11.353858,-9.836571,0.193974,-0.170838,0.966017,-11.353858,9.836571,-0.193974,0.170838,0.966017,-169.971033,11.184776,-0.170838,0.193974,-0.966017,,,
235,2026-04-21,17:20:29.12,2,3,"Soares, Gavin",831500,Right,BOC_EAG,"Stevens, Julian",1000253292,Right,MAI_BLA,Undefined,7,Top,0,2,0,Fastball,Four-Seam,FoulBallNotFieldable,Undefined,Undefined,Undefined,0,0,,90.67914,-2.717777,-1.531603,2219.499484,208.860577,1:00,6.35983,1.31219,5.62213,-16.71273,17.70466,9.13906,2.4281,0.64417,82.84486,-5.872418,0.100375,0.422241,69.5625,60.760049,104.134976,4724.080861,,,,,12.54294,,,-5.08359,10.09032,-1.1877,50,6.11742,3.11504,-131.50699,-6.77095,-8.89103,28.22118,-14.52642,BOC_EAG,MAI_BLA,HarringtonVillage,D1,ACC,20260421-HarringtonVillage-1,ec442070-3dc7-11f1-be13-814f369a648e,89.26762,26.42038,,7.83428,,,,0.62295,2.37478,-0.71715,653c48cf-856e-4521-b1b6-52cd1878b7ca,2026-04-21,21:20:29.12,2026-04-21T17:20:29.1265536-04:00,2026-04-21T21:20:29.1265536Z,,v3,227,471344,26593,"Johnson, Gunnar",1000100233,Right,BOC_EAG,2cc100e3-c4f4-4b4c-9a84-220343ffadac,54.87638,-132.54932,14.11059,6.35759,-6.23443,-7.26321,-1.30881,3.44342,-4.44552,321.319009,0.62545,-12.28564,-5.23061,,,,,,,2.37553,88.99128,-19.86421,,,,,,,-0.71262,48.11876,-13.22548,,,,,,,,,,,,,,,,,,,,,,,,,,,,,High,High,High,High,Undefined,,,,210.78278,22.483163,2050.799655,0.923992,1:00,-0.380648,-0.490486,-0.78392,-48.697313,-14.478602,-50.032052,175.990944,-11.190143,0.068585,-0.194066,-0.978588,11.216897,-3.932717,0.194066,-0.068585,0.978588,-11.216897,3.932717,-0.194066,0.068585,0.978588,-175.990944,11.190143,-0.068585,0.194066,-0.978588,,,
236,2026-04-21,17:20:52.96,2,4,"Soares, Gavin",831500,Right,BOC_EAG,"Stevens, Julian",1000253292,Right,MAI_BLA,Undefined,7,Top,0,2,1,Curveball,Curveball,InPlay,Undefined,GroundBall,FieldersChoice,1,0,,79.32458,0.161984,-1.581282,2112.15924,43.886944,7:30,6.40172,1.14002,5.32443,-55.7755,-9.83993,-10.97847,1.90583,-1.25907,72.40286,-9.937504,-3.535341,0.487805,70.00017,-33.386912,-20.952957,,,,,4.59682,4.59682,2.059231,0.034816,5.02485,-4.5891,-0.98867,50,6.37585,3.61394,-115.04972,-1.64468,6.63224,24.38175,-38.23112,BOC_EAG,MAI_BLA,HarringtonVillage,D1,ACC,20260421-HarringtonVillage-1,fa889f80-3dc7-11f1-be13-814f369a648e,77.26952,1.97261,,6.92172,,,,1.79866,1.97261,1.23552,653c48cf-856e-4521-b1b6-52cd1878b7ca,2026-04-21,21:20:52.96,2026-04-21T17:20:52.9655808-04:00,2026-04-21T21:20:52.9655808Z,GroundBall,v3,227,471344,26593,"Johnson, Gunnar",1000100233,Right,BOC_EAG,57d3237b-09bd-429f-affb-cd721d063aa0,55.17635,-116.14154,12.19088,6.41116,0.06731,-19.11556,-1.14385,3.31695,3.31612,,1.79737,80.28573,,,,,,,,1.97353,-56.65899,,,,,,,,1.23601,-30.7432,,,,,,,,,,,,,,,,,,,,,,,,,,,,,,High,High,High,Estimated,Estimated,,,,17.422455,75.715482,521.148196,0.246737,6:30,-0.962004,0.076616,0.262064,82.055851,-30.247206,75.805285,179.519505,-25.853569,0.007547,-0.436073,-0.89988,25.85436,-0.432402,0.436073,-0.007547,0.89988,-25.85436,0.432402,-0.436073,0.007547,0.89988,-179.519505,25.853569,-0.007547,0.436073,-0.89988,61.15884,2.73124,-0.67785
237,2026-04-21,17:21:27.81,3,1,"Soares, Gavin",831500,Right,BOC_EAG,"St. Denis, Hunter",1000341731,Right,MAI_BLA,Undefined,7,Top,1,0,0,Curveball,Curveball,StrikeSwinging,Undefined,Undefined,Undefined,1,0,,79.89516,-0.343442,-1.662749,2208.950647,353.056343,5:45,6.39793,1.26604,5.07981,-58.03499,-11.89583,1.65913,1.2378,-0.16353,72.31551,-10.81175,-1.368301,0.488885,,,,,,,,,,,,-1.41138,-5.36481,-1.1099,50,6.3193,3.28951,-115.69622,-2.83534,-1.86587,26.54456,-39.26642,BOC_EAG,MAI_BLA,HarringtonVillage,D1,ACC,20260421-HarringtonVillage-1,0f4c2cc0-3dc8-11f1-be13-814f369a648e,77.09885,,,7.57966,,,,,,,653c48cf-856e-4521-b1b6-52cd1878b7ca,2026-04-21,21:21:27.81,2026-04-21T17:21:27.8150000-04:00,2026-04-21T21:21:27.8150000Z,,v3,227,471344,26593,"Johnson, Gunnar",1000100233,Right,BOC_EAG,2f9963eb-23a3-4531-b61c-03424ab6fcee,55.41963,-116.93305,13.27228,6.40879,-1.00574,-19.63321,-1.2652,3.37645,-0.93293,,,,,,,,,,,,,,,,,,,,,,,,,,,,,70.31986,,,,,,,0.06704,6.18287,1.30085,,,,0.24522,100.66946,-8.82516,6.19483,10.1374,-11.00921,1.27222,-4.63021,1.20077,High,High,High,,,High,High,Medium,2.065935,81.739467,317.36998,0.143675,6:00,-0.985055,-0.000753,0.172236,78.950405,-41.378385,76.989691,176.564644,-27.09481,0.053346,-0.455464,-0.888654,27.136617,-3.057959,0.455464,-0.053346,0.888654,-27.136617,3.057959,-0.455464,0.053346,0.888654,-176.564644,27.09481,-0.053346,0.455464,-0.888654,,,
238,2026-04-21,17:22:16.12,3,2,"Soares, Gavin",831500,Right,BOC_EAG,"Rasmussen, Brody",1000250740,Right,MAI_BLA,Undefined,7,Top,2,0,0,Curveball,Curveball,BallCalled,Undefined,Undefined,Undefined,0,0,,77.8409,0.502911,0.532402,2106.094819,11.505975,6:30,6.40315,1.293,5.1143,-61.42003,-12.98654,-3.0089,1.75861,1.54383,70.50663,-10.594818,-0.002076,0.500892,,,,,,,,,,,,1.71154,-6.41154,-1.34056,50,6.40162,-0.93048,-112.8194,-1.17545,2.15297,25.12019,-40.23919,BOC_EAG,MAI_BLA,HarringtonVillage,D1,ACC,20260421-HarringtonVillage-1,2c128200-3dc8-11f1-be13-814f369a648e,75.25058,,,7.33428,,,,,,,653c48cf-856e-4521-b1b6-52cd1878b7ca,2026-04-21,21:22:16.12,2026-04-21T17:22:16.1204224-04:00,2026-04-21T21:22:16.1204224Z,,v3,227,471344,26593,"Johnson, Gunnar",1000100233,Right,BOC_EAG,833da740-15a0-4e76-b4bd-88ef493dbf58,55.38728,-114.01261,12.56009,6.41206,0.73591,-20.1196,-1.29394,-1.03274,1.07648,,,,,,,,,,,,,,,,,,,,,,,,,,,,,,,,,,,,,,,,,,,,,,,,,,,High,High,High,,,,,,26.630366,73.400483,601.669764,0.28568,7:00,-0.959496,0.136458,0.246469,78.534521,-22.991474,70.745555,174.999084,-28.874472,0.076334,-0.482892,-0.872346,28.966971,-4.377901,0.482892,-0.076334,0.872346,-28.966971,4.377901,-0.482892,0.076334,0.872346,-174.999084,28.874472,-0.076334,0.482892,-0.872346,,,
239,2026-04-21,17:22:50.69,3,3,"Soares, Gavin",831500,Right,BOC_EAG,"Rasmussen, Brody",1000250740,Right,MAI_BLA,Undefined,7,Top,2,1,0,Curveball,Curveball,BallCalled,Undefined,Undefined,Undefined,0,0,,79.14183,-1.479536,-0.279736,2166.732431,21.337485,6:45,6.46399,1.18585,5.03436,-56.83389,-10.42268,-4.66551,0.33164,0.53314,72.88934,-11.657962,-1.108435,0.490324,,,,,,,,,,,,2.26327,-4.44504,-1.15514,50,6.27631,0.74734,-114.8093,-5.02738,2.99115,23.20778,-38.04863,BOC_EAG,MAI_BLA,HarringtonVillage,D1,ACC,20260421-HarringtonVillage-1,40b12220-3dc8-11f1-be13-814f369a648e,76.87255,,,6.25249,,,,,,,653c48cf-856e-4521-b1b6-52cd1878b7ca,2026-04-21,21:22:50.69,2026-04-21T17:22:50.6916352-04:00,2026-04-21T21:22:50.6916352Z,,v3,227,471344,26593,"Johnson, Gunnar",1000100233,Right,BOC_EAG,9bc3c28e-e558-4265-bfcc-0049dcc709d6,55.46772,-115.90929,11.60389,6.47186,-3.22398,-19.02431,-1.1872,0.60557,1.49557,,,,,,,,,,,,,,,,,,,,,,,,,,,,,,,,,,,,,,,,,,,,,,,,,,,High,High,High,,,,,,19.141669,76.145646,518.834097,0.239455,6:45,-0.971495,0.053423,0.230961,87.422025,-42.453762,67.159452,174.537748,-25.665378,0.085798,-0.433115,-0.897246,25.767321,-4.921937,0.433115,-0.085798,0.897246,-25.767321,4.921937,-0.433115,0.085798,0.897246,-174.537748,25.665378,-0.085798,0.433115,-0.897246,,,
240,2026-04-21,17:23:13.29,3,4,"Soares, Gavin",831500,Right,BOC_EAG,"Rasmussen, Brody",1000250740,Right,MAI_BLA,Undefined,7,Top,2,2,0,Fastball,Four-Seam,InPlay,Undefined,LineDrive,Single,0,0,,90.46634,-1.606098,-2.235726,2221.01819,199.807116,12:45,6.43659,1.12226,5.82725,-17.63623,16.97958,5.6765,3.47235,-0.48409,81.82056,-4.965455,-1.219075,0.423456,84.49751,7.075684,20.71769,2887.194629,,,,103.65416,101.36257,25.974672,0.962111,-3.59047,9.52201,-0.94296,50,6.29507,4.87205,-131.1336,-4.20994,-6.18243,30.60992,-15.77804,BOC_EAG,MAI_BLA,HarringtonVillage,D1,ACC,20260421-HarringtonVillage-1,4e230ef0-3dc8-11f1-be13-814f369a648e,89.0114,6.06376,,8.64578,,,,-0.01895,3.26023,0.53701,653c48cf-856e-4521-b1b6-52cd1878b7ca,2026-04-21,21:23:13.29,2026-04-21T17:23:13.2995072-04:00,2026-04-21T21:23:13.2995072Z,GroundBall,v3,227,471344,26593,"Johnson, Gunnar",1000100233,Right,BOC_EAG,b21fe4f8-e60b-4eb8-b4c5-04a3918a7fbf,54.66913,-132.219,15.30496,6.43443,-3.65047,-7.88902,-1.11961,5.09128,-3.09122,281.556088,0.09641,113.38641,-17.39983,,,,,,,3.34633,14.03636,-18.28798,,,,,,,0.46443,44.56184,2.29319,,,,,,,,,,,,,,,,,,,,,,,,,,,,,High,High,High,High,High,,,,210.439212,28.218273,1957.056179,0.881153,1:00,-0.48942,-0.45949,-0.741172,-39.772059,-42.360341,-86.679763,169.441556,-8.045164,0.181435,-0.139954,-0.973393,8.181867,-10.453354,0.139954,-0.181435,0.973393,-8.181867,10.453354,-0.139954,0.181435,0.973393,-169.441556,8.045164,-0.181435,0.139954,-0.973393,,,
241,2026-04-21,17:23:49.02,4,1,"Soares, Gavin",831500,Right,BOC_EAG,"De La Rosa, Albert",1000230264,Right,MAI_BLA,Undefined,7,Top,2,0,0,Curveball,Curveball,StrikeCalled,Undefined,Undefined,Undefined,0,0,,81.30166,0.760783,-0.820599,2106.724964,18.480233,6:30,6.34919,1.1016,5.36081,-50.62538,-7.90839,-3.04386,2.84395,0.07838,75.41676,-8.400359,-1.362578,0.470405,,,,,,,,,,,,1.32205,-3.80201,-1.02566,50,6.38111,1.81655,-118.1995,-0.26292,1.88549,20.81859,-37.59644,BOC_EAG,MAI_BLA,HarringtonVillage,D1,ACC,20260421-HarringtonVillage-1,6374ab60-3dc8-11f1-be13-814f369a648e,80.12767,,,5.8849,,,,,,,653c48cf-856e-4521-b1b6-52cd1878b7ca,2026-04-21,21:23:49.02,2026-04-21T17:23:49.0259456-04:00,2026-04-21T21:23:49.0259456Z,,v3,227,471344,26593,"Johnson, Gunnar",1000100233,Right,BOC_EAG,9b6fd4b2-f6ff-433b-b141-20db380598c9,55.14126,-119.1016,10.40929,6.35721,1.36618,-18.79822,-1.1026,1.73484,0.94274,,,,,,,,,,,,,,,,,,,,,,,,,,,,,,,,,,,,,,,,,,,,,,,,,,,High,High,High,,,,,,21.164137,78.299396,427.238806,0.202798,6:45,-0.975353,0.086214,0.203108,78.407937,-25.439648,75.340359,176.140974,-26.260683,0.060356,-0.442456,-0.894757,26.312324,-3.460224,0.442456,-0.060356,0.894757,-26.312324,3.460224,-0.442456,0.060356,0.894757,-176.140974,26.260683,-0.060356,0.442456,-0.894757,,,
242,2026-04-21,17:24:07.56,4,2,"Soares, Gavin",831500,Right,BOC_EAG,"De La Rosa, Albert",1000230264,Right,MAI_BLA,Undefined,7,Top,2,0,1,Curveball,Curveball,InPlay,Undefined,GroundBall,FieldersChoice,1,0,,80.42505,0.551597,-0.974127,2205.844218,12.098039,6:30,6.33796,1.25074,5.34895,-52.4144,-8.1367,-2.05095,2.48756,0.16606,73.70012,-8.957734,-1.33936,0.478921,84.56424,-18.163877,-36.824425,,,,,8.74325,4.75294,-29.22719,0.061533,0.74555,-3.88303,-1.16151,50,6.34973,2.06762,-116.75308,-0.74331,1.02226,23.34443,-37.49824,BOC_EAG,MAI_BLA,HarringtonVillage,D1,ACC,20260421-HarringtonVillage-1,6e8bdf50-3dc8-11f1-be13-814f369a648e,78.70282,2.38449,,6.72494,,,,1.81238,2.38449,0.08702,653c48cf-856e-4521-b1b6-52cd1878b7ca,2026-04-21,21:24:07.56,2026-04-21T17:24:07.5685376-04:00,2026-04-21T21:24:07.5685376Z,GroundBall,v3,227,471344,26593,"Johnson, Gunnar",1000100233,Right,BOC_EAG,3b2dc032-c8cf-4931-bab9-e0f1bc293924,55.15194,-117.77869,11.67221,6.3462,0.90414,-18.74912,-1.25136,2.02271,0.51113,180,1.81026,94.54739,,,,,,,,2.38535,-38.7514,,,,,,,,0.08861,-70.79337,,,,,,,,,,,,,,,,,,,,,,,,,,,,,,High,High,High,Low,Low,,,,20.973919,73.268812,635.02252,0.287882,6:45,-0.951921,0.11226,0.285033,80.862357,-15.251225,72.542271,173.707546,-27.881929,0.09688,-0.467651,-0.878588,28.02529,-5.559529,0.467651,-0.09688,0.878588,-28.02529,5.559529,-0.467651,0.09688,0.878588,-173.707546,27.881929,-0.09688,0.467651,-0.878588,72.47667,3.82353,-8.08013
243,2026-04-21,17:27:06.53,1,1,"Martin, Tommy",1000396948,Right,MAI_BLA,"Hendrickson, Carter",830138,Right,BOC_EAG,Undefined,7,Bottom,0,0,0,Fastball,Four-Seam,BallCalled,Undefined,Undefined,Undefined,0,0,,86.89673,-1.366133,-0.765657,1915.885048,201.272997,12:45,6.73204,0.32875,5.38624,-17.46611,20.79603,7.55178,3.99569,0.24037,78.25079,-4.701152,0.57701,0.445201,,,,,,,,,,,,-3.99185,11.23501,-0.26565,50,6.59811,1.33817,-125.86366,-3.51055,-6.31251,28.93254,-14.40763,BOC_EAG,MAI_BLA,HarringtonVillage,D1,ACC,20260421-HarringtonVillage-1,d9280c30-3dc8-11f1-be13-814f369a648e,84.66389,,,8.64594,,,,,,,653c48cf-856e-4521-b1b6-52cd1878b7ca,2026-04-21,21:27:06.53,2026-04-21T17:27:06.5323008-04:00,2026-04-21T21:27:06.5323008Z,,v3,227,471344,26593,"DeAndrade, Nolan",1000437002,Right,MAI_BLA,b4ed8d99-d189-4d43-aafc-f1e00ca371ec,55.10691,-127.03217,14.46627,6.72815,-2.92866,-7.20382,-0.32484,1.59311,-3.15626,,,,,,,,,,,,,,,,,,,,,,,,,,,,,,,,,,,,,,,,,,,,,,,,,,,High,High,High,,,,,,209.161436,-7.085129,1901.255322,0.992364,1:00,0.123245,-0.480473,-0.868307,-25.823747,31.490118,17.139246,154.137753,-6.769578,0.433168,-0.117877,-0.893572,7.514858,-25.668766,0.117877,-0.433168,0.893572,-7.514858,25.668766,-0.117877,0.433168,0.893572,-154.137753,6.769578,-0.433168,0.117877,-0.893572,,,
244,2026-04-21,17:27:23.57,1,2,"Martin, Tommy",1000396948,Right,MAI_BLA,"Hendrickson, Carter",830138,Right,BOC_EAG,Undefined,7,Bottom,0,1,0,Fastball,Four-Seam,BallCalled,Undefined,Undefined,Undefined,0,0,,88.181,-2.037156,-1.008146,1984.155666,199.234063,12:45,6.73009,0.22234,5.36927,-14.08233,23.358,7.64292,3.64543,-0.08609,78.89803,-4.778199,0.350035,0.440394,,,,,,,,,,,,-4.12925,12.75324,-0.13738,50,6.53797,1.88967,-127.58029,-4.89961,-6.66572,31.28482,-11.58692,BOC_EAG,MAI_BLA,HarringtonVillage,D1,ACC,20260421-HarringtonVillage-1,e34b6a40-3dc8-11f1-be13-814f369a648e,85.58803,,,9.28298,,,,,,,653c48cf-856e-4521-b1b6-52cd1878b7ca,2026-04-21,21:27:23.57,2026-04-21T17:27:23.5756544-04:00,2026-04-21T21:27:23.5756544Z,,v3,227,471344,26593,"DeAndrade, Nolan",1000437002,Right,MAI_BLA,cc8b4555-67de-446b-b322-3a379996ce7a,55.12308,-128.83042,15.64241,6.7245,-4.4366,-5.79346,-0.21821,2.15603,-3.33286,,,,,,,,,,,,,,,,,,,,,,,,,,,,,,,,,,,,,,,,,,,,,,,,,,,High,High,High,,,,,,205.779008,-2.574093,1982.153612,0.998991,12:45,0.04449,-0.432591,-0.900492,-24.737024,35.532693,32.134448,158.466729,-0.034164,0.367041,-0.000596,-0.930204,0.036727,-21.533267,0.000596,-0.367041,0.930204,-0.036727,21.533267,-0.000596,0.367041,0.930204,-158.466729,0.034164,-0.367041,0.000596,-0.930204,,,
245,2026-04-21,17:27:42.06,1,3,"Martin, Tommy",1000396948,Right,MAI_BLA,"Hendrickson, Carter",830138,Right,BOC_EAG,Undefined,7,Bottom,0,2,0,Fastball,Four-Seam,StrikeCalled,Undefined,Undefined,Undefined,0,0,,87.56917,-2.554326,-0.878306,1915.926322,203.538472,12:45,6.62835,0.22647,5.44294,-16.50769,21.18123,8.61449,2.85919,0.12191,78.8469,-5.7123,0.655092,0.441853,,,,,,,,,,,,-4.57071,11.8419,-0.15477,50,6.39152,1.55112,-126.74896,-6.12405,-7.32069,29.64031,-13.2075,BOC_EAG,MAI_BLA,HarringtonVillage,D1,ACC,20260421-HarringtonVillage-1,ee51d550-3dc8-11f1-be13-814f369a648e,85.3053,,,8.72227,,,,,,,653c48cf-856e-4521-b1b6-52cd1878b7ca,2026-04-21,21:27:42.06,2026-04-21T17:27:42.0657152-04:00,2026-04-21T21:27:42.0657152Z,,v3,227,471344,26593,"DeAndrade, Nolan",1000437002,Right,MAI_BLA,73e540ec-f34a-45d3-9a7a-0461663328ed,55.05043,-127.92455,14.82015,6.62402,-5.60021,-6.60375,-0.22205,1.84148,-3.66034,,,,,,,,,,,,,,,,,,,,,,,,,,,,,,,,,,,,,,,,,,,,,,,,,,,High,High,High,,,,,,209.843132,-8.63015,1894.233356,0.988678,1:00,0.158667,-0.484816,-0.860103,-22.331075,25.167353,18.402629,158.334597,-10.130226,0.36343,-0.175886,-0.914868,10.882508,-21.311009,0.175886,-0.36343,0.914868,-10.882508,21.311009,-0.175886,0.36343,0.914868,-158.334597,10.130226,-0.36343,0.175886,-0.914868,,,
246,2026-04-21,17:27:59.16,1,4,"Martin, Tommy",1000396948,Right,MAI_BLA,"Hendrickson, Carter",830138,Right,BOC_EAG,Undefined,7,Bottom,0,2,1,Slider,Slider,BallCalled,Undefined,Undefined,Undefined,0,0,,77.05174,0.738047,0.858172,2104.476701,111.400963,9:45,6.53147,0.72911,4.9886,-45.59247,2.64213,-3.21921,3.42911,1.27123,71.34175,-7.507261,0.289439,0.499863,,,,,,,,,,,,1.80307,1.58276,-0.80905,50,6.56546,-1.54509,-111.90068,-0.16338,2.30848,18.34913,-30.14763,BOC_EAG,MAI_BLA,HarringtonVillage,D1,ACC,20260421-HarringtonVillage-1,f8923140-3dc8-11f1-be13-814f369a648e,75.40558,,,5.70999,,,,,,,653c48cf-856e-4521-b1b6-52cd1878b7ca,2026-04-21,21:27:59.16,2026-04-21T17:27:59.1627776-04:00,2026-04-21T21:27:59.1627776Z,,v3,227,471344,26593,"DeAndrade, Nolan",1000437002,Right,MAI_BLA,1c3546e8-099b-44dd-8075-4a56474a4b95,55.51024,-112.80061,9.17456,6.53721,1.31521,-15.07382,-0.73049,-1.65831,1.15424,,,,,,,,,,,,,,,,,,,,,,,,,,,,,,,,,,,,,,,,,,,,,,,,,,,High,High,High,,,,,,72.913786,76.783956,481.132805,0.228623,8:30,-0.971516,0.231055,0.052627,102.374332,-39.228703,27.015626,143.240125,-21.759691,0.55582,-0.370715,-0.744066,26.483767,-33.767237,0.370715,-0.55582,0.744066,-26.483767,33.767237,-0.370715,0.55582,0.744066,-143.240125,21.759691,-0.55582,0.370715,-0.744066,,,
247,2026-04-21,17:28:17.03,1,5,"Martin, Tommy",1000396948,Right,MAI_BLA,"Hendrickson, Carter",830138,Right,BOC_EAG,Undefined,7,Bottom,0,3,1,Fastball,Four-Seam,FoulBallNotFieldable,Undefined,Undefined,Undefined,0,0,,88.58196,-3.396561,-0.99867,1965.743367,195.330857,12:30,6.72513,0.14213,5.4012,-14.11391,22.64411,5.84441,2.36204,-0.30673,80.15466,-6.107244,0.040632,0.436363,82.15817,67.777065,43.151966,5469.456102,,,,115.72657,53.65465,72.270707,5.666907,-3.25933,12.83953,-0.05744,50,6.41293,1.97568,-128.2206,-8.00772,-5.36531,29.28177,-11.03841,BOC_EAG,MAI_BLA,HarringtonVillage,D1,ACC,20260421-HarringtonVillage-1,03280030-3dc9-11f1-be13-814f369a648e,86.37873,135.68151,,8.4273,,,,0.2348,2.41172,0.21632,653c48cf-856e-4521-b1b6-52cd1878b7ca,2026-04-21,21:28:17.03,2026-04-21T17:28:17.0398720-04:00,2026-04-21T21:28:17.0398720Z,Popup,v3,227,471344,26593,"DeAndrade, Nolan",1000437002,Right,MAI_BLA,67502311-a533-4970-a756-ff940651b9c8,55.09574,-129.37908,14.64089,6.7211,-7.571,-5.5192,-0.1398,2.18795,-2.68265,194.389165,0.20472,33.71742,-20.03222,8.34801,-2.68151,0.59969,-0.07736,0.00457,-6E-05,2.38084,112.11042,-31.61054,6.4618,-2.67051,0.88797,-0.17741,0.01839,-0.00076,0.22243,31.05496,-4.42331,0.2581,0.38641,-0.19794,0.0457,-0.00517,0.00023,,,,,,,,,,,,,,,,,,,,,,,High,High,High,Medium,Low,,,,205.068578,-6.006468,1954.95161,0.99451,12:45,0.113702,-0.414437,-0.902947,-25.858003,27.981767,26.042749,159.289964,-0.923374,0.353593,-0.016115,-0.935261,0.98715,-20.707223,0.016115,-0.353593,0.935261,-0.98715,20.707223,-0.016115,0.353593,0.935261,-159.289964,0.923374,-0.353593,0.016115,-0.935261,78.54116,8.38918,-1.59112
248,2026-04-21,17:28:49.39,1,6,"Martin, Tommy",1000396948,Right,MAI_BLA,"Hendrickson, Carter",830138,Right,BOC_EAG,Undefined,7,Bottom,0,3,2,Fastball,Four-Seam,StrikeCalled,Strikeout,Undefined,Undefined,0,0,,88.82931,-4.537332,-1.621321,2072.614347,205.947764,12:45,6.73259,0.07554,5.5249,-13.52249,22.14824,10.26764,1.35325,-0.58497,82.24548,-7.087326,0.208382,0.42986,,,,,,,,,,,,-5.58961,12.62764,0.05838,50,6.32827,3.19965,-128.72046,-10.61203,-9.5011,23.43705,-10.7099,BOC_EAG,MAI_BLA,HarringtonVillage,D1,ACC,20260421-HarringtonVillage-1,16773cf0-3dc9-11f1-be13-814f369a648e,87.68535,,,6.58382,,,,,,,653c48cf-856e-4521-b1b6-52cd1878b7ca,2026-04-21,21:28:49.39,2026-04-21T17:28:49.3900000-04:00,2026-04-21T21:28:49.3900000Z,,v3,227,471344,26593,"DeAndrade, Nolan",1000437002,Right,MAI_BLA,5e01bb03-a1f0-4747-a103-41b611229bce,54.97481,-129.62309,11.71852,6.72903,-10.19956,-5.35495,-0.0719,3.56556,-4.75055,,,,,,,,,,,,,,,,,,,,,,,,,,,,,49.41398,3.136625,1.675981,1.460645,-0.07278,1.16695,0.57889,-0.85387,6.14883,-0.59792,65.23649,10.41998,-59.57019,-0.7274,50.18305,-3.4363,6.26022,23.95777,-14.44809,-0.68578,-44.03106,2.5434,High,High,High,,,High,Low,High,203.851738,-6.616017,2058.811969,0.993341,12:45,0.120866,-0.391305,-0.912289,-24.727301,24.624988,24.300226,160.518457,-0.767041,0.333473,-0.013387,-0.942664,0.813616,-19.479727,0.013387,-0.333473,0.942664,-0.813616,19.479727,-0.013387,0.333473,0.942664,-160.518457,0.767041,-0.333473,0.013387,-0.942664,,,
249,2026-04-21,17:29:25.47,2,1,"Martin, Tommy",1000396948,Right,MAI_BLA,"Gallo, Luke",828057,Right,BOC_EAG,Undefined,7,Bottom,1,0,0,Slider,Slider,StrikeCalled,Undefined,Undefined,Undefined,0,0,,76.62646,-1.548599,-0.953946,2192.54569,144.180696,10:45,6.53225,0.59615,4.95188,-43.54022,5.07626,-2.71083,1.4401,-0.5312,71.66186,-9.366989,-1.433115,0.501838,,,,,,,,,,,,1.12492,3.27736,-0.50131,50,6.34593,1.96042,-111.3187,-4.52356,1.43265,17.1848,-28.00016,BOC_EAG,MAI_BLA,HarringtonVillage,D1,ACC,20260421-HarringtonVillage-1,2c02ae10-3dc9-11f1-be13-814f369a648e,75.10884,,,4.9646,,,,,,,653c48cf-856e-4521-b1b6-52cd1878b7ca,2026-04-21,21:29:25.47,2026-04-21T17:29:25.4700032-04:00,2026-04-21T21:29:25.4700032Z,,v3,227,471344,26593,"DeAndrade, Nolan",1000437002,Right,MAI_BLA,51e81408-8d81-4e0d-a9f0-3e9f15ac073b,55.54845,-112.17197,8.5924,6.53602,-3.13328,-14.00008,-0.59689,1.88929,0.71633,,,,,,,,,,,,,,,,,,,,,,,,,,,,,,,,,,,,,,,,,,,,,,,,,,,High,High,High,,,,,,84.854173,79.933399,383.241225,0.174793,8:45,-0.988552,0.147416,0.03214,-64.825807,45.744072,51.036444,133.220765,-22.142138,0.674979,-0.376906,-0.634308,30.718783,-42.452486,0.376906,-0.674979,0.634308,-30.718783,42.452486,-0.376906,0.674979,0.634308,-133.220765,22.142138,-0.674979,0.376906,-0.634308,,,
250,2026-04-21,17:30:35.98,2,2,"Martin, Tommy",1000396948,Right,MAI_BLA,"Gallo, Luke",828057,Right,BOC_EAG,Undefined,7,Bottom,1,0,1,Fastball,Four-Seam,StrikeCalled,Undefined,Undefined,Undefined,0,0,,88.69206,-3.517308,-1.248801,1975.041384,204.281518,12:45,6.72643,-0.00214,5.37134,-17.83296,18.02595,7.6713,1.93773,-0.53388,82.2538,-6.823462,0.115104,0.430993,,,,,,,,,,,,-4.15713,10.22449,0.10845,50,6.39826,2.46739,-128.67961,-8.50487,-7.07008,23.12135,-14.78516,BOC_EAG,MAI_BLA,HarringtonVillage,D1,ACC,20260421-HarringtonVillage-1,56022ce0-3dc9-11f1-be13-814f369a648e,87.45494,,,6.43826,,,,,,,653c48cf-856e-4521-b1b6-52cd1878b7ca,2026-04-21,21:30:35.98,2026-04-21T17:30:35.9894016-04:00,2026-04-21T21:30:35.9894016Z,,v3,227,471344,26593,"DeAndrade, Nolan",1000437002,Right,MAI_BLA,40da0a65-5b8c-469c-96de-e27d9fbc32a4,55.128,-129.59774,11.56068,6.72433,-7.91776,-7.39258,0.0049,2.74814,-3.53504,,,,,,,,,,,,,,,,,,,,,,,,,,,,,,,,,,,,,,,,,,,,,,,,,,,High,High,High,,,,,,204.100865,-2.82171,1972.646756,0.998788,12:45,0.054269,-0.404061,-0.913121,-15.971717,42.440621,28.372819,148.943623,-8.875874,0.509704,-0.154294,-0.846402,10.331264,-30.644084,0.154294,-0.509704,0.846402,-10.331264,30.644084,-0.154294,0.509704,0.846402,-148.943623,8.875874,-0.509704,0.154294,-0.846402,,,
251,2026-04-21,17:30:50.14,2,3,"Martin, Tommy",1000396948,Right,MAI_BLA,"Gallo, Luke",828057,Right,BOC_EAG,Undefined,7,Bottom,1,0,2,ChangeUp,Changeup,BallCalled,Undefined,Undefined,Undefined,0,0,,74.2395,-2.999569,-4.315822,2225.246013,247.158636,2:15,6.4022,0.30259,5.95493,-41.9179,8.22815,16.22371,0.11685,-2.35542,69.58945,-10.641299,-1.402334,0.509671,,,,,,,,,,,,-9.44339,5.33823,0.03144,50,6.13906,7.58762,-107.63676,-6.85242,-11.24858,15.99828,-25.81536,BOC_EAG,MAI_BLA,HarringtonVillage,D1,ACC,20260421-HarringtonVillage-1,5e745880-3dc9-11f1-be13-814f369a648e,73.95448,,,4.65005,,,,,,,653c48cf-856e-4521-b1b6-52cd1878b7ca,2026-04-21,21:30:50.14,2026-04-21T17:30:50.1420544-04:00,2026-04-21T21:30:50.1420544Z,,v3,227,471344,26593,"DeAndrade, Nolan",1000437002,Right,MAI_BLA,ba8c40e1-abe4-4ddb-b29e-a631e132d00b,54.54713,-108.3105,7.99914,6.40475,-5.76525,-12.90768,-0.29807,8.06133,-5.62429,,,,,,,,,,,,,,,,,,,,,,,,,,,,,,,,,,,,,,,,,,,,,,,,,,,High,High,High,,,,,,248.133867,-41.705987,1661.298959,0.746569,2:15,0.677742,-0.657094,-0.32999,1.650779,51.454951,74.355205,177.610643,57.71821,0.022266,0.845432,-0.533619,57.740708,1.275852,0.845432,0.022266,0.533619,-57.740708,-1.275852,-0.845432,-0.022266,0.533619,-177.610643,-57.71821,-0.022266,-0.845432,-0.533619,,,
252,2026-04-21,17:31:06.68,2,4,"Martin, Tommy",1000396948,Right,MAI_BLA,"Gallo, Luke",828057,Right,BOC_EAG,Undefined,7,Bottom,1,1,2,Fastball,Four-Seam,BallCalled,Undefined,Undefined,Undefined,0,0,,88.72074,-4.519769,-2.095151,2142.317433,198.644528,12:30,6.72833,-0.0294,5.47407,-15.05186,21.12694,6.73496,1.23291,-1.42961,81.44096,-7.356715,-0.896548,0.432911,,,,,,,,,,,,-3.96126,12.22607,0.20876,50,6.32034,4.40142,-128.38376,-10.60484,-6.63405,25.72571,-11.6986,BOC_EAG,MAI_BLA,HarringtonVillage,D1,ACC,20260421-HarringtonVillage-1,684e9fa0-3dc9-11f1-be13-814f369a648e,87.06743,,,7.27977,,,,,,,653c48cf-856e-4521-b1b6-52cd1878b7ca,2026-04-21,21:31:06.68,2026-04-21T17:31:06.6844672-04:00,2026-04-21T21:31:06.6844672Z,,v3,227,471344,26593,"DeAndrade, Nolan",1000437002,Right,MAI_BLA,30f654f5-2cfa-44ca-8b44-a6b681421134,55.02412,-129.38658,12.86286,6.72485,-10.14881,-5.8493,0.03214,4.66003,-3.31702,,,,,,,,,,,,,,,,,,,,,,,,,,,,,,,,,,,,,,,,,,,,,,,,,,,High,High,High,,,,,,202.116594,-6.798299,2127.25485,0.992969,12:45,0.113737,-0.363355,-0.924682,-17.107132,36.763852,27.81984,149.840204,-7.354843,0.49828,-0.128014,-0.857514,8.4907,-29.886251,0.128014,-0.49828,0.857514,-8.4907,29.886251,-0.128014,0.49828,0.857514,-149.840204,7.354843,-0.49828,0.128014,-0.857514,,,
253,2026-04-21,17:31:28.54,2,5,"Martin, Tommy",1000396948,Right,MAI_BLA,"Gallo, Luke",828057,Right,BOC_EAG,Undefined,7,Bottom,1,2,2,Fastball,Four-Seam,InPlay,Undefined,GroundBall,Out,1,0,,89.70933,-3.796727,-1.727634,2064.180675,199.477897,12:45,6.69382,0.00116,5.48984,-13.95942,21.571,7.20075,1.97189,-1.01546,81.71671,-6.46119,-0.445493,0.429014,90.62841,-36.613453,44.205473,,,,,2.74721,2.74721,73.658086,0.021531,-4.11748,12.3193,0.14518,50,6.35167,3.59223,-129.8558,-9.017,-7.00501,28.11797,-11.21549,BOC_EAG,MAI_BLA,HarringtonVillage,D1,ACC,20260421-HarringtonVillage-1,75548430-3dc9-11f1-be13-814f369a648e,87.85828,1.70939,,7.99262,,,,-0.87617,1.70939,1.03219,653c48cf-856e-4521-b1b6-52cd1878b7ca,2026-04-21,21:31:28.54,2026-04-21T17:31:28.5422592-04:00,2026-04-21T21:31:28.5422592Z,GroundBall,v3,227,471344,26593,"DeAndrade, Nolan",1000437002,Right,MAI_BLA,ec5d52c7-da4b-44e1-83b9-e6493db4bb87,55.00682,-130.93545,14.05898,6.68963,-8.58636,-5.60774,0.00208,3.8612,-3.50251,,-0.87656,76.59521,,,,,,,,1.7098,-79.39318,,,,,,,,1.03181,74.49982,,,,,,,,,,,,,,,,,,,,,,,,,,,,,,High,High,High,Estimated,Estimated,,,,201.496352,-7.792583,2045.118794,0.990765,12:45,0.131466,-0.353283,-0.926233,-20.593175,34.075052,19.807092,148.383979,-4.831142,0.522362,-0.084219,-0.848555,5.66807,-31.490796,0.084219,-0.522362,0.848555,-5.66807,31.490796,-0.084219,0.522362,0.848555,-148.383979,4.831142,-0.522362,0.084219,-0.848555,,,
254,2026-04-21,17:32:04.38,3,1,"Martin, Tommy",1000396948,Right,MAI_BLA,"Wolff, Kyle",813479,Right,BOC_EAG,Undefined,7,Bottom,2,0,0,Fastball,Four-Seam,BallCalled,Undefined,Undefined,Undefined,0,0,,88.33673,-3.792643,-2.008894,1905.190235,187.327114,12:15,6.76837,0.13722,5.40196,-13.73772,23.59446,2.84748,2.06236,-1.50865,79.30472,-6.453905,-1.503004,0.439757,,,,,,,,,,,,-2.08728,13.48457,0.0398,50,6.4208,4.34514,-127.59586,-8.81673,-3.37685,30.82576,-10.35856,BOC_EAG,MAI_BLA,HarringtonVillage,D1,ACC,20260421-HarringtonVillage-1,8ab45170-3dc9-11f1-be13-814f369a648e,85.7119,,,9.032,,,,,,,653c48cf-856e-4521-b1b6-52cd1878b7ca,2026-04-21,21:32:04.38,2026-04-21T17:32:04.3844096-04:00,2026-04-21T21:32:04.3844096Z,,v3,227,471344,26593,"DeAndrade, Nolan",1000437002,Right,MAI_BLA,180ecb85-9cfa-49d3-aa55-995eaccaa867,55.09143,-128.82002,15.41288,6.76276,-8.40536,-5.17928,-0.13542,4.47925,-1.68843,,,,,,,,,,,,,,,,,,,,,,,,,,,,,,,,,,,,,,,,,,,,,,,,,,,High,High,High,,,,,,202.337723,-5.637613,1895.975069,0.995163,12:45,0.090696,-0.370901,-0.924233,-19.557242,37.688932,26.125055,149.841883,-5.184467,0.500333,-0.090363,-0.861105,5.990577,-30.022016,0.090363,-0.500333,0.861105,-5.990577,30.022016,-0.090363,0.500333,0.861105,-149.841883,5.184467,-0.500333,0.090363,-0.861105,,,
255,2026-04-21,17:32:22.70,3,2,"Martin, Tommy",1000396948,Right,MAI_BLA,"Wolff, Kyle",813479,Right,BOC_EAG,Undefined,7,Bottom,2,1,0,Fastball,Four-Seam,BallCalled,Undefined,Undefined,Undefined,0,0,,87.97841,-4.525558,-1.660766,2093.493922,201.497157,12:45,6.66854,0.19371,5.53835,-14.16284,23.09722,8.55146,1.2479,-0.64634,79.5233,-7.248525,-0.136603,0.439332,,,,,,,,,,,,-4.82614,13.47509,-0.05545,50,6.26621,3.30772,-127.12607,-10.4392,-7.79724,29.15861,-10.40326,BOC_EAG,MAI_BLA,HarringtonVillage,D1,ACC,20260421-HarringtonVillage-1,959a8a50-3dc9-11f1-be13-814f369a648e,85.79485,,,8.45511,,,,,,,653c48cf-856e-4521-b1b6-52cd1878b7ca,2026-04-21,21:32:22.70,2026-04-21T17:32:22.7076608-04:00,2026-04-21T21:32:22.7076608Z,,v3,227,471344,26593,"DeAndrade, Nolan",1000437002,Right,MAI_BLA,caa777ae-1d29-4b9a-b362-48284850b43b,54.95717,-128.25805,14.5793,6.66364,-10.03533,-5.20163,-0.18974,3.61042,-3.89862,,,,,,,,,,,,,,,,,,,,,,,,,,,,,,,,,,,,,,,,,,,,,,,,,,,High,High,High,,,,,,203.364876,-7.891538,2073.668014,0.99053,12:45,0.141442,-0.380771,-0.913787,-26.155672,30.610811,11.969107,148.895818,-1.540851,0.516409,-0.02689,-0.85592,1.799419,-31.091683,0.02689,-0.516409,0.85592,-1.799419,31.091683,-0.02689,0.516409,0.85592,-148.895818,1.540851,-0.516409,0.02689,-0.85592,,,
256,2026-04-21,17:32:42.37,3,3,"Martin, Tommy",1000396948,Right,MAI_BLA,"Wolff, Kyle",813479,Right,BOC_EAG,Undefined,7,Bottom,2,2,0,Fastball,Four-Seam,BallCalled,Undefined,Undefined,Undefined,0,0,,88.58241,-3.933996,-2.782642,1968.193708,192.595362,12:30,6.72282,-0.05736,5.42606,-14.19957,22.73993,4.77406,1.84475,-2.26782,79.95383,-6.662814,-1.9348,0.437439,,,,,,,,,,,,-3.25351,13.02316,0.30097,50,6.36362,5.9993,-127.93777,-9.18823,-5.32353,29.54389,-10.86488,BOC_EAG,MAI_BLA,HarringtonVillage,D1,ACC,20260421-HarringtonVillage-1,a1555140-3dc9-11f1-be13-814f369a648e,86.16624,,,8.62858,,,,,,,653c48cf-856e-4521-b1b6-52cd1878b7ca,2026-04-21,21:32:42.37,2026-04-21T17:32:42.3716864-04:00,2026-04-21T21:32:42.3716864Z,,v3,227,471344,26593,"DeAndrade, Nolan",1000437002,Right,MAI_BLA,961618bb-25da-4bda-9ed2-42ca80b99b62,55.06773,-129.10273,14.77195,6.71748,-8.75981,-5.43244,0.06027,6.20921,-2.66177,,,,,,,,,,,,,,,,,,,,,,,,,,,,,,,,,,,,,,,,,,,,,,,,,,,High,High,High,,,,,,202.644598,-4.003772,1963.390244,0.997559,12:45,0.051199,-0.378379,-0.924234,-20.934827,39.472399,28.142646,150.96833,-2.797321,0.484715,-0.048803,-0.87331,3.198527,-28.993783,0.048803,-0.484715,0.87331,-3.198527,28.993783,-0.048803,0.484715,0.87331,-150.96833,2.797321,-0.484715,0.048803,-0.87331,,,
257,2026-04-21,17:33:00.69,3,4,"Martin, Tommy",1000396948,Right,MAI_BLA,"Wolff, Kyle",813479,Right,BOC_EAG,Undefined,7,Bottom,2,3,0,Fastball,Four-Seam,StrikeCalled,Undefined,Undefined,Undefined,0,0,,87.16001,-3.043824,-0.685359,1863.951676,190.188691,12:15,6.69972,0.33604,5.32728,-14.79524,23.62572,3.97658,2.60778,0.0243,78.10813,-5.90462,0.020866,0.446124,,,,,,,,,,,,-2.20602,13.24142,-0.277,50,6.4144,1.32561,-126.01657,-7.09285,-3.47547,30.4489,-11.31307,BOC_EAG,MAI_BLA,HarringtonVillage,D1,ACC,20260421-HarringtonVillage-1,ac40ba40-3dc9-11f1-be13-814f369a648e,84.48871,,,9.05187,,,,,,,653c48cf-856e-4521-b1b6-52cd1878b7ca,2026-04-21,21:33:00.69,2026-04-21T17:33:00.6984704-04:00,2026-04-21T21:33:00.6984704Z,,v3,227,471344,26593,"DeAndrade, Nolan",1000437002,Right,MAI_BLA,942f21ff-c29d-4ff8-9ac6-4e287846a288,55.16559,-127.25858,15.22445,6.6943,-6.63138,-5.65654,-0.33397,1.46737,-1.73773,,,,,,,,,,,,,,,,,,,,,,,,,,,,,,,,,,,,,,,,,,,,,,,,,,,High,High,High,,,,,,209.648145,-12.630647,1818.843929,0.9758,1:00,0.233827,-0.470409,-0.850906,-29.143715,29.256658,16.538872,150.156528,-6.405267,0.494526,-0.11156,-0.861974,7.37447,-29.638488,0.11156,-0.494526,0.861974,-7.37447,29.638488,-0.11156,0.494526,0.861974,-150.156528,6.405267,-0.494526,0.11156,-0.861974,,,
258,2026-04-21,17:33:20.69,3,5,"Martin, Tommy",1000396948,Right,MAI_BLA,"Wolff, Kyle",813479,Right,BOC_EAG,Undefined,7,Bottom,2,3,1,Fastball,Four-Seam,FoulBallNotFieldable,Undefined,Undefined,Undefined,0,0,,88.2735,-2.260161,-2.302348,1913.478009,201.262486,12:45,6.56004,0.49843,5.37495,-17.3695,19.3532,7.05741,2.99087,-1.07306,80.48551,-5.535333,-1.049053,0.436153,91.16747,59.753324,16.261774,,89.66941,138.3749,63.71338,156.82114,73.3002,38.416256,5.942357,-4.21622,10.74005,-0.29737,50,6.34556,4.83222,-127.92774,-5.60235,-6.9699,26.99561,-14.41957,BOC_EAG,MAI_BLA,HarringtonVillage,D1,ACC,20260421-HarringtonVillage-1,b8315e40-3dc9-11f1-be13-814f369a648e,86.42025,145.34443,,7.78799,,,,1.40213,2.78738,1.0413,653c48cf-856e-4521-b1b6-52cd1878b7ca,2026-04-21,21:33:20.69,2026-04-21T17:33:20.6956032-04:00,2026-04-21T21:33:20.6956032Z,FlyBall,v3,227,471344,26593,"DeAndrade, Nolan",1000437002,Right,MAI_BLA,5d564930-a9a8-4fc1-8322-5497bd95dff4,55.12303,-129.00428,13.49781,6.55751,-5.02732,-7.20978,-0.49561,5.11017,-3.48495,195.665331,1.38876,64.81622,-27.41128,9.11841,-2.09998,0.27627,-0.00519,-0.00296,0.00024,2.74883,116.16464,-31.71066,6.0945,-2.3432,0.72758,-0.1326,0.01225,-0.00044,1.05257,18.693,2.45094,-2.2311,0.91401,-0.23034,0.03331,-0.00241,6E-05,,,,,,,,,,,,,,,,,,,,,,,High,High,High,Medium,Low,,,,212.378961,-9.827541,1885.399574,0.985326,1:00,0.157776,-0.520517,-0.839148,-31.597355,36.978779,20.29069,151.216344,-5.82013,0.479022,-0.101406,-0.871926,6.633751,-28.621521,0.101406,-0.479022,0.871926,-6.633751,28.621521,-0.101406,0.479022,0.871926,-151.216344,5.82013,-0.479022,0.101406,-0.871926,69.18362,16.51961,-4.27084
259,2026-04-21,17:34:11.17,3,6,"Martin, Tommy",1000396948,Right,MAI_BLA,"Wolff, Kyle",813479,Right,BOC_EAG,Undefined,7,Bottom,2,3,2,Fastball,Four-Seam,FoulBallNotFieldable,Undefined,Undefined,Undefined,0,0,,89.19524,-2.120031,-2.336537,2025.339074,204.279062,12:45,6.54511,0.48253,5.42123,-15.2608,21.78186,9.10934,3.285,-0.9482,78.80237,-5.097203,-0.717634,0.438049,78.93182,63.781521,124.400774,4805.42661,,,,,55.36837,,,-5.45654,12.17371,-0.28161,50,6.34706,4.83615,-128.8132,-5.18676,-8.85135,35.36096,-12.42642,BOC_EAG,MAI_BLA,HarringtonVillage,D1,ACC,20260421-HarringtonVillage-1,d64eb800-3dc9-11f1-be13-814f369a648e,86.04623,82.74528,,10.39287,,,,1.16461,3.19064,0.85568,653c48cf-856e-4521-b1b6-52cd1878b7ca,2026-04-21,21:34:11.17,2026-04-21T17:34:11.1707648-04:00,2026-04-21T21:34:11.1707648Z,,v3,227,471344,26593,"DeAndrade, Nolan",1000437002,Right,MAI_BLA,c80bef6c-a64c-4760-8a26-46cf5e1249f9,55.07142,-130.19793,17.68048,6.54064,-4.70014,-6.21321,-0.47778,5.18277,-4.42567,,1.16461,-28.89585,-8.27734,4.58336,-1.48982,0.41863,-0.10605,0.02154,-0.00232,3.19064,103.85596,-34.82377,5.28529,-1.02887,0.1729,-0.02765,0.0033,-0.00019,0.85568,42.2001,-8.04771,1.66469,-0.29751,0.04269,-0.00511,4E-05,4E-05,,,,,,,,,,,,,,,,,,,,,,,High,High,High,High,Undefined,,,,213.509997,-6.549236,2012.122136,0.993474,1:00,0.100386,-0.543885,-0.833134,-38.12722,35.458973,7.624896,149.60323,-1.452549,0.505823,-0.025349,-0.862265,1.683908,-30.38597,0.025349,-0.505823,0.862265,-1.683908,30.38597,-0.025349,0.505823,0.862265,-149.60323,1.452549,-0.505823,0.025349,-0.862265,72.4311,14.59644,2.65996
260,2026-04-21,17:34:32.11,3,7,"Martin, Tommy",1000396948,Right,MAI_BLA,"Wolff, Kyle",813479,Right,BOC_EAG,Undefined,7,Bottom,2,3,2,Fastball,Four-Seam,BallCalled,Walk,Undefined,Undefined,0,0,,89.55338,-3.021944,-2.567004,2111.082352,200.779289,12:45,6.59065,0.37719,5.40479,-17.80808,18.69379,6.53634,2.26967,-1.48495,79.95891,-6.414047,-1.405778,0.43484,,,,,,,,,,,,-4.14563,10.82623,-0.15307,50,6.30923,5.49075,-129.3157,-7.37821,-6.84841,33.10696,-14.28956,BOC_EAG,MAI_BLA,HarringtonVillage,D1,ACC,20260421-HarringtonVillage-1,e2c2bcd0-3dc9-11f1-be13-814f369a648e,86.68125,,,9.59447,,,,,,,653c48cf-856e-4521-b1b6-52cd1878b7ca,2026-04-21,21:34:32.11,2026-04-21T17:34:32.1174016-04:00,2026-04-21T21:34:32.1174016Z,,v3,227,471344,26593,"DeAndrade, Nolan",1000437002,Right,MAI_BLA,d42fc5aa-7d70-46dd-8250-a17b8be43e0a,55.08725,-130.61162,16.55348,6.58709,-6.81886,-7.14478,-0.37324,5.75882,-3.42421,,,,,,,,,,,,,,,,,,,,,,,,,,,,,,,,,,,,,,,,,,,,,,,,,,,High,High,High,,,,,,208.761102,-7.89994,2091.047349,0.99051,1:00,0.123325,-0.468684,-0.874715,-35.588635,35.58595,13.123563,148.67261,0.887234,0.519865,0.015485,-0.854108,1.038629,31.323209,0.015485,0.519865,0.854108,-1.038629,-31.323209,-0.015485,-0.519865,0.854108,-148.67261,-0.887234,-0.519865,-0.015485,-0.854108,,,
261,2026-04-21,17:35:34.29,4,1,"Martin, Tommy",1000396948,Right,MAI_BLA,"Johnson, Gunnar",1000100233,Right,BOC_EAG,Undefined,7,Bottom,2,0,0,Fastball,Four-Seam,BallCalled,Undefined,Undefined,Undefined,0,0,,86.70035,-1.3664,-1.537368,2058.868937,204.820766,12:45,6.50984,0.50781,5.61591,-16.94158,21.71899,9.31197,3.82209,-0.15135,76.98728,-4.657299,0.124696,0.447513,,,,,,,,,,,,-5.19595,11.85949,-0.38237,50,6.38265,2.94462,-125.38997,-3.43247,-8.03558,32.11504,-13.8333,BOC_EAG,MAI_BLA,HarringtonVillage,D1,ACC,20260421-HarringtonVillage-1,07ccdab0-3dca-11f1-be13-814f369a648e,84.22652,,,9.71306,,,,,,,653c48cf-856e-4521-b1b6-52cd1878b7ca,2026-04-21,21:35:34.29,2026-04-21T17:35:34.2960128-04:00,2026-04-21T21:35:34.2960128Z,,v3,227,471344,26593,"DeAndrade, Nolan",1000437002,Right,MAI_BLA,5093a4e7-210e-40bf-8cda-53b30424a07f,54.87452,-126.63229,16.05752,6.50508,-2.89736,-6.91665,-0.50229,3.25547,-4.01779,,,,,,,,,,,,,,,,,,,,,,,,,,,,,,,,,,,,,,,,,,,,,,,,,,,High,High,High,,,,,,217.632003,-17.9935,1958.172886,0.951092,1:15,0.302345,-0.573193,-0.761601,-38.071877,14.490728,-4.454699,148.274121,-1.748674,0.525611,-0.030515,-0.850178,2.055632,-31.709384,0.030515,-0.525611,0.850178,-2.055632,31.709384,-0.030515,0.525611,0.850178,-148.274121,1.748674,-0.525611,0.030515,-0.850178,,,
262,2026-04-21,17:38:52.51,4,2,"Martin, Tommy",1000396948,Right,MAI_BLA,"Johnson, Gunnar",1000100233,Right,BOC_EAG,Undefined,7,Bottom,2,1,0,Fastball,Four-Seam,StrikeCalled,Undefined,Undefined,Undefined,0,0,,86.40516,-1.412291,-1.758896,2002.918618,220.663739,1:15,6.48235,0.89145,5.61679,-18.76631,19.48166,15.56686,3.59954,0.54663,78.09487,-4.98457,1.020036,0.445119,,,,,,,,,,,,-8.33705,10.66241,-0.7511,50,6.34989,3.15991,-125.22552,-3.63266,-13.09287,27.88346,-15.4293,BOC_EAG,MAI_BLA,HarringtonVillage,D1,ACC,20260421-HarringtonVillage-1,7dfb5ef0-3dca-11f1-be13-814f369a648e,84.67955,,,8.31029,,,,,,,653c48cf-856e-4521-b1b6-52cd1878b7ca,2026-04-21,21:38:52.51,2026-04-21T17:38:52.5101056-04:00,2026-04-21T21:38:52.5101056Z,,v3,227,471344,26593,"DeAndrade, Nolan",1000437002,Right,MAI_BLA,b09d7bfb-6807-499c-a691-b07f78365550,54.87796,-126.307,13.94173,6.47918,-3.03422,-7.71465,-0.88351,3.66773,-6.54643,,,,,,,,,,,,,,,,,,,,,,,,,,,,,,,,,,,,,,,,,,,,,,,,,,,High,High,High,,,,,,218.652372,-13.146692,1950.424,0.973791,1:15,0.21891,-0.602433,-0.767563,-35.415747,16.386022,-1.886185,153.401507,-5.587446,0.445608,-0.097365,-0.889918,6.243829,-26.462262,0.097365,-0.445608,0.889918,-6.243829,26.462262,-0.097365,0.445608,0.889918,-153.401507,5.587446,-0.445608,0.097365,-0.889918,,,
263,2026-04-21,17:39:09.98,4,3,"Martin, Tommy",1000396948,Right,MAI_BLA,"Johnson, Gunnar",1000100233,Right,BOC_EAG,Undefined,7,Bottom,2,1,1,Slider,Slider,StrikeSwinging,Undefined,Undefined,Undefined,0,0,,78.05266,-1.464505,-1.073596,2337.219231,163.53413,11:30,6.50168,0.66202,5.08117,-40.68675,5.90327,-1.3741,1.73009,-0.46461,72.94751,-8.799634,-1.316977,0.491267,,,,,,,,,,,,0.43654,3.66591,-0.55922,50,6.33067,2.17989,-113.41543,-4.31227,0.5776,17.66176,-27.32348,BOC_EAG,MAI_BLA,HarringtonVillage,D1,ACC,20260421-HarringtonVillage-1,8864c6b0-3dca-11f1-be13-814f369a648e,76.72489,,,5.10515,,,,,,,653c48cf-856e-4521-b1b6-52cd1878b7ca,2026-04-21,21:39:09.98,2026-04-21T17:39:09.9802624-04:00,2026-04-21T21:39:09.9802624Z,,v3,227,471344,26593,"DeAndrade, Nolan",1000437002,Right,MAI_BLA,208cbfb7-ca38-4b93-a95b-665ac9858c5c,55.41898,-114.25619,8.83088,6.50499,-3.01158,-13.66174,-0.66234,2.1524,0.2888,,,,,,,,,,,,,,,,,,,,,,,,,,,,,,,,,,,,,,,,,,,,,,,,,,,High,High,High,,,,,,172.519394,78.784346,454.594652,0.194502,11:45,-0.98467,0.000245,-0.174428,87.50509,-38.217469,39.36234,130.813444,-21.141294,0.705902,-0.360669,-0.609607,30.610342,-44.902429,0.360669,-0.705902,0.609607,-30.610342,44.902429,-0.360669,0.705902,0.609607,-130.813444,21.141294,-0.705902,0.360669,-0.609607,,,
264,2026-04-21,17:39:42.17,4,4,"Martin, Tommy",1000396948,Right,MAI_BLA,"Johnson, Gunnar",1000100233,Right,BOC_EAG,Undefined,7,Bottom,2,1,2,Slider,Slider,InPlay,Undefined,LineDrive,Single,0,0,,78.37673,-1.079721,-1.551135,2224.48345,151.830572,11:00,6.46184,0.84265,5.05276,-42.25483,5.39142,-1.96701,1.9218,-0.78453,71.15302,-8.774178,-1.899172,0.496805,84.01888,15.29927,-15.314647,1238.884562,104.10949,15.88802,-35.51355,184.50377,183.02892,-21.706598,1.92931,0.47906,3.505,-0.69332,50,6.32573,3.15378,-113.49193,-3.60273,0.61526,23.72963,-27.67237,BOC_EAG,MAI_BLA,HarringtonVillage,D1,ACC,20260421-HarringtonVillage-1,9b95cd10-3dca-11f1-be13-814f369a648e,75.86973,16.1976,,7.22371,,,,1.53065,1.92438,0.78257,653c48cf-856e-4521-b1b6-52cd1878b7ca,2026-04-21,21:39:42.17,2026-04-21T17:39:42.1747200-04:00,2026-04-21T21:39:42.1747200Z,LineDrive,v3,227,471344,26593,"DeAndrade, Nolan",1000437002,Right,MAI_BLA,f2c232ec-1eca-43d1-a47c-f33ef3a73eeb,55.44383,-114.62451,11.86482,6.46616,-2.28197,-13.83618,-0.84315,3.12442,0.30763,99.196987,1.53067,114.63669,-18.9716,3.57244,-0.36189,-0.19002,0.12482,-0.03392,0.00371,1.92437,32.51641,-19.81945,1.76035,-0.48784,0.24046,-0.10157,0.02599,-0.00283,0.78261,-31.39828,-4.94203,1.90596,0.0183,-0.43995,0.25744,-0.07043,0.00781,,,,,,,,,,,,,,,,,,,,,,,High,High,High,High,High,,,,180.740149,76.745629,510.017645,0.229275,12:00,-0.978982,-0.021303,-0.20283,77.602145,-38.95426,41.862101,128.252241,-26.043471,0.705555,-0.439053,-0.556259,38.283862,-44.874401,0.439053,-0.705555,0.556259,-38.283862,44.874401,-0.439053,0.705555,0.556259,-128.252241,26.043471,-0.705555,0.439053,-0.556259,70.42879,20.19139,-7.88653
265,2026-04-21,17:40:21.11,5,1,"Martin, Tommy",1000396948,Right,MAI_BLA,"Larson, Colin",831502,Left,BOC_EAG,Undefined,7,Bottom,2,0,0,Fastball,Sinker,BallCalled,Undefined,Undefined,Undefined,0,0,,87.35999,-1.710185,-1.329267,2041.777592,218.732361,1:15,6.569,0.45855,5.43884,-17.62052,20.0919,15.02729,3.49833,0.4659,78.87683,-5.064609,1.345062,0.441991,,,,,,,,,,,,-7.88733,10.9943,-0.35127,50,6.40589,2.25361,-126.55959,-4.29962,-12.63866,28.7304,-14.55673,BOC_EAG,MAI_BLA,HarringtonVillage,D1,ACC,20260421-HarringtonVillage-1,b2c466e0-3dca-11f1-be13-814f369a648e,85.2787,,,8.48316,,,,,,,653c48cf-856e-4521-b1b6-52cd1878b7ca,2026-04-21,21:40:21.11,2026-04-21T17:40:21.1142144-04:00,2026-04-21T21:40:21.1142144Z,,v3,227,471344,26593,"DeAndrade, Nolan",1000437002,Right,MAI_BLA,a365b79a-2c46-43db-8321-17920224cb3e,55.05557,-127.7021,14.3652,6.56536,-3.72075,-7.27837,-0.45089,2.7562,-6.31933,,,,,,,,,,,,,,,,,,,,,,,,,,,,,,,,,,,,,,,,,,,,,,,,,,,High,High,High,,,,,,212.834122,-9.189528,2015.572336,0.987165,1:00,0.156315,-0.530245,-0.83331,-35.69776,20.145335,3.880893,156.443899,-0.317896,0.399641,-0.005548,-0.916655,0.346794,-23.555717,0.005548,-0.399641,0.916655,-0.346794,23.555717,-0.005548,0.399641,0.916655,-156.443899,0.317896,-0.399641,0.005548,-0.916655,,,
266,2026-04-21,17:40:35.82,5,2,"Martin, Tommy",1000396948,Right,MAI_BLA,"Larson, Colin",831502,Left,BOC_EAG,Undefined,7,Bottom,2,1,0,Fastball,Four-Seam,FoulBallNotFieldable,Undefined,Undefined,Undefined,0,0,,87.62377,-2.947243,-1.207214,2051.424653,207.450952,1:00,6.6107,0.25139,5.44899,-15.4765,22.10434,10.76367,2.55871,0.01799,79.06145,-5.915476,0.708654,0.441219,70.60923,47.699772,-169.582023,3269.506351,,,,,47.94824,,,-5.828,12.4878,-0.15259,50,6.34033,2.20212,-126.85554,-6.97189,-9.35979,29.44442,-12.1186,BOC_EAG,MAI_BLA,HarringtonVillage,D1,ACC,20260421-HarringtonVillage-1,bb8d6510-3dca-11f1-be13-814f369a648e,85.42788,43.5104,,8.56232,,,,1.58308,2.68318,-0.02663,653c48cf-856e-4521-b1b6-52cd1878b7ca,2026-04-21,21:40:35.82,2026-04-21T17:40:35.8298624-04:00,2026-04-21T21:40:35.8298624Z,,v3,227,471344,26593,"DeAndrade, Nolan",1000437002,Right,MAI_BLA,a3e21060-242e-4cb0-a82d-6772f87c7004,55.04785,-128.02183,14.72221,6.60698,-6.49187,-6.0593,-0.24715,2.57286,-4.6799,358.053502,1.58308,-68.54875,1.92327,0.97916,-0.01447,-0.80219,1.10316,-0.56213,0.05435,2.68318,76.59556,-30.91663,4.06425,-0.3547,-0.97846,1.00711,-0.0372,-0.2691,-0.02663,-12.60349,-0.17021,0.72648,0.12594,-0.79739,0.92849,-0.31838,-0.05588,,,,,,,,,,,,,,,,,,,,,,,High,High,High,High,Undefined,,,,210.023599,-9.697644,2022.110608,0.98571,1:00,0.175561,-0.483893,-0.857336,-30.733396,26.708941,22.589634,158.612065,-2.612179,0.364302,-0.045575,-0.930165,2.80508,-21.36462,0.045575,-0.364302,0.930165,-2.80508,21.36462,-0.045575,0.364302,0.930165,-158.612065,2.612179,-0.364302,0.045575,-0.930165,74.45643,16.64117,22.0531
267,2026-04-21,17:40:57.46,5,3,"Martin, Tommy",1000396948,Right,MAI_BLA,"Larson, Colin",831502,Left,BOC_EAG,Undefined,7,Bottom,2,1,1,Fastball,Four-Seam,StrikeCalled,Undefined,Undefined,Undefined,0,0,,88.7323,-2.402977,-2.180913,2090.758585,205.579532,12:45,6.51927,0.30807,5.38149,-15.82674,20.22092,9.14886,2.9449,-0.97487,81.50525,-5.386456,-0.555761,0.432126,,,,,,,,,,,,-5.14425,11.10784,-0.11949,50,6.29315,4.48942,-128.68807,-5.89295,-8.68277,25.07716,-13.42562,BOC_EAG,MAI_BLA,HarringtonVillage,D1,ACC,20260421-HarringtonVillage-1,c8733e80-3dca-11f1-be13-814f369a648e,87.22567,,,7.22705,,,,,,,653c48cf-856e-4521-b1b6-52cd1878b7ca,2026-04-21,21:40:57.46,2026-04-21T17:40:57.4670848-04:00,2026-04-21T21:40:57.4670848Z,,v3,227,471344,26593,"DeAndrade, Nolan",1000437002,Right,MAI_BLA,0952abbd-c6c2-44a6-a3cc-6fd0c4bdb79c,55.11621,-129.68122,12.53858,6.516,-5.36125,-6.71281,-0.3041,4.83329,-4.34138,,,,,,,,,,,,,,,,,,,,,,,,,,,,,,,,,,,,,,,,,,,,,,,,,,,High,High,High,,,,,,212.898815,-6.554478,2077.092909,0.993464,1:00,0.10483,-0.534346,-0.83874,-37.758549,34.174116,15.071988,153.867338,0.445804,0.440438,0.007781,-0.897749,0.496562,26.131811,0.007781,0.440438,0.897749,-0.496562,-26.131811,-0.007781,-0.440438,0.897749,-153.867338,-0.445804,-0.440438,-0.007781,-0.897749,,,
268,2026-04-21,17:44:42.81,5,4,"Martin, Tommy",1000396948,Right,MAI_BLA,"Larson, Colin",831502,Left,BOC_EAG,Undefined,7,Bottom,2,1,2,ChangeUp,Changeup,BallCalled,Undefined,Undefined,Undefined,0,0,,73.23322,1.163221,-1.114666,1916.425573,252.629219,2:30,6.38629,0.97133,5.59599,-45.71569,6.13559,15.22749,3.66303,1.19946,68.24727,-7.196788,1.604829,0.518264,,,,,,,,,,,,-7.95611,3.29839,-0.88576,50,6.45617,1.52773,-106.51098,0.77511,-9.28808,15.50986,-28.32348,BOC_EAG,MAI_BLA,HarringtonVillage,D1,ACC,20260421-HarringtonVillage-1,4ecab940-3dcb-11f1-be13-814f369a648e,72.72824,,,4.98594,,,,,,,653c48cf-856e-4521-b1b6-52cd1878b7ca,2026-04-21,21:44:42.81,2026-04-21T17:44:42.8192768-04:00,2026-04-21T21:44:42.8192768Z,,v3,227,471344,26593,"DeAndrade, Nolan",1000437002,Right,MAI_BLA,3c13c7e1-0800-4fa4-a87d-3268d1477e3f,54.90438,-107.22277,7.75493,6.39077,2.07494,-14.16174,-0.96566,1.95399,-4.64404,,,,,,,,,,,,,,,,,,,,,,,,,,,,,,,,,,,,,,,,,,,,,,,,,,,High,High,High,,,,,,250.746094,-29.087838,1674.717229,0.873875,2:15,0.463607,-0.834696,-0.29724,94.914055,5.366418,-24.39528,163.418475,-52.339748,0.174361,-0.791648,-0.58557,53.510204,-10.041445,0.791648,-0.174361,0.58557,-53.510204,10.041445,-0.791648,0.174361,0.58557,-163.418475,52.339748,-0.174361,0.791648,-0.58557,,,
269,2026-04-21,17:44:59.56,5,5,"Martin, Tommy",1000396948,Right,MAI_BLA,"Larson, Colin",831502,Left,BOC_EAG,Undefined,7,Bottom,2,2,2,ChangeUp,Changeup,FoulBallNotFieldable,Undefined,Undefined,Undefined,0,0,,74.61066,-0.594814,-1.984632,1894.123435,254.261423,2:30,6.29741,0.6835,5.97142,-42.46195,6.87197,19.61958,2.20712,0.4778,69.61946,-8.397769,1.546693,0.505527,91.05616,-23.341062,55.401258,,,,,8.65035,5.55213,37.759547,0.052001,-10.68879,4.04516,-0.53779,50,6.22617,3.11074,-108.56297,-2.34451,-12.92821,16.60855,-27.28137,BOC_EAG,MAI_BLA,HarringtonVillage,D1,ACC,20260421-HarringtonVillage-1,58c44830-3dcb-11f1-be13-814f369a648e,74.56072,2.75781,,4.99121,,,,3.20991,2.75781,0.03633,653c48cf-856e-4521-b1b6-52cd1878b7ca,2026-04-21,21:44:59.56,2026-04-21T17:44:59.5650560-04:00,2026-04-21T21:44:59.5650560Z,GroundBall,v3,227,471344,26593,"DeAndrade, Nolan",1000437002,Right,MAI_BLA,d2458863-4b6e-4eba-9302-bc6703d4019d,54.53123,-109.25399,8.30428,6.3001,-1.20945,-13.64069,-0.67841,3.64863,-6.4641,180,3.20858,69.78626,,,,,,,,2.75883,-53.03392,,,,,,,,0.03439,101.1657,,,,,,,,,,,,,,,,,,,,,,,,,,,,,,High,High,High,Low,Low,,,,255.089034,-32.050243,1605.426975,0.847583,2:30,0.53126,-0.813489,-0.236638,-19.468764,53.718918,44.922032,173.025769,-52.816968,0.073384,-0.796709,-0.599891,53.021647,-4.208351,0.796709,-0.073384,0.599891,-53.021647,4.208351,-0.796709,0.073384,0.599891,-173.025769,52.816968,-0.073384,0.796709,-0.599891,77.74508,15.31357,24.18375
270,2026-04-21,17:45:24.71,5,6,"Martin, Tommy",1000396948,Right,MAI_BLA,"Larson, Colin",831502,Left,BOC_EAG,Undefined,7,Bottom,2,2,2,Fastball,Four-Seam,FoulBallNotFieldable,Undefined,Undefined,Undefined,0,0,,88.17809,-3.964651,-1.615149,1964.094917,198.941744,12:45,6.64551,0.26346,5.58361,-15.63961,21.28489,6.84327,1.6324,-0.67498,79.82062,-6.949916,-0.394248,0.43735,89.57413,-10.962457,63.019672,,,,,10.38958,7.89053,56.292005,0.068426,-3.98118,12.4182,-0.1293,50,6.2945,3.3008,-127.55572,-9.28881,-6.48069,29.16991,-11.95938,BOC_EAG,MAI_BLA,HarringtonVillage,D1,ACC,20260421-HarringtonVillage-1,67c53970-3dcb-11f1-be13-814f369a648e,86.18378,1.71179,,8.35747,,,,1.75646,1.71179,0.76739,653c48cf-856e-4521-b1b6-52cd1878b7ca,2026-04-21,21:45:24.71,2026-04-21T17:45:24.7127552-04:00,2026-04-21T21:45:24.7127552Z,GroundBall,v3,227,471344,26593,"DeAndrade, Nolan",1000437002,Right,MAI_BLA,7a6ffb27-f2e5-4525-8f6c-a3da6c36ece7,54.91333,-128.67441,14.58496,6.64194,-8.83015,-5.97969,-0.26066,3.54934,-3.24035,180,1.75559,58.59406,,,,,,,,1.71216,-25.01671,,,,,,,,0.76568,115.095,,,,,,,,,,,,,,,,,,,,,,,,,,,,,,High,High,High,Medium,Medium,,,,210.227232,-12.013097,1921.081337,0.9781,1:00,0.217766,-0.476836,-0.85159,-26.692073,22.855396,15.269353,155.695411,-7.138852,0.408397,-0.124274,-0.904305,7.824871,-24.104157,0.124274,-0.408397,0.904305,-7.824871,24.104157,-0.124274,0.408397,0.904305,-155.695411,7.138852,-0.408397,0.124274,-0.904305,81.37279,15.39711,26.08283
271,2026-04-21,17:45:45.58,5,7,"Martin, Tommy",1000396948,Right,MAI_BLA,"Larson, Colin",831502,Left,BOC_EAG,Undefined,7,Bottom,2,2,2,ChangeUp,Changeup,BallCalled,Undefined,Undefined,Undefined,0,0,,77.28685,-3.086379,-3.662705,2143.780208,228.506432,1:30,6.36293,0.73621,5.64083,-34.47675,13.26875,13.14044,0.60203,-1.5902,70.7675,-9.434583,-1.317075,0.497322,,,,,,,,,,,,-7.79012,8.12697,-0.43348,50,6.0782,6.66961,-111.81449,-7.08066,-9.80234,21.30674,-21.94787,BOC_EAG,MAI_BLA,HarringtonVillage,D1,ACC,20260421-HarringtonVillage-1,743ff500-3dcb-11f1-be13-814f369a648e,75.79082,,,6.51935,,,,,,,653c48cf-856e-4521-b1b6-52cd1878b7ca,2026-04-21,21:45:45.58,2026-04-21T17:45:45.5855616-04:00,2026-04-21T21:45:45.5855616Z,,v3,227,471344,26593,"DeAndrade, Nolan",1000437002,Right,MAI_BLA,b732da90-98bf-453e-8a82-c24cc1d14d2c,54.85745,-112.7363,10.65337,6.36399,-6.13111,-10.97394,-0.7312,7.09369,-4.90117,,,,,,,,,,,,,,,,,,,,,,,,,,,,,,,,,,,,,,,,,,,,,,,,,,,High,High,High,,,,,,245.569994,-31.770494,1822.564645,0.850164,2:15,0.543809,-0.744575,-0.387143,88.381718,18.107509,-25.196932,163.667439,-62.781071,0.128624,-0.889265,-0.438934,63.729435,-7.390092,0.889265,-0.128624,0.438934,-63.729435,7.390092,-0.889265,0.128624,0.438934,-163.667439,62.781071,-0.128624,0.889265,-0.438934,,,
272,2026-04-21,17:46:07.35,5,8,"Martin, Tommy",1000396948,Right,MAI_BLA,"Larson, Colin",831502,Left,BOC_EAG,Undefined,7,Bottom,2,3,2,Fastball,Four-Seam,BallCalled,Walk,Undefined,Undefined,0,0,,88.51413,-2.084857,-2.538469,2124.522767,207.915771,1:00,6.57729,0.19924,5.35491,-13.38595,23.90993,11.88623,3.50372,-1.19251,79.00025,-4.707367,-0.429252,0.439544,,,,,,,,,,,,-6.74008,13.03005,0.0207,50,6.38063,5.11142,-127.92985,-4.98769,-10.92432,31.80088,-11.05497,BOC_EAG,MAI_BLA,HarringtonVillage,D1,ACC,20260421-HarringtonVillage-1,812ea810-3dcb-11f1-be13-814f369a648e,85.7536,,,9.51389,,,,,,,653c48cf-856e-4521-b1b6-52cd1878b7ca,2026-04-21,21:46:07.35,2026-04-21T17:46:07.3585152-04:00,2026-04-21T21:46:07.3585152Z,,v3,227,471344,26593,"DeAndrade, Nolan",1000437002,Right,MAI_BLA,612b7212-43cf-46d6-842c-02259e93a837,55.13707,-129.20051,15.90044,6.5711,-4.54596,-5.52748,-0.19226,5.54793,-5.46216,,,,,,,,,,,,,,,,,,,,,,,,,,,,,,,,,,,,,,,,,,,,,,,,,,,High,High,High,,,,,,210.332811,-7.380778,2106.919642,0.991714,1:00,0.108544,-0.495833,-0.861608,-37.310382,27.371639,11.504678,156.21132,3.352809,0.402674,0.058484,-0.913473,3.663303,23.745456,0.058484,0.402674,0.913473,-3.663303,-23.745456,-0.058484,-0.402674,0.913473,-156.21132,-3.352809,-0.402674,-0.058484,-0.913473,,,
273,2026-04-21,17:46:43.95,6,1,"Martin, Tommy",1000396948,Right,MAI_BLA,"Solier, Julio",827632,Right,BOC_EAG,Undefined,7,Bottom,2,0,0,Slider,Slider,StrikeCalled,Undefined,Undefined,Undefined,0,0,,78.01505,-0.578815,-0.531906,2234.975255,108.952403,9:45,6.57708,0.63296,5.14937,-44.53475,2.35453,-2.83784,2.32089,-0.1043,72.25595,-8.638667,-1.035293,0.492843,,,,,,,,,,,,1.27673,1.75591,-0.58096,50,6.48864,1.16559,-113.31071,-2.69345,1.6704,19.4766,-29.87669,BOC_EAG,MAI_BLA,HarringtonVillage,D1,ACC,20260421-HarringtonVillage-1,9705a120-3dcb-11f1-be13-814f369a648e,76.47967,,,5.7591,,,,,,,653c48cf-856e-4521-b1b6-52cd1878b7ca,2026-04-21,21:46:43.95,2026-04-21T17:46:43.9537152-04:00,2026-04-21T21:46:43.9537152Z,,v3,227,471344,26593,"Wainwright, Eric",1000396945,Right,MAI_BLA,f7fbe5fa-788b-474a-bb72-9ad127d41740,55.34988,-114.22658,9.7383,6.58226,-1.28853,-14.93835,-0.63392,1.08704,0.8352,,,,,,,,,,,,,,,,,,,,,,,,,,,,,,,,,,,,,,,,,,,,,,,,,,,High,High,High,,,,,,155.797966,80.235855,379.035716,0.169593,11:15,-0.98756,0.059566,-0.145525,79.904161,-33.653037,50.945342,143.503139,-19.630533,0.560209,-0.335954,-0.757166,23.926792,-34.070277,0.335954,-0.560209,0.757166,-23.926792,34.070277,-0.335954,0.560209,0.757166,-143.503139,19.630533,-0.560209,0.335954,-0.757166,,,
274,2026-04-21,17:46:57.94,6,2,"Martin, Tommy",1000396948,Right,MAI_BLA,"Solier, Julio",827632,Right,BOC_EAG,Undefined,7,Bottom,2,0,1,Fastball,Four-Seam,StrikeSwinging,Undefined,Undefined,Undefined,0,0,,88.53122,-2.90902,-1.703555,2058.12178,206.23257,12:45,6.61749,0.15661,5.38198,-13.10627,23.6308,11.00335,2.7949,-0.52379,80.18277,-5.443074,0.251614,0.436238,,,,,,,,,,,,-5.99721,13.08146,-0.01208,50,6.34821,3.30879,-128.17278,-6.85707,-9.8942,28.53315,-10.59218,BOC_EAG,MAI_BLA,HarringtonVillage,D1,ACC,20260421-HarringtonVillage-1,9f4746e0-3dcb-11f1-be13-814f369a648e,86.40332,,,8.34845,,,,,,,653c48cf-856e-4521-b1b6-52cd1878b7ca,2026-04-21,21:46:57.94,2026-04-21T17:46:57.9476480-04:00,2026-04-21T21:46:57.9476480Z,,v3,227,471344,26593,"Wainwright, Eric",1000396945,Right,MAI_BLA,bc5bdad1-b898-4eef-858f-ffa60f9476f0,55.11346,-129.3061,14.26658,6.61221,-6.43635,-5.29609,-0.15131,3.70178,-4.9471,,,,,,,,,,,,,,,,,,,,,,,,,,,,,,,,,,,,,,,,,,,,,,,,,,,High,High,High,,,,,,208.394003,-13.323833,2002.723516,0.973083,1:00,0.228081,-0.45044,-0.863182,-23.947452,20.204468,19.036658,158.512874,-7.950827,0.362771,-0.138323,-0.921555,8.536231,-21.270473,0.138323,-0.362771,0.921555,-8.536231,21.270473,-0.138323,0.362771,0.921555,-158.512874,7.950827,-0.362771,0.138323,-0.921555,,,
275,2026-04-21,17:47:12.26,6,3,"Martin, Tommy",1000396948,Right,MAI_BLA,"Solier, Julio",827632,Right,BOC_EAG,Undefined,7,Bottom,2,0,2,ChangeUp,Changeup,FoulBallNotFieldable,Undefined,Undefined,Undefined,0,0,,73.58475,0.46077,-2.954094,1890.880693,263.167534,2:45,6.34511,0.51913,5.80359,-48.1527,4.08378,19.19603,2.76149,-0.631,67.1278,-8.42139,0.486096,0.520186,63.38399,50.527598,128.136767,5004.156559,,,,,40.56512,,,-10.71528,2.4515,-0.28816,50,6.35429,4.83109,-106.72318,-0.55705,-12.24494,19.94096,-29.3726,BOC_EAG,MAI_BLA,HarringtonVillage,D1,ACC,20260421-HarringtonVillage-1,a7da19e0-3dcb-11f1-be13-814f369a648e,72.45958,39.81125,,6.45694,,,,0.63467,2.78144,0.69378,653c48cf-856e-4521-b1b6-52cd1878b7ca,2026-04-21,21:47:12.26,2026-04-21T17:47:12.2608128-04:00,2026-04-21T21:47:12.2608128Z,,v3,227,471344,26593,"Wainwright, Eric",1000396945,Right,MAI_BLA,db03b2e1-8909-4753-a082-2eaaac6b7be7,54.69582,-107.597,9.97048,6.3505,0.73007,-14.6863,-0.51161,5.36767,-6.12247,,0.63467,-36.49493,-5.14147,2.64669,-0.77274,0.19647,-0.04474,0.00978,-0.00112,2.78144,71.76104,-29.08637,3.74169,-0.74074,0.12057,-0.02016,0.00301,-0.0001,0.69378,46.48225,-5.36101,0.28634,0.06688,-0.04646,0.01219,-0.00333,0.00043,,,,,,,,,,,,,,,,,,,,,,,High,High,High,High,Undefined,,,,250.015811,-27.180376,1682.076174,0.889573,2:15,0.433789,-0.839655,-0.326811,6.104616,42.140065,55.32661,166.209958,62.514842,0.11001,0.88713,-0.448216,63.195161,6.315879,0.88713,0.11001,0.448216,-63.195161,-6.315879,-0.88713,-0.11001,0.448216,-166.209958,-62.514842,-0.11001,-0.88713,-0.448216,72.04856,9.4231,2.23178
276,2026-04-21,17:47:32.43,6,4,"Martin, Tommy",1000396948,Right,MAI_BLA,"Solier, Julio",827632,Right,BOC_EAG,Undefined,7,Bottom,2,0,2,Fastball,Four-Seam,BallCalled,Undefined,Undefined,Undefined,0,0,,88.97758,-0.900864,-4.584142,2104.051954,205.897489,12:45,6.73024,0.10417,5.19745,-15.50091,20.93619,9.58977,4.58835,-3.41774,81.03632,-3.839569,-2.894174,0.434454,,,,,,,,,,,,-5.99339,10.99351,0.31416,50,6.6352,9.86631,-128.68185,-2.50219,-10.05957,26.45353,-13.72211,BOC_EAG,MAI_BLA,HarringtonVillage,D1,ACC,20260421-HarringtonVillage-1,b3d45ad0-3dcb-11f1-be13-814f369a648e,86.75826,,,7.94126,,,,,,,653c48cf-856e-4521-b1b6-52cd1878b7ca,2026-04-21,21:47:32.43,2026-04-21T17:47:32.4328448-04:00,2026-04-21T21:47:32.4328448Z,,v3,227,471344,26593,"Wainwright, Eric",1000396945,Right,MAI_BLA,f5a991d2-1ea4-445f-966f-40d9221169cc,55.29816,-129.76644,13.22677,6.72626,-1.93958,-6.86105,-0.09881,10.27875,-5.02979,,,,,,,,,,,,,,,,,,,,,,,,,,,,,,,,,,,,,,,,,,,,,,,,,,,High,High,High,,,,,,207.246278,1.738585,2103.083364,0.99954,1:00,-0.09409,-0.458026,-0.883945,-25.085875,38.461544,26.557111,161.092926,2.068386,0.323823,0.036092,-0.945429,2.186238,18.894289,0.036092,0.323823,0.945429,-2.186238,-18.894289,-0.036092,-0.323823,0.945429,-161.092926,-2.068386,-0.323823,-0.036092,-0.945429,,,
277,2026-04-21,17:47:49.70,6,5,"Martin, Tommy",1000396948,Right,MAI_BLA,"Solier, Julio",827632,Right,BOC_EAG,Undefined,7,Bottom,2,1,2,ChangeUp,Changeup,InPlay,Undefined,FlyBall,Out,1,0,,76.64443,0.111833,-2.903573,1849.635618,237.845399,2:00,6.37651,0.51695,5.79827,-36.94506,10.70583,14.68056,3.40191,-0.96263,70.41801,-6.729187,-0.275553,0.496829,96.22643,43.284447,1.398452,4238.959653,109.35555,106.27835,11.88875,262.5201,151.07057,10.745347,5.983472,-8.32304,5.86469,-0.28725,50,6.36351,5.11409,-111.26082,-0.87808,-10.45784,19.51537,-24.80511,BOC_EAG,MAI_BLA,HarringtonVillage,D1,ACC,20260421-HarringtonVillage-1,be2642f0-3dcb-11f1-be13-814f369a648e,75.86602,129.54817,,6.22642,,,,1.30368,3.31126,0.94247,653c48cf-856e-4521-b1b6-52cd1878b7ca,2026-04-21,21:47:49.70,2026-04-21T17:47:49.7076736-04:00,2026-04-21T21:47:49.7076736Z,FlyBall,v3,227,471344,26593,"Wainwright, Eric",1000396945,Right,MAI_BLA,858eca49-4191-42ac-8b5e-c9aeaadd3767,54.70133,-112.08241,9.75769,6.3785,0.1662,-12.40256,-0.51182,5.55436,-5.22892,193.489959,1.31088,102.56556,-31.07013,8.41119,-1.55438,0.16569,-0.00402,-0.00087,6E-05,3.30296,96.89977,-21.06163,0.82689,0.13758,-0.07284,0.01798,-0.00231,0.00011,0.94199,2.52337,5.21105,-2.13059,0.54886,-0.09175,0.00863,-0.00034,0,,,,,,,,,,,,,,,,,,,,,,,High,High,High,Medium,Low,,,,248.206329,-23.50926,1696.107759,0.916996,2:15,0.379479,-0.852232,-0.360134,25.565312,58.885572,66.334635,177.358109,69.144506,0.01641,0.934481,-0.355634,69.164769,0.940254,0.934481,0.01641,0.355634,-69.164769,-0.940254,-0.934481,-0.01641,0.355634,-177.358109,-69.144506,-0.01641,-0.934481,-0.355634,70.5982,12.92107,-7.98998
278,2026-04-21,17:51:19.29,1,1,"Gonzalez, Cesar",831498,Right,BOC_EAG,"Wainwright, Eric",1000396945,Right,MAI_BLA,Undefined,8,Top,0,0,0,Slider,Slider,BallCalled,Undefined,Undefined,Undefined,0,0,,80.04862,1.790611,-2.202368,2200.744936,118.646396,10:00,5.30708,1.71366,5.20739,-39.41486,5.82579,-7.85579,3.70824,-1.01317,72.57412,-5.441699,-3.591527,0.484101,,,,,,,,,,,,3.21563,2.84299,-1.50383,50,5.44365,4.78907,-115.90732,2.25775,4.33354,23.55794,-28.34269,BOC_EAG,MAI_BLA,HarringtonVillage,D1,ACC,20260421-HarringtonVillage-1,3b1a2d30-3dcc-11f1-be13-814f369a648e,77.86069,,,7.4745,,,,,,,653c48cf-856e-4521-b1b6-52cd1878b7ca,2026-04-21,21:51:19.29,2026-04-21T17:51:19.2973824-04:00,2026-04-21T21:51:19.2973824Z,,v3,227,471344,26593,"Johnson, Gunnar",1000100233,Right,BOC_EAG,84f7a022-1402-4ede-9be8-4e296ec52d66,55.28808,-116.97717,11.77897,5.31189,3.5449,-14.17134,-1.71685,4.59226,2.16677,,,,,,,,,,,,,,,,,,,,,,,,,,,,,,,,,,,,,,,,,,,,,,,,,,,High,High,High,,,,,,123.411496,77.028028,494.010871,0.224474,10:00,-0.972184,0.217735,-0.08631,-10.496812,33.955302,52.04616,114.683118,-70.367151,0.305292,-0.941865,-0.14031,81.526944,-17.775762,0.941865,-0.305292,0.14031,-81.526944,17.775762,-0.941865,0.305292,0.14031,-114.683118,70.367151,-0.305292,0.941865,-0.14031,,,
279,2026-04-21,17:51:33.63,1,2,"Gonzalez, Cesar",831498,Right,BOC_EAG,"Wainwright, Eric",1000396945,Right,MAI_BLA,Undefined,8,Top,0,1,0,Fastball,Four-Seam,StrikeSwinging,Undefined,Undefined,Undefined,0,0,,90.98895,-1.787876,-1.961346,1945.742512,203.216864,12:45,5.63965,1.48755,5.7065,-16.67513,17.25918,6.94768,2.58276,0.2384,83.31879,-4.939261,-0.719435,0.419267,,,,,,,,,,,,-4.05217,9.57501,-1.3275,50,5.47945,4.214,-132.05039,-4.64265,-7.17432,27.40537,-15.22158,BOC_EAG,MAI_BLA,HarringtonVillage,D1,ACC,20260421-HarringtonVillage-1,43990300-3dcc-11f1-be13-814f369a648e,89.90078,,,7.67016,,,,,,,653c48cf-856e-4521-b1b6-52cd1878b7ca,2026-04-21,21:51:33.63,2026-04-21T17:51:33.6337920-04:00,2026-04-21T21:51:33.6337920Z,,v3,227,471344,26593,"Johnson, Gunnar",1000100233,Right,BOC_EAG,e5b3de26-ae0c-476e-9127-cb64f7817e22,54.79106,-133.041,13.70268,5.63732,-4.09244,-7.61079,-1.48451,4.47333,-3.58716,,,,,,,,,,,,,,,,,,,,,,,,,,,,,,,,,,,,,,,,,,,,,,,,,,,High,High,High,,,,,,214.732365,11.220829,1908.548631,0.980884,1:15,-0.204546,-0.564652,-0.799581,-23.626351,3.623931,44.089608,150.625334,-5.277929,0.488439,-0.091987,-0.867736,6.051215,-29.23802,0.091987,-0.488439,0.867736,-6.051215,29.23802,-0.091987,0.488439,0.867736,-150.625334,5.277929,-0.488439,0.091987,-0.867736,,,
280,2026-04-21,17:51:45.45,1,3,"Gonzalez, Cesar",831498,Right,BOC_EAG,"Wainwright, Eric",1000396945,Right,MAI_BLA,Undefined,8,Top,0,1,1,Fastball,Four-Seam,StrikeCalled,Undefined,Undefined,Undefined,0,0,,92.07507,-2.003568,-2.807854,2095.979073,214.571561,1:15,5.62388,1.50907,5.64175,-15.97076,17.28032,11.18843,2.42095,-0.17994,84.29462,-5.022308,-0.811895,0.415025,,,,,,,,,,,,-6.42229,9.61745,-1.27773,50,5.44344,6.04533,-133.53685,-5.18176,-11.63229,27.9276,-14.75457,BOC_EAG,MAI_BLA,HarringtonVillage,D1,ACC,20260421-HarringtonVillage-1,4aa758e0-3dcc-11f1-be13-814f369a648e,90.81965,,,7.78044,,,,,,,653c48cf-856e-4521-b1b6-52cd1878b7ca,2026-04-21,21:51:45.45,2026-04-21T17:51:45.4551552-04:00,2026-04-21T21:51:45.4551552Z,,v3,227,471344,26593,"Johnson, Gunnar",1000100233,Right,BOC_EAG,55911f0a-8230-4fc2-8a93-44c3c2a7e593,54.85652,-134.5487,13.9638,5.6215,-4.64718,-7.37728,-1.50439,6.46679,-5.81615,,,,,,,,,,,,,,,,,,,,,,,,,,,,,,,,,,,,,,,,,,,,,,,,,,,High,High,High,,,,,,216.082578,9.614697,2066.537331,0.985953,1:15,-0.185475,-0.586162,-0.788678,-18.970039,7.955731,42.05835,155.397203,0.941635,0.416269,0.016434,-0.909093,1.035637,24.599255,0.016434,0.416269,0.909093,-1.035637,-24.599255,-0.016434,-0.416269,0.909093,-155.397203,-0.941635,-0.416269,-0.016434,-0.909093,,,
281,2026-04-21,17:51:56.27,1,4,"Gonzalez, Cesar",831498,Right,BOC_EAG,"Wainwright, Eric",1000396945,Right,MAI_BLA,Undefined,8,Top,0,1,2,Slider,Slider,BallCalled,Undefined,Undefined,Undefined,0,0,,82.97008,-1.06174,-2.373996,2258.915362,128.954283,10:15,5.54412,1.54414,5.40002,-31.83888,9.17886,-9.91772,1.89499,-1.50819,76.89946,-6.876981,-4.135433,0.460954,,,,,,,,,,,,4.39158,5.25855,-1.32534,50,5.42713,5.40407,-120.46172,-3.33216,6.51535,21.2815,-24.37248,BOC_EAG,MAI_BLA,HarringtonVillage,D1,ACC,20260421-HarringtonVillage-1,511d6660-3dcc-11f1-be13-814f369a648e,81.77058,,,6.07062,,,,,,,653c48cf-856e-4521-b1b6-52cd1878b7ca,2026-04-21,21:51:56.27,2026-04-21T17:51:56.2786304-04:00,2026-04-21T21:51:56.2786304Z,,v3,227,471344,26593,"Johnson, Gunnar",1000100233,Right,BOC_EAG,0f218022-1eee-46a8-91b0-0e46bb6e3658,55.09883,-121.35916,10.64075,5.54597,-2.30436,-12.18624,-1.54744,5.12932,3.25768,,,,,,,,,,,,,,,,,,,,,,,,,,,,,,,,,,,,,,,,,,,,,,,,,,,High,High,High,,,,,,112.355784,80.304157,380.441693,0.168418,9:45,-0.990238,0.137468,-0.023061,-3.217798,33.872197,63.653838,119.596217,-73.330856,0.249419,-0.957977,-0.141668,81.587921,-14.443153,0.957977,-0.249419,0.141668,-81.587921,14.443153,-0.957977,0.249419,0.141668,-119.596217,73.330856,-0.249419,0.957977,-0.141668,,,
282,2026-04-21,17:52:08.10,1,5,"Gonzalez, Cesar",831498,Right,BOC_EAG,"Wainwright, Eric",1000396945,Right,MAI_BLA,Undefined,8,Top,0,2,2,Fastball,Four-Seam,StrikeCalled,Strikeout,Undefined,Undefined,0,0,,92.44054,-3.378593,-1.223578,2075.957894,198.254653,12:30,5.81678,1.26068,5.70295,-14.058,19.08808,5.92776,1.49282,0.61438,84.20557,-6.060857,-0.163452,0.414369,,,,,,,,,,,,-3.3826,11.03701,-1.1619,50,5.52468,2.59839,-133.96962,-8.32678,-6.12009,30.15086,-12.20496,BOC_EAG,MAI_BLA,HarringtonVillage,D1,ACC,20260421-HarringtonVillage-1,58237ee0-3dcc-11f1-be13-814f369a648e,90.96344,,,8.23497,,,,,,,653c48cf-856e-4521-b1b6-52cd1878b7ca,2026-04-21,21:52:08.10,2026-04-21T17:52:08.1040000-04:00,2026-04-21T21:52:08.1040000Z,,v3,227,471344,26593,"Johnson, Gunnar",1000100233,Right,BOC_EAG,98ab20f1-ae8b-4ea7-8208-bcfffa2aa1dd,54.79517,-135.0445,15.07543,5.81377,-7.89167,-6.10248,-1.25842,2.81657,-3.06005,,,,,,,,,,,,,,,,,,,,,,,,,,,,,57.94839,2.999678,1.756416,1.243262,2.51276,1.60856,-0.61772,-5.03372,3.79072,3.4307,77.22072,4.72461,47.56674,-4.96016,73.26106,-5.78903,3.85133,19.44227,-15.09995,3.42894,36.54504,-0.83846,High,High,High,,,High,High,High,208.885717,8.676635,2052.199571,0.988555,1:00,-0.140908,-0.485596,-0.862752,-23.813249,-2.645605,45.484182,150.797763,-6.903559,0.484356,-0.120199,-0.866574,7.896846,-28.970317,0.120199,-0.484356,0.866574,-7.896846,28.970317,-0.120199,0.484356,0.866574,-150.797763,6.903559,-0.484356,0.120199,-0.866574,,,
283,2026-04-21,17:52:33.84,2,1,"Gonzalez, Cesar",831498,Right,BOC_EAG,"Bear, Chris",10289909,Right,MAI_BLA,Undefined,8,Top,1,0,0,Slider,Slider,StrikeCalled,Undefined,Undefined,Undefined,0,0,,80.61887,-0.051907,-2.205982,2144.860367,125.016698,10:15,5.38362,1.5806,5.31804,-38.25463,5.11729,-5.63268,2.14699,-0.96011,74.98749,-7.004993,-3.205467,0.473997,,,,,,,,,,,,2.31016,2.93894,-1.3765,50,5.35105,4.73755,-117.13653,-1.43093,3.25422,19.25056,-28.0341,BOC_EAG,MAI_BLA,HarringtonVillage,D1,ACC,20260421-HarringtonVillage-1,678b9660-3dcc-11f1-be13-814f369a648e,79.52041,,,5.63138,,,,,,,653c48cf-856e-4521-b1b6-52cd1878b7ca,2026-04-21,21:52:33.84,2026-04-21T17:52:33.8451456-04:00,2026-04-21T21:52:33.8451456Z,,v3,227,471344,26593,"Johnson, Gunnar",1000100233,Right,BOC_EAG,ace88c63-9a32-4939-8165-d596b8ed07fc,55.18218,-117.98511,9.62528,5.38689,-0.19516,-14.01705,-1.58217,4.5941,1.62711,,,,,,,,,,,,,,,,,,,,,,,,,,,,,,,,,,,,,,,,,,,,,,,,,,,High,High,High,,,,,,128.08539,78.027174,444.94646,0.207448,10:15,-0.982594,0.162394,-0.090206,3.362201,30.317537,72.06421,158.560143,-76.9758,0.082376,-0.974275,-0.209768,77.849327,-4.725123,0.974275,-0.082376,0.209768,-77.849327,4.725123,-0.974275,0.082376,0.209768,-158.560143,76.9758,-0.082376,0.974275,-0.209768,,,
284,2026-04-21,17:52:44.28,2,2,"Gonzalez, Cesar",831498,Right,BOC_EAG,"Bear, Chris",10289909,Right,MAI_BLA,Undefined,8,Top,1,0,1,Fastball,Four-Seam,StrikeCalled,Undefined,Undefined,Undefined,0,0,,92.38877,-3.576986,-2.285138,2177.8323,212.958443,1:00,5.68284,1.39198,5.8248,-12.05552,20.91863,12.85623,1.3459,0.33783,84.3251,-5.905299,0.017454,0.413293,,,,,,,,,,,,-7.23276,12.03607,-1.21296,50,5.383,4.78064,-133.8748,-8.69581,-13.10818,29.27281,-10.36068,BOC_EAG,MAI_BLA,HarringtonVillage,D1,ACC,20260421-HarringtonVillage-1,6db69120-3dcc-11f1-be13-814f369a648e,91.20022,,,8.06367,,,,,,,653c48cf-856e-4521-b1b6-52cd1878b7ca,2026-04-21,21:52:44.28,2026-04-21T17:52:44.2834432-04:00,2026-04-21T21:52:44.2834432Z,,v3,227,471344,26593,"Johnson, Gunnar",1000100233,Right,BOC_EAG,1f608ac6-726b-4add-81a5-6240743e584c,54.67418,-134.89298,14.63641,5.6792,-8.33544,-5.18034,-1.38717,5.23657,-6.55409,,,,,,,,,,,,,,,,,,,,,,,,,,,,,,,,,,,,,,,,,,,,,,,,,,,High,High,High,,,,,,212.080283,13.094613,2121.202719,0.973997,1:00,-0.226596,-0.530424,-0.816887,-22.116636,9.804107,41.672774,157.836847,-6.249373,0.375004,-0.108856,-0.92061,6.743533,-22.02453,0.108856,-0.375004,0.92061,-6.743533,22.02453,-0.108856,0.375004,0.92061,-157.836847,6.249373,-0.375004,0.108856,-0.92061,,,
285,2026-04-21,17:52:56.16,2,3,"Gonzalez, Cesar",831498,Right,BOC_EAG,"Bear, Chris",10289909,Right,MAI_BLA,Undefined,8,Top,1,0,2,Fastball,Four-Seam,StrikeSwinging,Strikeout,Undefined,Undefined,0,0,,92.85589,-0.996568,-2.676989,2200.023307,211.404341,1:00,5.79172,1.26232,5.9599,-14.76111,17.32855,10.00485,3.63641,-0.3881,85.39135,-3.805972,-0.881628,0.407713,,,,,,,,,,,,-5.80429,9.4356,-1.05525,50,5.70415,5.87106,-134.88148,-2.78444,-10.78471,26.97841,-14.64223,BOC_EAG,MAI_BLA,HarringtonVillage,D1,ACC,20260421-HarringtonVillage-1,74c61f80-3dcc-11f1-be13-814f369a648e,92.44855,,,7.46455,,,,,,,653c48cf-856e-4521-b1b6-52cd1878b7ca,2026-04-21,21:52:56.16,2026-04-21T17:52:56.1610000-04:00,2026-04-21T21:52:56.1610000Z,,v3,227,471344,26593,"Johnson, Gunnar",1000100233,Right,BOC_EAG,5ed03e60-1d43-4632-ba5d-33e76b84cbf4,54.53895,-135.78631,13.4892,5.78931,-2.29335,-7.32112,-1.25822,6.23277,-5.39236,,,,,,,,,,,,,,,,,,,,,,,,,,,,,63.186,,,1.094141,,,,-1.14192,5.32505,4.03228,77.29518,6.06942,47.49206,-1.0515,80.43023,-8.08477,5.38103,16.87979,-14.8647,4.02269,40.59779,-0.79181,High,High,High,,,High,High,High,207.770737,13.809617,2136.429936,0.971094,1:00,-0.27067,-0.45655,-0.847526,-30.066286,-3.336606,24.790112,150.568914,-8.677556,0.485752,-0.150874,-0.860978,9.93932,-29.061728,0.150874,-0.485752,0.860978,-9.93932,29.061728,-0.150874,0.485752,0.860978,-150.568914,8.677556,-0.485752,0.150874,-0.860978,,,
286,2026-04-21,17:53:20.98,3,1,"Gonzalez, Cesar",831498,Right,BOC_EAG,"Pepe, Nic",1000115861,Left,MAI_BLA,Undefined,8,Top,2,0,0,Fastball,Four-Seam,BallCalled,Undefined,Undefined,Undefined,0,0,,92.05494,-3.657977,-2.137485,2052.754239,217.367002,1:15,5.7873,1.22628,5.83058,-15.79548,17.3769,12.44532,1.06375,0.27557,84.22626,-6.646022,0.092999,0.414533,,,,,,,,,,,,-6.98792,10.24193,-1.05932,50,5.47897,4.44171,-133.4093,-9.01786,-12.58915,28.80058,-13.72259,BOC_EAG,MAI_BLA,HarringtonVillage,D1,ACC,20260421-HarringtonVillage-1,839ccc70-3dcc-11f1-be13-814f369a648e,90.92739,,,7.82868,,,,,,,653c48cf-856e-4521-b1b6-52cd1878b7ca,2026-04-21,21:53:20.98,2026-04-21T17:53:20.9893888-04:00,2026-04-21T21:53:20.9893888Z,,v3,227,471344,26593,"Johnson, Gunnar",1000100233,Right,BOC_EAG,0e849cda-1e0b-437c-8760-d02dd739d93c,54.66868,-134.4134,14.40029,5.78503,-8.53943,-6.86129,-1.22182,4.88062,-6.29457,,,,,,,,,,,,,,,,,,,,,,,,,,,,,,,,,,,,,,,,,,,,,,,,,,,High,High,High,,,,,,209.895673,9.587792,2024.080442,0.986032,1:00,-0.166653,-0.501085,-0.8492,-19.359665,2.342534,51.55178,152.336331,-6.699017,0.461111,-0.116654,-0.879641,7.554205,-27.458803,0.116654,-0.461111,0.879641,-7.554205,27.458803,-0.116654,0.461111,0.879641,-152.336331,6.699017,-0.461111,0.116654,-0.879641,,,
287,2026-04-21,17:53:34.27,3,2,"Gonzalez, Cesar",831498,Right,BOC_EAG,"Pepe, Nic",1000115861,Left,MAI_BLA,Undefined,8,Top,2,1,0,Fastball,Four-Seam,InPlay,Undefined,GroundBall,Out,1,0,,91.82518,-2.16264,-1.780403,2145.003872,215.790702,1:15,5.71595,1.37309,5.69834,-14.36509,19.24851,13.05174,2.50166,0.80112,83.37101,-4.916625,0.55289,0.417281,77.19615,-31.569904,18.425715,,,,,5.13211,5.13211,5.339733,0.041863,-7.17229,10.76823,-1.23198,50,5.52562,3.55726,-133.15656,-5.44901,-12.79204,30.36031,-12.96852,BOC_EAG,MAI_BLA,HarringtonVillage,D1,ACC,20260421-HarringtonVillage-1,8b84e080-3dcc-11f1-be13-814f369a648e,90.32861,2.48878,,8.45418,,,,1.26726,2.48878,-0.80257,653c48cf-856e-4521-b1b6-52cd1878b7ca,2026-04-21,21:53:34.27,2026-04-21T17:53:34.2787584-04:00,2026-04-21T21:53:34.2787584Z,GroundBall,v3,227,471344,26593,"Johnson, Gunnar",1000100233,Right,BOC_EAG,c18f6023-ba3c-464d-ad26-77fb9f020a5b,54.79956,-134.24642,15.18015,5.71287,-4.98347,-6.48426,-1.36792,4.01646,-6.39602,,1.26543,91.79023,,,,,,,,2.48996,-59.45109,,,,,,,,-0.80318,30.58031,,,,,,,,,,,,,,,,,,,,,,,,,,,,,,High,High,High,Estimated,Estimated,,,,212.507985,8.177799,2123.192233,0.989831,1:00,-0.147946,-0.536941,-0.830546,-10.475623,6.197693,55.357255,154.33754,1.197311,0.432974,0.020895,-0.901164,1.328292,25.65645,0.020895,0.432974,0.901164,-1.328292,-25.65645,-0.020895,-0.432974,0.901164,-154.33754,-1.197311,-0.432974,-0.020895,-0.901164,66.13775,12.41231,-6.2308
288,2026-04-21,17:56:10.30,1,1,"Wheeler, Owen",1000305143,Right,MAI_BLA,"Mainolfi, Ty",839397,Left,BOC_EAG,Undefined,8,Bottom,0,0,0,Fastball,Sinker,InPlay,Undefined,LineDrive,Double,0,0,,91.22199,-1.781233,-2.79843,1862.077248,225.218161,1:30,6.07804,1.45008,5.77095,-18.1308,15.80332,14.77757,2.90703,0.07529,82.96934,-5.210475,-0.154964,0.419266,94.52702,19.879736,-28.924199,3636.231998,91.76617,36.84501,-60.65445,325.24831,284.29593,-41.908361,3.901755,-8.36154,8.91386,-1.22775,50,5.91979,5.81823,-132.26591,-4.69148,-14.74099,29.4795,-16.45927,BOC_EAG,MAI_BLA,HarringtonVillage,D1,ACC,20260421-HarringtonVillage-1,e87a7c00-3dcc-11f1-be13-814f369a648e,89.90103,45.8199,,8.25266,,,,0.38565,2.79041,-0.04806,653c48cf-856e-4521-b1b6-52cd1878b7ca,2026-04-21,21:56:10.30,2026-04-21T17:56:10.3000576-04:00,2026-04-21T21:56:10.3000576Z,LineDrive,v3,227,471344,26593,"Wainwright, Eric",1000396945,Right,MAI_BLA,2c8349ac-a515-424c-891a-d58c53084cfd,54.72746,-133.31541,14.73975,6.07638,-4.10551,-8.22964,-1.44423,6.34302,-7.3705,137.333417,0.38541,114.12138,-27.85791,7.16769,-1.66633,0.36702,-0.07144,0.00964,-0.00059,2.79101,47.12748,-12.26564,-1.19792,0.82194,-0.30111,0.07423,-0.01001,0.00054,-0.04792,-63.06177,1.39142,0.85448,-0.43097,0.11542,-0.01972,0.00189,-8E-05,,,,,,,,,,,,,,,,,,,,,,,High,High,High,High,Medium,,,,219.19527,3.0822,1859.38361,0.998553,1:15,-0.071869,-0.632418,-0.771287,-24.856705,28.488177,62.725319,170.909981,-11.497763,0.154816,-0.19933,-0.967626,11.64003,-8.906106,0.19933,-0.154816,0.967626,-11.64003,8.906106,-0.19933,0.154816,0.967626,-170.909981,11.497763,-0.154816,0.19933,-0.967626,,,
289,2026-04-21,17:56:57.14,2,1,"Wheeler, Owen",1000305143,Right,MAI_BLA,"Wang, Nick",813482,Right,BOC_EAG,Undefined,8,Bottom,0,0,0,Curveball,Curveball,BallCalled,Undefined,Undefined,Undefined,0,0,,75.95746,0.654701,-0.02033,2075.889048,348.548075,5:30,5.79264,1.75392,5.56188,-57.80161,-8.63808,2.06748,1.58752,1.90722,69.8648,-9.859564,0.349642,0.504653,,,,,,,,,,,,-1.05051,-4.06705,-1.75355,50,5.81113,-0.03858,-110.33543,-0.643,-1.28803,20.61754,-37.16067,BOC_EAG,MAI_BLA,HarringtonVillage,D1,ACC,20260421-HarringtonVillage-1,04796290-3dcd-11f1-be13-814f369a648e,74.68982,,,6.09266,,,,,,,653c48cf-856e-4521-b1b6-52cd1878b7ca,2026-04-21,21:56:57.14,2026-04-21T17:56:57.1454464-04:00,2026-04-21T21:56:57.1454464Z,,v3,227,471344,26593,"Wainwright, Eric",1000396945,Right,MAI_BLA,74531ed2-2249-418c-ad42-48db4629ecfc,54.93896,-111.25451,10.30877,5.80287,1.01353,-18.58034,-1.75311,0.01884,-0.64402,,,,,,,,,,,,,,,,,,,,,,,,,,,,,,,,,,,,,,,,,,,,,,,,,,,High,High,High,,,,,,22.923761,64.325149,899.407007,0.433264,6:45,-0.899138,0.179046,0.399365,-61.316444,-28.400999,29.712922,160.130528,24.756779,0.308642,0.418767,-0.854034,26.120563,17.977381,0.418767,0.308642,0.854034,-26.120563,-17.977381,-0.418767,-0.308642,0.854034,-160.130528,-24.756779,-0.308642,-0.418767,-0.854034,,,
290,2026-04-21,17:57:30.77,2,2,"Wheeler, Owen",1000305143,Right,MAI_BLA,"Wang, Nick",813482,Right,BOC_EAG,Undefined,8,Bottom,0,1,0,Fastball,Four-Seam,StrikeCalled,Undefined,Undefined,Undefined,0,0,,88.95782,-3.324571,-3.183806,1964.153918,212.661035,1:00,6.13117,1.51486,6.01814,-14.7282,20.69123,12.49442,1.81613,-0.39605,81.03843,-6.157368,-0.940282,0.428344,,,,,,,,,,,,-7.30567,11.9332,-1.27176,50,5.86189,6.63933,-128.82121,-7.87335,-12.23615,27.58134,-12.18729,BOC_EAG,MAI_BLA,HarringtonVillage,D1,ACC,20260421-HarringtonVillage-1,18731020-3dcd-11f1-be13-814f369a648e,87.9958,,,7.91939,,,,,,,653c48cf-856e-4521-b1b6-52cd1878b7ca,2026-04-21,21:57:30.77,2026-04-21T17:57:30.7741184-04:00,2026-04-21T21:57:30.7741184Z,,v3,227,471344,26593,"Wainwright, Eric",1000396945,Right,MAI_BLA,767a335c-8553-4930-83a6-ea2cb2dd6330,54.47896,-129.77664,13.79067,6.12731,-7.45118,-6.09365,-1.50909,7.06319,-6.11807,,,,,,,,,,,,,,,,,,,,,,,,,,,,,,,,,,,,,,,,,,,,,,,,,,,High,High,High,,,,,,216.760892,-8.48557,1942.65244,0.989053,1:15,0.137351,-0.582372,-0.801235,-24.475541,25.705737,64.817737,175.700168,-2.583225,0.0749,-0.045071,-0.996172,2.590506,-4.295455,0.045071,-0.0749,0.996172,-2.590506,4.295455,-0.045071,0.0749,0.996172,-175.700168,2.583225,-0.0749,0.045071,-0.996172,,,
291,2026-04-21,17:57:49.06,2,3,"Wheeler, Owen",1000305143,Right,MAI_BLA,"Wang, Nick",813482,Right,BOC_EAG,Undefined,8,Bottom,0,1,1,Fastball,Four-Seam,BallCalled,Undefined,Undefined,Undefined,0,0,,89.17202,-2.110194,-3.585733,1955.49468,214.846932,1:15,6.13924,1.3607,6.09613,-15.60828,19.84241,12.91233,2.88209,-0.8841,80.36786,-5.134035,-1.265349,0.428532,,,,,,,,,,,,-7.74079,11.24241,-1.09073,50,5.96808,7.53983,-129.08604,-5.161,-12.88382,30.27627,-13.46211,BOC_EAG,MAI_BLA,HarringtonVillage,D1,ACC,20260421-HarringtonVillage-1,235ec740-3dcd-11f1-be13-814f369a648e,87.95702,,,8.80416,,,,,,,653c48cf-856e-4521-b1b6-52cd1878b7ca,2026-04-21,21:57:49.06,2026-04-21T17:57:49.0695168-04:00,2026-04-21T21:57:49.0695168Z,,v3,227,471344,26593,"Wainwright, Eric",1000396945,Right,MAI_BLA,39598f2a-10b8-415f-b179-e67f873d9108,54.39921,-130.11375,15.13814,6.13552,-4.70404,-6.73105,-1.35408,7.97717,-6.44191,,,,,,,,,,,,,,,,,,,,,,,,,,,,,,,,,,,,,,,,,,,,,,,,,,,High,High,High,,,,,,212.698303,4.741286,1948.803143,0.996578,1:00,-0.115105,-0.541045,-0.833079,-16.278469,23.753335,49.591501,173.7148,-0.915621,0.109464,-0.01598,-0.993862,0.921157,-6.284394,0.01598,-0.109464,0.993862,-0.921157,6.284394,-0.01598,0.109464,0.993862,-173.7148,0.915621,-0.109464,0.01598,-0.993862,,,
292,2026-04-21,17:58:08.31,2,4,"Wheeler, Owen",1000305143,Right,MAI_BLA,"Wang, Nick",813482,Right,BOC_EAG,Undefined,8,Bottom,0,2,1,Fastball,Four-Seam,InPlay,Undefined,FlyBall,Sacrifice,1,1,,87.97561,-3.030781,-2.697768,1886.126932,211.398117,1:00,6.16378,1.46686,6.11173,-15.96721,20.19178,11.55816,2.02507,-0.06627,79.92095,-6.101315,-0.617175,0.432792,102.32652,36.108615,-4.276685,3954.176607,109.98636,82.61535,-1.70002,332.08255,306.56015,5.062954,6.0134,-6.79252,11.71434,-1.26581,50,5.92251,5.54109,-127.48332,-7.17318,-11.09298,28.07703,-13.0432,BOC_EAG,MAI_BLA,HarringtonVillage,D1,ACC,20260421-HarringtonVillage-1,2ed77c20-3dcd-11f1-be13-814f369a648e,87.09131,121.7432,,8.05466,,,,1.25199,2.08527,0.05238,653c48cf-856e-4521-b1b6-52cd1878b7ca,2026-04-21,21:58:08.31,2026-04-21T17:58:08.3192832-04:00,2026-04-21T21:58:08.3192832Z,FlyBall,v3,227,471344,26593,"Wainwright, Eric",1000396945,Right,MAI_BLA,e7c43848-49fd-413c-9441-7a493be7cea6,54.38623,-128.44571,14.03852,6.16072,-6.7261,-6.5216,-1.46226,5.92132,-5.54649,197.001653,1.26042,120.75882,-31.72223,7.98781,-1.41412,0.15056,-0.00565,-0.00037,3E-05,2.07869,88.54932,-17.08624,-0.35302,0.46272,-0.14661,0.02893,-0.00316,0.00014,0.04982,-8.99063,9.22962,-3.13048,0.71635,-0.1073,0.00912,-0.00034,0,,,,,,,,,,,,,,,,,,,,,,,High,High,High,High,Low,,,,214.560389,2.247349,1884.676221,0.999231,1:15,-0.04791,-0.568119,-0.821551,-19.366197,24.607241,58.914782,172.91959,-4.642425,0.122858,-0.080937,-0.989118,4.677942,-7.057062,0.080937,-0.122858,0.989118,-4.677942,7.057062,-0.080937,0.122858,0.989118,-172.91959,4.642425,-0.122858,0.080937,-0.989118,64.43108,20.74402,-15.72906
293,2026-04-21,18:01:58.11,3,1,"Wheeler, Owen",1000305143,Right,MAI_BLA,"Toomey, Jack",809057,Right,BOC_EAG,Undefined,8,Bottom,1,0,0,Fastball,Changeup,StrikeSwinging,Undefined,Undefined,Undefined,0,0,,89.07696,-1.668653,-2.721553,1756.115567,220.883425,1:15,6.14755,1.51668,6.1205,-16.40044,18.64442,15.14021,3.23602,0.26042,81.13972,-4.814009,0.004372,0.426072,,,,,,,,,,,,-8.54733,10.42871,-1.31566,50,6.0109,5.51192,-129.24647,-4.20971,-14.41781,27.63657,-14.58269,BOC_EAG,MAI_BLA,HarringtonVillage,D1,ACC,20260421-HarringtonVillage-1,b7c7f140-3dcd-11f1-be13-814f369a648e,88.46486,,,7.93724,,,,,,,653c48cf-856e-4521-b1b6-52cd1878b7ca,2026-04-21,22:01:58.11,2026-04-21T18:01:58.1109760-04:00,2026-04-21T22:01:58.1109760Z,,v3,227,471344,26593,"Wainwright, Eric",1000396945,Right,MAI_BLA,6ca37d07-2dd4-47af-a516-bae296e08cee,54.37694,-130.17902,13.81829,6.14465,-3.71764,-7.29135,-1.50985,5.99842,-7.2089,,,,,,,,,,,,,,,,,,,,,,,,,,,,,,,,,,,,,,,,,,,,,,,,,,,High,High,High,,,,,,219.745235,-5.183705,1748.933292,0.99591,1:15,0.072371,-0.633859,-0.770055,-28.524922,20.102572,50.9462,171.089606,-1.06808,0.154863,-0.01864,-0.98776,1.081124,-8.908834,0.01864,-0.154863,0.98776,-1.081124,8.908834,-0.01864,0.154863,0.98776,-171.089606,1.06808,-0.154863,0.01864,-0.98776,,,
294,2026-04-21,18:02:16.25,3,2,"Wheeler, Owen",1000305143,Right,MAI_BLA,"Toomey, Jack",809057,Right,BOC_EAG,Undefined,8,Bottom,1,0,1,Fastball,Four-Seam,BallCalled,Undefined,Undefined,Undefined,0,0,,90.5823,-2.59716,-3.856568,1954.528514,214.898856,1:15,6.16391,1.23129,6.04574,-14.40469,19.22454,12.72839,2.55198,-1.28379,83.61948,-5.341382,-1.572614,0.417378,,,,,,,,,,,,-7.46953,10.8289,-0.93722,50,5.95308,8.32145,-131.37385,-6.36843,-13.21493,24.62248,-13.01585,BOC_EAG,MAI_BLA,HarringtonVillage,D1,ACC,20260421-HarringtonVillage-1,c2a06e80-3dcd-11f1-be13-814f369a648e,90.3076,,,6.96282,,,,,,,653c48cf-856e-4521-b1b6-52cd1878b7ca,2026-04-21,22:02:16.25,2026-04-21T18:02:16.2578944-04:00,2026-04-21T22:02:16.2578944Z,,v3,227,471344,26593,"Wainwright, Eric",1000396945,Right,MAI_BLA,267d2b14-5027-4002-8916-946b1b178cdf,54.45353,-132.20591,12.31124,6.16085,-5.92859,-6.50792,-1.22597,8.76802,-6.60746,,,,,,,,,,,,,,,,,,,,,,,,,,,,,,,,,,,,,,,,,,,,,,,,,,,High,High,High,,,,,,217.011612,-8.492536,1933.097324,0.989035,1:15,0.120994,-0.588073,-0.799707,-22.956374,23.17043,58.955181,174.744713,1.139126,0.091575,0.01988,-0.9956,1.143933,5.254245,0.01988,0.091575,0.9956,-1.143933,-5.254245,-0.01988,-0.091575,0.9956,-174.744713,-1.139126,-0.091575,-0.01988,-0.9956,,,
295,2026-04-21,18:02:32.99,3,3,"Wheeler, Owen",1000305143,Right,MAI_BLA,"Toomey, Jack",809057,Right,BOC_EAG,Undefined,8,Bottom,1,1,1,ChangeUp,Changeup,BallCalled,Undefined,Undefined,Undefined,0,0,,80.41396,-1.458033,-5.607611,1728.737639,239.182281,2:00,5.70755,1.69188,6.36491,-29.6058,12.68981,19.19336,1.89195,-1.88546,74.36679,-6.988878,-2.15228,0.468079,,,,,,,,,,,,-11.30894,7.37,-1.29335,50,5.5877,10.74626,-116.47851,-3.79804,-15.72448,19.39892,-21.92646,BOC_EAG,MAI_BLA,HarringtonVillage,D1,ACC,20260421-HarringtonVillage-1,cca37350-3dcd-11f1-be13-814f369a648e,80.52581,,,6.04717,,,,,,,653c48cf-856e-4521-b1b6-52cd1878b7ca,2026-04-21,22:02:32.99,2026-04-21T18:02:32.9997824-04:00,2026-04-21T22:02:32.9997824Z,,v3,227,471344,26593,"Wainwright, Eric",1000396945,Right,MAI_BLA,475fc865-bd2f-4f67-82ae-87afa66532f3,54.13487,-117.16513,9.69946,5.70839,-3.02197,-10.96323,-1.68356,11.30282,-7.86224,,,,,,,,,,,,,,,,,,,,,,,,,,,,,,,,,,,,,,,,,,,,,,,,,,,High,High,High,,,,,,243.354741,-10.861479,1697.768383,0.982086,2:00,0.166664,-0.87271,-0.458913,-53.537483,-19.098176,-12.569981,169.451611,-2.476018,0.182895,-0.043201,-0.982183,2.518526,-10.538428,0.043201,-0.182895,0.982183,-2.518526,10.538428,-0.043201,0.182895,0.982183,-169.451611,2.476018,-0.182895,0.043201,-0.982183,,,
296,2026-04-21,18:02:51.41,3,4,"Wheeler, Owen",1000305143,Right,MAI_BLA,"Toomey, Jack",809057,Right,BOC_EAG,Undefined,8,Bottom,1,2,1,Fastball,Sinker,InPlay,Undefined,GroundBall,Out,1,0,,89.3941,-3.382305,-2.457531,1940.240944,218.759552,1:15,6.14927,1.47299,6.00344,-15.91123,18.82383,14.25359,1.68299,0.38241,82.23886,-6.400364,0.104379,0.424185,86.42426,-21.376681,-44.285414,,,,,5.5507,3.00775,-35.701414,0.036103,-8.01485,10.91784,-1.28769,50,5.87415,4.98473,-129.67706,-8.12514,-13.72529,25.67541,-13.47746,BOC_EAG,MAI_BLA,HarringtonVillage,D1,ACC,20260421-HarringtonVillage-1,d79481a0-3dcd-11f1-be13-814f369a648e,88.85845,1.67061,,7.15524,,,,1.45221,1.67061,-0.25911,653c48cf-856e-4521-b1b6-52cd1878b7ca,2026-04-21,22:02:51.41,2026-04-21T18:02:51.4180608-04:00,2026-04-21T22:02:51.4180608Z,GroundBall,v3,227,471344,26593,"Wainwright, Eric",1000396945,Right,MAI_BLA,afdd662d-3649-4ba2-b4bb-346db2178289,54.49667,-130.56434,12.83771,6.14688,-7.6594,-6.73873,-1.46815,5.45905,-6.86265,,1.45146,84.628,,,,,,,,1.67102,-46.27321,,,,,,,,-0.25838,-82.54295,,,,,,,,,,,,,,,,,,,,,,,,,,,,,,High,High,High,Low,Low,,,,216.237336,-10.422549,1908.22765,0.9835,1:15,0.180679,-0.569692,-0.801752,-20.931371,21.902037,71.67193,171.368409,-0.125543,0.15008,-0.002191,-0.988671,0.126981,-8.63157,0.002191,-0.15008,0.988671,-0.126981,8.63157,-0.002191,0.15008,0.988671,-171.368409,0.125543,-0.15008,0.002191,-0.988671,75.08472,3.10035,-0.50273
297,2026-04-21,18:06:30.37,4,1,"Wheeler, Owen",1000305143,Right,MAI_BLA,"Hendrickson, Carter",830138,Right,BOC_EAG,Undefined,8,Bottom,2,0,0,Fastball,Four-Seam,StrikeCalled,Undefined,Undefined,Undefined,0,0,,89.49386,-2.262151,-1.717098,1961.129958,204.86097,12:45,6.12303,1.45095,5.99558,-14.77473,20.28115,8.83453,2.79351,0.59551,81.15396,-5.114704,-0.129047,0.42614,,,,,,,,,,,,-5.01229,11.42024,-1.32031,50,5.93647,3.50855,-129.76633,-5.50678,-8.47928,29.15515,-12.8544,BOC_EAG,MAI_BLA,HarringtonVillage,D1,ACC,20260421-HarringtonVillage-1,5a161530-3dce-11f1-be13-814f369a648e,88.45092,,,8.3399,,,,,,,653c48cf-856e-4521-b1b6-52cd1878b7ca,2026-04-21,22:06:30.37,2026-04-21T18:06:30.3724544-04:00,2026-04-21T22:06:30.3724544Z,,v3,227,471344,26593,"Wainwright, Eric",1000396945,Right,MAI_BLA,08de2934-bedb-4184-a5ef-bc9f8b884fec,54.49973,-130.77339,14.57758,6.11902,-5.06277,-6.4272,-1.44656,3.80143,-4.23964,,,,,,,,,,,,,,,,,,,,,,,,,,,,,,,,,,,,,,,,,,,,,,,,,,,High,High,High,,,,,,218.507431,-13.401262,1907.729909,0.972771,1:15,0.232571,-0.596042,-0.768534,-33.768166,14.792059,47.103392,175.822491,1.481439,0.072822,0.025853,-0.99701,1.485384,4.17611,0.025853,0.072822,0.99701,-1.485384,-4.17611,-0.025853,-0.072822,0.99701,-175.822491,-1.481439,-0.072822,-0.025853,-0.99701,,,
298,2026-04-21,18:06:46.27,4,2,"Wheeler, Owen",1000305143,Right,MAI_BLA,"Hendrickson, Carter",830138,Right,BOC_EAG,Undefined,8,Bottom,2,0,1,Fastball,Four-Seam,StrikeCalled,Undefined,Undefined,Undefined,0,0,,90.95838,-3.371403,-1.738498,1863.302219,207.599942,1:00,6.10361,1.23322,6.20022,-12.25331,21.29229,10.54768,1.96534,0.50689,82.95192,-5.756474,0.164781,0.416859,,,,,,,,,,,,-5.95276,12.32316,-1.10762,50,5.84344,3.56597,-131.91448,-8.05997,-10.45884,28.81987,-10.52259,BOC_EAG,MAI_BLA,HarringtonVillage,D1,ACC,20260421-HarringtonVillage-1,639c21d0-3dce-11f1-be13-814f369a648e,90.42015,,,8.00646,,,,,,,653c48cf-856e-4521-b1b6-52cd1878b7ca,2026-04-21,22:06:46.27,2026-04-21T18:06:46.2782976-04:00,2026-04-21T22:06:46.2782976Z,,v3,227,471344,26593,"Wainwright, Eric",1000396945,Right,MAI_BLA,b1095f25-209c-449d-a490-34b77db7e60a,54.2977,-132.8501,14.40993,6.09955,-7.71836,-5.26129,-1.22889,3.90551,-5.22942,,,,,,,,,,,,,,,,,,,,,,,,,,,,,,,,,,,,,,,,,,,,,,,,,,,High,High,High,,,,,,217.792516,-12.040866,1822.307819,0.977999,1:15,0.219935,-0.586016,-0.77988,-26.534663,15.09716,55.106664,171.949945,4.805221,0.139546,0.083769,-0.986666,4.852815,8.021574,0.083769,0.139546,0.986666,-4.852815,-8.021574,-0.083769,-0.139546,0.986666,-171.949945,-4.805221,-0.139546,-0.083769,-0.986666,,,
299,2026-04-21,18:07:05.18,4,3,"Wheeler, Owen",1000305143,Right,MAI_BLA,"Hendrickson, Carter",830138,Right,BOC_EAG,Undefined,8,Bottom,2,0,2,ChangeUp,Changeup,BallCalled,Undefined,Undefined,Undefined,0,0,,80.86841,-3.763599,-4.488621,1890.672142,246.151573,2:15,5.75676,1.53185,6.28378,-32.29195,9.983,19.56544,-0.4186,-0.98306,74.69618,-9.741407,-0.956018,0.467965,,,,,,,,,,,,-11.51335,6.5902,-1.21009,50,5.46227,8.51354,-117.07223,-8.64804,-16.02508,21.50516,-23.00135,BOC_EAG,MAI_BLA,HarringtonVillage,D1,ACC,20260421-HarringtonVillage-1,6ed0efe0-3dce-11f1-be13-814f369a648e,80.54549,,,6.17223,,,,,,,653c48cf-856e-4521-b1b6-52cd1878b7ca,2026-04-21,22:07:05.18,2026-04-21T18:07:05.1897856-04:00,2026-04-21T22:07:05.1897856Z,,v3,227,471344,26593,"Wainwright, Eric",1000396945,Right,MAI_BLA,8c25a368-d52a-488f-9b83-be7bebaac45c,54.21787,-117.84448,10.75258,5.75799,-7.82207,-11.50067,-1.52614,9.08899,-8.01254,,,,,,,,,,,,,,,,,,,,,,,,,,,,,,,,,,,,,,,,,,,,,,,,,,,High,High,High,,,,,,247.625044,-20.614395,1769.614503,0.935971,2:15,0.378994,-0.840527,-0.38714,-48.132859,-20.324434,-2.511747,165.024968,-9.855489,0.254585,-0.171164,-0.951782,10.194815,-14.748985,0.171164,-0.254585,0.951782,-10.194815,14.748985,-0.171164,0.254585,0.951782,-165.024968,9.855489,-0.254585,0.171164,-0.951782,,,
300,2026-04-21,18:07:24.79,4,4,"Wheeler, Owen",1000305143,Right,MAI_BLA,"Hendrickson, Carter",830138,Right,BOC_EAG,Undefined,8,Bottom,2,1,2,ChangeUp,Changeup,BallCalled,Undefined,Undefined,Undefined,0,0,,80.2396,-2.411083,-5.896239,1839.716534,238.494968,2:00,5.85219,1.61606,6.36942,-30.99655,11.81241,17.09143,1.03749,-2.40428,73.95511,-8.189516,-2.820715,0.470911,,,,,,,,,,,,-10.38426,7.2189,-1.19593,50,5.66266,11.36635,-116.03006,-5.77315,-14.2424,20.47676,-22.27305,BOC_EAG,MAI_BLA,HarringtonVillage,D1,ACC,20260421-HarringtonVillage-1,7a8c04f0-3dce-11f1-be13-814f369a648e,80.04155,,,6.28449,,,,,,,653c48cf-856e-4521-b1b6-52cd1878b7ca,2026-04-21,22:07:24.79,2026-04-21T18:07:24.7981568-04:00,2026-04-21T22:07:24.7981568Z,,v3,227,471344,26593,"Wainwright, Eric",1000396945,Right,MAI_BLA,29a4f94f-f0e1-4d9d-9ae9-e990d379ae2e,54.12922,-116.7565,10.23838,5.85346,-4.98298,-11.13653,-1.60813,11.87162,-7.1212,,,,,,,,,,,,,,,,,,,,,,,,,,,,,,,,,,,,,,,,,,,,,,,,,,,High,High,High,,,,,,245.54519,-19.967149,1729.128535,0.939889,2:15,0.335206,-0.840446,-0.425778,-46.577009,-22.710206,-1.934078,169.970883,-10.518132,0.171222,-0.182547,-0.968173,10.677624,-9.858902,0.182547,-0.171222,0.968173,-10.677624,9.858902,-0.182547,0.171222,0.968173,-169.970883,10.518132,-0.171222,0.182547,-0.968173,,,
301,2026-04-21,18:07:46.42,4,5,"Wheeler, Owen",1000305143,Right,MAI_BLA,"Hendrickson, Carter",830138,Right,BOC_EAG,Undefined,8,Bottom,2,2,2,Fastball,Changeup,InPlay,Undefined,Popup,Out,1,0,,89.61123,-1.787922,-2.144518,1793.425627,217.704205,1:15,6.27518,1.17084,6.14568,-17.11036,17.4382,12.60902,3.1955,0.23903,81.74331,-5.055372,0.128207,0.423045,71.447,73.30917,4.017005,,,,,51.69311,27.16212,10.979369,5.274516,-7.17063,9.88193,-1.01409,50,6.13013,4.363,-130.10641,-4.54632,-12.25585,28.031,-15.28417,BOC_EAG,MAI_BLA,HarringtonVillage,D1,ACC,20260421-HarringtonVillage-1,876693c0-3dce-11f1-be13-814f369a648e,89.09801,118.52349,,7.86792,,,,2.42391,3.28396,-0.23716,653c48cf-856e-4521-b1b6-52cd1878b7ca,2026-04-21,22:07:46.42,2026-04-21T18:07:46.4229888-04:00,2026-04-21T22:07:46.4229888Z,Popup,v3,227,471344,26593,"Wainwright, Eric",1000396945,Right,MAI_BLA,3aa66bb6-b646-4d95-9a5c-58474abb91d6,54.35348,-131.041,14.0155,6.27322,-4.03672,-7.64208,-1.16637,4.77162,-6.12793,,2.41996,30.10579,-14.77603,5.62569,-1.76177,0.48257,-0.0939,0.01032,-0.00047,3.28266,100.43592,-27.27553,3.69429,-1.21554,0.46058,-0.11844,0.01566,-0.00081,-0.23762,2.11436,0.10477,-0.11203,0.05392,-0.02242,0.00611,-0.00086,5E-05,,,,,,,,,,,,,,,,,,,,,,,High,High,High,Medium,Low,,,,223.247662,-11.182501,1759.376425,0.981014,1:30,0.187922,-0.665767,-0.722108,-33.90618,14.450949,48.362944,169.601285,2.428374,0.180335,0.04237,-0.982692,2.468875,10.389273,0.04237,0.180335,0.982692,-2.468875,-10.389273,-0.04237,-0.180335,0.982692,-169.601285,-2.428374,-0.180335,-0.04237,-0.982692,66.69061,11.67573,-5.64284
302,2026-04-21,18:10:00.85,1,1,"Gonzalez, Cesar",831498,Right,BOC_EAG,"Murphy, Quinn",1000527191,Left,MAI_BLA,Undefined,9,Top,0,0,0,Fastball,Sinker,BallCalled,Undefined,Undefined,Undefined,0,0,,90.0612,-3.011641,-2.014512,1965.832171,222.450642,1:30,5.77596,1.46879,5.65045,-17.4867,17.5791,14.97729,1.50548,0.8372,81.88839,-6.316845,0.661182,0.4262,,,,,,,,,,,,-8.19721,10.16969,-1.30771,50,5.50948,3.92929,-130.48261,-7.41153,-14.03908,29.14485,-14.75675,BOC_EAG,MAI_BLA,HarringtonVillage,D1,ACC,20260421-HarringtonVillage-1,d793a1d0-3dce-11f1-be13-814f369a648e,88.43845,,,8.17282,,,,,,,653c48cf-856e-4521-b1b6-52cd1878b7ca,2026-04-21,22:10:00.85,2026-04-21T18:10:00.8577536-04:00,2026-04-21T22:10:00.8577536Z,,v3,227,471344,26593,"Johnson, Gunnar",1000100233,Right,BOC_EAG,d9f5a9ba-7dcd-4770-8b43-31264c949ff4,54.84733,-131.56087,14.57243,5.77358,-6.86559,-7.37838,-1.46269,4.44868,-7.01954,,,,,,,,,,,,,,,,,,,,,,,,,,,,,,,,,,,,,,,,,,,,,,,,,,,High,High,High,,,,,,214.576801,3.572166,1962.012783,0.998057,1:15,-0.061328,-0.568899,-0.820118,-17.958253,2.362906,48.553232,154.340173,3.232832,0.432338,0.056394,-0.899946,3.585656,25.616032,0.056394,0.432338,0.899946,-3.585656,-25.616032,-0.056394,-0.432338,0.899946,-154.340173,-3.232832,-0.432338,-0.056394,-0.899946,,,
303,2026-04-21,18:10:20.14,1,2,"Gonzalez, Cesar",831498,Right,BOC_EAG,"Murphy, Quinn",1000527191,Left,MAI_BLA,Undefined,9,Top,0,1,0,Fastball,Four-Seam,InPlay,Undefined,GroundBall,Out,1,0,,90.13534,-1.716342,-2.079649,2049.390855,219.143128,1:15,5.67397,1.53868,5.74733,-18.14399,16.4895,12.5102,2.56253,0.64419,82.29663,-5.142466,0.158653,0.423564,74.80453,-84.133452,24.949475,,,,,1.13593,1.02552,-27.69644,0.023346,-6.98099,9.22571,-1.37374,50,5.52035,4.21145,-130.80269,-4.49158,-12.07943,27.91128,-16.21044,BOC_EAG,MAI_BLA,HarringtonVillage,D1,ACC,20260421-HarringtonVillage-1,e3044060-3dce-11f1-be13-814f369a648e,88.9887,2.55638,,7.8387,,,,0.76762,2.55638,-0.63876,653c48cf-856e-4521-b1b6-52cd1878b7ca,2026-04-21,22:10:20.14,2026-04-21T18:10:20.1491968-04:00,2026-04-21T22:10:20.1491968Z,GroundBall,v3,227,471344,26593,"Johnson, Gunnar",1000100233,Right,BOC_EAG,133e8277-39c3-44ad-b5dd-1262697210e6,54.75147,-131.81268,13.95564,5.67226,-3.905,-8.10522,-1.53404,4.64856,-6.03971,,0.7675,10.20125,,,,,,,,2.55774,-109.50097,,,,,,,,-0.63882,4.74597,,,,,,,,,,,,,,,,,,,,,,,,,,,,,,High,High,High,Low,Low,,,,214.050616,7.12052,2033.585147,0.992288,1:15,-0.137024,-0.55907,-0.817719,-31.429634,1.44773,41.317351,152.839824,-8.726323,0.451196,-0.151715,-0.879435,9.787993,-26.820415,0.151715,-0.451196,0.879435,-9.787993,26.820415,-0.151715,0.451196,0.879435,-152.839824,8.726323,-0.451196,0.151715,-0.879435,,,
304,2026-04-21,18:10:52.55,2,1,"Gonzalez, Cesar",831498,Right,BOC_EAG,"Carpenter, Troy",1000239627,Right,MAI_BLA,Undefined,9,Top,1,0,0,Cutter,Slider,BallCalled,Undefined,Undefined,Undefined,0,0,,82.55364,1.587249,-1.889735,2280.301941,182.479229,12:00,5.46481,1.62495,5.45067,-28.38116,13.08324,0.51394,4.58685,-0.10199,75.7821,-3.670186,-1.798381,0.463456,,,,,,,,,,,,-0.74532,6.55351,-1.4585,50,5.5856,3.93185,-119.81385,2.38866,-1.09105,21.61886,-22.5804,BOC_EAG,MAI_BLA,HarringtonVillage,D1,ACC,20260421-HarringtonVillage-1,f65af730-3dce-11f1-be13-814f369a648e,81.32899,,,6.77154,,,,,,,653c48cf-856e-4521-b1b6-52cd1878b7ca,2026-04-21,22:10:52.55,2026-04-21T18:10:52.5537280-04:00,2026-04-21T22:10:52.5537280Z,,v3,227,471344,26593,"Johnson, Gunnar",1000100233,Right,BOC_EAG,bb697f54-cf3c-41e0-969a-5bef8665443d,55.04667,-120.72102,10.80943,5.46549,3.33619,-11.2902,-1.62445,3.97763,-0.54552,,,,,,,,,,,,,,,,,,,,,,,,,,,,,,,,,,,,,,,,,,,,,,,,,,,High,High,High,,,,,,160.026871,76.670571,525.722626,0.23055,11:15,-0.977123,0.105674,-0.184561,-21.096974,45.280479,49.692531,126.964666,-71.233974,0.257044,-0.94684,-0.193448,78.452871,-14.894726,0.94684,-0.257044,0.193448,-78.452871,14.894726,-0.94684,0.257044,0.193448,-126.964666,71.233974,-0.257044,0.94684,-0.193448,,,
305,2026-04-21,18:11:21.37,2,2,"Gonzalez, Cesar",831498,Right,BOC_EAG,"Carpenter, Troy",1000239627,Right,MAI_BLA,Undefined,9,Top,1,1,0,Slider,Slider,BallCalled,Undefined,Undefined,Undefined,0,0,,81.77086,0.529042,-2.134693,2148.763438,118.68933,10:00,5.46108,1.61084,5.55758,-35.32455,6.49996,-9.80847,3.01201,-1.20193,75.87911,-5.93933,-3.881537,0.465465,,,,,,,,,,,,4.43618,3.53587,-1.41985,50,5.48347,4.82273,-118.82401,-0.09415,6.4235,20.04315,-27.0542,BOC_EAG,MAI_BLA,HarringtonVillage,D1,ACC,20260421-HarringtonVillage-1,078705d0-3dcf-11f1-be13-814f369a648e,80.97806,,,5.89175,,,,,,,653c48cf-856e-4521-b1b6-52cd1878b7ca,2026-04-21,22:11:21.37,2026-04-21T18:11:21.3725184-04:00,2026-04-21T22:11:21.3725184Z,,v3,227,471344,26593,"Johnson, Gunnar",1000100233,Right,BOC_EAG,64fb8289-c98f-4e41-8f95-98232a433df3,54.94175,-119.65468,10.02158,5.46414,1.02708,-13.5271,-1.61421,4.55651,3.21175,,,,,,,,,,,,,,,,,,,,,,,,,,,,,,,,,,,,,,,,,,,,,,,,,,,High,High,High,,,,,,149.208379,74.116101,588.092795,0.273689,11:00,-0.968575,0.148981,-0.199168,-20.27928,55.714584,49.49552,149.772113,-75.494412,0.126099,-0.968123,-0.216417,77.399086,-7.244225,0.968123,-0.126099,0.216417,-77.399086,7.244225,-0.968123,0.126099,0.216417,-149.772113,75.494412,-0.126099,0.968123,-0.216417,,,
306,2026-04-21,18:11:37.68,2,3,"Gonzalez, Cesar",831498,Right,BOC_EAG,"Carpenter, Troy",1000239627,Right,MAI_BLA,Undefined,9,Top,1,2,0,Fastball,Four-Seam,StrikeCalled,Undefined,Undefined,Undefined,0,0,,91.21975,-1.710858,-3.524998,2217.638156,214.015877,1:15,5.54129,1.51491,6.02242,-16.598,17.09804,10.76843,2.57005,-0.85669,82.83251,-4.882665,-1.59253,0.417793,,,,,,,,,,,,-6.54835,9.62178,-1.24435,50,5.39802,7.67678,-132.18224,-4.43231,-11.51978,29.66896,-15.24751,BOC_EAG,MAI_BLA,HarringtonVillage,D1,ACC,20260421-HarringtonVillage-1,113f4600-3dcf-11f1-be13-814f369a648e,90.21807,,,8.38724,,,,,,,653c48cf-856e-4521-b1b6-52cd1878b7ca,2026-04-21,22:11:37.68,2026-04-21T18:11:37.6891392-04:00,2026-04-21T22:11:37.6891392Z,,v3,227,471344,26593,"Johnson, Gunnar",1000100233,Right,BOC_EAG,2ef1d8ed-8ce6-4b23-a4ff-76e3f995b8da,54.47434,-133.18274,14.83448,5.53882,-3.91813,-7.62375,-1.50978,8.06525,-5.75989,,,,,,,,,,,,,,,,,,,,,,,,,,,,,,,,,,,,,,,,,,,,,,,,,,,High,High,High,,,,,,212.909476,13.206332,2158.989746,0.973554,1:00,-0.262415,-0.53553,-0.802712,-19.011758,7.786224,22.502089,160.348596,5.385313,0.334812,0.093853,-0.937599,5.716231,19.56112,0.093853,0.334812,0.937599,-5.716231,-19.56112,-0.093853,-0.334812,0.937599,-160.348596,-5.385313,-0.334812,-0.093853,-0.937599,,,
307,2026-04-21,18:11:52.48,2,4,"Gonzalez, Cesar",831498,Right,BOC_EAG,"Carpenter, Troy",1000239627,Right,MAI_BLA,Undefined,9,Top,1,2,1,Slider,Slider,StrikeSwinging,Undefined,Undefined,Undefined,0,0,,82.50291,-1.396095,-2.151048,2209.738763,127.7105,10:15,5.51902,1.54391,5.61156,-36.14396,4.51418,-4.5452,1.20278,-0.84352,77.47684,-7.963059,-2.962769,0.458929,,,,,,,,,,,,1.86185,2.89106,-1.35699,50,5.37584,4.68249,-119.99989,-4.1532,2.77394,18.48364,-27.8667,BOC_EAG,MAI_BLA,HarringtonVillage,D1,ACC,20260421-HarringtonVillage-1,1a1a93b0-3dcf-11f1-be13-814f369a648e,82.13139,,,5.02607,,,,,,,653c48cf-856e-4521-b1b6-52cd1878b7ca,2026-04-21,22:11:52.48,2026-04-21T18:11:52.4833792-04:00,2026-04-21T22:11:52.4833792Z,,v3,227,471344,26593,"Johnson, Gunnar",1000100233,Right,BOC_EAG,7922fd40-cfdd-409f-8e07-6c44b82da42f,54.89026,-120.75079,9.24182,5.52157,-3.02111,-13.93335,-1.54493,4.5698,1.38697,,,,,,,,,,,,,,,,,,,,,,,,,,,,,,,,,,,,,,,,,,,,,,,,,,,High,High,High,,,,,,156.634809,77.295288,485.979974,0.219926,11:15,-0.984241,0.063427,-0.165065,-10.367919,54.261773,67.065628,163.25038,-78.723782,0.056352,-0.980696,-0.187243,79.190684,-3.230466,0.980696,-0.056352,0.187243,-79.190684,3.230466,-0.980696,0.056352,0.187243,-163.25038,78.723782,-0.056352,0.980696,-0.187243,,,
308,2026-04-21,18:12:09.25,2,5,"Gonzalez, Cesar",831498,Right,BOC_EAG,"Carpenter, Troy",1000239627,Right,MAI_BLA,Undefined,9,Top,1,2,2,Fastball,Four-Seam,BallCalled,Undefined,Undefined,Undefined,0,0,,93.43245,-3.721415,-2.106334,2261.742268,214.435779,1:15,5.75376,1.3749,5.7425,-13.02824,19.14544,12.43587,1.19589,0.44917,85.76632,-6.202304,0.118192,0.408246,,,,,,,,,,,,-6.93662,11.07678,-1.20762,50,5.43592,4.43418,-135.44705,-9.20317,-12.94042,28.41975,-11.51008,BOC_EAG,MAI_BLA,HarringtonVillage,D1,ACC,20260421-HarringtonVillage-1,24075160-3dcf-11f1-be13-814f369a648e,92.32783,,,7.66614,,,,,,,653c48cf-856e-4521-b1b6-52cd1878b7ca,2026-04-21,22:12:09.25,2026-04-21T18:12:09.2520448-04:00,2026-04-21T22:12:09.2520448Z,,v3,227,471344,26593,"Johnson, Gunnar",1000100233,Right,BOC_EAG,3d6907f0-f979-45ac-9f35-c0517470d4d3,54.75751,-136.44162,14.20988,5.75095,-8.80036,-5.75504,-1.37072,4.88704,-6.47021,,,,,,,,,,,,,,,,,,,,,,,,,,,,,,,,,,,,,,,,,,,,,,,,,,,High,High,High,,,,,,209.486145,6.66553,2246.454385,0.993241,1:00,-0.115818,-0.495389,-0.860916,-23.731316,-2.016339,53.173681,149.845033,-8.797786,0.49643,-0.152948,-0.854496,10.147998,-29.764097,0.152948,-0.49643,0.854496,-10.147998,29.764097,-0.152948,0.49643,0.854496,-149.845033,8.797786,-0.49643,0.152948,-0.854496,,,
309,2026-04-21,18:12:26.26,2,6,"Gonzalez, Cesar",831498,Right,BOC_EAG,"Carpenter, Troy",1000239627,Right,MAI_BLA,Undefined,9,Top,1,3,2,Slider,Slider,InPlay,Undefined,GroundBall,Single,0,0,,82.74792,-0.257704,-2.011004,2210.428827,169.084694,11:45,5.40916,1.57266,5.31215,-34.64498,6.55048,-1.04512,2.28005,-0.40273,76.80336,-6.570998,-2.196515,0.461951,95.61477,-10.703227,-29.919434,,,,,14.37833,6.03576,-22.859093,0.088727,0.04437,3.66299,-1.38947,50,5.3604,4.26429,-120.24343,-1.75785,0.06579,20.52296,-26.74261,BOC_EAG,MAI_BLA,HarringtonVillage,D1,ACC,20260421-HarringtonVillage-1,2e3780b0-3dcf-11f1-be13-814f369a648e,81.594,2.3145,,5.94455,,,,2.6357,2.3145,0.52227,653c48cf-856e-4521-b1b6-52cd1878b7ca,2026-04-21,22:12:26.26,2026-04-21T18:12:26.2682624-04:00,2026-04-21T22:12:26.2682624Z,GroundBall,v3,227,471344,26593,"Johnson, Gunnar",1000100233,Right,BOC_EAG,ee399a47-4f39-41ab-9268-16daf9f234a4,55.18885,-121.12581,10.26148,5.41126,-0.60805,-13.37131,-1.57275,4.26146,0.03289,180,2.63302,119.61832,,,,,,,,2.31509,-26.08558,,,,,,,,0.52381,-68.83758,,,,,,,,,,,,,,,,,,,,,,,,,,,,,,High,High,High,Low,Low,,,,163.383444,74.438729,592.988902,0.268269,11:30,-0.972107,0.072382,-0.223091,-15.196676,45.618021,68.272901,157.411511,-83.258529,0.04509,-0.993086,-0.108384,83.771454,-2.584371,0.993086,-0.04509,0.108384,-83.771454,2.584371,-0.993086,0.04509,0.108384,-157.411511,83.258529,-0.04509,0.993086,-0.108384,76.93521,18.23548,-9.04291
310,2026-04-21,18:13:03.23,3,1,"Gonzalez, Cesar",831498,Right,BOC_EAG,"Stevens, Julian",1000253292,Right,MAI_BLA,Undefined,9,Top,1,0,0,Slider,Slider,InPlay,Undefined,FlyBall,HomeRun,0,2,,80.26372,0.344219,-1.828994,2168.700212,125.804121,10:15,5.40103,1.5935,5.2644,-38.03014,5.63485,-6.24843,2.55539,-0.64599,74.85864,-6.562444,-2.936886,0.475596,100.30897,30.077518,-21.602799,3031.959183,100.5973,62.94845,-44.49901,364.10612,330.74289,-32.268096,5.502179,2.74378,3.06276,-1.42121,50,5.4041,3.97232,-116.69516,-0.61289,3.84983,18.35129,-27.87668,BOC_EAG,MAI_BLA,HarringtonVillage,D1,ACC,20260421-HarringtonVillage-1,4440fb70-3dcf-11f1-be13-814f369a648e,79.25308,95.81774,,5.40508,,,,1.81841,2.6244,0.61777,653c48cf-856e-4521-b1b6-52cd1878b7ca,2026-04-21,22:13:03.23,2026-04-21T18:13:03.2327680-04:00,2026-04-21T22:13:03.2327680Z,FlyBall,v3,227,471344,26593,"Johnson, Gunnar",1000100233,Right,BOC_EAG,4305902e-4d54-4fb1-a912-854a6b3c39fb,55.23701,-117.51584,9.17564,5.40363,0.63377,-13.93834,-1.59501,3.80015,1.92491,158.110304,1.82109,118.31906,-28.43397,6.88334,-1.45021,0.27085,-0.04067,0.00399,-0.00018,2.62595,73.69562,-15.36731,-0.11344,0.46393,-0.20759,0.04809,-0.00556,0.00025,0.6178,-46.87275,3.95511,-0.55093,0.04542,-0.00175,0.00069,-0.00018,1E-05,,,,,,,,,,,,,,,,,,,,,,,High,High,High,High,Medium,,,,123.369888,75.662488,537.042555,0.247633,10:00,-0.971448,0.212625,-0.105257,-5.155998,20.786538,67.791256,119.939963,-81.917871,0.12183,-0.990068,-0.070169,85.946082,-6.997741,0.990068,-0.12183,0.070169,-85.946082,6.997741,-0.990068,0.12183,0.070169,-119.939963,81.917871,-0.12183,0.990068,-0.070169,76.9602,19.25375,-18.32717
311,2026-04-21,18:13:47.49,4,1,"Gonzalez, Cesar",831498,Right,BOC_EAG,"St. Denis, Hunter",1000341731,Right,MAI_BLA,Undefined,9,Top,1,0,0,Fastball,Four-Seam,BallCalled,Undefined,Undefined,Undefined,0,0,,90.5711,-2.897495,-1.145555,2129.345723,214.581993,1:15,5.76393,1.37207,5.90155,-15.67887,18.68017,12.05764,1.76476,1.3133,82.23419,-5.89489,1.019372,0.421883,,,,,,,,,,,,-6.51193,10.78847,-1.28686,50,5.52193,2.10497,-131.31126,-7.09157,-11.27562,29.95637,-13.49345,BOC_EAG,MAI_BLA,HarringtonVillage,D1,ACC,20260421-HarringtonVillage-1,5ea062d0-3dcf-11f1-be13-814f369a648e,89.34341,,,8.33692,,,,,,,653c48cf-856e-4521-b1b6-52cd1878b7ca,2026-04-21,22:13:47.49,2026-04-21T18:13:47.4993152-04:00,2026-04-21T22:13:47.4993152Z,,v3,227,471344,26593,"Johnson, Gunnar",1000100233,Right,BOC_EAG,960dcf16-a726-484a-958b-331aaa3d68b2,54.5956,-132.35551,14.97819,5.76094,-6.62119,-6.74673,-1.36709,2.49803,-5.63781,,,,,,,,,,,,,,,,,,,,,,,,,,,,,,,,,,,,,,,,,,,,,,,,,,,High,High,High,,,,,,211.883874,12.319984,2080.309472,0.976971,1:00,-0.203561,-0.526162,-0.825662,-25.112101,2.66417,35.055837,154.467962,-4.320079,0.429791,-0.075328,-0.899781,4.785551,-25.454305,0.075328,-0.429791,0.899781,-4.785551,25.454305,-0.075328,0.429791,0.899781,-154.467962,4.320079,-0.429791,0.075328,-0.899781,,,
312,2026-04-21,18:14:00.02,4,2,"Gonzalez, Cesar",831498,Right,BOC_EAG,"St. Denis, Hunter",1000341731,Right,MAI_BLA,Undefined,9,Top,1,1,0,Fastball,Four-Seam,FoulBallNotFieldable,Undefined,Undefined,Undefined,0,0,,90.78262,-0.816845,-1.544577,2075.43355,217.311496,1:15,5.75887,1.3704,5.6351,-14.92934,19.50655,13.98028,3.75235,1.09405,82.32425,-3.680741,0.951756,0.422354,,,,,,,,,,,,-7.51122,10.45351,-1.24803,50,5.68008,2.91933,-131.70515,-2.30961,-13.10767,29.66869,-13.93186,BOC_EAG,MAI_BLA,HarringtonVillage,D1,ACC,20260421-HarringtonVillage-1,6610d5e0-3dcf-11f1-be13-814f369a648e,89.24365,,,8.45837,,,,,,,653c48cf-856e-4521-b1b6-52cd1878b7ca,2026-04-21,22:14:00.02,2026-04-21T18:14:00.0207360-04:00,2026-04-21T22:14:00.0207360Z,,v3,227,471344,26593,"Johnson, Gunnar",1000100233,Right,BOC_EAG,5ee6f7e9-d816-4f5d-95c7-905cf2e5448b,54.86166,-132.7958,14.83434,5.75557,-1.79746,-6.96593,-1.36421,3.40119,-6.55384,,,,,,,,,,,,,,,,,,,,,,,,,,,,,,,,,,,,,,,,,,,,,,,,,,,High,High,High,,,,,,211.57917,14.907709,2005.577515,0.966341,1:00,-0.272122,-0.509666,-0.816205,-12.863689,6.826775,45.552723,153.029693,-2.140127,0.453212,-0.037344,-0.89062,2.400998,-26.949972,0.037344,-0.453212,0.89062,-2.400998,26.949972,-0.037344,0.453212,0.89062,-153.029693,2.140127,-0.453212,0.037344,-0.89062,,,
313,2026-04-21,18:14:14.90,4,3,"Gonzalez, Cesar",831498,Right,BOC_EAG,"St. Denis, Hunter",1000341731,Right,MAI_BLA,Undefined,9,Top,1,1,1,Fastball,Four-Seam,FoulBallNotFieldable,Undefined,Undefined,Undefined,0,0,,89.65659,-1.580724,-0.974637,2149.780401,217.2708,1:15,5.58738,1.40314,6.09258,-17.25446,17.56501,12.44394,2.68679,1.53853,81.18482,-4.887874,1.267619,0.4247,,,,,,,,,,,,-6.71382,9.90249,-1.33447,50,5.45647,1.69385,-130.1224,-4.07246,-11.38536,30.08625,-15.38135,BOC_EAG,MAI_BLA,HarringtonVillage,D1,ACC,20260421-HarringtonVillage-1,6eed0df0-3dcf-11f1-be13-814f369a648e,88.75069,,,8.47177,,,,,,,653c48cf-856e-4521-b1b6-52cd1878b7ca,2026-04-21,22:14:14.90,2026-04-21T18:14:14.9050880-04:00,2026-04-21T22:14:14.9050880Z,,v3,227,471344,26593,"Johnson, Gunnar",1000100233,Right,BOC_EAG,44980915-6abb-43b6-8cee-4c3fa2618c9a,54.40444,-131.13682,15.04313,5.58503,-3.55385,-7.69068,-1.39805,2.07773,-5.69268,,,,,,,,,,,,,,,,,,,,,,,,,,,,,,,,,,,,,,,,,,,,,,,,,,,High,High,High,,,,,,213.018426,14.630942,2080.069263,0.967573,1:00,-0.251717,-0.534006,-0.807141,-27.599714,-0.379382,21.232725,154.355418,-0.661988,0.432758,-0.011554,-0.901436,0.734314,-25.642746,0.011554,-0.432758,0.901436,-0.734314,25.642746,-0.011554,0.432758,0.901436,-154.355418,0.661988,-0.432758,0.011554,-0.901436,,,
314,2026-04-21,18:14:29.55,4,4,"Gonzalez, Cesar",831498,Right,BOC_EAG,"St. Denis, Hunter",1000341731,Right,MAI_BLA,Undefined,9,Top,1,1,2,Slider,Slider,BallCalled,Undefined,Undefined,Undefined,0,0,,81.19687,1.977673,0.918704,2078.068797,107.806309,9:30,5.40907,1.64382,5.13928,-38.65923,4.86544,-10.99528,4.05066,1.59268,74.32028,-5.085431,-1.026727,0.474831,,,,,,,,,,,,5.69335,2.31063,-1.72111,50,5.56476,-1.4204,-117.79175,2.68296,8.01981,21.83053,-28.91923,BOC_EAG,MAI_BLA,HarringtonVillage,D1,ACC,20260421-HarringtonVillage-1,77b792c0-3dcf-11f1-be13-814f369a648e,79.38074,,,6.87659,,,,,,,653c48cf-856e-4521-b1b6-52cd1878b7ca,2026-04-21,22:14:29.55,2026-04-21T18:14:29.5541248-04:00,2026-04-21T22:14:29.5541248Z,,v3,227,471344,26593,"Johnson, Gunnar",1000100233,Right,BOC_EAG,6f53300f-fcb7-4dcb-9ded-66a528fde237,55.35871,-118.78074,10.91527,5.41354,3.99308,-14.45962,-1.64853,-1.78372,4.0099,,,,,,,,,,,,,,,,,,,,,,,,,,,,,,,,,,,,,,,,,,,,,,,,,,,High,High,High,,,,,,112.770389,76.26233,493.493245,0.237477,9:45,-0.96166,0.252361,-0.107346,-12.491685,37.819246,53.041487,115.166465,-75.155558,0.231877,-0.966625,-0.108947,83.569403,-13.407576,0.966625,-0.231877,0.108947,-83.569403,13.407576,-0.966625,0.231877,0.108947,-115.166465,75.155558,-0.231877,0.966625,-0.108947,,,
315,2026-04-21,18:14:39.87,4,5,"Gonzalez, Cesar",831498,Right,BOC_EAG,"St. Denis, Hunter",1000341731,Right,MAI_BLA,Undefined,9,Top,1,2,2,Fastball,Four-Seam,StrikeSwinging,Strikeout,Undefined,Undefined,0,0,,91.57673,-1.616393,-1.594218,2175.545968,193.360737,12:30,5.77996,1.204,5.88444,-13.318,19.99052,4.49721,3.16815,0.09798,83.67153,-4.180303,-0.787633,0.415383,,,,,,,,,,,,-2.73225,10.98138,-1.07791,50,5.64174,3.50319,-132.95113,-4.1116,-4.89464,28.27115,-12.50161,BOC_EAG,MAI_BLA,HarringtonVillage,D1,ACC,20260421-HarringtonVillage-1,7dd12860-3dcf-11f1-be13-814f369a648e,90.74136,,,7.9052,,,,,,,653c48cf-856e-4521-b1b6-52cd1878b7ca,2026-04-21,22:14:39.87,2026-04-21T18:14:39.8780000-04:00,2026-04-21T22:14:39.8780000Z,,v3,227,471344,26593,"Johnson, Gunnar",1000100233,Right,BOC_EAG,da91ebf6-9e8f-4b68-81f0-5de88c0aa421,54.6128,-133.92842,14.13557,5.7764,-3.67944,-6.2508,-1.20194,3.67239,-2.44732,,,,,,,,,,,,,,,,,,,,,,,,,,,,,55.06181,2.395921,1.069261,1.32666,-1.37777,2.95986,-0.06059,-5.4044,3.96753,3.56354,75.01102,3.39696,49.77585,-5.29491,68.29506,-5.85636,4.0763,19.92808,-15.41122,3.54772,35.82512,-0.73783,High,High,High,,,High,High,High,207.843547,12.384689,2124.9202,0.97673,1:00,-0.22547,-0.462058,-0.857709,-16.292691,-1.361282,40.938788,150.417849,-2.516312,0.493195,-0.043904,-0.86881,2.892882,-29.550794,0.043904,-0.493195,0.86881,-2.892882,29.550794,-0.043904,0.493195,0.86881,-150.417849,2.516312,-0.493195,0.043904,-0.86881,,,
316,2026-04-21,18:15:04.90,5,1,"Gonzalez, Cesar",831498,Right,BOC_EAG,"Rasmussen, Brody",1000250740,Right,MAI_BLA,Undefined,9,Top,2,0,0,Slider,Slider,StrikeSwinging,Undefined,Undefined,Undefined,0,0,,81.70063,0.007111,-2.033356,2001.643109,104.869445,9:30,5.4131,1.68735,5.44477,-39.14534,3.35606,-7.77445,2.15766,-0.86511,75.18306,-7.143424,-3.416504,0.469216,,,,,,,,,,,,3.35772,2.09268,-1.50216,50,5.3868,4.52754,-118.59482,-1.34262,4.79012,22.32298,-29.18863,BOC_EAG,MAI_BLA,HarringtonVillage,D1,ACC,20260421-HarringtonVillage-1,8ccc4d40-3dcf-11f1-be13-814f369a648e,80.33062,,,6.51756,,,,,,,653c48cf-856e-4521-b1b6-52cd1878b7ca,2026-04-21,22:15:04.90,2026-04-21T18:15:04.9058816-04:00,2026-04-21T22:15:04.9058816Z,,v3,227,471344,26593,"Johnson, Gunnar",1000100233,Right,BOC_EAG,eb3455ea-fcdb-435c-825c-7b11ac671b5d,55.05392,-119.54233,11.16149,5.4175,-0.10369,-14.59431,-1.69001,4.32422,2.39506,,,,,,,,,,,,,,,,,,,,,,,,,,,,,,,,,,,,,,,,,,,,,,,,,,,High,High,High,,,,,,154.714645,76.071891,481.804,0.240704,11:15,-0.977697,0.102932,-0.183068,-11.923588,44.822954,55.39297,143.106982,-70.033646,0.204991,-0.939893,-0.273092,73.798445,-11.828982,0.939893,-0.204991,0.273092,-73.798445,11.828982,-0.939893,0.204991,0.273092,-143.106982,70.033646,-0.204991,0.939893,-0.273092,,,
317,2026-04-21,18:15:15.86,5,2,"Gonzalez, Cesar",831498,Right,BOC_EAG,"Rasmussen, Brody",1000250740,Right,MAI_BLA,Undefined,9,Top,2,0,1,Slider,Slider,StrikeSwinging,Undefined,Undefined,Undefined,0,0,,78.47882,0.787939,-1.277297,2174.514738,84.557804,8:45,5.23903,1.85639,5.36862,-46.01428,0.28772,-12.10883,2.14351,-0.35048,72.07933,-7.59816,-3.430211,0.489746,,,,,,,,,,,,5.73469,0.34106,-1.7329,50,5.27697,3.01621,-113.92892,0.00482,7.52306,21.3008,-31.72662,BOC_EAG,MAI_BLA,HarringtonVillage,D1,ACC,20260421-HarringtonVillage-1,9352fc90-3dcf-11f1-be13-814f369a648e,76.96318,,,6.3995,,,,,,,653c48cf-856e-4521-b1b6-52cd1878b7ca,2026-04-21,22:15:15.86,2026-04-21T18:15:15.8608384-04:00,2026-04-21T22:15:15.8608384Z,,v3,227,471344,26593,"Johnson, Gunnar",1000100233,Right,BOC_EAG,1a77b9fa-bdaf-4f8f-a19c-71a330384bcf,55.13112,-114.88426,10.6504,5.24484,1.42776,-15.86331,-1.86061,2.6788,3.76153,,,,,,,,,,,,,,,,,,,,,,,,,,,,,,,,,,,,,,,,,,,,,,,,,,,High,High,High,,,,,,99.793736,72.769556,644.125173,0.296216,9:15,-0.951904,0.305006,-0.029175,-3.941266,61.775083,50.66911,151.526146,-71.914569,0.148002,-0.950595,-0.272883,73.983055,-8.511165,0.950595,-0.148002,0.272883,-73.983055,8.511165,-0.950595,0.148002,0.272883,-151.526146,71.914569,-0.148002,0.950595,-0.272883,,,
318,2026-04-21,18:15:29.26,5,3,"Gonzalez, Cesar",831498,Right,BOC_EAG,"Rasmussen, Brody",1000250740,Right,MAI_BLA,Undefined,9,Top,2,0,2,Slider,Slider,FoulBallNotFieldable,Undefined,Undefined,Undefined,0,0,,80.53994,-0.447829,-1.507809,2283.215215,83.878382,8:45,5.30998,1.81583,5.52063,-43.08416,0.26232,-9.08827,1.30078,-0.35159,74.7033,-8.284146,-3.129297,0.473858,,,,,,,,,,,,4.25725,0.55394,-1.67816,50,5.24167,3.42967,-117.06185,-2.37384,5.94576,20.75567,-31.4004,BOC_EAG,MAI_BLA,HarringtonVillage,D1,ACC,20260421-HarringtonVillage-1,9b47e1e0-3dcf-11f1-be13-814f369a648e,79.54375,,,5.83664,,,,,,,653c48cf-856e-4521-b1b6-52cd1878b7ca,2026-04-21,22:15:29.26,2026-04-21T18:15:29.2652544-04:00,2026-04-21T22:15:29.2652544Z,,v3,227,471344,26593,"Johnson, Gunnar",1000100233,Right,BOC_EAG,10ed8298-c189-4869-8f08-d032aafef17b,54.98102,-117.9417,10.37783,5.31408,-1.04274,-15.7002,-1.8182,3.17762,2.97288,,,,,,,,,,,,,,,,,,,,,,,,,,,,,,,,,,,,,,,,,,,,,,,,,,,High,High,High,,,,,,124.692782,73.395942,652.442999,0.285756,10:15,-0.964057,0.227456,-0.137326,-16.848932,60.127312,48.055043,150.56852,-76.176521,0.117407,-0.971036,-0.208096,77.904306,-6.742457,0.971036,-0.117407,0.208096,-77.904306,6.742457,-0.971036,0.117407,0.208096,-150.56852,76.176521,-0.117407,0.971036,-0.208096,,,
319,2026-04-21,18:15:48.96,5,4,"Gonzalez, Cesar",831498,Right,BOC_EAG,"Rasmussen, Brody",1000250740,Right,MAI_BLA,Undefined,9,Top,2,0,2,Fastball,Four-Seam,FoulBallNotFieldable,Undefined,Undefined,Undefined,0,0,,92.60511,-1.854226,-2.352894,2186.381755,207.034114,1:00,5.7663,1.32808,5.98564,-13.47091,19.52383,9.34375,2.9231,-0.07526,83.30271,-4.479046,-0.674713,0.413422,91.15223,79.900381,6.606134,,,,,,13.86246,,,-5.57548,10.98749,-1.14752,50,5.61256,5.10653,-134.19822,-4.70089,-10.00133,33.46889,-12.46455,BOC_EAG,MAI_BLA,HarringtonVillage,D1,ACC,20260421-HarringtonVillage-1,a7047d90-3dcf-11f1-be13-814f369a648e,91.1718,116.42289,,9.3024,,,,2.06969,2.97403,0.06745,653c48cf-856e-4521-b1b6-52cd1878b7ca,2026-04-21,22:15:48.96,2026-04-21T18:15:48.9621504-04:00,2026-04-21T22:15:48.9621504Z,,v3,227,471344,26593,"Johnson, Gunnar",1000100233,Right,BOC_EAG,7dd977d5-dc42-4b89-884a-f7a045583f81,54.51108,-135.3186,16.73445,5.76294,-4.28364,-6.23228,-1.32407,5.44133,-5.00066,,2.06972,23.28108,-16.62456,4.35349,2.65077,-6.45366,6.24857,-3.04086,0.59483,2.97403,131.61881,-32.95161,4.68793,-1.37592,1.00861,-0.81453,0.38937,-0.07783,0.06745,2.6977,0.82638,-0.2624,-0.26089,0.58655,-0.56479,0.27487,-0.05384,,,,,,,,,,,,,,,,,,,,,,,High,High,High,Medium,Undefined,,,,210.751539,13.594631,2125.125963,0.971983,1:00,-0.252956,-0.504336,-0.825626,-29.755608,2.070402,29.372785,153.737172,-8.292407,0.437863,-0.144225,-0.887398,9.231328,-25.967625,0.144225,-0.437863,0.887398,-9.231328,25.967625,-0.144225,0.437863,0.887398,-153.737172,8.292407,-0.437863,0.144225,-0.887398,70.50004,28.89014,-20.74232
320,2026-04-21,18:16:19.70,5,5,"Gonzalez, Cesar",831498,Right,BOC_EAG,"Rasmussen, Brody",1000250740,Right,MAI_BLA,Undefined,9,Top,2,0,2,Fastball,Four-Seam,FoulBallNotFieldable,Undefined,Undefined,Undefined,0,0,,91.7874,-0.804026,-2.138498,2086.703211,207.728847,1:00,5.70566,1.3081,5.81044,-14.28686,19.01119,9.43256,3.76686,0.10463,83.66483,-3.54526,-0.449696,0.415318,,,,,,,,,,,,-5.42886,10.25961,-1.13848,50,5.63136,4.56382,-133.2452,-2.28237,-9.74857,28.94485,-13.75094,BOC_EAG,MAI_BLA,HarringtonVillage,D1,ACC,20260421-HarringtonVillage-1,b95228d0-3dcf-11f1-be13-814f369a648e,90.75562,,,8.12257,,,,,,,653c48cf-856e-4521-b1b6-52cd1878b7ca,2026-04-21,22:16:19.70,2026-04-21T18:16:19.7054976-04:00,2026-04-21T22:16:19.7054976Z,,v3,227,471344,26593,"Johnson, Gunnar",1000100233,Right,BOC_EAG,05d9be40-18d8-4df7-b534-9160be0769a5,54.68797,-134.2597,14.47243,5.70291,-1.8004,-6.87547,-1.30443,4.90551,-4.87428,,,,,,,,,,,,,,,,,,,,,,,,,,,,,,,,,,,,,,,,,,,,,,,,,,,High,High,High,,,,,,214.408694,12.095917,2040.374581,0.977798,1:15,-0.231737,-0.555432,-0.79862,-31.783344,6.716523,34.567652,155.456205,-9.911019,0.40919,-0.172119,-0.896069,10.873049,-24.153931,0.172119,-0.40919,0.896069,-10.873049,24.153931,-0.172119,0.40919,0.896069,-155.456205,9.911019,-0.40919,0.172119,-0.896069,,,
321,2026-04-21,18:16:35.77,5,6,"Gonzalez, Cesar",831498,Right,BOC_EAG,"Rasmussen, Brody",1000250740,Right,MAI_BLA,Undefined,9,Top,2,0,2,Slider,Slider,InPlay,Undefined,FlyBall,Out,1,0,,79.94463,-0.015827,-0.54422,2217.584478,106.883612,9:30,5.41867,1.5803,5.21431,-39.42931,5.87307,-14.19642,2.11801,-0.11448,72.65904,-7.235847,-3.062115,0.484431,98.50978,35.886495,-0.852215,3442.188436,109.77319,77.06719,7.05863,321.09381,282.94172,13.552395,5.743813,6.93386,3.38398,-1.51885,50,5.38786,1.68415,-115.91534,-1.3908,9.32254,24.05756,-27.62428,BOC_EAG,MAI_BLA,HarringtonVillage,D1,ACC,20260421-HarringtonVillage-1,c2f114a0-3dcf-11f1-be13-814f369a648e,77.80764,108.68418,,7.28559,,,,1.17076,2.15271,0.12739,653c48cf-856e-4521-b1b6-52cd1878b7ca,2026-04-21,22:16:35.77,2026-04-21T18:16:35.7792768-04:00,2026-04-21T22:16:35.7792768Z,FlyBall,v3,227,471344,26593,"Johnson, Gunnar",1000100233,Right,BOC_EAG,567dd28a-d846-4084-9317-a1cadea986d0,55.28335,-117.00673,12.02878,5.42253,-0.1376,-13.81214,-1.58565,1.26122,4.66127,207.62947,1.17912,116.89296,-26.97857,5.89014,-0.93441,0.08567,-0.00237,-8E-05,-0,2.15219,84.68767,-19.24153,0.96461,0.16888,-0.14604,0.04102,-0.00522,0.00025,0.12322,-1.66605,8.87611,-2.68496,0.57104,-0.08925,0.01052,-0.00092,4E-05,,,,,,,,,,,,,,,,,,,,,,,High,High,High,High,Medium,,,,102.080844,73.154493,642.63836,0.289792,9:30,-0.957701,0.28311,-0.051557,0.972238,37.820318,68.55318,161.559025,-83.293981,0.036939,-0.993158,-0.110779,83.635433,-2.11694,0.993158,-0.036939,0.110779,-83.635433,2.11694,-0.993158,0.036939,0.110779,-161.559025,83.293981,-0.036939,0.993158,-0.110779,,,
322,2026-04-21,18:19:24.39,1,1,"Holt, Sebastian",1000537391,Right,MAI_BLA,"Gallo, Luke",828057,Right,BOC_EAG,Undefined,9,Bottom,0,0,0,Curveball,Curveball,BallCalled,Undefined,Undefined,Undefined,0,0,,77.90929,0.640428,-0.687807,2293.522986,42.388039,7:30,6.05217,2.37545,5.18333,-52.23428,-4.69925,-5.71563,2.30192,1.252,71.30568,-8.828429,-1.702276,0.496225,,,,,,,,,,,,2.64205,-2.05697,-2.30703,50,6.07196,1.58768,-113.03585,-0.57613,3.39381,21.98283,-34.81629,BOC_EAG,MAI_BLA,HarringtonVillage,D1,ACC,20260421-HarringtonVillage-1,277818b0-3dd0-11f1-be13-814f369a648e,75.95843,,,6.60361,,,,,,,653c48cf-856e-4521-b1b6-52cd1878b7ca,2026-04-21,22:19:24.39,2026-04-21T18:19:24.3909632-04:00,2026-04-21T22:19:24.3909632Z,,v3,227,471344,26593,"Wainwright, Eric",1000396945,Right,MAI_BLA,5061dd5c-c86c-44d8-94b2-79395b43a28a,55.31593,-114.06499,10.99142,6.06078,1.05381,-17.40815,-2.37764,1.4288,1.6969,,,,,,,,,,,,,,,,,,,,,,,,,,,,,,,,,,,,,,,,,,,,,,,,,,,High,High,High,,,,,,73.735267,70.500697,765.567406,0.333795,8:30,-0.937815,0.330952,0.104753,73.139677,-28.299214,60.924795,173.763459,-26.619432,0.097118,-0.448062,-0.888712,26.755903,-5.573264,0.448062,-0.097118,0.888712,-26.755903,5.573264,-0.448062,0.097118,0.888712,-173.763459,26.619432,-0.097118,0.448062,-0.888712,,,
323,2026-04-21,18:19:41.51,1,2,"Holt, Sebastian",1000537391,Right,MAI_BLA,"Gallo, Luke",828057,Right,BOC_EAG,Undefined,9,Bottom,0,1,0,Fastball,Four-Seam,BallCalled,Undefined,Undefined,Undefined,0,0,,91.11448,-1.914544,-4.197182,2074.259687,199.400967,12:45,6.17938,2.05004,6.14165,-19.13564,14.53961,4.72189,2.81006,-1.44211,82.88634,-5.53811,-3.349394,0.417664,,,,,,,,,,,,-3.65024,8.40091,-1.73198,50,6.02313,9.47854,-131.91802,-4.99292,-6.39892,29.42508,-17.44718,BOC_EAG,MAI_BLA,HarringtonVillage,D1,ACC,20260421-HarringtonVillage-1,31a36600-3dd0-11f1-be13-814f369a648e,90.24585,,,8.22815,,,,,,,653c48cf-856e-4521-b1b6-52cd1878b7ca,2026-04-21,22:19:41.51,2026-04-21T18:19:41.5119360-04:00,2026-04-21T22:19:41.5119360Z,,v3,227,471344,26593,"Wainwright, Eric",1000396945,Right,MAI_BLA,e04c2903-d616-4652-bf68-4ab33a2b54ba,54.35412,-132.88568,14.71254,6.17789,-4.41915,-8.72359,-2.04715,9.68898,-3.19946,,,,,,,,,,,,,,,,,,,,,,,,,,,,,,,,,,,,,,,,,,,,,,,,,,,High,High,High,,,,,,214.801055,30.590845,1785.571182,0.860823,1:15,-0.54262,-0.508024,-0.668935,-54.286536,29.286575,-6.092611,174.130466,-19.758832,0.096243,-0.338062,-0.93619,19.854847,-5.522851,0.338062,-0.096243,0.93619,-19.854847,5.522851,-0.338062,0.096243,0.93619,-174.130466,19.758832,-0.096243,0.338062,-0.93619,,,
324,2026-04-21,18:20:00.07,1,3,"Holt, Sebastian",1000537391,Right,MAI_BLA,"Gallo, Luke",828057,Right,BOC_EAG,Undefined,9,Bottom,0,2,0,Fastball,Four-Seam,BallCalled,Undefined,Undefined,Undefined,0,0,,88.92634,-1.084539,-4.800616,2088.681958,205.349695,12:45,6.25227,2.11949,6.31916,-19.9156,15.01635,6.58985,3.59012,-1.7632,81.28877,-4.860498,-3.615258,0.425386,,,,,,,,,,,,-4.72906,8.43847,-1.77068,50,6.16303,10.55143,-128.81043,-3.01079,-7.95265,26.52663,-17.98343,BOC_EAG,MAI_BLA,HarringtonVillage,D1,ACC,20260421-HarringtonVillage-1,3cae64f0-3dd0-11f1-be13-814f369a648e,88.6077,,,7.63757,,,,,,,653c48cf-856e-4521-b1b6-52cd1878b7ca,2026-04-21,22:20:00.07,2026-04-21T18:20:00.0718848-04:00,2026-04-21T22:20:00.0718848Z,,v3,227,471344,26593,"Wainwright, Eric",1000396945,Right,MAI_BLA,9bd811cf-c4c6-4617-811d-171c21669eda,54.17778,-129.66793,13.26331,6.25096,-2.42946,-8.99172,-2.11592,10.80851,-3.97632,,,,,,,,,,,,,,,,,,,,,,,,,,,,,,,,,,,,,,,,,,,,,,,,,,,High,High,High,,,,,,210.088788,33.492969,1741.863719,0.833954,1:00,-0.602302,-0.428465,-0.673535,-67.38382,25.193956,-27.073422,178.57116,-26.400735,0.022335,-0.444647,-0.895428,26.407832,-1.279794,0.444647,-0.022335,0.895428,-26.407832,1.279794,-0.444647,0.022335,0.895428,-178.57116,26.400735,-0.022335,0.444647,-0.895428,,,
325,2026-04-21,18:20:18.07,1,4,"Holt, Sebastian",1000537391,Right,MAI_BLA,"Gallo, Luke",828057,Right,BOC_EAG,Undefined,9,Bottom,0,3,0,Fastball,Four-Seam,StrikeCalled,Undefined,Undefined,Undefined,0,0,,89.39614,-2.14759,-3.283396,2107.631342,207.769373,1:00,6.15383,2.16027,6.26187,-17.23631,17.54324,8.6139,2.73317,-0.15258,81.23775,-5.450216,-1.730033,0.424457,,,,,,,,,,,,-5.40201,10.06847,-1.92058,50,5.98573,7.07574,-129.56714,-5.32692,-9.12754,28.59862,-15.16182,BOC_EAG,MAI_BLA,HarringtonVillage,D1,ACC,20260421-HarringtonVillage-1,476ffed0-3dd0-11f1-be13-814f369a648e,88.80162,,,8.15838,,,,,,,653c48cf-856e-4521-b1b6-52cd1878b7ca,2026-04-21,22:20:18.07,2026-04-21T18:20:18.0764160-04:00,2026-04-21T22:20:18.0764160Z,,v3,227,471344,26593,"Wainwright, Eric",1000396945,Right,MAI_BLA,7522071a-7d39-4f09-8090-d4cf3443daa9,54.234,-130.49834,14.29931,6.15114,-4.83323,-7.58091,-2.15581,7.37294,-4.56377,,,,,,,,,,,,,,,,,,,,,,,,,,,,,,,,,,,,,,,,,,,,,,,,,,,High,High,High,,,,,,214.094042,31.484619,1797.346701,0.85278,1:15,-0.54361,-0.497264,-0.676178,-60.873947,20.511136,-22.147646,176.42044,-19.014946,0.059028,-0.325815,-0.943589,19.049438,-3.384002,0.325815,-0.059028,0.943589,-19.049438,3.384002,-0.325815,0.059028,0.943589,-176.42044,19.014946,-0.059028,0.325815,-0.943589,,,
326,2026-04-21,18:20:35.52,1,5,"Holt, Sebastian",1000537391,Right,MAI_BLA,"Gallo, Luke",828057,Right,BOC_EAG,Undefined,9,Bottom,0,3,1,Fastball,Four-Seam,BallCalled,Walk,Undefined,Undefined,0,0,,90.03861,-3.031082,-4.005462,2206.922259,202.588722,12:45,6.10236,1.99948,6.37571,-13.87989,20.56222,8.03367,2.14757,-1.02222,81.31226,-5.742358,-2.556023,0.422393,,,,,,,,,,,,-5.39441,11.98036,-1.71345,50,5.87617,8.78473,-130.2425,-7.22071,-9.15223,30.48652,-11.84793,BOC_EAG,MAI_BLA,HarringtonVillage,D1,ACC,20260421-HarringtonVillage-1,51d03ed0-3dd0-11f1-be13-814f369a648e,89.23556,,,8.72635,,,,,,,653c48cf-856e-4521-b1b6-52cd1878b7ca,2026-04-21,22:20:35.52,2026-04-21T18:20:35.5205120-04:00,2026-04-21T22:20:35.5205120Z,,v3,227,471344,26593,"Wainwright, Eric",1000396945,Right,MAI_BLA,19c5c0f6-09c3-44ce-b1f0-c698169e780d,54.1189,-131.20309,15.24326,6.09781,-6.8474,-5.92396,-1.99479,9.07311,-4.57612,,,,,,,,,,,,,,,,,,,,,,,,,,,,,,,,,,,,,,,,,,,,,,,,,,,High,High,High,,,,,,213.110651,32.247797,1866.500838,0.845748,1:00,-0.556648,-0.489565,-0.67117,-60.09968,18.812335,-32.059407,179.078696,14.833186,0.015543,0.256006,-0.96655,14.835019,0.890599,0.256006,0.015543,0.96655,-14.835019,-0.890599,-0.256006,-0.015543,0.96655,-179.078696,-14.833186,-0.015543,-0.256006,-0.96655,,,
327,2026-04-21,18:21:34.36,2,1,"Holt, Sebastian",1000537391,Right,MAI_BLA,"Surowiec, Danny",831970,Left,BOC_EAG,Undefined,9,Bottom,0,0,0,Fastball,Four-Seam,StrikeCalled,Undefined,Undefined,Undefined,0,0,,90.80458,-1.171559,-3.69027,2087.162822,211.946884,1:00,6.1285,2.31122,6.22507,-18.98599,14.86914,8.53981,3.46298,-0.38672,82.20873,-4.79243,-2.152526,0.418778,,,,,,,,,,,,-5.50764,8.39193,-2.03894,50,6.03122,8.122,-131.568,-3.24426,-9.56538,30.30535,-17.59936,BOC_EAG,MAI_BLA,HarringtonVillage,D1,ACC,20260421-HarringtonVillage-1,74e56a80-3dd0-11f1-be13-814f369a648e,90.00582,,,8.59585,,,,,,,653c48cf-856e-4521-b1b6-52cd1878b7ca,2026-04-21,22:21:34.36,2026-04-21T18:21:34.3676928-04:00,2026-04-21T22:21:34.3676928Z,,v3,227,471344,26593,"Wainwright, Eric",1000396945,Right,MAI_BLA,22380456-9dbd-4b4e-80ae-5440b7de8226,54.27032,-132.54797,15.15267,6.12693,-2.67516,-8.79968,-2.30658,8.43131,-4.78269,,,,,,,,,,,,,,,,,,,,,,,,,,,,,,,,,,,,,,,,,,,,,,,,,,,High,High,High,,,,,,213.197982,33.34332,1743.599163,0.835392,1:00,-0.58406,-0.468548,-0.662825,-60.127324,28.12294,-15.379718,175.381016,-22.589862,0.074351,-0.384132,-0.92028,22.656041,-4.263924,0.384132,-0.074351,0.92028,-22.656041,4.263924,-0.384132,0.074351,0.92028,-175.381016,22.589862,-0.074351,0.384132,-0.92028,,,
328,2026-04-21,18:21:51.01,2,2,"Holt, Sebastian",1000537391,Right,MAI_BLA,"Surowiec, Danny",831970,Left,BOC_EAG,Undefined,9,Bottom,0,0,1,Fastball,Four-Seam,FoulBallNotFieldable,Undefined,Undefined,Undefined,0,0,,89.9585,-1.31731,-2.949505,2042.840675,206.448853,1:00,6.06039,2.29458,6.21963,-21.1519,13.35642,6.04378,3.08034,0.07414,81.42916,-5.331047,-1.85988,0.422798,72.08265,35.744466,-33.988925,4305.046172,82.80409,55.9577,-72.41157,228.31994,128.45169,-48.509411,3.940481,-4.06981,7.69178,-2.07669,50,5.95117,6.47636,-130.45,-3.63552,-6.92956,30.48756,-19.07743,BOC_EAG,MAI_BLA,HarringtonVillage,D1,ACC,20260421-HarringtonVillage-1,7ec81610-3dd0-11f1-be13-814f369a648e,89.1499,57.08994,,8.52934,,,,0.88363,3.02498,-0.01749,653c48cf-856e-4521-b1b6-52cd1878b7ca,2026-04-21,22:21:51.01,2026-04-21T18:21:51.0167552-04:00,2026-04-21T22:21:51.0167552Z,FlyBall,v3,227,471344,26593,"Wainwright, Eric",1000396945,Right,MAI_BLA,1bc44955-31fa-467c-8df9-3e90bbf14aed,54.27801,-131.44601,15.24378,6.05976,-3.01227,-9.53872,-2.29197,6.70274,-3.46478,135.410851,0.88317,71.16588,-16.81147,4.3223,-1.16163,0.35276,-0.09974,0.01729,-0.00121,3.02571,61.73449,-19.4151,0.98528,0.18758,-0.18707,0.06482,-0.01013,0.00059,-0.01777,-47.95891,0.34601,0.81014,-0.3234,0.0719,-0.00738,-0.00046,0.00012,,,,,,,,,,,,,,,,,,,,,,,High,High,High,High,Medium,,,,213.187423,37.541323,1619.797147,0.792914,1:00,-0.632546,-0.447918,-0.631866,-62.142578,25.330659,-18.06454,170.759115,-22.916823,0.147911,-0.389394,-0.909117,23.186485,-8.505869,0.389394,-0.147911,0.909117,-23.186485,8.505869,-0.389394,0.147911,0.909117,-170.759115,22.916823,-0.147911,0.389394,-0.909117,,,
329,2026-04-21,18:22:28.73,2,3,"Holt, Sebastian",1000537391,Right,MAI_BLA,"Surowiec, Danny",831970,Left,BOC_EAG,Undefined,9,Bottom,0,0,2,Fastball,Four-Seam,FoulBallNotFieldable,Undefined,Undefined,Undefined,0,0,,90.35019,-1.211701,-2.984261,2204.1366,203.045422,12:45,6.12921,2.27009,6.22595,-15.78154,18.53375,7.35658,3.69442,0.12722,81.38404,-4.270761,-1.658295,0.421614,73.78663,13.204527,-171.073375,1334.692953,-108.00381,8.72416,-20.86068,143.00952,45.55464,-168.55483,1.622782,-4.75874,10.34095,-2.05041,50,6.03062,6.51953,-130.95311,-3.1804,-8.14123,31.47096,-14.48276,BOC_EAG,MAI_BLA,HarringtonVillage,D1,ACC,20260421-HarringtonVillage-1,954c6620-3dd0-11f1-be13-814f369a648e,89.4003,12.27591,,8.96615,,,,0.39074,3.66628,-0.16193,653c48cf-856e-4521-b1b6-52cd1878b7ca,2026-04-21,22:22:28.73,2026-04-21T18:22:28.7326208-04:00,2026-04-21T22:22:28.7326208Z,LineDrive,v3,227,471344,26593,"Wainwright, Eric",1000396945,Right,MAI_BLA,c4805359-3d79-426c-ae59-4768e74de5ab,54.26985,-131.97526,15.73548,6.12628,-2.71002,-7.24138,-2.26645,6.78395,-4.07061,261.832899,0.11056,-101.64398,9.45563,,,,,,,3.88226,22.88292,-15.6481,,,,,,,-0.10431,-16.85529,-0.3675,,,,,,,,,,,,,,,,,,,,,,,,,,,,,High,High,High,High,Low,,,,212.251986,29.845319,1911.806572,0.867372,1:00,-0.525289,-0.473288,-0.707156,-58.642034,22.031564,-27.37059,177.916391,17.16808,0.034738,0.295176,-0.954811,17.17877,1.990731,0.295176,0.034738,0.954811,-17.17877,-1.990731,-0.295176,-0.034738,0.954811,-177.916391,-17.16808,-0.034738,-0.295176,-0.954811,65.35582,9.81955,-2.51568
330,2026-04-21,18:22:53.03,2,4,"Holt, Sebastian",1000537391,Right,MAI_BLA,"Surowiec, Danny",831970,Left,BOC_EAG,Undefined,9,Bottom,0,0,2,Fastball,Four-Seam,InPlay,Undefined,GroundBall,Out,2,0,,90.86484,-1.32271,-3.236086,2184.505504,216.691166,1:15,6.12824,2.2487,6.26409,-18.49714,14.98737,10.35831,3.36513,0.12511,82.86216,-4.842639,-1.367648,0.416479,96.91298,7.152108,-0.308596,938.348203,109.75268,4.83363,-7.36089,138.62962,138.62962,-4.774551,1.168699,-6.31189,8.48937,-2.01377,50,6.02099,7.03371,-131.85309,-3.5859,-11.08527,28.65751,-17.26454,BOC_EAG,MAI_BLA,HarringtonVillage,D1,ACC,20260421-HarringtonVillage-1,a3c4ed80-3dd0-11f1-be13-814f369a648e,90.50254,7.5304,,8.00268,,,,0.69159,3.32391,-0.11381,653c48cf-856e-4521-b1b6-52cd1878b7ca,2026-04-21,22:22:53.03,2026-04-21T18:22:53.0319872-04:00,2026-04-21T22:22:53.0319872Z,GroundBall,v3,227,471344,26593,"Wainwright, Eric",1000396945,Right,MAI_BLA,92a4fc6b-2671-43b4-8c0f-1ed62baab02d,54.23446,-132.77023,14.32875,6.12691,-3.03337,-8.63227,-2.24456,7.38848,-5.54263,87.919783,0.69159,141.0308,-24.16643,4.40773,-0.91878,0.18315,-0.03788,0.00672,-0.00069,3.32391,17.69684,-19.5064,2.04568,-0.4294,0.0987,-0.02083,0.00396,-0.00044,-0.11381,-0.7596,-10.73877,3.47119,-0.99136,0.26124,-0.06444,0.0129,-0.00144,,,,,,,,,,,,,,,,,,,,,,,High,High,High,High,High,,,,212.082013,32.636498,1839.591802,0.842109,1:00,-0.568274,-0.459602,-0.682519,-66.20975,20.586871,-24.196948,175.600053,-25.281332,0.06937,-0.427063,-0.901557,25.346696,-3.977813,0.427063,-0.06937,0.901557,-25.346696,3.977813,-0.427063,0.06937,0.901557,-175.600053,25.281332,-0.06937,0.427063,-0.901557,,,
331,2026-04-21,18:23:31.67,3,1,"Holt, Sebastian",1000537391,Right,MAI_BLA,"Johnson, Gunnar",1000100233,Right,BOC_EAG,Undefined,9,Bottom,2,0,0,Fastball,Four-Seam,StrikeSwinging,Undefined,Undefined,Undefined,0,0,,90.259,-1.24723,-2.392219,2159.684373,204.499345,12:45,6.19571,2.06939,6.1319,-18.36517,15.78654,6.67882,3.51129,0.41357,82.13212,-4.743381,-1.189365,0.420608,,,,,,,,,,,,-4.11036,8.83497,-1.88982,50,6.09072,5.18617,-130.96659,-3.3851,-7.10941,28.73166,-16.89282,BOC_EAG,MAI_BLA,HarringtonVillage,D1,ACC,20260421-HarringtonVillage-1,bacdafd0-3dd0-11f1-be13-814f369a648e,89.61414,,,8.12688,,,,,,,653c48cf-856e-4521-b1b6-52cd1878b7ca,2026-04-21,22:23:31.67,2026-04-21T18:23:31.6763648-04:00,2026-04-21T22:23:31.6763648Z,,v3,227,471344,26593,"Wainwright, Eric",1000396945,Right,MAI_BLA,d3f57e72-9b63-4e71-8d65-3a25ac01526b,54.36383,-131.92045,14.36583,6.1938,-2.82427,-8.44641,-2.06592,5.4222,-3.5547,,,,,,,,,,,,,,,,,,,,,,,,,,,,,,,,,,,,,,,,,,,,,,,,,,,High,High,High,,,,,,212.398517,29.06053,1887.795314,0.874107,1:00,-0.505816,-0.478813,-0.717558,-54.30337,26.287454,-17.264838,179.263452,16.90193,0.0123,0.290734,-0.956725,16.903247,0.70473,0.290734,0.0123,0.956725,-16.903247,-0.70473,-0.290734,-0.0123,0.956725,-179.263452,-16.90193,-0.0123,-0.290734,-0.956725,,,
332,2026-04-21,18:23:49.47,3,2,"Holt, Sebastian",1000537391,Right,MAI_BLA,"Johnson, Gunnar",1000100233,Right,BOC_EAG,Undefined,9,Bottom,2,0,1,Fastball,Four-Seam,BallCalled,Undefined,Undefined,Undefined,0,0,,90.605,-0.671103,-4.02321,2152.67456,199.713077,12:45,6.057,2.15246,6.44379,-19.36533,14.04095,4.6563,3.82504,-1.16231,82.83957,-4.352112,-3.182295,0.415992,,,,,,,,,,,,-3.51646,7.83166,-1.86851,50,6.00035,9.05231,-131.41225,-2.08966,-6.15618,27.54921,-18.46332,BOC_EAG,MAI_BLA,HarringtonVillage,D1,ACC,20260421-HarringtonVillage-1,c56a5c90-3dd0-11f1-be13-814f369a648e,90.60847,,,7.76543,,,,,,,653c48cf-856e-4521-b1b6-52cd1878b7ca,2026-04-21,22:23:49.47,2026-04-21T18:23:49.4731776-04:00,2026-04-21T22:23:49.4731776Z,,v3,227,471344,26593,"Wainwright, Eric",1000396945,Right,MAI_BLA,91a4f7b1-aa4e-42fd-9db0-a8764fee2a2c,54.05265,-132.25912,13.7746,6.05586,-1.52209,-9.23166,-2.14969,9.24155,-3.07809,,,,,,,,,,,,,,,,,,,,,,,,,,,,,,,,,,,,,,,,,,,,,,,,,,,High,High,High,,,,,,209.628844,34.566089,1772.667898,0.823472,1:00,-0.611384,-0.413725,-0.674567,-65.595496,15.189258,-29.893571,171.49191,-23.331511,0.135851,-0.396051,-0.908124,23.562963,-7.807836,0.396051,-0.135851,0.908124,-23.562963,7.807836,-0.396051,0.135851,0.908124,-171.49191,23.331511,-0.135851,0.396051,-0.908124,,,
333,2026-04-21,18:24:08.84,3,3,"Holt, Sebastian",1000537391,Right,MAI_BLA,"Johnson, Gunnar",1000100233,Right,BOC_EAG,Undefined,9,Bottom,2,1,1,Fastball,Four-Seam,BallCalled,Undefined,Undefined,Undefined,0,0,,89.38878,-0.172368,-2.611536,2182.035674,206.228112,12:45,6.10248,2.14936,6.27335,-20.56308,14.17938,6.40618,4.22983,0.27417,81.02398,-4.089063,-1.455244,0.42423,,,,,,,,,,,,-4.07819,7.74985,-1.95907,50,6.07964,5.64866,-129.69752,-0.98372,-6.89222,29.1084,-19.07667,BOC_EAG,MAI_BLA,HarringtonVillage,D1,ACC,20260421-HarringtonVillage-1,d0f16950-3dd0-11f1-be13-814f369a648e,88.849,,,8.3648,,,,,,,653c48cf-856e-4521-b1b6-52cd1878b7ca,2026-04-21,22:24:08.84,2026-04-21T18:24:08.8483328-04:00,2026-04-21T22:24:08.8483328Z,,v3,227,471344,26593,"Wainwright, Eric",1000396945,Right,MAI_BLA,ca359236-012e-4b18-a84c-91c3b246ba6a,54.22195,-130.64162,14.5542,6.10151,-0.36498,-9.53834,-2.1459,5.8722,-3.44611,,,,,,,,,,,,,,,,,,,,,,,,,,,,,,,,,,,,,,,,,,,,,,,,,,,High,High,High,,,,,,208.054932,36.847897,1746.131133,0.80023,1:00,-0.630114,-0.378165,-0.678195,-66.226617,12.924885,-36.375574,172.252164,-22.945472,0.124147,-0.389855,-0.91247,23.134717,-7.131473,0.389855,-0.124147,0.91247,-23.134717,7.131473,-0.389855,0.124147,0.91247,-172.252164,22.945472,-0.124147,0.389855,-0.91247,,,
334,2026-04-21,18:24:26.54,3,4,"Holt, Sebastian",1000537391,Right,MAI_BLA,"Johnson, Gunnar",1000100233,Right,BOC_EAG,Undefined,9,Bottom,2,2,1,Fastball,Four-Seam,FoulBallNotFieldable,Undefined,Undefined,Undefined,0,0,,89.9308,-1.229259,-2.528844,2176.988161,201.427986,12:45,6.14668,2.03958,6.28417,-21.39442,12.81355,4.5865,3.22961,0.08962,81.91596,-5.277878,-1.700479,0.420954,82.21495,59.417817,74.716888,5334.943261,,,,,69.53965,,,-3.12358,7.35713,-1.85523,50,6.04559,5.57969,-130.53796,-3.44287,-5.36239,28.78181,-19.54384,BOC_EAG,MAI_BLA,HarringtonVillage,D1,ACC,20260421-HarringtonVillage-1,db895b20-3dd0-11f1-be13-814f369a648e,89.54042,102.26666,,8.01484,,,,0.48766,3.14309,-0.06216,653c48cf-856e-4521-b1b6-52cd1878b7ca,2026-04-21,22:24:26.54,2026-04-21T18:24:26.5474560-04:00,2026-04-21T22:24:26.5474560Z,,v3,227,471344,26593,"Wainwright, Eric",1000396945,Right,MAI_BLA,a40b517a-15bc-4da7-890b-69fbf4336be4,54.21337,-131.46367,14.39091,6.14621,-2.81428,-9.77192,-2.03747,5.75216,-2.68119,,0.48769,16.16448,-12.68925,3.20347,1.34007,-3.10166,2.62826,-1.11406,0.18953,3.14309,103.80986,-27.33613,3.32524,-1.00127,0.6861,-0.48132,0.19553,-0.03293,-0.06215,59.17825,-9.00875,1.7851,-0.01766,-0.41498,0.37803,-0.16253,0.02768,,,,,,,,,,,,,,,,,,,,,,,High,High,High,Low,Undefined,,,,207.601703,33.399602,1817.462248,0.834852,1:00,-0.574166,-0.398526,-0.7152,-60.473711,14.01428,-29.260868,172.387057,-20.998314,0.123682,-0.35834,-0.925362,21.168575,-7.104673,0.35834,-0.123682,0.925362,-21.168575,7.104673,-0.35834,0.123682,0.925362,-172.387057,20.998314,-0.123682,0.35834,-0.925362,72.17278,17.57084,3.5852
335,2026-04-21,18:24:48.92,3,5,"Holt, Sebastian",1000537391,Right,MAI_BLA,"Johnson, Gunnar",1000100233,Right,BOC_EAG,Undefined,9,Bottom,2,2,2,Fastball,Four-Seam,FoulBallNotFieldable,Undefined,Undefined,Undefined,0,0,,91.24183,-1.80477,-2.929624,2235.302274,200.532579,12:45,6.02981,2.03061,6.20723,-18.81525,14.30422,4.97508,2.79339,-0.26112,83.7033,-5.360186,-2.03295,0.414203,92.02165,11.788678,42.694551,4045.101368,71.78617,13.54834,83.34705,184.58145,172.06105,54.10385,1.812289,-3.37146,8.21721,-1.81303,50,5.88461,6.5741,-132.44718,-4.74395,-6.0068,27.49381,-17.53373,BOC_EAG,MAI_BLA,HarringtonVillage,D1,ACC,20260421-HarringtonVillage-1,e8dbb200-3dd0-11f1-be13-814f369a648e,90.99995,13.83611,,7.53853,,,,-0.08774,2.74668,0.13491,653c48cf-856e-4521-b1b6-52cd1878b7ca,2026-04-21,22:24:48.92,2026-04-21T18:24:48.9237504-04:00,2026-04-21T22:24:48.9237504Z,LineDrive,v3,227,471344,26593,"Wainwright, Eric",1000396945,Right,MAI_BLA,50c4730a-36d2-4953-9795-fde7aab09424,54.29139,-133.33502,13.7469,6.02866,-4.17775,-8.76687,-2.02845,6.76808,-3.0034,,-0.08772,97.10269,-28.61635,6.27275,-1.34969,0.20809,-0.02213,0.00839,-0.0024,2.74667,27.57409,-18.31247,1.66224,-0.34847,0.1081,-0.03268,0.00552,-0.00016,0.1349,89.58916,-3.26754,-0.81201,0.32348,-0.01902,-0.02475,0.00473,0.00043,,,,,,,,,,,,,,,,,,,,,,,High,High,High,High,Medium,,,,211.938053,32.686409,1881.317355,0.841639,1:00,-0.561568,-0.462016,-0.686428,-54.144236,39.185756,-20.133209,171.186468,14.654984,0.148235,0.252998,-0.956043,14.822428,8.524628,0.252998,0.148235,0.956043,-14.822428,-8.524628,-0.252998,-0.148235,0.956043,-171.186468,-14.654984,-0.148235,-0.252998,-0.956043,63.58328,8.64406,20.48735
336,2026-04-21,18:25:28.05,3,6,"Holt, Sebastian",1000537391,Right,MAI_BLA,"Johnson, Gunnar",1000100233,Right,BOC_EAG,Undefined,9,Bottom,2,2,2,Fastball,Four-Seam,StrikeSwinging,Strikeout,Undefined,Undefined,0,0,,90.74266,-2.107107,-3.792916,2156.915373,207.074859,1:00,6.16994,2.15082,6.27144,-14.8078,18.70745,9.0193,2.98837,-0.5992,83.00846,-4.953526,-2.167944,0.41667,,,,,,,,,,,,-5.68248,10.58721,-1.87407,50,6.0062,8.34686,-131.56077,-5.23202,-9.98022,27.36237,-13.57959,BOC_EAG,MAI_BLA,HarringtonVillage,D1,ACC,20260421-HarringtonVillage-1,00363dd0-3dd1-11f1-be13-814f369a648e,90.46107,,,7.7342,,,,,,,653c48cf-856e-4521-b1b6-52cd1878b7ca,2026-04-21,22:25:28.05,2026-04-21T18:25:28.0586752-04:00,2026-04-21T22:25:28.0586752Z,,v3,227,471344,26593,"Wainwright, Eric",1000396945,Right,MAI_BLA,0656bac4-5e13-4671-b449-4dc1efcadddb,54.22583,-132.43676,13.68118,6.16674,-4.79728,-6.78979,-2.14641,8.66637,-4.99011,,,,,,,,,,,,,,,,,,,,,,,,,,,,,,,,,,,,,,,,,,,,,,,,,,,High,High,High,,,,,,211.99083,26.068746,1937.486808,0.898267,1:00,-0.471128,-0.491723,-0.732289,-62.953852,25.96262,-15.847172,177.81868,25.908542,0.034237,0.436936,-0.898841,25.924869,1.961991,0.436936,0.034237,0.898841,-25.924869,-1.961991,-0.436936,-0.034237,0.898841,-177.81868,-25.908542,-0.034237,-0.436936,-0.898841,,,