PitchNo,Date,Time,PAofInning,PitchofPA,Pitcher,PitcherId,PitcherThrows,PitcherTeam,Batter,BatterId,BatterSide,BatterTeam,PitcherSet,Inning,Top/Bottom,Outs,Balls,Strikes,TaggedPitchType,AutoPitchType,PitchCall,KorBB,TaggedHitType,PlayResult,OutsOnPlay,RunsScored,Notes,RelSpeed,VertRelAngle,HorzRelAngle,SpinRate,SpinAxis,Tilt,RelHeight,RelSide,Extension,VertBreak,InducedVertBreak,HorzBreak,PlateLocHeight,PlateLocSide,ZoneSpeed,VertApprAngle,HorzApprAngle,ZoneTime,ExitSpeed,Angle,Direction,HitSpinRate,PositionAt110X,PositionAt110Y,PositionAt110Z,Distance,LastTrackedDistance,Bearing,HangTime,pfxx,pfxz,x0,y0,z0,vx0,vy0,vz0,ax0,ay0,az0,HomeTeam,AwayTeam,Stadium,Level,League,GameID,PitchUID,EffectiveVelo,MaxHeight,MeasuredDuration,SpeedDrop,PitchLastMeasuredX,PitchLastMeasuredY,PitchLastMeasuredZ,ContactPositionX,ContactPositionY,ContactPositionZ,GameUID,UTCDate,UTCTime,LocalDateTime,UTCDateTime,AutoHitType,System,HomeTeamForeignID,AwayTeamForeignID,GameForeignID,Catcher,CatcherId,CatcherThrows,CatcherTeam,PlayID,PitchTrajectoryXc0,PitchTrajectoryXc1,PitchTrajectoryXc2,PitchTrajectoryYc0,PitchTrajectoryYc1,PitchTrajectoryYc2,PitchTrajectoryZc0,PitchTrajectoryZc1,PitchTrajectoryZc2,HitSpinAxis,HitTrajectoryXc0,HitTrajectoryXc1,HitTrajectoryXc2,HitTrajectoryXc3,HitTrajectoryXc4,HitTrajectoryXc5,HitTrajectoryXc6,HitTrajectoryXc7,HitTrajectoryXc8,HitTrajectoryYc0,HitTrajectoryYc1,HitTrajectoryYc2,HitTrajectoryYc3,HitTrajectoryYc4,HitTrajectoryYc5,HitTrajectoryYc6,HitTrajectoryYc7,HitTrajectoryYc8,HitTrajectoryZc0,HitTrajectoryZc1,HitTrajectoryZc2,HitTrajectoryZc3,HitTrajectoryZc4,HitTrajectoryZc5,HitTrajectoryZc6,HitTrajectoryZc7,HitTrajectoryZc8,ThrowSpeed,PopTime,ExchangeTime,TimeToBase,CatchPositionX,CatchPositionY,CatchPositionZ,ThrowPositionX,ThrowPositionY,ThrowPositionZ,BasePositionX,BasePositionY,BasePositionZ,ThrowTrajectoryXc0,ThrowTrajectoryXc1,ThrowTrajectoryXc2,ThrowTrajectoryYc0,ThrowTrajectoryYc1,ThrowTrajectoryYc2,ThrowTrajectoryZc0,ThrowTrajectoryZc1,ThrowTrajectoryZc2,PitchReleaseConfidence,PitchLocationConfidence,PitchMovementConfidence,HitLaunchConfidence,HitLandingConfidence,CatcherThrowCatchConfidence,CatcherThrowReleaseConfidence,CatcherThrowLocationConfidence,SpinAxis3dTransverseAngle,SpinAxis3dLongitudinalAngle,SpinAxis3dActiveSpinRate,SpinAxis3dSpinEfficiency,SpinAxis3dTilt,SpinAxis3dVectorX,SpinAxis3dVectorY,SpinAxis3dVectorZ,SpinAxis3dSeamOrientationRotationX,SpinAxis3dSeamOrientationRotationY,SpinAxis3dSeamOrientationRotationZ,SpinAxis3dSeamOrientationBallAngleHorizontalAmb1,SpinAxis3dSeamOrientationBallAngleVerticalAmb1,SpinAxis3dSeamOrientationBallXAmb1,SpinAxis3dSeamOrientationBallYAmb1,SpinAxis3dSeamOrientationBallZAmb1,SpinAxis3dSeamOrientationBallAngleHorizontalAmb2,SpinAxis3dSeamOrientationBallAngleVerticalAmb2,SpinAxis3dSeamOrientationBallXAmb2,SpinAxis3dSeamOrientationBallYAmb2,SpinAxis3dSeamOrientationBallZAmb2,SpinAxis3dSeamOrientationBallAngleHorizontalAmb3,SpinAxis3dSeamOrientationBallAngleVerticalAmb3,SpinAxis3dSeamOrientationBallXAmb3,SpinAxis3dSeamOrientationBallYAmb3,SpinAxis3dSeamOrientationBallZAmb3,SpinAxis3dSeamOrientationBallAngleHorizontalAmb4,SpinAxis3dSeamOrientationBallAngleVerticalAmb4,SpinAxis3dSeamOrientationBallXAmb4,SpinAxis3dSeamOrientationBallYAmb4,SpinAxis3dSeamOrientationBallZAmb4,BatSpeed,VerticalAttackAngle,HorizontalAttackAngle
1,2026-05-10,15:47:48.14,1,1,"Colarusso, AJ",1000090794,Left,BOC_EAG,"Sallie, Ty",1000121067,Right,NJI_HIG,Undefined,1,Top,0,0,0,Fastball,Four-Seam,BallCalled,Undefined,Undefined,Undefined,0,0,,90.75975,-2.190117,1.042442,2178.839149,150.878951,11:00,5.91762,-1.06139,5.84529,-14.32032,20.17037,-10.53284,2.68768,-0.97029,81.76021,-4.963849,-0.846356,0.42269,,,,,,,,,,,,5.65957,11.32808,0.98251,50,5.73097,-1.91982,-131.52091,-5.40451,9.7664,31.747,-12.62576,BOC_EAG,NJI_HIG,HarringtonVillage,D1,ACC,20260510-HarringtonVillage-2,1f837950-4ca9-11f1-98a7-99e76b8d40b0,89.17269,,,8.99954,,,,,,,c0d103a8-7181-4857-96e7-9fcaa0451196,2026-05-10,19:47:48.14,2026-05-10T15:47:48.1483776-04:00,2026-05-10T19:47:48.1483776Z,,v3,227,471378,,"Gonzalez, Cesar",831498,Right,BOC_EAG,5c206f86-9271-4c1e-b2c4-b1436a5c8281,54.64906,-132.63837,15.8735,5.91338,-4.9601,-6.31288,1.05614,-2.26358,4.8832,,,,,,,,,,,,,,,,,,,,,,,,,,,,,,,,,,,,,,,,,,,,,,,,,,,High,High,High,,,,,,154.122663,-5.600304,2168.439293,0.995227,11:15,0.097195,0.437775,-0.893816,31.822025,-26.938943,42.234393,175.301681,16.72079,0.078446,0.287708,-0.9545,16.774003,4.499247,0.287708,0.078446,0.9545,-16.774003,-4.499247,-0.287708,-0.078446,0.9545,-175.301681,-16.72079,-0.078446,-0.287708,-0.9545,,,
2,2026-05-10,15:48:00.48,1,2,"Colarusso, AJ",1000090794,Left,BOC_EAG,"Sallie, Ty",1000121067,Right,NJI_HIG,Undefined,1,Top,0,1,0,Fastball,Four-Seam,FoulBallNotFieldable,Undefined,Undefined,Undefined,0,0,,89.77299,-2.090534,1.555536,2169.113495,167.945835,11:30,5.90333,-1.1426,5.78483,-12.91485,22.26163,-4.48925,2.88059,-0.06916,81.20514,-4.606627,0.751902,0.426872,74.24546,43.858244,161.090013,3332.293919,,,,,46.27283,,,2.78516,12.39103,1.01719,50,5.72355,-3.34298,-130.16335,-5.08324,4.7262,30.09926,-11.14752,BOC_EAG,NJI_HIG,HarringtonVillage,D1,ACC,20260510-HarringtonVillage-2,26dce1f0-4ca9-11f1-98a7-99e76b8d40b0,88.29918,39.08512,,8.56785,,,,2.06179,3.03266,0.09358,c0d103a8-7181-4857-96e7-9fcaa0451196,2026-05-10,19:48:00.48,2026-05-10T15:48:00.4868096-04:00,2026-05-10T19:48:00.4868096Z,,v3,227,471378,,"Gonzalez, Cesar",831498,Right,BOC_EAG,e34fb43e-01e3-4a1f-98f9-4d586938ab64,54.71281,-131.24863,15.04963,5.89959,-4.6813,-5.57376,1.14079,-3.51339,2.3631,358.974145,2.06179,-74.28042,3.33036,0.70847,-0.11569,-0.4617,1.16618,-1.32771,0.60564,3.03266,75.44945,-31.72159,4.26674,-0.64323,-0.93931,2.39956,-2.7195,1.23593,0.09358,25.44634,-1.36025,-0.21226,0.02913,0.17644,-0.43705,0.49657,-0.22638,,,,,,,,,,,,,,,,,,,,,,,High,High,High,High,Undefined,,,,157.078437,-12.295435,2119.359548,0.977063,11:15,0.223285,0.388052,-0.894181,22.991172,-27.466725,40.787253,177.796044,14.488922,0.037234,0.250193,-0.96748,14.499196,2.133829,0.250193,0.037234,0.96748,-14.499196,-2.133829,-0.250193,-0.037234,0.96748,-177.796044,-14.488922,-0.037234,-0.250193,-0.96748,,,
3,2026-05-10,15:48:16.86,1,3,"Colarusso, AJ",1000090794,Left,BOC_EAG,"Sallie, Ty",1000121067,Right,NJI_HIG,Undefined,1,Top,0,1,1,Cutter,Cutter,StrikeCalled,Undefined,Undefined,Undefined,0,0,,86.80492,0.256092,0.609992,2369.877771,242.593532,2:00,5.81213,-1.62607,5.39377,-32.39427,5.16299,7.81465,3.35262,-0.40316,79.86829,-5.679298,2.00011,0.441081,,,,,,,,,,,,-3.7528,2.88847,1.56605,50,5.81231,-1.68601,-126.09644,-0.62945,-6.07566,24.31405,-27.49774,BOC_EAG,NJI_HIG,HarringtonVillage,D1,ACC,20260510-HarringtonVillage-2,30a045b0-4ca9-11f1-98a7-99e76b8d40b0,85.45466,,,6.93663,,,,,,,c0d103a8-7181-4857-96e7-9fcaa0451196,2026-05-10,19:48:16.86,2026-05-10T15:48:16.8624640-04:00,2026-05-10T19:48:16.8624640Z,,v3,227,471378,,"Gonzalez, Cesar",831498,Right,BOC_EAG,b8380136-f111-45d3-aeef-509d546d1faa,55.10452,-127.07689,12.15703,5.81534,0.47938,-13.74887,1.6291,-1.44102,-3.03783,,,,,,,,,,,,,,,,,,,,,,,,,,,,,,,,,,,,,,,,,,,,,,,,,,,High,High,High,,,,,,174.519994,-65.319816,989.549187,0.417553,11:45,0.913195,0.035814,-0.405945,-55.961198,-39.866256,55.412993,170.704477,8.005081,0.159953,0.139261,-0.977252,8.110191,9.204153,0.139261,0.159953,0.977252,-8.110191,-9.204153,-0.139261,-0.159953,0.977252,-170.704477,-8.005081,-0.159953,-0.139261,-0.977252,,,
4,2026-05-10,15:48:32.95,1,4,"Colarusso, AJ",1000090794,Left,BOC_EAG,"Sallie, Ty",1000121067,Right,NJI_HIG,Undefined,1,Top,0,1,2,Cutter,Cutter,InPlay,Undefined,LineDrive,Single,0,0,,87.45639,-1.81947,1.67587,2377.26068,210.349379,1:00,5.76474,-1.56479,5.52835,-29.51899,7.19697,3.60122,1.60264,0.3024,81.0219,-7.219365,2.318136,0.436113,100.76359,6.887785,-12.244695,742.535073,,,,112.8475,110.09373,-13.070129,0.841293,-1.41866,4.39988,1.4166,50,5.58666,-3.86691,-127.04167,-5.09007,-2.33995,23.77487,-24.91689,BOC_EAG,NJI_HIG,HarringtonVillage,D1,ACC,20260510-HarringtonVillage-2,3a30d9a0-4ca9-11f1-98a7-99e76b8d40b0,86.42818,4.75668,,6.43449,,,,2.07437,1.60306,-0.1961,c0d103a8-7181-4857-96e7-9fcaa0451196,2026-05-10,19:48:32.95,2026-05-10T15:48:32.9553920-04:00,2026-05-10T19:48:32.9553920Z,GroundBall,v3,227,471378,,"Gonzalez, Cesar",831498,Right,BOC_EAG,c72d555b-40a5-4c2d-9e15-0530c2c9b472,54.9723,-127.96882,11.88743,5.76621,-4.11839,-12.45845,1.56562,-3.77566,-1.16998,23.897339,2.13675,142.37155,-17.01915,,,,,,,1.68419,16.40561,-21.98427,,,,,,,-0.19067,-31.20768,1.30137,,,,,,,,,,,,,,,,,,,,,,,,,,,,,High,High,High,High,High,,,,168.87825,-65.951741,968.747888,0.407506,11:45,0.921551,0.107561,-0.373061,-51.142606,-43.10351,46.919214,164.421985,12.305454,0.26238,0.213123,-0.941135,12.759631,15.211352,0.213123,0.26238,0.941135,-12.759631,-15.211352,-0.213123,-0.26238,0.941135,-164.421985,-12.305454,-0.26238,-0.213123,-0.941135,77.38609,11.24866,-4.5408
5,2026-05-10,15:49:06.68,2,1,"Colarusso, AJ",1000090794,Left,BOC_EAG,"Francis, Austin",1000236684,Right,NJI_HIG,Undefined,1,Top,0,0,0,Cutter,Cutter,BallCalled,Undefined,Undefined,Undefined,0,0,,86.20977,-2.32684,0.988167,2330.221384,238.910294,2:00,5.77838,-1.69256,5.4844,-31.71128,6.3302,8.60634,0.95729,-0.05075,79.63493,-8.113489,2.52328,0.443915,,,,,,,,,,,,-4.11185,4.14886,1.59983,50,5.55268,-2.51812,-125.15131,-6.21555,-6.54774,24.30714,-25.56743,BOC_EAG,NJI_HIG,HarringtonVillage,D1,ACC,20260510-HarringtonVillage-2,4e571570-4ca9-11f1-98a7-99e76b8d40b0,84.9091,,,6.57484,,,,,,,c0d103a8-7181-4857-96e7-9fcaa0451196,2026-05-10,19:49:06.68,2026-05-10T15:49:06.6896384-04:00,2026-05-10T19:49:06.6896384Z,,v3,227,471378,,"Gonzalez, Cesar",831498,Right,BOC_EAG,1852c03c-fac1-496f-a51d-c8b94e41c860,55.0155,-126.12166,12.15357,5.78044,-5.19488,-12.78371,1.69514,-2.25673,-3.27387,,,,,,,,,,,,,,,,,,,,,,,,,,,,,,,,,,,,,,,,,,,,,,,,,,,High,High,High,,,,,,165.748611,-64.058174,1019.374815,0.437458,11:30,0.901304,0.144112,-0.408512,-41.884783,-52.357426,40.710274,171.088914,12.774633,0.151067,0.221117,-0.963476,12.925496,8.688785,0.221117,0.151067,0.963476,-12.925496,-8.688785,-0.221117,-0.151067,0.963476,-171.088914,-12.774633,-0.151067,-0.221117,-0.963476,,,
6,2026-05-10,15:49:22.07,2,2,"Colarusso, AJ",1000090794,Left,BOC_EAG,"Francis, Austin",1000236684,Right,NJI_HIG,Undefined,1,Top,0,1,0,ChangeUp,Changeup,BallCalled,Undefined,Undefined,Undefined,0,0,,83.9,-0.304944,1.336827,1600.580119,115.564908,9:45,5.82552,-1.29872,5.43335,-31.63084,9.45796,-16.58312,2.90396,-1.42851,75.50448,-6.17692,-1.615937,0.461353,,,,,,,,,,,,8.70162,5.31666,1.19185,50,5.77717,-2.11312,-121.5417,-1.72864,12.77943,27.8665,-24.36589,BOC_EAG,NJI_HIG,HarringtonVillage,D1,ACC,20260510-HarringtonVillage-2,5783de80-4ca9-11f1-98a7-99e76b8d40b0,81.6998,,,8.39552,,,,,,,c0d103a8-7181-4857-96e7-9fcaa0451196,2026-05-10,19:49:22.07,2026-05-10T15:49:22.0794368-04:00,2026-05-10T19:49:22.0794368Z,,v3,227,471378,,"Gonzalez, Cesar",831498,Right,BOC_EAG,518de5db-b363-44c3-9e33-645c2e898e57,55.06128,-122.69663,13.93325,5.82789,-0.71878,-12.18295,1.29041,-2.64277,6.38971,,,,,,,,,,,,,,,,,,,,,,,,,,,,,,,,,,,,,,,,,,,,,,,,,,,High,High,High,,,,,,128.565423,-2.968492,1598.432403,0.998658,10:15,0.062142,0.781112,-0.621291,-67.168502,14.877882,-55.58829,100.234443,-25.425439,0.888775,-0.429336,-0.160467,69.506411,-62.71969,0.429336,-0.888775,0.160467,-69.506411,62.71969,-0.429336,0.888775,0.160467,-100.234443,25.425439,-0.888775,0.429336,-0.160467,,,
7,2026-05-10,15:49:55.29,2,3,"Colarusso, AJ",1000090794,Left,BOC_EAG,"Francis, Austin",1000236684,Right,NJI_HIG,Undefined,1,Top,0,2,0,Fastball,Four-Seam,StrikeSwinging,Undefined,Undefined,Undefined,0,0,,90.44139,-2.388039,1.208058,2103.432852,170.663006,11:45,5.95032,-1.28595,5.67064,-14.81304,19.93174,-3.07949,2.48765,-0.41609,82.03362,-5.226307,0.657736,0.424245,,,,,,,,,,,,1.91532,11.16229,1.1859,50,5.73945,-2.62569,-131.08841,-5.88675,3.30743,29.67822,-12.89848,BOC_EAG,NJI_HIG,HarringtonVillage,D1,ACC,20260510-HarringtonVillage-2,6b4a9530-4ca9-11f1-98a7-99e76b8d40b0,88.84602,,,8.40777,,,,,,,c0d103a8-7181-4857-96e7-9fcaa0451196,2026-05-10,19:49:55.29,2026-05-10T15:49:55.2981504-04:00,2026-05-10T19:49:55.2981504Z,,v3,227,471378,,"Gonzalez, Cesar",831498,Right,BOC_EAG,6d1e9028-518c-43e2-86ce-33a78ad7ca54,54.82477,-132.17621,14.83911,5.94656,-5.41397,-6.44924,1.28436,-2.74692,1.65372,,,,,,,,,,,,,,,,,,,,,,,,,,,,,,,,,,,,,,,,,,,,,,,,,,,High,High,High,,,,,,152.199145,-10.304419,2069.507095,0.983871,11:00,0.177916,0.465932,-0.866749,37.973113,-26.373282,38.518992,179.971883,23.289698,0.000451,0.39538,-0.918517,23.2897,0.025826,0.39538,0.000451,0.918517,-23.2897,-0.025826,-0.39538,-0.000451,0.918517,-179.971883,-23.289698,-0.000451,-0.39538,-0.918517,,,
8,2026-05-10,15:50:12.63,2,4,"Colarusso, AJ",1000090794,Left,BOC_EAG,"Francis, Austin",1000236684,Right,NJI_HIG,Undefined,1,Top,0,2,1,ChangeUp,Changeup,StrikeSwinging,Undefined,Undefined,Undefined,0,0,,82.64286,-0.785967,1.867376,1726.204406,112.682007,9:45,5.84579,-1.44096,5.39421,-34.744,6.71355,-13.09142,2.21344,-0.78125,76.20549,-7.14176,-0.462336,0.463418,,,,,,,,,,,,7.04957,3.97803,1.28366,50,5.75129,-3.36663,-120.00011,-2.8596,10.3403,21.93241,-26.33907,BOC_EAG,NJI_HIG,HarringtonVillage,D1,ACC,20260510-HarringtonVillage-2,75a90070-4ca9-11f1-98a7-99e76b8d40b0,81.33567,,,6.43737,,,,,,,c0d103a8-7181-4857-96e7-9fcaa0451196,2026-05-10,19:50:12.63,2026-05-10T15:50:12.6334976-04:00,2026-05-10T19:50:12.6334976Z,,v3,227,471378,,"Gonzalez, Cesar",831498,Right,BOC_EAG,0b3c3984-5639-4b46-b429-e64fcbae7b83,55.10462,-120.92948,10.96621,5.84882,-1.7435,-13.16954,1.43561,-3.8048,5.17015,,,,,,,,,,,,,,,,,,,,,,,,,,,,,,,,,,,,,,,,,,,,,,,,,,,High,High,High,,,,,,127.81933,-4.008897,1721.98074,0.997553,10:15,0.078996,0.7889,-0.609423,-73.903338,27.963215,-65.32481,98.941562,-18.562124,0.936459,-0.318333,-0.147342,65.162755,-69.465089,0.318333,-0.936459,0.147342,-65.162755,69.465089,-0.318333,0.936459,0.147342,-98.941562,18.562124,-0.936459,0.318333,-0.147342,,,
9,2026-05-10,15:50:31.98,2,5,"Colarusso, AJ",1000090794,Left,BOC_EAG,"Francis, Austin",1000236684,Right,NJI_HIG,Undefined,1,Top,0,2,2,Fastball,Four-Seam,StrikeCalled,Strikeout,Undefined,Undefined,0,0,,90.62147,-2.882903,1.468736,2169.716093,160.864188,11:15,5.93407,-1.20721,5.75524,-12.84761,21.72785,-7.11563,2.1767,-0.43269,82.06276,-5.376097,0.195354,0.423209,,,,,,,,,,,,4.04437,12.26386,1.08966,50,5.68701,-3.04757,-131.28828,-6.93721,6.99435,30.17204,-10.96492,BOC_EAG,NJI_HIG,HarringtonVillage,D1,ACC,20260510-HarringtonVillage-2,81295670-4ca9-11f1-98a7-99e76b8d40b0,89.06332,,,8.55871,,,,,,,c0d103a8-7181-4857-96e7-9fcaa0451196,2026-05-10,19:50:31.98,2026-05-10T15:50:31.9833088-04:00,2026-05-10T19:50:31.9833088Z,,v3,227,471378,,"Gonzalez, Cesar",831498,Right,BOC_EAG,49c4f733-00f0-4d47-a7a6-857e95f6f51d,54.7402,-132.37317,15.08602,5.92936,-6.54295,-5.48246,1.20376,-3.29907,3.49718,,,,,,,,,,,,,,,,,,,,,,,,,,,,,,,,,,,,,,,,,,,,,,,,,,,High,High,High,,,,,,151.512818,0.127109,2169.710754,0.999998,11:00,-0.003668,0.476246,-0.879305,39.15959,-18.694119,47.4657,177.055727,-20.154653,0.048219,-0.344555,-0.937527,20.179146,-2.763839,0.344555,-0.048219,0.937527,-20.179146,2.763839,-0.344555,0.048219,0.937527,-177.055727,20.154653,-0.048219,0.344555,-0.937527,,,
10,2026-05-10,15:51:02.89,3,1,"Colarusso, AJ",1000090794,Left,BOC_EAG,"O'Connor, Sheehan",1000132277,Right,NJI_HIG,Undefined,1,Top,1,0,0,Fastball,Four-Seam,StrikeSwinging,Undefined,Undefined,CaughtStealing,1,0,,91.78913,-3.063409,1.581278,2206.712224,156.334188,11:15,5.8205,-1.33569,5.61117,-13.93891,19.73828,-8.15953,1.79578,-0.53935,83.68447,-5.723742,0.124883,0.417676,,,,,,,,,,,,4.56496,11.18847,1.20586,50,5.54961,-3.30041,-133.02546,-7.52733,8.16148,29.13508,-12.17074,BOC_EAG,NJI_HIG,HarringtonVillage,D1,ACC,20260510-HarringtonVillage-2,9396e5c0-4ca9-11f1-a377-b55a9399db9a,90.2433,,,8.10466,,,,,,,c0d103a8-7181-4857-96e7-9fcaa0451196,2026-05-10,19:51:02.89,2026-05-10T15:51:02.8923392-04:00,2026-05-10T19:51:02.8923392Z,,v3,227,471378,,"Gonzalez, Cesar",831498,Right,BOC_EAG,79cd30ec-fcef-461b-9a53-fb32d20cd4cd,54.88567,-134.09124,14.56754,5.81682,-7.08211,-6.08537,1.33205,-3.59896,4.08074,,,,,,,,,,,,,,,,,,,,,,,,,,,,,,,,,,,,,,,,,,,,,,,,,,,High,High,High,,,,,,151.311465,-10.374321,2170.637504,0.983652,11:00,0.178339,0.481149,-0.858307,25.974624,-26.551872,61.960235,175.594424,-21.978488,0.071233,-0.374258,-0.924584,22.037392,-4.084833,0.374258,-0.071233,0.924584,-22.037392,4.084833,-0.374258,0.071233,0.924584,-175.594424,21.978488,-0.071233,0.374258,-0.924584,,,
11,2026-05-10,15:52:09.46,3,2,"Colarusso, AJ",1000090794,Left,BOC_EAG,"O'Connor, Sheehan",1000132277,Right,NJI_HIG,Undefined,1,Top,2,0,1,Cutter,Cutter,InPlay,Undefined,GroundBall,Out,1,0,,88.56608,-1.308755,0.315748,2294.764416,194.669866,12:30,5.75414,-1.55749,5.48933,-24.4421,11.71784,2.76681,2.49273,-1.03154,81.04537,-5.839436,0.808938,0.432798,74.95111,-44.512359,-60.634565,,,,,3.1015,2.10828,-21.848482,0.0328,-1.3163,6.62355,1.52787,50,5.62313,-0.82844,-128.57614,-3.79037,-2.20188,26.84651,-21.09452,BOC_EAG,NJI_HIG,HarringtonVillage,D1,ACC,20260510-HarringtonVillage-2,bb445e40-4ca9-11f1-a377-b55a9399db9a,87.09016,2.53599,,7.52072,,,,1.61378,2.53599,1.09385,c0d103a8-7181-4857-96e7-9fcaa0451196,2026-05-10,19:52:09.46,2026-05-10T15:52:09.4608896-04:00,2026-05-10T19:52:09.4608896Z,GroundBall,v3,227,471378,,"Gonzalez, Cesar",831498,Right,BOC_EAG,a1670442-3671-47d1-a085-8fde04530d57,55.00928,-129.61785,13.42326,5.75432,-2.97185,-10.54726,1.55836,-0.743,-1.10094,,1.61312,38.56537,,,,,,,,2.53731,-77.31675,,,,,,,,1.09502,-68.53915,,,,,,,,,,,,,,,,,,,,,,,,,,,,,,High,High,High,Low,Low,,,,164.384295,-60.426074,1132.572109,0.493546,11:30,0.869065,0.152684,-0.470547,-23.083223,-54.706751,25.055486,173.670966,9.664949,0.108673,0.167886,-0.979798,9.723088,6.238843,0.167886,0.108673,0.979798,-9.723088,-6.238843,-0.167886,-0.108673,0.979798,-173.670966,-9.664949,-0.108673,-0.167886,-0.979798,69.19145,9.35914,-2.52129
12,2026-05-10,15:54:47.28,1,1,"Peterson, Brandon",831442,Right,NJI_HIG,"Solier, Julio",827632,Right,BOC_EAG,Undefined,1,Bottom,0,0,0,Fastball,Four-Seam,BallCalled,Undefined,Undefined,Undefined,0,0,,91.4634,-4.232057,-5.279041,2196.131983,225.15023,1:30,5.93338,2.4253,5.39657,-15.86863,18.8756,17.70119,0.62089,-1.06076,82.76956,-7.240713,-2.149238,0.424241,,,,,,,,,,,,-10.52154,11.14426,-1.96623,50,5.54308,11.36454,-131.78668,-10.29511,-18.33994,30.32338,-12.74871,BOC_EAG,NJI_HIG,HarringtonVillage,D1,ACC,20260510-HarringtonVillage-2,19570280-4caa-11f1-a377-b55a9399db9a,88.84675,,,8.69384,,,,,,,c0d103a8-7181-4857-96e7-9fcaa0451196,2026-05-10,19:54:47.28,2026-05-10T15:54:47.2841728-04:00,2026-05-10T19:54:47.2841728Z,,v3,227,471378,,"Klock, Connor ",1000305212,Right,NJI_HIG,f0b3c898-de39-4d56-b891-58e586f9ba44,55.10169,-132.95537,15.16169,5.93039,-9.80377,-6.37435,-2.41784,12.07137,-9.16997,,,,,,,,,,,,,,,,,,,,,,,,,,,,,,,,,,,,,,,,,,,,,,,,,,,High,High,High,,,,,,227.366005,-1.767141,2195.087524,0.999524,1:30,0.022371,-0.731065,-0.681941,-31.686953,-20.500093,-18.331845,179.803345,11.700876,0.003361,0.202802,-0.979214,11.700943,0.192568,0.202802,0.003361,0.979214,-11.700943,-0.192568,-0.202802,-0.003361,0.979214,-179.803345,-11.700876,-0.003361,-0.202802,-0.979214,,,
13,2026-05-10,15:55:00.23,1,2,"Peterson, Brandon",831442,Right,NJI_HIG,"Solier, Julio",827632,Right,BOC_EAG,Undefined,1,Bottom,0,1,0,Fastball,Sinker,BallCalled,Undefined,Undefined,Undefined,0,0,,90.87274,-2.057851,-5.413463,2248.013952,225.356738,1:30,5.87022,2.53039,5.41511,-16.65536,18.37284,17.33694,2.54501,-1.11134,82.12013,-5.220321,-2.349061,0.425971,,,,,,,,,,,,-10.26776,10.18457,-2.06017,50,5.67525,11.61691,-131.15864,-5.2555,-17.74867,29.72669,-14.56914,BOC_EAG,NJI_HIG,HarringtonVillage,D1,ACC,20260510-HarringtonVillage-2,210e4290-4caa-11f1-a377-b55a9399db9a,88.48588,,,8.75261,,,,,,,c0d103a8-7181-4857-96e7-9fcaa0451196,2026-05-10,19:55:00.23,2026-05-10T15:55:00.2358272-04:00,2026-05-10T19:55:00.2358272Z,,v3,227,471378,,"Klock, Connor ",1000305212,Right,NJI_HIG,74b016df-a0c3-4eed-9a1f-b6ab48749cdd,55.0813,-132.30529,14.86335,5.86713,-4.69352,-7.28457,-2.52148,12.30153,-8.87434,,,,,,,,,,,,,,,,,,,,,,,,,,,,,,,,,,,,,,,,,,,,,,,,,,,High,High,High,,,,,,231.337124,-1.787111,2246.920521,0.999514,1:45,1.6E-05,-0.778832,-0.627232,-32.169303,-31.517846,-23.743366,176.453362,13.378791,0.060182,0.231388,-0.970998,13.403538,3.450269,0.231388,0.060182,0.970998,-13.403538,-3.450269,-0.231388,-0.060182,0.970998,-176.453362,-13.378791,-0.060182,-0.231388,-0.970998,,,
14,2026-05-10,15:55:13.93,1,3,"Peterson, Brandon",831442,Right,NJI_HIG,"Solier, Julio",827632,Right,BOC_EAG,Undefined,1,Bottom,0,2,0,Fastball,Sinker,FoulBallNotFieldable,Undefined,Undefined,Undefined,0,0,,91.05528,-2.253486,-4.730108,2402.572207,227.557208,1:30,5.90659,2.564,5.46487,-16.1717,18.47257,18.88855,2.44155,-0.29909,82.58836,-5.324756,-1.38184,0.42363,77.66737,11.063531,161.967707,3197.279334,,,,129.2517,46.9844,171.199544,1.345841,-10.66442,10.22981,-2.15903,50,5.69651,9.97333,-131.57405,-5.68659,-18.62816,28.84321,-14.30498,BOC_EAG,NJI_HIG,HarringtonVillage,D1,ACC,20260510-HarringtonVillage-2,2938b6d0-4caa-11f1-a377-b55a9399db9a,88.97482,8.90101,,8.46693,,,,-0.0007,2.4715,-0.00965,c0d103a8-7181-4857-96e7-9fcaa0451196,2026-05-10,19:55:13.93,2026-05-10T15:55:13.9351040-04:00,2026-05-10T19:55:13.9351040Z,LineDrive,v3,227,471378,,"Klock, Connor ",1000305212,Right,NJI_HIG,03ef8c70-b8c1-4db6-85b8-2d3a4ed1877e,55.0298,-132.67208,14.4216,5.90263,-5.14202,-7.15249,-2.5522,10.68249,-9.31408,,-0.00321,-106.31537,8.48276,,,,,,,2.60475,20.50147,-16.73805,,,,,,,0.30334,31.36164,-12.70221,,,,,,,,,,,,,,,,,,,,,,,,,,,,,High,High,High,Medium,Low,,,,225.793302,-3.014348,2399.248002,0.998616,1:30,0.023001,-0.713216,-0.700567,-32.687356,-28.326562,-26.807755,178.214981,6.095393,0.030973,0.106184,-0.993864,6.09833,1.774924,0.106184,0.030973,0.993864,-6.09833,-1.774924,-0.106184,-0.030973,0.993864,-178.214981,-6.095393,-0.030973,-0.106184,-0.993864,56.04991,-5.08961,28.07775
15,2026-05-10,15:55:33.43,1,4,"Peterson, Brandon",831442,Right,NJI_HIG,"Solier, Julio",827632,Right,BOC_EAG,Undefined,1,Bottom,0,2,1,Slider,Slider,BallCalled,Undefined,Undefined,Undefined,0,0,,85.11305,-0.889907,-5.359462,2429.164875,208.090698,1:00,5.67393,2.69977,4.88846,-36.01482,4.97937,1.86162,1.82709,-2.22994,76.92113,-7.427635,-5.033789,0.460821,,,,,,,,,,,,-2.64406,3.18725,-2.17438,50,5.55642,11.42572,-122.70116,-3.29603,-3.97037,27.68197,-27.38801,BOC_EAG,NJI_HIG,HarringtonVillage,D1,ACC,20260510-HarringtonVillage-2,34df0b60-4caa-11f1-a377-b55a9399db9a,81.79403,,,8.19192,,,,,,,c0d103a8-7181-4857-96e7-9fcaa0451196,2026-05-10,19:55:33.43,2026-05-10T15:55:33.4301696-04:00,2026-05-10T19:55:33.4301696Z,,v3,227,471378,,"Klock, Connor ",1000305212,Right,NJI_HIG,5dde5e8e-f7f9-4932-ae17-6d03dca462e4,55.60682,-123.95963,13.84098,5.67796,-2.05093,-13.69401,-2.69791,11.60622,-1.98519,,,,,,,,,,,,,,,,,,,,,,,,,,,,,,,,,,,,,,,,,,,,,,,,,,,High,High,High,,,,,,226.219769,76.36816,572.510943,0.235682,1:30,-0.980065,-0.185235,-0.071839,53.413757,35.398148,25.709518,127.698245,19.967532,0.743678,0.341488,-0.574743,30.716957,48.045653,0.341488,0.743678,0.574743,-30.716957,-48.045653,-0.341488,-0.743678,0.574743,-127.698245,-19.967532,-0.743678,-0.341488,-0.574743,,,
16,2026-05-10,15:55:48.72,1,5,"Peterson, Brandon",831442,Right,NJI_HIG,"Solier, Julio",827632,Right,BOC_EAG,Undefined,1,Bottom,0,3,1,Fastball,Sinker,BallCalled,Walk,Undefined,Undefined,0,0,,90.69242,-3.487314,-4.662579,2435.441426,229.625121,1:45,5.88881,2.49285,5.34345,-18.82655,16.1793,17.64828,1.03374,-0.41987,82.77991,-7.000307,-1.53947,0.425835,,,,,,,,,,,,-10.1589,9.4389,-2.08496,50,5.56002,9.87698,-131.01039,-8.65342,-17.64886,27.78463,-15.77603,BOC_EAG,NJI_HIG,HarringtonVillage,D1,ACC,20260510-HarringtonVillage-2,3df7d740-4caa-11f1-a377-b55a9399db9a,88.51409,,,7.91251,,,,,,,c0d103a8-7181-4857-96e7-9fcaa0451196,2026-05-10,19:55:48.72,2026-05-10T15:55:48.7268864-04:00,2026-05-10T19:55:48.7268864Z,,v3,227,471378,,"Klock, Connor ",1000305212,Right,NJI_HIG,2c460492-b0ed-4118-964d-26a0be57182a,55.15542,-132.09923,13.89232,5.88702,-8.03518,-7.88802,-2.48558,10.56861,-8.82443,,,,,,,,,,,,,,,,,,,,,,,,,,,,,,,,,,,,,,,,,,,,,,,,,,,High,High,High,,,,,,,,,,,,,,,,,,,,,,,,,,,,,,,,,,,,,,,
17,2026-05-10,15:56:27.54,2,1,"Peterson, Brandon",831442,Right,NJI_HIG,"Wang, Nick",813482,Right,BOC_EAG,Undefined,1,Bottom,0,0,0,Slider,Slider,StrikeCalled,Undefined,Undefined,Undefined,0,0,,84.41715,0.466467,-3.344797,2482.558652,351.764322,5:45,5.78049,2.92319,4.85997,-40.02715,1.46284,0.00484,2.88717,-0.24582,76.2146,-6.803324,-3.343947,0.4636,,,,,,,,,,,,-1.07791,1.05843,-2.59319,50,5.793,7.13138,-122.02429,-0.57078,-1.60111,27.33562,-30.60189,BOC_EAG,NJI_HIG,HarringtonVillage,D1,ACC,20260510-HarringtonVillage-2,552119e0-4caa-11f1-a377-b55a9399db9a,81.30386,,,8.20255,,,,,,,c0d103a8-7181-4857-96e7-9fcaa0451196,2026-05-10,19:56:27.54,2026-05-10T15:56:27.5482112-04:00,2026-05-10T19:56:27.5482112Z,,v3,227,471378,,"Klock, Connor ",1000305212,Right,NJI_HIG,d0a59f4f-2455-42e6-b6e8-42604f0cd31d,55.6347,-123.2801,13.66781,5.78693,0.83509,-15.30095,-2.9225,7.20493,-0.80056,,,,,,,,,,,,,,,,,,,,,,,,,,,,,,,,,,,,,,,,,,,,,,,,,,,High,High,High,,,,,,,,,,,,,,,,,,,,,,,,,,,,,,,,,,,,,,,
18,2026-05-10,15:56:46.35,2,2,"Peterson, Brandon",831442,Right,NJI_HIG,"Wang, Nick",813482,Right,BOC_EAG,Undefined,1,Bottom,0,0,1,Fastball,Sinker,BallCalled,Undefined,Undefined,Undefined,0,0,,90.92924,-2.741076,-5.796741,2441.004172,226.035176,1:30,5.97598,2.56893,5.52745,-18.78229,15.56694,15.04977,1.83319,-1.6145,83.62658,-6.240857,-3.133863,0.421823,,,,,,,,,,,,-9.03646,8.87008,-2.07369,50,5.72393,12.65693,-131.3551,-6.95276,-15.9349,25.40187,-16.53252,BOC_EAG,NJI_HIG,HarringtonVillage,D1,ACC,20260510-HarringtonVillage-2,60501b90-4caa-11f1-a377-b55a9399db9a,89.35611,,,7.30266,,,,,,,c0d103a8-7181-4857-96e7-9fcaa0451196,2026-05-10,19:56:46.35,2026-05-10T15:56:46.3561728-04:00,2026-05-10T19:56:46.3561728Z,,v3,227,471378,,"Klock, Connor ",1000305212,Right,NJI_HIG,08de5454-5d83-4552-b604-42618b4c8bf5,54.97167,-132.31305,12.70094,5.97437,-6.32929,-8.26626,-2.56233,13.25786,-7.96745,,,,,,,,,,,,,,,,,,,,,,,,,,,,,,,,,,,,,,,,,,,,,,,,,,,High,High,High,,,,,,,,,,,,,,,,,,,,,,,,,,,,,,,,,,,,,,,
19,2026-05-10,15:57:59.08,2,3,"Peterson, Brandon",831442,Right,NJI_HIG,"Wang, Nick",813482,Right,BOC_EAG,Undefined,1,Bottom,0,1,1,Slider,Slider,BallCalled,Undefined,Undefined,Undefined,0,0,,84.44793,-1.832723,-4.250653,2367.229705,166.804639,11:30,5.80045,2.79893,4.82762,-37.15364,3.78981,-0.59106,0.96324,-1.28331,77.80407,-8.509182,-4.354321,0.460536,,,,,,,,,,,,-0.87028,2.71961,-2.37632,50,5.58624,9.10508,-122.15365,-5.3542,-1.31709,23.69301,-28.05809,BOC_EAG,NJI_HIG,HarringtonVillage,D1,ACC,20260510-HarringtonVillage-2,8babf610-4caa-11f1-a377-b55a9399db9a,81.84471,,,6.64386,,,,,,,c0d103a8-7181-4857-96e7-9fcaa0451196,2026-05-10,19:57:59.08,2026-05-10T15:57:59.0826496-04:00,2026-05-10T19:57:59.0826496Z,,v3,227,471378,,"Klock, Connor ",1000305212,Right,NJI_HIG,83f6fe78-87fd-4b90-869f-597df32df04c,55.67178,-123.24885,11.84651,5.80376,-4.05723,-14.02905,-2.79861,9.16596,-0.65855,,,,,,,,,,,,,,,,,,,,,,,,,,,,,,,,,,,,,,,,,,,,,,,,,,,High,High,High,,,,,,234.756726,78.952652,453.608837,0.19162,1:45,-0.981473,-0.187807,-0.037932,36.754774,39.641126,18.859903,129.720656,16.465749,0.737625,0.283442,-0.612837,24.820909,47.5295,0.283442,0.737625,0.612837,-24.820909,-47.5295,-0.283442,-0.737625,0.612837,-129.720656,-16.465749,-0.737625,-0.283442,-0.612837,,,
20,2026-05-10,15:58:31.10,2,4,"Peterson, Brandon",831442,Right,NJI_HIG,"Wang, Nick",813482,Right,BOC_EAG,Undefined,1,Bottom,0,2,1,ChangeUp,Changeup,BallCalled,Undefined,Undefined,StolenBase,0,0,,82.73726,-2.603593,-6.25862,1888.334688,236.037261,1:45,5.59969,2.93238,5.07567,-32.08014,10.14115,13.17099,0.45547,-1.89377,76.53402,-8.412362,-3.948942,0.467667,,,,,,,,,,,,-8.11473,6.07591,-2.34773,50,5.326,12.53348,-119.37763,-6.60865,-11.83415,20.69998,-23.31323,BOC_EAG,NJI_HIG,HarringtonVillage,D1,ACC,20260510-HarringtonVillage-2,9ec6b550-4caa-11f1-a377-b55a9399db9a,80.5967,,,6.20324,,,,,,,c0d103a8-7181-4857-96e7-9fcaa0451196,2026-05-10,19:58:31.10,2026-05-10T15:58:31.1000000-04:00,2026-05-10T19:58:31.1000000Z,,v3,227,471378,,"Klock, Connor ",1000305212,Right,NJI_HIG,85d3dc58-b55f-47f9-9b0e-2a98e511d60c,55.424,-120.31447,10.34999,5.60121,-5.55354,-11.65661,-2.92709,13.06907,-5.91707,,,,,,,,,,,,,,,,,,,,,,,,,,,,,78.35543,,,1.361938,,,,-2.8361,5.76201,2.72176,127.27976,5.18815,3.83624,-2.57863,111.25191,-11.83558,5.75538,14.15888,-10.7033,2.61407,-3.81383,3.52322,High,High,High,,,High,High,High,234.320164,4.506587,1882.496536,0.996908,1:45,-0.104847,-0.812511,-0.57344,49.325459,-45.19883,75.840827,159.989367,-78.556501,0.067892,-0.980121,-0.186424,79.2307,-3.892914,0.980121,-0.067892,0.186424,-79.2307,3.892914,-0.980121,0.067892,0.186424,-159.989367,78.556501,-0.067892,0.980121,-0.186424,,,
21,2026-05-10,15:59:09.87,2,5,"Peterson, Brandon",831442,Right,NJI_HIG,"Wang, Nick",813482,Right,BOC_EAG,Undefined,1,Bottom,0,3,1,Slider,Slider,StrikeCalled,Undefined,Undefined,Undefined,0,0,,84.13924,-0.010466,-3.933897,2362.468614,336.774222,5:15,5.69,2.80456,4.8926,-40.35333,1.27319,0.07945,2.3173,-0.91582,76.29888,-7.322368,-3.919946,0.464362,,,,,,,,,,,,-1.26906,1.08811,-2.41858,50,5.65536,8.35954,-121.61481,-1.58604,-1.87823,26.4739,-30.56363,BOC_EAG,NJI_HIG,HarringtonVillage,D1,ACC,20260510-HarringtonVillage-2,b5e08ea0-4caa-11f1-a377-b55a9399db9a,81.17043,,,7.84035,,,,,,,c0d103a8-7181-4857-96e7-9fcaa0451196,2026-05-10,19:59:09.87,2026-05-10T15:59:09.8778112-04:00,2026-05-10T19:59:09.8778112Z,,v3,227,471378,,"Klock, Connor ",1000305212,Right,NJI_HIG,fb492e76-ece5-488a-b3f9-e37f46bd3403,55.60342,-122.82854,13.23695,5.69595,-0.18481,-15.28182,-2.80381,8.44565,-0.93911,,,,,,,,,,,,,,,,,,,,,,,,,,,,,,,,,,,,,,,,,,,,,,,,,,,High,High,High,,,,,,223.668157,75.4249,594.512359,0.251649,1:30,-0.977995,-0.173935,-0.115206,33.557294,35.997491,13.323078,128.991623,19.092192,0.734485,0.327089,-0.594596,28.815318,47.263702,0.327089,0.734485,0.594596,-28.815318,-47.263702,-0.327089,-0.734485,0.594596,-128.991623,-19.092192,-0.734485,-0.327089,-0.594596,,,
22,2026-05-10,15:59:31.54,2,6,"Peterson, Brandon",831442,Right,NJI_HIG,"Wang, Nick",813482,Right,BOC_EAG,Undefined,1,Bottom,0,3,2,Fastball,Sinker,InPlay,Undefined,LineDrive,Out,1,0,,90.3028,-3.049586,-4.196673,2417.722481,225.46895,1:30,5.92391,2.52498,5.39699,-16.72906,18.20615,17.39434,1.66161,0.03469,82.89525,-6.187912,-1.113464,0.425406,95.81879,7.451218,7.567333,1994.944329,108.04941,6.8844,20.62338,159.7263,148.11946,12.31511,1.413342,-9.88926,10.29615,-2.16296,50,5.63958,8.81581,-130.70069,-7.53137,-17.21064,25.97532,-14.25525,BOC_EAG,NJI_HIG,HarringtonVillage,D1,ACC,20260510-HarringtonVillage-2,c2c3d000-4caa-11f1-a377-b55a9399db9a,88.60355,7.70955,,7.40755,,,,0.44144,1.59282,-0.0408,c0d103a8-7181-4857-96e7-9fcaa0451196,2026-05-10,19:59:31.54,2026-05-10T15:59:31.5455488-04:00,2026-05-10T19:59:31.5455488Z,GroundBall,v3,227,471378,,"Klock, Connor ",1000305212,Right,NJI_HIG,cbd1346a-2702-4ee7-84a1-fb799b6ba58b,55.10334,-131.71102,12.98766,5.92174,-6.9769,-7.12762,-2.51887,9.48523,-8.60532,238.758875,0.44143,138.13495,-26.83295,6.38954,-1.16437,0.00138,0.14786,-0.0706,0.01215,1.59283,18.2223,-13.20375,-0.7211,0.17466,0.30724,-0.31831,0.13633,-0.0229,-0.0408,18.34936,6.59272,-2.53176,0.61547,0.06055,-0.16252,0.07649,-0.01321,,,,,,,,,,,,,,,,,,,,,,,High,High,High,High,High,,,,224.376889,-3.908668,2412.098806,0.997674,1:30,0.052724,-0.693134,-0.718878,-21.787131,-36.103448,-43.233651,179.491881,6.195464,0.008816,0.107921,-0.99412,6.195706,0.505152,0.107921,0.008816,0.99412,-6.195706,-0.505152,-0.107921,-0.008816,0.99412,-179.491881,-6.195464,-0.008816,-0.107921,-0.99412,71.46992,2.21841,0.31322
23,2026-05-10,16:00:06.48,3,1,"Peterson, Brandon",831442,Right,NJI_HIG,"Johnson, Gunnar",1000100233,Right,BOC_EAG,Undefined,1,Bottom,1,0,0,Slider,Slider,StrikeCalled,Undefined,Undefined,Undefined,0,0,,83.6677,-0.886326,-3.422771,2332.886346,199.45958,12:45,5.71235,2.79769,4.74634,-38.34435,3.50252,0.76516,1.67476,-0.38881,76.73129,-7.796824,-3.288558,0.465589,,,,,,,,,,,,-1.33465,2.38146,-2.45389,50,5.5894,7.20904,-121.11209,-3.37183,-1.98087,23.81785,-28.6395,BOC_EAG,NJI_HIG,HarringtonVillage,D1,ACC,20260510-HarringtonVillage-2,d7991080-4caa-11f1-a377-b55a9399db9a,80.95641,,,6.9364,,,,,,,c0d103a8-7181-4857-96e7-9fcaa0451196,2026-05-10,20:00:06.48,2026-05-10T16:00:06.4805888-04:00,2026-05-10T20:00:06.4805888Z,,v3,227,471378,,"Klock, Connor ",1000305212,Right,NJI_HIG,78f77047-dcb1-4a0a-8e79-cd0dc32e1df8,55.75122,-122.23789,11.90892,5.71678,-2.01812,-14.31975,-2.79686,7.30267,-0.99043,,,,,,,,,,,,,,,,,,,,,,,,,,,,,,,,,,,,,,,,,,,,,,,,,,,High,High,High,,,,,,219.362593,77.532942,503.619433,0.215878,1:15,-0.982413,-0.152003,-0.108446,45.5376,38.302138,17.992816,130.441915,22.55811,0.702836,0.38362,-0.599047,32.63485,44.654955,0.38362,0.702836,0.599047,-32.63485,-44.654955,-0.38362,-0.702836,0.599047,-130.441915,-22.55811,-0.702836,-0.38362,-0.599047,,,
24,2026-05-10,16:00:24.60,3,2,"Peterson, Brandon",831442,Right,NJI_HIG,"Johnson, Gunnar",1000100233,Right,BOC_EAG,Undefined,1,Bottom,1,0,1,Slider,Slider,FoulBallNotFieldable,Undefined,Undefined,Undefined,0,0,,83.81669,0.371034,-3.895414,2287.102117,90.767021,9:00,5.73178,2.83583,4.77057,-41.26006,1.80835,-0.83457,2.64602,-0.93246,74.37189,-7.148435,-4.041657,0.472336,49.46582,-19.23477,66.183494,,,,,8.14585,7.96324,63.16679,0.100663,-1.06917,1.25969,-2.44449,50,5.73353,8.26456,-120.80429,-0.81442,-1.52635,30.97151,-30.37568,BOC_EAG,NJI_HIG,HarringtonVillage,D1,ACC,20260510-HarringtonVillage-2,e266b850-4caa-11f1-a377-b55a9399db9a,79.80009,2.56821,,9.4448,,,,0.91241,2.56821,0.96939,c0d103a8-7181-4857-96e7-9fcaa0451196,2026-05-10,20:00:24.60,2026-05-10T16:00:24.6005760-04:00,2026-05-10T20:00:24.6005760Z,GroundBall,v3,227,471378,,"Klock, Connor ",1000305212,Right,NJI_HIG,c83e7d9e-df57-411a-8229-ac062f37ebe0,55.72228,-122.26255,15.48576,5.73821,0.61579,-15.18784,-2.83531,8.33642,-0.76318,294.913679,0.91241,27.66158,-1.96372,,,,,,,2.56822,-23.90219,-16.00434,,,,,,,0.96939,62.66704,-0.87588,,,,,,,,,,,,,,,,,,,,,,,,,,,,,High,High,High,High,High,,,,222.652296,84.479507,220.02326,0.096202,1:30,-0.998269,-0.058734,-0.002943,37.574031,38.421313,14.858659,128.345587,12.426846,0.765908,0.215193,-0.605868,19.554078,49.987881,0.215193,0.765908,0.605868,-19.554078,-49.987881,-0.215193,-0.765908,0.605868,-128.345587,-12.426846,-0.765908,-0.215193,-0.605868,74.07139,16.61853,-6.19042
25,2026-05-10,16:00:52.79,3,3,"Peterson, Brandon",831442,Right,NJI_HIG,"Johnson, Gunnar",1000100233,Right,BOC_EAG,Undefined,1,Bottom,1,0,2,Slider,Slider,BallCalled,Undefined,Undefined,Undefined,0,0,,85.39937,-2.132857,-5.160586,2457.840896,193.608076,12:30,5.73335,2.7596,4.7789,-33.80569,6.42937,1.25079,0.8853,-2.04118,78.56695,-8.212787,-4.941991,0.456535,,,,,,,,,,,,-2.0361,4.09587,-2.24349,50,5.48972,11.08259,-123.33123,-5.92229,-3.14086,24.17706,-25.85586,BOC_EAG,NJI_HIG,HarringtonVillage,D1,ACC,20260510-HarringtonVillage-2,f33fec00-4caa-11f1-a377-b55a9399db9a,82.56206,,,6.83242,,,,,,,c0d103a8-7181-4857-96e7-9fcaa0451196,2026-05-10,20:00:52.79,2026-05-10T16:00:52.7913472-04:00,2026-05-10T20:00:52.7913472Z,,v3,227,471378,,"Klock, Connor ",1000305212,Right,NJI_HIG,75b3f5c0-4916-4d6f-b632-a7c6e8fa1d9a,55.72046,-124.44758,12.08853,5.73561,-4.72842,-12.92793,-2.75857,11.22762,-1.57043,,,,,,,,,,,,,,,,,,,,,,,,,,,,,,,,,,,,,,,,,,,,,,,,,,,High,High,High,,,,,,228.881527,74.406254,660.703735,0.268815,1:45,-0.967017,-0.238219,-0.090162,57.691505,27.714985,31.363096,123.692607,16.27571,0.798682,0.28026,-0.532506,27.758011,53.004388,0.28026,0.798682,0.532506,-27.758011,-53.004388,-0.28026,-0.798682,0.532506,-123.692607,-16.27571,-0.798682,-0.28026,-0.532506,,,
26,2026-05-10,16:01:13.26,3,4,"Peterson, Brandon",831442,Right,NJI_HIG,"Johnson, Gunnar",1000100233,Right,BOC_EAG,Undefined,1,Bottom,1,1,2,Fastball,Sinker,FoulBallNotFieldable,Undefined,Undefined,Undefined,0,0,,90.82805,-1.899809,-4.053936,2453.326081,229.526564,1:45,5.94209,2.54895,5.25017,-18.05973,16.71973,18.2867,2.64677,0.25708,83.01214,-5.278025,-0.820421,0.424456,,,,,,,,,,,,-10.12512,9.17335,-2.19008,50,5.7542,8.44494,-131.48054,-4.98752,-17.78312,27.00713,-16.06261,BOC_EAG,NJI_HIG,HarringtonVillage,D1,ACC,20260510-HarringtonVillage-2,ff74c4f0-4caa-11f1-a377-b55a9399db9a,88.80176,,,7.81591,,,,,,,c0d103a8-7181-4857-96e7-9fcaa0451196,2026-05-10,20:01:13.26,2026-05-10T16:01:13.2656640-04:00,2026-05-10T20:01:13.2656640Z,,v3,227,471378,,"Klock, Connor ",1000305212,Right,NJI_HIG,527e2799-2c1e-4b0f-b38b-8e4593261703,55.24724,-132.55398,13.50356,5.93975,-4.34909,-8.0313,-2.53978,9.15176,-8.89156,,,,,,,,,,,,,,,,,,,,,,,,,,,,,,,,,,,,,,,,,,,,,,,,,,,High,High,High,,,,,,225.767372,-7.333138,2433.259803,0.991821,1:30,0.101838,-0.706031,-0.700821,-27.935078,-33.871929,-31.913447,179.515701,5.101601,0.008419,0.088922,-0.996003,5.101783,0.48238,0.088922,0.008419,0.996003,-5.101783,-0.48238,-0.088922,-0.008419,0.996003,-179.515701,-5.101601,-0.008419,-0.088922,-0.996003,,,
27,2026-05-10,16:01:40.68,3,5,"Peterson, Brandon",831442,Right,NJI_HIG,"Johnson, Gunnar",1000100233,Right,BOC_EAG,Undefined,1,Bottom,1,1,2,Slider,Slider,BallCalled,Undefined,Undefined,Undefined,0,0,,84.50821,0.108637,-3.808308,2352.545709,99.773116,9:15,5.7323,2.80422,4.92545,-38.97805,1.80315,-2.97288,2.58706,-1.049,77.40071,-6.939103,-4.330566,0.459623,,,,,,,,,,,,0.39043,1.2626,-2.43013,50,5.7106,8.27635,-122.32672,-1.27594,0.5908,24.43613,-30.26353,BOC_EAG,NJI_HIG,HarringtonVillage,D1,ACC,20260510-HarringtonVillage-2,0fd06430-4cab-11f1-a377-b55a9399db9a,82.00737,,,7.1075,,,,,,,c0d103a8-7181-4857-96e7-9fcaa0451196,2026-05-10,20:01:40.68,2026-05-10T16:01:40.6888960-04:00,2026-05-10T20:01:40.6888960Z,,v3,227,471378,,"Klock, Connor ",1000305212,Right,NJI_HIG,d820d132-fd5d-44bc-9eb5-77f2635d6215,55.57239,-123.43485,12.21806,5.73735,0.09645,-15.13176,-2.80484,8.24956,0.2954,,,,,,,,,,,,,,,,,,,,,,,,,,,,,,,,,,,,,,,,,,,,,,,,,,,High,High,High,,,,,,197.816259,85.553885,182.372867,0.077521,12:30,-0.999734,-0.021828,-0.007419,12.038436,46.956053,2.19898,136.892569,7.884678,0.676908,0.13718,-0.723172,10.740917,42.602495,0.13718,0.676908,0.723172,-10.740917,-42.602495,-0.13718,-0.676908,0.723172,-136.892569,-7.884678,-0.676908,-0.13718,-0.723172,,,
28,2026-05-10,16:02:15.99,3,6,"Peterson, Brandon",831442,Right,NJI_HIG,"Johnson, Gunnar",1000100233,Right,BOC_EAG,Undefined,1,Bottom,1,2,2,Slider,Slider,InPlay,Undefined,LineDrive,Out,1,0,,84.17021,0.102538,-3.756086,2359.910872,181.16539,12:00,5.67966,2.84748,4.9682,-35.63671,5.51118,0.08469,2.807,-0.69855,76.77167,-6.38021,-3.741199,0.461684,89.86949,22.718569,16.670901,3071.130124,103.33922,38.98921,37.69614,294.1102,288.93736,25.084891,3.687,-1.13366,3.08587,-2.48397,50,5.66057,7.9932,-121.81146,-1.11899,-1.69611,24.87873,-27.55724,BOC_EAG,NJI_HIG,HarringtonVillage,D1,ACC,20260510-HarringtonVillage-2,24d01010-4cab-11f1-a377-b55a9399db9a,81.64114,45.39772,,7.39854,,,,0.61107,2.77337,0.74821,c0d103a8-7181-4857-96e7-9fcaa0451196,2026-05-10,20:02:15.99,2026-05-10T16:02:15.9966208-04:00,2026-05-10T20:02:15.9966208Z,LineDrive,v3,227,471378,,"Klock, Connor ",1000305212,Right,NJI_HIG,20d78437-9804-4a03-9177-8635c090ea0d,55.52951,-122.93562,12.43936,5.683,0.1262,-13.77862,-2.84688,8.06984,-0.84805,219.400489,0.61099,116.47071,-21.74974,4.67102,-0.93283,0.16981,-0.02764,0.00309,-0.00013,2.77342,50.90701,-16.44328,0.9031,-0.16082,0.05484,-0.01711,0.00377,-0.00034,0.7481,34.88509,0.97781,-0.8136,0.17771,-0.00658,-0.00676,0.00177,-0.00014,,,,,,,,,,,,,,,,,,,,,,,High,High,High,High,High,,,,213.88268,75.073682,607.857964,0.257577,1:15,-0.978445,-0.141868,-0.15006,28.871315,35.605124,11.231847,131.609911,16.947259,0.715214,0.291491,-0.635218,24.649629,45.660736,0.291491,0.715214,0.635218,-24.649629,-45.660736,-0.291491,-0.715214,0.635218,-131.609911,-16.947259,-0.715214,-0.291491,-0.635218,68.24634,14.09766,3.14777
29,2026-05-10,16:02:57.42,4,1,"Peterson, Brandon",831442,Right,NJI_HIG,"Wolff, Kyle",813479,Right,BOC_EAG,Undefined,1,Bottom,2,0,0,Slider,Slider,StrikeCalled,Undefined,Undefined,Undefined,0,0,,83.99504,-0.970039,-3.495265,2405.585709,249.732111,2:15,5.70815,2.76917,4.98305,-37.95223,3.01772,4.77355,1.62763,-0.13785,77.34985,-7.829381,-2.65409,0.460685,,,,,,,,,,,,-3.29453,2.14772,-2.43587,50,5.58356,7.22183,-121.68994,-3.51014,-4.95902,23.02729,-28.94122,BOC_EAG,NJI_HIG,HarringtonVillage,D1,ACC,20260510-HarringtonVillage-2,3d7e1df0-4cab-11f1-a377-b55a9399db9a,81.81825,,,6.64519,,,,,,,c0d103a8-7181-4857-96e7-9fcaa0451196,2026-05-10,20:02:57.42,2026-05-10T16:02:57.4256640-04:00,2026-05-10T20:02:57.4256640Z,,v3,227,471378,,"Klock, Connor ",1000305212,Right,NJI_HIG,926db223-5380-47a3-87fe-0dc1b3184013,55.51545,-122.72919,11.51365,5.7125,-2.20399,-14.47061,-2.76685,7.44563,-2.47951,,,,,,,,,,,,,,,,,,,,,,,,,,,,,,,,,,,,,,,,,,,,,,,,,,,High,High,High,,,,,,217.138996,78.03911,498.543123,0.207244,1:15,-0.984287,-0.141668,-0.105397,25.203596,36.161626,9.426915,129.799685,15.452421,0.740515,0.266438,-0.616967,23.357171,47.775307,0.266438,0.740515,0.616967,-23.357171,-47.775307,-0.266438,-0.740515,0.616967,-129.799685,-15.452421,-0.740515,-0.266438,-0.616967,,,
30,2026-05-10,16:03:15.38,4,2,"Peterson, Brandon",831442,Right,NJI_HIG,"Wolff, Kyle",813479,Right,BOC_EAG,Undefined,1,Bottom,2,0,1,Fastball,Sinker,InPlay,Undefined,LineDrive,Single,0,1,,90.63988,-2.159062,-4.65394,2445.346229,231.413381,1:45,5.91547,2.54445,5.2504,-18.64958,16.91343,19.52879,2.32485,-0.21097,81.51013,-5.677912,-1.204568,0.429211,105.41686,10.951458,-13.005915,1150.263984,106.17598,14.16864,-28.75131,216.59546,216.59546,-17.85145,1.810051,-11.27556,9.52233,-2.13192,50,5.70353,9.74504,-130.87745,-5.57814,-19.27155,31.3872,-15.89907,BOC_EAG,NJI_HIG,HarringtonVillage,D1,ACC,20260510-HarringtonVillage-2,482e79c0-4cab-11f1-a377-b55a9399db9a,87.818,14.18131,,9.12976,,,,1.57353,2.37339,0.19254,c0d103a8-7181-4857-96e7-9fcaa0451196,2026-05-10,20:03:15.38,2026-05-10T16:03:15.3827840-04:00,2026-05-10T20:03:15.3827840Z,LineDrive,v3,227,471378,,"Klock, Connor ",1000305212,Right,NJI_HIG,19cc0de6-0880-42e7-ac4e-c305ad3500cb,55.24724,-132.12986,15.6936,5.91345,-4.94374,-7.94954,-2.53611,10.51401,-9.63577,99.226437,1.57353,147.90137,-25.94297,5.25277,-1.21283,0.27144,-0.05763,0.00929,-0.00077,2.37339,29.37259,-19.74967,2.13301,-0.46592,0.10744,-0.0215,0.00347,-0.0003,0.19254,-34.16183,-3.18632,1.53765,-0.48615,0.13374,-0.0313,0.00532,-0.00046,,,,,,,,,,,,,,,,,,,,,,,High,High,High,High,High,,,,226.39714,-5.796234,2432.844029,0.994887,1:30,0.071968,-0.716119,-0.694258,-23.221792,-31.006222,-37.608853,176.141492,-8.362409,0.066577,-0.145434,-0.987125,8.381138,-3.817423,0.145434,-0.066577,0.987125,-8.381138,3.817423,-0.145434,0.066577,0.987125,-176.141492,8.362409,-0.066577,0.145434,-0.987125,72.78359,19.73796,-8.52016
31,2026-05-10,16:04:01.43,5,1,"Peterson, Brandon",831442,Right,NJI_HIG,"Garcia, Esteban",822341,Left,BOC_EAG,Undefined,1,Bottom,2,0,0,Fastball,Sinker,BallCalled,Undefined,Undefined,Undefined,0,0,,90.88937,-4.520072,-4.486581,2347.70449,232.263382,1:45,5.78261,2.73172,5.38199,-18.69765,16.68536,19.80824,-0.0344,0.16817,81.87104,-8.034424,-0.975879,0.428123,,,,,,,,,,,,-11.50792,10.25993,-2.34458,50,5.36369,9.38429,-130.98786,-11.00991,-19.66558,31.90721,-14.64112,BOC_EAG,NJI_HIG,HarringtonVillage,D1,ACC,20260510-HarringtonVillage-2,63a67d10-4cab-11f1-a377-b55a9399db9a,88.0411,,,9.01833,,,,,,,c0d103a8-7181-4857-96e7-9fcaa0451196,2026-05-10,20:04:01.43,2026-05-10T16:04:01.4373376-04:00,2026-05-10T20:04:01.4373376Z,,v3,227,471378,,"Klock, Connor ",1000305212,Right,NJI_HIG,501b19a5-d672-4709-b9b9-a66e78a4cbba,55.11672,-132.22836,15.95361,5.78068,-10.44069,-7.32056,-2.72429,10.14886,-9.83279,,,,,,,,,,,,,,,,,,,,,,,,,,,,,,,,,,,,,,,,,,,,,,,,,,,High,High,High,,,,,,226.670861,2.542909,2345.392646,0.999015,1:30,-0.040624,-0.727944,-0.684432,-28.481752,-26.290555,-27.618872,178.058034,13.156814,0.032998,0.227617,-0.973191,13.164112,1.890972,0.227617,0.032998,0.973191,-13.164112,-1.890972,-0.227617,-0.032998,0.973191,-178.058034,-13.156814,-0.032998,-0.227617,-0.973191,,,
32,2026-05-10,16:04:31.79,5,2,"Peterson, Brandon",831442,Right,NJI_HIG,"Garcia, Esteban",822341,Left,BOC_EAG,Undefined,1,Bottom,2,1,0,ChangeUp,Changeup,BallCalled,Undefined,Undefined,Undefined,0,0,,81.79212,-0.622,-5.898416,1741.214142,242.845528,2:00,5.50886,2.94404,5.01581,-32.91663,10.45627,17.71529,2.17564,-1.16617,75.00114,-6.623068,-2.792667,0.474002,,,,,,,,,,,,-10.32174,5.75402,-2.39183,50,5.42262,11.44488,-118.13483,-2.45934,-14.66434,21.37908,-23.99918,BOC_EAG,NJI_HIG,HarringtonVillage,D1,ACC,20260510-HarringtonVillage-2,75cb1c80-4cab-11f1-a377-b55a9399db9a,79.5195,,,6.79097,,,,,,,c0d103a8-7181-4857-96e7-9fcaa0451196,2026-05-10,20:04:31.79,2026-05-10T16:04:31.7964800-04:00,2026-05-10T20:04:31.7964800Z,,v3,227,471378,,"Klock, Connor ",1000305212,Right,NJI_HIG,6fb43d24-1882-4a8d-a201-4ad7a9adcb7a,55.48333,-119.12303,10.68954,5.51065,-1.35004,-11.99959,-2.93651,12.1227,-7.33217,,,,,,,,,,,,,,,,,,,,,,,,,,,,,,,,,,,,,,,,,,,,,,,,,,,High,High,High,,,,,,239.705367,4.857318,1734.960833,0.996409,2:00,-0.126585,-0.86121,-0.492233,46.466763,-44.520532,73.09965,160.626911,-73.517466,0.094116,-0.958906,-0.267658,74.404057,-5.400446,0.958906,-0.094116,0.267658,-74.404057,5.400446,-0.958906,0.094116,0.267658,-160.626911,73.517466,-0.094116,0.958906,-0.267658,,,
33,2026-05-10,16:05:02.03,5,3,"Peterson, Brandon",831442,Right,NJI_HIG,"Garcia, Esteban",822341,Left,BOC_EAG,Undefined,1,Bottom,2,2,0,Slider,Slider,BallCalled,Undefined,Undefined,Undefined,0,0,,83.19677,0.005817,-4.03148,2310.240175,118.622675,10:00,5.6798,2.86552,4.98761,-39.70856,2.54772,-2.06559,2.37626,-1.11968,75.7808,-7.196197,-4.394643,0.467861,,,,,,,,,,,,-0.19181,1.6863,-2.4748,50,5.64824,8.57106,-120.32191,-1.47952,-0.27903,25.03662,-29.72112,BOC_EAG,NJI_HIG,HarringtonVillage,D1,ACC,20260510-HarringtonVillage-2,87c6d730-4cab-11f1-a377-b55a9399db9a,80.56329,,,7.41597,,,,,,,c0d103a8-7181-4857-96e7-9fcaa0451196,2026-05-10,20:05:02.03,2026-05-10T16:05:02.0337152-04:00,2026-05-10T20:05:02.0337152Z,,v3,227,471378,,"Klock, Connor ",1000305212,Right,NJI_HIG,ab7845b5-1b28-451d-8e9b-281caba18b03,55.5095,-121.46292,12.51831,5.6848,-0.12502,-14.86056,-2.8657,8.58378,-0.13952,,,,,,,,,,,,,,,,,,,,,,,,,,,,,,,,,,,,,,,,,,,,,,,,,,,High,High,High,,,,,,228.93331,80.013782,400.62172,0.173411,1:45,-0.990435,-0.130643,-0.044398,22.522229,40.639141,7.471214,130.89171,15.259586,0.729296,0.263193,-0.631551,22.62344,46.827404,0.263193,0.729296,0.631551,-22.62344,-46.827404,-0.263193,-0.729296,0.631551,-130.89171,-15.259586,-0.729296,-0.263193,-0.631551,,,
34,2026-05-10,16:05:22.73,5,4,"Peterson, Brandon",831442,Right,NJI_HIG,"Garcia, Esteban",822341,Left,BOC_EAG,Undefined,1,Bottom,2,3,0,Fastball,Sinker,StrikeCalled,Undefined,Undefined,Undefined,0,0,,89.94283,-1.804942,-3.763955,2285.005701,226.52841,1:30,5.68412,2.69708,5.31865,-18.31221,17.86564,17.3504,2.45997,0.60545,80.38842,-5.287128,-0.690705,0.432905,,,,,,,,,,,,-9.85142,9.91623,-2.36845,50,5.50768,7.71768,-129.9076,-4.68442,-16.48788,32.44291,-15.57771,BOC_EAG,NJI_HIG,HarringtonVillage,D1,ACC,20260510-HarringtonVillage-2,9419bf70-4cab-11f1-a377-b55a9399db9a,87.06857,,,9.55442,,,,,,,c0d103a8-7181-4857-96e7-9fcaa0451196,2026-05-10,20:05:22.73,2026-05-10T16:05:22.7393536-04:00,2026-05-10T20:05:22.7393536Z,,v3,227,471378,,"Klock, Connor ",1000305212,Right,NJI_HIG,f7053bd6-56da-41dc-aac7-b1d805364e39,55.17489,-131.1936,16.22145,5.68113,-4.06694,-7.78886,-2.68732,8.37124,-8.24394,,,,,,,,,,,,,,,,,,,,,,,,,,,,,,,,,,,,,,,,,,,,,,,,,,,High,High,High,,,,,,229.23198,1.801006,2283.876927,0.999506,1:45,-0.050399,-0.7576,-0.650771,-29.161588,-32.642862,-39.481759,178.774415,-8.951647,0.021128,-0.155601,-0.987594,8.953662,-1.210655,0.155601,-0.021128,0.987594,-8.953662,1.210655,-0.155601,0.021128,0.987594,-178.774415,8.951647,-0.021128,0.155601,-0.987594,,,
35,2026-05-10,16:05:41.45,5,5,"Peterson, Brandon",831442,Right,NJI_HIG,"Garcia, Esteban",822341,Left,BOC_EAG,Undefined,1,Bottom,2,3,1,Fastball,Sinker,InPlay,Undefined,FlyBall,Double,0,1,,90.81006,-1.668919,-3.929988,2316.444397,226.748501,1:30,5.80265,2.70601,5.44177,-18.3204,16.93359,16.56107,2.70916,0.40054,81.3301,-5.150436,-0.990912,0.427342,100.09798,22.768981,-12.063823,2485.955596,105.94627,42.86049,-29.58586,358.68798,357.90338,-22.639969,4.161919,-9.64709,9.45587,-2.36998,50,5.6427,8.25268,-131.24177,-4.42329,-16.49979,32.79763,-16.0013,BOC_EAG,NJI_HIG,HarringtonVillage,D1,ACC,20260510-HarringtonVillage-2,9f42f4c0-4cab-11f1-a377-b55a9399db9a,88.20205,57.83648,,9.47996,,,,0.7963,2.66728,-0.39653,c0d103a8-7181-4857-96e7-9fcaa0451196,2026-05-10,20:05:41.45,2026-05-10T16:05:41.4524928-04:00,2026-05-10T20:05:41.4524928Z,LineDrive,v3,227,471378,,"Klock, Connor ",1000305212,Right,NJI_HIG,25be0ff6-3755-484b-b97a-a5c3f4ae7569,55.05444,-132.49887,16.39882,5.80048,-3.80998,-8.00065,-2.69842,8.8851,-8.2499,141.128185,0.79596,132.38287,-26.50149,6.24491,-1.22472,0.20692,-0.0315,0.00363,-0.00019,2.66783,56.81176,-14.97622,0.04294,0.07421,0.00533,-0.00692,0.00178,-0.00016,-0.39652,-28.29767,-4.34864,1.73404,-0.38291,0.04159,0.00061,-0.00067,5E-05,,,,,,,,,,,,,,,,,,,,,,,High,High,High,High,High,,,,228.025123,2.877385,2313.523937,0.998739,1:30,-0.074266,-0.743648,-0.664434,-34.562893,-37.931599,-38.082071,174.646725,4.782376,0.092972,0.083371,-0.992172,4.803228,5.334583,0.083371,0.092972,0.992172,-4.803228,-5.334583,-0.083371,-0.092972,0.992172,-174.646725,-4.782376,-0.092972,-0.083371,-0.992172,72.07101,15.05236,-2.86845
36,2026-05-10,16:07:07.56,6,1,"Peterson, Brandon",831442,Right,NJI_HIG,"Williams, Ben",831962,Right,BOC_EAG,Undefined,1,Bottom,2,0,0,Slider,Slider,BallCalled,Undefined,Undefined,Undefined,0,0,,83.61731,0.596652,-3.834474,2341.937238,131.66565,10:30,5.74926,2.65445,4.83406,-39.27459,2.7424,-1.50634,3.04266,-1.10753,76.11065,-6.517585,-4.098574,0.466535,,,,,,,,,,,,-0.39929,1.61146,-2.27291,50,5.77506,8.17329,-120.92631,-0.25367,-0.58752,24.96435,-29.80288,BOC_EAG,NJI_HIG,HarringtonVillage,D1,ACC,20260510-HarringtonVillage-2,d29429c0-4cab-11f1-a377-b55a9399db9a,80.79235,,,7.50666,,,,,,,c0d103a8-7181-4857-96e7-9fcaa0451196,2026-05-10,20:07:07.56,2026-05-10T16:07:07.5668992-04:00,2026-05-10T20:07:07.5668992Z,,v3,227,471378,,"Klock, Connor ",1000305212,Right,NJI_HIG,b80b817d-dcd5-4782-b2e9-44ab19bd84d9,55.66248,-122.08969,12.48218,5.75452,1.1352,-14.90144,-2.65444,8.20067,-0.29376,,,,,,,,,,,,,,,,,,,,,,,,,,,,,,,,,,,,,,,,,,,,,,,,,,,High,High,High,,,,,,219.566066,81.026265,365.299328,0.155982,1:15,-0.994569,-0.089064,-0.053854,30.826004,37.849882,14.956462,130.820595,10.642353,0.743743,0.184678,-0.642449,16.037795,48.051261,0.184678,0.743743,0.642449,-16.037795,-48.051261,-0.184678,-0.743743,0.642449,-130.820595,-10.642353,-0.743743,-0.184678,-0.642449,,,
37,2026-05-10,16:07:25.03,6,2,"Peterson, Brandon",831442,Right,NJI_HIG,"Williams, Ben",831962,Right,BOC_EAG,Undefined,1,Bottom,2,1,0,Slider,Slider,StrikeCalled,Undefined,Undefined,Undefined,0,0,,83.89602,-0.044911,-3.542411,2325.389634,163.382038,11:30,5.6375,2.64054,4.99775,-36.35781,5.29512,-1.14555,2.56521,-0.80352,76.03888,-6.674979,-3.744041,0.464509,,,,,,,,,,,,-0.5378,3.09036,-2.29856,50,5.60416,7.56226,-121.32357,-1.45689,-0.7926,26.21136,-27.61937,BOC_EAG,NJI_HIG,HarringtonVillage,D1,ACC,20260510-HarringtonVillage-2,dd00c5d0-4cab-11f1-a377-b55a9399db9a,81.1447,,,7.85714,,,,,,,c0d103a8-7181-4857-96e7-9fcaa0451196,2026-05-10,20:07:25.03,2026-05-10T16:07:25.0397696-04:00,2026-05-10T20:07:25.0397696Z,,v3,227,471378,,"Klock, Connor ",1000305212,Right,NJI_HIG,a27808f5-f31b-4462-bd77-f6be4451b232,55.49734,-122.50549,13.10568,5.64178,-0.21149,-13.80969,-2.64036,7.598,-0.3963,,,,,,,,,,,,,,,,,,,,,,,,,,,,,,,,,,,,,,,,,,,,,,,,,,,High,High,High,,,,,,214.053685,75.69471,574.576991,0.247088,1:15,-0.979682,-0.139121,-0.14446,21.733878,30.49695,8.242962,126.801389,13.237282,0.779442,0.228984,-0.583126,21.439132,51.209504,0.228984,0.779442,0.583126,-21.439132,-51.209504,-0.228984,-0.779442,0.583126,-126.801389,-13.237282,-0.779442,-0.228984,-0.583126,,,
38,2026-05-10,16:07:43.15,6,3,"Peterson, Brandon",831442,Right,NJI_HIG,"Williams, Ben",831962,Right,BOC_EAG,Undefined,1,Bottom,2,1,1,Slider,Slider,BallCalled,Undefined,Undefined,Undefined,0,0,,84.27657,1.455572,-3.104506,2203.003018,170.795136,11:45,5.73588,2.76868,4.85714,-37.47471,3.51606,-0.3626,3.99306,-0.20295,77.05591,-5.341408,-3.168169,0.460802,,,,,,,,,,,,-0.67559,1.73181,-2.46196,50,5.8479,6.63597,-122.04805,1.65501,-1.0202,23.76458,-29.55893,BOC_EAG,NJI_HIG,HarringtonVillage,D1,ACC,20260510-HarringtonVillage-2,e7c8a140-4cab-11f1-a377-b55a9399db9a,81.79743,,,7.22066,,,,,,,c0d103a8-7181-4857-96e7-9fcaa0451196,2026-05-10,20:07:43.15,2026-05-10T16:07:43.1530496-04:00,2026-05-10T20:07:43.1530496Z,,v3,227,471378,,"Klock, Connor ",1000305212,Right,NJI_HIG,ec3f91d1-06d8-40ee-96cc-cf6766bcc4e4,55.64039,-123.14142,11.88229,5.74047,3.01497,-14.77947,-2.76835,6.68291,-0.5101,,,,,,,,,,,,,,,,,,,,,,,,,,,,,,,,,,,,,,,,,,,,,,,,,,,High,High,High,,,,,,212.930561,81.235367,335.684372,0.152376,1:00,-0.995581,-0.057703,-0.074084,24.351693,34.043441,11.708672,128.574847,6.924402,0.776092,0.12056,-0.618988,11.021448,50.904137,0.12056,0.776092,0.618988,-11.021448,-50.904137,-0.12056,-0.776092,0.618988,-128.574847,-6.924402,-0.776092,-0.12056,-0.618988,,,
39,2026-05-10,16:08:01.71,6,4,"Peterson, Brandon",831442,Right,NJI_HIG,"Williams, Ben",831962,Right,BOC_EAG,Undefined,1,Bottom,2,2,1,Slider,Slider,StrikeCalled,Undefined,Undefined,Undefined,0,0,,83.63127,0.059948,-3.699063,2242.725841,139.291207,10:45,5.72504,2.80954,4.98626,-38.23652,3.12299,-1.60315,2.59539,-0.82188,76.89209,-6.860912,-3.981111,0.46287,,,,,,,,,,,,-0.20413,1.93059,-2.4513,50,5.69978,7.90235,-121.1374,-1.32136,-0.30427,22.96225,-29.29626,BOC_EAG,NJI_HIG,HarringtonVillage,D1,ACC,20260510-HarringtonVillage-2,f2e30980-4cab-11f1-a377-b55a9399db9a,81.432,,,6.73918,,,,,,,c0d103a8-7181-4857-96e7-9fcaa0451196,2026-05-10,20:08:01.71,2026-05-10T16:08:01.7166848-04:00,2026-05-10T20:08:01.7166848Z,,v3,227,471378,,"Klock, Connor ",1000305212,Right,NJI_HIG,2e5f225c-c0ac-418d-b4b6-7e51bc3d8fe4,55.51183,-122.17772,11.48113,5.72958,0.00594,-14.64813,-2.80964,7.91614,-0.15214,,,,,,,,,,,,,,,,,,,,,,,,,,,,,,,,,,,,,,,,,,,,,,,,,,,High,High,High,,,,,,214.54055,82.295278,300.677461,0.134068,1:15,-0.996111,-0.074978,-0.046266,21.445054,38.270456,10.07642,130.583415,8.33058,0.751446,0.144884,-0.64369,12.684961,48.715816,0.144884,0.751446,0.64369,-12.684961,-48.715816,-0.144884,-0.751446,0.64369,-130.583415,-8.33058,-0.751446,-0.144884,-0.64369,,,
40,2026-05-10,16:08:20.28,6,5,"Peterson, Brandon",831442,Right,NJI_HIG,"Williams, Ben",831962,Right,BOC_EAG,Undefined,1,Bottom,2,2,2,Slider,Slider,StrikeSwinging,Strikeout,Undefined,Undefined,0,0,,85.32273,-0.441295,-3.915201,2264.008132,94.154524,9:15,5.66637,2.7228,4.95156,-38.25604,1.71315,-6.34741,2.06041,-1.51135,78.29745,-7.347505,-5.030499,0.455024,,,,,,,,,,,,2.03138,1.36217,-2.33717,50,5.59206,8.73846,-123.50104,-2.4423,3.13358,24.87775,-30.07281,BOC_EAG,NJI_HIG,HarringtonVillage,D1,ACC,20260510-HarringtonVillage-2,fdf02b50-4cab-11f1-a377-b55a9399db9a,82.83621,,,7.02529,,,,,,,c0d103a8-7181-4857-96e7-9fcaa0451196,2026-05-10,20:08:20.28,2026-05-10T16:08:20.2810000-04:00,2026-05-10T20:08:20.2810000Z,,v3,227,471378,,"Klock, Connor ",1000305212,Right,NJI_HIG,132eb320-62e4-463f-a2a2-d5831cc13566,55.54658,-124.61332,12.43888,5.6712,-1.09775,-15.03641,-2.72473,8.59836,1.56679,,,,,,,,,,,,,,,,,,,,,,,,,,,,,67.05037,,,1.029199,,,,0.17269,5.65852,2.07362,74.80619,6.00309,-49.98632,0.2017,76.69004,-4.08763,5.68343,13.71624,-13.02926,1.98991,-58.45609,7.74234,High,High,High,,,High,High,High,223.667109,79.149147,426.206493,0.188253,1:30,-0.988099,-0.137543,-0.068869,38.881969,34.724456,19.797676,128.450561,13.000122,0.763073,0.224953,-0.605901,20.36847,49.735833,0.224953,0.763073,0.605901,-20.36847,-49.735833,-0.224953,-0.763073,0.605901,-128.450561,-13.000122,-0.763073,-0.224953,-0.605901,,,
41,2026-05-10,16:10:47.88,1,1,"Colarusso, AJ",1000090794,Left,BOC_EAG,"Campbell, Cole",1000115804,Right,NJI_HIG,Undefined,2,Top,0,0,0,Fastball,Four-Seam,FoulBallNotFieldable,Undefined,Undefined,Undefined,0,0,,89.13928,-2.376365,2.338152,2192.944174,165.469229,11:30,5.9121,-1.08104,5.88167,-15.38335,20.14359,-4.90114,2.42023,0.68307,80.84146,-5.33201,1.459711,0.428993,63.60785,36.317713,161.508877,2686.761803,,,,,45.71785,,,3.22606,11.40536,0.8951,50,5.71134,-5.06888,-129.19641,-5.78737,5.4049,29.11971,-13.0656,BOC_EAG,NJI_HIG,HarringtonVillage,D1,ACC,20260510-HarringtonVillage-2,55e394a0-4cac-11f1-a377-b55a9399db9a,87.86259,27.97359,,8.29782,,,,1.14127,2.49788,-0.68784,c0d103a8-7181-4857-96e7-9fcaa0451196,2026-05-10,20:10:47.88,2026-05-10T16:10:47.8877696-04:00,2026-05-10T20:10:47.8877696Z,,v3,227,471378,,"Gonzalez, Cesar",831498,Right,BOC_EAG,98dc1782-77be-48e4-9c3d-f276ee69cda6,54.61569,-130.23259,14.55986,5.909,-5.32245,-6.5328,1.07888,-5.2612,2.70245,344.691126,1.14127,-71.28828,3.7167,0.45428,-0.17502,0.23649,-0.32033,0.24974,-0.06902,2.49788,55.25301,-26.47972,2.88396,-0.71008,0.49886,-0.59094,0.36773,-0.04392,-0.68784,23.84045,-3.29119,0.31079,-0.06169,0.00884,-0.00195,-0.01078,0.01048,,,,,,,,,,,,,,,,,,,,,,,High,High,High,High,Undefined,,,,154.313414,-20.967951,2047.729022,0.933781,11:15,0.374803,0.419235,-0.826901,34.763521,-31.096886,30.84476,177.91183,-25.085364,0.033,-0.423968,-0.905076,25.099982,-1.891132,0.423968,-0.033,0.905076,-25.099982,1.891132,-0.423968,0.033,0.905076,-177.91183,25.085364,-0.033,0.423968,-0.905076,75.41343,10.21018,-11.8239
42,2026-05-10,16:11:05.35,1,2,"Colarusso, AJ",1000090794,Left,BOC_EAG,"Campbell, Cole",1000115804,Right,NJI_HIG,Undefined,2,Top,0,0,1,ChangeUp,Changeup,InPlay,Undefined,LineDrive,Out,1,0,,82.37868,-0.167191,1.744199,1703.580827,106.432715,9:30,5.75333,-1.28103,5.64533,-35.33266,6.74386,-17.79989,2.65292,-1.13689,74.56664,-6.71251,-1.437973,0.466865,79.44355,13.930716,11.40938,2154.394734,106.01753,14.0642,29.32863,176.3999,150.11479,17.710512,1.921553,9.57733,3.90851,1.14458,50,5.71688,-2.91375,-119.46413,-1.51886,13.64658,26.0269,-26.6049,BOC_EAG,NJI_HIG,HarringtonVillage,D1,ACC,20260510-HarringtonVillage-2,6056c060-4cac-11f1-a377-b55a9399db9a,80.73519,14.68067,,7.81204,,,,0.77076,2.57564,1.14876,c0d103a8-7181-4857-96e7-9fcaa0451196,2026-05-10,20:11:05.35,2026-05-10T16:11:05.3511168-04:00,2026-05-10T20:11:05.3511168Z,LineDrive,v3,227,471378,,"Gonzalez, Cesar",831498,Right,BOC_EAG,385ef704-bf9d-45d2-a899-3fa97a7b65a1,54.85227,-120.51662,13.01345,5.75655,-0.44299,-13.30245,1.27356,-3.46561,6.82329,248.687213,0.77076,110.85496,-15.64579,2.36198,-0.40714,-0.01753,0.05821,-0.02351,0.00334,2.57564,28.05128,-17.26913,1.33707,-0.2456,0.07073,-0.02438,0.0073,-0.00099,1.14877,22.37147,3.98077,-1.04453,0.11976,0.17038,-0.163,0.06175,-0.00875,,,,,,,,,,,,,,,,,,,,,,,High,High,High,High,High,,,,126.027186,-1.647368,1702.87672,0.999587,10:15,0.044272,0.808484,-0.58685,-77.204315,20.170883,-76.815079,92.725856,-31.820072,0.848747,-0.527254,-0.04041,85.617307,-58.075604,0.527254,-0.848747,0.04041,-85.617307,58.075604,-0.527254,0.848747,0.04041,-92.725856,31.820072,-0.848747,0.527254,-0.04041,65.38851,6.79117,0.56964
43,2026-05-10,16:11:30.64,2,1,"Colarusso, AJ",1000090794,Left,BOC_EAG,"Rippo, Conner",10075157,Right,NJI_HIG,Undefined,2,Top,1,0,0,ChangeUp,Changeup,BallCalled,Undefined,Undefined,Undefined,0,0,,83.56825,-0.2394,-0.043906,1700.884178,123.794373,10:15,5.87148,-1.40193,5.53541,-30.6838,9.79953,-12.75871,3.09074,-2.50619,76.61062,-5.905972,-2.319723,0.457941,,,,,,,,,,,,6.38225,5.42,1.41415,50,5.83053,0.63145,-121.35439,-1.54315,9.52648,23.53921,-24.08387,BOC_EAG,NJI_HIG,HarringtonVillage,D1,ACC,20260510-HarringtonVillage-2,6f7069c0-4cac-11f1-a377-b55a9399db9a,82.30851,,,6.95763,,,,,,,c0d103a8-7181-4857-96e7-9fcaa0451196,2026-05-10,20:11:30.64,2026-05-10T16:11:30.6414080-04:00,2026-05-10T20:11:30.6414080Z,,v3,227,471378,,"Gonzalez, Cesar",831498,Right,BOC_EAG,86e03edd-74fc-4e42-bc81-affcdaec2fd2,54.96151,-122.313,11.7696,5.8734,-0.56237,-12.04194,1.39633,0.2435,4.76324,,,,,,,,,,,,,,,,,,,,,,,,,,,,,,,,,,,,,,,,,,,,,,,,,,,High,High,High,,,,,,127.818346,-6.67143,1689.366986,0.993229,10:15,0.112429,0.785088,-0.609094,-77.224598,26.653318,-81.441092,91.674789,-23.947046,0.913531,-0.405892,-0.026711,86.234951,-65.997903,0.405892,-0.913531,0.026711,-86.234951,65.997903,-0.405892,0.913531,0.026711,-91.674789,23.947046,-0.913531,0.405892,-0.026711,,,
44,2026-05-10,16:11:46.01,2,2,"Colarusso, AJ",1000090794,Left,BOC_EAG,"Rippo, Conner",10075157,Right,NJI_HIG,Undefined,2,Top,1,1,0,Fastball,Four-Seam,StrikeSwinging,Undefined,Undefined,Undefined,0,0,,90.08691,-2.074063,1.240664,2224.266441,151.439863,11:00,6.00811,-0.92552,5.6305,-15.88965,19.38848,-9.85264,2.74749,-0.5888,81.19977,-5.119974,-0.519014,0.427488,,,,,,,,,,,,5.33929,10.82178,0.82615,50,5.82157,-2.37639,-130.50246,-5.18348,9.07901,31.05183,-13.77262,BOC_EAG,NJI_HIG,HarringtonVillage,D1,ACC,20260510-HarringtonVillage-2,78858c20-4cac-11f1-a377-b55a9399db9a,88.17186,,,8.88714,,,,,,,c0d103a8-7181-4857-96e7-9fcaa0451196,2026-05-10,20:11:46.01,2026-05-10T16:11:46.0112384-04:00,2026-05-10T20:11:46.0112384Z,,v3,227,471378,,"Gonzalez, Cesar",831498,Right,BOC_EAG,c25a85b2-776d-44e5-9f46-439f7f33a58e,54.86378,-131.65467,15.52592,6.00442,-4.67243,-6.88631,0.92057,-2.71327,4.5395,,,,,,,,,,,,,,,,,,,,,,,,,,,,,,,,,,,,,,,,,,,,,,,,,,,High,High,High,,,,,,155.954905,-11.572085,2179.053999,0.979673,11:15,0.20535,0.406172,-0.890425,32.547468,-25.682465,49.046855,179.260993,-26.171783,0.011575,-0.441064,-0.897401,26.173669,-0.663237,0.441064,-0.011575,0.897401,-26.173669,0.663237,-0.441064,0.011575,0.897401,-179.260993,26.171783,-0.011575,0.441064,-0.897401,,,
45,2026-05-10,16:12:00.24,2,3,"Colarusso, AJ",1000090794,Left,BOC_EAG,"Rippo, Conner",10075157,Right,NJI_HIG,Undefined,2,Top,1,1,1,Fastball,Four-Seam,StrikeCalled,Undefined,Undefined,Undefined,0,0,,90.29497,-3.138073,2.319287,2165.958318,150.872448,11:00,5.9443,-1.08828,5.65191,-16.96371,18.14662,-9.40237,1.59855,0.29249,81.627,-6.361603,0.640407,0.42647,,,,,,,,,,,,5.50776,10.56756,0.89781,50,5.66754,-4.87741,-130.68699,-7.68658,9.40488,30.79077,-14.12914,BOC_EAG,NJI_HIG,HarringtonVillage,D1,ACC,20260510-HarringtonVillage-2,81083280-4cac-11f1-a377-b55a9399db9a,88.38232,,,8.66798,,,,,,,c0d103a8-7181-4857-96e7-9fcaa0451196,2026-05-10,20:12:00.24,2026-05-10T16:12:00.2426880-04:00,2026-05-10T20:12:00.2426880Z,,v3,227,471378,,"Gonzalez, Cesar",831498,Right,BOC_EAG,a9639d3d-9095-4b83-b1b3-10b7c0d6724a,54.84485,-131.82353,15.39539,5.94164,-7.16504,-7.06457,1.08426,-5.22456,4.70244,,,,,,,,,,,,,,,,,,,,,,,,,,,,,,,,,,,,,,,,,,,,,,,,,,,High,High,High,,,,,,155.769622,-4.161148,2160.248658,0.997364,11:15,0.08681,0.412683,-0.906729,29.319411,-12.894911,58.198427,168.651074,-20.560202,0.184249,-0.351191,-0.917996,20.935003,-10.617354,0.351191,-0.184249,0.917996,-20.935003,10.617354,-0.351191,0.184249,0.917996,-168.651074,20.560202,-0.184249,0.351191,-0.917996,,,
46,2026-05-10,16:12:14.30,2,4,"Colarusso, AJ",1000090794,Left,BOC_EAG,"Rippo, Conner",10075157,Right,NJI_HIG,Undefined,2,Top,1,1,2,ChangeUp,Changeup,StrikeCalled,Strikeout,Undefined,Undefined,0,0,,83.3888,-0.748985,1.773632,1783.190541,138.491048,10:30,5.87167,-1.19206,5.52999,-24.85706,17.11603,-13.61599,3.09973,-0.66822,74.04824,-5.465874,-0.653285,0.466291,,,,,,,,,,,,7.41449,9.36646,1.04686,50,5.7907,-3.13717,-120.58223,-2.32787,10.5901,29.97895,-18.79601,BOC_EAG,NJI_HIG,HarringtonVillage,D1,ACC,20260510-HarringtonVillage-2,897024f0-4cac-11f1-a377-b55a9399db9a,80.83462,,,9.34056,,,,,,,c0d103a8-7181-4857-96e7-9fcaa0451196,2026-05-10,20:12:14.30,2026-05-10T16:12:14.3080000-04:00,2026-05-10T20:12:14.3080000Z,,v3,227,471378,,"Gonzalez, Cesar",831498,Right,BOC_EAG,c39b1a56-7641-44c4-b47d-a38e376a9063,54.96063,-121.8093,14.98948,5.87024,-1.55854,-9.39801,1.18414,-3.57063,5.29505,,,,,,,,,,,,,,,,,,,,,,,,,,,,,49.52579,3.173289,1.783347,1.389941,-1.80253,2.78203,0.70902,-2.96449,6.01658,4.6444,73.31627,3.14259,51.47056,-2.91688,59.33399,-3.24747,6.0823,18.87446,-15.13138,4.66808,36.0633,-1.72953,High,High,High,,,High,High,High,132.11951,-4.158893,1778.494981,0.997367,10:30,0.083519,0.740679,-0.666648,-73.123806,20.912598,-66.835959,96.445183,-21.558092,0.924167,-0.367444,-0.1044,74.138846,-67.543129,0.367444,-0.924167,0.1044,-74.138846,67.543129,-0.367444,0.924167,0.1044,-96.445183,21.558092,-0.924167,0.367444,-0.1044,,,
47,2026-05-10,16:12:42.72,3,1,"Colarusso, AJ",1000090794,Left,BOC_EAG,"Can, Dillon",1000236834,Right,NJI_HIG,Undefined,2,Top,2,0,0,Fastball,Four-Seam,BallCalled,Undefined,Undefined,Undefined,0,0,,90.58723,-3.661267,2.111828,2199.498975,155.269155,11:15,5.94517,-1.2005,5.9087,-13.87115,20.85273,-8.99977,1.38397,0.01057,81.516,-6.35334,0.497163,0.424117,,,,,,,,,,,,5.3037,12.26048,1.03613,50,5.64308,-4.44291,-131.05173,-8.74718,9.06257,32.20762,-11.22426,BOC_EAG,NJI_HIG,HarringtonVillage,D1,ACC,20260510-HarringtonVillage-2,9a5825b0-4cac-11f1-a377-b55a9399db9a,88.87277,,,9.07123,,,,,,,c0d103a8-7181-4857-96e7-9fcaa0451196,2026-05-10,20:12:42.72,2026-05-10T16:12:42.7245056-04:00,2026-05-10T20:12:42.7245056Z,,v3,227,471378,,"Gonzalez, Cesar",831498,Right,BOC_EAG,23394c92-42c4-45e6-9b6d-55d4c9ab7cb8,54.58736,-132.17432,16.10381,5.94115,-8.35596,-5.61213,1.19649,-4.75879,4.53128,,,,,,,,,,,,,,,,,,,,,,,,,,,,,,,,,,,,,,,,,,,,,,,,,,,High,High,High,,,,,,157.180557,-13.733541,2136.615973,0.97141,11:15,0.245715,0.391132,-0.886927,31.102358,-18.043919,40.457706,171.015573,-22.817056,0.143946,-0.38779,-0.910439,23.070974,-8.27623,0.38779,-0.143946,0.910439,-23.070974,8.27623,-0.38779,0.143946,0.910439,-171.015573,22.817056,-0.143946,0.38779,-0.910439,,,
48,2026-05-10,16:12:56.80,3,2,"Colarusso, AJ",1000090794,Left,BOC_EAG,"Can, Dillon",1000236834,Right,NJI_HIG,Undefined,2,Top,2,1,0,Fastball,Four-Seam,InPlay,Undefined,Popup,Out,1,0,,90.55398,-2.571467,1.2465,2183.406845,176.056335,11:45,6.00263,-0.96327,5.84849,-11.9241,22.74163,-1.47988,2.61729,0.07188,81.56118,-4.916867,0.981233,0.423762,,,,,,,,,,,,1.16539,12.85619,0.86281,50,5.78681,-2.79166,-131.21747,-6.17853,1.99948,31.8902,-10.11615,BOC_EAG,NJI_HIG,HarringtonVillage,D1,ACC,20260510-HarringtonVillage-2,a2c4d310-4cac-11f1-a377-b55a9399db9a,88.94726,,,8.9928,,,,,,,c0d103a8-7181-4857-96e7-9fcaa0451196,2026-05-10,20:12:56.80,2026-05-10T16:12:56.8015360-04:00,2026-05-10T20:12:56.8015360Z,,v3,227,471378,,"Gonzalez, Cesar",831498,Right,BOC_EAG,40ca4c8f-3707-40d4-9059-b57f90f0e0ca,54.64856,-132.3424,15.9451,5.99847,-5.82169,-5.05807,0.96253,-2.86219,0.99974,,,,,,,,,,,,,,,,,,,,,,,,,,,,,,,,,,,,,,,,,,,,,,,,,,,High,High,High,,,,,,154.020193,-5.708107,2172.580439,0.995042,11:15,0.099244,0.439906,-0.892543,41.907529,-22.850049,25.116853,174.338518,20.856338,0.092187,0.356026,-0.929918,20.949719,5.289425,0.356026,0.092187,0.929918,-20.949719,-5.289425,-0.356026,-0.092187,0.929918,-174.338518,-20.856338,-0.092187,-0.356026,-0.929918,,,
49,2026-05-10,16:15:21.00,1,1,"Peterson, Brandon",831442,Right,NJI_HIG,"Surowiec, Danny",831970,Left,BOC_EAG,Undefined,2,Bottom,0,0,0,Fastball,,FoulBallNotFieldable,Undefined,Undefined,Undefined,0,0,,,,,,,,,,,,,,,,,,,,,,,,,,,,,,,,,,,,,,,,,,BOC_EAG,NJI_HIG,HarringtonVillage,D1,ACC,20260510-HarringtonVillage-2,fb74ae90-4cac-11f1-a377-b55a9399db9a,,,,,,,,,,,c0d103a8-7181-4857-96e7-9fcaa0451196,2026-05-10,20:15:21.00,2026-05-10T16:15:21.0000000-04:00,2026-05-10T20:15:21.0000000Z,,v3,227,471378,,"Klock, Connor ",1000305212,Right,NJI_HIG,f1028bc7-fbe1-4f01-90cc-b33989bc6233,,,,,,,,,,,,,,,,,,,,,,,,,,,,,,,,,,,,,,,,,,,,,,,,,,,,,,,,,,,,,,,,,,,,,,,,,,,,,,,,,,,,,,,,,,,,,,,,,,,,,
50,2026-05-10,16:15:30.11,1,2,"Peterson, Brandon",831442,Right,NJI_HIG,"Surowiec, Danny",831970,Left,BOC_EAG,Undefined,2,Bottom,0,0,1,ChangeUp,Changeup,InPlay,Undefined,GroundBall,Out,1,0,,83.11365,-1.10997,-4.149644,1813.984139,255.466196,2:30,5.5732,2.75757,5.03184,-36.22797,5.6613,16.6967,1.50407,0.22696,76.27199,-7.688346,-1.206106,0.465825,70.30773,-34.040274,52.639038,,,,,3.45653,3.45653,27.205231,0.026635,-9.50363,3.46662,-2.37475,50,5.43772,8.02236,-120.34436,-3.66734,-13.95628,23.05743,-27.08323,BOC_EAG,NJI_HIG,HarringtonVillage,D1,ACC,20260510-HarringtonVillage-2,fe1d3950-4cac-11f1-a377-b55a9399db9a,80.91542,1.54089,,6.84166,,,,1.68996,1.54089,-0.23275,c0d103a8-7181-4857-96e7-9fcaa0451196,2026-05-10,20:15:30.11,2026-05-10T16:15:30.1116928-04:00,2026-05-10T20:15:30.1116928Z,GroundBall,v3,227,471378,,"Klock, Connor ",1000305212,Right,NJI_HIG,f52fd9ee-4425-4899-8378-7ed9127cde16,55.46884,-121.38764,11.52871,5.57593,-2.44191,-13.54161,-2.75202,8.65384,-6.97814,,1.68947,51.96842,,,,,,,,1.54144,-57.85156,,,,,,,,-0.2334,68.06794,,,,,,,,,,,,,,,,,,,,,,,,,,,,,,High,High,High,Estimated,Estimated,,,,240.214029,0.44756,1813.928797,0.999969,2:00,-0.026967,-0.867849,-0.496095,43.483885,-38.140021,74.075379,164.951258,75.567216,0.064714,0.968441,-0.240696,76.042512,3.710426,0.968441,0.064714,0.240696,-76.042512,-3.710426,-0.968441,-0.064714,0.240696,-164.951258,-75.567216,-0.064714,-0.968441,-0.240696,,,
51,2026-05-10,16:16:01.85,2,1,"Peterson, Brandon",831442,Right,NJI_HIG,"Gonzalez, Cesar",831498,Right,BOC_EAG,Undefined,2,Bottom,1,0,0,Fastball,Sinker,BallCalled,Undefined,Undefined,Undefined,0,0,,91.26017,-3.23543,-5.800263,2370.821922,228.659234,1:30,5.9065,2.53728,5.37878,-16.5019,18.52572,19.56399,1.47949,-1.2884,82.17761,-6.372953,-2.346939,0.425968,,,,,,,,,,,,-11.58064,10.66575,-2.03065,50,5.60402,12.43381,-131.45664,-7.98813,-20.0207,30.99699,-13.73502,BOC_EAG,NJI_HIG,HarringtonVillage,D1,ACC,20260510-HarringtonVillage-2,110bb870-4cad-11f1-a377-b55a9399db9a,88.48663,,,9.08255,,,,,,,c0d103a8-7181-4857-96e7-9fcaa0451196,2026-05-10,20:16:01.85,2026-05-10T16:16:01.8573824-04:00,2026-05-10T20:16:01.8573824Z,,v3,227,471378,,"Klock, Connor ",1000305212,Right,NJI_HIG,6867a158-8ec6-4f2b-9d79-246df8016ff7,55.11793,-132.65795,15.49849,5.90328,-7.45583,-6.86751,-2.52756,13.20972,-10.01035,,,,,,,,,,,,,,,,,,,,,,,,,,,,,,,,,,,,,,,,,,,,,,,,,,,High,High,High,,,,,,227.442458,-2.472543,2368.61471,0.999069,1:30,0.015886,-0.732305,-0.680792,-32.572574,-30.890341,-17.002336,171.010856,12.038327,0.152811,0.208566,-0.965996,12.183575,8.789874,0.208566,0.152811,0.965996,-12.183575,-8.789874,-0.208566,-0.152811,0.965996,-171.010856,-12.038327,-0.152811,-0.208566,-0.965996,,,
52,2026-05-10,16:16:17.17,2,2,"Peterson, Brandon",831442,Right,NJI_HIG,"Gonzalez, Cesar",831498,Right,BOC_EAG,Undefined,2,Bottom,1,1,0,Slider,Slider,StrikeCalled,Undefined,Undefined,Undefined,0,0,,84.74649,-0.438875,-3.565942,2420.715421,149.888379,11:00,5.75129,2.78991,4.89045,-37.40782,3.00902,-1.02882,2.218,-0.67341,77.94936,-7.193608,-3.746744,0.457565,,,,,,,,,,,,-0.4537,1.98752,-2.43903,50,5.67677,7.69598,-122.75268,-2.39512,-0.69439,23.59873,-29.13214,BOC_EAG,NJI_HIG,HarringtonVillage,D1,ACC,20260510-HarringtonVillage-2,1a374900-4cad-11f1-a377-b55a9399db9a,82.37619,,,6.79713,,,,,,,c0d103a8-7181-4857-96e7-9fcaa0451196,2026-05-10,20:16:17.17,2026-05-10T16:16:17.1754496-04:00,2026-05-10T20:16:17.1754496Z,,v3,227,471378,,"Klock, Connor ",1000305212,Right,NJI_HIG,be2e52bb-8e2f-4b97-bc86-4746760fbcbb,55.60785,-123.82608,11.79937,5.75558,-1.07004,-14.56607,-2.7898,7.72757,-0.34719,,,,,,,,,,,,,,,,,,,,,,,,,,,,,,,,,,,,,,,,,,,,,,,,,,,High,High,High,,,,,,220.061022,78.336198,489.392648,0.202169,1:15,-0.986055,-0.137614,-0.093583,25.551089,40.082797,15.687677,135.020815,10.583866,0.694824,0.183675,-0.695329,14.796967,44.013217,0.183675,0.694824,0.695329,-14.796967,-44.013217,-0.183675,-0.694824,0.695329,-135.020815,-10.583866,-0.694824,-0.183675,-0.695329,,,
53,2026-05-10,16:16:32.08,2,3,"Peterson, Brandon",831442,Right,NJI_HIG,"Gonzalez, Cesar",831498,Right,BOC_EAG,Undefined,2,Bottom,1,1,1,Slider,Slider,BallCalled,Undefined,Undefined,Undefined,0,0,,85.92015,-2.523106,-3.782114,2350.7437,183.893546,12:15,5.67612,2.65234,4.90685,-35.43911,3.66201,0.1735,0.33009,-0.91504,79.84054,-8.876557,-3.751592,0.450055,,,,,,,,,,,,-1.03165,2.73205,-2.28232,50,5.39889,8.21889,-124.44292,-6.8733,-1.63394,22.63611,-27.84708,BOC_EAG,NJI_HIG,HarringtonVillage,D1,ACC,20260510-HarringtonVillage-2,2310e900-4cad-11f1-a377-b55a9399db9a,83.75066,,,6.0796,,,,,,,c0d103a8-7181-4857-96e7-9fcaa0451196,2026-05-10,20:16:32.08,2026-05-10T16:16:32.0844288-04:00,2026-05-10T20:16:32.0844288Z,,v3,227,471378,,"Klock, Connor ",1000305212,Right,NJI_HIG,1994a25e-3ba8-4c70-b31c-892e2e18f65d,55.59424,-125.45638,11.31805,5.67871,-5.62654,-13.92354,-2.65194,8.29204,-0.81697,,,,,,,,,,,,,,,,,,,,,,,,,,,,,,,,,,,,,,,,,,,,,,,,,,,High,High,High,,,,,,224.29793,69.057024,840.246592,0.357439,1:30,-0.936909,-0.290503,-0.194448,42.884372,25.714972,27.034571,124.925674,16.376218,0.786633,0.281943,-0.549287,27.17095,51.871978,0.281943,0.786633,0.549287,-27.17095,-51.871978,-0.281943,-0.786633,0.549287,-124.925674,-16.376218,-0.786633,-0.281943,-0.549287,,,
54,2026-05-10,16:16:51.98,2,4,"Peterson, Brandon",831442,Right,NJI_HIG,"Gonzalez, Cesar",831498,Right,BOC_EAG,Undefined,2,Bottom,1,2,1,Fastball,Sinker,InPlay,Undefined,FlyBall,Out,1,0,,90.88855,-1.824302,-4.034505,2126.406123,225.807109,1:30,5.90896,2.57564,5.27028,-19.06702,15.62493,14.93639,2.60159,0.02434,83.14084,-5.378127,-1.392846,0.423922,95.36426,20.31583,8.11379,3066.663151,107.85505,36.39031,21.61659,334.86611,326.11394,18.634352,3.897208,-8.59284,8.64646,-2.21792,50,5.72812,8.5982,-131.60991,-4.87105,-15.11458,27.18193,-16.96512,BOC_EAG,NJI_HIG,HarringtonVillage,D1,ACC,20260510-HarringtonVillage-2,2eebbb10-4cad-11f1-a377-b55a9399db9a,88.91369,46.11507,,7.74771,,,,0.42652,2.5724,-0.00099,c0d103a8-7181-4857-96e7-9fcaa0451196,2026-05-10,20:16:51.98,2026-05-10T16:16:51.9848960-04:00,2026-05-10T20:16:51.9848960Z,LineDrive,v3,227,471378,,"Klock, Connor ",1000305212,Right,NJI_HIG,ff4cab9f-8dd9-48e8-9573-86273e2ff66f,55.22911,-132.6855,13.59097,5.90759,-4.19974,-8.48256,-2.56999,9.19629,-7.55729,220.501666,0.42646,129.85601,-22.5559,4.71769,-0.95493,0.16915,-0.02329,0.00201,-7E-05,2.5725,48.55555,-14.31519,0.4342,-0.00673,0.00717,-0.00509,0.00155,-0.00016,-0.00093,18.50774,5.50607,-1.77684,0.47007,-0.09965,0.01607,-0.0017,8E-05,,,,,,,,,,,,,,,,,,,,,,,High,High,High,High,High,,,,228.617854,-4.281067,2120.473143,0.99721,1:30,0.051805,-0.745468,-0.664525,-22.484627,-32.809677,-27.113613,177.849472,17.320244,0.035823,0.297712,-0.953983,17.331721,2.052971,0.297712,0.035823,0.953983,-17.331721,-2.052971,-0.297712,-0.035823,0.953983,-177.849472,-17.320244,-0.035823,-0.297712,-0.953983,72.36291,8.25048,0.47476
55,2026-05-10,16:17:28.35,3,1,"Peterson, Brandon",831442,Right,NJI_HIG,"Larson, Colin",831502,Left,BOC_EAG,Undefined,2,Bottom,2,0,0,ChangeUp,Changeup,BallCalled,Undefined,Undefined,Undefined,0,0,,82.64169,0.251776,-3.056662,1457.072083,253.762386,2:30,5.51419,2.80123,5.04142,-36.59549,5.28315,14.02076,2.70241,1.08348,76.36904,-6.39096,-0.582315,0.465766,,,,,,,,,,,,-7.71461,2.9287,-2.52116,50,5.50892,5.80161,-119.92032,-0.82211,-11.35852,20.78474,-27.86202,BOC_EAG,NJI_HIG,HarringtonVillage,D1,ACC,20260510-HarringtonVillage-2,449bcb30-4cad-11f1-a377-b55a9399db9a,80.92572,,,6.27265,,,,,,,c0d103a8-7181-4857-96e7-9fcaa0451196,2026-05-10,20:17:28.35,2026-05-10T16:17:28.3585536-04:00,2026-05-10T20:17:28.3585536Z,,v3,227,471378,,"Klock, Connor ",1000305212,Right,NJI_HIG,ed3bc3c5-9cda-4a91-b93d-2ed6662f3c61,55.45872,-120.86273,10.39237,5.51756,0.44119,-13.93101,-2.79589,6.31662,-5.67926,,,,,,,,,,,,,,,,,,,,,,,,,,,,,,,,,,,,,,,,,,,,,,,,,,,High,High,High,,,,,,242.154498,-7.315058,1445.212993,0.991861,2:00,0.09859,-0.877565,-0.469212,58.43449,-40.995511,68.733414,169.632039,63.895445,0.079188,0.897993,-0.432826,64.266257,4.541911,0.897993,0.079188,0.432826,-64.266257,-4.541911,-0.897993,-0.079188,0.432826,-169.632039,-63.895445,-0.079188,-0.897993,-0.432826,,,
56,2026-05-10,16:17:40.63,3,2,"Peterson, Brandon",831442,Right,NJI_HIG,"Larson, Colin",831502,Left,BOC_EAG,Undefined,2,Bottom,2,1,0,Fastball,Sinker,BallCalled,Undefined,Undefined,Undefined,0,0,,92.56645,-0.947602,-2.888974,2157.90008,232.234759,1:45,5.80372,2.5264,5.55323,-20.14694,12.40288,14.87564,3.23818,1.06432,85.81863,-4.680113,-0.239138,0.410625,,,,,,,,,,,,-8.18067,6.77244,-2.28645,50,5.70834,6.11349,-134.49275,-2.94804,-15.23942,24.50833,-19.55797,BOC_EAG,NJI_HIG,HarringtonVillage,D1,ACC,20260510-HarringtonVillage-2,4be666c0-4cad-11f1-a377-b55a9399db9a,91.79278,,,6.74781,,,,,,,c0d103a8-7181-4857-96e7-9fcaa0451196,2026-05-10,20:17:40.63,2026-05-10T16:17:40.6352384-04:00,2026-05-10T20:17:40.6352384Z,,v3,227,471378,,"Klock, Connor ",1000305212,Right,NJI_HIG,412fbef4-b258-4a61-9328-2c594d9fad28,54.94717,-135.39126,12.25416,5.80327,-2.23102,-9.77898,-2.52082,6.6722,-7.61971,,,,,,,,,,,,,,,,,,,,,,,,,,,,,,,,,,,,,,,,,,,,,,,,,,,High,High,High,,,,,,231.00472,1.988133,2156.601097,0.999398,1:45,-0.05351,-0.777197,-0.626977,-22.748709,-49.749473,-46.806109,171.967438,12.352239,0.136501,0.213921,-0.967267,12.470819,7.845431,0.213921,0.136501,0.967267,-12.470819,-7.845431,-0.213921,-0.136501,0.967267,-171.967438,-12.352239,-0.136501,-0.213921,-0.967267,,,
57,2026-05-10,16:17:58.19,3,3,"Peterson, Brandon",831442,Right,NJI_HIG,"Larson, Colin",831502,Left,BOC_EAG,Undefined,2,Bottom,2,2,0,Fastball,Sinker,StrikeCalled,Undefined,Undefined,Undefined,0,0,,91.69169,-2.039314,-4.106984,2217.758943,229.623181,1:45,5.87579,2.59476,5.29502,-18.08406,15.9145,17.46237,2.44834,0.18731,84.01351,-5.414498,-1.01693,0.419664,,,,,,,,,,,,-9.78497,8.8163,-2.23366,50,5.67684,8.71223,-132.77058,-5.36872,-17.5609,26.98651,-16.35164,BOC_EAG,NJI_HIG,HarringtonVillage,D1,ACC,20260510-HarringtonVillage-2,565e2660-4cad-11f1-a377-b55a9399db9a,89.81574,,,7.67818,,,,,,,c0d103a8-7181-4857-96e7-9fcaa0451196,2026-05-10,20:17:58.19,2026-05-10T16:17:58.1978112-04:00,2026-05-10T20:17:58.1978112Z,,v3,227,471378,,"Klock, Connor ",1000305212,Right,NJI_HIG,91810760-5a39-4a56-b709-016575786a76,55.20377,-133.8241,13.49326,5.87396,-4.73037,-8.17582,-2.58716,9.39779,-8.78045,,,,,,,,,,,,,,,,,,,,,,,,,,,,,,,,,,,,,,,,,,,,,,,,,,,High,High,High,,,,,,229.634535,-3.427753,2213.791336,0.998211,1:45,0.040292,-0.757956,-0.65106,-31.345059,-29.446168,-14.933337,173.066716,15.17786,0.116503,0.261816,-0.95806,15.284455,6.69031,0.261816,0.116503,0.95806,-15.284455,-6.69031,-0.261816,-0.116503,0.95806,-173.066716,-15.17786,-0.116503,-0.261816,-0.95806,,,
58,2026-05-10,16:18:12.34,3,4,"Peterson, Brandon",831442,Right,NJI_HIG,"Larson, Colin",831502,Left,BOC_EAG,Undefined,2,Bottom,2,2,1,Slider,Slider,FoulBallNotFieldable,Undefined,Undefined,Undefined,0,0,,83.6814,-0.448228,-3.025392,2120.540082,29.077261,7:00,5.67816,2.67255,4.84684,-41.00002,-0.06626,-0.6365,1.83655,-0.24734,78.05762,-7.797144,-3.137334,0.460482,,,,,,,,,,,,-0.38579,0.33882,-2.37285,50,5.59821,6.44837,-121.49053,-2.54013,-0.58587,20.2099,-31.65947,BOC_EAG,NJI_HIG,HarringtonVillage,D1,ACC,20260510-HarringtonVillage-2,5edab240-4cad-11f1-a377-b55a9399db9a,81.8544,,,5.62378,,,,,,,c0d103a8-7181-4857-96e7-9fcaa0451196,2026-05-10,20:18:12.34,2026-05-10T16:18:12.3435520-04:00,2026-05-10T20:18:12.3435520Z,,v3,227,471378,,"Klock, Connor ",1000305212,Right,NJI_HIG,12603d2d-3dff-4635-8ee9-9825406c10cb,55.65518,-122.42765,10.10495,5.68196,-1.0721,-15.82973,-2.67249,6.47554,-0.29293,,,,,,,,,,,,,,,,,,,,,,,,,,,,,,,,,,,,,,,,,,,,,,,,,,,High,High,High,,,,,,211.215708,85.804823,155.126504,0.073154,1:00,-0.998906,-0.045714,-0.009856,43.361473,36.974377,25.395146,132.729757,6.01421,0.730519,0.104775,-0.674807,8.825666,46.929939,0.104775,0.730519,0.674807,-8.825666,-46.929939,-0.104775,-0.730519,0.674807,-132.729757,-6.01421,-0.730519,-0.104775,-0.674807,,,
59,2026-05-10,16:18:34.62,3,5,"Peterson, Brandon",831442,Right,NJI_HIG,"Larson, Colin",831502,Left,BOC_EAG,Undefined,2,Bottom,2,2,2,Slider,Slider,BallCalled,Undefined,Undefined,Undefined,0,0,,85.71246,-1.507328,-2.202022,2411.635056,227.461782,1:30,5.53251,2.93323,4.7878,-35.16053,4.34528,3.43618,1.17252,1.13159,79.05857,-7.844025,-1.597452,0.452378,,,,,,,,,,,,-2.26996,2.8952,-2.7165,50,5.35134,4.62158,-124.27754,-4.66516,-3.56936,23.64321,-27.62153,BOC_EAG,NJI_HIG,HarringtonVillage,D1,ACC,20260510-HarringtonVillage-2,6c1dc6e0-4cad-11f1-a377-b55a9399db9a,83.3206,,,6.65389,,,,,,,c0d103a8-7181-4857-96e7-9fcaa0451196,2026-05-10,20:18:34.62,2026-05-10T16:18:34.6261504-04:00,2026-05-10T20:18:34.6261504Z,,v3,227,471378,,"Klock, Connor ",1000305212,Right,NJI_HIG,9827edf3-3659-4b4b-a6df-18103e38e298,55.71098,-125.35932,11.8216,5.53588,-3.40136,-13.81076,-2.93169,4.78489,-1.78468,,,,,,,,,,,,,,,,,,,,,,,,,,,,,,,,,,,,,,,,,,,,,,,,,,,High,High,High,,,,,,224.936058,73.119092,700.298661,0.290383,1:30,-0.95838,-0.230203,-0.168862,37.976891,30.114377,20.494322,127.109872,17.299362,0.761405,0.297364,-0.576053,27.303249,49.588241,0.297364,0.761405,0.576053,-27.303249,-49.588241,-0.297364,-0.761405,0.576053,-127.109872,-17.299362,-0.761405,-0.297364,-0.576053,,,
60,2026-05-10,16:18:49.50,3,6,"Peterson, Brandon",831442,Right,NJI_HIG,"Larson, Colin",831502,Left,BOC_EAG,Undefined,2,Bottom,2,3,2,Slider,Slider,StrikeCalled,Strikeout,Undefined,Undefined,0,0,,83.8163,-0.391933,-3.282943,2434.135679,16.037232,6:30,5.70553,2.7573,4.71506,-44.63392,-2.16693,-1.07472,1.61347,-0.45124,75.66879,-8.439541,-3.471471,0.469026,,,,,,,,,,,,-0.57378,-0.4835,-2.42409,50,5.62616,6.99674,-121.12014,-2.60253,-0.83579,27.94623,-32.87831,BOC_EAG,NJI_HIG,HarringtonVillage,D1,ACC,20260510-HarringtonVillage-2,750374d0-4cad-11f1-a377-b55a9399db9a,80.36318,,,8.14751,,,,,,,c0d103a8-7181-4857-96e7-9fcaa0451196,2026-05-10,20:18:49.50,2026-05-10T16:18:49.5060480-04:00,2026-05-10T20:18:49.5060480Z,,v3,227,471378,,"Klock, Connor ",1000305212,Right,NJI_HIG,97259705-663d-4932-91e5-bf066b5d9cf4,55.78147,-122.44684,13.97311,5.71267,-1.04169,-16.43916,-2.75719,7.03642,-0.4179,,,,,,,,,,,,,,,,,,,,,,,,,,,,,,,,,,,,,,,,,,,,,,,,,,,High,High,High,,,,,,142.384885,87.743091,95.857003,0.03938,10:45,-0.999512,0.0172,0.026087,52.921647,33.481658,21.916471,127.651136,8.827845,0.782366,0.153466,-0.603616,14.264908,51.47769,0.153466,0.782366,0.603616,-14.264908,-51.47769,-0.153466,-0.782366,0.603616,-127.651136,-8.827845,-0.782366,-0.153466,-0.603616,,,
61,2026-05-10,16:21:12.61,1,1,"Colarusso, AJ",1000090794,Left,BOC_EAG,"Klock, Connor ",1000305212,Left,NJI_HIG,Undefined,3,Top,0,0,0,Fastball,Four-Seam,FoulBallNotFieldable,Undefined,Undefined,Undefined,0,0,,89.04447,-2.113291,1.810608,2195.101735,166.472765,11:30,5.9696,-1.11337,5.78262,-14.61989,21.26182,-4.8024,2.78323,0.17155,80.32825,-4.942817,0.951053,0.43113,71.08269,62.346059,-139.297529,4698.947531,,,,,29.66594,,,3.03736,11.9089,0.96703,50,5.78679,-3.87427,-129.0386,-5.15485,5.04911,30.37908,-12.37739,BOC_EAG,NJI_HIG,HarringtonVillage,D1,ACC,20260510-HarringtonVillage-2,ca46b240-4cad-11f1-a377-b55a9399db9a,87.42715,51.18715,,8.71623,,,,1.93369,2.98886,-0.18295,c0d103a8-7181-4857-96e7-9fcaa0451196,2026-05-10,20:21:12.61,2026-05-10T16:21:12.6115328-04:00,2026-05-10T20:21:12.6115328Z,,v3,227,471378,,"Gonzalez, Cesar",831498,Right,BOC_EAG,7b9a2362-632d-4ad3-8cbd-22cecc8eb75f,54.7143,-130.14373,15.18954,5.96613,-4.70458,-6.1887,1.11131,-4.05795,2.52455,21.582931,1.93369,-36.68183,-4.02776,3.10859,-4.45321,11.77405,-18.52101,14.97916,-4.91658,2.98886,92.34561,-31.17096,4.43368,-2.29085,4.57554,-6.85871,5.38356,-1.72192,-0.18295,-31.55546,6.51447,-1.72927,1.55168,-3.87954,6.01095,-4.79883,1.55696,,,,,,,,,,,,,,,,,,,,,,,High,High,High,High,Undefined,,,,153.030865,-15.463053,2115.644714,0.963803,11:00,0.277333,0.446629,-0.850652,30.634815,-28.038655,37.044866,177.95184,-19.741808,0.033639,-0.337782,-0.940623,19.753452,-1.927731,0.337782,-0.033639,0.940623,-19.753452,1.927731,-0.337782,0.033639,0.940623,-177.95184,19.741808,-0.033639,0.337782,-0.940623,71.9094,19.67446,11.78605
62,2026-05-10,16:21:29.11,1,2,"Colarusso, AJ",1000090794,Left,BOC_EAG,"Klock, Connor ",1000305212,Left,NJI_HIG,Undefined,3,Top,0,0,1,Cutter,Slider,InPlay,Undefined,GroundBall,Out,1,0,,84.22542,-1.439086,2.279795,2376.216577,224.844185,1:30,5.7479,-1.65545,5.412,-33.31411,6.52717,5.34831,1.62216,0.92721,77.9908,-7.511687,3.230842,0.454295,93.61776,-3.667605,0.636546,,,,,25.28376,23.04774,-1.414637,0.175381,-2.13665,3.97977,1.44868,50,5.59638,-5.08616,-122.28712,-4.24525,-3.2599,22.4096,-26.10211,BOC_EAG,NJI_HIG,HarringtonVillage,D1,ACC,20260510-HarringtonVillage-2,d41b7b20-4cad-11f1-a377-b55a9399db9a,82.96904,1.77812,,6.23462,,,,1.75646,1.77812,-0.89995,c0d103a8-7181-4857-96e7-9fcaa0451196,2026-05-10,20:21:29.11,2026-05-10T16:21:29.1164160-04:00,2026-05-10T20:21:29.1164160Z,GroundBall,v3,227,471378,,"Gonzalez, Cesar",831498,Right,BOC_EAG,d205311a-8433-44d9-9adf-22761038b42c,55.08852,-123.21608,11.2048,5.74993,-3.16323,-13.05105,1.65672,-4.95103,-1.62995,183.810959,1.75717,136.9625,-16.33392,,,,,,,1.77799,-8.77263,-7.78001,,,,,,,-0.89997,1.52374,0.2782,,,,,,,,,,,,,,,,,,,,,,,,,,,,,High,High,High,High,High,,,,188.136668,-75.166193,608.349877,0.256016,12:15,0.976594,-0.011947,-0.214761,-75.938877,-44.342827,71.160524,176.088941,7.420244,0.067637,0.129146,-0.989316,7.437371,3.878256,0.129146,0.067637,0.989316,-7.437371,-3.878256,-0.129146,-0.067637,0.989316,-176.088941,-7.420244,-0.067637,-0.129146,-0.989316,65.4534,7.53955,-0.52922
63,2026-05-10,16:22:02.99,2,1,"Colarusso, AJ",1000090794,Left,BOC_EAG,"Vega, Nicholas",10305587,Right,NJI_HIG,Undefined,3,Top,1,0,0,Curveball,Curveball,StrikeCalled,Undefined,Undefined,Undefined,0,0,,73.99249,1.075101,-0.410678,2645.692036,296.106984,3:45,6.02407,-1.3187,4.92311,-60.71157,-7.25638,18.52698,1.9813,-0.16304,67.61519,-9.866902,2.864199,0.526219,,,,,,,,,,,,-9.25237,-3.3478,1.34258,50,6.07832,0.03352,-107.29032,-0.09829,-10.65319,20.67791,-36.02871,BOC_EAG,NJI_HIG,HarringtonVillage,D1,ACC,20260510-HarringtonVillage-2,e8587340-4cad-11f1-a377-b55a9399db9a,71.62882,,,6.37731,,,,,,,c0d103a8-7181-4857-96e7-9fcaa0451196,2026-05-10,20:22:02.99,2026-05-10T16:22:02.9950976-04:00,2026-05-10T20:22:02.9950976Z,,v3,227,471378,,"Gonzalez, Cesar",831498,Right,BOC_EAG,dae515f9-6c0f-4f18-ad47-237e83106f1b,55.57755,-108.35994,10.33895,6.0352,1.76539,-18.01436,1.3266,0.58458,-5.3266,,,,,,,,,,,,,,,,,,,,,,,,,,,,,,,,,,,,,,,,,,,,,,,,,,,High,High,High,,,,,,323.369982,-49.062117,1733.564379,0.65524,4:45,0.751702,-0.405051,0.520459,22.612383,-42.520897,62.040788,137.053546,-20.350953,0.638787,-0.34777,-0.6863,26.872755,-39.701424,0.34777,-0.638787,0.6863,-26.872755,39.701424,-0.34777,0.638787,0.6863,-137.053546,20.350953,-0.638787,0.34777,-0.6863,,,
64,2026-05-10,16:22:17.54,2,2,"Colarusso, AJ",1000090794,Left,BOC_EAG,"Vega, Nicholas",10305587,Right,NJI_HIG,Undefined,3,Top,1,0,1,Fastball,Four-Seam,StrikeSwinging,Undefined,Undefined,Undefined,0,0,,90.25745,-1.563088,2.480916,2162.631208,155.156301,11:15,6.03075,-1.1067,5.56484,-13.1391,22.0221,-9.61469,3.47388,0.41116,81.43621,-4.116669,0.768121,0.426779,,,,,,,,,,,,5.60327,11.95091,0.89898,50,5.88751,-5.22619,-130.73361,-3.91391,9.58822,30.45819,-11.72387,BOC_EAG,NJI_HIG,HarringtonVillage,D1,ACC,20260510-HarringtonVillage-2,f0ff4370-4cad-11f1-a377-b55a9399db9a,88.31834,,,8.82124,,,,,,,c0d103a8-7181-4857-96e7-9fcaa0451196,2026-05-10,20:22:17.54,2026-05-10T16:22:17.5449088-04:00,2026-05-10T20:22:17.5449088Z,,v3,227,471378,,"Gonzalez, Cesar",831498,Right,BOC_EAG,74aac838-95f3-4f71-a12a-bd76906d88fe,54.93064,-131.87735,15.22909,6.02621,-3.47366,-5.86194,1.10198,-5.58624,4.79411,,,,,,,,,,,,,,,,,,,,,,,,,,,,,,,,,,,,,,,,,,,,,,,,,,,High,High,High,,,,,,153.367915,-19.451725,2039.193421,0.942922,11:00,0.357543,0.431601,-0.828181,23.322115,-31.567994,44.924397,177.440438,-20.241802,0.0419,-0.345983,-0.937305,20.260374,-2.40139,0.345983,-0.0419,0.937305,-20.260374,2.40139,-0.345983,0.0419,0.937305,-177.440438,20.241802,-0.0419,0.345983,-0.937305,,,
65,2026-05-10,16:22:33.40,2,3,"Colarusso, AJ",1000090794,Left,BOC_EAG,"Vega, Nicholas",10305587,Right,NJI_HIG,Undefined,3,Top,1,0,2,Curveball,Curveball,BallCalled,Undefined,Undefined,Undefined,0,0,,76.03628,-1.738777,1.088915,2719.877132,302.868532,4:00,5.9908,-1.31184,4.76087,-60.8535,-9.84319,17.86324,-0.72987,1.20942,70.12203,-12.549557,4.244932,0.514044,,,,,,,,,,,,-8.61374,-4.0461,1.18572,50,5.76201,-2.79367,-110.20682,-5.5176,-10.44636,22.12831,-37.08096,BOC_EAG,NJI_HIG,HarringtonVillage,D1,ACC,20260510-HarringtonVillage-2,fa6ebad0-4cad-11f1-a377-b55a9399db9a,73.32531,,,5.91425,,,,,,,c0d103a8-7181-4857-96e7-9fcaa0451196,2026-05-10,20:22:33.40,2026-05-10T16:22:33.4055424-04:00,2026-05-10T20:22:33.4055424Z,,v3,227,471378,,"Gonzalez, Cesar",831498,Right,BOC_EAG,00c07d30-0729-4fd6-95e1-584d08973ef0,55.74225,-111.35383,11.06416,5.9982,-3.59552,-18.54048,1.31649,-2.25219,-5.22318,,,,,,,,,,,,,,,,,,,,,,,,,,,,,,,,,,,,,,,,,,,,,,,,,,,High,High,High,,,,,,328.691754,-53.622549,1613.164777,0.593102,5:00,0.804331,-0.283629,0.522117,21.544311,-7.898873,58.669189,142.125104,-14.217674,0.595134,-0.245606,-0.765175,17.795629,-36.522201,0.245606,-0.595134,0.765175,-17.795629,36.522201,-0.245606,0.595134,0.765175,-142.125104,14.217674,-0.595134,0.245606,-0.765175,,,
66,2026-05-10,16:22:52.11,2,4,"Colarusso, AJ",1000090794,Left,BOC_EAG,"Vega, Nicholas",10305587,Right,NJI_HIG,Undefined,3,Top,1,1,2,ChangeUp,Changeup,StrikeSwinging,Strikeout,Undefined,Undefined,0,0,,82.97752,-1.11309,2.270079,1609.472199,118.942821,10:00,5.95096,-1.2814,5.58298,-32.00569,9.39056,-14.41721,2.24339,-0.36176,75.5032,-7.034738,-0.303556,0.463076,,,,,,,,,,,,7.92685,5.52307,1.09562,50,5.83464,-4.16658,-120.29392,-3.40442,11.52535,25.02093,-24.14369,BOC_EAG,NJI_HIG,HarringtonVillage,D1,ACC,20260510-HarringtonVillage-2,059705c0-4cae-11f1-a377-b55a9399db9a,81.39586,,,7.47433,,,,,,,c0d103a8-7181-4857-96e7-9fcaa0451196,2026-05-10,20:22:52.11,2026-05-10T16:22:52.1132032-04:00,2026-05-10T20:22:52.1132032Z,,v3,227,471378,,"Gonzalez, Cesar",831498,Right,BOC_EAG,af8ff3fc-f505-4944-ad75-b7aa8959326a,54.91346,-121.31161,12.51046,5.95314,-2.42241,-12.07184,1.27463,-4.63536,5.76268,,,,,,,,,,,,,,,,,,,,,,,,,,,,,,,,,,,,,,,,,,,,,,,,,,,High,High,High,,,,,,131.626564,-7.234906,1596.657841,0.992038,10:30,0.137524,0.743845,-0.65405,-68.102047,22.973193,-65.817417,95.088011,-18.524514,0.944452,-0.31771,-0.084091,75.175026,-70.813113,0.31771,-0.944452,0.084091,-75.175026,70.813113,-0.31771,0.944452,0.084091,-95.088011,18.524514,-0.944452,0.31771,-0.084091,,,
67,2026-05-10,16:23:19.27,3,1,"Colarusso, AJ",1000090794,Left,BOC_EAG,"O'Connor, Rowin",832258,Right,NJI_HIG,Undefined,3,Top,1,0,0,Curveball,Curveball,StrikeCalled,Undefined,Undefined,Undefined,0,0,,73.63716,1.289813,0.115113,2701.405174,305.456914,4:15,5.94917,-1.19737,4.8107,-66.22878,-12.07611,19.49442,1.65221,0.53622,67.49907,-10.58385,3.555138,0.529641,,,,,,,,,,,,-9.56851,-5.83229,1.16809,50,6.01969,-0.98512,-106.80212,0.07127,-10.91987,20.44768,-38.83003,BOC_EAG,NJI_HIG,HarringtonVillage,D1,ACC,20260510-HarringtonVillage-2,15cf1770-4cae-11f1-a377-b55a9399db9a,71.16607,,,6.13809,,,,,,,c0d103a8-7181-4857-96e7-9fcaa0451196,2026-05-10,20:23:19.27,2026-05-10T16:23:19.2715264-04:00,2026-05-10T20:23:19.2715264Z,,v3,227,471378,,"Gonzalez, Cesar",831498,Right,BOC_EAG,33dad211-0456-43f9-9528-878c0206842d,55.69221,-107.88641,10.22384,5.96132,2.13033,-19.41502,1.20497,-0.40607,-5.45994,,,,,,,,,,,,,,,,,,,,,,,,,,,,,,,,,,,,,,,,,,,,,,,,,,,High,High,High,,,,,,325.369045,-48.3511,1795.257138,0.664564,4:45,0.737441,-0.394388,0.548306,19.72576,-15.550064,52.061611,140.470963,-16.497953,0.610266,-0.283981,-0.739548,21.00644,-37.608716,0.283981,-0.610266,0.739548,-21.00644,37.608716,-0.283981,0.610266,0.739548,-140.470963,16.497953,-0.610266,0.283981,-0.739548,,,
68,2026-05-10,16:23:33.03,3,2,"Colarusso, AJ",1000090794,Left,BOC_EAG,"O'Connor, Rowin",832258,Right,NJI_HIG,Undefined,3,Top,1,0,1,ChangeUp,Changeup,FoulBallNotFieldable,Undefined,Undefined,Undefined,0,0,,83.60403,-2.201655,2.494672,1542.00569,129.434013,10:15,5.91247,-1.21887,5.44697,-29.34592,11.69505,-12.49717,1.40272,0.07679,76.13635,-7.622116,0.269803,0.461084,69.28644,-42.65214,-75.056961,,,,,3.85449,3.85449,-27.112024,0.02332,7.12197,6.9587,1.00761,50,5.69779,-4.76733,-121.12539,-5.64102,10.48996,25.5509,-21.92458,BOC_EAG,NJI_HIG,HarringtonVillage,D1,ACC,20260510-HarringtonVillage-2,1dfa4f00-4cae-11f1-a377-b55a9399db9a,81.74741,1.60953,,7.46768,,,,2.98043,1.60953,-0.06854,c0d103a8-7181-4857-96e7-9fcaa0451196,2026-05-10,20:23:33.03,2026-05-10T16:23:33.0371584-04:00,2026-05-10T20:23:33.0371584Z,GroundBall,v3,227,471378,,"Gonzalez, Cesar",831498,Right,BOC_EAG,3d86cdfd-3b89-4db8-a1da-46b5b4276bda,55.05206,-122.18645,12.77545,5.91314,-4.73054,-10.96229,1.21463,-5.20295,5.24498,,2.98025,19.31881,,,,,,,,1.61015,-69.01857,,,,,,,,-0.06789,-72.38657,,,,,,,,,,,,,,,,,,,,,,,,,,,,,,High,High,High,Estimated,Estimated,,,,126.976874,3.853747,1538.519,0.997739,10:15,-0.071567,0.793902,-0.60382,-65.995261,20.340725,-50.309114,95.621077,-23.941671,0.909564,-0.405806,-0.089521,77.55973,-65.4452,0.405806,-0.909564,0.089521,-77.55973,65.4452,-0.405806,0.909564,0.089521,-95.621077,23.941671,-0.909564,0.405806,-0.089521,75.73442,11.50805,-5.7829
69,2026-05-10,16:23:59.97,3,3,"Colarusso, AJ",1000090794,Left,BOC_EAG,"O'Connor, Rowin",832258,Right,NJI_HIG,Undefined,3,Top,1,0,2,Fastball,Four-Seam,BallCalled,Undefined,Undefined,Undefined,0,0,,90.81563,-2.947154,3.401213,2239.636648,174.917914,11:45,5.94218,-1.2366,5.92448,-14.8056,19.52316,-1.62831,1.96644,1.78743,82.26099,-5.790499,3.1097,0.421697,,,,,,,,,,,,1.87162,11.2369,0.96518,50,5.69745,-7.73752,-131.39487,-7.17412,3.23983,30.39827,-12.7228,BOC_EAG,NJI_HIG,HarringtonVillage,D1,ACC,20260510-HarringtonVillage-2,2e04e810-4cae-11f1-a377-b55a9399db9a,89.38275,,,8.55464,,,,,,,c0d103a8-7181-4857-96e7-9fcaa0451196,2026-05-10,20:23:59.97,2026-05-10T16:23:59.9734784-04:00,2026-05-10T20:23:59.9734784Z,,v3,227,471378,,"Gonzalez, Cesar",831498,Right,BOC_EAG,e50d252b-596b-4968-be7e-4f37ef9101d0,54.57061,-132.44806,15.19914,5.93837,-6.73332,-6.3614,1.2352,-7.84977,1.61991,,,,,,,,,,,,,,,,,,,,,,,,,,,,,,,,,,,,,,,,,,,,,,,,,,,High,High,High,,,,,,153.299399,-22.301719,2072.108096,0.925198,11:00,0.406015,0.434679,-0.803869,48.252325,-34.903597,19.353232,178.127827,32.235121,0.027634,0.533395,-0.845415,32.248925,1.583528,0.533395,0.027634,0.845415,-32.248925,-1.583528,-0.533395,-0.027634,0.845415,-178.127827,-32.235121,-0.027634,-0.533395,-0.845415,,,
70,2026-05-10,16:24:17.08,3,4,"Colarusso, AJ",1000090794,Left,BOC_EAG,"O'Connor, Rowin",832258,Right,NJI_HIG,Undefined,3,Top,1,1,2,Fastball,Four-Seam,BallCalled,Undefined,Undefined,Undefined,0,0,,89.90997,-3.178038,0.977733,2194.144796,172.927294,11:45,5.98981,-1.19335,5.52367,-13.72828,21.66202,-2.53429,1.87115,-0.49037,81.58733,-5.814124,0.52606,0.428167,,,,,,,,,,,,1.56236,12.21615,1.11001,50,5.70424,-2.10666,-130.20932,-7.60653,2.66296,29.18276,-11.35252,BOC_EAG,NJI_HIG,HarringtonVillage,D1,ACC,20260510-HarringtonVillage-2,383b8000-4cae-11f1-a377-b55a9399db9a,88.03204,,,8.32264,,,,,,,c0d103a8-7181-4857-96e7-9fcaa0451196,2026-05-10,20:24:17.08,2026-05-10T16:24:17.0840576-04:00,2026-05-10T20:24:17.0840576Z,,v3,227,471378,,"Gonzalez, Cesar",831498,Right,BOC_EAG,922fa617-3128-4336-8bac-1dff09e5ef38,54.97156,-131.31882,14.59138,5.98523,-7.17492,-5.67626,1.19203,-2.2079,1.33148,,,,,,,,,,,,,,,,,,,,,,,,,,,,,,,,,,,,,,,,,,,,,,,,,,,High,High,High,,,,,,151.839732,-11.955816,2146.548625,0.978308,11:00,0.195934,0.472477,-0.859288,35.61467,-27.691554,48.395796,178.161491,-25.979251,0.028841,-0.438046,-0.89849,25.99087,-1.652678,0.438046,-0.028841,0.89849,-25.99087,1.652678,-0.438046,0.028841,0.89849,-178.161491,25.979251,-0.028841,0.438046,-0.89849,,,
71,2026-05-10,16:24:35.93,3,5,"Colarusso, AJ",1000090794,Left,BOC_EAG,"O'Connor, Rowin",832258,Right,NJI_HIG,Undefined,3,Top,1,2,2,ChangeUp,Changeup,InPlay,Undefined,GroundBall,FieldersChoice,1,0,,83.58428,-2.147471,2.141087,1646.3463,127.004147,10:15,5.89806,-1.23255,5.54311,-30.25848,11.06548,-12.61631,1.36723,-0.28199,75.37526,-7.764861,-0.110197,0.462671,91.10605,-21.991179,-20.329015,,,,,6.07584,6.07584,-9.660699,0.030163,7.11587,6.74804,1.05571,50,5.69213,-4.00153,-120.99463,-5.53598,10.34546,27.84983,-22.36333,BOC_EAG,NJI_HIG,HarringtonVillage,D1,ACC,20260510-HarringtonVillage-2,437b4a90-4cae-11f1-a377-b55a9399db9a,81.46701,1.51115,,8.20902,,,,2.48087,1.51115,0.28036,c0d103a8-7181-4857-96e7-9fcaa0451196,2026-05-10,20:24:35.93,2026-05-10T16:24:35.9373312-04:00,2026-05-10T20:24:35.9373312Z,GroundBall,v3,227,471378,,"Gonzalez, Cesar",831498,Right,BOC_EAG,f47d82ad-ceea-46c0-87f2-c53fe3d23565,54.95349,-122.12948,13.92492,5.89914,-4.62471,-11.18167,1.22736,-4.42309,5.17273,,2.48016,116.32787,,,,,,,,1.51145,-50.0992,,,,,,,,0.28062,-43.09797,,,,,,,,,,,,,,,,,,,,,,,,,,,,,,High,High,High,Estimated,Estimated,,,,131.260077,0.685222,1646.228565,0.999928,10:30,-0.015452,0.750694,-0.660469,-74.769022,20.764926,-67.583255,92.212045,-24.84741,0.906754,-0.420203,-0.035025,85.235282,-65.060549,0.420203,-0.906754,0.035025,-85.235282,65.060549,-0.420203,0.906754,0.035025,-92.212045,24.84741,-0.906754,0.420203,-0.035025,78.04844,6.10746,5.64424
72,2026-05-10,16:25:28.90,4,1,"Colarusso, AJ",1000090794,Left,BOC_EAG,"Sallie, Ty",1000121067,Right,NJI_HIG,Undefined,3,Top,2,0,0,Curveball,Slider,FoulBallNotFieldable,Undefined,Undefined,Undefined,0,0,,75.92149,0.649107,0.756724,2558.040268,287.603298,3:30,5.89238,-1.40928,5.07815,-53.80987,-3.3454,15.9278,2.0202,0.63143,69.3342,-9.093239,3.576887,0.511287,86.759,28.917931,-35.876183,2583.981381,85.50853,47.38951,-69.19667,303.18347,283.67016,-44.93032,3.724785,-7.75764,-1.46843,1.32414,50,5.91109,-2.07308,-110.11093,-0.59224,-9.40787,21.78164,-33.95482,BOC_EAG,NJI_HIG,HarringtonVillage,D1,ACC,20260510-HarringtonVillage-2,631495f0-4cae-11f1-a377-b55a9399db9a,73.72077,54.28148,,6.58728,,,,3.51643,2.31336,-0.39041,c0d103a8-7181-4857-96e7-9fcaa0451196,2026-05-10,20:25:28.90,2026-05-10T16:25:28.9062400-04:00,2026-05-10T20:25:28.9062400Z,LineDrive,v3,227,471378,,"Gonzalez, Cesar",831498,Right,BOC_EAG,e3ece1e2-cd30-4701-8947-135b26f34700,55.42254,-111.17842,10.89082,5.89934,1.07183,-16.97741,1.41444,-1.61201,-4.70393,129.654706,3.51554,90.27741,-19.17442,5.22121,-1.22616,0.28435,-0.06264,0.00924,-0.00058,2.31405,61.51035,-19.93408,1.1398,-0.06512,-0.01003,-0.00092,0.00177,-0.00025,-0.39041,-65.27274,3.01611,-0.2069,-0.00443,-0.02323,0.01371,-0.00292,0.00022,,,,,,,,,,,,,,,,,,,,,,,High,High,High,High,Medium,,,,319.800223,-57.478085,1375.259143,0.537622,4:45,0.833704,-0.356541,0.421682,29.584779,-44.73972,58.587107,132.611546,-22.915002,0.677881,-0.389365,-0.623596,31.980117,-42.678295,0.389365,-0.677881,0.623596,-31.980117,42.678295,-0.389365,0.677881,0.623596,-132.611546,22.915002,-0.677881,0.389365,-0.623596,,,
73,2026-05-10,16:26:22.72,4,2,"Colarusso, AJ",1000090794,Left,BOC_EAG,"Sallie, Ty",1000121067,Right,NJI_HIG,Undefined,3,Top,2,0,1,ChangeUp,Changeup,FoulBallNotFieldable,Undefined,Undefined,Undefined,0,0,,83.99627,-1.29071,1.802689,1715.95129,123.395968,10:00,5.82758,-1.39942,5.51551,-31.32588,9.3093,-11.9441,2.00941,-0.70861,76.17874,-7.086739,-0.327559,0.458799,45.62757,-45.59701,104.548013,,,,,3.33182,3.33182,54.944602,0.044333,6.62922,5.50925,1.25073,50,5.69429,-3.33789,-121.75973,-3.80135,9.82888,26.66754,-24.00573,BOC_EAG,NJI_HIG,HarringtonVillage,D1,ACC,20260510-HarringtonVillage-2,832ed120-4cae-11f1-a377-b55a9399db9a,82.15459,2.13539,,7.81753,,,,2.43902,2.13539,0.70313,c0d103a8-7181-4857-96e7-9fcaa0451196,2026-05-10,20:26:22.72,2026-05-10T16:26:22.7283456-04:00,2026-05-10T20:26:22.7283456Z,GroundBall,v3,227,471378,,"Gonzalez, Cesar",831498,Right,BOC_EAG,eadad6c8-4a40-4ba2-9836-43c2a41cd211,54.98229,-122.8461,13.33377,5.82923,-2.82343,-12.00287,1.39486,-3.73829,4.91444,,2.43965,-11.84949,,,,,,,,2.13793,-48.16664,,,,,,,,0.70072,45.66069,,,,,,,,,,,,,,,,,,,,,,,,,,,,,,High,High,High,Estimated,Estimated,,,,128.747741,-8.756191,1695.951991,0.988345,10:15,0.154222,0.774053,-0.61405,-60.323105,25.417077,-65.891858,92.577573,-71.462354,0.317606,-0.948115,-0.014298,89.136029,-18.518209,0.948115,-0.317606,0.014298,-89.136029,18.518209,-0.948115,0.317606,0.014298,-92.577573,71.462354,-0.317606,0.948115,-0.014298,72.28697,18.05221,-5.78798
74,2026-05-10,16:26:51.55,4,3,"Colarusso, AJ",1000090794,Left,BOC_EAG,"Sallie, Ty",1000121067,Right,NJI_HIG,Undefined,3,Top,2,0,2,Fastball,Four-Seam,StrikeSwinging,Strikeout,Undefined,Undefined,0,0,,90.93652,-2.758717,2.13367,2161.247018,158.804744,11:15,5.97102,-1.00733,5.61123,-12.27158,22.47501,-8.21355,2.36969,0.30064,81.81977,-5.158383,0.668685,0.424255,,,,,,,,,,,,4.81099,12.59438,0.83024,50,5.72737,-4.52448,-131.59286,-6.64538,8.30894,31.8508,-10.42268,BOC_EAG,NJI_HIG,HarringtonVillage,D1,ACC,20260510-HarringtonVillage-2,94542900-4cae-11f1-a377-b55a9399db9a,88.84375,,,9.11675,,,,,,,c0d103a8-7181-4857-96e7-9fcaa0451196,2026-05-10,20:26:51.55,2026-05-10T16:26:51.5522048-04:00,2026-05-10T20:26:51.5522048Z,,v3,227,471378,,"Gonzalez, Cesar",831498,Right,BOC_EAG,c20b6ab3-c7aa-4718-b233-2355239d0b1e,54.88322,-132.76954,15.9254,5.96575,-6.26033,-5.21134,1.00306,-4.83144,4.15447,,,,,,,,,,,,,,,,,,,,,,,,,,,,,,,,,,,,,,,,,,,,,,,,,,,High,High,High,,,,,,153.57863,-12.84231,2107.184478,0.974985,11:00,0.233499,0.444034,-0.865051,23.36973,-26.195589,49.933221,176.523344,-17.207268,0.057928,-0.295829,-0.953483,17.237116,-3.320865,0.295829,-0.057928,0.953483,-17.237116,3.320865,-0.295829,0.057928,0.953483,-176.523344,17.207268,-0.057928,0.295829,-0.953483,,,
75,2026-05-10,16:28:54.15,1,1,"Peterson, Brandon",831442,Right,NJI_HIG,"Solier, Julio",827632,Right,BOC_EAG,Undefined,3,Bottom,0,0,0,Slider,Slider,BallCalled,Undefined,Undefined,Undefined,0,0,,82.31229,-0.640334,-3.914933,2369.554016,67.109764,8:15,5.76055,2.74553,4.83596,-43.31416,0.10134,-3.20721,1.54326,-1.2346,75.17814,-8.440674,-4.477871,0.474235,,,,,,,,,,,,0.39945,0.66736,-2.35457,50,5.65996,8.28716,-119.03741,-2.98769,0.56848,24.57906,-31.22426,BOC_EAG,NJI_HIG,HarringtonVillage,D1,ACC,20260510-HarringtonVillage-2,dd6ee990-4cae-11f1-a377-b55a9399db9a,79.48048,,,7.13415,,,,,,,c0d103a8-7181-4857-96e7-9fcaa0451196,2026-05-10,20:28:54.15,2026-05-10T16:28:54.1525504-04:00,2026-05-10T20:28:54.1525504Z,,v3,227,471378,,"Klock, Connor ",1000305212,Right,NJI_HIG,a0a38a89-0240-4ff6-a642-1ed180a588d0,55.66194,-120.20081,12.28953,5.7664,-1.50975,-15.61213,-2.74618,8.26025,0.28424,,,,,,,,,,,,,,,,,,,,,,,,,,,,,,,,,,,,,,,,,,,,,,,,,,,High,High,High,,,,,,211.987364,82.009287,329.397818,0.139013,1:00,-0.995147,-0.084702,-0.050078,41.144774,32.552587,23.436968,129.017491,7.081542,0.771027,0.123282,-0.624755,11.162659,50.4462,0.123282,0.771027,0.624755,-11.162659,-50.4462,-0.123282,-0.771027,0.624755,-129.017491,-7.081542,-0.771027,-0.123282,-0.624755,,,
76,2026-05-10,16:29:08.18,1,2,"Peterson, Brandon",831442,Right,NJI_HIG,"Solier, Julio",827632,Right,BOC_EAG,Undefined,3,Bottom,0,1,0,Slider,Slider,BallCalled,Undefined,Undefined,Undefined,0,0,,83.91024,-0.101283,-3.963082,2325.559654,122.226038,10:00,5.77664,2.65118,4.91398,-38.40108,3.36622,-3.05614,2.48056,-1.35676,76.21299,-7.068259,-4.499683,0.465146,,,,,,,,,,,,0.27823,2.15059,-2.2611,50,5.7351,8.54165,-121.29218,-1.68326,0.41025,25.9765,-29.00287,BOC_EAG,NJI_HIG,HarringtonVillage,D1,ACC,20260510-HarringtonVillage-2,e5c17f40-4cae-11f1-a377-b55a9399db9a,81.03354,,,7.69725,,,,,,,c0d103a8-7181-4857-96e7-9fcaa0451196,2026-05-10,20:29:08.18,2026-05-10T16:29:08.1818624-04:00,2026-05-10T20:29:08.1818624Z,,v3,227,471378,,"Klock, Connor ",1000305212,Right,NJI_HIG,dbd1b52f-82c7-4399-85ae-1ccdfb4b1ba1,55.58161,-122.48173,12.98825,5.78177,-0.35513,-14.50144,-2.65182,8.52286,0.20512,,,,,,,,,,,,,,,,,,,,,,,,,,,,,,,,,,,,,,,,,,,,,,,,,,,High,High,High,,,,,,217.318664,73.902983,644.795436,0.277265,1:15,-0.973438,-0.169789,-0.153591,23.116118,30.122937,12.090802,127.350075,12.227759,0.776909,0.211798,-0.59292,19.657359,50.97843,0.211798,0.776909,0.59292,-19.657359,-50.97843,-0.211798,-0.776909,0.59292,-127.350075,-12.227759,-0.776909,-0.211798,-0.59292,,,
77,2026-05-10,16:29:22.56,1,3,"Peterson, Brandon",831442,Right,NJI_HIG,"Solier, Julio",827632,Right,BOC_EAG,Undefined,3,Bottom,0,2,0,Fastball,Sinker,BallCalled,Undefined,Undefined,Undefined,0,0,,90.84038,-1.798673,-5.130979,2423.070765,223.752561,1:30,5.8908,2.44005,5.26453,-16.04721,19.25347,17.20351,2.85645,-0.95943,81.86833,-4.853625,-2.096694,0.427625,,,,,,,,,,,,-10.11638,10.51449,-1.98243,50,5.71429,10.95536,-131.12243,-4.63749,-17.43272,30.36652,-14.05531,BOC_EAG,NJI_HIG,HarringtonVillage,D1,ACC,20260510-HarringtonVillage-2,ee4ab550-4cae-11f1-a377-b55a9399db9a,88.1437,,,8.97206,,,,,,,c0d103a8-7181-4857-96e7-9fcaa0451196,2026-05-10,20:29:22.56,2026-05-10T16:29:22.5666048-04:00,2026-05-10T20:29:22.5666048Z,,v3,227,471378,,"Klock, Connor ",1000305212,Right,NJI_HIG,e0028cfd-7435-489b-b05b-15f0f050c349,55.23161,-132.32847,15.18326,5.88739,-4.07927,-7.02765,-2.43128,11.64772,-8.71636,,,,,,,,,,,,,,,,,,,,,,,,,,,,,,,,,,,,,,,,,,,,,,,,,,,High,High,High,,,,,,228.122811,-4.303475,2416.23912,0.997181,1:30,0.038382,-0.739757,-0.671779,-39.064099,-31.175121,-19.611427,174.018765,4.320619,0.103907,0.075338,-0.99173,4.344178,5.964175,0.075338,0.103907,0.99173,-4.344178,-5.964175,-0.075338,-0.103907,0.99173,-174.018765,-4.320619,-0.103907,-0.075338,-0.99173,,,
78,2026-05-10,16:29:42.84,1,4,"Peterson, Brandon",831442,Right,NJI_HIG,"Solier, Julio",827632,Right,BOC_EAG,Undefined,3,Bottom,0,3,0,Fastball,Sinker,StrikeCalled,Undefined,Undefined,Undefined,0,0,,89.48137,-1.143786,-4.100303,2315.575504,226.487398,1:30,5.98567,2.55563,5.42892,-17.91139,18.13603,17.73548,3.41894,0.18684,80.67265,-4.545207,-0.954916,0.432124,,,,,,,,,,,,-10.11363,9.81949,-2.2041,50,5.87206,8.45763,-129.41271,-3.15061,-16.96539,29.7416,-15.70203,BOC_EAG,NJI_HIG,HarringtonVillage,D1,ACC,20260510-HarringtonVillage-2,fa601f60-4cae-11f1-a377-b55a9399db9a,87.22595,,,8.80872,,,,,,,c0d103a8-7181-4857-96e7-9fcaa0451196,2026-05-10,20:29:42.84,2026-05-10T16:29:42.8474368-04:00,2026-05-10T20:29:42.8474368Z,,v3,227,471378,,"Klock, Connor ",1000305212,Right,NJI_HIG,195ec93f-8487-4654-a792-2bf7039d6ec6,55.06702,-130.57202,14.8708,5.98294,-2.53856,-7.85101,-2.54667,9.11893,-8.48269,,,,,,,,,,,,,,,,,,,,,,,,,,,,,,,,,,,,,,,,,,,,,,,,,,,High,High,High,,,,,,224.960924,5.517461,2304.847309,0.995367,1:30,-0.13224,-0.70513,-0.696638,-27.136591,-35.969078,-40.77044,173.119147,11.453334,0.117419,0.19857,-0.973028,11.534206,6.74319,0.19857,0.117419,0.973028,-11.534206,-6.74319,-0.19857,-0.117419,0.973028,-173.119147,-11.453334,-0.117419,-0.19857,-0.973028,,,
79,2026-05-10,16:29:57.88,1,5,"Peterson, Brandon",831442,Right,NJI_HIG,"Solier, Julio",827632,Right,BOC_EAG,Undefined,3,Bottom,0,3,1,Fastball,Four-Seam,BallCalled,Walk,Undefined,Undefined,0,0,,91.27319,-2.490238,-4.777095,2445.083766,220.54926,1:15,5.90924,2.41455,5.25258,-15.95127,19.22918,15.30265,2.23041,-0.80938,81.88948,-5.533331,-2.076459,0.426896,,,,,,,,,,,,-9.11918,10.75587,-1.98709,50,5.6688,10.26301,-131.65338,-6.2423,-15.75093,32.09207,-13.5962,BOC_EAG,NJI_HIG,HarringtonVillage,D1,ACC,20260510-HarringtonVillage-2,035a66c0-4caf-11f1-a377-b55a9399db9a,88.29418,,,9.38371,,,,,,,c0d103a8-7181-4857-96e7-9fcaa0451196,2026-05-10,20:29:57.88,2026-05-10T16:29:57.8829824-04:00,2026-05-10T20:29:57.8829824Z,,v3,227,471378,,"Klock, Connor ",1000305212,Right,NJI_HIG,63578260-0999-459e-a77c-f7b6e2a5435a,55.24194,-132.92503,16.04604,5.90547,-5.70355,-6.7981,-2.40612,10.88714,-7.87546,,,,,,,,,,,,,,,,,,,,,,,,,,,,,,,,,,,,,,,,,,,,,,,,,,,High,High,High,,,,,,224.572946,6.710804,2428.331598,0.993149,1:30,-0.145081,-0.701428,-0.697819,-36.144543,-14.62047,-24.177981,178.486338,8.239065,0.026143,0.143304,-0.989333,8.241901,1.498036,0.143304,0.026143,0.989333,-8.241901,-1.498036,-0.143304,-0.026143,0.989333,-178.486338,-8.239065,-0.026143,-0.143304,-0.989333,,,
80,2026-05-10,16:30:37.97,2,1,"Peterson, Brandon",831442,Right,NJI_HIG,"Wang, Nick",813482,Right,BOC_EAG,Undefined,3,Bottom,0,0,0,ChangeUp,Changeup,FoulBallNotFieldable,Undefined,Undefined,Undefined,0,0,,82.92968,-0.738274,-3.565622,1655.263733,264.3775,2:45,5.62023,2.92027,4.83761,-39.34931,3.09555,17.42312,1.64067,0.99162,75.92785,-7.852392,-0.500947,0.468904,,,,,,,,,,,,-9.633,2.11106,-2.58298,50,5.51326,6.71973,-120.09667,-3.04849,-14.04736,23.59195,-29.09557,BOC_EAG,NJI_HIG,HarringtonVillage,D1,ACC,20260510-HarringtonVillage-2,1b423e70-4caf-11f1-a377-b55a9399db9a,80.3841,,,7.00183,,,,,,,c0d103a8-7181-4857-96e7-9fcaa0451196,2026-05-10,20:30:37.97,2026-05-10T16:30:37.9754496-04:00,2026-05-10T20:30:37.9754496Z,,v3,227,471378,,"Klock, Connor ",1000305212,Right,NJI_HIG,b5a4ea44-4374-4717-9ed3-9a1988f7d1b5,55.66247,-121.20391,11.79597,5.62429,-1.68295,-14.54779,-2.91383,7.37902,-7.02368,,,,,,,,,,,,,,,,,,,,,,,,,,,,,,,,,,,,,,,,,,,,,,,,,,,High,High,High,,,,,,237.759617,-14.806307,1600.301137,0.966795,2:00,0.233476,-0.814372,-0.531308,70.932206,-45.397531,63.227877,167.801237,54.571323,0.12249,0.814838,-0.5666,55.18706,7.035855,0.814838,0.12249,0.5666,-55.18706,-7.035855,-0.814838,-0.12249,0.5666,-167.801237,-54.571323,-0.12249,-0.814838,-0.5666,,,
81,2026-05-10,16:31:01.45,2,2,"Peterson, Brandon",831442,Right,NJI_HIG,"Wang, Nick",813482,Right,BOC_EAG,Undefined,3,Bottom,0,0,1,Slider,Slider,BallCalled,Undefined,Undefined,Undefined,0,0,,83.57887,-1.5187,-4.212961,2318.912687,132.794667,10:30,5.75726,2.7982,5.02611,-37.85726,4.02095,-2.81315,1.16525,-1.41871,76.30118,-8.371438,-4.708038,0.465764,,,,,,,,,,,,0.12335,2.85087,-2.39211,50,5.5813,9.02144,-120.81677,-4.61722,0.18071,25.44,-27.99671,BOC_EAG,NJI_HIG,HarringtonVillage,D1,ACC,20260510-HarringtonVillage-2,294c9ab0-4caf-11f1-a377-b55a9399db9a,80.92612,,,7.2777,,,,,,,c0d103a8-7181-4857-96e7-9fcaa0451196,2026-05-10,20:31:01.45,2026-05-10T16:31:01.4552576-04:00,2026-05-10T20:31:01.4552576Z,,v3,227,471378,,"Klock, Connor ",1000305212,Right,NJI_HIG,9d232451-ffb8-4c43-bff6-5b772a59dc72,55.47181,-121.96351,12.72,5.76098,-3.35523,-13.99836,-2.79858,9.01329,0.09036,,,,,,,,,,,,,,,,,,,,,,,,,,,,,,,,,,,,,,,,,,,,,,,,,,,High,High,High,,,,,,219.384422,79.556136,420.354137,0.181272,1:15,-0.987684,-0.141045,-0.06773,20.031596,38.6989,15.111717,132.641561,6.667348,0.730631,0.116105,-0.672828,9.790662,46.939318,0.116105,0.730631,0.672828,-9.790662,-46.939318,-0.116105,-0.730631,0.672828,-132.641561,-6.667348,-0.730631,-0.116105,-0.672828,,,
82,2026-05-10,16:31:49.14,2,3,"Peterson, Brandon",831442,Right,NJI_HIG,"Wang, Nick",813482,Right,BOC_EAG,Undefined,3,Bottom,0,1,1,Slider,Slider,StrikeCalled,Undefined,Undefined,Undefined,0,0,,84.38349,0.962863,-3.612268,2469.920527,108.093122,9:30,5.6997,2.84953,4.9747,-39.05427,2.07492,-2.06343,3.35648,-0.73868,76.56842,-6.138164,-3.975056,0.46158,,,,,,,,,,,,-0.08535,1.17902,-2.49856,50,5.76124,7.79826,-122.04475,0.55666,-0.1276,26.03081,-30.41174,BOC_EAG,NJI_HIG,HarringtonVillage,D1,ACC,20260510-HarringtonVillage-2,45b00f70-4caf-11f1-a377-b55a9399db9a,81.65967,,,7.81507,,,,,,,c0d103a8-7181-4857-96e7-9fcaa0451196,2026-05-10,20:31:49.14,2026-05-10T16:31:49.1430000-04:00,2026-05-10T20:31:49.1430000Z,,v3,227,471378,,"Klock, Connor ",1000305212,Right,NJI_HIG,eb33e049-e895-451e-9733-ea948673d1d9,55.52137,-123.21677,13.0154,5.70535,1.92593,-15.20587,-2.8498,7.80401,-0.0638,,,,,,,,,,,,,,,,,,,,,,,,,,,,,74.81256,1.660748,0.755866,0.904883,-2.27028,2.94158,0.99569,-4.3176,5.81662,3.68399,66.07051,3.68483,58.71263,-4.25261,88.10008,-11.57963,5.82644,8.61544,-12.15417,3.68929,63.34169,-2.8103,High,High,High,,,High,High,High,216.688562,73.077588,718.935681,0.291076,1:15,-0.972287,-0.157807,-0.172497,12.870694,30.896061,0.885527,128.753459,16.488991,0.747775,0.283831,-0.600227,25.308198,48.398003,0.283831,0.747775,0.600227,-25.308198,-48.398003,-0.283831,-0.747775,0.600227,-128.753459,-16.488991,-0.747775,-0.283831,-0.600227,,,
83,2026-05-10,16:32:31.63,2,4,"Peterson, Brandon",831442,Right,NJI_HIG,"Wang, Nick",813482,Right,BOC_EAG,Undefined,3,Bottom,0,1,2,Slider,Slider,InPlay,Undefined,FlyBall,Out,1,0,,84.82404,0.37166,-3.830747,2413.272441,94.044975,9:15,5.64801,2.81905,4.84913,-38.94246,1.50945,-3.91677,2.75544,-1.13925,77.93089,-6.652775,-4.517652,0.457763,98.1989,23.920071,16.968011,4194.037733,102.64756,46.54333,39.54026,324.33798,318.54879,28.54554,4.397891,0.9,0.96449,-2.43667,50,5.65135,8.39866,-122.84036,-0.71804,1.37765,23.92676,-30.6977,BOC_EAG,NJI_HIG,HarringtonVillage,D1,ACC,20260510-HarringtonVillage-2,5f03d330-4caf-11f1-a377-b55a9399db9a,82.34049,62.40717,,6.89314,,,,0.41252,2.6352,1.15848,c0d103a8-7181-4857-96e7-9fcaa0451196,2026-05-10,20:32:31.63,2026-05-10T16:32:31.6304896-04:00,2026-05-10T20:32:31.6304896Z,LineDrive,v3,227,471378,,"Klock, Connor ",1000305212,Right,NJI_HIG,c3249e6c-41ee-431a-ba5b-68d2102d6189,55.65082,-123.93614,11.96338,5.65204,0.68782,-15.34885,-2.81986,8.33556,0.68883,212.447013,0.41248,125.92188,-29.7157,7.08804,-1.52834,0.31587,-0.05691,0.00679,-0.00036,2.63557,58.39022,-14.7347,0.06709,0.17067,-0.07549,0.01928,-0.00225,9E-05,1.15826,38.42827,0.50697,-0.86775,0.27556,-0.06465,0.01221,-0.0015,8E-05,,,,,,,,,,,,,,,,,,,,,,,High,High,High,High,High,,,,213.848362,77.555468,520.046616,0.215494,1:15,-0.987037,-0.113693,-0.113281,30.068573,34.810391,19.691329,132.622648,7.376921,0.729739,0.128396,-0.671562,10.823776,46.864516,0.128396,0.729739,0.671562,-10.823776,-46.864516,-0.128396,-0.729739,0.671562,-132.622648,-7.376921,-0.729739,-0.128396,-0.671562,64.43185,2.40073,8.96013
84,2026-05-10,16:33:27.99,3,1,"Peterson, Brandon",831442,Right,NJI_HIG,"Johnson, Gunnar",1000100233,Right,BOC_EAG,Undefined,3,Bottom,1,0,0,Fastball,Sinker,FoulBallNotFieldable,Undefined,Undefined,Undefined,0,0,,88.85768,-0.428666,-4.2005,2380.951739,233.22427,1:45,5.89373,2.70257,5.41114,-20.88958,15.38658,18.96942,3.75024,0.34097,80.73428,-4.342837,-0.837673,0.433493,75.79962,56.873424,131.669104,5279.278895,,,,,34.58741,,,-10.71843,8.20587,-2.34205,50,5.84127,8.59511,-128.65297,-1.66652,-17.91523,27.37186,-18.45844,BOC_EAG,NJI_HIG,HarringtonVillage,D1,ACC,20260510-HarringtonVillage-2,80960860-4caf-11f1-a377-b55a9399db9a,86.95051,46.08409,,8.12339,,,,-0.35568,3.63194,-0.26498,c0d103a8-7181-4857-96e7-9fcaa0451196,2026-05-10,20:33:27.99,2026-05-10T16:33:27.9967744-04:00,2026-05-10T20:33:27.9967744Z,,v3,227,471378,,"Klock, Connor ",1000305212,Right,NJI_HIG,1dd2ee90-6c0f-4527-9caa-73e04b52ccdd,55.08721,-129.7308,13.68593,5.89258,-0.93968,-9.22922,-2.69439,9.30055,-8.95762,,-0.35568,-40.39144,-7.76092,5.07877,-1.76344,0.52877,-0.14949,0.03797,-0.00625,3.63194,93.10319,-37.05098,6.07531,-1.19052,0.20468,-0.03025,0.00105,0.00099,-0.26498,45.38361,-8.76869,2.36303,-0.49652,0.08738,-0.01254,0.00032,0.00033,,,,,,,,,,,,,,,,,,,,,,,High,High,High,High,Undefined,,,,228.945024,2.141362,2379.289073,0.999302,1:45,-0.079715,-0.753812,-0.652237,-34.23236,-44.907441,-45.472263,173.167206,1.874485,0.118909,0.03271,-0.992366,1.887884,6.82912,0.03271,0.118909,0.992366,-1.887884,-6.82912,-0.03271,-0.118909,0.992366,-173.167206,-1.874485,-0.118909,-0.03271,-0.992366,,,
85,2026-05-10,16:34:01.90,3,2,"Peterson, Brandon",831442,Right,NJI_HIG,"Johnson, Gunnar",1000100233,Right,BOC_EAG,Undefined,3,Bottom,1,0,1,Slider,Slider,InPlay,Undefined,GroundBall,Out,2,0,,83.97829,-0.881243,-2.420649,2410.685334,214.750196,1:15,5.63126,2.8554,4.82915,-36.31789,4.76441,2.44681,1.7694,0.76552,77.41691,-7.439715,-1.990137,0.461316,80.19114,-12.415837,-33.690203,,,,,7.50838,3.84864,-31.482759,0.056366,-1.84835,2.93406,-2.61763,50,5.51262,5.04016,-121.78629,-3.27071,-2.79049,22.75389,-27.74444,BOC_EAG,NJI_HIG,HarringtonVillage,D1,ACC,20260510-HarringtonVillage-2,94d152d0-4caf-11f1-a377-b55a9399db9a,81.7063,1.42742,,6.56139,,,,1.00834,1.42742,-0.32465,c0d103a8-7181-4857-96e7-9fcaa0451196,2026-05-10,20:34:01.90,2026-05-10T16:34:01.9001856-04:00,2026-05-10T20:34:01.9001856Z,GroundBall,v3,227,471378,,"Klock, Connor ",1000305212,Right,NJI_HIG,03aeda1f-939b-49ae-bc22-3b6a94c753e2,55.67019,-122.84111,11.37694,5.63444,-1.98454,-13.87222,-2.85428,5.16952,-1.39524,180,1.00708,95.71051,,,,,,,,1.42775,-25.3243,,,,,,,,-0.32381,-63.80733,,,,,,,,,,,,,,,,,,,,,,,,,,,,,,High,High,High,Low,Low,,,,227.109278,76.592647,558.972212,0.231873,1:30,-0.975818,-0.184823,-0.116703,46.037692,37.494766,24.692506,132.842916,18.813811,0.694046,0.322494,-0.64366,26.612314,43.951236,0.322494,0.694046,0.64366,-26.612314,-43.951236,-0.322494,-0.694046,0.64366,-132.842916,-18.813811,-0.694046,-0.322494,-0.64366,68.28248,-0.00213,3.36846
86,2026-05-10,16:37:04.36,1,1,"Mudd, Tyler",809052,Left,BOC_EAG,"Francis, Austin",1000236684,Right,NJI_HIG,Undefined,4,Top,0,0,0,Fastball,Sinker,StrikeSwinging,Undefined,Undefined,Undefined,0,0,,87.42691,-0.418683,3.1564,2027.507222,119.126974,10:00,5.12937,-2.00768,5.84636,-25.79123,10.69536,-17.20651,2.59044,-0.50543,80.25349,-5.2206,0.07477,0.434748,,,,,,,,,,,,9.59123,5.92028,1.76068,50,5.08013,-6.27743,-126.9161,-1.77927,15.72532,24.7107,-22.46748,BOC_EAG,NJI_HIG,HarringtonVillage,D1,ACC,20260510-HarringtonVillage-2,01939400-4cb0-11f1-a377-b55a9399db9a,86.69944,,,7.17343,,,,,,,c0d103a8-7181-4857-96e7-9fcaa0451196,2026-05-10,20:37:04.36,2026-05-10T16:37:04.3667456-04:00,2026-05-10T20:37:04.3667456Z,,v3,227,471378,,"Gonzalez, Cesar",831498,Right,BOC_EAG,3e08e032-5de2-496d-b47f-956d10503575,54.65278,-127.8188,12.35535,5.13014,-0.95852,-11.23374,2.00049,-6.85188,7.86266,,,,,,,,,,,,,,,,,,,,,,,,,,,,,,,,,,,,,,,,,,,,,,,,,,,High,High,High,,,,,,131.121624,-8.862456,2003.300874,0.988061,10:15,0.184174,0.745427,-0.640639,-72.809933,42.271518,-70.307705,97.957172,-2.431331,0.98948,-0.042422,-0.138308,17.05186,-81.681954,0.042422,-0.98948,0.138308,-17.05186,81.681954,-0.042422,0.98948,0.138308,-97.957172,2.431331,-0.98948,0.042422,-0.138308,,,
87,2026-05-10,16:37:16.48,1,2,"Mudd, Tyler",809052,Left,BOC_EAG,"Francis, Austin",1000236684,Right,NJI_HIG,Undefined,4,Top,0,0,1,ChangeUp,Changeup,BallCalled,Undefined,Undefined,Undefined,0,0,,82.67109,-3.531872,1.787225,1612.379336,137.812189,10:30,5.83398,-1.27774,5.61484,-26.73643,14.3558,-11.90375,0.30382,-0.60114,76.61771,-8.447717,-0.340399,0.461372,,,,,,,,,,,,6.55323,8.56107,1.1332,50,5.51467,-3.27843,-119.92158,-8.26042,9.62646,21.29391,-19.59812,BOC_EAG,NJI_HIG,HarringtonVillage,D1,ACC,20260510-HarringtonVillage-2,08c9e440-4cb0-11f1-a377-b55a9399db9a,81.69642,,,6.05338,,,,,,,c0d103a8-7181-4857-96e7-9fcaa0451196,2026-05-10,20:37:16.48,2026-05-10T16:37:16.4832256-04:00,2026-05-10T20:37:16.4832256Z,,v3,227,471378,,"Gonzalez, Cesar",831498,Right,BOC_EAG,0ec14965-0232-4e0a-ad60-152a86ad853b,54.88566,-120.78598,10.64696,5.83385,-7.46485,-9.79906,1.27422,-3.66921,4.81323,,,,,,,,,,,,,,,,,,,,,,,,,,,,,,,,,,,,,,,,,,,,,,,,,,,High,High,High,,,,,,146.964644,-1.094717,1612.085042,0.999817,11:00,0.01164,0.545199,-0.838226,-74.257886,0.492031,-51.662864,96.685239,-24.399788,0.904493,-0.413101,-0.106017,75.606379,-64.755104,0.413101,-0.904493,0.106017,-75.606379,64.755104,-0.413101,0.904493,0.106017,-96.685239,24.399788,-0.904493,0.413101,-0.106017,,,
88,2026-05-10,16:37:27.55,1,3,"Mudd, Tyler",809052,Left,BOC_EAG,"Francis, Austin",1000236684,Right,NJI_HIG,Undefined,4,Top,0,1,1,ChangeUp,Changeup,BallCalled,Undefined,Undefined,Undefined,0,0,,81.55536,-2.655104,1.989998,1570.548682,155.631541,11:15,5.85767,-1.37052,5.57771,-26.31068,15.98808,-6.66378,1.18208,-0.06651,75.3554,-7.516702,0.80079,0.468096,,,,,,,,,,,,3.90449,9.1804,1.20381,50,5.61184,-3.85048,-118.33523,-6.31548,5.57764,21.00986,-19.0597,BOC_EAG,NJI_HIG,HarringtonVillage,D1,ACC,20260510-HarringtonVillage-2,0f61aa90-4cb0-11f1-a377-b55a9399db9a,80.52283,,,6.19996,,,,,,,c0d103a8-7181-4857-96e7-9fcaa0451196,2026-05-10,20:37:27.55,2026-05-10T16:37:27.5502592-04:00,2026-05-10T20:37:27.5502592Z,,v3,227,471378,,"Gonzalez, Cesar",831498,Right,BOC_EAG,9014f472-aa3e-4341-9cbe-95a34e292896,54.92136,-119.20579,10.50493,5.85716,-5.52573,-9.52985,1.36815,-4.08159,2.78882,,,,,,,,,,,,,,,,,,,,,,,,,,,,,,,,,,,,,,,,,,,,,,,,,,,High,High,High,,,,,,146.227863,0.010189,1570.548658,1,10:45,0.002952,0.555286,-0.831654,-81.57386,-5.628258,-53.261846,104.670913,-31.529588,0.82458,-0.522939,-0.215877,67.568416,-55.545926,0.522939,-0.82458,0.215877,-67.568416,55.545926,-0.522939,0.82458,0.215877,-104.670913,31.529588,-0.82458,0.522939,-0.215877,,,
89,2026-05-10,16:37:40.12,1,4,"Mudd, Tyler",809052,Left,BOC_EAG,"Francis, Austin",1000236684,Right,NJI_HIG,Undefined,4,Top,0,2,1,Fastball,Sinker,FoulBallNotFieldable,Undefined,Undefined,Undefined,0,0,,86.43761,-0.781519,2.935175,2048.56277,129.037493,10:15,5.11473,-1.86565,5.85467,-26.15151,11.2656,-12.45245,2.20831,-0.17381,79.20319,-5.654565,0.704324,0.440257,69.96113,53.411599,126.936218,3966.448253,,,,,33.80587,,,7.20674,6.32457,1.63464,50,5.03589,-5.93019,-125.46502,-2.55901,11.50638,24.99215,-22.07611,BOC_EAG,NJI_HIG,HarringtonVillage,D1,ACC,20260510-HarringtonVillage-2,16deeee0-4cb0-11f1-a377-b55a9399db9a,85.61461,40.15435,,7.23443,,,,1.63532,2.33679,0.09527,c0d103a8-7181-4857-96e7-9fcaa0451196,2026-05-10,20:37:40.12,2026-05-10T16:37:40.1298944-04:00,2026-05-10T20:37:40.1298944Z,,v3,227,471378,,"Gonzalez, Cesar",831498,Right,BOC_EAG,98a099b9-413a-4654-b115-118d5324db9d,54.64487,-126.38687,12.49607,5.11526,-1.74471,-11.03805,1.86121,-6.35462,5.75319,,1.63532,-36.75355,-4.52747,2.32393,-0.93558,1.13535,-1.77703,1.60066,-0.59363,2.33679,82.38909,-31.70619,4.44808,-1.03565,0.49748,-0.57743,0.48899,-0.1765,0.09527,48.88682,-5.62846,1.04248,-0.22142,0.18883,-0.28688,0.25321,-0.09207,,,,,,,,,,,,,,,,,,,,,,,High,High,High,High,Undefined,,,,133.514366,-11.315483,2008.742137,0.980562,10:30,0.220821,0.713715,-0.664717,-71.985748,43.026098,-73.611483,96.420304,-0.075282,0.993727,-0.001314,-0.111821,0.673207,-83.579257,0.001314,-0.993727,0.111821,-0.673207,83.579257,-0.001314,0.993727,0.111821,-96.420304,0.075282,-0.993727,0.001314,-0.111821,,,
90,2026-05-10,16:38:02.42,1,5,"Mudd, Tyler",809052,Left,BOC_EAG,"Francis, Austin",1000236684,Right,NJI_HIG,Undefined,4,Top,0,2,2,Fastball,Four-Seam,StrikeSwinging,Strikeout,Undefined,Undefined,0,0,,88.98128,-1.834953,1.025813,2247.763831,162.496601,11:30,5.70678,-1.17207,5.77091,-13.98367,21.74044,-6.46803,2.83303,-0.75636,80.66667,-4.540883,-0.132255,0.430182,,,,,,,,,,,,3.57681,11.9515,1.09111,50,5.54663,-2.02632,-129.04694,-4.49269,5.98603,28.74964,-12.17253,BOC_EAG,NJI_HIG,HarringtonVillage,D1,ACC,20260510-HarringtonVillage-2,24308270-4cb0-11f1-a377-b55a9399db9a,87.61973,,,8.31461,,,,,,,c0d103a8-7181-4857-96e7-9fcaa0451196,2026-05-10,20:38:02.42,2026-05-10T16:38:02.4230000-04:00,2026-05-10T20:38:02.4230000Z,,v3,227,471378,,"Gonzalez, Cesar",831498,Right,BOC_EAG,a2b22ef3-ba94-4cbc-8b82-409ec59adaa6,54.72439,-130.0952,14.37482,5.70236,-4.04886,-6.08626,1.16897,-2.24458,2.99301,,,,,,,,,,,,,,,,,,,,,,,,,,,,,44.43017,2.996754,1.189478,1.807275,-1.77427,2.57396,0.76566,-5.59162,4.70908,2.4998,68.81142,7.5344,55.98294,-5.49131,45.63539,-2.52034,4.89569,29.67967,-15.65782,2.57781,32.93365,-1.88637,High,High,High,,,High,High,High,153.200765,-11.137384,2205.43133,0.981167,11:00,0.194548,0.448333,-0.872438,13.461512,-25.648285,41.733678,178.739378,-1.60458,0.021992,-0.028002,-0.999366,1.604969,-1.260128,0.028002,-0.021992,0.999366,-1.604969,1.260128,-0.028002,0.021992,0.999366,-178.739378,1.60458,-0.021992,0.028002,-0.999366,,,
91,2026-05-10,16:38:31.34,2,1,"Mudd, Tyler",809052,Left,BOC_EAG,"O'Connor, Sheehan",1000132277,Right,NJI_HIG,Undefined,4,Top,1,0,0,Fastball,Four-Seam,FoulBallNotFieldable,Undefined,Undefined,Undefined,0,0,,87.76656,-0.097439,2.628424,2080.411236,139.658603,10:45,5.25237,-1.76938,6.06257,-21.43371,14.51497,-11.38981,3.37595,-0.28422,80.35291,-4.141573,0.580212,0.431532,68.58984,53.22085,152.39209,4235.441269,,,,,46.2659,,,6.60918,7.84859,1.57154,50,5.23329,-5.39691,-127.48173,-0.86377,10.90372,25.58849,-19.22553,BOC_EAG,NJI_HIG,HarringtonVillage,D1,ACC,20260510-HarringtonVillage-2,3566ca40-4cb0-11f1-a377-b55a9399db9a,87.34566,49.94723,,7.41365,,,,1.19848,3.32224,0.24332,c0d103a8-7181-4857-96e7-9fcaa0451196,2026-05-10,20:38:31.34,2026-05-10T16:38:31.3486336-04:00,2026-05-10T20:38:31.3486336Z,,v3,227,471378,,"Gonzalez, Cesar",831498,Right,BOC_EAG,a2eb3aa5-6707-4cd9-ac5d-7fc8ca6ec01e,54.43676,-128.3692,12.79425,5.25169,-0.19698,-9.61277,1.76527,-5.77507,5.45186,348.002307,1.19848,-53.37318,-1.04703,1.68637,-1.80777,4.45029,-6.58781,4.92003,-1.47026,3.32224,80.57436,-30.33679,4.07732,-1.8929,3.42667,-4.84027,3.53676,-1.0407,0.24332,27.91235,-2.81652,0.28596,-0.00495,-0.09546,0.1722,-0.14427,0.04656,,,,,,,,,,,,,,,,,,,,,,,High,High,High,High,Undefined,,,,137.076972,-18.242711,1975.847596,0.949739,10:30,0.343507,0.647318,-0.680428,-83.937409,38.384277,77.455187,101.768122,4.229038,0.976315,0.073744,-0.203396,19.928706,77.505155,0.073744,0.976315,0.203396,-19.928706,-77.505155,-0.073744,-0.976315,0.203396,-101.768122,-4.229038,-0.976315,-0.073744,-0.203396,,,
92,2026-05-10,16:38:52.48,2,2,"Mudd, Tyler",809052,Left,BOC_EAG,"O'Connor, Sheehan",1000132277,Right,NJI_HIG,Undefined,4,Top,1,0,1,Fastball,Four-Seam,FoulBallNotFieldable,Undefined,Undefined,Undefined,0,0,,87.51832,-0.656504,2.138392,2182.643409,160.380892,11:15,5.76325,-1.11974,5.88548,-17.14639,19.32603,-6.47823,3.72431,0.32702,79.93616,-3.926174,0.977054,0.434664,67.6376,55.46426,113.342526,3661.65596,,,,,36.84025,,,3.9087,10.42347,0.95095,50,5.70042,-4.47631,-127.06692,-1.94119,6.39346,25.92545,-15.12449,BOC_EAG,NJI_HIG,HarringtonVillage,D1,ACC,20260510-HarringtonVillage-2,42031790-4cb0-11f1-a377-b55a9399db9a,86.71629,54.28918,,7.58216,,,,0.18705,3.65484,-0.40927,c0d103a8-7181-4857-96e7-9fcaa0451196,2026-05-10,20:38:52.48,2026-05-10T16:38:52.4817920-04:00,2026-05-10T20:38:52.4817920Z,,v3,227,471378,,"Gonzalez, Cesar",831498,Right,BOC_EAG,0af3e089-8800-45cd-bdc8-fc2769c7b8b1,54.6123,-128.0045,12.96272,5.76073,-1.39422,-7.56224,1.11702,-4.70753,3.19673,307.09258,0.18705,-22.28358,-2.94607,1.51881,-0.46128,0.11465,-0.0271,0.00547,-0.00069,3.65484,81.71962,-20.93502,1.56172,-0.14895,-0.00789,0.00795,-0.00126,0.00013,-0.40927,51.63637,-13.86607,3.68711,-0.81517,0.16046,-0.03289,0.00607,-0.00073,,,,,,,,,,,,,,,,,,,,,,,High,High,High,High,Undefined,,,,153.468714,-21.324491,2033.210632,0.931536,11:00,0.389706,0.420244,-0.819466,14.928583,-26.799565,22.796691,174.447134,-1.202689,0.096743,-0.020989,-0.995088,1.208358,-5.551639,0.020989,-0.096743,0.995088,-1.208358,5.551639,-0.020989,0.096743,0.995088,-174.447134,1.202689,-0.096743,0.020989,-0.995088,72.46057,7.99841,9.03353
93,2026-05-10,16:39:05.64,2,3,"Mudd, Tyler",809052,Left,BOC_EAG,"O'Connor, Sheehan",1000132277,Right,NJI_HIG,Undefined,4,Top,1,0,2,ChangeUp,Changeup,BallCalled,Undefined,Undefined,Undefined,0,0,,83.42748,0.755925,1.116493,1658.466659,137.529029,10:30,5.85241,-1.11364,5.64443,-29.20545,11.49217,-9.29264,4.12393,-0.84643,75.86068,-4.687043,-0.543417,0.459151,,,,,,,,,,,,5.00717,6.01174,1.02478,50,5.89821,-1.97218,-121.05672,0.65022,7.39409,24.70818,-23.2965,BOC_EAG,NJI_HIG,HarringtonVillage,D1,ACC,20260510-HarringtonVillage-2,49dc85a0-4cb0-11f1-a377-b55a9399db9a,82.09151,,,7.56681,,,,,,,c0d103a8-7181-4857-96e7-9fcaa0451196,2026-05-10,20:39:05.64,2026-05-10T16:39:05.6426496-04:00,2026-05-10T20:39:05.6426496Z,,v3,227,471378,,"Gonzalez, Cesar",831498,Right,BOC_EAG,e758e3eb-ec2b-4843-913f-c5ce1746cb3d,54.85162,-122.04294,12.35409,5.8537,1.58009,-11.64825,1.10939,-2.26731,3.69705,,,,,,,,,,,,,,,,,,,,,,,,,,,,,,,,,,,,,,,,,,,,,,,,,,,High,High,High,,,,,,146.721751,-5.816191,1649.929059,0.994852,11:00,0.124716,0.544496,-0.829439,-79.406163,-0.067571,-63.028112,102.758252,-25.466549,0.880546,-0.429984,-0.199381,65.123185,-61.708287,0.429984,-0.880546,0.199381,-65.123185,61.708287,-0.429984,0.880546,0.199381,-102.758252,25.466549,-0.880546,0.429984,-0.199381,,,
94,2026-05-10,16:39:16.37,2,4,"Mudd, Tyler",809052,Left,BOC_EAG,"O'Connor, Sheehan",1000132277,Right,NJI_HIG,Undefined,4,Top,1,1,2,ChangeUp,Changeup,InPlay,Undefined,FlyBall,HomeRun,0,1,,83.12947,-1.931152,2.255187,1667.954803,140.028807,10:45,5.85524,-1.15754,5.51266,-27.19753,14.06753,-10.62847,1.78088,0.06667,75.84305,-6.978799,0.361035,0.462341,99.95206,35.350438,-22.453363,3082.985579,101.0393,73.28543,-43.48588,358.66425,352.51209,-27.966476,5.58734,6.06957,8.07996,0.9684,50,5.66873,-4.31517,-120.51172,-4.94574,8.87854,24.5818,-20.35468,BOC_EAG,NJI_HIG,HarringtonVillage,D1,ACC,20260510-HarringtonVillage-2,503d8480-4cb0-11f1-a377-b55a9399db9a,81.52513,107.7691,,7.28642,,,,2.34648,1.93245,-0.06838,c0d103a8-7181-4857-96e7-9fcaa0451196,2026-05-10,20:39:16.37,2026-05-10T16:39:16.3778560-04:00,2026-05-10T20:39:16.3778560Z,FlyBall,v3,227,471378,,"Gonzalez, Cesar",831498,Right,BOC_EAG,91b68471-d9a3-416f-940c-d202e7dafc54,54.98584,-121.52447,12.2909,5.85521,-4.10715,-10.17734,1.15371,-4.68095,4.43927,169.805359,2.34765,110.47533,-24.47995,5.82106,-1.14783,0.19687,-0.02821,0.00274,-0.00012,1.93557,84.76675,-19.80158,1.54816,-0.18549,-0.01407,0.01066,-0.00157,8E-05,-0.0688,-45.65583,7.4272,-1.79166,0.33109,-0.04946,0.00596,-0.00052,2E-05,,,,,,,,,,,,,,,,,,,,,,,High,High,High,High,Medium,,,,149.560759,0.013093,1667.954759,1,11:00,0.016639,0.506329,-0.86218,-74.790444,-4.379132,-45.654016,98.511931,-24.537318,0.899671,-0.415286,-0.134648,72.035738,-64.114828,0.415286,-0.899671,0.134648,-72.035738,64.114828,-0.415286,0.899671,0.134648,-98.511931,24.537318,-0.899671,0.415286,-0.134648,74.25097,22.6706,-20.23794
95,2026-05-10,16:40:08.73,3,1,"Mudd, Tyler",809052,Left,BOC_EAG,"Campbell, Cole",1000115804,Right,NJI_HIG,Undefined,4,Top,1,0,0,Fastball,Four-Seam,StrikeCalled,Undefined,Undefined,Undefined,0,0,,85.83169,-1.22053,2.320895,2070.015534,155.242618,11:15,5.78736,-1.15386,5.82487,-19.07481,19.57281,-8.36871,3.06203,0.30755,77.23202,-4.874511,0.822331,0.447438,,,,,,,,,,,,4.9939,10.77174,0.96897,50,5.67646,-4.68548,-124.33897,-3.17856,7.69358,28.63114,-15.57915,BOC_EAG,NJI_HIG,HarringtonVillage,D1,ACC,20260510-HarringtonVillage-2,6f6fd0b0-4cb0-11f1-a377-b55a9399db9a,84.24059,,,8.59967,,,,,,,c0d103a8-7181-4857-96e7-9fcaa0451196,2026-05-10,20:40:08.73,2026-05-10T16:40:08.7344640-04:00,2026-05-10T20:40:08.7344640Z,,v3,227,471378,,"Gonzalez, Cesar",831498,Right,BOC_EAG,b625dd5c-073b-40de-9f1d-ce961a7df842,54.66947,-125.40958,14.31557,5.78442,-2.596,-7.78957,1.14955,-4.97317,3.84679,,,,,,,,,,,,,,,,,,,,,,,,,,,,,,,,,,,,,,,,,,,,,,,,,,,High,High,High,,,,,,148.774712,-9.763065,2040.036362,0.985517,11:00,0.192651,0.514393,-0.835635,12.552772,-30.235579,45.616561,179.247024,0.280969,0.013141,0.004904,-0.999902,0.280994,0.752967,0.004904,0.013141,0.999902,-0.280994,-0.752967,-0.004904,-0.013141,0.999902,-179.247024,-0.280969,-0.013141,-0.004904,-0.999902,,,
96,2026-05-10,16:40:18.51,3,2,"Mudd, Tyler",809052,Left,BOC_EAG,"Campbell, Cole",1000115804,Right,NJI_HIG,Undefined,4,Top,1,0,1,ChangeUp,Changeup,InPlay,Undefined,Popup,Out,1,0,,82.47326,-1.096889,1.197531,1632.07573,142.280424,10:45,5.80235,-1.01148,5.54698,-30.51573,10.72379,-7.36981,2.23399,-0.50637,76.26526,-6.711113,-0.117737,0.462198,82.73087,57.702646,3.151875,,108.24857,129.96448,19.55097,184.92132,174.05953,10.435844,5.771084,4.05925,6.06351,0.91293,50,5.68708,-2.21358,-119.84896,-3.30461,5.95642,21.2413,-23.27666,BOC_EAG,NJI_HIG,HarringtonVillage,D1,ACC,20260510-HarringtonVillage-2,754aafa0-4cb0-11f1-a377-b55a9399db9a,81.55041,130.18546,,6.208,,,,1.79205,2.39051,0.51565,c0d103a8-7181-4857-96e7-9fcaa0451196,2026-05-10,20:40:18.51,2026-05-10T16:40:18.5155584-04:00,2026-05-10T20:40:18.5155584Z,FlyBall,v3,227,471378,,"Gonzalez, Cesar",831498,Right,BOC_EAG,9bb9b61e-9745-48c4-828c-a1d37b7a0ff8,54.95295,-120.7236,10.62065,5.80342,-2.34616,-11.63833,1.00912,-2.45885,2.97821,191.66076,1.78176,64.88665,-20.38588,6.70454,-1.64967,0.26934,-0.01884,-0.00074,0.00012,2.35887,103.13799,-27.26038,5.36355,-2.45553,0.86286,-0.17394,0.01774,-0.00071,0.52635,3.38154,4.20426,-2.60765,1.10118,-0.31868,0.05512,-0.00501,0.00018,,,,,,,,,,,,,,,,,,,,,,,High,High,High,High,High,,,,146.941358,-0.295915,1632.053963,0.999987,11:00,0.012238,0.545489,-0.838029,-75.954943,6.873562,-51.065741,97.713123,-18.269638,0.941,-0.313489,-0.127448,67.876014,-70.220226,0.313489,-0.941,0.127448,-67.876014,70.220226,-0.313489,0.941,0.127448,-97.713123,18.269638,-0.941,0.313489,-0.127448,67.29745,11.02626,-16.89056
97,2026-05-10,16:40:45.80,4,1,"Mudd, Tyler",809052,Left,BOC_EAG,"Rippo, Conner",10075157,Right,NJI_HIG,Undefined,4,Top,2,0,0,ChangeUp,Changeup,StrikeCalled,Undefined,Undefined,Undefined,0,0,,82.39734,-2.323202,1.872226,1741.03903,155.314683,11:15,5.91142,-1.2302,5.59286,-25.77234,15.91843,-6.69756,1.59221,-0.03961,75.54224,-7.111675,0.676642,0.46472,,,,,,,,,,,,3.92823,9.12189,1.0741,50,5.69541,-3.63873,-119.50267,-5.65635,5.67898,23.08805,-18.98662,BOC_EAG,NJI_HIG,HarringtonVillage,D1,ACC,20260510-HarringtonVillage-2,859055e0-4cb0-11f1-a377-b55a9399db9a,81.10785,,,6.8551,,,,,,,c0d103a8-7181-4857-96e7-9fcaa0451196,2026-05-10,20:40:45.80,2026-05-10T16:40:45.8075136-04:00,2026-05-10T20:40:45.8075136Z,,v3,227,471378,,"Gonzalez, Cesar",831498,Right,BOC_EAG,07e08feb-2cfd-4b08-8766-1e097c3889f1,54.9052,-120.44663,11.54403,5.9108,-4.88008,-9.49331,1.22762,-3.87092,2.83949,,,,,,,,,,,,,,,,,,,,,,,,,,,,,,,,,,,,,,,,,,,,,,,,,,,High,High,High,,,,,,151.767591,4.158647,1736.455008,0.997367,11:00,-0.062827,0.468476,-0.881239,-80.668267,-3.074376,-55.552177,94.640007,-27.933951,0.880593,-0.468453,-0.07147,81.325547,-61.713941,0.468453,-0.880593,0.07147,-81.325547,61.713941,-0.468453,0.880593,0.07147,-94.640007,27.933951,-0.880593,0.468453,-0.07147,,,
98,2026-05-10,16:40:56.73,4,2,"Mudd, Tyler",809052,Left,BOC_EAG,"Rippo, Conner",10075157,Right,NJI_HIG,Undefined,4,Top,2,0,1,Fastball,Four-Seam,InPlay,Undefined,LineDrive,HomeRun,0,1,,87.46652,-0.717948,1.224447,2187.288908,146.770945,11:00,5.80734,-1.04496,5.67977,-20.43596,16.87158,-10.17178,3.4349,-0.75103,78.83399,-4.595791,-0.593886,0.439612,105.7567,21.402105,-27.575813,2129.45374,95.06763,39.79597,-55.33538,372.00105,346.96065,-37.721967,3.994463,5.58488,9.19481,0.94844,50,5.73441,-2.27872,-126.83133,-2.21812,8.95959,29.60134,-17.42325,BOC_EAG,NJI_HIG,HarringtonVillage,D1,ACC,20260510-HarringtonVillage-2,8c1e5830-4cb0-11f1-a377-b55a9399db9a,85.7402,53.42036,,8.63252,,,,1.94283,3.44224,0.81009,c0d103a8-7181-4857-96e7-9fcaa0451196,2026-05-10,20:40:56.73,2026-05-10T16:40:56.7399936-04:00,2026-05-10T20:40:56.7399936Z,FlyBall,v3,227,471378,,"Gonzalez, Cesar",831498,Right,BOC_EAG,eebbc73e-38d6-4144-9b1d-8046b9ee522d,54.81719,-127.95068,14.80067,5.80583,-1.55927,-8.71163,1.04101,-2.61753,4.47979,129.450926,1.94223,128.02473,-28.25304,7.40762,-1.87607,0.4574,-0.09608,0.013,-0.00075,3.44289,56.58382,-17.09308,0.26072,0.41159,-0.19967,0.05331,-0.00707,0.00036,0.81047,-66.86372,0.9735,1.47644,-0.57698,0.11669,-0.01067,-0.00036,0.0001,,,,,,,,,,,,,,,,,,,,,,,High,High,High,High,Medium,,,,147.205771,-6.555514,2172.987769,0.993462,11:00,0.125236,0.539471,-0.832639,17.399429,-22.669091,45.905689,173.262189,-0.689104,0.117318,-0.012027,-0.993022,0.693896,-6.737321,0.012027,-0.117318,0.993022,-0.693896,6.737321,-0.012027,0.117318,0.993022,-173.262189,0.689104,-0.117318,0.012027,-0.993022,,,
99,2026-05-10,16:41:36.46,5,1,"Mudd, Tyler",809052,Left,BOC_EAG,"Can, Dillon",1000236834,Right,NJI_HIG,Undefined,4,Top,2,0,0,Fastball,Changeup,InPlay,Undefined,LineDrive,Single,0,0,,86.59646,0.183468,2.630367,1962.011761,116.964129,10:00,5.22541,-1.75456,5.81605,-28.94348,8.25162,-14.02532,2.98422,-0.4759,79.53376,-5.18405,0.118764,0.438949,104.12547,11.616838,-16.172774,1116.432689,104.01997,19.68852,-35.7727,284.33356,281.63832,-24.324586,2.583541,7.90347,4.4926,1.54772,50,5.22313,-5.21032,-125.78248,-0.56449,12.72214,24.37588,-24.94236,BOC_EAG,NJI_HIG,HarringtonVillage,D1,ACC,20260510-HarringtonVillage-2,a3c04d40-4cb0-11f1-a377-b55a9399db9a,85.8697,21.67642,,7.0627,,,,2.11644,3.08863,0.43215,c0d103a8-7181-4857-96e7-9fcaa0451196,2026-05-10,20:41:36.46,2026-05-10T16:41:36.4623872-04:00,2026-05-10T20:41:36.4623872Z,LineDrive,v3,227,471378,,"Gonzalez, Cesar",831498,Right,BOC_EAG,dd0d05a9-8803-4517-a8ae-ef5253a6cdd3,54.68429,-126.68702,12.18794,5.22691,0.36107,-12.47118,1.74982,-5.68241,6.36107,125.467351,2.11644,143.66896,-27.09697,6.02516,-1.24127,0.2265,-0.03693,0.0046,-0.00028,3.08863,30.75217,-12.59467,-0.4216,0.368,-0.11325,0.0258,-0.00343,0.0002,0.43215,-41.66603,-5.18232,2.87436,-0.96945,0.25477,-0.05229,0.00708,-0.00046,,,,,,,,,,,,,,,,,,,,,,,High,High,High,High,High,,,,132.869843,-13.295506,1909.423787,0.973197,10:30,0.262397,0.712517,-0.650744,-75.602555,40.537209,-77.118528,100.137043,-3.470396,0.982584,-0.060532,-0.17568,19.012008,-79.29125,0.060532,-0.982584,0.17568,-19.012008,79.29125,-0.060532,0.982584,0.17568,-100.137043,3.470396,-0.982584,0.060532,-0.17568,70.95355,9.5076,-15.41977
100,2026-05-10,16:42:36.70,6,1,"Mudd, Tyler",809052,Left,BOC_EAG,"Klock, Connor ",1000305212,Left,NJI_HIG,Undefined,4,Top,2,0,0,Slider,Curveball,BallCalled,Undefined,Undefined,Undefined,0,0,,76.62556,2.782415,3.409725,2098.923257,306.225385,4:15,5.03471,-2.45023,5.27496,-53.55404,-2.67567,6.62111,3.19194,1.30788,67.64165,-7.059434,4.579635,0.513379,,,,,,,,,,,,-1.89654,-1.65701,2.1337,50,5.25147,-6.85579,-110.40664,3.53942,-2.24953,26.79743,-34.13947,BOC_EAG,NJI_HIG,HarringtonVillage,D1,ACC,20260510-HarringtonVillage-2,c7aced30-4cb0-11f1-a377-b55a9399db9a,73.42033,,,8.98391,,,,,,,c0d103a8-7181-4857-96e7-9fcaa0451196,2026-05-10,20:42:36.70,2026-05-10T16:42:36.7060992-04:00,2026-05-10T20:42:36.7060992Z,,v3,227,471378,,"Gonzalez, Cesar",831498,Right,BOC_EAG,79b94254-c16f-4f76-915b-b7695515e462,55.21557,-111.66536,13.39871,5.04756,5.14302,-17.06973,2.45324,-6.75012,-1.12477,,,,,,,,,,,,,,,,,,,,,,,,,,,,,,,,,,,,,,,,,,,,,,,,,,,High,High,High,,,,,,330.847402,-87.629705,86.806556,0.041358,5:00,0.993075,-0.068625,0.095351,-17.578756,30.517327,-52.443844,136.82295,31.329323,0.584486,0.519956,-0.622914,39.852298,35.76667,0.519956,0.584486,0.622914,-39.852298,-35.76667,-0.519956,-0.584486,0.622914,-136.82295,-31.329323,-0.584486,-0.519956,-0.622914,,,
101,2026-05-10,16:42:49.73,6,2,"Mudd, Tyler",809052,Left,BOC_EAG,"Klock, Connor ",1000305212,Left,NJI_HIG,Undefined,4,Top,2,1,0,Fastball,Sinker,StrikeCalled,Undefined,Undefined,Undefined,0,0,,86.48871,0.243055,4.20753,2004.405089,123.281843,10:00,5.09411,-2.27863,5.70744,-27.46852,10.63682,-14.17926,3.03214,0.46697,78.19951,-4.885443,1.680639,0.444288,,,,,,,,,,,,8.42997,5.7241,1.93429,50,5.09772,-8.59669,-125.16945,-0.37944,13.25129,27.42977,-23.17621,BOC_EAG,NJI_HIG,HarringtonVillage,D1,ACC,20260510-HarringtonVillage-2,cf6b8040-4cb0-11f1-a377-b55a9399db9a,84.83792,,,8.28919,,,,,,,c0d103a8-7181-4857-96e7-9fcaa0451196,2026-05-10,20:42:49.73,2026-05-10T16:42:49.7399296-04:00,2026-05-10T20:42:49.7399296Z,,v3,227,471378,,"Gonzalez, Cesar",831498,Right,BOC_EAG,233cc976-2f9c-436d-bc7b-853a8d8c59a3,54.78866,-126.21448,13.71489,5.09536,0.50354,-11.5881,2.27143,-9.10154,6.62564,,,,,,,,,,,,,,,,,,,,,,,,,,,,,,,,,,,,,,,,,,,,,,,,,,,High,High,High,,,,,,127.447618,-15.406961,1932.373051,0.964063,10:15,0.311201,0.764245,-0.564875,-53.282862,48.255279,-51.275241,100.15711,8.872533,0.972549,0.154237,-0.174238,41.51553,76.544108,0.154237,0.972549,0.174238,-41.51553,-76.544108,-0.154237,-0.972549,0.174238,-100.15711,-8.872533,-0.972549,-0.154237,-0.174238,,,
102,2026-05-10,16:43:03.29,6,3,"Mudd, Tyler",809052,Left,BOC_EAG,"Klock, Connor ",1000305212,Left,NJI_HIG,Undefined,4,Top,2,1,1,Slider,Curveball,BallCalled,Undefined,Undefined,Undefined,0,0,,77.9836,3.143094,2.294054,2308.74899,297.635214,4:00,4.96129,-2.44162,5.39933,-51.88546,-3.91331,10.88745,3.58814,0.61651,69.95246,-6.370267,4.225251,0.498501,,,,,,,,,,,,-4.60138,-2.39685,2.22945,50,5.20645,-4.96473,-112.7219,4.40635,-5.78985,24.69859,-35.18999,BOC_EAG,NJI_HIG,HarringtonVillage,D1,ACC,20260510-HarringtonVillage-2,d78e5360-4cb0-11f1-a377-b55a9399db9a,75.61154,,,8.03113,,,,,,,c0d103a8-7181-4857-96e7-9fcaa0451196,2026-05-10,20:43:03.29,2026-05-10T16:43:03.2956416-04:00,2026-05-10T20:43:03.2956416Z,,v3,227,471378,,"Gonzalez, Cesar",831498,Right,BOC_EAG,17c67df8-50fe-4cfd-90dc-03dbfb4092f6,55.09588,-113.83299,12.3493,4.97262,5.9894,-17.595,2.44693,-4.70427,-2.89492,,,,,,,,,,,,,,,,,,,,,,,,,,,,,,,,,,,,,,,,,,,,,,,,,,,High,High,High,,,,,,314.444561,-87.240072,111.169033,0.048151,4:30,0.993305,-0.089091,0.073535,-10.779017,33.819392,-48.324977,135.092745,34.250675,0.583536,0.562815,-0.585428,43.871776,35.699608,0.562815,0.583536,0.585428,-43.871776,-35.699608,-0.562815,-0.583536,0.585428,-135.092745,-34.250675,-0.583536,-0.562815,-0.585428,,,
103,2026-05-10,16:43:18.42,6,4,"Mudd, Tyler",809052,Left,BOC_EAG,"Klock, Connor ",1000305212,Left,NJI_HIG,Undefined,4,Top,2,2,1,Slider,Slider,InPlay,Undefined,Popup,Out,1,0,,77.11795,2.188262,2.84675,2248.039917,279.675986,3:15,5.09744,-2.29208,5.24861,-49.19152,0.66941,8.00217,3.05801,1.05208,68.53184,-6.855661,4.261838,0.50822,82.47241,50.951673,7.187854,4655.826887,109.78401,116.54141,6.88961,224.4391,104.22263,2.29083,5.663999,-2.92882,0.03461,2.02434,50,5.26252,-5.85707,-111.34437,2.61195,-3.55167,26.32429,-32.13206,BOC_EAG,NJI_HIG,HarringtonVillage,D1,ACC,20260510-HarringtonVillage-2,e08a4870-4cb0-11f1-a377-b55a9399db9a,74.16562,121.8655,,8.58611,,,,2.72357,3.12766,-0.97029,c0d103a8-7181-4857-96e7-9fcaa0451196,2026-05-10,20:43:18.42,2026-05-10T16:43:18.4285184-04:00,2026-05-10T20:43:18.4285184Z,FlyBall,v3,227,471378,,"Gonzalez, Cesar",831498,Right,BOC_EAG,5aa364fe-042d-4925-bcb0-10c499a1316c,55.24656,-112.57794,13.16214,5.10485,4.11767,-16.06603,2.29491,-5.69064,-1.77583,172.505222,2.72747,75.53408,-19.20118,4.95391,-0.77496,0.04434,0.00644,-0.00115,5E-05,3.12834,93.90786,-21.30576,1.073,0.20171,-0.16331,0.04495,-0.00587,0.0003,-0.96978,9.52633,-4.8924,1.49576,-0.28606,0.02847,0.00034,-0.00034,2E-05,,,,,,,,,,,,,,,,,,,,,,,High,High,High,High,Low,,,,317.949085,-87.858741,83.994234,0.037363,4:30,0.995008,-0.063164,0.077256,-14.264661,32.87682,-50.023744,135.512841,32.384213,0.591766,0.535594,-0.602455,41.637705,36.282409,0.535594,0.591766,0.602455,-41.637705,-36.282409,-0.535594,-0.591766,0.602455,-135.512841,-32.384213,-0.591766,-0.535594,-0.602455,69.00924,20.75471,10.34925
104,2026-05-10,16:45:44.65,1,1,"Peterson, Brandon",831442,Right,NJI_HIG,"Wolff, Kyle",813479,Right,BOC_EAG,Undefined,4,Bottom,0,0,0,ChangeUp,Changeup,StrikeSwinging,Undefined,Undefined,Undefined,0,0,,80.86427,0.125609,-3.807119,1572.803664,250.416167,2:15,5.54113,2.72447,4.90184,-37.23171,7.29209,16.43702,2.55754,0.4883,73.90297,-6.648579,-0.916899,0.48025,,,,,,,,,,,,-9.17146,3.98847,-2.3661,50,5.52244,7.08325,-117.07515,-1.09438,-12.72522,22.17006,-26.64013,BOC_EAG,NJI_HIG,HarringtonVillage,D1,ACC,20260510-HarringtonVillage-2,37ba3ab0-4cb1-11f1-a377-b55a9399db9a,78.48502,,,6.96129,,,,,,,c0d103a8-7181-4857-96e7-9fcaa0451196,2026-05-10,20:45:44.65,2026-05-10T16:45:44.6525440-04:00,2026-05-10T20:45:44.6525440Z,,v3,227,471378,,"Klock, Connor ",1000305212,Right,NJI_HIG,22a03c8d-a56e-4b19-aa57-20acbd7382b1,55.59684,-118.13025,11.08503,5.54436,0.17345,-13.32007,-2.71761,7.68886,-6.36261,,,,,,,,,,,,,,,,,,,,,,,,,,,,,,,,,,,,,,,,,,,,,,,,,,,High,High,High,,,,,,237.266117,1.528434,1572.244078,0.999644,2:00,-0.064345,-0.840831,-0.537459,63.754817,-42.877577,66.882047,177.42607,-71.962045,0.013906,-0.950852,-0.309335,71.979066,-0.796767,0.950852,-0.013906,0.309335,-71.979066,0.796767,-0.950852,0.013906,0.309335,-177.42607,71.962045,-0.013906,0.950852,-0.309335,,,
105,2026-05-10,16:46:00.97,1,2,"Peterson, Brandon",831442,Right,NJI_HIG,"Wolff, Kyle",813479,Right,BOC_EAG,Undefined,4,Bottom,0,0,1,Slider,Slider,BallCalled,Undefined,Undefined,Undefined,0,0,,85.32256,-1.172304,-4.259834,2358.592182,167.37003,11:30,5.71787,2.56042,5.13341,-34.4888,5.10394,-0.87165,1.73662,-1.53118,78.5209,-7.426548,-4.413463,0.452876,,,,,,,,,,,,-0.71776,3.23209,-2.1595,50,5.58102,9.23742,-123.50289,-3.82489,-1.11167,23.95335,-27.16805,BOC_EAG,NJI_HIG,HarringtonVillage,D1,ACC,20260510-HarringtonVillage-2,417512f0-4cb1-11f1-a377-b55a9399db9a,83.22911,,,6.80167,,,,,,,c0d103a8-7181-4857-96e7-9fcaa0451196,2026-05-10,20:46:00.97,2026-05-10T16:46:00.9745920-04:00,2026-05-10T20:46:00.9745920Z,,v3,227,471378,,"Klock, Connor ",1000305212,Right,NJI_HIG,0ad8e378-c921-4b6e-af2d-3e10cba66359,55.3649,-124.53906,11.97667,5.72106,-2.64966,-13.58403,-2.56014,9.28551,-0.55584,,,,,,,,,,,,,,,,,,,,,,,,,,,,,,,,,,,,,,,,,,,,,,,,,,,High,High,High,,,,,,222.329209,75.296525,598.649871,0.253817,1:30,-0.974829,-0.190671,-0.115553,2.230852,34.320528,0.105321,130.720535,12.341603,0.740386,0.21374,-0.637294,18.540749,47.764305,0.21374,0.740386,0.637294,-18.540749,-47.764305,-0.21374,-0.740386,0.637294,-130.720535,-12.341603,-0.740386,-0.21374,-0.637294,,,
106,2026-05-10,16:46:17.75,1,3,"Peterson, Brandon",831442,Right,NJI_HIG,"Wolff, Kyle",813479,Right,BOC_EAG,Undefined,4,Bottom,0,1,1,ChangeUp,Changeup,BallCalled,Undefined,Undefined,Undefined,0,0,,80.72824,-1.055927,-4.532957,1644.799121,257.887423,2:30,5.54357,2.80104,4.9746,-39.16845,6.00792,20.31206,1.27898,0.20344,73.08751,-8.192535,-0.957066,0.483757,,,,,,,,,,,,-11.46288,3.78197,-2.38002,50,5.40962,8.37179,-116.61826,-3.5654,-15.58235,24.56848,-27.03291,BOC_EAG,NJI_HIG,HarringtonVillage,D1,ACC,20260510-HarringtonVillage-2,4b718810-4cb1-11f1-a377-b55a9399db9a,77.91609,,,7.64073,,,,,,,c0d103a8-7181-4857-96e7-9fcaa0451196,2026-05-10,20:46:17.75,2026-05-10T16:46:17.7526272-04:00,2026-05-10T20:46:17.7526272Z,,v3,227,471378,,"Klock, Connor ",1000305212,Right,NJI_HIG,c167a016-1031-4e26-97cd-0be4f60d450f,55.52314,-117.7761,12.28424,5.54763,-2.29143,-13.51646,-2.79186,9.10614,-7.79117,,,,,,,,,,,,,,,,,,,,,,,,,,,,,,,,,,,,,,,,,,,,,,,,,,,High,High,High,,,,,,236.633905,-2.623081,1643.075724,0.998952,2:00,0.01752,-0.833313,-0.552523,58.123208,-40.339327,73.110171,167.633139,74.068875,0.058786,0.961592,-0.268113,74.420386,3.370124,0.961592,0.058786,0.268113,-74.420386,-3.370124,-0.961592,-0.058786,0.268113,-167.633139,-74.068875,-0.058786,-0.961592,-0.268113,,,
107,2026-05-10,16:46:43.26,1,4,"Peterson, Brandon",831442,Right,NJI_HIG,"Wolff, Kyle",813479,Right,BOC_EAG,Undefined,4,Bottom,0,2,1,Slider,Slider,InPlay,Undefined,FlyBall,Out,1,0,,84.15812,-0.222293,-3.473249,2385.566944,112.099418,9:45,5.63278,2.60924,4.86332,-38.86687,2.69079,-3.0952,2.1831,-0.93991,76.45401,-7.265204,-4.016918,0.463978,93.51269,27.169974,20.760103,3929.85127,99.56015,49.54846,46.77326,313.93068,308.46889,33.19384,4.274344,0.45287,1.7974,-2.26394,50,5.57801,7.52698,-121.73172,-1.96726,0.67216,26.33011,-29.50636,BOC_EAG,NJI_HIG,HarringtonVillage,D1,ACC,20260510-HarringtonVillage-2,5aa57030-4cb1-11f1-a377-b55a9399db9a,81.23763,62.30901,,7.70411,,,,0.84693,2.13069,0.93363,c0d103a8-7181-4857-96e7-9fcaa0451196,2026-05-10,20:46:43.26,2026-05-10T16:46:43.2698880-04:00,2026-05-10T20:46:43.2698880Z,FlyBall,v3,227,471378,,"Klock, Connor ",1000305212,Right,NJI_HIG,4a4ff970-b731-4db9-b23d-6613ad84f7bf,55.63403,-122.9443,13.16506,5.63732,-0.6084,-14.75318,-2.60987,7.49603,0.33608,220.144921,0.84659,114.10354,-25.27081,6.04991,-1.45673,0.35955,-0.07527,0.00982,-0.00054,2.13121,62.61568,-17.96311,0.91596,0.05762,-0.08546,0.02596,-0.0032,0.00013,0.93325,43.2604,0.43313,-0.85163,0.28604,-0.06593,0.01037,-0.00089,3E-05,,,,,,,,,,,,,,,,,,,,,,,High,High,High,High,High,,,,206.986296,78.971167,456.366019,0.191303,1:00,-0.989712,-0.090616,-0.110717,25.796658,36.952483,14.272057,133.394035,8.917985,0.717862,0.155021,-0.678707,12.865978,45.87824,0.155021,0.717862,0.678707,-12.865978,-45.87824,-0.155021,-0.717862,0.678707,-133.394035,-8.917985,-0.717862,-0.155021,-0.678707,,,
108,2026-05-10,16:47:14.91,2,1,"Peterson, Brandon",831442,Right,NJI_HIG,"Garcia, Esteban",822341,Left,BOC_EAG,Undefined,4,Bottom,1,0,0,Slider,Slider,StrikeSwinging,Undefined,Undefined,Undefined,0,0,,82.94008,-0.46491,-3.788051,2425.946794,108.770306,9:45,5.66334,2.90664,4.93729,-40.15231,2.18465,-2.45988,1.87695,-0.88381,76.0552,-7.717819,-4.220556,0.468308,,,,,,,,,,,,0.1426,1.59394,-2.53575,50,5.58477,8.05629,-120.06529,-2.48934,0.20771,23.72522,-29.85241,BOC_EAG,NJI_HIG,HarringtonVillage,D1,ACC,20260510-HarringtonVillage-2,6d7df650-4cb1-11f1-a377-b55a9399db9a,80.4865,,,6.88489,,,,,,,c0d103a8-7181-4857-96e7-9fcaa0451196,2026-05-10,20:47:14.91,2026-05-10T16:47:14.9189632-04:00,2026-05-10T20:47:14.9189632Z,,v3,227,471378,,"Klock, Connor ",1000305212,Right,NJI_HIG,aaee0bf2-7b66-46fe-9b7a-1f9948cdcd4d,55.56147,-121.15927,11.86261,5.66782,-1.11284,-14.92621,-2.907,8.04672,0.10385,,,,,,,,,,,,,,,,,,,,,,,,,,,,,,,,,,,,,,,,,,,,,,,,,,,High,High,High,,,,,,212.059247,81.033417,378.104152,0.155858,1:00,-0.993646,-0.090741,-0.066589,12.610638,35.33127,5.264114,128.463259,7.877856,0.775618,0.137062,-0.616142,12.541317,50.861056,0.137062,0.775618,0.616142,-12.541317,-50.861056,-0.137062,-0.775618,0.616142,-128.463259,-7.877856,-0.775618,-0.137062,-0.616142,,,
109,2026-05-10,16:47:28.56,2,2,"Peterson, Brandon",831442,Right,NJI_HIG,"Garcia, Esteban",822341,Left,BOC_EAG,Undefined,4,Bottom,1,0,1,Slider,Slider,StrikeCalled,Undefined,Undefined,Undefined,0,0,,84.3087,-0.148753,-1.830731,2345.124944,144.158933,10:45,5.47044,2.79167,4.99749,-36.4214,4.5317,-2.2791,2.29481,0.87278,76.75514,-6.783534,-2.233025,0.46059,,,,,,,,,,,,0.57827,2.71284,-2.61366,50,5.4269,4.00714,-122.16468,-1.6946,0.86783,25.62965,-28.10283,BOC_EAG,NJI_HIG,HarringtonVillage,D1,ACC,20260510-HarringtonVillage-2,75a0f080-4cb1-11f1-a377-b55a9399db9a,81.83506,,,7.55356,,,,,,,c0d103a8-7181-4857-96e7-9fcaa0451196,2026-05-10,20:47:28.56,2026-05-10T16:47:28.5640704-04:00,2026-05-10T20:47:28.5640704Z,,v3,227,471378,,"Klock, Connor ",1000305212,Right,NJI_HIG,ab5cc852-1e4b-4e55-a520-41991aa02b10,55.49892,-123.31293,12.81483,5.47461,-0.43554,-14.05141,-2.79232,3.96826,0.43391,,,,,,,,,,,,,,,,,,,,,,,,,,,,,,,,,,,,,,,,,,,,,,,,,,,High,High,High,,,,,,214.781959,75.758557,576.920767,0.246009,1:15,-0.97486,-0.142853,-0.170997,18.897226,32.333589,10.591535,131.176097,10.405602,0.740311,0.180615,-0.647548,15.584957,47.757895,0.180615,0.740311,0.647548,-15.584957,-47.757895,-0.180615,-0.740311,0.647548,-131.176097,-10.405602,-0.740311,-0.180615,-0.647548,,,
110,2026-05-10,16:47:40.32,2,3,"Peterson, Brandon",831442,Right,NJI_HIG,"Garcia, Esteban",822341,Left,BOC_EAG,Undefined,4,Bottom,1,0,2,Slider,Slider,BallCalled,Undefined,Undefined,Undefined,0,0,,84.97678,-0.24211,-1.727238,2426.557566,147.808116,11:00,5.51372,2.78176,4.94622,-35.76045,4.29055,-1.91866,2.30479,0.98916,77.98365,-6.73102,-2.065667,0.455489,,,,,,,,,,,,0.47441,2.57736,-2.61243,50,5.46084,3.80331,-123.25305,-1.89821,0.731,24.10965,-28.20264,BOC_EAG,NJI_HIG,HarringtonVillage,D1,ACC,20260510-HarringtonVillage-2,7ca75720-4cb1-11f1-a377-b55a9399db9a,82.75156,,,6.99312,,,,,,,c0d103a8-7181-4857-96e7-9fcaa0451196,2026-05-10,20:47:40.32,2026-05-10T16:47:40.3271168-04:00,2026-05-10T20:47:40.3271168Z,,v3,227,471378,,"Klock, Connor ",1000305212,Right,NJI_HIG,b964a94f-01a5-4362-bbb1-e67502e0b55e,55.55149,-124.33424,12.05483,5.51761,-0.63347,-14.10132,-2.78226,3.77053,0.3655,,,,,,,,,,,,,,,,,,,,,,,,,,,,,,,,,,,,,,,,,,,,,,,,,,,High,High,High,,,,,,218.158018,79.177273,455.636966,0.187771,1:15,-0.985718,-0.12016,-0.117989,-0.898772,35.980555,-1.532268,132.920423,7.791094,0.72554,0.135562,-0.674696,11.360747,46.513812,0.135562,0.72554,0.674696,-11.360747,-46.513812,-0.135562,-0.72554,0.674696,-132.920423,-7.791094,-0.72554,-0.135562,-0.674696,,,
111,2026-05-10,16:47:55.28,2,4,"Peterson, Brandon",831442,Right,NJI_HIG,"Garcia, Esteban",822341,Left,BOC_EAG,Undefined,4,Bottom,1,1,2,ChangeUp,Changeup,StrikeSwinging,Strikeout,Undefined,Undefined,0,0,,83.15453,-1.44232,-3.702656,1792.247935,246.314112,2:15,5.4359,2.87099,4.94809,-32.70573,9.79938,18.84076,1.34437,0.93735,75.29328,-7.430457,-0.384101,0.469237,,,,,,,,,,,,-10.46879,5.73103,-2.52777,50,5.26918,6.94666,-120.227,-4.22053,-15.14331,25.8589,-23.88402,BOC_EAG,NJI_HIG,HarringtonVillage,D1,ACC,20260510-HarringtonVillage-2,858d7a40-4cb1-11f1-a377-b55a9399db9a,80.32715,,,7.86125,,,,,,,c0d103a8-7181-4857-96e7-9fcaa0451196,2026-05-10,20:47:55.28,2026-05-10T16:47:55.2840000-04:00,2026-05-10T20:47:55.2840000Z,,v3,227,471378,,"Klock, Connor ",1000305212,Right,NJI_HIG,a7452481-dafd-49da-89c9-2d6cdbb653f4,55.54935,-121.41471,12.92945,5.43783,-3.12352,-11.94201,-2.86281,7.6422,-7.57165,,,,,,,,,,,,,,,,,,,,,,,,,,,,,69.48501,,,0.912134,,,,4.2877,5.8454,-2.03516,73.50674,6.56393,-51.28712,4.33794,80.17042,-4.72695,5.87391,12.38258,-12.72749,-2.11943,-59.9098,6.53528,High,High,High,,,High,High,High,239.477601,2.453721,1790.604673,0.999083,2:00,-0.05386,-0.861446,-0.504985,58.848018,-39.641225,65.313565,170.71945,70.415522,0.054057,0.942148,-0.330809,70.652714,3.098732,0.942148,0.054057,0.330809,-70.652714,-3.098732,-0.942148,-0.054057,0.330809,-170.71945,-70.415522,-0.054057,-0.942148,-0.330809,,,
112,2026-05-10,16:48:18.61,3,1,"Peterson, Brandon",831442,Right,NJI_HIG,"Williams, Ben",831962,Right,BOC_EAG,Undefined,4,Bottom,2,0,0,Fastball,Sinker,BallCalled,Undefined,Undefined,Undefined,0,0,,92.37033,-3.296379,-5.033373,2410.95234,226.043499,1:30,5.91283,2.42692,5.21706,-14.44335,19.86765,19.27788,1.59434,-0.71146,83.19827,-6.058346,-1.63423,0.421588,,,,,,,,,,,,-11.14764,11.28666,-1.97614,50,5.59688,10.79931,-133.18618,-8.14891,-19.78872,31.73613,-12.13855,BOC_EAG,NJI_HIG,HarringtonVillage,D1,ACC,20260510-HarringtonVillage-2,937de5e0-4cb1-11f1-a377-b55a9399db9a,89.40592,,,9.17206,,,,,,,c0d103a8-7181-4857-96e7-9fcaa0451196,2026-05-10,20:48:18.61,2026-05-10T16:48:18.6157568-04:00,2026-05-10T20:48:18.6157568Z,,v3,227,471378,,"Klock, Connor ",1000305212,Right,NJI_HIG,30fddf5a-8990-4ff3-a250-aa58c8afb5e9,55.2798,-134.43838,15.86806,5.90896,-7.66996,-6.06928,-2.41764,11.58011,-9.89436,,,,,,,,,,,,,,,,,,,,,,,,,,,,,,,,,,,,,,,,,,,,,,,,,,,High,High,High,,,,,,225.693057,1.943093,2409.566035,0.999425,1:30,-0.054003,-0.715963,-0.696046,-41.882392,-13.563115,-18.401273,179.604584,-2.249007,0.006896,-0.039242,-0.999206,2.24906,-0.395111,0.039242,-0.006896,0.999206,-2.24906,0.395111,-0.039242,0.006896,0.999206,-179.604584,2.249007,-0.006896,0.039242,-0.999206,,,
113,2026-05-10,16:48:30.61,3,2,"Peterson, Brandon",831442,Right,NJI_HIG,"Williams, Ben",831962,Right,BOC_EAG,Undefined,4,Bottom,2,1,0,Slider,Slider,BallCalled,Undefined,Undefined,Undefined,0,0,,85.57522,-1.223296,-4.649084,2321.963784,153.895147,11:15,5.65558,2.66795,4.93753,-36.15258,3.82107,-1.22988,1.4827,-1.83823,78.26118,-7.756799,-4.864887,0.455049,,,,,,,,,,,,-0.74721,2.6311,-2.21401,50,5.50648,10.11227,-123.67024,-4.04494,-1.15198,25.70958,-28.11775,BOC_EAG,NJI_HIG,HarringtonVillage,D1,ACC,20260510-HarringtonVillage-2,9aa17170-4cb1-11f1-a377-b55a9399db9a,82.83159,,,7.31404,,,,,,,c0d103a8-7181-4857-96e7-9fcaa0451196,2026-05-10,20:48:30.61,2026-05-10T16:48:30.6124288-04:00,2026-05-10T20:48:30.6124288Z,,v3,227,471378,,"Klock, Connor ",1000305212,Right,NJI_HIG,4968354d-abc8-48dc-ab93-f982caea434f,55.56023,-124.82079,12.85479,5.65934,-2.78661,-14.05887,-2.66771,10.16383,-0.57599,,,,,,,,,,,,,,,,,,,,,,,,,,,,,,,,,,,,,,,,,,,,,,,,,,,High,High,High,,,,,,224.705296,77.745037,492.865424,0.212262,1:30,-0.982826,-0.170147,-0.071436,23.720145,35.532782,16.0274,129.167207,9.028272,0.765701,0.156922,-0.623761,14.121071,49.969383,0.156922,0.765701,0.623761,-14.121071,-49.969383,-0.156922,-0.765701,0.623761,-129.167207,-9.028272,-0.765701,-0.156922,-0.623761,,,
114,2026-05-10,16:48:45.91,3,3,"Peterson, Brandon",831442,Right,NJI_HIG,"Williams, Ben",831962,Right,BOC_EAG,Undefined,4,Bottom,2,2,0,Slider,Slider,StrikeCalled,Undefined,Undefined,Undefined,0,0,,84.48407,0.166905,-2.486708,2310.319681,146.375734,11:00,5.60551,2.81229,4.93975,-36.23341,4.28083,-2.02319,2.74395,0.29204,77.59117,-6.404804,-2.843062,0.458116,,,,,,,,,,,,0.32913,2.4504,-2.56879,50,5.59184,5.41041,-122.50185,-1.02905,0.50166,23.52755,-28.43941,BOC_EAG,NJI_HIG,HarringtonVillage,D1,ACC,20260510-HarringtonVillage-2,a3c1b760-4cb1-11f1-a377-b55a9399db9a,82.27712,,,6.89291,,,,,,,c0d103a8-7181-4857-96e7-9fcaa0451196,2026-05-10,20:48:45.91,2026-05-10T16:48:45.9123200-04:00,2026-05-10T20:48:45.9123200Z,,v3,227,471378,,"Klock, Connor ",1000305212,Right,NJI_HIG,136ea3c8-92d6-4f52-8edb-94ab95e404b8,55.55847,-123.56479,11.76378,5.60931,0.25581,-14.21971,-2.81271,5.38775,0.25083,,,,,,,,,,,,,,,,,,,,,,,,,,,,,,,,,,,,,,,,,,,,,,,,,,,High,High,High,,,,,,216.50634,78.563857,458.080183,0.198276,1:15,-0.986477,-0.115101,-0.116681,15.949689,33.347123,7.572591,129.140718,9.313602,0.765374,0.161838,-0.622906,14.564098,49.940237,0.161838,0.765374,0.622906,-14.564098,-49.940237,-0.161838,-0.765374,0.622906,-129.140718,-9.313602,-0.765374,-0.161838,-0.622906,,,
115,2026-05-10,16:48:58.90,3,4,"Peterson, Brandon",831442,Right,NJI_HIG,"Williams, Ben",831962,Right,BOC_EAG,Undefined,4,Bottom,2,2,1,Slider,Slider,StrikeSwinging,Undefined,Undefined,Undefined,0,0,,86.04962,-0.499102,-3.556061,2342.639628,138.883068,10:45,5.68795,2.6619,4.87279,-34.7051,4.81473,-3.07071,2.32265,-0.96329,78.54242,-6.791196,-4.095274,0.452459,,,,,,,,,,,,0.47398,2.91941,-2.30908,50,5.60969,7.87997,-124.51713,-2.44408,0.74087,26.03412,-27.61087,BOC_EAG,NJI_HIG,HarringtonVillage,D1,ACC,20260510-HarringtonVillage-2,ab74d8c0-4cb1-11f1-a377-b55a9399db9a,83.30581,,,7.5072,,,,,,,c0d103a8-7181-4857-96e7-9fcaa0451196,2026-05-10,20:48:58.90,2026-05-10T16:48:58.9019136-04:00,2026-05-10T20:48:58.9019136Z,,v3,227,471378,,"Klock, Connor ",1000305212,Right,NJI_HIG,961a81e9-957b-45c3-ad78-73cb281123ae,55.62396,-125.68749,13.01706,5.69167,-1.20283,-13.80543,-2.66258,7.84667,0.37043,,,,,,,,,,,,,,,,,,,,,,,,,,,,,,,,,,,,,,,,,,,,,,,,,,,High,High,High,,,,,,216.446332,76.466867,548.195526,0.234008,1:15,-0.980793,-0.147481,-0.127651,43.592212,31.831364,23.211757,129.56486,13.986195,0.74805,0.241688,-0.618068,21.357382,48.421727,0.241688,0.74805,0.618068,-21.357382,-48.421727,-0.241688,-0.74805,0.618068,-129.56486,-13.986195,-0.74805,-0.241688,-0.618068,,,
116,2026-05-10,16:49:14.07,3,5,"Peterson, Brandon",831442,Right,NJI_HIG,"Williams, Ben",831962,Right,BOC_EAG,Undefined,4,Bottom,2,2,2,Slider,Slider,FoulBallNotFieldable,Undefined,Undefined,Undefined,0,0,,86.86688,0.459627,-2.97988,2426.038328,126.938527,10:15,5.69199,2.65022,4.96511,-34.4862,3.63236,-3.37177,3.25293,-0.44826,80.12174,-5.786489,-3.573345,0.444365,74.58092,18.840167,161.881834,3839.651302,-106.85428,13.07191,26.11615,149.82288,46.31366,167.898572,1.741685,0.90213,2.05976,-2.35893,50,5.70838,6.71407,-125.9691,-0.35285,1.46243,23.4583,-28.83496,BOC_EAG,NJI_HIG,HarringtonVillage,D1,ACC,20260510-HarringtonVillage-2,b48196b0-4cb1-11f1-a377-b55a9399db9a,84.82317,16.44009,,6.74514,,,,0.36637,3.12295,0.42318,c0d103a8-7181-4857-96e7-9fcaa0451196,2026-05-10,20:49:14.07,2026-05-10T16:49:14.0777984-04:00,2026-05-10T20:49:14.0777984Z,LineDrive,v3,227,471378,,"Klock, Connor ",1000305212,Right,NJI_HIG,f27b2604-0be8-4957-9535-c6786e54fc1d,55.53264,-126.99523,11.72915,5.69623,0.90846,-14.41748,-2.65122,6.6501,0.73121,306.267774,0.30729,-97.92481,7.84522,,,,,,,3.59275,31.56674,-19.44064,,,,,,,0.77945,29.29863,-6.8198,,,,,,,,,,,,,,,,,,,,,,,,,,,,,High,High,High,High,Low,,,,225.355276,77.761488,514.275811,0.211982,1:30,-0.984873,-0.142976,-0.097895,19.114261,33.801496,11.924969,128.800005,8.47687,0.770824,0.14741,-0.619759,13.37925,50.427941,0.14741,0.770824,0.619759,-13.37925,-50.427941,-0.14741,-0.770824,0.619759,-128.800005,-8.47687,-0.770824,-0.14741,-0.619759,,,
117,2026-05-10,16:49:29.71,3,6,"Peterson, Brandon",831442,Right,NJI_HIG,"Williams, Ben",831962,Right,BOC_EAG,Undefined,4,Bottom,2,2,2,Slider,Slider,StrikeSwinging,Strikeout,Undefined,Undefined,0,0,,85.34569,-0.952877,-4.072494,2400.638094,197.837204,12:30,5.55686,2.66596,4.88998,-37.829,2.83725,0.43524,1.50069,-1.15671,77.13426,-7.81449,-3.996058,0.458974,,,,,,,,,,,,-1.54358,2.15063,-2.26647,50,5.43174,8.75566,-123.25625,-3.5263,-2.33556,28.25291,-28.91996,BOC_EAG,NJI_HIG,HarringtonVillage,D1,ACC,20260510-HarringtonVillage-2,bdda78d0-4cb1-11f1-a377-b55a9399db9a,82.12322,,,8.21142,,,,,,,c0d103a8-7181-4857-96e7-9fcaa0451196,2026-05-10,20:49:29.71,2026-05-10T16:49:29.7190000-04:00,2026-05-10T20:49:29.7190000Z,,v3,227,471378,,"Klock, Connor ",1000305212,Right,NJI_HIG,ecc8d6a0-1397-4e0d-b821-ba4c38870106,55.60564,-124.53455,14.12645,5.56169,-2.21781,-14.45998,-2.66501,8.86133,-1.16778,,,,,,,,,,,,,,,,,,,,,,,,,,,,,69.91894,,,0.935718,,,,5.36052,5.3526,0.88159,74.09369,5.67342,-50.69721,5.40381,79.32993,-6.35022,5.37355,12.53016,-13.05982,0.82092,-62.09519,7.5524,High,High,High,,,High,High,High,220.614878,80.602106,391.999471,0.16329,1:15,-0.990991,-0.122689,-0.05371,45.918721,32.945331,17.574241,123.892685,16.833447,0.794515,0.289591,-0.533745,28.482661,52.609462,0.289591,0.794515,0.533745,-28.482661,-52.609462,-0.289591,-0.794515,0.533745,-123.892685,-16.833447,-0.794515,-0.289591,-0.533745,,,
118,2026-05-10,16:51:33.53,1,1,"Mudd, Tyler",809052,Left,BOC_EAG,"Vega, Nicholas",10305587,Right,NJI_HIG,Undefined,5,Top,0,0,0,Fastball,Sinker,InPlay,Undefined,LineDrive,Single,0,0,,86.54294,-0.763876,2.458071,2042.3317,121.878105,10:00,5.2235,-1.75964,5.75937,-27.16143,10.40934,-14.7865,2.24834,-0.70249,79.04484,-5.817305,-0.188416,0.44116,110.90942,10.537782,-3.61094,7412.829259,109.75261,12.38272,-7.36477,199.21409,199.21409,-4.381341,1.568563,8.29441,5.87473,1.56524,50,5.14366,-4.78836,-125.61361,-2.57433,13.2199,26.02974,-22.81077,BOC_EAG,NJI_HIG,HarringtonVillage,D1,ACC,20260510-HarringtonVillage-2,079c9cf0-4cb2-11f1-a377-b55a9399db9a,85.43933,12.4199,,7.4981,,,,2.50696,2.30675,0.67932,c0d103a8-7181-4857-96e7-9fcaa0451196,2026-05-10,20:51:33.53,2026-05-10T16:51:33.5357952-04:00,2026-05-10T20:51:33.5357952Z,LineDrive,v3,227,471378,,"Gonzalez, Cesar",831498,Right,BOC_EAG,b9940d24-07ba-4f37-86ce-eb24c0b22bc7,54.74031,-126.59209,13.01487,5.22431,-1.71685,-11.40538,1.75458,-5.28531,6.60995,50.520366,2.50696,159.60592,-28.00342,5.23431,-1.24167,0.28559,-0.06353,0.01114,-0.00102,2.30675,29.74913,-23.99811,3.59497,-0.89136,0.23095,-0.05259,0.0094,-0.00089,0.67932,-10.07216,-1.50705,1.40714,-0.45036,0.13497,-0.03375,0.00633,-0.00061,,,,,,,,,,,,,,,,,,,,,,,High,High,High,High,High,,,,134.256715,-13.673188,1984.451696,0.97166,10:30,0.255958,0.699012,-0.667733,-72.905281,40.559021,-74.817859,98.393861,-1.570149,0.988917,-0.027401,-0.145922,10.634988,-81.46158,0.027401,-0.988917,0.145922,-10.634988,81.46158,-0.027401,0.988917,0.145922,-98.393861,1.570149,-0.988917,0.027401,-0.145922,82.81958,14.3994,-2.83564
119,2026-05-10,16:52:03.30,2,1,"Mudd, Tyler",809052,Left,BOC_EAG,"O'Connor, Rowin",832258,Right,NJI_HIG,Undefined,5,Top,0,0,0,Fastball,Changeup,InPlay,Undefined,Bunt,Single,0,0,,85.41079,-1.941453,3.250862,1952.426479,140.730233,10:45,5.87795,-1.33981,5.72744,-22.45741,16.8541,-12.56898,2.19473,0.64371,76.83178,-6.190141,1.005566,0.451264,48.26277,-38.365728,22.10676,,,,,5.57151,5.45918,4.524926,0.048995,7.51583,9.6491,1.07646,50,5.70227,-6.50375,-123.59996,-4.87446,11.41315,28.85383,-17.5214,BOC_EAG,NJI_HIG,HarringtonVillage,D1,ACC,20260510-HarringtonVillage-2,195cd540-4cb2-11f1-a377-b55a9399db9a,83.52627,2.16707,,8.57901,,,,3.01787,2.16707,-0.59067,c0d103a8-7181-4857-96e7-9fcaa0451196,2026-05-10,20:52:03.30,2026-05-10T16:52:03.3006592-04:00,2026-05-10T20:52:03.3006592Z,GroundBall,v3,227,471378,,"Gonzalez, Cesar",831498,Right,BOC_EAG,1422e886-0304-413c-a572-3773eaa02b7c,54.76965,-124.70844,14.42691,5.87661,-4.20134,-8.7607,1.33473,-6.94221,5.70657,180,3.01514,51.76634,,,,,,,,2.16941,-44.23076,,,,,,,,-0.59178,21.02724,,,,,,,,,,,,,,,,,,,,,,,,,,,,,,High,High,High,Medium,High,,,,148.55345,-3.40118,1948.987487,0.998239,11:00,0.089876,0.522495,-0.847892,18.977962,-18.923846,53.514589,169.985567,-4.895547,0.173262,-0.085339,-0.981171,4.970913,-9.977525,0.085339,-0.173262,0.981171,-4.970913,9.977525,-0.085339,0.173262,0.981171,-169.985567,4.895547,-0.173262,0.085339,-0.981171,,,
120,2026-05-10,16:52:38.99,3,1,"Mudd, Tyler",809052,Left,BOC_EAG,"Sallie, Ty",1000121067,Right,NJI_HIG,Undefined,5,Top,0,0,0,Slider,Curveball,BallCalled,Undefined,Undefined,Undefined,0,0,,74.18202,-0.134829,2.972729,2259.508647,295.359026,3:45,5.70515,-1.48421,5.49411,-53.56763,-1.93374,7.42083,1.1149,1.91744,68.5991,-9.850728,4.294289,0.517176,,,,,,,,,,,,-2.91579,-0.46051,1.21877,50,5.65706,-5.85951,-107.61997,-1.95433,-3.41562,18.88257,-32.71352,BOC_EAG,NJI_HIG,HarringtonVillage,D1,ACC,20260510-HarringtonVillage-2,2eadfc80-4cb2-11f1-a377-b55a9399db9a,72.88119,,,5.58292,,,,,,,c0d103a8-7181-4857-96e7-9fcaa0451196,2026-05-10,20:52:38.99,2026-05-10T16:52:38.9988352-04:00,2026-05-10T20:52:38.9988352Z,,v3,227,471378,,"Gonzalez, Cesar",831498,Right,BOC_EAG,fd8a38b4-4b1b-4427-9a98-44536af393e6,55.00597,-108.49474,9.44128,5.71249,-0.43881,-16.35676,1.48656,-5.70127,-1.70781,,,,,,,,,,,,,,,,,,,,,,,,,,,,,,,,,,,,,,,,,,,,,,,,,,,High,High,High,,,,,,347.644362,-77.323626,495.835439,0.219444,5:30,0.963303,-0.04466,0.264675,-8.952104,25.112799,-45.77201,138.192616,31.687727,0.56725,0.525289,-0.63427,39.630854,34.558681,0.525289,0.56725,0.63427,-39.630854,-34.558681,-0.525289,-0.56725,0.63427,-138.192616,-31.687727,-0.56725,-0.525289,-0.63427,,,
121,2026-05-10,16:52:56.80,3,2,"Mudd, Tyler",809052,Left,BOC_EAG,"Sallie, Ty",1000121067,Right,NJI_HIG,Undefined,5,Top,0,1,0,ChangeUp,Changeup,FoulBallNotFieldable,Undefined,Undefined,Undefined,0,0,,77.32611,-1.92391,2.987693,1429.815988,125.440759,10:15,6.0068,-1.29559,5.6446,-38.09376,9.14103,-10.73524,1.0346,0.59923,71.24925,-8.910972,1.069427,0.494655,,,,,,,,,,,,6.33729,5.59138,1.04906,50,5.81886,-5.46094,-112.13921,-4.94779,8.07247,20.2131,-25.05172,BOC_EAG,NJI_HIG,HarringtonVillage,D1,ACC,20260510-HarringtonVillage-2,3941cfa0-4cb2-11f1-a377-b55a9399db9a,76.19946,,,6.07686,,,,,,,c0d103a8-7181-4857-96e7-9fcaa0451196,2026-05-10,20:52:56.80,2026-05-10T16:52:56.8046080-04:00,2026-05-10T20:52:56.8046080Z,,v3,227,471378,,"Gonzalez, Cesar",831498,Right,BOC_EAG,55485c2b-df8e-479f-9d52-686ecbcc8f74,54.85533,-113.01099,10.10655,6.00896,-3.86732,-12.52586,1.2921,-5.8091,4.03623,,,,,,,,,,,,,,,,,,,,,,,,,,,,,,,,,,,,,,,,,,,,,,,,,,,High,High,High,,,,,,147.120524,-0.655458,1429.722428,0.999935,11:00,0.036988,0.542916,-0.838972,-88.123356,-4.210131,-53.932825,111.532561,-28.530992,0.817244,-0.477634,-0.322457,55.976166,-54.809802,0.477634,-0.817244,0.322457,-55.976166,54.809802,-0.477634,0.817244,0.322457,-111.532561,28.530992,-0.817244,0.477634,-0.322457,,,
122,2026-05-10,16:53:17.37,3,3,"Mudd, Tyler",809052,Left,BOC_EAG,"Sallie, Ty",1000121067,Right,NJI_HIG,Undefined,5,Top,0,1,1,Fastball,Four-Seam,InPlay,Undefined,Popup,Out,1,0,,87.15096,-2.11788,3.340743,2124.019627,167.299477,11:30,5.88326,-1.43542,5.78831,-15.96521,21.11308,-4.48666,2.57834,1.30206,79.58581,-5.165216,2.539355,0.438259,66.30198,83.666754,-0.359558,,,,,,6.45586,,,3.24197,11.75268,1.16281,50,5.69913,-7.18871,-126.30824,-5.12325,5.23197,25.9743,-13.20735,BOC_EAG,NJI_HIG,HarringtonVillage,D1,ACC,20260510-HarringtonVillage-2,457aa030-4cb2-11f1-a377-b55a9399db9a,86.00488,85.04309,,7.56515,,,,1.55932,2.54573,-1.27342,c0d103a8-7181-4857-96e7-9fcaa0451196,2026-05-10,20:53:17.37,2026-05-10T16:53:17.3705728-04:00,2026-05-10T20:53:17.3705728Z,,v3,227,471378,,"Gonzalez, Cesar",831498,Right,BOC_EAG,af56f353-1267-495e-840f-a4818fbdf8ad,54.71021,-127.27317,12.98715,5.88034,-4.63261,-6.60368,1.43347,-7.38308,2.61599,182.490875,1.55933,10.72545,-8.3567,2.87909,-1.0626,1.44766,-1.60985,0.88052,-0.18795,2.54573,96.64946,-25.92745,2.85572,-0.51442,0.0658,0.03426,-0.03461,0.00897,-1.27342,-0.06679,2.89989,-1.07345,0.41443,-0.57606,0.64301,-0.35218,0.07523,,,,,,,,,,,,,,,,,,,,,,,High,High,High,High,Undefined,,,,152.154522,-12.890472,2070.490737,0.974798,11:00,0.255987,0.463251,-0.848451,17.643772,-24.429571,43.165803,173.763862,-8.19367,0.107518,-0.14252,-0.983935,8.241775,-6.172231,0.14252,-0.107518,0.983935,-8.241775,6.172231,-0.14252,0.107518,0.983935,-173.763862,8.19367,-0.107518,0.14252,-0.983935,80.76916,15.15233,-11.38564
123,2026-05-10,16:53:51.32,4,1,"Mudd, Tyler",809052,Left,BOC_EAG,"Francis, Austin",1000236684,Right,NJI_HIG,Undefined,5,Top,1,0,0,ChangeUp,Changeup,BallCalled,Undefined,Undefined,Undefined,0,0,,81.01054,0.313566,0.965467,1550.716079,137.92745,10:30,5.97121,-1.43855,5.69869,-29.27049,13.70855,-11.11701,3.82425,-1.46522,73.87807,-5.149757,-1.022777,0.471845,,,,,,,,,,,,5.87461,7.29914,1.36431,50,5.97949,-1.53286,-117.58976,-0.25909,8.2036,22.84932,-21.98115,BOC_EAG,NJI_HIG,HarringtonVillage,D1,ACC,20260510-HarringtonVillage-2,59c2e2f0-4cb2-11f1-a377-b55a9399db9a,79.88302,,,7.13247,,,,,,,c0d103a8-7181-4857-96e7-9fcaa0451196,2026-05-10,20:53:51.32,2026-05-10T16:53:51.3269760-04:00,2026-05-10T20:53:51.3269760Z,,v3,227,471378,,"Gonzalez, Cesar",831498,Right,BOC_EAG,2eb5a6f4-5273-4c50-a2ad-06475f3249e4,54.79704,-118.51823,11.42466,5.97187,0.6341,-10.99057,1.43337,-1.86621,4.1018,,,,,,,,,,,,,,,,,,,,,,,,,,,,,,,,,,,,,,,,,,,,,,,,,,,High,High,High,,,,,,144.16771,-0.423335,1550.673752,0.999973,10:45,0.024251,0.585349,-0.810418,-88.428914,7.844791,-58.452599,109.019013,-21.792444,0.877847,-0.371245,-0.302593,50.817398,-61.383673,0.371245,-0.877847,0.302593,-50.817398,61.383673,-0.371245,0.877847,0.302593,-109.019013,21.792444,-0.877847,0.371245,-0.302593,,,
124,2026-05-10,16:54:09.63,4,2,"Mudd, Tyler",809052,Left,BOC_EAG,"Francis, Austin",1000236684,Right,NJI_HIG,Undefined,5,Top,1,1,0,Fastball,Four-Seam,FoulBallNotFieldable,Undefined,Undefined,Undefined,0,0,,86.4277,-1.842443,2.417578,2046.426827,163.322352,11:30,5.87931,-1.20338,5.69537,-15.95643,21.74686,-6.15422,2.83051,0.53807,79.02667,-4.887096,1.318556,0.441938,70.04354,57.031473,163.980966,3488.577911,,,,,48.82213,,,3.81327,11.95127,1.00426,50,5.71475,-5.03976,-125.38395,-4.48347,6.07493,25.17584,-13.13444,BOC_EAG,NJI_HIG,HarringtonVillage,D1,ACC,20260510-HarringtonVillage-2,64a5c070-4cb2-11f1-a377-b55a9399db9a,85.28906,58.71268,,7.40102,,,,1.43841,3.01457,-0.52286,c0d103a8-7181-4857-96e7-9fcaa0451196,2026-05-10,20:54:09.63,2026-05-10T16:54:09.6309760-04:00,2026-05-10T20:54:09.6309760Z,,v3,227,471378,,"Gonzalez, Cesar",831498,Right,BOC_EAG,ed816b7c-4a93-4d89-bae5-b9a34681c6a4,54.80324,-126.34471,12.58792,5.87629,-3.98224,-6.56722,1.20101,-5.27159,3.03747,359.687057,1.43841,-53.73289,-0.78319,1.88286,-0.65002,0.1886,-0.04616,0.00982,-0.00119,3.01457,86.18764,-30.96692,4.52258,-0.88184,0.15321,-0.02535,0.00462,-0.00045,-0.52286,15.42698,0.39487,-1.53723,0.4917,-0.1343,0.03044,-0.00654,0.00084,,,,,,,,,,,,,,,,,,,,,,,High,High,High,High,Undefined,,,,154.243572,-9.304019,2019.504809,0.986844,11:15,0.185162,0.433806,-0.881775,9.813665,-26.50956,44.25952,179.753743,-0.636205,0.004298,-0.011104,-0.999929,0.636211,-0.246242,0.011104,-0.004298,0.999929,-0.636211,0.246242,-0.011104,0.004298,0.999929,-179.753743,0.636205,-0.004298,0.011104,-0.999929,67.31226,23.36689,-28.77847
125,2026-05-10,16:54:30.32,4,3,"Mudd, Tyler",809052,Left,BOC_EAG,"Francis, Austin",1000236684,Right,NJI_HIG,Undefined,5,Top,1,1,1,Slider,Curveball,BallCalled,Undefined,Undefined,Undefined,0,0,,74.12096,2.350145,1.912204,2269.164146,302.994012,4:00,5.89498,-1.67094,5.31351,-54.74027,-1.75532,5.67406,3.54155,0.59731,66.89076,-7.66549,2.918836,0.523899,,,,,,,,,,,,-2.17284,-0.98366,1.49344,50,6.06937,-3.80374,-107.25308,2.60512,-2.48546,21.65998,-33.29925,BOC_EAG,NJI_HIG,HarringtonVillage,D1,ACC,20260510-HarringtonVillage-2,71170620-4cb2-11f1-a377-b55a9399db9a,71.94598,,,7.2302,,,,,,,c0d103a8-7181-4857-96e7-9fcaa0451196,2026-05-10,20:54:30.32,2026-05-10T16:54:30.3218688-04:00,2026-05-10T20:54:30.3218688Z,,v3,227,471378,,"Gonzalez, Cesar",831498,Right,BOC_EAG,6438434f-08c4-411d-abb4-11538251b564,55.1818,-108.2945,10.82999,5.90562,4.20616,-16.64962,1.67345,-3.68424,-1.24273,,,,,,,,,,,,,,,,,,,,,,,,,,,,,,,,,,,,,,,,,,,,,,,,,,,High,High,High,,,,,,316.207064,-80.492365,374.818347,0.165179,4:30,0.976222,-0.15466,0.151893,-20.050052,14.242359,-60.152456,131.383858,34.287229,0.619914,0.563342,-0.546217,45.88423,38.309824,0.563342,0.619914,0.546217,-45.88423,-38.309824,-0.563342,-0.619914,0.546217,-131.383858,-34.287229,-0.619914,-0.563342,-0.546217,,,
126,2026-05-10,16:55:05.87,4,4,"Mudd, Tyler",809052,Left,BOC_EAG,"Francis, Austin",1000236684,Right,NJI_HIG,Undefined,5,Top,1,2,1,Sinker,Sinker,BallCalled,Undefined,Undefined,Undefined,0,0,,88.63076,-2.128715,4.103257,2069.045135,121.296635,10:00,5.2023,-1.92361,5.80716,-24.80801,10.9778,-16.18261,1.14935,0.55023,81.22024,-6.738867,1.210426,0.430553,,,,,,,,,,,,9.45115,6.52737,1.59655,50,5.01237,-8.54266,-128.41867,-5.6127,15.8035,26.2647,-21.25951,BOC_EAG,NJI_HIG,HarringtonVillage,D1,ACC,20260510-HarringtonVillage-2,86281720-4cb2-11f1-a377-b55a9399db9a,87.54422,,,7.41052,,,,,,,c0d103a8-7181-4857-96e7-9fcaa0451196,2026-05-10,20:55:05.87,2026-05-10T16:55:05.8759168-04:00,2026-05-10T20:55:05.8759168Z,,v3,227,471378,,"Gonzalez, Cesar",831498,Right,BOC_EAG,549f0b22-eeb4-4e4b-a354-184837f494ef,54.69314,-129.37497,13.13235,5.20264,-4.83864,-10.62975,1.91806,-9.11807,7.90175,,,,,,,,,,,,,,,,,,,,,,,,,,,,,,,,,,,,,,,,,,,,,,,,,,,High,High,High,,,,,,132.294921,-11.075616,2030.508152,0.981375,10:30,0.21184,0.732548,-0.646913,-66.918928,41.952977,-63.019035,98.335288,1.069834,0.989264,0.018671,-0.14494,7.340349,81.596817,0.018671,0.989264,0.14494,-7.340349,-81.596817,-0.018671,-0.989264,0.14494,-98.335288,-1.069834,-0.989264,-0.018671,-0.14494,,,
127,2026-05-10,16:55:23.02,4,5,"Mudd, Tyler",809052,Left,BOC_EAG,"Francis, Austin",1000236684,Right,NJI_HIG,Undefined,5,Top,1,3,1,Fastball,Sinker,FoulBallNotFieldable,Undefined,Undefined,Undefined,0,0,,87.4212,-0.474085,3.888771,2117.400235,134.42073,10:30,5.29774,-1.9551,5.95957,-20.45828,16.82481,-15.718,3.15224,0.34666,78.23981,-4.390423,1.072631,0.439468,77.46962,80.153329,174.065354,4810.299131,,,,,21.44368,,,9.39095,9.19142,1.65489,50,5.24886,-7.94611,-126.51095,-1.63812,14.90541,30.77814,-17.58532,BOC_EAG,NJI_HIG,HarringtonVillage,D1,ACC,20260510-HarringtonVillage-2,9060d1f0-4cb2-11f1-a377-b55a9399db9a,85.76831,83.49283,,9.18139,,,,2.08867,2.96382,-0.34209,c0d103a8-7181-4857-96e7-9fcaa0451196,2026-05-10,20:55:23.02,2026-05-10T16:55:23.0242816-04:00,2026-05-10T20:55:23.0242816Z,,v3,227,471378,,"Gonzalez, Cesar",831498,Right,BOC_EAG,12efd298-41ce-44ad-bb07-4a515a5b0ff6,54.53687,-127.60993,15.38907,5.29614,-1.01021,-8.79266,1.94812,-8.47832,7.45271,1.826072,2.08867,-19.32542,-8.05363,3.66765,-0.29624,-1.37601,1.75321,-1.04539,0.2532,2.96382,111.94834,-32.8247,4.57231,-0.68333,-0.17672,0.31447,-0.1912,0.04631,-0.34208,2.00868,2.85804,-1.15914,0.09502,0.40553,-0.51674,0.30799,-0.07458,,,,,,,,,,,,,,,,,,,,,,,High,High,High,High,Undefined,,,,139.220457,-20.515026,1983.11538,0.93658,10:45,0.392682,0.614606,-0.684149,71.585997,-48.04304,89.479957,94.469995,5.48031,0.992401,0.095504,-0.077581,50.911913,82.93221,0.095504,0.992401,0.077581,-50.911913,-82.93221,-0.095504,-0.992401,0.077581,-94.469995,-5.48031,-0.992401,-0.095504,-0.077581,,,
128,2026-05-10,16:55:52.10,4,6,"Mudd, Tyler",809052,Left,BOC_EAG,"Francis, Austin",1000236684,Right,NJI_HIG,Undefined,5,Top,1,3,2,Fastball,Four-Seam,StrikeCalled,Strikeout,Undefined,Undefined,0,0,,87.2475,-1.534081,2.782661,2160.341462,155.390848,11:15,5.80955,-1.06555,5.81666,-16.17875,21.31001,-9.11839,3.03293,0.76391,78.37178,-4.665772,1.15118,0.440679,,,,,,,,,,,,5.51477,11.72997,0.84284,50,5.67434,-5.74331,-126.30759,-3.80345,8.75968,29.74654,-13.54208,BOC_EAG,NJI_HIG,HarringtonVillage,D1,ACC,20260510-HarringtonVillage-2,a1c3cf10-4cb2-11f1-a377-b55a9399db9a,85.53273,,,8.87572,,,,,,,c0d103a8-7181-4857-96e7-9fcaa0451196,2026-05-10,20:55:52.10,2026-05-10T16:55:52.1026560-04:00,2026-05-10T20:55:52.1026560Z,,v3,227,471378,,"Gonzalez, Cesar",831498,Right,BOC_EAG,48df9445-1d63-4749-8ec3-0878bd497a1e,54.67709,-127.40432,14.87327,5.80536,-3.30416,-6.77104,1.06055,-6.06628,4.37984,,,,,,,,,,,,,,,,,,,,,,,,,,,,,,,,,,,,,,,,,,,,,,,,,,,High,High,High,,,,,,155.590363,-18.726651,2045.97524,0.947061,11:15,0.351962,0.399835,-0.846318,18.758159,-26.753226,30.082781,175.964498,-8.927485,0.069522,-0.155184,-0.985436,8.949316,-3.986534,0.155184,-0.069522,0.985436,-8.949316,3.986534,-0.155184,0.069522,0.985436,-175.964498,8.927485,-0.069522,0.155184,-0.985436,,,
129,2026-05-10,16:56:21.98,5,1,"Mudd, Tyler",809052,Left,BOC_EAG,"O'Connor, Sheehan",1000132277,Right,NJI_HIG,Undefined,5,Top,2,0,0,Curveball,Curveball,BallCalled,Undefined,Undefined,Undefined,0,0,,75.94629,0.277845,2.96234,2209.697828,321.461957,4:45,5.7547,-1.48294,5.49035,-54.93845,-4.85201,5.29284,1.43677,1.73182,69.02738,-9.732934,3.905094,0.509368,,,,,,,,,,,,-1.68039,-1.99032,1.21971,50,5.74218,-5.89402,-109.98424,-1.2707,-2.02049,22.8507,-34.5672,BOC_EAG,NJI_HIG,HarringtonVillage,D1,ACC,20260510-HarringtonVillage-2,b39e6d30-4cb2-11f1-a377-b55a9399db9a,73.99849,,,6.91891,,,,,,,c0d103a8-7181-4857-96e7-9fcaa0451196,2026-05-10,20:56:21.98,2026-05-10T16:56:21.9830272-04:00,2026-05-10T20:56:21.9830272Z,,v3,227,471378,,"Gonzalez, Cesar",831498,Right,BOC_EAG,b1b0ed5f-5efb-4358-9141-5e45641a69eb,55.00757,-111.01976,11.42535,5.76427,0.29577,-17.2836,1.48474,-5.80246,-1.01025,,,,,,,,,,,,,,,,,,,,,,,,,,,,,,,,,,,,,,,,,,,,,,,,,,,High,High,High,,,,,,343.931527,-81.454574,328.346718,0.148593,5:30,0.979987,-0.045924,0.193692,-25.023474,13.374902,-54.360263,138.163375,33.168561,0.55833,0.547104,-0.623655,41.259003,33.940353,0.547104,0.55833,0.623655,-41.259003,-33.940353,-0.547104,-0.55833,0.623655,-138.163375,-33.168561,-0.55833,-0.547104,-0.623655,,,
130,2026-05-10,16:56:38.81,5,2,"Mudd, Tyler",809052,Left,BOC_EAG,"O'Connor, Sheehan",1000132277,Right,NJI_HIG,Undefined,5,Top,2,1,0,Sinker,Sinker,StrikeCalled,Undefined,Undefined,Undefined,0,0,,86.68027,0.076836,3.37339,2120.48449,132.096378,10:30,5.24563,-1.71801,5.98731,-24.96446,12.64387,-12.50312,3.23659,0.37018,78.12213,-4.636945,1.130256,0.441381,,,,,,,,,,,,7.42032,6.85705,1.45814,50,5.23809,-6.87333,-125.56085,-0.59986,11.68853,28.57603,-21.37276,BOC_EAG,NJI_HIG,HarringtonVillage,D1,ACC,20260510-HarringtonVillage-2,bd9ba5a0-4cb2-11f1-a377-b55a9399db9a,85.39663,,,8.55814,,,,,,,c0d103a8-7181-4857-96e7-9fcaa0451196,2026-05-10,20:56:38.81,2026-05-10T16:56:38.8180992-04:00,2026-05-10T20:56:38.8180992Z,,v3,227,471378,,"Gonzalez, Cesar",831498,Right,BOC_EAG,63111e21-83a3-4e8d-9bfd-dea0391f5835,54.50753,-126.58255,14.28801,5.24588,0.1643,-10.68638,1.71136,-7.29124,5.84427,,,,,,,,,,,,,,,,,,,,,,,,,,,,,,,,,,,,,,,,,,,,,,,,,,,High,High,High,,,,,,136.331539,-26.066841,1904.79312,0.898282,10:30,0.477722,0.61966,-0.622738,-103.150603,29.062391,64.205445,96.874411,11.779721,0.971902,0.20415,-0.117173,60.146115,76.385633,0.20415,0.971902,0.117173,-60.146115,-76.385633,-0.20415,-0.971902,0.117173,-96.874411,-11.779721,-0.971902,-0.20415,-0.117173,,,
131,2026-05-10,16:56:55.71,5,3,"Mudd, Tyler",809052,Left,BOC_EAG,"O'Connor, Sheehan",1000132277,Right,NJI_HIG,Undefined,5,Top,2,1,1,Fastball,Four-Seam,BallCalled,Undefined,Undefined,Undefined,0,0,,87.77108,-0.586326,2.011173,2166.962022,166.102604,11:30,5.79844,-1.22474,5.88796,-14.15481,22.86462,-5.30914,4.07409,0.20107,78.49675,-3.37044,1.059395,0.437911,,,,,,,,,,,,3.35012,12.20658,1.0654,50,5.74288,-4.22946,-127.1155,-1.61802,5.37068,30.96897,-12.6054,BOC_EAG,NJI_HIG,HarringtonVillage,D1,ACC,20260510-HarringtonVillage-2,c7a3da90-4cb2-11f1-a377-b55a9399db9a,86.07319,,,9.27433,,,,,,,c0d103a8-7181-4857-96e7-9fcaa0451196,2026-05-10,20:56:55.71,2026-05-10T16:56:55.7116416-04:00,2026-05-10T20:56:55.7116416Z,,v3,227,471378,,"Gonzalez, Cesar",831498,Right,BOC_EAG,db6c10ae-107f-48f3-9b3b-bc16b8926a5b,54.60375,-128.2322,15.48449,5.79303,-1.16348,-6.3027,1.22139,-4.42312,2.68534,,,,,,,,,,,,,,,,,,,,,,,,,,,,,,,,,,,,,,,,,,,,,,,,,,,High,High,High,,,,,,154.09171,-24.558279,1970.936446,0.909539,11:15,0.439988,0.401639,-0.803179,28.612786,-28.08184,13.726487,175.107824,-11.896032,0.083449,-0.206136,-0.974958,11.938282,-4.78686,0.206136,-0.083449,0.974958,-11.938282,4.78686,-0.206136,0.083449,0.974958,-175.107824,11.896032,-0.083449,0.206136,-0.974958,,,
132,2026-05-10,16:57:34.43,5,4,"Mudd, Tyler",809052,Left,BOC_EAG,"O'Connor, Sheehan",1000132277,Right,NJI_HIG,Undefined,5,Top,2,2,1,Fastball,Four-Seam,FoulBallNotFieldable,Undefined,Undefined,Undefined,0,0,,87.46279,-1.879644,2.622419,2198.080709,163.002692,11:30,5.84505,-1.13758,5.70167,-12.85957,24.50119,-7.0715,3.0195,0.7184,78.76516,-4.405626,1.359965,0.439926,102.8831,56.507989,-63.11029,3750.236087,,,,,94.89057,,,4.45016,13.46969,0.92208,50,5.67975,-5.50167,-126.66864,-4.4659,7.12424,29.41299,-10.61044,BOC_EAG,NJI_HIG,HarringtonVillage,D1,ACC,20260510-HarringtonVillage-2,debcf090-4cb2-11f1-a377-b55a9399db9a,85.67909,135.82116,,8.69763,,,,2.56343,3.10719,-0.69091,c0d103a8-7181-4857-96e7-9fcaa0451196,2026-05-10,20:57:34.43,2026-05-10T16:57:34.4360448-04:00,2026-05-10T20:57:34.4360448Z,,v3,227,471378,,"Gonzalez, Cesar",831498,Right,BOC_EAG,b05c7fe4-5195-4020-bcc9-3d60551aec73,54.79512,-127.77723,14.70649,5.84053,-4.06598,-5.30522,1.1345,-5.77019,3.56212,,2.56337,37.66657,-20.5843,7.06346,-3.00847,1.88861,-0.96825,0.2842,-0.03446,3.1072,125.83845,-30.20268,3.6744,-0.29388,-0.3779,0.29366,-0.0978,0.0127,-0.69089,-74.26546,14.22753,-3.50142,0.9952,-0.4422,0.19426,-0.05293,0.00609,,,,,,,,,,,,,,,,,,,,,,,High,High,High,Medium,Undefined,,,,156.367825,-13.25915,2139.485689,0.973343,11:15,0.257007,0.397491,-0.880879,8.02124,-25.414221,50.959964,177.298283,-5.120849,0.046948,-0.089257,-0.994902,5.126517,-2.690926,0.089257,-0.046948,0.994902,-5.126517,2.690926,-0.089257,0.046948,0.994902,-177.298283,5.120849,-0.046948,0.089257,-0.994902,69.93345,27.14746,-35.17102
133,2026-05-10,16:58:04.50,5,5,"Mudd, Tyler",809052,Left,BOC_EAG,"O'Connor, Sheehan",1000132277,Right,NJI_HIG,Undefined,5,Top,2,2,2,ChangeUp,Changeup,BallCalled,Undefined,Undefined,Undefined,0,0,,83.90082,-3.337267,2.324433,1629.482857,144.172011,10:45,5.85532,-1.27083,5.69853,-28.16009,11.90016,-7.67437,0.39272,0.25686,77.24286,-8.525227,0.951219,0.455542,,,,,,,,,,,,4.59406,7.34886,1.08073,50,5.55716,-4.6367,-121.61782,-8.00741,6.88741,23.63222,-21.15661,BOC_EAG,NJI_HIG,HarringtonVillage,D1,ACC,20260510-HarringtonVillage-2,f0a85790-4cb2-11f1-a377-b55a9399db9a,82.74197,,,6.65796,,,,,,,c0d103a8-7181-4857-96e7-9fcaa0451196,2026-05-10,20:58:04.50,2026-05-10T16:58:04.5068288-04:00,2026-05-10T20:58:04.5068288Z,,v3,227,471378,,"Gonzalez, Cesar",831498,Right,BOC_EAG,ba4370ed-c3b3-44fd-a06d-c2914f3aec2a,54.80151,-122.54727,11.81611,5.85573,-7.17532,-10.57831,1.26843,-4.90758,3.44371,,,,,,,,,,,,,,,,,,,,,,,,,,,,,,,,,,,,,,,,,,,,,,,,,,,High,High,High,,,,,,147.469185,0.932062,1629.267254,0.999868,11:00,-0.01331,0.535823,-0.844225,-82.731227,6.308639,-59.205933,99.201924,-21.802447,0.916521,-0.371407,-0.148476,68.210206,-66.422717,0.371407,-0.916521,0.148476,-68.210206,66.422717,-0.371407,0.916521,0.148476,-99.201924,21.802447,-0.916521,0.371407,-0.148476,,,
134,2026-05-10,16:58:24.12,5,6,"Mudd, Tyler",809052,Left,BOC_EAG,"O'Connor, Sheehan",1000132277,Right,NJI_HIG,Undefined,5,Top,2,3,2,Fastball,Four-Seam,InPlay,Undefined,LineDrive,Single,0,1,,88.4474,-1.69385,1.181128,2136.435437,162.675172,11:30,5.85115,-1.09882,5.626,-17.29997,19.64273,-5.67382,2.82813,-0.46935,78.98344,-5.022605,0.167934,0.437457,101.49303,12.955689,-7.827367,849.575576,108.65151,20.35538,-17.17095,245.27701,242.21996,-10.292553,2.365889,3.28662,10.94942,1.00193,50,5.69627,-2.38943,-128.03912,-4.28341,5.32165,32.50367,-14.44491,BOC_EAG,NJI_HIG,HarringtonVillage,D1,ACC,20260510-HarringtonVillage-2,fc520780-4cb2-11f1-a377-b55a9399db9a,86.16255,21.22474,,9.46396,,,,1.15772,2.79075,0.45728,c0d103a8-7181-4857-96e7-9fcaa0451196,2026-05-10,20:58:24.12,2026-05-10T16:58:24.1288704-04:00,2026-05-10T20:58:24.1288704Z,LineDrive,v3,227,471378,,"Gonzalez, Cesar",831498,Right,BOC_EAG,b706b244-6227-40f3-9190-087321505fb2,54.86837,-129.26909,16.25184,5.84801,-3.7368,-7.22245,1.09616,-2.59081,2.66082,142.5602,1.1577,143.71817,-28.44926,6.9324,-1.52196,0.2892,-0.04506,0.00464,-0.00019,2.79077,33.36993,-15.22934,-0.15255,0.3398,-0.1087,0.02083,-0.0018,3E-05,0.45726,-19.75342,-1.8137,1.97543,-0.73344,0.19199,-0.03605,0.00415,-0.00021,,,,,,,,,,,,,,,,,,,,,,,High,High,High,High,High,,,,152.313866,-7.30395,2119.099718,0.991886,11:00,0.131536,0.464414,-0.875796,17.52529,-30.270962,52.545093,176.870813,7.240013,0.054152,0.126026,-0.990548,7.250709,3.104213,0.126026,0.054152,0.990548,-7.250709,-3.104213,-0.126026,-0.054152,0.990548,-176.870813,-7.240013,-0.054152,-0.126026,-0.990548,80.09359,10.79053,-4.08941
135,2026-05-10,16:59:04.53,6,1,"Mudd, Tyler",809052,Left,BOC_EAG,"Campbell, Cole",1000115804,Right,NJI_HIG,Undefined,5,Top,2,0,0,ChangeUp,Changeup,StrikeSwinging,Undefined,Undefined,Undefined,0,0,,81.06014,-1.287781,2.410262,1635.796409,141.884942,10:45,5.83774,-1.28427,5.48684,-27.96919,16.07737,-11.2982,2.30092,0.03046,72.8788,-6.528506,0.398682,0.47767,,,,,,,,,,,,6.4439,9.00375,1.08067,50,5.70642,-4.46486,-117.29795,-3.50249,8.80947,26.06703,-19.86505,BOC_EAG,NJI_HIG,HarringtonVillage,D1,ACC,20260510-HarringtonVillage-2,14727b60-4cb3-11f1-a377-b55a9399db9a,78.90903,,,8.18134,,,,,,,c0d103a8-7181-4857-96e7-9fcaa0451196,2026-05-10,20:59:04.53,2026-05-10T16:59:04.5327872-04:00,2026-05-10T20:59:04.5327872Z,,v3,227,471378,,"Gonzalez, Cesar",831498,Right,BOC_EAG,724c7882-fe0a-49a3-9599-6a092824d371,55.00647,-118.40531,13.03351,5.83729,-2.6586,-9.93252,1.27829,-4.8391,4.40473,,,,,,,,,,,,,,,,,,,,,,,,,,,,,,,,,,,,,,,,,,,,,,,,,,,High,High,High,,,,,,151.214712,-3.264603,1633.141819,0.998377,11:00,0.082886,0.481906,-0.872294,-76.738615,-2.417969,-50.478333,100.08756,-20.830112,0.920191,-0.355598,-0.163705,65.280337,-66.953955,0.355598,-0.920191,0.163705,-65.280337,66.953955,-0.355598,0.920191,0.163705,-100.08756,20.830112,-0.920191,0.355598,-0.163705,,,
136,2026-05-10,16:59:20.71,6,2,"Mudd, Tyler",809052,Left,BOC_EAG,"Campbell, Cole",1000115804,Right,NJI_HIG,Undefined,5,Top,2,0,1,Fastball,Four-Seam,InPlay,Undefined,Popup,Out,1,0,,87.1318,-2.872001,1.992971,2205.860178,163.104436,11:30,5.78873,-0.97694,5.68815,-17.938,20.53765,-5.73418,1.61323,0.40347,77.1,-6.339934,0.968283,0.446441,91.87058,52.844349,-16.050726,3996.443566,105.8363,137.70339,-29.97768,225.32977,108.87156,-15.782669,6.182851,3.67614,11.98253,0.81295,50,5.53633,-4.13044,-125.85056,-6.80818,5.68555,34.01738,-13.64185,BOC_EAG,NJI_HIG,HarringtonVillage,D1,ACC,20260510-HarringtonVillage-2,1e1007a0-4cb3-11f1-a377-b55a9399db9a,84.42867,147.98053,,10.03181,,,,2.02631,1.56544,-0.37529,c0d103a8-7181-4857-96e7-9fcaa0451196,2026-05-10,20:59:20.71,2026-05-10T16:59:20.7116288-04:00,2026-05-10T20:59:20.7116288Z,FlyBall,v3,227,471378,,"Gonzalez, Cesar",831498,Right,BOC_EAG,b05d4155-f016-444e-8c3b-f71d8d2a7ddf,54.80477,-127.14265,17.00869,5.78509,-6.29002,-6.82093,0.97394,-4.34639,2.84278,180.265471,2.03895,78.01145,-22.88349,5.87095,-0.82288,0.01041,0.01611,-0.00225,0.0001,1.56235,107.40281,-23.33211,1.4189,0.15511,-0.15148,0.04076,-0.00514,0.00025,-0.37891,-22.44435,6.70003,-1.73215,0.24684,-0.0045,-0.00452,0.00065,-3E-05,,,,,,,,,,,,,,,,,,,,,,,High,High,High,Medium,Low,,,,153.899144,-7.481806,2187.080055,0.991486,11:15,0.139091,0.442183,-0.886074,17.822092,-27.905558,46.23882,177.276838,6.000667,0.04725,0.10454,-0.993398,6.007402,2.70823,0.10454,0.04725,0.993398,-6.007402,-2.70823,-0.10454,-0.04725,0.993398,-177.276838,-6.000667,-0.04725,-0.10454,-0.993398,71.94236,17.58593,-23.22141
137,2026-05-10,17:01:27.65,1,1,"Peterson, Brandon",831442,Right,NJI_HIG,"Surowiec, Danny",831970,Left,BOC_EAG,Undefined,5,Bottom,0,0,0,Slider,Slider,BallCalled,Undefined,Undefined,Undefined,0,0,,81.88731,-2.02253,-2.734737,2272.309707,45.491485,7:30,5.63728,2.90853,4.95323,-42.84829,0.51717,-0.88028,0.15261,0.24927,75.41059,-9.723787,-2.890144,0.473962,,,,,,,,,,,,-0.34193,1.17673,-2.6425,50,5.40539,5.70305,-118.62093,-5.78615,-0.48586,23.27426,-30.50202,BOC_EAG,NJI_HIG,HarringtonVillage,D1,ACC,20260510-HarringtonVillage-2,69be6b60-4cb3-11f1-a377-b55a9399db9a,79.52634,,,6.47671,,,,,,,c0d103a8-7181-4857-96e7-9fcaa0451196,2026-05-10,21:01:27.65,2026-05-10T17:01:27.6545024-04:00,2026-05-10T21:01:27.6545024Z,,v3,227,471378,,"Klock, Connor ",1000305212,Right,NJI_HIG,fa1c1261-1238-46bd-a5f5-67d7d54233ac,55.54683,-119.70431,11.63713,5.64168,-4.36633,-15.25101,-2.90849,5.72567,-0.24293,,,,,,,,,,,,,,,,,,,,,,,,,,,,,,,,,,,,,,,,,,,,,,,,,,,High,High,High,,,,,,221.985527,84.455928,219.530972,0.096611,1:30,-0.994717,-0.099715,-0.02438,-6.360907,40.8016,-10.169235,133.388093,11.564061,0.711966,0.200463,-0.672993,16.58715,45.395096,0.200463,0.711966,0.672993,-16.58715,-45.395096,-0.200463,-0.711966,0.672993,-133.388093,-11.564061,-0.711966,-0.200463,-0.672993,,,
138,2026-05-10,17:01:45.66,1,2,"Peterson, Brandon",831442,Right,NJI_HIG,"Surowiec, Danny",831970,Left,BOC_EAG,Undefined,5,Bottom,0,1,0,ChangeUp,Changeup,BallCalled,Undefined,Undefined,Undefined,0,0,,81.30919,0.813706,-2.921682,1625.72828,255.305132,2:30,5.58295,2.93675,4.90984,-37.96994,6.15213,17.85399,3.18929,1.65939,73.99326,-6.108168,0.22178,0.478078,,,,,,,,,,,,-9.60508,3.25256,-2.66672,50,5.63115,5.22511,-117.75896,0.28043,-13.4316,23.22602,-27.62571,BOC_EAG,NJI_HIG,HarringtonVillage,D1,ACC,20260510-HarringtonVillage-2,7482eb70-4cb3-11f1-a377-b55a9399db9a,78.84153,,,7.31594,,,,,,,c0d103a8-7181-4857-96e7-9fcaa0451196,2026-05-10,21:01:45.66,2026-05-10T17:01:45.6640000-04:00,2026-05-10T21:01:45.6640000Z,,v3,227,471378,,"Klock, Connor ",1000305212,Right,NJI_HIG,77e94762-9b83-4dfc-9ee9-deb306af4ccd,55.58781,-118.85595,11.61301,5.58709,1.58523,-13.81285,-2.92849,5.8595,-6.7158,,,,,,,,,,,,,,,,,,,,,,,,,,,,,,,,,,,,,,,,,,,,,,,,,,,High,High,High,,,,,,237.878196,8.675505,1607.12745,0.988558,2:00,-0.189293,-0.835003,-0.51666,45.181078,-40.821528,71.554231,161.737507,-79.272506,0.05833,-0.982524,-0.176762,79.801209,-3.343976,0.982524,-0.05833,0.176762,-79.801209,3.343976,-0.982524,0.05833,0.176762,-161.737507,79.272506,-0.05833,0.982524,-0.176762,,,
139,2026-05-10,17:01:59.66,1,3,"Peterson, Brandon",831442,Right,NJI_HIG,"Surowiec, Danny",831970,Left,BOC_EAG,Undefined,5,Bottom,0,2,0,Fastball,Sinker,BallCalled,Undefined,Undefined,Undefined,0,0,,90.02669,-1.013502,-2.631731,2231.377639,232.240486,1:45,5.74994,2.64325,5.37131,-19.41804,16.1765,19.24623,3.18045,1.77795,81.25294,-4.674568,0.786444,0.429401,,,,,,,,,,,,-10.36571,8.77453,-2.4209,50,5.64567,5.08569,-130.3841,-2.9519,-17.64519,30.26293,-17.23747,BOC_EAG,NJI_HIG,HarringtonVillage,D1,ACC,20260510-HarringtonVillage-2,7ccbbd20-4cb3-11f1-a377-b55a9399db9a,87.77908,,,8.77375,,,,,,,c0d103a8-7181-4857-96e7-9fcaa0451196,2026-05-10,21:01:59.66,2026-05-10T17:01:59.6674048-04:00,2026-05-10T21:01:59.6674048Z,,v3,227,471378,,"Klock, Connor ",1000305212,Right,NJI_HIG,32b5465d-dc04-4ce9-a41a-a8d3c1230b7e,55.12427,-131.5681,15.13147,5.74797,-2.27751,-8.61873,-2.63338,5.77603,-8.8226,,,,,,,,,,,,,,,,,,,,,,,,,,,,,,,,,,,,,,,,,,,,,,,,,,,High,High,High,,,,,,230.823865,-1.647291,2230.455474,0.999587,1:45,0.01341,-0.774258,-0.632728,-24.393208,-40.49258,-34.504483,175.892416,14.80204,0.069252,0.25548,-0.964331,14.83848,3.971048,0.25548,0.069252,0.964331,-14.83848,-3.971048,-0.25548,-0.069252,0.964331,-175.892416,-14.80204,-0.069252,-0.25548,-0.964331,,,
140,2026-05-10,17:02:13.99,1,4,"Peterson, Brandon",831442,Right,NJI_HIG,"Surowiec, Danny",831970,Left,BOC_EAG,Undefined,5,Bottom,0,3,0,Fastball,Sinker,BallCalled,Walk,Undefined,Undefined,0,0,,88.44453,-4.035806,-4.678379,2263.436093,231.277346,1:45,5.69668,2.51152,5.28026,-20.94962,15.95013,18.35942,0.14166,-0.36204,80.93152,-7.91643,-1.432244,0.437203,,,,,,,,,,,,-10.5778,9.48382,-2.09823,50,5.31176,9.64514,-127.70536,-9.76237,-17.47397,26.21992,-16.50729,BOC_EAG,NJI_HIG,HarringtonVillage,D1,ACC,20260510-HarringtonVillage-2,85573d20-4cb3-11f1-a377-b55a9399db9a,86.21266,,,7.513,,,,,,,c0d103a8-7181-4857-96e7-9fcaa0451196,2026-05-10,21:02:13.99,2026-05-10T17:02:13.9908096-04:00,2026-05-10T21:02:13.9908096Z,,v3,227,471378,,"Klock, Connor ",1000305212,Right,NJI_HIG,af8ef2ec-7479-413c-b877-a255234b2235,55.22006,-128.77266,13.10996,5.69547,-9.09043,-8.25365,-2.50532,10.35643,-8.73699,,,,,,,,,,,,,,,,,,,,,,,,,,,,,,,,,,,,,,,,,,,,,,,,,,,High,High,High,,,,,,229.343698,-1.030313,2263.070145,0.999838,1:45,0.017952,-0.755362,-0.655061,-31.596017,-30.35871,-19.636348,174.266554,13.465008,0.097155,0.232851,-0.967647,13.530223,5.57534,0.232851,0.097155,0.967647,-13.530223,-5.57534,-0.232851,-0.097155,0.967647,-174.266554,-13.465008,-0.097155,-0.232851,-0.967647,,,
141,2026-05-10,17:02:48.79,2,1,"Peterson, Brandon",831442,Right,NJI_HIG,"Gonzalez, Cesar",831498,Right,BOC_EAG,Undefined,5,Bottom,0,0,0,Slider,Slider,FoulBallNotFieldable,Undefined,Undefined,Undefined,0,0,,82.57543,-0.873181,-3.712547,2304.306591,180.880051,12:00,5.6835,2.84582,4.92966,-37.65293,4.85288,0.05461,1.71857,-0.66392,76.06273,-7.676069,-3.702946,0.469241,,,,,,,,,,,,-1.02752,2.99166,-2.48401,50,5.56699,7.7586,-119.60677,-3.22556,-1.49307,22.40091,-27.82688,BOC_EAG,NJI_HIG,HarringtonVillage,D1,ACC,20260510-HarringtonVillage-2,9a165d90-4cb3-11f1-a377-b55a9399db9a,80.32645,,,6.51271,,,,,,,c0d103a8-7181-4857-96e7-9fcaa0451196,2026-05-10,21:02:48.79,2026-05-10T17:02:48.7993344-04:00,2026-05-10T21:02:48.7993344Z,,v3,227,471378,,"Klock, Connor ",1000305212,Right,NJI_HIG,56b2875e-d399-47e2-86d1-a986d551ed69,55.56993,-120.64544,11.20045,5.68663,-1.93531,-13.91344,-2.84536,7.82783,-0.74653,,,,,,,,,,,,,,,,,,,,,,,,,,,,,,,,,,,,,,,,,,,,,,,,,,,High,High,High,,,,,,214.87071,76.228649,548.535213,0.238048,1:15,-0.979679,-0.150884,-0.132147,13.82222,39.968606,8.170674,136.630539,10.721521,0.674712,0.186036,-0.714251,14.59905,42.431821,0.186036,0.674712,0.714251,-14.59905,-42.431821,-0.186036,-0.674712,0.714251,-136.630539,-10.721521,-0.674712,-0.186036,-0.714251,,,
142,2026-05-10,17:03:57.51,2,2,"Peterson, Brandon",831442,Right,NJI_HIG,"Gonzalez, Cesar",831498,Right,BOC_EAG,Undefined,5,Bottom,0,0,1,Slider,Slider,InPlay,Undefined,Bunt,Sacrifice,1,0,,81.87924,1.444562,-1.809394,2094.702507,102.024337,9:30,5.74694,2.75358,4.75703,-42.13534,2.07638,-2.24362,3.6065,0.85022,73.79818,-6.215119,-2.203411,0.478564,33.46787,-9.015768,-22.152079,,,,,14.86685,14.74665,-24.390853,0.289695,0.51512,0.98957,-2.56985,50,5.85517,3.84201,-118.46207,1.38806,0.72028,26.00663,-30.79033,BOC_EAG,NJI_HIG,HarringtonVillage,D1,ACC,20260510-HarringtonVillage-2,c315f890-4cb3-11f1-a377-b55a9399db9a,78.76153,3.55312,,8.08105,,,,0.72698,3.55312,-0.84539,c0d103a8-7181-4857-96e7-9fcaa0451196,2026-05-10,21:03:57.51,2026-05-10T17:03:57.5127040-04:00,2026-05-10T21:03:57.5127040Z,GroundBall,v3,227,471378,,"Klock, Connor ",1000305212,Right,NJI_HIG,c35c4d53-b857-45ee-82ef-1faa39de3022,55.73953,-119.71547,13.00332,5.75251,2.87201,-15.39516,-2.75418,3.8073,0.36014,75.254005,0.72695,44.90241,-2.32255,,,,,,,3.55364,-7.71568,-15.71651,,,,,,,-0.84537,-18.28075,0.02135,,,,,,,,,,,,,,,,,,,,,,,,,,,,,High,High,High,High,High,,,,223.368471,78.110625,431.556305,0.206023,1:30,-0.986042,-0.116759,-0.118694,26.345159,29.185101,14.198057,125.888379,8.244229,0.801788,0.143393,-0.58015,13.883276,53.301206,0.143393,0.801788,0.58015,-13.883276,-53.301206,-0.143393,-0.801788,0.58015,-125.888379,-8.244229,-0.801788,-0.143393,-0.58015,,,
143,2026-05-10,17:04:36.39,3,1,"Peterson, Brandon",831442,Right,NJI_HIG,"Larson, Colin",831502,Left,BOC_EAG,Undefined,5,Bottom,1,0,0,Slider,Slider,BallCalled,Undefined,Undefined,Undefined,0,0,,83.48001,0.457545,-2.226093,2164.022278,263.312148,2:45,5.58865,2.98164,4.90892,-39.6303,1.95583,5.61709,2.71913,1.3436,76.5356,-6.721125,-1.236281,0.464136,,,,,,,,,,,,-3.3648,1.26721,-2.76893,50,5.6004,4.45274,-121.0399,-0.55934,-5.00017,23.25378,-30.29095,BOC_EAG,NJI_HIG,HarringtonVillage,D1,ACC,20260510-HarringtonVillage-2,da3d6670-4cb3-11f1-a377-b55a9399db9a,81.20983,,,6.94441,,,,,,,c0d103a8-7181-4857-96e7-9fcaa0451196,2026-05-10,21:04:36.39,2026-05-10T17:04:36.3974656-04:00,2026-05-10T21:04:36.3974656Z,,v3,227,471378,,"Klock, Connor ",1000305212,Right,NJI_HIG,b5cb690b-1190-493d-a28e-265798e83324,55.58878,-122.10888,11.62689,5.5941,0.83313,-15.14548,-2.9789,4.6826,-2.50009,,,,,,,,,,,,,,,,,,,,,,,,,,,,,,,,,,,,,,,,,,,,,,,,,,,High,High,High,,,,,,222.312684,68.682994,786.682165,0.363528,1:30,-0.943245,-0.237271,-0.232359,19.086139,22.467023,8.750327,122.961302,16.103049,0.806118,0.277366,-0.522725,27.951076,53.71837,0.277366,0.806118,0.522725,-27.951076,-53.71837,-0.277366,-0.806118,0.522725,-122.961302,-16.103049,-0.806118,-0.277366,-0.522725,,,
144,2026-05-10,17:04:55.18,3,2,"Peterson, Brandon",831442,Right,NJI_HIG,"Larson, Colin",831502,Left,BOC_EAG,Undefined,5,Bottom,1,1,0,ChangeUp,Changeup,StrikeCalled,Undefined,Undefined,Undefined,0,0,,80.37099,-0.292444,-4.802237,1541.369158,260.164636,2:45,5.46741,2.80923,4.98803,-41.21927,4.79032,17.21623,1.75536,-0.30126,72.04323,-7.825376,-1.774331,0.488198,,,,,,,,,,,,-10.09402,3.01461,-2.36025,50,5.40623,8.98734,-115.92594,-2.07692,-13.43368,26.12036,-28.16205,BOC_EAG,NJI_HIG,HarringtonVillage,D1,ACC,20260510-HarringtonVillage-2,e57827f0-4cb3-11f1-a377-b55a9399db9a,77.20735,,,8.32776,,,,,,,c0d103a8-7181-4857-96e7-9fcaa0451196,2026-05-10,21:04:55.18,2026-05-10T17:04:55.1827968-04:00,2026-05-10T21:04:55.1827968Z,,v3,227,471378,,"Klock, Connor ",1000305212,Right,NJI_HIG,512807c9-4ce2-410e-b87a-4036d336df13,55.50691,-117.16018,13.06018,5.47293,-0.7462,-14.08103,-2.79992,9.62211,-6.71684,,,,,,,,,,,,,,,,,,,,,,,,,,,,,,,,,,,,,,,,,,,,,,,,,,,High,High,High,,,,,,241.775231,-13.893334,1496.275514,0.970744,2:00,0.205185,-0.854085,-0.477951,52.006496,-44.807435,66.819042,158.681786,56.772306,0.199212,0.8365,-0.510473,58.606398,11.490894,0.8365,0.199212,0.510473,-58.606398,-11.490894,-0.8365,-0.199212,0.510473,-158.681786,-56.772306,-0.199212,-0.8365,-0.510473,,,
145,2026-05-10,17:05:14.42,3,3,"Peterson, Brandon",831442,Right,NJI_HIG,"Larson, Colin",831502,Left,BOC_EAG,Undefined,5,Bottom,1,1,1,Fastball,Four-Seam,StrikeCalled,Undefined,Undefined,Undefined,0,0,,90.76921,-2.056571,-4.703661,2298.626143,222.739772,1:30,5.78588,2.62882,5.29833,-15.39847,20.21277,17.38536,2.56453,-0.34832,81.08775,-5.019409,-1.632073,0.429502,,,,,,,,,,,,-10.17697,11.14406,-2.21317,50,5.58769,9.9363,-130.93717,-5.17183,-17.32004,32.72255,-13.20815,BOC_EAG,NJI_HIG,HarringtonVillage,D1,ACC,20260510-HarringtonVillage-2,f0e54410-4cb3-11f1-a377-b55a9399db9a,87.75848,,,9.68146,,,,,,,c0d103a8-7181-4857-96e7-9fcaa0451196,2026-05-10,21:05:14.42,2026-05-10T17:05:14.4297472-04:00,2026-05-10T21:05:14.4297472Z,,v3,227,471378,,"Klock, Connor ",1000305212,Right,NJI_HIG,fb3a2114-1e9f-49b1-9cbe-bf102586a3e7,55.19564,-132.22924,16.36127,5.78161,-4.6503,-6.60408,-2.61902,10.62019,-8.66002,,,,,,,,,,,,,,,,,,,,,,,,,,,,,,,,,,,,,,,,,,,,,,,,,,,High,High,High,,,,,,232.951336,-1.749187,2297.555038,0.999534,1:45,0.009551,-0.796143,-0.605033,-36.275884,-39.235205,-27.938693,174.940828,8.25869,0.08727,0.143643,-0.985774,8.290543,5.006572,0.143643,0.08727,0.985774,-8.290543,-5.006572,-0.143643,-0.08727,0.985774,-174.940828,-8.25869,-0.08727,-0.143643,-0.985774,,,
146,2026-05-10,17:05:33.90,3,4,"Peterson, Brandon",831442,Right,NJI_HIG,"Larson, Colin",831502,Left,BOC_EAG,Undefined,5,Bottom,1,1,2,Slider,Slider,InPlay,Undefined,Popup,Out,1,0,,83.61662,-0.537923,-3.550552,2108.310244,258.25485,2:30,5.55789,2.89553,5.06901,-39.49872,1.88032,2.7226,1.75816,-0.22948,76.68825,-7.694122,-3.070197,0.462979,71.42659,43.73015,9.679332,4790.6254,109.19926,77.05756,13.24811,219.23785,216.03701,4.006876,4.658621,-2.36303,1.4402,-2.56044,50,5.47533,7.39883,-121.12364,-2.61355,-3.5059,23.94694,-30.0373,BOC_EAG,NJI_HIG,HarringtonVillage,D1,ACC,20260510-HarringtonVillage-2,fc81ad90-4cb3-11f1-a377-b55a9399db9a,81.41277,78.10502,,6.92838,,,,1.44261,1.84955,0.22939,c0d103a8-7181-4857-96e7-9fcaa0451196,2026-05-10,21:05:33.90,2026-05-10T17:05:33.9007488-04:00,2026-05-10T21:05:33.9007488Z,FlyBall,v3,227,471378,,"Klock, Connor ",1000305212,Right,NJI_HIG,843ece53-8742-4a01-a42a-c54fb4a0437a,55.4304,-122.19255,11.97347,5.56207,-1.27279,-15.01865,-2.89419,7.55532,-1.75295,170.764398,1.44507,74.56177,-15.70371,3.97756,-0.4965,-0.05519,0.03424,-0.00519,0.00027,1.84762,72.45413,-19.22924,1.13232,-0.07283,-0.03823,0.0214,-0.00415,0.00027,0.2305,12.70155,-4.62609,0.99769,-0.07295,-0.03789,0.01346,-0.00174,8E-05,,,,,,,,,,,,,,,,,,,,,,,High,High,High,High,High,,,,225.313666,77.825169,444.632977,0.210895,1:30,-0.983369,-0.15911,-0.087576,-3.164367,30.245129,-5.012426,126.040493,12.309741,0.790011,0.213196,-0.57483,20.349115,52.186549,0.213196,0.790011,0.57483,-20.349115,-52.186549,-0.213196,-0.790011,0.57483,-126.040493,-12.309741,-0.790011,-0.213196,-0.57483,,,
147,2026-05-10,17:06:30.95,4,1,"Peterson, Brandon",831442,Right,NJI_HIG,"Solier, Julio",827632,Right,BOC_EAG,Undefined,5,Bottom,2,0,0,ChangeUp,Changeup,StrikeCalled,Undefined,Undefined,Undefined,0,0,,81.10551,0.543112,-3.905003,1397.64278,250.712309,2:15,5.61344,2.69314,4.91293,-37.51002,7.28957,16.19521,3.00236,0.34459,73.18177,-6.318053,-1.05798,0.481735,,,,,,,,,,,,-9.13993,3.9215,-2.3254,50,5.63587,7.28206,-117.21514,-0.24877,-12.55829,24.72031,-26.78588,BOC_EAG,NJI_HIG,HarringtonVillage,D1,ACC,20260510-HarringtonVillage-2,1e87da40-4cb4-11f1-a377-b55a9399db9a,78.24305,,,7.92374,,,,,,,c0d103a8-7181-4857-96e7-9fcaa0451196,2026-05-10,21:06:30.95,2026-05-10T17:06:30.9597184-04:00,2026-05-10T21:06:30.9597184Z,,v3,227,471378,,"Klock, Connor ",1000305212,Right,NJI_HIG,fc8a8f36-55ec-4b43-8745-26e93703657c,55.58248,-118.38661,12.36016,5.61758,1.02059,-13.39294,-2.68459,7.87719,-6.27915,,,,,,,,,,,,,,,,,,,,,,,,,,,,,,,,,,,,,,,,,,,,,,,,,,,High,High,High,,,,,,237.965135,-12.599811,1363.984025,0.975917,2:00,0.174546,-0.829341,-0.53078,70.854727,-46.347736,61.855063,171.520515,56.296946,0.081821,0.831925,-0.548823,56.587044,4.69326,0.831925,0.081821,0.548823,-56.587044,-4.69326,-0.831925,-0.081821,0.548823,-171.520515,-56.296946,-0.081821,-0.831925,-0.548823,,,
148,2026-05-10,17:06:49.81,4,2,"Peterson, Brandon",831442,Right,NJI_HIG,"Solier, Julio",827632,Right,BOC_EAG,Undefined,5,Bottom,2,0,1,Slider,Slider,InPlay,Undefined,GroundBall,Single,0,1,,84.04313,-0.261874,-3.368004,2127.359104,104.612264,9:30,5.63204,2.8438,5.02814,-39.31333,2.2389,-2.91847,2.10841,-0.58097,76.11052,-7.412326,-3.882343,0.463947,92.14236,-22.867458,-5.748946,,,,,5.82583,5.82583,1.209983,0.039004,0.36929,1.59524,-2.51891,50,5.57555,7.28241,-121.56763,-2.03288,0.54437,27.15302,-29.82241,BOC_EAG,NJI_HIG,HarringtonVillage,D1,ACC,20260510-HarringtonVillage-2,29c9eec0-4cb4-11f1-a377-b55a9399db9a,81.24297,2.05176,,7.93261,,,,0.98409,2.05176,0.61034,c0d103a8-7181-4857-96e7-9fcaa0451196,2026-05-10,21:06:49.81,2026-05-10T17:06:49.8182656-04:00,2026-05-10T21:06:49.8182656Z,GroundBall,v3,227,471378,,"Klock, Connor ",1000305212,Right,NJI_HIG,4ee30e26-5a89-407d-b27f-91def738428d,55.46916,-122.78313,13.57651,5.63667,-0.69789,-14.91121,-2.84436,7.25804,0.27219,,0.9828,124.10041,,,,,,,,2.05231,-52.6036,,,,,,,,0.61047,-12.49395,,,,,,,,,,,,,,,,,,,,,,,,,,,,,,High,High,High,Estimated,Estimated,,,,217.560751,77.613366,456.334464,0.214507,1:15,-0.984418,-0.135227,-0.112402,15.461238,28.26569,8.327365,123.852225,8.237205,0.821909,0.143272,-0.551306,14.567604,55.276388,0.143272,0.821909,0.551306,-14.567604,-55.276388,-0.143272,-0.821909,0.551306,-123.852225,-8.237205,-0.821909,-0.143272,-0.551306,74.93786,5.03321,8.35011
149,2026-05-10,17:07:38.87,5,1,"Peterson, Brandon",831442,Right,NJI_HIG,"Wang, Nick",813482,Right,BOC_EAG,Undefined,5,Bottom,2,0,0,ChangeUp,Changeup,InPlay,Undefined,LineDrive,Double,0,1,,80.16991,0.540156,-4.637691,1615.188138,251.907828,2:30,5.60062,2.76485,4.85103,-39.2116,6.19823,14.52438,2.84602,-0.42464,73.33736,-6.572278,-2.091345,0.485005,106.73924,10.205876,-28.827161,2130.540869,93.35193,13.17176,-58.18431,210.34636,191.65327,-35.889707,1.703762,-8.47107,3.3039,-2.31937,50,5.6207,8.79311,-115.96356,-0.32585,-11.54842,21.45011,-27.66992,BOC_EAG,NJI_HIG,HarringtonVillage,D1,ACC,20260510-HarringtonVillage-2,47037830-4cb4-11f1-a377-b55a9399db9a,77.71553,13.18029,,6.83254,,,,1.35437,2.8586,0.51434,c0d103a8-7181-4857-96e7-9fcaa0451196,2026-05-10,21:07:38.87,2026-05-10T17:07:38.8716032-04:00,2026-05-10T21:07:38.8716032Z,LineDrive,v3,227,471378,,"Klock, Connor ",1000305212,Right,NJI_HIG,18b8ba52-9fae-47da-b5aa-2be29e79e7fb,55.6486,-117.00373,10.72505,5.60397,1.01593,-13.83496,-2.75935,9.35313,-5.77421,96.476106,1.35437,134.98071,-28.32305,6.09658,-1.47634,0.35036,-0.07825,0.01328,-0.00116,2.8586,27.73844,-20.13672,2.31953,-0.52997,0.12729,-0.02699,0.00457,-0.00041,0.51434,-74.28909,0.03408,0.94393,-0.37583,0.11729,-0.02984,0.00543,-0.0005,,,,,,,,,,,,,,,,,,,,,,,High,High,High,High,Medium,,,,239.485161,-23.75006,1478.399562,0.915311,2:00,0.356424,-0.7923,-0.4952,-99.293248,38.091074,41.97858,172.395408,42.812121,0.09708,0.679597,-0.727134,43.06454,5.571033,0.679597,0.09708,0.727134,-43.06454,-5.571033,-0.679597,-0.09708,0.727134,-172.395408,-42.812121,-0.09708,-0.679597,-0.727134,73.83508,16.54217,-16.67301
150,2026-05-10,17:10:48.71,6,1,"Anzaldi, Anthony",1000166917,Left,NJI_HIG,"Johnson, Gunnar",1000100233,Right,BOC_EAG,Undefined,5,Bottom,2,0,0,Fastball,Four-Seam,BallCalled,Undefined,Undefined,Undefined,0,0,,89.38398,-1.264771,1.950264,2119.072799,146.417567,11:00,5.96302,-1.94978,5.82876,-18.23828,17.05084,-10.52642,3.26659,-1.01335,81.13952,-4.73081,0.064084,0.427555,,,,,,,,,,,,5.91158,9.41607,1.79655,50,5.84897,-3.95384,-129.65076,-3.40868,9.99778,28.72774,-16.24945,BOC_EAG,NJI_HIG,HarringtonVillage,D1,ACC,20260510-HarringtonVillage-2,b81da1d0-4cb4-11f1-ac59-670a1e020da9,88.15819,,,8.24445,,,,,,,c0d103a8-7181-4857-96e7-9fcaa0451196,2026-05-10,21:10:48.71,2026-05-10T17:10:48.7151104-04:00,2026-05-10T21:10:48.7151104Z,,v3,227,471378,,"Klock, Connor ",1000305212,Right,NJI_HIG,05fc0073-57eb-49ba-bc29-e86886e10a28,54.66712,-130.6808,14.36387,5.96074,-2.82605,-8.12473,1.94474,-4.31232,4.99889,,,,,,,,,,,,,,,,,,,,,,,,,,,,,,,,,,,,,,,,,,,,,,,,,,,High,High,High,,,,,,144.932218,-30.037418,1834.478528,0.865699,10:45,0.513295,0.508311,-0.691483,-66.404803,32.732749,53.092571,100.150921,7.859305,0.975101,0.136741,-0.174586,38.069086,77.18745,0.136741,0.975101,0.174586,-38.069086,-77.18745,-0.136741,-0.975101,0.174586,-100.150921,-7.859305,-0.975101,-0.136741,-0.174586,,,
151,2026-05-10,17:11:05.57,6,2,"Anzaldi, Anthony",1000166917,Left,NJI_HIG,"Johnson, Gunnar",1000100233,Right,BOC_EAG,Undefined,5,Bottom,2,1,0,Slider,Slider,StrikeSwinging,Undefined,Undefined,Undefined,0,0,,81.24939,-0.607543,2.968672,2146.087431,230.234417,1:45,5.54618,-2.27411,5.48154,-38.26128,4.33862,3.79107,1.78851,0.82191,75.47297,-7.572632,3.642951,0.46976,,,,,,,,,,,,-1.18945,2.6961,2.01085,50,5.4666,-6.26757,-117.97294,-2.55739,-1.69464,20.13974,-28.33277,BOC_EAG,NJI_HIG,HarringtonVillage,D1,ACC,20260510-HarringtonVillage-2,c238c280-4cb4-11f1-ac59-670a1e020da9,80.2377,,,5.77643,,,,,,,c0d103a8-7181-4857-96e7-9fcaa0451196,2026-05-10,21:11:05.57,2026-05-10T17:11:05.5784448-04:00,2026-05-10T21:11:05.5784448Z,,v3,227,471378,,"Klock, Connor ",1000305212,Right,NJI_HIG,a7466a6f-bf1b-44f6-b780-c5657e894b63,55.01865,-118.82661,10.06987,5.54955,-1.35644,-14.16638,2.27499,-6.19574,-0.84732,,,,,,,,,,,,,,,,,,,,,,,,,,,,,,,,,,,,,,,,,,,,,,,,,,,High,High,High,,,,,,216.198601,-77.693404,457.42324,0.213143,1:15,0.985896,-0.115512,-0.121104,-50.537506,-64.902915,3.564518,157.394197,37.601659,0.30454,0.610168,-0.731403,39.836339,17.730521,0.610168,0.30454,0.731403,-39.836339,-17.730521,-0.610168,-0.30454,0.731403,-157.394197,-37.601659,-0.30454,-0.610168,-0.731403,,,
152,2026-05-10,17:11:22.98,6,3,"Anzaldi, Anthony",1000166917,Left,NJI_HIG,"Johnson, Gunnar",1000100233,Right,BOC_EAG,Undefined,5,Bottom,2,1,1,ChangeUp,Changeup,BallCalled,Undefined,Undefined,Undefined,0,0,,83.11371,-1.027366,4.541319,1537.639481,152.902545,11:00,5.59326,-2.24314,5.66996,-30.1171,11.4143,-5.07752,2.12252,1.57673,75.18637,-6.626752,3.638061,0.463831,,,,,,,,,,,,4.08445,6.53016,1.86244,50,5.48743,-9.34883,-120.19914,-3.12138,5.88716,26.51309,-22.76172,BOC_EAG,NJI_HIG,HarringtonVillage,D1,ACC,20260510-HarringtonVillage-2,cc930f10-4cb4-11f1-ac59-670a1e020da9,81.26334,,,7.92733,,,,,,,c0d103a8-7181-4857-96e7-9fcaa0451196,2026-05-10,21:11:22.98,2026-05-10T17:11:22.9819904-04:00,2026-05-10T21:11:22.9819904Z,,v3,227,471378,,"Klock, Connor ",1000305212,Right,NJI_HIG,6daabc0b-d38e-48cf-b8d7-cb404fd06a9a,54.82901,-121.25963,13.25655,5.59407,-2.21094,-11.38086,2.24109,-9.58431,2.94358,,,,,,,,,,,,,,,,,,,,,,,,,,,,,,,,,,,,,,,,,,,,,,,,,,,High,High,High,,,,,,138.585872,-44.995185,1087.36667,0.707166,10:30,0.738344,0.48039,-0.473363,-121.920123,10.018594,22.658755,148.650984,69.302908,0.183871,0.935462,-0.301832,72.117419,10.59529,0.935462,0.183871,0.301832,-72.117419,-10.59529,-0.935462,-0.183871,0.301832,-148.650984,-69.302908,-0.183871,-0.935462,-0.301832,,,
153,2026-05-10,17:11:41.66,6,4,"Anzaldi, Anthony",1000166917,Left,NJI_HIG,"Johnson, Gunnar",1000100233,Right,BOC_EAG,Undefined,5,Bottom,2,2,1,Fastball,Four-Seam,InPlay,Undefined,LineDrive,Double,0,1,,88.86392,-2.042153,2.267014,2049.31561,162.873382,11:30,5.92363,-1.91834,6.07012,-18.09194,17.40674,-4.98382,2.52394,-0.23474,80.57928,-5.495247,1.370322,0.428823,104.01065,10.290227,31.76877,3595.85531,88.64194,12.43797,65.13524,199.4182,184.29904,40.075479,1.688904,3.25103,9.94823,1.74529,50,5.75567,-4.89263,-128.84405,-5.10733,5.41423,29.09105,-15.60635,BOC_EAG,NJI_HIG,HarringtonVillage,D1,ACC,20260510-HarringtonVillage-2,d7b51870-4cb4-11f1-ac59-670a1e020da9,87.89751,12.50377,,8.28464,,,,-0.59306,2.43778,0.10917,c0d103a8-7181-4857-96e7-9fcaa0451196,2026-05-10,21:11:41.66,2026-05-10T17:11:41.6606720-04:00,2026-05-10T21:11:41.6606720Z,LineDrive,v3,227,471378,,"Klock, Connor ",1000305212,Right,NJI_HIG,86b72703-7a3b-42c8-88be-e7d4b22282ad,54.42602,-129.83953,14.54553,5.9213,-4.57329,-7.80318,1.91588,-5.07791,2.70711,,-0.59306,127.60775,-28.42325,5.43587,-1.25049,0.27169,-0.05655,0.00927,-0.00079,2.43778,27.25043,-20.02317,2.44717,-0.54955,0.13268,-0.02753,0.00452,-0.0004,0.10917,79.02392,-0.18352,-1.57549,0.56056,-0.17124,0.04154,-0.00743,0.00068,,,,,,,,,,,,,,,,,,,,,,,High,High,High,High,Medium,,,,149.927941,-38.132428,1611.962286,0.786586,11:00,0.629498,0.415903,-0.656321,-61.036108,25.383286,38.695647,101.246849,11.725161,0.96033,0.203217,-0.190967,46.780087,73.807539,0.203217,0.96033,0.190967,-46.780087,-73.807539,-0.203217,-0.96033,0.190967,-101.246849,-11.725161,-0.96033,-0.203217,-0.190967,71.01006,5.68442,15.71877
154,2026-05-10,17:12:40.67,7,1,"Anzaldi, Anthony",1000166917,Left,NJI_HIG,"Wolff, Kyle",813479,Right,BOC_EAG,Undefined,5,Bottom,2,0,0,ChangeUp,Changeup,FoulBallNotFieldable,Undefined,Undefined,Undefined,0,0,,82.9146,-0.323578,2.879926,1447.572597,114.730688,9:45,5.54454,-2.13582,5.70726,-37.38695,3.80772,-5.30701,2.1271,0.10742,75.66938,-7.209575,1.931336,0.461947,87.52397,27.219726,-40.553202,3315.491109,77.82385,41.84706,-77.73939,278.64794,252.21729,-51.776072,3.343128,3.57386,2.39977,1.89783,50,5.49409,-5.83992,-120.25255,-1.92914,5.19936,24.72556,-28.68277,BOC_EAG,NJI_HIG,HarringtonVillage,D1,ACC,20260510-HarringtonVillage-2,fae6a5c0-4cb4-11f1-ac59-670a1e020da9,81.59478,45.57018,,7.24522,,,,2.5546,2.39896,-0.21909,c0d103a8-7181-4857-96e7-9fcaa0451196,2026-05-10,21:12:40.67,2026-05-10T17:12:40.6794752-04:00,2026-05-10T21:12:40.6794752Z,LineDrive,v3,227,471378,,"Klock, Connor ",1000305212,Right,NJI_HIG,ed1f9e7e-dbe0-44b0-9b07-a57daf51b636,54.7918,-121.23381,12.36278,5.54806,-0.79084,-14.34138,2.13368,-6.04626,2.59968,,2.55432,86.7428,-20.83401,5.78854,-1.51139,0.38656,-0.08955,0.01307,-0.00078,2.39913,58.71081,-22.45276,1.90564,-0.1457,-0.03676,0.01583,-0.00153,-2E-05,-0.21891,-74.22315,1.78813,1.0174,-0.43447,0.0831,-0.00368,-0.00129,0.00014,,,,,,,,,,,,,,,,,,,,,,,High,High,High,High,Medium,,,,137.846146,-47.578281,976.506803,0.674582,10:30,0.759829,0.45689,-0.462506,-114.29501,20.929947,16.804858,174.472081,75.45816,0.024187,0.967965,-0.249919,75.52294,1.385971,0.967965,0.024187,0.249919,-75.52294,-1.385971,-0.967965,-0.024187,0.249919,-174.472081,-75.45816,-0.024187,-0.967965,-0.249919,75.41305,25.25937,-23.2565
155,2026-05-10,17:13:13.37,7,2,"Anzaldi, Anthony",1000166917,Left,NJI_HIG,"Wolff, Kyle",813479,Right,BOC_EAG,Undefined,5,Bottom,2,0,1,Slider,Slider,FoulBallNotFieldable,Undefined,Undefined,Undefined,0,0,,82.88189,0.05369,1.353819,2167.58078,245.525037,2:15,5.5949,-2.31539,5.46145,-36.99187,4.7552,7.29922,2.56251,-0.43972,75.28213,-6.751051,2.653695,0.465034,88.99921,30.751093,34.079642,5001.055393,82.59099,52.52941,72.65483,274.13324,167.39637,51.806655,3.950525,-3.26437,2.7904,2.19097,50,5.57446,-3.14283,-120.19501,-1.16744,-4.72189,25.7351,-28.13776,BOC_EAG,NJI_HIG,HarringtonVillage,D1,ACC,20260510-HarringtonVillage-2,0e63f760-4cb5-11f1-ac59-670a1e020da9,81.05312,59.01904,,7.59976,,,,0.79133,2.49692,0.35069,c0d103a8-7181-4857-96e7-9fcaa0451196,2026-05-10,21:13:13.37,2026-05-10T17:13:13.3705728-04:00,2026-05-10T21:13:13.3705728Z,FlyBall,v3,227,471378,,"Klock, Connor ",1000305212,Right,NJI_HIG,3c023af6-57ed-48e6-90ad-7116384c872d,55.03596,-121.26847,12.86755,5.59868,0.00624,-14.06888,2.31796,-2.94588,-2.36094,,0.80047,92.66562,-24.97356,4.31584,1.21125,-1.32129,0.47155,-0.08156,0.00564,2.49564,66.77794,-22.84447,2.37739,-0.60446,0.25586,-0.08391,0.01583,-0.00125,0.34527,63.01266,-0.20041,-0.51883,-1.04526,0.93465,-0.3471,0.06282,-0.00451,,,,,,,,,,,,,,,,,,,,,,,High,High,High,High,Medium,,,,202.206058,-76.177999,517.848786,0.238906,12:45,0.975912,-0.091202,-0.198185,-39.652586,-63.660005,-1.361805,161.925869,34.255467,0.256431,0.562884,-0.785751,35.616438,14.858367,0.562884,0.256431,0.785751,-35.616438,-14.858367,-0.562884,-0.256431,0.785751,-161.925869,-34.255467,-0.256431,-0.562884,-0.785751,,,
156,2026-05-10,17:13:46.13,7,3,"Anzaldi, Anthony",1000166917,Left,NJI_HIG,"Wolff, Kyle",813479,Right,BOC_EAG,Undefined,5,Bottom,2,0,2,Fastball,Sinker,FoulBallNotFieldable,Undefined,Undefined,Undefined,0,0,,89.79282,-0.631301,2.789868,2137.548453,128.295047,10:15,5.84595,-1.83637,6.09193,-22.03127,12.40119,-14.31371,3.42535,-0.44655,81.97867,-4.781094,0.213975,0.422333,74.85895,13.532796,168.219627,895.794721,,,,98.15066,47.48504,169.267979,0.949761,8.00331,6.8978,1.62764,50,5.78559,-5.71955,-130.30905,-2.12621,13.76708,27.27349,-20.30865,BOC_EAG,NJI_HIG,HarringtonVillage,D1,ACC,20260510-HarringtonVillage-2,21e28180-4cb5-11f1-ac59-670a1e020da9,89.24807,8.4606,,7.81415,,,,-0.07098,3.24101,0.48255,c0d103a8-7181-4857-96e7-9fcaa0451196,2026-05-10,21:13:46.13,2026-05-10T17:13:46.1335552-04:00,2026-05-10T21:13:46.1335552Z,LineDrive,v3,227,471378,,"Klock, Connor ",1000305212,Right,NJI_HIG,cf27e9d9-63ec-4ebc-9220-12b0ab0ccaa8,54.40321,-131.2274,13.63675,5.84567,-1.44239,-10.15433,1.82803,-6.18311,6.88354,349.855958,0.02555,-105.85506,4.41724,,,,,,,3.30588,24.77956,-29.82432,,,,,,,0.47494,21.90005,-3.31483,,,,,,,,,,,,,,,,,,,,,,,,,,,,,High,High,High,High,Medium,,,,144.078554,-30.492409,1841.917804,0.861696,10:45,0.535194,0.511096,-0.672568,-50.460728,29.255992,45.80777,99.593552,8.99225,0.973896,0.156301,-0.164609,43.516901,76.879844,0.156301,0.973896,0.164609,-43.516901,-76.879844,-0.156301,-0.973896,0.164609,-99.593552,-8.99225,-0.973896,-0.156301,-0.164609,64.78998,11.73012,1.44856
157,2026-05-10,17:14:15.47,7,4,"Anzaldi, Anthony",1000166917,Left,NJI_HIG,"Wolff, Kyle",813479,Right,BOC_EAG,Undefined,5,Bottom,2,0,2,Fastball,Sinker,BallCalled,Undefined,Undefined,Undefined,0,0,,89.99013,-2.283143,4.402597,2153.055082,130.77159,10:15,5.82845,-1.75361,6.16118,-20.93631,13.87725,-14.60926,1.96728,1.104,81.15198,-6.257932,1.776487,0.424664,,,,,,,,,,,,8.94241,8.27315,1.42625,50,5.64405,-9.40914,-130.15982,-5.8296,15.11604,31.05494,-18.18929,BOC_EAG,NJI_HIG,HarringtonVillage,D1,ACC,20260510-HarringtonVillage-2,335fe470-4cb5-11f1-ac59-670a1e020da9,88.75819,,,8.83815,,,,,,,c0d103a8-7181-4857-96e7-9fcaa0451196,2026-05-10,21:14:15.47,2026-05-10T17:14:15.4720768-04:00,2026-05-10T21:14:15.4720768Z,,v3,227,471378,,"Klock, Connor ",1000305212,Right,NJI_HIG,4b6860c9-8ed4-4f02-98db-70b2d67bf857,54.33546,-131.19014,15.52747,5.82745,-5.22612,-9.09465,1.74674,-9.91066,7.55802,,,,,,,,,,,,,,,,,,,,,,,,,,,,,,,,,,,,,,,,,,,,,,,,,,,High,High,High,,,,,,143.102543,-30.73534,1850.630942,0.859537,10:45,0.541429,0.536003,-0.647731,-50.169022,29.568096,49.71381,99.955067,5.87895,0.979763,0.102427,-0.171967,30.778961,78.453716,0.102427,0.979763,0.171967,-30.778961,-78.453716,-0.102427,-0.979763,0.171967,-99.955067,-5.87895,-0.979763,-0.102427,-0.171967,,,
158,2026-05-10,17:14:36.87,7,5,"Anzaldi, Anthony",1000166917,Left,NJI_HIG,"Wolff, Kyle",813479,Right,BOC_EAG,Undefined,5,Bottom,2,1,2,Slider,Slider,StrikeSwinging,Strikeout,Undefined,Undefined,0,0,,82.09359,0.783078,1.116254,2258.37658,230.169938,1:45,5.59025,-2.29078,5.46058,-34.86403,7.95288,7.67453,3.41807,-0.60628,73.96994,-5.677815,2.482184,0.470955,,,,,,,,,,,,-3.46122,4.22784,2.18721,50,5.63591,-2.64359,-118.92794,0.44741,-4.87539,26.31888,-26.21882,BOC_EAG,NJI_HIG,HarringtonVillage,D1,ACC,20260510-HarringtonVillage-2,40298350-4cb5-11f1-ac59-670a1e020da9,80.03414,,,8.12365,,,,,,,c0d103a8-7181-4857-96e7-9fcaa0451196,2026-05-10,21:14:36.87,2026-05-10T17:14:36.8776192-04:00,2026-05-10T21:14:36.8776192Z,,v3,227,471378,,"Klock, Connor ",1000305212,Right,NJI_HIG,6e05ec92-c8b8-4d34-beda-82d667e13e1c,55.03333,-120.03665,13.15944,5.5938,1.55191,-13.10941,2.29425,-2.43821,-2.4377,,,,,,,,,,,,,,,,,,,,,,,,,,,,,,,,,,,,,,,,,,,,,,,,,,,High,High,High,,,,,,245.774192,-74.20115,614.867726,0.272261,2:15,0.960735,-0.261412,-0.093019,-27.979041,-49.768668,-24.874835,138.505907,31.846292,0.562808,0.527642,-0.636271,39.667999,34.250216,0.527642,0.562808,0.636271,-39.667999,-34.250216,-0.527642,-0.562808,0.636271,-138.505907,-31.846292,-0.562808,-0.527642,-0.636271,,,
159,2026-05-10,17:17:35.11,1,1,"Hard, Sean",695717,Right,BOC_EAG,"Rippo, Conner",10075157,Right,NJI_HIG,Undefined,6,Top,0,0,0,Slider,Slider,StrikeSwinging,Undefined,Undefined,Undefined,0,0,,85.15149,-3.291103,-2.357358,2295.705856,151.844555,11:00,6.52959,1.36764,6.224,-31.36265,6.86075,-3.02307,0.87348,-1.0606,78.40003,-9.085026,-2.903682,0.444976,,,,,,,,,,,,0.89929,4.87831,-1.18992,50,6.26766,5.19903,-123.4723,-8.0832,1.38599,24.96865,-24.65575,BOC_EAG,NJI_HIG,HarringtonVillage,D1,ACC,20260510-HarringtonVillage-2,aa61e550-4cb5-11f1-ac59-670a1e020da9,84.70677,,,6.75145,,,,,,,c0d103a8-7181-4857-96e7-9fcaa0451196,2026-05-10,21:17:35.11,2026-05-10T17:17:35.1100000-04:00,2026-05-10T21:17:35.1100000Z,,v3,227,471378,,"Gonzalez, Cesar",831498,Right,BOC_EAG,7eb09394-c288-4720-8ea9-96760d4bb513,54.2739,-124.33356,12.48432,6.53182,-7.23273,-12.32787,-1.36844,5.15122,0.69299,,,,,,,,,,,,,,,,,,,,,,,,,,,,,,,,,,,,,,,,,,,,,,,,,,,High,High,High,,,,,,178.031794,72.360969,695.642826,0.303019,12:00,-0.963661,-0.04432,-0.263426,83.941084,-35.348455,62.214648,146.102985,-8.900355,0.550987,-0.154717,-0.820047,10.684286,-33.434719,0.154717,-0.550987,0.820047,-10.684286,33.434719,-0.154717,0.550987,0.820047,-146.102985,8.900355,-0.550987,0.154717,-0.820047,,,
160,2026-05-10,17:17:52.30,1,2,"Hard, Sean",695717,Right,BOC_EAG,"Rippo, Conner",10075157,Right,NJI_HIG,Undefined,6,Top,0,0,1,Fastball,Four-Seam,BallCalled,Undefined,Undefined,Undefined,0,0,,90.78938,-1.765476,-2.83295,2273.63073,183.470618,12:00,6.73939,0.92393,6.35196,-10.50079,23.58379,1.35075,4.23679,-1.57322,81.18374,-3.889698,-2.589008,0.420195,,,,,,,,,,,,-1.66012,13.14997,-0.71887,50,6.60549,6.44683,-131.45837,-4.2107,-2.84192,33.51408,-9.6629,BOC_EAG,NJI_HIG,HarringtonVillage,D1,ACC,20260510-HarringtonVillage-2,b497b9f0-4cb5-11f1-ac59-670a1e020da9,89.70233,,,9.60564,,,,,,,c0d103a8-7181-4857-96e7-9fcaa0451196,2026-05-10,21:17:52.30,2026-05-10T17:17:52.3020000-04:00,2026-05-10T21:17:52.3020000Z,,v3,227,471378,,"Gonzalez, Cesar",831498,Right,BOC_EAG,90d567fb-ab4b-4726-a769-4b80190753b6,54.14002,-132.50963,16.75704,6.73281,-3.9076,-4.83145,-0.92249,6.53598,-1.42096,,,,,,,,,,,,,,,,,,,,,,,,,,,,,,,,,,,,,,,,,,,,,,,,,,,High,High,High,,,,,,190.49026,24.901029,2062.265951,0.907036,12:15,-0.459337,-0.178036,-0.870237,-18.941652,19.171805,-45.306442,174.186138,-8.009562,0.100309,-0.139338,-0.985151,8.050433,-5.756954,0.139338,-0.100309,0.985151,-8.050433,5.756954,-0.139338,0.100309,0.985151,-174.186138,8.009562,-0.100309,0.139338,-0.985151,,,
161,2026-05-10,17:18:09.25,1,3,"Hard, Sean",695717,Right,BOC_EAG,"Rippo, Conner",10075157,Right,NJI_HIG,Undefined,6,Top,0,1,1,Fastball,Four-Seam,BallCalled,Undefined,Undefined,Undefined,0,0,,91.79197,-0.985647,-0.762597,2313.428984,180.517504,12:00,6.70433,1.04702,6.48238,-8.84638,24.38403,0.20839,5.06197,0.36415,81.67276,-2.824033,-0.724787,0.414896,,,,,,,,,,,,-0.37709,13.31438,-0.99353,50,6.62989,1.76188,-133.05556,-2.35537,-0.65833,35.49432,-8.92863,BOC_EAG,NJI_HIG,HarringtonVillage,D1,ACC,20260510-HarringtonVillage-2,beb65d10-4cb5-11f1-ac59-670a1e020da9,90.8479,,,10.11921,,,,,,,c0d103a8-7181-4857-96e7-9fcaa0451196,2026-05-10,21:18:09.25,2026-05-10T17:18:09.2580000-04:00,2026-05-10T21:18:09.2580000Z,,v3,227,471378,,"Gonzalez, Cesar",831498,Right,BOC_EAG,312658d1-5ac8-4fe9-9524-799698919f58,54.00758,-134.12038,17.74716,6.69654,-2.08751,-4.46431,-1.04668,1.78163,-0.32916,,,,,,,,,,,,,,,,,,,,,,,,,,,,,,,,,,,,,,,,,,,,,,,,,,,High,High,High,,,,,,191.63619,24.964446,2097.284988,0.90657,12:30,-0.430629,-0.190085,-0.882285,-24.538247,5.12094,-74.706311,171.450019,-3.486473,0.148397,-0.060813,-0.987056,3.525557,-8.534039,0.060813,-0.148397,0.987056,-3.525557,8.534039,-0.060813,0.148397,0.987056,-171.450019,3.486473,-0.148397,0.060813,-0.987056,,,
162,2026-05-10,17:18:26.11,1,4,"Hard, Sean",695717,Right,BOC_EAG,"Rippo, Conner",10075157,Right,NJI_HIG,Undefined,6,Top,0,2,1,Slider,Slider,BallCalled,Undefined,Undefined,Undefined,0,0,,84.43488,0.347437,-0.499538,2358.260268,89.168593,9:00,6.59233,1.32026,6.04585,-38.23967,1.39138,-4.28193,3.72736,0.50095,76.07748,-6.768685,-1.271066,0.453095,,,,,,,,,,,,2.01173,1.09079,-1.27924,50,6.59952,1.24342,-122.47284,-0.52474,2.99645,28.55295,-30.54934,BOC_EAG,NJI_HIG,HarringtonVillage,D1,ACC,20260510-HarringtonVillage-2,c8c325e0-4cb5-11f1-ac59-670a1e020da9,83.18884,,,8.3574,,,,,,,c0d103a8-7181-4857-96e7-9fcaa0451196,2026-05-10,21:18:26.11,2026-05-10T17:18:26.1140000-04:00,2026-05-10T21:18:26.1140000Z,,v3,227,471378,,"Gonzalez, Cesar",831498,Right,BOC_EAG,390598a6-6540-4fc5-9447-050a26a0dae9,54.44882,-123.50566,14.27648,6.59851,0.58031,-15.27467,-1.32226,1.13503,1.49823,,,,,,,,,,,,,,,,,,,,,,,,,,,,,,,,,,,,,,,,,,,,,,,,,,,High,High,High,,,,,,173.119469,77.818762,497.604054,0.211005,11:45,-0.979103,0.031205,-0.200956,73.833634,-35.050204,67.292632,155.21461,-16.834192,0.401256,-0.289603,-0.868979,18.431594,-23.6567,0.289603,-0.401256,0.868979,-18.431594,23.6567,-0.289603,0.401256,0.868979,-155.21461,16.834192,-0.401256,0.289603,-0.868979,,,
163,2026-05-10,17:18:41.93,1,5,"Hard, Sean",695717,Right,BOC_EAG,"Rippo, Conner",10075157,Right,NJI_HIG,Undefined,6,Top,0,3,1,Slider,Slider,BallCalled,Walk,Undefined,Undefined,0,0,,85.87174,0.03527,-0.571772,2311.849506,108.353923,9:30,6.60525,1.25839,6.14014,-34.42148,3.71433,-7.01859,3.76939,0.14509,77.42936,-6.39457,-1.838382,0.444465,,,,,,,,,,,,3.38807,2.37429,-1.21157,50,6.59085,1.53386,-124.58099,-1.04974,5.2284,29.25003,-28.51007,BOC_EAG,NJI_HIG,HarringtonVillage,D1,ACC,20260510-HarringtonVillage-2,d2307a60-4cb5-11f1-ac59-670a1e020da9,84.80403,,,8.44237,,,,,,,c0d103a8-7181-4857-96e7-9fcaa0451196,2026-05-10,21:18:41.93,2026-05-10T17:18:41.9330000-04:00,2026-05-10T21:18:41.9330000Z,,v3,227,471378,,"Gonzalez, Cesar",831498,Right,BOC_EAG,e1764aa5-f70f-4d9c-9887-c1671f0ea10e,54.35406,-125.59911,14.62502,6.61012,-0.05738,-14.25504,-1.26179,1.35187,2.6142,,,,,,,,,,,,,,,,,,,,,,,,,,,,,,,,,,,,,,,,,,,,,,,,,,,High,High,High,,,,,,178.953037,72.693498,687.736418,0.297483,12:00,-0.957644,0.006023,-0.287891,61.935261,-29.84879,72.617841,155.793581,-19.482189,0.386549,-0.333514,-0.859854,21.199918,-22.739957,0.333514,-0.386549,0.859854,-21.199918,22.739957,-0.333514,0.386549,0.859854,-155.793581,19.482189,-0.386549,0.333514,-0.859854,,,
164,2026-05-10,17:19:12.10,2,1,"Hard, Sean",695717,Right,BOC_EAG,"Can, Dillon",1000236834,Right,NJI_HIG,Undefined,6,Top,0,0,0,Slider,Slider,StrikeCalled,Undefined,Undefined,Undefined,0,0,,85.40401,-1.47334,-1.509325,2284.384068,137.221567,10:30,6.56069,1.38613,6.23405,-33.8175,4.10004,-2.67008,2.38263,-0.22906,78.29622,-7.748725,-1.992169,0.443191,,,,,,,,,,,,0.94311,2.95071,-1.27234,50,6.43433,3.37271,-124.0416,-4.2685,1.46401,25.65621,-27.59354,BOC_EAG,NJI_HIG,HarringtonVillage,D1,ACC,20260510-HarringtonVillage-2,e4386a10-4cb5-11f1-ac59-670a1e020da9,85.04776,,,7.10779,,,,,,,c0d103a8-7181-4857-96e7-9fcaa0451196,2026-05-10,21:19:12.10,2026-05-10T17:19:12.1090000-04:00,2026-05-10T21:19:12.1090000Z,,v3,227,471378,,"Gonzalez, Cesar",831498,Right,BOC_EAG,2699e4a0-2fa4-4447-a88c-d726cadac496,54.2634,-124.92031,12.8281,6.56434,-3.32344,-13.79677,-1.38699,3.32257,0.732,,,,,,,,,,,,,,,,,,,,,,,,,,,,,,,,,,,,,,,,,,,,,,,,,,,High,High,High,,,,,,189.740832,69.915694,784.463084,0.343402,12:15,-0.945973,-0.08223,-0.313644,54.164977,-18.236158,77.763891,156.948946,-21.134568,0.365214,-0.36056,-0.858263,22.787463,-21.420751,0.36056,-0.365214,0.858263,-22.787463,21.420751,-0.36056,0.365214,0.858263,-156.948946,21.134568,-0.365214,0.36056,-0.858263,,,
165,2026-05-10,17:19:30.97,2,2,"Hard, Sean",695717,Right,BOC_EAG,"Can, Dillon",1000236834,Right,NJI_HIG,Undefined,6,Top,0,0,1,Fastball,Four-Seam,FoulBallNotFieldable,Undefined,Undefined,Undefined,0,0,,92.94492,-3.600848,-1.352912,2325.946503,184.969088,12:15,6.68579,1.08968,6.5729,-11.62634,20.21714,1.66169,2.41115,-0.01215,84.37378,-5.886203,-1.050927,0.406145,78.67349,56.705514,68.555431,4682.264184,12.3969,107.43654,109.299,190.36904,74.70059,88.082227,5.088471,-1.28685,12.05686,-0.99743,50,6.43295,3.1172,-134.80067,-8.73226,-2.34603,31.82051,-10.19331,BOC_EAG,NJI_HIG,HarringtonVillage,D1,ACC,20260510-HarringtonVillage-2,ef6a2ae0-4cb5-11f1-ac59-670a1e020da9,92.80526,107.46254,,8.57114,,,,1.62797,2.43292,0.00827,c0d103a8-7181-4857-96e7-9fcaa0451196,2026-05-10,21:19:30.97,2026-05-10T17:19:30.9740000-04:00,2026-05-10T21:19:30.9740000Z,Popup,v3,227,471378,,"Gonzalez, Cesar",831498,Right,BOC_EAG,116777c9-491b-43e4-ae22-b5792f82f009,53.92476,-135.72397,15.91025,6.68203,-8.43649,-5.09665,-1.08886,3.18527,-1.17301,,1.66575,22.26641,-11.17992,-2.15705,5.21917,-2.81848,0.7403,-0.09583,0.00488,2.44721,96.17459,-25.95553,1.27219,0.8278,-0.46512,0.10824,-0.01213,0.00052,0.02615,58.59017,-7.02459,-0.88759,1.7351,-0.80425,0.18511,-0.02129,0.00097,,,,,,,,,,,,,,,,,,,,,,,High,High,High,Medium,Low,,,,190.202476,19.387076,2194.059659,0.943298,12:15,-0.342629,-0.187602,-0.920549,-20.216685,3.003379,-57.858152,178.549222,-2.737903,0.025289,-0.047767,-0.998538,2.73878,-1.449122,0.047767,-0.025289,0.998538,-2.73878,1.449122,-0.047767,0.025289,0.998538,-178.549222,2.737903,-0.025289,0.047767,-0.998538,,,
166,2026-05-10,17:19:55.58,2,3,"Hard, Sean",695717,Right,BOC_EAG,"Can, Dillon",1000236834,Right,NJI_HIG,Undefined,6,Top,0,0,2,Fastball,Four-Seam,FoulBallNotFieldable,Undefined,Undefined,Undefined,0,0,,92.1226,-4.243816,-1.538818,2389.02362,191.228161,12:15,6.72628,1.06467,6.34611,-12.66544,19.68918,3.70843,1.75561,-0.0432,84.68754,-6.680202,-0.867737,0.409392,81.74567,62.694935,38.241533,4979.545665,56.35052,108.19196,94.47011,147.34848,140.8583,60.990639,5.556733,-2.3602,11.74548,-0.95465,50,6.41138,3.4427,-133.61833,-10.23897,-4.28332,27.75992,-10.85831,BOC_EAG,NJI_HIG,HarringtonVillage,D1,ACC,20260510-HarringtonVillage-2,fe142280-4cb5-11f1-ac59-670a1e020da9,92.06929,126.8027,,7.43507,,,,2.06284,1.65719,-0.04827,c0d103a8-7181-4857-96e7-9fcaa0451196,2026-05-10,21:19:55.58,2026-05-10T17:19:55.5850000-04:00,2026-05-10T21:19:55.5850000Z,Popup,v3,227,471378,,"Gonzalez, Cesar",831498,Right,BOC_EAG,a23fb5dc-5779-4c1a-aa46-b1ec0fee1c61,54.15387,-134.47855,13.87996,6.72345,-9.90249,-5.42916,-1.06339,3.57543,-2.14166,198.385646,2.05024,43.34538,-20.13694,6.61424,-1.23341,-0.00978,0.06128,-0.01145,0.00067,1.633,106.97831,-29.88009,5.41607,-2.03616,0.62585,-0.11333,0.01029,-0.00035,-0.04534,34.00216,-3.29563,0.1307,0.10136,-0.02039,-0.00176,0.00091,-7E-05,,,,,,,,,,,,,,,,,,,,,,,High,High,High,High,Low,,,,190.442675,14.587226,2312.014272,0.967765,12:15,-0.263655,-0.193566,-0.944997,-13.6419,19.185283,-33.199923,168.319225,-4.49709,0.201835,-0.078408,-0.976276,4.591788,-11.64431,0.078408,-0.201835,0.976276,-4.591788,11.64431,-0.078408,0.201835,0.976276,-168.319225,4.49709,-0.201835,0.078408,-0.976276,,,
167,2026-05-10,17:20:53.06,2,4,"Hard, Sean",695717,Right,BOC_EAG,"Can, Dillon",1000236834,Right,NJI_HIG,Undefined,6,Top,0,0,2,Slider,Slider,FoulBallNotFieldable,Undefined,Undefined,Undefined,0,0,,84.59414,-2.822802,-1.110108,2397.896489,128.777625,10:15,6.69982,1.30753,6.04504,-32.63466,5.83071,-5.9163,1.36429,-0.21337,78.74428,-8.811302,-2.176955,0.446382,,,,,,,,,,,,2.81803,4.00732,-1.21774,50,6.46186,2.60107,-122.94532,-7.10442,4.35534,22.15012,-25.98064,BOC_EAG,NJI_HIG,HarringtonVillage,D1,ACC,20260510-HarringtonVillage-2,205d2490-4cb6-11f1-ac59-670a1e020da9,84.43992,,,5.84986,,,,,,,c0d103a8-7181-4857-96e7-9fcaa0451196,2026-05-10,21:20:53.06,2026-05-10T17:20:53.0690000-04:00,2026-05-10T21:20:53.0690000Z,,v3,227,471378,,"Gonzalez, Cesar",831498,Right,BOC_EAG,495393b8-2f88-456b-957e-d5052e2f50ba,54.45657,-123.74562,11.07506,6.70159,-6.16572,-12.99032,-1.30888,2.44371,2.17767,,,,,,,,,,,,,,,,,,,,,,,,,,,,,,,,,,,,,,,,,,,,,,,,,,,High,High,High,,,,,,171.287309,73.903822,664.818151,0.277251,11:45,-0.966829,-0.00537,-0.255368,83.790252,-36.543732,64.974913,150.732207,-7.780563,0.484391,-0.135379,-0.864313,8.902045,-28.972602,0.135379,-0.484391,0.864313,-8.902045,28.972602,-0.135379,0.484391,0.864313,-150.732207,7.780563,-0.484391,0.135379,-0.864313,,,
168,2026-05-10,17:21:19.80,2,5,"Hard, Sean",695717,Right,BOC_EAG,"Can, Dillon",1000236834,Right,NJI_HIG,Undefined,6,Top,0,0,2,Fastball,Four-Seam,HitByPitch,Undefined,Undefined,Undefined,0,0,,92.24617,-1.844896,0.024896,2301.291552,191.984205,12:30,6.71973,1.0785,6.29757,-9.13508,23.78277,4.78579,4.258,1.50025,82.70378,-3.709295,0.890287,0.41294,47.20647,28.677857,152.476759,4178.172276,,,,97.21463,45.54826,160.435286,1.90365,-2.47319,13.31938,-1.0825,50,6.57954,-0.2606,-133.80322,-4.44511,-4.39339,34.29113,-8.51348,BOC_EAG,NJI_HIG,HarringtonVillage,D1,ACC,20260510-HarringtonVillage-2,3051ebb0-4cb6-11f1-ac59-670a1e020da9,91.27823,18.27638,,9.54239,,,,0.98485,4.30594,-1.47579,c0d103a8-7181-4857-96e7-9fcaa0451196,2026-05-10,21:21:19.80,2026-05-10T17:21:19.8090000-04:00,2026-05-10T21:21:19.8090000Z,GroundBall,v3,227,471378,,"Gonzalez, Cesar",831498,Right,BOC_EAG,3ca7c95e-ecb5-4abb-9cfa-b16ee90e69fd,54.19796,-134.87478,17.14556,6.71428,-4.17907,-4.25674,-1.0765,-0.12331,-2.1967,303.583914,0.98484,-53.86807,1.8597,0.56024,-0.0496,-0.13844,0.17427,-0.07439,0.0111,4.30595,33.22434,-20.95436,1.62159,-0.23815,-0.0414,0.04507,-0.00921,0.00028,-1.47577,28.06839,-6.52209,0.94326,-0.2348,0.11052,-0.1257,0.0664,-0.01154,,,,,,,,,,,,,,,,,,,,,,,High,High,High,High,Medium,,,,191.621477,11.952836,2251.395901,0.978318,12:30,-0.200238,-0.203643,-0.95835,-13.112207,9.957581,-42.645777,170.930596,-3.617156,0.157317,-0.063089,-0.985531,3.662825,-9.051185,0.063089,-0.157317,0.985531,-3.662825,9.051185,-0.063089,0.157317,0.985531,-170.930596,3.617156,-0.157317,0.063089,-0.985531,,,
169,2026-05-10,17:22:13.52,3,1,"Hard, Sean",695717,Right,BOC_EAG,"Klock, Connor ",1000305212,Left,NJI_HIG,Undefined,6,Top,0,0,0,Fastball,Four-Seam,BallCalled,Undefined,Undefined,Undefined,0,0,,89.7119,-5.208942,-0.411318,2248.489593,187.473459,12:15,6.76472,1.58478,6.25423,-14.60765,19.91859,2.46158,0.73057,1.4106,82.10896,-7.997646,0.033712,0.422908,,,,,,,,,,,,-1.40146,12.20048,-1.55545,50,6.3698,0.83463,-129.87404,-12.21585,-2.38769,27.83341,-11.38781,BOC_EAG,NJI_HIG,HarringtonVillage,D1,ACC,20260510-HarringtonVillage-2,5052f990-4cb6-11f1-ac59-670a1e020da9,89.1268,,,7.60294,,,,,,,c0d103a8-7181-4857-96e7-9fcaa0451196,2026-05-10,21:22:13.52,2026-05-10T17:22:13.5220000-04:00,2026-05-10T21:22:13.5220000Z,,v3,227,471378,,"Gonzalez, Cesar",831498,Right,BOC_EAG,1d11e4b7-4df2-4859-a8a7-b8c01634a8b0,54.24432,-130.78047,13.9167,6.76159,-11.84498,-5.6939,-1.58389,0.91239,-1.19384,,,,,,,,,,,,,,,,,,,,,,,,,,,,,,,,,,,,,,,,,,,,,,,,,,,High,High,High,,,,,,192.725522,18.390866,2133.650953,0.948926,12:30,-0.301855,-0.23681,-0.923474,-16.029636,22.900801,-29.137299,167.111384,-5.128605,0.222163,-0.089392,-0.970903,5.260423,-12.836135,0.089392,-0.222163,0.970903,-5.260423,12.836135,-0.089392,0.222163,0.970903,-167.111384,5.128605,-0.222163,0.089392,-0.970903,,,
170,2026-05-10,17:22:33.79,3,2,"Hard, Sean",695717,Right,BOC_EAG,"Klock, Connor ",1000305212,Left,NJI_HIG,Undefined,6,Top,0,1,0,Slider,Slider,InPlay,Undefined,FlyBall,Out,1,0,,84.76741,-1.633257,-1.498865,2386.673701,139.156626,10:45,6.62386,1.56752,6.0771,-33.46388,4.82177,-3.22488,2.32311,-0.08835,78.60092,-7.800544,-2.080296,0.445338,95.46554,20.525445,26.254094,1506.528822,96.78062,34.63019,52.28296,304.39634,293.97535,32.389881,3.508188,1.30028,3.20729,-1.44985,50,6.47944,3.34558,-123.25307,-4.58617,2.01578,22.70739,-27.20186,BOC_EAG,NJI_HIG,HarringtonVillage,D1,ACC,20260510-HarringtonVillage-2,5c677940-4cb6-11f1-ac59-670a1e020da9,84.63789,40.83339,,6.16649,,,,2.51651,2.42727,-0.02425,c0d103a8-7181-4857-96e7-9fcaa0451196,2026-05-10,21:22:33.79,2026-05-10T17:22:33.7900000-04:00,2026-05-10T21:22:33.7900000Z,LineDrive,v3,227,471378,,"Gonzalez, Cesar",831498,Right,BOC_EAG,8d1fc82a-bc93-464f-8cc6-13fa6ede0a42,54.42394,-124.06544,11.3537,6.62611,-3.61302,-13.60093,-1.56825,3.27346,1.00789,223.314379,2.51615,117.61193,-25.13668,6.69688,-1.72781,0.44939,-0.10641,0.01659,-0.00109,2.42758,49.08335,-16.65261,0.32305,0.35879,-0.17507,0.04835,-0.00632,0.00027,-0.02443,58.01069,-3.12159,-0.70314,0.3667,-0.07011,0.00151,0.00195,-0.00024,,,,,,,,,,,,,,,,,,,,,,,High,High,High,High,High,,,,182.523272,76.440595,559.56379,0.234453,12:00,-0.977233,-0.038025,-0.208736,81.082381,-41.099726,72.504953,156.783575,-11.622529,0.386123,-0.201463,-0.900179,12.61511,-22.713453,0.201463,-0.386123,0.900179,-12.61511,22.713453,-0.201463,0.386123,0.900179,-156.783575,11.622529,-0.386123,0.201463,-0.900179,73.94827,17.39384,19.00513
171,2026-05-10,17:24:02.65,4,1,"Hard, Sean",695717,Right,BOC_EAG,"Vega, Nicholas",10305587,Right,NJI_HIG,Undefined,6,Top,1,0,0,Slider,Slider,BallCalled,Undefined,Undefined,Undefined,0,0,,85.80716,-4.168997,-1.111546,2366.210972,127.163888,10:15,6.58934,1.36234,6.16543,-32.47297,4.85355,-5.01937,0.02481,-0.08281,80.03895,-10.106175,-2.019512,0.439724,,,,,,,,,,,,2.36599,3.83658,-1.27543,50,6.25588,2.59961,-124.55654,-10.11076,3.75133,22.84993,-26.09106,BOC_EAG,NJI_HIG,HarringtonVillage,D1,ACC,20260510-HarringtonVillage-2,915b88d0-4cb6-11f1-ac59-670a1e020da9,85.71842,,,5.76821,,,,,,,c0d103a8-7181-4857-96e7-9fcaa0451196,2026-05-10,21:24:02.65,2026-05-10T17:24:02.6520000-04:00,2026-05-10T21:24:02.6520000Z,,v3,227,471378,,"Gonzalez, Cesar",831498,Right,BOC_EAG,c0748e34-ad83-48b8-ad7f-73ca4cfdbffa,54.33659,-125.34956,11.42497,6.59106,-9.20525,-13.04553,-1.36339,2.46942,1.87566,,,,,,,,,,,,,,,,,,,,,,,,,,,,,,,,,,,,,,,,,,,,,,,,,,,High,High,High,,,,,,182.946234,69.045837,846.206668,0.357621,12:00,-0.936813,-0.086223,-0.339039,68.634404,-28.706774,76.332926,154.022694,-10.596363,0.430546,-0.183889,-0.883638,11.755723,-25.502194,0.183889,-0.430546,0.883638,-11.755723,25.502194,-0.183889,0.430546,0.883638,-154.022694,10.596363,-0.430546,0.183889,-0.883638,,,
172,2026-05-10,17:24:19.54,4,2,"Hard, Sean",695717,Right,BOC_EAG,"Vega, Nicholas",10305587,Right,NJI_HIG,Undefined,6,Top,1,1,0,Slider,Slider,StrikeCalled,Undefined,Undefined,Undefined,0,0,,84.60632,-1.818686,-0.809514,2350.84595,118.676191,10:00,6.61954,1.44698,6.02406,-34.42947,4.27126,-5.67796,2.06527,0.22403,78.10733,-8.162045,-1.832924,0.447745,,,,,,,,,,,,2.70394,3.06201,-1.38063,50,6.45855,1.95906,-122.9409,-5.02805,4.15045,23.70651,-27.47397,BOC_EAG,NJI_HIG,HarringtonVillage,D1,ACC,20260510-HarringtonVillage-2,9b75e630-4cb6-11f1-ac59-670a1e020da9,84.18278,,,6.49899,,,,,,,c0d103a8-7181-4857-96e7-9fcaa0451196,2026-05-10,21:24:19.54,2026-05-10T17:24:19.5470000-04:00,2026-05-10T21:24:19.5470000Z,,v3,227,471378,,"Gonzalez, Cesar",831498,Right,BOC_EAG,db46fd60-a76c-47c6-a5cf-83200d5578b0,54.47484,-123.80077,11.85325,6.62285,-4.03153,-13.73698,-1.44896,1.80852,2.07523,,,,,,,,,,,,,,,,,,,,,,,,,,,,,,,,,,,,,,,,,,,,,,,,,,,High,High,High,,,,,,173.856851,73.879495,652.732325,0.277658,11:45,-0.964943,-0.000791,-0.262457,70.037809,-32.90581,64.119687,148.578306,-17.717911,0.496604,-0.304331,-0.812876,20.52529,-29.775582,0.304331,-0.496604,0.812876,-20.52529,29.775582,-0.304331,0.496604,0.812876,-148.578306,17.717911,-0.496604,0.304331,-0.812876,,,
173,2026-05-10,17:24:40.53,4,3,"Hard, Sean",695717,Right,BOC_EAG,"Vega, Nicholas",10305587,Right,NJI_HIG,Undefined,6,Top,1,1,1,Slider,Slider,StrikeSwinging,Undefined,Undefined,Undefined,0,0,,85.31882,-2.426486,-0.752195,2389.039822,100.520259,9:15,6.64325,1.36868,6.17475,-36.08325,1.71933,-3.25894,1.39382,0.40238,79.03221,-9.061663,-1.341769,0.442519,,,,,,,,,,,,1.50158,1.84677,-1.31014,50,6.44116,1.7502,-124.00529,-6.41695,2.34723,23.89509,-29.28723,BOC_EAG,NJI_HIG,HarringtonVillage,D1,ACC,20260510-HarringtonVillage-2,a7f5d1e0-4cb6-11f1-ac59-670a1e020da9,85.17697,,,6.28661,,,,,,,c0d103a8-7181-4857-96e7-9fcaa0451196,2026-05-10,21:24:40.53,2026-05-10T17:24:40.5380000-04:00,2026-05-10T21:24:40.5380000Z,,v3,227,471378,,"Gonzalez, Cesar",831498,Right,BOC_EAG,6699a3b3-2793-482a-abbb-8c7f8f88bcb4,54.32593,-124.83609,11.94755,6.64656,-5.39867,-14.64361,-1.36957,1.66859,1.17362,,,,,,,,,,,,,,,,,,,,,,,,,,,,,,,,,,,,,,,,,,,,,,,,,,,High,High,High,,,,,,184.732881,71.647987,752.199243,0.314854,12:15,-0.951227,-0.06614,-0.301319,64.976216,-25.333878,73.000481,153.055291,-15.234129,0.437208,-0.262764,-0.860119,16.987766,-25.925845,0.262764,-0.437208,0.860119,-16.987766,25.925845,-0.262764,0.437208,0.860119,-153.055291,15.234129,-0.437208,0.262764,-0.860119,,,
174,2026-05-10,17:24:59.75,4,4,"Hard, Sean",695717,Right,BOC_EAG,"Vega, Nicholas",10305587,Right,NJI_HIG,Undefined,6,Top,1,1,2,Slider,Slider,BallCalled,Undefined,Undefined,Undefined,0,0,,85.52847,-2.801689,-0.083399,2293.801134,151.402243,11:00,6.64194,1.39795,6.28601,-33.73226,3.53666,-1.36047,1.24682,1.20772,79.62192,-9.012483,-0.330078,0.439384,,,,,,,,,,,,0.69382,2.83736,-1.39115,50,6.41886,0.23079,-124.36381,-7.14436,1.09723,22.66373,-27.68705,BOC_EAG,NJI_HIG,HarringtonVillage,D1,ACC,20260510-HarringtonVillage-2,b3618e70-4cb6-11f1-ac59-670a1e020da9,85.78464,,,5.90655,,,,,,,c0d103a8-7181-4857-96e7-9fcaa0451196,2026-05-10,21:24:59.75,2026-05-10T17:24:59.7500000-04:00,2026-05-10T21:24:59.7500000Z,,v3,227,471378,,"Gonzalez, Cesar",831498,Right,BOC_EAG,f74f3725-8eb3-4b54-967b-12c98c496af7,54.21515,-125.12961,11.33186,6.64446,-6.20883,-13.84352,-1.39832,0.19372,0.54862,,,,,,,,,,,,,,,,,,,,,,,,,,,,,,,,,,,,,,,,,,,,,,,,,,,High,High,High,,,,,,186.655497,70.717944,757.456242,0.330219,12:15,-0.941382,-0.084364,-0.326624,67.576391,-28.935292,70.432389,148.761008,-13.881715,0.503462,-0.239918,-0.830039,16.121643,-30.229312,0.239918,-0.503462,0.830039,-16.121643,30.229312,-0.239918,0.503462,0.830039,-148.761008,13.881715,-0.503462,0.239918,-0.830039,,,
175,2026-05-10,17:25:19.95,4,5,"Hard, Sean",695717,Right,BOC_EAG,"Vega, Nicholas",10305587,Right,NJI_HIG,Undefined,6,Top,1,2,2,Slider,Slider,FoulBallNotFieldable,Undefined,Undefined,Undefined,0,0,,86.34332,-2.670863,-1.424526,2293.489974,185.141097,12:15,6.61723,1.24593,6.2118,-30.47537,7.11772,0.51925,1.61014,-0.02576,78.34883,-8.351721,-1.330628,0.441291,95.02933,-45.348774,-83.555404,,,,,3.36651,3.36651,-31.577884,0.018052,-0.73732,4.91784,-1.1394,50,6.40159,3.09402,-125.21328,-6.78868,-1.15125,29.17427,-24.49531,BOC_EAG,NJI_HIG,HarringtonVillage,D1,ACC,20260510-HarringtonVillage-2,bf710510-4cb6-11f1-ac59-670a1e020da9,85.41395,1.79241,,7.99449,,,,2.66928,1.79241,-0.00336,c0d103a8-7181-4857-96e7-9fcaa0451196,2026-05-10,21:25:19.95,2026-05-10T17:25:19.9510000-04:00,2026-05-10T21:25:19.9510000Z,GroundBall,v3,227,471378,,"Gonzalez, Cesar",831498,Right,BOC_EAG,4bb7dac4-86ed-48f4-bd96-e84ab9184e89,54.28688,-126.20816,14.58714,6.61885,-5.95336,-12.24765,-1.24558,3.13328,-0.57562,,2.66923,11.00995,,,,,,,,1.79282,-99.29241,,,,,,,,-0.00296,-97.47102,,,,,,,,,,,,,,,,,,,,,,,,,,,,,,High,High,High,Estimated,Estimated,,,,188.730631,66.586424,911.3534,0.397365,12:15,-0.923335,-0.103012,-0.369921,59.071236,-34.517412,73.719421,147.392992,-20.662788,0.50421,-0.352867,-0.788199,24.117499,-30.278918,0.352867,-0.50421,0.788199,-24.117499,30.278918,-0.352867,0.50421,0.788199,-147.392992,20.662788,-0.50421,0.352867,-0.788199,67.03083,7.48174,-0.42694
176,2026-05-10,17:25:43.97,4,6,"Hard, Sean",695717,Right,BOC_EAG,"Vega, Nicholas",10305587,Right,NJI_HIG,Undefined,6,Top,1,2,2,Slider,Slider,StrikeSwinging,Strikeout,Undefined,Undefined,0,0,,84.43509,-1.764008,-0.720601,2374.765978,131.813689,10:30,6.68371,1.27543,6.17569,-34.15029,4.69792,-3.86508,2.2081,0.28781,77.50024,-8.091386,-1.419293,0.448598,,,,,,,,,,,,1.78752,3.33874,-1.2191,50,6.5332,1.6924,-122.64738,-4.85973,2.71447,24.94753,-27.10402,BOC_EAG,NJI_HIG,HarringtonVillage,D1,ACC,20260510-HarringtonVillage-2,cdc90c20-4cb6-11f1-ac59-670a1e020da9,84.02283,,,6.93484,,,,,,,c0d103a8-7181-4857-96e7-9fcaa0451196,2026-05-10,21:25:43.97,2026-05-10T17:25:43.9730000-04:00,2026-05-10T21:25:43.9730000Z,,v3,227,471378,,"Gonzalez, Cesar",831498,Right,BOC_EAG,372dac49-0a82-466c-bd28-1af9af2188a6,54.32199,-123.52338,12.47377,6.68714,-3.90801,-13.55201,-1.27686,1.59708,1.35723,,,,,,,,,,,,,,,,,,,,,,,,,,,,,,,,,,,,,,,,,,,,,,,,,,,High,High,High,,,,,,176.156842,74.193347,646.867213,0.272392,11:45,-0.965634,-0.01137,-0.259656,75.771535,-27.467563,69.504477,154.244248,-8.84587,0.429367,-0.153777,-0.889942,9.803581,-25.427403,0.153777,-0.429367,0.889942,-9.803581,25.427403,-0.153777,0.429367,0.889942,-154.244248,8.84587,-0.429367,0.153777,-0.889942,,,
177,2026-05-10,17:26:16.12,5,1,"Hard, Sean",695717,Right,BOC_EAG,"O'Connor, Rowin",832258,Right,NJI_HIG,Undefined,6,Top,2,0,0,Fastball,Four-Seam,StrikeSwinging,Undefined,Undefined,Undefined,0,0,,91.88762,-2.73353,-1.772955,2321.468946,188.195824,12:15,6.83317,1.00257,6.05029,-11.75461,21.47623,2.92606,3.32002,-0.39537,83.25548,-5.036083,-1.246653,0.414899,,,,,,,,,,,,-2.03201,12.18768,-0.86612,50,6.61377,3.99443,-133.19019,-6.62803,-3.61838,30.92954,-10.47147,BOC_EAG,NJI_HIG,HarringtonVillage,D1,ACC,20260510-HarringtonVillage-2,e0f24a50-4cb6-11f1-ac59-670a1e020da9,90.84732,,,8.63214,,,,,,,c0d103a8-7181-4857-96e7-9fcaa0451196,2026-05-10,21:26:16.12,2026-05-10T17:26:16.1270000-04:00,2026-05-10T21:26:16.1270000Z,,v3,227,471378,,"Gonzalez, Cesar",831498,Right,BOC_EAG,22892abe-07b6-41d7-8f24-c17f36991885,54.44513,-134.21848,15.46477,6.82834,-6.2799,-5.23573,-1.00092,4.11472,-1.80919,,,,,,,,,,,,,,,,,,,,,,,,,,,,,,,,,,,,,,,,,,,,,,,,,,,High,High,High,,,,,,188.918145,16.743288,2223.050537,0.957605,12:15,-0.309811,-0.162021,-0.936892,-9.043385,20.463623,-23.368364,172.987056,-6.790736,0.121237,-0.118243,-0.985556,6.84144,-6.963502,0.118243,-0.121237,0.985556,-6.84144,6.963502,-0.118243,0.121237,0.985556,-172.987056,6.790736,-0.121237,0.118243,-0.985556,,,
178,2026-05-10,17:26:36.30,5,2,"Hard, Sean",695717,Right,BOC_EAG,"O'Connor, Rowin",832258,Right,NJI_HIG,Undefined,6,Top,2,0,1,Fastball,Four-Seam,BallCalled,Undefined,Undefined,Undefined,0,0,,92.71617,-1.518256,-0.194026,2305.649521,187.39738,12:15,6.69919,1.02752,6.18763,-8.02906,24.64907,3.04244,4.62793,1.10191,83.16434,-3.178402,0.354966,0.411434,,,,,,,,,,,,-1.61055,13.48024,-1.01423,50,6.57988,0.31822,-134.44319,-3.6355,-2.89582,33.93821,-7.93622,BOC_EAG,NJI_HIG,HarringtonVillage,D1,ACC,20260510-HarringtonVillage-2,ecef7170-4cb6-11f1-ac59-670a1e020da9,91.61238,,,9.55182,,,,,,,c0d103a8-7181-4857-96e7-9fcaa0451196,2026-05-10,21:26:36.30,2026-05-10T17:26:36.3080000-04:00,2026-05-10T21:26:36.3080000Z,,v3,227,471378,,"Gonzalez, Cesar",831498,Right,BOC_EAG,661f42e6-6b2d-43fc-8644-c79e7eeb1d29,54.30488,-135.52554,16.9691,6.69179,-3.3824,-3.96811,-1.02585,0.41057,-1.44791,,,,,,,,,,,,,,,,,,,,,,,,,,,,,,,,,,,,,,,,,,,,,,,,,,,High,High,High,,,,,,193.440309,8.055487,2282.899274,0.990133,12:30,-0.137246,-0.233771,-0.962556,-10.954377,9.231314,-22.032017,173.351183,-4.684461,0.115397,-0.081668,-0.989957,4.716037,-6.626507,0.081668,-0.115397,0.989957,-4.716037,6.626507,-0.081668,0.115397,0.989957,-173.351183,4.684461,-0.115397,0.081668,-0.989957,,,
179,2026-05-10,17:26:55.25,5,3,"Hard, Sean",695717,Right,BOC_EAG,"O'Connor, Rowin",832258,Right,NJI_HIG,Undefined,6,Top,2,1,1,Slider,Slider,StrikeSwinging,Undefined,Undefined,Undefined,0,0,,85.47545,-2.751601,-1.90771,2341.472487,123.591047,10:00,6.67344,1.17427,6.10072,-33.07746,5.14209,-5.85398,1.36885,-1.07852,78.36331,-8.856172,-2.963662,0.444953,,,,,,,,,,,,2.44673,3.87382,-1.02461,50,6.44446,4.36118,-123.96333,-7.03133,3.78399,26.19615,-26.18304,BOC_EAG,NJI_HIG,HarringtonVillage,D1,ACC,20260510-HarringtonVillage-2,f84730d0-4cb6-11f1-ac59-670a1e020da9,84.71107,,,7.11214,,,,,,,c0d103a8-7181-4857-96e7-9fcaa0451196,2026-05-10,21:26:55.25,2026-05-10T17:26:55.2560000-04:00,2026-05-10T21:26:55.2560000Z,,v3,227,471378,,"Gonzalez, Cesar",831498,Right,BOC_EAG,b5a9982d-0389-4255-b442-46d235457a17,54.3965,-124.88895,13.09807,6.67657,-6.10617,-13.09152,-1.17634,4.22748,1.892,,,,,,,,,,,,,,,,,,,,,,,,,,,,,,,,,,,,,,,,,,,,,,,,,,,High,High,High,,,,,,178.422374,73.148554,678.7724,0.289891,12:00,-0.965456,-0.037973,-0.257785,80.881322,-32.146032,65.402218,149.145428,-8.668494,0.507002,-0.150717,-0.848665,10.070349,-30.46436,0.150717,-0.507002,0.848665,-10.070349,30.46436,-0.150717,0.507002,0.848665,-149.145428,8.668494,-0.507002,0.150717,-0.848665,,,
180,2026-05-10,17:27:15.39,5,4,"Hard, Sean",695717,Right,BOC_EAG,"O'Connor, Rowin",832258,Right,NJI_HIG,Undefined,6,Top,2,1,2,Slider,Slider,StrikeSwinging,Strikeout,Undefined,Undefined,0,0,,85.11436,-1.109563,-1.774728,2339.012818,117.579403,10:00,6.67149,1.17783,6.06293,-34.22297,3.78666,-5.1754,2.79206,-0.89647,78.84479,-7.416686,-2.707013,0.443729,,,,,,,,,,,,2.20929,2.5989,-1.03749,50,6.56718,4.03685,-123.73196,-3.51993,3.45248,22.83066,-28.11275,BOC_EAG,NJI_HIG,HarringtonVillage,D1,ACC,20260510-HarringtonVillage-2,0445de90-4cb7-11f1-ac59-670a1e020da9,84.94466,,,6.26957,,,,,,,c0d103a8-7181-4857-96e7-9fcaa0451196,2026-05-10,21:27:15.39,2026-05-10T17:27:15.3916416-04:00,2026-05-10T21:27:15.3916416Z,,v3,227,471378,,"Gonzalez, Cesar",831498,Right,BOC_EAG,a862009b-1ff3-4224-ac88-9f4f4e008c39,54.43621,-124.54783,11.41533,6.67501,-2.51531,-14.05637,-1.17955,3.91347,1.72624,,,,,,,,,,,,,,,,,,,,,,,,,,,,,,,,,,,,,,,,,,,,,,,,,,,High,High,High,,,,,,172.096737,76.918276,529.413605,0.226341,11:45,-0.980944,0.012254,-0.193904,79.863929,-31.50343,65.863917,153.732461,-11.306478,0.433974,-0.196057,-0.879334,12.569129,-25.720037,0.196057,-0.433974,0.879334,-12.569129,25.720037,-0.196057,0.433974,0.879334,-153.732461,11.306478,-0.433974,0.196057,-0.879334,,,
181,2026-05-10,17:29:31.48,1,1,"Anzaldi, Anthony",1000166917,Left,NJI_HIG,"Garcia, Esteban",822341,Left,BOC_EAG,Undefined,6,Bottom,0,0,0,Slider,Slider,BallCalled,Undefined,Undefined,Undefined,0,0,,82.35699,-1.045223,3.753544,2274.316036,251.935987,2:30,5.63167,-2.20126,5.42226,-38.55443,3.68571,7.15052,1.43756,1.9155,75.55814,-8.067351,5.021774,0.467772,,,,,,,,,,,,-2.5054,2.58,1.86263,50,5.51208,-8.11954,-119.2663,-3.5268,-3.5937,23.82764,-28.47334,BOC_EAG,NJI_HIG,HarringtonVillage,D1,ACC,20260510-HarringtonVillage-2,5562a3d0-4cb7-11f1-ac59-670a1e020da9,80.57869,,,6.79885,,,,,,,c0d103a8-7181-4857-96e7-9fcaa0451196,2026-05-10,21:29:31.48,2026-05-10T17:29:31.4814976-04:00,2026-05-10T21:29:31.4814976Z,,v3,227,471378,,"Klock, Connor ",1000305212,Right,NJI_HIG,1fbd4d43-7c64-4c7b-b70e-f8300bc9e8d4,55.07555,-120.27604,11.91382,5.63597,-2.32018,-14.23667,2.20349,-7.96725,-1.79685,,,,,,,,,,,,,,,,,,,,,,,,,,,,,,,,,,,,,,,,,,,,,,,,,,,High,High,High,,,,,,215.05813,-77.098301,507.807058,0.223279,1:15,0.986801,-0.110451,-0.118423,-43.813739,-62.117888,-5.715235,152.191799,39.622676,0.359337,0.637729,-0.681307,43.10777,21.05948,0.637729,0.359337,0.681307,-43.10777,-21.05948,-0.637729,-0.359337,0.681307,-152.191799,-39.622676,-0.359337,-0.637729,-0.681307,,,
182,2026-05-10,17:29:46.48,1,2,"Anzaldi, Anthony",1000166917,Left,NJI_HIG,"Garcia, Esteban",822341,Left,BOC_EAG,Undefined,6,Bottom,0,1,0,Slider,Slider,FoulBallNotFieldable,Undefined,Undefined,Undefined,0,0,,82.04602,0.098169,1.831783,2203.844116,233.152485,1:45,5.54943,-2.29554,5.47653,-38.15002,4.46071,3.99166,2.46217,-0.24827,74.50598,-6.918384,2.542617,0.469819,60.28861,35.544267,-75.098497,4858.537323,19.43729,38.73971,-108.26894,180.4812,95.56114,-82.781147,3.170926,-1.44429,2.64248,2.13186,50,5.53226,-3.96788,-118.94973,-1.10319,-2.04561,25.25761,-28.43143,BOC_EAG,NJI_HIG,HarringtonVillage,D1,ACC,20260510-HarringtonVillage-2,5e58f390-4cb7-11f1-ac59-670a1e020da9,80.22752,39.94017,,7.54004,,,,0.9441,2.40446,0.22725,c0d103a8-7181-4857-96e7-9fcaa0451196,2026-05-10,21:29:46.48,2026-05-10T17:29:46.4886272-04:00,2026-05-10T21:29:46.4886272Z,Popup,v3,227,471378,,"Klock, Connor ",1000305212,Right,NJI_HIG,b9351a61-b0e4-43ce-bc96-2236582b8e8a,55.02062,-120.01106,12.6288,5.55352,0.09151,-14.21572,2.29679,-3.88192,-1.02281,,0.94399,18.50708,-6.61464,1.6559,-0.51,0.21493,-0.07218,0.01324,-0.00097,2.40458,51.39739,-19.23366,1.31823,-0.06035,-0.11308,0.04874,-0.00807,0.00047,0.22736,-69.53186,7.43129,-1.78126,0.44761,-0.1589,0.0517,-0.00951,0.00069,,,,,,,,,,,,,,,,,,,,,,,High,High,High,Medium,Low,,,,228.789422,-74.202372,599.975412,0.27224,1:45,0.967119,-0.206453,-0.148521,-15.632785,-49.588573,-40.528026,143.233552,41.1677,0.450584,0.658265,-0.603043,47.506884,26.781133,0.658265,0.450584,0.603043,-47.506884,-26.781133,-0.658265,-0.450584,0.603043,-143.233552,-41.1677,-0.450584,-0.658265,-0.603043,71.02339,2.18923,-13.02742
183,2026-05-10,17:30:06.29,1,3,"Anzaldi, Anthony",1000166917,Left,NJI_HIG,"Garcia, Esteban",822341,Left,BOC_EAG,Undefined,6,Bottom,0,1,1,Slider,Slider,InPlay,Undefined,Popup,Single,0,0,,80.68735,1.436223,1.129563,2235.199469,281.018194,3:15,5.61313,-2.28437,5.29638,-43.94782,-0.25169,7.93752,3.29978,-0.56226,74.27849,-6.563899,2.538498,0.475766,83.08585,21.967773,10.210296,6222.821215,108.76941,32.8974,16.40729,249.62124,249.62124,6.767489,3.053076,-3.6904,-0.1411,2.17557,50,5.71148,-2.63192,-117.16929,1.38588,-5.15093,21.30318,-32.37098,BOC_EAG,NJI_HIG,HarringtonVillage,D1,ACC,20260510-HarringtonVillage-2,6a2805d0-4cb7-11f1-ac59-670a1e020da9,79.22482,34.40794,,6.40886,,,,0.6677,3.22893,0.51681,c0d103a8-7181-4857-96e7-9fcaa0451196,2026-05-10,21:30:06.29,2026-05-10T17:30:06.2930944-04:00,2026-05-10T21:30:06.2930944Z,LineDrive,v3,227,471378,,"Klock, Connor ",1000305212,Right,NJI_HIG,6be8fae3-4a0e-4a0d-bc40-fe1fed63505a,55.20391,-118.11165,10.65159,5.6185,2.81784,-16.18549,2.28696,-2.40406,-2.57546,129.718172,0.66754,111.2292,-14.17248,2.49261,-0.7161,0.30018,-0.11895,0.0265,-0.00236,3.22905,45.58059,-18.15005,1.16086,0.01651,-0.12299,0.06259,-0.01384,0.00112,0.51682,20.03266,-7.03413,2.31662,-0.64923,0.1522,-0.03308,0.00519,-0.00035,,,,,,,,,,,,,,,,,,,,,,,High,High,High,High,High,,,,246.314006,-70.479638,746.873664,0.334142,2:15,0.937022,-0.329521,-0.115783,-34.276304,-65.592768,-11.880443,160.566614,25.142987,0.301186,0.424879,-0.853677,26.459722,17.528878,0.424879,0.301186,0.853677,-26.459722,-17.528878,-0.424879,-0.301186,0.853677,-160.566614,-25.142987,-0.301186,-0.424879,-0.853677,62.95721,23.82702,5.05884
184,2026-05-10,17:31:08.44,2,1,"Anzaldi, Anthony",1000166917,Left,NJI_HIG,"Williams, Ben",831962,Right,BOC_EAG,Undefined,6,Bottom,0,0,0,Slider,Slider,FoulBallNotFieldable,Undefined,Undefined,Undefined,0,0,,80.72944,0.633385,1.270215,2252.59189,283.258686,3:30,5.79098,-2.34755,5.18021,-43.46739,-0.38543,6.07536,2.76482,-0.64593,75.68742,-7.209257,2.346926,0.47241,,,,,,,,,,,,-2.80666,-0.09807,2.22449,50,5.81595,-2.84385,-117.47339,-0.25302,-4.00811,17.67252,-32.31411,BOC_EAG,NJI_HIG,HarringtonVillage,D1,ACC,20260510-HarringtonVillage-2,8f2f8ba0-4cb7-11f1-ac59-670a1e020da9,79.78755,,,5.04202,,,,,,,c0d103a8-7181-4857-96e7-9fcaa0451196,2026-05-10,21:31:08.44,2026-05-10T17:31:08.4447744-04:00,2026-05-10T21:31:08.4447744Z,,v3,227,471378,,"Klock, Connor ",1000305212,Right,NJI_HIG,21af149c-6135-41d4-8de1-2ca5523338af,55.32301,-118.27147,8.83626,5.79443,1.20626,-16.15705,2.34883,-2.66284,-2.00406,,,,,,,,,,,,,,,,,,,,,,,,,,,,,,,,,,,,,,,,,,,,,,,,,,,High,High,High,,,,,,245.07184,-74.758139,592.193262,0.262894,2:15,0.96435,-0.249053,-0.08945,-37.158537,-54.890581,-12.211259,145.017277,29.430541,0.499342,0.491368,-0.713593,34.550651,29.956503,0.491368,0.499342,0.713593,-34.550651,-29.956503,-0.491368,-0.499342,0.713593,-145.017277,-29.430541,-0.499342,-0.491368,-0.713593,,,
185,2026-05-10,17:31:34.59,2,2,"Anzaldi, Anthony",1000166917,Left,NJI_HIG,"Williams, Ben",831962,Right,BOC_EAG,Undefined,6,Bottom,0,0,1,Slider,Slider,FoulBallNotFieldable,Undefined,Undefined,Undefined,0,0,,80.96632,0.088919,1.592534,2200.631097,247.182762,2:15,5.75225,-2.27283,5.23011,-37.8436,5.00044,9.34776,2.68224,0.00356,75.75903,-6.766397,3.249378,0.471104,65.47014,14.662216,-178.546113,2116.820805,,,,85.42295,39.88588,179.764354,0.967544,-4.38335,2.77469,2.11869,50,5.7317,-3.64385,-117.77149,-1.14496,-6.28007,18.15383,-28.19872,BOC_EAG,NJI_HIG,HarringtonVillage,D1,ACC,20260510-HarringtonVillage-2,9ec7b3d0-4cb7-11f1-ac59-670a1e020da9,80.00878,7.91831,,5.20729,,,,2.98365,2.74225,0.13119,c0d103a8-7181-4857-96e7-9fcaa0451196,2026-05-10,21:31:34.59,2026-05-10T17:31:34.5900032-04:00,2026-05-10T21:31:34.5900032Z,GroundBall,v3,227,471378,,"Klock, Connor ",1000305212,Right,NJI_HIG,401cf28e-4b13-4bcf-a078-07a2a577cba4,55.27208,-118.58136,9.07692,5.75471,0.11304,-14.09936,2.275,-3.36368,-3.14003,12.543693,3.07875,-94.17024,2.69139,,,,,,,2.77731,23.81993,-27.62154,,,,,,,0.12263,-2.23845,2.56654,,,,,,,,,,,,,,,,,,,,,,,,,,,,,High,High,High,High,Medium,,,,233.312607,-75.270912,559.508211,0.254249,1:45,0.970669,-0.205385,-0.124973,-27.977467,-47.930123,-19.605722,139.230335,29.893952,0.566135,0.498396,-0.656576,37.201537,34.481147,0.498396,0.566135,0.656576,-37.201537,-34.481147,-0.498396,-0.566135,0.656576,-139.230335,-29.893952,-0.566135,-0.498396,-0.656576,,,
186,2026-05-10,17:32:19.78,2,3,"Anzaldi, Anthony",1000166917,Left,NJI_HIG,"Williams, Ben",831962,Right,BOC_EAG,Undefined,6,Bottom,0,0,2,Fastball,Sinker,StrikeSwinging,Strikeout,Undefined,Undefined,0,0,,89.51343,-1.190724,2.091356,2194.839064,136.353336,10:30,5.85978,-2.00178,6.16142,-21.46812,13.01162,-11.37945,2.96992,-1.01727,81.94126,-5.236868,0.039126,0.422623,,,,,,,,,,,,6.43032,7.38599,1.84861,50,5.75834,-4.27642,-130.01616,-3.36074,11.01874,26.98482,-19.51768,BOC_EAG,NJI_HIG,HarringtonVillage,D1,ACC,20260510-HarringtonVillage-2,b9ab8d70-4cb7-11f1-ac59-670a1e020da9,89.1869,,,7.57217,,,,,,,c0d103a8-7181-4857-96e7-9fcaa0451196,2026-05-10,21:32:19.78,2026-05-10T17:32:19.7815808-04:00,2026-05-10T21:32:19.7815808Z,,v3,227,471378,,"Klock, Connor ",1000305212,Right,NJI_HIG,946c273b-2fe8-4538-80a7-ec7a12e95051,54.33628,-130.91306,13.49241,5.85926,-2.71202,-9.75884,1.99683,-4.64266,5.50937,,,,,,,,,,,,,,,,,,,,,,,,,,,,,,,,,,,,,,,,,,,,,,,,,,,High,High,High,,,,,,145.523471,-33.416651,1832.005492,0.834688,10:45,0.565536,0.483833,-0.667889,-42.568434,19.364147,47.733162,110.675003,11.077371,0.918167,0.192134,-0.346489,29.009187,66.659517,0.192134,0.918167,0.346489,-29.009187,-66.659517,-0.192134,-0.918167,0.346489,-110.675003,-11.077371,-0.918167,-0.192134,-0.346489,,,
187,2026-05-10,17:32:52.25,3,1,"Anzaldi, Anthony",1000166917,Left,NJI_HIG,"Surowiec, Danny",831970,Left,BOC_EAG,Undefined,6,Bottom,1,0,0,Slider,Slider,BallCalled,Undefined,Undefined,Undefined,0,0,,81.29119,-1.832532,3.236189,2286.661183,217.265736,1:15,5.63606,-2.34369,5.40119,-34.47892,8.28221,5.38725,1.04233,1.14092,75.58612,-8.098583,4.192498,0.470648,,,,,,,,,,,,-1.93508,4.97859,2.05105,50,5.44812,-6.87977,-117.93308,-4.94585,-2.75397,20.21696,-25.08865,BOC_EAG,NJI_HIG,HarringtonVillage,D1,ACC,20260510-HarringtonVillage-2,cd0ea050-4cb7-11f1-ac59-670a1e020da9,80.0863,,,5.70507,,,,,,,c0d103a8-7181-4857-96e7-9fcaa0451196,2026-05-10,21:32:52.25,2026-05-10T17:32:52.2534400-04:00,2026-05-10T21:32:52.2534400Z,,v3,227,471378,,"Klock, Connor ",1000305212,Right,NJI_HIG,2b6a884a-48f4-49ae-9e72-5ba0d1b8975d,55.09923,-118.80401,10.10848,5.6379,-3.86505,-12.54433,2.34487,-6.76113,-1.37698,,,,,,,,,,,,,,,,,,,,,,,,,,,,,,,,,,,,,,,,,,,,,,,,,,,High,High,High,,,,,,225.070293,-76.661983,527.522241,0.230695,1:30,0.98539,-0.132127,-0.10747,-16.489742,-56.124412,-47.355751,145.23154,53.756505,0.337149,0.806512,-0.485664,58.944558,19.703264,0.806512,0.337149,0.485664,-58.944558,-19.703264,-0.806512,-0.337149,0.485664,-145.23154,-53.756505,-0.337149,-0.806512,-0.485664,,,
188,2026-05-10,17:33:30.44,3,2,"Anzaldi, Anthony",1000166917,Left,NJI_HIG,"Surowiec, Danny",831970,Left,BOC_EAG,Undefined,6,Bottom,1,1,0,Fastball,Four-Seam,BallCalled,Undefined,Undefined,Undefined,0,0,,89.39038,-0.235237,1.217072,2095.19016,143.836577,10:45,5.94842,-1.62533,5.87158,-20.95525,13.95257,-9.40705,3.9836,-1.27863,81.77091,-4.176507,-0.470546,0.425239,,,,,,,,,,,,5.12008,7.52713,1.5322,50,5.91722,-2.35443,-129.85941,-1.19995,8.75834,26.7488,-19.29829,BOC_EAG,NJI_HIG,HarringtonVillage,D1,ACC,20260510-HarringtonVillage-2,e3cf5d20-4cb7-11f1-ac59-670a1e020da9,88.63828,,,7.61947,,,,,,,c0d103a8-7181-4857-96e7-9fcaa0451196,2026-05-10,21:33:30.44,2026-05-10T17:33:30.4483840-04:00,2026-05-10T21:33:30.4483840Z,,v3,227,471378,,"Klock, Connor ",1000305212,Right,NJI_HIG,ff984cc7-f983-4387-aff9-cb893aa57f61,54.62576,-130.80876,13.3744,5.94766,-0.51502,-9.64915,1.62128,-2.66528,4.37917,,,,,,,,,,,,,,,,,,,,,,,,,,,,,,,,,,,,,,,,,,,,,,,,,,,High,High,High,,,,,,146.316971,-31.462847,1787.152782,0.852979,11:00,0.534958,0.475199,-0.698574,-71.603581,32.365904,55.57197,103.619162,8.793853,0.960458,0.15288,-0.232699,33.304302,73.833701,0.15288,0.960458,0.232699,-33.304302,-73.833701,-0.15288,-0.960458,0.232699,-103.619162,-8.793853,-0.960458,-0.15288,-0.232699,,,
189,2026-05-10,17:33:52.54,3,3,"Anzaldi, Anthony",1000166917,Left,NJI_HIG,"Surowiec, Danny",831970,Left,BOC_EAG,Undefined,6,Bottom,1,2,0,Fastball,Sinker,StrikeCalled,Undefined,Undefined,Undefined,0,0,,89.93245,-1.040921,3.462239,2131.302571,138.425821,10:30,5.84723,-1.79956,6.15697,-21.28796,12.69119,-10.37898,3.10971,0.53802,82.86688,-5.036921,1.594363,0.419544,,,,,,,,,,,,6.2137,7.13587,1.54144,50,5.75699,-7.47128,-130.57735,-3.03735,10.82822,25.09431,-19.73882,BOC_EAG,NJI_HIG,HarringtonVillage,D1,ACC,20260510-HarringtonVillage-2,f0f3c630-4cb7-11f1-ac59-670a1e020da9,89.84137,,,7.06557,,,,,,,c0d103a8-7181-4857-96e7-9fcaa0451196,2026-05-10,21:33:52.54,2026-05-10T17:33:52.5427200-04:00,2026-05-10T21:33:52.5427200Z,,v3,227,471378,,"Klock, Connor ",1000305212,Right,NJI_HIG,4a89a45c-0fa6-4bc7-86a6-1456ffb3b9ef,54.34164,-131.40907,12.54715,5.84681,-2.38313,-9.86941,1.79501,-7.83017,5.41411,,,,,,,,,,,,,,,,,,,,,,,,,,,,,,,,,,,,,,,,,,,,,,,,,,,High,High,High,,,,,,146.669284,-38.103768,1677.110151,0.786894,11:00,0.647724,0.443515,-0.619475,-47.559972,21.139392,49.036998,110.646526,5.1821,0.931949,0.090321,-0.35116,14.424302,68.740648,0.090321,0.931949,0.35116,-14.424302,-68.740648,-0.090321,-0.931949,0.35116,-110.646526,-5.1821,-0.931949,-0.090321,-0.35116,,,
190,2026-05-10,17:34:10.92,3,4,"Anzaldi, Anthony",1000166917,Left,NJI_HIG,"Surowiec, Danny",831970,Left,BOC_EAG,Undefined,6,Bottom,1,2,1,Slider,Slider,BallCalled,Undefined,Undefined,Undefined,0,0,,81.11624,1.868301,1.844094,2261.050058,270.622935,3:00,5.47559,-2.05306,5.4696,-41.67282,1.09941,8.30359,3.75283,0.3653,74.97617,-5.738798,3.320766,0.470709,,,,,,,,,,,,-3.71138,0.48665,1.88515,50,5.6115,-4.12953,-117.80646,2.39663,-5.26802,20.27799,-31.48331,BOC_EAG,NJI_HIG,HarringtonVillage,D1,ACC,20260510-HarringtonVillage-2,fbf43dd0-4cb7-11f1-ac59-670a1e020da9,80.07591,,,6.14007,,,,,,,c0d103a8-7181-4857-96e7-9fcaa0451196,2026-05-10,21:34:10.92,2026-05-10T17:34:10.9245952-04:00,2026-05-10T21:34:10.9245952Z,,v3,227,471378,,"Klock, Connor ",1000305212,Right,NJI_HIG,f17a966e-a70a-4803-a0ac-cae5bf659c4d,55.03009,-118.66913,10.139,5.48105,3.736,-15.74165,2.05606,-3.90542,-2.63401,,,,,,,,,,,,,,,,,,,,,,,,,,,,,,,,,,,,,,,,,,,,,,,,,,,High,High,High,,,,,,240.086463,-74.225042,614.688322,0.27186,2:00,0.958011,-0.266891,-0.1048,-18.525849,-56.212871,-33.731424,147.993792,34.203575,0.438343,0.562135,-0.701327,38.713244,25.998227,0.562135,0.438343,0.701327,-38.713244,-25.998227,-0.562135,-0.438343,0.701327,-147.993792,-34.203575,-0.438343,-0.562135,-0.701327,,,
191,2026-05-10,17:34:30.99,3,5,"Anzaldi, Anthony",1000166917,Left,NJI_HIG,"Surowiec, Danny",831970,Left,BOC_EAG,Undefined,6,Bottom,1,3,1,Fastball,Sinker,FoulBallNotFieldable,Undefined,Undefined,Undefined,0,0,,87.86516,-2.009108,2.713589,2129.541533,145.067573,10:45,5.98036,-1.79037,5.99767,-25.13572,10.67749,-6.72709,2.02116,0.16541,81.17615,-6.676825,1.504628,0.430718,85.89835,59.742672,-46.334419,5258.087227,48.28774,129.06255,-98.83463,197.6918,70.39156,-69.199163,5.529137,4.17685,6.32792,1.58047,50,5.80805,-5.78058,-127.59807,-5.29224,6.94314,24.22127,-21.65523,BOC_EAG,NJI_HIG,HarringtonVillage,D1,ACC,20260510-HarringtonVillage-2,07e13850-4cb8-11f1-ac59-670a1e020da9,87.51074,129.26747,,6.689,,,,1.29083,1.77984,-0.04071,c0d103a8-7181-4857-96e7-9fcaa0451196,2026-05-10,21:34:30.99,2026-05-10T17:34:30.9958144-04:00,2026-05-10T21:34:30.9958144Z,FlyBall,v3,227,471378,,"Klock, Connor ",1000305212,Right,NJI_HIG,7b310cc0-70ce-4b5f-962b-bc0a6086c445,54.5025,-128.44992,12.11064,5.98078,-4.53065,-10.82761,1.78806,-6.02476,3.47157,152.67228,1.30633,43.39643,-17.24453,2.34524,1.95208,-1.32222,0.35424,-0.04463,0.00217,1.81421,108.19312,-26.77754,-0.16766,2.10299,-0.9724,0.21523,-0.02378,0.00105,-0.05763,-45.65339,1.32666,1.6014,-0.87069,0.20571,-0.01723,-0.00078,0.00014,,,,,,,,,,,,,,,,,,,,,,,High,High,High,High,Low,,,,147.38466,-34.712482,1750.525741,0.82202,11:00,0.585735,0.462758,-0.66541,-43.022024,21.347069,48.724775,110.698566,8.181775,0.925931,0.142314,-0.349854,22.135585,67.809226,0.142314,0.925931,0.349854,-22.135585,-67.809226,-0.142314,-0.925931,0.349854,-110.698566,-8.181775,-0.925931,-0.142314,-0.349854,73.21371,11.67764,3.45562
192,2026-05-10,17:34:56.76,3,6,"Anzaldi, Anthony",1000166917,Left,NJI_HIG,"Surowiec, Danny",831970,Left,BOC_EAG,Undefined,6,Bottom,1,3,2,Slider,Slider,BallCalled,Walk,Undefined,Undefined,0,0,,81.12987,0.090586,3.510408,2227.959194,202.614118,12:45,5.60843,-2.255,5.49002,-33.95852,9.34634,3.31819,2.86346,1.30959,74.22041,-6.161488,4.099491,0.473631,,,,,,,,,,,,-0.67055,5.12193,1.94501,50,5.59364,-7.34612,-117.5404,-0.93838,-0.93648,22.6324,-25.02071,BOC_EAG,NJI_HIG,HarringtonVillage,D1,ACC,20260510-HarringtonVillage-2,174705e0-4cb8-11f1-ac59-670a1e020da9,79.58193,,,6.90946,,,,,,,c0d103a8-7181-4857-96e7-9fcaa0451196,2026-05-10,21:34:56.76,2026-05-10T17:34:56.7662592-04:00,2026-05-10T21:34:56.7662592Z,,v3,227,471378,,"Klock, Connor ",1000305212,Right,NJI_HIG,a1c83af6-ccb9-46f5-a39c-46abf7b6124c,55.00629,-118.50044,11.3162,5.61094,0.12297,-12.51035,2.25578,-7.3064,-0.46824,,,,,,,,,,,,,,,,,,,,,,,,,,,,,,,,,,,,,,,,,,,,,,,,,,,High,High,High,,,,,,221.070395,-76.541002,518.556307,0.232749,1:15,0.981213,-0.154451,-0.115608,-20.284911,-46.162358,-38.151899,133.704851,44.35112,0.51693,0.699054,-0.494073,54.74834,31.126532,0.699054,0.51693,0.494073,-54.74834,-31.126532,-0.699054,-0.51693,0.494073,-133.704851,-44.35112,-0.51693,-0.699054,-0.494073,,,
193,2026-05-10,17:35:50.63,4,1,"Anzaldi, Anthony",1000166917,Left,NJI_HIG,"Gonzalez, Cesar",831498,Right,BOC_EAG,Undefined,6,Bottom,1,0,0,Fastball,Sinker,BallCalled,Undefined,Undefined,Undefined,0,0,,88.42946,-0.641956,1.945576,2093.289055,135.709784,10:30,5.90995,-1.82379,5.97541,-20.88828,15.40367,-13.69516,3.57379,-1.16077,79.29483,-4.627596,-0.515443,0.433587,,,,,,,,,,,,7.59178,8.48957,1.67697,50,5.8477,-3.7567,-128.14687,-2.05305,12.37833,31.28802,-18.33187,BOC_EAG,NJI_HIG,HarringtonVillage,D1,ACC,20260510-HarringtonVillage-2,3758b590-4cb8-11f1-ac59-670a1e020da9,86.93162,,,9.13463,,,,,,,c0d103a8-7181-4857-96e7-9fcaa0451196,2026-05-10,21:35:50.63,2026-05-10T17:35:50.6329088-04:00,2026-05-10T21:35:50.6329088Z,,v3,227,471378,,"Klock, Connor ",1000305212,Right,NJI_HIG,e7ef2589-fe8b-4e50-a46d-af103a8c4274,54.51822,-129.24532,15.64401,5.90848,-1.40946,-9.16594,1.81649,-4.19128,6.18916,,,,,,,,,,,,,,,,,,,,,,,,,,,,,,,,,,,,,,,,,,,,,,,,,,,High,High,High,,,,,,146.805151,-33.268877,1750.21042,0.836105,11:00,0.566846,0.463875,-0.680812,-53.093168,34.191735,52.278107,103.240166,1.764823,0.972957,0.030797,-0.228925,7.661967,76.644815,0.030797,0.972957,0.228925,-7.661967,-76.644815,-0.030797,-0.972957,0.228925,-103.240166,-1.764823,-0.972957,-0.030797,-0.228925,,,
194,2026-05-10,17:36:09.49,4,2,"Anzaldi, Anthony",1000166917,Left,NJI_HIG,"Gonzalez, Cesar",831498,Right,BOC_EAG,Undefined,6,Bottom,1,1,0,Slider,Slider,FoulBallNotFieldable,Undefined,Undefined,Undefined,0,0,,81.9065,0.01764,1.951558,2195.689299,218.766152,1:15,5.5617,-2.15064,5.5533,-34.46896,8.54048,5.57351,2.70578,0.13803,73.70439,-6.380092,2.944852,0.472012,62.78991,25.25777,162.957116,3767.750787,,,,131.08655,45.52084,167.352318,1.850498,-2.15095,4.77618,1.97812,50,5.54091,-4.27182,-118.61982,-1.0991,-3.00317,26.93644,-25.50551,BOC_EAG,NJI_HIG,HarringtonVillage,D1,ACC,20260510-HarringtonVillage-2,42a8fae0-4cb8-11f1-ac59-670a1e020da9,79.85481,18.78701,,8.20211,,,,0.12718,2.56941,-0.22215,c0d103a8-7181-4857-96e7-9fcaa0451196,2026-05-10,21:36:09.49,2026-05-10T17:36:09.4975488-04:00,2026-05-10T21:36:09.4975488Z,LineDrive,v3,227,471378,,"Klock, Connor ",1000305212,Right,NJI_HIG,52b5da72-76e3-46c9-8dfc-b27b02456ae9,54.94149,-119.73669,13.46822,5.56455,-0.04156,-12.75275,2.15266,-4.1473,-1.50158,326.769518,0.12719,-79.63034,5.37056,0.18558,-0.11564,0.13249,-0.09033,0.0351,-0.00541,2.56943,39.29345,-25.82895,2.82213,-0.61535,0.23921,-0.12826,0.04445,-0.00615,-0.22213,24.4093,-6.28797,1.1437,-0.24159,0.10354,-0.06821,0.02458,-0.00336,,,,,,,,,,,,,,,,,,,,,,,High,High,High,High,Low,,,,214.838687,-77.154029,488.169426,0.222331,1:15,0.980581,-0.127311,-0.149174,-27.228788,-42.31505,-32.124884,128.363264,44.001248,0.564016,0.694674,-0.446445,57.272407,34.334016,0.694674,0.564016,0.446445,-57.272407,-34.334016,-0.694674,-0.564016,0.446445,-128.363264,-44.001248,-0.564016,-0.694674,-0.446445,72.17558,1.2982,10.15878
195,2026-05-10,17:36:50.01,4,3,"Anzaldi, Anthony",1000166917,Left,NJI_HIG,"Gonzalez, Cesar",831498,Right,BOC_EAG,Undefined,6,Bottom,1,1,1,Fastball,Sinker,BallCalled,Undefined,Undefined,Undefined,0,0,,87.68134,0.341665,2.532174,2117.890529,122.62925,10:00,5.88029,-1.8863,6.34346,-25.34907,10.97827,-15.06792,4.08271,-0.80933,78.78371,-4.475634,-0.192851,0.433799,,,,,,,,,,,,8.555,5.993,1.70822,50,5.89341,-4.99767,-127.14063,0.00851,13.76099,30.27315,-22.5341,BOC_EAG,NJI_HIG,HarringtonVillage,D1,ACC,20260510-HarringtonVillage-2,5ac52900-4cb8-11f1-ac59-670a1e020da9,86.88924,,,8.89763,,,,,,,c0d103a8-7181-4857-96e7-9fcaa0451196,2026-05-10,21:36:50.01,2026-05-10T17:36:50.0136448-04:00,2026-05-10T21:36:50.0136448Z,,v3,227,471378,,"Klock, Connor ",1000305212,Right,NJI_HIG,46742e26-e380-4775-b712-e7e99991b08e,54.15076,-128.12514,15.13658,5.88121,0.74135,-11.26705,1.87802,-5.44519,6.8805,,,,,,,,,,,,,,,,,,,,,,,,,,,,,,,,,,,,,,,,,,,,,,,,,,,High,High,High,,,,,,147.45976,-37.056535,1690.16411,0.798041,11:00,0.634284,0.425659,-0.645367,-33.777318,27.581113,40.653424,103.542606,2.738895,0.971085,0.047785,-0.233901,11.546299,76.188284,0.047785,0.971085,0.233901,-11.546299,-76.188284,-0.047785,-0.971085,0.233901,-103.542606,-2.738895,-0.971085,-0.047785,-0.233901,,,
196,2026-05-10,17:37:12.59,4,4,"Anzaldi, Anthony",1000166917,Left,NJI_HIG,"Gonzalez, Cesar",831498,Right,BOC_EAG,Undefined,6,Bottom,1,2,1,Slider,Slider,HitByPitch,Undefined,Undefined,Undefined,0,0,,81.86001,1.19884,3.395615,2256.275318,267.49676,3:00,5.52376,-2.05629,5.49135,-40.8836,1.64284,7.14508,3.24041,1.71934,74.94388,-6.280183,4.663968,0.469355,,,,,,,,,,,,-2.62378,0.92024,1.75384,50,5.60141,-7.33237,-118.62564,1.06551,-3.73126,23.11695,-30.86542,BOC_EAG,NJI_HIG,HarringtonVillage,D1,ACC,20260510-HarringtonVillage-2,683b3480-4cb8-11f1-ac59-670a1e020da9,80.30697,,,6.91613,,,,,,,c0d103a8-7181-4857-96e7-9fcaa0451196,2026-05-10,21:37:12.59,2026-05-10T17:37:12.5918720-04:00,2026-05-10T21:37:12.5918720Z,,v3,227,471378,,"Klock, Connor ",1000305212,Right,NJI_HIG,e7933e69-b23e-410b-99ba-0839bbbe6e8b,55.00659,-119.59731,11.55847,5.52936,2.36287,-15.43271,2.05875,-7.17553,-1.86563,,,,,,,,,,,,,,,,,,,,,,,,,,,,,,,,,,,,,,,,,,,,,,,,,,,High,High,High,,,,,,224.299156,-73.784318,630.073747,0.279254,1:30,0.966086,-0.215079,-0.142892,-32.380982,-56.855739,-19.125519,149.158939,35.342914,0.418178,0.578469,-0.700358,39.555396,24.719592,0.578469,0.418178,0.700358,-39.555396,-24.719592,-0.578469,-0.418178,0.700358,-149.158939,-35.342914,-0.418178,-0.578469,-0.700358,,,
197,2026-05-10,17:37:54.19,5,1,"Anzaldi, Anthony",1000166917,Left,NJI_HIG,"Larson, Colin",831502,Left,BOC_EAG,Undefined,6,Bottom,1,0,0,Cutter,Cutter,StrikeCalled,Undefined,Undefined,Undefined,0,1,,82.46347,0.513228,2.106498,2272.020104,190.225496,12:15,5.44237,-2.24767,5.52499,-29.31013,12.80957,2.04772,3.48,-0.10681,74.63586,-4.950682,2.471024,0.467105,,,,,,,,,,,,-0.3752,6.74178,2.06309,50,5.46786,-4.4814,-119.48426,0.12468,-0.53692,25.20107,-22.52664,BOC_EAG,NJI_HIG,HarringtonVillage,D1,ACC,20260510-HarringtonVillage-2,810a37e0-4cb8-11f1-ac59-670a1e020da9,80.6938,,,7.82761,,,,,,,c0d103a8-7181-4857-96e7-9fcaa0451196,2026-05-10,21:37:54.19,2026-05-10T17:37:54.1930496-04:00,2026-05-10T21:37:54.1930496Z,,v3,227,471378,,"Klock, Connor ",1000305212,Right,NJI_HIG,f3a1421b-2b22-481a-89d0-e6f642a78898,54.96891,-120.52772,12.60054,5.44339,1.0574,-11.26332,2.24818,-4.45917,-0.26846,,,,,,,,,,,,,,,,,,,,,,,,,,,,,,,,,,,,,,,,,,,,,,,,,,,High,High,High,,,,,,229.89934,-71.97884,702.890791,0.309368,1:45,0.955468,-0.245149,-0.164265,-39.686513,-53.755662,-28.996904,139.617599,48.17955,0.432009,0.745238,-0.507925,55.723176,25.595149,0.745238,0.432009,0.507925,-55.723176,-25.595149,-0.745238,-0.432009,0.507925,-139.617599,-48.17955,-0.432009,-0.745238,-0.507925,,,
198,2026-05-10,17:39:09.73,5,2,"Anzaldi, Anthony",1000166917,Left,NJI_HIG,"Larson, Colin",831502,Left,BOC_EAG,Undefined,6,Bottom,1,0,1,Slider,Slider,BallCalled,Undefined,Undefined,Undefined,0,0,,81.98301,1.468929,0.236365,2269.356816,260.682467,2:45,5.45949,-2.21569,5.58964,-39.18978,2.36748,7.45016,3.56561,-1.37413,75.86065,-5.709141,1.566261,0.463975,,,,,,,,,,,,-3.71248,1.20591,2.19047,50,5.55992,-0.79005,-119.18911,1.71321,-5.40229,20.42385,-30.41923,BOC_EAG,NJI_HIG,HarringtonVillage,D1,ACC,20260510-HarringtonVillage-2,ae096220-4cb8-11f1-ac59-670a1e020da9,81.23803,,,6.12236,,,,,,,c0d103a8-7181-4857-96e7-9fcaa0451196,2026-05-10,21:39:09.73,2026-05-10T17:39:09.7351168-04:00,2026-05-10T21:39:09.7351168Z,,v3,227,471378,,"Klock, Connor ",1000305212,Right,NJI_HIG,9895f490-9258-48d0-940d-bda0117078b4,54.91038,-120.02759,10.21193,5.46395,2.96203,-15.20962,2.21835,-0.56826,-2.70115,,,,,,,,,,,,,,,,,,,,,,,,,,,,,,,,,,,,,,,,,,,,,,,,,,,High,High,High,,,,,,228.575481,-75.241216,578.119112,0.25475,1:30,0.96248,-0.215745,-0.164582,-23.340475,-51.704949,-32.487942,144.683008,39.526659,0.445905,0.636437,-0.629378,45.319522,26.481239,0.636437,0.445905,0.629378,-45.319522,-26.481239,-0.636437,-0.445905,0.629378,-144.683008,-39.526659,-0.445905,-0.636437,-0.629378,,,
199,2026-05-10,17:39:28.13,5,3,"Anzaldi, Anthony",1000166917,Left,NJI_HIG,"Larson, Colin",831502,Left,BOC_EAG,Undefined,6,Bottom,1,1,1,Fastball,Sinker,StrikeSwinging,Undefined,Undefined,Undefined,0,0,,89.29818,-0.193211,1.841673,2144.32834,126.903195,10:15,5.73183,-1.68812,6.37983,-24.72804,9.5626,-11.3354,3.49332,-0.93788,81.82581,-4.84667,-0.211382,0.421463,,,,,,,,,,,,6.385,5.36965,1.56021,50,5.70644,-3.72046,-129.81532,-1.19601,10.91727,26.66893,-22.99282,BOC_EAG,NJI_HIG,HarringtonVillage,D1,ACC,20260510-HarringtonVillage-2,b8fda4c0-4cb8-11f1-ac59-670a1e020da9,89.43246,,,7.47237,,,,,,,c0d103a8-7181-4857-96e7-9fcaa0451196,2026-05-10,21:39:28.13,2026-05-10T17:39:28.1359360-04:00,2026-05-10T21:39:28.1359360Z,,v3,227,471378,,"Klock, Connor ",1000305212,Right,NJI_HIG,65f4555c-2804-4700-8dec-a85d94780035,54.11839,-130.65865,13.33447,5.73277,-0.46893,-11.49641,1.68332,-4.06569,5.45864,,,,,,,,,,,,,,,,,,,,,,,,,,,,,,,,,,,,,,,,,,,,,,,,,,,High,High,High,,,,,,149.48292,-40.715661,1625.306683,0.757956,11:00,0.671652,0.387084,-0.631703,-46.959715,18.368041,38.977147,109.797377,10.331481,0.925641,0.179343,-0.333203,28.290827,67.765241,0.179343,0.925641,0.333203,-28.290827,-67.765241,-0.179343,-0.925641,0.333203,-109.797377,-10.331481,-0.925641,-0.179343,-0.333203,,,
200,2026-05-10,17:39:47.03,5,4,"Anzaldi, Anthony",1000166917,Left,NJI_HIG,"Larson, Colin",831502,Left,BOC_EAG,Undefined,6,Bottom,1,1,2,Cutter,Cutter,InPlay,Undefined,FlyBall,Out,1,0,,82.94531,-1.012903,2.517441,2283.806251,209.771737,1:00,5.47121,-2.03796,5.65756,-29.58124,11.60371,5.86926,2.0605,0.80034,75.8029,-6.493594,3.564674,0.461892,68.77674,66.935458,-17.377108,,,,,99.4103,99.4103,-32.456512,5.070299,-2.26437,6.58319,1.8209,50,5.36678,-5.52222,-120.29892,-3.07984,-3.30215,24.3968,-22.57378,BOC_EAG,NJI_HIG,HarringtonVillage,D1,ACC,20260510-HarringtonVillage-2,c44c1550-4cb8-11f1-ac59-670a1e020da9,81.60439,105.77008,,7.14242,,,,1.81013,2.00156,-0.7375,c0d103a8-7181-4857-96e7-9fcaa0451196,2026-05-10,21:39:47.03,2026-05-10T17:39:47.0377984-04:00,2026-05-10T21:39:47.0377984Z,Popup,v3,227,471378,,"Klock, Connor ",1000305212,Right,NJI_HIG,f8c84a5a-4181-4bd0-a363-5cf5993c2e09,54.84069,-121.27665,12.1984,5.47207,-2.17518,-11.28689,2.03956,-5.38988,-1.65108,169.562453,1.80694,37.75416,-14.11372,4.5165,-0.86839,0.03811,0.02838,-0.00656,0.00044,1.98401,93.16477,-26.37491,4.74741,-2.15352,0.79144,-0.17291,0.01935,-0.00085,-0.74211,-11.71175,-0.70857,1.03202,-0.59738,0.21407,-0.0444,0.00479,-0.00021,,,,,,,,,,,,,,,,,,,,,,,High,High,High,High,Low,,,,247.709455,-74.09949,625.689315,0.273968,2:15,0.969702,-0.236454,-0.061383,-7.748267,-49.679865,-49.391804,140.245712,41.710959,0.477391,0.665373,-0.573913,49.22081,28.515153,0.665373,0.477391,0.573913,-49.22081,-28.515153,-0.665373,-0.477391,0.573913,-140.245712,-41.710959,-0.477391,-0.665373,-0.573913,70.79667,14.45854,6.64481
201,2026-05-10,17:42:49.56,6,1,"Sybirski, Becker",1000471068,Right,NJI_HIG,"Solier, Julio",827632,Right,BOC_EAG,Undefined,6,Bottom,2,0,0,Slider,Curveball,BallCalled,Undefined,Undefined,Undefined,0,0,,77.6747,0.591327,-1.247589,2619.862649,66.756524,8:15,5.38276,0.98674,5.40065,-53.53889,-5.07508,-16.19926,1.47545,-1.53244,69.80631,-9.192473,-4.132174,0.501049,,,,,,,,,,,,7.62863,-2.15725,-0.86404,50,5.39864,3.10269,-112.46125,-0.67005,9.48251,25.98416,-34.85555,BOC_EAG,NJI_HIG,HarringtonVillage,D1,ACC,20260510-HarringtonVillage-2,3120f420-4cb9-11f1-ac59-670a1e020da9,75.22708,,,7.86839,,,,,,,c0d103a8-7181-4857-96e7-9fcaa0451196,2026-05-10,21:42:49.56,2026-05-10T17:42:49.5628800-04:00,2026-05-10T21:42:49.5628800Z,,v3,227,471378,,"Klock, Connor ",1000305212,Right,NJI_HIG,d9bdd24f-0747-4b4b-8ebf-a602517d6b12,55.09579,-113.63253,12.99208,5.39343,0.90113,-17.42777,-0.99427,2.67525,4.74125,,,,,,,,,,,,,,,,,,,,,,,,,,,,,,,,,,,,,,,,,,,,,,,,,,,High,High,High,,,,,,47.952497,69.428414,920.560498,0.351377,7:30,-0.928146,0.270578,0.255603,39.088695,40.440248,41.046221,137.943576,-32.729368,0.563511,-0.540672,-0.624604,40.880222,-34.298931,0.540672,-0.563511,0.624604,-40.880222,34.298931,-0.540672,0.563511,0.624604,-137.943576,32.729368,-0.563511,0.540672,-0.624604,,,
202,2026-05-10,17:43:09.45,6,2,"Sybirski, Becker",1000471068,Right,NJI_HIG,"Solier, Julio",827632,Right,BOC_EAG,Undefined,6,Bottom,2,1,0,Curveball,Curveball,StrikeCalled,Undefined,Undefined,Undefined,0,0,,74.09971,3.395674,0.363367,2568.181835,29.848176,7:00,5.59633,0.82615,5.35272,-66.92661,-14.23749,-9.22402,3.20768,0.39828,67.22149,-8.773187,-1.277242,0.522435,,,,,,,,,,,,4.68547,-7.51071,-0.85221,50,5.85493,-0.32076,-107.34893,4.10312,5.38844,21.09136,-40.81157,BOC_EAG,NJI_HIG,HarringtonVillage,D1,ACC,20260510-HarringtonVillage-2,3cf95530-4cb9-11f1-ac59-670a1e020da9,72.14768,,,6.87823,,,,,,,c0d103a8-7181-4857-96e7-9fcaa0451196,2026-05-10,21:43:09.45,2026-05-10T17:43:09.4584832-04:00,2026-05-10T21:43:09.4584832Z,,v3,227,471378,,"Klock, Connor ",1000305212,Right,NJI_HIG,264d624a-255e-4f13-81d1-6dfc333132d5,55.14821,-108.35571,10.54568,5.61258,6.05121,-20.40578,-0.83076,-0.57798,2.69422,,,,,,,,,,,,,,,,,,,,,,,,,,,,,,,,,,,,,,,,,,,,,,,,,,,High,High,High,,,,,,36.157627,52.421011,1566.217471,0.609855,7:15,-0.772917,0.406129,0.487503,-73.444898,-22.325514,13.390548,145.901348,25.087149,0.507733,0.423996,-0.749956,29.482138,30.512935,0.423996,0.507733,0.749956,-29.482138,-30.512935,-0.423996,-0.507733,0.749956,-145.901348,-25.087149,-0.507733,-0.423996,-0.749956,,,
203,2026-05-10,17:43:27.21,6,3,"Sybirski, Becker",1000471068,Right,NJI_HIG,"Solier, Julio",827632,Right,BOC_EAG,Undefined,6,Bottom,2,1,1,Fastball,Four-Seam,BallCalled,Undefined,Undefined,Undefined,0,0,,87.58826,-0.257851,-3.077155,2165.207669,201.119439,12:45,5.49642,0.90994,6.2059,-22.948,13.2202,4.65012,3.34574,-1.54549,79.75184,-4.594831,-2.239512,0.432848,,,,,,,,,,,,-3.28099,7.27406,-0.68092,50,5.46549,6.64201,-127.0735,-1.2528,-5.34452,26.95777,-20.32501,BOC_EAG,NJI_HIG,HarringtonVillage,D1,ACC,20260510-HarringtonVillage-2,4782a100-4cb9-11f1-ac59-670a1e020da9,87.08016,,,7.83642,,,,,,,c0d103a8-7181-4857-96e7-9fcaa0451196,2026-05-10,21:43:27.21,2026-05-10T17:43:27.2106496-04:00,2026-05-10T21:43:27.2106496Z,,v3,227,471378,,"Klock, Connor ",1000305212,Right,NJI_HIG,39a2e6ee-8740-448d-a315-128a0f700b11,54.29028,-127.98042,13.47888,5.49614,-0.56902,-10.16251,-0.90739,6.82181,-2.67226,,,,,,,,,,,,,,,,,,,,,,,,,,,,,,,,,,,,,,,,,,,,,,,,,,,High,High,High,,,,,,212.666731,27.458244,1921.290768,0.887347,1:00,-0.498379,-0.481017,-0.721277,112.893603,17.927432,-43.965061,157.807401,-11.448958,0.370205,-0.198495,-0.907495,12.337899,-21.728277,0.198495,-0.370205,0.907495,-12.337899,21.728277,-0.198495,0.370205,0.907495,-157.807401,11.448958,-0.370205,0.198495,-0.907495,,,
204,2026-05-10,17:43:45.28,6,4,"Sybirski, Becker",1000471068,Right,NJI_HIG,"Solier, Julio",827632,Right,BOC_EAG,Undefined,6,Bottom,2,2,1,Curveball,Curveball,FoulBallNotFieldable,Undefined,Undefined,Undefined,0,0,,74.9966,1.029966,-1.437815,2604.542007,44.236229,7:30,5.6816,0.58334,5.3057,-57.30999,-7.04807,-8.20583,1.87302,-1.45045,69.8767,-9.314502,-2.896786,0.510259,,,,,,,,,,,,3.77732,-3.42189,-0.44655,50,5.73283,3.04151,-109.02438,0.05282,4.58905,17.4858,-36.33127,BOC_EAG,NJI_HIG,HarringtonVillage,D1,ACC,20260510-HarringtonVillage-2,52521d90-4cb9-11f1-ac59-670a1e020da9,73.86917,,,5.1199,,,,,,,c0d103a8-7181-4857-96e7-9fcaa0451196,2026-05-10,21:43:45.28,2026-05-10T17:43:45.2810752-04:00,2026-05-10T21:43:45.2810752Z,,v3,227,471378,,"Klock, Connor ",1000305212,Right,NJI_HIG,3a6c8eef-ee31-4d75-b1b8-3ebc3fc1d78b,55.19732,-109.85479,8.7429,5.68935,1.77821,-18.16564,-0.58582,2.82358,2.29453,,,,,,,,,,,,,,,,,,,,,,,,,,,,,,,,,,,,,,,,,,,,,,,,,,,High,High,High,,,,,,31.836183,55.188676,1486.870142,0.570876,7:00,-0.803065,0.315842,0.505303,-46.636871,-32.126357,-15.70376,138.955167,27.260068,0.58372,0.45803,-0.670432,34.340345,35.712594,0.45803,0.58372,0.670432,-34.340345,-35.712594,-0.45803,-0.58372,0.670432,-138.955167,-27.260068,-0.58372,-0.45803,-0.670432,,,
205,2026-05-10,17:44:08.78,6,5,"Sybirski, Becker",1000471068,Right,NJI_HIG,"Solier, Julio",827632,Right,BOC_EAG,Undefined,6,Bottom,2,2,2,Fastball,Four-Seam,InPlay,Undefined,GroundBall,Out,1,0,,87.98956,-1.79847,-1.922321,2261.86414,202.594049,12:45,5.53382,0.82756,6.24367,-19.86159,16.45158,6.27504,2.21841,-0.42321,79.01866,-5.608717,-0.788987,0.433714,94.41499,-18.409923,-12.865677,,,,,7.08007,6.81734,-7.673516,0.047395,-3.9013,9.53107,-0.68745,50,5.39016,4.02654,-127.53745,-4.55116,-6.29357,31.26237,-16.79864,BOC_EAG,NJI_HIG,HarringtonVillage,D1,ACC,20260510-HarringtonVillage-2,60445df0-4cb9-11f1-ac59-670a1e020da9,86.90618,2.07592,,8.9709,,,,0.9364,2.07592,0.44335,c0d103a8-7181-4857-96e7-9fcaa0451196,2026-05-10,21:44:08.78,2026-05-10T17:44:08.7808000-04:00,2026-05-10T21:44:08.7808000Z,GroundBall,v3,227,471378,,"Klock, Connor ",1000305212,Right,NJI_HIG,050a62e2-3e33-4243-86f0-8fe954e62bd8,54.25171,-128.57541,15.63118,5.53201,-3.99341,-8.39932,-0.82461,4.2355,-3.14678,180,0.93487,128.29041,,,,,,,,2.07645,-43.80085,,,,,,,,0.4437,-29.30155,,,,,,,,,,,,,,,,,,,,,,,,,,,,,,High,High,High,Medium,High,,,,211.609284,27.123501,2013.117613,0.890026,1:00,-0.466223,-0.480562,-0.742762,112.122707,22.600874,-40.332474,155.645113,-14.132069,0.399907,-0.244158,-0.883437,15.449335,-23.572338,0.244158,-0.399907,0.883437,-15.449335,23.572338,-0.244158,0.399907,0.883437,-155.645113,14.132069,-0.399907,0.244158,-0.883437,76.71526,13.33321,2.19508
206,2026-05-10,17:46:52.48,1,1,"Hard, Sean",695717,Right,BOC_EAG,"Sallie, Ty",1000121067,Right,NJI_HIG,Undefined,7,Top,0,0,0,Fastball,Four-Seam,BallCalled,Undefined,Undefined,Undefined,0,0,,88.21727,-4.33298,-1.906842,2193.909009,181.21547,12:00,6.79677,0.93831,6.25336,-16.17438,20.28383,0.39937,1.44331,-0.78749,78.99397,-7.465904,-1.834715,0.434579,,,,,,,,,,,,-0.87555,12.43072,-0.79689,50,6.46629,4.22769,-127.48093,-10.05146,-1.40493,32.2959,-12.2278,BOC_EAG,NJI_HIG,HarringtonVillage,D1,ACC,20260510-HarringtonVillage-2,c1f73360-4cb9-11f1-ac59-670a1e020da9,86.73316,,,9.2233,,,,,,,c0d103a8-7181-4857-96e7-9fcaa0451196,2026-05-10,21:46:52.48,2026-05-10T17:46:52.4820000-04:00,2026-05-10T21:46:52.4820000Z,,v3,227,471378,,"Gonzalez, Cesar",831498,Right,BOC_EAG,3a332151-c637-4ccd-afb4-8165d2024bd9,54.23981,-128.55055,16.14795,6.79248,-9.64649,-6.1139,-0.93768,4.27422,-0.70246,,,,,,,,,,,,,,,,,,,,,,,,,,,,,,,,,,,,,,,,,,,,,,,,,,,High,High,High,,,,,,191.827312,24.598817,1994.800151,0.909245,12:30,-0.430382,-0.217278,-0.876106,-22.710234,33.411562,-18.001373,168.658756,2.407049,0.196478,0.041999,-0.979608,2.454929,11.331105,0.041999,0.196478,0.979608,-2.454929,-11.331105,-0.041999,-0.196478,0.979608,-168.658756,-2.407049,-0.196478,-0.041999,-0.979608,,,
207,2026-05-10,17:47:05.75,1,2,"Hard, Sean",695717,Right,BOC_EAG,"Sallie, Ty",1000121067,Right,NJI_HIG,Undefined,7,Top,0,1,0,Slider,Slider,StrikeSwinging,Undefined,Undefined,Undefined,0,0,,83.75595,-2.06834,-1.705029,2365.031441,165.658866,11:30,6.55281,1.39365,6.09065,-34.04734,5.87977,-1.15402,1.80063,-0.28015,76.39179,-8.380881,-1.91319,0.454784,,,,,,,,,,,,0.06854,4.10547,-1.26163,50,6.37564,3.66159,-121.48263,-5.46711,0.10143,26.01843,-26.10008,BOC_EAG,NJI_HIG,HarringtonVillage,D1,ACC,20260510-HarringtonVillage-2,c9c815f0-4cb9-11f1-ac59-670a1e020da9,82.87983,,,7.36417,,,,,,,c0d103a8-7181-4857-96e7-9fcaa0451196,2026-05-10,21:47:05.75,2026-05-10T17:47:05.7580000-04:00,2026-05-10T21:47:05.7580000Z,,v3,227,471378,,"Gonzalez, Cesar",831498,Right,BOC_EAG,ebc06005-852e-4875-9e63-a97b047eefef,54.40551,-122.42254,13.00921,6.55611,-4.52425,-13.05004,-1.39384,3.65793,0.05072,,,,,,,,,,,,,,,,,,,,,,,,,,,,,,,,,,,,,,,,,,,,,,,,,,,High,High,High,,,,,,188.341629,73.908496,655.520942,0.277172,12:15,-0.966478,-0.074862,-0.245592,72.10569,-28.109204,67.666995,148.8322,-14.804091,0.500366,-0.255515,-0.827252,17.164444,-30.02424,0.255515,-0.500366,0.827252,-17.164444,30.02424,-0.255515,0.500366,0.827252,-148.8322,14.804091,-0.500366,0.255515,-0.827252,,,
208,2026-05-10,17:47:20.34,1,3,"Hard, Sean",695717,Right,BOC_EAG,"Sallie, Ty",1000121067,Right,NJI_HIG,Undefined,7,Top,0,1,1,Slider,Slider,BallCalled,Undefined,Undefined,Undefined,0,0,,83.85704,-2.079034,-1.94617,2423.256482,122.705096,10:00,6.59861,1.23651,6.06773,-36.29156,3.32973,-3.21264,1.6484,-0.83291,77.05587,-8.766498,-2.525383,0.453039,,,,,,,,,,,,1.09185,2.72323,-1.08403,50,6.41825,4.26042,-121.70579,-5.59238,1.6318,24.68304,-28.10408,BOC_EAG,NJI_HIG,HarringtonVillage,D1,ACC,20260510-HarringtonVillage-2,d2804b40-4cb9-11f1-ac59-670a1e020da9,83.19911,,,6.80116,,,,,,,c0d103a8-7181-4857-96e7-9fcaa0451196,2026-05-10,21:47:20.34,2026-05-10T17:47:20.3440000-04:00,2026-05-10T21:47:20.3440000Z,,v3,227,471378,,"Gonzalez, Cesar",831498,Right,BOC_EAG,0ffe5fa0-4af3-42df-b27f-c3dad9318573,54.43023,-122.60099,12.34152,6.6026,-4.57311,-14.05204,-1.23747,4.20124,0.8159,,,,,,,,,,,,,,,,,,,,,,,,,,,,,,,,,,,,,,,,,,,,,,,,,,,High,High,High,,,,,,180.076131,76.564335,563.051846,0.232353,12:00,-0.97931,-0.035594,-0.19921,89.594174,-40.014346,58.838098,146.560977,-11.442508,0.540097,-0.198385,-0.817887,13.634201,-32.690222,0.198385,-0.540097,0.817887,-13.634201,32.690222,-0.198385,0.540097,0.817887,-146.560977,11.442508,-0.540097,0.198385,-0.817887,,,
209,2026-05-10,17:47:35.23,1,4,"Hard, Sean",695717,Right,BOC_EAG,"Sallie, Ty",1000121067,Right,NJI_HIG,Undefined,7,Top,0,2,1,Slider,Slider,StrikeCalled,Undefined,Undefined,Undefined,0,0,,83.80458,-0.292949,-1.162784,2349.189407,115.864863,9:45,6.6247,1.28848,6.12084,-36.55033,3.17843,-3.80107,3.30796,-0.1034,76.32537,-7.083639,-1.848548,0.453653,,,,,,,,,,,,1.59579,2.16709,-1.19761,50,6.58366,2.61961,-121.68498,-1.79449,2.37066,25.93154,-28.95467,BOC_EAG,NJI_HIG,HarringtonVillage,D1,ACC,20260510-HarringtonVillage-2,db5aae90-4cb9-11f1-ac59-670a1e020da9,83.08649,,,7.47921,,,,,,,c0d103a8-7181-4857-96e7-9fcaa0451196,2026-05-10,21:47:35.23,2026-05-10T17:47:35.2320000-04:00,2026-05-10T21:47:35.2320000Z,,v3,227,471378,,"Gonzalez, Cesar",831498,Right,BOC_EAG,a40d34f0-8a32-4e30-814a-a1c95b075711,54.37577,-122.61393,12.96577,6.62936,-0.75725,-14.47733,-1.28993,2.53469,1.18533,,,,,,,,,,,,,,,,,,,,,,,,,,,,,,,,,,,,,,,,,,,,,,,,,,,High,High,High,,,,,,174.52477,73.100067,682.911875,0.290701,11:45,-0.962618,0.022845,-0.269896,83.107443,-34.692458,56.682283,144.497172,-9.534007,0.572722,-0.165633,-0.802841,11.657041,-34.94023,0.165633,-0.572722,0.802841,-11.657041,34.94023,-0.165633,0.572722,0.802841,-144.497172,9.534007,-0.572722,0.165633,-0.802841,,,
210,2026-05-10,17:47:51.90,1,5,"Hard, Sean",695717,Right,BOC_EAG,"Sallie, Ty",1000121067,Right,NJI_HIG,Undefined,7,Top,0,2,2,Slider,Slider,BallCalled,Undefined,Undefined,Undefined,0,0,,83.74082,-2.418969,-2.003313,2419.497323,100.970616,9:15,6.62427,1.15243,5.97952,-37.71896,2.54662,-5.91642,1.23606,-1.19833,76.36396,-9.360586,-3.068427,0.456708,,,,,,,,,,,,2.38626,2.53689,-0.99096,50,6.41252,4.48183,-121.36474,-6.37169,3.51203,26.68628,-28.44032,BOC_EAG,NJI_HIG,HarringtonVillage,D1,ACC,20260510-HarringtonVillage-2,e54b8af0-4cb9-11f1-ac59-670a1e020da9,82.53079,,,7.37686,,,,,,,c0d103a8-7181-4857-96e7-9fcaa0451196,2026-05-10,21:47:51.90,2026-05-10T17:47:51.9010000-04:00,2026-05-10T21:47:51.9010000Z,,v3,227,471378,,"Gonzalez, Cesar",831498,Right,BOC_EAG,d54b6bef-8585-4a9c-b627-9568ff4fcb81,54.51667,-122.35386,13.34314,6.62915,-5.31756,-14.22016,-1.15467,4.35165,1.75602,,,,,,,,,,,,,,,,,,,,,,,,,,,,,,,,,,,,,,,,,,,,,,,,,,,High,High,High,,,,,,167.437485,74.506033,646.337051,0.267137,11:30,-0.973777,0.017379,-0.226839,-77.10092,30.785906,67.521836,144.514306,-10.955631,0.56992,-0.190049,-0.79942,13.372868,-34.744637,0.190049,-0.56992,0.79942,-13.372868,34.744637,-0.190049,0.56992,0.79942,-144.514306,10.955631,-0.56992,0.190049,-0.79942,,,
211,2026-05-10,17:48:08.45,1,6,"Hard, Sean",695717,Right,BOC_EAG,"Sallie, Ty",1000121067,Right,NJI_HIG,Undefined,7,Top,0,3,2,Slider,Slider,StrikeCalled,Strikeout,Undefined,Undefined,0,0,,84.9542,-0.175224,-1.07837,2329.794442,127.141502,10:15,6.5423,1.14753,6.22777,-34.37494,3.84433,-3.49362,3.51603,-0.13864,77.85415,-6.56842,-1.70983,0.444951,,,,,,,,,,,,1.49539,2.44437,-1.0654,50,6.51248,2.46083,-123.46742,-1.47155,2.30481,24.93485,-28.40662,BOC_EAG,NJI_HIG,HarringtonVillage,D1,ACC,20260510-HarringtonVillage-2,ef264740-4cb9-11f1-ac59-670a1e020da9,84.71135,,,7.10005,,,,,,,c0d103a8-7181-4857-96e7-9fcaa0451196,2026-05-10,21:48:08.45,2026-05-10T17:48:08.4500000-04:00,2026-05-10T21:48:08.4500000Z,,v3,227,471378,,"Gonzalez, Cesar",831498,Right,BOC_EAG,1e84fa43-77da-4cfb-a15f-2ccf09d56cea,54.26968,-124.32671,12.46742,6.54632,-0.49261,-14.20331,-1.14883,2.3814,1.1524,,,,,,,,,,,,,,,,,,,,,,,,,,,,,53.14201,3.126351,1.78304,1.343311,-1.94928,3.11497,0.24031,-3.01314,5.74458,4.70598,72.28932,4.11546,52.49847,-2.90972,63.55499,-5.66612,5.85406,19.38626,-15.42678,4.726,38.29341,-2.03756,High,High,High,,,High,High,High,183.238275,71.972202,721.021016,0.309478,12:00,-0.956495,-0.02039,-0.291035,74.601105,-24.280774,65.839214,150.123064,-7.834371,0.493489,-0.13631,-0.859004,9.016723,-29.570178,0.13631,-0.493489,0.859004,-9.016723,29.570178,-0.13631,0.493489,0.859004,-150.123064,7.834371,-0.493489,0.13631,-0.859004,,,
212,2026-05-10,17:48:39.17,2,1,"Hard, Sean",695717,Right,BOC_EAG,"Francis, Austin",1000236684,Right,NJI_HIG,Undefined,7,Top,1,0,0,Curveball,Curveball,BallCalled,Undefined,Undefined,Undefined,0,0,,79.42465,-2.047367,-1.883065,2617.098379,357.440825,6:00,6.7259,1.09399,5.8004,-54.15511,-9.62107,0.49075,0.30693,-0.61713,73.70005,-11.850975,-1.79471,0.480305,,,,,,,,,,,,-0.79362,-3.99878,-0.93957,50,6.52487,3.77399,-115.33866,-5.90684,-1.06566,22.08794,-37.54357,BOC_EAG,NJI_HIG,HarringtonVillage,D1,ACC,20260510-HarringtonVillage-2,017a3410-4cba-11f1-ac59-670a1e020da9,78.476,,,5.72461,,,,,,,c0d103a8-7181-4857-96e7-9fcaa0451196,2026-05-10,21:48:39.17,2026-05-10T17:48:39.1740000-04:00,2026-05-10T21:48:39.1740000Z,,v3,227,471378,,"Gonzalez, Cesar",831498,Right,BOC_EAG,729013cd-eb9c-46a3-942d-e126c460e102,54.70187,-116.2356,11.04397,6.73378,-4.38228,-18.77179,-1.09371,3.81726,-0.53283,,,,,,,,,,,,,,,,,,,,,,,,,,,,,,,,,,,,,,,,,,,,,,,,,,,High,High,High,,,,,,15.965356,66.169075,1057.410015,0.404039,6:30,-0.904868,0.078383,0.418414,41.839727,-23.161155,-79.501145,160.574967,3.297705,0.332023,0.057524,-0.941516,3.496269,19.39158,0.057524,0.332023,0.941516,-3.496269,-19.39158,-0.057524,-0.332023,0.941516,-160.574967,-3.297705,-0.332023,-0.057524,-0.941516,,,
213,2026-05-10,17:48:55.93,2,2,"Hard, Sean",695717,Right,BOC_EAG,"Francis, Austin",1000236684,Right,NJI_HIG,Undefined,7,Top,1,1,0,Slider,Slider,BallCalled,Undefined,Undefined,Undefined,0,0,,83.93652,0.142726,-0.537616,2331.322492,135.294213,10:30,6.51536,1.43993,6.27689,-34.60959,4.21421,-3.04047,3.7628,0.69099,77.35059,-6.292732,-1.087731,0.448456,,,,,,,,,,,,1.4287,2.54217,-1.3989,50,6.50935,1.26171,-122.08778,-0.77409,2.16743,22.88573,-28.31744,BOC_EAG,NJI_HIG,HarringtonVillage,D1,ACC,20260510-HarringtonVillage-2,0b6ff270-4cba-11f1-ac59-670a1e020da9,84.04927,,,6.58592,,,,,,,c0d103a8-7181-4857-96e7-9fcaa0451196,2026-05-10,21:48:55.93,2026-05-10T17:48:55.9370000-04:00,2026-05-10T21:48:55.9370000Z,,v3,227,471378,,"Gonzalez, Cesar",831498,Right,BOC_EAG,801d0f88-c585-4c9b-a8c9-f9834ced57a8,54.22133,-122.87653,11.44286,6.51921,0.20187,-14.15872,-1.4411,1.18701,1.08372,,,,,,,,,,,,,,,,,,,,,,,,,,,,,,,,,,,,,,,,,,,,,,,,,,,High,High,High,,,,,,166.279527,78.282616,473.455216,0.203084,11:30,-0.980846,0.050608,-0.188094,69.902795,-17.418907,56.157446,146.15643,-15.232646,0.537361,-0.262739,-0.801381,18.152131,-32.504157,0.262739,-0.537361,0.801381,-18.152131,32.504157,-0.262739,0.537361,0.801381,-146.15643,15.232646,-0.537361,0.262739,-0.801381,,,
214,2026-05-10,17:49:12.54,2,3,"Hard, Sean",695717,Right,BOC_EAG,"Francis, Austin",1000236684,Right,NJI_HIG,Undefined,7,Top,1,2,0,Slider,Slider,StrikeSwinging,Undefined,Undefined,Undefined,0,0,,84.1699,-2.511957,-1.322847,2342.148814,158.614379,11:15,6.55636,1.21713,6.22681,-33.21025,5.54815,-1.72406,1.46912,-0.14726,77.94064,-8.643806,-1.634783,0.448079,,,,,,,,,,,,0.54933,3.89587,-1.11746,50,6.35202,2.88829,-122.29789,-6.39731,0.83621,22.97304,-26.24369,BOC_EAG,NJI_HIG,HarringtonVillage,D1,ACC,20260510-HarringtonVillage-2,15597bd0-4cba-11f1-ac59-670a1e020da9,84.12012,,,6.22926,,,,,,,c0d103a8-7181-4857-96e7-9fcaa0451196,2026-05-10,21:49:12.54,2026-05-10T17:49:12.5440000-04:00,2026-05-10T21:49:12.5440000Z,,v3,227,471378,,"Gonzalez, Cesar",831498,Right,BOC_EAG,f1a0efe8-8a48-4d38-9782-77b717c69f17,54.27274,-123.09789,11.48652,6.55888,-5.48343,-13.12185,-1.21753,2.85917,0.41811,,,,,,,,,,,,,,,,,,,,,,,,,,,,,,,,,,,,,,,,,,,,,,,,,,,High,High,High,,,,,,165.711474,76.702382,538.715961,0.230009,11:30,-0.979627,0.01406,-0.200332,92.440727,-41.44579,53.613286,145.219416,-11.115592,0.559734,-0.192789,-0.805934,13.453023,-34.037407,0.192789,-0.559734,0.805934,-13.453023,34.037407,-0.192789,0.559734,0.805934,-145.219416,11.115592,-0.559734,0.192789,-0.805934,,,
215,2026-05-10,17:49:26.35,2,4,"Hard, Sean",695717,Right,BOC_EAG,"Francis, Austin",1000236684,Right,NJI_HIG,Undefined,7,Top,1,2,1,Fastball,Four-Seam,BallCalled,Undefined,Undefined,Undefined,0,0,,91.25049,-1.002687,-1.006631,2182.535916,174.341315,11:45,6.61848,0.89115,6.48818,-12.85824,20.13159,-1.88508,4.62618,-0.19019,82.79183,-3.526737,-1.348664,0.413391,,,,,,,,,,,,0.67425,11.11146,-0.81987,50,6.54179,2.40734,-132.54311,-2.59273,1.19099,30.18501,-12.54643,BOC_EAG,NJI_HIG,HarringtonVillage,D1,ACC,20260510-HarringtonVillage-2,1d93a780-4cba-11f1-ac59-670a1e020da9,91.17856,,,8.45866,,,,,,,c0d103a8-7181-4857-96e7-9fcaa0451196,2026-05-10,21:49:26.35,2026-05-10T17:49:26.3500000-04:00,2026-05-10T21:49:26.3500000Z,,v3,227,471378,,"Gonzalez, Cesar",831498,Right,BOC_EAG,3cc5a5c8-ee49-43c6-9c71-8a3eae821a48,54.00667,-133.45246,15.0925,6.61421,-2.21475,-6.27322,-0.89185,2.37145,0.5955,,,,,,,,,,,,,,,,,,,,,,,,,,,,,,,,,,,,,,,,,,,,,,,,,,,High,High,High,,,,,,189.034646,23.567914,2000.483576,0.916587,12:15,-0.413097,-0.150908,-0.898096,-22.646341,18.057763,-42.451453,175.079145,-0.40013,0.085777,-0.006984,-0.99629,0.401611,-4.920734,0.006984,-0.085777,0.99629,-0.401611,4.920734,-0.006984,0.085777,0.99629,-175.079145,0.40013,-0.085777,0.006984,-0.99629,,,
216,2026-05-10,17:49:42.30,2,5,"Hard, Sean",695717,Right,BOC_EAG,"Francis, Austin",1000236684,Right,NJI_HIG,Undefined,7,Top,1,3,1,Slider,Slider,BallCalled,Walk,Undefined,Undefined,0,0,,84.14034,0.703515,-0.314658,2382.247741,136.503924,10:30,6.62449,1.3744,6.01394,-34.71018,4.22862,-2.95193,4.38372,0.83692,77.61867,-5.720567,-0.845988,0.44912,,,,,,,,,,,,1.42839,2.38059,-1.3482,50,6.66087,0.78912,-122.35856,0.36704,2.18276,22.34105,-28.5362,BOC_EAG,NJI_HIG,HarringtonVillage,D1,ACC,20260510-HarringtonVillage-2,2713c0b0-4cba-11f1-ac59-670a1e020da9,83.92505,,,6.52167,,,,,,,c0d103a8-7181-4857-96e7-9fcaa0451196,2026-05-10,21:49:42.30,2026-05-10T17:49:42.3060000-04:00,2026-05-10T21:49:42.3060000Z,,v3,227,471378,,"Gonzalez, Cesar",831498,Right,BOC_EAG,4e5b9979-66b5-4669-bdc5-6d9d7b82e7a2,54.48435,-123.17462,11.17053,6.62843,1.4094,-14.2681,-1.37557,0.70939,1.09138,,,,,,,,,,,,,,,,,,,,,,,,,,,,,,,,,,,,,,,,,,,,,,,,,,,High,High,High,,,,,,162.417741,78.941806,456.92922,0.191806,11:30,-0.981637,0.069986,-0.177457,-85.443219,45.062815,52.934891,143.98877,-14.613922,0.568923,-0.252304,-0.782732,17.866116,-34.675129,0.252304,-0.568923,0.782732,-17.866116,34.675129,-0.252304,0.568923,0.782732,-143.98877,14.613922,-0.568923,0.252304,-0.782732,,,
217,2026-05-10,17:50:15.52,3,1,"Hard, Sean",695717,Right,BOC_EAG,"O'Connor, Sheehan",1000132277,Right,NJI_HIG,Undefined,7,Top,1,0,0,Cutter,Slider,InPlay,Undefined,Popup,Single,0,0,,84.66852,-1.57373,-0.769996,2337.402065,193.871882,12:30,6.61258,1.26978,6.17471,-30.17817,8.2856,1.75323,2.64383,0.70471,77.88098,-7.187964,-0.453244,0.446372,60.93334,25.032962,-9.578736,1600.927275,108.63953,24.78805,-17.2464,176.50837,175.51341,-8.5098,2.671823,-1.12284,5.08067,-1.21244,50,6.47815,1.58737,-123.05549,-4.31173,-1.7238,24.14087,-24.37408,BOC_EAG,NJI_HIG,HarringtonVillage,D1,ACC,20260510-HarringtonVillage-2,3adfce90-4cba-11f1-ac59-670a1e020da9,84.44172,25.81008,,6.78754,,,,0.90748,2.60764,-0.7053,c0d103a8-7181-4857-96e7-9fcaa0451196,2026-05-10,21:50:15.52,2026-05-10T17:50:15.5280000-04:00,2026-05-10T21:50:15.5280000Z,LineDrive,v3,227,471378,,"Gonzalez, Cesar",831498,Right,BOC_EAG,55d27177-5f53-4087-9ac2-0f59435615d9,54.32425,-123.90091,12.07043,6.6142,-3.45815,-12.18704,-1.26909,1.64774,-0.8619,195.523302,0.90746,79.84638,-8.01094,1.45087,-0.40051,0.19172,-0.09089,0.02475,-0.00263,2.60768,37.81258,-16.31659,0.78086,0.04627,-0.14263,0.08576,-0.02258,0.00221,-0.70531,-13.47422,2.35831,-0.51958,0.12037,-0.03154,0.01021,-0.00281,0.00032,,,,,,,,,,,,,,,,,,,,,,,High,High,High,High,High,,,,175.673387,71.0746,758.105513,0.324337,11:45,-0.950518,-0.001519,-0.310667,67.907102,-32.117021,59.527553,142.906185,-17.577751,0.574961,-0.302,-0.760405,21.660814,-35.096895,0.302,-0.574961,0.760405,-21.660814,35.096895,-0.302,0.574961,0.760405,-142.906185,17.577751,-0.574961,0.302,-0.760405,,,
218,2026-05-10,17:50:54.15,4,1,"Hard, Sean",695717,Right,BOC_EAG,"Campbell, Cole",1000115804,Right,NJI_HIG,Undefined,7,Top,1,0,0,Slider,Slider,StrikeCalled,Undefined,Undefined,Undefined,0,0,,83.5427,-1.94287,-1.229165,2266.24991,153.183739,11:00,6.61967,1.24714,6.06159,-34.11711,5.50217,-2.18028,1.97732,-0.07234,77.18782,-8.235516,-1.622339,0.453028,,,,,,,,,,,,0.79701,3.7304,-1.15062,50,6.45062,2.68774,-121.3839,-5.20332,1.19364,22.91768,-26.58734,BOC_EAG,NJI_HIG,HarringtonVillage,D1,ACC,20260510-HarringtonVillage-2,51eb5000-4cba-11f1-ac59-670a1e020da9,83.20121,,,6.35488,,,,,,,c0d103a8-7181-4857-96e7-9fcaa0451196,2026-05-10,21:50:54.15,2026-05-10T17:50:54.1550000-04:00,2026-05-10T21:50:54.1550000Z,,v3,227,471378,,"Gonzalez, Cesar",831498,Right,BOC_EAG,6d0f3ae1-9501-4c8c-a48c-c6c730a107c4,54.43735,-122.21881,11.45884,6.62254,-4.23471,-13.29367,-1.24775,2.64426,0.59682,,,,,,,,,,,,,,,,,,,,,,,,,,,,,,,,,,,,,,,,,,,,,,,,,,,High,High,High,,,,,,179.062186,74.761776,595.645068,0.262833,12:00,-0.969848,-0.028412,-0.242049,80.399649,-38.475464,54.247948,140.006029,-17.626382,0.612533,-0.302809,-0.730144,22.52499,-37.772864,0.302809,-0.612533,0.730144,-22.52499,37.772864,-0.302809,0.612533,0.730144,-140.006029,17.626382,-0.612533,0.302809,-0.730144,,,
219,2026-05-10,17:51:11.66,4,2,"Hard, Sean",695717,Right,BOC_EAG,"Campbell, Cole",1000115804,Right,NJI_HIG,Undefined,7,Top,1,0,1,Slider,Slider,BallCalled,Undefined,Undefined,Undefined,0,0,,83.48752,-2.046338,-0.790194,2305.653975,98.597673,9:15,6.57722,1.41242,6.08772,-37.71986,2.28307,-6.45607,1.53993,0.1434,76.57421,-9.000056,-1.955959,0.455216,,,,,,,,,,,,3.11244,2.16106,-1.34807,50,6.39942,1.9168,-121.22768,-5.53744,4.5998,25.226,-28.9803,BOC_EAG,NJI_HIG,HarringtonVillage,D1,ACC,20260510-HarringtonVillage-2,5c5b6e80-4cba-11f1-ac59-670a1e020da9,82.80126,,,6.91331,,,,,,,c0d103a8-7181-4857-96e7-9fcaa0451196,2026-05-10,21:51:11.66,2026-05-10T17:51:11.6670000-04:00,2026-05-10T21:51:11.6670000Z,,v3,227,471378,,"Gonzalez, Cesar",831498,Right,BOC_EAG,0324f931-50f6-4671-a0c2-ab5f48f1774d,54.41134,-122.14218,12.613,6.58112,-4.48684,-14.49015,-1.41454,1.75005,2.2999,,,,,,,,,,,,,,,,,,,,,,,,,,,,,,,,,,,,,,,,,,,,,,,,,,,High,High,High,,,,,,183.03619,76.157869,551.62192,0.239247,12:00,-0.97309,-0.047335,-0.225513,83.828339,-23.858043,63.607312,148.177902,-4.449058,0.525695,-0.077573,-0.847129,5.232057,-31.71502,0.077573,-0.525695,0.847129,-5.232057,31.71502,-0.077573,0.525695,0.847129,-148.177902,4.449058,-0.525695,0.077573,-0.847129,,,
220,2026-05-10,17:51:29.61,4,3,"Hard, Sean",695717,Right,BOC_EAG,"Campbell, Cole",1000115804,Right,NJI_HIG,Undefined,7,Top,1,1,1,Slider,Slider,StrikeSwinging,Undefined,Undefined,Undefined,0,0,,84.19404,-0.575639,-1.179068,2383.045135,134.031611,10:30,6.54105,1.308,6.14454,-32.54336,6.59445,-5.51855,3.29705,-0.24157,77.00367,-6.635003,-2.174783,0.450267,,,,,,,,,,,,2.49378,3.98351,-1.21557,50,6.4807,2.73382,-122.30007,-2.25034,3.76238,24.99324,-26.16407,BOC_EAG,NJI_HIG,HarringtonVillage,D1,ACC,20260510-HarringtonVillage-2,670b5520-4cba-11f1-ac59-670a1e020da9,83.71139,,,7.19037,,,,,,,c0d103a8-7181-4857-96e7-9fcaa0451196,2026-05-10,21:51:29.61,2026-05-10T17:51:29.6120000-04:00,2026-05-10T21:51:29.6120000Z,,v3,227,471378,,"Gonzalez, Cesar",831498,Right,BOC_EAG,4b2b679d-22d1-4f39-952c-e60d573aca55,54.35228,-123.18629,12.49662,6.54404,-1.32261,-13.08204,-1.31014,2.60041,1.88119,,,,,,,,,,,,,,,,,,,,,,,,,,,,,,,,,,,,,,,,,,,,,,,,,,,High,High,High,,,,,,182.311975,72.158311,730.13642,0.306388,12:00,-0.957832,-0.021923,-0.28649,78.280312,-22.392766,61.378335,146.396976,-5.018808,0.551314,-0.087483,-0.829699,6.01898,-33.457182,0.087483,-0.551314,0.829699,-6.01898,33.457182,-0.087483,0.551314,0.829699,-146.396976,5.018808,-0.551314,0.087483,-0.829699,,,
221,2026-05-10,17:51:50.93,4,4,"Hard, Sean",695717,Right,BOC_EAG,"Campbell, Cole",1000115804,Right,NJI_HIG,Undefined,7,Top,1,1,2,Slider,Slider,BallCalled,Undefined,Undefined,Undefined,0,0,,84.58478,-3.373434,-1.616108,2298.865413,130.449661,10:15,6.56485,1.2634,6.22305,-32.63321,6.0017,-5.63536,0.72792,-0.69779,78.09966,-9.388175,-2.635602,0.447364,,,,,,,,,,,,2.49894,4.40197,-1.13974,50,6.29593,3.6713,-122.74807,-8.24704,3.81121,24.38189,-25.46053,BOC_EAG,NJI_HIG,HarringtonVillage,D1,ACC,20260510-HarringtonVillage-2,73c27d70-4cba-11f1-ac59-670a1e020da9,84.25447,,,6.48512,,,,,,,c0d103a8-7181-4857-96e7-9fcaa0451196,2026-05-10,21:51:50.93,2026-05-10T17:51:50.9380000-04:00,2026-05-10T21:51:50.9380000Z,,v3,227,471378,,"Gonzalez, Cesar",831498,Right,BOC_EAG,a5ae02cf-97f3-45d4-91b8-2c3ae728544f,54.27684,-123.59468,12.19095,6.56694,-7.36298,-12.73026,-1.26492,3.53897,1.9056,,,,,,,,,,,,,,,,,,,,,,,,,,,,,,,,,,,,,,,,,,,,,,,,,,,High,High,High,,,,,,181.046881,74.336727,620.655253,0.269983,12:00,-0.968137,-0.061583,-0.242731,81.871927,-31.516513,69.563451,152.111754,-7.194239,0.464066,-0.125233,-0.876903,8.127643,-27.649796,0.125233,-0.464066,0.876903,-8.127643,27.649796,-0.125233,0.464066,0.876903,-152.111754,7.194239,-0.464066,0.125233,-0.876903,,,
222,2026-05-10,17:52:12.09,4,5,"Hard, Sean",695717,Right,BOC_EAG,"Campbell, Cole",1000115804,Right,NJI_HIG,Undefined,7,Top,1,2,2,Cutter,Slider,InPlay,Undefined,GroundBall,Out,1,0,,83.15862,-1.001328,-0.596864,2291.739368,174.833121,11:45,6.56605,1.55124,6.11744,-33.28856,7.57402,-0.54516,2.86609,0.95397,74.81866,-7.237713,-0.695249,0.460081,44.50793,-13.987745,-4.16778,,,,,11.20551,10.83436,-9.306686,0.167132,0.07575,4.70138,-1.50525,50,6.47229,1.2775,-120.59315,-3.12715,0.10906,28.37856,-25.4068,BOC_EAG,NJI_HIG,HarringtonVillage,D1,ACC,20260510-HarringtonVillage-2,806114b0-4cba-11f1-ac59-670a1e020da9,81.92566,2.8519,,8.33996,,,,0.67472,2.8519,-0.99349,c0d103a8-7181-4857-96e7-9fcaa0451196,2026-05-10,21:52:12.09,2026-05-10T17:52:12.0970000-04:00,2026-05-10T21:52:12.0970000Z,GroundBall,v3,227,471378,,"Gonzalez, Cesar",831498,Right,BOC_EAG,991f1658-af49-4727-9b76-2eebc3fd6de6,54.37789,-121.61902,14.18928,6.56874,-2.20872,-12.7034,-1.55136,1.27356,0.05453,161.404324,0.67498,63.15457,-6.17159,,,,,,,2.85188,-15.7771,-7.69725,,,,,,,-0.99343,-4.60808,-1.74021,,,,,,,,,,,,,,,,,,,,,,,,,,,,,High,High,High,High,High,,,,177.906473,73.405817,654.500317,0.285591,12:00,-0.961309,-0.006316,-0.275401,69.724614,-27.040063,59.393426,144.049278,-15.445781,0.565885,-0.266326,-0.780285,18.845774,-34.463789,0.266326,-0.565885,0.780285,-18.845774,34.463789,-0.266326,0.565885,0.780285,-144.049278,15.445781,-0.565885,0.266326,-0.780285,,,
223,2026-05-10,17:52:58.40,5,1,"Hard, Sean",695717,Right,BOC_EAG,"Rippo, Conner",10075157,Right,NJI_HIG,Undefined,7,Top,2,0,0,Slider,Slider,StrikeCalled,Undefined,Undefined,Undefined,0,0,,83.48061,-1.528906,-2.247181,2362.061565,145.91597,10:45,6.57428,1.37444,5.96322,-35.659,4.79827,-2.29969,2.18363,-0.90193,75.99385,-8.125702,-2.660616,0.457794,,,,,,,,,,,,0.47205,3.39252,-1.19493,50,6.43345,4.84159,-121.03292,-4.39108,0.69215,26.17137,-27.1999,BOC_EAG,NJI_HIG,HarringtonVillage,D1,ACC,20260510-HarringtonVillage-2,9bfe0520-4cba-11f1-ac59-670a1e020da9,82.33498,,,7.48676,,,,,,,c0d103a8-7181-4857-96e7-9fcaa0451196,2026-05-10,21:52:58.40,2026-05-10T17:52:58.4040000-04:00,2026-05-10T21:52:58.4040000Z,,v3,227,471378,,"Gonzalez, Cesar",831498,Right,BOC_EAG,7fa4c7ac-e760-48f8-a9ef-3e831b386639,54.5326,-122.00908,13.08569,6.57831,-3.37655,-13.59995,-1.37504,4.81577,0.34607,,,,,,,,,,,,,,,,,,,,,,,,,,,,,,,,,,,,,,,,,,,,,,,,,,,High,High,High,,,,,,163.792192,79.569173,427.647262,0.181048,11:30,-0.990532,0.024276,-0.135117,89.392934,-35.128676,57.204754,149.36408,-11.274199,0.499747,-0.195505,-0.843819,13.044704,-29.983293,0.195505,-0.499747,0.843819,-13.044704,29.983293,-0.195505,0.499747,0.843819,-149.36408,11.274199,-0.499747,0.195505,-0.843819,,,
224,2026-05-10,17:53:17.29,5,2,"Hard, Sean",695717,Right,BOC_EAG,"Rippo, Conner",10075157,Right,NJI_HIG,Undefined,7,Top,2,0,1,Slider,Slider,StrikeCalled,Undefined,Undefined,Undefined,0,0,,83.58705,-2.274941,-1.274068,2362.990117,151.98418,11:00,6.55296,1.2478,5.95833,-34.96585,4.35949,-1.76307,1.52792,-0.08079,78.11671,-8.6728,-1.591493,0.451344,,,,,,,,,,,,0.61528,3.07792,-1.14562,50,6.35231,2.76925,-121.55568,-5.96378,0.93433,20.49066,-27.50002,BOC_EAG,NJI_HIG,HarringtonVillage,D1,ACC,20260510-HarringtonVillage-2,a7393bd0-4cba-11f1-ac59-670a1e020da9,83.51156,,,5.47035,,,,,,,c0d103a8-7181-4857-96e7-9fcaa0451196,2026-05-10,21:53:17.29,2026-05-10T17:53:17.2910000-04:00,2026-05-10T21:53:17.2910000Z,,v3,227,471378,,"Gonzalez, Cesar",831498,Right,BOC_EAG,79449b41-2e00-47e9-aac4-a0f7c0e27791,54.54312,-122.31911,10.24533,6.55542,-4.93919,-13.75001,-1.24815,2.73444,0.46717,,,,,,,,,,,,,,,,,,,,,,,,,,,,,,,,,,,,,,,,,,,,,,,,,,,High,High,High,,,,,,164.421867,80.810738,377.360506,0.159696,11:30,-0.991267,0.003668,-0.131822,95.254627,-39.571255,50.42607,144.27704,-13.12294,0.568619,-0.227041,-0.790648,16.021861,-34.653981,0.227041,-0.568619,0.790648,-16.021861,34.653981,-0.227041,0.568619,0.790648,-144.27704,13.12294,-0.568619,0.227041,-0.790648,,,
225,2026-05-10,17:53:36.80,5,3,"Hard, Sean",695717,Right,BOC_EAG,"Rippo, Conner",10075157,Right,NJI_HIG,Undefined,7,Top,2,0,2,Slider,Slider,FoulBallNotFieldable,Undefined,Undefined,Undefined,0,0,,84.01467,-2.007354,-1.854806,2324.269947,150.753787,11:00,6.58414,1.13733,6.01475,-33.6677,5.80457,-2.55189,1.91729,-0.79409,77.23719,-8.222143,-2.314275,0.452186,,,,,,,,,,,,0.79913,3.90292,-0.99044,50,6.40811,4.04673,-121.97954,-5.34935,1.20129,24.50215,-26.30705,BOC_EAG,NJI_HIG,HarringtonVillage,D1,ACC,20260510-HarringtonVillage-2,b2d927c0-4cba-11f1-ac59-670a1e020da9,83.35599,,,6.77747,,,,,,,c0d103a8-7181-4857-96e7-9fcaa0451196,2026-05-10,21:53:36.80,2026-05-10T17:53:36.8030000-04:00,2026-05-10T21:53:36.8030000Z,,v3,227,471378,,"Gonzalez, Cesar",831498,Right,BOC_EAG,87aca977-ce2e-4593-8f3b-d398bdc3f5d8,54.48501,-122.87715,12.25107,6.58642,-4.38563,-13.15352,-1.13788,4.00272,0.60064,,,,,,,,,,,,,,,,,,,,,,,,,,,,,,,,,,,,,,,,,,,,,,,,,,,High,High,High,,,,,,178.846988,79.610797,419.1444,0.180334,12:00,-0.98845,-0.030827,-0.148381,83.967275,-31.393712,59.686763,147.240512,-13.5302,0.526096,-0.233958,-0.81761,15.968387,-31.74206,0.233958,-0.526096,0.81761,-15.968387,31.74206,-0.233958,0.526096,0.81761,-147.240512,13.5302,-0.526096,0.233958,-0.81761,,,
226,2026-05-10,17:54:04.56,5,4,"Hard, Sean",695717,Right,BOC_EAG,"Rippo, Conner",10075157,Right,NJI_HIG,Undefined,7,Top,2,0,2,Curveball,Curveball,BallCalled,Undefined,Undefined,Undefined,0,0,,78.55845,1.694398,-0.454265,2520.396847,3.697409,6:00,6.69005,1.10996,5.95481,-54.39877,-8.99367,-0.67677,3.72867,0.63228,71.8016,-8.303962,-0.576074,0.48498,,,,,,,,,,,,0.20799,-4.56803,-1.07351,50,6.79504,0.93038,-114.10094,1.60321,0.27217,22.46649,-38.15093,BOC_EAG,NJI_HIG,HarringtonVillage,D1,ACC,20260510-HarringtonVillage-2,c37181e0-4cba-11f1-ac59-670a1e020da9,77.7196,,,6.75685,,,,,,,c0d103a8-7181-4857-96e7-9fcaa0451196,2026-05-10,21:54:04.56,2026-05-10T17:54:04.5606912-04:00,2026-05-10T21:54:04.5606912Z,,v3,227,471378,,"Gonzalez, Cesar",831498,Right,BOC_EAG,033399ad-5125-43ec-bb54-7b3de0091d20,54.54487,-114.99234,11.23324,6.7014,3.11693,-19.07547,-1.11021,0.91958,0.13608,,,,,,,,,,,,,,,,,,,,,,,,,,,,,,,,,,,,,,,,,,,,,,,,,,,High,High,High,,,,,,22.618129,63.414622,1127.955435,0.447531,6:45,-0.885485,0.198482,0.420144,26.382045,-42.949376,-52.582503,169.670647,12.854744,0.174812,0.22248,-0.959137,13.059307,10.067737,0.22248,0.174812,0.959137,-13.059307,-10.067737,-0.22248,-0.174812,0.959137,-169.670647,-12.854744,-0.174812,-0.22248,-0.959137,,,
227,2026-05-10,17:54:26.14,5,5,"Hard, Sean",695717,Right,BOC_EAG,"Rippo, Conner",10075157,Right,NJI_HIG,Undefined,7,Top,2,1,2,Slider,Slider,StrikeSwinging,Strikeout,Undefined,Undefined,0,0,,83.76684,-2.089456,-2.23244,2424.362789,94.749634,9:15,6.56499,1.22624,6.00673,-38.33345,1.70898,-4.38579,1.43239,-1.20858,76.62467,-9.141715,-3.022157,0.45544,,,,,,,,,,,,1.56158,1.96465,-1.04854,50,6.38016,4.90922,-121.46836,-5.69731,2.31105,25.89009,-29.26649,BOC_EAG,NJI_HIG,HarringtonVillage,D1,ACC,20260510-HarringtonVillage-2,d04fe140-4cba-11f1-ac59-670a1e020da9,82.76042,,,7.14216,,,,,,,c0d103a8-7181-4857-96e7-9fcaa0451196,2026-05-10,21:54:26.14,2026-05-10T17:54:26.1470000-04:00,2026-05-10T21:54:26.1470000Z,,v3,227,471378,,"Gonzalez, Cesar",831498,Right,BOC_EAG,70a622a2-0690-42f0-8ec7-59ef522d234d,54.49021,-122.42167,12.94504,6.57011,-4.61967,-14.63325,-1.22774,4.82412,1.15552,,,,,,,,,,,,,,,,,,,,,,,,,,,,,43.20698,,,1.788379,,,,-3.57317,6.12798,-0.27913,78.72761,-1.79351,46.05134,-3.52663,50.4203,-2.52148,6.21509,23.02452,-15.50835,-0.24149,28.97992,-1.76957,High,High,High,,,High,High,High,170.607991,80.384399,404.958823,0.167037,11:45,-0.99196,-0.008707,-0.126254,-75.47467,47.506119,79.987571,152.841647,-1.64375,0.456263,-0.028685,-0.889382,1.8473,-27.146259,0.028685,-0.456263,0.889382,-1.8473,27.146259,-0.028685,0.456263,0.889382,-152.841647,1.64375,-0.456263,0.028685,-0.889382,,,
228,2026-05-10,17:57:22.63,1,1,"Sybirski, Becker",1000471068,Right,NJI_HIG,"Wang, Nick",813482,Right,BOC_EAG,Undefined,7,Bottom,0,0,0,Fastball,Four-Seam,BallCalled,Undefined,Undefined,Undefined,0,0,,85.90849,-2.753643,-1.710328,2118.96291,193.942438,12:30,5.74209,0.9027,5.93354,-20.09418,18.1017,4.16233,1.50977,-0.33767,78.02576,-6.561023,-0.962773,0.444815,,,,,,,,,,,,-2.63988,10.498,-0.76843,50,5.51075,3.54534,-124.49465,-6.562,-4.10674,27.04284,-15.8429,BOC_EAG,NJI_HIG,HarringtonVillage,D1,ACC,20260510-HarringtonVillage-2,397832d0-4cbb-11f1-ac59-670a1e020da9,84.73727,,,7.88273,,,,,,,c0d103a8-7181-4857-96e7-9fcaa0451196,2026-05-10,21:57:22.63,2026-05-10T17:57:22.6324480-04:00,2026-05-10T21:57:22.6324480Z,,v3,227,471378,,"Klock, Connor ",1000305212,Right,NJI_HIG,5e0d4c53-030d-46ef-b782-f2290f8c3b35,54.56177,-125.48165,13.52142,5.7397,-5.98377,-7.92145,-0.90056,3.69522,-2.05337,,,,,,,,,,,,,,,,,,,,,,,,,,,,,,,,,,,,,,,,,,,,,,,,,,,High,High,High,,,,,,205.190238,34.205273,1752.443444,0.827029,12:45,-0.566693,-0.378605,-0.73179,-49.67707,-35.327483,-70.310111,163.151028,-5.757748,0.288388,-0.100323,-0.952244,6.014149,-16.761451,0.100323,-0.288388,0.952244,-6.014149,16.761451,-0.100323,0.288388,0.952244,-163.151028,5.757748,-0.288388,0.100323,-0.952244,,,
229,2026-05-10,17:57:39.24,1,2,"Sybirski, Becker",1000471068,Right,NJI_HIG,"Wang, Nick",813482,Right,BOC_EAG,Undefined,7,Bottom,0,1,0,Slider,Curveball,BallCalled,Undefined,Undefined,Undefined,0,0,,78.92809,-0.085824,-2.842613,2639.561589,46.050275,7:30,5.31758,1.39201,5.31569,-50.99574,-4.79949,-6.54103,0.98729,-1.82316,72.38992,-9.321804,-4.003999,0.489187,,,,,,,,,,,,2.44232,-1.98547,-1.1293,50,5.27262,5.93977,-114.42365,-1.94338,3.21229,22.67869,-34.78544,BOC_EAG,NJI_HIG,HarringtonVillage,D1,ACC,20260510-HarringtonVillage-2,4361bc30-4cbb-11f1-ac59-670a1e020da9,77.05124,,,6.53816,,,,,,,c0d103a8-7181-4857-96e7-9fcaa0451196,2026-05-10,21:57:39.24,2026-05-10T17:57:39.2415744-04:00,2026-05-10T21:57:39.2415744Z,,v3,227,471378,,"Klock, Connor ",1000305212,Right,NJI_HIG,b9b47b97-a6d8-4a8e-ab5a-ce1500903ce9,55.18448,-115.44663,11.33934,5.3249,-0.37428,-17.39272,-1.39397,5.79487,1.60615,,,,,,,,,,,,,,,,,,,,,,,,,,,,,,,,,,,,,,,,,,,,,,,,,,,High,High,High,,,,,,49.321473,74.725643,695.369628,0.263441,7:45,-0.95527,0.198343,0.219359,51.603221,30.901583,48.504156,142.983666,-28.588583,0.528641,-0.478517,-0.701114,34.313909,-31.913654,0.478517,-0.528641,0.701114,-34.313909,31.913654,-0.478517,0.528641,0.701114,-142.983666,28.588583,-0.528641,0.478517,-0.701114,,,
230,2026-05-10,17:57:54.37,1,3,"Sybirski, Becker",1000471068,Right,NJI_HIG,"Wang, Nick",813482,Right,BOC_EAG,Undefined,7,Bottom,0,2,0,Slider,Curveball,BallCalled,Undefined,Undefined,Undefined,0,0,,75.82541,0.687239,-1.797355,2518.32263,60.117099,8:00,5.71629,0.94269,4.92483,-54.907,-4.2254,-10.21123,1.79074,-1.60794,69.57594,-9.203411,-3.59898,0.512385,,,,,,,,,,,,4.50866,-1.78882,-0.75864,50,5.73755,3.86122,-109.93489,-0.62093,5.4832,20.62792,-34.34953,BOC_EAG,NJI_HIG,HarringtonVillage,D1,ACC,20260510-HarringtonVillage-2,4c67c360-4cbb-11f1-ac59-670a1e020da9,73.5627,,,6.24947,,,,,,,c0d103a8-7181-4857-96e7-9fcaa0451196,2026-05-10,21:57:54.37,2026-05-10T17:57:54.3710720-04:00,2026-05-10T21:57:54.3710720Z,,v3,227,471378,,"Klock, Connor ",1000305212,Right,NJI_HIG,fff0fd03-e062-450e-ab1e-6ac9e03bd139,55.57475,-110.97599,10.31396,5.72514,1.11272,-17.17477,-0.94654,3.58448,2.7416,,,,,,,,,,,,,,,,,,,,,,,,,,,,,,,,,,,,,,,,,,,,,,,,,,,High,High,High,,,,,,24.532279,60.871982,1225.825282,0.486763,6:45,-0.85673,0.21257,0.469924,-27.799712,-31.887865,-26.345439,139.696377,28.959959,0.565956,0.484198,-0.667267,35.966281,34.468724,0.484198,0.565956,0.667267,-35.966281,-34.468724,-0.484198,-0.565956,0.667267,-139.696377,-28.959959,-0.565956,-0.484198,-0.667267,,,
231,2026-05-10,17:58:10.12,1,4,"Sybirski, Becker",1000471068,Right,NJI_HIG,"Wang, Nick",813482,Right,BOC_EAG,Undefined,7,Bottom,0,3,0,Sinker,Changeup,BallCalled,Walk,Undefined,Undefined,0,0,,86.67546,-1.527711,-3.969852,2197.129683,253.843536,2:30,5.25873,1.33358,6.01156,-32.30458,5.09674,13.21635,1.14769,-1.24858,78.96521,-7.516885,-1.596717,0.440164,,,,,,,,,,,,-7.99355,3.45288,-1.02884,50,5.12099,8.1806,-125.5707,-4.42575,-12.6684,27.19291,-26.70182,BOC_EAG,NJI_HIG,HarringtonVillage,D1,ACC,20260510-HarringtonVillage-2,55c25330-4cbb-11f1-ac59-670a1e020da9,85.63264,,,7.71026,,,,,,,c0d103a8-7181-4857-96e7-9fcaa0451196,2026-05-10,21:58:10.12,2026-05-10T17:58:10.1201920-04:00,2026-05-10T21:58:10.1201920Z,,v3,227,471378,,"Klock, Connor ",1000305212,Right,NJI_HIG,186540de-ef84-4714-ac97-e3eca99556df,54.48702,-126.53866,13.59646,5.26161,-3.47528,-13.35091,-1.32806,8.63155,-6.3342,,,,,,,,,,,,,,,,,,,,,,,,,,,,,,,,,,,,,,,,,,,,,,,,,,,High,High,High,,,,,,223.256997,33.122193,1840.111763,0.837507,1:30,-0.571885,-0.588284,-0.571725,96.791801,31.431639,-37.789594,153.505568,-12.700489,0.435196,-0.219855,-0.87308,14.134069,-25.797748,0.219855,-0.435196,0.87308,-14.134069,25.797748,-0.219855,0.435196,0.87308,-153.505568,12.700489,-0.435196,0.219855,-0.87308,,,
232,2026-05-10,17:58:42.23,2,1,"Sybirski, Becker",1000471068,Right,NJI_HIG,"Johnson, Gunnar",1000100233,Right,BOC_EAG,Undefined,7,Bottom,0,0,0,Slider,Curveball,BallCalled,Undefined,Undefined,Undefined,0,0,,76.3146,0.510684,-2.018442,2473.028726,51.700521,7:45,5.35104,1.6605,5.24215,-54.49806,-4.95973,-8.34508,1.28979,-0.93267,69.93017,-9.36116,-3.499587,0.506573,,,,,,,,,,,,3.56957,-2.17106,-1.46849,50,5.35733,4.22509,-110.67381,-0.86925,4.38889,21.35436,-34.84344,BOC_EAG,NJI_HIG,HarringtonVillage,D1,ACC,20260510-HarringtonVillage-2,68f1fa00-4cbb-11f1-ac59-670a1e020da9,74.40672,,,6.38444,,,,,,,c0d103a8-7181-4857-96e7-9fcaa0451196,2026-05-10,21:58:42.23,2026-05-10T17:58:42.2316544-04:00,2026-05-10T21:58:42.2316544Z,,v3,227,471378,,"Klock, Connor ",1000305212,Right,NJI_HIG,d7d96637-c7b1-41df-867d-2ff00972947f,55.25772,-111.68367,10.67718,5.35948,0.77852,-17.42172,-1.66339,4.01754,2.19445,,,,,,,,,,,,,,,,,,,,,,,,,,,,,,,,,,,,,,,,,,,,,,,,,,,High,High,High,,,,,,39.478942,69.627917,860.899199,0.348115,7:15,-0.925398,0.229677,0.301476,45.955878,31.116218,43.214274,134.174337,-33.390999,0.598834,-0.55035,-0.581819,43.407838,-36.78643,0.55035,-0.598834,0.581819,-43.407838,36.78643,-0.55035,0.598834,0.581819,-134.174337,33.390999,-0.598834,0.55035,-0.581819,,,
233,2026-05-10,17:59:01.92,2,2,"Sybirski, Becker",1000471068,Right,NJI_HIG,"Johnson, Gunnar",1000100233,Right,BOC_EAG,Undefined,7,Bottom,0,1,0,Fastball,Changeup,BallCalled,Undefined,Undefined,Undefined,0,0,,84.81258,-1.275211,-3.603549,2093.521941,214.470296,1:15,5.40662,1.38062,5.95657,-23.95025,15.01871,9.42823,2.22566,-1.17986,77.34971,-5.777187,-1.913633,0.449294,,,,,,,,,,,,-5.85087,8.45441,-1.09924,50,5.29177,7.36162,-122.92517,-3.45713,-8.92746,25.00237,-19.27404,BOC_EAG,NJI_HIG,HarringtonVillage,D1,ACC,20260510-HarringtonVillage-2,74ad8440-4cbb-11f1-ac59-670a1e020da9,83.89255,,,7.46288,,,,,,,c0d103a8-7181-4857-96e7-9fcaa0451196,2026-05-10,21:59:01.92,2026-05-10T17:59:01.9230720-04:00,2026-05-10T21:59:01.9230720Z,,v3,227,471378,,"Klock, Connor ",1000305212,Right,NJI_HIG,a4f79cd7-7324-48c6-9fe0-290522f2c130,54.54031,-123.8452,12.50118,5.40593,-2.74789,-9.63702,-1.37618,7.69013,-4.46373,,,,,,,,,,,,,,,,,,,,,,,,,,,,,,,,,,,,,,,,,,,,,,,,,,,High,High,High,,,,,,218.181871,30.090163,1811.393722,0.865238,1:15,-0.531115,-0.54588,-0.648022,109.238243,24.477174,-27.189868,156.104232,-3.768912,0.404198,-0.065732,-0.912307,4.12109,-23.840879,0.065732,-0.404198,0.912307,-4.12109,23.840879,-0.065732,0.404198,0.912307,-156.104232,3.768912,-0.404198,0.065732,-0.912307,,,
234,2026-05-10,17:59:38.09,2,3,"Sybirski, Becker",1000471068,Right,NJI_HIG,"Johnson, Gunnar",1000100233,Right,BOC_EAG,Undefined,7,Bottom,0,2,0,Fastball,Changeup,InPlay,Undefined,Bunt,Sacrifice,1,0,,85.30333,-0.280363,-2.550225,2187.700078,214.493959,1:15,5.43707,1.24548,5.90069,-27.04249,11.90516,7.21752,2.923,-0.52206,76.94817,-5.363494,-1.255991,0.449172,,,,,,,,,,,,-4.52449,6.5878,-1.04454,50,5.39921,5.21435,-123.64821,-1.44928,-6.89861,28.13668,-22.12948,BOC_EAG,NJI_HIG,HarringtonVillage,D1,ACC,20260510-HarringtonVillage-2,8a37bce0-4cbb-11f1-ac59-670a1e020da9,83.91547,,,8.35517,,,,,,,c0d103a8-7181-4857-96e7-9fcaa0451196,2026-05-10,21:59:38.09,2026-05-10T17:59:38.0929024-04:00,2026-05-10T21:59:38.0929024Z,,v3,227,471378,,"Klock, Connor ",1000305212,Right,NJI_HIG,b6279717-282d-41a2-baf5-85d5d16cdc89,54.59584,-124.68963,14.06834,5.4377,-0.63021,-11.06474,-1.24226,5.46969,-3.44931,,,,,,,,,,,,,,,,,,,,,,,,,,,,,,,,,,,,,,,,,,,,,,,,,,,High,High,High,,,,,,222.218549,25.079724,1981.441215,0.905719,1:30,-0.450325,-0.610674,-0.651372,105.46176,23.270672,-32.516671,156.170024,-12.137291,0.394993,-0.210255,-0.894301,13.230273,-23.265514,0.210255,-0.394993,0.894301,-13.230273,23.265514,-0.210255,0.394993,0.894301,-156.170024,12.137291,-0.394993,0.210255,-0.894301,,,
235,2026-05-10,18:00:18.68,3,1,"Sybirski, Becker",1000471068,Right,NJI_HIG,"Wolff, Kyle",813479,Right,BOC_EAG,Undefined,7,Bottom,1,0,0,Curveball,Curveball,InPlay,Undefined,FlyBall,Out,1,0,,75.06575,2.161845,-0.177892,2585.81079,35.262488,7:15,5.60067,0.7467,5.23545,-60.34558,-9.0702,-7.63087,2.60484,-0.05641,68.46694,-8.789892,-1.532978,0.515378,95.92923,47.632123,10.651931,5089.964383,105.04381,119.09606,32.64588,247.29594,134.95317,23.619768,6.057277,3.78075,-4.77906,-0.72429,50,5.75409,0.6291,-108.86948,2.07619,4.49003,20.9846,-37.8497,BOC_EAG,NJI_HIG,HarringtonVillage,D1,ACC,20260510-HarringtonVillage-2,a26e02b0-4cbb-11f1-ac59-670a1e020da9,73.13551,137.5697,,6.59881,,,,2.11444,2.57906,0.02567,c0d103a8-7181-4857-96e7-9fcaa0451196,2026-05-10,22:00:18.68,2026-05-10T18:00:18.6897408-04:00,2026-05-10T22:00:18.6897408Z,FlyBall,v3,227,471378,,"Klock, Connor ",1000305212,Right,NJI_HIG,303acf5c-c22e-4515-b4a1-9a7aae385033,55.26579,-109.87977,10.4923,5.61027,3.89844,-18.92485,-0.74938,0.41293,2.24501,197.072487,2.1173,93.09795,-30.13241,8.53735,-1.66822,0.19102,-0.00583,-0.00094,7E-05,2.5711,104.08404,-23.80158,1.66568,-0.0763,-0.03704,0.0154,-0.00243,0.00013,0.02504,17.54656,2.37604,-1.47058,0.39417,-0.05343,0.00126,0.00048,-4E-05,,,,,,,,,,,,,,,,,,,,,,,High,High,High,Medium,Low,,,,29.720708,60.876929,1258.480941,0.486687,7:00,-0.862536,0.274068,0.425345,-63.442423,-29.256719,11.840535,147.060394,28.654522,0.477159,0.479527,-0.736459,33.069154,28.500047,0.479527,0.477159,0.736459,-33.069154,-28.500047,-0.479527,-0.477159,0.736459,-147.060394,-28.654522,-0.477159,-0.479527,-0.736459,,,
236,2026-05-10,18:00:59.70,4,1,"Sybirski, Becker",1000471068,Right,NJI_HIG,"Garcia, Esteban",822341,Left,BOC_EAG,Undefined,7,Bottom,2,0,0,Curveball,Curveball,InPlay,Undefined,LineDrive,Out,1,0,,74.67371,2.213583,-0.492375,2586.039188,33.473193,7:00,5.65605,1.03285,5.01183,-62.66929,-10.60434,-8.1265,2.52399,-0.10909,68.40412,-9.090711,-1.929633,0.519331,101.14361,19.002456,21.094562,1529.283151,101.12853,29.47562,43.27814,286.30008,285.50464,27.020786,2.779109,3.90973,-5.51772,-0.97862,50,5.81702,1.24535,-108.31204,2.01975,4.61406,20.07581,-38.68581,BOC_EAG,NJI_HIG,HarringtonVillage,D1,ACC,20260510-HarringtonVillage-2,bae3c280-4cbb-11f1-ac59-670a1e020da9,72.57884,32.63082,,6.26959,,,,2.12641,2.64106,0.05452,c0d103a8-7181-4857-96e7-9fcaa0451196,2026-05-10,22:00:59.70,2026-05-10T18:00:59.7041664-04:00,2026-05-10T22:00:59.7041664Z,LineDrive,v3,227,471378,,"Klock, Connor ",1000305212,Right,NJI_HIG,1649238e-b453-4689-9c4d-adf85030d503,55.49039,-109.32496,10.0379,5.66588,3.97162,-19.3429,-1.03558,1.01255,2.30703,250.829949,2.1264,130.86081,-23.28598,5.36207,-1.24599,0.27926,-0.05789,0.00836,-0.00056,2.64106,48.30168,-21.60146,2.07952,-0.3655,0.05426,-0.00469,0.00022,0,0.05452,50.48031,-0.16671,-1.04651,0.44299,-0.14028,0.03472,-0.00559,0.00041,,,,,,,,,,,,,,,,,,,,,,,High,High,High,High,High,,,,26.70347,57.188562,1401.312579,0.541876,7:00,-0.826235,0.275785,0.4912,-37.353225,-34.080979,-15.16959,145.847214,26.430219,0.502722,0.445108,-0.741046,30.991025,30.180271,0.445108,0.502722,0.741046,-30.991025,-30.180271,-0.445108,-0.502722,0.741046,-145.847214,-26.430219,-0.502722,-0.445108,-0.741046,65.19322,17.11965,14.43482
237,2026-05-10,18:04:05.62,1,1,"Kipp, Kyle",822339,Right,BOC_EAG,"Sallie, Ty",1000121067,Right,NJI_HIG,Undefined,8,Top,0,0,0,Sinker,Sinker,InPlay,Undefined,GroundBall,Out,1,0,,92.74399,-2.166757,-3.525201,2110.517988,231.444538,1:45,5.80064,2.24368,5.89028,-19.1354,13.60446,15.68473,2.1894,0.27344,84.36317,-5.773682,-0.715353,0.411822,78.14324,-29.85341,-24.71406,,,,,5.83679,5.83679,-19.155355,0.039236,-9.11666,7.93441,-1.96864,50,5.61474,7.60037,-134.39178,-5.71692,-16.58444,30.57401,-17.74028,BOC_EAG,NJI_HIG,HarringtonVillage,D1,ACC,20260510-HarringtonVillage-2,29a5cb50-4cbc-11f1-ac59-670a1e020da9,91.52599,2.24429,,8.38082,,,,1.96149,2.24429,-0.28038,c0d103a8-7181-4857-96e7-9fcaa0451196,2026-05-10,22:04:05.62,2026-05-10T18:04:05.6230000-04:00,2026-05-10T22:04:05.6230000Z,GroundBall,v3,227,471378,,"Gonzalez, Cesar",831498,Right,BOC_EAG,7291fffb-5538-4dd6-bc46-e949e8b0c2a2,54.6091,-135.43628,15.287,5.7997,-5.11086,-8.87014,-2.23797,8.16695,-8.29222,,1.96001,90.53152,,,,,,,,2.24523,-57.19914,,,,,,,,-0.27969,-41.66677,,,,,,,,,,,,,,,,,,,,,,,,,,,,,,High,High,High,Estimated,Estimated,,,,234.885882,-3.228121,2107.169117,0.998413,1:45,0.051673,-0.813997,-0.578566,64.58081,-31.990433,-10.517175,117.582336,7.886968,0.877962,0.137219,-0.458643,16.656414,61.397508,0.137219,0.877962,0.458643,-16.656414,-61.397508,-0.137219,-0.877962,0.458643,-117.582336,-7.886968,-0.877962,-0.137219,-0.458643,73.46923,4.82603,3.61494
238,2026-05-10,18:04:49.89,2,1,"Kipp, Kyle",822339,Right,BOC_EAG,"Sallie, Ty",1000121067,Right,NJI_HIG,Undefined,8,Top,1,0,0,Sinker,Sinker,BallCalled,Undefined,Undefined,Undefined,0,0,,92.30938,-2.429838,-2.753058,2200.94753,245.053747,2:15,5.77634,2.18475,5.82371,-23.08903,9.97571,19.08962,1.58934,1.21415,84.21857,-6.72952,0.668699,0.41386,,,,,,,,,,,,-10.51371,6.12882,-1.9708,50,5.56382,5.58582,-133.82972,-6.48606,-18.99368,29.93086,-21.10198,BOC_EAG,NJI_HIG,HarringtonVillage,D1,ACC,20260510-HarringtonVillage-2,44184580-4cbc-11f1-ac59-670a1e020da9,91.07524,,,8.09081,,,,,,,c0d103a8-7181-4857-96e7-9fcaa0451196,2026-05-10,22:04:49.89,2026-05-10T18:04:49.8936320-04:00,2026-05-10T22:04:49.8936320Z,,v3,227,471378,,"Gonzalez, Cesar",831498,Right,BOC_EAG,40fe7cfb-d0ba-4299-a19e-3c46dcce9606,54.67497,-134.87122,14.96543,5.77674,-5.75178,-10.55099,-2.17667,6.24674,-9.49684,,,,,,,,,,,,,,,,,,,,,,,,,,,,,,,,,,,,,,,,,,,,,,,,,,,High,High,High,,,,,,235.781248,-7.845659,2180.345283,0.990639,1:45,0.144156,-0.812633,-0.564666,-100.149124,-30.782755,-38.2354,148.912977,62.194913,0.240854,0.88454,-0.399473,65.695243,13.93697,0.88454,0.240854,0.399473,-65.695243,-13.93697,-0.88454,-0.240854,0.399473,-148.912977,-62.194913,-0.240854,-0.88454,-0.399473,,,
239,2026-05-10,18:05:06.72,2,2,"Kipp, Kyle",822339,Right,BOC_EAG,"Sallie, Ty",1000121067,Right,NJI_HIG,Undefined,8,Top,1,1,0,Sinker,Sinker,StrikeSwinging,Undefined,Undefined,Undefined,0,0,,93.21953,-1.244699,-3.126355,2123.725711,249.281308,2:15,5.7888,2.13702,5.78763,-23.34954,9.09008,21.20115,2.68316,0.99246,84.89733,-5.597348,0.668492,0.40993,,,,,,,,,,,,-11.63662,5.31985,-1.89179,50,5.67221,6.41499,-135.19106,-3.77105,-21.45759,30.47318,-22.36443,BOC_EAG,NJI_HIG,HarringtonVillage,D1,ACC,20260510-HarringtonVillage-2,4e1026c0-4cbc-11f1-ac59-670a1e020da9,91.94858,,,8.3222,,,,,,,c0d103a8-7181-4857-96e7-9fcaa0451196,2026-05-10,22:05:06.72,2026-05-10T18:05:06.7240448-04:00,2026-05-10T22:05:06.7240448Z,,v3,227,471378,,"Gonzalez, Cesar",831498,Right,BOC_EAG,e7eef572-acbb-435e-b379-cc3273ff2a31,54.71098,-136.24882,15.23659,5.78963,-2.99476,-11.18221,-2.12739,7.1598,-10.7288,,,,,,,,,,,,,,,,,,,,,,,,,,,,,,,,,,,,,,,,,,,,,,,,,,,High,High,High,,,,,,234.736334,-1.567313,2122.931186,0.999626,1:45,0.013532,-0.815412,-0.578723,-114.008511,-30.051773,-23.699718,179.377272,66.168543,0.004391,0.914738,-0.404024,66.169794,0.251608,0.914738,0.004391,0.404024,-66.169794,-0.251608,-0.914738,-0.004391,0.404024,-179.377272,-66.168543,-0.004391,-0.914738,-0.404024,,,
240,2026-05-10,18:05:25.86,2,3,"Kipp, Kyle",822339,Right,BOC_EAG,"Sallie, Ty",1000121067,Right,NJI_HIG,Undefined,8,Top,1,1,1,Sinker,Sinker,InPlay,Undefined,LineDrive,Single,0,0,,92.99106,-1.220667,-2.794465,2258.907539,244.169385,2:15,5.8167,2.20261,5.73114,-21.90529,10.91296,20.20044,2.85295,1.28148,84.25748,-5.323835,0.818217,0.412315,88.38685,14.016345,-22.822192,2899.968695,97.85762,18.89428,-50.23813,228.28295,224.91663,-31.511867,2.281235,-11.18512,6.25524,-1.98241,50,5.70152,5.67931,-134.83413,-3.63824,-20.39344,31.94472,-20.76908,BOC_EAG,NJI_HIG,HarringtonVillage,D1,ACC,20260510-HarringtonVillage-2,597887f0-4cbc-11f1-ac59-670a1e020da9,91.41663,19.03194,,8.73358,,,,1.4996,2.85005,-1.24948,c0d103a8-7181-4857-96e7-9fcaa0451196,2026-05-10,22:05:25.86,2026-05-10T18:05:25.8608128-04:00,2026-05-10T22:05:25.8608128Z,LineDrive,v3,227,471378,,"Gonzalez, Cesar",831498,Right,BOC_EAG,02741da6-f52b-4b7c-a6fb-e24b583b049d,54.76815,-135.9591,15.97236,5.81676,-2.90684,-10.38454,-2.19507,6.39749,-10.19672,113.659459,1.49962,115.92528,-18.99172,3.26811,-0.40905,-0.08239,0.06197,-0.01546,0.00151,2.85004,31.39846,-16.1847,1.09785,-0.28357,0.14792,-0.05631,0.01274,-0.00123,-1.24945,-48.78819,-3.52483,1.45688,-0.05139,-0.2382,0.13027,-0.03198,0.00315,,,,,,,,,,,,,,,,,,,,,,,High,High,High,High,High,,,,233.458242,-2.83013,2256.152373,0.99878,1:45,0.037387,-0.801209,-0.597215,-100.540602,-32.170924,-47.707998,149.711024,66.057633,0.204679,0.913954,-0.35042,69.022607,11.810693,0.913954,0.204679,0.35042,-69.022607,-11.810693,-0.913954,-0.204679,0.35042,-149.711024,-66.057633,-0.204679,-0.913954,-0.35042,67.90231,12.07786,-10.40195
241,2026-05-10,18:05:58.80,3,1,"Kipp, Kyle",822339,Right,BOC_EAG,"Francis, Austin",1000236684,Right,NJI_HIG,Undefined,8,Top,1,0,0,Slider,Curveball,StrikeSwinging,Undefined,Undefined,Undefined,0,0,,80.08926,0.748672,-3.329125,2038.494421,59.883525,8:00,5.19366,2.38233,5.88584,-46.36845,-2.47272,-6.69764,2.02604,-1.27066,73.30501,-7.766064,-4.528172,0.476851,,,,,,,,,,,,2.42862,-1.02988,-2.10976,50,5.22771,7.01214,-116.13794,0.01123,3.29549,23.06903,-33.57155,BOC_EAG,NJI_HIG,HarringtonVillage,D1,ACC,20260510-HarringtonVillage-2,6d22dd00-4cbc-11f1-ac59-670a1e020da9,79.04449,,,6.78426,,,,,,,c0d103a8-7181-4857-96e7-9fcaa0451196,2026-05-10,22:05:58.80,2026-05-10T18:05:58.8050944-04:00,2026-05-10T22:05:58.8050944Z,,v3,227,471378,,"Gonzalez, Cesar",831498,Right,BOC_EAG,192b546a-c423-4bf8-ab79-c66b91d10d44,54.61289,-117.05063,11.53451,5.20099,1.33944,-16.78577,-2.38461,6.88176,1.64774,,,,,,,,,,,,,,,,,,,,,,,,,,,,,,,,,,,,,,,,,,,,,,,,,,,High,High,High,,,,,,42.862581,59.182473,1044.332123,0.512306,7:30,-0.830928,0.359684,0.424483,-15.518629,9.617851,68.217836,130.562815,-2.618916,0.7589,-0.045693,-0.649602,4.023539,-49.367322,0.045693,-0.7589,0.649602,-4.023539,49.367322,-0.045693,0.7589,0.649602,-130.562815,2.618916,-0.7589,0.045693,-0.649602,,,
242,2026-05-10,18:06:19.71,3,2,"Kipp, Kyle",822339,Right,BOC_EAG,"Francis, Austin",1000236684,Right,NJI_HIG,Undefined,8,Top,1,0,1,Sinker,Sinker,InPlay,Undefined,GroundBall,FieldersChoice,1,0,,93.45173,-1.71968,-3.521581,2354.542523,246.766954,2:15,5.86108,2.20809,5.80663,-23.52513,8.83024,18.02836,2.2979,0.43138,84.98921,-6.103652,-0.295355,0.409397,69.75494,-45.165545,-65.747702,,,,,4.36025,4.36025,-37.006101,0.033133,-10.3043,5.32941,-1.93003,50,5.70573,7.53992,-135.43971,-4.90614,-19.02099,31.30361,-22.33634,BOC_EAG,NJI_HIG,HarringtonVillage,D1,ACC,20260510-HarringtonVillage-2,79931140-4cbc-11f1-ac59-670a1e020da9,92.06822,2.41245,,8.46251,,,,2.49675,2.41245,-0.43756,c0d103a8-7181-4857-96e7-9fcaa0451196,2026-05-10,22:06:19.71,2026-05-10T18:06:19.7108224-04:00,2026-05-10T22:06:19.7108224Z,GroundBall,v3,227,471378,,"Gonzalez, Cesar",831498,Right,BOC_EAG,72f261ab-42e2-458d-a2ed-9aa26ebc1742,54.69315,-136.5201,15.6518,5.86175,-4.13523,-11.16817,-2.20158,8.1964,-9.5105,,2.49618,29.73482,,,,,,,,2.41384,-72.81011,,,,,,,,-0.43631,-66.00179,,,,,,,,,,,,,,,,,,,,,,,,,,,,,,High,High,High,Estimated,Estimated,,,,235.011085,-9.644467,2321.264153,0.985866,1:45,0.156611,-0.802292,-0.576021,-97.86049,-41.022732,-36.787537,169.577983,64.093463,0.079035,0.899508,-0.429696,64.466119,4.533085,0.899508,0.079035,0.429696,-64.466119,-4.533085,-0.899508,-0.079035,0.429696,-169.577983,-64.093463,-0.079035,-0.899508,-0.429696,82.4033,5.90273,4.45294
243,2026-05-10,18:07:07.59,4,1,"Kipp, Kyle",822339,Right,BOC_EAG,"O'Connor, Sheehan",1000132277,Right,NJI_HIG,Undefined,8,Top,2,0,0,ChangeUp,Changeup,StrikeSwinging,Undefined,Undefined,Undefined,0,0,,81.20529,-0.942615,-3.96186,1792.881999,256.58619,2:30,5.42896,2.28073,6.39793,-36.82459,4.92796,15.0065,1.49121,-0.11806,74.41603,-7.802409,-1.246803,0.465064,,,,,,,,,,,,-8.94512,3.26335,-2.00257,50,5.34453,7.61788,-117.80413,-3.01938,-12.53966,22.88884,-27.59935,BOC_EAG,NJI_HIG,HarringtonVillage,D1,ACC,20260510-HarringtonVillage-2,962907b0-4cbc-11f1-ac59-670a1e020da9,81.04785,,,6.78927,,,,,,,c0d103a8-7181-4857-96e7-9fcaa0451196,2026-05-10,22:07:07.59,2026-05-10T18:07:07.5984384-04:00,2026-05-10T22:07:07.5984384Z,,v3,227,471378,,"Gonzalez, Cesar",831498,Right,BOC_EAG,4c7f8397-d7b1-4336-a811-97888116d600,54.10118,-118.59829,11.44442,5.43268,-2.06178,-13.79968,-2.27443,8.05296,-6.26983,,,,,,,,,,,,,,,,,,,,,,,,,,,,,,,,,,,,,,,,,,,,,,,,,,,High,High,High,,,,,,246.37781,25.079312,1623.852506,0.905722,2:15,-0.434259,-0.83669,-0.33372,-7.882339,-27.443251,58.613192,146.877333,81.255133,0.083077,0.988375,-0.12733,82.659179,4.765448,0.988375,0.083077,0.12733,-82.659179,-4.765448,-0.988375,-0.083077,0.12733,-146.877333,-81.255133,-0.083077,-0.988375,-0.12733,,,
244,2026-05-10,18:07:24.31,4,2,"Kipp, Kyle",822339,Right,BOC_EAG,"O'Connor, Sheehan",1000132277,Right,NJI_HIG,Undefined,8,Top,2,0,1,ChangeUp,Changeup,BallCalled,Undefined,Undefined,Undefined,0,0,,82.3935,-1.244625,-3.541713,1794.507015,262.470744,2:45,5.49949,2.20212,6.2252,-37.66463,3.5291,15.72867,1.21004,0.24088,74.8676,-8.248573,-0.70193,0.461941,,,,,,,,,,,,-9.28563,2.64079,-1.94476,50,5.38778,6.80461,-119.44166,-3.75419,-13.24106,25.7762,-28.40838,BOC_EAG,NJI_HIG,HarringtonVillage,D1,ACC,20260510-HarringtonVillage-2,a01724f0-4cbc-11f1-ac59-670a1e020da9,81.59572,,,7.5259,,,,,,,c0d103a8-7181-4857-96e7-9fcaa0451196,2026-05-10,22:07:24.31,2026-05-10T18:07:24.3137024-04:00,2026-05-10T22:07:24.3137024Z,,v3,227,471378,,"Gonzalez, Cesar",831498,Right,BOC_EAG,cce3655b-db1c-4ed1-ae63-fbd90c12a89c,54.27348,-120.36037,12.8881,5.50354,-2.74167,-14.20419,-2.1957,7.27655,-6.62053,,,,,,,,,,,,,,,,,,,,,,,,,,,,,,,,,,,,,,,,,,,,,,,,,,,High,High,High,,,,,,246.922568,36.987723,1433.388392,0.798764,2:15,-0.603764,-0.747739,-0.276326,-9.372282,-18.637983,57.067134,122.791508,-83.724558,0.09189,-0.994008,-0.0592,86.591693,-5.272327,0.994008,-0.09189,0.0592,-86.591693,5.272327,-0.994008,0.09189,0.0592,-122.791508,83.724558,-0.09189,0.994008,-0.0592,,,
245,2026-05-10,18:07:41.53,4,3,"Kipp, Kyle",822339,Right,BOC_EAG,"O'Connor, Sheehan",1000132277,Right,NJI_HIG,Undefined,8,Top,2,1,1,ChangeUp,Changeup,BallCalled,Undefined,Undefined,Undefined,0,0,,82.6719,0.289026,-2.715623,1765.784386,238.782561,2:00,5.53604,2.27373,6.02548,-29.24553,11.58461,16.91158,3.36689,1.16608,75.31507,-5.192421,0.324493,0.459898,,,,,,,,,,,,-9.43595,6.28032,-2.07005,50,5.54286,5.02837,-119.98263,-0.27537,-13.70553,23.99518,-23.05201,BOC_EAG,NJI_HIG,HarringtonVillage,D1,ACC,20260510-HarringtonVillage-2,aa5f4910-4cbc-11f1-ac59-670a1e020da9,81.95818,,,7.35682,,,,,,,c0d103a8-7181-4857-96e7-9fcaa0451196,2026-05-10,22:07:41.53,2026-05-10T18:07:41.5345664-04:00,2026-05-10T22:07:41.5345664Z,,v3,227,471378,,"Gonzalez, Cesar",831498,Right,BOC_EAG,e0a0462f-f72f-49eb-8458-f1ebf449a2cc,54.47218,-120.87371,11.99759,5.53719,0.58068,-11.526,-2.26623,5.53734,-6.85276,,,,,,,,,,,,,,,,,,,,,,,,,,,,,,,,,,,,,,,,,,,,,,,,,,,High,High,High,,,,,,246.265058,35.993979,1428.65864,0.809079,2:15,-0.606194,-0.737671,-0.297272,5.646042,-11.300109,58.652601,96.869844,-7.043241,0.985329,-0.122618,-0.118712,45.927431,-80.173311,0.122618,-0.985329,0.118712,-45.927431,80.173311,-0.122618,0.985329,0.118712,-96.869844,7.043241,-0.985329,0.122618,-0.118712,,,
246,2026-05-10,18:08:00.04,4,4,"Kipp, Kyle",822339,Right,BOC_EAG,"O'Connor, Sheehan",1000132277,Right,NJI_HIG,Undefined,8,Top,2,2,1,Sinker,Sinker,BallCalled,Undefined,Undefined,Undefined,0,0,,93.1857,-3.14329,-3.089313,2288.669566,245.802587,2:15,5.69202,2.12342,6.00664,-21.63131,10.39379,20.92541,0.97007,1.00225,85.68187,-7.171358,0.673591,0.407302,,,,,,,,,,,,-11.61871,6.49233,-1.89208,50,5.43264,6.39802,-135.14853,-8.16278,-21.57049,28.41061,-20.12084,BOC_EAG,NJI_HIG,HarringtonVillage,D1,ACC,20260510-HarringtonVillage-2,b55bf020-4cbc-11f1-ac59-670a1e020da9,92.54171,,,7.50382,,,,,,,c0d103a8-7181-4857-96e7-9fcaa0451196,2026-05-10,22:08:00.04,2026-05-10T18:08:00.0444928-04:00,2026-05-10T22:08:00.0444928Z,,v3,227,471378,,"Gonzalez, Cesar",831498,Right,BOC_EAG,2cc9121c-ed86-476e-baaf-b493f85c77b1,54.49422,-136.09001,14.20531,5.69209,-7.496,-10.06042,-2.11594,7.11284,-10.78525,,,,,,,,,,,,,,,,,,,,,,,,,,,,,,,,,,,,,,,,,,,,,,,,,,,High,High,High,,,,,,234.801009,-3.840139,2283.531035,0.997755,1:45,0.080422,-0.810421,-0.580301,-97.93445,-39.120727,-41.058819,167.941453,63.292045,0.093894,0.893309,-0.439525,63.801891,5.387645,0.893309,0.093894,0.439525,-63.801891,-5.387645,-0.893309,-0.093894,0.439525,-167.941453,-63.292045,-0.093894,-0.893309,-0.439525,,,
247,2026-05-10,18:08:19.36,4,5,"Kipp, Kyle",822339,Right,BOC_EAG,"O'Connor, Sheehan",1000132277,Right,NJI_HIG,Undefined,8,Top,2,3,1,Sinker,Sinker,FoulBallNotFieldable,Undefined,Undefined,Undefined,0,0,,93.41373,-1.259355,-4.106343,2207.834547,238.705676,2:00,5.72977,2.25626,5.85173,-18.34068,14.31965,21.56934,3.02801,0.23164,83.94488,-4.750571,-0.248686,0.411322,42.32458,20.665685,-169.409215,2595.275292,,,,69.94459,40.85672,-167.832882,1.276316,-12.23501,8.04776,-1.93433,50,5.6166,8.70691,-135.16484,-3.56087,-22.29063,33.63773,-17.51207,BOC_EAG,NJI_HIG,HarringtonVillage,D1,ACC,20260510-HarringtonVillage-2,c0dc1f10-4cbc-11f1-ac59-670a1e020da9,91.63738,8.91692,,9.46885,,,,,,,c0d103a8-7181-4857-96e7-9fcaa0451196,2026-05-10,22:08:19.36,2026-05-10T18:08:19.3606144-04:00,2026-05-10T22:08:19.3606144Z,GroundBall,v3,227,471378,,"Gonzalez, Cesar",831498,Right,BOC_EAG,c3fa1b47-151a-4252-8264-c9c47717d7f1,54.6447,-136.31584,16.81887,5.72819,-2.96165,-8.75603,-2.24531,9.46964,-11.14531,342.046903,-2.05049,-57.09352,3.62219,0.34131,0.4271,-1.23379,1.37456,-0.72264,0.14585,2.99108,21.90749,-21.37324,2.28883,-0.43319,0.15121,-0.14846,0.10401,-0.02683,-0.42322,-10.67477,0.00825,-0.40101,-0.06466,0.25743,-0.25135,0.12368,-0.02416,,,,,,,,,,,,,,,,,,,,,,,High,High,High,High,Medium,,,,231.092745,3.605223,2203.465244,0.998021,1:45,-0.090565,-0.777818,-0.62193,70.639058,46.795552,-71.204487,175.491524,-69.631641,0.027359,-0.937474,-0.346977,69.689511,-1.567772,0.937474,-0.027359,0.346977,-69.689511,1.567772,-0.937474,0.027359,0.346977,-175.491524,69.631641,-0.027359,0.937474,-0.346977,74.02097,25.30645,72.54423
248,2026-05-10,18:08:45.55,4,6,"Kipp, Kyle",822339,Right,BOC_EAG,"O'Connor, Sheehan",1000132277,Right,NJI_HIG,Undefined,8,Top,2,3,2,ChangeUp,Changeup,InPlay,Undefined,GroundBall,Out,1,0,,79.80178,0.085257,-3.680356,1840.584925,219.087747,1:15,5.43014,2.19507,6.30532,-28.43332,15.42564,11.25194,3.13941,-0.26251,72.02348,-5.31465,-1.650927,0.476651,75.87912,4.143566,15.567765,1239.506328,,,,72.65058,70.13287,13.857741,0.676357,-7.0491,8.44524,-1.93012,50,5.42284,7.03595,-115.64771,-0.57917,-9.40799,24.48822,-20.9027,BOC_EAG,NJI_HIG,HarringtonVillage,D1,ACC,20260510-HarringtonVillage-2,d088e0b0-4cbc-11f1-ac59-670a1e020da9,79.07763,4.04575,,7.7783,,,,2.53062,3.22667,0.20936,c0d103a8-7181-4857-96e7-9fcaa0451196,2026-05-10,22:08:45.55,2026-05-10T18:08:45.5583744-04:00,2026-05-10T22:08:45.5583744Z,GroundBall,v3,227,471378,,"Gonzalez, Cesar",831498,Right,BOC_EAG,c7837b90-82c3-44af-9487-f3b0d10cadc7,54.1917,-116.53192,12.24411,5.43013,0.17557,-10.45135,-2.19031,7.37565,-4.704,53.360856,2.5407,106.72477,-9.17696,,,,,,,3.24869,7.60371,-18.38927,,,,,,,0.22289,29.51888,-6.12089,,,,,,,,,,,,,,,,,,,,,,,,,,,,,High,High,High,High,High,,,,243.010103,31.286611,1572.927448,0.85458,2:00,-0.544274,-0.760731,-0.353629,12.26092,-15.629755,49.663426,94.083156,5.446089,0.992959,0.094909,-0.070883,53.245814,83.196928,0.094909,0.992959,0.070883,-53.245814,-83.196928,-0.094909,-0.992959,0.070883,-94.083156,-5.446089,-0.992959,-0.094909,-0.070883,64.51537,17.66375,1.82542
249,2026-05-10,18:11:09.59,1,1,"Sybirski, Becker",1000471068,Right,NJI_HIG,"Williams, Ben",831962,Right,BOC_EAG,Undefined,8,Bottom,0,0,0,Slider,Curveball,StrikeCalled,Undefined,Undefined,Undefined,0,0,,76.50263,1.445576,-0.778373,2489.599288,54.950773,7:45,5.3714,1.28122,5.20018,-52.95948,-4.1228,-7.96382,2.31817,-0.11458,70.5448,-8.147565,-2.190968,0.502973,,,,,,,,,,,,3.75425,-1.97272,-1.20292,50,5.46523,1.82377,-111.0837,0.97397,4.70348,19.4029,-34.64552,BOC_EAG,NJI_HIG,HarringtonVillage,D1,ACC,20260510-HarringtonVillage-2,2665c610-4cbd-11f1-ac59-670a1e020da9,74.9393,,,5.95783,,,,,,,c0d103a8-7181-4857-96e7-9fcaa0451196,2026-05-10,22:11:09.59,2026-05-10T18:11:09.5997952-04:00,2026-05-10T22:11:09.5997952Z,,v3,227,471378,,"Klock, Connor ",1000305212,Right,NJI_HIG,20654f4e-7863-4e65-8153-880197220b28,55.30017,-112.00565,9.70145,5.37984,2.62019,-17.32276,-1.28427,1.60028,2.35174,,,,,,,,,,,,,,,,,,,,,,,,,,,,,,,,,,,,,,,,,,,,,,,,,,,High,High,High,,,,,,44.788052,65.086313,1048.749877,0.421252,7:30,-0.895024,0.319552,0.311158,60.329772,51.185136,51.549824,151.581548,-24.043783,0.434615,-0.407435,-0.803185,26.89747,-25.760803,0.407435,-0.434615,0.803185,-26.89747,25.760803,-0.407435,0.434615,0.803185,-151.581548,24.043783,-0.434615,0.407435,-0.803185,,,
250,2026-05-10,18:11:22.21,1,2,"Sybirski, Becker",1000471068,Right,NJI_HIG,"Williams, Ben",831962,Right,BOC_EAG,Undefined,8,Bottom,0,0,1,Curveball,Curveball,BallCalled,Undefined,Undefined,Undefined,0,0,,75.52457,0.940792,0.017141,2587.465107,18.827109,6:45,5.70747,0.79446,5.12863,-64.08893,-13.54253,-5.16331,1.25285,0.38032,69.58037,-10.595884,-0.900066,0.511701,,,,,,,,,,,,2.58917,-6.61465,-0.79184,50,5.74541,0.16686,-109.66833,-0.42622,3.13556,20.4133,-40.18456,BOC_EAG,NJI_HIG,HarringtonVillage,D1,ACC,20260510-HarringtonVillage-2,2dee2df0-4cbd-11f1-ac59-670a1e020da9,73.66103,,,5.9442,,,,,,,c0d103a8-7181-4857-96e7-9fcaa0451196,2026-05-10,22:11:22.21,2026-05-10T18:11:22.2107648-04:00,2026-05-10T22:11:22.2107648Z,,v3,227,471378,,"Klock, Connor ",1000305212,Right,NJI_HIG,ccbaa27e-a42c-493c-8bc2-54d14cf10e1c,55.37435,-110.66417,10.20665,5.71839,1.53414,-20.09228,-0.79625,0.0139,1.56778,,,,,,,,,,,,,,,,,,,,,,,,,,,,,,,,,,,,,,,,,,,,,,,,,,,High,High,High,,,,,,24.341151,49.787505,1670.530184,0.645624,6:45,-0.759359,0.278609,0.588006,-59.276167,-26.558966,8.151571,145.142082,21.982785,0.52999,0.374328,-0.760913,26.194679,32.004783,0.374328,0.52999,0.760913,-26.194679,-32.004783,-0.374328,-0.52999,0.760913,-145.142082,-21.982785,-0.52999,-0.374328,-0.760913,,,
251,2026-05-10,18:11:37.96,1,3,"Sybirski, Becker",1000471068,Right,NJI_HIG,"Williams, Ben",831962,Right,BOC_EAG,Undefined,8,Bottom,0,1,1,Curveball,Curveball,BallCalled,Undefined,Undefined,Undefined,0,0,,76.18904,-0.805699,-2.15053,2655.097439,26.350462,7:00,5.61165,1.00821,5.12317,-61.29491,-11.46709,-6.46142,-0.25572,-1.55677,70.43931,-11.786546,-3.297928,0.508051,,,,,,,,,,,,2.61425,-5.16067,-0.80072,50,5.48749,4.39764,-110.53396,-3.67557,3.21044,21.0588,-38.5116,BOC_EAG,NJI_HIG,HarringtonVillage,D1,ACC,20260510-HarringtonVillage-2,374bf210-4cbd-11f1-ac59-670a1e020da9,74.19026,,,5.74973,,,,,,,c0d103a8-7181-4857-96e7-9fcaa0451196,2026-05-10,22:11:37.96,2026-05-10T18:11:37.9643392-04:00,2026-05-10T22:11:37.9643392Z,,v3,227,471378,,"Klock, Connor ",1000305212,Right,NJI_HIG,458421b8-433c-49b0-b3fe-093feb023aa3,55.37961,-111.55417,10.5294,5.62036,-1.80985,-19.2558,-1.01,4.24211,1.60522,,,,,,,,,,,,,,,,,,,,,,,,,,,,,,,,,,,,,,,,,,,,,,,,,,,High,High,High,,,,,,27.94021,59.189788,1359.930163,0.512196,7:00,-0.844571,0.227889,0.484527,-25.287588,-39.570879,-23.775451,146.564842,20.988796,0.514435,0.358185,-0.779141,24.689119,30.959684,0.358185,0.514435,0.779141,-24.689119,-30.959684,-0.358185,-0.514435,0.779141,-146.564842,-20.988796,-0.514435,-0.358185,-0.779141,,,
252,2026-05-10,18:11:54.52,1,4,"Sybirski, Becker",1000471068,Right,NJI_HIG,"Williams, Ben",831962,Right,BOC_EAG,Undefined,8,Bottom,0,2,1,Fastball,Four-Seam,BallCalled,Undefined,Undefined,Undefined,0,0,,87.09537,1.018519,-0.893908,2265.910838,200.668739,12:45,5.51245,1.01783,6.04382,-20.01946,16.73647,5.86311,4.78735,0.67876,79.09798,-2.796242,0.161021,0.43635,,,,,,,,,,,,-3.25685,8.65886,-0.95121,50,5.58094,1.73023,-126.45743,1.6784,-5.24993,26.88013,-18.21636,BOC_EAG,NJI_HIG,HarringtonVillage,D1,ACC,20260510-HarringtonVillage-2,41263930-4cbd-11f1-ac59-670a1e020da9,86.38119,,,7.99739,,,,,,,c0d103a8-7181-4857-96e7-9fcaa0451196,2026-05-10,22:11:54.52,2026-05-10T18:11:54.5292288-04:00,2026-05-10T22:11:54.5292288Z,,v3,227,471378,,"Klock, Connor ",1000305212,Right,NJI_HIG,3de736ff-b3bb-473d-aba2-0cf618123de8,54.45201,-127.40025,13.44007,5.51086,2.31734,-9.10818,-1.01512,1.91437,-2.62497,,,,,,,,,,,,,,,,,,,,,,,,,,,,,,,,,,,,,,,,,,,,,,,,,,,High,High,High,,,,,,210.743504,33.616467,1886.964811,0.832762,1:00,-0.572208,-0.415796,-0.706888,-53.003312,-48.893643,-83.89706,162.091765,-12.372292,0.300352,-0.214263,-0.929451,12.9814,-17.478756,0.214263,-0.300352,0.929451,-12.9814,17.478756,-0.214263,0.300352,0.929451,-162.091765,12.372292,-0.300352,0.214263,-0.929451,,,
253,2026-05-10,18:12:10.11,1,5,"Sybirski, Becker",1000471068,Right,NJI_HIG,"Williams, Ben",831962,Right,BOC_EAG,Undefined,8,Bottom,0,3,1,Fastball,Four-Seam,FoulBallNotFieldable,Undefined,Undefined,Undefined,0,0,,87.48676,-0.981216,-2.167146,2272.366562,208.420645,1:00,5.35058,1.11402,6.01276,-20.17871,16.34973,8.18867,2.75931,-0.21212,79.55794,-4.810871,-0.695173,0.434998,,,,,,,,,,,,-4.85138,9.06036,-0.94842,50,5.26258,4.47017,-126.96775,-2.76657,-7.87486,27.3617,-17.46713,BOC_EAG,NJI_HIG,HarringtonVillage,D1,ACC,20260510-HarringtonVillage-2,4a6eeeb0-4cbd-11f1-ac59-670a1e020da9,86.64973,,,7.92882,,,,,,,c0d103a8-7181-4857-96e7-9fcaa0451196,2026-05-10,22:12:10.11,2026-05-10T18:12:10.1189632-04:00,2026-05-10T22:12:10.1189632Z,,v3,227,471378,,"Klock, Connor ",1000305212,Right,NJI_HIG,9ed50fe8-d3eb-42be-8694-38a28e9512c2,54.48464,-127.93055,13.68085,5.34911,-2.15194,-8.73357,-1.11059,4.74727,-3.93743,,,,,,,,,,,,,,,,,,,,,,,,,,,,,,,,,,,,,,,,,,,,,,,,,,,High,High,High,,,,,,216.733289,30.862481,1950.601737,0.858401,1:15,-0.529766,-0.522111,-0.668392,113.471807,31.258191,-32.684099,161.340841,-11.957962,0.312995,-0.207194,-0.926879,12.600704,-18.239819,0.207194,-0.312995,0.926879,-12.600704,18.239819,-0.207194,0.312995,0.926879,-161.340841,11.957962,-0.312995,0.207194,-0.926879,,,
254,2026-05-10,18:12:31.23,1,6,"Sybirski, Becker",1000471068,Right,NJI_HIG,"Williams, Ben",831962,Right,BOC_EAG,Undefined,8,Bottom,0,3,2,Slider,Curveball,StrikeCalled,Strikeout,Undefined,Undefined,0,0,,76.80894,0.82482,-1.861707,2568.656273,43.463569,7:30,5.28878,1.23061,5.58612,-53.7094,-5.39071,-6.63319,1.58368,-1.06126,70.2202,-8.978818,-3.046503,0.500298,,,,,,,,,,,,2.79032,-2.51921,-1.06623,50,5.32461,3.87286,-111.44242,-0.15397,3.47339,21.92922,-35.30998,BOC_EAG,NJI_HIG,HarringtonVillage,D1,ACC,20260510-HarringtonVillage-2,57183450-4cbd-11f1-ac59-670a1e020da9,75.33994,,,6.58875,,,,,,,c0d103a8-7181-4857-96e7-9fcaa0451196,2026-05-10,22:12:31.23,2026-05-10T18:12:31.2380000-04:00,2026-05-10T22:12:31.2380000Z,,v3,227,471378,,"Klock, Connor ",1000305212,Right,NJI_HIG,c3c95272-f02e-490e-8aaf-30c00d9a7586,54.91361,-112.40514,10.96461,5.29734,1.39618,-17.65499,-1.23291,3.72037,1.73669,,,,,,,,,,,,,,,,,,,,,,,,,,,,,71.49193,,,0.896924,,,,6.30067,5.58553,-0.32925,73.10284,8.16701,-51.69428,6.3662,79.67211,-5.83182,5.62305,14.62077,-13.11441,-0.44047,-64.25936,7.86711,High,High,High,,,High,High,High,39.152964,65.894573,1049.082687,0.408417,7:15,-0.89822,0.270985,0.346076,46.343161,61.348908,52.333831,147.298595,-30.859463,0.463775,-0.512934,-0.722365,35.377644,-27.63098,0.512934,-0.463775,0.722365,-35.377644,27.63098,-0.512934,0.463775,0.722365,-147.298595,30.859463,-0.463775,0.512934,-0.722365,,,
255,2026-05-10,18:12:59.48,2,1,"Sybirski, Becker",1000471068,Right,NJI_HIG,"Surowiec, Danny",831970,Left,BOC_EAG,Undefined,8,Bottom,1,0,0,ChangeUp,Changeup,StrikeCalled,Undefined,Undefined,Undefined,0,0,,80.71058,0.898871,-1.988286,1541.46634,229.250413,1:45,5.10381,1.6273,5.88363,-33.421,10.34816,10.09926,3.15401,0.6218,72.38121,-5.37491,-0.176992,0.476163,,,,,,,,,,,,-5.7713,5.48351,-1.47235,50,5.15759,3.65275,-116.91183,0.81645,-7.82641,26.19615,-24.73796,BOC_EAG,NJI_HIG,HarringtonVillage,D1,ACC,20260510-HarringtonVillage-2,67e13b60-4cbd-11f1-ac59-670a1e020da9,79.15872,,,8.32938,,,,,,,c0d103a8-7181-4857-96e7-9fcaa0451196,2026-05-10,22:12:59.48,2026-05-10T18:12:59.4878464-04:00,2026-05-10T22:12:59.4878464Z,,v3,227,471378,,"Klock, Connor ",1000305212,Right,NJI_HIG,058433da-7b1a-482c-b53c-1702331469b7,54.60954,-117.94015,13.09807,5.10648,1.78753,-12.36898,-1.62177,3.95997,-3.9132,,,,,,,,,,,,,,,,,,,,,,,,,,,,,,,,,,,,,,,,,,,,,,,,,,,High,High,High,,,,,,233.421498,19.716359,1451.096739,0.941374,1:45,-0.368435,-0.750577,-0.548534,56.541889,50.103962,-3.330818,108.605875,-12.290558,0.926014,-0.212869,-0.311744,34.326594,-67.821792,0.212869,-0.926014,0.311744,-34.326594,67.821792,-0.212869,0.926014,0.311744,-108.605875,12.290558,-0.926014,0.212869,-0.311744,,,
256,2026-05-10,18:13:12.55,2,2,"Sybirski, Becker",1000471068,Right,NJI_HIG,"Surowiec, Danny",831970,Left,BOC_EAG,Undefined,8,Bottom,1,0,1,Fastball,Four-Seam,BallCalled,Undefined,Undefined,Undefined,0,0,,86.87492,0.376051,-1.817981,2228.870588,219.153897,1:15,5.33338,1.42881,5.85645,-22.10686,15.11855,11.31312,3.84072,0.68193,78.93813,-3.798938,0.209928,0.439128,,,,,,,,,,,,-6.27248,7.97276,-1.28766,50,5.35108,3.52353,-126.08165,0.15158,-10.05107,26.7185,-19.39848,BOC_EAG,NJI_HIG,HarringtonVillage,D1,ACC,20260510-HarringtonVillage-2,6faf5ed0-4cbd-11f1-ac59-670a1e020da9,85.83477,,,7.9368,,,,,,,c0d103a8-7181-4857-96e7-9fcaa0451196,2026-05-10,22:13:12.55,2026-05-10T18:13:12.5542912-04:00,2026-05-10T22:13:12.5542912Z,,v3,227,471378,,"Klock, Connor ",1000305212,Right,NJI_HIG,dd24939b-3762-4a1e-b4e9-e4accc83199e,54.63986,-127.06109,13.35925,5.33249,0.86269,-9.69924,-1.42358,3.89199,-5.02554,,,,,,,,,,,,,,,,,,,,,,,,,,,,,,,,,,,,,,,,,,,,,,,,,,,High,High,High,,,,,,222.265187,32.127383,1887.558848,0.846868,1:30,-0.555143,-0.566069,-0.609411,107.158106,33.805259,-44.379624,164.57784,-19.781814,0.250236,-0.338439,-0.907106,20.46044,-14.491481,0.338439,-0.250236,0.907106,-20.46044,14.491481,-0.338439,0.250236,0.907106,-164.57784,19.781814,-0.250236,0.338439,-0.907106,,,
257,2026-05-10,18:13:27.43,2,3,"Sybirski, Becker",1000471068,Right,NJI_HIG,"Surowiec, Danny",831970,Left,BOC_EAG,Undefined,8,Bottom,1,1,1,Slider,Curveball,FoulBallNotFieldable,Undefined,Undefined,Undefined,0,0,,76.58741,0.588635,-0.77984,2681.527501,44.853394,7:30,5.61284,1.17345,5.02094,-56.62397,-6.79867,-8.48713,1.44973,-0.26977,69.78805,-9.641049,-2.282304,0.508038,89.19075,25.069572,37.560089,3060.896443,82.19754,40.79062,73.09934,279.64996,237.03374,49.945035,3.725466,3.99177,-3.1524,-1.09149,50,5.62321,1.84818,-111.03273,-0.84722,4.90962,22.6192,-36.05129,BOC_EAG,NJI_HIG,HarringtonVillage,D1,ACC,20260510-HarringtonVillage-2,788ecb30-4cbd-11f1-ac59-670a1e020da9,74.19212,47.03842,,6.79936,,,,2.80751,1.84654,0.29196,c0d103a8-7181-4857-96e7-9fcaa0451196,2026-05-10,22:13:27.43,2026-05-10T18:13:27.4340864-04:00,2026-05-10T22:13:27.4340864Z,LineDrive,v3,227,471378,,"Klock, Connor ",1000305212,Right,NJI_HIG,8252e467-24f9-4ef3-9588-45aae87392d9,55.47929,-112.1434,11.3096,5.62135,0.923,-18.02565,-1.17632,1.6071,2.45481,,2.81091,93.82758,-22.49003,4.36694,0.14955,-0.64921,0.26607,-0.05025,0.00378,1.84632,55.43383,-19.23565,1.58287,-0.19689,0.03906,-0.00972,0.00259,-0.00035,0.29064,72.27398,-3.1883,-0.54513,-0.22007,0.37739,-0.17259,0.03638,-0.00303,,,,,,,,,,,,,,,,,,,,,,,High,High,High,High,Medium,,,,29.111401,55.02725,1537.016112,0.573187,7:00,-0.809625,0.287264,0.511846,-40.84038,-40.702161,-16.191455,142.180443,18.464207,0.581611,0.316712,-0.749281,22.913212,35.563962,0.316712,0.581611,0.749281,-22.913212,-35.563962,-0.316712,-0.581611,0.749281,-142.180443,-18.464207,-0.581611,-0.316712,-0.749281,74.8909,20.56518,25.45493
258,2026-05-10,18:14:00.05,2,4,"Sybirski, Becker",1000471068,Right,NJI_HIG,"Surowiec, Danny",831970,Left,BOC_EAG,Undefined,8,Bottom,1,1,2,Fastball,Four-Seam,BallCalled,Undefined,Undefined,Undefined,0,0,,87.73955,0.922611,-1.945375,2203.305949,214.961951,1:15,5.43282,1.16075,6.19711,-19.04399,17.93414,11.48875,4.6981,0.32158,77.65246,-2.785188,0.126624,0.437667,,,,,,,,,,,,-6.53973,9.29347,-1.01929,50,5.49259,3.81559,-127.00353,1.56193,-10.35307,33.45738,-17.46149,BOC_EAG,NJI_HIG,HarringtonVillage,D1,ACC,20260510-HarringtonVillage-2,8c036a40-4cbd-11f1-ac59-670a1e020da9,86.12126,,,10.08709,,,,,,,c0d103a8-7181-4857-96e7-9fcaa0451196,2026-05-10,22:14:00.05,2026-05-10T18:14:00.0506880-04:00,2026-05-10T22:14:00.0506880Z,,v3,227,471378,,"Klock, Connor ",1000305212,Right,NJI_HIG,9e50faa5-f159-4c88-b57c-8c60f18ec02b,54.29282,-128.12943,16.72869,5.43014,2.14953,-8.73075,-1.15355,4.16399,-5.17654,,,,,,,,,,,,,,,,,,,,,,,,,,,,,,,,,,,,,,,,,,,,,,,,,,,High,High,High,,,,,,217.737464,25.138324,1994.619516,0.905285,1:15,-0.457725,-0.547162,-0.700786,32.613255,56.427043,74.896155,166.511625,-14.316607,0.226004,-0.24728,-0.942218,14.705326,-13.061944,0.24728,-0.226004,0.942218,-14.705326,13.061944,-0.24728,0.226004,0.942218,-166.511625,14.316607,-0.226004,0.24728,-0.942218,,,
259,2026-05-10,18:14:16.80,2,5,"Sybirski, Becker",1000471068,Right,NJI_HIG,"Surowiec, Danny",831970,Left,BOC_EAG,Undefined,8,Bottom,1,2,2,Fastball,Four-Seam,InPlay,Undefined,GroundBall,Out,1,0,,87.86661,-1.480373,-2.254138,2253.793804,206.532086,1:00,5.27569,1.20513,6.08958,-20.48694,16.33332,7.43119,2.19769,-0.26181,78.48193,-5.408778,-0.916393,0.436732,88.53521,-23.816,31.161515,,,,,6.12533,1.84656,26.637066,0.040962,-4.63378,9.35371,-1.03516,50,5.15086,4.70283,-127.25789,-3.87097,-7.40249,32.40138,-17.23147,BOC_EAG,NJI_HIG,HarringtonVillage,D1,ACC,20260510-HarringtonVillage-2,95f2c000-4cbd-11f1-ac59-670a1e020da9,86.30567,2.15189,,9.38468,,,,1.30336,2.15189,0.22348,c0d103a8-7181-4857-96e7-9fcaa0451196,2026-05-10,22:14:16.80,2026-05-10T18:14:16.8073728-04:00,2026-05-10T22:14:16.8073728Z,GroundBall,v3,227,471378,,"Klock, Connor ",1000305212,Right,NJI_HIG,fd903ba0-414f-455c-b49e-3a4a9308a362,54.4055,-128.37469,16.20069,5.27405,-3.27704,-8.61573,-1.20165,4.95798,-3.70124,,1.30208,101.8469,,,,,,,,2.15255,-52.53381,,,,,,,,0.22271,61.58721,,,,,,,,,,,,,,,,,,,,,,,,,,,,,,High,High,High,Low,Low,,,,221.415179,29.648121,1958.726608,0.86908,1:30,-0.504918,-0.587493,-0.632384,109.325648,25.801269,-35.024353,161.323888,-11.940395,0.31329,-0.206894,-0.926847,12.583471,-18.25759,0.206894,-0.31329,0.926847,-12.583471,18.25759,-0.206894,0.31329,0.926847,-161.323888,11.940395,-0.31329,0.206894,-0.926847,,,
260,2026-05-10,18:14:51.88,3,1,"Sybirski, Becker",1000471068,Right,NJI_HIG,"Gonzalez, Cesar",831498,Right,BOC_EAG,Undefined,8,Bottom,2,0,0,Curveball,Curveball,BallCalled,Undefined,Undefined,Undefined,0,0,,78.97726,0.363191,-2.086338,2600.700182,42.910012,7:30,5.24702,1.30015,5.27762,-49.6592,-2.90154,-4.30248,1.4501,-1.01874,71.35788,-8.690642,-2.85028,0.49215,,,,,,,,,,,,1.44417,-1.07449,-1.10638,50,5.24396,4.34134,-114.35748,-1.00953,1.87271,25.17315,-33.56738,BOC_EAG,NJI_HIG,HarringtonVillage,D1,ACC,20260510-HarringtonVillage-2,aaedff10-4cbd-11f1-ac59-670a1e020da9,76.58725,,,7.61938,,,,,,,c0d103a8-7181-4857-96e7-9fcaa0451196,2026-05-10,22:14:51.88,2026-05-10T18:14:51.8894080-04:00,2026-05-10T22:14:51.8894080Z,,v3,227,471378,,"Klock, Connor ",1000305212,Right,NJI_HIG,75e9b62e-2c7a-433a-9647-227a4d6553e9,55.21938,-115.5007,12.58657,5.25519,0.5149,-16.78369,-1.30161,4.25629,0.93636,,,,,,,,,,,,,,,,,,,,,,,,,,,,,,,,,,,,,,,,,,,,,,,,,,,High,High,High,,,,,,44.866878,74.440595,697.604874,0.268237,7:30,-0.954575,0.195334,0.225013,55.12106,36.504838,50.733569,146.70215,-24.882919,0.498028,-0.420765,-0.758238,29.027011,-29.869639,0.420765,-0.498028,0.758238,-29.027011,29.869639,-0.420765,0.498028,0.758238,-146.70215,24.882919,-0.498028,0.420765,-0.758238,,,
261,2026-05-10,18:15:12.28,3,2,"Sybirski, Becker",1000471068,Right,NJI_HIG,"Gonzalez, Cesar",831498,Right,BOC_EAG,Undefined,8,Bottom,2,1,0,Curveball,Curveball,StrikeCalled,Undefined,Undefined,Undefined,0,0,,75.07205,2.780967,0.855521,2624.158801,54.871018,7:45,5.62792,0.83572,4.91917,-58.48023,-6.72536,-11.96879,3.38621,0.64723,68.49179,-7.786399,-1.255143,0.517782,,,,,,,,,,,,6.12744,-3.58315,-0.9087,50,5.8505,-1.1391,-108.78125,3.21551,7.3002,20.10171,-36.44301,BOC_EAG,NJI_HIG,HarringtonVillage,D1,ACC,20260510-HarringtonVillage-2,b71829a0-4cbd-11f1-ac59-670a1e020da9,72.79594,,,6.58025,,,,,,,c0d103a8-7181-4857-96e7-9fcaa0451196,2026-05-10,22:15:12.28,2026-05-10T18:15:12.2861056-04:00,2026-05-10T22:15:12.2861056Z,,v3,227,471378,,"Klock, Connor ",1000305212,Right,NJI_HIG,7b17ad72-83e7-46e8-ba9b-af2eb6102a22,55.58089,-109.8077,10.05085,5.6388,5.07639,-18.2215,-0.84102,-1.51187,3.6501,,,,,,,,,,,,,,,,,,,,,,,,,,,,,,,,,,,,,,,,,,,,,,,,,,,High,High,High,,,,,,29.135043,50.403799,1672.567713,0.637373,7:00,-0.762821,0.347338,0.5454,-39.478126,-32.057826,-25.273972,139.811571,24.869351,0.585464,0.420551,-0.693087,31.248499,35.835766,0.420551,0.585464,0.693087,-31.248499,-35.835766,-0.420551,-0.585464,0.693087,-139.811571,-24.869351,-0.585464,-0.420551,-0.693087,,,
262,2026-05-10,18:16:15.61,3,3,"Sybirski, Becker",1000471068,Right,NJI_HIG,"Gonzalez, Cesar",831498,Right,BOC_EAG,Undefined,8,Bottom,2,1,1,Slider,Curveball,BallCalled,Undefined,Undefined,Undefined,0,0,,78.74318,0.309069,-2.549548,2563.367135,55.237978,7:45,5.28153,1.2855,5.49417,-49.05955,-2.36575,-5.88949,1.48263,-1.59177,71.16435,-8.668938,-3.598612,0.491814,,,,,,,,,,,,2.09331,-0.77024,-1.05826,50,5.27583,5.31188,-114.0168,-1.04426,2.69736,25.09049,-33.16654,BOC_EAG,NJI_HIG,HarringtonVillage,D1,ACC,20260510-HarringtonVillage-2,dcd1c160-4cbd-11f1-ac59-670a1e020da9,76.63958,,,7.57883,,,,,,,c0d103a8-7181-4857-96e7-9fcaa0451196,2026-05-10,22:16:15.61,2026-05-10T18:16:15.6187648-04:00,2026-05-10T22:16:15.6187648Z,,v3,227,471378,,"Klock, Connor ",1000305212,Right,NJI_HIG,c5d7ac49-885d-4f59-a762-c72af2cf28b6,55.00239,-115.11237,12.54525,5.28981,0.40394,-16.58327,-1.28763,5.1941,1.34868,,,,,,,,,,,,,,,,,,,,,,,,,,,,,,,,,,,,,,,,,,,,,,,,,,,High,High,High,,,,,,46.959716,74.066884,703.682826,0.274515,7:30,-0.951201,0.20582,0.2299,49.021717,42.905192,49.153399,146.136058,-26.58924,0.49829,-0.447591,-0.742543,31.08081,-29.886921,0.447591,-0.49829,0.742543,-31.08081,29.886921,-0.447591,0.49829,0.742543,-146.136058,26.58924,-0.49829,0.447591,-0.742543,,,
263,2026-05-10,18:16:33.46,3,4,"Sybirski, Becker",1000471068,Right,NJI_HIG,"Gonzalez, Cesar",831498,Right,BOC_EAG,Undefined,8,Bottom,2,2,1,Fastball,Four-Seam,StrikeCalled,Undefined,Undefined,Undefined,0,0,,87.17644,-2.209341,-1.159203,2221.541126,194.223613,12:30,5.72202,0.59677,6.09831,-18.02729,18.93233,4.46166,2.17496,-0.10369,78.78234,-5.66811,-0.355258,0.437558,,,,,,,,,,,,-2.65638,10.83756,-0.50981,50,5.54242,2.37411,-126.40252,-5.35771,-4.24047,28.97167,-14.8738,BOC_EAG,NJI_HIG,HarringtonVillage,D1,ACC,20260510-HarringtonVillage-2,e76b87f0-4cbd-11f1-ac59-670a1e020da9,86.14282,,,8.39409,,,,,,,c0d103a8-7181-4857-96e7-9fcaa0451196,2026-05-10,22:16:33.46,2026-05-10T18:16:33.4601216-04:00,2026-05-10T22:16:33.4601216Z,,v3,227,471378,,"Klock, Connor ",1000305212,Right,NJI_HIG,41ed5bea-d1f5-400e-8e14-886182e78fb4,54.39682,-127.40629,14.48584,5.71912,-4.84238,-7.4369,-0.59461,2.52103,-2.12023,,,,,,,,,,,,,,,,,,,,,,,,,,,,,,,,,,,,,,,,,,,,,,,,,,,High,High,High,,,,,,203.740953,29.23423,1938.584464,0.87263,12:45,-0.490537,-0.369889,-0.789022,-48.360189,-35.946662,-78.768678,165.317453,-13.111453,0.246856,-0.226846,-0.942127,13.538021,-14.291525,0.226846,-0.246856,0.942127,-13.538021,14.291525,-0.226846,0.246856,0.942127,-165.317453,13.111453,-0.246856,0.226846,-0.942127,,,
264,2026-05-10,18:16:50.90,3,5,"Sybirski, Becker",1000471068,Right,NJI_HIG,"Gonzalez, Cesar",831498,Right,BOC_EAG,Undefined,8,Bottom,2,2,2,Fastball,Four-Seam,StrikeSwinging,Strikeout,Undefined,Undefined,0,0,,88.72073,-0.640052,-1.097545,2295.938454,203.569591,12:45,5.43747,1.03819,6.03005,-19.74178,15.94922,6.41048,3.19946,0.55587,80.14895,-4.404363,0.055979,0.429982,,,,,,,,,,,,-3.61122,8.75434,-0.9557,50,5.37677,2.19229,-128.7233,-2.01287,-5.98666,29.70094,-17.66109,BOC_EAG,NJI_HIG,HarringtonVillage,D1,ACC,20260510-HarringtonVillage-2,f1d20980-4cbd-11f1-ac59-670a1e020da9,87.66043,,,8.57178,,,,,,,c0d103a8-7181-4857-96e7-9fcaa0451196,2026-05-10,22:16:50.90,2026-05-10T18:16:50.9010000-04:00,2026-05-10T22:16:50.9010000Z,,v3,227,471378,,"Klock, Connor ",1000305212,Right,NJI_HIG,46cf6002-4d67-4243-8822-65dd593e6938,54.46463,-129.74935,14.85047,5.43577,-1.40275,-8.83054,-1.03501,2.39911,-2.99333,,,,,,,,,,,,,,,,,,,,,,,,,,,,,,,,,,,,,,,,,,,,,,,,,,,High,High,High,,,,,,215.126423,32.022424,1946.58992,0.847841,1:15,-0.537955,-0.493726,-0.683257,110.445878,25.399771,-40.570549,158.354716,-12.361352,0.360308,-0.214076,-0.907937,13.267082,-21.119112,0.214076,-0.360308,0.907937,-13.267082,21.119112,-0.214076,0.360308,0.907937,-158.354716,12.361352,-0.360308,0.214076,-0.907937,,,
265,2026-05-10,18:20:01.00,1,1,"Kipp, Kyle",822339,Right,BOC_EAG,"Sallie, Ty",1000121067,Right,NJI_HIG,Undefined,9,Top,0,0,0,Fastball,,FoulBallNotFieldable,Undefined,Undefined,Undefined,0,0,,,,,,,,,,,,,,,,,,,,,,,,,,,,,,,,,,,,,,,,,,BOC_EAG,NJI_HIG,HarringtonVillage,D1,ACC,20260510-HarringtonVillage-2,67173f30-4cbe-11f1-82c1-8fe4f8d65deb,,,,,,,,,,,c0d103a8-7181-4857-96e7-9fcaa0451196,2026-05-10,22:20:01.00,2026-05-10T18:20:01.0000000-04:00,2026-05-10T22:20:01.0000000Z,,v3,227,471378,,"Gonzalez, Cesar",831498,Right,BOC_EAG,759025ea-8a34-4665-bbd9-135699ff7b55,,,,,,,,,,,,,,,,,,,,,,,,,,,,,,,,,,,,,,,,,,,,,,,,,,,,,,,,,,,,,,,,,,,,,,,,,,,,,,,,,,,,,,,,,,,,,,,,,,,,,
266,2026-05-10,18:20:12.44,1,2,"Kipp, Kyle",822339,Right,BOC_EAG,"Sallie, Ty",1000121067,Right,NJI_HIG,Undefined,9,Top,0,0,1,Curveball,Curveball,InPlay,Undefined,FlyBall,Out,1,0,,81.44336,0.277265,-1.073461,2275.827684,6.106111,6:15,6.28997,1.34345,5.46912,-50.58357,-7.27756,-0.93917,2.3342,0.26046,74.0878,-8.940189,-1.241091,0.473637,102.12971,28.771528,-3.042269,2828.164157,109.96612,56.86128,-2.70304,384.85962,374.42706,0.471308,5.156839,0.13283,-3.40945,-1.24839,50,6.27945,2.25161,-118.15584,-1.21306,0.18503,25.60449,-36.92295,BOC_EAG,NJI_HIG,HarringtonVillage,D1,ACC,20260510-HarringtonVillage-2,69eec930-4cbe-11f1-82c1-8fe4f8d65deb,79.58087,84.86441,,7.35556,,,,2.25405,2.51281,-0.28106,c0d103a8-7181-4857-96e7-9fcaa0451196,2026-05-10,22:20:12.44,2026-05-10T18:20:12.4469760-04:00,2026-05-10T22:20:12.4469760Z,FlyBall,v3,227,471378,,"Gonzalez, Cesar",831498,Right,BOC_EAG,adbdf694-4648-4f15-a4d3-ab084d9ee974,55.03092,-119.24106,12.80225,6.2977,0.35188,-18.46148,-1.34365,2.24377,0.09252,201.561277,2.25932,131.00377,-25.09612,5.1493,-0.58304,-0.04728,0.02604,-0.00298,0.0001,2.5143,72.06038,-17.03854,0.29583,0.33406,-0.18903,0.05513,-0.00776,0.00041,-0.28227,-6.94024,6.38117,-2.22716,0.41978,-0.03875,0.00145,-0.00023,3E-05,,,,,,,,,,,,,,,,,,,,,,,High,High,High,High,High,,,,1.598635,73.434158,648.877167,0.285117,6:00,-0.952935,0.012592,0.302912,82.387543,-26.685941,80.961752,179.149468,27.026488,0.013223,0.454402,-0.890698,27.029044,0.757646,0.454402,0.013223,0.890698,-27.029044,-0.757646,-0.454402,-0.013223,0.890698,-179.149468,-27.026488,-0.013223,-0.454402,-0.890698,,,
267,2026-05-10,18:20:50.93,2,1,"Kipp, Kyle",822339,Right,BOC_EAG,"Francis, Austin",1000236684,Right,NJI_HIG,Undefined,9,Top,1,0,0,Curveball,Curveball,BallCalled,Undefined,Undefined,Undefined,0,0,,80.91018,-1.108058,-3.753532,2208.180501,350.967318,5:45,6.33562,1.36907,5.59652,-48.88148,-5.34174,1.07398,1.2253,-2.05088,74.33555,-9.981559,-3.561907,0.474913,,,,,,,,,,,,-1.65575,-1.89095,-1.04765,50,6.20906,7.64685,-117.21521,-3.97202,-2.28886,23.4792,-34.78803,BOC_EAG,NJI_HIG,HarringtonVillage,D1,ACC,20260510-HarringtonVillage-2,80e64d70-4cbe-11f1-82c1-8fe4f8d65deb,79.367,,,6.57464,,,,,,,c0d103a8-7181-4857-96e7-9fcaa0451196,2026-05-10,22:20:50.93,2026-05-10T18:20:50.9362176-04:00,2026-05-10T22:20:50.9362176Z,,v3,227,471378,,"Gonzalez, Cesar",831498,Right,BOC_EAG,b3948f62-b8c5-40f5-b2b6-1681db7ab185,54.90236,-118.19311,11.7396,6.34432,-2.5231,-17.39401,-1.36812,7.74218,-1.14443,,,,,,,,,,,,,,,,,,,,,,,,,,,,,,,,,,,,,,,,,,,,,,,,,,,High,High,High,,,,,,355.224519,72.164352,676.338397,0.306288,5:45,-0.929246,-0.043903,0.366844,93.12843,-32.846704,75.885389,178.299612,-23.885246,0.027132,-0.404906,-0.913956,23.894591,-1.554726,0.404906,-0.027132,0.913956,-23.894591,1.554726,-0.404906,0.027132,0.913956,-178.299612,23.885246,-0.027132,0.404906,-0.913956,,,
268,2026-05-10,18:21:12.83,2,2,"Kipp, Kyle",822339,Right,BOC_EAG,"Francis, Austin",1000236684,Right,NJI_HIG,Undefined,9,Top,1,1,0,Curveball,Curveball,StrikeCalled,Undefined,Undefined,Undefined,0,0,,80.58767,1.186799,-1.181696,2127.941599,327.802836,5:00,6.2886,1.27703,5.59349,-49.48318,-5.52437,4.42855,3.27349,0.54258,73.23236,-7.875076,-0.390264,0.477193,,,,,,,,,,,,-2.59847,-2.66788,-1.17858,50,6.35854,2.23206,-116.90225,0.7043,-3.55292,24.49293,-35.82189,BOC_EAG,NJI_HIG,HarringtonVillage,D1,ACC,20260510-HarringtonVillage-2,8df1b040-4cbe-11f1-82c1-8fe4f8d65deb,78.98779,,,7.3553,,,,,,,c0d103a8-7181-4857-96e7-9fcaa0451196,2026-05-10,22:21:12.83,2026-05-10T18:21:12.8384000-04:00,2026-05-10T22:21:12.8384000Z,,v3,227,471378,,"Gonzalez, Cesar",831498,Right,BOC_EAG,8f008aaf-3079-4853-ab01-d869749c365c,54.90472,-117.92539,12.24646,6.29787,2.20069,-17.91095,-1.27492,2.38048,-1.77646,,,,,,,,,,,,,,,,,,,,,,,,,,,,,,,,,,,,,,,,,,,,,,,,,,,High,High,High,,,,,,0.463422,71.319597,681.556261,0.320289,6:00,-0.940256,0.022211,0.339742,90.886312,-18.466778,83.836304,177.978181,19.433916,0.03327,0.332719,-0.942439,19.445113,1.906584,0.332719,0.03327,0.942439,-19.445113,-1.906584,-0.332719,-0.03327,0.942439,-177.978181,-19.433916,-0.03327,-0.332719,-0.942439,,,
269,2026-05-10,18:21:30.34,2,3,"Kipp, Kyle",822339,Right,BOC_EAG,"Francis, Austin",1000236684,Right,NJI_HIG,Undefined,9,Top,1,1,1,Curveball,Curveball,InPlay,Undefined,LineDrive,Single,0,0,,80.9871,0.06878,-1.24568,2220.540098,332.895582,5:00,6.36289,1.34096,5.45254,-51.68377,-7.87827,4.80752,2.12031,0.57526,73.7622,-9.336745,-0.387489,0.47636,98.68078,17.255808,-27.998063,1339.728346,95.05439,25.8743,-55.35875,281.86791,281.86791,-34.689096,2.697385,-2.83685,-3.62768,-1.23454,50,6.3331,2.36251,-117.49515,-1.68185,-3.90931,25.21496,-37.17314,BOC_EAG,NJI_HIG,HarringtonVillage,D1,ACC,20260510-HarringtonVillage-2,985d61f0-4cbe-11f1-82c1-8fe4f8d65deb,79.12587,28.37055,,7.2249,,,,2.71404,2.45874,-0.68721,c0d103a8-7181-4857-96e7-9fcaa0451196,2026-05-10,22:21:30.34,2026-05-10T18:21:30.3414784-04:00,2026-05-10T22:21:30.3414784Z,LineDrive,v3,227,471378,,"Gonzalez, Cesar",831498,Right,BOC_EAG,5c184501-5979-4b1b-a8a3-94d0a39d45e4,55.04766,-118.57345,12.60748,6.37103,-0.09217,-18.58657,-1.33914,2.52969,-1.95466,,2.71408,122.03903,-19.71533,3.56379,-0.70625,0.0822,0.00523,-0.00449,0.00059,2.45872,42.93391,-19.64851,1.87594,-0.39398,0.10592,-0.02773,0.00554,-0.00052,-0.68724,-64.88376,1.03894,0.83865,-0.34261,0.12301,-0.03536,0.00684,-0.00059,,,,,,,,,,,,,,,,,,,,,,,High,High,High,High,High,,,,357.820376,68.990874,796.100595,0.358517,6:00,-0.92553,-0.012515,0.378467,83.805382,-26.260688,79.910148,179.279312,30.831518,0.010801,0.512515,-0.85861,30.833512,0.618835,0.512515,0.010801,0.85861,-30.833512,-0.618835,-0.512515,-0.010801,0.85861,-179.279312,-30.831518,-0.010801,-0.512515,-0.85861,66.22055,17.10283,-20.7687
270,2026-05-10,18:22:10.30,3,1,"Kipp, Kyle",822339,Right,BOC_EAG,"O'Connor, Sheehan",1000132277,Right,NJI_HIG,Undefined,9,Top,1,0,0,Curveball,Curveball,StrikeSwinging,Undefined,Undefined,Undefined,0,0,,81.32788,-0.632317,-2.978588,2291.27764,349.722476,5:45,6.31229,1.44678,5.60982,-53.61778,-10.31245,2.14055,1.25311,-1.15756,74.24154,-10.37446,-2.595743,0.473633,,,,,,,,,,,,-2.03862,-4.54595,-1.1934,50,6.22381,6.04715,-117.8739,-3.19343,-2.82601,25.48037,-38.47588,BOC_EAG,NJI_HIG,HarringtonVillage,D1,ACC,20260510-HarringtonVillage-2,b03cd530-4cbe-11f1-82c1-8fe4f8d65deb,79.5815,,,7.08634,,,,,,,c0d103a8-7181-4857-96e7-9fcaa0451196,2026-05-10,22:22:10.30,2026-05-10T18:22:10.3084032-04:00,2026-05-10T22:22:10.3084032Z,,v3,227,471378,,"Gonzalez, Cesar",831498,Right,BOC_EAG,202a5f4a-8b2f-40c8-88a6-febb45c611c5,54.88977,-118.92621,12.74018,6.32288,-1.60443,-19.23794,-1.44554,6.16386,-1.41301,,,,,,,,,,,,,,,,,,,,,,,,,,,,,,,,,,,,,,,,,,,,,,,,,,,High,High,High,,,,,,357.750126,70.996382,746.103828,0.325628,6:00,-0.927115,-0.023217,0.374058,84.741663,-23.776396,78.604711,177.510856,-30.42811,0.037448,-0.506457,-0.861452,30.451734,-2.146129,0.506457,-0.037448,0.861452,-30.451734,2.146129,-0.506457,0.037448,0.861452,-177.510856,30.42811,-0.037448,0.506457,-0.861452,,,
271,2026-05-10,18:22:31.93,3,2,"Kipp, Kyle",822339,Right,BOC_EAG,"O'Connor, Sheehan",1000132277,Right,NJI_HIG,Undefined,9,Top,1,0,1,Curveball,Curveball,BallCalled,Undefined,Undefined,Undefined,0,0,,81.44421,-2.51601,-1.283945,2212.444772,336.045347,5:15,6.35142,1.54694,5.38376,-48.21266,-4.98146,2.83654,-0.02679,0.57961,75.04539,-11.210761,-0.777359,0.473228,,,,,,,,,,,,-1.82902,-1.44957,-1.43425,50,6.09177,2.53492,-118.10909,-6.89325,-2.5646,24.03766,-34.2066,BOC_EAG,NJI_HIG,HarringtonVillage,D1,ACC,20260510-HarringtonVillage-2,bd136c60-4cbe-11f1-82c1-8fe4f8d65deb,79.64969,,,6.39882,,,,,,,c0d103a8-7181-4857-96e7-9fcaa0451196,2026-05-10,22:22:31.93,2026-05-10T18:22:31.9345664-04:00,2026-05-10T22:22:31.9345664Z,,v3,227,471378,,"Gonzalez, Cesar",831498,Right,BOC_EAG,806210a1-a0a8-4cb0-86eb-3ec34a0ff93b,55.11725,-119.146,12.01883,6.3573,-5.41767,-17.1033,-1.54598,2.64555,-1.2823,,,,,,,,,,,,,,,,,,,,,,,,,,,,,,,,,,,,,,,,,,,,,,,,,,,High,High,High,,,,,,354.886116,70.7474,729.517141,0.329733,5:45,-0.934278,-0.070806,0.349443,-81.859075,43.097648,83.117599,179.944822,-21.84074,0.000894,-0.372028,-0.928221,21.840749,-0.051217,0.372028,-0.000894,0.928221,-21.840749,0.051217,-0.372028,0.000894,0.928221,-179.944822,21.84074,-0.000894,0.372028,-0.928221,,,
272,2026-05-10,18:22:57.30,3,3,"Kipp, Kyle",822339,Right,BOC_EAG,"O'Connor, Sheehan",1000132277,Right,NJI_HIG,Undefined,9,Top,1,1,1,Fastball,Four-Seam,FoulBallNotFieldable,Undefined,Undefined,Undefined,0,0,,92.8723,-3.297489,-1.832988,2336.645136,210.380757,1:00,6.31374,1.32434,5.81859,-14.63894,18.35304,10.05532,2.023,0.45747,83.86758,-6.106378,-0.031197,0.413405,,,,,,,,,,,,-5.7239,10.77056,-1.18039,50,6.03509,3.85527,-134.47126,-8.17528,-10.33729,32.88383,-12.72259,BOC_EAG,NJI_HIG,HarringtonVillage,D1,ACC,20260510-HarringtonVillage-2,cc2c5270-4cbe-11f1-82c1-8fe4f8d65deb,91.17556,,,9.00473,,,,,,,c0d103a8-7181-4857-96e7-9fcaa0451196,2026-05-10,22:22:57.30,2026-05-10T18:22:57.3002240-04:00,2026-05-10T22:22:57.3002240Z,,v3,227,471378,,"Gonzalez, Cesar",831498,Right,BOC_EAG,59c2ab26-57dc-4cdd-83e9-ed5affb506ce,54.67834,-135.61048,16.44191,6.31067,-7.73451,-6.36129,-1.32016,4.21339,-5.16865,,,,,,,,,,,,,,,,,,,,,,,,,,,,,,,,,,,,,,,,,,,,,,,,,,,High,High,High,,,,,,207.874311,17.734967,2225.597836,0.952476,1:00,-0.305284,-0.462099,-0.832626,-53.536589,-17.41883,-31.236405,163.550339,-17.77071,0.269661,-0.305209,-0.913307,18.478566,-15.644119,0.305209,-0.269661,0.913307,-18.478566,15.644119,-0.305209,0.269661,0.913307,-163.550339,17.77071,-0.269661,0.305209,-0.913307,,,
273,2026-05-10,18:23:29.84,3,4,"Kipp, Kyle",822339,Right,BOC_EAG,"O'Connor, Sheehan",1000132277,Right,NJI_HIG,Undefined,9,Top,1,1,2,Curveball,Curveball,BallCalled,Undefined,Undefined,Undefined,0,0,,83.22744,-3.212622,-2.25389,2173.751706,340.214023,5:15,6.3625,1.26885,5.37753,-47.33239,-5.5463,2.51386,-0.59905,-0.63567,76.25676,-11.736716,-1.805154,0.465251,,,,,,,,,,,,-2.00862,-1.48984,-1.06888,50,6.04042,4.64051,-120.47584,-8.46924,-2.9086,26.62946,-34.33138,BOC_EAG,NJI_HIG,HarringtonVillage,D1,ACC,20260510-HarringtonVillage-2,df9335e0-4cbe-11f1-82c1-8fe4f8d65deb,81.01529,,,6.97068,,,,,,,c0d103a8-7181-4857-96e7-9fcaa0451196,2026-05-10,22:23:29.84,2026-05-10T18:23:29.8414592-04:00,2026-05-10T22:23:29.8414592Z,,v3,227,471378,,"Gonzalez, Cesar",831498,Right,BOC_EAG,cd77fcd3-27a4-42a4-bec9-5c223957b816,55.12317,-121.60297,13.31473,6.36814,-7.01611,-17.16569,-1.26791,4.76362,-1.4543,,,,,,,,,,,,,,,,,,,,,,,,,,,,,,,,,,,,,,,,,,,,,,,,,,,High,High,High,,,,,,341.933285,74.878465,567.060885,0.260867,5:30,-0.948828,-0.134875,0.285542,-91.157104,40.144138,78.109607,178.399088,25.761691,0.025161,0.434629,-0.900258,25.770448,1.441761,0.434629,0.025161,0.900258,-25.770448,-1.441761,-0.434629,-0.025161,0.900258,-178.399088,-25.761691,-0.025161,-0.434629,-0.900258,,,
274,2026-05-10,18:23:55.64,3,5,"Kipp, Kyle",822339,Right,BOC_EAG,"O'Connor, Sheehan",1000132277,Right,NJI_HIG,Undefined,9,Top,1,2,2,Curveball,Slider,StrikeSwinging,Strikeout,Undefined,Undefined,0,0,,83.56034,-1.435128,-2.211715,2216.845303,335.336899,5:15,6.30861,1.33547,5.40028,-46.98585,-6.38347,3.47673,1.04704,-0.44834,77.50258,-9.914562,-1.591821,0.458614,,,,,,,,,,,,-2.34965,-2.51386,-1.1408,50,6.14721,4.54355,-121.33168,-4.76358,-3.51673,22.84689,-35.93654,BOC_EAG,NJI_HIG,HarringtonVillage,D1,ACC,20260510-HarringtonVillage-2,eefcd400-4cbe-11f1-82c1-8fe4f8d65deb,82.18776,,,6.05776,,,,,,,c0d103a8-7181-4857-96e7-9fcaa0451196,2026-05-10,22:23:55.64,2026-05-10T18:23:55.6477440-04:00,2026-05-10T22:23:55.6477440Z,,v3,227,471378,,"Gonzalez, Cesar",831498,Right,BOC_EAG,01ad870e-58a4-4181-8237-a4e3d1ff5445,55.10138,-122.2885,11.42345,6.31519,-3.25856,-17.96827,-1.33417,4.69083,-1.75836,,,,,,,,,,,,,,,,,,,,,,,,,,,,,,,,,,,,,,,,,,,,,,,,,,,High,High,High,,,,,,346.894376,74.380492,596.880609,0.269248,5:30,-0.950404,-0.085152,0.299136,86.724346,-34.750625,84.881384,178.058723,23.297192,0.031113,0.3955,-0.917939,23.309143,1.782943,0.3955,0.031113,0.917939,-23.309143,-1.782943,-0.3955,-0.031113,0.917939,-178.058723,-23.297192,-0.031113,-0.3955,-0.917939,,,
275,2026-05-10,18:24:32.32,4,1,"Kipp, Kyle",822339,Right,BOC_EAG,"Campbell, Cole",1000115804,Right,NJI_HIG,Undefined,9,Top,2,0,0,Curveball,Slider,StrikeCalled,Undefined,Undefined,Undefined,0,0,,82.82981,-0.149797,-1.46826,2194.534852,336.993673,5:15,6.29473,1.47775,5.52565,-46.69274,-5.17433,2.77559,2.26358,0.33612,75.78092,-8.659898,-0.972447,0.463758,,,,,,,,,,,,-1.83906,-2.14646,-1.35198,50,6.25057,2.96694,-120.21753,-1.98882,-2.67205,24.86656,-35.29276,BOC_EAG,NJI_HIG,HarringtonVillage,D1,ACC,20260510-HarringtonVillage-2,04dcf4d0-4cbf-11f1-82c1-8fe4f8d65deb,81.27606,,,7.04889,,,,,,,c0d103a8-7181-4857-96e7-9fcaa0451196,2026-05-10,22:24:32.32,2026-05-10T18:24:32.3244544-04:00,2026-05-10T22:24:32.3244544Z,,v3,227,471378,,"Gonzalez, Cesar",831498,Right,BOC_EAG,564b26d0-37f3-41b6-bf4a-5b0892d50932,54.97352,-121.24192,12.43328,6.30256,-0.53491,-17.64638,-1.47647,3.07701,-1.33602,,,,,,,,,,,,,,,,,,,,,,,,,,,,,,,,,,,,,,,,,,,,,,,,,,,High,High,High,,,,,,346.560677,75.576767,546.620472,0.249083,5:30,-0.961802,-0.060423,0.266994,83.40649,-27.822677,84.686103,179.534874,-24.418293,0.007392,-0.413395,-0.910522,24.419003,-0.42352,0.413395,-0.007392,0.910522,-24.419003,0.42352,-0.413395,0.007392,0.910522,-179.534874,24.418293,-0.007392,0.413395,-0.910522,,,
276,2026-05-10,18:24:53.87,4,2,"Kipp, Kyle",822339,Right,BOC_EAG,"Campbell, Cole",1000115804,Right,NJI_HIG,Undefined,9,Top,2,0,1,Fastball,Four-Seam,FoulBallNotFieldable,Undefined,Undefined,Undefined,0,0,,93.24233,-2.202497,-2.126346,2306.513964,204.981994,12:45,6.30447,1.30231,6.20035,-13.18946,18.85836,8.2715,3.16983,0.02788,84.5189,-4.765122,-0.634373,0.407446,78.2668,12.665935,171.217716,2343.879419,,,,101.03558,44.88167,173.954699,0.936101,-4.81016,10.64942,-1.14573,50,6.13137,4.63925,-135.17855,-5.51536,-8.83928,31.35911,-12.60432,BOC_EAG,NJI_HIG,HarringtonVillage,D1,ACC,20260510-HarringtonVillage-2,11b00990-4cbf-11f1-82c1-8fe4f8d65deb,92.50896,7.96958,,8.72343,,,,-0.30284,2.89642,0.0794,c0d103a8-7181-4857-96e7-9fcaa0451196,2026-05-10,22:24:53.87,2026-05-10T18:24:53.8746880-04:00,2026-05-10T22:24:53.8746880Z,LineDrive,v3,227,471378,,"Gonzalez, Cesar",831498,Right,BOC_EAG,bdb7acf4-3f4b-474a-970b-eb6c28b1f073,54.29209,-136.1706,15.67956,6.29954,-5.11662,-6.30216,-1.29692,4.91888,-4.41964,337.809886,-0.21538,-111.93675,5.06915,,,,,,,2.96438,24.19943,-29.30873,,,,,,,0.09373,16.89482,-6.0278,,,,,,,,,,,,,,,,,,,,,,,,,,,,,High,High,High,High,Low,,,,207.804595,26.178745,2069.916592,0.897422,1:00,-0.45392,-0.435255,-0.777502,-47.768265,-39.813131,-76.37733,164.83085,-13.112901,0.254846,-0.226871,-0.939991,13.569066,-14.764489,0.226871,-0.254846,0.939991,-13.569066,14.764489,-0.226871,0.254846,0.939991,-164.83085,13.112901,-0.254846,0.226871,-0.939991,69.80323,5.98374,2.94357
277,2026-05-10,18:25:19.20,4,3,"Kipp, Kyle",822339,Right,BOC_EAG,"Campbell, Cole",1000115804,Right,NJI_HIG,Undefined,9,Top,2,0,2,Curveball,Slider,StrikeSwinging,Strikeout,Undefined,Undefined,0,0,,84.13824,-2.24104,-2.218603,2301.500129,338.071884,5:15,6.33504,1.36001,5.65953,-43.5579,-3.44784,1.91441,0.61274,-0.55041,77.29966,-10.15943,-1.87559,0.455825,,,,,,,,,,,,-1.64457,-0.75567,-1.1735,50,6.11739,4.65056,-122.01594,-6.30674,-2.46126,25.63929,-33.30495,BOC_EAG,NJI_HIG,HarringtonVillage,D1,ACC,20260510-HarringtonVillage-2,20c98be0-4cbf-11f1-82c1-8fe4f8d65deb,82.69058,,,6.83858,,,,,,,c0d103a8-7181-4857-96e7-9fcaa0451196,2026-05-10,22:25:19.20,2026-05-10T18:25:19.2080384-04:00,2026-05-10T22:25:19.2080384Z,,v3,227,471378,,"Gonzalez, Cesar",831498,Right,BOC_EAG,254ad06d-e787-422b-9f9d-933f91a1a925,54.84066,-123.0289,12.81964,6.34056,-4.99092,-16.65247,-1.35916,4.74781,-1.23063,,,,,,,,,,,,,,,,,,,,,,,,,,,,,,,,,,,,,,,,,,,,,,,,,,,High,High,High,,,,,,338.671318,74.76973,604.601729,0.262699,5:15,-0.950211,-0.133205,0.281702,88.555098,-18.441451,82.507821,170.484497,-21.792871,0.1535,-0.371252,-0.915756,22.067887,-8.829799,0.371252,-0.1535,0.915756,-22.067887,8.829799,-0.371252,0.1535,0.915756,-170.484497,21.792871,-0.1535,0.371252,-0.915756,,,