PitchNo,Date,Time,PAofInning,PitchofPA,Pitcher,PitcherId,PitcherThrows,PitcherTeam,Batter,BatterId,BatterSide,BatterTeam,PitcherSet,Inning,Top/Bottom,Outs,Balls,Strikes,TaggedPitchType,AutoPitchType,PitchCall,KorBB,TaggedHitType,PlayResult,OutsOnPlay,RunsScored,Notes,RelSpeed,VertRelAngle,HorzRelAngle,SpinRate,SpinAxis,Tilt,RelHeight,RelSide,Extension,VertBreak,InducedVertBreak,HorzBreak,PlateLocHeight,PlateLocSide,ZoneSpeed,VertApprAngle,HorzApprAngle,ZoneTime,ExitSpeed,Angle,Direction,HitSpinRate,PositionAt110X,PositionAt110Y,PositionAt110Z,Distance,LastTrackedDistance,Bearing,HangTime,pfxx,pfxz,x0,y0,z0,vx0,vy0,vz0,ax0,ay0,az0,HomeTeam,AwayTeam,Stadium,Level,League,GameID,PitchUID,EffectiveVelo,MaxHeight,MeasuredDuration,SpeedDrop,PitchLastMeasuredX,PitchLastMeasuredY,PitchLastMeasuredZ,ContactPositionX,ContactPositionY,ContactPositionZ,GameUID,UTCDate,UTCTime,LocalDateTime,UTCDateTime,AutoHitType,System,HomeTeamForeignID,AwayTeamForeignID,GameForeignID,Catcher,CatcherId,CatcherThrows,CatcherTeam,PlayID,PitchTrajectoryXc0,PitchTrajectoryXc1,PitchTrajectoryXc2,PitchTrajectoryYc0,PitchTrajectoryYc1,PitchTrajectoryYc2,PitchTrajectoryZc0,PitchTrajectoryZc1,PitchTrajectoryZc2,HitSpinAxis,HitTrajectoryXc0,HitTrajectoryXc1,HitTrajectoryXc2,HitTrajectoryXc3,HitTrajectoryXc4,HitTrajectoryXc5,HitTrajectoryXc6,HitTrajectoryXc7,HitTrajectoryXc8,HitTrajectoryYc0,HitTrajectoryYc1,HitTrajectoryYc2,HitTrajectoryYc3,HitTrajectoryYc4,HitTrajectoryYc5,HitTrajectoryYc6,HitTrajectoryYc7,HitTrajectoryYc8,HitTrajectoryZc0,HitTrajectoryZc1,HitTrajectoryZc2,HitTrajectoryZc3,HitTrajectoryZc4,HitTrajectoryZc5,HitTrajectoryZc6,HitTrajectoryZc7,HitTrajectoryZc8,ThrowSpeed,PopTime,ExchangeTime,TimeToBase,CatchPositionX,CatchPositionY,CatchPositionZ,ThrowPositionX,ThrowPositionY,ThrowPositionZ,BasePositionX,BasePositionY,BasePositionZ,ThrowTrajectoryXc0,ThrowTrajectoryXc1,ThrowTrajectoryXc2,ThrowTrajectoryYc0,ThrowTrajectoryYc1,ThrowTrajectoryYc2,ThrowTrajectoryZc0,ThrowTrajectoryZc1,ThrowTrajectoryZc2,PitchReleaseConfidence,PitchLocationConfidence,PitchMovementConfidence,HitLaunchConfidence,HitLandingConfidence,CatcherThrowCatchConfidence,CatcherThrowReleaseConfidence,CatcherThrowLocationConfidence,SpinAxis3dTransverseAngle,SpinAxis3dLongitudinalAngle,SpinAxis3dActiveSpinRate,SpinAxis3dSpinEfficiency,SpinAxis3dTilt,SpinAxis3dVectorX,SpinAxis3dVectorY,SpinAxis3dVectorZ,SpinAxis3dSeamOrientationRotationX,SpinAxis3dSeamOrientationRotationY,SpinAxis3dSeamOrientationRotationZ,SpinAxis3dSeamOrientationBallAngleHorizontalAmb1,SpinAxis3dSeamOrientationBallAngleVerticalAmb1,SpinAxis3dSeamOrientationBallXAmb1,SpinAxis3dSeamOrientationBallYAmb1,SpinAxis3dSeamOrientationBallZAmb1,SpinAxis3dSeamOrientationBallAngleHorizontalAmb2,SpinAxis3dSeamOrientationBallAngleVerticalAmb2,SpinAxis3dSeamOrientationBallXAmb2,SpinAxis3dSeamOrientationBallYAmb2,SpinAxis3dSeamOrientationBallZAmb2,SpinAxis3dSeamOrientationBallAngleHorizontalAmb3,SpinAxis3dSeamOrientationBallAngleVerticalAmb3,SpinAxis3dSeamOrientationBallXAmb3,SpinAxis3dSeamOrientationBallYAmb3,SpinAxis3dSeamOrientationBallZAmb3,SpinAxis3dSeamOrientationBallAngleHorizontalAmb4,SpinAxis3dSeamOrientationBallAngleVerticalAmb4,SpinAxis3dSeamOrientationBallXAmb4,SpinAxis3dSeamOrientationBallYAmb4,SpinAxis3dSeamOrientationBallZAmb4,BatSpeed,VerticalAttackAngle,HorizontalAttackAngle
1,2026-05-10,12:04:26.23,1,1,"Miller, Brady",815959,Left,BOC_EAG,"Sallie, Ty",1000121067,Right,NJI_HIG,Undefined,1,Top,0,0,0,Fastball,Sinker,StrikeSwinging,Undefined,Undefined,Undefined,0,0,,92.12419,-1.746448,2.645589,2197.718058,130.63306,10:15,5.85214,-1.67871,5.64706,-21.39978,12.40808,-13.00532,2.43759,-0.29306,82.93085,-5.76808,0.323534,0.418485,,,,,,,,,,,,7.41882,7.21512,1.46248,50,5.69052,-5.56309,-133.37787,-4.80247,13.14804,33.01507,-19.38699,BOC_EAG,NJI_HIG,HarringtonVillage,D1,ACC,20260510-HarringtonVillage-1,eb5ae830-4c89-11f1-b7d8-151fc49268df,90.06874,,,9.19334,,,,,,,b1484b88-4158-4df7-bc8c-565b9a528c8f,2026-05-10,16:04:26.23,2026-05-10T12:04:26.2324736-04:00,2026-05-10T16:04:26.2324736Z,,v3,227,471378,26835,"Johnson, Gunnar",1000100233,Right,BOC_EAG,8fae6c9d-e1a7-42e8-8939-8118a8b609e9,54.84844,-134.57266,16.50754,5.85162,-4.10088,-9.69349,1.67241,-6.03891,6.57402,,,,,,,,,,,,,,,,,,,,,,,,,,,,,,,,,,,,,,,,,,,,,,,,,,,High,High,High,,,,,,128.707835,-17.032814,2101.319888,0.956137,10:15,0.297355,0.754697,-0.584818,47.037404,22.893084,-27.875983,171.616862,7.470793,0.144554,0.130021,-0.980917,7.550553,8.31147,0.130021,0.144554,0.980917,-7.550553,-8.31147,-0.130021,-0.144554,0.980917,-171.616862,-7.470793,-0.144554,-0.130021,-0.980917,,,
2,2026-05-10,12:04:40.50,1,2,"Miller, Brady",815959,Left,BOC_EAG,"Sallie, Ty",1000121067,Right,NJI_HIG,Undefined,1,Top,0,0,1,Fastball,Four-Seam,BallCalled,Undefined,Undefined,Undefined,0,0,,91.9905,-0.587218,2.737375,2311.264451,134.763297,10:30,5.76871,-1.81512,5.59794,-16.75505,17.49485,-16.27288,3.82358,-0.61362,81.87675,-3.811541,-0.1637,0.421212,,,,,,,,,,,,9.05867,9.38406,1.59068,50,5.70783,-5.58151,-133.05897,-1.86608,15.84138,35.08468,-15.76358,BOC_EAG,NJI_HIG,HarringtonVillage,D1,ACC,20260510-HarringtonVillage-1,f3dca430-4c89-11f1-b7d8-151fc49268df,89.4856,,,10.11376,,,,,,,b1484b88-4158-4df7-bc8c-565b9a528c8f,2026-05-10,16:04:40.50,2026-05-10T12:04:40.5076992-04:00,2026-05-10T16:04:40.5076992Z,,v3,227,471378,26835,"Johnson, Gunnar",1000100233,Right,BOC_EAG,c64b0346-4ec4-4c0d-b6de-2d58ea9bf0a8,54.89438,-134.34331,17.54234,5.76558,-1.28903,-7.88179,1.80562,-6.16141,7.92069,,,,,,,,,,,,,,,,,,,,,,,,,,,,,,,,,,,,,,,,,,,,,,,,,,,High,High,High,,,,,,123.93549,-11.058025,2268.352229,0.981433,10:15,0.209405,0.816186,-0.538508,50.310833,26.26277,-24.693636,174.079072,6.099754,0.102572,0.10626,-0.989034,6.132221,5.887288,0.10626,0.102572,0.989034,-6.132221,-5.887288,-0.10626,-0.102572,0.989034,-174.079072,-6.099754,-0.102572,-0.10626,-0.989034,,,
3,2026-05-10,12:04:55.92,1,3,"Miller, Brady",815959,Left,BOC_EAG,"Sallie, Ty",1000121067,Right,NJI_HIG,Undefined,1,Top,0,1,1,Fastball,Sinker,FoulBallNotFieldable,Undefined,Undefined,Undefined,0,0,,91.82134,-1.953393,2.890931,2187.199073,132.124643,10:30,5.79935,-1.65628,5.64191,-20.33556,13.96646,-13.95371,2.27949,-0.12002,82.06378,-5.802132,0.400645,0.421533,73.43248,48.946308,149.010579,4138.445393,,,,,45.01926,,,8.08756,8.13855,1.41979,50,5.62071,-6.07156,-132.81131,-5.20797,14.09831,34.81295,-17.98686,BOC_EAG,NJI_HIG,HarringtonVillage,D1,ACC,20260510-HarringtonVillage-1,fd0accd0-4c89-11f1-b7d8-151fc49268df,89.41758,43.51588,,9.75757,,,,2.28728,2.42945,0.10686,b1484b88-4158-4df7-bc8c-565b9a528c8f,2026-05-10,16:04:55.92,2026-05-10T12:04:55.9223296-04:00,2026-05-10T16:04:55.9223296Z,,v3,227,471378,26835,"Johnson, Gunnar",1000100233,Right,BOC_EAG,a25b8e85-a9eb-4c2c-a663-d3c76d9b89fa,54.85378,-134.07756,17.40647,5.79824,-4.55373,-8.99343,1.64996,-6.58436,7.04916,351.172404,2.28728,-60.63816,1.31358,1.09202,0.39611,-2.17687,3.40178,-2.40195,0.61031,2.42945,81.2161,-34.02741,4.76888,-0.12738,-2.47578,3.76255,-2.38932,0.48603,0.10686,36.41976,-3.30116,-0.00575,-0.22827,0.85246,-1.33534,0.96515,-0.25563,,,,,,,,,,,,,,,,,,,,,,,High,High,High,High,Undefined,,,,124.203759,-9.515168,2157.107312,0.986242,10:15,0.165196,0.820825,-0.546768,46.517724,18.426296,-19.505046,176.464268,9.603592,0.060807,0.166831,-0.984109,9.621564,3.486119,0.166831,0.060807,0.984109,-9.621564,-3.486119,-0.166831,-0.060807,0.984109,-176.464268,-9.603592,-0.060807,-0.166831,-0.984109,85.07245,19.14481,-11.44928
4,2026-05-10,12:05:14.73,1,4,"Miller, Brady",815959,Left,BOC_EAG,"Sallie, Ty",1000121067,Right,NJI_HIG,Undefined,1,Top,0,1,2,Slider,Slider,BallCalled,Undefined,Undefined,Undefined,0,0,,79.89736,-1.056309,-0.197467,2727.649568,283.198838,3:30,5.74389,-1.79293,5.30727,-47.37731,-2.66752,17.23501,0.80413,-0.54203,73.7901,-9.624431,2.87184,0.481252,,,,,,,,,,,,-8.72485,-0.64146,1.79784,50,5.61346,-0.29079,-116.04235,-3.80787,-11.88245,21.95912,-33.04768,BOC_EAG,NJI_HIG,HarringtonVillage,D1,ACC,20260510-HarringtonVillage-1,0855baf0-4c8a-11f1-b7d8-151fc49268df,78.3216,,,6.10726,,,,,,,b1484b88-4158-4df7-bc8c-565b9a528c8f,2026-05-10,16:05:14.73,2026-05-10T12:05:14.7383808-04:00,2026-05-10T16:05:14.7383808Z,,v3,227,471378,26835,"Johnson, Gunnar",1000100233,Right,BOC_EAG,e668abc6-bcce-4778-bb38-76a8c1eb894b,55.19394,-117.02109,10.97956,5.75035,-2.3349,-16.52384,1.799,0.23883,-5.94122,,,,,,,,,,,,,,,,,,,,,,,,,,,,,,,,,,,,,,,,,,,,,,,,,,,High,High,High,,,,,,299.327361,-63.77333,1205.41233,0.441923,4:00,0.904744,-0.368682,0.213337,67.603385,-1.51834,-31.684179,94.602146,13.581549,0.968903,0.234829,-0.077993,71.62739,75.673805,0.234829,0.968903,0.077993,-71.62739,-75.673805,-0.234829,-0.968903,0.077993,-94.602146,-13.581549,-0.968903,-0.234829,-0.077993,,,
5,2026-05-10,12:05:32.52,1,5,"Miller, Brady",815959,Left,BOC_EAG,"Sallie, Ty",1000121067,Right,NJI_HIG,Undefined,1,Top,0,2,2,Cutter,Slider,InPlay,Undefined,FlyBall,Out,1,0,,85.36579,-0.726073,1.308363,2633.683844,191.280123,12:30,5.91611,-1.3966,5.55427,-30.09915,8.15741,1.42193,2.72921,-0.0554,79.34698,-6.244261,1.562058,0.445168,97.02522,25.989679,-7.822197,2094.962704,109.34095,50.22626,-12.02178,372.13425,363.97299,-4.25794,4.775082,-0.41886,4.60477,1.28251,50,5.83321,-2.89281,-124.14501,-2.61594,-0.66337,21.40276,-24.88125,BOC_EAG,NJI_HIG,HarringtonVillage,D1,ACC,20260510-HarringtonVillage-1,12dc47a0-4c8a-11f1-b7d8-151fc49268df,84.67008,71.60917,,6.01881,,,,2.11568,2.82658,0.06669,b1484b88-4158-4df7-bc8c-565b9a528c8f,2026-05-10,16:05:32.52,2026-05-10T12:05:32.5252096-04:00,2026-05-10T16:05:32.5252096Z,FlyBall,v3,227,471378,26835,"Johnson, Gunnar",1000100233,Right,BOC_EAG,fa403343-da46-4d81-bff6-73df91ff991e,54.94675,-124.99493,10.70138,5.91747,-1.62789,-12.44062,1.39686,-2.86647,-0.33168,196.819099,2.11626,126.70945,-22.58376,5.00101,-0.94618,0.16616,-0.02753,0.00338,-0.00019,2.82758,62.33481,-14.79412,0.09109,0.2809,-0.15962,0.04703,-0.0067,0.00036,0.06609,-17.39411,6.76803,-1.86976,0.35516,-0.04982,0.00577,-0.00061,4E-05,,,,,,,,,,,,,,,,,,,,,,,High,High,High,High,High,,,,153.460264,-64.644822,1127.818048,0.428228,11:00,0.909686,0.202776,-0.362427,60.569397,4.109649,-63.778662,165.656708,8.240484,0.245173,0.143328,-0.958826,8.501798,14.192078,0.143328,0.245173,0.958826,-8.501798,-14.192078,-0.143328,-0.245173,0.958826,-165.656708,-8.240484,-0.245173,-0.143328,-0.958826,72.25149,17.58073,-6.74425
6,2026-05-10,12:06:07.12,2,1,"Miller, Brady",815959,Left,BOC_EAG,"Francis, Austin",1000236684,Right,NJI_HIG,Undefined,1,Top,1,0,0,Slider,Slider,StrikeCalled,Undefined,Undefined,Undefined,0,0,,78.97897,0.956977,-0.177659,2620.469991,271.542235,3:00,5.62301,-1.85261,5.17301,-45.15191,0.90689,20.05619,2.76098,-0.34844,72.42704,-7.255074,3.377312,0.488459,,,,,,,,,,,,-10.02091,0.63772,1.85333,50,5.67778,-0.46801,-114.64854,0.32484,-13.30731,21.64799,-31.32717,BOC_EAG,NJI_HIG,HarringtonVillage,D1,ACC,20260510-HarringtonVillage-1,2783e870-4c8a-11f1-b7d8-151fc49268df,77.1661,,,6.55193,,,,,,,b1484b88-4158-4df7-bc8c-565b9a528c8f,2026-05-10,16:06:07.12,2026-05-10T12:06:07.1220224-04:00,2026-05-10T16:06:07.1220224Z,,v3,227,471378,26835,"Johnson, Gunnar",1000100233,Right,BOC_EAG,221637cb-c0a9-4619-ade8-8cc6ec13a267,55.32688,-115.64999,10.824,5.62923,1.77405,-15.66359,1.86074,0.1476,-6.65366,,,,,,,,,,,,,,,,,,,,,,,,,,,,,,,,,,,,,,,,,,,,,,,,,,,High,High,High,,,,,,297.027882,-64.015559,1148.098828,0.438127,4:00,0.892882,-0.405236,0.196328,67.331511,7.642032,-32.925916,90.587605,20.721935,0.935259,0.353833,-0.009592,88.447156,69.270102,0.353833,0.935259,0.009592,-88.447156,-69.270102,-0.353833,-0.935259,0.009592,-90.587605,-20.721935,-0.935259,-0.353833,-0.009592,,,
7,2026-05-10,12:06:20.37,2,2,"Miller, Brady",815959,Left,BOC_EAG,"Francis, Austin",1000236684,Right,NJI_HIG,Undefined,1,Top,1,0,1,Slider,Slider,FoulBallNotFieldable,Undefined,Undefined,Undefined,0,0,,80.94537,0.403453,1.385959,2636.038427,271.041931,3:00,5.59445,-2.00686,5.20665,-42.65057,1.06472,14.77544,2.41977,0.52809,74.46312,-7.343154,4.004289,0.47587,60.98505,55.414181,147.905764,5380.786855,-97.8211,48.24144,50.30935,151.06601,44.69209,153.560355,3.466891,-7.07831,0.74524,1.86675,50,5.59932,-3.4394,-117.52381,-0.68336,-9.8944,22.38257,-31.13233,BOC_EAG,NJI_HIG,HarringtonVillage,D1,ACC,20260510-HarringtonVillage-1,2f6593e0-4c8a-11f1-b7d8-151fc49268df,79.20747,58.21098,,6.48225,,,,1.77374,2.53065,-0.4846,b1484b88-4158-4df7-bc8c-565b9a528c8f,2026-05-10,16:06:20.37,2026-05-10T12:06:20.3759104-04:00,2026-05-10T16:06:20.3759104Z,Popup,v3,227,471378,26835,"Johnson, Gunnar",1000100233,Right,BOC_EAG,e5b2756b-ff45-4d32-9e8f-db02c8321dbd,55.29449,-118.52786,11.19129,5.59865,0.7132,-15.56617,2.01109,-2.99555,-4.9472,344.65194,1.77395,-43.02625,-1.875,1.29221,0.16123,-0.35579,0.1577,-0.0309,0.00229,2.53104,73.62332,-28.44033,3.2368,-0.34677,-0.06906,0.02898,-0.00259,-4E-05,-0.48462,26.97805,-3.12317,0.4951,-0.16185,0.10584,-0.04871,0.01069,-0.00088,,,,,,,,,,,,,,,,,,,,,,,High,High,High,High,Low,,,,292.320644,-74.649732,697.809984,0.264719,3:45,0.959864,-0.251669,0.12379,60.29952,0.942904,-28.241312,97.835897,13.684338,0.962541,0.236573,-0.132466,60.753835,74.268217,0.236573,0.962541,0.132466,-60.753835,-74.268217,-0.236573,-0.962541,0.132466,-97.835897,-13.684338,-0.962541,-0.236573,-0.132466,67.33229,15.95317,-11.11514
8,2026-05-10,12:06:42.31,2,3,"Miller, Brady",815959,Left,BOC_EAG,"Francis, Austin",1000236684,Right,NJI_HIG,Undefined,1,Top,1,0,2,ChangeUp,Sinker,InPlay,Undefined,GroundBall,Out,1,0,,84.86423,-0.592771,2.699053,2017.80903,74.358964,8:30,5.39438,-2.03077,5.62324,-42.47994,-2.82791,-15.01702,1.3006,-0.76166,77.15505,-8.371254,0.014148,0.453215,76.17846,-0.612773,35.79065,2804.582022,,,,29.05564,26.32019,34.133086,0.257357,8.47504,-0.8598,1.8105,50,5.3165,-5.17587,-123.04124,-2.79477,12.83064,27.24769,-33.47575,BOC_EAG,NJI_HIG,HarringtonVillage,D1,ACC,20260510-HarringtonVillage-1,3c7cdd90-4c8a-11f1-b7d8-151fc49268df,83.16682,1.38826,,7.70918,,,,1.32998,1.38826,0.63277,b1484b88-4158-4df7-bc8c-565b9a528c8f,2026-05-10,16:06:42.31,2026-05-10T12:06:42.3136256-04:00,2026-05-10T16:06:42.3136256Z,GroundBall,v3,227,471378,26835,"Johnson, Gunnar",1000100233,Right,BOC_EAG,60e220f4-a8af-4390-aeca-7106e57383e1,54.87616,-124.11637,13.62384,5.40072,-1.47389,-16.73787,2.02472,-5.68214,6.41532,,1.33066,90.58966,-8.98079,,,,,,,1.38965,-1.26652,-16.08035,,,,,,,0.63578,65.18203,-16.7612,,,,,,,,,,,,,,,,,,,,,,,,,,,,,High,High,High,High,High,,,,85.750147,5.597221,2008.188382,0.995232,8:45,-0.111151,0.991433,0.068595,55.828261,-24.755967,-72.040456,101.185956,-59.195044,0.502388,-0.858916,-0.099348,83.402127,-30.158137,0.858916,-0.502388,0.099348,-83.402127,30.158137,-0.858916,0.502388,0.099348,-101.185956,59.195044,-0.502388,0.858916,-0.099348,,,
9,2026-05-10,12:07:19.67,3,1,"Miller, Brady",815959,Left,BOC_EAG,"O'Connor, Rowin",832258,Right,NJI_HIG,Undefined,1,Top,2,0,0,Fastball,Four-Seam,FoulBallNotFieldable,Undefined,Undefined,Undefined,0,0,,93.38542,-2.242352,3.372637,2439.350787,134.923002,10:30,5.821,-1.77084,5.86765,-16.28095,15.6832,-14.75253,2.37666,0.13625,85.80537,-5.315225,0.731056,0.406914,75.1823,17.422003,159.079901,1899.854827,-104.79994,11.65013,33.42021,149.6296,45.89352,163.404513,1.692571,8.44481,8.91162,1.50621,50,5.62959,-7.33876,-135.47038,-5.83093,15.7966,27.7731,-15.50426,BOC_EAG,NJI_HIG,HarringtonVillage,D1,ACC,20260510-HarringtonVillage-1,52bc3560-4c8a-11f1-b7d8-151fc49268df,92.62993,14.6904,,7.58005,,,,0.5651,2.34842,-0.17373,b1484b88-4158-4df7-bc8c-565b9a528c8f,2026-05-10,16:07:19.67,2026-05-10T12:07:19.6752384-04:00,2026-05-10T16:07:19.6752384Z,LineDrive,v3,227,471378,26835,"Johnson, Gunnar",1000100233,Right,BOC_EAG,d8cc2ef9-3a7e-4ca4-b283-cf010e41fdcf,54.63234,-136.41676,13.88655,5.81928,-5.30261,-7.75213,1.76545,-7.87704,7.8983,307.873416,0.47475,-97.52335,7.42273,,,,,,,2.72657,29.91233,-18.73831,,,,,,,0.07814,35.46524,-6.13488,,,,,,,,,,,,,,,,,,,,,,,,,,,,,High,High,High,High,Low,,,,128.136068,-10.062093,2401.831102,0.984619,10:15,0.179801,0.780692,-0.598492,43.369462,26.459679,-40.858059,176.046417,-1.831825,0.068913,-0.031966,-0.99711,1.836192,-3.95156,0.031966,-0.068913,0.99711,-1.836192,3.95156,-0.031966,0.068913,0.99711,-176.046417,1.831825,-0.068913,0.031966,-0.99711,,,
10,2026-05-10,12:07:37.74,3,2,"Miller, Brady",815959,Left,BOC_EAG,"O'Connor, Rowin",832258,Right,NJI_HIG,Undefined,1,Top,2,0,1,Fastball,Four-Seam,BallCalled,Undefined,Undefined,Undefined,0,0,,93.34145,-3.801922,3.216223,2435.796097,139.44298,10:45,5.86317,-1.41328,5.67345,-15.0132,18.49351,-14.61914,1.05677,0.37006,82.85955,-6.705249,0.607297,0.416617,,,,,,,,,,,,8.57544,11.1615,1.15104,50,5.53257,-6.88178,-134.64746,-9.39347,15.2603,37.58682,-12.31171,BOC_EAG,NJI_HIG,HarringtonVillage,D1,ACC,20260510-HarringtonVillage-1,5d7a25c0-4c8a-11f1-b7d8-151fc49268df,90.47254,,,10.4819,,,,,,,b1484b88-4158-4df7-bc8c-565b9a528c8f,2026-05-10,16:07:37.74,2026-05-10T12:07:37.7459200-04:00,2026-05-10T16:07:37.7459200Z,,v3,227,471378,26835,"Johnson, Gunnar",1000100233,Right,BOC_EAG,da49e032-be6a-44c5-b510-c5d5c6789d5e,54.82053,-135.98644,18.79341,5.85939,-8.95488,-6.15585,1.40588,-7.42541,7.63015,,,,,,,,,,,,,,,,,,,,,,,,,,,,,,,,,,,,,,,,,,,,,,,,,,,High,High,High,,,,,,130.409442,-8.729714,2407.578152,0.988415,10:15,0.137324,0.761018,-0.63403,51.596491,10.370257,-18.552085,179.760008,-1.675902,0.004187,-0.029246,-0.999563,1.675917,-0.239889,0.029246,-0.004187,0.999563,-1.675917,0.239889,-0.029246,0.004187,0.999563,-179.760008,1.675902,-0.004187,0.029246,-0.999563,,,
11,2026-05-10,12:07:53.70,3,3,"Miller, Brady",815959,Left,BOC_EAG,"O'Connor, Rowin",832258,Right,NJI_HIG,Undefined,1,Top,2,1,1,ChangeUp,Changeup,StrikeCalled,Undefined,Undefined,Undefined,0,0,,85.13274,0.010147,4.272901,1827.162897,83.869426,8:45,5.55042,-1.78505,5.5729,-40.61573,-0.31823,-18.23257,2.17528,0.69406,75.82143,-7.484616,1.026642,0.456889,,,,,,,,,,,,10.70481,0.34291,1.42849,50,5.52522,-8.3909,-122.95942,-1.44026,15.90363,31.1009,-31.66462,BOC_EAG,NJI_HIG,HarringtonVillage,D1,ACC,20260510-HarringtonVillage-1,670fc2c0-4c8a-11f1-b7d8-151fc49268df,82.49806,,,9.31131,,,,,,,b1484b88-4158-4df7-bc8c-565b9a528c8f,2026-05-10,16:07:53.70,2026-05-10T12:07:53.7036288-04:00,2026-05-10T16:07:53.7036288Z,,v3,227,471378,26835,"Johnson, Gunnar",1000100233,Right,BOC_EAG,c2604d20-8002-422d-a898-12a6bb439eb3,54.92244,-124.19824,15.55045,5.55747,-0.17899,-15.83231,1.77533,-9.02438,7.95181,,,,,,,,,,,,,,,,,,,,,,,,,,,,,,,,,,,,,,,,,,,,,,,,,,,High,High,High,,,,,,92.846953,3.022332,1824.621422,0.998609,9:00,-0.048707,0.997386,-0.053377,87.004773,-23.837182,-83.83508,92.455081,-20.878182,0.933483,-0.356382,-0.040024,83.592243,-68.98437,0.356382,-0.933483,0.040024,-83.592243,68.98437,-0.356382,0.933483,0.040024,-92.455081,20.878182,-0.933483,0.356382,-0.040024,,,
12,2026-05-10,12:08:11.02,3,4,"Miller, Brady",815959,Left,BOC_EAG,"O'Connor, Rowin",832258,Right,NJI_HIG,Undefined,1,Top,2,1,2,Fastball,Four-Seam,FoulBallNotFieldable,Undefined,Undefined,Undefined,0,0,,92.55373,-1.476196,2.987818,2428.118396,142.589725,10:45,5.83789,-1.6114,5.8405,-14.98265,18.79044,-13.29229,3.21522,0.06023,81.90646,-4.403493,0.6084,0.41827,75.74598,22.145692,170.831964,1993.941271,,,,,45.61636,,,7.76308,10.45481,1.37511,50,5.7088,-6.35053,-133.75624,-3.84517,13.62629,37.20697,-13.823,BOC_EAG,NJI_HIG,HarringtonVillage,D1,ACC,20260510-HarringtonVillage-1,7153c830-4c8a-11f1-b7d8-151fc49268df,90.11504,17.66702,,10.64727,,,,1.8743,3.18849,-0.10454,b1484b88-4158-4df7-bc8c-565b9a528c8f,2026-05-10,16:08:11.02,2026-05-10T12:08:11.0288384-04:00,2026-05-10T16:08:11.0288384Z,,v3,227,471378,26835,"Johnson, Gunnar",1000100233,Right,BOC_EAG,efb61d06-35a3-4e3e-8125-cf92ac52721a,54.64999,-135.04353,18.60348,5.83357,-3.36692,-6.9115,1.60299,-6.82197,6.81315,27.900977,1.8652,-101.33385,11.58015,,,,,,,3.20675,41.37457,-24.1895,,,,,,,-0.10733,16.47242,0.41372,,,,,,,,,,,,,,,,,,,,,,,,,,,,,High,High,High,High,Undefined,,,,127.325612,-11.045103,2383.141568,0.981477,10:15,0.202198,0.785149,-0.585369,48.035405,31.944785,-37.416302,177.630034,0.325273,0.041351,0.005677,-0.999129,0.325552,2.369928,0.005677,0.041351,0.999129,-0.325552,-2.369928,-0.005677,-0.041351,0.999129,-177.630034,-0.325273,-0.041351,-0.005677,-0.999129,73.53052,16.97497,-15.39068
13,2026-05-10,12:08:30.77,3,5,"Miller, Brady",815959,Left,BOC_EAG,"O'Connor, Rowin",832258,Right,NJI_HIG,Undefined,1,Top,2,1,2,Slider,Slider,BallCalled,Undefined,Undefined,Undefined,0,0,,79.49332,-0.230773,-0.914403,2532.358304,272.407917,3:00,5.68031,-1.94338,5.12543,-45.59235,1.21969,15.78528,1.66356,-1.48925,71.11243,-8.571963,1.884494,0.492437,,,,,,,,,,,,-8.10705,1.28906,2.0167,50,5.62407,1.15822,-114.9867,-2.08611,-10.53219,27.21235,-30.49938,BOC_EAG,NJI_HIG,HarringtonVillage,D1,ACC,20260510-HarringtonVillage-1,7d37e910-4c8a-11f1-b7d8-151fc49268df,76.54274,,,8.38088,,,,,,,b1484b88-4158-4df7-bc8c-565b9a528c8f,2026-05-10,16:08:30.77,2026-05-10T12:08:30.7794944-04:00,2026-05-10T16:08:30.7794944Z,,v3,227,471378,26835,"Johnson, Gunnar",1000100233,Right,BOC_EAG,74283b28-3acd-4a73-87c7-c21355b6c305,55.3685,-116.25025,13.60617,5.68805,-0.66993,-15.24969,1.95157,1.64726,-5.2661,,,,,,,,,,,,,,,,,,,,,,,,,,,,,,,,,,,,,,,,,,,,,,,,,,,High,High,High,,,,,,294.440872,-65.238087,1060.674624,0.418849,3:45,0.912234,-0.377655,0.158762,57.452649,2.666923,-20.287623,133.031238,77.971118,0.15234,0.978043,-0.142215,81.726745,8.762561,0.978043,0.15234,0.142215,-81.726745,-8.762561,-0.978043,-0.15234,0.142215,-133.031238,-77.971118,-0.15234,-0.978043,-0.142215,,,
14,2026-05-10,12:08:48.19,3,6,"Miller, Brady",815959,Left,BOC_EAG,"O'Connor, Rowin",832258,Right,NJI_HIG,Undefined,1,Top,2,2,2,ChangeUp,Sinker,BallCalled,Undefined,Undefined,Undefined,0,0,,85.23432,-0.797305,4.500433,1927.217817,73.659897,8:30,5.47749,-1.96809,5.49044,-43.21152,-3.58992,-16.9591,1.12831,0.83741,77.49312,-8.675088,1.484091,0.453041,,,,,,,,,,,,9.96229,-1.16933,1.58519,50,5.37814,-8.98639,-123.32344,-3.30947,15.17049,27.09021,-33.95469,BOC_EAG,NJI_HIG,HarringtonVillage,D1,ACC,20260510-HarringtonVillage-1,878871a0-4c8a-11f1-b7d8-151fc49268df,83.19875,,,7.74119,,,,,,,b1484b88-4158-4df7-bc8c-565b9a528c8f,2026-05-10,16:08:48.19,2026-05-10T12:08:48.1902080-04:00,2026-05-10T16:08:48.1902080Z,,v3,227,471378,26835,"Johnson, Gunnar",1000100233,Right,BOC_EAG,a7beab79-d256-47b8-b59e-5e9db3919405,55.00936,-124.41897,13.54511,5.48421,-1.93634,-16.97735,1.961,-9.59989,7.58525,,,,,,,,,,,,,,,,,,,,,,,,,,,,,,,,,,,,,,,,,,,,,,,,,,,High,High,High,,,,,,88.809165,-2.829746,1924.867847,0.998781,9:00,0.03373,0.999155,0.023476,-89.654194,24.94809,88.816035,90.638972,-26.291182,0.896499,-0.442933,-0.009998,88.706883,-63.701607,0.442933,-0.896499,0.009998,-88.706883,63.701607,-0.442933,0.896499,0.009998,-90.638972,26.291182,-0.896499,0.442933,-0.009998,,,
15,2026-05-10,12:09:05.28,3,7,"Miller, Brady",815959,Left,BOC_EAG,"O'Connor, Rowin",832258,Right,NJI_HIG,Undefined,1,Top,2,3,2,Fastball,Sinker,InPlay,Undefined,LineDrive,HomeRun,0,1,,91.68212,-1.71411,2.730276,2410.4487,131.607331,10:30,5.85243,-1.60782,5.66581,-19.08592,14.96513,-15.45182,2.66137,-0.34777,82.61151,-5.326345,-0.028875,0.419988,104.74419,22.933435,-23.637135,1939.691549,98.07278,41.5039,-49.81638,368.43463,339.37554,-35.2971,3.974829,8.74272,8.50626,1.38708,50,5.6957,-5.64002,-132.78997,-4.59991,15.37645,32.41295,-17.21345,BOC_EAG,NJI_HIG,HarringtonVillage,D1,ACC,20260510-HarringtonVillage-1,91af7930-4c8a-11f1-b7d8-151fc49268df,89.74653,55.73233,,9.07061,,,,1.70253,2.66532,0.38138,b1484b88-4158-4df7-bc8c-565b9a528c8f,2026-05-10,16:09:05.28,2026-05-10T12:09:05.2883968-04:00,2026-05-10T16:09:05.2883968Z,FlyBall,v3,227,471378,26835,"Johnson, Gunnar",1000100233,Right,BOC_EAG,9437e820-2df8-4ccb-8cf2-4d22e3fa0bca,54.83159,-133.96413,16.20647,5.85104,-3.97635,-8.60673,1.60148,-6.19703,7.68823,125.756898,1.70177,129.63738,-27.03697,6.68096,-1.58671,0.35364,-0.06814,0.0085,-0.00045,2.66594,59.84097,-18.33989,0.7227,0.16061,-0.09956,0.02613,-0.00307,0.00012,0.38136,-56.72042,-2.22518,2.16381,-0.71385,0.1478,-0.01855,0.00107,-1E-05,,,,,,,,,,,,,,,,,,,,,,,High,High,High,High,Medium,,,,126.486293,-8.941708,2381.154476,0.987847,10:15,0.159434,0.798522,-0.580468,48.26001,15.2853,-22.174155,179.716217,4.850879,0.004935,0.084563,-0.996406,4.850938,0.282767,0.084563,0.004935,0.996406,-4.850938,-0.282767,-0.084563,-0.004935,0.996406,-179.716217,-4.850879,-0.004935,-0.084563,-0.996406,76.73437,17.42656,-14.94809
16,2026-05-10,12:09:52.41,4,1,"Miller, Brady",815959,Left,BOC_EAG,"Camilleri, Lorenzo",10147342,Left,NJI_HIG,Undefined,1,Top,2,0,0,ChangeUp,Slider,StrikeCalled,Undefined,Undefined,Undefined,0,0,,79.27593,0.694185,-0.277463,2570.351094,270.676301,3:00,5.64642,-2.03491,5.12626,-45.14558,1.5628,16.84895,2.53814,-0.89216,71.31455,-7.563882,2.707276,0.491891,,,,,,,,,,,,-8.43016,1.07496,2.0474,50,5.67712,-0.15503,-114.79217,-0.20506,-10.99752,25.67203,-30.77173,BOC_EAG,NJI_HIG,HarringtonVillage,D1,ACC,20260510-HarringtonVillage-1,addd10e0-4c8a-11f1-b7d8-151fc49268df,76.62764,,,7.96138,,,,,,,b1484b88-4158-4df7-bc8c-565b9a528c8f,2026-05-10,16:09:52.41,2026-05-10T12:09:52.4155904-04:00,2026-05-10T16:09:52.4155904Z,,v3,227,471378,26835,"Johnson, Gunnar",1000100233,Right,BOC_EAG,0e7e9b15-fae8-4f62-8207-e84a27486540,55.36973,-115.98683,12.83602,5.65334,1.22693,-15.38586,2.04271,0.35675,-5.49876,,,,,,,,,,,,,,,,,,,,,,,,,,,,,,,,,,,,,,,,,,,,,,,,,,,High,High,High,,,,,,286.810099,-65.072282,1083.337595,0.421475,3:30,0.902465,-0.414422,0.117522,48.064175,13.382741,-43.317752,90.929899,27.326787,0.888286,0.459065,-0.014418,88.201088,62.658613,0.459065,0.888286,0.014418,-88.201088,-62.658613,-0.459065,-0.888286,0.014418,-90.929899,-27.326787,-0.888286,-0.459065,-0.014418,,,
17,2026-05-10,12:10:06.11,4,2,"Miller, Brady",815959,Left,BOC_EAG,"Camilleri, Lorenzo",10147342,Left,NJI_HIG,Undefined,1,Top,2,0,1,Slider,Slider,FoulBallNotFieldable,Undefined,Undefined,Undefined,0,0,,79.65168,0.24726,0.32288,2674.113588,270.838638,3:00,5.67136,-1.97237,5.17439,-44.73573,1.43087,20.03761,2.17606,0.00126,71.80776,-7.927655,3.875632,0.48903,72.48763,52.839791,-83.433415,5477.142204,,,,,71.0132,,,-9.95213,1.06339,1.92606,50,5.66043,-1.46947,-115.39579,-1.06339,-13.10843,26.11341,-30.77342,BOC_EAG,NJI_HIG,HarringtonVillage,D1,ACC,20260510-HarringtonVillage-1,b5f69530-4c8a-11f1-b7d8-151fc49268df,77.07594,77.91635,,7.84392,,,,3.37838,2.44411,0.12939,b1484b88-4158-4df7-bc8c-565b9a528c8f,2026-05-10,16:10:06.11,2026-05-10T12:10:06.1195776-04:00,2026-05-10T16:10:06.1195776Z,,v3,227,471378,26835,"Johnson, Gunnar",1000100233,Right,BOC_EAG,8578fd4a-5b4c-4c04-b610-d3f97d196958,55.32411,-116.59438,13.05671,5.67682,0.34909,-15.38671,1.9797,-0.8678,-6.55422,,3.37838,7.34394,-4.93626,1.37875,-0.31095,0.05386,0.00059,-0.00547,0.00144,2.44411,84.72773,-22.69004,2.25832,-0.45317,0.08786,-0.02286,0.00665,-0.00106,0.12939,-63.79783,8.32396,-1.87819,0.36479,-0.06648,0.00871,0.00084,-0.00046,,,,,,,,,,,,,,,,,,,,,,,High,High,High,Low,Undefined,,,,292.466224,-63.785407,1181.24787,0.441734,3:45,0.89441,-0.412077,0.173847,72.924468,-0.269338,-15.979628,148.686189,76.93496,0.117487,0.974114,-0.193128,78.785948,6.74712,0.974114,0.117487,0.193128,-78.785948,-6.74712,-0.974114,-0.117487,0.193128,-148.686189,-76.93496,-0.117487,-0.974114,-0.193128,72.78221,12.12421,-7.40831
18,2026-05-10,12:10:22.73,4,3,"Miller, Brady",815959,Left,BOC_EAG,"Camilleri, Lorenzo",10147342,Left,NJI_HIG,Undefined,1,Top,2,0,2,Slider,Slider,StrikeSwinging,Strikeout,Undefined,Undefined,0,0,,80.09413,-0.805951,1.281859,2732.947526,288.243186,3:30,5.7229,-1.89308,5.25522,-50.62294,-4.73488,19.78911,0.74682,0.96063,72.11417,-9.999929,4.799345,0.487552,,,,,,,,,,,,-9.46308,-1.60209,1.76023,50,5.61176,-3.40713,-115.94043,-3.42784,-12.47934,27.96736,-34.28676,BOC_EAG,NJI_HIG,HarringtonVillage,D1,ACC,20260510-HarringtonVillage-1,bfddfbb0-4c8a-11f1-b7d8-151fc49268df,77.30953,,,7.97996,,,,,,,b1484b88-4158-4df7-bc8c-565b9a528c8f,2026-05-10,16:10:22.73,2026-05-10T12:10:22.7319296-04:00,2026-05-10T16:10:22.7319296Z,,v3,227,471378,26835,"Johnson, Gunnar",1000100233,Right,BOC_EAG,fbad792a-6667-4298-a877-7e3eeb700d16,55.2429,-117.19831,13.98368,5.73125,-1.88574,-17.14338,1.90084,-2.84585,-6.23967,,,,,,,,,,,,,,,,,,,,,,,,,,,,,,,,,,,,,,,,,,,,,,,,,,,High,High,High,,,,,,297.478017,-60.584263,1342.268134,0.491143,4:00,0.871833,-0.42344,0.246183,68.760318,-0.72221,-24.724232,116.065814,76.412774,0.211031,0.972013,-0.103227,83.937958,12.182786,0.972013,0.211031,0.103227,-83.937958,-12.182786,-0.972013,-0.211031,0.103227,-116.065814,-76.412774,-0.211031,-0.972013,-0.103227,,,
19,2026-05-10,12:12:46.21,1,1,"Willitts, Josh",1000101315,Right,NJI_HIG,"Solier, Julio",827632,Right,BOC_EAG,Undefined,1,Bottom,0,0,0,Sinker,Sinker,StrikeCalled,Undefined,Undefined,Undefined,0,0,,92.40291,-0.267659,-4.902324,2404.76128,250.856127,2:15,5.07619,2.23027,6.27364,-25.27364,7.47414,18.20095,2.72241,-0.78308,83.43804,-5.023884,-1.6271,0.411872,,,,,,,,,,,,-10.85154,4.31906,-1.87509,50,5.04429,10.68014,-133.73873,-1.45704,-19.44413,31.71417,-24.43503,BOC_EAG,NJI_HIG,HarringtonVillage,D1,ACC,20260510-HarringtonVillage-1,15614f60-4c8b-11f1-b7d8-151fc49268df,91.51493,,,8.96487,,,,,,,b1484b88-4158-4df7-bc8c-565b9a528c8f,2026-05-10,16:12:46.21,2026-05-10T12:12:46.2108672-04:00,2026-05-10T16:12:46.2108672Z,,v3,227,471378,26835,"Campbell, Cole",1000115804,Right,NJI_HIG,4de3b2b8-ccff-45b2-a140-5e6b6af2857d,54.22313,-134.73646,15.85708,5.07804,-0.68832,-12.21752,-2.22072,11.29186,-9.72207,,,,,,,,,,,,,,,,,,,,,,,,,,,,,,,,,,,,,,,,,,,,,,,,,,,High,High,High,,,,,,238.17366,29.687138,2089.11885,0.868743,2:00,-0.529161,-0.740433,-0.414424,25.896391,47.357503,1.257933,167.72499,72.411473,0.064245,0.953251,-0.295271,72.789569,3.683477,0.953251,0.064245,0.295271,-72.789569,-3.683477,-0.953251,-0.064245,0.295271,-167.72499,-72.411473,-0.064245,-0.953251,-0.295271,,,
20,2026-05-10,12:13:03.30,1,2,"Willitts, Josh",1000101315,Right,NJI_HIG,"Solier, Julio",827632,Right,BOC_EAG,Undefined,1,Bottom,0,0,1,Sweeper,Curveball,BallCalled,Undefined,Undefined,Undefined,0,0,,82.38274,0.000887,-2.63532,2461.547613,79.481051,8:45,4.92623,2.43395,5.37368,-44.63869,-1.81689,-18.04694,1.20718,-1.54237,74.61538,-8.135781,-5.838071,0.470981,,,,,,,,,,,,8.10119,-0.39496,-2.18489,50,4.89532,6.26065,-119.27855,-1.60941,11.43579,27.25686,-32.73159,BOC_EAG,NJI_HIG,HarringtonVillage,D1,ACC,20260510-HarringtonVillage-1,1fa2e3d0-4c8b-11f1-b7d8-151fc49268df,80.02958,,,7.76736,,,,,,,b1484b88-4158-4df7-bc8c-565b9a528c8f,2026-05-10,16:13:03.30,2026-05-10T12:13:03.3017856-04:00,2026-05-10T16:13:03.3017856Z,,v3,227,471378,26835,"Campbell, Cole",1000115804,Right,NJI_HIG,bf9afed3-d523-43de-ba03-1bb52df697c1,55.1231,-120.44357,13.62843,4.93421,-0.2104,-16.36579,-2.44204,5.77186,5.7179,,,,,,,,,,,,,,,,,,,,,,,,,,,,,,,,,,,,,,,,,,,,,,,,,,,High,High,High,,,,,,51.676056,59.301651,1256.664722,0.510518,7:45,-0.844396,0.400524,0.355776,-31.364676,34.668136,15.556214,111.254219,-51.546451,0.57958,-0.783113,-0.225436,73.94041,-35.421037,0.783113,-0.57958,0.225436,-73.94041,35.421037,-0.783113,0.57958,0.225436,-111.254219,51.546451,-0.57958,0.783113,-0.225436,,,
21,2026-05-10,12:13:21.13,1,3,"Willitts, Josh",1000101315,Right,NJI_HIG,"Solier, Julio",827632,Right,BOC_EAG,Undefined,1,Bottom,0,1,1,Fastball,Sinker,FoulBallNotFieldable,Undefined,Undefined,Undefined,0,0,,93.20766,-0.709012,-4.670957,2488.524779,232.709504,1:45,5.00011,2.24646,6.08808,-18.34985,14.00961,16.90788,2.81286,-0.67503,84.19617,-4.204162,-1.638797,0.409423,,,,,,,,,,,,-10.13627,7.7643,-1.89425,50,4.93557,10.28841,-134.92572,-2.23849,-18.50546,32.00433,-17.99901,BOC_EAG,NJI_HIG,HarringtonVillage,D1,ACC,20260510-HarringtonVillage-1,2a2b6c50-4c8b-11f1-b7d8-151fc49268df,92.06238,,,9.01149,,,,,,,b1484b88-4158-4df7-bc8c-565b9a528c8f,2026-05-10,16:13:21.13,2026-05-10T12:13:21.1389952-04:00,2026-05-10T16:13:21.1389952Z,,v3,227,471378,26835,"Campbell, Cole",1000115804,Right,NJI_HIG,b86a774c-1473-4627-b7d5-a75275d91464,54.40986,-135.96771,16.00217,4.99891,-1.65248,-8.9995,-2.23903,10.89091,-9.25273,,,,,,,,,,,,,,,,,,,,,,,,,,,,,,,,,,,,,,,,,,,,,,,,,,,High,High,High,,,,,,239.777713,27.864681,2199.990066,0.884054,2:00,-0.492613,-0.769618,-0.406228,-62.899051,-48.376453,-56.300224,176.544096,-5.948592,0.059956,-0.103636,-0.992807,5.959351,-3.437272,0.103636,-0.059956,0.992807,-5.959351,3.437272,-0.103636,0.059956,0.992807,-176.544096,5.948592,-0.059956,0.103636,-0.992807,,,
22,2026-05-10,12:13:41.53,1,4,"Willitts, Josh",1000101315,Right,NJI_HIG,"Solier, Julio",827632,Right,BOC_EAG,Undefined,1,Bottom,0,1,2,Sweeper,Curveball,StrikeSwinging,Strikeout,Undefined,Undefined,0,0,,81.63761,-0.473557,-1.211081,2293.139595,80.369497,8:45,4.92493,2.30652,5.35648,-44.85081,-1.56319,-17.95883,0.74314,-0.32599,74.39781,-8.636129,-4.406104,0.473536,,,,,,,,,,,,8.64497,-0.20606,-2.18439,50,4.8505,3.24367,-118.39634,-2.57303,12.09764,25.58476,-32.4624,BOC_EAG,NJI_HIG,HarringtonVillage,D1,ACC,20260510-HarringtonVillage-1,366686d0-4c8b-11f1-b7d8-151fc49268df,79.59776,,,7.2398,,,,,,,b1484b88-4158-4df7-bc8c-565b9a528c8f,2026-05-10,16:13:41.53,2026-05-10T12:13:41.5308288-04:00,2026-05-10T16:13:41.5308288Z,,v3,227,471378,26835,"Campbell, Cole",1000115804,Right,NJI_HIG,07e4dfce-b726-4f57-8c82-06dcea87579c,55.14269,-119.50248,12.79238,4.9314,-1.16955,-16.2312,-2.31332,2.72064,6.04882,,,,,,,,,,,,,,,,,,,,,,,,,,,,,,,,,,,,,,,,,,,,,,,,,,,High,High,High,,,,,,56.962092,54.550373,1329.991106,0.579987,8:00,-0.81175,0.479459,0.333437,-41.741262,35.914907,10.113422,118.090238,-50.782093,0.557794,-0.774747,-0.297712,68.979708,-33.903402,0.774747,-0.557794,0.297712,-68.979708,33.903402,-0.774747,0.557794,0.297712,-118.090238,50.782093,-0.557794,0.774747,-0.297712,,,
23,2026-05-10,12:14:16.45,2,1,"Willitts, Josh",1000101315,Right,NJI_HIG,"Wang, Nick",813482,Right,BOC_EAG,Undefined,1,Bottom,1,0,0,Fastball,Sinker,BallCalled,Undefined,Undefined,Undefined,0,0,,93.22884,-2.695167,-4.32845,2393.285201,236.382127,2:00,4.98037,2.33763,5.97839,-19.43611,13.15875,18.02013,0.85337,-0.18067,84.23257,-6.371204,-1.098771,0.410909,,,,,,,,,,,,-10.56453,7.93619,-2.00468,50,4.75593,9.40206,-134.82066,-6.98677,-19.21367,32.56314,-17.74058,BOC_EAG,NJI_HIG,HarringtonVillage,D1,ACC,20260510-HarringtonVillage-1,4b23ab70-4c8b-11f1-b7d8-151fc49268df,91.72934,,,8.99627,,,,,,,b1484b88-4158-4df7-bc8c-565b9a528c8f,2026-05-10,16:14:16.45,2026-05-10T12:14:16.4553216-04:00,2026-05-10T16:14:16.4553216Z,,v3,227,471378,26835,"Campbell, Cole",1000115804,Right,NJI_HIG,e5b2fe98-66d2-4f9c-99f4-9f8c1e850f5f,54.51889,-135.90773,16.28157,4.97929,-6.39453,-8.87029,-2.32926,10.04348,-9.60684,,,,,,,,,,,,,,,,,,,,,,,,,,,,,,,,,,,,,,,,,,,,,,,,,,,High,High,High,,,,,,240.933782,23.951651,2187.195472,0.913888,2:00,-0.400415,-0.816998,-0.414948,-72.866003,-29.076602,-33.658357,174.376335,-7.849005,0.097076,-0.136563,-0.985864,7.886489,-5.570812,0.136563,-0.097076,0.985864,-7.886489,5.570812,-0.136563,0.097076,0.985864,-174.376335,7.849005,-0.097076,0.136563,-0.985864,,,
24,2026-05-10,12:14:36.20,2,2,"Willitts, Josh",1000101315,Right,NJI_HIG,"Wang, Nick",813482,Right,BOC_EAG,Undefined,1,Bottom,1,1,0,ChangeUp,Changeup,StrikeSwinging,Undefined,Undefined,Undefined,0,0,,84.996,-0.287916,-4.075764,1794.51382,251.322625,2:30,5.06212,2.22349,5.76016,-32.78356,6.56626,15.37528,2.06149,-0.29528,77.05618,-6.367196,-1.330008,0.451484,,,,,,,,,,,,-8.99453,3.86477,-1.89439,50,5.01861,8.11851,-123.05529,-1.72619,-13.66721,26.47758,-26.30156,BOC_EAG,NJI_HIG,HarringtonVillage,D1,ACC,20260510-HarringtonVillage-1,56eb43a0-4c8b-11f1-b7d8-151fc49268df,83.48557,,,7.93982,,,,,,,b1484b88-4158-4df7-bc8c-565b9a528c8f,2026-05-10,16:14:36.20,2026-05-10T12:14:36.2030592-04:00,2026-05-10T16:14:36.2030592Z,,v3,227,471378,26835,"Campbell, Cole",1000115804,Right,NJI_HIG,df2b581a-86b3-40ac-b810-e03d3369dc02,54.73633,-124.07021,13.23879,5.06546,-0.71802,-13.15078,-2.21563,8.64239,-6.83361,,,,,,,,,,,,,,,,,,,,,,,,,,,,,,,,,,,,,,,,,,,,,,,,,,,High,High,High,,,,,,253.72132,1.357374,1794.010262,0.999719,2:30,-0.038736,-0.959747,-0.278181,-62.746462,-25.336807,68.176033,103.377593,15.521431,0.937386,0.267599,-0.22293,50.2032,69.617171,0.267599,0.937386,0.22293,-50.2032,-69.617171,-0.267599,-0.937386,0.22293,-103.377593,-15.521431,-0.937386,-0.267599,-0.22293,,,
25,2026-05-10,12:14:55.75,2,3,"Willitts, Josh",1000101315,Right,NJI_HIG,"Wang, Nick",813482,Right,BOC_EAG,Undefined,1,Bottom,1,1,1,Sinker,Sinker,FoulBallNotFieldable,Undefined,Undefined,Undefined,0,0,,91.70691,-0.357514,-3.728697,2343.450832,257.202452,2:30,4.99541,2.23324,6.17251,-28.15631,4.92811,16.87611,2.31816,0.19096,83.44702,-5.612551,-0.68951,0.413984,82.24685,-58.746321,-107.534228,,,,,1.65465,1.15327,-63.861548,0.023025,-9.86449,2.96512,-1.95938,50,4.95397,7.96962,-133.02933,-1.78441,-17.57949,30.00846,-26.88988,BOC_EAG,NJI_HIG,HarringtonVillage,D1,ACC,20260510-HarringtonVillage-1,62967a30-4c8b-11f1-b7d8-151fc49268df,91.04813,2.38043,,8.25989,,,,1.16419,2.38043,-0.10787,b1484b88-4158-4df7-bc8c-565b9a528c8f,2026-05-10,16:14:55.75,2026-05-10T12:14:55.7558784-04:00,2026-05-10T16:14:55.7558784Z,GroundBall,v3,227,471378,26835,"Campbell, Cole",1000115804,Right,NJI_HIG,93d197ad-0d89-44d4-9c89-e212931c820f,54.32734,-134.00192,15.00423,4.99768,-0.91289,-13.44494,-2.22692,8.53939,-8.78974,,1.16437,-18.9034,,,,,,,,2.3814,-103.38486,,,,,,,,-0.10731,-59.82927,,,,,,,,,,,,,,,,,,,,,,,,,,,,,,High,High,High,Low,Low,,,,242.152507,27.214327,2084.03562,0.889302,2:00,-0.478462,-0.789154,-0.38511,23.64114,37.81793,-3.355831,151.609744,77.270865,0.104767,0.975423,-0.193842,78.760288,6.013751,0.975423,0.104767,0.193842,-78.760288,-6.013751,-0.975423,-0.104767,0.193842,-151.609744,-77.270865,-0.104767,-0.975423,-0.193842,,,
26,2026-05-10,12:15:21.57,2,4,"Willitts, Josh",1000101315,Right,NJI_HIG,"Wang, Nick",813482,Right,BOC_EAG,Undefined,1,Bottom,1,1,2,Sweeper,Curveball,BallCalled,Undefined,Undefined,Undefined,0,0,,83.60079,1.136859,-2.186802,2432.754616,82.145845,8:45,4.98244,2.28637,5.46814,-42.57424,-1.25626,-19.62552,2.49946,-1.39665,75.6501,-6.662326,-5.674594,0.462638,,,,,,,,,,,,9.07201,-0.50866,-2.08068,50,5.05402,5.47025,-121.11198,0.86626,13.23715,27.54248,-32.91627,BOC_EAG,NJI_HIG,HarringtonVillage,D1,ACC,20260510-HarringtonVillage-1,71f765c0-4c8b-11f1-b7d8-151fc49268df,81.47291,,,7.95068,,,,,,,b1484b88-4158-4df7-bc8c-565b9a528c8f,2026-05-10,16:15:21.57,2026-05-10T12:15:21.5706624-04:00,2026-05-10T16:15:21.5706624Z,,v3,227,471378,26835,"Campbell, Cole",1000115804,Right,NJI_HIG,e52cbc29-b437-49da-ae49-970526832ba5,55.02895,-122.25028,13.77124,4.99011,2.22665,-16.45813,-2.29546,4.92317,6.61857,,,,,,,,,,,,,,,,,,,,,,,,,,,,,,,,,,,,,,,,,,,,,,,,,,,High,High,High,,,,,,55.350395,60.747948,1188.771593,0.488652,7:45,-0.8531,0.419219,0.310605,-41.657442,31.386551,10.841024,118.840996,-54.066445,0.514055,-0.809698,-0.283083,70.729556,-30.934326,0.809698,-0.514055,0.283083,-70.729556,30.934326,-0.809698,0.514055,0.283083,-118.840996,54.066445,-0.514055,0.809698,-0.283083,,,
27,2026-05-10,12:15:41.27,2,5,"Willitts, Josh",1000101315,Right,NJI_HIG,"Wang, Nick",813482,Right,BOC_EAG,Undefined,1,Bottom,1,2,2,ChangeUp,Changeup,FoulBallNotFieldable,Undefined,Undefined,Undefined,0,0,,86.09591,-0.290915,-4.096345,1900.541404,251.883068,2:30,5.06807,2.29746,5.91955,-29.66915,8.27587,21.39978,2.32499,0.2729,78.29186,-5.819732,-0.262542,0.443352,109.35676,24.604422,-37.89063,3104.804401,82.40026,44.61298,-72.87095,372.72948,224.26972,-51.099821,4.037856,-12.21453,4.68957,-1.98141,50,5.02786,8.0732,-124.78802,-1.601,-19.15248,26.42374,-24.82077,BOC_EAG,NJI_HIG,HarringtonVillage,D1,ACC,20260510-HarringtonVillage-1,7db84730-4c8b-11f1-b7d8-151fc49268df,85.01694,61.65741,,7.80404,,,,2.15131,2.4103,-0.29158,b1484b88-4158-4df7-bc8c-565b9a528c8f,2026-05-10,16:15:41.27,2026-05-10T12:15:41.2792832-04:00,2026-05-10T16:15:41.2792832Z,FlyBall,v3,227,471378,26835,"Campbell, Cole",1000115804,Right,NJI_HIG,c08e7b9f-43d6-474c-b462-377ddadb2b2b,54.58044,-125.75418,13.21187,5.06981,-0.69344,-12.41039,-2.28941,8.77349,-9.57624,,2.15084,115.08721,-29.36957,7.39034,-1.52845,0.2375,-0.02824,0.00215,-6E-05,2.41076,66.76973,-21.34327,1.73664,-0.25598,0.04793,-0.00977,0.00178,-0.00015,-0.29138,-89.57108,4.31726,0.55016,-0.18905,-0.01793,0.01878,-0.00358,0.00023,,,,,,,,,,,,,,,,,,,,,,,High,High,High,High,Medium,,,,248.376276,5.093939,1893.035145,0.99605,2:15,-0.110092,-0.926391,-0.36011,-77.051135,-21.422169,72.655804,99.618192,2.198104,0.985218,0.038355,-0.166959,12.937834,80.136136,0.038355,0.985218,0.166959,-12.937834,-80.136136,-0.038355,-0.985218,0.166959,-99.618192,-2.198104,-0.985218,-0.038355,-0.166959,78.57472,17.9045,-23.9935
28,2026-05-10,12:16:17.58,2,6,"Willitts, Josh",1000101315,Right,NJI_HIG,"Wang, Nick",813482,Right,BOC_EAG,Undefined,1,Bottom,1,2,2,Sweeper,Slider,StrikeSwinging,Strikeout,Undefined,Undefined,0,0,,83.07062,2.18058,-1.615853,2293.503099,91.144186,9:00,4.89309,2.31058,5.16498,-40.21908,1.60398,-13.53536,3.5956,-0.33856,75.72071,-5.158471,-4.008529,0.465457,,,,,,,,,,,,6.22552,0.61051,-2.14931,50,5.06609,3.98935,-120.39878,3.09762,9.10295,24.2166,-31.28138,BOC_EAG,NJI_HIG,HarringtonVillage,D1,ACC,20260510-HarringtonVillage-1,9364d4e0-4c8b-11f1-b7d8-151fc49268df,80.97947,,,7.3499,,,,,,,b1484b88-4158-4df7-bc8c-565b9a528c8f,2026-05-10,16:16:17.58,2026-05-10T12:16:17.5820000-04:00,2026-05-10T16:16:17.5820000Z,,v3,227,471378,26835,"Campbell, Cole",1000115804,Right,NJI_HIG,6a01283b-69a4-4db7-b994-bb177a936459,55.33266,-121.46664,12.1083,4.89908,4.477,-15.64069,-2.31637,3.58795,4.55148,,,,,,,,,,,,,,,,,,,,,,,,,,,,,63.32059,,,1.065503,,,,4.17562,4.45148,1.49635,69.96296,10.34377,-54.83979,4.28181,67.7567,-5.69503,4.5553,21.74261,-15.26241,1.42449,-57.32585,4.21383,High,High,High,,,High,Medium,High,57.348804,58.125873,1211.095587,0.528055,8:00,-0.823314,0.476596,0.308237,-14.019498,6.647186,10.435274,123.841882,-48.943476,0.545526,-0.754062,-0.365776,64.123197,-33.060621,0.754062,-0.545526,0.365776,-64.123197,33.060621,-0.754062,0.545526,0.365776,-123.841882,48.943476,-0.545526,0.754062,-0.365776,,,
29,2026-05-10,12:16:48.12,3,1,"Willitts, Josh",1000101315,Right,NJI_HIG,"Mainolfi, Ty",839397,Left,BOC_EAG,Undefined,1,Bottom,2,0,0,Sinker,Sinker,InPlay,Undefined,GroundBall,Single,0,0,,92.17067,-0.418934,-3.837338,2287.202631,271.838516,3:00,4.991,2.10448,6.00088,-32.96659,0.63114,21.04454,1.85473,0.29727,82.42438,-6.55485,-0.057185,0.417183,104.12858,0.214961,-20.765243,2974.913811,,,,48.02451,45.62787,-22.443321,0.3283,-12.09843,0.86728,-1.81349,50,4.9403,8.01103,-133.39746,-2.17369,-21.26099,35.31217,-30.64995,BOC_EAG,NJI_HIG,HarringtonVillage,D1,ACC,20260510-HarringtonVillage-1,a58a37a0-4c8b-11f1-b7d8-151fc49268df,90.34994,1.75375,,9.74629,,,,0.28045,1.74967,-0.27541,b1484b88-4158-4df7-bc8c-565b9a528c8f,2026-05-10,16:16:48.12,2026-05-10T12:16:48.1230848-04:00,2026-05-10T16:16:48.1230848Z,GroundBall,v3,227,471378,26835,"Campbell, Cole",1000115804,Right,NJI_HIG,3e4c8155-38c3-4c0f-931f-95366d388463,54.49616,-134.58239,17.65608,4.99598,-1.1452,-15.32498,-2.09428,8.72447,-10.6305,79.377023,0.28808,142.49024,-24.93932,,,,,,,1.75321,0.4292,-17.6056,,,,,,,-0.27237,-54.26985,-2.30069,,,,,,,,,,,,,,,,,,,,,,,,,,,,,High,High,High,High,High,,,,243.613933,24.577436,2079.982022,0.9094,2:00,-0.436084,-0.817678,-0.375811,28.123034,54.368994,12.878066,170.791335,72.377074,0.048449,0.95307,-0.298849,72.590392,2.777035,0.95307,0.048449,0.298849,-72.590392,-2.777035,-0.95307,-0.048449,0.298849,-170.791335,-72.377074,-0.048449,-0.95307,-0.298849,75.67603,-4.95589,-11.31976
30,2026-05-10,12:17:22.85,4,1,"Willitts, Josh",1000101315,Right,NJI_HIG,"Johnson, Gunnar",1000100233,Right,BOC_EAG,Undefined,1,Bottom,2,0,0,Fastball,Four-Seam,StrikeCalled,Undefined,Undefined,Undefined,0,0,,93.68313,-1.332673,-4.39071,2391.453705,223.733886,1:30,5.00576,2.34913,6.04178,-17.0006,15.23257,13.44871,2.35132,-0.60331,84.30848,-4.587549,-1.98008,0.408623,,,,,,,,,,,,-8.24697,8.57697,-2.01313,50,4.89241,9.79707,-135.52304,-3.66786,-15.12548,33.44241,-16.44338,BOC_EAG,NJI_HIG,HarringtonVillage,D1,ACC,20260510-HarringtonVillage-1,ba4c3e40-4c8b-11f1-b7d8-151fc49268df,92.24257,,,9.37465,,,,,,,b1484b88-4158-4df7-bc8c-565b9a528c8f,2026-05-10,16:17:22.85,2026-05-10T12:17:22.8519936-04:00,2026-05-10T16:17:22.8519936Z,,v3,227,471378,26835,"Campbell, Cole",1000115804,Right,NJI_HIG,ddb02eac-c566-41da-9bfe-6bce8c0b58d1,54.45343,-136.61757,16.7212,5.00366,-3.12969,-8.22169,-2.34188,10.29211,-7.56274,,,,,,,,,,,,,,,,,,,,,,,,,,,,,,,,,,,,,,,,,,,,,,,,,,,High,High,High,,,,,,239.70998,21.970416,2217.779537,0.927377,2:00,-0.390169,-0.809259,-0.439166,-69.393938,-31.191771,-40.840145,178.405902,-9.184185,0.027462,-0.159609,-0.986798,9.18768,-1.573657,0.159609,-0.027462,0.986798,-9.18768,1.573657,-0.159609,0.027462,0.986798,-178.405902,9.184185,-0.027462,0.159609,-0.986798,,,
31,2026-05-10,12:17:55.97,4,2,"Willitts, Josh",1000101315,Right,NJI_HIG,"Johnson, Gunnar",1000100233,Right,BOC_EAG,Undefined,1,Bottom,2,0,1,Sweeper,Slider,InPlay,Undefined,GroundBall,FieldersChoice,1,0,,81.9855,0.88317,-1.006736,2492.620114,82.264321,8:45,4.94623,2.39612,4.96307,-44.35959,-0.77335,-16.82678,2.08411,0.04274,74.36719,-7.169858,-3.975643,0.475167,97.30002,-6.675185,-6.450111,,,,,21.75148,20.0918,-5.822732,0.150293,8.02902,-0.25185,-2.28405,50,4.99531,2.8156,-118.80447,0.17087,11.3135,25.75684,-32.52895,BOC_EAG,NJI_HIG,HarringtonVillage,D1,ACC,20260510-HarringtonVillage-1,ce12a6d0-4c8b-11f1-b7d8-151fc49268df,79.32461,2.15235,,7.61831,,,,0.59604,2.15235,0.04489,b1484b88-4158-4df7-bc8c-565b9a528c8f,2026-05-10,16:17:55.97,2026-05-10T12:17:55.9796736-04:00,2026-05-10T16:17:55.9796736Z,GroundBall,v3,227,471378,26835,"Campbell, Cole",1000115804,Right,NJI_HIG,c41f2ee1-52d6-46ac-9349-8436d96058da,55.53576,-119.99862,12.87842,4.95242,1.679,-16.26448,-2.40243,2.29107,5.65675,190.510801,0.59576,140.8665,-5.64482,,,,,,,2.15195,-16.55282,14.88573,,,,,,,0.04482,-15.91658,6.22891,,,,,,,,,,,,,,,,,,,,,,,,,,,,,High,High,High,Medium,High,,,,56.096828,63.065059,1129.103244,0.452978,7:45,-0.881045,0.389661,0.268189,-6.288911,3.3925,12.42574,117.514385,-52.293823,0.542436,-0.791158,-0.282547,70.34675,-32.849613,0.791158,-0.542436,0.282547,-70.34675,32.849613,-0.791158,0.542436,0.282547,-117.514385,52.293823,-0.542436,0.791158,-0.282547,,,
32,2026-05-10,12:20:21.56,1,1,"Miller, Brady",815959,Left,BOC_EAG,"Campbell, Cole",1000115804,Right,NJI_HIG,Undefined,2,Top,0,0,0,ChangeUp,Changeup,StrikeCalled,Undefined,Undefined,Undefined,0,0,,83.50865,-0.119293,3.321109,1811.460871,74.261063,8:30,5.55163,-2.03915,5.46382,-44.30412,-2.7361,-15.22284,1.74778,-0.19585,75.26592,-8.231761,0.610425,0.464035,,,,,,,,,,,,8.76957,-0.8763,1.75725,50,5.51102,-6.36783,-120.86512,-1.85233,12.71058,27.99031,-33.44417,BOC_EAG,NJI_HIG,HarringtonVillage,D1,ACC,20260510-HarringtonVillage-1,24cdb730-4c8c-11f1-b7d8-151fc49268df,81.22752,,,8.24272,,,,,,,b1484b88-4158-4df7-bc8c-565b9a528c8f,2026-05-10,16:20:21.56,2026-05-10T12:20:21.5618560-04:00,2026-05-10T16:20:21.5618560Z,,v3,227,471378,26835,"Johnson, Gunnar",1000100233,Right,BOC_EAG,81357e68-af65-4817-b398-461d297f36d2,55.03385,-122.0253,13.99516,5.55907,-0.46609,-16.72209,2.03211,-6.89468,6.35529,,,,,,,,,,,,,,,,,,,,,,,,,,,,,,,,,,,,,,,,,,,,,,,,,,,High,High,High,,,,,,87.920257,1.978527,1810.380944,0.999404,9:00,-0.038644,0.998671,0.034087,77.782549,-25.110671,-79.716509,92.719693,-28.059623,0.881465,-0.47039,-0.041872,84.913142,-61.819544,0.47039,-0.881465,0.041872,-84.913142,61.819544,-0.47039,0.881465,0.041872,-92.719693,28.059623,-0.881465,0.47039,-0.041872,,,
33,2026-05-10,12:20:35.03,1,2,"Miller, Brady",815959,Left,BOC_EAG,"Campbell, Cole",1000115804,Right,NJI_HIG,Undefined,2,Top,0,0,1,Fastball,Sinker,BallCalled,Undefined,Undefined,Undefined,0,0,,91.27626,-0.268538,2.116598,2246.892195,123.427157,10:00,5.80574,-1.85823,5.34305,-22.70171,12.13186,-16.42332,3.66185,-1.24045,81.93229,-4.518642,-0.800005,0.424786,,,,,,,,,,,,8.83973,6.53315,1.67928,50,5.76577,-4.09584,-132.16135,-1.43306,15.36665,32.6693,-20.81702,BOC_EAG,NJI_HIG,HarringtonVillage,D1,ACC,20260510-HarringtonVillage-1,2cce5c50-4c8c-11f1-b7d8-151fc49268df,88.73277,,,9.34398,,,,,,,b1484b88-4158-4df7-bc8c-565b9a528c8f,2026-05-10,16:20:35.03,2026-05-10T12:20:35.0365696-04:00,2026-05-10T16:20:35.0365696Z,,v3,227,471378,26835,"Johnson, Gunnar",1000100233,Right,BOC_EAG,7ad93fbd-0d9b-4c66-aa24-62456f1776ed,55.15149,-133.42868,16.33465,5.80571,-0.62551,-10.40851,1.84973,-4.69196,7.68333,,,,,,,,,,,,,,,,,,,,,,,,,,,,,,,,,,,,,,,,,,,,,,,,,,,High,High,High,,,,,,122.059287,-9.539751,2215.819604,0.986171,10:00,0.181035,0.836547,-0.517123,60.060062,3.543121,-22.919088,172.681331,2.072449,0.127304,0.036163,-0.991204,2.089457,7.313855,0.036163,0.127304,0.991204,-2.089457,-7.313855,-0.036163,-0.127304,0.991204,-172.681331,-2.072449,-0.127304,-0.036163,-0.991204,,,
34,2026-05-10,12:20:48.59,1,3,"Miller, Brady",815959,Left,BOC_EAG,"Campbell, Cole",1000115804,Right,NJI_HIG,Undefined,2,Top,0,1,1,ChangeUp,Sinker,StrikeSwinging,Undefined,Undefined,Undefined,0,0,,83.25818,0.319875,2.712308,1876.372277,76.492704,8:30,5.43907,-1.96275,5.63319,-44.28097,-3.27449,-19.35631,2.04777,-1.04332,75.88809,-7.791441,-0.747849,0.46089,,,,,,,,,,,,10.55056,-1.2787,1.74415,50,5.43834,-4.91273,-120.77279,-0.89984,15.46021,25.25325,-34.04781,BOC_EAG,NJI_HIG,HarringtonVillage,D1,ACC,20260510-HarringtonVillage-1,34e6f640-4c8c-11f1-b7d8-151fc49268df,81.78179,,,7.37009,,,,,,,b1484b88-4158-4df7-bc8c-565b9a528c8f,2026-05-10,16:20:48.59,2026-05-10T12:20:48.5975040-04:00,2026-05-10T16:20:48.5975040Z,,v3,227,471378,26835,"Johnson, Gunnar",1000100233,Right,BOC_EAG,89880e8c-439d-4431-9eb9-5bd8130429b8,54.86629,-121.78607,12.62662,5.44704,0.46632,-17.0239,1.95371,-5.53307,7.7301,,,,,,,,,,,,,,,,,,,,,,,,,,,,,,,,,,,,,,,,,,,,,,,,,,,High,High,High,,,,,,83.506414,6.321501,1864.963382,0.99392,8:45,-0.109794,0.988143,0.107329,49.70517,-7.593913,-69.389557,92.167443,-19.679907,0.940915,-0.336765,-0.035611,83.963747,-70.205801,0.336765,-0.940915,0.035611,-83.963747,70.205801,-0.336765,0.940915,0.035611,-92.167443,19.679907,-0.940915,0.336765,-0.035611,,,
35,2026-05-10,12:21:07.32,1,4,"Miller, Brady",815959,Left,BOC_EAG,"Campbell, Cole",1000115804,Right,NJI_HIG,Undefined,2,Top,0,1,2,Slider,Changeup,InPlay,Undefined,FlyBall,HomeRun,0,1,,84.328,-0.406145,4.309622,1900.2301,84.29824,8:45,5.38341,-2.07162,5.6168,-40.95605,-0.50724,-19.87666,1.59028,0.30167,76.18617,-7.930644,0.766305,0.457746,105.19147,20.918241,-24.786751,2547.835055,99.59702,39.75437,-46.69496,412.10263,386.70045,-26.594546,4.673296,11.50099,0.27673,1.71643,50,5.32228,-8.37063,-122.01494,-2.30833,17.05474,27.6678,-31.76367,BOC_EAG,NJI_HIG,HarringtonVillage,D1,ACC,20260510-HarringtonVillage-1,4010eee0-4c8c-11f1-b7d8-151fc49268df,82.34361,62.78549,,8.14183,,,,1.86822,1.62253,-0.20452,b1484b88-4158-4df7-bc8c-565b9a528c8f,2026-05-10,16:21:07.32,2026-05-10T12:21:07.3204224-04:00,2026-05-10T16:21:07.3204224Z,LineDrive,v3,227,471378,26835,"Johnson, Gunnar",1000100233,Right,BOC_EAG,47e056b0-564c-4e95-95b6-b870ddf2443f,54.88247,-123.1171,13.8339,5.38903,-1.04301,-15.88184,2.06341,-9.05001,8.52737,169.912257,1.86787,130.84249,-24.24025,5.7196,-1.27467,0.26423,-0.04373,0.00461,-0.00022,1.62339,55.06466,-12.34338,-0.42731,0.36597,-0.13323,0.02941,-0.00338,0.00015,-0.20415,-60.42586,8.74808,-1.76479,0.36807,-0.08053,0.0149,-0.0017,8E-05,,,,,,,,,,,,,,,,,,,,,,,High,High,High,High,High,,,,83.786461,3.816085,1896.016955,0.997783,8:45,-0.081491,0.991425,0.102159,62.725214,-8.682236,-72.154201,95.311169,-18.876578,0.942155,-0.323531,-0.087586,74.851961,-70.416715,0.323531,-0.942155,0.087586,-74.851961,70.416715,-0.323531,0.942155,0.087586,-95.311169,18.876578,-0.942155,0.323531,-0.087586,71.79852,11.57916,-23.64681
36,2026-05-10,12:21:54.37,2,1,"Miller, Brady",815959,Left,BOC_EAG,"Levin, Brody",1000077124,Right,NJI_HIG,Undefined,2,Top,0,0,0,Fastball,Four-Seam,BallCalled,Undefined,Undefined,Undefined,0,0,,91.51046,-1.838341,4.212788,2206.232404,137.701806,10:30,5.86205,-1.50039,5.31984,-19.91111,15.36284,-12.64579,2.47231,1.40647,81.19025,-5.609169,1.975303,0.427463,,,,,,,,,,,,7.78445,8.74008,1.12761,50,5.68148,-9.10431,-131.96056,-4.91691,13.33179,35.59985,-17.20558,BOC_EAG,NJI_HIG,HarringtonVillage,D1,ACC,20260510-HarringtonVillage-1,5c14b770-4c8c-11f1-b7d8-151fc49268df,88.17709,,,10.3202,,,,,,,b1484b88-4158-4df7-bc8c-565b9a528c8f,2026-05-10,16:21:54.37,2026-05-10T12:21:54.3792128-04:00,2026-05-10T16:21:54.3792128Z,,v3,227,471378,26835,"Johnson, Gunnar",1000100233,Right,BOC_EAG,4b16f1d2-8be2-4c2e-b2f4-eac545903043,55.17198,-133.34854,17.79993,5.8601,-4.2461,-8.60279,1.49271,-9.62409,6.6659,,,,,,,,,,,,,,,,,,,,,,,,,,,,,,,,,,,,,,,,,,,,,,,,,,,High,High,High,,,,,,123.258379,-6.706258,2191.137142,0.993158,10:00,0.129846,0.833803,-0.536574,58.612432,2.092258,-10.964399,179.389721,1.107636,0.010649,0.019331,-0.999756,1.107699,0.610165,0.019331,0.010649,0.999756,-1.107699,-0.610165,-0.019331,-0.010649,0.999756,-179.389721,-1.107636,-0.010649,-0.019331,-0.999756,,,
37,2026-05-10,12:22:08.26,2,2,"Miller, Brady",815959,Left,BOC_EAG,"Levin, Brody",1000077124,Right,NJI_HIG,Undefined,2,Top,0,1,0,Slider,Slider,BallCalled,Undefined,Undefined,Undefined,0,0,,79.21184,1.378382,-0.966707,2382.910342,250.957516,2:15,5.61463,-2.03194,5.17703,-40.88187,5.96496,12.01733,3.50524,-1.94021,70.82357,-6.161201,1.162106,0.492619,,,,,,,,,,,,-6.23394,3.06894,2.1126,50,5.71264,1.41683,-114.58046,1.34619,-8.09099,25.84955,-28.19086,BOC_EAG,NJI_HIG,HarringtonVillage,D1,ACC,20260510-HarringtonVillage-1,6469be20-4c8c-11f1-b7d8-151fc49268df,76.51434,,,8.38827,,,,,,,b1484b88-4158-4df7-bc8c-565b9a528c8f,2026-05-10,16:22:08.26,2026-05-10T12:22:08.2675712-04:00,2026-05-10T16:22:08.2675712Z,,v3,227,471378,26835,"Johnson, Gunnar",1000100233,Right,BOC_EAG,1f4c14fb-1bb0-4f76-bc23-958c8d8dfc06,55.3154,-115.77341,12.92478,5.6205,2.64719,-14.09543,2.0386,1.79023,-4.0455,,,,,,,,,,,,,,,,,,,,,,,,,,,,,,,,,,,,,,,,,,,,,,,,,,,High,High,High,,,,,,285.601502,-71.797149,744.378766,0.312382,3:30,0.943727,-0.323637,0.068101,77.605972,6.719598,-10.6864,140.461792,76.595203,0.147581,0.972756,-0.178787,79.585606,8.486759,0.972756,0.147581,0.178787,-79.585606,-8.486759,-0.972756,-0.147581,0.178787,-140.461792,-76.595203,-0.147581,-0.972756,-0.178787,,,
38,2026-05-10,12:22:24.12,2,3,"Miller, Brady",815959,Left,BOC_EAG,"Levin, Brody",1000077124,Right,NJI_HIG,Undefined,2,Top,0,2,0,Fastball,Four-Seam,BallCalled,Undefined,Undefined,Undefined,0,0,,91.21936,-0.305745,3.439498,2328.783913,134.160215,10:30,5.81043,-1.74443,5.46499,-19.8454,15.4206,-14.37095,3.86997,0.28099,80.69371,-4.089653,0.886697,0.427415,,,,,,,,,,,,8.39902,8.24733,1.45121,50,5.77054,-7.22538,-131.73483,-1.34902,14.3076,35.9627,-18.12484,BOC_EAG,NJI_HIG,HarringtonVillage,D1,ACC,20260510-HarringtonVillage-1,6dcfe6b0-4c8c-11f1-b7d8-151fc49268df,88.18702,,,10.52565,,,,,,,b1484b88-4158-4df7-bc8c-565b9a528c8f,2026-05-10,16:22:24.12,2026-05-10T12:22:24.1227264-04:00,2026-05-10T16:22:24.1227264Z,,v3,227,471378,26835,"Johnson, Gunnar",1000100233,Right,BOC_EAG,4ad5f482-e855-427a-9001-154e52922633,55.02641,-133.09994,17.98135,5.80869,-0.66102,-9.06242,1.73578,-7.76848,7.1538,,,,,,,,,,,,,,,,,,,,,,,,,,,,,,,,,,,,,,,,,,,,,,,,,,,High,High,High,,,,,,126.046071,-12.031414,2277.628586,0.978033,10:15,0.238385,0.791884,-0.562221,55.115902,13.3531,-19.721984,174.96523,0.890811,0.08775,0.015547,-0.996021,0.894261,5.03416,0.015547,0.08775,0.996021,-0.894261,-5.03416,-0.015547,-0.08775,0.996021,-174.96523,-0.890811,-0.08775,-0.015547,-0.996021,,,
39,2026-05-10,12:22:41.59,2,4,"Miller, Brady",815959,Left,BOC_EAG,"Levin, Brody",1000077124,Right,NJI_HIG,Undefined,2,Top,0,3,0,Fastball,Sinker,StrikeCalled,Undefined,Undefined,Undefined,0,0,,91.15532,-1.458946,3.38731,2273.028327,121.852052,10:00,5.82679,-1.77008,5.35611,-23.8036,11.46123,-16.18332,2.47223,0.06174,81.29583,-5.913354,0.515756,0.427408,,,,,,,,,,,,9.21626,6.65252,1.47692,50,5.67904,-7.01705,-131.69578,-4.21513,15.78562,34.41548,-20.77962,BOC_EAG,NJI_HIG,HarringtonVillage,D1,ACC,20260510-HarringtonVillage-1,784adaa0-4c8c-11f1-b7d8-151fc49268df,88.18852,,,9.85949,,,,,,,b1484b88-4158-4df7-bc8c-565b9a528c8f,2026-05-10,16:22:41.59,2026-05-10T12:22:41.5995392-04:00,2026-05-10T16:22:41.5995392Z,,v3,227,471378,26835,"Johnson, Gunnar",1000100233,Right,BOC_EAG,4205f647-75da-4f94-b827-38099cc76707,55.13734,-133.03153,17.20774,5.82698,-3.40863,-10.38981,1.76115,-7.62973,7.89281,,,,,,,,,,,,,,,,,,,,,,,,,,,,,,,,,,,,,,,,,,,,,,,,,,,High,High,High,,,,,,125.041169,-7.751951,2252.255816,0.990861,10:15,0.147601,0.814429,-0.561177,49.207728,-0.35259,-17.01296,174.205234,-6.478497,0.100321,-0.11283,-0.988537,6.511488,-5.757637,0.11283,-0.100321,0.988537,-6.511488,5.757637,-0.11283,0.100321,0.988537,-174.205234,6.478497,-0.100321,0.11283,-0.988537,,,
40,2026-05-10,12:22:55.29,2,5,"Miller, Brady",815959,Left,BOC_EAG,"Levin, Brody",1000077124,Right,NJI_HIG,Undefined,2,Top,0,3,1,Fastball,Four-Seam,InPlay,Undefined,FlyBall,Out,1,0,,91.33801,-1.654172,3.624937,2300.491725,134.163052,10:30,5.88192,-1.7904,5.26777,-20.11733,15.27312,-14.22623,2.64805,0.43379,81.10752,-5.459504,1.107036,0.428168,98.76463,35.937501,-12.50343,3305.096158,107.66969,75.77738,-22.52093,336.33322,333.82467,-10.636537,5.437244,8.45764,8.63961,1.46965,50,5.71635,-7.6831,-131.86916,-4.505,14.45792,35.66835,-17.40509,BOC_EAG,NJI_HIG,HarringtonVillage,D1,ACC,20260510-HarringtonVillage-1,80679340-4c8c-11f1-b7d8-151fc49268df,88.03186,106.46748,,10.23049,,,,2.63663,2.82923,-0.42479,b1484b88-4158-4df7-bc8c-565b9a528c8f,2026-05-10,16:22:55.29,2026-05-10T12:22:55.2911872-04:00,2026-05-10T16:22:55.2911872Z,FlyBall,v3,227,471378,26835,"Johnson, Gunnar",1000100233,Right,BOC_EAG,342399ae-60ec-4dcc-afa3-ed711ce21eba,55.2274,-133.27558,17.83418,5.88045,-3.81871,-8.70255,1.78384,-8.25318,7.22896,184.732078,2.63839,114.4725,-26.01058,6.70979,-1.53642,0.32831,-0.05566,0.00582,-0.00026,2.83267,84.94146,-19.6366,0.68182,0.40574,-0.23103,0.0546,-0.0062,0.00028,-0.42536,-25.38196,7.04045,-1.90535,0.44953,-0.09607,0.01589,-0.00161,7E-05,,,,,,,,,,,,,,,,,,,,,,,High,High,High,High,Medium,,,,125.355236,-5.310917,2290.615899,0.995707,10:15,0.105369,0.814412,-0.57064,55.126962,-0.163286,-6.362371,179.259649,0.0722,0.012921,0.00126,-0.999916,0.072206,0.74035,0.00126,0.012921,0.999916,-0.072206,-0.74035,-0.00126,-0.012921,0.999916,-179.259649,-0.0722,-0.012921,-0.00126,-0.999916,74.1994,20.72197,-18.68767
41,2026-05-10,12:23:32.10,3,1,"Miller, Brady",815959,Left,BOC_EAG,"Can, Dillon",1000236834,Right,NJI_HIG,Undefined,2,Top,1,0,0,Fastball,Sinker,InPlay,Undefined,Popup,Single,0,0,,91.26729,-2.347495,3.219342,2306.870301,128.277438,10:15,5.8468,-1.65006,5.33378,-20.55828,15.19749,-17.23351,1.92643,-0.06256,80.24822,-6.25513,0.162033,0.430372,76.12769,33.182165,-4.921017,3727.562756,109.93092,54.64555,-3.89757,256.56255,256.56255,1.659259,4.095311,9.96044,8.98658,1.37227,50,5.62059,-6.59261,-131.62627,-6.09507,16.75919,38.57368,-17.05343,BOC_EAG,NJI_HIG,HarringtonVillage,D1,ACC,20260510-HarringtonVillage-1,96541020-4c8c-11f1-b7d8-151fc49268df,87.58097,59.38717,,11.01908,,,,3.57655,2.26662,0.05433,b1484b88-4158-4df7-bc8c-565b9a528c8f,2026-05-10,16:23:32.10,2026-05-10T12:23:32.1048064-04:00,2026-05-10T16:23:32.1048064Z,FlyBall,v3,227,471378,26835,"Johnson, Gunnar",1000100233,Right,BOC_EAG,44e3509a-99b5-494c-952c-14b7377677e0,55.16022,-133.1299,19.28684,5.84523,-5.43031,-8.52671,1.64198,-7.24589,8.37959,205.519866,3.57637,93.10599,-15.16744,3.38517,-0.71441,0.1723,-0.04094,0.00622,-0.00039,2.26678,61.10764,-18.24432,1.36298,-0.21721,-0.00606,0.01494,-0.00296,0.00018,0.05411,-8.00844,4.97869,-1.11866,0.17994,-0.02225,0.00368,-0.00067,5E-05,,,,,,,,,,,,,,,,,,,,,,,High,High,High,High,High,,,,128.091441,-9.023927,2278.317996,0.987623,10:15,0.158897,0.783058,-0.601308,53.248333,0.664241,-14.613466,177.867525,0.275572,0.03721,0.00481,-0.999296,0.275763,2.132451,0.00481,0.03721,0.999296,-0.275763,-2.132451,-0.00481,-0.03721,0.999296,-177.867525,-0.275572,-0.03721,-0.00481,-0.999296,75.40045,20.68509,-29.41099
42,2026-05-10,12:24:12.72,4,1,"Miller, Brady",815959,Left,BOC_EAG,"Vega, Nicholas",10305587,Right,NJI_HIG,Undefined,2,Top,1,0,0,ChangeUp,Changeup,StrikeCalled,Undefined,Undefined,Undefined,0,0,,83.09627,0.729417,3.02726,1775.887051,84.320995,8:45,5.53843,-2.06924,5.421,-41.94738,0.35425,-13.17591,2.72705,-0.32897,74.25323,-6.995302,0.684812,0.468112,,,,,,,,,,,,7.63363,0.44634,1.80958,50,5.57468,-5.78288,-120.15935,0.0277,10.87227,28.88657,-31.53833,BOC_EAG,NJI_HIG,HarringtonVillage,D1,ACC,20260510-HarringtonVillage-1,ae9d68c0-4c8c-11f1-b7d8-151fc49268df,80.52009,,,8.84304,,,,,,,b1484b88-4158-4df7-bc8c-565b9a528c8f,2026-05-10,16:24:12.72,2026-05-10T12:24:12.7227392-04:00,2026-05-10T16:24:12.7227392Z,,v3,227,471378,26835,"Johnson, Gunnar",1000100233,Right,BOC_EAG,b1dc9e8d-3655-4fa5-865e-a351a670d7e3,55.07371,-121.37295,14.44328,5.54568,1.35271,-15.76917,2.06213,-6.23966,5.43614,,,,,,,,,,,,,,,,,,,,,,,,,,,,,,,,,,,,,,,,,,,,,,,,,,,High,High,High,,,,,,89.922147,-0.928055,1775.654093,0.999869,9:00,0.028812,0.999581,0.002884,-97.520107,26.602102,76.45543,107.588465,-60.887491,0.463782,-0.873666,-0.147017,80.447956,-27.63141,0.873666,-0.463782,0.147017,-80.447956,27.63141,-0.873666,0.463782,0.147017,-107.588465,60.887491,-0.463782,0.873666,-0.147017,,,
43,2026-05-10,12:24:31.11,4,2,"Miller, Brady",815959,Left,BOC_EAG,"Vega, Nicholas",10305587,Right,NJI_HIG,Undefined,2,Top,1,0,1,Fastball,Sinker,InPlay,Undefined,LineDrive,Single,0,0,,90.56039,-2.113395,1.938438,2323.696634,125.128094,10:15,5.8804,-1.42269,5.50185,-21.9206,13.8102,-17.50135,2.07503,-1.06745,80.3314,-6.256179,-1.180788,0.430222,98.82947,12.237594,4.734865,6308.220594,109.31028,13.0974,12.29599,186.67474,186.67474,7.254157,1.65573,9.55949,8.16957,1.26556,50,5.6815,-3.62632,-130.90865,-5.56858,16.03744,36.18336,-18.4684,BOC_EAG,NJI_HIG,HarringtonVillage,D1,ACC,20260510-HarringtonVillage-1,b98130a0-4c8c-11f1-b7d8-151fc49268df,87.61156,13.32634,,10.22898,,,,1.99455,2.14627,1.06003,b1484b88-4158-4df7-bc8c-565b9a528c8f,2026-05-10,16:24:31.11,2026-05-10T12:24:31.1151616-04:00,2026-05-10T16:24:31.1151616Z,LineDrive,v3,227,471378,26835,"Johnson, Gunnar",1000100233,Right,BOC_EAG,eb4caf9b-aa0c-47ab-a42e-747c7d9fbc17,54.99275,-132.28146,18.09168,5.87948,-4.86788,-9.2342,1.41469,-4.23478,8.01872,292.649175,1.99455,141.17251,-25.68202,6.10134,-1.48013,0.37162,-0.08668,0.01515,-0.00137,2.14627,30.72439,-23.13969,3.25624,-0.82195,0.20491,-0.04743,0.00838,-0.00076,1.06003,11.69299,1.54006,-0.33699,0.08641,-0.02162,0.00505,-0.00088,8E-05,,,,,,,,,,,,,,,,,,,,,,,High,High,High,High,High,,,,127.897283,-5.755617,2311.982163,0.994959,10:15,0.091896,0.788299,-0.608391,47.916969,7.421319,-22.690079,172.008222,-2.450765,0.138904,-0.042761,-0.989382,2.474771,-7.98442,0.042761,-0.138904,0.989382,-2.474771,7.98442,-0.042761,0.138904,0.989382,-172.008222,2.450765,-0.138904,0.042761,-0.989382,79.07767,15.64961,2.19818
44,2026-05-10,12:25:11.63,5,1,"Miller, Brady",815959,Left,BOC_EAG,"O'Connor, Sheehan",1000132277,Right,NJI_HIG,Undefined,2,Top,1,0,0,ChangeUp,Changeup,InPlay,Undefined,GroundBall,Single,0,1,,83.33216,-0.007487,2.718823,1774.249835,81.564631,8:45,5.35295,-1.8373,5.73774,-41.47179,-0.30063,-12.16056,1.88998,-0.31709,75.24966,-7.654867,0.541926,0.461815,101.6062,-3.757457,-2.675134,,,,,22.14771,20.97211,-1.951234,0.139817,7.10792,0.25815,1.61851,50,5.32697,-5.24344,-120.75981,-1.43025,10.30524,27.50417,-31.79979,BOC_EAG,NJI_HIG,HarringtonVillage,D1,ACC,20260510-HarringtonVillage-1,d1b5efd0-4c8c-11f1-b7d8-151fc49268df,81.61805,1.91873,,8.0825,,,,1.86561,1.91873,0.31865,b1484b88-4158-4df7-bc8c-565b9a528c8f,2026-05-10,16:25:11.63,2026-05-10T12:25:11.6311040-04:00,2026-05-10T16:25:11.6311040Z,GroundBall,v3,227,471378,26835,"Johnson, Gunnar",1000100233,Right,BOC_EAG,2f9cb73c-653a-493a-872c-edcebcfa4f30,54.76039,-121.83921,13.75208,5.35861,-0.18227,-15.8999,1.83223,-5.64787,5.15262,24.437926,1.86603,148.50038,-25.29418,,,,,,,1.91946,-9.83465,-27.88465,,,,,,,0.31887,-6.96199,-5.105,,,,,,,,,,,,,,,,,,,,,,,,,,,,,High,High,High,High,High,,,,86.215268,6.447041,1763.029594,0.993676,8:45,-0.115399,0.991494,0.060184,72.014687,-25.718224,-80.352243,101.834013,-60.686261,0.479186,-0.871952,-0.100404,83.431402,-28.632231,0.871952,-0.479186,0.100404,-83.431402,28.632231,-0.871952,0.479186,0.100404,-101.834013,60.686261,-0.479186,0.871952,-0.100404,70.43418,9.59238,5.87509
45,2026-05-10,12:26:36.83,6,1,"Miller, Brady",815959,Left,BOC_EAG,"Sallie, Ty",1000121067,Right,NJI_HIG,Undefined,2,Top,1,0,0,Slider,Curveball,StrikeCalled,Undefined,Undefined,Undefined,0,0,,75.88758,1.452677,-0.147606,2484.11805,275.943806,3:15,5.56801,-1.85217,5.27914,-50.11601,0.71272,11.95623,2.75629,-0.99445,68.09436,-7.745473,1.976043,0.513128,,,,,,,,,,,,-5.95847,0.49654,1.85677,50,5.66466,-0.20078,-109.83658,1.10842,-7.10106,23.88589,-31.58229,BOC_EAG,NJI_HIG,HarringtonVillage,D1,ACC,20260510-HarringtonVillage-1,047c49f0-4c8d-11f1-b7d8-151fc49268df,73.45616,,,7.79322,,,,,,,b1484b88-4158-4df7-bc8c-565b9a528c8f,2026-05-10,16:26:36.83,2026-05-10T12:26:36.8338432-04:00,2026-05-10T16:26:36.8338432Z,,v3,227,471378,26835,"Johnson, Gunnar",1000100233,Right,BOC_EAG,602ed9c7-eb17-47d7-8be9-6a0975346203,55.21503,-110.96489,11.94295,5.57706,2.60028,-15.79115,1.85834,0.13466,-3.55053,,,,,,,,,,,,,,,,,,,,,,,,,,,,,,,,,,,,,,,,,,,,,,,,,,,High,High,High,,,,,,287.050914,-60.3766,1227.891936,0.494297,3:30,0.857404,-0.494456,0.14273,63.765944,-2.404072,-13.226466,173.569751,-72.368231,0.033923,-0.953023,-0.300993,72.472342,-1.943999,0.953023,-0.033923,0.300993,-72.472342,1.943999,-0.953023,0.033923,0.300993,-173.569751,72.368231,-0.033923,0.953023,-0.300993,,,
46,2026-05-10,12:26:55.11,6,2,"Miller, Brady",815959,Left,BOC_EAG,"Sallie, Ty",1000121067,Right,NJI_HIG,Undefined,2,Top,1,0,1,Slider,Curveball,BallCalled,Undefined,Undefined,Undefined,0,0,,75.28235,0.611553,-1.128194,2591.253673,284.367548,3:30,5.77489,-1.8108,5.15338,-54.68432,-2.72819,18.54816,1.79369,-1.3273,67.70811,-9.355781,2.163143,0.518788,,,,,,,,,,,,-9.53658,-0.89677,1.90167,50,5.79084,1.39433,-108.96774,-0.70424,-11.16263,23.8745,-33.22375,BOC_EAG,NJI_HIG,HarringtonVillage,D1,ACC,20260510-HarringtonVillage-1,0f6038e0-4c8d-11f1-b7d8-151fc49268df,72.65482,,,7.57423,,,,,,,b1484b88-4158-4df7-bc8c-565b9a528c8f,2026-05-10,16:26:55.11,2026-05-10T12:26:55.1143936-04:00,2026-05-10T16:26:55.1143936Z,,v3,227,471378,26835,"Johnson, Gunnar",1000100233,Right,BOC_EAG,1410c391-e2e4-42e9-8b7e-655998926c12,55.34262,-110.13207,11.93725,5.78568,0.91605,-16.61187,1.8204,1.93872,-5.58131,,,,,,,,,,,,,,,,,,,,,,,,,,,,,,,,,,,,,,,,,,,,,,,,,,,High,High,High,,,,,,289.221025,-56.869806,1416.232461,0.546543,3:45,0.835256,-0.524985,0.163515,66.88684,9.022037,-20.825334,144.858481,68.416858,0.211734,0.929885,-0.300804,72.074382,12.224004,0.929885,0.211734,0.300804,-72.074382,-12.224004,-0.929885,-0.211734,0.300804,-144.858481,-68.416858,-0.211734,-0.929885,-0.300804,,,
47,2026-05-10,12:27:12.94,6,3,"Miller, Brady",815959,Left,BOC_EAG,"Sallie, Ty",1000121067,Right,NJI_HIG,Undefined,2,Top,1,1,1,ChangeUp,Changeup,StrikeSwinging,Undefined,Undefined,Undefined,0,0,,82.11781,0.405711,3.020758,1754.94937,68.079233,8:15,5.48183,-1.86007,5.361,-48.42849,-4.94591,-16.58454,1.82712,-0.40679,73.45846,-8.456036,0.07174,0.474602,,,,,,,,,,,,9.35953,-2.0863,1.60065,50,5.4843,-5.55617,-118.75996,-0.92103,12.98781,28.75402,-35.06913,BOC_EAG,NJI_HIG,HarringtonVillage,D1,ACC,20260510-HarringtonVillage-1,1a012b60-4c8d-11f1-b7d8-151fc49268df,79.41913,,,8.65935,,,,,,,b1484b88-4158-4df7-bc8c-565b9a528c8f,2026-05-10,16:27:12.94,2026-05-10T12:27:12.9479168-04:00,2026-05-10T16:27:12.9479168Z,,v3,227,471378,26835,"Johnson, Gunnar",1000100233,Right,BOC_EAG,e95c9e04-b0ea-4ce1-98cd-7d42636ecd23,55.13553,-119.99692,14.37701,5.49147,0.5876,-17.53457,1.85168,-6.11489,6.4939,,,,,,,,,,,,,,,,,,,,,,,,,,,,,,,,,,,,,,,,,,,,,,,,,,,High,High,High,,,,,,86.048059,4.217144,1750.197876,0.997293,8:45,-0.070019,0.995417,0.065134,-90.103892,27.550053,83.947016,108.696685,-57.270322,0.512144,-0.841231,-0.173318,78.358292,-30.806747,0.841231,-0.512144,0.173318,-78.358292,30.806747,-0.841231,0.512144,0.173318,-108.696685,57.270322,-0.512144,0.841231,-0.173318,,,
48,2026-05-10,12:27:33.20,6,4,"Miller, Brady",815959,Left,BOC_EAG,"Sallie, Ty",1000121067,Right,NJI_HIG,Undefined,2,Top,1,1,2,Fastball,Sinker,InPlay,Undefined,FlyBall,Out,1,0,,90.84016,-1.298143,2.659822,2235.404944,126.40106,10:15,5.89277,-1.368,5.423,-22.18249,13.72284,-16.45343,2.82679,-0.24598,79.83268,-5.508599,-0.265662,0.431272,85.21608,50.541207,32.646709,,80.07599,110.23858,75.41771,229.31376,108.36206,50.186834,5.49981,9.3365,7.84276,1.14381,50,5.76287,-5.32213,-131.15739,-3.72563,15.59626,38.32163,-19.07303,BOC_EAG,NJI_HIG,HarringtonVillage,D1,ACC,20260510-HarringtonVillage-1,260be710-4c8d-11f1-b7d8-151fc49268df,87.39839,115.26851,,11.00747,,,,1.60653,2.81702,0.20663,b1484b88-4158-4df7-bc8c-565b9a528c8f,2026-05-10,16:27:33.20,2026-05-10T12:27:33.2092928-04:00,2026-05-10T16:27:33.2092928Z,FlyBall,v3,227,471378,26835,"Johnson, Gunnar",1000100233,Right,BOC_EAG,489ecc37-9a35-45a8-afd1-1ecd49977793,55.07013,-132.63051,19.16081,5.89199,-2.99244,-9.53652,1.35992,-5.92167,7.79813,207.201254,1.6194,66.57975,-21.39025,4.46863,0.41816,-0.62156,0.18129,-0.02321,0.00113,2.79602,96.86756,-26.09985,3.92124,-1.36597,0.38738,-0.06138,0.0046,-0.00012,0.19939,42.98556,-2.69444,0.31467,-0.29329,0.15346,-0.03697,0.00424,-0.00019,,,,,,,,,,,,,,,,,,,,,,,High,High,High,High,Low,,,,126.205352,-6.860596,2219.398836,0.99284,10:15,0.12838,0.803628,-0.58112,53.674007,9.663934,-30.463766,168.772199,3.013465,0.194441,0.052571,-0.979504,3.072154,11.212074,0.052571,0.194441,0.979504,-3.072154,-11.212074,-0.052571,-0.194441,0.979504,-168.772199,-3.013465,-0.194441,-0.052571,-0.979504,75.85597,14.26459,-3.60078
49,2026-05-10,12:28:15.77,7,1,"Miller, Brady",815959,Left,BOC_EAG,"Francis, Austin",1000236684,Right,NJI_HIG,Undefined,2,Top,2,0,0,Slider,Slider,StrikeSwinging,Undefined,Undefined,Undefined,0,0,,77.51625,0.976665,-0.489878,2463.933284,277.754018,3:15,5.65727,-1.76072,5.35855,-48.75664,-0.15394,14.96942,2.51024,-0.97268,69.53565,-7.977333,2.173829,0.501767,,,,,,,,,,,,-7.58764,0.21091,1.79406,50,5.71117,0.34519,-112.22494,0.25782,-9.42741,25.1838,-31.912,BOC_EAG,NJI_HIG,HarringtonVillage,D1,ACC,20260510-HarringtonVillage-1,3f715e10-4c8d-11f1-b7d8-151fc49268df,75.11948,,,7.9806,,,,,,,b1484b88-4158-4df7-bc8c-565b9a528c8f,2026-05-10,16:28:15.77,2026-05-10T12:28:15.7700096-04:00,2026-05-10T16:28:15.7700096Z,,v3,227,471378,26835,"Johnson, Gunnar",1000100233,Right,BOC_EAG,8be4a49f-323d-4698-86c7-a4a2aa8b5a0c,55.13598,-113.37162,12.5919,5.66635,1.71085,-15.956,1.76857,0.77445,-4.71371,,,,,,,,,,,,,,,,,,,,,,,,,,,,,,,,,,,,,,,,,,,,,,,,,,,High,High,High,,,,,,289.727653,-64.694381,1053.199732,0.427447,3:45,0.898252,-0.41771,0.136609,70.654192,7.509879,-17.046967,136.645051,72.752551,0.203551,0.955033,-0.215589,77.279288,11.744709,0.955033,0.203551,0.215589,-77.279288,-11.744709,-0.955033,-0.203551,0.215589,-136.645051,-72.752551,-0.203551,-0.955033,-0.215589,,,
50,2026-05-10,12:28:33.55,7,2,"Miller, Brady",815959,Left,BOC_EAG,"Francis, Austin",1000236684,Right,NJI_HIG,Undefined,2,Top,2,0,1,Fastball,Sinker,BallCalled,Undefined,Undefined,Undefined,0,0,,90.07229,-0.45142,0.881748,2214.462534,132.480075,10:30,5.98046,-1.50977,5.57992,-21.0295,14.55107,-14.40434,3.80635,-1.88658,80.56138,-4.434296,-1.688906,0.429317,,,,,,,,,,,,7.47256,7.87725,1.44307,50,5.92831,-1.33274,-130.44929,-1.71297,12.59639,33.00343,-18.89547,BOC_EAG,NJI_HIG,HarringtonVillage,D1,ACC,20260510-HarringtonVillage-1,4a118d40-4c8d-11f1-b7d8-151fc49268df,87.79633,,,9.51091,,,,,,,b1484b88-4158-4df7-bc8c-565b9a528c8f,2026-05-10,16:28:33.55,2026-05-10T12:28:33.5527424-04:00,2026-05-10T16:28:33.5527424Z,,v3,227,471378,26835,"Johnson, Gunnar",1000100233,Right,BOC_EAG,376ec759-7adc-4917-8d51-74f1fcd5c00b,54.91256,-131.68629,16.50172,5.97924,-1.00475,-9.44774,1.50187,-1.80486,6.2982,,,,,,,,,,,,,,,,,,,,,,,,,,,,,,,,,,,,,,,,,,,,,,,,,,,High,High,High,,,,,,128.962514,-11.510164,2169.928188,0.979889,10:15,0.202992,0.763469,-0.613115,42.931087,10.586904,-33.674198,172.035066,-6.033712,0.137799,-0.105114,-0.984867,6.092046,-7.920526,0.105114,-0.137799,0.984867,-6.092046,7.920526,-0.105114,0.137799,0.984867,-172.035066,6.033712,-0.137799,0.105114,-0.984867,,,
51,2026-05-10,12:28:52.21,7,3,"Miller, Brady",815959,Left,BOC_EAG,"Francis, Austin",1000236684,Right,NJI_HIG,Undefined,2,Top,2,1,1,ChangeUp,Changeup,BallCalled,Undefined,Undefined,Undefined,0,0,,82.78885,0.442118,2.089655,1766.820401,69.733257,8:15,5.46923,-2.00375,5.50309,-47.51636,-4.47677,-17.18851,1.92331,-1.48088,73.17202,-8.312996,-0.977962,0.472178,,,,,,,,,,,,9.34536,-1.75406,1.83248,50,5.4771,-3.60758,-119.64392,-0.80495,12.99443,31.82761,-34.61302,BOC_EAG,NJI_HIG,HarringtonVillage,D1,ACC,20260510-HarringtonVillage-1,55284c00-4c8d-11f1-b7d8-151fc49268df,79.82683,,,9.61684,,,,,,,b1484b88-4158-4df7-bc8c-565b9a528c8f,2026-05-10,16:28:52.21,2026-05-10T12:28:52.2123264-04:00,2026-05-10T16:28:52.2123264Z,,v3,227,471378,26835,"Johnson, Gunnar",1000100233,Right,BOC_EAG,f9187668-43b7-40d1-bce3-5bb3c02cb1fb,54.98925,-120.96388,15.91381,5.48072,0.63052,-17.30651,1.99327,-4.14648,6.49721,,,,,,,,,,,,,,,,,,,,,,,,,,,,,,,,,,,,,,,,,,,,,,,,,,,High,High,High,,,,,,88.772869,0.993861,1766.554599,0.99985,9:00,-0.010406,0.999724,0.021047,-84.232145,29.001306,85.400744,106.004418,-59.390168,0.489453,-0.860655,-0.140389,80.735554,-29.304646,0.860655,-0.489453,0.140389,-80.735554,29.304646,-0.860655,0.489453,0.140389,-106.004418,59.390168,-0.489453,0.860655,-0.140389,,,
52,2026-05-10,12:29:11.51,7,4,"Miller, Brady",815959,Left,BOC_EAG,"Francis, Austin",1000236684,Right,NJI_HIG,Undefined,2,Top,2,2,1,Slider,Slider,BallCalled,Undefined,Undefined,Undefined,0,0,,77.8134,1.611283,-1.860064,2540.164839,280.89522,3:15,5.70414,-1.82197,5.22694,-49.94786,-1.48339,17.42989,3.05775,-2.1187,69.73792,-7.537679,1.23142,0.501052,,,,,,,,,,,,-9.25772,-0.69154,1.98009,50,5.81602,2.93138,-112.58367,1.43085,-11.59313,25.07336,-33.04005,BOC_EAG,NJI_HIG,HarringtonVillage,D1,ACC,20260510-HarringtonVillage-1,60b6abc0-4c8d-11f1-b7d8-151fc49268df,75.22653,,,8.07548,,,,,,,b1484b88-4158-4df7-bc8c-565b9a528c8f,2026-05-10,16:29:11.51,2026-05-10T12:29:11.5117568-04:00,2026-05-10T16:29:11.5117568Z,,v3,227,471378,26835,"Johnson, Gunnar",1000100233,Right,BOC_EAG,792e2fd1-ff8d-4bfe-884d-4f53e2e68d06,55.26887,-113.75104,12.53668,5.71359,2.96913,-16.52002,1.83104,3.47114,-5.79657,,,,,,,,,,,,,,,,,,,,,,,,,,,,,,,,,,,,,,,,,,,,,,,,,,,High,High,High,,,,,,287.730107,-66.419398,1016.164417,0.400039,3:30,0.908899,-0.406657,0.092372,76.844035,11.924166,-17.045335,125.722703,71.411032,0.2588,0.94783,-0.186122,78.890387,14.998851,0.94783,0.2588,0.186122,-78.890387,-14.998851,-0.94783,-0.2588,0.186122,-125.722703,-71.411032,-0.2588,-0.94783,-0.186122,,,
53,2026-05-10,12:29:30.06,7,5,"Miller, Brady",815959,Left,BOC_EAG,"Francis, Austin",1000236684,Right,NJI_HIG,Undefined,2,Top,2,3,1,Fastball,Four-Seam,InPlay,Undefined,GroundBall,Out,1,0,,89.94347,-0.938743,1.688532,2261.382206,142.9013,10:45,5.86405,-1.45226,5.78249,-19.59225,16.01792,-11.03575,3.35751,-0.80046,80.04896,-4.688762,-0.2877,0.429495,74.46694,9.35069,-21.335685,1950.992355,,,,112.28145,109.10606,-24.115746,1.15222,6.25311,8.90347,1.31984,50,5.77527,-3.35625,-130.23675,-2.73236,10.4348,34.59245,-17.31655,BOC_EAG,NJI_HIG,HarringtonVillage,D1,ACC,20260510-HarringtonVillage-1,6bb3a0f0-4c8d-11f1-b7d8-151fc49268df,87.75986,7.67257,,9.89451,,,,2.13238,3.47667,0.80183,b1484b88-4158-4df7-bc8c-565b9a528c8f,2026-05-10,16:29:30.06,2026-05-10T12:29:30.0647424-04:00,2026-05-10T16:29:30.0647424Z,GroundBall,v3,227,471378,26835,"Johnson, Gunnar",1000100233,Right,BOC_EAG,60f1fa7c-f5e0-4ba6-b687-3c3a1e822697,54.71273,-131.48255,17.29623,5.86244,-2.10873,-8.65827,1.44747,-3.73205,5.2174,82.51227,2.13238,100.38093,-14.5386,3.24987,-0.66024,0.10744,-0.01799,0.00255,-0.00019,3.47667,17.74539,-19.36849,1.35906,-0.18913,0.02302,-0.00114,0.00036,-3E-05,0.80183,-39.20893,-2.2833,1.42884,-0.48854,0.13029,-0.03074,0.00568,-0.00061,,,,,,,,,,,,,,,,,,,,,,,High,High,High,High,High,,,,129.341522,-10.796985,2221.349202,0.982297,10:15,0.193131,0.762657,-0.617296,53.642188,17.596295,-35.156508,175.316208,6.103942,0.081194,0.106332,-0.99101,6.124239,4.657179,0.106332,0.081194,0.99101,-6.124239,-4.657179,-0.106332,-0.081194,0.99101,-175.316208,-6.103942,-0.081194,-0.106332,-0.99101,,,
54,2026-05-10,12:31:43.69,1,1,"Willitts, Josh",1000101315,Right,NJI_HIG,"Gallo, Luke",828057,Right,BOC_EAG,Undefined,2,Bottom,0,0,0,Sinker,Sinker,StrikeCalled,Undefined,Undefined,Undefined,0,0,,91.81597,-0.340713,-4.35939,2230.110145,255.999105,2:30,5.06486,2.3439,5.81277,-27.41844,6.4317,20.82623,2.46225,0.01797,82.61586,-5.454704,-0.638035,0.418747,,,,,,,,,,,,-11.88768,3.77516,-1.99797,50,5.02092,9.16904,-132.83729,-1.77441,-20.92954,32.34948,-25.52746,BOC_EAG,NJI_HIG,HarringtonVillage,D1,ACC,20260510-HarringtonVillage-1,bb53ff60-4c8d-11f1-b7d8-151fc49268df,90.01247,,,9.20011,,,,,,,b1484b88-4158-4df7-bc8c-565b9a528c8f,2026-05-10,16:31:43.69,2026-05-10T12:31:43.6969472-04:00,2026-05-10T16:31:43.6969472Z,,v3,227,471378,26835,"Campbell, Cole",1000115804,Right,NJI_HIG,6f6ea73c-ea7a-4789-9c41-89c0114f1350,54.68357,-133.97301,16.17474,5.06748,-0.87819,-12.76373,-2.33277,9.90383,-10.46477,,,,,,,,,,,,,,,,,,,,,,,,,,,,,,,,,,,,,,,,,,,,,,,,,,,High,High,High,,,,,,241.153811,20.020292,2095.347785,0.939571,2:00,-0.370933,-0.825009,-0.426344,65.98764,61.855288,56.936896,170.491687,73.79344,0.046105,0.960262,-0.275267,74.004629,2.642553,0.960262,0.046105,0.275267,-74.004629,-2.642553,-0.960262,-0.046105,0.275267,-170.491687,-73.79344,-0.046105,-0.960262,-0.275267,,,
55,2026-05-10,12:32:00.59,1,2,"Willitts, Josh",1000101315,Right,NJI_HIG,"Gallo, Luke",828057,Right,BOC_EAG,Undefined,2,Bottom,0,0,1,Sweeper,Curveball,BallCalled,Undefined,Undefined,Undefined,0,0,,80.34027,1.152257,-0.717096,2389.660135,62.60383,8:00,4.893,2.54127,5.16255,-50.80841,-5.54237,-13.85768,1.74371,0.71149,72.61212,-8.088322,-3.173629,0.484237,,,,,,,,,,,,6.63941,-2.63992,-2.46337,50,4.9618,2.04287,-116.39924,0.48531,8.93417,25.75833,-35.7264,BOC_EAG,NJI_HIG,HarringtonVillage,D1,ACC,20260510-HarringtonVillage-1,c5722d50-4c8d-11f1-b7d8-151fc49268df,77.83887,,,7.72815,,,,,,,b1484b88-4158-4df7-bc8c-565b9a528c8f,2026-05-10,16:32:00.59,2026-05-10T12:32:00.5992448-04:00,2026-05-10T16:32:00.5992448Z,,v3,227,471378,26835,"Campbell, Cole",1000115804,Right,NJI_HIG,b06e2586-b03e-483a-84af-10143021a2aa,55.33547,-117.57402,12.87917,4.90251,2.1147,-17.8632,-2.54724,1.63541,4.46709,,,,,,,,,,,,,,,,,,,,,,,,,,,,,,,,,,,,,,,,,,,,,,,,,,,High,High,High,,,,,,55.749827,53.953002,1406.192319,0.588449,7:45,-0.794382,0.502565,0.341152,-30.590367,29.279456,15.589052,119.713299,-45.772792,0.605795,-0.716579,-0.345726,64.244237,-37.286071,0.716579,-0.605795,0.345726,-64.244237,37.286071,-0.716579,0.605795,0.345726,-119.713299,45.772792,-0.605795,0.716579,-0.345726,,,
56,2026-05-10,12:32:17.19,1,3,"Willitts, Josh",1000101315,Right,NJI_HIG,"Gallo, Luke",828057,Right,BOC_EAG,Undefined,2,Bottom,0,1,1,Sweeper,Curveball,InPlay,Undefined,Popup,Out,1,0,,80.9906,0.967586,-1.600653,2217.152899,81.711937,8:45,4.95961,2.48038,5.31599,-45.38006,-1.01295,-18.00777,2.08649,-0.52291,73.11798,-7.331054,-4.796377,0.479404,77.64407,40.289154,10.114148,4766.658456,107.51865,77.9964,23.23171,220.43306,217.78763,14.08143,4.746556,8.49044,-0.38256,-2.32176,50,5.01468,4.02473,-117.32424,0.37974,11.58758,26.51384,-32.69615,BOC_EAG,NJI_HIG,HarringtonVillage,D1,ACC,20260510-HarringtonVillage-1,cf554e10-4c8d-11f1-b7d8-151fc49268df,78.62348,81.98968,,7.87262,,,,0.90874,2.09998,0.54983,b1484b88-4158-4df7-bc8c-565b9a528c8f,2026-05-10,16:32:17.19,2026-05-10T12:32:17.1926016-04:00,2026-05-10T16:32:17.1926016Z,FlyBall,v3,227,471378,26835,"Campbell, Cole",1000115804,Right,NJI_HIG,16c0a0dd-cbe3-4bfc-be62-888699391235,55.18204,-118.48953,13.25692,4.96641,1.81674,-16.34808,-2.48746,3.51545,5.79379,187.175918,0.90975,85.49096,-20.54542,4.97324,-0.9366,0.1727,-0.03322,0.00452,-0.00026,2.10102,73.61579,-18.8456,0.97357,0.07708,-0.1252,0.04084,-0.00581,0.00031,0.54977,15.25594,-1.814,0.38622,-0.07978,0.02032,-0.0048,0.00067,-4E-05,,,,,,,,,,,,,,,,,,,,,,,High,High,High,High,Medium,,,,54.70137,57.860247,1179.494766,0.531986,7:45,-0.830386,0.448418,0.330726,-34.659013,38.462619,7.306944,103.084696,-53.698417,0.576664,-0.805912,-0.134032,80.557536,-35.216255,0.805912,-0.576664,0.134032,-80.557536,35.216255,-0.805912,0.576664,0.134032,-103.084696,53.698417,-0.576664,0.805912,-0.134032,,,
57,2026-05-10,12:32:55.37,2,1,"Willitts, Josh",1000101315,Right,NJI_HIG,"Wolff, Kyle",813479,Right,BOC_EAG,Undefined,2,Bottom,1,0,0,Sinker,Sinker,StrikeCalled,Undefined,Undefined,Undefined,0,0,,92.01489,-0.490879,-5.208861,2328.125205,250.629967,2:15,5.06666,2.20947,6.05266,-24.89364,8.96701,21.60922,2.5359,-0.82479,81.77815,-5.1976,-1.337986,0.418812,,,,,,,,,,,,-12.77792,5.18752,-1.81394,50,5.01539,11.12189,-132.83924,-1.97021,-22.23213,35.42756,-23.14833,BOC_EAG,NJI_HIG,HarringtonVillage,D1,ACC,20260510-HarringtonVillage-1,e61372d0-4c8d-11f1-b7d8-151fc49268df,89.99852,,,10.23674,,,,,,,b1484b88-4158-4df7-bc8c-565b9a528c8f,2026-05-10,16:32:55.37,2026-05-10T12:32:55.3744896-04:00,2026-05-10T16:32:55.3744896Z,,v3,227,471378,26835,"Campbell, Cole",1000115804,Right,NJI_HIG,62255888-ee0a-4018-b2e2-68480eabaa00,54.44115,-134.01844,17.71378,5.06815,-1.19972,-11.57416,-2.19644,11.86188,-11.11606,,,,,,,,,,,,,,,,,,,,,,,,,,,,,,,,,,,,,,,,,,,,,,,,,,,High,High,High,,,,,,242.387423,25.096021,2108.346128,0.905598,2:00,-0.453629,-0.806057,-0.380123,23.310741,61.411218,10.93653,172.71423,-68.086376,0.04733,-0.927748,-0.370195,68.246731,-2.712802,0.927748,-0.04733,0.370195,-68.246731,2.712802,-0.927748,0.04733,0.370195,-172.71423,68.086376,-0.04733,0.927748,-0.370195,,,
58,2026-05-10,12:33:13.58,2,2,"Willitts, Josh",1000101315,Right,NJI_HIG,"Wolff, Kyle",813479,Right,BOC_EAG,Undefined,2,Bottom,1,0,1,Sweeper,Slider,FoulBallNotFieldable,Undefined,Undefined,Undefined,0,0,,82.1797,0.831602,-1.367828,2437.362442,72.768523,8:30,4.99028,2.45357,5.32474,-46.71719,-3.39914,-16.29292,1.87782,-0.18796,73.78079,-7.712909,-4.262075,0.473703,,,,,,,,,,,,7.7026,-1.56429,-2.31751,50,5.03196,3.52537,-118.99598,0.04581,10.74514,28.59854,-34.35621,BOC_EAG,NJI_HIG,HarringtonVillage,D1,ACC,20260510-HarringtonVillage-1,f1006270-4c8d-11f1-b7d8-151fc49268df,79.56983,,,8.39891,,,,,,,b1484b88-4158-4df7-bc8c-565b9a528c8f,2026-05-10,16:33:13.58,2026-05-10T12:33:13.5838720-04:00,2026-05-10T16:33:13.5838720Z,,v3,227,471378,26835,"Campbell, Cole",1000115804,Right,NJI_HIG,a14fc33a-35db-4e13-a494-3e83323cf6c0,55.17297,-120.23279,14.29927,4.99784,1.53162,-17.17811,-2.45992,3.06067,5.37257,,,,,,,,,,,,,,,,,,,,,,,,,,,,,,,,,,,,,,,,,,,,,,,,,,,High,High,High,,,,,,57.612522,60.392851,1204.179779,0.49405,8:00,-0.856724,0.429773,0.285166,-25.834489,16.907646,18.426692,122.221997,-46.941736,0.577592,-0.73066,-0.364039,63.516011,-35.281331,0.73066,-0.577592,0.364039,-63.516011,35.281331,-0.73066,0.577592,0.364039,-122.221997,46.941736,-0.577592,0.73066,-0.364039,,,
59,2026-05-10,12:33:36.47,2,3,"Willitts, Josh",1000101315,Right,NJI_HIG,"Wolff, Kyle",813479,Right,BOC_EAG,Undefined,2,Bottom,1,0,2,Sweeper,Curveball,BallCalled,Undefined,Undefined,Undefined,0,0,,82.39599,-0.215921,-2.646358,2171.188071,73.313178,8:30,5.05111,2.05304,5.52719,-46.464,-3.72666,-17.70595,0.97704,-1.89815,74.4209,-8.700001,-5.79924,0.470517,,,,,,,,,,,,7.95288,-1.28264,-1.81112,50,5.00197,6.2557,-119.28619,-2.10063,11.17396,28.26373,-33.97621,BOC_EAG,NJI_HIG,HarringtonVillage,D1,ACC,20260510-HarringtonVillage-1,fe9ce1b0-4c8d-11f1-b7d8-151fc49268df,80.1086,,,7.97509,,,,,,,b1484b88-4158-4df7-bc8c-565b9a528c8f,2026-05-10,16:33:36.47,2026-05-10T12:33:36.4798464-04:00,2026-05-10T16:33:36.4798464Z,,v3,227,471378,26835,"Campbell, Cole",1000115804,Right,NJI_HIG,15af77ea-c34d-4c45-9c94-0f0b84123f6f,54.96963,-120.45794,14.13186,5.05986,-0.69205,-16.9881,-2.06086,5.79245,5.58698,,,,,,,,,,,,,,,,,,,,,,,,,,,,,,,,,,,,,,,,,,,,,,,,,,,High,High,High,,,,,,45.101942,56.192535,1208.057469,0.556404,7:30,-0.813371,0.391002,0.43075,-33.977234,43.351465,11.562127,105.778255,-54.908929,0.553217,-0.818239,-0.156318,79.184433,-33.587999,0.818239,-0.553217,0.156318,-79.184433,33.587999,-0.818239,0.553217,0.156318,-105.778255,54.908929,-0.553217,0.818239,-0.156318,,,
60,2026-05-10,12:33:56.95,2,4,"Willitts, Josh",1000101315,Right,NJI_HIG,"Wolff, Kyle",813479,Right,BOC_EAG,Undefined,2,Bottom,1,1,2,ChangeUp,Changeup,InPlay,Undefined,GroundBall,Out,1,0,,84.73898,1.292489,-3.530578,1816.597586,262.938123,2:45,5.02215,2.20561,5.73144,-35.84711,3.94288,20.24222,3.24105,0.60034,76.30563,-5.358205,0.084681,0.454003,60.33511,-10.912616,41.492523,,,,,14.54896,14.11181,37.877036,0.166469,-11.44131,1.98961,-1.9238,50,5.10817,6.73334,-122.71174,1.55503,-17.18173,27.71061,-29.18619,BOC_EAG,NJI_HIG,HarringtonVillage,D1,ACC,20260510-HarringtonVillage-1,0ac70c40-4c8e-11f1-b7d8-151fc49268df,83.02251,3.20732,,8.43336,,,,1.02916,3.20732,-0.56772,b1484b88-4158-4df7-bc8c-565b9a528c8f,2026-05-10,16:33:56.95,2026-05-10T12:33:56.9536512-04:00,2026-05-10T16:33:56.9536512Z,GroundBall,v3,227,471378,26835,"Campbell, Cole",1000115804,Right,NJI_HIG,38f5767a-8734-49da-99e7-023b3cf6902f,54.7671,-123.78356,13.85531,5.02619,2.68392,-14.5931,-2.19709,7.39792,-8.59087,287.042823,1.02958,65.05129,-13.53437,,,,,,,3.20764,-16.77766,-14.97566,,,,,,,-0.56777,57.57127,-3.00897,,,,,,,,,,,,,,,,,,,,,,,,,,,,,High,High,High,High,High,,,,249.20435,6.329125,1805.525507,0.993905,2:15,-0.152651,-0.926432,-0.344125,-75.560811,-20.274437,67.493759,102.052751,2.722285,0.976852,0.047495,-0.208577,12.828089,77.648078,0.047495,0.976852,0.208577,-12.828089,-77.648078,-0.047495,-0.976852,0.208577,-102.052751,-2.722285,-0.976852,-0.047495,-0.208577,58.28846,-7.48954,15.22014
61,2026-05-10,12:34:33.74,3,1,"Willitts, Josh",1000101315,Right,NJI_HIG,"Surowiec, Danny",831970,Left,BOC_EAG,Undefined,2,Bottom,2,0,0,ChangeUp,Changeup,FoulBallNotFieldable,Undefined,Undefined,Undefined,0,0,,84.42201,0.870678,-3.762576,1927.144154,243.810883,2:15,5.08372,2.21843,5.73656,-30.39553,9.6739,16.7391,3.36335,0.10464,76.03098,-4.807503,-0.775015,0.455594,66.2621,24.568311,-169.715961,2964.864465,-107.68489,14.73442,-22.44839,143.35922,45.74284,-167.979942,1.952635,-9.71438,5.05205,-1.91525,50,5.13795,7.34673,-122.21524,0.87317,-14.48721,27.23203,-24.63982,BOC_EAG,NJI_HIG,HarringtonVillage,D1,ACC,20260510-HarringtonVillage-1,20bb5150-4c8e-11f1-b7d8-151fc49268df,82.73255,20.21738,,8.39103,,,,1.44964,3.37813,-0.10359,b1484b88-4158-4df7-bc8c-565b9a528c8f,2026-05-10,16:34:33.74,2026-05-10T12:34:33.7475072-04:00,2026-05-10T16:34:33.7475072Z,LineDrive,v3,227,471378,26835,"Campbell, Cole",1000115804,Right,NJI_HIG,f8a6ff85-40a3-40fe-a01b-5bae0274ef9f,54.76076,-123.27147,13.61602,5.08554,1.82886,-12.31991,-2.2111,7.90863,-7.24361,345.746616,1.44966,-86.96836,6.75125,0.38825,0.24405,-0.5769,0.48134,-0.18326,0.02605,3.37815,40.40581,-26.99943,3.72823,-0.63939,0.03863,0.03739,-0.00875,-8E-05,-0.10358,-15.77996,-0.75601,0.74491,-0.10555,-0.07588,0.08203,-0.03095,0.00421,,,,,,,,,,,,,,,,,,,,,,,High,High,High,High,Low,,,,250.739551,8.44626,1906.242475,0.989154,2:15,-0.182119,-0.93145,-0.315013,-75.726448,-10.18345,69.574516,100.712844,-5.848637,0.977456,-0.101901,-0.184919,28.857205,-77.810998,0.101901,-0.977456,0.184919,-28.857205,77.810998,-0.101901,0.977456,0.184919,-100.712844,5.848637,-0.977456,0.101901,-0.184919,61.20407,23.10646,5.91363
62,2026-05-10,12:34:54.16,3,2,"Willitts, Josh",1000101315,Right,NJI_HIG,"Surowiec, Danny",831970,Left,BOC_EAG,Undefined,2,Bottom,2,0,1,Fastball,Four-Seam,BallCalled,Undefined,Undefined,Undefined,0,0,,91.25686,0.35854,-2.407492,2287.249674,220.184373,1:15,4.9626,2.20429,5.99878,-17.8408,16.38993,12.71812,3.80839,1.03201,81.27462,-3.085268,-0.122888,0.421094,,,,,,,,,,,,-7.26355,8.6226,-2.02115,50,4.98108,4.97673,-132.13283,0.32217,-12.53097,34.49596,-17.29846,BOC_EAG,NJI_HIG,HarringtonVillage,D1,ACC,20260510-HarringtonVillage-1,2ce072d0-4c8e-11f1-b7d8-151fc49268df,89.51065,,,9.98224,,,,,,,b1484b88-4158-4df7-bc8c-565b9a528c8f,2026-05-10,16:34:54.16,2026-05-10T12:34:54.1632512-04:00,2026-05-10T16:34:54.1632512Z,,v3,227,471378,26835,"Campbell, Cole",1000115804,Right,NJI_HIG,9ef0181b-e582-4f8f-a056-e1c5eb5c7a17,54.49329,-133.30074,17.24798,4.96026,0.90783,-8.64923,-2.19682,5.40098,-6.26549,,,,,,,,,,,,,,,,,,,,,,,,,,,,,,,,,,,,,,,,,,,,,,,,,,,High,High,High,,,,,,236.498714,28.244169,2014.927227,0.880939,2:00,-0.497821,-0.731616,-0.465739,-60.2889,-35.360152,-56.238798,179.942853,5.179927,0.000993,0.090284,-0.995916,5.17993,0.056913,0.090284,0.000993,0.995916,-5.17993,-0.056913,-0.090284,-0.000993,0.995916,-179.942853,-5.179927,-0.000993,-0.090284,-0.995916,,,
63,2026-05-10,12:35:12.73,3,3,"Willitts, Josh",1000101315,Right,NJI_HIG,"Surowiec, Danny",831970,Left,BOC_EAG,Undefined,2,Bottom,2,1,1,ChangeUp,Changeup,BallCalled,Undefined,Undefined,Undefined,0,0,,83.83109,1.308391,-0.968461,1762.378786,275.849965,3:15,5.00792,2.32835,5.81553,-41.40845,-0.32933,19.41068,2.77415,3.04533,74.55428,-6.389663,2.512723,0.461298,,,,,,,,,,,,-10.07233,-0.05803,-2.25974,50,5.09164,1.21469,-121.37088,1.3389,-14.54807,30.7677,-32.25786,BOC_EAG,NJI_HIG,HarringtonVillage,D1,ACC,20260510-HarringtonVillage-1,37fcd6e0-4c8e-11f1-b7d8-151fc49268df,81.70944,,,9.27682,,,,,,,b1484b88-4158-4df7-bc8c-565b9a528c8f,2026-05-10,16:35:12.73,2026-05-10T12:35:12.7372800-04:00,2026-05-10T16:35:12.7372800Z,,v3,227,471378,26835,"Campbell, Cole",1000115804,Right,NJI_HIG,d4bd85ab-ca94-460a-bbb6-6311251f5818,54.67775,-122.55096,15.38385,5.01656,2.57613,-16.12893,-2.31703,1.77268,-7.27404,,,,,,,,,,,,,,,,,,,,,,,,,,,,,,,,,,,,,,,,,,,,,,,,,,,High,High,High,,,,,,247.794991,12.492928,1720.650442,0.976323,2:15,-0.243105,-0.898741,-0.364917,-79.882833,-23.223542,63.495171,100.159074,3.240924,0.982748,0.056535,-0.1761,17.798594,79.341667,0.056535,0.982748,0.1761,-17.798594,-79.341667,-0.056535,-0.982748,0.1761,-100.159074,-3.240924,-0.982748,-0.056535,-0.1761,,,
64,2026-05-10,12:35:31.02,3,4,"Willitts, Josh",1000101315,Right,NJI_HIG,"Surowiec, Danny",831970,Left,BOC_EAG,Undefined,2,Bottom,2,2,1,Fastball,Sinker,StrikeCalled,Undefined,Undefined,Undefined,0,0,,92.3626,-0.624375,-2.783923,2392.812056,233.562919,1:45,4.96641,2.29794,6.09404,-20.15812,13.03824,15.94666,2.70834,1.04981,82.64196,-4.471906,0.086001,0.414683,,,,,,,,,,,,-9.07445,7.28071,-2.09115,50,4.90777,5.79274,-133.79739,-2.08051,-16.09982,34.59088,-19.25663,BOC_EAG,NJI_HIG,HarringtonVillage,D1,ACC,20260510-HarringtonVillage-1,42d5c950-4c8e-11f1-b7d8-151fc49268df,90.89454,,,9.72064,,,,,,,b1484b88-4158-4df7-bc8c-565b9a528c8f,2026-05-10,16:35:31.02,2026-05-10T12:35:31.0209024-04:00,2026-05-10T16:35:31.0209024Z,,v3,227,471378,26835,"Campbell, Cole",1000115804,Right,NJI_HIG,10f90ba1-9ff4-47ec-95b1-6dc441922591,54.40034,-134.93023,17.29544,4.96558,-1.44986,-9.62831,-2.28949,6.32,-8.04991,,,,,,,,,,,,,,,,,,,,,,,,,,,,,,,,,,,,,,,,,,,,,,,,,,,High,High,High,,,,,,236.649194,30.857584,2054.097173,0.858445,2:00,-0.527387,-0.722623,-0.446854,-70.130213,-40.816202,-52.751092,174.285875,-10.625183,0.097858,-0.184383,-0.977971,10.677025,-5.615835,0.184383,-0.097858,0.977971,-10.677025,5.615835,-0.184383,0.097858,0.977971,-174.285875,10.625183,-0.097858,0.184383,-0.977971,,,
65,2026-05-10,12:35:51.54,3,5,"Willitts, Josh",1000101315,Right,NJI_HIG,"Surowiec, Danny",831970,Left,BOC_EAG,Undefined,2,Bottom,2,2,2,Slider,Curveball,BallCalled,Undefined,Undefined,Undefined,0,0,,82.04158,-0.069711,-0.354432,2212.986315,78.769074,8:45,4.97839,2.28109,5.3551,-45.15376,-1.87992,-17.67202,1.1502,0.47602,73.91358,-8.326666,-3.500176,0.473461,,,,,,,,,,,,8.72264,-0.43358,-2.23624,50,4.94029,1.48166,-118.86701,-1.76392,12.17817,27.91879,-32.77938,BOC_EAG,NJI_HIG,HarringtonVillage,D1,ACC,20260510-HarringtonVillage-1,4f2dbaa0-4c8e-11f1-b7d8-151fc49268df,79.61045,,,8.128,,,,,,,b1484b88-4158-4df7-bc8c-565b9a528c8f,2026-05-10,16:35:51.54,2026-05-10T12:35:51.5489792-04:00,2026-05-10T16:35:51.5489792Z,,v3,227,471378,26835,"Campbell, Cole",1000115804,Right,NJI_HIG,adcd8fc7-14a7-45c4-906a-056bf626b039,55.14207,-120.06867,13.9594,4.98585,-0.35305,-16.38969,-2.28874,0.95749,6.08908,,,,,,,,,,,,,,,,,,,,,,,,,,,,,,,,,,,,,,,,,,,,,,,,,,,High,High,High,,,,,,51.65978,47.598366,1492.268553,0.674323,7:45,-0.736477,0.528001,0.422867,-31.533635,33.047048,11.509945,123.116986,-48.325955,0.556885,-0.746939,-0.363264,64.064651,-33.840637,0.746939,-0.556885,0.363264,-64.064651,33.840637,-0.746939,0.556885,0.363264,-123.116986,48.325955,-0.556885,0.746939,-0.363264,,,
66,2026-05-10,12:36:10.15,3,6,"Willitts, Josh",1000101315,Right,NJI_HIG,"Surowiec, Danny",831970,Left,BOC_EAG,Undefined,2,Bottom,2,3,2,Sinker,Sinker,InPlay,Undefined,LineDrive,Out,1,0,,91.71545,0.319051,-3.872994,2358.446416,271.58329,3:00,5.02756,2.20281,6.00793,-33.15777,0.75327,20.28922,2.56067,0.29995,81.94736,-5.859496,-0.230183,0.419123,102.52508,18.248749,1.563091,2094.719135,109.99793,33.31985,-0.60826,333.64899,324.75658,-4.086218,3.532757,-11.77044,0.64685,-1.90929,50,5.03479,8.09893,-132.74811,-0.44786,-20.48784,34.91762,-31.04812,BOC_EAG,NJI_HIG,HarringtonVillage,D1,ACC,20260510-HarringtonVillage-1,5a2a3aa0-4c8e-11f1-b7d8-151fc49268df,89.9316,42.69463,,9.7681,,,,1.40166,2.62459,-0.28969,b1484b88-4158-4df7-bc8c-565b9a528c8f,2026-05-10,16:36:10.15,2026-05-10T12:36:10.1513216-04:00,2026-05-10T16:36:10.1513216Z,LineDrive,v3,227,471378,26835,"Campbell, Cole",1000115804,Right,NJI_HIG,852e7c28-b44c-4f30-b9a0-2c818da54a1e,54.48967,-133.92385,17.45881,5.03227,0.59759,-15.52406,-2.19361,8.78879,-10.24392,154.490845,1.40165,142.75306,-26.86296,6.44941,-1.34828,0.28184,-0.05442,0.0071,-0.00041,2.62478,47.08283,-13.81376,-0.23651,0.26453,-0.12788,0.03923,-0.00632,0.00042,-0.28972,3.89591,-5.99364,1.59959,-0.39184,0.09461,-0.01983,0.00269,-0.00016,,,,,,,,,,,,,,,,,,,,,,,High,High,High,High,High,,,,241.405528,32.160276,1996.572095,0.846562,2:00,-0.562563,-0.740331,-0.368013,22.128187,58.117182,-3.051543,173.015368,-72.310341,0.03695,-0.952716,-0.301606,72.433519,-2.117587,0.952716,-0.03695,0.301606,-72.433519,2.117587,-0.952716,0.03695,0.301606,-173.015368,72.310341,-0.03695,0.952716,-0.301606,73.75848,13.40123,2.51923
67,2026-05-10,12:38:19.02,1,1,"Miller, Brady",815959,Left,BOC_EAG,"O'Connor, Rowin",832258,Right,NJI_HIG,Undefined,3,Top,0,0,0,Sinker,Sinker,BallCalled,Undefined,Undefined,Undefined,0,0,,90.25674,0.732809,3.337674,2130.253205,103.275886,9:30,5.63183,-2.06199,5.50394,-29.95549,5.53803,-17.86497,3.8221,-0.42565,80.92536,-4.825663,0.15987,0.428791,,,,,,,,,,,,9.98878,2.96496,1.78216,50,5.67624,-6.77596,-130.59035,0.55621,16.94294,32.0588,-27.14492,BOC_EAG,NJI_HIG,HarringtonVillage,D1,ACC,20260510-HarringtonVillage-1,a6f61c50-4c8e-11f1-b7d8-151fc49268df,87.90396,,,9.33137,,,,,,,b1484b88-4158-4df7-bc8c-565b9a528c8f,2026-05-10,16:38:19.02,2026-05-10T12:38:19.0284288-04:00,2026-05-10T16:38:19.0284288Z,,v3,227,471378,26835,"Johnson, Gunnar",1000100233,Right,BOC_EAG,3bed75e8-ef18-44f0-9717-b9662741d7c5,54.99105,-131.80992,16.0294,5.63544,1.58884,-13.57246,2.05218,-7.42049,8.47147,,,,,,,,,,,,,,,,,,,,,,,,,,,,,,,,,,,,,,,,,,,,,,,,,,,High,High,High,,,,,,114.141788,-8.917286,2104.505143,0.987913,9:45,0.189767,0.89945,-0.393672,-73.018333,24.590177,88.413624,98.77246,-3.759332,0.986175,-0.065566,-0.152183,23.308084,-80.461761,0.065566,-0.986175,0.152183,-23.308084,80.461761,-0.065566,0.986175,0.152183,-98.77246,3.759332,-0.986175,0.065566,-0.152183,,,
68,2026-05-10,12:38:33.50,1,2,"Miller, Brady",815959,Left,BOC_EAG,"O'Connor, Rowin",832258,Right,NJI_HIG,Undefined,3,Top,0,1,0,Sinker,Sinker,StrikeCalled,Undefined,Undefined,Undefined,0,0,,89.4109,-1.081793,3.830801,2095.566414,97.345482,9:15,5.61403,-2.01825,5.26035,-32.58986,3.76925,-19.09651,1.87947,-0.00522,80.82924,-7.056115,0.447702,0.433988,,,,,,,,,,,,10.72174,2.6161,1.6816,50,5.49093,-7.77395,-129.34233,-3.7071,17.92874,30.22379,-27.79944,BOC_EAG,NJI_HIG,HarringtonVillage,D1,ACC,20260510-HarringtonVillage-1,afa09600-4c8e-11f1-b7d8-151fc49268df,86.85125,,,8.58166,,,,,,,b1484b88-4158-4df7-bc8c-565b9a528c8f,2026-05-10,16:38:33.50,2026-05-10T12:38:33.5053312-04:00,2026-05-10T16:38:33.5053312Z,,v3,227,471378,26835,"Johnson, Gunnar",1000100233,Right,BOC_EAG,75d03821-bfdf-472e-a5c5-f3520326c461,55.23737,-130.56042,15.11189,5.61776,-2.58671,-13.89972,2.00947,-8.49652,8.96437,,,,,,,,,,,,,,,,,,,,,,,,,,,,,,,,,,,,,,,,,,,,,,,,,,,High,High,High,,,,,,111.087805,-4.092824,2090.222154,0.99745,9:45,0.077646,0.931832,-0.354485,84.753115,-25.205311,-86.99628,96.856358,-4.877737,0.989253,-0.08503,-0.118948,35.558954,-81.592371,0.08503,-0.989253,0.118948,-35.558954,81.592371,-0.08503,0.989253,0.118948,-96.856358,4.877737,-0.989253,0.08503,-0.118948,,,
69,2026-05-10,12:38:47.84,1,3,"Miller, Brady",815959,Left,BOC_EAG,"O'Connor, Rowin",832258,Right,NJI_HIG,Undefined,3,Top,0,1,1,Cutter,Slider,BallCalled,Undefined,Undefined,Undefined,0,0,,84.57073,0.542308,2.710337,2412.682483,188.455461,12:15,5.83669,-1.80461,5.17484,-34.12171,6.37626,0.74488,3.50411,0.80978,76.81078,-5.71465,2.842029,0.458024,,,,,,,,,,,,0.44264,3.4326,1.55163,50,5.86156,-5.83142,-122.48558,-0.08802,0.66743,25.86898,-26.99801,BOC_EAG,NJI_HIG,HarringtonVillage,D1,ACC,20260510-HarringtonVillage-1,b8284570-4c8e-11f1-b7d8-151fc49268df,82.29365,,,7.75995,,,,,,,b1484b88-4158-4df7-bc8c-565b9a528c8f,2026-05-10,16:38:47.84,2026-05-10T12:38:47.8410752-04:00,2026-05-10T16:38:47.8410752Z,,v3,227,471378,26835,"Johnson, Gunnar",1000100233,Right,BOC_EAG,b542582e-d4b0-4ad4-bafd-ff7f9aebe96b,55.32119,-123.60431,12.93449,5.84012,1.07953,-13.49901,1.80444,-5.86029,0.33371,,,,,,,,,,,,,,,,,,,,,,,,,,,,,,,,,,,,,,,,,,,,,,,,,,,High,High,High,,,,,,141.69565,-62.849682,1100.971024,0.456327,10:45,0.908384,0.274414,-0.315491,65.0577,-13.649259,-49.551106,162.79473,0.415618,0.295788,0.007254,-0.955226,0.435087,17.204803,0.007254,0.295788,0.955226,-0.435087,-17.204803,-0.007254,-0.295788,0.955226,-162.79473,-0.415618,-0.295788,-0.007254,-0.955226,,,
70,2026-05-10,12:39:02.38,1,4,"Miller, Brady",815959,Left,BOC_EAG,"O'Connor, Rowin",832258,Right,NJI_HIG,Undefined,3,Top,0,2,1,Sinker,Sinker,InPlay,Undefined,FlyBall,Out,1,0,,89.78685,-0.356635,3.604204,2137.891122,108.419922,9:30,5.67802,-2.08487,5.45413,-28.50687,7.27103,-17.9619,2.96793,-0.20327,80.97413,-5.637761,0.412147,0.430506,94.86684,48.096325,-4.247788,4056.50964,109.9999,116.34561,0.11655,293.81642,275.56026,4.609184,6.213464,10.20776,4.13595,1.77952,50,5.62716,-7.3769,-129.97523,-1.85449,17.22229,30.73029,-25.19598,BOC_EAG,NJI_HIG,HarringtonVillage,D1,ACC,20260510-HarringtonVillage-1,c0d5cc60-4c8e-11f1-b7d8-151fc49268df,87.55389,144.29309,,8.81272,,,,1.63049,3.10859,0.24857,b1484b88-4158-4df7-bc8c-565b9a528c8f,2026-05-10,16:39:02.38,2026-05-10T12:39:02.3897088-04:00,2026-05-10T16:39:02.3897088Z,FlyBall,v3,227,471378,26835,"Johnson, Gunnar",1000100233,Right,BOC_EAG,cc4b1c06-77de-465e-8929-d52bea0969f2,55.04389,-131.16234,15.36514,5.68,-0.88117,-12.59799,2.07735,-8.0422,8.61115,,1.63866,92.51159,-21.58515,4.82225,-0.55289,-0.02033,0.01589,-0.00189,8E-05,3.10507,103.61276,-23.11406,2.24557,-0.37475,0.02361,0.00709,-0.00157,9E-05,0.24598,-6.82518,6.39994,-1.68389,0.19869,0.01617,-0.00921,0.00118,-5E-05,,,,,,,,,,,,,,,,,,,,,,,High,High,High,High,Low,,,,112.107989,-4.637683,2130.891487,0.996726,9:45,0.098538,0.923928,-0.369658,-79.646633,20.616515,87.522111,93.49829,0.498326,0.998099,0.008697,-0.061016,8.112325,86.466439,0.008697,0.998099,0.061016,-8.112325,-86.466439,-0.008697,-0.998099,0.061016,-93.49829,-0.498326,-0.998099,-0.008697,-0.061016,73.27466,13.8498,-11.51142
71,2026-05-10,12:39:36.69,2,1,"Miller, Brady",815959,Left,BOC_EAG,"Camilleri, Lorenzo",10147342,Left,NJI_HIG,Undefined,3,Top,1,0,0,Sinker,Sinker,BallCalled,Undefined,Undefined,Undefined,0,0,,89.60002,0.17912,3.140721,2172.571745,106.537784,9:30,5.64011,-2.07231,5.67536,-28.73446,6.98181,-19.07765,3.41281,-0.73122,80.51009,-5.17568,-0.265509,0.430135,,,,,,,,,,,,10.60851,3.88488,1.81903,50,5.63754,-6.253,-129.74309,-0.61629,17.77729,31.42153,-25.66396,BOC_EAG,NJI_HIG,HarringtonVillage,D1,ACC,20260510-HarringtonVillage-1,d5460980-4c8e-11f1-b7d8-151fc49268df,87.62938,,,9.08993,,,,,,,b1484b88-4158-4df7-bc8c-565b9a528c8f,2026-05-10,16:39:36.69,2026-05-10T12:39:36.6974976-04:00,2026-05-10T16:39:36.6974976Z,,v3,227,471378,26835,"Johnson, Gunnar",1000100233,Right,BOC_EAG,20c7aa33-da54-4ab7-b2e8-dc3b3755bcaa,54.82046,-130.90532,15.71076,5.64278,0.33297,-12.83198,2.06248,-6.91055,8.88864,,,,,,,,,,,,,,,,,,,,,,,,,,,,,,,,,,,,,,,,,,,,,,,,,,,High,High,High,,,,,,112.028857,-6.138611,2160.114454,0.994266,9:45,0.130082,0.921341,-0.366346,-72.708359,25.868817,85.937506,92.248165,-5.234263,0.995064,-0.091228,-0.039064,66.819203,-84.304591,0.091228,-0.995064,0.039064,-66.819203,84.304591,-0.091228,0.995064,0.039064,-92.248165,5.234263,-0.995064,0.091228,-0.039064,,,
72,2026-05-10,12:39:51.79,2,2,"Miller, Brady",815959,Left,BOC_EAG,"Camilleri, Lorenzo",10147342,Left,NJI_HIG,Undefined,3,Top,1,1,0,Sinker,Sinker,InPlay,Undefined,GroundBall,Single,0,0,,89.76198,-1.119672,3.020283,2135.177716,107.536812,9:30,5.66134,-2.04858,5.41511,-28.42529,7.56307,-19.67056,2.24206,-0.85577,80.71466,-6.386322,-0.477605,0.43177,75.16821,-68.425401,127.138838,,,,,2.0695,2.0443,49.348224,0.023035,10.92804,4.54736,1.79435,50,5.54218,-5.96508,-129.92654,-3.58509,18.33047,31.97244,-24.5464,BOC_EAG,NJI_HIG,HarringtonVillage,D1,ACC,20260510-HarringtonVillage-1,de444880-4c8e-11f1-b7d8-151fc49268df,87.29749,2.36878,,9.04732,,,,1.9137,2.36878,0.82342,b1484b88-4158-4df7-bc8c-565b9a528c8f,2026-05-10,16:39:51.79,2026-05-10T12:39:51.7981696-04:00,2026-05-10T16:39:51.7981696Z,GroundBall,v3,227,471378,26835,"Johnson, Gunnar",1000100233,Right,BOC_EAG,ce0eee72-f628-450a-a753-d27501e1ab65,55.08269,-131.17133,15.98622,5.66315,-2.62942,-12.2732,2.04048,-6.67874,9.16523,,1.91398,-24.54983,,,,,,,,2.36994,-102.83454,,,,,,,,0.82306,32.415,,,,,,,,,,,,,,,,,,,,,,,,,,,,,,High,High,High,Low,Low,,,,113.867422,-6.552578,2121.229787,0.993468,9:45,0.117386,0.910567,-0.396344,-79.672024,28.729931,88.151159,94.045138,-6.076573,0.991904,-0.105857,-0.070146,56.469734,-82.704353,0.105857,-0.991904,0.070146,-56.469734,82.704353,-0.105857,0.991904,0.070146,-94.045138,6.076573,-0.991904,0.105857,-0.070146,75.02771,-2.32214,-22.81863
73,2026-05-10,12:40:38.17,3,1,"Miller, Brady",815959,Left,BOC_EAG,"Campbell, Cole",1000115804,Right,NJI_HIG,Undefined,3,Top,1,0,0,Cutter,Slider,BallCalled,Undefined,Undefined,Undefined,0,0,,83.38047,0.935426,0.814578,2502.10819,217.393694,1:15,5.93104,-1.48534,5.26565,-33.37825,7.68138,4.90681,4.02843,-0.31116,76.37678,-5.191367,1.684915,0.461189,,,,,,,,,,,,-2.22461,3.98079,1.4071,50,5.9922,-1.93123,-121.02002,0.79084,-3.3064,23.13604,-26.25753,BOC_EAG,NJI_HIG,HarringtonVillage,D1,ACC,20260510-HarringtonVillage-1,f9ea60b0-4c8e-11f1-b7d8-151fc49268df,81.72884,,,7.00369,,,,,,,b1484b88-4158-4df7-bc8c-565b9a528c8f,2026-05-10,16:40:38.17,2026-05-10T12:40:38.1712384-04:00,2026-05-10T16:40:38.1712384Z,,v3,227,471378,26835,"Johnson, Gunnar",1000100233,Right,BOC_EAG,27cefb45-4dee-4864-8f87-eafe8c503d62,55.23173,-122.0161,11.56802,5.93382,1.92131,-13.12877,1.48718,-1.78888,-1.6532,,,,,,,,,,,,,,,,,,,,,,,,,,,,,,,,,,,,,,,,,,,,,,,,,,,High,High,High,,,,,,160.004838,-68.15456,931.044667,0.372104,11:15,0.935022,0.112067,-0.336415,61.669382,-16.408568,-60.44365,165.279373,2.162822,0.253925,0.037739,-0.966487,2.23615,14.709904,0.037739,0.253925,0.966487,-2.23615,-14.709904,-0.037739,-0.253925,0.966487,-165.279373,-2.162822,-0.253925,-0.037739,-0.966487,,,
74,2026-05-10,12:40:55.04,3,2,"Miller, Brady",815959,Left,BOC_EAG,"Campbell, Cole",1000115804,Right,NJI_HIG,Undefined,3,Top,1,1,0,Slider,Curveball,BallCalled,Undefined,Undefined,Undefined,0,0,,74.37973,-0.516798,1.181087,2536.375094,303.581401,4:00,5.95166,-1.66435,5.05405,-57.41487,-4.82504,9.92701,0.67958,0.27695,68.30259,-10.853937,2.940995,0.521942,,,,,,,,,,,,-4.60103,-1.79228,1.54357,50,5.8565,-2.60328,-107.86513,-2.9148,-5.36073,20.69996,-34.26227,BOC_EAG,NJI_HIG,HarringtonVillage,D1,ACC,20260510-HarringtonVillage-1,0407a440-4c8f-11f1-b7d8-151fc49268df,72.21573,,,6.07714,,,,,,,b1484b88-4158-4df7-bc8c-565b9a528c8f,2026-05-10,16:40:55.04,2026-05-10T12:40:55.0415360-04:00,2026-05-10T16:40:55.0415360Z,,v3,227,471378,26835,"Johnson, Gunnar",1000100233,Right,BOC_EAG,ec7ad4a0-677f-47aa-88b9-3435f578f1ef,55.44635,-108.9053,10.34998,5.95971,-1.19312,-17.13113,1.66761,-2.33391,-2.68037,,,,,,,,,,,,,,,,,,,,,,,,,,,,,,,,,,,,,,,,,,,,,,,,,,,High,High,High,,,,,,300.471116,-62.93539,1154.037901,0.454995,4:00,0.889049,-0.384105,0.249108,-94.381286,18.446893,50.627274,169.628144,-14.415139,0.174368,-0.248946,-0.952692,14.64438,-10.041881,0.248946,-0.174368,0.952692,-14.64438,10.041881,-0.248946,0.174368,0.952692,-169.628144,14.415139,-0.174368,0.248946,-0.952692,,,
75,2026-05-10,12:41:14.85,3,3,"Miller, Brady",815959,Left,BOC_EAG,"Campbell, Cole",1000115804,Right,NJI_HIG,Undefined,3,Top,1,2,0,Sinker,Sinker,InPlay,Undefined,Popup,Out,1,0,,90.40383,-0.757699,2.697371,2123.964738,111.357282,9:45,5.79701,-1.60223,5.30885,-28.29041,7.04666,-14.86095,2.72743,-0.30688,81.85457,-5.974474,0.060046,0.427845,90.75551,55.207038,-1.779156,,109.61415,144.63467,9.20539,190.47222,183.92672,7.33136,6.061897,8.30843,4.1104,1.36873,50,5.70788,-5.48966,-130.97462,-2.80243,14.27638,30.4513,-25.11115,BOC_EAG,NJI_HIG,HarringtonVillage,D1,ACC,20260510-HarringtonVillage-1,0fcdb5d0-4c8f-11f1-b7d8-151fc49268df,88.09835,145.67412,,8.54926,,,,1.52857,2.65434,0.30668,b1484b88-4158-4df7-bc8c-565b9a528c8f,2026-05-10,16:41:14.85,2026-05-10T12:41:14.8561408-04:00,2026-05-10T16:41:14.8561408Z,FlyBall,v3,227,471378,26835,"Johnson, Gunnar",1000100233,Right,BOC_EAG,04350624-7e9c-495f-8173-837c9390150e,55.18939,-132.17563,15.22565,5.79888,-1.81203,-12.55558,1.59635,-6.05272,7.13819,188.908603,1.54413,75.63604,-24.42661,6.34532,-0.78585,-0.06829,0.04136,-0.00568,0.00027,2.63872,109.54575,-25.91161,2.67337,-0.45006,0.04748,0.00461,-0.00192,0.00014,0.30706,-2.35541,5.07389,-1.91741,0.46173,-0.06851,0.00434,0.00015,-2E-05,,,,,,,,,,,,,,,,,,,,,,,High,High,High,High,Low,,,,118.088818,-9.941204,2092.074323,0.984985,10:00,0.182778,0.87118,-0.455673,-86.879206,28.732459,87.672247,98.38617,-1.741835,0.98885,-0.030396,-0.145777,11.778041,-81.436114,0.030396,-0.98885,0.145777,-11.778041,81.436114,-0.030396,0.98885,0.145777,-98.38617,1.741835,-0.98885,0.030396,-0.145777,73.88107,12.33526,-11.43508
76,2026-05-10,12:41:53.18,4,1,"Miller, Brady",815959,Left,BOC_EAG,"Levin, Brody",1000077124,Right,NJI_HIG,Undefined,3,Top,2,0,0,Sinker,Sinker,FoulBallNotFieldable,Undefined,Undefined,Undefined,0,0,,90.04569,-1.484748,4.106189,2252.592997,116.693328,10:00,5.78867,-1.62301,5.43896,-25.28371,10.65536,-18.41284,2.28751,0.69415,80.60418,-6.203422,0.837323,0.431474,61.03794,29.660109,50.793462,3654.354248,61.65038,27.80641,91.0999,164.50307,158.2947,58.633242,2.765233,10.66839,6.25697,1.27248,50,5.63998,-8.49827,-130.10459,-4.2786,17.8902,32.80802,-21.68152,BOC_EAG,NJI_HIG,HarringtonVillage,D1,ACC,20260510-HarringtonVillage-1,269eed60-4c8f-11f1-b7d8-151fc49268df,87.35736,30.17425,,9.44151,,,,1.26185,2.25922,-0.74629,b1484b88-4158-4df7-bc8c-565b9a528c8f,2026-05-10,16:41:53.18,2026-05-10T12:41:53.1832320-04:00,2026-05-10T16:41:53.1832320Z,FlyBall,v3,227,471378,26835,"Johnson, Gunnar",1000100233,Right,BOC_EAG,0f0a4c47-6941-432b-8d58-d5c7a0bf082b,55.0575,-131.37374,16.40401,5.78927,-3.43988,-10.84076,1.61461,-9.19034,8.9451,231.733873,1.26174,49.17884,-11.88761,3.26211,-0.88812,0.27069,-0.08385,0.01635,-0.00125,2.25927,44.29806,-18.8983,1.15587,-0.07698,-0.02394,0.00795,0.00149,-0.0005,-0.74636,60.28252,-4.61183,0.60259,-0.11787,0.07529,-0.0379,0.0094,-0.00085,,,,,,,,,,,,,,,,,,,,,,,High,High,High,High,High,,,,118.0775,-5.316989,2242.900686,0.995697,10:00,0.103249,0.880622,-0.462434,-85.319191,27.588073,87.140166,93.366183,-0.258108,0.998265,-0.004505,-0.058717,4.387221,-86.623948,0.004505,-0.998265,0.058717,-4.387221,86.623948,-0.004505,0.998265,0.058717,-93.366183,0.258108,-0.998265,0.004505,-0.058717,75.40304,-0.60731,5.5399
77,2026-05-10,12:42:13.66,4,2,"Miller, Brady",815959,Left,BOC_EAG,"Levin, Brody",1000077124,Right,NJI_HIG,Undefined,3,Top,2,0,1,Sinker,Sinker,StrikeCalled,Undefined,Undefined,Undefined,0,0,,89.8838,-0.422516,3.514641,2295.23643,113.318438,9:45,5.86187,-1.5474,5.49419,-26.61627,8.75371,-17.54599,3.24787,0.28223,81.64748,-5.354923,0.394285,0.428044,,,,,,,,,,,,9.82512,4.89638,1.25157,50,5.80708,-7.19813,-130.2222,-1.92683,16.78342,28.67612,-23.81,BOC_EAG,NJI_HIG,HarringtonVillage,D1,ACC,20260510-HarringtonVillage-1,32d7bdf0-4c8f-11f1-b7d8-151fc49268df,88.05732,,,8.23632,,,,,,,b1484b88-4158-4df7-bc8c-565b9a528c8f,2026-05-10,16:42:13.66,2026-05-10T12:42:13.6675840-04:00,2026-05-10T16:42:13.6675840Z,,v3,227,471378,26835,"Johnson, Gunnar",1000100233,Right,BOC_EAG,fdd9dc23-8a0b-472a-a26f-c1132efd7d15,55.00344,-131.31938,14.33806,5.86337,-1.01583,-11.905,1.53926,-7.84029,8.39171,,,,,,,,,,,,,,,,,,,,,,,,,,,,,,,,,,,,,,,,,,,,,,,,,,,High,High,High,,,,,,121.230274,-7.76233,2274.204846,0.990837,10:00,0.160064,0.848228,-0.504865,-69.9232,24.847943,88.465614,99.406669,2.66803,0.985484,0.046549,-0.163264,15.913703,80.225557,0.046549,0.985484,0.163264,-15.913703,-80.225557,-0.046549,-0.985484,0.163264,-99.406669,-2.66803,-0.985484,-0.046549,-0.163264,,,
78,2026-05-10,12:42:29.81,4,3,"Miller, Brady",815959,Left,BOC_EAG,"Levin, Brody",1000077124,Right,NJI_HIG,Undefined,3,Top,2,0,2,Fastball,Four-Seam,BallCalled,Undefined,Undefined,Undefined,0,0,,90.36308,0.310672,2.00904,2394.923246,137.874629,10:30,6.02211,-1.30704,5.30871,-16.58871,18.68186,-15.80426,4.93151,-0.73749,81.67957,-2.844038,-0.794791,0.427442,,,,,,,,,,,,8.43363,9.57398,1.13628,50,6.03872,-3.84346,-130.9633,0.18924,14.53247,29.68006,-15.67656,BOC_EAG,NJI_HIG,HarringtonVillage,D1,ACC,20260510-HarringtonVillage-1,3c7c7620-4c8f-11f1-b7d8-151fc49268df,88.18133,,,8.68351,,,,,,,b1484b88-4158-4df7-bc8c-565b9a528c8f,2026-05-10,16:42:29.81,2026-05-10T12:42:29.8181632-04:00,2026-05-10T16:42:29.8181632Z,,v3,227,471378,26835,"Johnson, Gunnar",1000100233,Right,BOC_EAG,efcfe03d-737f-45f7-879b-006196de208b,55.18675,-132.13353,14.84003,6.01908,0.80735,-7.83828,1.29912,-4.41646,7.26624,,,,,,,,,,,,,,,,,,,,,,,,,,,,,,,,,,,,,,,,,,,,,,,,,,,High,High,High,,,,,,124.950475,-6.51174,2379.472733,0.993549,10:15,0.137702,0.813733,-0.564692,43.835858,14.554607,-19.444523,179.651711,10.565613,0.005976,0.183361,-0.983027,10.565804,0.342384,0.183361,0.005976,0.983027,-10.565804,-0.342384,-0.183361,-0.005976,0.983027,-179.651711,-10.565613,-0.005976,-0.183361,-0.983027,,,
79,2026-05-10,12:42:50.00,4,4,"Miller, Brady",815959,Left,BOC_EAG,"Levin, Brody",1000077124,Right,NJI_HIG,Undefined,3,Top,2,1,2,Slider,Curveball,StrikeSwinging,Strikeout,Undefined,Undefined,0,0,,77.74745,0.215303,1.03291,2618.470963,299.504045,4:00,5.85369,-1.51418,5.14421,-51.47326,-3.88209,9.4956,1.767,0.24974,71.56895,-9.088014,2.716934,0.496518,,,,,,,,,,,,-4.45874,-1.58984,1.4098,50,5.83387,-2.41175,-112.85965,-1.37968,-5.73515,21.06348,-34.21903,BOC_EAG,NJI_HIG,HarringtonVillage,D1,ACC,20260510-HarringtonVillage-1,48884340-4c8f-11f1-b7d8-151fc49268df,75.91361,,,6.1785,,,,,,,b1484b88-4158-4df7-bc8c-565b9a528c8f,2026-05-10,16:42:50.00,2026-05-10T12:42:50.0071424-04:00,2026-05-10T16:42:50.0071424Z,,v3,227,471378,26835,"Johnson, Gunnar",1000100233,Right,BOC_EAG,5ac97265-d350-41ca-9e21-8c1a9c2c28c8,55.35641,-113.85494,10.53174,5.86086,0.23725,-17.10951,1.51735,-2.14075,-2.86758,,,,,,,,,,,,,,,,,,,,,,,,,,,,,,,,,,,,,,,,,,,,,,,,,,,High,High,High,,,,,,291.200401,-68.220203,971.558575,0.37104,3:45,0.924741,-0.349416,0.150874,-90.891477,28.115745,47.590001,164.745089,-16.938699,0.251699,-0.291348,-0.92291,17.520092,-14.578087,0.291348,-0.251699,0.92291,-17.520092,14.578087,-0.291348,0.251699,0.92291,-164.745089,16.938699,-0.251699,0.291348,-0.92291,,,
80,2026-05-10,12:44:56.88,1,1,"Willitts, Josh",1000101315,Right,NJI_HIG,"Williams, Ben",831962,Right,BOC_EAG,Undefined,3,Bottom,0,0,0,Fastball,Four-Seam,StrikeCalled,Undefined,Undefined,Undefined,0,0,,91.77575,-1.009363,-4.105806,2308.14505,225.241993,1:30,5.0518,2.27301,6.00488,-19.00682,14.84091,13.64863,2.53021,-0.40018,82.03403,-4.646389,-1.65948,0.418732,,,,,,,,,,,,-8.34146,8.31819,-1.95697,50,4.962,8.9159,-132.71754,-2.91459,-14.55968,34.06594,-17.65495,BOC_EAG,NJI_HIG,HarringtonVillage,D1,ACC,20260510-HarringtonVillage-1,94225bb0-4c8f-11f1-b7d8-151fc49268df,90.01567,,,9.74172,,,,,,,b1484b88-4158-4df7-bc8c-565b9a528c8f,2026-05-10,16:44:56.88,2026-05-10T12:44:56.8809984-04:00,2026-05-10T16:44:56.8809984Z,,v3,227,471378,26835,"Campbell, Cole",1000115804,Right,NJI_HIG,3ff7dabb-6bef-4a91-ab1a-d48906dd662f,54.48929,-133.86489,17.03297,5.05016,-2.31996,-8.82747,-2.26552,9.40627,-7.27984,,,,,,,,,,,,,,,,,,,,,,,,,,,,,,,,,,,,,,,,,,,,,,,,,,,High,High,High,,,,,,240.340537,26.5871,2064.07032,0.894255,2:00,-0.464369,-0.784855,-0.410322,-72.332583,-25.593108,-30.365778,169.527324,-4.253242,0.181266,-0.074165,-0.980634,4.325023,-10.44351,0.074165,-0.181266,0.980634,-4.325023,10.44351,-0.074165,0.181266,0.980634,-169.527324,4.253242,-0.181266,0.074165,-0.980634,,,
81,2026-05-10,12:45:10.91,1,2,"Willitts, Josh",1000101315,Right,NJI_HIG,"Williams, Ben",831962,Right,BOC_EAG,Undefined,3,Bottom,0,0,1,Sweeper,Curveball,BallCalled,Undefined,Undefined,Undefined,0,0,,81.45313,0.058212,-3.417286,2370.326656,71.769488,8:30,4.95091,2.37905,5.39851,-48.36266,-4.33296,-18.09036,0.97534,-2.33459,73.5926,-8.741036,-6.624991,0.477578,,,,,,,,,,,,7.82933,-1.66055,-2.06127,50,4.92283,7.7941,-117.80855,-1.60946,10.72496,27.65399,-34.44877,BOC_EAG,NJI_HIG,HarringtonVillage,D1,ACC,20260510-HarringtonVillage-1,9c8e45c0-4c8f-11f1-b7d8-151fc49268df,78.92416,,,7.86053,,,,,,,b1484b88-4158-4df7-bc8c-565b9a528c8f,2026-05-10,16:45:10.91,2026-05-10T12:45:10.9134336-04:00,2026-05-10T16:45:10.9134336Z,,v3,227,471378,26835,"Campbell, Cole",1000115804,Right,NJI_HIG,1d294da2-0876-4a38-831b-08a67e4b18a3,55.09842,-118.99931,13.827,4.9602,-0.12611,-17.22438,-2.38693,7.33228,5.36248,,,,,,,,,,,,,,,,,,,,,,,,,,,,,,,,,,,,,,,,,,,,,,,,,,,High,High,High,,,,,,48.590941,58.486914,1238.953842,0.522693,7:30,-0.829999,0.392889,0.395903,-26.213906,31.066612,20.414899,116.958365,-48.885654,0.58611,-0.753399,-0.298102,68.412475,-35.881481,0.753399,-0.58611,0.298102,-68.412475,35.881481,-0.753399,0.58611,0.298102,-116.958365,48.885654,-0.58611,0.753399,-0.298102,,,
82,2026-05-10,12:45:32.54,1,3,"Willitts, Josh",1000101315,Right,NJI_HIG,"Williams, Ben",831962,Right,BOC_EAG,Undefined,3,Bottom,0,1,1,Sweeper,Curveball,BallCalled,Undefined,Undefined,Undefined,0,0,,81.07891,1.459517,-2.275804,2349.000255,59.233673,8:00,4.97977,2.45882,5.52231,-53.30219,-8.96552,-17.91655,1.90384,-1.16306,72.76601,-8.286507,-5.466023,0.47924,,,,,,,,,,,,8.12524,-4.46221,-2.24884,50,5.07203,5.41227,-117.34374,1.08961,10.99312,28.33838,-38.21123,BOC_EAG,NJI_HIG,HarringtonVillage,D1,ACC,20260510-HarringtonVillage-1,a969e600-4c8f-11f1-b7d8-151fc49268df,78.65044,,,8.3129,,,,,,,b1484b88-4158-4df7-bc8c-565b9a528c8f,2026-05-10,16:45:32.54,2026-05-10T12:45:32.5437952-04:00,2026-05-10T16:45:32.5437952Z,,v3,227,471378,26835,"Campbell, Cole",1000115804,Right,NJI_HIG,3d521f4a-9e96-4e73-bbe3-5309aab65ec6,54.97491,-118.53908,14.16919,4.99208,2.7014,-19.10561,-2.46736,4.94857,5.49656,,,,,,,,,,,,,,,,,,,,,,,,,,,,,,,,,,,,,,,,,,,,,,,,,,,High,High,High,,,,,,51.004211,51.999778,1446.196151,0.615665,7:45,-0.759569,0.498406,0.417907,-36.201355,47.660417,14.335589,111.922682,-46.195392,0.642147,-0.721705,-0.258437,70.297946,-39.952113,0.721705,-0.642147,0.258437,-70.297946,39.952113,-0.721705,0.642147,0.258437,-111.922682,46.195392,-0.642147,0.721705,-0.258437,,,
83,2026-05-10,12:45:49.47,1,4,"Willitts, Josh",1000101315,Right,NJI_HIG,"Williams, Ben",831962,Right,BOC_EAG,Undefined,3,Bottom,0,2,1,Fastball,Sinker,BallCalled,Undefined,Undefined,Undefined,0,0,,92.24542,0.332223,-2.920451,2492.536489,233.545304,1:45,4.99664,2.12271,6.0587,-19.73096,13.53863,16.6421,3.6603,0.80414,82.5751,-3.437883,0.071368,0.41514,,,,,,,,,,,,-9.43749,7.19493,-1.90405,50,5.012,6.06893,-133.63272,0.17195,-16.73698,33.96818,-19.41413,BOC_EAG,NJI_HIG,HarringtonVillage,D1,ACC,20260510-HarringtonVillage-1,b3813620-4c8f-11f1-b7d8-151fc49268df,90.79442,,,9.67032,,,,,,,b1484b88-4158-4df7-bc8c-565b9a528c8f,2026-05-10,16:45:49.47,2026-05-10T12:45:49.4729216-04:00,2026-05-10T16:45:49.4729216Z,,v3,227,471378,26835,"Campbell, Cole",1000115804,Right,NJI_HIG,a6fe2ad5-3394-4d4f-a854-e8d535dc2e11,54.43581,-134.75554,16.98409,4.99572,0.81369,-9.70707,-2.1138,6.62217,-8.36849,,,,,,,,,,,,,,,,,,,,,,,,,,,,,,,,,,,,,,,,,,,,,,,,,,,High,High,High,,,,,,241.608865,21.105278,2325.338064,0.93292,2:00,-0.386962,-0.818609,-0.424428,109.912252,28.686942,-6.441222,169.021674,3.044804,0.190169,0.053117,-0.980313,3.101455,10.962635,0.053117,0.190169,0.980313,-3.101455,-10.962635,-0.053117,-0.190169,0.980313,-169.021674,-3.044804,-0.190169,-0.053117,-0.980313,,,
84,2026-05-10,12:46:06.14,1,5,"Willitts, Josh",1000101315,Right,NJI_HIG,"Williams, Ben",831962,Right,BOC_EAG,Undefined,3,Bottom,0,3,1,Sinker,Sinker,BallCalled,Walk,Undefined,Undefined,0,0,,92.19948,-0.635085,-2.549403,2363.905263,253.16288,2:30,5.03049,2.3031,6.11557,-26.26037,6.82138,18.58836,2.25433,1.49346,83.10202,-5.564274,0.800404,0.413967,,,,,,,,,,,,-10.3669,4.08469,-2.11683,50,4.96829,5.14297,-133.71079,-2.37294,-18.46694,33.14707,-24.89787,BOC_EAG,NJI_HIG,HarringtonVillage,D1,ACC,20260510-HarringtonVillage-1,bd689ca0-4c8f-11f1-b7d8-151fc49268df,91.05183,,,9.09746,,,,,,,b1484b88-4158-4df7-bc8c-565b9a528c8f,2026-05-10,16:46:06.14,2026-05-10T12:46:06.1435904-04:00,2026-05-10T16:46:06.1435904Z,,v3,227,471378,26835,"Campbell, Cole",1000115804,Right,NJI_HIG,29f81e12-089f-42f3-9e8f-2ee76e266994,54.38149,-134.79259,16.57354,5.03248,-1.56036,-12.44893,-2.29452,5.74566,-9.23347,,,,,,,,,,,,,,,,,,,,,,,,,,,,,,,,,,,,,,,,,,,,,,,,,,,High,High,High,,,,,,238.82463,28.044151,2086.348662,0.882586,2:00,-0.481618,-0.760293,-0.435887,23.093059,56.461397,-0.135673,161.361902,-72.131663,0.09806,-0.951764,-0.290739,73.013445,-5.627459,0.951764,-0.09806,0.290739,-73.013445,5.627459,-0.951764,0.09806,0.290739,-161.361902,72.131663,-0.09806,0.951764,-0.290739,,,
85,2026-05-10,12:46:41.05,2,1,"Willitts, Josh",1000101315,Right,NJI_HIG,"Larson, Colin",831502,Left,BOC_EAG,Undefined,3,Bottom,0,0,0,Sinker,Sinker,FoulBallNotFieldable,Undefined,Undefined,Undefined,0,0,,91.30533,0.089773,-3.958718,2348.260947,257.341484,2:30,5.01769,2.35805,6.0456,-27.72368,6.03929,21.59233,2.7907,0.48661,82.4582,-5.096309,-0.080808,0.418207,83.28121,77.638305,-43.837696,5737.11625,,,,,25.40005,,,-12.3382,3.4252,-2.06085,50,5.00989,8.22895,-132.30695,-0.73964,-21.61179,31.34664,-26.1744,BOC_EAG,NJI_HIG,HarringtonVillage,D1,ACC,20260510-HarringtonVillage-1,d2392230-4c8f-11f1-b7d8-151fc49268df,90.12858,104.44158,,8.84713,,,,0.97983,2.75154,-0.48611,b1484b88-4158-4df7-bc8c-565b9a528c8f,2026-05-10,16:46:41.05,2026-05-10T12:46:41.0599936-04:00,2026-05-10T16:46:41.0599936Z,,v3,227,471378,26835,"Campbell, Cole",1000115804,Right,NJI_HIG,d8fb3224-3575-49ac-9095-3e4a96b6f7d1,54.45331,-133.35787,15.67332,5.01998,0.13787,-13.0872,-2.34887,8.9535,-10.8059,,0.97981,18.86532,-13.28524,4.77441,-1.76541,0.7338,0.18185,-0.42651,0.14301,2.75154,119.31352,-31.33952,4.11575,-0.6805,-0.0409,0.16796,-0.09862,0.02089,-0.48612,-18.10963,-2.70702,1.60526,-0.752,0.36774,0.04155,-0.17382,0.06122,,,,,,,,,,,,,,,,,,,,,,,High,High,High,Medium,Undefined,,,,239.661176,30.913496,2014.676192,0.857944,2:00,-0.543592,-0.739646,-0.396777,16.756502,58.328934,-6.882425,163.287456,-69.441974,0.100982,-0.936317,-0.336323,70.241834,-5.795719,0.936317,-0.100982,0.336323,-70.241834,5.795719,-0.936317,0.100982,0.336323,-163.287456,69.441974,-0.100982,0.936317,-0.336323,,,
86,2026-05-10,12:47:31.29,2,2,"Willitts, Josh",1000101315,Right,NJI_HIG,"Larson, Colin",831502,Left,BOC_EAG,Undefined,3,Bottom,0,0,1,Cutter,Changeup,HitByPitch,Undefined,Undefined,Undefined,0,0,,85.32799,-0.275723,-4.198807,1865.808856,201.346626,12:45,5.10266,2.15613,5.83416,-19.42525,19.27328,7.03914,3.22692,-1.16701,77.67369,-3.964956,-2.942655,0.447733,,,,,,,,,,,,-4.79811,10.30193,-1.81733,50,5.0688,8.78835,-123.6018,-1.14894,-7.40469,25.1918,-16.27553,BOC_EAG,NJI_HIG,HarringtonVillage,D1,ACC,20260510-HarringtonVillage-1,f03bc800-4c8f-11f1-b7d8-151fc49268df,84.18517,,,7.65431,,,,,,,b1484b88-4158-4df7-bc8c-565b9a528c8f,2026-05-10,16:47:31.29,2026-05-10T12:47:31.2939520-04:00,2026-05-10T16:47:31.2939520Z,,v3,227,471378,26835,"Campbell, Cole",1000115804,Right,NJI_HIG,070f4a4c-f393-4333-a501-e5df15406ae5,54.66335,-124.54863,12.5959,5.10049,-0.53723,-8.13776,-2.15287,9.06665,-3.70235,,,,,,,,,,,,,,,,,,,,,,,,,,,,,,,,,,,,,,,,,,,,,,,,,,,High,High,High,,,,,,246.651812,21.492069,1736.075976,0.930468,2:15,-0.388285,-0.856029,-0.341248,-77.919722,-15.773665,61.020885,95.100058,-3.22233,0.994466,-0.056211,-0.088755,32.347113,-83.969531,0.056211,-0.994466,0.088755,-32.347113,83.969531,-0.056211,0.994466,0.088755,-95.100058,3.22233,-0.994466,0.056211,-0.088755,,,
87,2026-05-10,12:48:11.79,3,1,"Willitts, Josh",1000101315,Right,NJI_HIG,"Solier, Julio",827632,Right,BOC_EAG,Undefined,3,Bottom,0,0,0,Sweeper,Curveball,InPlay,Undefined,Bunt,Sacrifice,1,0,,80.81904,2.370852,-1.089084,2304.231006,77.595315,8:30,4.90013,2.34007,5.10751,-45.25518,-2.03917,-14.06107,3.36428,0.14209,75.47359,-5.79645,-3.573896,0.473144,,,,,,,,,,,,6.8193,-1.26098,-2.22577,50,5.08762,2.80412,-117.50365,3.21733,9.73155,17.94288,-33.97355,BOC_EAG,NJI_HIG,HarringtonVillage,D1,ACC,20260510-HarringtonVillage-1,085a4010-4c90-11f1-b7d8-151fc49268df,79.66372,,,5.34546,,,,,,,b1484b88-4158-4df7-bc8c-565b9a528c8f,2026-05-10,16:48:11.79,2026-05-10T12:48:11.7942784-04:00,2026-05-10T16:48:11.7942784Z,,v3,227,471378,26835,"Campbell, Cole",1000115804,Right,NJI_HIG,aef7a12c-7380-43ef-9e74-e3fafe7c6a2b,55.3958,-118.32472,8.97144,4.90483,4.77197,-16.98678,-2.3439,2.35881,4.86578,,,,,,,,,,,,,,,,,,,,,,,,,,,,,,,,,,,,,,,,,,,,,,,,,,,High,High,High,,,,,,54.776487,54.474659,1338.903323,0.581063,7:45,-0.787013,0.507936,0.35016,-8.443064,11.252159,11.448879,116.427927,-46.570811,0.615615,-0.726225,-0.305968,67.153671,-37.996604,0.726225,-0.615615,0.305968,-67.153671,37.996604,-0.726225,0.615615,0.305968,-116.427927,46.570811,-0.615615,0.726225,-0.305968,,,
88,2026-05-10,12:48:53.08,4,1,"Willitts, Josh",1000101315,Right,NJI_HIG,"Wang, Nick",813482,Right,BOC_EAG,Undefined,3,Bottom,1,0,0,Sweeper,Curveball,BallCalled,Undefined,Undefined,Undefined,0,0,,81.18026,1.283589,-0.060117,2373.565906,73.838861,8:30,4.97593,2.46117,5.31791,-46.67231,-3.46055,-16.44769,2.29142,1.03412,74.66109,-7.200986,-2.983515,0.473121,,,,,,,,,,,,8.21552,-1.67378,-2.44348,50,5.05835,0.80295,-117.91494,0.96174,11.57945,22.19086,-34.53317,BOC_EAG,NJI_HIG,HarringtonVillage,D1,ACC,20260510-HarringtonVillage-1,20ed9a00-4c90-11f1-b7d8-151fc49268df,79.6676,,,6.51916,,,,,,,b1484b88-4158-4df7-bc8c-565b9a528c8f,2026-05-10,16:48:53.08,2026-05-10T12:48:53.0867712-04:00,2026-05-10T16:48:53.0867712Z,,v3,227,471378,26835,"Campbell, Cole",1000115804,Right,NJI_HIG,b6304bfc-5730-4d91-a21e-a7cd07789aa5,55.18299,-118.88634,11.09543,4.98316,2.47343,-17.26659,-2.46753,0.29606,5.78972,,,,,,,,,,,,,,,,,,,,,,,,,,,,,,,,,,,,,,,,,,,,,,,,,,,High,High,High,,,,,,52.05092,52.06222,1459.281089,0.614805,7:45,-0.777224,0.502355,0.378897,-26.976938,32.626496,16.704678,116.649418,-45.203245,0.629743,-0.709611,-0.316032,65.993758,-39.031193,0.709611,-0.629743,0.316032,-65.993758,39.031193,-0.709611,0.629743,0.316032,-116.649418,45.203245,-0.629743,0.709611,-0.316032,,,
89,2026-05-10,12:49:11.08,4,2,"Willitts, Josh",1000101315,Right,NJI_HIG,"Wang, Nick",813482,Right,BOC_EAG,Undefined,3,Bottom,1,1,0,Sweeper,Curveball,InPlay,Undefined,LineDrive,Sacrifice,1,1,,81.55511,1.324493,-1.247672,2288.023783,67.357174,8:15,4.98341,2.38912,5.57265,-48.10861,-5.88894,-16.97009,2.21201,-0.19062,75.48669,-7.429147,-4.275574,0.467659,107.74352,19.85104,-4.512595,2276.401271,109.90555,39.8744,-4.55264,406.43695,389.01857,1.189967,4.945635,8.33028,-3.03295,-2.27003,50,5.06542,3.24516,-118.56498,1.07142,11.92135,21.53598,-36.51446,BOC_EAG,NJI_HIG,HarringtonVillage,D1,ACC,20260510-HarringtonVillage-1,2baaee20-4c90-11f1-b7d8-151fc49268df,80.5982,64.58766,,6.06843,,,,1.10041,2.20239,0.19971,b1484b88-4158-4df7-bc8c-565b9a528c8f,2026-05-10,16:49:11.08,2026-05-10T12:49:11.0898688-04:00,2026-05-10T16:49:11.0898688Z,LineDrive,v3,227,471378,26835,"Campbell, Cole",1000115804,Right,NJI_HIG,14d4094b-e3d4-4cf5-9b07-a0c894db5314,54.9304,-119.45717,10.76799,4.9897,2.58415,-18.25723,-2.39424,2.75129,5.96067,204.330526,1.10104,148.16185,-28.92581,6.3377,-1.23844,0.20946,-0.03039,0.00339,-0.00018,2.20393,53.62282,-10.18355,-1.73757,0.95366,-0.31906,0.07112,-0.0087,0.00043,0.19915,-11.68439,9.65082,-3.61233,0.97408,-0.20002,0.03039,-0.00302,0.00014,,,,,,,,,,,,,,,,,,,,,,,High,High,High,High,Medium,,,,48.899575,48.100715,1527.995533,0.667823,7:45,-0.722756,0.520314,0.45486,-42.043288,50.529068,9.602413,115.052272,-48.480708,0.60051,-0.748733,-0.28069,69.449647,-36.906461,0.748733,-0.60051,0.28069,-69.449647,36.906461,-0.748733,0.60051,0.28069,-115.052272,48.480708,-0.60051,0.748733,-0.28069,75.93399,9.94594,-8.14785
90,2026-05-10,12:49:51.62,5,1,"Willitts, Josh",1000101315,Right,NJI_HIG,"Mainolfi, Ty",839397,Left,BOC_EAG,Undefined,3,Bottom,2,0,0,Sweeper,Curveball,StrikeCalled,Undefined,Undefined,Undefined,0,0,,81.94615,0.759076,-0.923982,2385.998169,80.980738,8:45,4.93516,2.49342,5.19663,-44.12817,-1.64933,-18.16643,1.97195,0.11037,75.67833,-7.235397,-4.143752,0.469092,,,,,,,,,,,,8.81453,-0.6313,-2.3936,50,4.97207,2.68384,-119.04566,-0.04342,12.7032,21.94165,-33.08386,BOC_EAG,NJI_HIG,HarringtonVillage,D1,ACC,20260510-HarringtonVillage-1,43da5620-4c90-11f1-b7d8-151fc49268df,80.35199,,,6.26781,,,,,,,b1484b88-4158-4df7-bc8c-565b9a528c8f,2026-05-10,16:49:51.62,2026-05-10T12:49:51.6295680-04:00,2026-05-10T16:49:51.6295680Z,,v3,227,471378,26835,"Campbell, Cole",1000115804,Right,NJI_HIG,004f924b-f7f1-4d08-87dd-9695af8f26e1,55.30449,-120.01936,10.97082,4.94142,1.42474,-16.54193,-2.50019,2.12011,6.3516,,,,,,,,,,,,,,,,,,,,,,,,,,,,,,,,,,,,,,,,,,,,,,,,,,,High,High,High,,,,,,52.804012,54.985242,1369.055703,0.573787,7:45,-0.807178,0.467873,0.359943,-7.68169,8.913001,14.80338,118.662495,-45.116709,0.619193,-0.708546,-0.338472,64.466233,-38.257228,0.708546,-0.619193,0.338472,-64.466233,38.257228,-0.708546,0.619193,0.338472,-118.662495,45.116709,-0.619193,0.708546,-0.338472,,,
91,2026-05-10,12:50:10.46,5,2,"Willitts, Josh",1000101315,Right,NJI_HIG,"Mainolfi, Ty",839397,Left,BOC_EAG,Undefined,3,Bottom,2,0,1,ChangeUp,Changeup,BallCalled,Undefined,Undefined,Undefined,0,0,,83.84489,-1.234998,-4.179182,1878.06674,249.357345,2:15,4.97912,2.23292,5.90987,-31.7958,7.37182,16.80572,1.17996,-0.25246,78.14158,-7.082886,-1.168819,0.450438,,,,,,,,,,,,-9.61272,4.37906,-1.90692,50,4.86128,8.25394,-121.74842,-3.66153,-14.69609,19.74227,-25.47925,BOC_EAG,NJI_HIG,HarringtonVillage,D1,ACC,20260510-HarringtonVillage-1,4f120a60-4c90-11f1-b7d8-151fc49268df,83.67952,,,5.70331,,,,,,,b1484b88-4158-4df7-bc8c-565b9a528c8f,2026-05-10,16:50:10.46,2026-05-10T12:50:10.4629248-04:00,2026-05-10T16:50:10.4629248Z,,v3,227,471378,26835,"Campbell, Cole",1000115804,Right,NJI_HIG,ee048445-6383-466a-ad13-c9e121f4a2d9,54.59221,-122.49081,9.87114,4.98095,-2.7034,-12.73962,-2.22769,8.80657,-7.34804,,,,,,,,,,,,,,,,,,,,,,,,,,,,,,,,,,,,,,,,,,,,,,,,,,,High,High,High,,,,,,248.242575,13.95109,1822.667317,0.970502,2:15,-0.247238,-0.906352,-0.342637,-76.856969,-22.27225,70.415457,93.479622,3.023309,0.996767,0.052742,-0.060609,41.029907,85.391647,0.052742,0.996767,0.060609,-41.029907,-85.391647,-0.052742,-0.996767,0.060609,-93.479622,-3.023309,-0.996767,-0.052742,-0.060609,,,
92,2026-05-10,12:50:31.08,5,3,"Willitts, Josh",1000101315,Right,NJI_HIG,"Mainolfi, Ty",839397,Left,BOC_EAG,Undefined,3,Bottom,2,1,1,Fastball,Four-Seam,BallCalled,Undefined,Undefined,Undefined,0,0,,93.22099,-0.585146,-4.58158,2478.710436,228.889496,1:45,5.00721,2.22852,6.27651,-19.81155,11.69442,12.36146,2.81513,-0.97352,85.87784,-4.312101,-2.3572,0.403987,,,,,,,,,,,,-7.54374,6.50449,-1.89525,50,4.95406,10.3216,-135.24294,-2.00804,-14.12102,26.54684,-19.99838,BOC_EAG,NJI_HIG,HarringtonVillage,D1,ACC,20260510-HarringtonVillage-1,5b503220-4c90-11f1-b7d8-151fc49268df,93.30108,,,7.34315,,,,,,,b1484b88-4158-4df7-bc8c-565b9a528c8f,2026-05-10,16:50:31.08,2026-05-10T12:50:31.0845952-04:00,2026-05-10T16:50:31.0845952Z,,v3,227,471378,26835,"Campbell, Cole",1000115804,Right,NJI_HIG,950b30eb-cd59-4f1b-acc7-fb8f1a2202a9,54.22313,-136.06937,13.27342,5.00688,-1.38547,-9.99919,-2.22342,10.76121,-7.06051,,,,,,,,,,,,,,,,,,,,,,,,,,,,,,,,,,,,,,,,,,,,,,,,,,,High,High,High,,,,,,236.41749,29.37274,2160.065457,0.871447,2:00,-0.52001,-0.730965,-0.441904,-66.542715,-45.985048,-48.464524,169.757832,-3.845181,0.177409,-0.067061,-0.98185,3.907255,-10.218864,0.067061,-0.177409,0.98185,-3.907255,10.218864,-0.067061,0.177409,0.98185,-169.757832,3.845181,-0.177409,0.067061,-0.98185,,,
93,2026-05-10,12:50:50.79,5,4,"Willitts, Josh",1000101315,Right,NJI_HIG,"Mainolfi, Ty",839397,Left,BOC_EAG,Undefined,3,Bottom,2,2,1,Sweeper,Slider,StrikeCalled,Undefined,Undefined,Undefined,0,0,,82.08783,0.38388,-0.66223,2425.172329,78.862991,8:45,4.91411,2.34881,5.15786,-44.26778,-2.01185,-16.27713,1.5865,0.36901,76.06154,-7.618022,-3.546828,0.467859,,,,,,,,,,,,7.96524,-0.74437,-2.27396,50,4.91573,2.06031,-119.30154,-0.83572,11.56486,21.35726,-33.25479,BOC_EAG,NJI_HIG,HarringtonVillage,D1,ACC,20260510-HarringtonVillage-1,672055d0-4c90-11f1-b7d8-151fc49268df,80.56364,,,6.02629,,,,,,,b1484b88-4158-4df7-bc8c-565b9a528c8f,2026-05-10,16:50:50.79,2026-05-10T12:50:50.7999232-04:00,2026-05-10T16:50:50.7999232Z,,v3,227,471378,26835,"Campbell, Cole",1000115804,Right,NJI_HIG,18e25a3f-2569-471d-986b-2e59c59221c7,55.3438,-120.25438,10.67863,4.91991,0.64792,-16.6274,-2.35437,1.54435,5.78243,,,,,,,,,,,,,,,,,,,,,,,,,,,,,,,,,,,,,,,,,,,,,,,,,,,High,High,High,,,,,,49.241273,52.542387,1474.927607,0.608174,7:45,-0.786057,0.465979,0.406174,-15.713006,22.867547,15.793712,116.770837,-47.562444,0.602459,-0.738013,-0.303939,67.616441,-37.046246,0.738013,-0.602459,0.303939,-67.616441,37.046246,-0.738013,0.602459,0.303939,-116.770837,47.562444,-0.602459,0.738013,-0.303939,,,
94,2026-05-10,12:51:11.83,5,5,"Willitts, Josh",1000101315,Right,NJI_HIG,"Mainolfi, Ty",839397,Left,BOC_EAG,Undefined,3,Bottom,2,2,2,Sweeper,Curveball,BallCalled,Undefined,Undefined,Undefined,0,0,,82.06644,0.763567,1.018911,2375.080354,76.078909,8:30,4.91996,2.31296,5.12928,-45.68254,-3.20382,-18.0167,1.83236,1.77127,75.65439,-7.504684,-2.173736,0.469091,,,,,,,,,,,,9.22595,-1.39551,-2.39411,50,4.9561,-1.35252,-119.20641,-0.11765,13.32671,22.08698,-34.18985,BOC_EAG,NJI_HIG,HarringtonVillage,D1,ACC,20260510-HarringtonVillage-1,73a4fc70-4c90-11f1-b7d8-151fc49268df,80.35207,,,6.41205,,,,,,,b1484b88-4158-4df7-bc8c-565b9a528c8f,2026-05-10,16:51:11.83,2026-05-10T12:51:11.8342656-04:00,2026-05-10T16:51:11.8342656Z,,v3,227,471378,26835,"Campbell, Cole",1000115804,Right,NJI_HIG,27a8bdf1-6cf2-44ac-90ea-73e1c2a1e52a,55.37205,-120.19764,11.04349,4.92695,1.41674,-17.09493,-2.31999,-1.9506,6.66336,,,,,,,,,,,,,,,,,,,,,,,,,,,,,,,,,,,,,,,,,,,,,,,,,,,High,High,High,,,,,,51.404322,53.501967,1412.686368,0.594795,7:45,-0.804083,0.475544,0.356803,-17.202695,18.838831,16.266892,118.108469,-46.018205,0.612527,-0.71956,-0.327175,65.549296,-37.772433,0.71956,-0.612527,0.327175,-65.549296,37.772433,-0.71956,0.612527,0.327175,-118.108469,46.018205,-0.612527,0.71956,-0.327175,,,
95,2026-05-10,12:51:33.39,5,6,"Willitts, Josh",1000101315,Right,NJI_HIG,"Mainolfi, Ty",839397,Left,BOC_EAG,Undefined,3,Bottom,2,3,2,ChangeUp,Changeup,BallCalled,Walk,Undefined,Undefined,0,0,,85.95276,-2.209721,-5.405223,1922.938846,261.907023,2:45,5.03591,2.25793,6.06645,-33.54935,4.29638,21.62025,0.18504,-0.95743,78.84389,-8.404899,-1.526892,0.442772,,,,,,,,,,,,-12.76662,3.15583,-1.84977,50,4.8457,10.93612,-124.37685,-5.9102,-19.99149,25.0258,-27.2323,BOC_EAG,NJI_HIG,HarringtonVillage,D1,ACC,20260510-HarringtonVillage-1,8076d8b0-4c90-11f1-b7d8-151fc49268df,85.12838,,,7.10887,,,,,,,b1484b88-4158-4df7-bc8c-565b9a528c8f,2026-05-10,16:51:33.39,2026-05-10T12:51:33.3957120-04:00,2026-05-10T16:51:33.3957120Z,,v3,227,471378,26835,"Campbell, Cole",1000115804,Right,NJI_HIG,fd92d6e7-d50e-41d8-9850-dfd0fd64f86f,54.43539,-125.26611,12.5129,5.03852,-4.94253,-13.61615,-2.25099,11.6465,-9.99575,,,,,,,,,,,,,,,,,,,,,,,,,,,,,,,,,,,,,,,,,,,,,,,,,,,High,High,High,,,,,,243.00676,22.458092,1777.101611,0.924159,2:00,-0.387929,-0.837598,-0.38463,-81.080216,-16.00553,65.553039,90.633334,-6.568086,0.993376,-0.114384,-0.010981,84.516336,-83.401583,0.114384,-0.993376,0.010981,-84.516336,83.401583,-0.114384,0.993376,0.010981,-90.633334,6.568086,-0.993376,0.114384,-0.010981,,,
96,2026-05-10,12:52:56.72,6,1,"Willitts, Josh",1000101315,Right,NJI_HIG,"Johnson, Gunnar",1000100233,Right,BOC_EAG,Undefined,3,Bottom,2,0,0,Sweeper,Curveball,BallCalled,Undefined,Undefined,Undefined,0,0,,82.03123,-0.177541,-2.27287,2406.49416,87.088574,9:00,4.92996,2.36482,5.30016,-42.20006,0.43854,-17.68099,1.24648,-1.24349,75.33267,-7.84035,-5.407941,0.469973,,,,,,,,,,,,8.20052,0.68024,-2.14491,50,4.88318,5.45794,-118.99572,-1.88088,11.70275,23.84144,-31.20332,BOC_EAG,NJI_HIG,HarringtonVillage,D1,ACC,20260510-HarringtonVillage-1,b233b210-4c90-11f1-b7d8-151fc49268df,80.20131,,,6.69856,,,,,,,b1484b88-4158-4df7-bc8c-565b9a528c8f,2026-05-10,16:52:56.72,2026-05-10T12:52:56.7285760-04:00,2026-05-10T16:52:56.7285760Z,,v3,227,471378,26835,"Campbell, Cole",1000115804,Right,NJI_HIG,1178215b-5379-493a-aa26-e9b067eeb19e,55.19952,-120.03295,11.92072,4.93548,-0.52337,-15.60166,-2.37129,4.94881,5.85137,,,,,,,,,,,,,,,,,,,,,,,,,,,,,,,,,,,,,,,,,,,,,,,,,,,High,High,High,,,,,,52.295923,55.573572,1360.50553,0.565348,7:45,-0.811873,0.444734,0.378252,-25.992499,26.475473,11.673432,118.254527,-53.10249,0.528852,-0.799711,-0.284216,70.434861,-31.927891,0.799711,-0.528852,0.284216,-70.434861,31.927891,-0.799711,0.528852,0.284216,-118.254527,53.10249,-0.528852,0.799711,-0.284216,,,
97,2026-05-10,12:53:16.27,6,2,"Willitts, Josh",1000101315,Right,NJI_HIG,"Johnson, Gunnar",1000100233,Right,BOC_EAG,Undefined,3,Bottom,2,1,0,ChangeUp,Changeup,FoulBallNotFieldable,Undefined,Undefined,Undefined,0,0,,84.72522,-0.78162,-4.113921,2004.430281,244.481627,2:15,5.06116,2.25903,5.90727,-27.95462,11.14367,20.65304,2.00419,0.15496,77.29077,-5.999374,-0.41506,0.450039,82.72209,6.80368,-47.326302,3066.555742,,,,92.06937,86.72257,-49.589105,0.828022,-11.79839,6.30634,-1.94034,50,4.98228,8.01511,-122.81342,-2.55963,-17.97619,24.87413,-22.56561,BOC_EAG,NJI_HIG,HarringtonVillage,D1,ACC,20260510-HarringtonVillage-1,bdce6de0-4c90-11f1-b7d8-151fc49268df,83.7537,4.63336,,7.43445,,,,1.64944,2.2601,-0.28136,b1484b88-4158-4df7-bc8c-565b9a528c8f,2026-05-10,16:53:16.27,2026-05-10T12:53:16.2742784-04:00,2026-05-10T16:53:16.2742784Z,GroundBall,v3,227,471378,26835,"Campbell, Cole",1000115804,Right,NJI_HIG,abc6532f-2e70-42e7-a213-6e546ea74da2,54.59273,-123.74011,12.43706,5.06198,-1.71894,-11.28281,-2.25142,8.68482,-8.9881,,1.69983,80.8289,-13.11024,,,,,,,2.31379,13.49259,-19.74223,,,,,,,-0.27632,-88.65966,5.22337,,,,,,,,,,,,,,,,,,,,,,,,,,,,,High,High,High,High,High,,,,243.868631,17.15317,1915.272693,0.95552,2:15,-0.312659,-0.861796,-0.399439,-80.422153,-11.82559,63.958384,97.599203,-10.675499,0.974061,-0.185246,-0.129954,54.949634,-76.921637,0.185246,-0.974061,0.129954,-54.949634,76.921637,-0.185246,0.974061,0.129954,-97.599203,10.675499,-0.974061,0.185246,-0.129954,73.07984,23.07568,-22.46397
98,2026-05-10,12:53:43.15,6,3,"Willitts, Josh",1000101315,Right,NJI_HIG,"Johnson, Gunnar",1000100233,Right,BOC_EAG,Undefined,3,Bottom,2,1,1,Sweeper,Curveball,BallCalled,Undefined,Undefined,StolenBase,0,0,,80.85342,1.102127,-1.736445,2436.059933,82.903569,8:45,4.92874,2.24605,5.34538,-45.29727,-0.90244,-19.91903,2.18839,-1.04318,73.1432,-7.180764,-5.27142,0.479554,,,,,,,,,,,,9.34382,-0.30512,-2.07514,50,4.99617,4.3875,-117.13382,0.65119,12.74036,25.96006,-32.59007,BOC_EAG,NJI_HIG,HarringtonVillage,D1,ACC,20260510-HarringtonVillage-1,cdd5f9b0-4c90-11f1-b7d8-151fc49268df,78.59894,,,7.71022,,,,,,,b1484b88-4158-4df7-bc8c-565b9a528c8f,2026-05-10,16:53:43.15,2026-05-10T12:53:43.1560704-04:00,2026-05-10T16:53:43.1560704Z,,v3,227,471378,26835,"Campbell, Cole",1000115804,Right,NJI_HIG,7f0d0167-fe45-4dd5-8ea2-9794743abc10,55.15201,-118.27014,12.98003,4.93644,2.07772,-16.29504,-2.25498,3.82984,6.37018,,,,,,,,,,,,,,,,,,,,,,,,,,,,,,,,,,,,,,,,,,,,,,,,,,,High,High,High,,,,,,51.632926,51.963938,1500.996179,0.616157,7:45,-0.766239,0.498159,0.405852,-41.928909,46.034447,4.007382,108.066268,-53.007688,0.572043,-0.798716,-0.1866,76.850156,-34.892796,0.798716,-0.572043,0.1866,-76.850156,34.892796,-0.798716,0.572043,0.1866,-108.066268,53.007688,-0.572043,0.798716,-0.1866,,,
99,2026-05-10,12:54:03.89,6,4,"Willitts, Josh",1000101315,Right,NJI_HIG,"Johnson, Gunnar",1000100233,Right,BOC_EAG,Undefined,3,Bottom,2,2,1,Sweeper,Slider,BallCalled,Undefined,Undefined,Undefined,0,0,,82.45431,0.695474,-3.083782,2458.995072,72.534594,8:30,4.9529,2.30892,5.53091,-46.43593,-4.0517,-17.53273,1.73433,-2.03758,74.88507,-7.779459,-6.200413,0.468569,,,,,,,,,,,,7.80532,-1.80024,-2.02912,50,4.98285,7.16165,-119.42514,-0.19618,11.07886,26.68543,-34.7293,BOC_EAG,NJI_HIG,HarringtonVillage,D1,ACC,20260510-HarringtonVillage-1,da3df090-4c90-11f1-b7d8-151fc49268df,80.44161,,,7.56924,,,,,,,b1484b88-4158-4df7-bc8c-565b9a528c8f,2026-05-10,16:54:03.89,2026-05-10T12:54:03.8985728-04:00,2026-05-10T16:54:03.8985728Z,,v3,227,471378,26835,"Campbell, Cole",1000115804,Right,NJI_HIG,c04f20a5-c70d-499e-a1bd-aff1b597fed4,54.96748,-120.53,13.34271,4.96121,1.24173,-17.36465,-2.31614,6.70295,5.53943,,,,,,,,,,,,,,,,,,,,,,,,,,,,,,,,,,,,,,,,,,,,,,,,,,,High,High,High,,,,,,46.300684,56.39616,1360.924344,0.553447,7:30,-0.806197,0.410209,0.42635,-27.378112,34.7776,15.360546,114.439963,-52.406024,0.555397,-0.792354,-0.252407,72.330564,-33.738095,0.792354,-0.555397,0.252407,-72.330564,33.738095,-0.792354,0.555397,0.252407,-114.439963,52.406024,-0.555397,0.792354,-0.252407,,,
100,2026-05-10,12:54:23.87,6,5,"Willitts, Josh",1000101315,Right,NJI_HIG,"Johnson, Gunnar",1000100233,Right,BOC_EAG,Undefined,3,Bottom,2,3,1,Fastball,Four-Seam,BallCalled,Walk,Undefined,Undefined,0,0,,92.77344,-2.353298,-3.578411,2381.892896,219.764317,1:15,4.99883,2.41406,6.22153,-16.46725,16.11906,12.42973,1.44964,0.14368,83.70212,-5.517351,-1.339013,0.410855,,,,,,,,,,,,-7.5313,9.42375,-2.15185,50,4.81409,7.86221,-134.32496,-5.99146,-13.57642,32.72148,-15.18615,BOC_EAG,NJI_HIG,HarringtonVillage,D1,ACC,20260510-HarringtonVillage-1,e614f210-4c90-11f1-b7d8-151fc49268df,91.74136,,,9.07132,,,,,,,b1484b88-4158-4df7-bc8c-565b9a528c8f,2026-05-10,16:54:23.87,2026-05-10T12:54:23.8743040-04:00,2026-05-10T16:54:23.8743040Z,,v3,227,471378,26835,"Campbell, Cole",1000115804,Right,NJI_HIG,cb7a6775-02cd-4474-ad9a-1e8d04a63a0a,54.27443,-135.3622,16.36074,4.99639,-5.51007,-7.59307,-2.4079,8.29257,-6.78821,,,,,,,,,,,,,,,,,,,,,,,,,,,,,,,,,,,,,,,,,,,,,,,,,,,High,High,High,,,,,,237.621088,29.071167,2081.814537,0.874017,2:00,-0.483503,-0.757458,-0.438728,-64.699124,-33.887471,-48.316776,177.604469,-4.789281,0.041652,-0.083491,-0.995638,4.793451,-2.387162,0.083491,-0.041652,0.995638,-4.793451,2.387162,-0.083491,0.041652,0.995638,-177.604469,4.789281,-0.041652,0.083491,-0.995638,,,
101,2026-05-10,12:54:57.38,7,1,"Willitts, Josh",1000101315,Right,NJI_HIG,"Gallo, Luke",828057,Right,BOC_EAG,Undefined,3,Bottom,2,0,0,Sinker,Sinker,InPlay,Undefined,LineDrive,Out,1,0,,93.00364,-0.63157,-4.991685,2330.281349,249.3103,2:15,5.00644,2.19672,6.23281,-24.05671,8.89394,19.99056,2.41683,-0.75406,82.56532,-5.199723,-1.397097,0.413146,83.06693,6.093491,30.590035,3990.06679,,,,124.16661,112.27007,35.306241,1.194736,-12.09217,5.2154,-1.83265,50,4.94753,10.85397,-134.35393,-2.26286,-21.46427,36.93974,-22.91641,BOC_EAG,NJI_HIG,HarringtonVillage,D1,ACC,20260510-HarringtonVillage-1,fa1afbb0-4c90-11f1-b7d8-151fc49268df,91.23278,5.60785,,10.43832,,,,-0.31118,2.31455,0.64074,b1484b88-4158-4df7-bc8c-565b9a528c8f,2026-05-10,16:54:57.38,2026-05-10T12:54:57.3855744-04:00,2026-05-10T16:54:57.3855744Z,GroundBall,v3,227,471378,26835,"Campbell, Cole",1000115804,Right,NJI_HIG,a240793c-1210-4450-8732-aa0db094bf9b,54.2623,-135.52076,18.46987,5.00757,-1.53899,-11.45821,-2.1862,11.53196,-10.73214,,-0.31118,104.28355,-19.9042,4.00527,-0.83944,0.17548,-0.03691,0.00666,-0.00069,2.31455,12.93253,-12.86162,0.36491,-0.01279,-0.00429,0.00321,-0.00067,7E-05,0.64074,61.64864,-2.04858,0.24174,-0.00435,-0.00755,0.00275,-0.00061,7E-05,,,,,,,,,,,,,,,,,,,,,,,High,High,High,High,High,,,,240.965449,27.120357,2074.069005,0.890051,2:00,-0.483146,-0.783173,-0.39142,32.572108,52.120598,6.153943,168.637472,79.026375,0.037503,0.981715,-0.186626,79.236382,2.149292,0.981715,0.037503,0.186626,-79.236382,-2.149292,-0.981715,-0.037503,0.186626,-168.637472,-79.026375,-0.037503,-0.981715,-0.186626,70.21321,-6.83306,7.90277
102,2026-05-10,12:57:11.83,1,1,"Miller, Brady",815959,Left,BOC_EAG,"Can, Dillon",1000236834,Right,NJI_HIG,Undefined,4,Top,0,0,0,Cutter,Slider,BallCalled,Undefined,Undefined,Undefined,0,0,,83.51825,0.340354,0.418408,2337.434406,205.060648,12:45,5.86205,-1.7346,5.33498,-33.21592,7.10335,2.81043,3.41339,-1.10784,77.46902,-5.729502,0.917851,0.457012,,,,,,,,,,,,-1.30925,3.83953,1.69476,50,5.86886,-1.0049,-121.42004,-0.45893,-1.98315,20.51001,-26.3582,BOC_EAG,NJI_HIG,HarringtonVillage,D1,ACC,20260510-HarringtonVillage-1,4a345ab0-4c91-11f1-b7d8-151fc49268df,82.47578,,,6.04923,,,,,,,b1484b88-4158-4df7-bc8c-565b9a528c8f,2026-05-10,16:57:11.83,2026-05-10T12:57:11.8305792-04:00,2026-05-10T16:57:11.8305792Z,,v3,227,471378,26835,"Johnson, Gunnar",1000100233,Right,BOC_EAG,1d83473d-164e-48d6-84fa-224ad0f83438,55.1641,-122.28924,10.255,5.86464,0.65811,-13.1791,1.73557,-0.92086,-0.99157,,,,,,,,,,,,,,,,,,,,,,,,,,,,,,,,,,,,,,,,,,,,,,,,,,,High,High,High,,,,,,149.287898,-62.283446,1087.135688,0.465098,11:00,0.889551,0.232274,-0.39338,56.678037,-3.729558,-59.038314,166.425665,8.194618,0.23231,0.142536,-0.962141,8.426767,13.433125,0.142536,0.23231,0.962141,-8.426767,-13.433125,-0.142536,-0.23231,0.962141,-166.425665,-8.194618,-0.23231,-0.142536,-0.962141,,,
103,2026-05-10,12:57:24.81,1,2,"Miller, Brady",815959,Left,BOC_EAG,"Can, Dillon",1000236834,Right,NJI_HIG,Undefined,4,Top,0,1,0,Sinker,Changeup,BallCalled,Undefined,Undefined,Undefined,0,0,,87.5436,-1.63534,4.897141,2157.076924,93.021929,9:00,5.59577,-1.90695,5.43711,-35.32356,2.44705,-20.53537,1.11476,0.97872,79.2721,-8.106314,1.252417,0.442332,,,,,,,,,,,,11.9267,2.11831,1.48753,50,5.42611,-9.94256,-126.50853,-4.92991,19.07702,28.94296,-28.78578,BOC_EAG,NJI_HIG,HarringtonVillage,D1,ACC,20260510-HarringtonVillage-1,51eb2590-4c91-11f1-b7d8-151fc49268df,85.21297,,,8.27149,,,,,,,b1484b88-4158-4df7-bc8c-565b9a528c8f,2026-05-10,16:57:24.81,2026-05-10T12:57:24.8193536-04:00,2026-05-10T16:57:24.8193536Z,,v3,227,471378,26835,"Johnson, Gunnar",1000100233,Right,BOC_EAG,08070ae3-2fae-48b5-89d2-2f98f3079b9a,55.0623,-127.66144,14.47148,5.59965,-3.78326,-14.39289,1.89872,-10.70247,9.53851,,,,,,,,,,,,,,,,,,,,,,,,,,,,,,,,,,,,,,,,,,,,,,,,,,,High,High,High,,,,,,112.185476,-1.943406,2155.836199,0.999425,9:45,0.039678,0.926025,-0.375372,-91.995851,26.721826,84.160337,122.005626,-84.421023,0.08244,-0.995263,-0.051526,87.036394,-4.728845,0.995263,-0.08244,0.051526,-87.036394,4.728845,-0.995263,0.08244,0.051526,-122.005626,84.421023,-0.08244,0.995263,-0.051526,,,
104,2026-05-10,12:57:39.30,1,3,"Miller, Brady",815959,Left,BOC_EAG,"Can, Dillon",1000236834,Right,NJI_HIG,Undefined,4,Top,0,2,0,ChangeUp,Changeup,StrikeCalled,Undefined,Undefined,Undefined,0,0,,83.76744,0.248631,3.128703,1705.678015,70.659015,8:15,5.54929,-1.98505,5.15147,-47.33829,-5.1463,-19.51367,1.83885,-0.66289,74.77876,-8.382848,-0.328081,0.467505,,,,,,,,,,,,10.7967,-2.1226,1.70793,50,5.53655,-5.7446,-121.07313,-1.28267,15.54828,30.20171,-35.23077,BOC_EAG,NJI_HIG,HarringtonVillage,D1,ACC,20260510-HarringtonVillage-1,5a985e60-4c91-11f1-b7d8-151fc49268df,80.62463,,,8.98868,,,,,,,b1484b88-4158-4df7-bc8c-565b9a528c8f,2026-05-10,16:57:39.30,2026-05-10T12:57:39.3013760-04:00,2026-05-10T16:57:39.3013760Z,,v3,227,471378,26835,"Johnson, Gunnar",1000100233,Right,BOC_EAG,36e5be33-6539-451c-be76-697a56709159,55.3451,-122.39921,15.10086,5.5589,0.26421,-17.61538,1.97514,-6.42728,7.77414,,,,,,,,,,,,,,,,,,,,,,,,,,,,,,,,,,,,,,,,,,,,,,,,,,,High,High,High,,,,,,106.929998,-21.035371,1592.009954,0.933359,9:30,0.377109,0.891342,-0.25159,-58.235005,59.779805,-64.506622,104.967018,-6.073747,0.960652,-0.105808,-0.256813,22.391931,-73.873672,0.105808,-0.960652,0.256813,-22.391931,73.873672,-0.105808,0.960652,0.256813,-104.967018,6.073747,-0.960652,0.105808,-0.256813,,,
105,2026-05-10,12:57:54.35,1,4,"Miller, Brady",815959,Left,BOC_EAG,"Can, Dillon",1000236834,Right,NJI_HIG,Undefined,4,Top,0,2,1,Sinker,Changeup,StrikeCalled,Undefined,Undefined,Undefined,0,0,,87.00713,-0.395959,4.201099,2033.21872,98.722283,9:15,5.61382,-1.89838,5.21074,-33.49242,5.03236,-23.62926,2.44943,0.09018,78.46027,-6.547058,0.021967,0.446726,,,,,,,,,,,,13.02339,3.06917,1.52765,50,5.55234,-8.15244,-125.80825,-2.13549,20.58632,28.79345,-27.32256,BOC_EAG,NJI_HIG,HarringtonVillage,D1,ACC,20260510-HarringtonVillage-1,63919450-4c91-11f1-b7d8-151fc49268df,84.37481,,,8.54686,,,,,,,b1484b88-4158-4df7-bc8c-565b9a528c8f,2026-05-10,16:57:54.35,2026-05-10T12:57:54.3596032-04:00,2026-05-10T16:57:54.3596032Z,,v3,227,471378,26835,"Johnson, Gunnar",1000100233,Right,BOC_EAG,589cebe0-df1d-4cc4-b80e-43cfee78ea2d,55.28676,-127.01245,14.39673,5.61775,-0.9928,-13.66128,1.88661,-9.0134,10.29316,,,,,,,,,,,,,,,,,,,,,,,,,,,,,,,,,,,,,,,,,,,,,,,,,,,High,High,High,,,,,,109.808722,-6.842035,2018.738895,0.992878,9:45,0.13702,0.93493,-0.327309,-53.548873,67.25946,-56.486717,92.64029,1.708674,0.998494,0.029818,-0.046045,32.92609,86.85538,0.029818,0.998494,0.046045,-32.92609,-86.85538,-0.029818,-0.998494,0.046045,-92.64029,-1.708674,-0.998494,-0.029818,-0.046045,,,
106,2026-05-10,12:58:10.55,1,5,"Miller, Brady",815959,Left,BOC_EAG,"Can, Dillon",1000236834,Right,NJI_HIG,Undefined,4,Top,0,2,2,Sinker,Changeup,FoulBallNotFieldable,Undefined,Undefined,Undefined,0,0,,87.08969,-1.004819,5.112788,2084.513805,103.664724,9:30,5.59901,-1.99569,5.39905,-31.81411,6.38166,-20.58233,2.00238,1.09297,78.71712,-6.865071,1.467602,0.444815,88.59191,-6.68511,-73.438853,,,,,18.90663,14.61255,-66.932948,0.129303,11.99162,3.89729,1.55397,50,5.48689,-10.36055,-125.83421,-3.36488,18.99708,28.38587,-25.99998,BOC_EAG,NJI_HIG,HarringtonVillage,D1,ACC,20260510-HarringtonVillage-1,6d384850-4c91-11f1-b7d8-151fc49268df,84.73741,1.95857,,8.37258,,,,2.64477,1.95857,-1.37817,b1484b88-4158-4df7-bc8c-565b9a528c8f,2026-05-10,16:58:10.55,2026-05-10T12:58:10.5504768-04:00,2026-05-10T16:58:10.5504768Z,GroundBall,v3,227,471378,26835,"Johnson, Gunnar",1000100233,Right,BOC_EAG,23fbfcff-2fd4-4fa4-baea-86266b574282,55.10005,-126.97947,14.19294,5.60149,-2.31587,-12.99999,1.98744,-11.12702,9.49854,180,2.6437,36.83596,,,,,,,,1.95901,-15.14717,,,,,,,,-1.37457,-123.87051,,,,,,,,,,,,,,,,,,,,,,,,,,,,,,High,High,High,Low,Low,,,,112.714988,-3.652435,2080.279839,0.997969,9:45,0.081704,0.921539,-0.379592,-95.618372,26.084435,82.735676,112.521819,-85.734395,0.068707,-0.99723,-0.02849,88.363543,-3.939749,0.99723,-0.068707,0.02849,-88.363543,3.939749,-0.99723,0.068707,0.02849,-112.521819,85.734395,-0.068707,0.99723,-0.02849,72.9931,19.99258,-34.56369
107,2026-05-10,12:58:32.98,1,6,"Miller, Brady",815959,Left,BOC_EAG,"Can, Dillon",1000236834,Right,NJI_HIG,Undefined,4,Top,0,2,2,ChangeUp,Changeup,FoulBallNotFieldable,Undefined,Undefined,Undefined,0,0,,85.41217,-1.736498,4.413162,2033.579707,103.504219,9:30,5.58365,-2.1274,5.57094,-34.35518,5.0404,-15.15572,1.09338,0.74003,77.50023,-8.055109,1.715556,0.451747,97.54128,3.751109,-55.771479,5629.459195,,,,83.64077,82.74236,-57.743334,0.629108,9.11099,3.46646,1.75698,50,5.41105,-8.90467,-123.5287,-4.95152,13.90748,27.3887,-26.88265,BOC_EAG,NJI_HIG,HarringtonVillage,D1,ACC,20260510-HarringtonVillage-1,7a94d860-4c91-11f1-b7d8-151fc49268df,83.43708,2.71792,,7.91194,,,,3.17673,1.60771,-0.92518,b1484b88-4158-4df7-bc8c-565b9a528c8f,2026-05-10,16:58:32.98,2026-05-10T12:58:32.9885696-04:00,2026-05-10T16:58:32.9885696Z,GroundBall,v3,227,471378,26835,"Johnson, Gunnar",1000100233,Right,BOC_EAG,98b86d42-69dd-4047-97f4-38791c6896cf,54.92813,-124.61657,13.69435,5.58652,-3.88375,-13.44133,2.12164,-9.45707,6.95374,,3.17673,80.29832,-26.59457,6.86078,-1.72034,0.39352,-0.08965,0.01906,-0.00275,1.60771,9.35935,-20.26667,2.38401,-0.50091,0.11811,-0.02698,0.00617,-0.00095,-0.92518,-118.02896,11.41122,-0.06631,-0.45719,0.21935,-0.07279,0.01979,-0.00333,,,,,,,,,,,,,,,,,,,,,,,High,High,High,Medium,High,,,,106.560216,2.351467,2031.867317,0.999158,9:30,-0.047911,0.95603,-0.289327,82.748563,-25.924041,-84.510718,91.347948,-9.333925,0.986487,-0.162188,-0.023213,81.855089,-80.5701,0.162188,-0.986487,0.023213,-81.855089,80.5701,-0.162188,0.986487,0.023213,-91.347948,9.333925,-0.986487,0.162188,-0.023213,76.7444,19.95155,-28.5123
108,2026-05-10,12:58:51.33,1,7,"Miller, Brady",815959,Left,BOC_EAG,"Can, Dillon",1000236834,Right,NJI_HIG,Undefined,4,Top,0,2,2,ChangeUp,Changeup,InPlay,Undefined,GroundBall,Out,1,0,,82.37727,0.898487,2.539113,1743.023957,68.832211,8:15,5.47313,-2.08411,5.33678,-46.31601,-4.06528,-14.06304,2.45729,-0.87236,75.22885,-7.534428,0.040035,0.46783,71.20164,-53.587028,-66.663127,,,,,3.43565,3.43565,-15.036919,0.030895,7.84823,-1.96162,1.86556,50,5.52061,-4.7201,-119.48626,0.20215,11.28536,24.1746,-34.99472,BOC_EAG,NJI_HIG,HarringtonVillage,D1,ACC,20260510-HarringtonVillage-1,85910a40-4c91-11f1-b7d8-151fc49268df,80.5686,2.6061,,7.14841,,,,2.55652,2.6061,0.87368,b1484b88-4158-4df7-bc8c-565b9a528c8f,2026-05-10,16:58:51.33,2026-05-10T12:58:51.3371648-04:00,2026-05-10T16:58:51.3371648Z,GroundBall,v3,227,471378,26835,"Johnson, Gunnar",1000100233,Right,BOC_EAG,0d816b80-e407-4900-98c5-930c548a691d,55.16417,-120.52655,12.0873,5.47951,1.70806,-17.49736,2.07913,-5.20573,5.64268,,2.55606,24.64746,,,,,,,,2.60765,-84.35265,,,,,,,,0.87474,-57.12953,,,,,,,,,,,,,,,,,,,,,,,,,,,,,,High,High,High,Estimated,Estimated,,,,85.265642,-9.212739,1720.540154,0.987101,8:45,0.171725,0.981101,0.089167,-85.36649,20.867367,84.925966,93.105109,-26.244969,0.895595,-0.44221,-0.048584,83.730296,-63.584928,0.44221,-0.895595,0.048584,-83.730296,63.584928,-0.44221,0.895595,0.048584,-93.105109,26.244969,-0.895595,0.44221,-0.048584,70.36556,7.01863,-6.49675
109,2026-05-10,12:59:26.74,2,1,"Miller, Brady",815959,Left,BOC_EAG,"Vega, Nicholas",10305587,Right,NJI_HIG,Undefined,4,Top,1,0,0,ChangeUp,Changeup,StrikeCalled,Undefined,Undefined,Undefined,0,0,,85.04827,0.412483,3.181147,1952.934448,93.771475,9:15,5.60973,-2.02148,5.30365,-37.11833,2.41811,-17.73147,2.90436,-0.50975,77.82873,-6.368355,0.036137,0.452554,,,,,,,,,,,,9.77052,1.46421,1.74578,50,5.6202,-6.08937,-123.33341,-0.47952,15.05441,24.45187,-29.91801,BOC_EAG,NJI_HIG,HarringtonVillage,D1,ACC,20260510-HarringtonVillage-1,9a9fd150-4c91-11f1-b7d8-151fc49268df,83.28831,,,7.21954,,,,,,,b1484b88-4158-4df7-bc8c-565b9a528c8f,2026-05-10,16:59:26.74,2026-05-10T12:59:26.7438592-04:00,2026-05-10T16:59:26.7438592Z,,v3,227,471378,26835,"Johnson, Gunnar",1000100233,Right,BOC_EAG,4d2cca0a-bdb9-4600-a95d-d08d0625965a,55.19642,-124.35937,12.22594,5.61399,0.77579,-14.95901,2.01454,-6.72104,7.5272,,,,,,,,,,,,,,,,,,,,,,,,,,,,,,,,,,,,,,,,,,,,,,,,,,,High,High,High,,,,,,112.951636,-12.596996,1905.923793,0.975928,9:45,0.245329,0.897075,-0.367519,-99.212961,22.404769,78.725483,93.817469,-0.175505,0.997777,-0.003063,-0.066578,2.634234,-86.178505,0.003063,-0.997777,0.066578,-2.634234,86.178505,-0.003063,0.997777,0.066578,-93.817469,0.175505,-0.997777,0.003063,-0.066578,,,
110,2026-05-10,12:59:40.46,2,2,"Miller, Brady",815959,Left,BOC_EAG,"Vega, Nicholas",10305587,Right,NJI_HIG,Undefined,4,Top,1,0,1,Cutter,Slider,BallCalled,Undefined,Undefined,Undefined,0,0,,81.54811,0.548373,0.822839,2499.989972,217.439182,1:15,5.77435,-1.94648,5.24947,-36.87234,5.86174,3.53055,3.21702,-0.879,75.18172,-6.183675,1.449163,0.470499,,,,,,,,,,,,-1.5524,3.18036,1.86826,50,5.79734,-1.84794,-118.44363,-0.16655,-2.22103,21.1119,-27.62389,BOC_EAG,NJI_HIG,HarringtonVillage,D1,ACC,20260510-HarringtonVillage-1,a2ceb260-4c91-11f1-b7d8-151fc49268df,80.11164,,,6.36639,,,,,,,b1484b88-4158-4df7-bc8c-565b9a528c8f,2026-05-10,16:59:40.46,2026-05-10T12:59:40.4610048-04:00,2026-05-10T16:59:40.4610048Z,,v3,227,471378,26835,"Johnson, Gunnar",1000100233,Right,BOC_EAG,998b52b7-187c-4129-8198-6441db70d5e3,55.24914,-119.37559,10.55595,5.77778,1.05288,-13.81195,1.94768,-1.7499,-1.11052,,,,,,,,,,,,,,,,,,,,,,,,,,,,,,,,,,,,,,,,,,,,,,,,,,,High,High,High,,,,,,155.77196,-71.772275,781.98329,0.312795,11:15,0.955004,0.119265,-0.271557,62.52376,-17.14395,-57.97377,162.07091,3.825323,0.307154,0.066715,-0.949319,4.019944,17.887793,0.066715,0.307154,0.949319,-4.019944,-17.887793,-0.066715,-0.307154,0.949319,-162.07091,-3.825323,-0.307154,-0.066715,-0.949319,,,
111,2026-05-10,12:59:57.07,2,3,"Miller, Brady",815959,Left,BOC_EAG,"Vega, Nicholas",10305587,Right,NJI_HIG,Undefined,4,Top,1,1,1,ChangeUp,Changeup,StrikeSwinging,Undefined,Undefined,Undefined,0,0,,84.62557,0.027914,2.359837,2089.72597,92.904659,9:00,5.62437,-1.88088,5.22477,-37.94935,2.26083,-18.35792,2.48819,-1.19092,77.17018,-6.900496,-0.8959,0.456393,,,,,,,,,,,,9.83264,1.52906,1.67746,50,5.59867,-4.25201,-122.71485,-1.35233,14.91736,25.43635,-29.85426,BOC_EAG,NJI_HIG,HarringtonVillage,D1,ACC,20260510-HarringtonVillage-1,acb332b0-4c91-11f1-b7d8-151fc49268df,82.58763,,,7.45539,,,,,,,b1484b88-4158-4df7-bc8c-565b9a528c8f,2026-05-10,16:59:57.07,2026-05-10T12:59:57.0797056-04:00,2026-05-10T16:59:57.0797056Z,,v3,227,471378,26835,"Johnson, Gunnar",1000100233,Right,BOC_EAG,3d16dff8-29b9-4828-8bea-0cc5a5749386,55.27418,-123.80326,12.71818,5.62921,-0.07489,-14.92713,1.87305,-4.89032,7.45868,,,,,,,,,,,,,,,,,,,,,,,,,,,,,,,,,,,,,,,,,,,,,,,,,,,High,High,High,,,,,,107.163257,-7.662438,2071.06644,0.991071,9:30,0.145726,0.946871,-0.286703,-95.076398,22.780429,83.105222,92.319478,-5.931357,0.993831,-0.103337,-0.040255,68.71664,-83.63276,0.103337,-0.993831,0.040255,-68.71664,83.63276,-0.103337,0.993831,0.040255,-92.319478,5.931357,-0.993831,0.103337,-0.040255,,,
112,2026-05-10,13:00:11.10,2,4,"Miller, Brady",815959,Left,BOC_EAG,"Vega, Nicholas",10305587,Right,NJI_HIG,Undefined,4,Top,1,1,2,ChangeUp,Changeup,FoulBallNotFieldable,Undefined,Undefined,Undefined,0,0,,82.64332,0.100325,3.57911,1909.741294,74.576721,8:30,5.45326,-2.00179,5.24772,-45.32916,-3.05732,-16.22387,1.77029,0.01397,75.37597,-8.136161,0.703256,0.467947,,,,,,,,,,,,9.26658,-1.23461,1.68575,50,5.42839,-6.81735,-119.73455,-1.44195,13.35239,24.72276,-33.95299,BOC_EAG,NJI_HIG,HarringtonVillage,D1,ACC,20260510-HarringtonVillage-1,b50c3100-4c91-11f1-b7d8-151fc49268df,80.54847,,,7.26736,,,,,,,b1484b88-4158-4df7-bc8c-565b9a528c8f,2026-05-10,17:00:11.10,2026-05-10T13:00:11.1069184-04:00,2026-05-10T17:00:11.1069184Z,,v3,227,471378,26835,"Johnson, Gunnar",1000100233,Right,BOC_EAG,4c8a25cd-53e8-4c80-b796-0ad8095b596b,55.25337,-120.8144,12.36138,5.45898,0.04106,-16.9765,1.99626,-7.40056,6.67619,,,,,,,,,,,,,,,,,,,,,,,,,,,,,,,,,,,,,,,,,,,,,,,,,,,High,High,High,,,,,,88.646265,-1.636217,1908.962627,0.999592,9:00,0.02877,0.999262,0.025461,82.508306,-26.371721,-87.229067,91.029272,-28.139088,0.881663,-0.471614,-0.01584,88.076332,-61.843632,0.471614,-0.881663,0.01584,-88.076332,61.843632,-0.471614,0.881663,0.01584,-91.029272,28.139088,-0.881663,0.471614,-0.01584,,,
113,2026-05-10,13:00:33.97,2,5,"Miller, Brady",815959,Left,BOC_EAG,"Vega, Nicholas",10305587,Right,NJI_HIG,Undefined,4,Top,1,1,2,ChangeUp,Changeup,BallCalled,Undefined,Undefined,Undefined,0,0,,85.59032,-0.225893,1.789946,1658.495482,98.956965,9:15,5.49986,-1.93421,5.52362,-34.83797,3.76732,-16.30958,2.38541,-1.61937,78.53292,-6.617458,-1.119402,0.447193,,,,,,,,,,,,8.71213,2.33949,1.7896,50,5.45698,-3.18962,-124.28854,-1.73862,13.64329,24.64551,-28.5104,BOC_EAG,NJI_HIG,HarringtonVillage,D1,ACC,20260510-HarringtonVillage-1,c2b1ff10-4c91-11f1-b7d8-151fc49268df,84.28675,,,7.0574,,,,,,,b1484b88-4158-4df7-bc8c-565b9a528c8f,2026-05-10,17:00:33.97,2026-05-10T13:00:33.9708416-04:00,2026-05-10T17:00:33.9708416Z,,v3,227,471378,26835,"Johnson, Gunnar",1000100233,Right,BOC_EAG,501a0dd9-f1b1-4cff-ad63-518836517f92,54.97579,-125.27132,12.32276,5.50364,-0.60173,-14.2552,1.92764,-3.73367,6.82164,,,,,,,,,,,,,,,,,,,,,,,,,,,,,,,,,,,,,,,,,,,,,,,,,,,High,High,High,,,,,,103.285545,-9.888351,1633.857306,0.985144,9:30,0.174937,0.959448,-0.221034,-60.236817,67.312806,-66.840758,93.030427,-6.315132,0.992542,-0.109997,-0.052545,64.466195,-82.998061,0.109997,-0.992542,0.052545,-64.466195,82.998061,-0.109997,0.992542,0.052545,-93.030427,6.315132,-0.992542,0.109997,-0.052545,,,
114,2026-05-10,13:00:49.41,2,6,"Miller, Brady",815959,Left,BOC_EAG,"Vega, Nicholas",10305587,Right,NJI_HIG,Undefined,4,Top,1,2,2,Sinker,Sinker,StrikeSwinging,Strikeout,Undefined,Undefined,0,0,,90.86396,-1.123776,2.389044,2318.095602,102.902259,9:30,5.67979,-1.80026,5.36933,-28.30628,6.24406,-22.4521,2.26624,-1.43001,83.12852,-6.321083,-1.603214,0.423056,,,,,,,,,,,,11.92993,3.78488,1.60237,50,5.55897,-4.46763,-131.83804,-3.66785,20.98,28.24076,-25.51795,BOC_EAG,NJI_HIG,HarringtonVillage,D1,ACC,20260510-HarringtonVillage-1,cbe0c3f0-4c91-11f1-b7d8-151fc49268df,89.09568,,,7.73544,,,,,,,b1484b88-4158-4df7-bc8c-565b9a528c8f,2026-05-10,17:00:49.41,2026-05-10T13:00:49.4120000-04:00,2026-05-10T17:00:49.4120000Z,,v3,227,471378,26835,"Johnson, Gunnar",1000100233,Right,BOC_EAG,90a30415-50c8-432f-8338-87e6f0376637,55.13069,-132.93253,14.12038,5.68196,-2.67889,-12.75898,1.79127,-5.28072,10.49,,,,,,,,,,,,,,,,,,,,,,,,,,,,,46.93748,,,1.556201,,,,-5.30116,4.78818,3.46466,72.91519,4.75841,51.87417,-5.24339,54.9893,-3.09198,4.86356,24.09991,-15.57844,3.46639,32.22912,-0.72136,High,High,High,,,High,High,High,117.034522,-5.030587,2309.166364,0.996148,10:00,0.089081,0.888851,-0.449454,-64.803282,59.13282,-66.279817,90.864038,-0.769182,0.999796,-0.013424,-0.015078,41.67885,-88.843212,0.013424,-0.999796,0.015078,-41.67885,88.843212,-0.013424,0.999796,0.015078,-90.864038,0.769182,-0.999796,0.013424,-0.015078,,,
115,2026-05-10,13:01:22.92,3,1,"Miller, Brady",815959,Left,BOC_EAG,"O'Connor, Sheehan",1000132277,Right,NJI_HIG,Undefined,4,Top,2,0,0,ChangeUp,Changeup,StrikeSwinging,Undefined,Undefined,Undefined,0,0,,86.08411,0.248529,3.050269,2008.952848,98.511255,9:15,5.61871,-2.05152,5.42414,-34.60856,4.09327,-18.55733,2.96778,-0.73826,78.1635,-6.116533,-0.249109,0.447751,,,,,,,,,,,,10.1854,2.39788,1.79379,50,5.61701,-5.82845,-124.75076,-0.721,15.93208,26.83348,-28.42326,BOC_EAG,NJI_HIG,HarringtonVillage,D1,ACC,20260510-HarringtonVillage-1,dfe6f4a0-4c91-11f1-b7d8-151fc49268df,84.18161,,,7.92061,,,,,,,b1484b88-4158-4df7-bc8c-565b9a528c8f,2026-05-10,17:01:22.92,2026-05-10T13:01:22.9235200-04:00,2026-05-10T17:01:22.9235200Z,,v3,227,471378,26835,"Johnson, Gunnar",1000100233,Right,BOC_EAG,bc5942cb-9e74-461b-b77d-a76dd6481f25,55.07378,-125.83738,13.41674,5.6229,0.43,-14.21163,2.04288,-6.47362,7.96604,,,,,,,,,,,,,,,,,,,,,,,,,,,,,,,,,,,,,,,,,,,,,,,,,,,High,High,High,,,,,,112.294903,-7.675883,1990.951647,0.99104,9:45,0.157357,0.916365,-0.368123,-90.240587,26.824048,78.430507,107.876599,-84.530439,0.090715,-0.995447,-0.029259,88.316386,-5.204742,0.995447,-0.090715,0.029259,-88.316386,5.204742,-0.995447,0.090715,0.029259,-107.876599,84.530439,-0.090715,0.995447,-0.029259,,,
116,2026-05-10,13:01:43.25,3,2,"Miller, Brady",815959,Left,BOC_EAG,"O'Connor, Sheehan",1000132277,Right,NJI_HIG,Undefined,4,Top,2,0,1,ChangeUp,Changeup,BallCalled,Undefined,Undefined,Undefined,0,0,,84.16708,1.680297,0.368828,1520.111378,107.85558,9:30,5.59727,-2.19457,5.44514,-34.94171,5.37055,-12.57426,4.25917,-2.8971,76.51019,-4.76249,-1.86897,0.456973,,,,,,,,,,,,6.3741,2.64099,2.17064,50,5.72203,-0.24017,-122.083,2.34423,9.57053,25.18533,-28.20869,BOC_EAG,NJI_HIG,HarringtonVillage,D1,ACC,20260510-HarringtonVillage-1,ec0c1620-4c91-11f1-b7d8-151fc49268df,82.48293,,,7.65689,,,,,,,b1484b88-4158-4df7-bc8c-565b9a528c8f,2026-05-10,17:01:43.25,2026-05-10T13:01:43.2525824-04:00,2026-05-10T17:01:43.2525824Z,,v3,227,471378,26835,"Johnson, Gunnar",1000100233,Right,BOC_EAG,187fa13f-0a56-441f-a3e0-f126a9123ccc,55.05129,-123.12065,12.59267,5.60151,3.50644,-14.10434,2.18866,-0.63448,4.78527,,,,,,,,,,,,,,,,,,,,,,,,,,,,,,,,,,,,,,,,,,,,,,,,,,,High,High,High,,,,,,105.261937,-0.218048,1520.10037,0.999993,9:30,0.033786,0.964199,-0.263018,-91.671976,27.914725,83.316528,108.29055,-76.591218,0.220181,-0.97274,-0.072778,85.721269,-12.71966,0.97274,-0.220181,0.072778,-85.721269,12.71966,-0.97274,0.220181,0.072778,-108.29055,76.591218,-0.220181,0.97274,-0.072778,,,
117,2026-05-10,13:02:00.51,3,3,"Miller, Brady",815959,Left,BOC_EAG,"O'Connor, Sheehan",1000132277,Right,NJI_HIG,Undefined,4,Top,2,1,1,Sinker,Sinker,BallCalled,Undefined,Undefined,Undefined,0,0,,90.14374,1.059628,2.045355,2249.455287,108.724773,9:30,5.79046,-1.9532,5.35745,-27.22458,7.96339,-20.13922,4.51621,-1.71251,82.00946,-3.971866,-1.531591,0.426942,,,,,,,,,,,,10.60201,4.04429,1.78382,50,5.86663,-3.72869,-130.75475,1.40113,18.30615,28.24868,-25.19094,BOC_EAG,NJI_HIG,HarringtonVillage,D1,ACC,20260510-HarringtonVillage-1,f64e94f0-4c91-11f1-b7d8-151fc49268df,88.28475,,,8.13427,,,,,,,b1484b88-4158-4df7-bc8c-565b9a528c8f,2026-05-10,17:02:00.51,2026-05-10T13:02:00.5118464-04:00,2026-05-10T17:02:00.5118464Z,,v3,227,471378,26835,"Johnson, Gunnar",1000100233,Right,BOC_EAG,bc2a8a16-2b19-4cbb-b283-2435342d4f28,55.14053,-131.86065,14.12434,5.79247,2.38732,-12.59547,1.94382,-4.44535,9.15307,,,,,,,,,,,,,,,,,,,,,,,,,,,,,,,,,,,,,,,,,,,,,,,,,,,High,High,High,,,,,,114.1648,0.802781,2249.234491,0.999902,9:45,0.01747,0.912385,-0.408959,-94.381253,29.822524,86.297219,108.446536,-83.874898,0.101217,-0.994291,-0.033762,88.055228,-5.809278,0.994291,-0.101217,0.033762,-88.055228,5.809278,-0.994291,0.101217,0.033762,-108.446536,83.874898,-0.101217,0.994291,-0.033762,,,
118,2026-05-10,13:02:20.30,3,4,"Miller, Brady",815959,Left,BOC_EAG,"O'Connor, Sheehan",1000132277,Right,NJI_HIG,Undefined,4,Top,2,2,1,Slider,Curveball,BallCalled,Undefined,Undefined,Undefined,0,0,,75.29578,2.4966,-2.645765,2573.950963,288.037995,3:30,5.65755,-2.03074,5.10952,-55.75621,-4.89933,19.94462,3.36733,-2.86313,69.00058,-7.604532,0.880568,0.51327,,,,,,,,,,,,-10.59426,-2.5991,2.26399,50,5.84953,4.25044,-109.14609,2.83818,-12.77843,19.23046,-35.30898,BOC_EAG,NJI_HIG,HarringtonVillage,D1,ACC,20260510-HarringtonVillage-1,02173e90-4c92-11f1-b7d8-151fc49268df,73.43583,,,6.29519,,,,,,,b1484b88-4158-4df7-bc8c-565b9a528c8f,2026-05-10,17:02:20.30,2026-05-10T13:02:20.3056640-04:00,2026-05-10T17:02:20.3056640Z,,v3,227,471378,26835,"Johnson, Gunnar",1000100233,Right,BOC_EAG,7eb51381-c139-49d4-a839-4a8f50f92422,55.39201,-110.092,9.61523,5.6672,4.57498,-17.65449,2.03946,4.879,-6.38921,,,,,,,,,,,,,,,,,,,,,,,,,,,,,,,,,,,,,,,,,,,,,,,,,,,High,High,High,,,,,,276.855831,-64.254333,1118.065473,0.434377,3:15,0.882544,-0.470098,0.011125,69.155035,10.429841,-29.018285,105.881411,78.908695,0.18503,0.981322,-0.052642,86.92935,10.662893,0.981322,0.18503,0.052642,-86.92935,-10.662893,-0.981322,-0.18503,0.052642,-105.881411,-78.908695,-0.18503,-0.981322,-0.052642,,,
119,2026-05-10,13:02:37.77,3,5,"Miller, Brady",815959,Left,BOC_EAG,"O'Connor, Sheehan",1000132277,Right,NJI_HIG,Undefined,4,Top,2,3,1,ChangeUp,Changeup,BallCalled,Walk,Undefined,Undefined,0,0,,84.70968,-0.132481,4.756404,1960.771454,99.394251,9:15,5.65687,-1.91561,5.38821,-35.68089,4.34225,-18.18753,2.55887,1.03706,77.17794,-6.671843,1.534491,0.455331,,,,,,,,,,,,10.46134,2.63205,1.50288,50,5.62003,-9.41116,-122.56076,-1.5704,15.86062,24.9557,-28.18354,BOC_EAG,NJI_HIG,HarringtonVillage,D1,ACC,20260510-HarringtonVillage-1,0c7c3980-4c92-11f1-b7d8-151fc49268df,82.78033,,,7.53173,,,,,,,b1484b88-4158-4df7-bc8c-565b9a528c8f,2026-05-10,17:02:37.77,2026-05-10T13:02:37.7738752-04:00,2026-05-10T17:02:37.7738752Z,,v3,227,471378,26835,"Johnson, Gunnar",1000100233,Right,BOC_EAG,2631a6a2-5ab6-4555-9367-035e3ce374f1,55.11046,-123.59697,12.47785,5.66094,-0.40017,-14.09177,1.90732,-10.06972,7.93031,,,,,,,,,,,,,,,,,,,,,,,,,,,,,,,,,,,,,,,,,,,,,,,,,,,High,High,High,,,,,,112.071206,-2.374658,1959.087649,0.999141,9:45,0.070288,0.926015,-0.370885,-94.214989,26.124734,79.715977,138.514412,-83.038491,0.080288,-0.992628,-0.090796,84.773706,-4.605143,0.992628,-0.080288,0.090796,-84.773706,4.605143,-0.992628,0.080288,0.090796,-138.514412,83.038491,-0.080288,0.992628,-0.090796,,,
120,2026-05-10,13:03:12.39,4,1,"Miller, Brady",815959,Left,BOC_EAG,"Sallie, Ty",1000121067,Right,NJI_HIG,Undefined,4,Top,2,0,0,ChangeUp,Changeup,StrikeCalled,Undefined,Undefined,Undefined,0,0,,84.33547,0.625934,1.925997,1815.712037,89.743703,9:00,5.60539,-1.83955,5.20392,-38.99656,1.14319,-14.36091,2.94471,-1.22424,77.54286,-6.469822,-0.61971,0.455994,,,,,,,,,,,,7.66308,0.78626,1.67245,50,5.6339,-3.49257,-122.43457,-0.12222,11.68412,23.15662,-30.97519,BOC_EAG,NJI_HIG,HarringtonVillage,D1,ACC,20260510-HarringtonVillage-1,21270ea0-4c92-11f1-b7d8-151fc49268df,82.66002,,,6.79261,,,,,,,b1484b88-4158-4df7-bc8c-565b9a528c8f,2026-05-10,17:03:12.39,2026-05-10T13:03:12.3992576-04:00,2026-05-10T17:03:12.3992576Z,,v3,227,471378,26835,"Johnson, Gunnar",1000100233,Right,BOC_EAG,cade17f0-c532-40cc-8533-658338328e68,55.2959,-123.43215,11.57831,5.61043,1.21217,-15.4876,1.83375,-3.99592,5.84206,,,,,,,,,,,,,,,,,,,,,,,,,,,,,,,,,,,,,,,,,,,,,,,,,,,High,High,High,,,,,,109.866484,-12.432454,1773.134477,0.97655,9:45,0.236335,0.916026,-0.324101,-99.192809,25.515833,81.08335,96.253863,-5.55822,0.989375,-0.096857,-0.108422,41.7756,-81.640469,0.096857,-0.989375,0.108422,-41.7756,81.640469,-0.096857,0.989375,0.108422,-96.253863,5.55822,-0.989375,0.096857,-0.108422,,,
121,2026-05-10,13:03:28.83,4,2,"Miller, Brady",815959,Left,BOC_EAG,"Sallie, Ty",1000121067,Right,NJI_HIG,Undefined,4,Top,2,0,1,Cutter,Slider,FoulBallNotFieldable,Undefined,Undefined,Undefined,0,0,,83.49853,-1.299846,1.861776,2480.914044,185.141419,12:15,5.94461,-1.56379,5.43367,-30.41384,9.89611,0.78921,2.192,0.2461,77.49398,-6.866178,2.002216,0.456959,,,,,,,,,,,,0.05091,5.63366,1.39831,50,5.80824,-3.9752,-121.32398,-3.79419,0.07676,21.06614,-23.6762,BOC_EAG,NJI_HIG,HarringtonVillage,D1,ACC,20260510-HarringtonVillage-1,2ae912d0-4c92-11f1-b7d8-151fc49268df,82.48536,,,6.00456,,,,,,,b1484b88-4158-4df7-bc8c-565b9a528c8f,2026-05-10,17:03:28.83,2026-05-10T13:03:28.8316928-04:00,2026-05-10T17:03:28.8316928Z,,v3,227,471378,26835,"Johnson, Gunnar",1000100233,Right,BOC_EAG,e407281f-e7b5-479f-a8af-de6da4cf602a,55.06727,-122.20067,10.53307,5.94563,-2.80887,-11.8381,1.56381,-3.9784,0.03838,,,,,,,,,,,,,,,,,,,,,,,,,,,,,,,,,,,,,,,,,,,,,,,,,,,High,High,High,,,,,,142.245229,-60.048603,1238.634025,0.499265,10:45,0.871663,0.325268,-0.366613,61.537162,3.732708,-58.644604,168.385379,7.098958,0.199785,0.123583,-0.972015,7.245794,11.52436,0.123583,0.199785,0.972015,-7.245794,-11.52436,-0.123583,-0.199785,0.972015,-168.385379,-7.098958,-0.199785,-0.123583,-0.972015,,,
122,2026-05-10,13:03:54.16,4,3,"Miller, Brady",815959,Left,BOC_EAG,"Sallie, Ty",1000121067,Right,NJI_HIG,Undefined,4,Top,2,0,2,ChangeUp,Changeup,FoulBallNotFieldable,Undefined,Undefined,Undefined,0,0,,85.49442,-1.187399,3.971971,2089.929299,108.819686,9:45,5.71523,-1.85254,5.39723,-32.34206,6.93902,-16.47343,1.90449,0.50283,77.90023,-7.129521,1.047994,0.45109,70.54068,11.508362,169.729928,1624.746052,,,,83.35485,46.83288,168.764816,0.905962,9.2702,4.28736,1.50889,50,5.58693,-7.84507,-123.72868,-3.73927,14.31459,25.58268,-25.55374,BOC_EAG,NJI_HIG,HarringtonVillage,D1,ACC,20260510-HarringtonVillage-1,3a1b2630-4c92-11f1-b7d8-151fc49268df,83.55858,6.07783,,7.59419,,,,2.6711,2.11212,-0.3609,b1484b88-4158-4df7-bc8c-565b9a528c8f,2026-05-10,17:03:54.16,2026-05-10T13:03:54.1676032-04:00,2026-05-10T17:03:54.1676032Z,GroundBall,v3,227,471378,26835,"Johnson, Gunnar",1000100233,Right,BOC_EAG,391b2b83-b771-41d8-9946-dffd411f332d,55.0981,-124.77833,12.79134,5.71885,-2.6908,-12.77687,1.84282,-8.43239,7.15729,6.311391,2.6711,-99.75532,7.90922,-0.82949,0.30913,-0.60213,0.73646,-0.45863,0.11661,2.11212,20.64138,-28.15498,3.77227,-1.53443,2.34113,-3.01617,2.01227,-0.53781,-0.36091,18.07469,0.89396,-0.9425,1.33358,-3.4557,4.73047,-3.19671,0.85907,,,,,,,,,,,,,,,,,,,,,,,High,High,High,Low,Medium,,,,115.866411,-4.935546,2082.180075,0.996292,9:45,0.097385,0.898068,-0.428941,-86.876465,30.531502,88.366109,93.862315,-5.281661,0.993493,-0.092052,-0.067073,53.921256,-83.460036,0.092052,-0.993493,0.067073,-53.921256,83.460036,-0.092052,0.993493,0.067073,-93.862315,5.281661,-0.993493,0.092052,-0.067073,59.86661,26.19843,-25.1806
123,2026-05-10,13:04:32.24,4,4,"Miller, Brady",815959,Left,BOC_EAG,"Sallie, Ty",1000121067,Right,NJI_HIG,Undefined,4,Top,2,0,2,Fastball,Four-Seam,BallCalled,Undefined,Undefined,Undefined,0,0,,88.68362,-1.69881,1.268033,2426.128856,135.05226,10:30,6.00851,-1.1968,5.7492,-17.78863,18.08477,-16.85938,2.94374,-1.42106,80.73174,-5.073862,-1.750124,0.43108,,,,,,,,,,,,8.90217,10.04217,1.10167,50,5.85662,-2.11365,-128.68813,-4.34619,14.85978,27.85166,-15.41139,BOC_EAG,NJI_HIG,HarringtonVillage,D1,ACC,20260510-HarringtonVillage-1,50b45dd0-4c92-11f1-b7d8-151fc49268df,87.43727,,,7.95189,,,,,,,b1484b88-4158-4df7-bc8c-565b9a528c8f,2026-05-10,17:04:32.24,2026-05-10T13:04:32.2488320-04:00,2026-05-10T17:04:32.2488320Z,,v3,227,471378,26835,"Johnson, Gunnar",1000100233,Right,BOC_EAG,7f0db2b9-e927-4e4c-af88-2ace9e2d6a42,54.74797,-129.71165,13.92583,6.00594,-3.77984,-7.7057,1.18938,-2.65973,7.42989,,,,,,,,,,,,,,,,,,,,,,,,,,,,,,,,,,,,,,,,,,,,,,,,,,,High,High,High,,,,,,131.911323,-5.070995,2416.63284,0.996086,10:30,0.081084,0.743561,-0.663733,41.131221,19.978771,-30.252845,176.593309,-2.047629,0.059385,-0.03573,-0.997595,2.051251,-3.404513,0.03573,-0.059385,0.997595,-2.051251,3.404513,-0.03573,0.059385,0.997595,-176.593309,2.047629,-0.059385,0.03573,-0.997595,,,
124,2026-05-10,13:04:50.34,4,5,"Miller, Brady",815959,Left,BOC_EAG,"Sallie, Ty",1000121067,Right,NJI_HIG,Undefined,4,Top,2,1,2,Slider,Slider,BallCalled,Undefined,Undefined,Undefined,0,0,,77.22551,1.247643,-1.848893,2491.26882,287.949737,3:30,5.72713,-1.6283,5.21842,-51.49235,-3.4861,15.34513,2.60997,-2.08853,71.00473,-8.093616,0.873988,0.498678,,,,,,,,,,,,-8.15922,-1.61847,1.78706,50,5.8036,3.00749,-112.08953,0.6554,-10.38683,20.14438,-34.2344,BOC_EAG,NJI_HIG,HarringtonVillage,D1,ACC,20260510-HarringtonVillage-1,5b838c40-4c92-11f1-b7d8-151fc49268df,75.5847,,,6.22078,,,,,,,b1484b88-4158-4df7-bc8c-565b9a528c8f,2026-05-10,17:04:50.34,2026-05-10T13:04:50.3487488-04:00,2026-05-10T17:04:50.3487488Z,,v3,227,471378,26835,"Johnson, Gunnar",1000100233,Right,BOC_EAG,f37b8205-e77e-4ac9-af02-477cde1c1c65,55.28239,-113.03488,10.07219,5.73514,2.26198,-17.1172,1.63448,3.49493,-5.19341,,,,,,,,,,,,,,,,,,,,,,,,,,,,,,,,,,,,,,,,,,,,,,,,,,,High,High,High,,,,,,288.637566,-65.971863,1014.407861,0.407185,3:30,0.908455,-0.405628,0.100871,72.411955,7.113586,-21.26529,119.890306,76.797206,0.198017,0.973568,-0.11382,83.331793,11.421025,0.973568,0.198017,0.11382,-83.331793,-11.421025,-0.973568,-0.198017,0.11382,-119.890306,-76.797206,-0.198017,-0.973568,-0.11382,,,
125,2026-05-10,13:05:09.34,4,6,"Miller, Brady",815959,Left,BOC_EAG,"Sallie, Ty",1000121067,Right,NJI_HIG,Undefined,4,Top,2,2,2,ChangeUp,Changeup,StrikeSwinging,Strikeout,Undefined,Undefined,0,0,,85.28718,-1.094003,2.474884,1933.215429,116.836408,10:00,5.65527,-1.62129,5.36066,-30.90588,8.67733,-14.43387,2.0528,-0.50185,77.43202,-6.792756,-0.090411,0.452821,,,,,,,,,,,,7.99449,5.09209,1.40953,50,5.53522,-4.71488,-123.57788,-3.45324,12.24604,26.79557,-24.37391,BOC_EAG,NJI_HIG,HarringtonVillage,D1,ACC,20260510-HarringtonVillage-1,66d35c60-4c92-11f1-b7d8-151fc49268df,83.23908,,,7.85516,,,,,,,b1484b88-4158-4df7-bc8c-565b9a528c8f,2026-05-10,17:05:09.34,2026-05-10T13:05:09.3440000-04:00,2026-05-10T17:05:09.3440000Z,,v3,227,471378,26835,"Johnson, Gunnar",1000100233,Right,BOC_EAG,2181023f-a120-4134-9383-db5ab1fa849c,55.13669,-124.68671,13.39779,5.65724,-2.44462,-12.18696,1.61512,-5.22163,6.12302,,,,,,,,,,,,,,,,,,,,,,,,,,,,,44.01513,,,,,,,1.80151,5.44077,-0.46366,,,,1.81546,54.76408,-3.51037,5.48265,16.39182,-16.44929,-0.45593,29.22658,-1.90111,High,High,High,,,High,High,Medium,112.815092,-8.69409,1911.001785,0.988509,9:45,0.150161,0.913889,-0.37717,-91.875442,23.802974,82.25249,91.48717,-1.583659,0.999281,-0.027637,-0.025943,46.810206,-87.827654,0.027637,-0.999281,0.025943,-46.810206,87.827654,-0.027637,0.999281,0.025943,-91.48717,1.583659,-0.999281,0.027637,-0.025943,,,
126,2026-05-10,13:07:15.24,1,1,"Willitts, Josh",1000101315,Right,NJI_HIG,"Wolff, Kyle",813479,Right,BOC_EAG,Undefined,4,Bottom,0,0,0,Sweeper,Curveball,StrikeCalled,Undefined,Undefined,Undefined,0,0,,80.13734,0.68744,-0.064384,2348.771743,78.300383,8:30,4.98304,2.44751,5.31644,-47.31597,-2.86858,-20.47076,1.68526,0.68119,73.6808,-7.90897,-3.70402,0.479838,,,,,,,,,,,,10.27253,-1.24008,-2.42624,50,5.01089,0.95695,-116.40548,-0.27261,14.06517,22.28147,-33.87198,BOC_EAG,NJI_HIG,HarringtonVillage,D1,ACC,20260510-HarringtonVillage-1,b1e272e0-4c92-11f1-b7d8-151fc49268df,78.55246,,,6.45654,,,,,,,b1484b88-4158-4df7-bc8c-565b9a528c8f,2026-05-10,17:07:15.24,2026-05-10T13:07:15.2489984-04:00,2026-05-10T17:07:15.2489984Z,,v3,227,471378,26835,"Campbell, Cole",1000115804,Right,NJI_HIG,97a5f60d-5cde-48e9-84af-c1cc4004e916,55.18512,-117.39378,11.14074,4.98966,1.22979,-16.93599,-2.45485,0.33309,7.03259,,,,,,,,,,,,,,,,,,,,,,,,,,,,,,,,,,,,,,,,,,,,,,,,,,,High,High,High,,,,,,50.981442,51.287365,1468.956482,0.625415,7:45,-0.773964,0.495238,0.394614,-34.503604,45.473201,6.410406,102.677112,-51.427867,0.6083,-0.781824,-0.136831,80.072913,-37.466678,0.781824,-0.6083,0.136831,-80.072913,37.466678,-0.781824,0.6083,0.136831,-102.677112,51.427867,-0.6083,0.781824,-0.136831,,,
127,2026-05-10,13:07:33.82,1,2,"Willitts, Josh",1000101315,Right,NJI_HIG,"Wolff, Kyle",813479,Right,BOC_EAG,Undefined,4,Bottom,0,0,1,Sinker,Sinker,FoulBallNotFieldable,Undefined,Undefined,Undefined,0,0,,91.46669,-1.14428,-3.877453,2412.081688,262.404976,2:45,4.99182,2.23448,5.82402,-29.78454,3.66083,19.7604,1.4434,0.27095,84.01222,-6.633697,-0.340263,0.416236,,,,,,,,,,,,-11.2254,2.45453,-1.92935,50,4.88022,8.15546,-132.69876,-3.73254,-20.08409,27.48988,-27.78249,BOC_EAG,NJI_HIG,HarringtonVillage,D1,ACC,20260510-HarringtonVillage-1,bce77e60-4c92-11f1-b7d8-151fc49268df,90.55551,,,7.45447,,,,,,,b1484b88-4158-4df7-bc8c-565b9a528c8f,2026-05-10,17:07:33.82,2026-05-10T13:07:33.8290176-04:00,2026-05-10T17:07:33.8290176Z,,v3,227,471378,26835,"Campbell, Cole",1000115804,Right,NJI_HIG,2bf04cbc-4ffb-4b24-b753-3720a63a1885,54.67775,-133.66429,13.74494,4.99418,-2.75674,-13.89124,-2.22818,8.86088,-10.04205,,,,,,,,,,,,,,,,,,,,,,,,,,,,,,,,,,,,,,,,,,,,,,,,,,,High,High,High,,,,,,241.281777,28.587146,2118.025639,0.87809,2:00,-0.490493,-0.779481,-0.389648,56.024802,63.957965,33.400354,174.89439,78.34955,0.017971,0.979398,-0.201139,78.394518,1.02972,0.979398,0.017971,0.201139,-78.394518,-1.02972,-0.979398,-0.017971,0.201139,-174.89439,-78.34955,-0.017971,-0.979398,-0.201139,,,
128,2026-05-10,13:07:59.99,1,3,"Willitts, Josh",1000101315,Right,NJI_HIG,"Wolff, Kyle",813479,Right,BOC_EAG,Undefined,4,Bottom,0,0,2,Fastball,Sinker,FoulBallNotFieldable,Undefined,Undefined,Undefined,0,0,,91.79402,0.022145,-2.989783,2386.952246,233.467327,1:45,5.0174,2.21257,6.11701,-21.51871,10.66312,13.32442,3.24467,0.55622,85.61473,-3.985843,-0.591993,0.408297,85.28393,-1.146266,170.735597,2864.057801,,,,,46.21983,,,-7.45004,5.77256,-1.98965,50,5.00762,6.40741,-133.5396,-0.65696,-13.77826,22.23436,-21.49814,BOC_EAG,NJI_HIG,HarringtonVillage,D1,ACC,20260510-HarringtonVillage-1,cc83ec50-4c92-11f1-b7d8-151fc49268df,92.31612,4.04499,,6.1793,,,,0.39699,4.04499,-0.9786,b1484b88-4158-4df7-bc8c-565b9a528c8f,2026-05-10,17:07:59.99,2026-05-10T13:07:59.9981568-04:00,2026-05-10T17:07:59.9981568Z,,v3,227,471378,26835,"Campbell, Cole",1000115804,Right,NJI_HIG,c3ed4ad7-c175-482a-81f1-781d7f97b63a,54.38296,-134.26738,11.11718,5.01761,0.04673,-10.74907,-2.20676,6.8584,-6.88913,,0.39072,-123.22049,16.78993,,,,,,,4.0319,-2.06004,3.62559,,,,,,,-0.96737,19.75524,-13.58311,,,,,,,,,,,,,,,,,,,,,,,,,,,,,High,High,High,Low,Undefined,,,,238.000515,34.631092,1964.051384,0.822828,2:00,-0.590528,-0.697582,-0.405778,-67.836048,-42.717397,-53.500818,173.019826,-4.134402,0.12121,-0.072096,-0.990005,4.165165,-6.961919,0.072096,-0.12121,0.990005,-4.165165,6.961919,-0.072096,0.12121,0.990005,-173.019826,4.134402,-0.12121,0.072096,-0.990005,62.01515,0.0834,10.86842
129,2026-05-10,13:08:22.29,1,4,"Willitts, Josh",1000101315,Right,NJI_HIG,"Wolff, Kyle",813479,Right,BOC_EAG,Undefined,4,Bottom,0,0,2,Sweeper,Curveball,BallCalled,Undefined,Undefined,Undefined,0,0,,80.98746,-0.599463,0.046192,2343.013667,73.626446,8:30,5.05989,2.03603,5.48118,-47.21085,-4.02272,-18.1595,0.56475,0.56595,74.77852,-9.167789,-3.197155,0.472992,,,,,,,,,,,,9.26024,-1.53961,-2.02711,50,4.97479,0.61706,-117.69733,-2.87115,12.97555,22.56367,-34.33134,BOC_EAG,NJI_HIG,HarringtonVillage,D1,ACC,20260510-HarringtonVillage-1,d9d66a40-4c92-11f1-b7d8-151fc49268df,79.68943,,,6.20893,,,,,,,b1484b88-4158-4df7-bc8c-565b9a528c8f,2026-05-10,17:08:22.29,2026-05-10T13:08:22.2946816-04:00,2026-05-10T17:08:22.2946816Z,,v3,227,471378,26835,"Campbell, Cole",1000115804,Right,NJI_HIG,0a19faed-c700-4d1a-896d-fd5f25e35102,55.02109,-118.65601,11.28184,5.06579,-1.41248,-17.16567,-2.04162,0.06575,6.48778,,,,,,,,,,,,,,,,,,,,,,,,,,,,,,,,,,,,,,,,,,,,,,,,,,,High,High,High,,,,,,47.073437,48.224706,1560.94137,0.666211,7:30,-0.751192,0.479989,0.453124,-41.39484,51.991927,9.577401,109.380665,-49.821238,0.608616,-0.764035,-0.214097,74.346164,-37.489463,0.764035,-0.608616,0.214097,-74.346164,37.489463,-0.764035,0.608616,0.214097,-109.380665,49.821238,-0.608616,0.764035,-0.214097,,,
130,2026-05-10,13:08:43.89,1,5,"Willitts, Josh",1000101315,Right,NJI_HIG,"Wolff, Kyle",813479,Right,BOC_EAG,Undefined,4,Bottom,0,1,2,ChangeUp,Curveball,InPlay,Undefined,FlyBall,HomeRun,0,1,,82.159,0.519814,-0.281935,2366.144148,91.268735,9:00,4.9601,2.41842,5.45628,-40.59687,1.83953,-18.42284,2.06364,0.61926,74.75058,-6.926229,-3.563807,0.468857,107.03939,34.094328,-29.274497,3041.481744,93.99562,72.5436,-57.13761,408.10159,206.80077,-38.170195,6.06094,9.27343,1.13154,-2.38021,50,4.97798,1.3313,-119.23485,-0.32305,13.19837,25.35877,-30.56358,BOC_EAG,NJI_HIG,HarringtonVillage,D1,ACC,20260510-HarringtonVillage-1,e6acda60-4c92-11f1-b7d8-151fc49268df,80.39215,121.31956,,7.40842,,,,2.94623,2.18756,-0.63226,b1484b88-4158-4df7-bc8c-565b9a528c8f,2026-05-10,17:08:43.89,2026-05-10T13:08:43.8967296-04:00,2026-05-10T17:08:43.8967296Z,FlyBall,v3,227,471378,26835,"Campbell, Cole",1000115804,Right,NJI_HIG,2ab11d55-cbfc-410b-a851-5912f3095f50,55.04368,-120.30275,12.67939,4.96448,0.96404,-15.28179,-2.42457,0.77549,6.59919,159.200226,2.95545,113.24521,-27.55794,6.56055,-1.18128,0.15541,-0.0145,0.00096,-4E-05,2.18462,88.0372,-18.43818,0.84658,0.1077,-0.10007,0.0269,-0.00325,0.00015,-0.63417,-63.54101,8.23328,-1.48282,0.18348,-0.01069,-0.00014,1E-05,0,,,,,,,,,,,,,,,,,,,,,,,High,High,High,High,Low,,,,45.755837,56.539255,1304.610324,0.551366,7:30,-0.828743,0.402536,0.38878,-29.130594,37.847931,14.427304,107.396944,-52.486864,0.581088,-0.793214,-0.182068,77.072708,-35.527101,0.793214,-0.581088,0.182068,-77.072708,35.527101,-0.793214,0.581088,0.182068,-107.396944,52.486864,-0.581088,0.793214,-0.182068,75.84614,19.28609,-22.42893
131,2026-05-10,13:09:34.86,2,1,"Willitts, Josh",1000101315,Right,NJI_HIG,"Surowiec, Danny",831970,Left,BOC_EAG,Undefined,4,Bottom,0,0,0,Sinker,Sinker,BallCalled,Undefined,Undefined,Undefined,0,0,,92.46157,-2.247331,-4.507444,2366.732785,251.578288,2:30,4.85287,2.38066,6.07438,-25.09092,7.24,18.88548,0.675,-0.22488,85.35557,-6.899004,-1.115576,0.409242,,,,,,,,,,,,-10.9567,4.58118,-2.04159,50,4.66486,9.78985,-134.0673,-6.13534,-20.12579,26.48074,-23.7591,BOC_EAG,NJI_HIG,HarringtonVillage,D1,ACC,20260510-HarringtonVillage-1,050da5c0-4c93-11f1-b7d8-151fc49268df,92.10301,,,7.10601,,,,,,,b1484b88-4158-4df7-bc8c-565b9a528c8f,2026-05-10,17:09:34.86,2026-05-10T13:09:34.8611584-04:00,2026-05-10T17:09:34.8611584Z,,v3,227,471378,26835,"Campbell, Cole",1000115804,Right,NJI_HIG,8a9c2a4f-f341-42ce-87e1-5d94c5e3af5a,54.42757,-134.93899,13.24037,4.85395,-5.35324,-11.87955,-2.37476,10.45235,-10.06289,,,,,,,,,,,,,,,,,,,,,,,,,,,,,,,,,,,,,,,,,,,,,,,,,,,High,High,High,,,,,,241.0677,28.698715,2075.996074,0.877157,2:00,-0.481689,-0.785921,-0.387691,-84.827873,-32.734322,-36.201202,171.257567,-16.419045,0.145795,-0.28266,-0.948075,16.601484,-8.383295,0.28266,-0.145795,0.948075,-16.601484,8.383295,-0.28266,0.145795,0.948075,-171.257567,16.419045,-0.145795,0.28266,-0.948075,,,
132,2026-05-10,13:09:52.60,2,2,"Willitts, Josh",1000101315,Right,NJI_HIG,"Surowiec, Danny",831970,Left,BOC_EAG,Undefined,4,Bottom,0,1,0,ChangeUp,Changeup,StrikeCalled,Undefined,Undefined,Undefined,0,0,,84.04856,-0.755326,-4.418503,1880.119952,250.677761,2:15,5.00666,2.29045,5.91417,-31.91084,7.56437,18.13178,1.64428,-0.30748,77.28566,-6.66042,-1.172293,0.452203,,,,,,,,,,,,-10.46111,4.44327,-1.946,50,4.92767,8.70248,-121.86432,-2.64235,-15.8142,22.76938,-25.4571,BOC_EAG,NJI_HIG,HarringtonVillage,D1,ACC,20260510-HarringtonVillage-1,0fab3ce0-4c93-11f1-b7d8-151fc49268df,83.35288,,,6.7629,,,,,,,b1484b88-4158-4df7-bc8c-565b9a528c8f,2026-05-10,17:09:52.60,2026-05-10T13:09:52.6076416-04:00,2026-05-10T17:09:52.6076416Z,,v3,227,471378,26835,"Campbell, Cole",1000115804,Right,NJI_HIG,efdd323e-cebc-433d-89e6-2ac22a5f9668,54.5861,-122.71821,11.38469,5.00886,-1.68767,-12.72855,-2.28348,9.29553,-7.9071,,,,,,,,,,,,,,,,,,,,,,,,,,,,,,,,,,,,,,,,,,,,,,,,,,,High,High,High,,,,,,243.640737,13.496812,1828.196505,0.972383,2:00,-0.254487,-0.874283,-0.413359,-70.970624,-25.967402,58.285228,103.100816,5.230342,0.969917,0.09116,-0.225721,21.991835,75.910671,0.09116,0.969917,0.225721,-21.991835,-75.910671,-0.09116,-0.969917,0.225721,-103.100816,-5.230342,-0.969917,-0.09116,-0.225721,,,
133,2026-05-10,13:10:10.41,2,3,"Willitts, Josh",1000101315,Right,NJI_HIG,"Surowiec, Danny",831970,Left,BOC_EAG,Undefined,4,Bottom,0,1,1,Sweeper,Curveball,BallCalled,Undefined,Undefined,Undefined,0,0,,80.95353,0.774089,-0.231785,2259.174668,58.267817,8:00,4.92236,2.21536,5.27736,-52.55995,-8.48874,-16.14946,1.26944,0.65188,73.77235,-8.762316,-3.103656,0.477803,,,,,,,,,,,,8.02245,-4.07087,-2.18184,50,4.95426,1.14286,-117.45771,-0.32594,11.06188,24.94622,-37.78723,BOC_EAG,NJI_HIG,HarringtonVillage,D1,ACC,20260510-HarringtonVillage-1,1a44b550-4c93-11f1-b7d8-151fc49268df,78.88699,,,7.18119,,,,,,,b1484b88-4158-4df7-bc8c-565b9a528c8f,2026-05-10,17:10:10.41,2026-05-10T13:10:10.4123904-04:00,2026-05-10T17:10:10.4123904Z,,v3,227,471378,26835,"Campbell, Cole",1000115804,Right,NJI_HIG,d6df586f-bd4b-4d19-8954-e12f2d70bb88,55.22334,-118.56188,12.47311,4.93167,1.3466,-18.89362,-2.22159,0.65324,5.53094,,,,,,,,,,,,,,,,,,,,,,,,,,,,,,,,,,,,,,,,,,,,,,,,,,,High,High,High,,,,,,54.654948,50.766909,1428.875478,0.632477,7:45,-0.766052,0.526318,0.368989,-49.189413,41.021611,-8.462503,105.746358,-60.718057,0.470753,-0.872223,-0.132734,81.347201,-28.083161,0.872223,-0.470753,0.132734,-81.347201,28.083161,-0.872223,0.470753,0.132734,-105.746358,60.718057,-0.470753,0.872223,-0.132734,,,
134,2026-05-10,13:10:29.33,2,4,"Willitts, Josh",1000101315,Right,NJI_HIG,"Surowiec, Danny",831970,Left,BOC_EAG,Undefined,4,Bottom,0,2,1,ChangeUp,Changeup,StrikeSwinging,Undefined,Undefined,Undefined,0,0,,84.19336,0.861661,-3.142982,1924.284456,246.347555,2:15,5.04648,2.39011,5.82745,-31.69265,7.85083,15.08859,3.2077,0.72283,76.94083,-5.022492,-0.442738,0.452594,,,,,,,,,,,,-8.5378,4.15634,-2.14202,50,5.09831,6.09345,-122.15138,0.80192,-12.91034,23.87634,-25.88908,BOC_EAG,NJI_HIG,HarringtonVillage,D1,ACC,20260510-HarringtonVillage-1,25873f00-4c93-11f1-b7d8-151fc49268df,83.28091,,,7.25253,,,,,,,b1484b88-4158-4df7-bc8c-565b9a528c8f,2026-05-10,17:10:29.33,2026-05-10T13:10:29.3310976-04:00,2026-05-10T17:10:29.3310976Z,,v3,227,471378,26835,"Campbell, Cole",1000115804,Right,NJI_HIG,6d434291-f6e2-490c-8a29-182a8dffd984,54.67099,-123.061,11.93817,5.04897,1.78822,-12.94454,-2.38354,6.5853,-6.45517,,,,,,,,,,,,,,,,,,,,,,,,,,,,,,,,,,,,,,,,,,,,,,,,,,,High,High,High,,,,,,247.029991,16.802911,1842.126764,0.957305,2:15,-0.322331,-0.876952,-0.356451,-77.576082,-17.275967,56.596663,102.947529,-1.314829,0.974319,-0.022946,-0.224,5.848863,-76.987016,0.022946,-0.974319,0.224,-5.848863,76.987016,-0.022946,0.974319,0.224,-102.947529,1.314829,-0.974319,0.022946,-0.224,,,
135,2026-05-10,13:10:50.63,2,5,"Willitts, Josh",1000101315,Right,NJI_HIG,"Surowiec, Danny",831970,Left,BOC_EAG,Undefined,4,Bottom,0,2,2,Sinker,Sinker,InPlay,Undefined,GroundBall,Out,1,0,,91.99903,-0.797133,-3.982536,2328.684983,255.200522,2:30,4.99993,2.2239,6.09889,-26.15517,6.535,20.9569,2.08126,0.28106,84.42667,-5.665703,-0.214159,0.41151,105.93246,-6.010416,-4.599253,,,,,16.58622,15.28543,-5.558198,0.10581,-11.91225,3.88091,-1.92812,50,4.92459,8.4207,-133.52118,-2.75369,-21.59593,27.6079,-25.13831,BOC_EAG,NJI_HIG,HarringtonVillage,D1,ACC,20260510-HarringtonVillage-1,323602e0-4c93-11f1-b7d8-151fc49268df,91.59553,1.99161,,7.57236,,,,0.45055,1.99161,-0.26119,b1484b88-4158-4df7-bc8c-565b9a528c8f,2026-05-10,17:10:50.63,2026-05-10T13:10:50.6322432-04:00,2026-05-10T17:10:50.6322432Z,GroundBall,v3,227,471378,26835,"Campbell, Cole",1000115804,Right,NJI_HIG,96721cfe-e473-48ac-85d6-81d4aaab899b,54.4024,-134.42837,13.80395,5.00151,-1.92765,-12.56916,-2.21648,9.13034,-10.79797,24.566466,0.45068,154.00029,-21.20451,,,,,,,1.9918,-16.29252,-23.94441,,,,,,,-0.26114,-12.39622,-3.0144,,,,,,,,,,,,,,,,,,,,,,,,,,,,,High,High,High,High,High,,,,241.438095,29.144747,2033.855157,0.873392,2:00,-0.50415,-0.773802,-0.383487,31.519773,54.444011,2.524898,179.718587,80.175248,0.000838,0.985334,-0.170633,80.175364,0.048019,0.985334,0.000838,0.170633,-80.175364,-0.048019,-0.985334,-0.000838,0.170633,-179.718587,-80.175248,-0.000838,-0.985334,-0.170633,,,
136,2026-05-10,13:11:23.06,3,1,"Willitts, Josh",1000101315,Right,NJI_HIG,"Williams, Ben",831962,Right,BOC_EAG,Undefined,4,Bottom,1,0,0,Sinker,Sinker,InPlay,Undefined,GroundBall,Error,0,0,,92.15488,-0.697017,-4.055056,2344.035814,262.351598,2:45,4.99622,2.23496,5.9716,-28.916,3.89819,21.41127,1.93871,0.25356,84.42356,-6.051638,-0.213708,0.412289,83.98897,-32.387786,12.819593,,,,,4.19445,4.19445,5.721384,0.029017,-12.12973,2.49158,-1.92552,50,4.92475,8.56231,-133.69097,-2.6602,-21.99604,28.296,-27.65581,BOC_EAG,NJI_HIG,HarringtonVillage,D1,ACC,20260510-HarringtonVillage-1,458f51c0-4c93-11f1-b7d8-151fc49268df,91.42229,1.91831,,7.73132,,,,1.22474,1.91831,-0.25286,b1484b88-4158-4df7-bc8c-565b9a528c8f,2026-05-10,17:11:23.06,2026-05-10T13:11:23.0698496-04:00,2026-05-10T17:11:23.0698496Z,GroundBall,v3,227,471378,26835,"Campbell, Cole",1000115804,Right,NJI_HIG,373a4aaf-f498-45ff-81e6-70b0cd778103,54.52962,-134.64626,14.148,4.9988,-1.72652,-13.82791,-2.22712,9.30491,-10.99802,,1.22383,101.62382,,,,,,,,1.9189,-66.10994,,,,,,,,-0.25307,23.12492,,,,,,,,,,,,,,,,,,,,,,,,,,,,,,High,High,High,Estimated,Estimated,,,,241.785539,22.483728,2165.861378,0.923988,2:00,-0.402446,-0.818796,-0.409403,43.758859,51.575109,17.181673,138.964228,83.97267,0.068938,0.994472,-0.079204,85.446353,3.952964,0.994472,0.068938,0.079204,-85.446353,-3.952964,-0.994472,-0.068938,0.079204,-138.964228,-83.97267,-0.068938,-0.994472,-0.079204,75.18552,2.20283,18.27099
137,2026-05-10,13:12:36.28,4,1,"Willitts, Josh",1000101315,Right,NJI_HIG,"Larson, Colin",831502,Left,BOC_EAG,Undefined,4,Bottom,1,0,0,Sinker,Sinker,StrikeCalled,Undefined,Undefined,StolenBase,0,0,,90.25512,-0.179923,-4.376004,2287.60318,250.593021,2:15,4.97754,2.23126,5.94598,-25.46753,9.13705,22.54934,2.68787,0.04357,81.72273,-4.95067,-0.337197,0.423388,,,,,,,,,,,,-12.82229,5.09099,-1.89472,50,4.94898,9.02691,-130.72787,-1.26465,-22.01492,29.57961,-23.43318,BOC_EAG,NJI_HIG,HarringtonVillage,D1,ACC,20260510-HarringtonVillage-1,71322050-4c93-11f1-b7d8-151fc49268df,89.02582,,,8.5324,,,,,,,b1484b88-4158-4df7-bc8c-565b9a528c8f,2026-05-10,17:12:36.28,2026-05-10T13:12:36.2870000-04:00,2026-05-10T17:12:36.2870000Z,,v3,227,471378,26835,"Campbell, Cole",1000115804,Right,NJI_HIG,3b2a5611-0a98-4343-ac7d-42df925f64ec,54.55272,-131.75399,14.78981,4.97875,-0.45175,-11.71659,-2.22111,9.7906,-11.00746,,,,,,,,,,,,,,,,,,,,,,,,,,,,,81.3324,2.024222,0.822733,1.201489,-0.77182,2.49402,-0.03387,0.52547,5.18406,0.66818,127.27826,4.46899,3.96453,0.63073,117.13488,-9.87782,5.20396,14.21585,-12.36685,0.65182,1.44529,1.10987,High,High,High,,,High,High,High,242.748195,27.770111,2024.126542,0.884824,2:00,-0.493016,-0.78807,-0.368619,16.628678,63.357731,-11.604441,135.387773,-74.790712,0.184247,-0.964974,-0.186758,79.046599,-10.617213,0.964974,-0.184247,0.186758,-79.046599,10.617213,-0.964974,0.184247,0.186758,-135.387773,74.790712,-0.184247,0.964974,-0.186758,,,
138,2026-05-10,13:15:32.06,4,2,"Willitts, Josh",1000101315,Right,NJI_HIG,"Larson, Colin",831502,Left,BOC_EAG,Undefined,4,Bottom,1,0,1,ChangeUp,Changeup,InPlay,Undefined,LineDrive,Triple,0,1,,83.35387,-0.607137,-4.090274,1913.354062,245.148257,2:15,4.99117,2.52326,5.8775,-31.19352,9.45079,17.39784,1.82639,0.16786,75.73944,-6.416967,-0.976299,0.458851,108.6861,11.37475,32.116486,2617.021515,90.00661,12.04495,63.23545,193.21775,174.56803,38.292898,1.495919,-10.17178,5.41355,-2.2026,50,4.92399,7.95241,-120.75505,-2.2676,-14.90356,25.20525,-24.24218,BOC_EAG,NJI_HIG,HarringtonVillage,D1,ACC,20260510-HarringtonVillage-1,d9f96620-4c93-11f1-b7d8-151fc49268df,82.14535,12.19158,,7.61443,,,,2.15179,1.9036,-0.27378,b1484b88-4158-4df7-bc8c-565b9a528c8f,2026-05-10,17:15:32.06,2026-05-10T13:15:32.0633856-04:00,2026-05-10T17:15:32.0633856Z,LineDrive,v3,227,471378,26835,"Campbell, Cole",1000115804,Right,NJI_HIG,8141ffcf-bdf7-40ff-bcbd-f3388bf2d834,54.62155,-121.71588,12.60263,4.99282,-1.34348,-12.12109,-2.51657,8.52054,-7.45178,,2.15178,132.36288,-27.50903,5.45974,-1.99262,1.41932,-0.89287,0.31471,-0.04586,1.90359,31.44033,-26.34459,4.15219,-1.38855,0.85727,-0.50504,0.17631,-0.02579,-0.27376,83.07925,0.28871,-2.50162,1.75036,-1.70671,1.16259,-0.42737,0.06427,,,,,,,,,,,,,,,,,,,,,,,High,High,High,High,Medium,,,,245.671875,17.280932,1826.984711,0.95486,2:15,-0.315146,-0.873168,-0.371834,-81.133043,-15.692929,58.298397,101.93009,-4.678924,0.97514,-0.081572,-0.206029,21.599805,-77.197581,0.081572,-0.97514,0.206029,-21.599805,77.197581,-0.081572,0.97514,0.206029,-101.93009,4.678924,-0.97514,0.081572,-0.206029,,,
139,2026-05-10,13:16:53.97,5,1,"Willitts, Josh",1000101315,Right,NJI_HIG,"Solier, Julio",827632,Right,BOC_EAG,Undefined,4,Bottom,1,0,0,ChangeUp,Changeup,FoulBallNotFieldable,Undefined,Undefined,Undefined,0,0,,83.6381,-0.203273,-3.573679,1963.912522,244.006356,2:15,5.07409,2.36969,5.8847,-30.48549,9.67792,17.13336,2.3445,0.47463,76.22787,-5.882125,-0.504479,0.456128,68.23958,56.761265,74.60428,5573.832165,4.24257,83.93025,109.91808,167.1081,57.98119,89.851719,4.742926,-9.81355,5.40071,-2.09107,50,5.04011,6.89639,-121.28299,-1.39653,-14.56253,24.55114,-24.1598,BOC_EAG,NJI_HIG,HarringtonVillage,D1,ACC,20260510-HarringtonVillage-1,0ad5f1a0-4c94-11f1-b7d8-151fc49268df,82.63567,89.22281,,7.41024,,,,0.98851,2.30018,-0.47095,b1484b88-4158-4df7-bc8c-565b9a528c8f,2026-05-10,17:16:53.97,2026-05-10T13:16:53.9749376-04:00,2026-05-10T17:16:53.9749376Z,Popup,v3,227,471378,26835,"Campbell, Cole",1000115804,Right,NJI_HIG,854a6506-54e5-46a6-b0c4-8507324fa2b9,54.61425,-122.21348,12.27557,5.07569,-0.48088,-12.0799,-2.3629,7.44831,-7.28127,,1.00496,14.15131,-8.28236,-0.34705,2.77591,-1.65957,0.46603,-0.06396,0.00344,2.28646,83.98691,-24.77622,3.86284,-1.49975,0.44058,-0.06702,0.00373,3E-05,-0.46948,52.82755,-7.92558,0.95228,0.669,-0.51181,0.15693,-0.02285,0.00129,,,,,,,,,,,,,,,,,,,,,,,High,High,High,Medium,Low,,,,244.673067,16.583852,1882.219757,0.958403,2:15,-0.307349,-0.86729,-0.391592,-77.840411,-12.529146,60.791588,101.149528,-8.555696,0.970208,-0.148771,-0.191218,37.883463,-75.97915,0.148771,-0.970208,0.191218,-37.883463,75.97915,-0.148771,0.970208,0.191218,-101.149528,8.555696,-0.970208,0.148771,-0.191218,69.31946,6.20168,-1.27458
140,2026-05-10,13:17:16.15,5,2,"Willitts, Josh",1000101315,Right,NJI_HIG,"Solier, Julio",827632,Right,BOC_EAG,Undefined,4,Bottom,1,0,1,Sinker,Sinker,FoulBallNotFieldable,Undefined,Undefined,Undefined,0,0,,90.22896,-0.205094,-4.203024,2282.090637,254.4021,2:30,5.02752,2.15319,6.0342,-27.35198,7.25571,21.60796,2.55776,0.05488,81.50104,-5.32649,-0.324733,0.423407,83.55751,21.980455,69.572079,5269.404654,27.85549,32.90835,106.41437,234.77099,97.2469,83.663602,3.008359,-12.38709,4.15658,-1.83597,50,4.99682,8.68059,-130.69657,-1.38697,-21.17838,30.51463,-25.06751,BOC_EAG,NJI_HIG,HarringtonVillage,D1,ACC,20260510-HarringtonVillage-1,18147260-4c94-11f1-b7d8-151fc49268df,89.02183,33.78792,,8.72792,,,,0.10252,2.58834,-0.39197,b1484b88-4158-4df7-bc8c-565b9a528c8f,2026-05-10,17:17:16.15,2026-05-10T13:17:16.1584128-04:00,2026-05-10T17:17:16.1584128Z,LineDrive,v3,227,471378,26835,"Campbell, Cole",1000115804,Right,NJI_HIG,39ebaed4-36e8-43cb-adbc-367e9d573636,54.46427,-131.73475,15.25732,5.02949,-0.53411,-12.53376,-2.14356,9.40113,-10.58919,,0.10254,39.66369,-17.2398,3.84609,-0.84808,0.17214,-0.0278,0.00284,-0.00013,2.58814,45.87827,-18.61265,1.66115,-0.48166,0.2196,-0.07774,0.01495,-0.00115,-0.39188,106.49179,-17.27629,4.23831,-0.87381,0.12876,-0.00283,-0.0026,0.00031,,,,,,,,,,,,,,,,,,,,,,,High,High,High,High,Low,,,,242.406173,25.945147,2052.086294,0.899213,2:00,-0.464013,-0.798492,-0.38354,33.323796,61.369188,9.756761,165.175798,-78.133183,0.052613,-0.978628,-0.198793,78.517502,-3.015906,0.978628,-0.052613,0.198793,-78.517502,3.015906,-0.978628,0.052613,0.198793,-165.175798,78.133183,-0.052613,0.978628,-0.198793,73.51187,-4.87507,16.15904
141,2026-05-10,13:17:37.65,5,3,"Willitts, Josh",1000101315,Right,NJI_HIG,"Solier, Julio",827632,Right,BOC_EAG,Undefined,4,Bottom,1,0,2,Sweeper,Curveball,InPlay,Undefined,GroundBall,Out,1,1,,80.83021,-0.004202,-1.331445,2328.629327,80.761875,8:45,4.95598,2.13293,5.14397,-45.59971,-1.16193,-16.40273,1.15205,-0.48779,73.70055,-8.279061,-4.236941,0.479786,85.46209,-5.994825,-18.664222,,,,,12.0299,9.37116,-14.459079,0.085778,7.80619,-0.185,-1.99492,50,4.92037,3.4024,-117.20567,-1.65077,10.72567,24.68407,-32.42822,BOC_EAG,NJI_HIG,HarringtonVillage,D1,ACC,20260510-HarringtonVillage-1,24d8ba10-4c94-11f1-b7d8-151fc49268df,78.56092,1.12384,,7.12966,,,,1.50973,1.12384,0.42113,b1484b88-4158-4df7-bc8c-565b9a528c8f,2026-05-10,17:17:37.65,2026-05-10T13:17:37.6579584-04:00,2026-05-10T17:17:37.6579584Z,GroundBall,v3,227,471378,26835,"Campbell, Cole",1000115804,Right,NJI_HIG,eedcf71f-da47-4c6d-8cb2-629636037382,55.35571,-118.32824,12.34204,4.96191,-0.17602,-16.21411,-2.13856,2.91463,5.36283,180,1.50836,118.20227,,,,,,,,1.12399,-13.10179,,,,,,,,0.42159,-39.92701,,,,,,,,,,,,,,,,,,,,,,,,,,,,,,High,High,High,High,Medium,,,,56.531852,55.629422,1314.611896,0.564543,8:00,-0.817981,0.470877,0.330426,-17.432978,20.053714,10.488096,113.404407,-52.033414,0.564586,-0.78837,-0.24437,72.778225,-34.373514,0.78837,-0.564586,0.24437,-72.778225,34.373514,-0.78837,0.564586,0.24437,-113.404407,52.033414,-0.564586,0.78837,-0.24437,,,
142,2026-05-10,13:18:16.49,6,1,"Willitts, Josh",1000101315,Right,NJI_HIG,"Wang, Nick",813482,Right,BOC_EAG,Undefined,4,Bottom,2,0,0,Fastball,Sinker,FoulBallNotFieldable,Undefined,Undefined,Undefined,0,0,,91.78811,-1.012904,-2.914388,2361.908624,232.900845,1:45,4.97135,2.24378,5.82617,-21.35044,11.96961,14.40784,2.24921,0.73281,83.75225,-5.013817,-0.334589,0.415455,109.94552,20.086204,-35.304915,2818.373508,84.88038,34.30264,-69.9664,328.48345,224.82374,-46.765783,3.258296,-8.2091,6.7217,-2.01425,50,4.87593,6.1548,-133.18209,-3.07512,-14.72222,29.00472,-20.11939,BOC_EAG,NJI_HIG,HarringtonVillage,D1,ACC,20260510-HarringtonVillage-1,3c086550-4c94-11f1-b7d8-151fc49268df,90.72563,42.21865,,8.03586,,,,1.59394,2.41081,-0.89299,b1484b88-4158-4df7-bc8c-565b9a528c8f,2026-05-10,17:18:16.49,2026-05-10T13:18:16.4978688-04:00,2026-05-10T17:18:16.4978688Z,LineDrive,v3,227,471378,26835,"Campbell, Cole",1000115804,Right,NJI_HIG,f3a8c800-705a-4fcf-8a41-26b13bdc437f,54.67304,-134.19593,14.50236,4.97112,-2.37186,-10.0597,-2.23838,6.66941,-7.36111,,1.59407,123.58771,-33.28981,9.43768,-2.29468,0.4511,-0.066,0.00546,-0.00013,2.41071,55.38364,-21.2519,1.40951,-0.01567,-0.01704,-0.00312,0.00243,-0.0003,-0.89298,-87.52532,2.98529,1.95675,-1.06914,0.34708,-0.07735,0.0107,-0.00069,,,,,,,,,,,,,,,,,,,,,,,High,High,High,High,Medium,,,,240.062835,24.871706,2142.845905,0.907252,2:00,-0.429118,-0.793512,-0.431504,-69.381237,-16.585406,-41.041874,176.217485,7.447263,0.065413,0.129614,-0.989405,7.463338,3.750563,0.129614,0.065413,0.989405,-7.463338,-3.750563,-0.129614,-0.065413,0.989405,-176.217485,-7.447263,-0.065413,-0.129614,-0.989405,,,
143,2026-05-10,13:18:47.96,6,2,"Willitts, Josh",1000101315,Right,NJI_HIG,"Wang, Nick",813482,Right,BOC_EAG,Undefined,4,Bottom,2,0,1,Sinker,Sinker,StrikeCalled,Undefined,Undefined,Undefined,0,0,,91.19154,-0.158436,-4.971225,2327.44522,272.549565,3:00,5.02334,2.1639,6.16213,-33.22451,0.22969,19.0497,2.10773,-0.85241,83.25577,-6.312514,-1.548335,0.416291,,,,,,,,,,,,-11.17875,0.52941,-1.79513,50,4.99463,10.6807,-132.11477,-1.53849,-19.73347,28.46739,-31.23949,BOC_EAG,NJI_HIG,HarringtonVillage,D1,ACC,20260510-HarringtonVillage-1,4eba0280-4c94-11f1-b7d8-151fc49268df,90.54357,,,7.93576,,,,,,,b1484b88-4158-4df7-bc8c-565b9a528c8f,2026-05-10,17:18:47.96,2026-05-10T13:18:47.9664640-04:00,2026-05-10T17:18:47.9664640Z,,v3,227,471378,26835,"Campbell, Cole",1000115804,Right,NJI_HIG,6329ae73-7e5c-474b-891a-da882e56aabf,54.33767,-133.04615,14.23369,5.02824,-0.51643,-15.61975,-2.15513,11.32633,-9.86674,,,,,,,,,,,,,,,,,,,,,,,,,,,,,,,,,,,,,,,,,,,,,,,,,,,High,High,High,,,,,,241.81198,29.588208,2023.938381,0.869597,2:00,-0.525387,-0.767827,-0.36662,31.002622,50.621885,4.137916,157.953413,77.003251,0.084417,0.974383,-0.208451,77.924649,4.842499,0.974383,0.084417,0.208451,-77.924649,-4.842499,-0.974383,-0.084417,0.208451,-157.953413,-77.003251,-0.084417,-0.974383,-0.208451,,,
144,2026-05-10,13:19:08.24,6,3,"Willitts, Josh",1000101315,Right,NJI_HIG,"Wang, Nick",813482,Right,BOC_EAG,Undefined,4,Bottom,2,0,2,Sweeper,Slider,InPlay,Undefined,FlyBall,Out,1,0,,82.98134,0.292825,-1.075445,2533.252654,77.653986,8:30,5.05536,2.10343,5.09016,-45.74097,-3.11567,-21.32796,1.51965,-0.6876,74.97761,-8.014707,-4.84909,0.4699,79.75093,25.163082,-20.433943,2266.958815,102.48546,40.28023,-39.95834,286.05215,277.65024,-23.822428,3.716083,10.28997,-1.25079,-1.98399,50,5.04713,3.17579,-120.21963,-1.09739,14.72998,28.05785,-33.96455,BOC_EAG,NJI_HIG,HarringtonVillage,D1,ACC,20260510-HarringtonVillage-1,5ae69e10-4c94-11f1-b7d8-151fc49268df,80.21383,45.22436,,8.00373,,,,2.04898,1.62202,0.62628,b1484b88-4158-4df7-bc8c-565b9a528c8f,2026-05-10,17:19:08.24,2026-05-10T13:19:08.2429952-04:00,2026-05-10T17:19:08.2429952Z,LineDrive,v3,227,471378,26835,"Campbell, Cole",1000115804,Right,NJI_HIG,2723b7ff-6c09-4a02-a53d-adc918b7591b,55.4091,-121.47549,14.02893,5.06222,0.42285,-16.98228,-2.11138,2.51648,7.36499,161.172083,2.04884,99.21267,-15.30824,3.54313,-0.7701,0.20145,-0.05395,0.00926,-0.00066,1.62236,49.72,-14.7565,0.19937,0.2557,-0.19543,0.07148,-0.01237,0.00082,0.62639,-36.96426,2.67346,-0.50861,0.10274,-0.02923,0.00837,-0.00146,0.0001,,,,,,,,,,,,,,,,,,,,,,,High,High,High,High,High,,,,43.921364,59.658993,1279.661004,0.505145,7:30,-0.854251,0.354811,0.379953,2.111895,10.66102,13.793274,111.135979,-53.375785,0.556432,-0.802565,-0.215111,74.995745,-33.809379,0.802565,-0.556432,0.215111,-74.995745,33.809379,-0.802565,0.556432,0.215111,-111.135979,53.375785,-0.556432,0.802565,-0.215111,64.95493,15.94809,-14.92259
145,2026-05-10,13:21:28.25,1,1,"Miller, Brady",815959,Left,BOC_EAG,"Francis, Austin",1000236684,Right,NJI_HIG,Undefined,5,Top,0,0,0,ChangeUp,Changeup,HitByPitch,Undefined,Undefined,Undefined,0,0,,81.95031,1.545707,5.075126,1626.266502,85.353326,8:45,5.47327,-1.99115,5.52994,-42.48711,0.48303,-12.86887,3.38364,1.69309,73.98832,-6.256526,2.794038,0.471797,,,,,,,,,,,,8.09571,0.18866,1.5581,50,5.5798,-9.98751,-118.39231,1.74075,11.34612,25.25576,-31.90962,BOC_EAG,NJI_HIG,HarringtonVillage,D1,ACC,20260510-HarringtonVillage-1,ae46eab0-4c94-11f1-b7d8-151fc49268df,79.89127,,,7.96199,,,,,,,b1484b88-4158-4df7-bc8c-565b9a528c8f,2026-05-10,17:21:28.25,2026-05-10T13:21:28.2522112-04:00,2026-05-10T17:21:28.2522112Z,,v3,227,471378,26835,"Johnson, Gunnar",1000100233,Right,BOC_EAG,b8621d1a-79a5-43fa-a351-42ec6a0f4e79,54.9683,-119.44745,12.62788,5.47923,3.07389,-15.95481,1.98526,-10.46153,5.67306,,,,,,,,,,,,,,,,,,,,,,,,,,,,,,,,,,,,,,,,,,,,,,,,,,,High,High,High,,,,,,87.208542,-6.189314,1616.78714,0.994171,9:00,0.129749,0.989722,0.060131,-84.619356,19.752584,80.285342,100.996871,-66.686869,0.388489,-0.918356,-0.075493,85.30062,-22.86051,0.918356,-0.388489,0.075493,-85.30062,22.86051,-0.918356,0.388489,0.075493,-100.996871,66.686869,-0.388489,0.918356,-0.075493,,,
146,2026-05-10,13:22:02.12,2,1,"Miller, Brady",815959,Left,BOC_EAG,"O'Connor, Rowin",832258,Right,NJI_HIG,Undefined,5,Top,0,0,0,ChangeUp,Changeup,BallCalled,Undefined,Undefined,Undefined,0,0,,82.78264,-0.433114,1.327878,1766.155243,100.632928,9:15,5.69709,-1.74889,5.18632,-37.49726,4.71807,-17.44111,2.16473,-1.95283,75.31442,-7.289007,-1.765428,0.467634,,,,,,,,,,,,9.05331,2.93563,1.63919,50,5.62876,-2.02444,-120.02427,-2.26611,13.08648,25.20062,-27.93064,BOC_EAG,NJI_HIG,HarringtonVillage,D1,ACC,20260510-HarringtonVillage-1,c279a9a0-4c94-11f1-b7d8-151fc49268df,80.60237,,,7.46821,,,,,,,b1484b88-4158-4df7-bc8c-565b9a528c8f,2026-05-10,17:22:02.12,2026-05-10T13:22:02.1236224-04:00,2026-05-10T17:22:02.1236224Z,,v3,227,471378,26835,"Johnson, Gunnar",1000100233,Right,BOC_EAG,8f6dce83-e64b-488e-8eac-2331a9827a9d,55.31106,-121.13427,12.60031,5.70148,-1.03587,-13.96532,1.74105,-2.60085,6.54324,,,,,,,,,,,,,,,,,,,,,,,,,,,,,,,,,,,,,,,,,,,,,,,,,,,High,High,High,,,,,,108.936262,-4.911689,1759.669656,0.996328,9:45,0.085965,0.943027,-0.321419,-96.013074,29.769341,82.228527,96.437576,-78.743374,0.193973,-0.980763,-0.021886,88.721619,-11.18473,0.980763,-0.193973,0.021886,-88.721619,11.18473,-0.980763,0.193973,0.021886,-96.437576,78.743374,-0.193973,0.980763,-0.021886,,,
147,2026-05-10,13:22:19.17,2,2,"Miller, Brady",815959,Left,BOC_EAG,"O'Connor, Rowin",832258,Right,NJI_HIG,Undefined,5,Top,0,1,0,ChangeUp,Changeup,StrikeSwinging,Undefined,Undefined,Undefined,0,0,,81.11206,0.290372,3.797709,1712.740875,66.197554,8:15,5.44381,-1.80067,5.25619,-49.02424,-5.12803,-14.96398,1.63188,0.52579,74.0391,-8.603227,1.145194,0.476853,,,,,,,,,,,,8.63256,-2.2374,1.46377,50,5.43396,-7.1789,-117.48053,-1.18049,11.977,23.76749,-35.27827,BOC_EAG,NJI_HIG,HarringtonVillage,D1,ACC,20260510-HarringtonVillage-1,cca5e150-4c94-11f1-b7d8-151fc49268df,79.04408,,,7.07296,,,,,,,b1484b88-4158-4df7-bc8c-565b9a528c8f,2026-05-10,17:22:19.17,2026-05-10T13:22:19.1730688-04:00,2026-05-10T17:22:19.1730688Z,,v3,227,471378,26835,"Johnson, Gunnar",1000100233,Right,BOC_EAG,a6ea0140-a188-4c59-b09f-f44dbe8589dd,55.24429,-118.53675,11.88375,5.45158,0.38727,-17.63913,1.79463,-7.71116,5.9885,,,,,,,,,,,,,,,,,,,,,,,,,,,,,,,,,,,,,,,,,,,,,,,,,,,High,High,High,,,,,,88.506569,-7.59455,1697.71691,0.991228,9:00,0.13517,0.990209,0.034863,-96.824663,21.003169,77.197106,95.792722,-66.474073,0.397126,-0.91688,-0.040288,87.484048,-23.398614,0.91688,-0.397126,0.040288,-87.484048,23.398614,-0.91688,0.397126,0.040288,-95.792722,66.474073,-0.397126,0.91688,-0.040288,,,
148,2026-05-10,13:22:38.12,2,3,"Miller, Brady",815959,Left,BOC_EAG,"O'Connor, Rowin",832258,Right,NJI_HIG,Undefined,5,Top,0,1,1,ChangeUp,Changeup,FoulBallNotFieldable,Undefined,Undefined,Undefined,0,0,,82.32455,0.281531,3.457912,1785.497416,69.168124,8:15,5.54381,-1.99025,5.23737,-47.62353,-4.79532,-16.54867,1.84028,-0.11526,74.73923,-8.373796,0.524036,0.471017,,,,,,,,,,,,9.40626,-2.10933,1.68496,50,5.53395,-6.51039,-119.21718,-1.15983,13.36431,25.65345,-35.17097,BOC_EAG,NJI_HIG,HarringtonVillage,D1,ACC,20260510-HarringtonVillage-1,d7ed9b20-4c94-11f1-b7d8-151fc49268df,80.02355,,,7.58533,,,,,,,b1484b88-4158-4df7-bc8c-565b9a528c8f,2026-05-10,17:22:38.12,2026-05-10T13:22:38.1286400-04:00,2026-05-10T17:22:38.1286400Z,,v3,227,471378,26835,"Johnson, Gunnar",1000100233,Right,BOC_EAG,0c8ea10c-0d5b-4439-b552-4af67d371af5,55.26295,-120.34434,12.82673,5.55096,0.38552,-17.58548,1.98391,-7.0976,6.68216,,,,,,,,,,,,,,,,,,,,,,,,,,,,,,,,,,,,,,,,,,,,,,,,,,,High,High,High,,,,,,87.917351,-6.47931,1774.092854,0.993613,9:00,0.11533,0.99239,0.043144,-91.520369,25.8877,81.399767,92.653573,-61.574061,0.475512,-0.879433,-0.022038,88.564479,-28.39269,0.879433,-0.475512,0.022038,-88.564479,28.39269,-0.879433,0.475512,0.022038,-92.653573,61.574061,-0.475512,0.879433,-0.022038,,,
149,2026-05-10,13:23:01.88,2,4,"Miller, Brady",815959,Left,BOC_EAG,"O'Connor, Rowin",832258,Right,NJI_HIG,Undefined,5,Top,0,1,2,Sinker,Sinker,InPlay,Undefined,GroundBall,Single,0,0,,89.01553,0.039286,2.756066,2276.797952,99.73077,9:15,5.77444,-1.60495,5.44139,-31.32171,4.93886,-21.42442,3.20113,-0.80771,80.55473,-5.739137,-1.055743,0.4334,68.19526,2.669376,28.577968,6360.321636,,,,53.51326,51.6765,30.615596,0.556438,11.68095,2.82307,1.37664,50,5.75641,-5.25763,-129.02603,-1.07107,19.46735,29.69502,-27.46916,BOC_EAG,NJI_HIG,HarringtonVillage,D1,ACC,20260510-HarringtonVillage-1,e61431f0-4c94-11f1-b7d8-151fc49268df,86.96918,3.53391,,8.46079,,,,2.04643,3.26219,0.76793,b1484b88-4158-4df7-bc8c-565b9a528c8f,2026-05-10,17:23:01.88,2026-05-10T13:23:01.8817536-04:00,2026-05-10T17:23:01.8817536Z,GroundBall,v3,227,471378,26835,"Johnson, Gunnar",1000100233,Right,BOC_EAG,43215682-e67b-4375-86c9-9d47ad4e5e36,55.05795,-130.1849,14.84751,5.77729,0.00094,-13.73458,1.59664,-6.01736,9.73367,289.066061,2.06529,87.28056,-14.84166,,,,,,,3.27943,4.24059,-18.26494,,,,,,,0.76079,47.96768,-0.62104,,,,,,,,,,,,,,,,,,,,,,,,,,,,,High,High,High,High,High,,,,116.818619,-5.312889,2267.016585,0.995704,10:00,0.114697,0.888542,-0.444228,77.781901,-25.885221,-86.914849,99.334949,-1.124056,0.986567,-0.019617,-0.162175,6.897197,-80.598214,0.019617,-0.986567,0.162175,-6.897197,80.598214,-0.019617,0.986567,0.162175,-99.334949,1.124056,-0.986567,0.019617,-0.162175,72.86835,16.13553,-20.59104
150,2026-05-10,13:23:42.78,3,1,"Miller, Brady",815959,Left,BOC_EAG,"Camilleri, Lorenzo",10147342,Left,NJI_HIG,Undefined,5,Top,0,0,0,ChangeUp,Changeup,FoulBallNotFieldable,Undefined,Undefined,Undefined,0,0,,84.78133,-1.167669,3.015502,1954.973323,99.540766,9:15,5.63859,-1.77196,5.30456,-35.52565,4.48166,-18.70202,1.58033,-0.49711,77.37741,-7.662743,-0.30547,0.455241,28.45008,23.504434,-51.965422,3388.686669,,,,44.46332,43.83443,-50.128243,1.172431,10.35863,2.93583,1.51244,50,5.50652,-5.68545,-122.8828,-3.79054,15.7439,25.71401,-27.71192,BOC_EAG,NJI_HIG,HarringtonVillage,D1,ACC,20260510-HarringtonVillage-1,fe7b99e0-4c94-11f1-b7d8-151fc49268df,82.79674,6.28199,,7.40392,,,,3.72791,1.88593,0.4915,b1484b88-4158-4df7-bc8c-565b9a528c8f,2026-05-10,17:23:42.78,2026-05-10T13:23:42.7884032-04:00,2026-05-10T17:23:42.7884032Z,GroundBall,v3,227,471378,26835,"Johnson, Gunnar",1000100233,Right,BOC_EAG,100c12da-3dda-4b51-aba7-1e2434713539,55.1959,-123.96531,12.85701,5.64153,-2.62392,-13.85596,1.76574,-6.34824,7.87195,130.392015,3.72791,23.57613,-2.12663,0.05659,-0.06456,0.09263,-0.08123,0.04164,-0.00808,1.88593,16.64146,-15.94571,0.40761,-0.04914,-0.03365,0.01721,-0.00561,0.00121,0.49149,-30.13866,0.47585,0.02948,-0.00851,-0.00469,0.02817,-0.01159,0.00139,,,,,,,,,,,,,,,,,,,,,,,High,High,High,High,High,,,,112.501107,-11.779007,1913.805983,0.978942,9:45,0.205116,0.90839,-0.364357,-62.985072,64.935023,-66.503621,96.365331,0.670974,0.993767,0.01171,-0.11086,6.029943,83.599548,0.01171,0.993767,0.11086,-6.029943,-83.599548,-0.01171,-0.993767,0.11086,-96.365331,-0.670974,-0.993767,-0.01171,-0.11086,16.11073,-35.95378,0.77601
151,2026-05-10,13:24:32.47,3,2,"Miller, Brady",815959,Left,BOC_EAG,"Camilleri, Lorenzo",10147342,Left,NJI_HIG,Undefined,5,Top,0,0,1,ChangeUp,Changeup,StrikeCalled,Undefined,Undefined,Undefined,0,0,,82.61017,1.118721,4.126376,1942.650329,81.212827,8:45,5.40073,-1.91719,5.41717,-43.51317,-1.65961,-19.40233,2.82547,0.33808,75.50886,-6.821243,0.68279,0.465627,,,,,,,,,,,,10.88721,-0.73185,1.56397,50,5.46999,-7.82322,-119.68209,0.77962,15.77934,23.25927,-33.23477,BOC_EAG,NJI_HIG,HarringtonVillage,D1,ACC,20260510-HarringtonVillage-1,1c260d90-4c95-11f1-b7d8-151fc49268df,80.94993,,,7.10131,,,,,,,b1484b88-4158-4df7-bc8c-565b9a528c8f,2026-05-10,17:24:32.47,2026-05-10T13:24:32.4781056-04:00,2026-05-10T17:24:32.4781056Z,,v3,227,471378,26835,"Johnson, Gunnar",1000100233,Right,BOC_EAG,528d17d6-a676-46de-ae0a-82c08425cde5,55.08349,-120.66598,11.62963,5.40728,2.18548,-16.61738,1.90902,-8.4907,7.88967,,,,,,,,,,,,,,,,,,,,,,,,,,,,,,,,,,,,,,,,,,,,,,,,,,,High,High,High,,,,,,86.436343,-1.515004,1941.971248,0.99965,9:00,0.041323,0.997011,0.065278,75.945199,-20.592141,-85.545227,90.967543,-25.219771,0.904551,-0.426091,-0.015276,87.946685,-64.76289,0.426091,-0.904551,0.015276,-87.946685,64.76289,-0.426091,0.904551,0.015276,-90.967543,25.219771,-0.904551,0.426091,-0.015276,,,
152,2026-05-10,13:24:51.15,3,3,"Miller, Brady",815959,Left,BOC_EAG,"Camilleri, Lorenzo",10147342,Left,NJI_HIG,Undefined,5,Top,0,0,2,Sweeper,Slider,StrikeCalled,Strikeout,Undefined,Undefined,0,0,,77.9129,1.598661,0.022945,2556.033557,283.852234,3:30,5.70974,-1.70647,5.15033,-50.38806,-2.63091,17.20552,3.01615,-0.25107,70.91098,-7.566788,3.071079,0.497383,,,,,,,,,,,,-8.53945,-1.3098,1.69054,50,5.82058,-0.74713,-112.97687,1.38167,-10.92178,22.5875,-33.84927,BOC_EAG,NJI_HIG,HarringtonVillage,D1,ACC,20260510-HarringtonVillage-1,274fdf20-4c95-11f1-b7d8-151fc49268df,75.78158,,,7.00192,,,,,,,b1484b88-4158-4df7-bc8c-565b9a528c8f,2026-05-10,17:24:51.15,2026-05-10T13:24:51.1520256-04:00,2026-05-10T17:24:51.1520256Z,,v3,227,471378,26835,"Johnson, Gunnar",1000100233,Right,BOC_EAG,34c1f195-63aa-493d-8663-565083367246,55.34891,-114.04126,11.29375,5.71789,2.97675,-16.92464,1.71363,-0.23246,-5.46089,,,,,,,,,,,,,,,,,,,,,,,,,,,,,,,,,,,,,,,,,,,,,,,,,,,High,High,High,,,,,,292.611336,-63.453715,1142.344112,0.446921,3:45,0.882647,-0.437364,0.172185,75.845486,9.963548,-28.604598,97.672081,70.010996,0.33878,0.939758,-0.045637,87.219775,19.802549,0.939758,0.33878,0.045637,-87.219775,-19.802549,-0.939758,-0.33878,0.045637,-97.672081,-70.010996,-0.33878,-0.939758,-0.045637,,,
153,2026-05-10,13:25:26.42,4,1,"Miller, Brady",815959,Left,BOC_EAG,"Campbell, Cole",1000115804,Right,NJI_HIG,Undefined,5,Top,1,0,0,Sinker,Changeup,InPlay,Undefined,LineDrive,Single,0,1,,88.22877,-1.197652,3.144167,2283.228453,97.886112,9:15,5.66758,-1.70117,5.35565,-32.42923,4.4291,-23.10671,1.84009,-0.67505,80.45456,-7.138979,-0.962008,0.436958,95.09585,12.382782,7.910393,1888.391402,107.92249,14.88567,21.27654,220.42598,219.97313,13.78735,1.967483,12.59221,2.91122,1.43564,50,5.53659,-6.00751,-127.89156,-3.88875,20.7413,27.72753,-27.37884,BOC_EAG,NJI_HIG,HarringtonVillage,D1,ACC,20260510-HarringtonVillage-1,3c40bdf0-4c95-11f1-b7d8-151fc49268df,86.26109,14.8972,,7.77421,,,,1.10733,1.8146,0.65828,b1484b88-4158-4df7-bc8c-565b9a528c8f,2026-05-10,17:25:26.42,2026-05-10T13:25:26.4208896-04:00,2026-05-10T17:25:26.4208896Z,LineDrive,v3,227,471378,26835,"Johnson, Gunnar",1000100233,Right,BOC_EAG,c535d3c7-b644-46bd-91bc-9094fa8b8977,55.14506,-129.00221,13.86376,5.6704,-2.79206,-13.68942,1.69292,-6.83832,10.37065,262.421417,1.10734,134.93223,-17.16426,2.53216,-0.37472,-0.03609,0.04665,-0.01662,0.00231,1.81459,29.90924,-18.60204,1.94963,-0.35087,0.09533,-0.02992,0.00808,-0.00107,0.65828,18.74849,7.35635,-2.87547,0.83514,-0.19063,0.03436,-0.00467,0.00025,,,,,,,,,,,,,,,,,,,,,,,High,High,High,High,High,,,,117.670866,-6.052613,2270.500574,0.994425,10:00,0.112209,0.882704,-0.456335,-85.57072,32.244891,89.81378,95.899579,-5.363145,0.990349,-0.093468,-0.102335,42.407015,-82.033409,0.093468,-0.990349,0.102335,-42.407015,82.033409,-0.093468,0.990349,0.102335,-95.899579,5.363145,-0.990349,0.093468,-0.102335,71.3553,7.38256,-1.90084
154,2026-05-10,13:26:56.22,5,1,"Miller, Brady",815959,Left,BOC_EAG,"Levin, Brody",1000077124,Right,NJI_HIG,Undefined,5,Top,1,0,0,ChangeUp,Changeup,BallCalled,Undefined,Undefined,Undefined,0,0,,81.40394,0.700977,1.931661,1874.7739,88.487624,9:00,5.42669,-2.04023,5.49644,-41.57286,0.86492,-13.44556,2.61838,-1.35318,75.22238,-6.888783,-0.465039,0.468865,,,,,,,,,,,,7.26556,0.6502,1.88054,50,5.45984,-3.44635,-118.28081,0.00317,10.38015,20.76884,-31.24511,BOC_EAG,NJI_HIG,HarringtonVillage,D1,ACC,20260510-HarringtonVillage-1,71d77620-4c95-11f1-b7d8-151fc49268df,80.39083,,,6.18156,,,,,,,b1484b88-4158-4df7-bc8c-565b9a528c8f,2026-05-10,17:26:56.22,2026-05-10T13:26:56.2294784-04:00,2026-05-10T17:26:56.2294784Z,,v3,227,471378,26835,"Johnson, Gunnar",1000100233,Right,BOC_EAG,af863f84-2b74-4d96-96f6-dc807758c677,55.00403,-119.15623,10.38442,5.43195,1.32016,-15.62256,2.03503,-3.88388,5.19008,,,,,,,,,,,,,,,,,,,,,,,,,,,,,,,,,,,,,,,,,,,,,,,,,,,High,High,High,,,,,,88.617441,-2.510244,1872.974879,0.99904,9:00,0.055169,0.998139,0.025979,-79.107143,26.100886,89.908609,94.234522,-62.26257,0.46415,-0.88509,-0.034366,87.77644,-27.655215,0.88509,-0.46415,0.034366,-87.77644,27.655215,-0.88509,0.46415,0.034366,-94.234522,62.26257,-0.46415,0.88509,-0.034366,,,
155,2026-05-10,13:27:13.82,5,2,"Miller, Brady",815959,Left,BOC_EAG,"Levin, Brody",1000077124,Right,NJI_HIG,Undefined,5,Top,1,1,0,ChangeUp,Changeup,InPlay,Undefined,LineDrive,Single,0,1,,82.53013,-0.459528,3.269741,1896.436784,89.220546,9:00,5.46609,-1.96701,5.34644,-40.87073,1.10402,-17.41717,1.62845,-0.34809,75.6778,-7.906685,0.17548,0.4663,97.86269,6.315746,-10.522032,5475.329516,,,,133.9799,131.47582,-8.585379,1.057836,9.72182,1.03965,1.68539,50,5.39515,-6.12264,-119.67866,-2.41604,14.08099,23.38809,-30.66826,BOC_EAG,NJI_HIG,HarringtonVillage,D1,ACC,20260510-HarringtonVillage-1,7c463510-4c95-11f1-b7d8-151fc49268df,80.83299,5.3534,,6.85233,,,,2.31429,1.76728,0.36203,b1484b88-4158-4df7-bc8c-565b9a528c8f,2026-05-10,17:27:13.82,2026-05-10T13:27:13.8225664-04:00,2026-05-10T17:27:13.8225664Z,GroundBall,v3,227,471378,26835,"Johnson, Gunnar",1000100233,Right,BOC_EAG,02c38fcf-4320-4038-948b-be430a430977,55.15442,-120.68175,11.69405,5.47057,-1.1007,-15.33413,1.96094,-6.72657,7.0405,269.265445,2.31429,140.26172,-18.27783,2.36116,-0.53651,0.11001,-0.02185,0.00407,-0.00045,1.76728,15.78956,-18.14264,1.80314,-0.30771,0.07569,-0.01487,0.00255,-0.00029,0.36203,-26.05176,7.54479,-1.26358,0.24506,-0.05333,0.01058,-0.00193,0.00022,,,,,,,,,,,,,,,,,,,,,,,High,High,High,High,High,,,,90.07079,-2.940752,1893.939404,0.998683,9:00,0.043292,0.999062,0.001237,-94.007758,25.127797,85.337469,91.098894,-64.722301,0.426927,-0.904249,-0.008189,89.481125,-25.272723,0.904249,-0.426927,0.008189,-89.481125,25.272723,-0.904249,0.426927,0.008189,-91.098894,64.722301,-0.426927,0.904249,-0.008189,73.50364,12.83991,-7.24834
156,2026-05-10,13:31:49.14,6,1,"Gonzalez, Cesar",831498,Right,BOC_EAG,"Can, Dillon",1000236834,Right,NJI_HIG,Undefined,5,Top,1,0,0,Slider,Slider,StrikeCalled,Undefined,Undefined,Undefined,0,0,,80.69207,0.828271,-2.205485,2263.382547,131.784121,10:30,5.34662,1.69829,5.16262,-36.97809,6.46752,-5.96583,3.04532,-0.8757,75.07669,-5.887662,-3.26024,0.4744,,,,,,,,,,,,2.47791,3.38736,-1.48771,50,5.39544,4.75841,-117.23425,0.39238,3.50672,18.65942,-27.38032,BOC_EAG,NJI_HIG,HarringtonVillage,D1,ACC,20260510-HarringtonVillage-1,2064ac30-4c96-11f1-841b-c9ce9066805e,79.45292,,,5.61538,,,,,,,b1484b88-4158-4df7-bc8c-565b9a528c8f,2026-05-10,17:31:49.14,2026-05-10T13:31:49.1445248-04:00,2026-05-10T17:31:49.1445248Z,,v3,227,471378,26835,"Johnson, Gunnar",1000100233,Right,BOC_EAG,758cd6f8-90ec-4d55-a8a0-d5f0545e6ef1,55.33759,-118.08074,9.32971,5.34947,1.6345,-13.69016,-1.69997,4.59932,1.75336,,,,,,,,,,,,,,,,,,,,,,,,,,,,,,,,,,,,,,,,,,,,,,,,,,,High,High,High,,,,,,50.75252,76.674864,521.656847,0.230477,7:45,-0.964066,0.192534,0.183052,14.624493,32.466319,75.499958,131.330957,-78.892177,0.144667,-0.981266,-0.127231,82.612221,-8.317983,0.981266,-0.144667,0.127231,-82.612221,8.317983,-0.981266,0.144667,0.127231,-131.330957,78.892177,-0.144667,0.981266,-0.127231,,,
157,2026-05-10,13:32:06.39,6,2,"Gonzalez, Cesar",831498,Right,BOC_EAG,"Can, Dillon",1000236834,Right,NJI_HIG,Undefined,5,Top,1,0,1,Slider,Slider,InPlay,Undefined,LineDrive,HomeRun,0,3,,78.85923,1.012222,-0.616503,2279.604147,89.894448,9:00,5.26856,1.74829,5.41384,-44.09872,1.30209,-6.21835,2.5421,0.65252,72.84574,-7.029619,-1.723473,0.484957,100.61192,21.13377,-24.490744,1588.745267,98.77751,38.644,-48.40455,390.05537,368.92938,-29.930635,4.092932,3.00217,0.72508,-1.68889,50,5.32733,1.47151,-114.6039,0.54291,4.01819,19.9157,-31.20359,BOC_EAG,NJI_HIG,HarringtonVillage,D1,ACC,20260510-HarringtonVillage-1,2aaa1130-4c96-11f1-841b-c9ce9066805e,77.72325,53.76535,,6.01348,,,,2.13002,2.62472,-0.60334,b1484b88-4158-4df7-bc8c-565b9a528c8f,2026-05-10,17:32:06.39,2026-05-10T13:32:06.3937536-04:00,2026-05-10T17:32:06.3937536Z,LineDrive,v3,227,471378,26835,"Johnson, Gunnar",1000100233,Right,BOC_EAG,a5073c46-fd0d-4557-819e-f91411c37e1e,55.08727,-115.48458,9.95785,5.27282,1.92274,-15.6018,-1.75003,1.29382,2.00909,150.75886,2.13003,125.25205,-21.6763,5.03278,-0.97939,0.17637,-0.03162,0.00433,-0.00027,2.62496,53.20179,-14.1586,0.04488,0.11818,-0.05266,0.01668,-0.00245,0.00012,-0.60302,-57.06756,3.70059,-0.50209,0.11281,-0.04641,0.01341,-0.00202,0.00012,,,,,,,,,,,,,,,,,,,,,,,High,High,High,High,Medium,,,,52.341995,70.164205,773.528189,0.339326,7:45,-0.933492,0.28521,0.217367,6.288524,55.476528,70.91597,93.903583,-78.504797,0.198824,-0.979941,-0.013567,89.206812,-11.468172,0.979941,-0.198824,0.013567,-89.206812,11.468172,-0.979941,0.198824,0.013567,-93.903583,78.504797,-0.198824,0.979941,-0.013567,69.64445,12.93444,-18.88694
158,2026-05-10,13:32:51.01,7,1,"Gonzalez, Cesar",831498,Right,BOC_EAG,"Vega, Nicholas",10305587,Right,NJI_HIG,Undefined,5,Top,1,0,0,Fastball,Four-Seam,StrikeSwinging,Undefined,Undefined,Undefined,0,0,,92.52321,-1.504538,-2.783879,2188.484002,213.552113,1:00,5.74623,1.45936,5.92496,-15.57131,17.72355,10.91138,3.05059,-0.21656,82.83774,-4.514597,-0.827151,0.415298,,,,,,,,,,,,-6.47134,9.91284,-1.24249,50,5.61702,6.01625,-133.94345,-3.95657,-11.51934,34.37238,-14.52866,BOC_EAG,NJI_HIG,HarringtonVillage,D1,ACC,20260510-HarringtonVillage-1,454214c0-4c96-11f1-841b-c9ce9066805e,90.75997,,,9.68546,,,,,,,b1484b88-4158-4df7-bc8c-565b9a528c8f,2026-05-10,17:32:51.01,2026-05-10T13:32:51.0124032-04:00,2026-05-10T17:32:51.0124032Z,,v3,227,471378,26835,"Johnson, Gunnar",1000100233,Right,BOC_EAG,cb3b547a-bbb2-462a-8c7a-9c821b6ab9d6,54.56892,-135.11083,17.18619,5.74302,-3.46313,-7.26433,-1.45347,6.40748,-5.75967,,,,,,,,,,,,,,,,,,,,,,,,,,,,,,,,,,,,,,,,,,,,,,,,,,,High,High,High,,,,,,212.772159,20.515925,2049.679004,0.936575,1:00,-0.374886,-0.515995,-0.770201,-25.595225,12.347825,31.596565,155.37658,-9.233573,0.411254,-0.16046,-0.897287,10.138893,-24.283609,0.16046,-0.411254,0.897287,-10.138893,24.283609,-0.16046,0.411254,0.897287,-155.37658,9.233573,-0.411254,0.16046,-0.897287,,,
159,2026-05-10,13:33:27.76,7,2,"Gonzalez, Cesar",831498,Right,BOC_EAG,"Vega, Nicholas",10305587,Right,NJI_HIG,Undefined,5,Top,1,0,1,Fastball,Four-Seam,StrikeCalled,Undefined,Undefined,Undefined,0,0,,93.29554,-1.383347,-1.2052,2239.107431,195.848999,12:30,5.75063,1.31043,5.75564,-12.59654,19.90682,5.33579,3.41268,0.63304,84.51379,-3.8258,-0.250264,0.410332,,,,,,,,,,,,-3.06429,10.85497,-1.2137,50,5.62832,2.60231,-135.33451,-3.60707,-5.6391,31.67178,-12.19807,BOC_EAG,NJI_HIG,HarringtonVillage,D1,ACC,20260510-HarringtonVillage-1,5b2ae820-4c96-11f1-841b-c9ce9066805e,91.85836,,,8.78175,,,,,,,b1484b88-4158-4df7-bc8c-565b9a528c8f,2026-05-10,17:33:27.76,2026-05-10T13:33:27.7650432-04:00,2026-05-10T17:33:27.7650432Z,,v3,227,471378,26835,"Johnson, Gunnar",1000100233,Right,BOC_EAG,a6a7b65e-0fe3-4d66-9c98-cefec285230b,54.7403,-136.43935,15.83589,5.74673,-3.18155,-6.09904,-1.30792,2.79903,-2.81955,,,,,,,,,,,,,,,,,,,,,,,,,,,,,,,,,,,,,,,,,,,,,,,,,,,High,High,High,,,,,,208.909413,16.505287,2146.8417,0.958794,1:00,-0.290424,-0.47023,-0.833389,-13.144614,3.059035,37.766595,151.775535,-0.411699,0.472915,-0.007185,-0.881079,0.467253,-28.223671,0.007185,-0.472915,0.881079,-0.467253,28.223671,-0.007185,0.472915,0.881079,-151.775535,0.411699,-0.472915,0.007185,-0.881079,,,
160,2026-05-10,13:33:38.72,7,3,"Gonzalez, Cesar",831498,Right,BOC_EAG,"Vega, Nicholas",10305587,Right,NJI_HIG,Undefined,5,Top,1,0,2,Fastball,Four-Seam,BallCalled,Undefined,Undefined,Undefined,0,0,,94.98962,-0.892163,-3.554876,2248.865595,195.965642,12:30,5.72103,1.4319,5.90949,-9.80745,21.76261,5.88992,4.074,-1.38104,85.10598,-2.856912,-2.501009,0.404398,,,,,,,,,,,,-4.08921,11.60804,-1.14917,50,5.643,8.24647,-137.4025,-2.31105,-7.68989,35.08132,-10.34475,BOC_EAG,NJI_HIG,HarringtonVillage,D1,ACC,20260510-HarringtonVillage-1,61a31880-4c96-11f1-841b-c9ce9066805e,93.20624,,,9.88363,,,,,,,b1484b88-4158-4df7-bc8c-565b9a528c8f,2026-05-10,17:33:38.72,2026-05-10T13:33:38.7245056-04:00,2026-05-10T17:33:38.7245056Z,,v3,227,471378,26835,"Johnson, Gunnar",1000100233,Right,BOC_EAG,409f2e30-655c-453d-8bde-5e8f5d51e858,54.58049,-138.56705,17.54066,5.71401,-1.96765,-5.17238,-1.42715,8.50174,-3.84494,,,,,,,,,,,,,,,,,,,,,,,,,,,,,,,,,,,,,,,,,,,,,,,,,,,High,High,High,,,,,,212.964491,13.714687,2184.746791,0.971488,1:00,-0.278926,-0.532233,-0.79933,-15.223769,6.796749,40.911977,152.550877,-0.819095,0.460914,-0.014295,-0.88733,0.922989,-27.446082,0.014295,-0.460914,0.88733,-0.922989,27.446082,-0.014295,0.460914,0.88733,-152.550877,0.819095,-0.460914,0.014295,-0.88733,,,
161,2026-05-10,13:34:00.96,7,4,"Gonzalez, Cesar",831498,Right,BOC_EAG,"Vega, Nicholas",10305587,Right,NJI_HIG,Undefined,5,Top,1,1,2,Fastball,Four-Seam,BallCalled,Undefined,Undefined,Undefined,0,0,,93.38886,-1.970399,-0.914764,2235.119573,210.236118,1:00,5.65802,1.33054,5.99156,-15.44265,17.09028,9.24426,2.54414,1.25308,83.76529,-4.950067,0.74779,0.410519,,,,,,,,,,,,-5.02236,9.77111,-1.26334,50,5.49424,1.74327,-135.33484,-5.09281,-9.12766,35.06434,-14.41598,BOC_EAG,NJI_HIG,HarringtonVillage,D1,ACC,20260510-HarringtonVillage-1,6ee85000-4c96-11f1-841b-c9ce9066805e,91.8166,,,9.62358,,,,,,,b1484b88-4158-4df7-bc8c-565b9a528c8f,2026-05-10,17:34:00.96,2026-05-10T13:34:00.9644032-04:00,2026-05-10T17:34:00.9644032Z,,v3,227,471378,26835,"Johnson, Gunnar",1000100233,Right,BOC_EAG,a887dfd9-0f36-4826-bd77-b2839645a69a,54.50288,-136.49652,17.53217,5.65505,-4.61521,-7.20799,-1.32611,2.04567,-4.56383,,,,,,,,,,,,,,,,,,,,,,,,,,,,,,,,,,,,,,,,,,,,,,,,,,,High,High,High,,,,,,209.974901,20.535631,2093.087165,0.936454,1:00,-0.347404,-0.479656,-0.805755,-21.203987,3.187212,27.756107,150.902559,-3.25456,0.485512,-0.056772,-0.872385,3.723392,-29.046025,0.056772,-0.485512,0.872385,-3.723392,29.046025,-0.056772,0.485512,0.872385,-150.902559,3.25456,-0.485512,0.056772,-0.872385,,,
162,2026-05-10,13:34:17.07,7,5,"Gonzalez, Cesar",831498,Right,BOC_EAG,"Vega, Nicholas",10305587,Right,NJI_HIG,Undefined,5,Top,1,2,2,Fastball,Four-Seam,BallCalled,Undefined,Undefined,Undefined,0,0,,93.64015,-0.623499,-2.01137,2246.612492,206.445323,1:00,5.75746,1.24676,5.8288,-11.8856,20.54088,9.62949,4.18702,0.17872,84.11255,-2.960283,-0.286608,0.409846,,,,,,,,,,,,-5.53221,10.9906,-1.08806,50,5.69962,4.32237,-135.72424,-1.76877,-10.15752,34.05251,-11.99455,BOC_EAG,NJI_HIG,HarringtonVillage,D1,ACC,20260510-HarringtonVillage-1,78847cb0-4c96-11f1-841b-c9ce9066805e,91.96722,,,9.5276,,,,,,,b1484b88-4158-4df7-bc8c-565b9a528c8f,2026-05-10,17:34:17.07,2026-05-10T13:34:17.0787328-04:00,2026-05-10T17:34:17.0787328Z,,v3,227,471378,26835,"Johnson, Gunnar",1000100233,Right,BOC_EAG,4012d813-2ca3-4c89-af72-99a1dbe47de7,54.6662,-136.88996,17.02626,5.75314,-1.35816,-5.99727,-1.24198,4.6701,-5.07876,,,,,,,,,,,,,,,,,,,,,,,,,,,,,,,,,,,,,,,,,,,,,,,,,,,High,High,High,,,,,,210.869677,20.847907,2099.523248,0.934528,1:00,-0.378587,-0.483339,-0.789339,-24.722375,13.325389,31.009596,157.559104,-10.205675,0.37569,-0.177182,-0.90965,11.022101,-22.066995,0.177182,-0.37569,0.90965,-11.022101,22.066995,-0.177182,0.37569,0.90965,-157.559104,10.205675,-0.37569,0.177182,-0.90965,,,
163,2026-05-10,13:34:33.39,7,6,"Gonzalez, Cesar",831498,Right,BOC_EAG,"Vega, Nicholas",10305587,Right,NJI_HIG,Undefined,5,Top,1,3,2,Fastball,Four-Seam,InPlay,Undefined,LineDrive,Out,1,0,,93.14497,-1.2599,-2.233561,2307.746196,208.329481,1:00,5.73247,1.32938,6.06392,-15.63517,16.47564,8.31437,3.26246,-0.04592,84.77782,-4.250762,-0.737827,0.407847,111.44162,15.780867,-19.694981,1371.47986,101.4955,26.74832,-42.41044,309.54574,258.99365,-29.215415,2.783384,-4.96638,9.19237,-1.16065,50,5.6264,4.92231,-135.22372,-3.43779,-9.15589,30.67859,-15.22723,BOC_EAG,NJI_HIG,HarringtonVillage,D1,ACC,20260510-HarringtonVillage-1,8239d6b0-4c96-11f1-841b-c9ce9066805e,92.41814,31.13682,,8.36715,,,,2.68907,3.37245,0.00531,b1484b88-4158-4df7-bc8c-565b9a528c8f,2026-05-10,17:34:33.39,2026-05-10T13:34:33.3913088-04:00,2026-05-10T17:34:33.3913088Z,LineDrive,v3,227,471378,26835,"Johnson, Gunnar",1000100233,Right,BOC_EAG,8cc1d645-a29a-467f-9fc8-4a576993385a,54.4351,-136.22621,15.3393,5.73061,-2.94021,-7.61362,-1.32638,5.2215,-4.57794,111.24056,2.68884,148.09318,-30.70421,7.06636,-1.57188,0.32843,-0.05615,0.00517,-9E-05,3.3726,44.44575,-19.39155,1.51219,-0.24722,0.05027,-0.01236,0.00302,-0.00033,0.00503,-52.99814,-4.14486,2.6519,-0.83176,0.19848,-0.03124,0.00165,0.00014,,,,,,,,,,,,,,,,,,,,,,,High,High,High,High,Medium,,,,209.072828,20.988025,2154.639483,0.933655,1:00,-0.379649,-0.461448,-0.80183,-19.375942,4.253234,23.007705,152.022837,-1.021472,0.469045,-0.017827,-0.882994,1.156609,-27.972326,0.017827,-0.469045,0.882994,-1.156609,27.972326,-0.017827,0.469045,0.882994,-152.022837,1.021472,-0.469045,0.017827,-0.882994,77.43082,18.0823,-16.85925
164,2026-05-10,13:35:02.22,8,1,"Gonzalez, Cesar",831498,Right,BOC_EAG,"O'Connor, Sheehan",1000132277,Right,NJI_HIG,Undefined,5,Top,2,0,0,Curveball,Curveball,StrikeCalled,Undefined,Undefined,Undefined,0,0,,70.87976,2.252194,0.869177,2292.833994,47.535459,7:30,5.53555,1.43271,5.00729,-69.7122,-11.76473,-14.95332,1.85342,1.0071,64.96116,-10.310459,-1.777479,0.547884,,,,,,,,,,,,7.67221,-5.953,-1.5034,50,5.69502,-0.99969,-102.79069,1.73475,8.13157,18.53073,-38.48348,BOC_EAG,NJI_HIG,HarringtonVillage,D1,ACC,20260510-HarringtonVillage-1,93bbf490-4c96-11f1-841b-c9ce9066805e,68.79636,,,5.91859,,,,,,,b1484b88-4158-4df7-bc8c-565b9a528c8f,2026-05-10,17:35:02.22,2026-05-10T13:35:02.2212608-04:00,2026-05-10T17:35:02.2212608Z,,v3,227,471378,26835,"Johnson, Gunnar",1000100233,Right,BOC_EAG,d31e6e2c-f178-4fdf-8793-14050812b0e5,55.49547,-103.77666,9.26536,5.54825,3.78236,-19.24174,-1.43869,-1.43235,4.06578,,,,,,,,,,,,,,,,,,,,,,,,,,,,,,,,,,,,,,,,,,,,,,,,,,,High,High,High,,,,,,35.643924,35.374086,1869.553249,0.81539,7:15,-0.569779,0.497548,0.654062,-38.832268,-11.992543,22.548276,175.154336,-11.06503,0.082902,-0.191923,-0.977902,11.103736,-4.755374,0.191923,-0.082902,0.977902,-11.103736,4.755374,-0.191923,0.082902,0.977902,-175.154336,11.06503,-0.082902,0.191923,-0.977902,,,
165,2026-05-10,13:35:14.14,8,2,"Gonzalez, Cesar",831498,Right,BOC_EAG,"O'Connor, Sheehan",1000132277,Right,NJI_HIG,Undefined,5,Top,2,0,1,Fastball,Four-Seam,FoulBallNotFieldable,Undefined,Undefined,Undefined,0,0,,92.35052,-2.041112,-1.681141,2261.504106,201.117333,12:45,5.6745,1.34307,5.97631,-13.75115,19.08198,6.94449,2.63484,0.36291,83.95952,-4.692701,-0.433362,0.412408,74.90051,27.646057,165.987071,3331.596924,,,,,45.88817,,,-4.075,10.74347,-1.21402,50,5.50545,3.63491,-134.00796,-5.15586,-7.3684,30.48345,-12.74771,BOC_EAG,NJI_HIG,HarringtonVillage,D1,ACC,20260510-HarringtonVillage-1,9a83cb90-4c96-11f1-841b-c9ce9066805e,91.3959,22.77558,,8.391,,,,1.99865,2.78481,-0.36599,b1484b88-4158-4df7-bc8c-565b9a528c8f,2026-05-10,17:35:14.14,2026-05-10T13:35:14.1430784-04:00,2026-05-10T17:35:14.1430784Z,,v3,227,471378,26835,"Johnson, Gunnar",1000100233,Right,BOC_EAG,e90261a1-c839-4f2f-8751-4d362318ed50,54.52179,-135.03264,15.24173,5.67156,-4.72736,-6.37386,-1.34036,3.8826,-3.6842,302.250508,1.99865,-94.41608,7.45665,-0.55927,0.0289,0.01934,1E-05,-0.00532,0.00312,2.78481,50.97312,-25.12535,2.83398,-0.60404,0.12127,-0.02526,0.00657,-0.00144,-0.36599,23.56321,-9.80271,2.28536,-0.53778,0.11279,-0.02665,0.0075,-0.0018,,,,,,,,,,,,,,,,,,,,,,,High,High,High,High,Undefined,,,,211.365025,21.441622,2104.986562,0.930791,1:00,-0.371233,-0.497178,-0.784219,-29.904955,10.626885,19.318018,158.634363,-7.539034,0.361169,-0.131202,-0.923224,8.088281,-21.172009,0.131202,-0.361169,0.923224,-8.088281,21.172009,-0.131202,0.361169,0.923224,-158.634363,7.539034,-0.361169,0.131202,-0.923224,,,
166,2026-05-10,13:35:29.66,8,3,"Gonzalez, Cesar",831498,Right,BOC_EAG,"O'Connor, Sheehan",1000132277,Right,NJI_HIG,Undefined,5,Top,2,0,2,Slider,Slider,FoulBallNotFieldable,Undefined,Undefined,Undefined,0,0,,81.16019,0.128795,-1.313227,2214.71975,101.002812,9:15,5.25816,1.86023,5.26356,-40.21502,3.14646,-9.34654,2.02794,-0.15256,74.63028,-7.196452,-2.971801,0.47394,72.29648,-28.678143,-60.820995,,,,,6.51818,6.51818,-33.34106,0.044583,4.36512,1.88032,-1.7327,50,5.24004,3.07757,-117.83956,-1.14421,6.14026,22.31073,-29.52909,BOC_EAG,NJI_HIG,HarringtonVillage,D1,ACC,20260510-HarringtonVillage-1,a3dc3880-4c96-11f1-841b-c9ce9066805e,79.52997,2.27562,,6.52992,,,,3.41708,2.27562,0.0498,b1484b88-4158-4df7-bc8c-565b9a528c8f,2026-05-10,17:35:29.66,2026-05-10T13:35:29.6621056-04:00,2026-05-10T17:35:29.6621056Z,GroundBall,v3,227,471378,26835,"Johnson, Gunnar",1000100233,Right,BOC_EAG,60059582-a6f2-4a1c-b0df-c527a76ded94,55.23683,-118.82692,11.15537,5.26177,0.1626,-14.76454,-1.86288,2.80583,3.07013,,3.41608,45.49443,,,,,,,,2.27674,-51.04183,,,,,,,,0.05159,-81.47279,,,,,,,,,,,,,,,,,,,,,,,,,,,,,,High,High,High,Estimated,Estimated,,,,69.001985,74.407006,595.321197,0.268802,8:15,-0.960169,0.253116,0.118358,8.987529,48.20842,75.061168,131.785263,-83.082239,0.089809,-0.99272,-0.080257,85.377937,-5.15263,0.99272,-0.089809,0.080257,-85.377937,5.15263,-0.99272,0.089809,0.080257,-131.785263,83.082239,-0.089809,0.99272,-0.080257,71.9149,19.38504,-13.64367
167,2026-05-10,13:35:47.95,8,4,"Gonzalez, Cesar",831498,Right,BOC_EAG,"O'Connor, Sheehan",1000132277,Right,NJI_HIG,Undefined,5,Top,2,0,2,Slider,Curveball,StrikeSwinging,Strikeout,Undefined,Undefined,0,0,,80.98078,-0.159138,-0.896249,2189.282338,81.628673,8:45,5.47608,1.66326,5.51163,-44.17869,-0.75217,-14.6808,1.64569,-0.3983,74.1739,-8.224185,-3.516001,0.474295,,,,,,,,,,,,7.163,0.0763,-1.57496,50,5.43253,2.42601,-117.56605,-1.84797,9.95527,23.74337,-32.068,BOC_EAG,NJI_HIG,HarringtonVillage,D1,ACC,20260510-HarringtonVillage-1,aebb9390-4c96-11f1-841b-c9ce9066805e,79.47041,,,6.80688,,,,,,,b1484b88-4158-4df7-bc8c-565b9a528c8f,2026-05-10,17:35:47.95,2026-05-10T13:35:47.9510000-04:00,2026-05-10T17:35:47.9510000Z,,v3,227,471378,26835,"Johnson, Gunnar",1000100233,Right,BOC_EAG,8761dba5-8f6a-4ea6-afcb-231205aedaee,54.98802,-118.56914,11.87169,5.48199,-0.49319,-16.034,-1.66857,2.00543,4.97763,,,,,,,,,,,,,,,,,,,,,,,,,,,,,41.75557,,,,,,,-1.92659,6.10149,1.20763,,,,-1.87959,50.74197,-3.20243,6.1856,20.58127,-15.68177,1.22482,25.64915,-1.38928,High,High,High,,,High,High,Medium,58.210059,71.988763,676.933783,0.309204,8:00,-0.949058,0.260176,0.177757,108.197409,7.912155,-24.132961,146.182537,-81.011371,0.086954,-0.987719,-0.129805,82.513143,-4.988416,0.987719,-0.086954,0.129805,-82.513143,4.988416,-0.987719,0.086954,0.129805,-146.182537,81.011371,-0.086954,0.987719,-0.129805,,,
168,2026-05-10,13:37:52.10,1,1,"Willitts, Josh",1000101315,Right,NJI_HIG,"Mainolfi, Ty",839397,Left,BOC_EAG,Undefined,5,Bottom,0,0,0,Sinker,Sinker,StrikeCalled,Undefined,Undefined,Undefined,0,0,,90.12774,-1.112489,-3.177232,2349.493149,245.134667,2:15,5.06694,2.30053,6.04413,-24.04281,10.01595,19.3934,2.03169,0.97208,82.83096,-5.601254,0.30998,0.420035,,,,,,,,,,,,-10.80556,5.76898,-2.06307,50,4.96713,6.45478,-130.88087,-3.33462,-18.84584,26.20447,-22.11243,BOC_EAG,NJI_HIG,HarringtonVillage,D1,ACC,20260510-HarringtonVillage-1,f8ba99a0-4c96-11f1-841b-c9ce9066805e,89.73637,,,7.29678,,,,,,,b1484b88-4158-4df7-bc8c-565b9a528c8f,2026-05-10,17:37:52.10,2026-05-10T13:37:52.1087488-04:00,2026-05-10T17:37:52.1087488Z,,v3,227,471378,26835,"Campbell, Cole",1000115804,Right,NJI_HIG,7201ed85-e096-4f4f-813b-74bab699d58e,54.45602,-131.77001,13.10223,5.06754,-2.58432,-11.05621,-2.29294,7.09424,-9.42292,,,,,,,,,,,,,,,,,,,,,,,,,,,,,,,,,,,,,,,,,,,,,,,,,,,High,High,High,,,,,,235.857957,29.96563,2035.425091,0.866325,1:45,-0.511668,-0.726575,-0.458568,26.349201,54.527759,-3.848375,156.186244,-74.891754,0.105239,-0.965435,-0.238453,76.126177,-6.040919,0.965435,-0.105239,0.238453,-76.126177,6.040919,-0.965435,0.105239,0.238453,-156.186244,74.891754,-0.105239,0.965435,-0.238453,,,
169,2026-05-10,13:38:10.63,1,2,"Willitts, Josh",1000101315,Right,NJI_HIG,"Mainolfi, Ty",839397,Left,BOC_EAG,Undefined,5,Bottom,0,0,1,Fastball,Sinker,BallCalled,Undefined,Undefined,Undefined,0,0,,89.94209,0.011819,-2.60079,2424.688126,229.800841,1:45,5.07088,2.28036,6.03779,-20.31351,14.12375,15.39564,3.38904,1.15352,81.88015,-3.834179,0.166958,0.422363,,,,,,,,,,,,-8.60567,7.58902,-2.08529,50,5.06077,5.27164,-130.55614,-0.59451,-14.81828,28.08912,-19.1064,BOC_EAG,NJI_HIG,HarringtonVillage,D1,ACC,20260510-HarringtonVillage-1,03c3c3d0-4c97-11f1-841b-c9ce9066805e,89.24182,,,8.06195,,,,,,,b1484b88-4158-4df7-bc8c-565b9a528c8f,2026-05-10,17:38:10.63,2026-05-10T13:38:10.6334208-04:00,2026-05-10T17:38:10.6334208Z,,v3,227,471378,26835,"Campbell, Cole",1000115804,Right,NJI_HIG,988a616e-dbf3-4522-a222-9279ef44df71,54.45957,-131.51211,14.04456,5.06994,0.05575,-9.5532,-2.27328,5.77596,-7.40914,,,,,,,,,,,,,,,,,,,,,,,,,,,,,,,,,,,,,,,,,,,,,,,,,,,High,High,High,,,,,,237.399647,35.613038,1971.194528,0.812968,2:00,-0.601725,-0.684764,-0.411127,-65.396527,-38.773647,-63.086879,179.665653,7.550628,0.005785,0.131402,-0.991312,7.550756,0.331448,0.131402,0.005785,0.991312,-7.550756,-0.331448,-0.131402,-0.005785,0.991312,-179.665653,-7.550628,-0.005785,-0.131402,-0.991312,,,
170,2026-05-10,13:38:29.19,1,3,"Willitts, Josh",1000101315,Right,NJI_HIG,"Mainolfi, Ty",839397,Left,BOC_EAG,Undefined,5,Bottom,0,1,1,Sweeper,Curveball,BallCalled,Undefined,Undefined,Undefined,0,0,,80.71937,0.715848,-2.176905,2310.976272,75.956949,8:30,5.00105,2.40314,5.40711,-46.99731,-3.11425,-17.97072,1.75583,-1.13503,74.06275,-7.829365,-5.370019,0.476782,,,,,,,,,,,,8.41201,-1.36957,-2.19634,50,5.03192,5.17702,-117.1245,-0.1848,11.61696,23.32786,-34.0654,BOC_EAG,NJI_HIG,HarringtonVillage,D1,ACC,20260510-HarringtonVillage-1,0edf6490-4c97-11f1-841b-c9ce9066805e,79.05592,,,6.65662,,,,,,,b1484b88-4158-4df7-bc8c-565b9a528c8f,2026-05-10,17:38:29.19,2026-05-10T13:38:29.1937792-04:00,2026-05-10T17:38:29.1937792Z,,v3,227,471378,26835,"Campbell, Cole",1000115804,Right,NJI_HIG,e8a64076-b22f-4f33-a96f-5f4873d397ea,55.09348,-118.13461,11.66393,5.00798,1.29027,-17.0327,-2.40962,4.674,5.80848,,,,,,,,,,,,,,,,,,,,,,,,,,,,,,,,,,,,,,,,,,,,,,,,,,,High,High,High,,,,,,51.099392,54.30405,1348.417235,0.583484,7:45,-0.791888,0.464199,0.396777,-45.571511,45.05636,11.050335,116.774503,-50.11349,0.572516,-0.767316,-0.288879,69.369657,-34.925876,0.767316,-0.572516,0.288879,-69.369657,34.925876,-0.767316,0.572516,0.288879,-116.774503,50.11349,-0.572516,0.767316,-0.288879,,,
171,2026-05-10,13:38:48.09,1,4,"Willitts, Josh",1000101315,Right,NJI_HIG,"Mainolfi, Ty",839397,Left,BOC_EAG,Undefined,5,Bottom,0,2,1,Sinker,Sinker,BallCalled,Undefined,Undefined,Undefined,0,0,,90.93168,0.189075,-4.940351,2402.46353,242.369533,2:00,5.08772,2.22948,5.86645,-25.62702,8.13012,13.61855,3.12843,-1.23624,83.52163,-4.564441,-2.510471,0.418171,,,,,,,,,,,,-8.18768,4.42638,-1.83618,50,5.08817,10.79524,-131.74851,-0.4553,-14.51019,25.81995,-24.32962,BOC_EAG,NJI_HIG,HarringtonVillage,D1,ACC,20260510-HarringtonVillage-1,1a1c9710-4c97-11f1-841b-c9ce9066805e,90.13635,,,7.41004,,,,,,,b1484b88-4158-4df7-bc8c-565b9a528c8f,2026-05-10,17:38:48.09,2026-05-10T13:38:48.0947712-04:00,2026-05-10T17:38:48.0947712Z,,v3,227,471378,26835,"Campbell, Cole",1000115804,Right,NJI_HIG,43db0ff8-0ce7-4ae6-9bf6-8ecc15054474,54.63264,-132.65331,12.90997,5.08918,0.39727,-12.16481,-2.22338,11.30372,-7.2551,,,,,,,,,,,,,,,,,,,,,,,,,,,,,,,,,,,,,,,,,,,,,,,,,,,High,High,High,,,,,,238.129953,37.418374,1908.084116,0.79422,2:00,-0.643701,-0.672481,-0.365266,-95.037409,-12.831707,68.620765,160.066999,-67.000679,0.133205,-0.920509,-0.367313,68.246409,-7.654823,0.920509,-0.133205,0.367313,-68.246409,7.654823,-0.920509,0.133205,0.367313,-160.066999,67.000679,-0.133205,0.920509,-0.367313,,,
172,2026-05-10,13:39:06.54,1,5,"Willitts, Josh",1000101315,Right,NJI_HIG,"Mainolfi, Ty",839397,Left,BOC_EAG,Undefined,5,Bottom,0,3,1,Sinker,Sinker,BallCalled,Walk,Undefined,Undefined,0,0,,90.87623,0.895013,-3.34208,2312.598525,259.520066,2:45,5.08452,2.19235,5.87665,-29.07962,4.96693,20.78367,3.49394,0.81686,82.55976,-4.510384,0.38119,0.41996,,,,,,,,,,,,-11.51079,2.63843,-1.93363,50,5.14034,6.77413,-131.7924,1.02631,-20.1556,29.16918,-27.55415,BOC_EAG,NJI_HIG,HarringtonVillage,D1,ACC,20260510-HarringtonVillage-1,2528f590-4c97-11f1-841b-c9ce9066805e,89.75243,,,8.31647,,,,,,,b1484b88-4158-4df7-bc8c-565b9a528c8f,2026-05-10,17:39:06.54,2026-05-10T13:39:06.5464320-04:00,2026-05-10T17:39:06.5464320Z,,v3,227,471378,26835,"Campbell, Cole",1000115804,Right,NJI_HIG,6cd37a51-0a4d-4165-a700-3e1b5948a3b3,54.62196,-132.81142,14.58459,5.08767,1.98891,-13.77708,-2.18258,7.47826,-10.0778,,,,,,,,,,,,,,,,,,,,,,,,,,,,,,,,,,,,,,,,,,,,,,,,,,,High,High,High,,,,,,240.877885,26.13466,2076.161409,0.897761,2:00,-0.47738,-0.777294,-0.409783,58.194312,63.366296,37.530385,175.884914,77.185019,0.015917,0.975091,-0.221232,77.216971,0.911994,0.975091,0.015917,0.221232,-77.216971,-0.911994,-0.975091,-0.015917,0.221232,-175.884914,-77.185019,-0.015917,-0.975091,-0.221232,,,
173,2026-05-10,13:39:40.89,2,1,"Willitts, Josh",1000101315,Right,NJI_HIG,"Johnson, Gunnar",1000100233,Right,BOC_EAG,Undefined,5,Bottom,0,0,0,Sinker,Sinker,StrikeCalled,Undefined,Undefined,Undefined,0,0,,90.83942,0.634104,-4.801575,2294.42733,264.047325,2:45,5.07455,2.19705,5.83997,-31.03537,3.51606,21.69749,3.07969,-0.46781,81.7281,-5.132994,-0.926936,0.423062,,,,,,,,,,,,-12.50591,1.98571,-1.81751,50,5.10845,10.06106,-131.38122,0.33809,-21.55402,31.45396,-28.7517,BOC_EAG,NJI_HIG,HarringtonVillage,D1,ACC,20260510-HarringtonVillage-1,3999f600-4c97-11f1-841b-c9ce9066805e,89.09431,,,9.11132,,,,,,,b1484b88-4158-4df7-bc8c-565b9a528c8f,2026-05-10,17:39:40.89,2026-05-10T13:39:40.8940032-04:00,2026-05-10T17:39:40.8940032Z,,v3,227,471378,26835,"Campbell, Cole",1000115804,Right,NJI_HIG,562f55a0-1d71-4dbf-8eae-22cf5aa121e6,54.65763,-132.49161,15.72698,5.0786,1.35308,-14.37585,-2.18612,10.82196,-10.77701,,,,,,,,,,,,,,,,,,,,,,,,,,,,,,,,,,,,,,,,,,,,,,,,,,,High,High,High,,,,,,241.266844,27.731144,2030.891301,0.885141,2:00,-0.507839,-0.770955,-0.384355,45.071034,63.970979,23.752563,178.827725,-75.162458,0.005239,-0.966656,-0.256026,75.165426,-0.300176,0.966656,-0.005239,0.256026,-75.165426,0.300176,-0.966656,0.005239,0.256026,-178.827725,75.162458,-0.005239,0.966656,-0.256026,,,
174,2026-05-10,13:40:14.44,2,2,"Willitts, Josh",1000101315,Right,NJI_HIG,"Johnson, Gunnar",1000100233,Right,BOC_EAG,Undefined,5,Bottom,0,0,1,Sinker,Sinker,FoulBallNotFieldable,Undefined,Undefined,Undefined,0,0,,89.92188,-1.127811,-3.992823,2330.791534,252.800731,2:30,5.07023,2.27327,6.01166,-27.81966,6.46063,17.55588,1.70446,0.03136,82.76787,-6.284739,-0.841258,0.421399,77.45735,27.175781,110.39746,5689.670731,,,,,50.7862,,,-10.07343,3.93217,-1.96909,50,4.96624,8.37874,-130.47821,-3.52219,-17.48038,25.75597,-25.35055,BOC_EAG,NJI_HIG,HarringtonVillage,D1,ACC,20260510-HarringtonVillage-1,4d90bd60-4c97-11f1-841b-c9ce9066805e,89.44592,22.44858,,7.15401,,,,-0.7868,1.51082,-0.08211,b1484b88-4158-4df7-bc8c-565b9a528c8f,2026-05-10,17:40:14.44,2026-05-10T13:40:14.4498688-04:00,2026-05-10T17:40:14.4498688Z,,v3,227,471378,26835,"Campbell, Cole",1000115804,Right,NJI_HIG,69b450fc-ac0a-4955-b965-d328df715525,54.48892,-131.36132,12.87799,5.0721,-2.65298,-12.67528,-2.26666,8.9781,-8.74019,,-0.7868,-35.22358,-1.28816,0.4249,-0.08881,0.02262,-0.00664,0.00301,-0.00099,1.51082,51.88541,-26.14704,3.36039,-0.79,0.18473,-0.04009,0.00555,0.00055,-0.08211,94.72622,-17.77327,3.39213,-0.78968,0.17486,-0.03513,-0.0001,0.00308,,,,,,,,,,,,,,,,,,,,,,,High,High,High,Medium,Undefined,,,,238.824232,28.960607,2039.332632,0.874953,2:00,-0.499779,-0.757981,-0.41915,11.586216,48.739472,-12.173739,164.036339,-69.114554,0.098048,-0.934295,-0.342753,69.854083,-5.62675,0.934295,-0.098048,0.342753,-69.854083,5.62675,-0.934295,0.098048,0.342753,-164.036339,69.114554,-0.098048,0.934295,-0.342753,77.32595,-2.96347,16.72918
175,2026-05-10,13:40:35.94,2,3,"Willitts, Josh",1000101315,Right,NJI_HIG,"Johnson, Gunnar",1000100233,Right,BOC_EAG,Undefined,5,Bottom,0,0,2,Sweeper,Curveball,BallCalled,Undefined,Undefined,Undefined,0,0,,81.53175,-0.083726,-0.942292,2350.04863,64.179835,8:15,5.08566,2.25057,5.09953,-47.53361,-3.70673,-10.80729,1.04562,0.46195,74.17231,-8.697826,-2.857207,0.476477,,,,,,,,,,,,5.08666,-1.39354,-2.15274,50,5.0405,2.40211,-118.19213,-1.93106,7.09443,25.47544,-34.11766,BOC_EAG,NJI_HIG,HarringtonVillage,D1,ACC,20260510-HarringtonVillage-1,5a664320-4c97-11f1-841b-c9ce9066805e,79.10656,,,7.35944,,,,,,,b1484b88-4158-4df7-bc8c-565b9a528c8f,2026-05-10,17:40:35.94,2026-05-10T13:40:35.9454208-04:00,2026-05-10T17:40:35.9454208Z,,v3,227,471378,26835,"Campbell, Cole",1000115804,Right,NJI_HIG,52e227f2-2efe-48a1-8967-c0b5386e1c39,55.39925,-119.35022,12.73772,5.09303,-0.3801,-17.05883,-2.2546,2.0796,3.54721,,,,,,,,,,,,,,,,,,,,,,,,,,,,,,,,,,,,,,,,,,,,,,,,,,,High,High,High,,,,,,52.674014,55.96197,1315.423389,0.559743,7:45,-0.823622,0.443895,0.352992,-15.757599,19.111787,15.318717,115.555483,-49.051337,0.591265,-0.755297,-0.282722,69.478165,-36.246838,0.755297,-0.591265,0.282722,-69.478165,36.246838,-0.755297,0.591265,0.282722,-115.555483,49.051337,-0.591265,0.755297,-0.282722,,,
176,2026-05-10,13:41:17.30,2,4,"Willitts, Josh",1000101315,Right,NJI_HIG,"Johnson, Gunnar",1000100233,Right,BOC_EAG,Undefined,5,Bottom,0,1,2,Fastball,Four-Seam,InPlay,Undefined,GroundBall,Out,1,0,,91.10336,-1.082138,-4.024111,2393.8749,217.288082,1:15,5.09859,2.23948,5.82081,-20.48422,13.73635,9.54351,2.38288,-0.71269,82.36524,-4.947456,-2.319652,0.421032,71.65744,-9.847279,15.89786,,,,,13.70363,12.6606,18.674806,0.134157,-6.10174,7.69201,-1.91551,50,4.9979,8.85618,-131.87219,-3.15805,-10.63273,30.77517,-18.77017,BOC_EAG,NJI_HIG,HarringtonVillage,D1,ACC,20260510-HarringtonVillage-1,7309f0c0-4c97-11f1-841b-c9ce9066805e,89.52391,2.33946,,8.73812,,,,-0.10213,2.33946,0.75822,b1484b88-4158-4df7-bc8c-565b9a528c8f,2026-05-10,17:41:17.30,2026-05-10T13:41:17.3038592-04:00,2026-05-10T17:41:17.3038592Z,GroundBall,v3,227,471378,26835,"Campbell, Cole",1000115804,Right,NJI_HIG,c13f6dfa-b262-400a-bd38-28367ee465bd,54.67572,-132.9589,15.38759,5.09771,-2.49526,-9.38509,-2.23486,9.23163,-5.31636,162.433753,-0.1018,99.55619,-15.1429,,,,,,,2.33896,-17.92466,3.68346,,,,,,,0.75852,28.33465,-9.57074,,,,,,,,,,,,,,,,,,,,,,,,,,,,,High,High,High,High,High,,,,238.272629,31.441294,2042.394395,0.853175,2:00,-0.53806,-0.735398,-0.411923,-73.063167,-25.044449,-34.974763,168.900851,-4.807456,0.19183,-0.083808,-0.977843,4.898649,-11.059608,0.083808,-0.19183,0.977843,-4.898649,11.059608,-0.083808,0.19183,0.977843,-168.900851,4.807456,-0.19183,0.083808,-0.977843,66.39137,13.25064,6.25133
177,2026-05-10,13:41:52.95,3,1,"Willitts, Josh",1000101315,Right,NJI_HIG,"Gallo, Luke",828057,Right,BOC_EAG,Undefined,5,Bottom,1,0,0,Sweeper,Curveball,BallCalled,Undefined,Undefined,Undefined,0,0,,80.57895,-0.361542,-2.239643,2208.787214,74.23754,8:30,5.08059,2.30294,5.28954,-47.46026,-2.49032,-14.67812,0.78582,-1.02431,72.90451,-8.995958,-4.844814,0.48265,,,,,,,,,,,,6.57823,-0.64315,-2.08779,50,5.01325,5.17017,-116.6656,-2.42081,8.8619,26.56373,-33.04047,BOC_EAG,NJI_HIG,HarringtonVillage,D1,ACC,20260510-HarringtonVillage-1,8856d240-4c97-11f1-841b-c9ce9066805e,78.09469,,,7.67443,,,,,,,b1484b88-4158-4df7-bc8c-565b9a528c8f,2026-05-10,17:41:52.95,2026-05-10T13:41:52.9548800-04:00,2026-05-10T17:41:52.9548800Z,,v3,227,471378,26835,"Campbell, Cole",1000115804,Right,NJI_HIG,db4a6379-5ab3-4a1b-a1e9-8d0ce85a4d12,55.20796,-117.84544,13.28187,5.08818,-0.9533,-16.52024,-2.30869,4.77656,4.43095,,,,,,,,,,,,,,,,,,,,,,,,,,,,,,,,,,,,,,,,,,,,,,,,,,,High,High,High,,,,,,47.67624,52.637475,1340.416016,0.606856,7:30,-0.78105,0.443656,0.439466,-27.790875,34.405317,9.310545,114.48357,-55.600822,0.514154,-0.825122,-0.234136,74.158233,-30.940956,0.825122,-0.514154,0.234136,-74.158233,30.940956,-0.825122,0.514154,0.234136,-114.48357,55.600822,-0.514154,0.825122,-0.234136,,,
178,2026-05-10,13:42:11.34,3,2,"Willitts, Josh",1000101315,Right,NJI_HIG,"Gallo, Luke",828057,Right,BOC_EAG,Undefined,5,Bottom,1,1,0,Sweeper,Curveball,StrikeSwinging,Undefined,Undefined,Undefined,0,0,,79.8161,0.285804,-2.870484,2323.019455,73.917756,8:30,5.06242,2.36709,5.38488,-47.68581,-2.54496,-13.95871,1.35684,-1.48897,73.02611,-8.380863,-5.348084,0.483566,,,,,,,,,,,,6.1391,-0.92276,-2.10016,50,5.05447,6.36164,-115.68824,-1.07925,8.23986,23.52343,-33.41258,BOC_EAG,NJI_HIG,HarringtonVillage,D1,ACC,20260510-HarringtonVillage-1,934ce9a0-4c97-11f1-841b-c9ce9066805e,77.94676,,,6.78999,,,,,,,b1484b88-4158-4df7-bc8c-565b9a528c8f,2026-05-10,17:42:11.34,2026-05-10T13:42:11.3439744-04:00,2026-05-10T17:42:11.3439744Z,,v3,227,471378,26835,"Campbell, Cole",1000115804,Right,NJI_HIG,6962d9d0-d56e-4898-95f6-f5d867cc0de6,55.11441,-116.72354,11.76172,5.06961,0.39129,-16.70629,-2.37216,5.999,4.11993,,,,,,,,,,,,,,,,,,,,,,,,,,,,,,,,,,,,,,,,,,,,,,,,,,,High,High,High,,,,,,51.282415,55.061122,1330.398466,0.572702,7:45,-0.79856,0.450928,0.398706,-37.335053,36.920309,14.201203,120.106919,-50.349939,0.552012,-0.769956,-0.320079,67.426809,-33.505144,0.769956,-0.552012,0.320079,-67.426809,33.505144,-0.769956,0.552012,0.320079,-120.106919,50.349939,-0.552012,0.769956,-0.320079,,,
179,2026-05-10,13:42:32.21,3,3,"Willitts, Josh",1000101315,Right,NJI_HIG,"Gallo, Luke",828057,Right,BOC_EAG,Undefined,5,Bottom,1,1,1,Sinker,Sinker,StrikeCalled,Undefined,Undefined,Undefined,0,0,,91.30855,-1.006748,-4.890569,2320.910648,262.303093,2:45,5.0751,2.20738,5.85267,-30.10328,3.8513,19.9154,1.62754,-0.68821,82.94042,-6.578512,-1.331645,0.419392,,,,,,,,,,,,-11.55883,2.63603,-1.82057,50,4.97562,10.41978,-132.12981,-3.42019,-20.301,29.86501,-27.54436,BOC_EAG,NJI_HIG,HarringtonVillage,D1,ACC,20260510-HarringtonVillage-1,9faf6240-4c97-11f1-841b-c9ce9066805e,89.87393,,,8.36814,,,,,,,b1484b88-4158-4df7-bc8c-565b9a528c8f,2026-05-10,17:42:32.21,2026-05-10T13:42:32.2157568-04:00,2026-05-10T17:42:32.2157568Z,,v3,227,471378,26835,"Campbell, Cole",1000115804,Right,NJI_HIG,676a7c02-777f-492f-a0c1-fe5bab0d6f0b,54.64591,-133.17578,14.9325,5.07852,-2.4555,-13.77218,-2.19795,11.13078,-10.1505,,,,,,,,,,,,,,,,,,,,,,,,,,,,,,,,,,,,,,,,,,,,,,,,,,,High,High,High,,,,,,240.297404,22.089153,2150.555427,0.9266,2:00,-0.399674,-0.811336,-0.426608,-97.22125,-19.464602,78.924491,161.903431,-74.872822,0.08106,-0.965349,-0.248054,75.589183,-4.649499,0.965349,-0.08106,0.248054,-75.589183,4.649499,-0.965349,0.08106,0.248054,-161.903431,74.872822,-0.08106,0.965349,-0.248054,,,
180,2026-05-10,13:43:13.38,3,4,"Willitts, Josh",1000101315,Right,NJI_HIG,"Gallo, Luke",828057,Right,BOC_EAG,Undefined,5,Bottom,1,1,2,Sinker,Sinker,StrikeSwinging,Strikeout,Undefined,Undefined,0,0,,91.18582,-0.098605,-3.371554,2305.96683,267.499626,3:00,5.12637,2.12933,5.84103,-32.29821,2.26638,20.75013,2.34305,0.72148,81.37246,-6.111112,0.345954,0.423143,,,,,,,,,,,,-11.67611,1.62221,-1.86627,50,5.09988,6.82784,-131.9552,-1.40872,-20.0531,34.86261,-29.38801,BOC_EAG,NJI_HIG,HarringtonVillage,D1,ACC,20260510-HarringtonVillage-1,b8409950-4c97-11f1-841b-c9ce9066805e,89.07731,,,9.81336,,,,,,,b1484b88-4158-4df7-bc8c-565b9a528c8f,2026-05-10,17:43:13.38,2026-05-10T13:43:13.3881344-04:00,2026-05-10T17:43:13.3881344Z,,v3,227,471378,26835,"Campbell, Cole",1000115804,Right,NJI_HIG,bdc2c768-1da6-4e0d-85ea-e8b4d558b575,54.6545,-133.17924,17.4313,5.13123,-0.37689,-14.69401,-2.11836,7.53192,-10.02655,,,,,,,,,,,,,,,,,,,,,,,,,,,,,,,,,,,,,,,,,,,,,,,,,,,High,High,High,,,,,,237.167753,30.999282,1976.614244,0.857174,2:00,-0.54023,-0.721135,-0.433723,35.787954,61.156929,10.290564,167.70742,-73.327401,0.061083,-0.95796,-0.280325,73.689113,-3.501957,0.95796,-0.061083,0.280325,-73.689113,3.501957,-0.95796,0.061083,0.280325,-167.70742,73.327401,-0.061083,0.95796,-0.280325,,,
181,2026-05-10,13:43:48.65,4,1,"Willitts, Josh",1000101315,Right,NJI_HIG,"Wolff, Kyle",813479,Right,BOC_EAG,Undefined,5,Bottom,2,0,0,ChangeUp,Changeup,StrikeCalled,Undefined,Undefined,Undefined,0,0,,85.00824,-0.209305,-4.569511,1922.506925,243.309553,2:00,5.09947,2.12892,5.90652,-29.53281,10.21087,17.18521,2.44351,-0.68952,75.85824,-5.764075,-1.496202,0.453738,,,,,,,,,,,,-10.25469,5.76048,-1.77049,50,5.06622,9.08333,-122.81504,-1.38503,-15.28879,29.73523,-23.58572,BOC_EAG,NJI_HIG,HarringtonVillage,D1,ACC,20260510-HarringtonVillage-1,cd3f5ad0-4c97-11f1-841b-c9ce9066805e,83.07089,,,9.15001,,,,,,,b1484b88-4158-4df7-bc8c-565b9a528c8f,2026-05-10,17:43:48.65,2026-05-10T13:43:48.6539264-04:00,2026-05-10T17:43:48.6539264Z,,v3,227,471378,26835,"Campbell, Cole",1000115804,Right,NJI_HIG,819f23ab-8747-4605-9261-e2019a171de1,54.5868,-123.92059,14.86762,5.10142,-0.50811,-11.79286,-2.11878,9.65177,-7.6444,,,,,,,,,,,,,,,,,,,,,,,,,,,,,,,,,,,,,,,,,,,,,,,,,,,High,High,High,,,,,,241.975427,23.565276,1762.179836,0.916605,2:00,-0.429884,-0.810585,-0.397683,-76.904549,-10.578643,65.111785,90.169591,-13.189427,0.973617,-0.228171,-0.002882,89.276385,-76.809502,0.228171,-0.973617,0.002882,-89.276385,76.809502,-0.228171,0.973617,0.002882,-90.169591,13.189427,-0.973617,0.228171,-0.002882,,,
182,2026-05-10,13:44:08.26,4,2,"Willitts, Josh",1000101315,Right,NJI_HIG,"Wolff, Kyle",813479,Right,BOC_EAG,Undefined,5,Bottom,2,0,1,Sinker,Sinker,BallCalled,Undefined,Undefined,Undefined,0,0,,91.62,-0.372994,-5.5014,2296.806245,265.945064,2:45,5.10895,2.23567,5.82168,-31.47817,2.99496,22.64072,2.13739,-1.00805,81.53772,-6.232413,-1.463927,0.422583,,,,,,,,,,,,-13.31757,2.11311,-1.79719,50,5.0603,11.67692,-132.18235,-2.02194,-22.94943,35.00035,-28.53266,BOC_EAG,NJI_HIG,HarringtonVillage,D1,ACC,20260510-HarringtonVillage-1,d8f6ed70-4c97-11f1-841b-c9ce9066805e,89.19542,,,10.08228,,,,,,,b1484b88-4158-4df7-bc8c-565b9a528c8f,2026-05-10,17:44:08.26,2026-05-10T13:44:08.2628608-04:00,2026-05-10T17:44:08.2628608Z,,v3,227,471378,26835,"Campbell, Cole",1000115804,Right,NJI_HIG,82e3bdb3-61e9-4d8c-9d4d-8af940623062,54.67324,-133.41403,17.50018,5.11378,-1.01786,-14.26633,-2.22232,12.48452,-11.47471,,,,,,,,,,,,,,,,,,,,,,,,,,,,,,,,,,,,,,,,,,,,,,,,,,,High,High,High,,,,,,240.689809,31.677648,1954.618961,0.851016,2:00,-0.557841,-0.745474,-0.364804,-96.593724,-17.31894,71.039118,170.054258,-72.665815,0.05146,-0.954583,-0.293467,72.911036,-2.949722,0.954583,-0.05146,0.293467,-72.911036,2.949722,-0.954583,0.05146,0.293467,-170.054258,72.665815,-0.05146,0.954583,-0.293467,,,
183,2026-05-10,13:44:28.95,4,3,"Willitts, Josh",1000101315,Right,NJI_HIG,"Wolff, Kyle",813479,Right,BOC_EAG,Undefined,5,Bottom,2,1,1,Fastball,Four-Seam,FoulBallNotFieldable,Undefined,Undefined,Undefined,0,0,,91.55125,0.633962,-3.325602,2402.887367,224.412307,1:30,5.10156,2.14322,6.01528,-19.39564,14.20485,12.76544,4.07353,0.12296,82.54102,-3.059234,-1.034739,0.4172,72.77379,42.480156,120.95072,4402.093432,,,,,35.77967,,,-7.58095,7.4389,-1.88909,50,5.14084,7.1554,-132.67941,0.87573,-13.35715,31.45507,-19.06719,BOC_EAG,NJI_HIG,HarringtonVillage,D1,ACC,20260510-HarringtonVillage-1,e53f2750-4c97-11f1-841b-c9ce9066805e,90.34624,32.74369,,9.01022,,,,0.12103,4.08723,-0.10116,b1484b88-4158-4df7-bc8c-565b9a528c8f,2026-05-10,17:44:28.95,2026-05-10T13:44:28.9505280-04:00,2026-05-10T17:44:28.9505280Z,,v3,227,471378,26835,"Campbell, Cole",1000115804,Right,NJI_HIG,4e4a0c03-ef62-42e2-bbaf-1822341bb978,54.48146,-133.73764,15.72753,5.10058,1.5172,-9.53359,-2.13737,7.60477,-6.67857,,0.13186,-40.79006,-1.54807,,,,,,,4.10847,71.49271,-26.07861,,,,,,,-0.08278,66.99985,-12.33923,,,,,,,,,,,,,,,,,,,,,,,,,,,,,High,High,High,High,Undefined,,,,239.264818,33.088034,2013.217737,0.837833,2:00,-0.577768,-0.714065,-0.395341,-68.28603,-40.723779,-50.62287,173.21271,-3.295106,0.117988,-0.057479,-0.99135,3.318311,-6.776017,0.057479,-0.117988,0.99135,-3.318311,6.776017,-0.057479,0.117988,0.99135,-173.21271,3.295106,-0.117988,0.057479,-0.99135,40.37965,9.8264,20.67721
184,2026-05-10,13:44:53.53,4,4,"Willitts, Josh",1000101315,Right,NJI_HIG,"Wolff, Kyle",813479,Right,BOC_EAG,Undefined,5,Bottom,2,1,2,Sinker,Sinker,BallCalled,Undefined,Undefined,Undefined,0,0,,92.1015,0.011633,-5.31198,2349.939226,268.380827,3:00,5.06683,2.19621,6.14174,-31.66549,1.72012,16.90367,2.43884,-1.31815,82.71948,-5.89067,-2.280086,0.415864,,,,,,,,,,,,-10.39099,1.28811,-1.79847,50,5.05189,11.6326,-133.11675,-1.09184,-18.31833,33.24502,-29.90323,BOC_EAG,NJI_HIG,HarringtonVillage,D1,ACC,20260510-HarringtonVillage-1,f3f246b0-4c97-11f1-841b-c9ce9066805e,90.63651,,,9.38202,,,,,,,b1484b88-4158-4df7-bc8c-565b9a528c8f,2026-05-10,17:44:53.53,2026-05-10T13:44:53.5349760-04:00,2026-05-10T17:44:53.5349760Z,,v3,227,471378,26835,"Campbell, Cole",1000115804,Right,NJI_HIG,d3ebcb63-225e-4651-9c76-c5e3305f10b9,54.35476,-134.19991,16.62251,5.07159,-0.11755,-14.95161,-2.18719,12.22943,-9.15917,,,,,,,,,,,,,,,,,,,,,,,,,,,,,,,,,,,,,,,,,,,,,,,,,,,High,High,High,,,,,,241.027488,27.796428,2078.779864,0.88461,2:00,-0.504155,-0.773808,-0.383469,30.00056,52.835549,5.764801,169.553686,75.824872,0.044401,0.969552,-0.240828,76.050574,2.544849,0.969552,0.044401,0.240828,-76.050574,-2.544849,-0.969552,-0.044401,0.240828,-169.553686,-75.824872,-0.044401,-0.969552,-0.240828,,,
185,2026-05-10,13:45:14.42,4,5,"Willitts, Josh",1000101315,Right,NJI_HIG,"Wolff, Kyle",813479,Right,BOC_EAG,Undefined,5,Bottom,2,2,2,Sweeper,Slider,BallCalled,Undefined,Undefined,Undefined,0,0,,81.44295,0.430166,0.328425,2499.340924,79.190656,8:45,5.06016,2.19788,5.12115,-45.96707,-1.75961,-17.83934,1.63478,1.02062,73.40531,-7.947949,-2.833154,0.478541,,,,,,,,,,,,8.96138,-0.53181,-2.21428,50,5.06518,0.0915,-117.97427,-0.80323,12.35687,26.96269,-32.90736,BOC_EAG,NJI_HIG,HarringtonVillage,D1,ACC,20260510-HarringtonVillage-1,00603100-4c98-11f1-841b-c9ce9066805e,78.76535,,,8.03764,,,,,,,b1484b88-4158-4df7-bc8c-565b9a528c8f,2026-05-10,17:45:14.42,2026-05-10T13:45:14.4237568-04:00,2026-05-10T17:45:14.4237568Z,,v3,227,471378,26835,"Campbell, Cole",1000115804,Right,NJI_HIG,ce73ddf1-d919-4d5a-8f0b-119981bf3525,55.37622,-119.19665,13.48135,5.06778,0.68866,-16.45368,-2.20573,-0.46871,6.17844,,,,,,,,,,,,,,,,,,,,,,,,,,,,,,,,,,,,,,,,,,,,,,,,,,,High,High,High,,,,,,53.13558,51.125346,1568.633164,0.627619,7:45,-0.776875,0.507962,0.372076,-24.524338,26.374593,8.808031,116.976159,-51.56598,0.553979,-0.783325,-0.281976,70.202478,-33.640393,0.783325,-0.553979,0.281976,-70.202478,33.640393,-0.783325,0.553979,0.281976,-116.976159,51.56598,-0.553979,0.783325,-0.281976,,,
186,2026-05-10,13:45:34.37,4,6,"Willitts, Josh",1000101315,Right,NJI_HIG,"Wolff, Kyle",813479,Right,BOC_EAG,Undefined,5,Bottom,2,3,2,Sinker,Sinker,FoulBallNotFieldable,Undefined,Undefined,Undefined,0,0,,91.98726,-0.04259,-2.780441,2397.87378,265.36786,2:45,5.15225,2.15768,5.85577,-30.8086,2.64256,18.18111,2.54526,1.08742,83.19995,-5.758094,0.479458,0.416272,,,,,,,,,,,,-10.20749,1.68378,-1.94272,50,5.13082,5.68501,-133.40998,-1.21868,-18.16431,32.08155,-29.17776,BOC_EAG,NJI_HIG,HarringtonVillage,D1,ACC,20260510-HarringtonVillage-1,0c3c3b90-4c98-11f1-841b-c9ce9066805e,90.54771,,,8.78731,,,,,,,b1484b88-4158-4df7-bc8c-565b9a528c8f,2026-05-10,17:45:34.37,2026-05-10T13:45:34.3736320-04:00,2026-05-10T17:45:34.3736320Z,,v3,227,471378,26835,"Campbell, Cole",1000115804,Right,NJI_HIG,38caad23-6c33-43bb-9cc5-b4af2c9501d8,54.64349,-134.52198,16.04077,5.15553,-0.20734,-14.58888,-2.15068,6.31461,-9.08216,,,,,,,,,,,,,,,,,,,,,,,,,,,,,,,,,,,,,,,,,,,,,,,,,,,High,High,High,,,,,,240.685871,32.984262,2011.384821,0.83882,2:00,-0.563146,-0.731812,-0.383819,29.627335,53.395816,2.211626,170.439536,74.686536,0.043864,0.964495,-0.260432,74.889437,2.514022,0.964495,0.043864,0.260432,-74.889437,-2.514022,-0.964495,-0.043864,0.260432,-170.439536,-74.686536,-0.043864,-0.964495,-0.260432,,,
187,2026-05-10,13:46:00.39,4,7,"Willitts, Josh",1000101315,Right,NJI_HIG,"Wolff, Kyle",813479,Right,BOC_EAG,Undefined,5,Bottom,2,3,2,ChangeUp,Changeup,BallCalled,Walk,Undefined,Undefined,0,0,,84.89158,-0.383059,-5.650097,1752.147243,244.057305,2:15,5.07037,2.19389,6.0302,-29.48415,9.60115,16.98505,2.25688,-1.64007,77.0614,-5.890664,-2.613915,0.449964,,,,,,,,,,,,-10.35154,5.45453,-1.75992,50,5.02444,11.45649,-122.7231,-1.74719,-15.69529,25.60295,-23.90371,BOC_EAG,NJI_HIG,HarringtonVillage,D1,ACC,20260510-HarringtonVillage-1,1bcc4d70-4c98-11f1-841b-c9ce9066805e,83.76762,,,7.83018,,,,,,,b1484b88-4158-4df7-bc8c-565b9a528c8f,2026-05-10,17:46:00.39,2026-05-10T13:46:00.3919360-04:00,2026-05-10T17:46:00.3919360Z,,v3,227,471378,26835,"Campbell, Cole",1000115804,Right,NJI_HIG,3059e4fb-1aad-496d-b060-2a6372061233,54.46742,-123.65161,12.80148,5.07209,-0.88031,-11.95185,-2.18571,12.02568,-7.84764,,,,,,,,,,,,,,,,,,,,,,,,,,,,,,,,,,,,,,,,,,,,,,,,,,,High,High,High,,,,,,242.326653,24.654725,1592.418155,0.908838,2:00,-0.451314,-0.807647,-0.379502,-76.175798,-12.801861,58.556749,94.30407,-8.724269,0.985642,-0.151679,-0.074181,63.938334,-80.279175,0.151679,-0.985642,0.074181,-63.938334,80.279175,-0.151679,0.985642,0.074181,-94.30407,8.724269,-0.985642,0.151679,-0.074181,,,
188,2026-05-10,13:46:44.82,5,1,"Willitts, Josh",1000101315,Right,NJI_HIG,"Surowiec, Danny",831970,Left,BOC_EAG,Undefined,5,Bottom,2,0,0,Sweeper,Curveball,StrikeSwinging,Undefined,Undefined,Undefined,0,0,,81.52495,0.482761,-1.453126,2350.189949,69.563471,8:15,4.93582,2.46676,5.5156,-47.96739,-4.93839,-17.08843,1.3901,-0.31631,74.43059,-8.262646,-4.500445,0.47212,,,,,,,,,,,,8.19461,-2.23701,-2.32835,50,4.94571,3.69067,-118.30607,-0.68581,11.47973,25.00597,-35.30786,BOC_EAG,NJI_HIG,HarringtonVillage,D1,ACC,20260510-HarringtonVillage-1,3659c9b0-4c98-11f1-841b-c9ce9066805e,79.83661,,,7.09436,,,,,,,b1484b88-4158-4df7-bc8c-565b9a528c8f,2026-05-10,17:46:44.82,2026-05-10T13:46:44.8267776-04:00,2026-05-10T17:46:44.8267776Z,,v3,227,471378,26835,"Campbell, Cole",1000115804,Right,NJI_HIG,6cda90df-cbd7-4943-adc9-c4bc47a8df78,54.98465,-119.35501,12.50299,4.94341,0.79527,-17.65393,-2.47306,3.20912,5.73987,,,,,,,,,,,,,,,,,,,,,,,,,,,,,,,,,,,,,,,,,,,,,,,,,,,High,High,High,,,,,,54.998009,57.008347,1279.718011,0.544517,7:45,-0.826773,0.453082,0.333411,-36.133258,44.138452,16.208602,107.419929,-45.32516,0.670837,-0.711108,-0.210484,73.511569,-42.13166,0.711108,-0.670837,0.210484,-73.511569,42.13166,-0.711108,0.670837,0.210484,-107.419929,45.32516,-0.670837,0.711108,-0.210484,,,
189,2026-05-10,13:47:06.01,5,2,"Willitts, Josh",1000101315,Right,NJI_HIG,"Surowiec, Danny",831970,Left,BOC_EAG,Undefined,5,Bottom,2,0,1,ChangeUp,Changeup,BallCalled,Undefined,Undefined,Undefined,0,0,,82.96514,-0.387855,-4.794228,1846.365332,250.794966,2:15,5.10445,2.33808,5.82777,-34.30616,6.2113,14.44158,1.88378,-0.92558,76.61901,-6.702729,-2.21616,0.458134,,,,,,,,,,,,-8.57485,3.63961,-1.95428,50,5.05227,9.51986,-120.26271,-1.93969,-12.68368,21.1409,-26.79048,BOC_EAG,NJI_HIG,HarringtonVillage,D1,ACC,20260510-HarringtonVillage-1,42ec5300-4c98-11f1-841b-c9ce9066805e,82.27385,,,6.34612,,,,,,,b1484b88-4158-4df7-bc8c-565b9a528c8f,2026-05-10,17:47:06.01,2026-05-10T13:47:06.0168192-04:00,2026-05-10T17:47:06.0168192Z,,v3,227,471378,26835,"Campbell, Cole",1000115804,Right,NJI_HIG,42f4f373-561c-480f-a199-202855dcd885,54.67246,-121.08129,10.57045,5.10729,-0.90235,-13.39524,-2.3324,10.01097,-6.34184,,,,,,,,,,,,,,,,,,,,,,,,,,,,,,,,,,,,,,,,,,,,,,,,,,,High,High,High,,,,,,246.63546,17.65176,1759.433137,0.952917,2:15,-0.327847,-0.876811,-0.351738,-78.151458,-10.503322,67.171723,94.282963,-9.441625,0.983698,-0.164043,-0.073671,65.815456,-79.640383,0.164043,-0.983698,0.073671,-65.815456,79.640383,-0.164043,0.983698,0.073671,-94.282963,9.441625,-0.983698,0.164043,-0.073671,,,
190,2026-05-10,13:47:25.34,5,3,"Willitts, Josh",1000101315,Right,NJI_HIG,"Surowiec, Danny",831970,Left,BOC_EAG,Undefined,5,Bottom,2,1,1,Sinker,Sinker,BallCalled,Undefined,Undefined,Undefined,0,0,,91.22709,0.822734,-2.6265,2371.188593,234.873761,1:45,5.05579,2.37094,6.01229,-24.70269,8.69497,10.88831,3.76025,0.84346,83.33255,-3.797219,-0.670542,0.415939,,,,,,,,,,,,-6.29264,4.56512,-2.17053,50,5.10692,5.60681,-132.44886,1.07186,-11.19294,27.93696,-24.0539,BOC_EAG,NJI_HIG,HarringtonVillage,D1,ACC,20260510-HarringtonVillage-1,4e6703b0-4c98-11f1-841b-c9ce9066805e,90.62017,,,7.89454,,,,,,,b1484b88-4158-4df7-bc8c-565b9a528c8f,2026-05-10,17:47:25.34,2026-05-10T13:47:25.3464064-04:00,2026-05-10T17:47:25.3464064Z,,v3,227,471378,26835,"Campbell, Cole",1000115804,Right,NJI_HIG,2a0351c7-9af5-4b2f-be55-c80bf18b2e8e,54.48573,-133.39166,13.96848,5.05705,1.88362,-12.02695,-2.36612,5.98454,-5.59647,,,,,,,,,,,,,,,,,,,,,,,,,,,,,,,,,,,,,,,,,,,,,,,,,,,High,High,High,,,,,,237.50711,32.73566,1994.583103,0.841174,2:00,-0.571024,-0.701657,-0.426155,-75.303682,-48.017407,-40.158046,162.131806,-3.290162,0.306323,-0.057393,-0.950196,3.456512,-17.837751,0.057393,-0.306323,0.950196,-3.456512,17.837751,-0.057393,0.306323,0.950196,-162.131806,3.290162,-0.306323,0.057393,-0.950196,,,
191,2026-05-10,13:47:45.01,5,4,"Willitts, Josh",1000101315,Right,NJI_HIG,"Surowiec, Danny",831970,Left,BOC_EAG,Undefined,5,Bottom,2,2,1,Sweeper,Curveball,StrikeCalled,Undefined,Undefined,Undefined,0,0,,79.6777,2.186187,-0.015508,2185.441096,58.912415,8:00,5.0228,2.34389,5.29974,-53.5203,-7.61197,-15.438,2.61619,1.04283,71.72636,-7.581876,-2.758266,0.48766,,,,,,,,,,,,7.64973,-3.96835,-2.33104,50,5.18308,0.68006,-115.39798,2.47693,10.09611,25.72871,-37.41149,BOC_EAG,NJI_HIG,HarringtonVillage,D1,ACC,20260510-HarringtonVillage-1,5a2c51f0-4c98-11f1-841b-c9ce9066805e,77.29243,,,7.95134,,,,,,,b1484b88-4158-4df7-bc8c-565b9a528c8f,2026-05-10,17:47:45.01,2026-05-10T13:47:45.0114560-04:00,2026-05-10T17:47:45.0114560Z,,v3,227,471378,26835,"Campbell, Cole",1000115804,Right,NJI_HIG,6b8aab7d-1d41-471f-ab4f-ea814b898ad3,55.19806,-116.55116,12.86436,5.03448,4.15374,-18.70574,-2.35138,0.22754,5.04805,,,,,,,,,,,,,,,,,,,,,,,,,,,,,,,,,,,,,,,,,,,,,,,,,,,High,High,High,,,,,,56.163803,47.570833,1474.469506,0.674678,7:45,-0.716095,0.588159,0.375868,-43.309331,47.432748,0.422618,108.843773,-49.31366,0.616977,-0.75829,-0.210562,74.481076,-38.095689,0.75829,-0.616977,0.210562,-74.481076,38.095689,-0.75829,0.616977,0.210562,-108.843773,49.31366,-0.616977,0.75829,-0.210562,,,
192,2026-05-10,13:48:04.42,5,5,"Willitts, Josh",1000101315,Right,NJI_HIG,"Surowiec, Danny",831970,Left,BOC_EAG,Undefined,5,Bottom,2,2,2,Sweeper,Curveball,BallCalled,Undefined,Undefined,Undefined,0,0,,81.47071,1.828214,-0.111978,2273.219923,77.921461,8:30,5.05919,2.36544,5.19515,-45.62794,-1.75319,-15.50391,2.97714,0.96812,73.54365,-6.508468,-2.859504,0.476737,,,,,,,,,,,,7.62339,-0.94606,-2.34307,50,5.19465,0.90235,-118.0219,2.09488,10.58056,25.81499,-33.48708,BOC_EAG,NJI_HIG,HarringtonVillage,D1,ACC,20260510-HarringtonVillage-1,65b5f6c0-4c98-11f1-841b-c9ce9066805e,79.06342,,,7.92706,,,,,,,b1484b88-4158-4df7-bc8c-565b9a528c8f,2026-05-10,17:48:04.42,2026-05-10T13:48:04.4273664-04:00,2026-05-10T17:48:04.4273664Z,,v3,227,471378,26835,"Campbell, Cole",1000115804,Right,NJI_HIG,27065a75-aca8-4e82-967b-b599a6d4a983,55.30167,-119.17589,12.90749,5.06755,3.59183,-16.74354,-2.37283,0.42937,5.29028,,,,,,,,,,,,,,,,,,,,,,,,,,,,,,,,,,,,,,,,,,,,,,,,,,,High,High,High,,,,,,55.993768,54.735988,1312.431878,0.577345,7:45,-0.800183,0.504411,0.324464,-29.295685,31.021331,4.384451,107.930349,-54.870325,0.547481,-0.817852,-0.177152,77.778177,-33.194383,0.817852,-0.547481,0.177152,-77.778177,33.194383,-0.817852,0.547481,0.177152,-107.930349,54.870325,-0.547481,0.817852,-0.177152,,,
193,2026-05-10,13:48:26.21,5,6,"Willitts, Josh",1000101315,Right,NJI_HIG,"Surowiec, Danny",831970,Left,BOC_EAG,Undefined,5,Bottom,2,3,2,Sweeper,Curveball,FoulBallNotFieldable,Undefined,Undefined,Undefined,0,0,,80.702,0.797828,-1.867376,2335.269962,75.553922,8:30,5.00991,2.32691,5.4795,-46.37912,-2.24543,-14.60143,1.89193,-0.63775,73.34954,-7.681701,-4.466808,0.478142,,,,,,,,,,,,6.82737,-1.02012,-2.15255,50,5.04823,4.39352,-117.02378,0.03869,9.32737,25.13672,-33.5677,BOC_EAG,NJI_HIG,HarringtonVillage,D1,ACC,20260510-HarringtonVillage-1,72a93db0-4c98-11f1-841b-c9ce9066805e,78.83112,,,7.35246,,,,,,,b1484b88-4158-4df7-bc8c-565b9a528c8f,2026-05-10,17:48:26.21,2026-05-10T13:48:26.2169600-04:00,2026-05-10T17:48:26.2169600Z,,v3,227,471378,26835,"Campbell, Cole",1000115804,Right,NJI_HIG,3c1086da-26f0-4c67-a26e-ff5b6b42291f,55.02033,-118.09722,12.56836,5.01597,1.47217,-16.78385,-2.33167,3.99521,4.66369,,,,,,,,,,,,,,,,,,,,,,,,,,,,,,,,,,,,,,,,,,,,,,,,,,,High,High,High,,,,,,58.347563,57.453245,1256.346441,0.537988,8:00,-0.82685,0.469654,0.309425,-45.604193,40.97874,13.652588,116.857982,-46.513026,0.613954,-0.725531,-0.310911,66.803482,-37.875955,0.725531,-0.613954,0.310911,-66.803482,37.875955,-0.725531,0.613954,0.310911,-116.857982,46.513026,-0.613954,0.725531,-0.310911,,,
194,2026-05-10,13:48:50.73,5,7,"Willitts, Josh",1000101315,Right,NJI_HIG,"Surowiec, Danny",831970,Left,BOC_EAG,Undefined,5,Bottom,2,3,2,Sinker,Sinker,FoulBallNotFieldable,Undefined,Undefined,Undefined,0,0,,91.269,0.955155,-3.677003,2364.961791,273.467955,3:00,5.12514,2.12348,5.88157,-33.89777,-0.08205,19.98348,3.18926,0.3694,82.86296,-5.310894,-0.097618,0.418534,79.69244,5.903616,-168.496115,1308.055499,,,,,46.68533,,,-11.06796,0.14346,-1.83643,50,5.18374,7.57295,-132.27996,0.93254,-19.50709,29.61051,-31.92123,BOC_EAG,NJI_HIG,HarringtonVillage,D1,ACC,20260510-HarringtonVillage-1,814c0960-4c98-11f1-841b-c9ce9066805e,90.05825,6.86654,,8.40604,,,,1.67219,3.01906,0.10737,b1484b88-4158-4df7-bc8c-565b9a528c8f,2026-05-10,17:48:50.73,2026-05-10T13:48:50.7375616-04:00,2026-05-10T17:48:50.7375616Z,,v3,227,471378,26835,"Campbell, Cole",1000115804,Right,NJI_HIG,bcc30f50-7fa0-4c5f-8bf8-442ae0ff9112,54.61542,-133.3091,14.80525,5.13205,2.042,-15.96061,-2.11142,8.25094,-9.75354,202.7396,1.65588,-113.4367,17.2321,,,,,,,3.01451,12.16079,-7.88259,,,,,,,0.10903,-23.23765,-0.26777,,,,,,,,,,,,,,,,,,,,,,,,,,,,,High,High,High,Medium,Undefined,,,,238.025418,35.766288,1918.948594,0.811408,2:00,-0.622202,-0.678465,-0.390576,42.195174,67.26045,11.422954,164.262138,-74.532783,0.072335,-0.963783,-0.25669,75.086304,-4.148127,0.963783,-0.072335,0.25669,-75.086304,4.148127,-0.963783,0.072335,0.25669,-164.262138,74.532783,-0.072335,0.963783,-0.25669,63.07495,-13.40164,-30.44741
195,2026-05-10,13:49:15.46,5,8,"Willitts, Josh",1000101315,Right,NJI_HIG,"Surowiec, Danny",831970,Left,BOC_EAG,Undefined,5,Bottom,2,3,2,Sweeper,Curveball,BallCalled,Walk,Undefined,Undefined,0,0,,80.46395,1.822049,1.658098,2261.210813,70.957246,8:15,5.06625,2.28997,5.36599,-48.56558,-4.63882,-17.30757,2.72887,2.40284,73.89964,-7.016269,-1.419529,0.477019,,,,,,,,,,,,9.10934,-2.38776,-2.42617,50,5.19528,-2.67227,-116.82186,1.9861,12.61139,21.63279,-35.47975,BOC_EAG,NJI_HIG,HarringtonVillage,D1,ACC,20260510-HarringtonVillage-1,901289b0-4c98-11f1-841b-c9ce9066805e,79.01659,,,6.56431,,,,,,,b1484b88-4158-4df7-bc8c-565b9a528c8f,2026-05-10,17:49:15.46,2026-05-10T13:49:15.4688000-04:00,2026-05-10T17:49:15.4688000Z,,v3,227,471378,26835,"Campbell, Cole",1000115804,Right,NJI_HIG,912a16fd-13cf-4c21-a92c-d7b24138e8fe,55.13529,-117.76896,10.81639,5.07432,3.53943,-17.73988,-2.29709,-3.22441,6.3057,,,,,,,,,,,,,,,,,,,,,,,,,,,,,,,,,,,,,,,,,,,,,,,,,,,High,High,High,,,,,,56.027287,49.842365,1458.238463,0.644893,7:45,-0.756997,0.558842,0.338603,-54.031578,46.880413,-4.923173,108.248268,-52.690445,0.575638,-0.795372,-0.189798,76.578643,-35.14435,0.795372,-0.575638,0.189798,-76.578643,35.14435,-0.795372,0.575638,0.189798,-108.248268,52.690445,-0.575638,0.795372,-0.189798,,,
196,2026-05-10,13:50:37.05,6,1,"Willitts, Josh",1000101315,Right,NJI_HIG,"Williams, Ben",831962,Right,BOC_EAG,Undefined,5,Bottom,2,0,0,Sweeper,Curveball,BallCalled,Undefined,Undefined,Undefined,0,0,,79.90498,2.549476,0.936909,2199.988215,85.024832,8:45,4.99381,2.42419,5.18158,-45.1618,0.05283,-16.38587,3.63097,1.94029,72.68369,-5.693664,-1.964673,0.483962,,,,,,,,,,,,8.38634,-0.24028,-2.49843,50,5.1968,-1.20432,-115.81999,3.54338,11.33215,22.68336,-32.49873,BOC_EAG,NJI_HIG,HarringtonVillage,D1,ACC,20260510-HarringtonVillage-1,c0abcaa0-4c98-11f1-841b-c9ce9066805e,77.8831,,,7.22129,,,,,,,b1484b88-4158-4df7-bc8c-565b9a528c8f,2026-05-10,17:50:37.05,2026-05-10T13:50:37.0554880-04:00,2026-05-10T17:50:37.0554880Z,,v3,227,471378,26835,"Campbell, Cole",1000115804,Right,NJI_HIG,126f4f49-b4d7-4d8c-a704-13af61b4c9d7,55.31691,-116.85667,11.34168,5.00092,5.02865,-16.24937,-2.43156,-1.72222,5.66607,,,,,,,,,,,,,,,,,,,,,,,,,,,,,,,,,,,,,,,,,,,,,,,,,,,High,High,High,,,,,,56.226697,53.646751,1304.069255,0.592762,7:45,-0.787946,0.528067,0.31668,-35.416031,28.222796,4.918753,118.5714,-53.303982,0.524799,-0.801817,-0.28579,70.382534,-31.65468,0.801817,-0.524799,0.28579,-70.382534,31.65468,-0.801817,0.524799,0.28579,-118.5714,53.303982,-0.524799,0.801817,-0.28579,,,
197,2026-05-10,13:50:52.37,6,2,"Willitts, Josh",1000101315,Right,NJI_HIG,"Williams, Ben",831962,Right,BOC_EAG,Undefined,5,Bottom,2,1,0,Sinker,Sinker,StrikeCalled,Undefined,Undefined,Undefined,0,0,,91.46794,-0.861465,-4.223894,2215.464241,260.700777,2:45,5.01989,2.11808,5.84985,-29.25675,4.34886,19.91572,1.7791,-0.15429,83.51161,-6.27353,-0.66045,0.417232,,,,,,,,,,,,-11.33194,2.80508,-1.78573,50,4.93263,8.91386,-132.56401,-3.05543,-20.13707,28.70265,-27.18939,BOC_EAG,NJI_HIG,HarringtonVillage,D1,ACC,20260510-HarringtonVillage-1,c9cf1dd0-4c98-11f1-841b-c9ce9066805e,90.33935,,,7.95633,,,,,,,b1484b88-4158-4df7-bc8c-565b9a528c8f,2026-05-10,17:50:52.37,2026-05-10T13:50:52.3772928-04:00,2026-05-10T17:50:52.3772928Z,,v3,227,471378,26835,"Campbell, Cole",1000115804,Right,NJI_HIG,911b121b-b3ca-4dbe-a03e-742e20bf8862,54.64978,-133.56698,14.35132,5.0228,-2.10533,-13.5947,-2.10951,9.61752,-10.06853,,,,,,,,,,,,,,,,,,,,,,,,,,,,,,,,,,,,,,,,,,,,,,,,,,,High,High,High,,,,,,240.599743,25.403907,2001.24223,0.903306,2:00,-0.448644,-0.793332,-0.411513,69.063913,63.812402,51.376958,172.711657,77.290992,0.02791,0.9755,-0.218222,77.390381,1.599319,0.9755,0.02791,0.218222,-77.390381,-1.599319,-0.9755,-0.02791,0.218222,-172.711657,-77.290992,-0.02791,-0.9755,-0.218222,,,
198,2026-05-10,13:51:07.38,6,3,"Willitts, Josh",1000101315,Right,NJI_HIG,"Williams, Ben",831962,Right,BOC_EAG,Undefined,5,Bottom,2,1,1,Sinker,Sinker,StrikeCalled,Undefined,Undefined,Undefined,0,0,,91.31284,0.152398,-3.75974,2330.282331,274.311475,3:15,5.06953,2.11594,5.90968,-34.0001,-0.13898,17.28513,2.37795,0.06169,82.76129,-6.134981,-0.661516,0.418815,,,,,,,,,,,,-9.92969,0.27032,-1.8234,50,5.06273,7.9279,-132.32757,-0.90065,-17.43915,30.7447,-31.69933,BOC_EAG,NJI_HIG,HarringtonVillage,D1,ACC,20260510-HarringtonVillage-1,d2b87540-4c98-11f1-841b-c9ce9066805e,89.99789,,,8.55155,,,,,,,b1484b88-4158-4df7-bc8c-565b9a528c8f,2026-05-10,17:51:07.38,2026-05-10T13:51:07.3857536-04:00,2026-05-10T17:51:07.3857536Z,,v3,227,471378,26835,"Campbell, Cole",1000115804,Right,NJI_HIG,d9e5b890-5b6f-4f77-beb0-2f9e1aef9c58,54.5885,-133.38939,15.37235,5.07492,0.19414,-15.84967,-2.10761,8.53019,-8.71958,,,,,,,,,,,,,,,,,,,,,,,,,,,,,,,,,,,,,,,,,,,,,,,,,,,High,High,High,,,,,,237.70766,37.964573,1837.174266,0.788391,2:00,-0.643235,-0.664815,-0.379828,51.735424,64.669765,20.6131,176.778322,75.033558,0.014514,0.966077,-0.257845,75.056152,0.8316,0.966077,0.014514,0.257845,-75.056152,-0.8316,-0.966077,-0.014514,0.257845,-176.778322,-75.033558,-0.014514,-0.966077,-0.257845,,,
199,2026-05-10,13:51:27.08,6,4,"Willitts, Josh",1000101315,Right,NJI_HIG,"Williams, Ben",831962,Right,BOC_EAG,Undefined,5,Bottom,2,1,2,Sinker,Sinker,FoulBallNotFieldable,Undefined,Undefined,Undefined,0,0,,91.67877,1.028857,-3.435227,2316.555973,267.940343,3:00,5.11948,2.09669,6.01671,-31.57927,1.91957,20.83962,3.44272,0.64746,82.78374,-4.847984,0.307844,0.416568,,,,,,,,,,,,-11.72922,1.02724,-1.83822,50,5.18328,7.06482,-132.89743,1.26209,-20.73038,31.60585,-30.35851,BOC_EAG,NJI_HIG,HarringtonVillage,D1,ACC,20260510-HarringtonVillage-1,de79cbe0-4c98-11f1-841b-c9ce9066805e,90.48323,,,8.89503,,,,,,,b1484b88-4158-4df7-bc8c-565b9a528c8f,2026-05-10,17:51:27.08,2026-05-10T13:51:27.0896128-04:00,2026-05-10T17:51:27.0896128Z,,v3,227,471378,26835,"Campbell, Cole",1000115804,Right,NJI_HIG,6b0cedf5-47a3-4705-bd91-fc51b374a4de,54.48194,-133.95909,15.80292,5.12376,2.28185,-15.17926,-2.08722,7.76117,-10.36519,,,,,,,,,,,,,,,,,,,,,,,,,,,,,,,,,,,,,,,,,,,,,,,,,,,High,High,High,,,,,,239.157962,32.56121,1952.432665,0.842817,2:00,-0.576008,-0.713849,-0.398291,20.282099,54.213045,-8.943142,169.272759,-72.73893,0.055231,-0.954963,-0.291541,73.023089,-3.1661,0.954963,-0.055231,0.291541,-73.023089,3.1661,-0.954963,0.055231,0.291541,-169.272759,72.73893,-0.055231,0.954963,-0.291541,,,
200,2026-05-10,13:51:49.05,6,5,"Willitts, Josh",1000101315,Right,NJI_HIG,"Williams, Ben",831962,Right,BOC_EAG,Undefined,5,Bottom,2,1,2,Sinker,Sinker,InPlay,Undefined,LineDrive,Double,0,2,,91.46811,0.441367,-4.539322,2348.766824,274.814968,3:15,5.03666,2.10339,5.95879,-34.17793,-0.65197,20.74714,2.59908,-0.38587,83.31273,-5.87008,-0.822344,0.416737,104.4376,3.128014,37.812319,4274.723348,,,,104.39672,100.80705,42.56098,0.769627,-11.96627,-0.14673,-1.75405,50,5.05265,9.63416,-132.55749,-0.21876,-21.22109,29.21223,-32.43426,BOC_EAG,NJI_HIG,HarringtonVillage,D1,ACC,20260510-HarringtonVillage-1,eb8fdd10-4c98-11f1-841b-c9ce9066805e,90.44661,3.71422,,8.15538,,,,0.3669,2.62279,0.25604,b1484b88-4158-4df7-bc8c-565b9a528c8f,2026-05-10,17:51:49.05,2026-05-10T13:51:49.0590720-04:00,2026-05-10T17:51:49.0590720Z,GroundBall,v3,227,471378,26835,"Campbell, Cole",1000115804,Right,NJI_HIG,5ef9e9ed-b205-4163-a707-13da4ed6a6b2,54.54215,-133.55472,14.60612,5.04122,0.88845,-16.21713,-2.09529,10.35859,-10.61054,,0.48735,118.69343,-25.41193,,,,,,,2.64976,7.88198,-14.75677,,,,,,,0.23111,94.22883,-3.57964,,,,,,,,,,,,,,,,,,,,,,,,,,,,,High,High,High,High,High,,,,243.517143,24.18429,2142.621377,0.912232,2:00,-0.446841,-0.81333,-0.372596,37.498644,64.664302,20.074049,171.588985,-74.998361,0.037862,-0.965918,-0.256063,75.152552,-2.169871,0.965918,-0.037862,0.256063,-75.152552,2.169871,-0.965918,0.037862,0.256063,-171.588985,74.998361,-0.037862,0.965918,-0.256063,72.93938,7.36319,20.65005
201,2026-05-10,13:55:59.66,7,1,"Riordan, Tade",10148375,Right,NJI_HIG,"Larson, Colin",831502,Left,BOC_EAG,Undefined,5,Bottom,2,0,0,Slider,Slider,BallCalled,Undefined,Undefined,Undefined,0,0,,83.48324,-1.591082,-2.780797,2376.594812,94.550115,9:15,5.94896,1.86013,5.67055,-38.77801,1.57673,-4.70729,1.2319,-1.12683,77.20296,-8.658748,-3.621995,0.457213,,,,,,,,,,,,1.65791,1.57201,-1.62218,50,5.78984,6.07107,-121.15506,-4.69879,2.47169,23.00079,-29.83041,BOC_EAG,NJI_HIG,HarringtonVillage,D1,ACC,20260510-HarringtonVillage-1,80f93900-4c99-11f1-b41d-1bccaf3e6a43,82.43954,,,6.28027,,,,,,,b1484b88-4158-4df7-bc8c-565b9a528c8f,2026-05-10,17:55:59.66,2026-05-10T13:55:59.6637696-04:00,2026-05-10T17:55:59.6637696Z,,v3,227,471378,26835,"Campbell, Cole",1000115804,Right,NJI_HIG,f05bccb1-c5c4-4edd-a4c4-825150851ba2,54.82959,-122.0685,11.5004,5.95292,-3.51413,-14.91521,-1.86133,5.97291,1.23584,,,,,,,,,,,,,,,,,,,,,,,,,,,,,,,,,,,,,,,,,,,,,,,,,,,High,High,High,,,,,,82.885346,86.751504,134.673484,0.056667,8:45,-0.998052,0.028487,0.055504,-76.558807,41.629416,63.858512,152.11747,-20.275817,0.438682,-0.34654,-0.829137,22.6826,-26.01981,0.34654,-0.438682,0.829137,-22.6826,26.01981,-0.34654,0.438682,0.829137,-152.11747,20.275817,-0.438682,0.34654,-0.829137,,,
202,2026-05-10,13:56:18.06,7,2,"Riordan, Tade",10148375,Right,NJI_HIG,"Larson, Colin",831502,Left,BOC_EAG,Undefined,5,Bottom,2,1,0,Slider,Slider,StrikeCalled,Undefined,Undefined,Undefined,0,0,,81.93683,-0.260496,-1.734172,2380.120646,71.339103,8:30,5.88135,1.79878,5.51817,-43.37124,-0.94701,-6.88654,2.0234,-0.39705,75.01837,-8.178607,-2.962646,0.46879,,,,,,,,,,,,2.96681,0.01134,-1.64302,50,5.82965,3.87921,-118.89928,-2.05461,4.22041,24.1322,-32.15794,BOC_EAG,NJI_HIG,HarringtonVillage,D1,ACC,20260510-HarringtonVillage-1,8bf62e30-4c99-11f1-b41d-1bccaf3e6a43,80.40364,,,6.91846,,,,,,,b1484b88-4158-4df7-bc8c-565b9a528c8f,2026-05-10,17:56:18.06,2026-05-10T13:56:18.0628480-04:00,2026-05-10T17:56:18.0628480Z,,v3,227,471378,26835,"Campbell, Cole",1000115804,Right,NJI_HIG,b7282d2f-cd84-4674-8349-674293f5b488,54.98062,-119.9059,12.0661,5.88737,-0.71321,-16.07897,-1.80116,3.70316,2.11021,,,,,,,,,,,,,,,,,,,,,,,,,,,,,,,,,,,,,,,,,,,,,,,,,,,High,High,High,,,,,,64.164527,81.730446,342.333608,0.14383,8:15,-0.98783,0.124954,0.092616,-63.713643,36.396072,71.728612,151.455824,-12.039464,0.467326,-0.208585,-0.859127,13.646659,-27.860848,0.208585,-0.467326,0.859127,-13.646659,27.860848,-0.208585,0.467326,0.859127,-151.455824,12.039464,-0.467326,0.208585,-0.859127,,,
203,2026-05-10,13:56:34.51,7,3,"Riordan, Tade",10148375,Right,NJI_HIG,"Larson, Colin",831502,Left,BOC_EAG,Undefined,5,Bottom,2,1,1,Fastball,Four-Seam,FoulBallNotFieldable,Undefined,Undefined,Undefined,0,0,,92.27704,-1.58617,-2.016054,2314.218977,209.762782,1:00,5.96933,1.9005,6.22581,-14.33013,18.14536,9.77233,3.31039,0.85399,84.09875,-4.349916,-0.252222,0.410156,78.5151,32.651965,-153.035978,2389.250909,,,,,48.59369,,,-5.63418,10.17272,-1.75448,50,5.84342,4.30615,-133.99266,-4.09264,-10.21658,29.65279,-13.72762,BOC_EAG,NJI_HIG,HarringtonVillage,D1,ACC,20260510-HarringtonVillage-1,95b943d0-4c99-11f1-b41d-1bccaf3e6a43,91.89779,27.73695,,8.17829,,,,-0.3861,3.085,-0.77192,b1484b88-4158-4df7-bc8c-565b9a528c8f,2026-05-10,17:56:34.51,2026-05-10T13:56:34.5154560-04:00,2026-05-10T17:56:34.5154560Z,,v3,227,471378,26835,"Campbell, Cole",1000115804,Right,NJI_HIG,f0cec1d8-93f9-44ef-8efa-970d46e49301,54.27205,-134.93476,14.82639,5.96651,-3.6565,-6.86381,-1.89644,4.63074,-5.10829,19.161742,-0.3861,-86.41653,5.1145,0.35637,-0.22938,0.08775,-0.02225,0.00439,-0.00027,3.085,62.13026,-29.44613,4.19501,-0.85756,0.1708,-0.0253,-0.00112,0.00269,-0.77192,-43.96309,5.23605,0.49161,-0.21249,0.0763,-0.01944,0.00533,-0.00121,,,,,,,,,,,,,,,,,,,,,,,High,High,High,High,Undefined,,,,216.631496,29.038298,2023.311134,0.874295,1:15,-0.495159,-0.534898,-0.684617,-54.358809,-19.426434,-46.703259,169.539281,-6.60937,0.180355,-0.1151,-0.976844,6.720064,-10.390422,0.1151,-0.180355,0.976844,-6.720064,10.390422,-0.1151,0.180355,0.976844,-169.539281,6.60937,-0.180355,0.1151,-0.976844,74.93154,3.42788,-24.37843
204,2026-05-10,13:56:53.90,7,4,"Riordan, Tade",10148375,Right,NJI_HIG,"Larson, Colin",831502,Left,BOC_EAG,Undefined,5,Bottom,2,1,2,Slider,Slider,InPlay,Undefined,GroundBall,Out,1,0,,82.92963,-0.418565,-1.804887,2341.859459,96.812671,9:15,5.96513,1.94435,5.65572,-39.5203,1.82118,-3.56221,2.28122,-0.03629,75.57604,-7.68018,-2.441784,0.462769,81.71151,0.370807,15.237479,1774.497316,,,,40.59712,39.39162,15.409382,0.34336,1.2613,1.44406,-1.78917,50,5.90464,3.9343,-120.30873,-2.22636,1.83034,25.49881,-30.0785,BOC_EAG,NJI_HIG,HarringtonVillage,D1,ACC,20260510-HarringtonVillage-1,a148dc10-4c99-11f1-b41d-1bccaf3e6a43,81.44973,2.26032,,7.35359,,,,1.22651,2.25426,0.0619,b1484b88-4158-4df7-bc8c-565b9a528c8f,2026-05-10,17:56:53.90,2026-05-10T13:56:53.9052544-04:00,2026-05-10T17:56:53.9052544Z,GroundBall,v3,227,471378,26835,"Campbell, Cole",1000115804,Right,NJI_HIG,9e512447-eaaf-42fe-ace7-4ccd8e4f839b,54.84256,-121.33074,12.74941,5.96971,-1.02079,-15.03925,-1.94539,3.86094,0.91517,329.107934,1.22972,115.50307,-14.87925,,,,,,,2.25904,0.59,-20.91883,,,,,,,0.06128,31.52088,-0.81826,,,,,,,,,,,,,,,,,,,,,,,,,,,,,High,High,High,High,High,,,,88.231399,83.894579,249.075831,0.106358,9:00,-0.994481,0.099041,0.034622,-81.544439,39.263448,57.497635,155.395668,-21.753349,0.3867,-0.370612,-0.844458,23.695475,-22.749345,0.370612,-0.3867,0.844458,-23.695475,22.749345,-0.370612,0.3867,0.844458,-155.395668,21.753349,-0.3867,0.370612,-0.844458,,,
205,2026-05-10,13:59:09.44,1,1,"Gonzalez, Cesar",831498,Right,BOC_EAG,"Sallie, Ty",1000121067,Right,NJI_HIG,Undefined,6,Top,0,0,0,Slider,Slider,BallCalled,Undefined,Undefined,Undefined,0,0,,79.20847,0.805006,-2.863972,2260.159282,118.715007,10:00,5.15694,1.76821,5.29839,-41.79282,4.21583,-4.86449,2.43097,-1.32821,72.07837,-6.843701,-3.725659,0.488193,,,,,,,,,,,,1.5574,2.34547,-1.50402,50,5.20009,5.93786,-114.7215,0.18643,2.05747,22.94761,-29.07548,BOC_EAG,NJI_HIG,HarringtonVillage,D1,ACC,20260510-HarringtonVillage-1,f217a860-4c99-11f1-b41d-1bccaf3e6a43,77.20815,,,7.1301,,,,,,,b1484b88-4158-4df7-bc8c-565b9a528c8f,2026-05-10,17:59:09.44,2026-05-10T13:59:09.4452224-04:00,2026-05-10T17:59:09.4452224Z,,v3,227,471378,26835,"Johnson, Gunnar",1000100233,Right,BOC_EAG,df94964d-4d3b-43ef-833a-ef3bf1cfbbe2,55.19813,-115.75661,11.47381,5.1621,1.49795,-14.53774,-1.76977,5.84505,1.02873,,,,,,,,,,,,,,,,,,,,,,,,,,,,,,,,,,,,,,,,,,,,,,,,,,,High,High,High,,,,,,64.964082,78.826492,437.975408,0.193781,8:15,-0.973162,0.18934,0.130793,1.107848,42.416878,73.844571,91.037255,-8.866761,0.987888,-0.154137,-0.017886,83.38096,-81.073257,0.154137,-0.987888,0.017886,-83.38096,81.073257,-0.154137,0.987888,0.017886,-91.037255,8.866761,-0.987888,0.154137,-0.017886,,,
206,2026-05-10,13:59:22.07,1,2,"Gonzalez, Cesar",831498,Right,BOC_EAG,"Sallie, Ty",1000121067,Right,NJI_HIG,Undefined,6,Top,0,1,0,Fastball,Four-Seam,InPlay,Undefined,Popup,Out,1,0,,91.19127,-2.286447,-2.884683,2220.621901,204.349231,12:45,5.74403,1.49197,5.69397,-13.45898,20.93044,8.90402,2.4878,-0.45663,82.18012,-4.897653,-1.295439,0.422069,84.25492,62.524261,21.693045,,93.83665,116.58919,57.39932,141.36066,141.36066,32.54089,5.905804,-5.46618,11.74489,-1.25525,50,5.54371,6.25913,-132.0205,-5.64373,-9.51101,31.81295,-11.73831,BOC_EAG,NJI_HIG,HarringtonVillage,D1,ACC,20260510-HarringtonVillage-1,f9916a40-4c99-11f1-b41d-1bccaf3e6a43,89.30391,142.82242,,9.01115,,,,1.86563,2.46693,0.42113,b1484b88-4158-4df7-bc8c-565b9a528c8f,2026-05-10,17:59:22.07,2026-05-10T13:59:22.0743680-04:00,2026-05-10T17:59:22.0743680Z,Popup,v3,227,471378,26835,"Johnson, Gunnar",1000100233,Right,BOC_EAG,9604c456-92b3-426e-8ab0-4de1f4d701e9,54.80323,-133.1729,15.90647,5.74045,-5.21851,-5.86915,-1.48822,6.60366,-4.75551,187.641941,1.86595,52.93741,-19.91836,6.03394,-1.13959,0.09763,0.00878,-0.00273,0.00017,2.43923,110.09757,-27.94131,4.62245,-1.69314,0.51716,-0.09637,0.00928,-0.00035,0.42615,20.98362,-3.46172,0.40396,0.19025,-0.11196,0.0258,-0.00286,0.00012,,,,,,,,,,,,,,,,,,,,,,,High,High,High,High,Low,,,,209.224629,23.515945,2036.19718,0.916949,1:00,-0.420616,-0.463249,-0.780053,-9.003255,17.973538,51.11934,158.962835,-10.551582,0.352903,-0.183121,-0.917565,11.28637,-20.665,0.183121,-0.352903,0.917565,-11.28637,20.665,-0.183121,0.352903,0.917565,-158.962835,10.551582,-0.352903,0.183121,-0.917565,73.69882,18.50333,-4.78901
207,2026-05-10,13:59:56.21,2,1,"Gonzalez, Cesar",831498,Right,BOC_EAG,"Francis, Austin",1000236684,Right,NJI_HIG,Undefined,6,Top,1,0,0,Curveball,Curveball,StrikeCalled,Undefined,Undefined,Undefined,0,0,,70.82848,3.419429,0.467955,2145.137229,38.094531,7:15,5.56083,1.31045,5.09546,-71.14248,-12.53646,-11.51812,2.85863,0.7916,63.97341,-9.478849,-1.571071,0.550988,,,,,,,,,,,,5.80603,-6.58209,-1.34537,50,5.82891,-0.39352,-102.48227,3.76164,6.04765,20.18625,-39.03003,BOC_EAG,NJI_HIG,HarringtonVillage,D1,ACC,20260510-HarringtonVillage-1,0e085e20-4c9a-11f1-b41d-1bccaf3e6a43,68.40876,,,6.85507,,,,,,,b1484b88-4158-4df7-bc8c-565b9a528c8f,2026-05-10,17:59:56.21,2026-05-10T13:59:56.2108928-04:00,2026-05-10T17:59:56.2108928Z,,v3,227,471378,26835,"Johnson, Gunnar",1000100233,Right,BOC_EAG,9d6e1c70-b6b1-488a-b814-5545981b9a5c,55.40431,-103.5413,10.09312,5.57785,5.80928,-19.51502,-1.31641,-0.71079,3.02383,,,,,,,,,,,,,,,,,,,,,,,,,,,,,,,,,,,,,,,,,,,,,,,,,,,High,High,High,,,,,,34.017991,44.336337,1534.308651,0.71525,7:15,-0.678577,0.44112,0.587321,-43.904395,-19.58479,27.478576,178.180242,-10.292416,0.031244,-0.178672,-0.983412,10.297499,-1.790466,0.178672,-0.031244,0.983412,-10.297499,1.790466,-0.178672,0.031244,0.983412,-178.180242,10.292416,-0.031244,0.178672,-0.983412,,,
208,2026-05-10,14:00:08.86,2,2,"Gonzalez, Cesar",831498,Right,BOC_EAG,"Francis, Austin",1000236684,Right,NJI_HIG,Undefined,6,Top,1,0,1,Slider,Slider,BallCalled,Undefined,Undefined,Undefined,0,0,,83.13578,-1.369666,-3.361693,2342.910113,142.728162,10:45,5.35272,1.71511,5.16194,-33.54482,8.40233,-5.3302,1.2657,-1.89679,75.92701,-7.491486,-4.303113,0.466147,,,,,,,,,,,,1.64878,5.0289,-1.39699,50,5.19945,7.29912,-120.31615,-4.08037,2.40241,24.64699,-24.84657,BOC_EAG,NJI_HIG,HarringtonVillage,D1,ACC,20260510-HarringtonVillage-1,157db330-4c9a-11f1-b41d-1bccaf3e6a43,80.8596,,,7.20877,,,,,,,b1484b88-4158-4df7-bc8c-565b9a528c8f,2026-05-10,18:00:08.86,2026-05-10T14:00:08.8672768-04:00,2026-05-10T18:00:08.8672768Z,,v3,227,471378,26835,"Johnson, Gunnar",1000100233,Right,BOC_EAG,588ca687-6874-4d7f-a15a-8aa2a773b72d,55.3339,-121.40389,12.32349,5.35533,-2.98382,-12.42328,-1.71679,7.1931,1.2012,,,,,,,,,,,,,,,,,,,,,,,,,,,,,,,,,,,,,,,,,,,,,,,,,,,High,High,High,,,,,,41.177931,83.07441,282.508622,0.12058,7:15,-0.987285,0.055639,0.148907,7.488485,31.077791,77.616897,111.055522,-76.905397,0.211433,-0.973997,-0.081397,85.222912,-12.206331,0.973997,-0.211433,0.081397,-85.222912,12.206331,-0.973997,0.211433,0.081397,-111.055522,76.905397,-0.211433,0.973997,-0.081397,,,
209,2026-05-10,14:00:22.77,2,3,"Gonzalez, Cesar",831498,Right,BOC_EAG,"Francis, Austin",1000236684,Right,NJI_HIG,Undefined,6,Top,1,1,1,Curveball,Curveball,InPlay,Undefined,Popup,Out,1,0,,72.04027,2.299519,0.310039,2117.176649,48.666916,7:30,5.56177,1.56795,5.05237,-65.29102,-9.28776,-12.67166,2.2908,0.80439,65.89446,-9.497926,-1.932932,0.538615,76.86131,83.23479,-49.306957,,,,,,11.36344,,,6.43658,-4.89244,-1.58665,50,5.72803,-0.09465,-104.47021,2.04097,7.04641,19.14785,-37.53002,BOC_EAG,NJI_HIG,HarringtonVillage,D1,ACC,20260510-HarringtonVillage-1,1dd7c2f0-4c9a-11f1-b41d-1bccaf3e6a43,69.98035,101.14805,,6.14581,,,,3.30219,2.59897,-0.86672,b1484b88-4158-4df7-bc8c-565b9a528c8f,2026-05-10,18:00:22.77,2026-05-10T14:00:22.7709952-04:00,2026-05-10T18:00:22.7709952Z,,v3,227,471378,26835,"Johnson, Gunnar",1000100233,Right,BOC_EAG,d27ba7df-fcb1-4c0f-a724-77c874d76d63,55.44987,-105.46436,9.57392,5.57148,3.98952,-18.76501,-1.57223,-0.4605,3.52321,,3.30221,8.65598,-9.52088,2.79535,0.62747,-2.504,2.69003,-1.38884,0.28405,2.59897,111.94477,-28.48383,3.55146,-0.67835,0.11697,-0.02305,0.00698,-0.00151,-0.86672,-10.06851,2.22952,-0.54723,-0.05527,0.32243,-0.34989,0.18062,-0.03691,,,,,,,,,,,,,,,,,,,,,,,High,High,High,Low,Undefined,,,,30.52253,41.867487,1576.641114,0.74469,7:00,-0.655159,0.404685,0.637962,-30.888799,-22.240386,17.854178,173.938534,-12.75901,0.102988,-0.220851,-0.969855,12.828377,-5.911254,0.220851,-0.102988,0.969855,-12.828377,5.911254,-0.220851,0.102988,0.969855,-173.938534,12.75901,-0.102988,0.220851,-0.969855,68.13906,22.52013,-28.69698
210,2026-05-10,14:01:05.88,3,1,"Gonzalez, Cesar",831498,Right,BOC_EAG,"O'Connor, Rowin",832258,Right,NJI_HIG,Undefined,6,Top,2,0,0,Curveball,Curveball,BallCalled,Undefined,Undefined,Undefined,0,0,,72.53704,0.679375,-1.031891,2144.421345,33.868266,7:15,5.61491,1.26992,5.44714,-64.78594,-10.88646,-8.39327,0.85228,-0.39572,67.30565,-11.029069,-2.531199,0.528401,,,,,,,,,,,,3.97925,-5.30862,-1.17271,50,5.62953,2.19455,-105.42424,-0.79693,4.47365,18.09935,-38.14222,BOC_EAG,NJI_HIG,HarringtonVillage,D1,ACC,20260510-HarringtonVillage-1,37895e20-4c9a-11f1-b41d-1bccaf3e6a43,71.33301,,,5.23139,,,,,,,b1484b88-4158-4df7-bc8c-565b9a528c8f,2026-05-10,18:01:05.88,2026-05-10T14:01:05.8892800-04:00,2026-05-10T18:01:05.8892800Z,,v3,227,471378,26835,"Johnson, Gunnar",1000100233,Right,BOC_EAG,e72cdbf8-c73d-4b20-8a9b-aabda7ba7bde,55.05643,-106.28878,9.04968,5.62409,1.025,-19.07111,-1.27244,1.98086,2.23682,,,,,,,,,,,,,,,,,,,,,,,,,,,,,,,,,,,,,,,,,,,,,,,,,,,High,High,High,,,,,,26.401741,41.493104,1606.247638,0.749035,7:00,-0.646345,0.3409,0.68266,-51.954701,-0.842041,46.112051,173.747447,11.099961,0.106874,0.192521,-0.975456,11.164721,6.135131,0.192521,0.106874,0.975456,-11.164721,-6.135131,-0.192521,-0.106874,0.975456,-173.747447,-11.099961,-0.106874,-0.192521,-0.975456,,,
211,2026-05-10,14:01:23.84,3,2,"Gonzalez, Cesar",831498,Right,BOC_EAG,"O'Connor, Rowin",832258,Right,NJI_HIG,Undefined,6,Top,2,1,0,Fastball,Four-Seam,FoulBallNotFieldable,Undefined,Undefined,Undefined,0,0,,92.29419,-1.412829,-1.455293,2255.615957,207.924377,1:00,5.59105,1.23515,5.91255,-16.20635,16.65556,8.25851,2.92856,0.57238,84.07174,-4.49958,0.027259,0.412589,76.06005,15.210785,172.361996,2393.295182,,,,106.54825,46.47691,174.307944,1.034052,-4.56914,9.20871,-1.12268,50,5.46825,3.02342,-133.93564,-3.78129,-8.28336,29.46111,-15.47961,BOC_EAG,NJI_HIG,HarringtonVillage,D1,ACC,20260510-HarringtonVillage-1,4227b890-4c9a-11f1-b41d-1bccaf3e6a43,91.35587,9.31102,,8.22245,,,,1.14545,2.53676,-0.44392,b1484b88-4158-4df7-bc8c-565b9a528c8f,2026-05-10,18:01:23.84,2026-05-10T14:01:23.8402048-04:00,2026-05-10T18:01:23.8402048Z,LineDrive,v3,227,471378,26835,"Johnson, Gunnar",1000100233,Right,BOC_EAG,75a0dd30-4c95-4b4c-955f-d273d9856b3d,54.58182,-134.93972,14.73055,5.58813,-3.25373,-7.73981,-1.23053,3.30573,-4.14168,347.598893,1.27156,-108.32421,4.29938,,,,,,,2.61625,28.24109,-29.82919,,,,,,,-0.44076,14.26666,-3.50425,,,,,,,,,,,,,,,,,,,,,,,,,,,,,High,High,High,High,Medium,,,,212.259684,19.622629,2124.620811,0.941925,1:00,-0.343451,-0.510887,-0.788059,-23.641429,7.975193,37.501397,151.652336,-9.534367,0.468262,-0.165639,-0.867926,10.804683,-27.921508,0.165639,-0.468262,0.867926,-10.804683,27.921508,-0.165639,0.468262,0.867926,-151.652336,9.534367,-0.468262,0.165639,-0.867926,77.91638,18.50049,-14.27042
212,2026-05-10,14:01:43.65,3,3,"Gonzalez, Cesar",831498,Right,BOC_EAG,"O'Connor, Rowin",832258,Right,NJI_HIG,Undefined,6,Top,2,1,1,Slider,Slider,FoulBallNotFieldable,Undefined,Undefined,Undefined,0,0,,80.44065,1.036973,-0.243114,2200.662187,118.560556,10:00,5.35493,1.57673,5.18013,-37.60919,6.26449,-9.25016,3.19664,0.57714,74.38716,-5.817337,-1.881733,0.476731,64.57344,54.428619,140.404214,4195.091002,,,,,44.5289,,,4.58638,3.2226,-1.54667,50,5.42257,0.87059,-116.88966,0.80161,6.41237,19.85568,-27.6684,BOC_EAG,NJI_HIG,HarringtonVillage,D1,ACC,20260510-HarringtonVillage-1,4e008ed0-4c9a-11f1-b41d-1bccaf3e6a43,79.06436,50.16108,,6.05348,,,,0.88803,3.17298,-0.5981,b1484b88-4158-4df7-bc8c-565b9a528c8f,2026-05-10,18:01:43.65,2026-05-10T14:01:43.6525568-04:00,2026-05-10T18:01:43.6525568Z,,v3,227,471378,26835,"Johnson, Gunnar",1000100233,Right,BOC_EAG,d09529e8-a736-4b7f-b611-5c081952a011,55.32023,-117.78993,9.92784,5.35778,2.05611,-13.8342,-1.57956,0.57985,3.20619,331.843915,0.88802,-42.45103,-3.15663,2.50662,-2.86756,5.75024,-7.08842,4.51347,-1.16607,3.17297,77.03496,-28.55433,3.71381,-1.67749,2.47092,-2.8871,1.78486,-0.45064,-0.5981,35.11496,-7.12457,1.62682,-1.04749,1.89963,-2.29223,1.43432,-0.36535,,,,,,,,,,,,,,,,,,,,,,,High,High,High,High,Undefined,,,,54.221891,71.373103,702.900736,0.319404,7:45,-0.941973,0.276236,0.190738,10.5906,35.335206,70.60995,110.320318,-80.632377,0.152639,-0.986664,-0.056524,86.721207,-8.779873,0.986664,-0.152639,0.056524,-86.721207,8.779873,-0.986664,0.152639,0.056524,-110.320318,80.632377,-0.152639,0.986664,-0.056524,72.26068,17.31404,-8.62649
213,2026-05-10,14:02:07.91,3,4,"Gonzalez, Cesar",831498,Right,BOC_EAG,"O'Connor, Rowin",832258,Right,NJI_HIG,Undefined,6,Top,2,1,2,Fastball,Four-Seam,StrikeCalled,Strikeout,Undefined,Undefined,0,0,,94.10492,-3.058275,-2.931089,2202.879548,217.98554,1:15,5.75009,1.02651,5.8813,-12.90115,18.69107,13.81268,1.82847,-0.5468,86.16116,-5.530155,-0.456181,0.40454,,,,,,,,,,,,-7.84843,10.69005,-0.79766,50,5.49518,6.36813,-136.42016,-7.66458,-14.83346,29.19289,-11.96998,BOC_EAG,NJI_HIG,HarringtonVillage,D1,ACC,20260510-HarringtonVillage-1,5c6cba20-4c9a-11f1-b41d-1bccaf3e6a43,93.17357,,,7.94376,,,,,,,b1484b88-4158-4df7-bc8c-565b9a528c8f,2026-05-10,18:02:07.91,2026-05-10T14:02:07.9110000-04:00,2026-05-10T18:02:07.9110000Z,,v3,227,471378,26835,"Johnson, Gunnar",1000100233,Right,BOC_EAG,9f29f6da-7526-4de0-aff8-1b235b2c4636,54.61754,-137.40472,14.59644,5.74687,-7.26088,-5.98499,-1.02087,6.86841,-7.41673,,,,,,,,,,,,,,,,,,,,,,,,,,,,,48.39521,3.387251,1.795942,1.591309,-0.7998,1.61143,0.56246,-6.06958,4.10416,3.02158,78.64506,2.26677,46.13903,-6.00882,58.87205,-3.61889,4.19305,23.54711,-15.6564,3.04947,29.80182,-1.73579,High,High,High,,,High,High,High,210.761807,16.468049,2112.512948,0.958978,1:00,-0.29871,-0.504914,-0.809836,-18.971217,14.24337,41.072898,159.89725,-7.2146,0.340984,-0.125586,-0.931643,7.677228,-19.936809,0.125586,-0.340984,0.931643,-7.677228,19.936809,-0.125586,0.340984,0.931643,-159.89725,7.2146,-0.340984,0.125586,-0.931643,,,
214,2026-05-10,14:04:24.22,1,1,"Riordan, Tade",10148375,Right,NJI_HIG,"Solier, Julio",827632,Right,BOC_EAG,Undefined,6,Bottom,0,0,0,Slider,Slider,BallCalled,Undefined,Undefined,Undefined,0,0,,82.61286,-0.676998,-2.508692,2348.141255,83.615345,8:45,5.81466,2.18804,5.68613,-40.97864,0.65949,-6.53244,1.76813,-0.6961,75.44526,-8.187577,-3.676348,0.464427,,,,,,,,,,,,2.55197,0.96465,-1.97272,50,5.73215,5.51159,-119.79747,-2.81464,3.67378,25.17343,-30.78539,BOC_EAG,NJI_HIG,HarringtonVillage,D1,ACC,20260510-HarringtonVillage-1,adb99010-4c9a-11f1-b41d-1bccaf3e6a43,81.15909,,,7.1676,,,,,,,b1484b88-4158-4df7-bc8c-565b9a528c8f,2026-05-10,18:04:24.22,2026-05-10T14:04:24.2294784-04:00,2026-05-10T18:04:24.2294784Z,,v3,227,471378,26835,"Campbell, Cole",1000115804,Right,NJI_HIG,dbd55528-fe7f-43c0-9dd5-7ce7092e9edc,54.81183,-120.80436,12.58672,5.82011,-1.58328,-15.39269,-2.19023,5.36465,1.83689,,,,,,,,,,,,,,,,,,,,,,,,,,,,,,,,,,,,,,,,,,,,,,,,,,,High,High,High,,,,,,166.470937,86.018035,163.060739,0.069442,11:30,-0.999707,0.004457,-0.02378,97.705481,-33.837459,52.188184,147.926713,-12.133472,0.519141,-0.21019,-0.82844,14.236538,-31.274668,0.21019,-0.519141,0.82844,-14.236538,31.274668,-0.21019,0.519141,0.82844,-147.926713,12.133472,-0.519141,0.21019,-0.82844,,,
215,2026-05-10,14:04:41.82,1,2,"Riordan, Tade",10148375,Right,NJI_HIG,"Solier, Julio",827632,Right,BOC_EAG,Undefined,6,Bottom,0,1,0,Fastball,Four-Seam,BallCalled,Undefined,Undefined,Undefined,0,0,,91.46394,-2.879181,-3.170666,2255.380458,215.597956,1:15,5.91932,1.91686,5.84771,-19.71434,13.65339,9.05213,1.59462,-0.27814,84.24098,-6.557655,-1.549832,0.415752,,,,,,,,,,,,-5.45323,8.04182,-1.66415,50,5.67307,6.95703,-132.61965,-7.32871,-9.77943,26.51809,-17.75243,BOC_EAG,NJI_HIG,HarringtonVillage,D1,ACC,20260510-HarringtonVillage-1,b831ebf0-4c9a-11f1-b41d-1bccaf3e6a43,90.66081,,,7.22295,,,,,,,b1484b88-4158-4df7-bc8c-565b9a528c8f,2026-05-10,18:04:41.82,2026-05-10T14:04:41.8272768-04:00,2026-05-10T18:04:41.8272768Z,,v3,227,471378,26835,"Campbell, Cole",1000115804,Right,NJI_HIG,0c98df2f-329b-4f5d-8625-012eb833c878,54.6514,-133.54648,13.25905,5.91837,-6.70824,-8.87622,-1.91328,7.29883,-4.88971,,,,,,,,,,,,,,,,,,,,,,,,,,,,,,,,,,,,,,,,,,,,,,,,,,,High,High,High,,,,,,214.861169,36.493259,1813.160879,0.803927,1:15,-0.606508,-0.48881,-0.627067,-55.777816,-1.252804,-36.362752,167.680468,-5.201579,0.212485,-0.09066,-0.97295,5.323483,-12.268007,0.09066,-0.212485,0.97295,-5.323483,12.268007,-0.09066,0.212485,0.97295,-167.680468,5.201579,-0.212485,0.09066,-0.97295,,,
216,2026-05-10,14:04:58.90,1,3,"Riordan, Tade",10148375,Right,NJI_HIG,"Solier, Julio",827632,Right,BOC_EAG,Undefined,6,Bottom,0,2,0,Fastball,Four-Seam,InPlay,Undefined,FlyBall,Out,1,0,,91.5963,-1.261226,-2.531243,2140.846087,222.907599,1:30,5.96423,2.04785,5.915,-19.47131,13.85942,11.88595,3.16978,0.68763,83.60302,-4.931156,-0.398859,0.415522,88.99738,28.061016,23.605796,5327.15156,96.40724,51.40006,52.9677,293.27714,239.92927,38.975923,4.190792,-6.81036,7.78126,-1.85169,50,5.85199,5.36435,-132.93756,-3.55354,-12.17183,28.83378,-18.26694,BOC_EAG,NJI_HIG,HarringtonVillage,D1,ACC,20260510-HarringtonVillage-1,c259b6d0-4c9a-11f1-b41d-1bccaf3e6a43,90.71111,60.79828,,7.99328,,,,0.49964,3.08787,-0.72204,b1484b88-4158-4df7-bc8c-565b9a528c8f,2026-05-10,18:04:58.90,2026-05-10T14:04:58.9008384-04:00,2026-05-10T18:04:58.9008384Z,LineDrive,v3,227,471378,26835,"Campbell, Cole",1000115804,Right,NJI_HIG,39e31602-aeed-4d51-a5a7-72ef1f29dcdd,54.58349,-133.92801,14.41689,5.96328,-2.92606,-9.13347,-2.04314,5.78245,-6.08592,224.313064,0.4991,105.56199,-24.71815,5.831,-1.34467,0.32893,-0.07344,0.01039,-0.00061,3.08855,61.38363,-17.86728,0.86963,0.04177,-0.07945,0.02748,-0.00386,0.00019,-0.72231,46.13083,1.36609,-1.12479,0.2921,-0.04815,0.00567,-0.00037,1E-05,,,,,,,,,,,,,,,,,,,,,,,High,High,High,High,Medium,,,,217.355335,34.923809,1755.309786,0.819914,1:15,-0.589634,-0.509968,-0.62631,-58.183878,-16.695875,-46.891047,167.86637,-5.25397,0.209309,-0.091571,-0.973552,5.37333,-12.081881,0.091571,-0.209309,0.973552,-5.37333,12.081881,-0.091571,0.209309,0.973552,-167.86637,5.25397,-0.209309,0.091571,-0.973552,,,
217,2026-05-10,14:05:37.48,2,1,"Riordan, Tade",10148375,Right,NJI_HIG,"Wang, Nick",813482,Right,BOC_EAG,Undefined,6,Bottom,1,0,0,Slider,Slider,BallCalled,Undefined,Undefined,Undefined,0,0,,83.0612,-0.361009,-3.721919,2088.562223,74.355453,8:30,5.82192,1.90793,5.60152,-41.6988,-0.45791,-6.33855,2.00928,-2.09976,76.15057,-7.970018,-4.850157,0.462206,,,,,,,,,,,,2.1102,0.31098,-1.58476,50,5.76419,8.0896,-120.34759,-2.22087,3.08025,24.38432,-31.7201,BOC_EAG,NJI_HIG,HarringtonVillage,D1,ACC,20260510-HarringtonVillage-1,d960cb70-4c9a-11f1-b41d-1bccaf3e6a43,81.54905,,,6.91063,,,,,,,b1484b88-4158-4df7-bc8c-565b9a528c8f,2026-05-10,18:05:37.48,2026-05-10T14:05:37.4834176-04:00,2026-05-10T18:05:37.4834176Z,,v3,227,471378,26835,"Campbell, Cole",1000115804,Right,NJI_HIG,2e941464-62cb-4f30-b03d-8367fed75497,54.89648,-121.33563,12.19216,5.82814,-0.93558,-15.86005,-1.91002,7.96478,1.54013,,,,,,,,,,,,,,,,,,,,,,,,,,,,,,,,,,,,,,,,,,,,,,,,,,,High,High,High,,,,,,127.423151,85.06398,179.706723,0.086043,10:15,-0.997994,0.062054,0.012522,-61.555795,35.285878,74.591185,145.226899,-10.074291,0.561535,-0.174925,-0.808752,12.204503,-34.161989,0.174925,-0.561535,0.808752,-12.204503,34.161989,-0.174925,0.561535,0.808752,-145.226899,10.074291,-0.561535,0.174925,-0.808752,,,
218,2026-05-10,14:05:56.79,2,2,"Riordan, Tade",10148375,Right,NJI_HIG,"Wang, Nick",813482,Right,BOC_EAG,Undefined,6,Bottom,1,1,0,Slider,Slider,StrikeSwinging,Undefined,Undefined,Undefined,0,0,,82.94186,-1.780203,-2.358917,2338.629625,119.677979,10:00,5.83344,1.95123,5.67927,-37.6773,2.90453,-3.10866,1.03224,-0.50802,77.17346,-8.641834,-2.914939,0.458498,,,,,,,,,,,,1.00169,2.26252,-1.75037,50,5.65939,5.0847,-120.47301,-5.02776,1.48732,21.14606,-28.81465,BOC_EAG,NJI_HIG,HarringtonVillage,D1,ACC,20260510-HarringtonVillage-1,e4ef2b30-4c9a-11f1-b41d-1bccaf3e6a43,82.20854,,,5.7684,,,,,,,b1484b88-4158-4df7-bc8c-565b9a528c8f,2026-05-10,18:05:56.79,2026-05-10T14:05:56.7958016-04:00,2026-05-10T18:05:56.7958016Z,,v3,227,471378,26835,"Campbell, Cole",1000115804,Right,NJI_HIG,7eba6e14-3d38-4aae-9eb8-827fb6b33f72,54.82114,-121.31629,10.57303,5.83698,-3.87867,-14.40732,-1.95197,5.02539,0.74366,,,,,,,,,,,,,,,,,,,,,,,,,,,,,,,,,,,,,,,,,,,,,,,,,,,High,High,High,,,,,,137.373785,87.431794,104.790811,0.044809,10:30,-0.999966,-0.000704,0.008195,-63.024973,33.704539,82.774389,149.387392,-6.296614,0.506159,-0.109676,-0.855438,7.306023,-30.408309,0.109676,-0.506159,0.855438,-7.306023,30.408309,-0.109676,0.506159,0.855438,-149.387392,6.296614,-0.506159,0.109676,-0.855438,,,
219,2026-05-10,14:06:16.28,2,3,"Riordan, Tade",10148375,Right,NJI_HIG,"Wang, Nick",813482,Right,BOC_EAG,Undefined,6,Bottom,1,1,1,Fastball,Four-Seam,InPlay,Undefined,LineDrive,Single,0,0,,93.59087,-2.804175,-3.409971,2099.324304,217.493,1:15,5.97066,1.65369,6.31698,-19.34324,11.9819,8.46682,1.76926,-0.78524,86.16243,-6.439758,-1.881067,0.402827,105.43088,9.994258,-0.231366,1189.109641,109.93141,14.89116,3.87184,265.31868,265.31868,4.436395,2.259555,-5.3339,7.27311,-1.40809,50,5.75573,7.74786,-135.78539,-7.26554,-10.01343,28.19487,-18.52014,BOC_EAG,NJI_HIG,HarringtonVillage,D1,ACC,20260510-HarringtonVillage-1,f07a56a0-4c9a-11f1-b41d-1bccaf3e6a43,93.56991,15.7889,,7.42844,,,,0.87648,1.7437,0.76286,b1484b88-4158-4df7-bc8c-565b9a528c8f,2026-05-10,18:06:16.28,2026-05-10T14:06:16.2832384-04:00,2026-05-10T18:06:16.2832384Z,LineDrive,v3,227,471378,26835,"Campbell, Cole",1000115804,Right,NJI_HIG,3dcdef4a-f327-4e53-bce0-e927212d7638,54.18324,-136.65125,14.09743,5.97012,-6.69678,-9.26007,-1.65074,8.05537,-5.00671,226.875107,0.87648,152.28391,-21.64081,3.80772,-0.75825,0.14077,-0.0244,0.0033,-0.00023,1.7437,26.83625,-13.39477,0.58056,-0.03941,0.0042,0.00123,-0.00028,2E-05,0.76286,-0.61489,7.09167,-2.1469,0.5751,-0.13315,0.0263,-0.00371,0.00026,,,,,,,,,,,,,,,,,,,,,,,High,High,High,High,High,,,,215.800199,39.149845,1628.020657,0.775497,1:15,-0.644736,-0.483979,-0.591675,-49.874897,-35.177419,-49.9164,157.473831,9.706174,0.377621,0.168596,-0.910482,10.490735,22.18642,0.168596,0.377621,0.910482,-10.490735,-22.18642,-0.168596,-0.377621,0.910482,-157.473831,-9.706174,-0.377621,-0.168596,-0.910482,76.46749,8.72245,-4.18142
220,2026-05-10,14:06:52.85,3,1,"Riordan, Tade",10148375,Right,NJI_HIG,"Mainolfi, Ty",839397,Left,BOC_EAG,Undefined,6,Bottom,1,0,0,Fastball,Four-Seam,BallCalled,Undefined,Undefined,Undefined,0,0,,91.0145,-2.973214,-1.972153,2031.840364,218.417119,1:15,6.01268,2.01567,6.07924,-18.46761,14.96269,11.04678,1.71877,1.11087,83.64361,-6.449866,0.017585,0.416142,,,,,,,,,,,,-6.2187,8.83028,-1.86896,50,5.7727,4.08603,-132.08996,-7.42824,-11.03094,27.08313,-16.51064,BOC_EAG,NJI_HIG,HarringtonVillage,D1,ACC,20260510-HarringtonVillage-1,0649ae90-4c9b-11f1-b41d-1bccaf3e6a43,90.57592,,,7.37089,,,,,,,b1484b88-4158-4df7-bc8c-565b9a528c8f,2026-05-10,18:06:52.85,2026-05-10T14:06:52.8578048-04:00,2026-05-10T18:06:52.8578048Z,,v3,227,471378,26835,"Campbell, Cole",1000115804,Right,NJI_HIG,ce265e42-8317-4767-95a9-f488d9a2a142,54.41948,-132.99303,13.54157,6.0112,-6.87771,-8.25532,-2.01134,4.45385,-5.51547,,,,,,,,,,,,,,,,,,,,,,,,,,,,,,,,,,,,,,,,,,,,,,,,,,,High,High,High,,,,,,217.837132,35.644394,1651.173996,0.812649,1:15,-0.577869,-0.52805,-0.622278,-51.007417,-19.972709,-44.249768,165.174616,2.817762,0.255565,0.049159,-0.965541,2.914631,14.807049,0.049159,0.255565,0.965541,-2.914631,-14.807049,-0.049159,-0.255565,0.965541,-165.174616,-2.817762,-0.255565,-0.049159,-0.965541,,,
221,2026-05-10,14:07:29.63,3,2,"Riordan, Tade",10148375,Right,NJI_HIG,"Mainolfi, Ty",839397,Left,BOC_EAG,Undefined,6,Bottom,1,1,0,Slider,Slider,BallCalled,Undefined,Undefined,Undefined,0,0,,79.79066,-3.024109,-2.11514,2196.391058,92.97358,9:00,5.92203,2.01921,5.70885,-42.38695,1.3174,-2.91295,-0.43223,-0.19505,74.88273,-10.683173,-2.637457,0.47581,,,,,,,,,,,,1.00051,1.67662,-1.84011,50,5.64145,4.38547,-115.88529,-7.5002,1.37897,18.90915,-29.8632,BOC_EAG,NJI_HIG,HarringtonVillage,D1,ACC,20260510-HarringtonVillage-1,1c351a00-4c9b-11f1-b41d-1bccaf3e6a43,79.21738,,,4.90793,,,,,,,b1484b88-4158-4df7-bc8c-565b9a528c8f,2026-05-10,18:07:29.63,2026-05-10T14:07:29.6376320-04:00,2026-05-10T18:07:29.6376320Z,,v3,227,471378,26835,"Campbell, Cole",1000115804,Right,NJI_HIG,cb8820bf-7260-417a-8073-96034eac372a,54.79355,-116.66484,9.45457,5.92527,-6.26906,-14.9316,-2.01973,4.32862,0.68948,,,,,,,,,,,,,,,,,,,,,,,,,,,,,,,,,,,,,,,,,,,,,,,,,,,High,High,High,,,,,,168.357288,89.932357,2.593025,0.001181,11:30,-0.997982,-0.052518,0.035701,105.533317,-33.650716,48.425689,144.72418,-12.28439,0.56429,-0.212764,-0.797689,14.934574,-34.353014,0.212764,-0.56429,0.797689,-14.934574,34.353014,-0.212764,0.56429,0.797689,-144.72418,12.28439,-0.56429,0.212764,-0.797689,,,
222,2026-05-10,14:08:00.12,3,3,"Riordan, Tade",10148375,Right,NJI_HIG,"Mainolfi, Ty",839397,Left,BOC_EAG,Undefined,6,Bottom,1,2,0,Fastball,Four-Seam,BallCalled,Undefined,Undefined,Undefined,0,0,,91.86148,-3.82063,-4.127357,2010.544976,213.295172,1:00,5.8695,2.04279,6.30359,-16.99139,15.70879,9.64548,0.91924,-0.96252,84.42794,-7.035864,-2.388714,0.411573,,,,,,,,,,,,-6.13918,9.51693,-1.74406,50,5.57979,9.2097,-133.00099,-9.39473,-11.04253,27.41047,-15.05595,BOC_EAG,NJI_HIG,HarringtonVillage,D1,ACC,20260510-HarringtonVillage-1,2e5c5180-4c9b-11f1-b41d-1bccaf3e6a43,91.58151,,,7.43353,,,,,,,b1484b88-4158-4df7-bc8c-565b9a528c8f,2026-05-10,18:08:00.12,2026-05-10T14:08:00.1257984-04:00,2026-05-10T18:08:00.1257984Z,,v3,227,471378,26835,"Campbell, Cole",1000115804,Right,NJI_HIG,6cf8e56e-1d0b-4a61-a0b8-2de73090d966,54.19606,-133.86297,13.70523,5.86779,-8.92127,-7.52798,-2.03914,9.55696,-5.52126,,,,,,,,,,,,,,,,,,,,,,,,,,,,,,,,,,,,,,,,,,,,,,,,,,,High,High,High,,,,,,217.855749,30.544647,1731.548493,0.861233,1:15,-0.519581,-0.561207,-0.644269,-55.026675,-29.119221,-42.199844,161.353204,-1.160392,0.319668,-0.020251,-0.947313,1.22466,-18.642831,0.020251,-0.319668,0.947313,-1.22466,18.642831,-0.020251,0.319668,0.947313,-161.353204,1.160392,-0.319668,0.020251,-0.947313,,,
223,2026-05-10,14:08:21.61,3,4,"Riordan, Tade",10148375,Right,NJI_HIG,"Mainolfi, Ty",839397,Left,BOC_EAG,Undefined,6,Bottom,1,3,0,Fastball,Four-Seam,StrikeCalled,Undefined,Undefined,Undefined,0,0,,92.63447,-3.325098,-2.461174,2147.872674,217.956763,1:15,5.93943,1.85944,6.31458,-15.39127,17.10147,12.43489,1.5878,0.6273,83.84744,-6.288448,-0.213008,0.410265,,,,,,,,,,,,-7.19536,10.25367,-1.68471,50,5.68813,5.2402,-134.19958,-8.21297,-12.97066,32.1643,-13.69032,BOC_EAG,NJI_HIG,HarringtonVillage,D1,ACC,20260510-HarringtonVillage-1,3b2d6a70-4c9b-11f1-b41d-1bccaf3e6a43,91.87338,,,8.78703,,,,,,,b1484b88-4158-4df7-bc8c-565b9a528c8f,2026-05-10,18:08:21.61,2026-05-10T14:08:21.6153088-04:00,2026-05-10T18:08:21.6153088Z,,v3,227,471378,26835,"Campbell, Cole",1000115804,Right,NJI_HIG,59bfba0e-b91a-484e-9aef-4f4a73290e9a,54.18183,-135.19814,16.08215,5.93651,-7.78794,-6.84516,-1.85365,5.64289,-6.48533,,,,,,,,,,,,,,,,,,,,,,,,,,,,,,,,,,,,,,,,,,,,,,,,,,,High,High,High,,,,,,215.184089,33.922434,1782.291515,0.829794,1:15,-0.558033,-0.509696,-0.654835,-42.978793,-35.62068,-49.608892,158.554877,10.312892,0.359703,0.179024,-0.915731,11.061691,21.081983,0.179024,0.359703,0.915731,-11.061691,-21.081983,-0.179024,-0.359703,0.915731,-158.554877,-10.312892,-0.359703,-0.179024,-0.915731,,,
224,2026-05-10,14:08:39.89,3,5,"Riordan, Tade",10148375,Right,NJI_HIG,"Mainolfi, Ty",839397,Left,BOC_EAG,Undefined,6,Bottom,1,3,1,Slider,Slider,BallCalled,Walk,Undefined,Undefined,0,0,,82.9199,-2.587476,-1.939319,2123.644977,21.354497,6:45,5.92062,1.94583,5.71366,-40.80301,0.63728,-0.30972,0.10689,0.11268,75.77546,-10.039817,-1.994864,0.463322,,,,,,,,,,,,-0.45189,1.51217,-1.78335,50,5.67857,4.08102,-120.16494,-6.81229,-0.65235,26.0413,-29.99108,BOC_EAG,NJI_HIG,HarringtonVillage,D1,ACC,20260510-HarringtonVillage-1,46137c40-4c9b-11f1-b41d-1bccaf3e6a43,81.35259,,,7.14444,,,,,,,b1484b88-4158-4df7-bc8c-565b9a528c8f,2026-05-10,18:08:39.89,2026-05-10T14:08:39.8983168-04:00,2026-05-10T18:08:39.8983168Z,,v3,227,471378,26835,"Campbell, Cole",1000115804,Right,NJI_HIG,19100159-92b3-4673-8c8a-b9bf2b5b4ba8,54.78519,-121.19752,13.02065,5.92511,-5.62309,-14.99554,-1.94568,4.10688,-0.32617,,,,,,,,,,,,,,,,,,,,,,,,,,,,,,,,,,,,,,,,,,,,,,,,,,,High,High,High,,,,,,85.654901,88.714222,47.652839,0.022439,8:45,-0.999109,-0.022781,0.035531,-78.634849,44.358799,73.638816,157.555545,-13.990406,0.370462,-0.241759,-0.896833,15.086613,-21.744134,0.241759,-0.370462,0.896833,-15.086613,21.744134,-0.241759,0.370462,0.896833,-157.555545,13.990406,-0.370462,0.241759,-0.896833,,,
225,2026-05-10,14:09:17.74,4,1,"Riordan, Tade",10148375,Right,NJI_HIG,"Johnson, Gunnar",1000100233,Right,BOC_EAG,Undefined,6,Bottom,1,0,0,Slider,Slider,StrikeCalled,Undefined,Undefined,Undefined,0,0,,81.86981,-0.533235,-2.520269,2381.695477,86.570446,9:00,5.90408,1.98006,5.66631,-40.66337,0.99961,-2.73268,2.01778,-0.59912,76.03298,-7.948933,-3.008569,0.464565,,,,,,,,,,,,0.75969,1.01661,-1.76528,50,5.83321,5.34298,-118.94407,-2.491,1.0992,20.67812,-30.70309,BOC_EAG,NJI_HIG,HarringtonVillage,D1,ACC,20260510-HarringtonVillage-1,5ccfcc40-4c9b-11f1-b41d-1bccaf3e6a43,81.13491,,,5.83684,,,,,,,b1484b88-4158-4df7-bc8c-565b9a528c8f,2026-05-10,18:09:17.74,2026-05-10T14:09:17.7457664-04:00,2026-05-10T18:09:17.7457664Z,,v3,227,471378,26835,"Campbell, Cole",1000115804,Right,NJI_HIG,27f4c7d2-1dce-49d4-bc5d-13352770a322,54.83373,-119.78145,10.33906,5.90891,-1.24764,-15.35155,-1.98074,5.29846,0.5496,,,,,,,,,,,,,,,,,,,,,,,,,,,,,,,,,,,,,,,,,,,,,,,,,,,High,High,High,,,,,,91.181497,85.531632,185.554789,0.077909,9:00,-0.996748,0.06861,0.042264,-57.221474,40.797467,74.729591,141.598406,-10.153539,0.611441,-0.176287,-0.771403,12.872597,-37.693797,0.176287,-0.611441,0.771403,-12.872597,37.693797,-0.176287,0.611441,0.771403,-141.598406,10.153539,-0.611441,0.176287,-0.771403,,,
226,2026-05-10,14:09:34.43,4,2,"Riordan, Tade",10148375,Right,NJI_HIG,"Johnson, Gunnar",1000100233,Right,BOC_EAG,Undefined,6,Bottom,1,0,1,Slider,Slider,FoulBallNotFieldable,Undefined,Undefined,Undefined,0,0,,82.26609,0.499712,-2.147152,2234.733971,71.136081,8:15,5.86731,1.94698,5.64494,-41.66341,-0.34378,-4.41292,2.86183,-0.42454,76.17755,-7.109622,-2.935253,0.462647,69.22929,25.08343,159.84874,3909.048119,-105.20226,15.82466,32.13121,145.2699,45.0421,164.199767,1.903557,1.70949,0.01764,-1.76178,50,5.88282,4.65474,-119.55347,-0.38023,2.4947,21.2539,-32.14831,BOC_EAG,NJI_HIG,HarringtonVillage,D1,ACC,20260510-HarringtonVillage-1,66a29950-4c9b-11f1-b41d-1bccaf3e6a43,81.47131,20.65653,,6.08854,,,,0.23987,2.75758,0.31262,b1484b88-4158-4df7-bc8c-565b9a528c8f,2026-05-10,18:09:34.43,2026-05-10T14:09:34.4332800-04:00,2026-05-10T18:09:34.4332800Z,LineDrive,v3,227,471378,26835,"Campbell, Cole",1000115804,Right,NJI_HIG,4c3a9867-459a-420e-b7a4-dbb08dd41404,54.85614,-120.41368,10.62695,5.87188,0.92093,-16.07415,-1.94814,4.55377,1.24735,,0.23986,-86.33009,5.76546,0.84285,-0.46156,0.32861,-0.17995,0.062,-0.00927,2.75758,43.04499,-28.65788,3.83804,-0.79997,0.16035,-0.02142,0.00237,-0.00015,0.31262,31.67976,-7.13539,0.95373,-0.10379,-0.09131,0.08037,-0.03068,0.00473,,,,,,,,,,,,,,,,,,,,,,,High,High,High,High,Medium,,,,62.61115,81.547174,328.494873,0.146995,8:00,-0.984734,0.139139,0.104589,-65.152025,37.584042,71.149931,153.339792,-12.234079,0.438509,-0.211906,-0.873388,13.637885,-26.008757,0.211906,-0.438509,0.873388,-13.637885,26.008757,-0.211906,0.438509,0.873388,-153.339792,12.234079,-0.438509,0.211906,-0.873388,,,
227,2026-05-10,14:09:55.65,4,3,"Riordan, Tade",10148375,Right,NJI_HIG,"Johnson, Gunnar",1000100233,Right,BOC_EAG,Undefined,6,Bottom,1,0,2,Fastball,Four-Seam,BallCalled,Undefined,Undefined,Undefined,0,0,,92.18938,-0.288343,-1.84057,2241.162984,200.775846,12:45,5.99218,1.77871,6.21762,-14.72083,17.93084,6.38985,4.49922,0.61215,83.61457,-3.1361,-0.687547,0.411267,,,,,,,,,,,,-3.81725,9.65906,-1.64374,50,5.9629,4.02311,-133.8344,-1.05603,-6.88117,30.53234,-14.76206,BOC_EAG,NJI_HIG,HarringtonVillage,D1,ACC,20260510-HarringtonVillage-1,73452830-4c9b-11f1-b41d-1bccaf3e6a43,91.64952,,,8.57481,,,,,,,b1484b88-4158-4df7-bc8c-565b9a528c8f,2026-05-10,18:09:55.65,2026-05-10T14:09:55.6500480-04:00,2026-05-10T18:09:55.6500480Z,,v3,227,471378,26835,"Campbell, Cole",1000115804,Right,NJI_HIG,61a75492-c827-446f-95bb-0e97da8e1209,54.27761,-134.80674,15.26617,5.98905,-0.58592,-7.38103,-1.77535,4.24225,-3.44059,,,,,,,,,,,,,,,,,,,,,,,,,,,,,,,,,,,,,,,,,,,,,,,,,,,High,High,High,,,,,,212.643366,35.541815,1823.615275,0.813692,1:00,-0.600788,-0.441832,-0.666212,-46.629927,-27.359863,-57.172097,164.55728,3.76191,0.265701,0.065611,-0.96182,3.902385,15.408618,0.065611,0.265701,0.96182,-3.902385,-15.408618,-0.065611,-0.265701,0.96182,-164.55728,-3.76191,-0.265701,-0.065611,-0.96182,,,
228,2026-05-10,14:10:13.12,4,4,"Riordan, Tade",10148375,Right,NJI_HIG,"Johnson, Gunnar",1000100233,Right,BOC_EAG,Undefined,6,Bottom,1,1,2,Fastball,Four-Seam,InPlay,Undefined,FlyBall,Out,1,0,,92.4897,-2.753584,-2.340867,2254.346431,199.191158,12:45,5.97488,1.87077,6.21898,-16.50643,16.07221,5.20386,2.05434,0.14314,83.98713,-5.907566,-1.401909,0.410807,90.60361,46.455766,27.361714,4764.045028,91.08085,106.48698,61.67881,270.31036,144.27042,40.797104,5.797617,-3.40311,9.49481,-1.698,50,5.7602,5.2619,-134.08911,-6.92445,-6.14373,31.27154,-15.03276,BOC_EAG,NJI_HIG,HarringtonVillage,D1,ACC,20260510-HarringtonVillage-1,7da5b650-4c9b-11f1-b41d-1bccaf3e6a43,91.75215,123.5244,,8.50257,,,,0.59915,1.98214,-0.16739,b1484b88-4158-4df7-bc8c-565b9a528c8f,2026-05-10,18:10:13.12,2026-05-10T14:10:13.1240448-04:00,2026-05-10T18:10:13.1240448Z,FlyBall,v3,227,471378,26835,"Campbell, Cole",1000115804,Right,NJI_HIG,99074460-74ad-45f7-a436-f7d7eaed74bf,54.27807,-135.08313,15.63577,5.97271,-6.4466,-7.51638,-1.86836,5.45719,-3.07187,202.419716,0.60644,81.16215,-23.85883,6.02695,-0.78483,-0.05821,0.04029,-0.00567,0.00027,1.97176,96.48472,-22.73076,2.06388,-0.44132,0.08928,-0.00861,-0,3E-05,-0.16763,42.07868,-3.23558,0.12498,0.0791,-0.02006,0.00171,1E-05,-1E-05,,,,,,,,,,,,,,,,,,,,,,,High,High,High,High,Low,,,,213.506704,35.119565,1843.950154,0.817953,1:00,-0.580324,-0.478654,-0.658874,-44.682539,-31.400584,-55.498851,163.206066,6.492664,0.287077,0.113076,-0.95121,6.779277,16.683062,0.113076,0.287077,0.95121,-6.779277,-16.683062,-0.113076,-0.287077,0.95121,-163.206066,-6.492664,-0.287077,-0.113076,-0.95121,,,
229,2026-05-10,14:11:00.33,5,1,"Riordan, Tade",10148375,Right,NJI_HIG,"Gallo, Luke",828057,Right,BOC_EAG,Undefined,6,Bottom,2,0,0,Slider,Slider,StrikeCalled,Undefined,Undefined,Undefined,0,0,,82.52012,0.085837,-2.366552,2115.027789,84.994516,8:45,5.80769,2.0266,5.71083,-40.55565,0.86602,-5.04059,2.50809,-0.59947,75.65775,-7.354836,-3.267689,0.463218,,,,,,,,,,,,1.87835,0.84035,-1.8253,50,5.78992,5.15241,-119.75725,-1.2023,2.72052,23.70519,-30.95688,BOC_EAG,NJI_HIG,HarringtonVillage,D1,ACC,20260510-HarringtonVillage-1,99d39c20-4c9b-11f1-b41d-1bccaf3e6a43,81.37085,,,6.86238,,,,,,,b1484b88-4158-4df7-bc8c-565b9a528c8f,2026-05-10,18:11:00.33,2026-05-10T14:11:00.3317248-04:00,2026-05-10T18:11:00.3317248Z,,v3,227,471378,26835,"Campbell, Cole",1000115804,Right,NJI_HIG,f60542f7-02d0-4466-84d0-933da30a1fc6,54.78733,-120.70116,11.8526,5.81325,0.03035,-15.47844,-2.0283,5.04408,1.36026,,,,,,,,,,,,,,,,,,,,,,,,,,,,,,,,,,,,,,,,,,,,,,,,,,,High,High,High,,,,,,89.630752,83.49033,239.782592,0.113371,9:00,-0.992504,0.114857,0.041749,-68.81259,42.514694,68.632719,150.475803,-12.467641,0.48117,-0.215888,-0.849628,14.256981,-28.761852,0.215888,-0.48117,0.849628,-14.256981,28.761852,-0.215888,0.48117,0.849628,-150.475803,12.467641,-0.48117,0.215888,-0.849628,,,
230,2026-05-10,14:11:16.54,5,2,"Riordan, Tade",10148375,Right,NJI_HIG,"Gallo, Luke",828057,Right,BOC_EAG,Undefined,6,Bottom,2,0,1,Fastball,Four-Seam,BallCalled,Undefined,Undefined,Undefined,0,0,,92.11031,-1.157498,-2.024517,2050.090282,211.357848,1:00,6.00549,1.9339,6.11725,-17.82914,15.21056,8.55686,3.44875,0.77444,83.18082,-4.566584,-0.483086,0.413704,,,,,,,,,,,,-4.99339,8.52827,-1.78279,50,5.90737,4.34282,-133.58151,-3.22199,-8.91494,31.97669,-16.94805,BOC_EAG,NJI_HIG,HarringtonVillage,D1,ACC,20260510-HarringtonVillage-1,a37dab80-4c9b-11f1-b41d-1bccaf3e6a43,91.10974,,,8.92949,,,,,,,b1484b88-4158-4df7-bc8c-565b9a528c8f,2026-05-10,18:11:16.54,2026-05-10T14:11:16.5411840-04:00,2026-05-10T18:11:16.5411840Z,,v3,227,471378,26835,"Campbell, Cole",1000115804,Right,NJI_HIG,903aab18-4deb-4e60-a40a-1ad8bde54839,54.37712,-134.62522,15.98834,6.0035,-2.6688,-8.47403,-1.92929,4.6338,-4.45747,,,,,,,,,,,,,,,,,,,,,,,,,,,,,,,,,,,,,,,,,,,,,,,,,,,High,High,High,,,,,,212.933286,28.648035,1799.120992,0.877581,1:00,-0.495419,-0.486695,-0.719505,-47.571806,-21.445735,-44.532617,164.093232,-1.323205,0.274,-0.023092,-0.961452,1.37587,-15.902414,0.023092,-0.274,0.961452,-1.37587,15.902414,-0.023092,0.274,0.961452,-164.093232,1.323205,-0.274,0.023092,-0.961452,,,
231,2026-05-10,14:11:34.62,5,3,"Riordan, Tade",10148375,Right,NJI_HIG,"Gallo, Luke",828057,Right,BOC_EAG,Undefined,6,Bottom,2,1,1,Slider,Slider,InPlay,Undefined,GroundBall,Single,1,1,,82.09376,0.142354,-0.971514,2209.641906,61.044303,8:00,5.82461,1.94517,5.66961,-44.83337,-2.50599,-7.20347,2.22124,0.439,74.53914,-8.086594,-2.261018,0.468255,69.45709,-76.44427,-105.835839,,,,,0.99877,0.99877,-63.462096,0.021157,3.3413,-0.87343,-1.85855,50,5.80857,2.31057,-119.09692,-1.24755,4.72801,26.03353,-33.40998,BOC_EAG,NJI_HIG,HarringtonVillage,D1,ACC,20260510-HarringtonVillage-1,ae4c16a0-4c9b-11f1-b41d-1bccaf3e6a43,80.49561,2.10188,,7.55462,,,,0.58453,2.10188,-0.40599,b1484b88-4158-4df7-bc8c-565b9a528c8f,2026-05-10,18:11:34.62,2026-05-10T14:11:34.6282496-04:00,2026-05-10T18:11:34.6282496Z,GroundBall,v3,227,471378,26835,"Campbell, Cole",1000115804,Right,NJI_HIG,00ef1111-4ea8-4253-8cf9-a29ad0ed4b27,54.82828,-120.1477,13.01676,5.83171,0.10096,-16.70499,-1.94796,2.11973,2.36401,,0.5846,-6.5364,,,,,,,,2.10295,-99.34646,,,,,,,,-0.40574,-23.04411,,,,,,,,,,,,,,,,,,,,,,,,,,,,,,High,High,High,Estimated,Estimated,,,,83.136224,81.459151,328.163861,0.148514,8:45,-0.988098,0.149907,0.034507,-64.984729,43.32144,68.735624,147.69453,-10.543296,0.52541,-0.182978,-0.830941,12.418694,-31.69586,0.182978,-0.52541,0.830941,-12.418694,31.69586,-0.182978,0.52541,0.830941,-147.69453,10.543296,-0.52541,0.182978,-0.830941,,,
232,2026-05-10,14:15:46.80,1,1,"Gonzalez, Cesar",831498,Right,BOC_EAG,"Camilleri, Lorenzo",10147342,Left,NJI_HIG,Undefined,7,Top,0,0,0,ChangeUp,Changeup,BallCalled,Undefined,Undefined,Undefined,0,0,,77.51727,0.592429,-2.522415,2066.322344,247.536148,2:15,5.1843,1.79516,5.57866,-36.28352,11.24016,23.19497,2.71453,1.37076,70.29402,-6.145211,1.614687,0.496165,,,,,,,,,,,,-12.46162,5.99016,-1.5935,50,5.21191,4.04925,-112.38081,0.04364,-15.77527,22.2922,-24.59109,BOC_EAG,NJI_HIG,HarringtonVillage,D1,ACC,20260510-HarringtonVillage-1,44926510-4c9c-11f1-b41d-1bccaf3e6a43,75.96748,,,7.22325,,,,,,,b1484b88-4158-4df7-bc8c-565b9a528c8f,2026-05-10,18:15:46.80,2026-05-10T14:15:46.8020224-04:00,2026-05-10T18:15:46.8020224Z,,v3,227,471378,26835,"Johnson, Gunnar",1000100233,Right,BOC_EAG,daf4194d-17c9-451b-a5a7-2fb8792ed9f7,54.91915,-113.35239,11.1461,5.18665,1.11541,-12.29554,-1.78496,4.73679,-7.88763,,,,,,,,,,,,,,,,,,,,,,,,,,,,,,,,,,,,,,,,,,,,,,,,,,,High,High,High,,,,,,250.360372,-14.195965,2003.222282,0.969463,2:15,0.221217,-0.915551,-0.335901,-30.572178,-58.948713,-6.315711,171.688619,32.35256,0.122114,0.535128,-0.835899,32.626649,7.014124,0.535128,0.122114,0.835899,-32.626649,-7.014124,-0.535128,-0.122114,0.835899,-171.688619,-32.35256,-0.122114,-0.535128,-0.835899,,,
233,2026-05-10,14:15:58.18,1,2,"Gonzalez, Cesar",831498,Right,BOC_EAG,"Camilleri, Lorenzo",10147342,Left,NJI_HIG,Undefined,7,Top,0,1,0,ChangeUp,Changeup,FoulBallNotFieldable,Undefined,Undefined,Undefined,0,0,,77.49545,-0.27994,-3.597567,2079.823432,262.257597,2:45,5.27722,1.69203,5.55244,-42.27715,4.85516,24.80694,1.49203,0.39327,71.25567,-8.024062,0.825171,0.494118,,,,,,,,,,,,-13.71158,2.89662,-1.39813,50,5.22464,6.15417,-112.43534,-1.89695,-17.5668,20.22712,-28.46302,BOC_EAG,NJI_HIG,HarringtonVillage,D1,ACC,20260510-HarringtonVillage-1,4b513b60-4c9c-11f1-b41d-1bccaf3e6a43,76.28222,,,6.23978,,,,,,,b1484b88-4158-4df7-bc8c-565b9a528c8f,2026-05-10,18:15:58.18,2026-05-10T14:15:58.1803008-04:00,2026-05-10T18:15:58.1803008Z,,v3,227,471378,26835,"Johnson, Gunnar",1000100233,Right,BOC_EAG,90315507-cf35-4b9c-9e2a-7560655ef41a,54.95009,-113.32237,10.11356,5.28046,-0.64876,-14.23151,-1.6849,6.92453,-8.7834,,,,,,,,,,,,,,,,,,,,,,,,,,,,,,,,,,,,,,,,,,,,,,,,,,,High,High,High,,,,,,251.285819,-14.042245,2017.672259,0.970117,2:30,0.227106,-0.917631,-0.326153,-23.160089,-51.710796,-11.437914,179.613516,35.514073,0.005491,0.580903,-0.813954,35.514689,0.314586,0.580903,0.005491,0.813954,-35.514689,-0.314586,-0.580903,-0.005491,0.813954,-179.613516,-35.514073,-0.005491,-0.580903,-0.813954,,,
234,2026-05-10,14:16:16.46,1,3,"Gonzalez, Cesar",831498,Right,BOC_EAG,"Camilleri, Lorenzo",10147342,Left,NJI_HIG,Undefined,7,Top,0,1,1,ChangeUp,Changeup,BallCalled,Undefined,Undefined,Undefined,0,0,,78.356,-0.341948,-2.209148,2096.692992,256.074059,2:30,5.11393,1.78027,5.54379,-39.61975,6.3067,19.80521,1.49247,1.36511,72.22735,-7.604273,1.325119,0.487756,,,,,,,,,,,,-10.6269,3.69792,-1.60241,50,5.05794,3.63072,-113.80159,-1.96208,-13.98773,20.16068,-27.30662,BOC_EAG,NJI_HIG,HarringtonVillage,D1,ACC,20260510-HarringtonVillage-1,5645a510-4c9c-11f1-b41d-1bccaf3e6a43,77.27721,,,6.12865,,,,,,,b1484b88-4158-4df7-bc8c-565b9a528c8f,2026-05-10,18:16:16.46,2026-05-10T14:16:16.4672512-04:00,2026-05-10T18:16:16.4672512Z,,v3,227,471378,26835,"Johnson, Gunnar",1000100233,Right,BOC_EAG,d4567e02-ca3c-4330-b516-0db14cebcbd9,54.9567,-114.67634,10.08034,5.11737,-0.77728,-13.65331,-1.77311,4.23763,-6.99386,,,,,,,,,,,,,,,,,,,,,,,,,,,,,,,,,,,,,,,,,,,,,,,,,,,High,High,High,,,,,,249.51263,-10.101566,2064.190866,0.984498,2:15,0.167478,-0.921165,-0.351292,-27.536986,-56.179316,-7.594028,170.638626,36.101393,0.131426,0.589216,-0.797215,36.467847,7.552001,0.589216,0.131426,0.797215,-36.467847,-7.552001,-0.589216,-0.131426,0.797215,-170.638626,-36.101393,-0.131426,-0.589216,-0.797215,,,
235,2026-05-10,14:16:30.49,1,4,"Gonzalez, Cesar",831498,Right,BOC_EAG,"Camilleri, Lorenzo",10147342,Left,NJI_HIG,Undefined,7,Top,0,2,1,ChangeUp,Changeup,BallCalled,Undefined,Undefined,Undefined,0,0,,76.67819,-1.108267,-4.452958,1993.910578,258.122894,2:30,5.28772,1.66099,5.59198,-41.60486,6.9615,25.15765,0.78258,-0.40871,70.00946,-8.752851,0.030601,0.501579,,,,,,,,,,,,-14.13761,4.3152,-1.29544,50,5.16527,7.70748,-111.01104,-3.45106,-17.51813,21.17575,-26.82704,BOC_EAG,NJI_HIG,HarringtonVillage,D1,ACC,20260510-HarringtonVillage-1,5e9f8dc0-4c9c-11f1-b41d-1bccaf3e6a43,75.14759,,,6.66873,,,,,,,b1484b88-4158-4df7-bc8c-565b9a528c8f,2026-05-10,18:16:30.49,2026-05-10T14:16:30.4914944-04:00,2026-05-10T18:16:30.4914944Z,,v3,227,471378,26835,"Johnson, Gunnar",1000100233,Right,BOC_EAG,8926eaf8-d7b8-4657-bfe0-f3dff689d5ba,54.90864,-111.94346,10.58788,5.29122,-2.2698,-13.41352,-1.6518,8.47885,-8.75907,,,,,,,,,,,,,,,,,,,,,,,,,,,,,,,,,,,,,,,,,,,,,,,,,,,High,High,High,,,,,,250.015427,-10.373875,1961.317479,0.983654,2:15,0.171218,-0.920767,-0.350532,-31.413618,-38.685433,3.056153,171.030581,37.614275,0.1235,0.610343,-0.782451,37.955628,7.094142,0.610343,0.1235,0.782451,-37.955628,-7.094142,-0.610343,-0.1235,0.782451,-171.030581,-37.614275,-0.1235,-0.610343,-0.782451,,,
236,2026-05-10,14:16:44.68,1,5,"Gonzalez, Cesar",831498,Right,BOC_EAG,"Camilleri, Lorenzo",10147342,Left,NJI_HIG,Undefined,7,Top,0,3,1,Fastball,Four-Seam,InPlay,Undefined,Popup,Single,0,0,,91.03945,-1.780612,-3.584596,2170.488592,212.15541,1:00,5.61027,1.36317,5.82348,-15.51832,18.38914,10.87154,2.65791,-1.06773,83.08505,-4.73894,-1.641302,0.419101,71.03343,39.116722,12.490217,3959.694208,108.75459,68.51767,16.50461,226.78972,226.78972,3.23882,4.478793,-6.58906,10.23839,-1.07648,50,5.45539,7.8029,-131.97097,-4.57085,-11.61554,28.19391,-14.12528,BOC_EAG,NJI_HIG,HarringtonVillage,D1,ACC,20260510-HarringtonVillage-1,67053640-4c9c-11f1-b41d-1bccaf3e6a43,89.93637,70.58679,,7.9544,,,,2.24999,2.74868,1.05299,b1484b88-4158-4df7-bc8c-565b9a528c8f,2026-05-10,18:16:44.68,2026-05-10T14:16:44.6849536-04:00,2026-05-10T18:16:44.6849536Z,FlyBall,v3,227,471378,26835,"Johnson, Gunnar",1000100233,Right,BOC_EAG,1bb4c0dc-47bf-44b1-bf43-93f78ef0cb67,54.67575,-132.96613,14.09696,5.60793,-4.07227,-7.06264,-1.35913,8.21289,-5.80777,162.735968,2.25106,78.8935,-15.47573,3.90826,-0.69777,0.0874,-0.0091,0.00111,-8E-05,2.74892,65.71844,-16.93847,0.27129,0.31904,-0.18785,0.05561,-0.00822,0.00047,1.05352,17.47036,-7.06793,1.63766,-0.31117,0.05383,-0.01058,0.00165,-0.00011,,,,,,,,,,,,,,,,,,,,,,,High,High,High,High,Medium,,,,214.138579,18.195199,2061.960303,0.949998,1:15,-0.344121,-0.542581,-0.766281,-19.886014,12.082172,41.368909,153.435092,-7.515395,0.44337,-0.130793,-0.886745,8.390481,-26.31908,0.130793,-0.44337,0.886745,-8.390481,26.31908,-0.130793,0.44337,0.886745,-153.435092,7.515395,-0.44337,0.130793,-0.886745,73.20974,16.87268,6.44051
237,2026-05-10,14:17:29.56,2,1,"Gonzalez, Cesar",831498,Right,BOC_EAG,"Campbell, Cole",1000115804,Right,NJI_HIG,Undefined,7,Top,0,0,0,Fastball,Four-Seam,FoulBallNotFieldable,Undefined,Undefined,Undefined,0,0,,90.41126,-1.589382,-2.668994,2182.491311,217.000703,1:15,5.58635,1.40324,6.07236,-17.83631,16.39363,11.47138,2.62732,-0.1123,82.02994,-4.992409,-0.605441,0.421089,,,,,,,,,,,,-6.67225,9.25445,-1.20235,50,5.45363,5.62105,-131.11219,-4.15689,-11.52939,29.61642,-16.1827,BOC_EAG,NJI_HIG,HarringtonVillage,D1,ACC,20260510-HarringtonVillage-1,81d95870-4c9c-11f1-b41d-1bccaf3e6a43,89.51172,,,8.38132,,,,,,,b1484b88-4158-4df7-bc8c-565b9a528c8f,2026-05-10,18:17:29.56,2026-05-10T14:17:29.5636480-04:00,2026-05-10T18:17:29.5636480Z,,v3,227,471378,26835,"Johnson, Gunnar",1000100233,Right,BOC_EAG,028b1fd2-2777-49c8-a530-8a69b7b4bb93,54.42404,-132.10774,14.80821,5.58422,-3.61291,-8.09135,-1.39781,6.00861,-5.7647,,,,,,,,,,,,,,,,,,,,,,,,,,,,,,,,,,,,,,,,,,,,,,,,,,,High,High,High,,,,,,213.157427,15.580278,2102.295833,0.963255,1:00,-0.291148,-0.534091,-0.793713,-32.238114,8.934098,35.759831,154.453193,-13.952514,0.418525,-0.241118,-0.875614,15.395953,-24.741482,0.241118,-0.418525,0.875614,-15.395953,24.741482,-0.241118,0.418525,0.875614,-154.453193,13.952514,-0.418525,0.241118,-0.875614,,,
238,2026-05-10,14:17:53.19,2,2,"Gonzalez, Cesar",831498,Right,BOC_EAG,"Campbell, Cole",1000115804,Right,NJI_HIG,Undefined,7,Top,0,0,1,Fastball,Four-Seam,BallCalled,Undefined,Undefined,Undefined,0,0,,90.39591,-0.138232,-0.555084,2073.285534,207.992804,1:00,5.68789,1.33448,5.89254,-15.78194,18.34296,9.18516,4.24438,1.58452,82.55762,-3.15411,1.093321,0.420443,,,,,,,,,,,,-4.84244,9.74272,-1.295,50,5.66766,0.8764,-131.34151,-0.76999,-8.46453,27.64117,-15.14393,BOC_EAG,NJI_HIG,HarringtonVillage,D1,ACC,20260510-HarringtonVillage-1,8fd92d60-4c9c-11f1-b41d-1bccaf3e6a43,89.64937,,,7.83828,,,,,,,b1484b88-4158-4df7-bc8c-565b9a528c8f,2026-05-10,18:17:53.19,2026-05-10T14:17:53.1929600-04:00,2026-05-10T18:17:53.1929600Z,,v3,227,471378,26835,"Johnson, Gunnar",1000100233,Right,BOC_EAG,e810ba33-3a9b-4e44-ae48-896ef6759d0f,54.60502,-132.3071,13.82059,5.68532,-0.24096,-7.57197,-1.33078,1.17209,-4.23226,,,,,,,,,,,,,,,,,,,,,,,,,,,,,,,,,,,,,,,,,,,,,,,,,,,High,High,High,,,,,,210.532845,17.360115,1978.843782,0.954448,1:00,-0.305156,-0.485609,-0.819185,-17.172329,8.017147,42.297686,154.149135,-6.615842,0.433127,-0.115212,-0.893939,7.343855,-25.666149,0.115212,-0.433127,0.893939,-7.343855,25.666149,-0.115212,0.433127,0.893939,-154.149135,6.615842,-0.433127,0.115212,-0.893939,,,
239,2026-05-10,14:18:14.61,2,3,"Gonzalez, Cesar",831498,Right,BOC_EAG,"Campbell, Cole",1000115804,Right,NJI_HIG,Undefined,7,Top,0,1,1,Fastball,Four-Seam,FoulBallNotFieldable,Undefined,Undefined,Undefined,0,0,,90.90219,-1.643749,-1.514315,2145.631098,201.477906,12:45,5.66916,1.25215,5.87633,-15.85454,17.70312,6.57839,2.82036,0.3936,83.72415,-4.645992,-0.334325,0.416934,76.17843,17.53362,168.006344,2278.72252,,,,,44.91097,,,-3.76855,9.80327,-1.13365,50,5.52707,3.21456,-132.10073,-4.27076,-6.71507,25.93171,-14.70579,BOC_EAG,NJI_HIG,HarringtonVillage,D1,ACC,20260510-HarringtonVillage-1,9ca60090-4c9c-11f1-b41d-1bccaf3e6a43,90.40386,13.72664,,7.17805,,,,0.63127,2.76543,-0.41044,b1484b88-4158-4df7-bc8c-565b9a528c8f,2026-05-10,18:18:14.61,2026-05-10T14:18:14.6176000-04:00,2026-05-10T18:18:14.6176000Z,,v3,227,471378,26835,"Johnson, Gunnar",1000100233,Right,BOC_EAG,cf0a3b08-4240-43c9-8c1c-6be54ee8142f,54.62324,-133.00519,12.96586,5.66708,-3.75784,-7.3529,-1.24985,3.44877,-3.35753,286.025265,0.62891,-104.14158,7.99525,,,,,,,2.77205,33.46175,-20.00714,,,,,,,-0.40269,21.90621,-8.70867,,,,,,,,,,,,,,,,,,,,,,,,,,,,,High,High,High,High,Undefined,,,,209.668829,17.473237,2046.625896,0.953857,1:00,-0.308396,-0.480565,-0.820944,-21.225886,6.463301,40.277899,152.860068,-9.332905,0.450127,-0.162171,-0.878115,10.463502,-26.751823,0.162171,-0.450127,0.878115,-10.463502,26.751823,-0.162171,0.450127,0.878115,-152.860068,9.332905,-0.450127,0.162171,-0.878115,79.60423,1.17251,-0.08228
240,2026-05-10,14:18:41.46,2,4,"Gonzalez, Cesar",831498,Right,BOC_EAG,"Campbell, Cole",1000115804,Right,NJI_HIG,Undefined,7,Top,0,1,2,Slider,Slider,InPlay,Undefined,GroundBall,Out,2,0,,81.90311,-0.169343,-2.203229,2217.209874,109.301733,9:45,5.36276,1.48121,5.40888,-37.58892,5.61599,-11.5441,2.07158,-1.54604,73.968,-7.085909,-4.254445,0.473084,76.21371,-7.344829,-12.466839,,,,,16.42837,15.60735,-5.969187,0.13569,5.09158,3.31504,-1.27666,50,5.32172,5.03818,-118.61899,-1.63442,7.11406,26.78347,-27.54219,BOC_EAG,NJI_HIG,HarringtonVillage,D1,ACC,20260510-HarringtonVillage-1,aca68780-4c9c-11f1-b41d-1bccaf3e6a43,79.67394,2.1343,,7.9351,,,,1.91017,2.1343,1.52702,b1484b88-4158-4df7-bc8c-565b9a528c8f,2026-05-10,18:18:41.46,2026-05-10T14:18:41.4622720-04:00,2026-05-10T18:18:41.4622720Z,GroundBall,v3,227,471378,26835,"Johnson, Gunnar",1000100233,Right,BOC_EAG,fcd89138-ba16-4cb2-9f75-3fa8c146bf87,55.08803,-119.76233,13.39174,5.36639,-0.4587,-13.7711,-1.48525,4.73449,3.55703,144.253668,1.91045,108.22178,-13.90812,,,,,,,2.13433,-14.29255,-10.59082,,,,,,,1.52702,-23.93276,0.65015,,,,,,,,,,,,,,,,,,,,,,,,,,,,,High,High,High,High,High,,,,63.186669,74.900627,577.569728,0.260494,8:00,-0.960927,0.229631,0.154561,7.876006,42.619982,67.533876,119.852747,-75.413932,0.218418,-0.96777,-0.125356,82.619525,-12.616107,0.96777,-0.218418,0.125356,-82.619525,12.616107,-0.96777,0.218418,0.125356,-119.852747,75.413932,-0.218418,0.96777,-0.125356,62.30082,7.66687,-1.33622
241,2026-05-10,14:19:16.12,3,1,"Gonzalez, Cesar",831498,Right,BOC_EAG,"Levin, Brody",1000077124,Right,NJI_HIG,Undefined,7,Top,2,0,0,Fastball,Four-Seam,BallCalled,Undefined,Undefined,Undefined,0,0,,91.98014,-1.481842,-0.855501,2228.99121,205.564813,12:45,5.81068,1.32509,5.77035,-13.398,19.83824,8.97268,3.31472,1.27662,83.79759,-4.06065,0.751167,0.414932,,,,,,,,,,,,-4.78508,10.82646,-1.2597,50,5.68005,1.58898,-133.5164,-3.82194,-8.61998,29.29695,-12.67091,BOC_EAG,NJI_HIG,HarringtonVillage,D1,ACC,20260510-HarringtonVillage-1,c14f60d0-4c9c-11f1-b41d-1bccaf3e6a43,90.83994,,,8.18255,,,,,,,b1484b88-4158-4df7-bc8c-565b9a528c8f,2026-05-10,18:19:16.12,2026-05-10T14:19:16.1295360-04:00,2026-05-10T18:19:16.1295360Z,,v3,227,471378,26835,"Johnson, Gunnar",1000100233,Right,BOC_EAG,4bd37c7e-30b5-40d0-9a0b-e87e275c53c3,54.72624,-134.54946,14.64847,5.80694,-3.37514,-6.33546,-1.32109,1.89293,-4.30999,,,,,,,,,,,,,,,,,,,,,,,,,,,,,,,,,,,,,,,,,,,,,,,,,,,High,High,High,,,,,,209.899083,16.186694,2140.630546,0.960358,1:00,-0.278696,-0.485762,-0.82847,-19.934343,6.761732,42.592361,154.066712,-8.233051,0.432817,-0.1432,-0.890035,9.14012,-25.64648,0.1432,-0.432817,0.890035,-9.14012,25.64648,-0.1432,0.432817,0.890035,-154.066712,8.233051,-0.432817,0.1432,-0.890035,,,
242,2026-05-10,14:19:29.63,3,2,"Gonzalez, Cesar",831498,Right,BOC_EAG,"Levin, Brody",1000077124,Right,NJI_HIG,Undefined,7,Top,2,1,0,Fastball,Four-Seam,BallCalled,Undefined,Undefined,Undefined,0,0,,92.73866,-0.368357,-2.541321,2150.029697,207.580733,1:00,5.79079,1.20312,5.9586,-15.50343,17.17225,8.38835,4.15691,-0.456,83.93764,-3.346086,-1.036083,0.411418,,,,,,,,,,,,-5.03784,9.22524,-1.00578,50,5.75282,5.59452,-134.50272,-1.31058,-9.15493,31.35387,-15.40965,BOC_EAG,NJI_HIG,HarringtonVillage,D1,ACC,20260510-HarringtonVillage-1,c960a7c0-4c9c-11f1-b41d-1bccaf3e6a43,91.61583,,,8.80102,,,,,,,b1484b88-4158-4df7-bc8c-565b9a528c8f,2026-05-10,18:19:29.63,2026-05-10T14:19:29.6376320-04:00,2026-05-10T18:19:29.6376320Z,,v3,227,471378,26835,"Johnson, Gunnar",1000100233,Right,BOC_EAG,6d4f6a6e-f493-4fa0-9c41-2c569bc0d42a,54.53724,-135.55627,15.67694,5.78816,-0.79279,-7.70482,-1.19893,5.90215,-4.57747,,,,,,,,,,,,,,,,,,,,,,,,,,,,,,,,,,,,,,,,,,,,,,,,,,,High,High,High,,,,,,207.948213,19.339196,2028.713464,0.943575,1:00,-0.364946,-0.444348,-0.81815,-19.456435,5.788105,34.796404,151.818347,-8.152669,0.467496,-0.141811,-0.872546,9.231322,-27.871857,0.141811,-0.467496,0.872546,-9.231322,27.871857,-0.141811,0.467496,0.872546,-151.818347,8.152669,-0.467496,0.141811,-0.872546,,,
243,2026-05-10,14:19:52.00,3,3,"Gonzalez, Cesar",831498,Right,BOC_EAG,"Levin, Brody",1000077124,Right,NJI_HIG,Undefined,7,Top,2,2,0,Fastball,Four-Seam,InPlay,Undefined,FlyBall,Out,1,0,,92.21195,-1.656657,-1.560535,2214.795792,208.952442,1:00,5.54067,1.45158,5.91341,-14.01162,18.95985,9.88288,2.83449,0.82646,83.86025,-4.353828,0.213389,0.413276,81.14774,48.80153,-5.662362,,109.9085,105.09053,-4.48511,229.31609,227.70126,-0.517585,5.411855,-5.54122,10.54103,-1.33219,50,5.39994,3.21955,-133.84481,-4.26601,-10.00191,30.23017,-13.14747,BOC_EAG,NJI_HIG,HarringtonVillage,D1,ACC,20260510-HarringtonVillage-1,d6b60be0-4c9c-11f1-b41d-1bccaf3e6a43,91.20397,109.15619,,8.3517,,,,2.05494,2.96125,-0.83282,b1484b88-4158-4df7-bc8c-565b9a528c8f,2026-05-10,18:19:52.00,2026-05-10T14:19:52.0082432-04:00,2026-05-10T18:19:52.0082432Z,FlyBall,v3,227,471378,26835,"Johnson, Gunnar",1000100233,Right,BOC_EAG,f92aff33-4c90-40ea-8c06-18185da83672,54.58498,-134.8764,15.11509,5.53786,-3.81736,-6.57374,-1.44788,3.56086,-5.00095,190.861843,2.05919,77.9154,-20.25112,5.43194,-0.7859,-0.02507,0.03416,-0.00541,0.00028,2.95831,89.60344,-22.1222,1.52424,0.01324,-0.1078,0.04223,-0.00722,0.00045,-0.83304,-7.72645,5.43049,-1.88408,0.41939,-0.05341,0.00077,0.00064,-5E-05,,,,,,,,,,,,,,,,,,,,,,,High,High,High,High,Medium,,,,216.071764,17.078273,2117.133147,0.955904,1:15,-0.298222,-0.57109,-0.764801,-24.43064,9.339268,33.23555,154.398956,-3.660424,0.431221,-0.063843,-0.899985,4.057642,-25.545052,0.063843,-0.431221,0.899985,-4.057642,25.545052,-0.063843,0.431221,0.899985,-154.398956,3.660424,-0.431221,0.063843,-0.899985,,,
244,2026-05-10,14:22:09.62,1,1,"Riordan, Tade",10148375,Right,NJI_HIG,"Wolff, Kyle",813479,Right,BOC_EAG,Undefined,7,Bottom,0,0,0,Slider,Slider,BallCalled,Undefined,Undefined,Undefined,0,0,,81.84298,-1.202857,-2.405747,2142.963937,94.444797,9:15,5.8154,1.75429,5.69744,-40.35045,1.76189,-5.71083,1.3308,-0.96477,75.32526,-8.579787,-3.42729,0.467064,,,,,,,,,,,,2.23512,1.61473,-1.54859,50,5.68908,5.21256,-118.77123,-3.84637,3.18586,23.20585,-29.8725,BOC_EAG,NJI_HIG,HarringtonVillage,D1,ACC,20260510-HarringtonVillage-1,28c79160-4c9d-11f1-b41d-1bccaf3e6a43,80.70087,,,6.51772,,,,,,,b1484b88-4158-4df7-bc8c-565b9a528c8f,2026-05-10,18:22:09.62,2026-05-10T14:22:09.6243712-04:00,2026-05-10T18:22:09.6243712Z,,v3,227,471378,26835,"Campbell, Cole",1000115804,Right,NJI_HIG,29e2deba-97e7-451a-9c76-a1977283e86c,54.80201,-119.70578,11.60293,5.81976,-2.64333,-14.93625,-1.75593,5.08425,1.59293,,,,,,,,,,,,,,,,,,,,,,,,,,,,,,,,,,,,,,,,,,,,,,,,,,,High,High,High,,,,,,150.247085,84.367343,210.332205,0.09815,11:00,-0.998674,0.027806,-0.043329,-77.703178,45.705704,71.303365,153.552841,-10.015715,0.438585,-0.173918,-0.881701,11.158528,-26.013623,0.173918,-0.438585,0.881701,-11.158528,26.013623,-0.173918,0.438585,0.881701,-153.552841,10.015715,-0.438585,0.173918,-0.881701,,,
245,2026-05-10,14:22:29.69,1,2,"Riordan, Tade",10148375,Right,NJI_HIG,"Wolff, Kyle",813479,Right,BOC_EAG,Undefined,7,Bottom,0,1,0,Slider,Slider,InPlay,Undefined,FlyBall,Out,1,0,,81.95432,0.300627,-1.840509,2277.436862,93.72428,9:00,5.90189,1.83982,5.71284,-40.36912,1.62063,-4.35437,2.81801,-0.23825,75.04251,-7.118844,-2.619483,0.466383,103.07301,45.333736,-10.230076,4069.411736,108.15845,111.69522,-20.04293,340.50392,340.50392,-12.388762,6.597208,1.69933,1.09248,-1.68298,50,5.90185,3.9929,-118.98815,-0.72111,2.42663,23.67716,-30.61403,BOC_EAG,NJI_HIG,HarringtonVillage,D1,ACC,20260510-HarringtonVillage-1,34b10970-4c9d-11f1-b41d-1bccaf3e6a43,80.81858,159.99767,,6.9118,,,,1.81446,2.71601,0.23437,b1484b88-4158-4df7-bc8c-565b9a528c8f,2026-05-10,18:22:29.69,2026-05-10T14:22:29.6962048-04:00,2026-05-10T18:22:29.6962048Z,FlyBall,v3,227,471378,26835,"Campbell, Cole",1000115804,Right,NJI_HIG,f233560f-ea03-45f9-824c-93fe808f4087,54.78679,-119.93688,11.83858,5.90617,0.50558,-15.30701,-1.84102,3.89567,1.21331,177.935823,1.82412,104.4038,-25.92829,6.08879,-0.8374,0.03845,0.00588,-0.00086,3E-05,2.71725,107.49464,-21.78288,1.52019,-0.07238,-0.05928,0.0201,-0.0026,0.00012,0.23326,-18.85155,3.93205,-0.95785,0.13462,-0.00643,-0.00102,0.00016,-1E-05,,,,,,,,,,,,,,,,,,,,,,,High,High,High,High,Medium,,,,129.796438,83.884528,242.621201,0.106533,10:15,-0.995543,0.087067,-0.036232,100.103263,-37.456484,45.100992,146.989729,-12.76453,0.531326,-0.220945,-0.817849,15.117777,-32.095066,0.220945,-0.531326,0.817849,-15.117777,32.095066,-0.220945,0.531326,0.817849,-146.989729,12.76453,-0.531326,0.220945,-0.817849,,,
246,2026-05-10,14:23:09.38,2,1,"Riordan, Tade",10148375,Right,NJI_HIG,"Surowiec, Danny",831970,Left,BOC_EAG,Undefined,7,Bottom,1,0,0,Fastball,Four-Seam,StrikeCalled,Undefined,Undefined,Undefined,0,0,,91.71883,-2.855712,-2.830348,2255.841078,201.503689,12:45,5.9386,1.67806,6.18266,-15.61981,17.56572,6.47028,1.99457,-0.39843,83.29906,-5.851281,-1.664552,0.414616,,,,,,,,,,,,-4.18937,10.27989,-1.46744,50,5.71463,6.29737,-132.90411,-7.0651,-7.43638,30.49987,-13.92666,BOC_EAG,NJI_HIG,HarringtonVillage,D1,ACC,20260510-HarringtonVillage-1,4c54d340-4c9d-11f1-b41d-1bccaf3e6a43,90.90938,,,8.41977,,,,,,,b1484b88-4158-4df7-bc8c-565b9a528c8f,2026-05-10,18:23:09.38,2026-05-10T14:23:09.3888000-04:00,2026-05-10T18:23:09.3888000Z,,v3,227,471378,26835,"Campbell, Cole",1000115804,Right,NJI_HIG,712cea94-07e0-453a-856f-e4200b7183e8,54.31416,-133.89049,15.24993,5.93584,-6.6147,-6.96333,-1.67499,6.53786,-3.71819,,,,,,,,,,,,,,,,,,,,,,,,,,,,,,,,,,,,,,,,,,,,,,,,,,,High,High,High,,,,,,213.440569,35.825928,1829.033754,0.810799,1:00,-0.59506,-0.475415,-0.647985,-45.973981,-15.862637,-44.287208,164.410997,5.48848,0.267503,0.095646,-0.958798,5.696736,15.51573,0.095646,0.267503,0.958798,-5.696736,-15.51573,-0.095646,-0.267503,0.958798,-164.410997,-5.48848,-0.267503,-0.095646,-0.958798,,,
247,2026-05-10,14:23:24.92,2,2,"Riordan, Tade",10148375,Right,NJI_HIG,"Surowiec, Danny",831970,Left,BOC_EAG,Undefined,7,Bottom,1,0,1,Fastball,Four-Seam,BallCalled,Undefined,Undefined,Undefined,0,0,,91.23348,-1.719325,-1.20836,2096.765823,204.303846,12:45,5.96342,1.8143,6.02543,-16.20867,17.57698,7.39638,3.01951,1.31138,82.4311,-4.832939,0.122456,0.418348,,,,,,,,,,,,-4.12508,9.88253,-1.72343,50,5.81992,2.46044,-132.29905,-4.42016,-7.22664,31.26923,-14.86098,BOC_EAG,NJI_HIG,HarringtonVillage,D1,ACC,20260510-HarringtonVillage-1,55a37c30-4c9d-11f1-b41d-1bccaf3e6a43,90.09833,,,8.80238,,,,,,,b1484b88-4158-4df7-bc8c-565b9a528c8f,2026-05-10,18:23:24.92,2026-05-10T14:23:24.9281536-04:00,2026-05-10T18:23:24.9281536Z,,v3,227,471378,26835,"Campbell, Cole",1000115804,Right,NJI_HIG,40731a4d-e9c2-47a9-9654-532e6c67f861,54.4683,-133.35096,15.63462,5.96021,-3.92023,-7.43049,-1.81029,2.70355,-3.61332,,,,,,,,,,,,,,,,,,,,,,,,,,,,,,,,,,,,,,,,,,,,,,,,,,,High,High,High,,,,,,217.424422,29.532675,1824.342969,0.870075,1:15,-0.491299,-0.543308,-0.680766,-46.552952,-21.777911,-41.420957,164.863434,2.717494,0.260827,0.047411,-0.964221,2.815008,15.119137,0.047411,0.260827,0.964221,-2.815008,-15.119137,-0.047411,-0.260827,0.964221,-164.863434,-2.717494,-0.260827,-0.047411,-0.964221,,,
248,2026-05-10,14:23:41.61,2,3,"Riordan, Tade",10148375,Right,NJI_HIG,"Surowiec, Danny",831970,Left,BOC_EAG,Undefined,7,Bottom,1,1,1,Slider,Slider,BallCalled,Undefined,Undefined,Undefined,0,0,,82.60156,-0.873485,-0.030177,2300.321811,78.334019,8:30,5.92851,1.75648,5.60035,-41.56203,-0.0363,-6.66721,1.64949,1.17271,75.74208,-8.472715,-1.223162,0.463799,,,,,,,,,,,,3.36425,0.65591,-1.74952,50,5.82688,0.33438,-119.93175,-3.27367,4.87719,24.20343,-31.22318,BOC_EAG,NJI_HIG,HarringtonVillage,D1,ACC,20260510-HarringtonVillage-1,5f98c560-4c9d-11f1-b41d-1bccaf3e6a43,81.26888,,,6.85948,,,,,,,b1484b88-4158-4df7-bc8c-565b9a528c8f,2026-05-10,18:23:41.61,2026-05-10T14:23:41.6173568-04:00,2026-05-10T18:23:41.6173568Z,,v3,227,471378,26835,"Campbell, Cole",1000115804,Right,NJI_HIG,0a124eda-b8c6-45a8-a0f0-e4d59e73666c,54.89815,-120.9162,12.10172,5.93421,-2.0037,-15.61159,-1.75909,0.13601,2.43859,,,,,,,,,,,,,,,,,,,,,,,,,,,,,,,,,,,,,,,,,,,,,,,,,,,High,High,High,,,,,,101.142128,84.720651,211.656497,0.092012,9:15,-0.997028,0.075087,-0.017256,101.313601,-40.049878,48.316416,150.867237,-12.366606,0.475539,-0.214166,-0.853227,14.090547,-28.394453,0.214166,-0.475539,0.853227,-14.090547,28.394453,-0.214166,0.475539,0.853227,-150.867237,12.366606,-0.475539,0.214166,-0.853227,,,
249,2026-05-10,14:24:00.17,2,4,"Riordan, Tade",10148375,Right,NJI_HIG,"Surowiec, Danny",831970,Left,BOC_EAG,Undefined,7,Bottom,1,2,1,Slider,Slider,StrikeCalled,Undefined,Undefined,Undefined,0,0,,81.74436,0.560159,-0.440274,2163.971724,81.157887,8:45,5.96567,1.88469,5.57172,-42.06553,0.55961,-5.61213,2.98347,1.00576,74.42477,-7.165179,-1.44269,0.469899,,,,,,,,,,,,2.68961,0.57705,-1.84308,50,5.98664,1.14195,-118.61731,-0.29372,3.79846,24.54373,-31.3591,BOC_EAG,NJI_HIG,HarringtonVillage,D1,ACC,20260510-HarringtonVillage-1,6a9fccb0-4c9d-11f1-b41d-1bccaf3e6a43,80.21397,,,7.31959,,,,,,,b1484b88-4158-4df7-bc8c-565b9a528c8f,2026-05-10,18:24:00.17,2026-05-10T14:24:00.1773568-04:00,2026-05-10T18:24:00.1773568Z,,v3,227,471378,26835,"Campbell, Cole",1000115804,Right,NJI_HIG,2c6fac91-99d6-4731-a550-1d226974c516,54.92541,-119.63212,12.27187,5.97198,1.00288,-15.67955,-1.88704,0.9849,1.89923,,,,,,,,,,,,,,,,,,,,,,,,,,,,,,,,,,,,,,,,,,,,,,,,,,,High,High,High,,,,,,94.737731,83.558676,242.766558,0.112186,9:15,-0.992589,0.121512,-0.001639,-73.867782,40.629623,61.729106,149.552277,-15.950263,0.487242,-0.274803,-0.828902,18.341718,-29.15949,0.274803,-0.487242,0.828902,-18.341718,29.15949,-0.274803,0.487242,0.828902,-149.552277,15.950263,-0.487242,0.274803,-0.828902,,,
250,2026-05-10,14:24:18.34,2,5,"Riordan, Tade",10148375,Right,NJI_HIG,"Surowiec, Danny",831970,Left,BOC_EAG,Undefined,7,Bottom,1,2,2,Fastball,Four-Seam,FoulBallNotFieldable,Undefined,Undefined,Undefined,0,0,,92.51468,-3.147046,-1.743812,2225.683253,200.380613,12:45,5.96446,1.61508,6.19125,-16.31867,16.21643,5.61433,1.69478,0.47246,84.19646,-6.25873,-0.730614,0.410533,62.31783,-50.533028,109.484021,,,,,1.46253,1.37033,44.285718,0.02901,-3.43465,9.67186,-1.4865,50,5.71883,3.8496,-134.15731,-7.84898,-6.21751,30.84807,-14.66574,BOC_EAG,NJI_HIG,HarringtonVillage,D1,ACC,20260510-HarringtonVillage-1,7570cfe0-4c9d-11f1-b41d-1bccaf3e6a43,91.81352,2.05477,,8.31822,,,,1.61127,2.05477,-0.57376,b1484b88-4158-4df7-bc8c-565b9a528c8f,2026-05-10,18:24:18.34,2026-05-10T14:24:18.3444992-04:00,2026-05-10T18:24:18.3444992Z,GroundBall,v3,227,471378,26835,"Campbell, Cole",1000115804,Right,NJI_HIG,a212b657-7012-40f3-9665-b70290df807d,54.30666,-135.14395,15.42404,5.96237,-7.37991,-7.33287,-1.6128,4.04846,-3.10876,,1.61162,-19.45208,,,,,,,,2.05603,-70.83022,,,,,,,,-0.57474,54.9797,,,,,,,,,,,,,,,,,,,,,,,,,,,,,,High,High,High,Low,Low,,,,214.186171,36.210576,1795.79539,0.806851,1:15,-0.585024,-0.485105,-0.649939,-45.072654,-29.220908,-52.615108,162.940346,7.143453,0.29109,0.124354,-0.948579,7.468601,16.923229,0.124354,0.29109,0.948579,-7.468601,-16.923229,-0.124354,-0.29109,0.948579,-162.940346,-7.143453,-0.29109,-0.124354,-0.948579,76.74684,6.64393,-3.19219
251,2026-05-10,14:24:41.29,2,6,"Riordan, Tade",10148375,Right,NJI_HIG,"Surowiec, Danny",831970,Left,BOC_EAG,Undefined,7,Bottom,1,2,2,Slider,Slider,StrikeSwinging,Strikeout,Undefined,Undefined,0,0,,81.61699,-0.933519,-0.479001,2195.40362,63.497833,8:00,5.80982,1.81145,5.68907,-44.49538,-2.29602,-7.19634,1.23172,0.76531,75.30102,-9.049888,-1.769219,0.467546,,,,,,,,,,,,3.53595,-0.52665,-1.76658,50,5.70338,1.27301,-118.59195,-3.44719,5.03389,22.75219,-32.92382,BOC_EAG,NJI_HIG,HarringtonVillage,D1,ACC,20260510-HarringtonVillage-1,83243280-4c9d-11f1-b41d-1bccaf3e6a43,80.61763,,,6.31597,,,,,,,b1484b88-4158-4df7-bc8c-565b9a528c8f,2026-05-10,18:24:41.29,2026-05-10T14:24:41.2947968-04:00,2026-05-10T18:24:41.2947968Z,,v3,227,471378,26835,"Campbell, Cole",1000115804,Right,NJI_HIG,2df40b36-fd47-456f-bf5e-96c04c9e5657,54.81114,-119.51141,11.3761,5.81581,-2.11667,-16.46191,-1.81391,1.06958,2.51695,,,,,,,,,,,,,,,,,,,,,,,,,,,,,,,,,,,,,,,,,,,,,,,,,,,High,High,High,,,,,,96.66701,83.46373,249.907521,0.113832,9:15,-0.995286,0.096861,-0.004895,-70.983402,47.283649,62.100115,143.990952,-14.73669,0.568574,-0.254377,-0.782315,18.012444,-34.650821,0.254377,-0.568574,0.782315,-18.012444,34.650821,-0.254377,0.568574,0.782315,-143.990952,14.73669,-0.568574,0.254377,-0.782315,,,
252,2026-05-10,14:25:11.47,3,1,"Riordan, Tade",10148375,Right,NJI_HIG,"Williams, Ben",831962,Right,BOC_EAG,Undefined,7,Bottom,2,0,0,Slider,Slider,StrikeSwinging,Undefined,Undefined,Undefined,0,0,,82.34239,-0.884301,-2.265066,2291.737099,62.406661,8:00,5.89046,1.94489,5.77387,-41.77309,-0.37823,-3.16028,1.58579,-0.42729,75.86973,-8.525788,-2.831438,0.463068,,,,,,,,,,,,0.98067,0.45055,-1.75578,50,5.79216,4.85298,-119.55205,-3.25672,1.41894,23.10151,-31.52211,BOC_EAG,NJI_HIG,HarringtonVillage,D1,ACC,20260510-HarringtonVillage-1,952d33a0-4c9d-11f1-b41d-1bccaf3e6a43,81.39723,,,6.47266,,,,,,,b1484b88-4158-4df7-bc8c-565b9a528c8f,2026-05-10,18:25:11.47,2026-05-10T14:25:11.4796544-04:00,2026-05-10T18:25:11.4796544Z,,v3,227,471378,26835,"Campbell, Cole",1000115804,Right,NJI_HIG,8da505fe-e057-4fe0-997b-c62af9abf5a0,54.72539,-120.4617,11.55075,5.89596,-2.01551,-15.76106,-1.94578,4.7971,0.70947,,,,,,,,,,,,,,,,,,,,,,,,,,,,,,,,,,,,,,,,,,,,,,,,,,,High,High,High,,,,,,88.252409,84.30798,227.297145,0.099181,9:00,-0.995583,0.083766,0.042406,-61.887328,40.844545,75.210544,147.173614,-9.132396,0.535224,-0.158716,-0.829665,10.82993,-32.359089,0.158716,-0.535224,0.829665,-10.82993,32.359089,-0.158716,0.535224,0.829665,-147.173614,9.132396,-0.535224,0.158716,-0.829665,,,
253,2026-05-10,14:25:43.33,3,2,"Riordan, Tade",10148375,Right,NJI_HIG,"Williams, Ben",831962,Right,BOC_EAG,Undefined,7,Bottom,2,0,1,Fastball,Four-Seam,InPlay,Undefined,LineDrive,Out,1,0,,92.25403,-2.454071,-2.834507,2183.700606,210.355027,1:00,5.89813,1.85936,6.07032,-17.45918,15.38442,8.36398,2.16812,-0.06873,83.97325,-5.769103,-1.330317,0.412474,103.02907,18.474285,4.317576,1273.007836,109.70503,32.53211,8.04936,351.09908,341.78323,3.344828,3.658475,-5.1604,8.98792,-1.6442,50,5.6985,6.26856,-133.75163,-6.26615,-9.29717,30.3153,-15.98112,BOC_EAG,NJI_HIG,HarringtonVillage,D1,ACC,20260510-HarringtonVillage-1,a81968d0-4c9d-11f1-b41d-1bccaf3e6a43,91.38134,42.59457,,8.28078,,,,1.49006,2.21029,0.05338,b1484b88-4158-4df7-bc8c-565b9a528c8f,2026-05-10,18:25:43.33,2026-05-10T14:25:43.3388544-04:00,2026-05-10T18:25:43.3388544Z,LineDrive,v3,227,471378,26835,"Campbell, Cole",1000115804,Right,NJI_HIG,90dae58d-c570-432a-b493-8137cb87bf53,54.42795,-134.75151,15.15765,5.89648,-5.73905,-7.99056,-1.85601,6.5752,-4.64858,179.290839,1.49015,142.91185,-23.87443,5.33602,-1.1174,0.2018,-0.02607,0.00181,-3E-05,2.21021,47.88729,-15.35726,0.8766,-0.2118,0.09979,-0.03591,0.0069,-0.00052,0.0534,10.78984,-1.87364,0.15749,-0.01564,0.01269,-0.00667,0.00138,-0.0001,,,,,,,,,,,,,,,,,,,,,,,High,High,High,High,High,,,,217.360099,26.324096,1957.250879,0.8963,1:15,-0.454469,-0.562384,-0.690784,-48.507248,-18.138712,-27.932284,159.726934,0.625749,0.346474,0.010921,-0.937996,0.667069,20.271804,0.010921,0.346474,0.937996,-0.667069,-20.271804,-0.010921,-0.346474,0.937996,-159.726934,-0.625749,-0.346474,-0.010921,-0.937996,72.65601,15.98661,-1.83991
254,2026-05-10,14:27:58.14,1,1,"Gonzalez, Cesar",831498,Right,BOC_EAG,"Can, Dillon",1000236834,Right,NJI_HIG,Undefined,8,Top,0,0,0,Fastball,Four-Seam,FoulBallNotFieldable,Undefined,Undefined,Undefined,0,0,,91.43694,-1.935441,-2.297899,2195.581391,201.02297,12:45,5.67839,1.46553,5.80206,-17.82895,16.08836,5.72516,2.39046,-0.19567,82.76026,-5.319952,-1.272988,0.419162,,,,,,,,,,,,-3.64587,9.16552,-1.28028,50,5.50888,5.06827,-132.52743,-5.03697,-6.41258,31.24107,-16.05319,BOC_EAG,NJI_HIG,HarringtonVillage,D1,ACC,20260510-HarringtonVillage-1,f87268e0-4c9d-11f1-b41d-1bccaf3e6a43,89.92327,,,8.67667,,,,,,,b1484b88-4158-4df7-bc8c-565b9a528c8f,2026-05-10,18:27:58.14,2026-05-10T14:27:58.1483008-04:00,2026-05-10T18:27:58.1483008Z,,v3,227,471378,26835,"Johnson, Gunnar",1000100233,Right,BOC_EAG,bbd3883b-a3fa-41f5-a8bc-a3fd2875a8b1,54.69527,-133.62967,15.62054,5.6766,-4.47058,-8.02659,-1.46308,5.29452,-3.20629,,,,,,,,,,,,,,,,,,,,,,,,,,,,,,,,,,,,,,,,,,,,,,,,,,,High,High,High,,,,,,212.640278,21.396816,2044.253344,0.931076,1:00,-0.378813,-0.514223,-0.769465,-27.270091,9.697098,30.921989,152.730975,-10.019528,0.451181,-0.173984,-0.875309,11.242074,-26.819502,0.173984,-0.451181,0.875309,-11.242074,26.819502,-0.173984,0.451181,0.875309,-152.730975,10.019528,-0.451181,0.173984,-0.875309,,,
255,2026-05-10,14:28:14.60,1,2,"Gonzalez, Cesar",831498,Right,BOC_EAG,"Can, Dillon",1000236834,Right,NJI_HIG,Undefined,8,Top,0,0,1,Fastball,Four-Seam,InPlay,Undefined,GroundBall,Out,1,0,,91.80438,-2.18617,-2.589006,2127.11037,213.006563,1:00,5.79274,1.066,5.75358,-15.4041,18.33926,11.13335,2.47091,-0.41795,82.98521,-5.137546,-0.59822,0.418086,101.09012,-11.120549,6.430264,,,,,14.39506,13.53913,7.595579,0.09412,-6.47784,10.36776,-0.85801,50,5.60201,5.51845,-132.99562,-5.53572,-11.47253,31.50151,-13.81229,BOC_EAG,NJI_HIG,HarringtonVillage,D1,ACC,20260510-HarringtonVillage-1,023e7f30-4c9e-11f1-b41d-1bccaf3e6a43,90.15475,2.46215,,8.81917,,,,0.9592,2.46215,0.39845,b1484b88-4158-4df7-bc8c-565b9a528c8f,2026-05-10,18:28:14.60,2026-05-10T14:28:14.6096640-04:00,2026-05-10T18:28:14.6096640Z,GroundBall,v3,227,471378,26835,"Johnson, Gunnar",1000100233,Right,BOC_EAG,c8dec727-076b-4d23-8817-b172015de307,54.7435,-134.11446,15.75076,5.78991,-5.04514,-6.90614,-1.06125,5.92592,-5.73627,180.786589,0.9595,144.52464,-33.16138,,,,,,,2.46151,-28.50585,25.07236,,,,,,,0.39847,16.28968,-3.26819,,,,,,,,,,,,,,,,,,,,,,,,,,,,,High,High,High,High,High,,,,208.606762,20.333268,1994.564446,0.937687,1:00,-0.36695,-0.461889,-0.807469,-7.090924,9.701293,47.187229,153.593811,-3.776317,0.443766,-0.065861,-0.893719,4.214719,-26.344435,0.065861,-0.443766,0.893719,-4.214719,26.344435,-0.065861,0.443766,0.893719,-153.593811,3.776317,-0.443766,0.065861,-0.893719,73.21092,0.04475,5.39704
256,2026-05-10,14:28:39.20,2,1,"Gonzalez, Cesar",831498,Right,BOC_EAG,"Vega, Nicholas",10305587,Right,NJI_HIG,Undefined,8,Top,1,0,0,Curveball,Curveball,InPlay,Undefined,FlyBall,Out,1,0,,73.44332,2.344624,-0.404254,2261.485796,48.241119,7:30,5.55975,1.34351,5.10833,-63.85598,-9.78174,-13.06064,2.4487,-0.12575,66.79235,-9.220652,-2.717645,0.529257,91.28619,50.220824,4.476403,5050.537194,108.50639,125.25901,18.06549,236.04125,118.84938,13.225674,6.021068,6.40217,-5.1652,-1.29455,50,5.73039,1.24704,-106.44074,2.21822,7.23338,20.85716,-38.00984,BOC_EAG,NJI_HIG,HarringtonVillage,D1,ACC,20260510-HarringtonVillage-1,10f9b4e0-4c9e-11f1-b41d-1bccaf3e6a43,71.21766,137.96936,,6.65098,,,,2.43624,2.56759,0.05943,b1484b88-4158-4df7-bc8c-565b9a528c8f,2026-05-10,18:28:39.20,2026-05-10T14:28:39.2001536-04:00,2026-05-10T18:28:39.2001536Z,FlyBall,v3,227,471378,26835,"Johnson, Gunnar",1000100233,Right,BOC_EAG,79719189-d159-43c3-8890-49e8ad310d7d,55.39302,-107.49232,10.42858,5.57024,4.13459,-19.00492,-1.34823,0.88235,3.61669,191.650747,2.44181,85.29116,-25.30183,6.9297,-1.27259,0.13695,-0.00477,-0.00039,3E-05,2.56576,102.91583,-22.88728,1.22435,0.21667,-0.16029,0.0419,-0.00529,0.00026,0.05942,6.69217,2.94348,-1.29789,0.32965,-0.04945,0.00302,0.00012,-2E-05,,,,,,,,,,,,,,,,,,,,,,,High,High,High,Medium,Low,,,,33.242192,46.491471,1556.948284,0.688463,7:00,-0.705145,0.406756,0.580793,-38.149136,-16.678221,29.257232,172.13951,-13.439667,0.133016,-0.232421,-0.963477,13.562456,-7.643927,0.232421,-0.133016,0.963477,-13.562456,7.643927,-0.232421,0.133016,0.963477,-172.13951,13.439667,-0.133016,0.232421,-0.963477,73.96815,16.10311,-10.10051
257,2026-05-10,14:29:35.02,3,1,"Gonzalez, Cesar",831498,Right,BOC_EAG,"O'Connor, Sheehan",1000132277,Right,NJI_HIG,Undefined,8,Top,2,0,0,Fastball,Four-Seam,StrikeCalled,Undefined,Undefined,Undefined,0,0,,90.87012,-2.196478,-1.9198,2154.467012,217.546417,1:15,5.65526,1.31106,5.92067,-17.28052,16.59753,11.91083,2.17479,0.52144,82.97071,-5.472397,0.218626,0.41892,,,,,,,,,,,,-6.62107,9.44863,-1.16398,50,5.46943,3.9034,-131.85339,-5.57943,-11.64046,28.38381,-15.56243,BOC_EAG,NJI_HIG,HarringtonVillage,D1,ACC,20260510-HarringtonVillage-1,32331bb0-4c9e-11f1-b41d-1bccaf3e6a43,89.97536,,,7.89941,,,,,,,b1484b88-4158-4df7-bc8c-565b9a528c8f,2026-05-10,18:29:35.02,2026-05-10T14:29:35.0249984-04:00,2026-05-10T18:29:35.0249984Z,,v3,227,471378,26835,"Johnson, Gunnar",1000100233,Right,BOC_EAG,67a93a67-cf9d-437e-a7a8-b8a1a1f8d2b4,54.57685,-132.83498,14.19191,5.65308,-5.04123,-7.78122,-1.30594,4.30596,-5.82023,,,,,,,,,,,,,,,,,,,,,,,,,,,,,,,,,,,,,,,,,,,,,,,,,,,High,High,High,,,,,,214.189488,22.678491,1987.889855,0.922683,1:15,-0.390768,-0.532881,-0.750559,-16.578288,12.891428,35.692178,153.561856,-2.995783,0.444623,-0.052262,-0.894192,3.344937,-26.399217,0.052262,-0.444623,0.894192,-3.344937,26.399217,-0.052262,0.444623,0.894192,-153.561856,2.995783,-0.444623,0.052262,-0.894192,,,
258,2026-05-10,14:29:46.89,3,2,"Gonzalez, Cesar",831498,Right,BOC_EAG,"O'Connor, Sheehan",1000132277,Right,NJI_HIG,Undefined,8,Top,2,0,1,Fastball,Four-Seam,StrikeCalled,Undefined,Undefined,Undefined,0,0,,91.99487,-3.038097,-1.637429,2214.408798,219.546872,1:15,5.85787,1.16857,5.86056,-15.19434,18.26969,14.10328,1.76541,0.82222,83.2823,-5.947437,0.892342,0.416352,,,,,,,,,,,,-7.69713,10.62036,-1.04394,50,5.60247,3.18451,-133.28945,-7.5131,-13.6953,31.58206,-13.27755,BOC_EAG,NJI_HIG,HarringtonVillage,D1,ACC,20260510-HarringtonVillage-1,3941bfb0-4c9e-11f1-b41d-1bccaf3e6a43,90.53022,,,8.71257,,,,,,,b1484b88-4158-4df7-bc8c-565b9a528c8f,2026-05-10,18:29:46.89,2026-05-10T14:29:46.8997120-04:00,2026-05-10T18:29:46.8997120Z,,v3,227,471378,26835,"Johnson, Gunnar",1000100233,Right,BOC_EAG,5fc12443-fd06-4629-9dd3-5336a740ee9f,54.63629,-134.3835,15.79103,5.85477,-7.05314,-6.63877,-1.16247,3.65894,-6.84765,,,,,,,,,,,,,,,,,,,,,,,,,,,,,,,,,,,,,,,,,,,,,,,,,,,High,High,High,,,,,,208.529449,18.390702,2101.312794,0.948927,1:00,-0.314735,-0.469302,-0.825044,-14.237994,7.243137,43.4334,153.591192,-5.61255,0.442641,-0.097801,-0.89135,6.261574,-26.272485,0.097801,-0.442641,0.89135,-6.261574,26.272485,-0.097801,0.442641,0.89135,-153.591192,5.61255,-0.442641,0.097801,-0.89135,,,
259,2026-05-10,14:30:00.34,3,3,"Gonzalez, Cesar",831498,Right,BOC_EAG,"O'Connor, Sheehan",1000132277,Right,NJI_HIG,Undefined,8,Top,2,0,2,Fastball,Four-Seam,FoulBallNotFieldable,Undefined,Undefined,Undefined,0,0,,93.66178,-1.434815,-2.488317,2167.705565,220.399399,1:15,5.74598,1.28692,5.92179,-14.16843,17.99914,14.35469,3.2323,0.17264,84.61033,-4.170234,0.087015,0.408207,79.17908,62.589903,103.697663,5526.850388,,,,,13.62972,,,-8.15587,10.01001,-1.09599,50,5.62318,5.26829,-135.8159,-3.80904,-15.06023,32.9117,-13.69009,BOC_EAG,NJI_HIG,HarringtonVillage,D1,ACC,20260510-HarringtonVillage-1,414b1760-4c9e-11f1-b41d-1bccaf3e6a43,92.33655,29.05642,,9.05145,,,,1.34995,3.37215,-0.21696,b1484b88-4158-4df7-bc8c-565b9a528c8f,2026-05-10,18:30:00.34,2026-05-10T14:30:00.3430400-04:00,2026-05-10T18:30:00.3430400Z,,v3,227,471378,26835,"Johnson, Gunnar",1000100233,Right,BOC_EAG,f325e09b-b769-492d-93da-d039142e860c,54.57625,-136.92035,16.45585,5.7433,-3.34963,-6.84504,-1.28126,5.77368,-7.53011,,1.35819,-13.06022,-12.41593,,,,,,,3.38041,102.69435,-36.70236,,,,,,,-0.21317,51.75801,-11.76627,,,,,,,,,,,,,,,,,,,,,,,,,,,,,High,High,High,High,Undefined,,,,213.587491,16.676805,2076.529151,0.957939,1:00,-0.308001,-0.536961,-0.785372,-17.48494,10.162044,40.009844,154.271977,-3.404208,0.433334,-0.05938,-0.899275,3.777791,-25.679316,0.05938,-0.433334,0.899275,-3.777791,25.679316,-0.05938,0.433334,0.899275,-154.271977,3.404208,-0.433334,0.05938,-0.899275,74.81491,10.62337,8.3771
260,2026-05-10,14:30:17.48,3,4,"Gonzalez, Cesar",831498,Right,BOC_EAG,"O'Connor, Sheehan",1000132277,Right,NJI_HIG,Undefined,8,Top,2,0,2,Fastball,Four-Seam,InPlay,Undefined,LineDrive,Double,0,0,,93.66897,-1.876914,-1.341927,2123.127776,221.24119,1:15,5.69692,1.1966,5.74358,-16.55139,15.8554,12.89107,2.569,1.02121,84.62458,-5.02626,0.965637,0.409722,93.10309,9.889236,-34.681516,2227.531182,87.17052,9.24433,-67.09044,168.65638,136.15991,-39.333528,1.466088,-7.01926,9.00965,-1.0932,50,5.53097,2.60153,-135.82163,-4.97841,-12.94222,33.34263,-15.56186,BOC_EAG,NJI_HIG,HarringtonVillage,D1,ACC,20260510-HarringtonVillage-1,4b7d1b70-4c9e-11f1-b41d-1bccaf3e6a43,91.99511,10.15292,,9.04439,,,,2.77157,2.7926,-1.20226,b1484b88-4158-4df7-bc8c-565b9a528c8f,2026-05-10,18:30:17.48,2026-05-10T14:30:17.4845440-04:00,2026-05-10T18:30:17.4845440Z,LineDrive,v3,227,471378,26835,"Johnson, Gunnar",1000100233,Right,BOC_EAG,93aaa4c0-2e06-4732-8e32-1d9eaa5f0b28,54.75424,-136.98377,16.67132,5.69503,-4.43601,-7.78093,-1.19174,3.05262,-6.47111,,2.77157,110.6212,-20.68782,4.23831,-0.9166,0.15536,-0.02605,0.00391,-0.00031,2.7926,23.45181,-20.01504,2.33878,-0.43601,0.0909,-0.0157,0.00244,-0.00026,-1.20226,-76.54497,1.60854,1.6455,-0.68094,0.20606,-0.04824,0.00878,-0.00082,,,,,,,,,,,,,,,,,,,,,,,High,High,High,High,Medium,,,,216.186869,10.768249,2085.741491,0.982391,1:15,-0.186262,-0.585832,-0.788738,-29.612678,8.016011,51.748624,151.765593,-13.701126,0.459618,-0.236857,-0.85595,15.46776,-27.362471,0.236857,-0.459618,0.85595,-15.46776,27.362471,-0.236857,0.459618,0.85595,-151.765593,13.701126,-0.459618,0.236857,-0.85595,73.53182,16.745,-17.37497
261,2026-05-10,14:31:07.73,4,1,"Gonzalez, Cesar",831498,Right,BOC_EAG,"Sallie, Ty",1000121067,Right,NJI_HIG,Undefined,8,Top,2,0,0,Curveball,Curveball,BallCalled,Undefined,Undefined,Undefined,0,0,,73.10656,1.617944,-1.263711,2261.828196,34.961494,7:15,5.55087,1.38593,5.18067,-67.79897,-13.31898,-10.63949,1.42404,-0.6899,66.69045,-10.632156,-3.152856,0.531239,,,,,,,,,,,,4.88351,-6.59374,-1.26003,50,5.64969,2.74325,-105.98479,0.71824,5.46086,20.96812,-39.54733,BOC_EAG,NJI_HIG,HarringtonVillage,D1,ACC,20260510-HarringtonVillage-1,698b0be0-4c9e-11f1-b41d-1bccaf3e6a43,70.95194,,,6.41611,,,,,,,b1484b88-4158-4df7-bc8c-565b9a528c8f,2026-05-10,18:31:07.73,2026-05-10T14:31:07.7329920-04:00,2026-05-10T18:31:07.7329920Z,,v3,227,471378,26835,"Johnson, Gunnar",1000100233,Right,BOC_EAG,8de2b7f6-c70f-4217-bcf3-ac482ba11de2,55.32081,-107.03228,10.48406,5.56446,2.69389,-19.77367,-1.39026,2.47044,2.73043,,,,,,,,,,,,,,,,,,,,,,,,,,,,,,,,,,,,,,,,,,,,,,,,,,,High,High,High,,,,,,33.050932,43.571399,1638.730742,0.724516,7:00,-0.664269,0.414443,0.62208,-40.45457,-35.092773,20.92009,178.210707,1.64177,0.031211,0.02865,-0.999102,1.64257,1.788558,0.02865,0.031211,0.999102,-1.64257,-1.788558,-0.02865,-0.031211,0.999102,-178.210707,-1.64177,-0.031211,-0.02865,-0.999102,,,
262,2026-05-10,14:31:28.45,4,2,"Gonzalez, Cesar",831498,Right,BOC_EAG,"Sallie, Ty",1000121067,Right,NJI_HIG,Undefined,8,Top,2,1,0,Slider,Slider,StrikeCalled,Undefined,Undefined,Undefined,0,0,,80.04476,0.337466,-0.936632,2157.388237,96.850293,9:15,5.45035,1.62115,5.13697,-42.43825,3.1174,-12.31638,2.23165,-0.28728,72.41175,-7.417969,-3.117625,0.485783,,,,,,,,,,,,5.79811,1.94047,-1.5235,50,5.44965,2.41623,-115.95682,-0.82038,7.76431,25.01607,-29.57552,BOC_EAG,NJI_HIG,HarringtonVillage,D1,ACC,20260510-HarringtonVillage-1,75d84ed0-4c9e-11f1-b41d-1bccaf3e6a43,77.59107,,,7.63301,,,,,,,b1484b88-4158-4df7-bc8c-565b9a528c8f,2026-05-10,18:31:28.45,2026-05-10T14:31:28.4585984-04:00,2026-05-10T18:31:28.4585984Z,,v3,227,471378,26835,"Johnson, Gunnar",1000100233,Right,BOC_EAG,0cfb3cf5-072d-4ae1-a307-d3cc8bcc386f,55.35912,-117.10727,12.50803,5.4561,0.53974,-14.78776,-1.62641,2.05917,3.88216,,,,,,,,,,,,,,,,,,,,,,,,,,,,,,,,,,,,,,,,,,,,,,,,,,,High,High,High,,,,,,43.696381,74.311437,583.375641,0.270408,7:30,-0.958304,0.192475,0.211201,12.286708,47.416345,72.857979,121.864474,-74.854243,0.221901,-0.965264,-0.13793,81.867832,-12.820715,0.965264,-0.221901,0.13793,-81.867832,12.820715,-0.965264,0.221901,0.13793,-121.864474,74.854243,-0.221901,0.965264,-0.13793,,,
263,2026-05-10,14:31:47.77,4,3,"Gonzalez, Cesar",831498,Right,BOC_EAG,"Sallie, Ty",1000121067,Right,NJI_HIG,Undefined,8,Top,2,1,1,Fastball,Four-Seam,BallCalled,Undefined,Undefined,Undefined,0,0,,92.77826,-1.138667,-2.093143,2099.8306,199.829347,12:45,5.68924,1.26337,6.16901,-14.3469,18.09702,6.11878,3.4411,-0.16091,83.87929,-3.918915,-0.990225,0.409957,,,,,,,,,,,,-3.78347,10.01142,-1.10773,50,5.59546,4.65176,-134.59256,-3.05192,-6.86839,32.03286,-13.99958,BOC_EAG,NJI_HIG,HarringtonVillage,D1,ACC,20260510-HarringtonVillage-1,815a5280-4c9e-11f1-b41d-1bccaf3e6a43,91.9425,,,8.89897,,,,,,,b1484b88-4158-4df7-bc8c-565b9a528c8f,2026-05-10,18:31:47.77,2026-05-10T14:31:47.7787136-04:00,2026-05-10T18:31:47.7787136Z,,v3,227,471378,26835,"Johnson, Gunnar",1000100233,Right,BOC_EAG,7c9095ef-7327-4529-97c3-202b76c61009,54.32637,-135.61832,16.01643,5.68601,-2.60363,-6.99979,-1.26021,4.8717,-3.4342,,,,,,,,,,,,,,,,,,,,,,,,,,,,,,,,,,,,,,,,,,,,,,,,,,,High,High,High,,,,,,211.153676,24.224456,1914.930141,0.911945,1:00,-0.429093,-0.479842,-0.765265,-34.510692,13.395463,19.348809,157.524184,-13.884306,0.371124,-0.239962,-0.897043,14.976179,-21.784935,0.239962,-0.371124,0.897043,-14.976179,21.784935,-0.239962,0.371124,0.897043,-157.524184,13.884306,-0.371124,0.239962,-0.897043,,,
264,2026-05-10,14:32:09.46,4,4,"Gonzalez, Cesar",831498,Right,BOC_EAG,"Sallie, Ty",1000121067,Right,NJI_HIG,Undefined,8,Top,2,2,1,Slider,Slider,StrikeSwinging,Undefined,Undefined,Undefined,0,0,,80.92211,-0.099482,-1.734297,2166.283329,111.563888,9:45,5.3162,1.65959,5.23724,-38.55254,5.52091,-10.23902,2.00995,-0.82423,73.77901,-7.148711,-3.549301,0.477815,,,,,,,,,,,,4.57646,3.24449,-1.4922,50,5.27867,3.98115,-117.30952,-1.55283,6.32638,23.84584,-27.68893,BOC_EAG,NJI_HIG,HarringtonVillage,D1,ACC,20260510-HarringtonVillage-1,8e4c60f0-4c9e-11f1-b41d-1bccaf3e6a43,78.88497,,,7.14311,,,,,,,b1484b88-4158-4df7-bc8c-565b9a528c8f,2026-05-10,18:32:09.46,2026-05-10T14:32:09.4671872-04:00,2026-05-10T18:32:09.4671872Z,,v3,227,471378,26835,"Johnson, Gunnar",1000100233,Right,BOC_EAG,9df16c27-fc69-4de6-a86e-fc10e1adc3fe,55.25952,-118.37381,11.92292,5.32039,-0.31701,-13.84447,-1.66358,3.69879,3.16319,,,,,,,,,,,,,,,,,,,,,,,,,,,,,,,,,,,,,,,,,,,,,,,,,,,High,High,High,,,,,,69.033716,79.170515,407.016017,0.187887,8:15,-0.980009,0.173741,0.096933,6.297814,37.964262,69.288644,125.157306,-75.513726,0.204515,-0.968208,-0.144041,81.538121,-11.801086,0.968208,-0.204515,0.144041,-81.538121,11.801086,-0.968208,0.204515,0.144041,-125.157306,75.513726,-0.204515,0.968208,-0.144041,,,
265,2026-05-10,14:32:28.79,4,5,"Gonzalez, Cesar",831498,Right,BOC_EAG,"Sallie, Ty",1000121067,Right,NJI_HIG,Undefined,8,Top,2,2,2,Slider,Slider,InPlay,Undefined,GroundBall,Out,1,0,,81.33938,1.186312,-0.698432,2226.065083,71.835068,8:30,5.29172,1.5778,5.16247,-44.93719,-1.14402,-8.01701,2.66376,0.25231,73.92299,-7.001348,-2.118879,0.476294,89.96203,-12.667426,-26.520217,,,,,15.37297,14.62267,-23.453638,0.10214,3.80378,-0.55276,-1.50613,50,5.36783,1.77192,-117.94341,0.81651,5.30193,24.62321,-32.94453,BOC_EAG,NJI_HIG,HarringtonVillage,D1,ACC,20260510-HarringtonVillage-1,99ce64a0-4c9e-11f1-b41d-1bccaf3e6a43,79.137,2.96233,,7.4164,,,,2.30991,2.96233,-0.23359,b1484b88-4158-4df7-bc8c-565b9a528c8f,2026-05-10,18:32:28.79,2026-05-10T14:32:28.7969280-04:00,2026-05-10T18:32:28.7969280Z,GroundBall,v3,227,471378,26835,"Johnson, Gunnar",1000100233,Right,BOC_EAG,e6d3cf6f-7041-44f6-8197-ba1e2182ba5f,55.33659,-119.05233,12.3116,5.29765,2.30017,-16.47226,-1.58055,1.53315,2.65096,180,2.30544,115.45891,,,,,,,,2.96345,-29.00256,,,,,,,,-0.23135,-57.61656,,,,,,,,,,,,,,,,,,,,,,,,,,,,,,High,High,High,High,High,,,,69.663651,78.486743,444.310706,0.199595,8:15,-0.974876,0.207401,0.081255,9.636856,32.627208,72.879176,140.906271,-79.172121,0.118462,-0.982196,-0.1458,81.55648,-6.803368,0.982196,-0.118462,0.1458,-81.55648,6.803368,-0.982196,0.118462,0.1458,-140.906271,79.172121,-0.118462,0.982196,-0.1458,,,
266,2026-05-10,14:34:43.87,1,1,"Riordan, Tade",10148375,Right,NJI_HIG,"Larson, Colin",831502,Left,BOC_EAG,Undefined,8,Bottom,0,0,0,Fastball,Four-Seam,StrikeCalled,Undefined,Undefined,Undefined,0,0,,90.4206,-1.863213,-1.554417,2055.694267,215.742346,1:15,5.87788,1.73845,6.14582,-20.94529,12.84178,8.48481,2.4095,1.00882,82.91563,-5.802592,-0.023896,0.418357,,,,,,,,,,,,-4.79705,7.47079,-1.6243,50,5.7251,3.21109,-131.3388,-4.9239,-8.39472,27.33314,-19.10039,BOC_EAG,NJI_HIG,HarringtonVillage,D1,ACC,20260510-HarringtonVillage-1,ea4a07e0-4c9e-11f1-b41d-1bccaf3e6a43,90.09646,,,7.50496,,,,,,,b1484b88-4158-4df7-bc8c-565b9a528c8f,2026-05-10,18:34:43.87,2026-05-10T14:34:43.8771712-04:00,2026-05-10T18:34:43.8771712Z,,v3,227,471378,26835,"Campbell, Cole",1000115804,Right,NJI_HIG,dd47ca55-2bac-4345-a3bd-91e81b55ed3c,54.3521,-132.24142,13.66657,5.87729,-4.29315,-9.55019,-1.73492,3.4883,-4.19736,,,,,,,,,,,,,,,,,,,,,,,,,,,,,,,,,,,,,,,,,,,,,,,,,,,High,High,High,,,,,,218.393839,35.299018,1677.749729,0.816147,1:15,-0.578203,-0.525399,-0.624209,-59.47994,-24.097034,-53.458193,169.319366,-7.083115,0.18392,-0.123309,-0.975176,7.206688,-10.598177,0.123309,-0.18392,0.975176,-7.206688,10.598177,-0.123309,0.18392,0.975176,-169.319366,7.083115,-0.18392,0.123309,-0.975176,,,
267,2026-05-10,14:34:59.35,1,2,"Riordan, Tade",10148375,Right,NJI_HIG,"Larson, Colin",831502,Left,BOC_EAG,Undefined,8,Bottom,0,0,1,Fastball,Four-Seam,FoulBallNotFieldable,Undefined,Undefined,Undefined,0,0,,91.0248,-2.392308,-2.778995,2200.926342,203.151919,12:45,5.94128,1.90854,6.21515,-17.72269,15.59595,6.22185,2.2528,-0.13954,83.43503,-5.751946,-1.657069,0.415446,68.39748,46.351635,-157.353665,3850.296344,,,,,48.07744,,,-4.00591,9.07426,-1.70335,50,5.75285,6.16125,-132.10132,-6.04419,-7.08939,27.74395,-16.11507,BOC_EAG,NJI_HIG,HarringtonVillage,D1,ACC,20260510-HarringtonVillage-1,f381f480-4c9e-11f1-b41d-1bccaf3e6a43,90.72758,40.17727,,7.58978,,,,0.78838,2.31033,0.13421,b1484b88-4158-4df7-bc8c-565b9a528c8f,2026-05-10,18:34:59.35,2026-05-10T14:34:59.3556992-04:00,2026-05-10T18:34:59.3556992Z,,v3,227,471378,26835,"Campbell, Cole",1000115804,Right,NJI_HIG,1a5bb279-99d6-4878-bf86-9a6666fe7538,54.28413,-132.99803,13.87198,5.93979,-5.52334,-8.05753,-1.90619,6.39038,-3.54469,7.53014,0.78838,-63.90314,1.20607,1.03288,-0.30468,1.2043,-2.83438,2.8084,-1.03708,2.31033,72.58731,-30.59341,3.91174,-0.94541,1.63205,-3.26944,3.07217,-1.10504,0.13421,-26.66081,2.23905,-0.13397,0.02378,-0.01053,-0.03986,0.06642,-0.02954,,,,,,,,,,,,,,,,,,,,,,,High,High,High,High,Undefined,,,,216.254199,33.638678,1832.375669,0.832547,1:15,-0.564843,-0.515036,-0.64474,-51.144516,-20.7466,-49.689983,168.291605,0.134739,0.20293,0.002352,-0.97919,0.137602,11.708362,0.002352,0.20293,0.97919,-0.137602,-11.708362,-0.002352,-0.20293,0.97919,-168.291605,-0.134739,-0.20293,-0.002352,-0.97919,,,
268,2026-05-10,14:35:19.44,1,3,"Riordan, Tade",10148375,Right,NJI_HIG,"Larson, Colin",831502,Left,BOC_EAG,Undefined,8,Bottom,0,0,2,Slider,Slider,BallCalled,Undefined,Undefined,Undefined,0,0,,82.23111,-1.781772,-1.900395,2099.872589,74.502468,8:30,5.82549,1.97442,5.66981,-41.61648,0.27969,-3.88579,0.69476,-0.12189,75.53372,-9.375903,-2.596152,0.465863,,,,,,,,,,,,1.42106,1.06071,-1.81143,50,5.6487,4.11201,-119.29583,-5.12854,2.03619,24.17148,-30.65419,BOC_EAG,NJI_HIG,HarringtonVillage,D1,ACC,20260510-HarringtonVillage-1,ff827700-4c9e-11f1-b41d-1bccaf3e6a43,80.9088,,,6.69739,,,,,,,b1484b88-4158-4df7-bc8c-565b9a528c8f,2026-05-10,18:35:19.44,2026-05-10T14:35:19.4492928-04:00,2026-05-10T18:35:19.4492928Z,,v3,227,471378,26835,"Campbell, Cole",1000115804,Right,NJI_HIG,b473ad0e-fcd6-4388-8db7-088780ba2b8f,54.82917,-120.27033,12.08574,5.83055,-3.89269,-15.32709,-1.97555,4.02992,1.0181,,,,,,,,,,,,,,,,,,,,,,,,,,,,,,,,,,,,,,,,,,,,,,,,,,,High,High,High,,,,,,82.842776,85.804338,153.632331,0.073163,8:45,-0.998243,0.041548,0.042243,-76.01591,41.941629,62.465025,150.419292,-20.142597,0.463457,-0.344358,-0.816471,22.868237,-27.610391,0.344358,-0.463457,0.816471,-22.868237,27.610391,-0.344358,0.463457,0.816471,-150.419292,20.142597,-0.463457,0.344358,-0.816471,,,
269,2026-05-10,14:35:36.06,1,4,"Riordan, Tade",10148375,Right,NJI_HIG,"Larson, Colin",831502,Left,BOC_EAG,Undefined,8,Bottom,0,1,2,Fastball,Four-Seam,InPlay,Undefined,GroundBall,Single,0,0,,91.75997,-1.874406,-1.491903,2200.04326,205.47785,12:45,5.98307,1.67797,6.16919,-18.31399,14.89276,6.5391,2.72442,0.84461,83.01993,-5.367124,-0.312093,0.414748,103.5669,-6.667257,10.846401,,,,,20.07453,19.11228,7.895111,0.12908,-3.85669,8.63811,-1.56829,50,5.83177,3.19253,-133.1292,-4.89906,-6.83608,31.87358,-16.86281,BOC_EAG,NJI_HIG,HarringtonVillage,D1,ACC,20260510-HarringtonVillage-1,0962d8a0-4c9f-11f1-b41d-1bccaf3e6a43,90.88025,2.67431,,8.74003,,,,1.18154,2.67431,-0.86332,b1484b88-4158-4df7-bc8c-565b9a528c8f,2026-05-10,18:35:36.06,2026-05-10T14:35:36.0670208-04:00,2026-05-10T18:35:36.0670208Z,GroundBall,v3,227,471378,26835,"Campbell, Cole",1000115804,Right,NJI_HIG,b7424098-d736-416f-b723-0d134482e012,54.32786,-134.16137,15.93679,5.98158,-4.35298,-8.43141,-1.67526,3.4139,-3.41804,348.54032,1.18194,148.13521,-25.17346,,,,,,,2.67475,-17.68065,-23.58449,,,,,,,-0.86332,28.38936,-2.62684,,,,,,,,,,,,,,,,,,,,,,,,,,,,,High,High,High,High,High,,,,215.922024,31.206008,1881.718863,0.85531,1:15,-0.51929,-0.518475,-0.679354,-51.964427,-26.437516,-49.836911,165.616101,-2.836676,0.248113,-0.049489,-0.967466,2.928317,-14.365895,0.049489,-0.248113,0.967466,-2.928317,14.365895,-0.049489,0.248113,0.967466,-165.616101,2.836676,-0.248113,0.049489,-0.967466,79.70452,12.17452,0.7374
270,2026-05-10,14:36:19.52,2,1,"Riordan, Tade",10148375,Right,NJI_HIG,"Solier, Julio",827632,Right,BOC_EAG,Undefined,8,Bottom,0,0,0,Slider,Slider,StrikeCalled,Undefined,Undefined,Undefined,0,0,,80.58596,0.382528,-1.367784,2225.613859,107.90129,9:30,5.95182,1.93735,5.56893,-41.98963,2.87957,-3.28713,2.81012,0.38552,71.83695,-7.392927,-1.954542,0.482109,,,,,,,,,,,,1.13295,1.91043,-1.81735,50,5.95818,2.9218,-116.58619,-0.63877,1.51141,28.19452,-29.62544,BOC_EAG,NJI_HIG,HarringtonVillage,D1,ACC,20260510-HarringtonVillage-1,23565ed0-4c9f-11f1-b41d-1bccaf3e6a43,78.18236,,,8.74901,,,,,,,b1484b88-4158-4df7-bc8c-565b9a528c8f,2026-05-10,18:36:19.52,2026-05-10T14:36:19.5243520-04:00,2026-05-10T18:36:19.5243520Z,,v3,227,471378,26835,"Campbell, Cole",1000115804,Right,NJI_HIG,12e18152-c2e3-46b1-9121-8ffdfc02199b,54.92272,-117.77065,14.09726,5.95887,0.60581,-14.81272,-1.93876,2.85831,0.75571,,,,,,,,,,,,,,,,,,,,,,,,,,,,,,,,,,,,,,,,,,,,,,,,,,,High,High,High,,,,,,114.452197,85.259238,183.941498,0.082648,9:45,-0.996587,0.081886,-0.010425,94.862745,-37.482732,42.480221,144.511966,-19.970255,0.545626,-0.341532,-0.765277,24.050535,-33.067419,0.341532,-0.545626,0.765277,-24.050535,33.067419,-0.341532,0.545626,0.765277,-144.511966,19.970255,-0.545626,0.341532,-0.765277,,,
271,2026-05-10,14:36:55.65,2,2,"Riordan, Tade",10148375,Right,NJI_HIG,"Solier, Julio",827632,Right,BOC_EAG,Undefined,8,Bottom,0,0,1,Fastball,Four-Seam,FoulBallNotFieldable,Undefined,Undefined,Undefined,0,0,,91.4212,-1.466568,-1.987919,2049.594085,201.055086,12:45,6.0141,1.90594,5.90049,-19.1421,14.8782,5.24055,3.05636,0.49647,82.15897,-5.109875,-1.047698,0.419798,92.36417,33.785154,33.575059,4997.271115,84.58456,68.3212,70.32372,297.99118,187.18054,50.672014,5.001723,-3.34673,8.468,-1.74909,50,5.88538,4.36914,-132.47534,-3.98668,-5.83675,33.21448,-17.40582,BOC_EAG,NJI_HIG,HarringtonVillage,D1,ACC,20260510-HarringtonVillage-1,38d1ca60-4c9f-11f1-b41d-1bccaf3e6a43,89.78708,84.43992,,9.26223,,,,0.75664,2.97293,-0.55787,b1484b88-4158-4df7-bc8c-565b9a528c8f,2026-05-10,18:36:55.65,2026-05-10T14:36:55.6545536-04:00,2026-05-10T18:36:55.6545536Z,FlyBall,v3,227,471378,26835,"Campbell, Cole",1000115804,Right,NJI_HIG,caf6d6d4-cb85-4e51-86a2-52136b2ba3da,54.5954,-133.62254,16.60724,6.01269,-3.3855,-8.70291,-1.90348,4.57074,-2.91838,217.205302,0.76287,93.68087,-28.18676,7.18592,-1.29685,0.14192,-0.01223,0.00192,-0.00017,2.97532,75.27071,-18.87529,-0.02147,0.82635,-0.41012,0.10851,-0.01445,0.00075,-0.55573,62.22151,-3.70664,-0.85384,0.69731,-0.25646,0.0557,-0.00645,0.0003,,,,,,,,,,,,,,,,,,,,,,,High,High,High,Medium,Low,,,,219.638083,28.18443,1806.57747,0.881432,1:15,-0.481036,-0.574201,-0.662493,-58.808452,-23.95338,-34.559767,160.416945,-6.177945,0.333226,-0.107617,-0.936685,6.554032,-19.464723,0.107617,-0.333226,0.936685,-6.554032,19.464723,-0.107617,0.333226,0.936685,-160.416945,6.177945,-0.333226,0.107617,-0.936685,,,
272,2026-05-10,14:38:10.64,2,3,"Riordan, Tade",10148375,Right,NJI_HIG,"Solier, Julio",827632,Right,BOC_EAG,Undefined,8,Bottom,0,0,2,Slider,Slider,BallCalled,Undefined,Undefined,Undefined,0,0,,82.3327,-2.882218,-3.912482,2267.142779,95.633248,9:15,5.91476,1.96818,5.80545,-39.90459,1.93201,-5.77272,-0.09957,-2.1571,75.74104,-10.14649,-4.945098,0.465532,,,,,,,,,,,,1.81126,2.19343,-1.64307,50,5.65352,8.36845,-119.16623,-7.31958,2.58486,24.51459,-29.0438,BOC_EAG,NJI_HIG,HarringtonVillage,D1,ACC,20260510-HarringtonVillage-1,65a2b8b0-4c9f-11f1-b41d-1bccaf3e6a43,80.96637,,,6.59166,,,,,,,b1484b88-4158-4df7-bc8c-565b9a528c8f,2026-05-10,18:38:10.64,2026-05-10T14:38:10.6444800-04:00,2026-05-10T18:38:10.6444800Z,,v3,227,471378,26835,"Campbell, Cole",1000115804,Right,NJI_HIG,c1134a0c-9500-4dd0-aed5-f40da25f1deb,54.69459,-120.1281,12.25729,5.91836,-6.18,-14.5219,-1.96944,8.26703,1.29243,,,,,,,,,,,,,,,,,,,,,,,,,,,,,,,,,,,,,,,,,,,,,,,,,,,High,High,High,,,,,,182.159586,86.470109,139.586297,0.061569,12:00,-0.998599,-0.052505,0.006627,92.015526,-36.715018,63.771262,156.281555,-15.445297,0.387716,-0.266318,-0.882469,16.793168,-22.812432,0.266318,-0.387716,0.882469,-16.793168,22.812432,-0.266318,0.387716,0.882469,-156.281555,15.445297,-0.387716,0.266318,-0.882469,,,
273,2026-05-10,14:38:59.99,2,4,"Riordan, Tade",10148375,Right,NJI_HIG,"Solier, Julio",827632,Right,BOC_EAG,Undefined,8,Bottom,0,1,2,Fastball,Four-Seam,StrikeSwinging,Strikeout,Undefined,Undefined,0,0,,90.68589,-2.988521,-2.444661,2231.191089,209.120457,1:00,5.89873,2.11864,6.08188,-13.27957,20.91458,10.96662,2.0222,0.76945,81.98434,-5.576018,-0.471434,0.42087,,,,,,,,,,,,-6.36733,12.03064,-1.93522,50,5.66032,5.13451,-131.35233,-7.18031,-10.99948,30.73701,-11.39129,BOC_EAG,NJI_HIG,HarringtonVillage,D1,ACC,20260510-HarringtonVillage-1,82f23b20-4c9f-11f1-b41d-1bccaf3e6a43,89.55849,,,8.70155,,,,,,,b1484b88-4158-4df7-bc8c-565b9a528c8f,2026-05-10,18:38:59.99,2026-05-10T14:38:59.9995904-04:00,2026-05-10T18:38:59.9995904Z,,v3,227,471378,26835,"Campbell, Cole",1000115804,Right,NJI_HIG,b7d37936-7b4e-45d0-a6cd-1728c3f1dbed,54.41377,-132.38114,15.36851,5.89427,-6.79903,-5.69565,-2.11324,5.50268,-5.49974,,,,,,,,,,,,,,,,,,,,,,,,,,,,,,,,,,,,,,,,,,,,,,,,,,,High,High,High,,,,,,219.087952,28.472174,1961.325719,0.879049,1:15,-0.475883,-0.578352,-0.662604,-51.510235,-21.909633,-47.156613,171.134536,-2.789849,0.153932,-0.048673,-0.986882,2.823529,-8.854872,0.048673,-0.153932,0.986882,-2.823529,8.854872,-0.048673,0.153932,0.986882,-171.134536,2.789849,-0.153932,0.048673,-0.986882,,,
274,2026-05-10,14:39:31.59,3,1,"Riordan, Tade",10148375,Right,NJI_HIG,"Wang, Nick",813482,Right,BOC_EAG,Undefined,8,Bottom,1,0,0,Slider,Slider,BallCalled,Undefined,Undefined,Undefined,0,0,,83.13173,-1.776522,-2.157474,2326.071211,133.116677,10:30,5.83031,2.17064,5.73611,-37.29982,3.50764,-2.35508,1.066,-0.0356,76.38539,-8.611466,-2.579286,0.459771,,,,,,,,,,,,0.58303,2.68965,-1.98947,50,5.6594,4.63741,-120.60779,-4.99809,0.85626,24.10041,-28.22397,BOC_EAG,NJI_HIG,HarringtonVillage,D1,ACC,20260510-HarringtonVillage-1,95d26260-4c9f-11f1-b41d-1bccaf3e6a43,81.98097,,,6.74634,,,,,,,b1484b88-4158-4df7-bc8c-565b9a528c8f,2026-05-10,18:39:31.59,2026-05-10T14:39:31.5927552-04:00,2026-05-10T18:39:31.5927552Z,,v3,227,471378,26835,"Campbell, Cole",1000115804,Right,NJI_HIG,abc2b0ab-b656-4dff-864b-8dcb047882b3,54.76233,-121.55569,12.05021,5.83415,-3.888,-14.11199,-2.1712,4.60373,0.42813,,,,,,,,,,,,,,,,,,,,,,,,,,,,,,,,,,,,,,,,,,,,,,,,,,,High,High,High,,,,,,184.851843,83.050034,281.460555,0.121003,12:15,-0.995694,-0.041003,-0.083144,86.5494,-33.976761,60.677751,150.010976,-15.940394,0.480614,-0.274637,-0.832817,18.250951,-28.725539,0.274637,-0.480614,0.832817,-18.250951,28.725539,-0.274637,0.480614,0.832817,-150.010976,15.940394,-0.480614,0.274637,-0.832817,,,
275,2026-05-10,14:39:50.54,3,2,"Riordan, Tade",10148375,Right,NJI_HIG,"Wang, Nick",813482,Right,BOC_EAG,Undefined,8,Bottom,1,1,0,Slider,Slider,InPlay,Undefined,FlyBall,Out,1,0,,83.54678,-1.488204,-2.50989,2306.216743,121.613982,10:00,5.77819,2.06616,5.80183,-37.45864,2.53083,-2.20654,1.27089,-0.45353,77.33312,-8.341445,-2.905351,0.455139,82.77185,28.28646,-25.528043,3073.023336,96.82357,48.90011,-52.20239,296.27807,291.00931,-33.604471,4.193865,0.47469,2.00862,-1.85858,50,5.63319,5.40359,-121.32839,-4.40749,0.71111,22.62421,-29.16494,BOC_EAG,NJI_HIG,HarringtonVillage,D1,ACC,20260510-HarringtonVillage-1,a11d5080-4c9f-11f1-b41d-1bccaf3e6a43,82.81519,57.24435,,6.21366,,,,1.92078,1.37361,0.41979,b1484b88-4158-4df7-bc8c-565b9a528c8f,2026-05-10,18:39:50.54,2026-05-10T14:39:50.5416704-04:00,2026-05-10T18:39:50.5416704Z,LineDrive,v3,227,471378,26835,"Campbell, Cole",1000115804,Right,NJI_HIG,64136bc0-c0e8-4e75-b76e-efd47adabe43,54.6987,-122.20142,11.3121,5.78156,-3.28206,-14.58247,-2.06656,5.37615,0.35555,150.333771,1.92112,96.45828,-19.63019,4.86541,-1.01692,0.19192,-0.03481,0.00495,-0.00033,1.37431,57.50717,-15.28061,-0.19835,0.52126,-0.26264,0.0776,-0.01182,0.00071,0.41982,-46.0713,2.3326,-0.07308,-0.07141,0.01869,-0.00113,-0.00027,4E-05,,,,,,,,,,,,,,,,,,,,,,,High,High,High,High,High,,,,186.889824,85.396601,185.092458,0.080258,12:15,-0.998721,-0.035512,-0.035977,83.568964,-24.743254,61.211591,150.040035,-16.040607,0.479951,-0.276319,-0.832643,18.358791,-28.682225,0.276319,-0.479951,0.832643,-18.358791,28.682225,-0.276319,0.479951,0.832643,-150.040035,16.040607,-0.479951,0.276319,-0.832643,65.5521,16.83034,-20.71243
276,2026-05-10,14:40:44.48,4,1,"Riordan, Tade",10148375,Right,NJI_HIG,"Mainolfi, Ty",839397,Left,BOC_EAG,Undefined,8,Bottom,2,0,0,Fastball,Four-Seam,BallCalled,Undefined,Undefined,Undefined,0,0,,91.69602,-3.404774,-3.104435,2076.803044,206.07658,12:45,5.87692,1.66749,6.21828,-18.33407,14.60887,6.63386,1.1989,-0.6472,84.04763,-6.863836,-1.908376,0.413098,,,,,,,,,,,,-4.2989,8.84036,-1.43813,50,5.61217,6.93381,-132.89189,-8.46542,-7.69284,28.29804,-16.35428,BOC_EAG,NJI_HIG,HarringtonVillage,D1,ACC,20260510-HarringtonVillage-1,c13ac000-4c9f-11f1-b41d-1bccaf3e6a43,91.24344,,,7.64839,,,,,,,b1484b88-4158-4df7-bc8c-565b9a528c8f,2026-05-10,18:40:44.48,2026-05-10T14:40:44.4818944-04:00,2026-05-10T18:40:44.4818944Z,,v3,227,471378,26835,"Campbell, Cole",1000115804,Right,NJI_HIG,44d1b6ed-2f8a-4408-bea7-822105e84700,54.2801,-133.80019,14.14902,5.87547,-7.94049,-8.17714,-1.66465,7.18073,-3.84642,,,,,,,,,,,,,,,,,,,,,,,,,,,,,,,,,,,,,,,,,,,,,,,,,,,High,High,High,,,,,,217.437933,35.378401,1693.313285,0.815346,1:15,-0.582771,-0.52916,-0.616739,-53.436181,-23.790926,-41.339463,160.751003,2.365121,0.329393,0.041267,-0.943291,2.505,19.231954,0.041267,0.329393,0.943291,-2.505,-19.231954,-0.041267,-0.329393,0.943291,-160.751003,-2.365121,-0.329393,-0.041267,-0.943291,,,
277,2026-05-10,14:41:03.17,4,2,"Riordan, Tade",10148375,Right,NJI_HIG,"Mainolfi, Ty",839397,Left,BOC_EAG,Undefined,8,Bottom,2,1,0,Slider,Slider,InPlay,Undefined,GroundBall,Out,1,0,,80.84551,-1.36302,-1.111291,2262.154413,119.229183,10:00,6.01178,2.11175,5.63428,-38.51947,4.47933,-5.69319,1.52968,0.60039,74.70547,-8.406084,-2.129767,0.471954,94.51947,-13.329777,36.267472,,,,,6.00309,2.16621,18.194649,0.036424,2.61095,3.00839,-2.01345,50,5.871,2.49727,-117.44091,-4.06736,3.65781,21.59536,-27.95947,BOC_EAG,NJI_HIG,HarringtonVillage,D1,ACC,20260510-HarringtonVillage-1,cc613630-4c9f-11f1-b41d-1bccaf3e6a43,79.86467,1.16515,,6.14004,,,,1.73813,1.16515,-1.03454,b1484b88-4158-4df7-bc8c-565b9a528c8f,2026-05-10,18:41:03.17,2026-05-10T14:41:03.1713792-04:00,2026-05-10T18:41:03.1713792Z,GroundBall,v3,227,471378,26835,"Campbell, Cole",1000115804,Right,NJI_HIG,bc3ff85f-069b-4746-b4b9-0680f0157df2,54.86562,-118.33223,10.79768,6.01506,-2.91337,-13.97973,-2.11341,2.3463,1.82891,,1.7376,108.85158,,,,,,,,1.16531,-31.98847,,,,,,,,-1.03493,79.86433,,,,,,,,,,,,,,,,,,,,,,,,,,,,,,High,High,High,Low,Low,,,,168.363471,84.091201,232.878151,0.102945,11:30,-0.996668,-0.002902,-0.081515,97.509563,-40.919859,49.643248,145.806758,-15.088337,0.542612,-0.260308,-0.798632,18.052992,-32.861607,0.260308,-0.542612,0.798632,-18.052992,32.861607,-0.260308,0.542612,0.798632,-145.806758,15.088337,-0.542612,0.260308,-0.798632,78.335,7.33998,4.1339
278,2026-05-10,14:43:12.96,1,1,"Gonzalez, Cesar",831498,Right,BOC_EAG,"Francis, Austin",1000236684,Right,NJI_HIG,Undefined,9,Top,0,0,0,Fastball,Four-Seam,BallCalled,Undefined,Undefined,Undefined,0,0,,90.45484,-2.922032,-2.671774,2133.886411,210.256183,1:00,5.7045,1.29251,5.85212,-17.70899,17.14182,9.24154,1.50837,-0.4217,81.48342,-6.297487,-1.01605,0.424891,,,,,,,,,,,,-5.56087,10.06709,-1.08061,50,5.45649,5.69884,-130.88186,-7.21089,-9.49097,31.76253,-14.99215,BOC_EAG,NJI_HIG,HarringtonVillage,D1,ACC,20260510-HarringtonVillage-1,19c78320-4ca0-11f1-b41d-1bccaf3e6a43,88.71077,,,8.97142,,,,,,,b1484b88-4158-4df7-bc8c-565b9a528c8f,2026-05-10,18:43:12.96,2026-05-10T14:43:12.9629696-04:00,2026-05-10T18:43:12.9629696Z,,v3,227,471378,26835,"Johnson, Gunnar",1000100233,Right,BOC_EAG,4414cf10-de7e-4c97-b6ab-a75a1bb8c09b,54.64282,-132.00378,15.88127,5.70184,-6.68133,-7.49608,-1.28783,6.03408,-4.74548,,,,,,,,,,,,,,,,,,,,,,,,,,,,,,,,,,,,,,,,,,,,,,,,,,,High,High,High,,,,,,210.266254,21.30852,1988.007969,0.931637,1:00,-0.37612,-0.487477,-0.787972,-18.76722,12.039912,50.629482,152.974762,-15.753376,0.437316,-0.271497,-0.857347,17.571497,-25.932754,0.271497,-0.437316,0.857347,-17.571497,25.932754,-0.271497,0.437316,0.857347,-152.974762,15.753376,-0.437316,0.271497,-0.857347,,,
279,2026-05-10,14:43:26.53,1,2,"Gonzalez, Cesar",831498,Right,BOC_EAG,"Francis, Austin",1000236684,Right,NJI_HIG,Undefined,9,Top,0,1,0,Fastball,Four-Seam,StrikeCalled,Undefined,Undefined,Undefined,0,0,,90.64218,-2.742857,-2.283775,2230.763953,203.932049,12:45,5.78619,1.16946,6.15637,-13.94631,20.49722,8.50457,2.08603,-0.23284,81.1856,-5.474776,-0.751224,0.422401,,,,,,,,,,,,-5.12166,11.85442,-0.99995,50,5.57028,4.86246,-131.20006,-6.61453,-8.738,33.24451,-11.94934,BOC_EAG,NJI_HIG,HarringtonVillage,D1,ACC,20260510-HarringtonVillage-1,21d3e810-4ca0-11f1-b41d-1bccaf3e6a43,89.2337,,,9.45659,,,,,,,b1484b88-4158-4df7-bc8c-565b9a528c8f,2026-05-10,18:43:26.53,2026-05-10T14:43:26.5355264-04:00,2026-05-10T18:43:26.5355264Z,,v3,227,471378,26835,"Johnson, Gunnar",1000100233,Right,BOC_EAG,4ae42cf7-fb74-493f-9d36-f556a8ecb69e,54.33701,-132.29444,16.62226,5.78155,-6.22117,-5.97467,-1.16475,5.15011,-4.369,,,,,,,,,,,,,,,,,,,,,,,,,,,,,,,,,,,,,,,,,,,,,,,,,,,High,High,High,,,,,,208.118859,26.203025,2001.519629,0.897235,1:00,-0.452011,-0.443514,-0.773939,-31.054532,12.564987,14.260022,158.17194,-10.26734,0.365868,-0.178241,-0.913439,11.041508,-21.461038,0.178241,-0.365868,0.913439,-11.041508,21.461038,-0.178241,0.365868,0.913439,-158.17194,10.26734,-0.365868,0.178241,-0.913439,,,
280,2026-05-10,14:43:43.42,1,3,"Gonzalez, Cesar",831498,Right,BOC_EAG,"Francis, Austin",1000236684,Right,NJI_HIG,Undefined,9,Top,0,1,1,Slider,Slider,BallCalled,Undefined,Undefined,Undefined,0,0,,80.85095,-0.487305,-1.036627,2125.929111,92.221928,9:00,5.36288,1.55817,5.31891,-42.61427,2.30071,-13.28276,1.35428,-0.52169,72.4066,-8.309991,-3.398202,0.482355,,,,,,,,,,,,6.25552,1.8526,-1.4544,50,5.28854,2.67478,-116.99694,-2.48042,8.41135,28.22114,-29.68297,BOC_EAG,NJI_HIG,HarringtonVillage,D1,ACC,20260510-HarringtonVillage-1,2bf5bf80-4ca0-11f1-b41d-1bccaf3e6a43,78.1425,,,8.44436,,,,,,,b1484b88-4158-4df7-bc8c-565b9a528c8f,2026-05-10,18:43:43.42,2026-05-10T14:43:43.4256384-04:00,2026-05-10T18:43:43.4256384Z,,v3,227,471378,26835,"Johnson, Gunnar",1000100233,Right,BOC_EAG,adacfad6-4487-440c-b9ad-1c7391010d6b,55.17587,-118.23883,14.11057,5.36895,-1.1742,-14.84149,-1.56396,2.30463,4.20567,,,,,,,,,,,,,,,,,,,,,,,,,,,,,,,,,,,,,,,,,,,,,,,,,,,High,High,High,,,,,,37.912695,84.517139,203.128272,0.095548,7:15,-0.994361,0.050242,0.093387,4.662341,51.556691,77.15239,130.985764,-76.214599,0.179876,-0.971195,-0.156285,80.858317,-10.362512,0.971195,-0.179876,0.156285,-80.858317,10.362512,-0.971195,0.179876,0.156285,-130.985764,76.214599,-0.179876,0.971195,-0.156285,,,
281,2026-05-10,14:44:00.84,1,4,"Gonzalez, Cesar",831498,Right,BOC_EAG,"Francis, Austin",1000236684,Right,NJI_HIG,Undefined,9,Top,0,2,1,Fastball,Four-Seam,InPlay,Undefined,GroundBall,Single,0,0,,90.75247,-2.71196,-2.769519,2117.545556,213.927303,1:15,5.76685,1.18839,6.20291,-14.83934,19.61328,12.26532,2.02217,-0.34789,80.96356,-5.615762,-0.558091,0.422457,95.66224,-8.981411,-3.836593,,,,,15.25545,14.64601,-2.65188,0.099858,-7.36788,11.52603,-0.98633,50,5.55548,5.84319,-131.33306,-6.59659,-12.52505,34.73229,-12.58032,BOC_EAG,NJI_HIG,HarringtonVillage,D1,ACC,20260510-HarringtonVillage-1,36469630-4ca0-11f1-b41d-1bccaf3e6a43,89.22196,2.15309,,9.78891,,,,1.4589,2.15309,0.23885,b1484b88-4158-4df7-bc8c-565b9a528c8f,2026-05-10,18:44:00.84,2026-05-10T14:44:00.8491008-04:00,2026-05-10T18:44:00.8491008Z,GroundBall,v3,227,471378,26835,"Johnson, Gunnar",1000100233,Right,BOC_EAG,90afed5e-f419-4314-bf9c-325d11690015,54.29332,-132.4636,17.36615,5.76353,-6.1871,-6.29016,-1.18316,6.25088,-6.26252,173.811297,1.45889,138.27478,-2.7668,,,,,,,2.15306,-21.89987,3.3947,,,,,,,0.23886,-9.27359,-1.87123,,,,,,,,,,,,,,,,,,,,,,,,,,,,,High,High,High,High,High,,,,208.306197,24.464923,1927.421689,0.910215,1:00,-0.431513,-0.45072,-0.78144,-28.676347,11.914032,26.841525,154.714186,-14.070864,0.414318,-0.243122,-0.877059,15.493438,-24.476386,0.243122,-0.414318,0.877059,-15.493438,24.476386,-0.243122,0.414318,0.877059,-154.714186,14.070864,-0.414318,0.243122,-0.877059,,,
282,2026-05-10,14:44:38.96,2,1,"Gonzalez, Cesar",831498,Right,BOC_EAG,"O'Connor, Rowin",832258,Right,NJI_HIG,Undefined,9,Top,0,0,0,Slider,Curveball,StrikeCalled,Undefined,Undefined,Undefined,0,0,,80.15587,-0.114051,-1.320207,2214.557084,76.669414,8:30,5.27939,1.67624,5.43148,-45.02369,-1.21988,-10.28099,1.42058,-0.41712,74.50486,-8.281155,-3.151648,0.476351,,,,,,,,,,,,4.87425,-0.23799,-1.55186,50,5.23773,3.08821,-116.52702,-1.78715,6.7633,20.02007,-32.50427,BOC_EAG,NJI_HIG,HarringtonVillage,D1,ACC,20260510-HarringtonVillage-1,4d08d9a0-4ca0-11f1-b41d-1bccaf3e6a43,79.12741,,,5.65101,,,,,,,b1484b88-4158-4df7-bc8c-565b9a528c8f,2026-05-10,18:44:38.96,2026-05-10T14:44:38.9658624-04:00,2026-05-10T18:44:38.9658624Z,,v3,227,471378,26835,"Johnson, Gunnar",1000100233,Right,BOC_EAG,9c8f701f-9dde-4c3b-ade8-cc8df22ce062,55.07,-117.39485,10.01004,5.28466,-0.37816,-16.25214,-1.67938,2.79504,3.38165,,,,,,,,,,,,,,,,,,,,,,,,,,,,,,,,,,,,,,,,,,,,,,,,,,,High,High,High,,,,,,41.540179,81.226091,337.79925,0.152536,7:30,-0.985604,0.099186,0.136916,11.948622,44.056578,78.193121,136.391663,-75.690779,0.170469,-0.968976,-0.178958,79.536088,-9.815085,0.968976,-0.170469,0.178958,-79.536088,9.815085,-0.968976,0.170469,0.178958,-136.391663,75.690779,-0.170469,0.968976,-0.178958,,,
283,2026-05-10,14:44:58.84,2,2,"Gonzalez, Cesar",831498,Right,BOC_EAG,"O'Connor, Rowin",832258,Right,NJI_HIG,Undefined,9,Top,0,0,1,Fastball,Four-Seam,FoulBallNotFieldable,Undefined,Undefined,Undefined,0,0,,91.33239,-1.197849,-1.756165,2204.846546,209.854073,1:00,5.64697,1.2297,6.10826,-16.47694,16.75863,9.00961,3.16556,0.35606,83.36912,-4.343436,-0.133157,0.414928,70.60389,33.280587,124.838641,4573.120795,,,,,44.55671,,,-5.13559,9.30347,-1.09943,50,5.54622,3.68672,-132.65149,-3.24812,-9.14195,28.62901,-15.61282,BOC_EAG,NJI_HIG,HarringtonVillage,D1,ACC,20260510-HarringtonVillage-1,58e30f70-4ca0-11f1-b41d-1bccaf3e6a43,90.84087,27.31467,,7.96327,,,,-0.18476,3.17092,-0.4443,b1484b88-4158-4df7-bc8c-565b9a528c8f,2026-05-10,18:44:58.84,2026-05-10T14:44:58.8456960-04:00,2026-05-10T18:44:58.8456960Z,,v3,227,471378,26835,"Johnson, Gunnar",1000100233,Right,BOC_EAG,2496b71f-9814-476f-aa4a-97a2e10d8a37,54.38955,-133.59549,14.31451,5.64484,-2.73331,-7.80641,-1.22597,3.98816,-4.57097,,-0.18476,-49.454,-1.32293,2.19151,-0.64475,0.1982,-0.04428,0.0113,-0.00221,3.17092,56.82319,-26.05864,3.3635,-0.69306,0.13947,-0.02296,0.00547,-0.00083,-0.4443,71.05269,-15.58886,2.17521,-0.43114,0.0503,-0.00637,0.00261,-0.00055,,,,,,,,,,,,,,,,,,,,,,,High,High,High,High,Undefined,,,,206.767128,27.145961,1961.976294,0.889847,1:00,-0.471919,-0.410207,-0.780399,-30.222621,11.699517,30.195159,151.810511,-20.232179,0.443242,-0.345825,-0.827007,22.692955,-26.310928,0.345825,-0.443242,0.827007,-22.692955,26.310928,-0.345825,0.443242,0.827007,-151.810511,20.232179,-0.443242,0.345825,-0.827007,71.315,-1.26055,14.6174
284,2026-05-10,14:45:22.97,2,3,"Gonzalez, Cesar",831498,Right,BOC_EAG,"O'Connor, Rowin",832258,Right,NJI_HIG,Undefined,9,Top,0,0,2,Fastball,Four-Seam,StrikeSwinging,Strikeout,Undefined,Undefined,0,0,,92.03146,-1.16747,-1.035598,2239.883567,189.492042,12:15,5.66233,1.22775,6.02135,-12.38741,20.51222,3.25028,3.54839,0.53931,83.76484,-3.578186,-0.450984,0.412826,,,,,,,,,,,,-1.95732,11.17634,-1.14836,50,5.56396,2.27344,-133.63701,-3.02766,-3.52931,29.58397,-12.02184,BOC_EAG,NJI_HIG,HarringtonVillage,D1,ACC,20260510-HarringtonVillage-1,67398fe0-4ca0-11f1-b41d-1bccaf3e6a43,91.30348,,,8.26662,,,,,,,b1484b88-4158-4df7-bc8c-565b9a528c8f,2026-05-10,18:45:22.97,2026-05-10T14:45:22.9758976-04:00,2026-05-10T18:45:22.9758976Z,,v3,227,471378,26835,"Johnson, Gunnar",1000100233,Right,BOC_EAG,0a1ec44b-bdd7-40b3-8fca-e3b52f3aa7dc,54.47496,-134.62401,14.79199,5.65828,-2.62658,-6.01092,-1.22617,2.39119,-1.76466,,,,,,,,,,,,,,,,,,,,,,,,,,,,,,,,,,,,,,,,,,,,,,,,,,,High,High,High,,,,,,211.253924,20.304248,2100.704388,0.937863,1:00,-0.351455,-0.493562,-0.795535,-14.598698,6.412737,39.101648,150.512547,-3.376642,0.491378,-0.058899,-0.868952,3.877697,-29.43122,0.058899,-0.491378,0.868952,-3.877697,29.43122,-0.058899,0.491378,0.868952,-150.512547,3.376642,-0.491378,0.058899,-0.868952,,,
285,2026-05-10,14:45:53.44,3,1,"Gonzalez, Cesar",831498,Right,BOC_EAG,"Camilleri, Lorenzo",10147342,Left,NJI_HIG,Undefined,9,Top,1,0,0,ChangeUp,Changeup,BallCalled,Undefined,Undefined,Undefined,0,0,,76.64524,0.748957,-1.978545,2139.178027,253.53426,2:30,5.16183,1.65106,5.82383,-39.39667,8.79516,24.08395,2.57551,1.81794,69.51916,-6.579412,2.339213,0.499641,,,,,,,,,,,,-12.84367,4.76469,-1.50337,50,5.20009,2.93792,-111.19263,0.27812,-15.8874,22.16462,-26.28024,BOC_EAG,NJI_HIG,HarringtonVillage,D1,ACC,20260510-HarringtonVillage-1,797c3ea0-4ca0-11f1-b41d-1bccaf3e6a43,75.43905,,,7.12607,,,,,,,b1484b88-4158-4df7-bc8c-565b9a528c8f,2026-05-10,18:45:53.44,2026-05-10T14:45:53.4465536-04:00,2026-05-10T18:45:53.4465536Z,,v3,227,471378,26835,"Johnson, Gunnar",1000100233,Right,BOC_EAG,8729f727-5185-4f8f-87ca-9e5583692d40,54.67415,-112.12048,11.08231,5.16542,1.37826,-13.14012,-1.64028,3.603,-7.9437,,,,,,,,,,,,,,,,,,,,,,,,,,,,,,,,,,,,,,,,,,,,,,,,,,,High,High,High,,,,,,250.275822,-16.159901,2054.65633,0.960489,2:15,0.255126,-0.907696,-0.333165,-22.16007,-58.522475,-13.914349,177.205872,32.918007,0.040921,0.543438,-0.838451,32.949107,2.345253,0.543438,0.040921,0.838451,-32.949107,-2.345253,-0.543438,-0.040921,0.838451,-177.205872,-32.918007,-0.040921,-0.543438,-0.838451,,,
286,2026-05-10,14:46:11.63,3,2,"Gonzalez, Cesar",831498,Right,BOC_EAG,"Camilleri, Lorenzo",10147342,Left,NJI_HIG,Undefined,9,Top,1,1,0,Fastball,Four-Seam,InPlay,Undefined,FlyBall,Out,1,0,,90.8724,-2.705807,-2.029701,2201.700333,198.444996,12:30,5.61124,1.05927,5.9993,-13.53198,20.10505,6.35615,1.97293,-0.29257,83.34689,-5.302562,-0.887521,0.417426,92.49439,26.923819,-12.723138,3849.282278,105.03957,48.69145,-32.6599,344.89543,335.07402,-27.564876,4.357413,-3.83488,11.41508,-0.90311,50,5.39071,4.41104,-131.89795,-6.60502,-6.77813,27.18119,-11.99802,BOC_EAG,NJI_HIG,HarringtonVillage,D1,ACC,20260510-HarringtonVillage-1,843748d0-4ca0-11f1-b41d-1bccaf3e6a43,90.2972,63.13896,,7.52551,,,,2.04894,2.0698,0.28437,b1484b88-4158-4df7-bc8c-565b9a528c8f,2026-05-10,18:46:11.63,2026-05-10T14:46:11.6348416-04:00,2026-05-10T18:46:11.6348416Z,FlyBall,v3,227,471378,26835,"Johnson, Gunnar",1000100233,Right,BOC_EAG,c6bdaf15-2dd3-436f-96d9-a1dc12474938,54.50014,-132.82209,13.59059,5.60834,-6.19709,-5.99901,-1.057,4.6415,-3.38907,133.65216,2.04875,117.99099,-22.71229,5.14911,-1.08751,0.2404,-0.05147,0.00736,-0.00045,2.07059,61.40452,-16.54367,0.48121,0.15898,-0.12041,0.03906,-0.00577,0.00032,0.28478,-26.64739,-6.60002,2.14859,-0.47686,0.08169,-0.01268,0.00151,-9E-05,,,,,,,,,,,,,,,,,,,,,,,High,High,High,High,High,,,,213.158843,19.388504,2076.840333,0.943289,1:00,-0.335021,-0.53104,-0.778304,-16.34667,9.70794,39.997655,152.66733,-3.456588,0.458321,-0.060292,-0.886739,3.889736,-27.278808,0.060292,-0.458321,0.886739,-3.889736,27.278808,-0.060292,0.458321,0.886739,-152.66733,3.456588,-0.458321,0.060292,-0.886739,,,
287,2026-05-10,14:46:54.32,4,1,"Gonzalez, Cesar",831498,Right,BOC_EAG,"Campbell, Cole",1000115804,Right,NJI_HIG,Undefined,9,Top,2,0,0,Slider,Slider,StrikeCalled,Undefined,Undefined,Undefined,0,0,,80.33582,1.268978,-1.062852,2213.963517,83.843384,8:45,5.31912,1.66886,5.21139,-44.174,0.34205,-9.91666,2.83165,-0.1571,73.50793,-6.776638,-2.820508,0.480208,,,,,,,,,,,,4.6289,0.25815,-1.56293,50,5.40334,2.57573,-116.55143,1.00467,6.35031,22.45016,-31.81991,BOC_EAG,NJI_HIG,HarringtonVillage,D1,ACC,20260510-HarringtonVillage-1,9db06ee0-4ca0-11f1-b41d-1bccaf3e6a43,78.49187,,,6.82789,,,,,,,b1484b88-4158-4df7-bc8c-565b9a528c8f,2026-05-10,18:46:54.32,2026-05-10T14:46:54.3290368-04:00,2026-05-10T18:46:54.3290368Z,,v3,227,471378,26835,"Johnson, Gunnar",1000100233,Right,BOC_EAG,0bc41352-2ac8-4124-8268-7e316b83e4d0,55.28701,-117.56541,11.22508,5.32551,2.44184,-15.90996,-1.67279,2.28892,3.17516,,,,,,,,,,,,,,,,,,,,,,,,,,,,,,,,,,,,,,,,,,,,,,,,,,,High,High,High,,,,,,47.40605,76.542289,515.250424,0.232728,7:30,-0.965421,0.192823,0.175448,18.067619,28.87979,74.528784,142.408567,-76.006416,0.147513,-0.970323,-0.191608,78.829601,-8.482802,0.970323,-0.147513,0.191608,-78.829601,8.482802,-0.970323,0.147513,0.191608,-142.408567,76.006416,-0.147513,0.970323,-0.191608,,,
288,2026-05-10,14:47:35.50,4,2,"Gonzalez, Cesar",831498,Right,BOC_EAG,"Campbell, Cole",1000115804,Right,NJI_HIG,Undefined,9,Top,2,0,1,Fastball,Four-Seam,StrikeSwinging,Undefined,Undefined,Undefined,0,0,,91.92821,-1.62637,-1.672281,2250.244534,196.36063,12:30,5.77545,1.15794,6.02175,-10.3791,22.61793,6.32181,3.40312,0.13543,83.65278,-3.67662,-0.535688,0.413436,,,,,,,,,,,,-3.71378,12.39442,-1.03032,50,5.64221,3.62052,-133.4387,-4.00757,-6.67646,29.49965,-9.89204,BOC_EAG,NJI_HIG,HarringtonVillage,D1,ACC,20260510-HarringtonVillage-1,b63cc3f0-4ca0-11f1-b41d-1bccaf3e6a43,91.16863,,,8.27543,,,,,,,b1484b88-4158-4df7-bc8c-565b9a528c8f,2026-05-10,18:47:35.50,2026-05-10T14:47:35.5068928-04:00,2026-05-10T18:47:35.5068928Z,,v3,227,471378,26835,"Johnson, Gunnar",1000100233,Right,BOC_EAG,159754f3-0876-4e8c-bc11-1f8ec6eb5d2b,54.47509,-134.42438,14.74982,5.7706,-3.67704,-4.94602,-1.15502,3.8436,-3.33823,,,,,,,,,,,,,,,,,,,,,,,,,,,,,,,,,,,,,,,,,,,,,,,,,,,High,High,High,,,,,,208.384601,18.822973,2129.901395,0.94652,1:00,-0.333914,-0.45894,-0.823332,-14.323966,4.812259,42.648518,150.775499,-6.123809,0.485447,-0.106677,-0.867733,7.008651,-29.041756,0.106677,-0.485447,0.867733,-7.008651,29.041756,-0.106677,0.485447,0.867733,-150.775499,6.123809,-0.485447,0.106677,-0.867733,,,
289,2026-05-10,14:48:19.66,4,3,"Gonzalez, Cesar",831498,Right,BOC_EAG,"Campbell, Cole",1000115804,Right,NJI_HIG,Undefined,9,Top,2,0,2,Slider,Slider,StrikeSwinging,Strikeout,Undefined,Undefined,0,0,,82.08677,-0.891065,-2.270206,2335.382488,101.55201,9:30,5.39234,1.48635,5.29333,-38.34967,4.60827,-15.32595,1.35917,-1.92348,74.74714,-7.890123,-4.987925,0.47173,,,,,,,,,,,,6.96142,3.02725,-1.26811,50,5.28351,5.35634,-118.9254,-3.20007,9.84062,25.56499,-27.89476,BOC_EAG,NJI_HIG,HarringtonVillage,D1,ACC,20260510-HarringtonVillage-1,d0930390-4ca0-11f1-b41d-1bccaf3e6a43,79.90263,,,7.33964,,,,,,,b1484b88-4158-4df7-bc8c-565b9a528c8f,2026-05-10,18:48:19.66,2026-05-10T14:48:19.6654592-04:00,2026-05-10T18:48:19.6654592Z,,v3,227,471378,26835,"Johnson, Gunnar",1000100233,Right,BOC_EAG,8e6f6cd7-c895-4ffc-b089-7273889f0cfa,55.2042,-120.03892,12.78249,5.39643,-1.98508,-13.94738,-1.49208,4.92772,4.92031,,,,,,,,,,,,,,,,,,,,,,,,,,,,,,,,,,,,,,,,,,,,,,,,,,,High,High,High,,,,,,30.459941,80.434486,388.082753,0.166175,7:00,-0.980838,0.068895,0.182237,11.672432,20.271302,72.874021,110.503637,-73.093667,0.272385,-0.956781,-0.10186,83.923095,-15.806253,0.956781,-0.272385,0.10186,-83.923095,15.806253,-0.956781,0.272385,0.10186,-110.503637,73.093667,-0.272385,0.956781,-0.10186,,,
290,2026-05-10,14:50:33.97,1,1,"Riordan, Tade",10148375,Right,NJI_HIG,"Johnson, Gunnar",1000100233,Right,BOC_EAG,Undefined,9,Bottom,0,0,0,Slider,Slider,StrikeCalled,Undefined,Undefined,Undefined,0,0,,80.87254,0.852802,-1.966883,2078.826649,98.928394,9:15,5.80217,2.18307,5.71689,-40.68325,2.21461,-5.87823,3.20684,-0.13971,74.38197,-6.620182,-3.017803,0.4714,,,,,,,,,,,,2.44504,1.32319,-2.01498,50,5.84848,4.265,-117.43811,0.39726,3.42323,21.71427,-30.32149,BOC_EAG,NJI_HIG,HarringtonVillage,D1,ACC,20260510-HarringtonVillage-1,20a81cd0-4ca1-11f1-b41d-1bccaf3e6a43,79.95856,,,6.49056,,,,,,,b1484b88-4158-4df7-bc8c-565b9a528c8f,2026-05-10,18:50:33.97,2026-05-10T14:50:33.9705344-04:00,2026-05-10T18:50:33.9705344Z,,v3,227,471378,26835,"Campbell, Cole",1000115804,Right,NJI_HIG,b1586d9a-9cf6-45f6-b540-3852515a8f42,54.78154,-118.31891,10.85714,5.80742,1.6272,-15.16075,-2.18516,4.12615,1.71161,,,,,,,,,,,,,,,,,,,,,,,,,,,,,,,,,,,,,,,,,,,,,,,,,,,High,High,High,,,,,,113.899452,86.968367,109.943526,0.052887,9:45,-0.997918,0.06321,0.012832,96.179697,-31.18179,47.83336,147.076313,-14.314587,0.526647,-0.247246,-0.813334,16.908759,-31.779165,0.247246,-0.526647,0.813334,-16.908759,31.779165,-0.247246,0.526647,0.813334,-147.076313,14.314587,-0.526647,0.247246,-0.813334,,,
291,2026-05-10,14:50:48.06,1,2,"Riordan, Tade",10148375,Right,NJI_HIG,"Johnson, Gunnar",1000100233,Right,BOC_EAG,Undefined,9,Bottom,0,0,1,Fastball,Four-Seam,InPlay,Undefined,FlyBall,Out,1,0,,90.7354,-1.38776,-3.523928,2185.16297,200.033558,12:45,5.92629,1.99834,6.10176,-14.31654,19.62088,6.73823,3.44714,-0.70323,82.38506,-4.156563,-2.313564,0.419287,88.65123,43.360402,17.553617,4064.063892,103.21209,95.64681,38.04211,275.49309,273.65188,23.271745,5.543093,-4.5213,10.87568,-1.7306,50,5.81183,7.81808,-131.52891,-3.56521,-7.87341,29.44299,-13.23505,BOC_EAG,NJI_HIG,HarringtonVillage,D1,ACC,20260510-HarringtonVillage-1,28fb75d0-4ca1-11f1-b41d-1bccaf3e6a43,89.89659,113.19487,,8.35033,,,,0.24005,3.43509,0.7537,b1484b88-4158-4df7-bc8c-565b9a528c8f,2026-05-10,18:50:48.06,2026-05-10T14:50:48.0659968-04:00,2026-05-10T18:50:48.0659968Z,FlyBall,v3,227,471378,26835,"Campbell, Cole",1000115804,Right,NJI_HIG,f474e472-bdce-4075-bcfa-85b6187ce01e,54.39582,-132.50927,14.72149,5.9232,-3.12452,-6.61753,-1.99528,8.08024,-3.9367,190.586149,0.24397,90.06206,-21.37266,5.30403,-1.05384,0.18239,-0.02672,0.0027,-0.00012,3.43735,89.2173,-21.07576,1.2656,0.17146,-0.16386,0.04301,-0.00516,0.00024,0.75447,28.49778,-3.77056,0.76469,-0.11897,0.01796,-0.00324,0.00043,-2E-05,,,,,,,,,,,,,,,,,,,,,,,High,High,High,High,Medium,,,,217.799473,33.243969,1827.547654,0.836344,1:15,-0.575236,-0.525721,-0.626674,-52.184072,-15.827884,-39.397127,163.855666,1.184414,0.277999,0.02067,-0.960359,1.233025,16.14079,0.02067,0.277999,0.960359,-1.233025,-16.14079,-0.02067,-0.277999,0.960359,-163.855666,-1.184414,-0.277999,-0.02067,-0.960359,74.25726,18.00684,-2.15748
292,2026-05-10,14:51:22.44,2,1,"Riordan, Tade",10148375,Right,NJI_HIG,"Gallo, Luke",828057,Right,BOC_EAG,Undefined,9,Bottom,1,0,0,Fastball,Four-Seam,BallCalled,Undefined,Undefined,Undefined,0,0,,90.65982,-3.419675,-3.23236,2063.456113,218.792931,1:15,5.90777,1.96299,6.13027,-20.55974,13.31205,9.8156,1.0248,-0.20994,83.01341,-7.277947,-1.465105,0.418881,,,,,,,,,,,,-5.99398,8.17859,-1.7209,50,5.63514,7.01448,-131.3469,-8.49774,-10.46074,28.0803,-17.9007,BOC_EAG,NJI_HIG,HarringtonVillage,D1,ACC,20260510-HarringtonVillage-1,3d7aa710-4ca1-11f1-b41d-1bccaf3e6a43,89.98369,,,7.64641,,,,,,,b1484b88-4158-4df7-bc8c-565b9a528c8f,2026-05-10,18:51:22.44,2026-05-10T14:51:22.4427008-04:00,2026-05-10T18:51:22.4427008Z,,v3,227,471378,26835,"Campbell, Cole",1000115804,Right,NJI_HIG,538ebd0b-8252-420d-81bf-4cd684d517b8,54.36846,-132.27752,14.04015,5.90694,-7.90449,-8.95035,-1.95911,7.36116,-5.23037,,,,,,,,,,,,,,,,,,,,,,,,,,,,,,,,,,,,,,,,,,,,,,,,,,,High,High,High,,,,,,222.741442,32.836255,1733.764648,0.840224,1:30,-0.541247,-0.601581,-0.587497,-46.848344,-18.219136,-28.091308,158.069198,10.05797,0.367747,0.174644,-0.913379,10.824697,21.576712,0.174644,0.367747,0.913379,-10.824697,-21.576712,-0.174644,-0.367747,0.913379,-158.069198,-10.05797,-0.367747,-0.174644,-0.913379,,,
293,2026-05-10,14:51:38.26,2,2,"Riordan, Tade",10148375,Right,NJI_HIG,"Gallo, Luke",828057,Right,BOC_EAG,Undefined,9,Bottom,1,1,0,Slider,Slider,StrikeCalled,Undefined,Undefined,Undefined,0,0,,81.62023,-0.024148,-1.24847,2045.549682,95.174592,9:15,5.74202,2.02017,5.74808,-40.19825,1.6241,-4.69075,2.36968,0.46678,75.53525,-7.38983,-2.088834,0.465453,,,,,,,,,,,,2.06866,1.21835,-1.91359,50,5.71541,2.76908,-118.65498,-1.39293,2.97109,21.12436,-30.42422,BOC_EAG,NJI_HIG,HarringtonVillage,D1,ACC,20260510-HarringtonVillage-1,46ec1a40-4ca1-11f1-b41d-1bccaf3e6a43,80.98018,,,6.08498,,,,,,,b1484b88-4158-4df7-bc8c-565b9a528c8f,2026-05-10,18:51:38.26,2026-05-10T14:51:38.2658560-04:00,2026-05-10T18:51:38.2658560Z,,v3,227,471378,26835,"Campbell, Cole",1000115804,Right,NJI_HIG,f8ecab58-187c-4072-b358-ef9d7cb38742,54.75159,-119.49792,10.56218,5.74677,-0.17889,-15.21211,-2.02172,2.65052,1.48554,,,,,,,,,,,,,,,,,,,,,,,,,,,,,,,,,,,,,,,,,,,,,,,,,,,High,High,High,,,,,,63.429566,87.405739,92.587582,0.045263,8:00,-0.998314,0.040061,0.042007,92.325313,-28.027536,57.117277,153.768126,-13.932384,0.429001,-0.240777,-0.870623,15.459142,-25.404203,0.240777,-0.429001,0.870623,-15.459142,25.404203,-0.240777,0.429001,0.870623,-153.768126,13.932384,-0.429001,0.240777,-0.870623,,,
294,2026-05-10,14:51:53.85,2,3,"Riordan, Tade",10148375,Right,NJI_HIG,"Gallo, Luke",828057,Right,BOC_EAG,Undefined,9,Bottom,1,1,1,Slider,Slider,StrikeCalled,Undefined,Undefined,Undefined,0,0,,80.75674,-0.270849,-1.504142,2128.116395,85.561689,8:45,5.75843,1.88993,5.60361,-42.19794,1.11898,-3.02866,1.98901,0.23309,74.22552,-7.991385,-2.045389,0.473696,,,,,,,,,,,,1.11106,1.06291,-1.7592,50,5.70796,3.19894,-117.26108,-1.98072,1.54531,22.39643,-30.69571,BOC_EAG,NJI_HIG,HarringtonVillage,D1,ACC,20260510-HarringtonVillage-1,5036f2a0-4ca1-11f1-b41d-1bccaf3e6a43,79.5709,,,6.53121,,,,,,,b1484b88-4158-4df7-bc8c-565b9a528c8f,2026-05-10,18:51:53.85,2026-05-10T14:51:53.8578944-04:00,2026-05-10T18:51:53.8578944Z,,v3,227,471378,26835,"Campbell, Cole",1000115804,Right,NJI_HIG,38d5c6b1-a5d7-4eb4-b69a-707d049037d9,54.89511,-118.19233,11.19822,5.76378,-0.70438,-15.34786,-1.89087,3.13469,0.77266,,,,,,,,,,,,,,,,,,,,,,,,,,,,,,,,,,,,,,,,,,,,,,,,,,,High,High,High,,,,,,67.763477,86.26809,138.514999,0.065088,8:15,-0.997163,0.05553,0.050824,-70.403131,47.207923,70.222379,150.07606,-13.357536,0.485355,-0.231027,-0.843242,15.321612,-29.035715,0.231027,-0.485355,0.843242,-15.321612,29.035715,-0.231027,0.485355,0.843242,-150.07606,13.357536,-0.485355,0.231027,-0.843242,,,
295,2026-05-10,14:52:11.19,2,4,"Riordan, Tade",10148375,Right,NJI_HIG,"Gallo, Luke",828057,Right,BOC_EAG,Undefined,9,Bottom,1,1,2,Fastball,Four-Seam,InPlay,Undefined,GroundBall,Out,1,0,,91.87913,-1.493633,-3.696304,2164.145767,207.210733,1:00,5.90809,1.84902,6.18513,-17.83214,15.23977,7.25418,3.03973,-0.96423,83.33399,-4.894457,-2.391229,0.413905,64.95357,-80.460515,133.812587,,,,,1.56483,1.56483,117.466591,0.030536,-4.8565,8.66544,-1.57337,50,5.7861,8.29377,-133.13973,-3.99882,-8.64882,30.679,-16.74196,BOC_EAG,NJI_HIG,HarringtonVillage,D1,ACC,20260510-HarringtonVillage-1,5a91db70-4ca1-11f1-b41d-1bccaf3e6a43,91.06537,2.88304,,8.54514,,,,-0.38633,2.88304,1.03882,b1484b88-4158-4df7-bc8c-565b9a528c8f,2026-05-10,18:52:11.19,2026-05-10T14:52:11.1903744-04:00,2026-05-10T18:52:11.1903744Z,GroundBall,v3,227,471378,26835,"Campbell, Cole",1000115804,Right,NJI_HIG,bc910373-1096-49d2-a761-9ee7d0bd1684,54.31168,-134.12957,15.3395,5.9064,-3.45865,-8.37098,-1.84546,8.57282,-4.32441,,-0.38606,-10.98445,,,,,,,,2.88534,-94.41508,,,,,,,,1.03854,11.44944,,,,,,,,,,,,,,,,,,,,,,,,,,,,,,High,High,High,Estimated,Estimated,,,,219.34088,33.512331,1804.393355,0.833767,1:15,-0.578603,-0.542764,-0.608791,-48.809568,-19.722208,-33.261332,157.428228,7.0763,0.380917,0.123191,-0.916366,7.656613,22.390478,0.123191,0.380917,0.916366,-7.656613,-22.390478,-0.123191,-0.380917,0.916366,-157.428228,-7.0763,-0.380917,-0.123191,-0.916366,65.20337,-3.64229,16.69551
296,2026-05-10,14:52:53.16,3,1,"Riordan, Tade",10148375,Right,NJI_HIG,"Wolff, Kyle",813479,Right,BOC_EAG,Undefined,9,Bottom,2,0,0,Slider,Slider,BallCalled,Undefined,Undefined,Undefined,0,0,,81.21252,-0.452908,-2.894902,2284.894216,72.203496,8:30,5.67948,2.11884,5.75823,-43.21695,-0.53213,-5.79217,1.65594,-1.06074,74.72404,-8.357565,-3.931097,0.470228,,,,,,,,,,,,2.12917,0.27276,-1.8752,50,5.6157,6.18479,-117.84266,-2.37477,2.98801,22.81344,-31.79128,BOC_EAG,NJI_HIG,HarringtonVillage,D1,ACC,20260510-HarringtonVillage-1,738f1ac0-4ca1-11f1-b41d-1bccaf3e6a43,80.15786,,,6.48848,,,,,,,b1484b88-4158-4df7-bc8c-565b9a528c8f,2026-05-10,18:52:53.16,2026-05-10T14:52:53.1627520-04:00,2026-05-10T18:52:53.1627520Z,,v3,227,471378,26835,"Campbell, Cole",1000115804,Right,NJI_HIG,0ab31235-92aa-4b50-8caa-799275b2ba41,54.74089,-118.75691,11.40672,5.68533,-1.10073,-15.89564,-2.12066,6.06504,1.49401,,,,,,,,,,,,,,,,,,,,,,,,,,,,,,,,,,,,,,,,,,,,,,,,,,,High,High,High,,,,,,55.599895,84.488564,219.451341,0.096044,7:45,-0.991961,0.071377,0.104493,106.620497,-29.013197,45.420907,148.576441,-9.838978,0.513692,-0.17088,-0.840786,11.488226,-30.910087,0.17088,-0.513692,0.840786,-11.488226,30.910087,-0.17088,0.513692,0.840786,-148.576441,9.838978,-0.513692,0.17088,-0.840786,,,
297,2026-05-10,14:53:12.13,3,2,"Riordan, Tade",10148375,Right,NJI_HIG,"Wolff, Kyle",813479,Right,BOC_EAG,Undefined,9,Bottom,2,1,0,Fastball,Four-Seam,BallCalled,Undefined,Undefined,Undefined,0,0,,90.95373,-2.752468,-3.697128,2254.935595,214.889864,1:15,5.86729,1.79083,6.21976,-20.21576,12.91969,8.34804,1.63553,-0.92978,84.17906,-6.535464,-2.193294,0.414303,,,,,,,,,,,,-5.24008,7.68052,-1.51789,50,5.6505,8.18893,-131.95398,-6.98251,-9.34783,24.97827,-18.47271,BOC_EAG,NJI_HIG,HarringtonVillage,D1,ACC,20260510-HarringtonVillage-1,7ed8d060-4ca1-11f1-b41d-1bccaf3e6a43,90.978,,,6.77467,,,,,,,b1484b88-4158-4df7-bc8c-565b9a528c8f,2026-05-10,18:53:12.13,2026-05-10T14:53:12.1382912-04:00,2026-05-10T18:53:12.1382912Z,,v3,227,471378,26835,"Campbell, Cole",1000115804,Right,NJI_HIG,9362a7e2-bf25-46f9-84e7-dcbb7a8c8d5a,54.27999,-132.76169,12.48913,5.86663,-6.38517,-9.23636,-1.78758,8.49121,-4.67392,,,,,,,,,,,,,,,,,,,,,,,,,,,,,,,,,,,,,,,,,,,,,,,,,,,High,High,High,,,,,,221.942246,34.14078,1866.322466,0.827661,1:30,-0.572602,-0.579506,-0.579914,-69.68346,-31.992427,-24.578034,146.939711,-3.256768,0.54464,-0.056811,-0.836743,3.884138,-33.000079,0.056811,-0.54464,0.836743,-3.884138,33.000079,-0.056811,0.54464,0.836743,-146.939711,3.256768,-0.54464,0.056811,-0.836743,,,
298,2026-05-10,14:53:31.28,3,3,"Riordan, Tade",10148375,Right,NJI_HIG,"Wolff, Kyle",813479,Right,BOC_EAG,Undefined,9,Bottom,2,2,0,Slider,Slider,StrikeCalled,Undefined,Undefined,Undefined,0,0,,79.63167,1.075621,-0.840776,2277.275942,75.429758,8:30,5.80166,2.03307,5.4844,-43.91353,-0.34095,-5.14319,3.14877,0.81779,74.9306,-6.888406,-1.757427,0.475092,,,,,,,,,,,,2.43618,-0.07031,-1.95577,50,5.86561,1.8996,-115.95892,0.67709,3.40743,16.14321,-32.2724,BOC_EAG,NJI_HIG,HarringtonVillage,D1,ACC,20260510-HarringtonVillage-1,8a472500-4ca1-11f1-b41d-1bccaf3e6a43,79.33707,,,4.70106,,,,,,,b1484b88-4158-4df7-bc8c-565b9a528c8f,2026-05-10,18:53:31.28,2026-05-10T14:53:31.2880640-04:00,2026-05-10T18:53:31.2880640Z,,v3,227,471378,26835,"Campbell, Cole",1000115804,Right,NJI_HIG,af9968c4-2619-488d-9a95-b4dffb89d277,55.01804,-116.65541,8.0716,5.80637,2.06947,-16.1362,-2.03455,1.75258,1.70372,,,,,,,,,,,,,,,,,,,,,,,,,,,,,,,,,,,,,,,,,,,,,,,,,,,High,High,High,,,,,,70.749252,80.455835,377.590145,0.165808,8:15,-0.982138,0.175021,0.069086,-65.669303,42.197587,68.878533,151.181396,-10.831602,0.47345,-0.187923,-0.86054,12.318743,-28.258483,0.187923,-0.47345,0.86054,-12.318743,28.258483,-0.187923,0.47345,0.86054,-151.181396,10.831602,-0.47345,0.187923,-0.86054,,,
299,2026-05-10,14:53:48.84,3,4,"Riordan, Tade",10148375,Right,NJI_HIG,"Wolff, Kyle",813479,Right,BOC_EAG,Undefined,9,Bottom,2,2,1,Fastball,Four-Seam,BallCalled,Undefined,Undefined,Undefined,0,0,,90.86332,-3.33888,-2.729481,2288.958605,197.905092,12:30,5.92546,1.7377,6.11251,-18.03906,15.4693,4.66764,1.32798,-0.39899,83.66253,-6.732286,-1.889266,0.416627,,,,,,,,,,,,-3.12709,9.18658,-1.53062,50,5.65926,6.08935,-131.77093,-8.23896,-5.52948,26.50942,-15.92999,BOC_EAG,NJI_HIG,HarringtonVillage,D1,ACC,20260510-HarringtonVillage-1,94c79730-4ca1-11f1-b41d-1bccaf3e6a43,90.47037,,,7.20079,,,,,,,b1484b88-4158-4df7-bc8c-565b9a528c8f,2026-05-10,18:53:48.84,2026-05-10T14:53:48.8401408-04:00,2026-05-10T18:53:48.8401408Z,,v3,227,471378,26835,"Campbell, Cole",1000115804,Right,NJI_HIG,72f922cd-e345-46ac-904c-e76371c6132c,54.38617,-132.6504,13.25471,5.92383,-7.71047,-7.965,-1.73569,6.27279,-2.76474,,,,,,,,,,,,,,,,,,,,,,,,,,,,,,,,,,,,,,,,,,,,,,,,,,,High,High,High,,,,,,220.260549,33.961311,1898.496544,0.829415,1:15,-0.55601,-0.567647,-0.607149,-59.740299,-23.410812,-26.743101,152.444882,-0.972792,0.462535,-0.016978,-0.886438,1.097229,-27.550809,0.016978,-0.462535,0.886438,-1.097229,27.550809,-0.016978,0.462535,0.886438,-152.444882,0.972792,-0.462535,0.016978,-0.886438,,,
300,2026-05-10,14:54:08.76,3,5,"Riordan, Tade",10148375,Right,NJI_HIG,"Wolff, Kyle",813479,Right,BOC_EAG,Undefined,9,Bottom,2,3,1,Fastball,Four-Seam,BallCalled,Walk,Undefined,Undefined,0,0,,90.02674,-3.12932,-3.22961,2228.215443,211.875325,1:00,5.91525,1.92491,6.12123,-17.90123,15.8921,9.30414,1.52302,-0.28861,83.6468,-6.485453,-1.55547,0.418395,,,,,,,,,,,,-5.57213,9.2489,-1.68229,50,5.66558,6.99941,-130.67,-7.69381,-9.79265,23.2885,-15.9197,BOC_EAG,NJI_HIG,HarringtonVillage,D1,ACC,20260510-HarringtonVillage-1,a09ee6d0-4ca1-11f1-b41d-1bccaf3e6a43,90.0881,,,6.37995,,,,,,,b1484b88-4158-4df7-bc8c-565b9a528c8f,2026-05-10,18:54:08.76,2026-05-10T14:54:08.7625216-04:00,2026-05-10T18:54:08.7625216Z,,v3,227,471378,26835,"Campbell, Cole",1000115804,Right,NJI_HIG,6a1ee5ab-b31c-430e-a552-efb2cca2133b,54.37917,-131.44815,11.64425,5.91377,-7.16187,-7.95985,-1.92164,7.32662,-4.89633,,,,,,,,,,,,,,,,,,,,,,,,,,,,,,,,,,,,,,,,,,,,,,,,,,,High,High,High,,,,,,221.030608,30.139583,1926.971277,0.864805,1:15,-0.506374,-0.594275,-0.624838,-54.055737,-18.890815,-28.606914,159.310381,0.649876,0.353283,0.011342,-0.935448,0.694672,20.688227,0.011342,0.353283,0.935448,-0.694672,-20.688227,-0.011342,-0.353283,0.935448,-159.310381,-0.649876,-0.353283,-0.011342,-0.935448,,,
301,2026-05-10,14:54:54.65,4,1,"Riordan, Tade",10148375,Right,NJI_HIG,"Surowiec, Danny",831970,Left,BOC_EAG,Undefined,9,Bottom,2,0,0,Slider,Slider,StrikeCalled,Undefined,Undefined,Undefined,0,0,,80.97426,-0.041522,-0.560533,2091.193636,109.128049,9:45,5.90956,2.0378,5.77388,-39.80297,2.59272,-3.99327,2.55401,1.18341,74.98713,-7.343279,-1.276608,0.468632,,,,,,,,,,,,1.89343,1.72228,-1.98907,50,5.88202,1.30619,-117.74879,-1.39503,2.68082,20.58209,-29.73556,BOC_EAG,NJI_HIG,HarringtonVillage,D1,ACC,20260510-HarringtonVillage-1,bc090770-4ca1-11f1-b41d-1bccaf3e6a43,80.43074,,,5.98713,,,,,,,b1484b88-4158-4df7-bc8c-565b9a528c8f,2026-05-10,18:54:54.65,2026-05-10T14:54:54.6584576-04:00,2026-05-10T18:54:54.6584576Z,,v3,227,471378,26835,"Campbell, Cole",1000115804,Right,NJI_HIG,f02afe5a-baeb-4eab-8312-00532e168b5e,54.72568,-118.57195,10.29105,5.91404,-0.20579,-14.86778,-2.03917,1.19897,1.34041,,,,,,,,,,,,,,,,,,,,,,,,,,,,,,,,,,,,,,,,,,,,,,,,,,,High,High,High,,,,,,163.259528,86.375142,132.21261,0.063224,11:30,-0.998557,0.017487,-0.050778,92.205851,-33.260079,49.817046,144.727358,-15.859099,0.555487,-0.273273,-0.785338,19.186269,-33.744298,0.273273,-0.555487,0.785338,-19.186269,33.744298,-0.273273,0.555487,0.785338,-144.727358,15.859099,-0.555487,0.273273,-0.785338,,,
302,2026-05-10,14:55:11.82,4,2,"Riordan, Tade",10148375,Right,NJI_HIG,"Surowiec, Danny",831970,Left,BOC_EAG,Undefined,9,Bottom,2,0,1,Fastball,Sinker,InPlay,Undefined,GroundBall,Out,1,0,,90.44373,-1.586489,-1.845675,2328.542533,226.428624,1:30,5.83698,1.92003,6.06455,-21.39741,12.38422,11.94182,2.58448,1.20648,83.12153,-5.598539,0.304793,0.418323,79.92685,-4.56283,13.166976,,,,,22.25116,21.17292,9.884138,0.186783,-6.67933,7.12563,-1.78334,50,5.70238,3.74548,-131.42138,-4.32288,-11.73085,26.75419,-19.65939,BOC_EAG,NJI_HIG,HarringtonVillage,D1,ACC,20260510-HarringtonVillage-1,c63984e0-4ca1-11f1-b41d-1bccaf3e6a43,90.10369,2.57018,,7.3222,,,,1.23738,2.57018,-1.21223,b1484b88-4158-4df7-bc8c-565b9a528c8f,2026-05-10,18:55:11.82,2026-05-10T14:55:11.8248960-04:00,2026-05-10T18:55:11.8248960Z,GroundBall,v3,227,471378,26835,"Campbell, Cole",1000115804,Right,NJI_HIG,83573359-7f12-4ddf-999c-12c9b8fd9cf8,54.43527,-132.32121,13.3771,5.83665,-3.66167,-9.8297,-1.91594,4.14002,-5.86542,329.117251,1.23774,113.75625,-16.19318,,,,,,,2.57116,-9.39506,-23.42611,,,,,,,-1.21253,26.63875,1.62515,,,,,,,,,,,,,,,,,,,,,,,,,,,,,High,High,High,High,High,,,,224.404963,31.398685,1987.557175,0.853563,1:30,-0.523633,-0.611455,-0.593238,-54.370948,-32.934984,-32.426649,155.095548,6.299201,0.418564,0.10972,-0.901535,6.939001,24.743951,0.10972,0.418564,0.901535,-6.939001,-24.743951,-0.10972,-0.418564,0.901535,-155.095548,-6.299201,-0.418564,-0.10972,-0.901535,74.89425,16.03324,2.18574