PitchNo,Date,Time,PAofInning,PitchofPA,Pitcher,PitcherId,PitcherThrows,PitcherTeam,Batter,BatterId,BatterSide,BatterTeam,PitcherSet,Inning,Top/Bottom,Outs,Balls,Strikes,TaggedPitchType,AutoPitchType,PitchCall,KorBB,TaggedHitType,PlayResult,OutsOnPlay,RunsScored,Notes,RelSpeed,VertRelAngle,HorzRelAngle,SpinRate,SpinAxis,Tilt,RelHeight,RelSide,Extension,VertBreak,InducedVertBreak,HorzBreak,PlateLocHeight,PlateLocSide,ZoneSpeed,VertApprAngle,HorzApprAngle,ZoneTime,ExitSpeed,Angle,Direction,HitSpinRate,PositionAt110X,PositionAt110Y,PositionAt110Z,Distance,LastTrackedDistance,Bearing,HangTime,pfxx,pfxz,x0,y0,z0,vx0,vy0,vz0,ax0,ay0,az0,HomeTeam,AwayTeam,Stadium,Level,League,GameID,PitchUID,EffectiveVelo,MaxHeight,MeasuredDuration,SpeedDrop,PitchLastMeasuredX,PitchLastMeasuredY,PitchLastMeasuredZ,ContactPositionX,ContactPositionY,ContactPositionZ,GameUID,UTCDate,UTCTime,LocalDateTime,UTCDateTime,AutoHitType,System,HomeTeamForeignID,AwayTeamForeignID,GameForeignID,Catcher,CatcherId,CatcherThrows,CatcherTeam,PlayID,PitchTrajectoryXc0,PitchTrajectoryXc1,PitchTrajectoryXc2,PitchTrajectoryYc0,PitchTrajectoryYc1,PitchTrajectoryYc2,PitchTrajectoryZc0,PitchTrajectoryZc1,PitchTrajectoryZc2,HitSpinAxis,HitTrajectoryXc0,HitTrajectoryXc1,HitTrajectoryXc2,HitTrajectoryXc3,HitTrajectoryXc4,HitTrajectoryXc5,HitTrajectoryXc6,HitTrajectoryXc7,HitTrajectoryXc8,HitTrajectoryYc0,HitTrajectoryYc1,HitTrajectoryYc2,HitTrajectoryYc3,HitTrajectoryYc4,HitTrajectoryYc5,HitTrajectoryYc6,HitTrajectoryYc7,HitTrajectoryYc8,HitTrajectoryZc0,HitTrajectoryZc1,HitTrajectoryZc2,HitTrajectoryZc3,HitTrajectoryZc4,HitTrajectoryZc5,HitTrajectoryZc6,HitTrajectoryZc7,HitTrajectoryZc8,ThrowSpeed,PopTime,ExchangeTime,TimeToBase,CatchPositionX,CatchPositionY,CatchPositionZ,ThrowPositionX,ThrowPositionY,ThrowPositionZ,BasePositionX,BasePositionY,BasePositionZ,ThrowTrajectoryXc0,ThrowTrajectoryXc1,ThrowTrajectoryXc2,ThrowTrajectoryYc0,ThrowTrajectoryYc1,ThrowTrajectoryYc2,ThrowTrajectoryZc0,ThrowTrajectoryZc1,ThrowTrajectoryZc2,PitchReleaseConfidence,PitchLocationConfidence,PitchMovementConfidence,HitLaunchConfidence,HitLandingConfidence,CatcherThrowCatchConfidence,CatcherThrowReleaseConfidence,CatcherThrowLocationConfidence,SpinAxis3dTransverseAngle,SpinAxis3dLongitudinalAngle,SpinAxis3dActiveSpinRate,SpinAxis3dSpinEfficiency,SpinAxis3dTilt,SpinAxis3dVectorX,SpinAxis3dVectorY,SpinAxis3dVectorZ,SpinAxis3dSeamOrientationRotationX,SpinAxis3dSeamOrientationRotationY,SpinAxis3dSeamOrientationRotationZ,SpinAxis3dSeamOrientationBallAngleHorizontalAmb1,SpinAxis3dSeamOrientationBallAngleVerticalAmb1,SpinAxis3dSeamOrientationBallXAmb1,SpinAxis3dSeamOrientationBallYAmb1,SpinAxis3dSeamOrientationBallZAmb1,SpinAxis3dSeamOrientationBallAngleHorizontalAmb2,SpinAxis3dSeamOrientationBallAngleVerticalAmb2,SpinAxis3dSeamOrientationBallXAmb2,SpinAxis3dSeamOrientationBallYAmb2,SpinAxis3dSeamOrientationBallZAmb2,SpinAxis3dSeamOrientationBallAngleHorizontalAmb3,SpinAxis3dSeamOrientationBallAngleVerticalAmb3,SpinAxis3dSeamOrientationBallXAmb3,SpinAxis3dSeamOrientationBallYAmb3,SpinAxis3dSeamOrientationBallZAmb3,SpinAxis3dSeamOrientationBallAngleHorizontalAmb4,SpinAxis3dSeamOrientationBallAngleVerticalAmb4,SpinAxis3dSeamOrientationBallXAmb4,SpinAxis3dSeamOrientationBallYAmb4,SpinAxis3dSeamOrientationBallZAmb4,BatSpeed,VerticalAttackAngle,HorizontalAttackAngle
1,2026-05-15,18:04:12.38,1,1,"Mudd, Tyler",809052,Left,BOC_EAG,"Kerce, Carson",812668,Right,GIT_YEL,Undefined,1,Top,0,0,0,Undefined,Sinker,Undefined,Undefined,Undefined,Undefined,0,0,,87.04843,-2.032336,4.021362,1980.658336,134.140674,10:30,5.1006,-1.94179,5.81054,-22.6006,14.82434,-13.93454,1.3219,0.6426,79.01889,-6.279949,1.531336,0.440303,,,,,,,,,,,,8.32969,8.55882,1.62011,50,4.92027,-8.27686,-125.99788,-5.18692,13.28579,27.46954,-18.52282,BOC_EAG,GIT_YEL,HarringtonVillage,D1,ACC,20260515-HarringtonVillage-2,022b98b0-50aa-11f1-bee8-67049bee457b,85.60563,,,8.02953,,,,,,,4293fdce-3634-4d91-8f36-83916a8b87e1,2026-05-15,22:04:12.38,2026-05-15T18:04:12.3850000-04:00,2026-05-15T22:04:12.3850000Z,,v3,227,100,26604,"Johnson, Gunnar",1000100233,Right,BOC_EAG,ce64cc72-a6bb-4029-b5e5-2eee8c0f001f,54.68722,-127.01566,13.73477,5.09973,-4.50063,-9.26141,1.9359,-8.76911,6.6429,,,,,,,,,,,,,,,,,,,,,,,,,,,,,,,,,,,,,,,,,,,,,,,,,,,High,High,High,,,,,,131.160562,-14.414808,1918.304944,0.968519,10:15,0.267079,0.737537,-0.620249,-62.239123,47.500718,-57.982295,100.792929,7.516846,0.973869,0.130818,-0.185651,35.170196,76.872943,0.130818,0.973869,0.185651,-35.170196,-76.872943,-0.130818,-0.973869,0.185651,-100.792929,-7.516846,-0.973869,-0.130818,-0.185651,,,
2,2026-05-15,18:04:23.94,1,2,"Mudd, Tyler",809052,Left,BOC_EAG,"Kerce, Carson",812668,Right,GIT_YEL,Undefined,1,Top,0,0,0,Undefined,Sinker,Undefined,Undefined,Undefined,Undefined,0,0,,88.95071,-2.051751,4.294731,2041.127682,131.593938,10:30,5.04085,-1.83052,5.90113,-21.83356,13.78233,-14.17587,1.31053,0.98251,80.9905,-6.152859,1.758603,0.42953,,,,,,,,,,,,8.49414,8.00741,1.49278,50,4.86295,-9.07091,-128.76938,-5.3159,14.20463,27.74517,-18.78335,BOC_EAG,GIT_YEL,HarringtonVillage,D1,ACC,20260515-HarringtonVillage-2,0906d0a0-50aa-11f1-bee8-67049bee457b,87.7528,,,7.96022,,,,,,,4293fdce-3634-4d91-8f36-83916a8b87e1,2026-05-15,22:04:23.94,2026-05-15T18:04:23.9400000-04:00,2026-05-15T22:04:23.9400000Z,,v3,227,100,26604,"Johnson, Gunnar",1000100233,Right,BOC_EAG,dd4ae3a6-7c0e-425e-8958-31ec2215d712,54.59684,-129.75605,13.87258,5.04012,-4.64793,-9.39167,1.82434,-9.57605,7.10232,,,,,,,,,,,,,,,,,,,,,,,,,,,,,,,,,,,,,,,,,,,,,,,,,,,High,High,High,,,,,,132.614181,-13.646079,1983.509869,0.971772,10:30,0.25885,0.723143,-0.640359,-65.015906,46.302833,-59.428346,101.533054,7.10613,0.972283,0.123708,-0.198397,31.944955,76.478762,0.123708,0.972283,0.198397,-31.944955,-76.478762,-0.123708,-0.972283,0.198397,-101.533054,-7.10613,-0.972283,-0.123708,-0.198397,,,
3,2026-05-15,18:04:36.19,1,3,"Mudd, Tyler",809052,Left,BOC_EAG,"Kerce, Carson",812668,Right,GIT_YEL,Undefined,1,Top,0,0,0,Undefined,Four-Seam,Undefined,Undefined,Undefined,Undefined,0,0,,87.80697,-4.506771,3.061896,2164.236859,157.669109,11:15,5.65039,-1.05688,5.92033,-12.84623,24.03143,-9.31268,0.38303,1.01115,79.41678,-7.014006,1.393091,0.437072,,,,,,,,,,,,5.77315,14.17186,0.81705,50,5.28146,-6.40746,-126.89405,-10.31788,9.29545,28.99672,-9.35574,BOC_EAG,GIT_YEL,HarringtonVillage,D1,ACC,20260515-HarringtonVillage-2,1052a4b0-50aa-11f1-bee8-67049bee457b,86.23848,,,8.39019,,,,,,,4293fdce-3634-4d91-8f36-83916a8b87e1,2026-05-15,22:04:36.19,2026-05-15T18:04:36.1940000-04:00,2026-05-15T22:04:36.1940000Z,,v3,227,100,26604,"Johnson, Gunnar",1000100233,Right,BOC_EAG,a4924e58-4bb7-424d-aa7a-1caac0b09c72,54.57773,-127.93583,14.49836,5.64612,-9.98175,-4.67787,1.05326,-6.74143,4.64773,,,,,,,,,,,,,,,,,,,,,,,,,,,,,,,,,,,,,,,,,,,,,,,,,,,High,High,High,,,,,,153.588764,-8.122405,2142.526281,0.989968,11:00,0.153458,0.450089,-0.879699,10.34944,-23.122165,54.087303,175.830635,-2.292759,0.072647,-0.040006,-0.996555,2.298837,-4.166021,0.040006,-0.072647,0.996555,-2.298837,4.166021,-0.040006,0.072647,0.996555,-175.830635,2.292759,-0.072647,0.040006,-0.996555,,,
4,2026-05-15,18:04:52.27,1,4,"Mudd, Tyler",809052,Left,BOC_EAG,"Kerce, Carson",812668,Right,GIT_YEL,Undefined,1,Top,0,0,0,Undefined,Four-Seam,Undefined,Undefined,Undefined,Undefined,0,0,,85.8262,-1.523279,1.970184,1961.647277,164.797922,11:30,5.72135,-1.1326,5.79088,-16.02706,23.09659,-5.84713,2.96757,0.21361,76.38557,-4.658268,0.923687,0.450185,,,,,,,,,,,,3.64327,12.68796,0.97375,50,5.58648,-4.01717,-124.16546,-3.68479,5.53592,31.04201,-12.89493,BOC_EAG,GIT_YEL,HarringtonVillage,D1,ACC,20260515-HarringtonVillage-2,19ecd590-50aa-11f1-bee8-67049bee457b,83.72657,,,9.44063,,,,,,,4293fdce-3634-4d91-8f36-83916a8b87e1,2026-05-15,22:04:52.27,2026-05-15T18:04:52.2780000-04:00,2026-05-15T22:04:52.2780000Z,,v3,227,100,26604,"Johnson, Gunnar",1000100233,Right,BOC_EAG,5438c918-12d1-4e1f-9f3e-a86b21ced801,54.70041,-125.33508,15.521,5.71617,-3.19892,-6.44747,1.12905,-4.22575,2.76796,,,,,,,,,,,,,,,,,,,,,,,,,,,,,,,,,,,,,,,,,,,,,,,,,,,High,High,High,,,,,,154.647655,-8.817599,1938.46324,0.988181,11:15,0.172605,0.427048,-0.887602,11.704385,-25.592876,48.933828,179.477053,-3.041215,0.009114,-0.053054,-0.99855,3.041342,-0.522211,0.053054,-0.009114,0.99855,-3.041342,0.522211,-0.053054,0.009114,0.99855,-179.477053,3.041215,-0.009114,0.053054,-0.99855,,,
5,2026-05-15,18:05:03.88,1,5,"Mudd, Tyler",809052,Left,BOC_EAG,"Kerce, Carson",812668,Right,GIT_YEL,Undefined,1,Top,0,0,0,Undefined,Sinker,Undefined,Undefined,Undefined,Undefined,0,0,,87.45034,-0.349152,3.491082,1981.804275,128.944171,10:15,5.15001,-1.73873,5.89711,-22.65714,14.51765,-16.26879,2.93716,0.15063,78.59647,-4.645263,0.577076,0.438829,92.31363,41.896614,24.761559,3950.002225,93.83756,88.3592,57.39767,310.13589,182.91129,41.478305,5.4918,9.45567,7.93126,1.4669,50,5.10908,-7.04155,-126.64339,-1.46527,15.10263,29.85596,-19.50625,BOC_EAG,GIT_YEL,HarringtonVillage,D1,ACC,20260515-HarringtonVillage-2,20e05070-50aa-11f1-bee8-67049bee457b,85.89318,109.27941,,8.85387,,,,1.11901,2.85794,-0.1929,4293fdce-3634-4d91-8f36-83916a8b87e1,2026-05-15,22:05:03.88,2026-05-15T18:05:03.8800000-04:00,2026-05-15T22:05:03.8800000Z,FlyBall,v3,227,100,26604,"Johnson, Gunnar",1000100233,Right,BOC_EAG,7c1621f5-ab28-430b-8cf0-3364ffc83774,54.5995,-127.72311,14.92798,5.14932,-0.75984,-9.75312,1.73143,-7.58772,7.55131,215.100813,1.13725,91.16752,-22.51218,3.9823,0.37022,-0.44632,0.11228,-0.01236,0.00052,2.85872,90.37558,-22.37479,1.40501,0.21525,-0.22454,0.06969,-0.00969,0.0005,-0.19389,42.22329,0.95184,-1.17598,0.36715,-0.08836,0.01838,-0.00245,0.00013,,,,,,,,,,,,,,,,,,,,,,,High,High,High,High,Medium,,,,136.117564,-12.748905,1932.945938,0.975347,10:30,0.25896,0.677424,-0.688503,-74.216987,44.504736,-77.298573,97.935769,2.971561,0.989092,0.05184,-0.137877,20.605687,81.52946,0.05184,0.989092,0.137877,-20.605687,-81.52946,-0.05184,-0.989092,0.137877,-97.935769,-2.971561,-0.989092,-0.05184,-0.137877,,,
20,2026-05-15,18:10:13.16,,,"Mudd, Tyler",809052,Left,BOC_EAG,"Kerce, Carson",812668,Right,GIT_YEL,Undefined,1,Top,0,0,0,Undefined,Slider,Undefined,Undefined,Undefined,Undefined,0,0,,77.40177,-1.762119,1.170214,2414.988792,274.756798,3:15,5.69525,-1.1403,5.52515,-45.98589,0.86228,5.43103,0.21487,0.40644,72.24361,-10.085458,2.141148,0.492627,,,,,,,,,,,,-2.48878,1.20228,1.03471,50,5.51067,-2.49585,-112.49197,-4.95376,-3.21749,18.70584,-30.61973,BOC_EAG,GIT_YEL,HarringtonVillage,D1,ACC,20260515-HarringtonVillage-2,a79d4820-50c8-11f1-bee8-67049bee457b,76.51322,,,5.15815,,,,,,,4293fdce-3634-4d91-8f36-83916a8b87e1,2026-05-15,22:10:13.16,2026-05-15T18:10:13.1672064-04:00,2026-05-15T22:10:13.1672064Z,,v3,227,100,26604,"Johnson, Gunnar",1000100233,Right,BOC_EAG,fd958d2c-9421-46ba-9a30-2e59b676150f,54.97671,-113.3165,9.35292,5.69928,-3.60407,-15.30987,1.14159,-2.35403,-1.60874,,,,,,,,,,,,,,,,,,,,,,,,,,,,,,,,,,,,,,,,,,,,,,,,,,,High,High,High,,,,,,349.047567,-82.220553,326.893275,0.13536,5:45,0.988198,0.004761,0.153108,-21.622624,12.25173,-42.067616,136.228226,42.938723,0.506446,0.681216,-0.528638,52.187789,30.427366,0.681216,0.506446,0.528638,-52.187789,-30.427366,-0.681216,-0.506446,0.528638,-136.228226,-42.938723,-0.506446,-0.681216,-0.528638,,,
21,2026-05-15,18:10:26.32,,,"Mudd, Tyler",809052,Left,BOC_EAG,"Kerce, Carson",812668,Right,GIT_YEL,Undefined,1,Top,0,0,0,Undefined,Changeup,Undefined,Undefined,Undefined,Undefined,0,0,,82.43424,-1.962791,0.372778,1497.601072,145.180414,10:45,5.87452,-1.12652,5.84445,-25.76434,16.00643,-10.07816,1.90271,-1.61993,74.58003,-6.809143,-1.435857,0.465166,,,,,,,,,,,,5.22146,9.24213,1.10188,50,5.69988,-0.36823,-119.48843,-4.85265,7.4411,26.09187,-19.00313,BOC_EAG,GIT_YEL,HarringtonVillage,D1,ACC,20260515-HarringtonVillage-2,a7a0f1a0-50c8-11f1-bee8-67049bee457b,81.03015,,,7.85421,,,,,,,4293fdce-3634-4d91-8f36-83916a8b87e1,2026-05-15,22:10:26.32,2026-05-15T18:10:26.3257088-04:00,2026-05-15T22:10:26.3257088Z,,v3,227,100,26604,"Johnson, Gunnar",1000100233,Right,BOC_EAG,a2a26929-65d5-4c54-8780-ca819e9c6bf4,54.64971,-120.49947,13.04594,5.87365,-4.11629,-9.50157,1.12174,-0.65657,3.72055,,,,,,,,,,,,,,,,,,,,,,,,,,,,,,,,,,,,,,,,,,,,,,,,,,,High,High,High,,,,,,150.837087,-0.673059,1497.497743,0.999931,11:00,0.000732,0.487377,-0.873191,-88.556564,-0.805059,-60.621331,104.011467,-25.892758,0.872847,-0.436688,-0.217811,63.49095,-60.791191,0.436688,-0.872847,0.217811,-63.49095,60.791191,-0.436688,0.872847,0.217811,-104.011467,25.892758,-0.872847,0.436688,-0.217811,,,
6,2026-05-15,18:05:36.56,1,6,"Mudd, Tyler",809052,Left,BOC_EAG,"Kerce, Carson",812668,Right,GIT_YEL,Undefined,1,Top,0,0,0,Undefined,Slider,Undefined,Undefined,Undefined,Undefined,0,0,,78.58184,1.527433,3.327293,2158.227276,247.11264,2:15,5.01292,-2.09876,5.56069,-43.27113,4.12091,5.22233,2.83676,1.44848,69.91554,-6.492755,4.255571,0.495478,,,,,,,,,,,,-1.36043,2.15465,1.80791,50,5.11763,-6.8126,-113.46618,1.61348,-1.71872,26.73929,-29.45194,BOC_EAG,GIT_YEL,HarringtonVillage,D1,ACC,20260515-HarringtonVillage-2,345eda90-50aa-11f1-bee8-67049bee457b,76.07296,,,8.66631,,,,,,,4293fdce-3634-4d91-8f36-83916a8b87e1,2026-05-15,22:05:36.56,2026-05-15T18:05:36.5630000-04:00,2026-05-15T22:05:36.5630000Z,,v3,227,100,26604,"Johnson, Gunnar",1000100233,Right,BOC_EAG,f9401204-e281-4ae1-88cf-c6ee6cbbb4b0,54.92992,-114.62207,13.36965,5.02037,2.88664,-14.72597,2.1008,-6.7383,-0.85936,,,,,,,,,,,,,,,,,,,,,,,,,,,,,,,,,,,,,,,,,,,,,,,,,,,High,High,High,,,,,,153.908315,-84.140412,220.335418,0.102091,11:15,0.999262,0.018368,-0.033747,-7.958045,47.332199,-48.660322,128.646661,27.566452,0.692347,0.462777,-0.553618,39.892749,43.816222,0.462777,0.692347,0.553618,-39.892749,-43.816222,-0.462777,-0.692347,0.553618,-128.646661,-27.566452,-0.692347,-0.462777,-0.553618,,,
7,2026-05-15,18:05:51.83,1,7,"Mudd, Tyler",809052,Left,BOC_EAG,"Kerce, Carson",812668,Right,GIT_YEL,Undefined,1,Top,0,0,0,Undefined,Slider,Undefined,Undefined,Undefined,Undefined,0,0,,80.18129,-0.284358,2.739025,2225.767633,293.647122,3:45,4.91979,-2.14376,5.54987,-45.51136,-0.07469,4.35307,0.86115,0.78043,71.70331,-8.65704,3.515136,0.485148,,,,,,,,,,,,-1.17724,0.57673,1.90366,50,4.86549,-5.72262,-115.95184,-2.10808,-1.55105,28.19213,-31.41419,BOC_EAG,GIT_YEL,HarringtonVillage,D1,ACC,20260515-HarringtonVillage-2,3d71b300-50aa-11f1-bee8-67049bee457b,77.69259,,,8.47798,,,,,,,4293fdce-3634-4d91-8f36-83916a8b87e1,2026-05-15,22:05:51.83,2026-05-15T18:05:51.8310000-04:00,2026-05-15T22:05:51.8310000Z,,v3,227,100,26604,"Johnson, Gunnar",1000100233,Right,BOC_EAG,61ff0b7f-a556-4f21-bb09-200dc7b5162b,54.94526,-117.14805,14.09607,4.92666,-0.77517,-15.70709,2.14508,-5.65681,-0.77552,,,,,,,,,,,,,,,,,,,,,,,,,,,,,,,,,,,,,,,,,,,,,,,,,,,High,High,High,,,,,,159.40438,-84.369527,218.374948,0.098112,11:15,0.998244,0.039452,-0.044189,-25.845123,45.942969,-54.563521,139.255127,24.315647,0.594792,0.411763,-0.690415,30.811824,36.497821,0.411763,0.594792,0.690415,-30.811824,-36.497821,-0.411763,-0.594792,0.690415,-139.255127,-24.315647,-0.594792,-0.411763,-0.690415,,,
8,2026-05-15,18:06:06.85,1,8,"Mudd, Tyler",809052,Left,BOC_EAG,"Kerce, Carson",812668,Right,GIT_YEL,Undefined,1,Top,0,0,0,Undefined,Sinker,Undefined,Undefined,Undefined,Undefined,0,0,,88.11746,-1.358056,2.90408,2109.614687,134.777922,10:30,5.11297,-1.79989,6.04485,-20.83722,15.58339,-14.34013,2.11739,-0.30398,79.23732,-5.330144,0.325893,0.434355,79.86732,59.900923,63.736757,4875.494684,23.54546,115.21938,107.4505,202.52191,77.13155,82.371271,5.156502,8.3478,8.85737,1.58125,50,4.996,-5.88374,-127.67084,-3.64009,13.53246,30.65952,-17.81558,BOC_EAG,GIT_YEL,HarringtonVillage,D1,ACC,20260515-HarringtonVillage-2,465935b0-50aa-11f1-bee8-67049bee457b,86.77791,115.3709,,8.88014,,,,1.87604,2.16008,0.30668,4293fdce-3634-4d91-8f36-83916a8b87e1,2026-05-15,22:06:06.85,2026-05-15T18:06:06.8560000-04:00,2026-05-15T22:06:06.8560000Z,Popup,v3,227,100,26604,"Johnson, Gunnar",1000100233,Right,BOC_EAG,7184b14b-b98c-429b-aa36-200d36daab51,54.45185,-128.73549,15.32976,5.11166,-3.02144,-8.90779,1.79372,-6.35366,6.76623,,1.89981,25.45785,-10.54487,-0.53957,2.99167,-1.60722,0.40907,-0.0511,0.00251,2.18181,100.92828,-26.46311,0.94321,1.15919,-0.58965,0.12633,-0.01275,0.00049,0.31599,52.52842,-3.00932,-0.34392,0.19272,0.03994,-0.03965,0.00811,-0.00053,,,,,,,,,,,,,,,,,,,,,,,High,High,High,Medium,Low,,,,136.262322,-17.733646,2009.371662,0.952483,10:30,0.323395,0.66554,-0.67266,-73.844938,51.844324,-84.469865,96.764383,7.967247,0.983454,0.138607,-0.11665,49.916498,79.562648,0.138607,0.983454,0.11665,-49.916498,-79.562648,-0.138607,-0.983454,0.11665,-96.764383,-7.967247,-0.983454,-0.138607,-0.11665,,,
9,2026-05-15,18:06:24.26,1,9,"Mudd, Tyler",809052,Left,BOC_EAG,"Kerce, Carson",812668,Right,GIT_YEL,Undefined,1,Top,0,0,0,Undefined,Slider,Undefined,Undefined,Undefined,Undefined,0,0,,80.48086,0.543883,2.859932,2313.540389,248.824258,2:15,5.01894,-1.91498,5.58771,-41.2992,2.42335,2.72965,2.08587,0.98528,73.82569,-7.024289,3.346281,0.475909,109.56177,5.976648,-67.157472,4067.585123,37.92568,4.19784,-103.25474,142.68987,106.53409,-71.563828,1.057014,-0.5865,1.42736,1.66739,50,5.03852,-5.93831,-116.76287,-0.26182,-0.80835,22.31671,-30.2067,BOC_EAG,GIT_YEL,HarringtonVillage,D1,ACC,20260515-HarringtonVillage-2,50ca8cb0-50aa-11f1-bee8-67049bee457b,79.2009,5.99336,,6.65517,,,,3.23459,2.34189,-0.80332,4293fdce-3634-4d91-8f36-83916a8b87e1,2026-05-15,22:06:24.26,2026-05-15T18:06:24.2610000-04:00,2026-05-15T22:06:24.2610000Z,GroundBall,v3,227,100,26604,"Johnson, Gunnar",1000100233,Right,BOC_EAG,7e6c4e01-35b0-483b-836d-6d3b27c331e7,54.91223,-117.69799,11.15836,5.02297,1.00391,-15.10335,1.9155,-5.90444,-0.40418,,3.23459,62.04087,-26.81017,6.82635,-1.87384,0.53904,-0.1509,0.03423,-0.00431,2.34189,16.73158,-20.29834,2.90177,-0.80847,0.23109,-0.06446,0.01469,-0.00185,-0.80332,-147.28328,24.05733,-6.24636,1.68642,-0.4849,0.1357,-0.03074,0.00387,,,,,,,,,,,,,,,,,,,,,,,High,High,High,Medium,Medium,,,,153.144594,-84.77714,210.601381,0.09103,11:00,0.999005,0.031667,-0.031407,-20.954441,41.215492,-49.076166,137.72975,29.679572,0.584385,0.495149,-0.642901,37.602714,35.759554,0.495149,0.584385,0.642901,-37.602714,-35.759554,-0.495149,-0.584385,0.642901,-137.72975,-29.679572,-0.584385,-0.495149,-0.642901,77.2752,20.73561,-36.41711
10,2026-05-15,18:06:54.32,1,10,"Mudd, Tyler",809052,Left,BOC_EAG,"Kerce, Carson",812668,Right,GIT_YEL,Undefined,1,Top,0,0,0,Undefined,Curveball,Undefined,Undefined,Undefined,Undefined,0,0,,77.15872,-2.49703,2.127873,2301.013481,308.215601,4:15,5.58245,-1.26874,5.35475,-50.29515,-1.59126,4.20874,-0.95375,1.07854,70.61522,-11.58385,2.878191,0.502289,,,,,,,,,,,,-1.46209,0.32224,1.07408,50,5.3213,-4.30756,-111.73634,-6.52988,-1.81629,23.39666,-31.77374,BOC_EAG,GIT_YEL,HarringtonVillage,D1,ACC,20260515-HarringtonVillage-2,62ea9840-50aa-11f1-bee8-67049bee457b,75.04141,,,6.54349,,,,,,,4293fdce-3634-4d91-8f36-83916a8b87e1,2026-05-15,22:06:54.32,2026-05-15T18:06:54.3280000-04:00,2026-05-15T22:06:54.3280000Z,,v3,227,100,26604,"Johnson, Gunnar",1000100233,Right,BOC_EAG,097cf7cb-80ad-42bf-9568-85261fc8a646,55.14597,-112.80872,11.69833,5.58721,-5.07354,-15.88687,1.26961,-4.22431,-0.90815,,,,,,,,,,,,,,,,,,,,,,,,,,,,,,,,,,,,,,,,,,,,,,,,,,,High,High,High,,,,,,353.80468,-85.232007,191.262897,0.083121,5:45,0.992229,0.034455,0.119559,-46.770537,-0.97432,-60.026372,144.00781,27.884985,0.519439,0.467698,-0.715151,33.184078,31.294627,0.467698,0.519439,0.715151,-33.184078,-31.294627,-0.467698,-0.519439,0.715151,-144.00781,-27.884985,-0.519439,-0.467698,-0.715151,,,
11,2026-05-15,18:07:14.89,1,11,"Mudd, Tyler",809052,Left,BOC_EAG,"Kerce, Carson",812668,Right,GIT_YEL,Undefined,1,Top,0,0,0,Undefined,Four-Seam,Undefined,Undefined,Undefined,Undefined,0,0,,87.93385,-2.16209,2.536151,2123.862323,158.914823,11:15,5.73417,-0.9474,6.03621,-15.27391,21.57706,-7.75808,2.45643,0.756,78.53378,-5.150088,1.141843,0.436914,,,,,,,,,,,,4.79256,12.17079,0.75312,50,5.55675,-5.29472,-127.21451,-5.15895,7.67203,31.72856,-12.69083,BOC_EAG,GIT_YEL,HarringtonVillage,D1,ACC,20260515-HarringtonVillage-2,6eeb1ac0-50aa-11f1-bee8-67049bee457b,86.26972,,,9.40006,,,,,,,4293fdce-3634-4d91-8f36-83916a8b87e1,2026-05-15,22:07:14.89,2026-05-15T18:07:14.8950000-04:00,2026-05-15T22:07:14.8950000Z,,v3,227,100,26604,"Johnson, Gunnar",1000100233,Right,BOC_EAG,569bf7f6-de36-47b4-91ca-66ce02328b9c,54.45478,-128.32077,15.86428,5.72891,-4.71647,-6.34542,0.94239,-5.56222,3.83602,,,,,,,,,,,,,,,,,,,,,,,,,,,,,,,,,,,,,,,,,,,,,,,,,,,High,High,High,,,,,,153.210453,-14.41472,2057.001517,0.968519,11:00,0.270322,0.445607,-0.85344,18.572615,-29.917849,35.432792,179.346581,6.646733,0.011327,0.115747,-0.993214,6.647161,0.649027,0.115747,0.011327,0.993214,-6.647161,-0.649027,-0.115747,-0.011327,0.993214,-179.346581,-6.646733,-0.011327,-0.115747,-0.993214,,,
12,2026-05-15,18:04:12.38,1,12,"Mudd, Tyler",809052,Left,BOC_EAG,"Kerce, Carson",812668,Right,GIT_YEL,Undefined,1,Top,0,0,0,Sinker,Sinker,BallCalled,Undefined,Undefined,Undefined,0,0,,87.04843,-2.032336,4.021362,1980.658336,134.140674,10:30,5.1006,-1.94179,5.81054,-22.6006,14.82434,-13.93454,1.3219,0.6426,79.01889,-6.279949,1.531336,0.440303,,,,,,,,,,,,8.32969,8.55882,1.62011,50,4.92027,-8.27686,-125.99788,-5.18692,13.28579,27.46954,-18.52282,BOC_EAG,GIT_YEL,HarringtonVillage,D1,ACC,20260515-HarringtonVillage-2,022b71a0-50aa-11f1-bbdc-cbe91f3b85ef,85.60563,,,8.02953,,,,,,,4293fdce-3634-4d91-8f36-83916a8b87e1,2026-05-15,22:04:12.38,2026-05-15T18:04:12.3850000-04:00,2026-05-15T22:04:12.3850000Z,,v3,227,100,26604,"Johnson, Gunnar",1000100233,Right,BOC_EAG,ce64cc72-a6bb-4029-b5e5-2eee8c0f001f,54.68722,-127.01566,13.73477,5.09973,-4.50063,-9.26141,1.9359,-8.76911,6.6429,,,,,,,,,,,,,,,,,,,,,,,,,,,,,,,,,,,,,,,,,,,,,,,,,,,High,High,High,,,,,,131.160562,-14.414808,1918.304944,0.968519,10:15,0.267079,0.737537,-0.620249,-62.239123,47.500718,-57.982295,100.792929,7.516846,0.973869,0.130818,-0.185651,35.170196,76.872943,0.130818,0.973869,0.185651,-35.170196,-76.872943,-0.130818,-0.973869,0.185651,-100.792929,-7.516846,-0.973869,-0.130818,-0.185651,,,
13,2026-05-15,18:07:35.47,1,13,"Mudd, Tyler",809052,Left,BOC_EAG,"Kerce, Carson",812668,Right,GIT_YEL,Undefined,1,Top,0,0,0,Undefined,Slider,Undefined,Undefined,Undefined,Undefined,0,0,,79.71865,-0.441505,2.359081,2355.394958,252.543687,2:30,5.12296,-1.91742,5.56419,-41.95392,2.98543,4.65862,1.21399,0.67589,72.72898,-8.132632,3.189992,0.482486,78.16403,-30.400027,-49.762217,,,,,6.43198,6.43198,-23.816366,0.027396,-1.6552,2.02662,1.71057,50,5.05711,-4.94103,-115.60156,-2.26971,-2.21617,23.67493,-29.46054,BOC_EAG,GIT_YEL,HarringtonVillage,D1,ACC,20260515-HarringtonVillage-2,7b374c40-50aa-11f1-bee8-67049bee457b,78.1213,1.5922,,6.98967,,,,4.13122,1.5922,-0.52561,4293fdce-3634-4d91-8f36-83916a8b87e1,2026-05-15,22:07:35.47,2026-05-15T18:07:35.4790000-04:00,2026-05-15T22:07:35.4790000Z,GroundBall,v3,227,100,26604,"Johnson, Gunnar",1000100233,Right,BOC_EAG,3e39f99f-0114-4807-9b17-d7df4bf56793,54.93503,-116.60786,11.83746,5.12697,-1.01749,-14.73027,1.91859,-4.84683,-1.10808,,4.1307,63.98986,,,,,,,,1.59268,-58.11907,,,,,,,,-0.52499,-75.62056,,,,,,,,,,,,,,,,,,,,,,,,,,,,,,High,High,High,Estimated,Estimated,,,,160.726179,-86.817919,130.746182,0.055509,11:15,0.999598,0.026016,-0.011262,-17.474019,41.272264,-42.683159,141.164191,33.14642,0.525048,0.54678,-0.652193,39.975535,31.671478,0.54678,0.525048,0.652193,-39.975535,-31.671478,-0.54678,-0.525048,0.652193,-141.164191,-33.14642,-0.525048,-0.54678,-0.652193,73.41726,20.35322,-36.78501
14,2026-05-15,18:04:23.94,1,14,"Mudd, Tyler",809052,Left,BOC_EAG,"Kerce, Carson",812668,Right,GIT_YEL,Undefined,1,Top,0,1,0,Sinker,Sinker,BallCalled,Undefined,Undefined,Undefined,0,0,,88.95071,-2.051751,4.294731,2041.127682,131.593938,10:30,5.04085,-1.83052,5.90113,-21.83356,13.78233,-14.17587,1.31053,0.98251,80.9905,-6.152859,1.758603,0.42953,,,,,,,,,,,,8.49414,8.00741,1.49278,50,4.86295,-9.07091,-128.76938,-5.3159,14.20463,27.74517,-18.78335,BOC_EAG,GIT_YEL,HarringtonVillage,D1,ACC,20260515-HarringtonVillage-2,0906d0a0-50aa-11f1-bbdc-cbe91f3b85ef,87.7528,,,7.96022,,,,,,,4293fdce-3634-4d91-8f36-83916a8b87e1,2026-05-15,22:04:23.94,2026-05-15T18:04:23.9400000-04:00,2026-05-15T22:04:23.9400000Z,,v3,227,100,26604,"Johnson, Gunnar",1000100233,Right,BOC_EAG,dd4ae3a6-7c0e-425e-8958-31ec2215d712,54.59684,-129.75605,13.87258,5.04012,-4.64793,-9.39167,1.82434,-9.57605,7.10232,,,,,,,,,,,,,,,,,,,,,,,,,,,,,,,,,,,,,,,,,,,,,,,,,,,High,High,High,,,,,,132.614181,-13.646079,1983.509869,0.971772,10:30,0.25885,0.723143,-0.640359,-65.015906,46.302833,-59.428346,101.533054,7.10613,0.972283,0.123708,-0.198397,31.944955,76.478762,0.123708,0.972283,0.198397,-31.944955,-76.478762,-0.123708,-0.972283,0.198397,-101.533054,-7.10613,-0.972283,-0.123708,-0.198397,,,
15,2026-05-15,18:08:07.85,1,15,"Mudd, Tyler",809052,Left,BOC_EAG,"Kerce, Carson",812668,Right,GIT_YEL,Undefined,1,Top,0,0,0,Undefined,Four-Seam,Undefined,Undefined,Undefined,Undefined,0,0,,87.6259,-2.924445,2.263586,2154.391461,166.797574,11:30,5.84081,-1.01992,6.0521,-13.71103,23.29647,-5.12776,1.98665,0.64921,78.52571,-5.622278,1.341629,0.437841,,,,,,,,,,,,3.38835,13.353,0.84647,50,5.60568,-4.7959,-126.79682,-6.77946,5.40024,31.00968,-10.8924,BOC_EAG,GIT_YEL,HarringtonVillage,D1,ACC,20260515-HarringtonVillage-2,8e7cc500-50aa-11f1-bee8-67049bee457b,86.0871,,,9.10019,,,,,,,4293fdce-3634-4d91-8f36-83916a8b87e1,2026-05-15,22:08:07.85,2026-05-15T18:08:07.8510000-04:00,2026-05-15T22:08:07.8510000Z,,v3,227,100,26604,"Johnson, Gunnar",1000100233,Right,BOC_EAG,78fc5c74-cdec-4bc0-9316-d416dc902e59,54.44167,-127.87847,15.50484,5.83553,-6.39952,-5.4462,1.01704,-4.98426,2.70012,,,,,,,,,,,,,,,,,,,,,,,,,,,,,,,,,,,,,,,,,,,,,,,,,,,High,High,High,,,,,,156.438635,-15.044107,2080.552495,0.965726,11:15,0.274306,0.398771,-0.875065,16.083904,-32.440602,35.490956,175.049446,6.482326,0.085744,0.112897,-0.9899,6.506391,4.918826,0.112897,0.085744,0.9899,-6.506391,-4.918826,-0.112897,-0.085744,0.9899,-175.049446,-6.482326,-0.085744,-0.112897,-0.9899,,,
16,2026-05-15,18:04:36.19,1,16,"Mudd, Tyler",809052,Left,BOC_EAG,"Kerce, Carson",812668,Right,GIT_YEL,Undefined,1,Top,0,1,0,Fastball,Four-Seam,BallCalled,Undefined,Undefined,Undefined,0,0,,87.80697,-4.506771,3.061896,2164.236859,157.669109,11:15,5.65039,-1.05688,5.92033,-12.84623,24.03143,-9.31268,0.38303,1.01115,79.41678,-7.014006,1.393091,0.437072,,,,,,,,,,,,5.77315,14.17186,0.81705,50,5.28146,-6.40746,-126.89405,-10.31788,9.29545,28.99672,-9.35574,BOC_EAG,GIT_YEL,HarringtonVillage,D1,ACC,20260515-HarringtonVillage-2,1052a4b0-50aa-11f1-bbdc-cbe91f3b85ef,86.23848,,,8.39019,,,,,,,4293fdce-3634-4d91-8f36-83916a8b87e1,2026-05-15,22:04:36.19,2026-05-15T18:04:36.1940000-04:00,2026-05-15T22:04:36.1940000Z,,v3,227,100,26604,"Johnson, Gunnar",1000100233,Right,BOC_EAG,a4924e58-4bb7-424d-aa7a-1caac0b09c72,54.57773,-127.93583,14.49836,5.64612,-9.98175,-4.67787,1.05326,-6.74143,4.64773,,,,,,,,,,,,,,,,,,,,,,,,,,,,,,,,,,,,,,,,,,,,,,,,,,,High,High,High,,,,,,153.588764,-8.122405,2142.526281,0.989968,11:00,0.153458,0.450089,-0.879699,10.34944,-23.122165,54.087303,175.830635,-2.292759,0.072647,-0.040006,-0.996555,2.298837,-4.166021,0.040006,-0.072647,0.996555,-2.298837,4.166021,-0.040006,0.072647,0.996555,-175.830635,2.292759,-0.072647,0.040006,-0.996555,,,
17,2026-05-15,18:08:20.28,1,17,"Mudd, Tyler",809052,Left,BOC_EAG,"Kerce, Carson",812668,Right,GIT_YEL,Undefined,1,Top,0,0,0,Undefined,Slider,Undefined,Undefined,Undefined,Undefined,0,0,,80.82847,-1.174771,3.616762,2332.56754,285.902829,3:30,5.17697,-1.89012,5.53273,-44.64467,0.17252,5.69201,0.35613,1.96947,72.47072,-9.355725,4.629939,0.48183,,,,,,,,,,,,-1.5139,1.08634,1.57195,50,5.04579,-7.61438,-116.7476,-3.92665,-2.02423,28.36811,-30.72152,BOC_EAG,GIT_YEL,HarringtonVillage,D1,ACC,20260515-HarringtonVillage-2,95ed5f20-50aa-11f1-bee8-67049bee457b,78.22772,,,8.35775,,,,,,,4293fdce-3634-4d91-8f36-83916a8b87e1,2026-05-15,22:08:20.28,2026-05-15T18:08:20.2860000-04:00,2026-05-15T22:08:20.2860000Z,,v3,227,100,26604,"Johnson, Gunnar",1000100233,Right,BOC_EAG,df293588-9ae6-4cac-addf-2b9fedf81ff0,54.96103,-117.94691,14.18406,5.18434,-2.62786,-15.36076,1.89205,-7.5288,-1.01211,,,,,,,,,,,,,,,,,,,,,,,,,,,,,,,,,,,,,,,,,,,,,,,,,,,High,High,High,,,,,,121.467177,-88.362902,66.638796,0.028569,10:00,0.997833,0.044856,0.048128,-16.922802,23.954328,-48.909981,127.715072,33.31043,0.661097,0.549175,-0.511232,47.049278,41.383583,0.549175,0.661097,0.511232,-47.049278,-41.383583,-0.549175,-0.661097,0.511232,-127.715072,-33.31043,-0.661097,-0.549175,-0.511232,,,
18,2026-05-15,18:04:52.27,1,18,"Mudd, Tyler",809052,Left,BOC_EAG,"Kerce, Carson",812668,Right,GIT_YEL,Undefined,1,Top,0,1,0,Fastball,Four-Seam,StrikeCalled,Undefined,Undefined,Undefined,0,0,,85.8262,-1.523279,1.970184,1961.647277,164.797922,11:30,5.72135,-1.1326,5.79088,-16.02706,23.09659,-5.84713,2.96757,0.21361,76.38557,-4.658268,0.923687,0.450185,,,,,,,,,,,,3.64327,12.68796,0.97375,50,5.58648,-4.01717,-124.16546,-3.68479,5.53592,31.04201,-12.89493,BOC_EAG,GIT_YEL,HarringtonVillage,D1,ACC,20260515-HarringtonVillage-2,19ecae80-50aa-11f1-bbdc-cbe91f3b85ef,83.72657,,,9.44063,,,,,,,4293fdce-3634-4d91-8f36-83916a8b87e1,2026-05-15,22:04:52.27,2026-05-15T18:04:52.2780000-04:00,2026-05-15T22:04:52.2780000Z,,v3,227,100,26604,"Johnson, Gunnar",1000100233,Right,BOC_EAG,5438c918-12d1-4e1f-9f3e-a86b21ced801,54.70041,-125.33508,15.521,5.71617,-3.19892,-6.44747,1.12905,-4.22575,2.76796,,,,,,,,,,,,,,,,,,,,,,,,,,,,,,,,,,,,,,,,,,,,,,,,,,,High,High,High,,,,,,154.647655,-8.817599,1938.46324,0.988181,11:15,0.172605,0.427048,-0.887602,11.704385,-25.592876,48.933828,179.477053,-3.041215,0.009114,-0.053054,-0.99855,3.041342,-0.522211,0.053054,-0.009114,0.99855,-3.041342,0.522211,-0.053054,0.009114,0.99855,-179.477053,3.041215,-0.009114,0.053054,-0.99855,,,
19,2026-05-15,18:08:33.83,1,19,"Mudd, Tyler",809052,Left,BOC_EAG,"Kerce, Carson",812668,Right,GIT_YEL,Undefined,1,Top,0,0,0,Undefined,Four-Seam,Undefined,Undefined,Undefined,Undefined,0,0,,88.41085,-3.484279,2.570146,2231.673192,169.89614,11:45,5.71186,-1.02643,6.01817,-13.08556,23.49694,-3.92563,1.38676,1.02869,78.98193,-6.06844,1.865109,0.43532,,,,,,,,,,,,2.90075,13.66536,0.827,50,5.43117,-5.56731,-127.77744,-8.06268,4.67834,32.33698,-10.1345,BOC_EAG,GIT_YEL,HarringtonVillage,D1,ACC,20260515-HarringtonVillage-2,9dfcd150-50aa-11f1-bee8-67049bee457b,86.58567,,,9.42892,,,,,,,4293fdce-3634-4d91-8f36-83916a8b87e1,2026-05-15,22:08:33.83,2026-05-15T18:08:33.8320000-04:00,2026-05-15T22:08:33.8320000Z,,v3,227,100,26604,"Johnson, Gunnar",1000100233,Right,BOC_EAG,6329f8e2-7f25-4d70-b1b0-3b9a4fd6f019,54.47493,-128.90495,16.16849,5.70614,-7.70931,-5.06725,1.02396,-5.73044,2.33917,,,,,,,,,,,,,,,,,,,,,,,,,,,,,,,,,,,,,,,,,,,,,,,,,,,High,High,High,,,,,,155.940506,-16.497732,2139.797381,0.958831,11:15,0.298695,0.407437,-0.863004,7.038186,-28.286137,44.002789,178.328389,-2.117576,0.029151,-0.03695,-0.998892,2.118477,-1.670469,0.03695,-0.029151,0.998892,-2.118477,1.670469,-0.03695,0.029151,0.998892,-178.328389,2.117576,-0.029151,0.03695,-0.998892,,,
20,2026-05-15,18:05:03.88,1,20,"Mudd, Tyler",809052,Left,BOC_EAG,"Kerce, Carson",812668,Right,GIT_YEL,Undefined,1,Top,0,1,0,Sinker,Sinker,InPlay,Undefined,FlyBall,Out,1,0,,87.45034,-0.349152,3.491082,1981.804275,128.944171,10:15,5.15001,-1.73873,5.89711,-22.65714,14.51765,-16.26879,2.93716,0.15063,78.59647,-4.645263,0.577076,0.438829,92.31363,41.896614,24.761559,3950.002225,93.83756,88.3592,57.39767,310.13589,182.91129,41.478305,5.4918,9.45567,7.93126,1.4669,50,5.10908,-7.04155,-126.64339,-1.46527,15.10263,29.85596,-19.50625,BOC_EAG,GIT_YEL,HarringtonVillage,D1,ACC,20260515-HarringtonVillage-2,20e02960-50aa-11f1-bbdc-cbe91f3b85ef,85.89318,109.27941,,8.85387,,,,1.11901,2.85794,-0.1929,4293fdce-3634-4d91-8f36-83916a8b87e1,2026-05-15,22:05:03.88,2026-05-15T18:05:03.8800000-04:00,2026-05-15T22:05:03.8800000Z,FlyBall,v3,227,100,26604,"Johnson, Gunnar",1000100233,Right,BOC_EAG,7c1621f5-ab28-430b-8cf0-3364ffc83774,54.5995,-127.72311,14.92798,5.14932,-0.75984,-9.75312,1.73143,-7.58772,7.55131,215.100813,1.13725,91.16752,-22.51218,3.9823,0.37022,-0.44632,0.11228,-0.01236,0.00052,2.85872,90.37558,-22.37479,1.40501,0.21525,-0.22454,0.06969,-0.00969,0.0005,-0.19389,42.22329,0.95184,-1.17598,0.36715,-0.08836,0.01838,-0.00245,0.00013,,,,,,,,,,,,,,,,,,,,,,,High,High,High,High,Medium,,,,136.117564,-12.748905,1932.945938,0.975347,10:30,0.25896,0.677424,-0.688503,-74.216987,44.504736,-77.298573,97.935769,2.971561,0.989092,0.05184,-0.137877,20.605687,81.52946,0.05184,0.989092,0.137877,-20.605687,-81.52946,-0.05184,-0.989092,0.137877,-97.935769,-2.971561,-0.989092,-0.05184,-0.137877,,,
21,2026-05-15,18:08:48.10,2,1,"Mudd, Tyler",809052,Left,BOC_EAG,"Kerce, Carson",812668,Right,GIT_YEL,Undefined,1,Top,0,0,0,Undefined,Four-Seam,Undefined,Undefined,Undefined,Undefined,0,0,,87.49526,-3.2125,2.661322,2218.337933,162.921263,11:30,5.80235,-1.04675,6.01038,-12.70272,24.63537,-7.10894,1.76136,0.82809,78.13223,-5.737096,1.38477,0.439792,75.49037,60.122918,-60.670457,4212.601593,36.87746,113.45898,-103.63403,203.99996,65.15294,-73.820364,5.286553,4.58823,14.20839,0.84163,50,5.54301,-5.58481,-126.51009,-7.36855,7.25028,31.81431,-9.72209,BOC_EAG,GIT_YEL,HarringtonVillage,D1,ACC,20260515-HarringtonVillage-2,a67df110-50aa-11f1-bee8-67049bee457b,85.70515,113.45919,,9.36302,,,,1.96378,1.81618,-0.8148,4293fdce-3634-4d91-8f36-83916a8b87e1,2026-05-15,22:08:48.10,2026-05-15T18:08:48.1020000-04:00,2026-05-15T22:08:48.1020000Z,Popup,v3,227,100,26604,"Johnson, Gunnar",1000100233,Right,BOC_EAG,fa3ac5bf-88e4-4b92-b99c-696938316792,54.48451,-127.63286,15.90716,5.797,-7.02545,-4.86104,1.04323,-5.84068,3.62514,,1.98663,26.51748,-7.1602,-1.30782,2.78937,-1.41114,0.35094,-0.04317,0.00209,1.80417,96.19974,-25.74107,3.54698,-0.92005,0.14351,-0.00031,-0.00295,0.00026,-0.80879,-48.18996,4.56095,-1.28673,0.51849,-0.17966,0.03863,-0.0044,0.0002,,,,,,,,,,,,,,,,,,,,,,,High,High,High,Medium,Low,,,,156.581642,-11.812657,2171.358396,0.978822,11:15,0.224098,0.399886,-0.888747,12.419774,-29.794538,43.199637,176.415311,4.438881,0.062336,0.077396,-0.99505,4.447548,3.573923,0.077396,0.062336,0.99505,-4.447548,-3.573923,-0.077396,-0.062336,0.99505,-176.415311,-4.438881,-0.062336,-0.077396,-0.99505,64.71269,13.16285,5.39135
22,2026-05-15,18:05:36.56,2,2,"Mudd, Tyler",809052,Left,BOC_EAG,"Burress, Drew",806039,Right,GIT_YEL,Undefined,1,Top,1,0,0,Slider,Slider,BallCalled,Undefined,Undefined,Undefined,0,0,,78.58184,1.527433,3.327293,2158.227276,247.11264,2:15,5.01292,-2.09876,5.56069,-43.27113,4.12091,5.22233,2.83676,1.44848,69.91554,-6.492755,4.255571,0.495478,,,,,,,,,,,,-1.36043,2.15465,1.80791,50,5.11763,-6.8126,-113.46618,1.61348,-1.71872,26.73929,-29.45194,BOC_EAG,GIT_YEL,HarringtonVillage,D1,ACC,20260515-HarringtonVillage-2,345eb380-50aa-11f1-bbdc-cbe91f3b85ef,76.07296,,,8.66631,,,,,,,4293fdce-3634-4d91-8f36-83916a8b87e1,2026-05-15,22:05:36.56,2026-05-15T18:05:36.5630000-04:00,2026-05-15T22:05:36.5630000Z,,v3,227,100,26604,"Johnson, Gunnar",1000100233,Right,BOC_EAG,f9401204-e281-4ae1-88cf-c6ee6cbbb4b0,54.92992,-114.62207,13.36965,5.02037,2.88664,-14.72597,2.1008,-6.7383,-0.85936,,,,,,,,,,,,,,,,,,,,,,,,,,,,,,,,,,,,,,,,,,,,,,,,,,,High,High,High,,,,,,153.908315,-84.140412,220.335418,0.102091,11:15,0.999262,0.018368,-0.033747,-7.958045,47.332199,-48.660322,128.646661,27.566452,0.692347,0.462777,-0.553618,39.892749,43.816222,0.462777,0.692347,0.553618,-39.892749,-43.816222,-0.462777,-0.692347,0.553618,-128.646661,-27.566452,-0.692347,-0.462777,-0.553618,,,
23,2026-05-15,18:09:07.96,2,3,"Mudd, Tyler",809052,Left,BOC_EAG,"Kerce, Carson",812668,Right,GIT_YEL,Undefined,1,Top,0,0,0,Undefined,Four-Seam,Undefined,Undefined,Undefined,Undefined,0,0,,87.50568,-1.909594,1.175601,2158.872347,159.263282,11:15,5.85748,-1.06227,6.1088,-14.01989,22.98446,-8.15587,2.92234,-0.6547,78.23082,-4.67728,-0.29386,0.437822,100.92438,23.840313,34.724837,2120.147276,86.869,44.1098,67.48105,355.14638,297.85696,44.176273,4.213566,4.62252,12.93611,0.97624,50,5.70364,-2.26857,-126.80787,-4.53986,7.34623,31.72812,-11.61552,BOC_EAG,GIT_YEL,HarringtonVillage,D1,ACC,20260515-HarringtonVillage-2,b2547d60-50aa-11f1-bee8-67049bee457b,86.09074,58.58948,,9.27486,,,,1.82169,3.04427,0.7172,4293fdce-3634-4d91-8f36-83916a8b87e1,2026-05-15,22:09:07.96,2026-05-15T18:09:07.9650000-04:00,2026-05-15T22:09:07.9650000Z,FlyBall,v3,227,100,26604,"Johnson, Gunnar",1000100233,Right,BOC_EAG,619bc04a-ce8d-4ff2-842c-ce8811815fad,54.38657,-127.90071,15.86406,5.85312,-4.13977,-5.80776,1.05874,-2.5216,3.67312,,1.82102,111.29739,-26.65494,7.33317,-1.94043,0.49739,-0.10885,0.01519,-0.0009,3.04527,59.80221,-17.19639,0.1576,0.51411,-0.25521,0.06972,-0.00952,0.0005,0.71688,77.13474,-5.70713,-0.05205,0.19865,-0.0274,-0.00717,0.00278,-0.00025,,,,,,,,,,,,,,,,,,,,,,,High,High,High,High,Medium,,,,159.189342,-15.605675,2079.287522,0.963136,11:15,0.27588,0.350958,-0.894829,16.187792,-22.157125,26.361917,177.966702,-5.105795,0.03534,-0.088995,-0.995405,5.108995,-2.025226,0.088995,-0.03534,0.995405,-5.108995,2.025226,-0.088995,0.03534,0.995405,-177.966702,5.105795,-0.03534,0.088995,-0.995405,,,
24,2026-05-15,18:05:51.83,2,4,"Mudd, Tyler",809052,Left,BOC_EAG,"Burress, Drew",806039,Right,GIT_YEL,Undefined,1,Top,1,1,0,Curveball,Slider,BallCalled,Undefined,Undefined,Undefined,0,0,,80.18129,-0.284358,2.739025,2225.767633,293.647122,3:45,4.91979,-2.14376,5.54987,-45.51136,-0.07469,4.35307,0.86115,0.78043,71.70331,-8.65704,3.515136,0.485148,,,,,,,,,,,,-1.17724,0.57673,1.90366,50,4.86549,-5.72262,-115.95184,-2.10808,-1.55105,28.19213,-31.41419,BOC_EAG,GIT_YEL,HarringtonVillage,D1,ACC,20260515-HarringtonVillage-2,3d71b300-50aa-11f1-bbdc-cbe91f3b85ef,77.69259,,,8.47798,,,,,,,4293fdce-3634-4d91-8f36-83916a8b87e1,2026-05-15,22:05:51.83,2026-05-15T18:05:51.8310000-04:00,2026-05-15T22:05:51.8310000Z,,v3,227,100,26604,"Johnson, Gunnar",1000100233,Right,BOC_EAG,61ff0b7f-a556-4f21-bb09-200dc7b5162b,54.94526,-117.14805,14.09607,4.92666,-0.77517,-15.70709,2.14508,-5.65681,-0.77552,,,,,,,,,,,,,,,,,,,,,,,,,,,,,,,,,,,,,,,,,,,,,,,,,,,High,High,High,,,,,,159.40438,-84.369527,218.374948,0.098112,11:15,0.998244,0.039452,-0.044189,-25.845123,45.942969,-54.563521,139.255127,24.315647,0.594792,0.411763,-0.690415,30.811824,36.497821,0.411763,0.594792,0.690415,-30.811824,-36.497821,-0.411763,-0.594792,0.690415,-139.255127,-24.315647,-0.594792,-0.411763,-0.690415,,,
25,2026-05-15,18:09:51.15,2,5,"Mudd, Tyler",809052,Left,BOC_EAG,"Kerce, Carson",812668,Right,GIT_YEL,Undefined,1,Top,0,0,0,Undefined,Slider,Undefined,Undefined,Undefined,Undefined,0,0,,76.58322,-0.359084,1.39779,2233.522519,280.382197,3:15,5.79445,-1.24795,5.40826,-48.729,0.38618,7.25032,1.39717,0.66611,69.79384,-9.249884,2.68957,0.504405,,,,,,,,,,,,-3.20831,0.79823,1.1183,50,5.72858,-2.98834,-111.03646,-2.29865,-3.94946,22.47465,-31.19141,BOC_EAG,GIT_YEL,HarringtonVillage,D1,ACC,20260515-HarringtonVillage-2,cc19eeb0-50aa-11f1-bee8-67049bee457b,74.72655,,,6.78938,,,,,,,4293fdce-3634-4d91-8f36-83916a8b87e1,2026-05-15,22:09:51.15,2026-05-15T18:09:51.1510000-04:00,2026-05-15T22:09:51.1510000Z,,v3,227,100,26604,"Johnson, Gunnar",1000100233,Right,BOC_EAG,34c8bfbd-744e-4bdd-9d81-7434c334c011,55.08964,-112.06191,11.23732,5.80099,-0.87548,-15.59571,1.25053,-2.80814,-1.97473,,,,,,,,,,,,,,,,,,,,,,,,,,,,,,,,,,,,,,,,,,,,,,,,,,,High,High,High,,,,,,331.179176,-85.42395,178.195453,0.079782,5:00,0.995032,-0.032213,0.0942,-37.856411,3.633911,-52.217851,137.790356,38.873268,0.523056,0.6276,-0.576655,47.422398,31.53745,0.6276,0.523056,0.576655,-47.422398,-31.53745,-0.6276,-0.523056,0.576655,-137.790356,-38.873268,-0.523056,-0.6276,-0.576655,,,
26,2026-05-15,18:06:06.85,2,6,"Mudd, Tyler",809052,Left,BOC_EAG,"Burress, Drew",806039,Right,GIT_YEL,Undefined,1,Top,1,2,0,Sinker,Sinker,FoulBallNotFieldable,Undefined,Undefined,Undefined,0,0,,88.11746,-1.358056,2.90408,2109.614687,134.777922,10:30,5.11297,-1.79989,6.04485,-20.83722,15.58339,-14.34013,2.11739,-0.30398,79.23732,-5.330144,0.325893,0.434355,79.86732,59.900923,63.736757,4875.494684,23.54546,115.21938,107.4505,202.52191,77.13155,82.371271,5.156502,8.3478,8.85737,1.58125,50,4.996,-5.88374,-127.67084,-3.64009,13.53246,30.65952,-17.81558,BOC_EAG,GIT_YEL,HarringtonVillage,D1,ACC,20260515-HarringtonVillage-2,46590ea0-50aa-11f1-bbdc-cbe91f3b85ef,86.77791,115.3709,,8.88014,,,,1.87604,2.16008,0.30668,4293fdce-3634-4d91-8f36-83916a8b87e1,2026-05-15,22:06:06.85,2026-05-15T18:06:06.8560000-04:00,2026-05-15T22:06:06.8560000Z,Popup,v3,227,100,26604,"Johnson, Gunnar",1000100233,Right,BOC_EAG,7184b14b-b98c-429b-aa36-200d36daab51,54.45185,-128.73549,15.32976,5.11166,-3.02144,-8.90779,1.79372,-6.35366,6.76623,,1.89981,25.45785,-10.54487,-0.53957,2.99167,-1.60722,0.40907,-0.0511,0.00251,2.18181,100.92828,-26.46311,0.94321,1.15919,-0.58965,0.12633,-0.01275,0.00049,0.31599,52.52842,-3.00932,-0.34392,0.19272,0.03994,-0.03965,0.00811,-0.00053,,,,,,,,,,,,,,,,,,,,,,,High,High,High,Medium,Low,,,,136.262322,-17.733646,2009.371662,0.952483,10:30,0.323395,0.66554,-0.67266,-73.844938,51.844324,-84.469865,96.764383,7.967247,0.983454,0.138607,-0.11665,49.916498,79.562648,0.138607,0.983454,0.11665,-49.916498,-79.562648,-0.138607,-0.983454,0.11665,-96.764383,-7.967247,-0.983454,-0.138607,-0.11665,,,
27,2026-05-15,18:10:02.24,2,7,"Mudd, Tyler",809052,Left,BOC_EAG,"Kerce, Carson",812668,Right,GIT_YEL,Undefined,1,Top,0,0,0,Undefined,Slider,Undefined,Undefined,Undefined,Undefined,0,0,,76.3055,-0.568898,0.631287,2339.298006,284.715366,3:30,5.72881,-1.21058,5.55773,-48.43644,-0.36815,6.50044,1.16087,-0.07904,71.11802,-9.363943,1.793655,0.499,,,,,,,,,,,,-3.16008,0.3176,1.15157,50,5.64723,-1.45907,-110.96993,-2.65754,-3.9779,18.09091,-31.77426,BOC_EAG,GIT_YEL,HarringtonVillage,D1,ACC,20260515-HarringtonVillage-2,d2bfbec0-50aa-11f1-bee8-67049bee457b,75.53591,,,5.18747,,,,,,,4293fdce-3634-4d91-8f36-83916a8b87e1,2026-05-15,22:10:02.24,2026-05-15T18:10:02.2460000-04:00,2026-05-15T22:10:02.2460000Z,,v3,227,100,26604,"Johnson, Gunnar",1000100233,Right,BOC_EAG,51f4159b-b01e-440e-adf1-5ae33c7f92dd,54.94387,-111.77301,9.04545,5.73389,-1.24706,-15.88713,1.21242,-1.28249,-1.98895,,,,,,,,,,,,,,,,,,,,,,,,,,,,,,,,,,,,,,,,,,,,,,,,,,,High,High,High,,,,,,340.360404,-82.476321,306.298137,0.130936,5:15,0.99036,-0.034162,0.134239,-26.422473,10.886682,-46.789652,137.18337,41.684808,0.507576,0.665032,-0.547813,50.520399,30.502481,0.665032,0.507576,0.547813,-50.520399,-30.502481,-0.665032,-0.507576,0.547813,-137.18337,-41.684808,-0.507576,-0.665032,-0.547813,,,
28,2026-05-15,18:06:24.26,2,8,"Mudd, Tyler",809052,Left,BOC_EAG,"Burress, Drew",806039,Right,GIT_YEL,Undefined,1,Top,1,2,1,Curveball,Slider,FoulBallFieldable,Undefined,Undefined,Undefined,0,0,,80.48086,0.543883,2.859932,2313.540389,248.824258,2:15,5.01894,-1.91498,5.58771,-41.2992,2.42335,2.72965,2.08587,0.98528,73.82569,-7.024289,3.346281,0.475909,109.56177,5.976648,-67.157472,4067.585123,37.92568,4.19784,-103.25474,142.68987,106.53409,-71.563828,1.057014,-0.5865,1.42736,1.66739,50,5.03852,-5.93831,-116.76287,-0.26182,-0.80835,22.31671,-30.2067,BOC_EAG,GIT_YEL,HarringtonVillage,D1,ACC,20260515-HarringtonVillage-2,50c95430-50aa-11f1-bbdc-cbe91f3b85ef,79.2009,5.99336,,6.65517,,,,3.23459,2.34189,-0.80332,4293fdce-3634-4d91-8f36-83916a8b87e1,2026-05-15,22:06:24.26,2026-05-15T18:06:24.2610000-04:00,2026-05-15T22:06:24.2610000Z,GroundBall,v3,227,100,26604,"Johnson, Gunnar",1000100233,Right,BOC_EAG,7e6c4e01-35b0-483b-836d-6d3b27c331e7,54.91223,-117.69799,11.15836,5.02297,1.00391,-15.10335,1.9155,-5.90444,-0.40418,,3.23459,62.04087,-26.81017,6.82635,-1.87384,0.53904,-0.1509,0.03423,-0.00431,2.34189,16.73158,-20.29834,2.90177,-0.80847,0.23109,-0.06446,0.01469,-0.00185,-0.80332,-147.28328,24.05733,-6.24636,1.68642,-0.4849,0.1357,-0.03074,0.00387,,,,,,,,,,,,,,,,,,,,,,,High,High,High,Medium,Medium,,,,153.144594,-84.77714,210.601381,0.09103,11:00,0.999005,0.031667,-0.031407,-20.954441,41.215492,-49.076166,137.72975,29.679572,0.584385,0.495149,-0.642901,37.602714,35.759554,0.495149,0.584385,0.642901,-37.602714,-35.759554,-0.495149,-0.584385,0.642901,-137.72975,-29.679572,-0.584385,-0.495149,-0.642901,77.2752,20.73561,-36.41711
29,2026-05-15,18:06:54.32,2,9,"Mudd, Tyler",809052,Left,BOC_EAG,"Burress, Drew",806039,Right,GIT_YEL,Undefined,1,Top,1,2,2,Curveball,Curveball,BallCalled,Undefined,Undefined,Undefined,0,0,,77.15872,-2.49703,2.127873,2301.013481,308.215601,4:15,5.58245,-1.26874,5.35475,-50.29515,-1.59126,4.20874,-0.95375,1.07854,70.61522,-11.58385,2.878191,0.502289,,,,,,,,,,,,-1.46209,0.32224,1.07408,50,5.3213,-4.30756,-111.73634,-6.52988,-1.81629,23.39666,-31.77374,BOC_EAG,GIT_YEL,HarringtonVillage,D1,ACC,20260515-HarringtonVillage-2,62ad6830-50aa-11f1-bbdc-cbe91f3b85ef,75.04141,,,6.54349,,,,,,,4293fdce-3634-4d91-8f36-83916a8b87e1,2026-05-15,22:06:54.32,2026-05-15T18:06:54.3280000-04:00,2026-05-15T22:06:54.3280000Z,,v3,227,100,26604,"Johnson, Gunnar",1000100233,Right,BOC_EAG,097cf7cb-80ad-42bf-9568-85261fc8a646,55.14597,-112.80872,11.69833,5.58721,-5.07354,-15.88687,1.26961,-4.22431,-0.90815,,,,,,,,,,,,,,,,,,,,,,,,,,,,,,,,,,,,,,,,,,,,,,,,,,,High,High,High,,,,,,353.80468,-85.232007,191.262897,0.083121,5:45,0.992229,0.034455,0.119559,-46.770537,-0.97432,-60.026372,144.00781,27.884985,0.519439,0.467698,-0.715151,33.184078,31.294627,0.467698,0.519439,0.715151,-33.184078,-31.294627,-0.467698,-0.519439,0.715151,-144.00781,-27.884985,-0.519439,-0.467698,-0.715151,,,
30,2026-05-15,18:07:14.89,2,10,"Mudd, Tyler",809052,Left,BOC_EAG,"Burress, Drew",806039,Right,GIT_YEL,Undefined,1,Top,1,3,2,Sinker,Four-Seam,FoulBallNotFieldable,Undefined,Undefined,Undefined,0,0,,87.93385,-2.16209,2.536151,2123.862323,158.914823,11:15,5.73417,-0.9474,6.03621,-15.27391,21.57706,-7.75808,2.45643,0.756,78.53378,-5.150088,1.141843,0.436914,,,,,,,,,,,,4.79256,12.17079,0.75312,50,5.55675,-5.29472,-127.21451,-5.15895,7.67203,31.72856,-12.69083,BOC_EAG,GIT_YEL,HarringtonVillage,D1,ACC,20260515-HarringtonVillage-2,6ee9bb30-50aa-11f1-bbdc-cbe91f3b85ef,86.26972,,,9.40006,,,,,,,4293fdce-3634-4d91-8f36-83916a8b87e1,2026-05-15,22:07:14.89,2026-05-15T18:07:14.8950000-04:00,2026-05-15T22:07:14.8950000Z,,v3,227,100,26604,"Johnson, Gunnar",1000100233,Right,BOC_EAG,569bf7f6-de36-47b4-91ca-66ce02328b9c,54.45478,-128.32077,15.86428,5.72891,-4.71647,-6.34542,0.94239,-5.56222,3.83602,,,,,,,,,,,,,,,,,,,,,,,,,,,,,,,,,,,,,,,,,,,,,,,,,,,High,High,High,,,,,,153.210453,-14.41472,2057.001517,0.968519,11:00,0.270322,0.445607,-0.85344,18.572615,-29.917849,35.432792,179.346581,6.646733,0.011327,0.115747,-0.993214,6.647161,0.649027,0.115747,0.011327,0.993214,-6.647161,-0.649027,-0.115747,-0.011327,0.993214,-179.346581,-6.646733,-0.011327,-0.115747,-0.993214,,,
31,2026-05-15,18:07:35.47,2,11,"Mudd, Tyler",809052,Left,BOC_EAG,"Burress, Drew",806039,Right,GIT_YEL,Undefined,1,Top,1,3,2,Slider,Slider,InPlay,Undefined,GroundBall,Out,1,0,,79.71865,-0.441505,2.359081,2355.394958,252.543687,2:30,5.12296,-1.91742,5.56419,-41.95392,2.98543,4.65862,1.21399,0.67589,72.72898,-8.132632,3.189992,0.482486,78.16403,-30.400027,-49.762217,,,,,6.43198,6.43198,-23.816366,0.027396,-1.6552,2.02662,1.71057,50,5.05711,-4.94103,-115.60156,-2.26971,-2.21617,23.67493,-29.46054,BOC_EAG,GIT_YEL,HarringtonVillage,D1,ACC,20260515-HarringtonVillage-2,7b34b430-50aa-11f1-bbdc-cbe91f3b85ef,78.1213,1.5922,,6.98967,,,,4.13122,1.5922,-0.52561,4293fdce-3634-4d91-8f36-83916a8b87e1,2026-05-15,22:07:35.47,2026-05-15T18:07:35.4790000-04:00,2026-05-15T22:07:35.4790000Z,GroundBall,v3,227,100,26604,"Johnson, Gunnar",1000100233,Right,BOC_EAG,3e39f99f-0114-4807-9b17-d7df4bf56793,54.93503,-116.60786,11.83746,5.12697,-1.01749,-14.73027,1.91859,-4.84683,-1.10808,,4.1307,63.98986,,,,,,,,1.59268,-58.11907,,,,,,,,-0.52499,-75.62056,,,,,,,,,,,,,,,,,,,,,,,,,,,,,,High,High,High,Estimated,Estimated,,,,160.726179,-86.817919,130.746182,0.055509,11:15,0.999598,0.026016,-0.011262,-17.474019,41.272264,-42.683159,141.164191,33.14642,0.525048,0.54678,-0.652193,39.975535,31.671478,0.54678,0.525048,0.652193,-39.975535,-31.671478,-0.54678,-0.525048,0.652193,-141.164191,-33.14642,-0.525048,-0.54678,-0.652193,73.41726,20.35322,-36.78501
32,2026-05-15,18:08:07.85,3,1,"Mudd, Tyler",809052,Left,BOC_EAG,"Advincula, Jarren",814181,Left,GIT_YEL,Undefined,1,Top,1,0,0,Fastball,Four-Seam,StrikeCalled,Undefined,Undefined,Undefined,0,0,,87.6259,-2.924445,2.263586,2154.391461,166.797574,11:30,5.84081,-1.01992,6.0521,-13.71103,23.29647,-5.12776,1.98665,0.64921,78.52571,-5.622278,1.341629,0.437841,,,,,,,,,,,,3.38835,13.353,0.84647,50,5.60568,-4.7959,-126.79682,-6.77946,5.40024,31.00968,-10.8924,BOC_EAG,GIT_YEL,HarringtonVillage,D1,ACC,20260515-HarringtonVillage-2,8e7b6570-50aa-11f1-bbdc-cbe91f3b85ef,86.0871,,,9.10019,,,,,,,4293fdce-3634-4d91-8f36-83916a8b87e1,2026-05-15,22:08:07.85,2026-05-15T18:08:07.8510000-04:00,2026-05-15T22:08:07.8510000Z,,v3,227,100,26604,"Johnson, Gunnar",1000100233,Right,BOC_EAG,78fc5c74-cdec-4bc0-9316-d416dc902e59,54.44167,-127.87847,15.50484,5.83553,-6.39952,-5.4462,1.01704,-4.98426,2.70012,,,,,,,,,,,,,,,,,,,,,,,,,,,,,,,,,,,,,,,,,,,,,,,,,,,High,High,High,,,,,,156.438635,-15.044107,2080.552495,0.965726,11:15,0.274306,0.398771,-0.875065,16.083904,-32.440602,35.490956,175.049446,6.482326,0.085744,0.112897,-0.9899,6.506391,4.918826,0.112897,0.085744,0.9899,-6.506391,-4.918826,-0.112897,-0.085744,0.9899,-175.049446,-6.482326,-0.085744,-0.112897,-0.9899,,,
33,2026-05-15,18:08:20.28,3,2,"Mudd, Tyler",809052,Left,BOC_EAG,"Advincula, Jarren",814181,Left,GIT_YEL,Undefined,1,Top,1,0,1,Slider,Slider,BallCalled,Undefined,Undefined,Undefined,0,0,,80.82847,-1.174771,3.616762,2332.56754,285.902829,3:30,5.17697,-1.89012,5.53273,-44.64467,0.17252,5.69201,0.35613,1.96947,72.47072,-9.355725,4.629939,0.48183,,,,,,,,,,,,-1.5139,1.08634,1.57195,50,5.04579,-7.61438,-116.7476,-3.92665,-2.02423,28.36811,-30.72152,BOC_EAG,GIT_YEL,HarringtonVillage,D1,ACC,20260515-HarringtonVillage-2,95ed5f20-50aa-11f1-bbdc-cbe91f3b85ef,78.22772,,,8.35775,,,,,,,4293fdce-3634-4d91-8f36-83916a8b87e1,2026-05-15,22:08:20.28,2026-05-15T18:08:20.2860000-04:00,2026-05-15T22:08:20.2860000Z,,v3,227,100,26604,"Johnson, Gunnar",1000100233,Right,BOC_EAG,df293588-9ae6-4cac-addf-2b9fedf81ff0,54.96103,-117.94691,14.18406,5.18434,-2.62786,-15.36076,1.89205,-7.5288,-1.01211,,,,,,,,,,,,,,,,,,,,,,,,,,,,,,,,,,,,,,,,,,,,,,,,,,,High,High,High,,,,,,121.467177,-88.362902,66.638796,0.028569,10:00,0.997833,0.044856,0.048128,-16.922802,23.954328,-48.909981,127.715072,33.31043,0.661097,0.549175,-0.511232,47.049278,41.383583,0.549175,0.661097,0.511232,-47.049278,-41.383583,-0.549175,-0.661097,0.511232,-127.715072,-33.31043,-0.661097,-0.549175,-0.511232,,,
34,2026-05-15,18:08:33.83,3,3,"Mudd, Tyler",809052,Left,BOC_EAG,"Advincula, Jarren",814181,Left,GIT_YEL,Undefined,1,Top,1,1,1,Fastball,Four-Seam,BallCalled,Undefined,Undefined,Undefined,0,0,,88.41085,-3.484279,2.570146,2231.673192,169.89614,11:45,5.71186,-1.02643,6.01817,-13.08556,23.49694,-3.92563,1.38676,1.02869,78.98193,-6.06844,1.865109,0.43532,,,,,,,,,,,,2.90075,13.66536,0.827,50,5.43117,-5.56731,-127.77744,-8.06268,4.67834,32.33698,-10.1345,BOC_EAG,GIT_YEL,HarringtonVillage,D1,ACC,20260515-HarringtonVillage-2,9dfc8330-50aa-11f1-bbdc-cbe91f3b85ef,86.58567,,,9.42892,,,,,,,4293fdce-3634-4d91-8f36-83916a8b87e1,2026-05-15,22:08:33.83,2026-05-15T18:08:33.8320000-04:00,2026-05-15T22:08:33.8320000Z,,v3,227,100,26604,"Johnson, Gunnar",1000100233,Right,BOC_EAG,6329f8e2-7f25-4d70-b1b0-3b9a4fd6f019,54.47493,-128.90495,16.16849,5.70614,-7.70931,-5.06725,1.02396,-5.73044,2.33917,,,,,,,,,,,,,,,,,,,,,,,,,,,,,,,,,,,,,,,,,,,,,,,,,,,High,High,High,,,,,,155.940506,-16.497732,2139.797381,0.958831,11:15,0.298695,0.407437,-0.863004,7.038186,-28.286137,44.002789,178.328389,-2.117576,0.029151,-0.03695,-0.998892,2.118477,-1.670469,0.03695,-0.029151,0.998892,-2.118477,1.670469,-0.03695,0.029151,0.998892,-178.328389,2.117576,-0.029151,0.03695,-0.998892,,,
35,2026-05-15,18:08:48.10,3,4,"Mudd, Tyler",809052,Left,BOC_EAG,"Advincula, Jarren",814181,Left,GIT_YEL,Undefined,1,Top,1,2,1,Fastball,Four-Seam,StrikeCalled,Undefined,Undefined,Undefined,0,0,,87.49526,-3.2125,2.661322,2218.337933,162.921263,11:30,5.80235,-1.04675,6.01038,-12.70272,24.63537,-7.10894,1.76136,0.82809,78.13223,-5.737096,1.38477,0.439792,75.49037,60.122918,-60.670457,4212.601593,36.87746,113.45898,-103.63403,203.99996,65.15294,-73.820364,5.286553,4.58823,14.20839,0.84163,50,5.54301,-5.58481,-126.51009,-7.36855,7.25028,31.81431,-9.72209,BOC_EAG,GIT_YEL,HarringtonVillage,D1,ACC,20260515-HarringtonVillage-2,a67df110-50aa-11f1-bbdc-cbe91f3b85ef,85.70515,113.45919,,9.36302,,,,1.96378,1.81618,-0.8148,4293fdce-3634-4d91-8f36-83916a8b87e1,2026-05-15,22:08:48.10,2026-05-15T18:08:48.1020000-04:00,2026-05-15T22:08:48.1020000Z,Popup,v3,227,100,26604,"Johnson, Gunnar",1000100233,Right,BOC_EAG,fa3ac5bf-88e4-4b92-b99c-696938316792,54.48451,-127.63286,15.90716,5.797,-7.02545,-4.86104,1.04323,-5.84068,3.62514,,1.98663,26.51748,-7.1602,-1.30782,2.78937,-1.41114,0.35094,-0.04317,0.00209,1.80417,96.19974,-25.74107,3.54698,-0.92005,0.14351,-0.00031,-0.00295,0.00026,-0.80879,-48.18996,4.56095,-1.28673,0.51849,-0.17966,0.03863,-0.0044,0.0002,,,,,,,,,,,,,,,,,,,,,,,High,High,High,Medium,Low,,,,156.581642,-11.812657,2171.358396,0.978822,11:15,0.224098,0.399886,-0.888747,12.419774,-29.794538,43.199637,176.415311,4.438881,0.062336,0.077396,-0.99505,4.447548,3.573923,0.077396,0.062336,0.99505,-4.447548,-3.573923,-0.077396,-0.062336,0.99505,-176.415311,-4.438881,-0.062336,-0.077396,-0.99505,64.71269,13.16285,5.39135
36,2026-05-15,18:09:07.96,3,5,"Mudd, Tyler",809052,Left,BOC_EAG,"Advincula, Jarren",814181,Left,GIT_YEL,Undefined,1,Top,1,2,2,Fastball,Four-Seam,InPlay,Undefined,LineDrive,HomeRun,0,1,,87.50568,-1.909594,1.175601,2158.872347,159.263282,11:15,5.85748,-1.06227,6.1088,-14.01989,22.98446,-8.15587,2.92234,-0.6547,78.23082,-4.67728,-0.29386,0.437822,100.92438,23.840313,34.724837,2120.147276,86.869,44.1098,67.48105,355.14638,297.85696,44.176273,4.213566,4.62252,12.93611,0.97624,50,5.70364,-2.26857,-126.80787,-4.53986,7.34623,31.72812,-11.61552,BOC_EAG,GIT_YEL,HarringtonVillage,D1,ACC,20260515-HarringtonVillage-2,b2525a80-50aa-11f1-bbdc-cbe91f3b85ef,86.09074,58.58948,,9.27486,,,,1.82169,3.04427,0.7172,4293fdce-3634-4d91-8f36-83916a8b87e1,2026-05-15,22:09:07.96,2026-05-15T18:09:07.9650000-04:00,2026-05-15T22:09:07.9650000Z,FlyBall,v3,227,100,26604,"Johnson, Gunnar",1000100233,Right,BOC_EAG,619bc04a-ce8d-4ff2-842c-ce8811815fad,54.38657,-127.90071,15.86406,5.85312,-4.13977,-5.80776,1.05874,-2.5216,3.67312,,1.82102,111.29739,-26.65494,7.33317,-1.94043,0.49739,-0.10885,0.01519,-0.0009,3.04527,59.80221,-17.19639,0.1576,0.51411,-0.25521,0.06972,-0.00952,0.0005,0.71688,77.13474,-5.70713,-0.05205,0.19865,-0.0274,-0.00717,0.00278,-0.00025,,,,,,,,,,,,,,,,,,,,,,,High,High,High,High,Medium,,,,159.189342,-15.605675,2079.287522,0.963136,11:15,0.27588,0.350958,-0.894829,16.187792,-22.157125,26.361917,177.966702,-5.105795,0.03534,-0.088995,-0.995405,5.108995,-2.025226,0.088995,-0.03534,0.995405,-5.108995,2.025226,-0.088995,0.03534,0.995405,-177.966702,5.105795,-0.03534,0.088995,-0.995405,,,
37,2026-05-15,18:09:51.15,4,1,"Mudd, Tyler",809052,Left,BOC_EAG,"Lackey, Vahn",822518,Right,GIT_YEL,Undefined,1,Top,1,0,0,Curveball,Slider,StrikeSwinging,Undefined,Undefined,Undefined,0,0,,76.58322,-0.359084,1.39779,2233.522519,280.382197,3:15,5.79445,-1.24795,5.40826,-48.729,0.38618,7.25032,1.39717,0.66611,69.79384,-9.249884,2.68957,0.504405,,,,,,,,,,,,-3.20831,0.79823,1.1183,50,5.72858,-2.98834,-111.03646,-2.29865,-3.94946,22.47465,-31.19141,BOC_EAG,GIT_YEL,HarringtonVillage,D1,ACC,20260515-HarringtonVillage-2,cc19a090-50aa-11f1-bbdc-cbe91f3b85ef,74.72655,,,6.78938,,,,,,,4293fdce-3634-4d91-8f36-83916a8b87e1,2026-05-15,22:09:51.15,2026-05-15T18:09:51.1510000-04:00,2026-05-15T22:09:51.1510000Z,,v3,227,100,26604,"Johnson, Gunnar",1000100233,Right,BOC_EAG,34c8bfbd-744e-4bdd-9d81-7434c334c011,55.08964,-112.06191,11.23732,5.80099,-0.87548,-15.59571,1.25053,-2.80814,-1.97473,,,,,,,,,,,,,,,,,,,,,,,,,,,,,,,,,,,,,,,,,,,,,,,,,,,High,High,High,,,,,,331.179176,-85.42395,178.195453,0.079782,5:00,0.995032,-0.032213,0.0942,-37.856411,3.633911,-52.217851,137.790356,38.873268,0.523056,0.6276,-0.576655,47.422398,31.53745,0.6276,0.523056,0.576655,-47.422398,-31.53745,-0.6276,-0.523056,0.576655,-137.790356,-38.873268,-0.523056,-0.6276,-0.576655,,,
38,2026-05-15,18:10:02.24,4,2,"Mudd, Tyler",809052,Left,BOC_EAG,"Lackey, Vahn",822518,Right,GIT_YEL,Undefined,1,Top,1,0,0,Curveball,Slider,StrikeSwinging,Undefined,Undefined,Undefined,0,0,,76.3055,-0.568898,0.631287,2339.298006,284.715366,3:30,5.72881,-1.21058,5.55773,-48.43644,-0.36815,6.50044,1.16087,-0.07904,71.11802,-9.363943,1.793655,0.499,,,,,,,,,,,,-3.16008,0.3176,1.15157,50,5.64723,-1.45907,-110.96993,-2.65754,-3.9779,18.09091,-31.77426,BOC_EAG,GIT_YEL,HarringtonVillage,D1,ACC,20260515-HarringtonVillage-2,d2badcc0-50aa-11f1-bbdc-cbe91f3b85ef,75.53591,,,5.18747,,,,,,,4293fdce-3634-4d91-8f36-83916a8b87e1,2026-05-15,22:10:02.24,2026-05-15T18:10:02.2460000-04:00,2026-05-15T22:10:02.2460000Z,,v3,227,100,26604,"Johnson, Gunnar",1000100233,Right,BOC_EAG,51f4159b-b01e-440e-adf1-5ae33c7f92dd,54.94387,-111.77301,9.04545,5.73389,-1.24706,-15.88713,1.21242,-1.28249,-1.98895,,,,,,,,,,,,,,,,,,,,,,,,,,,,,,,,,,,,,,,,,,,,,,,,,,,High,High,High,,,,,,340.360404,-82.476321,306.298137,0.130936,5:15,0.99036,-0.034162,0.134239,-26.422473,10.886682,-46.789652,137.18337,41.684808,0.507576,0.665032,-0.547813,50.520399,30.502481,0.665032,0.507576,0.547813,-50.520399,-30.502481,-0.665032,-0.507576,0.547813,-137.18337,-41.684808,-0.507576,-0.665032,-0.547813,,,
39,2026-05-15,18:10:13.16,4,3,"Mudd, Tyler",809052,Left,BOC_EAG,"Lackey, Vahn",822518,Right,GIT_YEL,Undefined,1,Top,1,0,0,Curveball,Slider,BallCalled,Undefined,Undefined,Undefined,0,0,,77.40177,-1.762119,1.170214,2414.988792,274.756798,3:15,5.69525,-1.1403,5.52515,-45.98589,0.86228,5.43103,0.21487,0.40644,72.24361,-10.085458,2.141148,0.492627,,,,,,,,,,,,-2.48878,1.20228,1.03471,50,5.51067,-2.49585,-112.49197,-4.95376,-3.21749,18.70584,-30.61973,BOC_EAG,GIT_YEL,HarringtonVillage,D1,ACC,20260515-HarringtonVillage-2,d9318680-50aa-11f1-bbdc-cbe91f3b85ef,76.51322,,,5.15815,,,,,,,4293fdce-3634-4d91-8f36-83916a8b87e1,2026-05-15,22:10:13.16,2026-05-15T18:10:13.1670000-04:00,2026-05-15T22:10:13.1670000Z,,v3,227,100,26604,"Johnson, Gunnar",1000100233,Right,BOC_EAG,fd958d2c-9421-46ba-9a30-2e59b676150f,54.97671,-113.3165,9.35292,5.69928,-3.60407,-15.30987,1.14159,-2.35403,-1.60874,,,,,,,,,,,,,,,,,,,,,,,,,,,,,,,,,,,,,,,,,,,,,,,,,,,High,High,High,,,,,,349.047567,-82.220553,326.893275,0.13536,5:45,0.988198,0.004761,0.153108,-21.622624,12.25173,-42.067616,136.228226,42.938723,0.506446,0.681216,-0.528638,52.187789,30.427366,0.681216,0.506446,0.528638,-52.187789,-30.427366,-0.681216,-0.506446,0.528638,-136.228226,-42.938723,-0.506446,-0.681216,-0.528638,,,
40,2026-05-15,18:10:26.32,4,4,"Mudd, Tyler",809052,Left,BOC_EAG,"Lackey, Vahn",822518,Right,GIT_YEL,Undefined,1,Top,1,1,0,ChangeUp,Changeup,BallCalled,Undefined,Undefined,Undefined,0,0,,82.43424,-1.962791,0.372778,1497.601072,145.180414,10:45,5.87452,-1.12652,5.84445,-25.76434,16.00643,-10.07816,1.90271,-1.61993,74.58003,-6.809143,-1.435857,0.465166,,,,,,,,,,,,5.22146,9.24213,1.10188,50,5.69988,-0.36823,-119.48843,-4.85265,7.4411,26.09187,-19.00313,BOC_EAG,GIT_YEL,HarringtonVillage,D1,ACC,20260515-HarringtonVillage-2,e10ffda0-50aa-11f1-bbdc-cbe91f3b85ef,81.03015,,,7.85421,,,,,,,4293fdce-3634-4d91-8f36-83916a8b87e1,2026-05-15,22:10:26.32,2026-05-15T18:10:26.3250000-04:00,2026-05-15T22:10:26.3250000Z,,v3,227,100,26604,"Johnson, Gunnar",1000100233,Right,BOC_EAG,a2a26929-65d5-4c54-8780-ca819e9c6bf4,54.64971,-120.49947,13.04594,5.87365,-4.11629,-9.50157,1.12174,-0.65657,3.72055,,,,,,,,,,,,,,,,,,,,,,,,,,,,,,,,,,,,,,,,,,,,,,,,,,,High,High,High,,,,,,150.837087,-0.673059,1497.497743,0.999931,11:00,0.000732,0.487377,-0.873191,-88.556564,-0.805059,-60.621331,104.011467,-25.892758,0.872847,-0.436688,-0.217811,63.49095,-60.791191,0.436688,-0.872847,0.217811,-63.49095,60.791191,-0.436688,0.872847,0.217811,-104.011467,25.892758,-0.872847,0.436688,-0.217811,,,
41,2026-05-15,18:10:37.52,4,5,"Mudd, Tyler",809052,Left,BOC_EAG,"Lackey, Vahn",822518,Right,GIT_YEL,Undefined,1,Top,1,1,0,ChangeUp,Changeup,FoulBallNotFieldable,Undefined,Undefined,Undefined,0,0,,82.23346,-2.098724,1.459603,1653.32935,154.777808,11:15,5.8677,-1.04928,5.69999,-23.10919,18.84166,-8.19304,1.98478,-0.37164,74.79778,-6.448466,-0.005868,0.466167,,,,,,,,,,,,4.6461,10.65989,0.93218,50,5.67746,-2.71834,-119.25224,-5.04947,6.635,24.70993,-16.95085,BOC_EAG,GIT_YEL,HarringtonVillage,D1,ACC,20260515-HarringtonVillage-2,e7b42000-50aa-11f1-bbdc-cbe91f3b85ef,80.85605,,,7.43568,,,,,,,4293fdce-3634-4d91-8f36-83916a8b87e1,2026-05-15,22:10:37.52,2026-05-15T18:10:37.5290000-04:00,2026-05-15T22:10:37.5290000Z,,v3,227,100,26604,"Johnson, Gunnar",1000100233,Right,BOC_EAG,c47b41b0-abc7-4c74-87d9-4c73cbae82af,54.79818,-120.24235,12.35496,5.86618,-4.37026,-8.47542,1.04643,-2.9842,3.3175,,,,,,,,,,,,,,,,,,,,,,,,,,,,,,,,,,,,,,,,,,,,,,,,,,,High,High,High,,,,,,150.487001,-6.427903,1642.93572,0.993714,11:00,0.115948,0.493296,-0.862099,-81.792922,-1.32598,-57.355069,104.88668,-21.865024,0.896914,-0.372421,-0.238427,57.372302,-63.755356,0.372421,-0.896914,0.238427,-57.372302,63.755356,-0.372421,0.896914,0.238427,-104.88668,21.865024,-0.896914,0.372421,-0.238427,,,
42,2026-05-15,18:10:53.03,4,6,"Mudd, Tyler",809052,Left,BOC_EAG,"Lackey, Vahn",822518,Right,GIT_YEL,Undefined,1,Top,1,1,0,Curveball,Slider,BallCalled,Undefined,Undefined,Undefined,0,0,,77.21731,-0.661385,0.775588,2279.736894,285.338843,3:30,5.7209,-1.26792,5.56788,-47.77144,0.07626,5.64579,1.12204,-0.07289,70.60445,-9.391861,1.785315,0.497854,,,,,,,,,,,,-2.62957,0.69221,1.19722,50,5.6325,-1.72988,-112.04916,-2.84118,-3.30663,22.30471,-31.30362,BOC_EAG,GIT_YEL,HarringtonVillage,D1,ACC,20260515-HarringtonVillage-2,f0fc8760-50aa-11f1-bbdc-cbe91f3b85ef,75.70983,,,6.61286,,,,,,,4293fdce-3634-4d91-8f36-83916a8b87e1,2026-05-15,22:10:53.03,2026-05-15T18:10:53.0380000-04:00,2026-05-15T22:10:53.0380000Z,,v3,227,100,26604,"Johnson, Gunnar",1000100233,Right,BOC_EAG,4862d276-82b0-4a95-ad74-43d22d0d829c,54.93085,-113.02644,11.15236,5.72694,-1.46961,-15.65181,1.26985,-1.585,-1.65331,,,,,,,,,,,,,,,,,,,,,,,,,,,,,,,,,,,,,,,,,,,,,,,,,,,High,High,High,,,,,,4.04848,-83.234089,268.583013,0.117813,6:15,0.991192,0.01978,0.130948,-27.700001,13.900543,-48.419303,138.152373,36.362877,0.537243,0.592897,-0.599869,44.665102,32.496142,0.592897,0.537243,0.599869,-44.665102,-32.496142,-0.592897,-0.537243,0.599869,-138.152373,-36.362877,-0.537243,-0.592897,-0.599869,,,
43,2026-05-15,18:11:05.94,4,7,"Mudd, Tyler",809052,Left,BOC_EAG,"Lackey, Vahn",822518,Right,GIT_YEL,Undefined,1,Top,1,2,0,Slider,Slider,BallCalled,Undefined,Undefined,Undefined,0,0,,80.39436,-0.107584,2.49209,2303.925546,276.207717,3:15,5.17074,-1.90956,5.51437,-43.97211,0.88953,7.35209,1.40571,1.03486,72.43702,-8.182282,3.801824,0.482069,,,,,,,,,,,,-2.84236,0.97705,1.68723,50,5.13224,-5.36256,-116.37897,-1.70949,-3.80673,26.62176,-30.86551,BOC_EAG,GIT_YEL,HarringtonVillage,D1,ACC,20260515-HarringtonVillage-2,f8a8f200-50aa-11f1-bbdc-cbe91f3b85ef,78.18893,,,7.95734,,,,,,,4293fdce-3634-4d91-8f36-83916a8b87e1,2026-05-15,22:11:05.94,2026-05-15T18:11:05.9460000-04:00,2026-05-15T22:11:05.9460000Z,,v3,227,100,26604,"Johnson, Gunnar",1000100233,Right,BOC_EAG,fd5cc731-429e-43d8-984f-a4401c9ec8c7,54.98163,-117.513,13.31088,5.17706,-0.39469,-15.43276,1.91221,-5.2004,-1.90337,,,,,,,,,,,,,,,,,,,,,,,,,,,,,,,,,,,,,,,,,,,,,,,,,,,High,High,High,,,,,,155.759442,-86.92046,123.772049,0.053722,11:15,0.999698,0.023932,-0.005522,-22.832454,33.560246,-50.990447,135.660816,30.798055,0.600343,0.512014,-0.614353,39.808464,36.894478,0.512014,0.600343,0.614353,-39.808464,-36.894478,-0.512014,-0.600343,0.614353,-135.660816,-30.798055,-0.600343,-0.512014,-0.614353,,,
44,2026-05-15,18:11:36.65,4,8,"Mudd, Tyler",809052,Left,BOC_EAG,"Lackey, Vahn",822518,Right,GIT_YEL,Undefined,1,Top,1,3,0,ChangeUp,Curveball,BallCalled,Walk,Undefined,Undefined,0,0,,76.06428,0.469889,0.201959,2221.029865,304.475186,4:15,5.7533,-1.46299,5.19093,-52.55582,-1.9563,5.62449,1.8157,-0.8043,68.65362,-9.111456,1.200641,0.51197,,,,,,,,,,,,-2.71768,-0.53276,1.43987,50,5.75761,-0.61462,-110.1568,-0.89056,-3.26552,23.60058,-32.81421,BOC_EAG,GIT_YEL,HarringtonVillage,D1,ACC,20260515-HarringtonVillage-2,0afd5400-50ab-11f1-bbdc-cbe91f3b85ef,73.62235,,,7.41066,,,,,,,4293fdce-3634-4d91-8f36-83916a8b87e1,2026-05-15,22:11:36.65,2026-05-15T18:11:36.6520000-04:00,2026-05-15T22:11:36.6520000Z,,v3,227,100,26604,"Johnson, Gunnar",1000100233,Right,BOC_EAG,ec7e7397-afbf-475e-910b-ca816f1ad215,55.3048,-111.28752,11.80029,5.76262,0.6816,-16.4071,1.46556,-0.45816,-1.63276,,,,,,,,,,,,,,,,,,,,,,,,,,,,,,,,,,,,,,,,,,,,,,,,,,,High,High,High,,,,,,333.787088,-80.989247,347.857332,0.15662,5:15,0.986557,-0.077278,0.143991,-39.026009,-0.947061,-56.868434,138.714205,37.301632,0.524854,0.606011,-0.597728,45.394258,31.658432,0.606011,0.524854,0.597728,-45.394258,-31.658432,-0.606011,-0.524854,0.597728,-138.714205,-37.301632,-0.524854,-0.606011,-0.597728,,,
45,2026-05-15,18:11:54.19,5,1,"Mudd, Tyler",809052,Left,BOC_EAG,"Zuckerman, Ryan",822871,Right,GIT_YEL,Undefined,1,Top,1,3,0,Curveball,Four-Seam,StrikeSwinging,Undefined,Undefined,Undefined,0,0,,88.17484,-1.676722,1.872401,2210.906316,162.652797,11:30,5.79576,-1.07474,5.8884,-13.52048,22.87978,-6.73882,3.11087,0.10291,79.55228,-4.32089,0.663984,0.434234,78.69889,63.121549,118.172675,4167.657253,,,,,19.67502,,,4.0537,12.63575,0.92773,50,5.65301,-3.89746,-127.8388,-4.07172,6.61913,29.62534,-11.54161,BOC_EAG,GIT_YEL,HarringtonVillage,D1,ACC,20260515-HarringtonVillage-2,15631240-50ab-11f1-bbdc-cbe91f3b85ef,86.80218,37.64177,,8.62256,,,,1.30593,2.94884,-0.11883,4293fdce-3634-4d91-8f36-83916a8b87e1,2026-05-15,22:11:54.19,2026-05-15T18:11:54.1970000-04:00,2026-05-15T22:11:54.1970000Z,,v3,227,100,26604,"Johnson, Gunnar",1000100233,Right,BOC_EAG,3f7936fb-8693-4ea4-8795-c4c2cb9887b6,54.60852,-128.90235,14.81267,5.79174,-3.65738,-5.7708,1.07192,-4.13509,3.30956,340.315759,1.31923,-25.10066,-7.48316,,,,,,,2.96636,102.35236,-34.34386,,,,,,,-0.11884,46.00406,-4.06847,,,,,,,,,,,,,,,,,,,,,,,,,,,,,High,High,High,High,Undefined,,,,157.18426,-19.821967,2079.911947,0.940751,11:15,0.356437,0.37456,-0.855954,21.348762,-26.294609,17.322766,178.504744,-6.778938,0.025912,-0.118039,-0.992671,6.781226,-1.4848,0.118039,-0.025912,0.992671,-6.781226,1.4848,-0.118039,0.025912,0.992671,-178.504744,6.778938,-0.025912,0.118039,-0.992671,83.71595,20.45542,1.59376
46,2026-05-15,18:12:15.58,5,2,"Mudd, Tyler",809052,Left,BOC_EAG,"Zuckerman, Ryan",822871,Right,GIT_YEL,Undefined,1,Top,1,3,1,Fastball,Four-Seam,StrikeSwinging,Undefined,Undefined,Undefined,0,0,,88.13157,0.206111,1.958597,2156.331917,147.84787,11:00,5.76828,-1.09347,5.84446,-16.61631,19.35285,-11.46371,4.57524,-0.22794,80.49515,-2.966579,-0.09543,0.431655,,,,,,,,,,,,6.37154,10.15816,0.94071,50,5.7753,-3.89102,-127.98629,-0.00824,10.58769,25.96323,-15.29405,BOC_EAG,GIT_YEL,HarringtonVillage,D1,ACC,20260515-HarringtonVillage-2,2222c610-50ab-11f1-bbdc-cbe91f3b85ef,87.32082,,,7.63641,,,,,,,4293fdce-3634-4d91-8f36-83916a8b87e1,2026-05-15,22:12:15.58,2026-05-15T18:12:15.5870000-04:00,2026-05-15T22:12:15.5870000Z,,v3,227,100,26604,"Johnson, Gunnar",1000100233,Right,BOC_EAG,340a33e4-36ea-4fa3-acce-5692f8735758,54.65318,-128.92678,12.98161,5.76556,0.54576,-7.64702,1.08861,-4.27454,5.29385,,,,,,,,,,,,,,,,,,,,,,,,,,,,,,,,,,,,,,,,,,,,,,,,,,,High,High,High,,,,,,154.53655,-17.295238,2058.83447,0.954786,11:15,0.328058,0.409424,-0.851323,21.618824,-18.187581,17.077078,171.553992,-4.219838,0.146479,-0.073584,-0.986473,4.265935,-8.422945,0.073584,-0.146479,0.986473,-4.265935,8.422945,-0.073584,0.146479,0.986473,-171.553992,4.219838,-0.146479,0.073584,-0.986473,,,
47,2026-05-15,18:12:30.20,5,3,"Mudd, Tyler",809052,Left,BOC_EAG,"Zuckerman, Ryan",822871,Right,GIT_YEL,Undefined,1,Top,1,3,2,ChangeUp,Changeup,FoulBallNotFieldable,Undefined,Undefined,Undefined,0,0,,82.16012,-2.055974,1.705867,1612.261421,148.345932,11:00,5.89385,-1.14563,5.51644,-23.33671,18.36694,-10.55359,2.02505,-0.42959,75.80413,-6.395303,-0.175216,0.464792,57.90025,-64.631347,-125.400855,,,,,2.8536,3.35848,-8.609696,0.029925,5.8302,10.21536,1.00454,50,5.69921,-3.13837,-119.29674,-5.00931,8.46551,21.32412,-17.34123,BOC_EAG,GIT_YEL,HarringtonVillage,D1,ACC,20260515-HarringtonVillage-2,2aed23d0-50ab-11f1-bbdc-cbe91f3b85ef,81.09534,2.3077,,6.356,,,,3.45532,2.3077,0.46474,4293fdce-3634-4d91-8f36-83916a8b87e1,2026-05-15,22:12:30.20,2026-05-15T18:12:30.2080000-04:00,2026-05-15T22:12:30.2080000Z,GroundBall,v3,227,100,26604,"Johnson, Gunnar",1000100233,Right,BOC_EAG,1c2c5420-791e-4fe5-918d-434100bb117b,54.98373,-120.18427,10.66206,5.89268,-4.28755,-8.67062,1.14249,-3.49071,4.23275,,3.45583,-21.18228,,,,,,,,2.30955,-77.11609,,,,,,,,0.46545,-29.80542,,,,,,,,,,,,,,,,,,,,,,,,,,,,,,High,High,High,Low,Low,,,,152.682795,1.045056,1611.99324,0.999834,11:00,-0.008228,0.45789,-0.888971,-78.834294,0.517293,-49.605794,96.88386,-20.251618,0.931418,-0.346144,-0.112448,72.003155,-68.657,0.346144,-0.931418,0.112448,-72.003155,68.657,-0.346144,0.931418,0.112448,-96.88386,20.251618,-0.931418,0.346144,-0.112448,83.13233,23.48953,-10.3413
48,2026-05-15,18:13:20.35,5,4,"Mudd, Tyler",809052,Left,BOC_EAG,"Zuckerman, Ryan",822871,Right,GIT_YEL,Undefined,1,Top,1,3,2,Fastball,Four-Seam,FoulBallNotFieldable,Undefined,Undefined,Undefined,0,0,,87.83083,-2.389857,1.836828,2187.562306,163.497716,11:30,5.81002,-1.15156,5.82794,-13.62178,22.793,-6.398,2.45085,0.02336,80.11405,-5.02202,0.690741,0.43432,73.83521,46.341433,133.256356,5172.394231,,,,,44.89098,,,3.80784,12.70847,1.00542,50,5.60686,-3.82174,-127.41816,-5.67052,6.24654,26.7089,-11.32646,BOC_EAG,GIT_YEL,HarringtonVillage,D1,ACC,20260515-HarringtonVillage-2,48bf43c0-50ab-11f1-bbdc-cbe91f3b85ef,86.78487,39.17678,,7.71678,,,,1.40687,2.57267,0.14387,4293fdce-3634-4d91-8f36-83916a8b87e1,2026-05-15,22:13:20.35,2026-05-15T18:13:20.3530000-04:00,2026-05-15T22:13:20.3530000Z,,v3,227,100,26604,"Johnson, Gunnar",1000100233,Right,BOC_EAG,1e15dd90-ffa9-4721-85f5-25c630d7f215,54.67053,-128.39345,13.35445,5.80637,-5.25693,-5.66323,1.14914,-4.04983,3.12327,,1.40687,-51.23034,-4.03456,3.32169,-1.0967,0.32231,-0.08377,0.02075,-0.00319,2.57267,78.34525,-34.99147,5.74428,-1.21569,0.23322,-0.0439,0.00868,-0.00097,0.14387,54.44735,-6.07282,-0.16107,0.26489,-0.11969,0.03551,-0.00996,0.00173,,,,,,,,,,,,,,,,,,,,,,,High,High,High,Medium,Undefined,,,,157.003183,-16.378413,2098.791641,0.95942,11:15,0.294277,0.386259,-0.874189,20.874841,-33.978646,30.001866,173.189457,9.950887,0.116803,0.172804,-0.978006,10.020174,6.707613,0.172804,0.116803,0.978006,-10.020174,-6.707613,-0.172804,-0.116803,0.978006,-173.189457,-9.950887,-0.116803,-0.172804,-0.978006,80.24764,15.67727,1.5781
49,2026-05-15,18:13:38.65,5,5,"Mudd, Tyler",809052,Left,BOC_EAG,"Zuckerman, Ryan",822871,Right,GIT_YEL,Undefined,1,Top,1,3,2,Fastball,Four-Seam,StrikeSwinging,Strikeout,Undefined,Undefined,0,0,,87.36828,-1.270829,2.55647,2164.284467,157.234648,11:15,5.83002,-1.10161,5.76573,-14.31217,23.20521,-9.14032,3.45323,0.51753,78.2655,-4.074378,0.922306,0.440847,,,,,,,,,,,,5.46847,12.59824,0.8954,50,5.7163,-5.24859,-126.48442,-3.14801,8.6897,30.39389,-12.15479,BOC_EAG,GIT_YEL,HarringtonVillage,D1,ACC,20260515-HarringtonVillage-2,53ad44d0-50ab-11f1-bbdc-cbe91f3b85ef,85.50006,,,9.10279,,,,,,,4293fdce-3634-4d91-8f36-83916a8b87e1,2026-05-15,22:13:38.65,2026-05-15T18:13:38.6520000-04:00,2026-05-15T22:13:38.6520000Z,,v3,227,100,26604,"Johnson, Gunnar",1000100233,Right,BOC_EAG,42e5efbf-eaa6-4394-ba56-bfec6dab3b6a,54.72807,-127.61551,15.19694,5.82503,-2.69568,-6.07739,1.09674,-5.57197,4.34485,,,,,,,,,,,,,,,,,,,,,,,,,,,,,,,,,,,,,,,,,,,,,,,,,,,High,High,High,,,,,,153.998184,-13.496758,2104.513702,0.972383,11:15,0.262638,0.431364,-0.863103,12.998545,-28.965419,40.858474,179.864606,-4.079028,0.002357,-0.071132,-0.997464,4.07904,-0.135051,0.071132,-0.002357,0.997464,-4.07904,0.135051,-0.071132,0.002357,0.997464,-179.864606,4.079028,-0.002357,0.071132,-0.997464,,,
50,2026-05-15,18:20:12.00,6,1,"Mudd, Tyler",809052,Left,BOC_EAG,"Baker, Will",815345,Left,GIT_YEL,Undefined,1,Top,2,0,0,Fastball,,StrikeSwinging,Undefined,Undefined,Undefined,3,0,,,,,,,,,,,,,,,,,,,,,,,,,,,,,,,,,,,,,,,,,,BOC_EAG,GIT_YEL,HarringtonVillage,D1,ACC,20260515-HarringtonVillage-2,1eec0fa0-50ac-11f1-bbdc-cbe91f3b85ef,,,,,,,,,,,4293fdce-3634-4d91-8f36-83916a8b87e1,2026-05-15,22:20:12.00,2026-05-15T18:20:12.0000000-04:00,2026-05-15T22:20:12.0000000Z,,v3,227,100,26604,"Johnson, Gunnar",1000100233,Right,BOC_EAG,fd761c7b-58d7-4f4c-b00b-c5a9fcfb8284,,,,,,,,,,,,,,,,,,,,,,,,,,,,,,,,,,,,,,,,,,,,,,,,,,,,,,,,,,,,,,,,,,,,,,,,,,,,,,,,,,,,,,,,,,,,,,,,,,,,,
51,2026-05-15,18:22:08.61,1,1,"Ballard, Carson",809806,Right,GIT_YEL,"Wolff, Kyle",813479,Right,BOC_EAG,Undefined,1,Bottom,0,0,0,Fastball,Four-Seam,BallCalled,Undefined,Undefined,Undefined,0,0,,93.12448,-2.218501,-5.843018,2279.261083,217.099804,1:15,5.85283,1.70559,5.7184,-21.20359,12.00792,8.16272,2.00749,-3.07594,83.97949,-6.188255,-4.394883,0.414778,,,,,,,,,,,,-5.98571,7.16056,-1.22063,50,5.65352,13.36424,-134.26909,-5.95358,-10.7784,32.76509,-19.28012,BOC_EAG,GIT_YEL,HarringtonVillage,D1,ACC,20260515-HarringtonVillage-2,839d5800-50ac-11f1-aa02-d75c2757f7bf,90.87375,,,9.145,,,,,,,4293fdce-3634-4d91-8f36-83916a8b87e1,2026-05-15,22:22:08.61,2026-05-15T18:22:08.6130000-04:00,2026-05-15T22:22:08.6130000Z,,v3,227,100,26604,"Lackey, Vahn",822518,Right,GIT_YEL,ae5bebd9-faa1-4677-a243-c14bf702c602,54.77696,-135.42977,16.38255,5.85233,-5.27059,-9.64006,-1.70081,13.74606,-5.3892,,,,,,,,,,,,,,,,,,,,,,,,,,,,,,,,,,,,,,,,,,,,,,,,,,,High,High,High,,,,,,224.354872,24.283619,2077.594091,0.911521,1:30,-0.450622,-0.652687,-0.609048,-81.506659,-45.749052,-19.812041,144.149943,-9.383456,0.577829,-0.163041,-0.799707,11.523315,-35.298019,0.163041,-0.577829,0.799707,-11.523315,35.298019,-0.163041,0.577829,0.799707,-144.149943,9.383456,-0.577829,0.163041,-0.799707,,,
52,2026-05-15,18:22:13.00,1,2,"Ballard, Carson",809806,Right,GIT_YEL,"Wolff, Kyle",813479,Right,BOC_EAG,Undefined,1,Bottom,0,1,0,Fastball,,BallCalled,Undefined,Undefined,Undefined,3,0,,,,,,,,,,,,,,,,,,,,,,,,,,,,,,,,,,,,,,,,,,BOC_EAG,GIT_YEL,HarringtonVillage,D1,ACC,20260515-HarringtonVillage-2,e86e8471-50ac-11f1-aa02-d75c2757f7bf,,,,,,,,,,,4293fdce-3634-4d91-8f36-83916a8b87e1,2026-05-15,22:22:13.00,2026-05-15T18:22:13.0000000-04:00,2026-05-15T22:22:13.0000000Z,,v3,227,100,26604,"Lackey, Vahn",822518,Right,GIT_YEL,e86e8470-50ac-11f1-aa02-d75c2757f7bf,,,,,,,,,,,,,,,,,,,,,,,,,,,,,,,,,,,,,,,,,,,,,,,,,,,,,,,,,,,,,,,,,,,,,,,,,,,,,,,,,,,,,,,,,,,,,,,,,,,,,
53,2026-05-15,18:22:18.00,1,3,"Ballard, Carson",809806,Right,GIT_YEL,"Wolff, Kyle",813479,Right,BOC_EAG,Undefined,1,Bottom,0,1,0,Undefined,,Undefined,Undefined,Undefined,Undefined,0,0,,,,,,,,,,,,,,,,,,,,,,,,,,,,,,,,,,,,,,,,,,BOC_EAG,GIT_YEL,HarringtonVillage,D1,ACC,20260515-HarringtonVillage-2,db95a351-50ac-11f1-aa02-d75c2757f7bf,,,,,,,,,,,4293fdce-3634-4d91-8f36-83916a8b87e1,2026-05-15,22:22:18.00,2026-05-15T18:22:18.0000000-04:00,2026-05-15T22:22:18.0000000Z,,v3,227,100,26604,"Lackey, Vahn",822518,Right,GIT_YEL,db95a350-50ac-11f1-aa02-d75c2757f7bf,,,,,,,,,,,,,,,,,,,,,,,,,,,,,,,,,,,,,,,,,,,,,,,,,,,,,,,,,,,,,,,,,,,,,,,,,,,,,,,,,,,,,,,,,,,,,,,,,,,,,
54,2026-05-15,18:22:23.00,1,4,"Ballard, Carson",809806,Right,GIT_YEL,"Wolff, Kyle",813479,Right,BOC_EAG,Undefined,1,Bottom,0,1,0,Fastball,,StrikeSwinging,Undefined,Undefined,Undefined,2,0,,,,,,,,,,,,,,,,,,,,,,,,,,,,,,,,,,,,,,,,,,BOC_EAG,GIT_YEL,HarringtonVillage,D1,ACC,20260515-HarringtonVillage-2,cfb3a551-50ac-11f1-aa02-d75c2757f7bf,,,,,,,,,,,4293fdce-3634-4d91-8f36-83916a8b87e1,2026-05-15,22:22:23.00,2026-05-15T18:22:23.0000000-04:00,2026-05-15T22:22:23.0000000Z,,v3,227,100,26604,"Lackey, Vahn",822518,Right,GIT_YEL,cfb3a550-50ac-11f1-aa02-d75c2757f7bf,,,,,,,,,,,,,,,,,,,,,,,,,,,,,,,,,,,,,,,,,,,,,,,,,,,,,,,,,,,,,,,,,,,,,,,,,,,,,,,,,,,,,,,,,,,,,,,,,,,,,
55,2026-05-15,18:22:28.13,1,5,"Ballard, Carson",809806,Right,GIT_YEL,"Wolff, Kyle",813479,Right,BOC_EAG,Undefined,1,Bottom,0,1,0,Fastball,Sinker,FoulBallNotFieldable,Undefined,Undefined,Undefined,0,0,,92.08716,-1.456136,-4.74235,2201.633768,257.071938,2:30,5.44003,2.15936,5.41038,-28.36226,6.02626,20.51151,1.7073,-0.58454,82.58852,-6.701069,-1.105754,0.422064,67.59355,-58.818064,-95.434584,,,,,2.22206,2.22206,-13.543996,0.021234,-11.93985,3.87815,-1.75168,50,5.29049,10.07892,-132.99165,-4.46819,-20.95577,33.84689,-25.36744,BOC_EAG,GIT_YEL,HarringtonVillage,D1,ACC,20260515-HarringtonVillage-2,8f41b0c0-50ac-11f1-aa02-d75c2757f7bf,89.30506,1.80615,,9.49864,,,,2.26379,1.80615,0.56776,4293fdce-3634-4d91-8f36-83916a8b87e1,2026-05-15,22:22:28.13,2026-05-15T18:22:28.1350000-04:00,2026-05-15T22:22:28.1350000Z,GroundBall,v3,227,100,26604,"Lackey, Vahn",822518,Right,GIT_YEL,cf98a496-5dbc-4187-aef0-32f164fe498e,55.08752,-134.2802,16.92345,5.44221,-3.50245,-12.68372,-2.15057,10.87671,-10.47788,,2.26384,-4.87528,,,,,,,,1.80698,-85.058,,,,,,,,0.56826,-51.24492,,,,,,,,,,,,,,,,,,,,,,,,,,,,,,High,High,High,Estimated,Estimated,,,,233.316852,23.424744,2020.181776,0.917583,1:45,-0.422739,-0.745722,-0.514967,-96.363161,-23.606461,85.817549,162.630187,-66.345805,0.119778,-0.915984,-0.382919,67.313042,-6.879297,0.915984,-0.119778,0.382919,-67.313042,6.879297,-0.915984,0.119778,0.382919,-162.630187,66.345805,-0.119778,0.915984,-0.382919,69.86678,9.05517,1.77804
56,2026-05-15,18:23:23.92,1,6,"Ballard, Carson",809806,Right,GIT_YEL,"Wolff, Kyle",813479,Right,BOC_EAG,Undefined,1,Bottom,0,1,1,Slider,Slider,InPlay,Undefined,LineDrive,Out,1,0,,77.71571,1.340256,-1.671132,2686.531147,84.716525,8:45,5.40993,2.11823,4.97945,-48.02203,-0.20965,-17.72733,2.67461,-0.93772,71.59341,-7.337248,-4.796314,0.49767,96.70002,20.078742,-3.517582,794.933789,109.87437,34.20615,-5.25447,329.03658,313.81115,-4.014042,3.519302,8.39087,-0.1035,-1.94156,50,5.49977,4.00011,-112.77557,0.94444,10.81573,20.34117,-32.30748,BOC_EAG,GIT_YEL,HarringtonVillage,D1,ACC,20260515-HarringtonVillage-2,b08f3bd0-50ac-11f1-aa02-d75c2757f7bf,75.73779,41.56867,,6.1223,,,,2.22434,2.77692,0.84291,4293fdce-3634-4d91-8f36-83916a8b87e1,2026-05-15,22:23:23.92,2026-05-15T18:23:23.9270000-04:00,2026-05-15T22:23:23.9270000Z,LineDrive,v3,227,100,26604,"Lackey, Vahn",822518,Right,GIT_YEL,f727a3d9-b637-4dc8-a01b-e5c3b157939f,55.52196,-113.7672,10.17058,5.41533,2.51943,-16.15374,-2.12371,3.47284,5.40787,190.287394,2.22385,132.97046,-20.33722,4.45445,-0.95287,0.20717,-0.04631,0.00739,-0.00048,2.77731,48.67946,-16.25981,0.61987,-0.01226,0.0094,-0.00667,0.00256,-0.00031,0.84312,-8.17831,2.70779,-1.39074,0.28554,-0.00127,-0.01441,0.00344,-0.00029,,,,,,,,,,,,,,,,,,,,,,,High,High,High,High,Medium,,,,76.482382,62.553745,1238.266187,0.460916,8:30,-0.873204,0.468783,0.133258,45.774553,-37.671278,72.55689,162.042041,42.338314,0.227904,0.673507,-0.70317,43.765639,13.173677,0.673507,0.227904,0.70317,-43.765639,-13.173677,-0.673507,-0.227904,0.70317,-162.042041,-42.338314,-0.227904,-0.673507,-0.70317,78.58818,16.31415,-6.24549
57,2026-05-15,18:24:20.00,2,1,"Ballard, Carson",809806,Right,GIT_YEL,"Gallo, Luke",828057,Right,BOC_EAG,Undefined,1,Bottom,1,0,0,Fastball,,StrikeCalled,Undefined,Undefined,Undefined,3,0,,,,,,,,,,,,,,,,,,,,,,,,,,,,,,,,,,,,,,,,,,BOC_EAG,GIT_YEL,HarringtonVillage,D1,ACC,20260515-HarringtonVillage-2,e0528f20-50ac-11f1-aa02-d75c2757f7bf,,,,,,,,,,,4293fdce-3634-4d91-8f36-83916a8b87e1,2026-05-15,22:24:20.00,2026-05-15T18:24:20.0000000-04:00,2026-05-15T22:24:20.0000000Z,,v3,227,100,26604,"Lackey, Vahn",822518,Right,GIT_YEL,e0526810-50ac-11f1-aa02-d75c2757f7bf,,,,,,,,,,,,,,,,,,,,,,,,,,,,,,,,,,,,,,,,,,,,,,,,,,,,,,,,,,,,,,,,,,,,,,,,,,,,,,,,,,,,,,,,,,,,,,,,,,,,,
58,2026-05-15,18:25:17.00,2,2,"Ballard, Carson",809806,Right,GIT_YEL,"Gallo, Luke",828057,Right,BOC_EAG,Undefined,1,Bottom,1,0,0,Fastball,,BallCalled,Undefined,Undefined,Undefined,3,0,,,,,,,,,,,,,,,,,,,,,,,,,,,,,,,,,,,,,,,,,,BOC_EAG,GIT_YEL,HarringtonVillage,D1,ACC,20260515-HarringtonVillage-2,c0b217d0-50ac-11f1-aa02-d75c2757f7bf,,,,,,,,,,,4293fdce-3634-4d91-8f36-83916a8b87e1,2026-05-15,22:25:17.00,2026-05-15T18:25:17.0000000-04:00,2026-05-15T22:25:17.0000000Z,,v3,227,100,26604,"Lackey, Vahn",822518,Right,GIT_YEL,98e118ea-01f9-40e7-aa3f-b8773806d12e,,,,,,,,,,,,,,,,,,,,,,,,,,,,,,,,,,,,,,,,,,,,,,,,,,,,,,,,,,,,,,,,,,,,,,,,,,,,,,,,,,,,,,,,,,,,,,,,,,,,,
59,2026-05-15,18:26:58.00,2,3,"Ballard, Carson",809806,Right,GIT_YEL,"Gallo, Luke",828057,Right,BOC_EAG,Undefined,1,Bottom,1,0,0,Fastball,,BallIntentional,Walk,Undefined,Undefined,1,0,,,,,,,,,,,,,,,,,,,,,,,,,,,,,,,,,,,,,,,,,,BOC_EAG,GIT_YEL,HarringtonVillage,D1,ACC,20260515-HarringtonVillage-2,23be62c0-50ad-11f1-bc7d-2b17aa883e9a,,,,,,,,,,,4293fdce-3634-4d91-8f36-83916a8b87e1,2026-05-15,22:26:58.00,2026-05-15T18:26:58.0000000-04:00,2026-05-15T22:26:58.0000000Z,,v3,227,100,26604,"Lackey, Vahn",822518,Right,GIT_YEL,0b3b8e1a-6b06-4597-8ac0-7937b102e5f8,,,,,,,,,,,,,,,,,,,,,,,,,,,,,,,,,,,,,,,,,,,,,,,,,,,,,,,,,,,,,,,,,,,,,,,,,,,,,,,,,,,,,,,,,,,,,,,,,,,,,
60,2026-05-15,18:28:09.77,3,1,"Ballard, Carson",809806,Right,GIT_YEL,"Johnson, Gunnar",1000100233,Right,BOC_EAG,Undefined,1,Bottom,2,0,0,Fastball,Sinker,BallCalled,Undefined,Undefined,Undefined,1,0,,87.13033,-1.128967,3.910367,2077.080498,131.480048,10:30,5.19398,-1.88402,6.16995,-23.1008,13.80473,-14.14017,2.22361,0.55497,78.82036,-5.505667,1.366295,0.437237,96.17484,-8.397118,6.494314,,,,,18.15861,18.15861,3.952137,0.112671,8.58201,7.87449,1.59487,50,5.0966,-8.07254,-126.24384,-3.17319,13.68851,28.49736,-19.61407,BOC_EAG,GIT_YEL,HarringtonVillage,D1,ACC,20260515-HarringtonVillage-2,5ae0c400-50ad-11f1-9167-655bb9902777,86.20592,2.32431,,8.30997,,,,2.47079,2.32431,-0.52936,4293fdce-3634-4d91-8f36-83916a8b87e1,2026-05-15,22:28:09.77,2026-05-15T18:28:09.7740000-04:00,2026-05-15T22:28:09.7740000Z,GroundBall,v3,227,100,26604,"Lackey, Vahn",822518,Right,GIT_YEL,de8f2f70-0464-48c9-8faa-97d8e7192f33,54.32851,-127.21717,14.24868,5.19354,-2.50326,-9.80703,1.87858,-8.54007,6.84426,,2.4671,138.85244,,,,,,,,2.32486,-20.62918,,,,,,,,-0.52978,15.80628,,,,,,,,,,,,,,,,,,,,,,,,,,,,,,High,High,High,Estimated,Estimated,,,,139.360724,-19.857093,1953.583024,0.940543,10:45,0.375449,0.619144,-0.689709,-96.436955,34.775798,75.049926,100.705792,11.05777,0.964351,0.191799,-0.182317,46.451791,74.655346,0.191799,0.964351,0.182317,-46.451791,-74.655346,-0.191799,-0.964351,0.182317,-100.705792,-11.05777,-0.964351,-0.191799,-0.182317,80.77688,20.14646,-3.72959
61,2026-05-15,18:29:45.00,1,1,"Mudd, Tyler",809052,Left,BOC_EAG,"Baker, Will",815345,Left,GIT_YEL,Undefined,2,Top,0,0,0,Fastball,,StrikeSwinging,Undefined,Undefined,Undefined,1,0,,,,,,,,,,,,,,,,,,,,,,,,,,,,,,,,,,,,,,,,,,BOC_EAG,GIT_YEL,HarringtonVillage,D1,ACC,20260515-HarringtonVillage-2,916c3c70-50ad-11f1-82db-0184ec6d43b8,,,,,,,,,,,4293fdce-3634-4d91-8f36-83916a8b87e1,2026-05-15,22:29:45.00,2026-05-15T18:29:45.0000000-04:00,2026-05-15T22:29:45.0000000Z,,v3,227,100,26604,"Johnson, Gunnar",1000100233,Right,BOC_EAG,a4487cb9-63c2-4620-9842-b48e96bdd07b,,,,,,,,,,,,,,,,,,,,,,,,,,,,,,,,,,,,,,,,,,,,,,,,,,,,,,,,,,,,,,,,,,,,,,,,,,,,,,,,,,,,,,,,,,,,,,,,,,,,,
62,2026-05-15,18:29:56.39,1,2,"Mudd, Tyler",809052,Left,BOC_EAG,"Hernandez, Alex",815415,Right,GIT_YEL,Undefined,2,Top,1,0,1,Fastball,Slider,StrikeCalled,Undefined,Undefined,Undefined,2,0,,78.86655,0.230703,2.074407,2271.976376,278.014748,3:15,5.14651,-2.13651,5.33508,-45.48837,0.7928,5.4339,1.5724,0.26337,71.94616,-8.067652,3.039711,0.489636,84.85716,77.563779,-35.744596,,,,,54.67071,54.31368,-43.668647,6.545632,-2.10744,0.73909,1.94508,50,5.13458,-4.35632,-114.34905,-1.0873,-2.76314,23.00604,-31.20497,BOC_EAG,GIT_YEL,HarringtonVillage,D1,ACC,20260515-HarringtonVillage-2,9a72dfe0-50ad-11f1-82db-0184ec6d43b8,76.9805,176.03144,,6.92039,,,,2.3748,1.70703,-0.21263,4293fdce-3634-4d91-8f36-83916a8b87e1,2026-05-15,22:29:56.39,2026-05-15T18:29:56.3930000-04:00,2026-05-15T22:29:56.3930000Z,Popup,v3,227,100,26604,"Johnson, Gunnar",1000100233,Right,BOC_EAG,b04f357f-6530-42f0-9abf-4eb9268316f0,55.16376,-115.38328,11.50302,5.15193,0.31551,-15.60249,2.13812,-4.23211,-1.38157,,2.37197,21.79618,-8.88545,2.52561,-0.56751,0.12008,-0.01947,0.0018,-7E-05,1.71429,121.43559,-27.22404,3.16839,-0.53213,0.0756,-0.01218,0.00143,-7E-05,-0.21056,-15.6919,5.95583,-1.80349,0.42815,-0.09513,0.016,-0.00153,6E-05,,,,,,,,,,,,,,,,,,,,,,,High,High,High,Medium,High,,,,134.82897,-88.702835,51.432705,0.022638,10:30,0.999723,0.012029,0.020241,-17.315792,31.875053,-50.734591,131.198878,31.241084,0.64332,0.51864,-0.563162,42.643311,40.039846,0.51864,0.64332,0.563162,-42.643311,-40.039846,-0.51864,-0.64332,0.563162,-131.198878,-31.241084,-0.64332,-0.51864,-0.563162,67.05704,24.96988,-30.45106
63,2026-05-15,18:30:38.69,1,1,"Ballard, Carson",809806,Right,GIT_YEL,"Gallo, Luke",828057,Right,BOC_EAG,Undefined,2,Bottom,0,0,0,Slider,Sinker,StrikeSwinging,Undefined,Undefined,Undefined,0,0,,88.91211,-0.837452,-2.152521,2062.979261,225.274346,1:30,5.96253,1.9292,4.85945,-20.33312,16.63481,15.53154,3.47484,1.18518,80.70212,-4.62111,0.580592,0.437607,,,,,,,,,,,,-8.2252,8.78811,-1.73073,50,5.8634,4.08821,-128.79026,-2.61568,-13.74935,27.93515,-17.48371,BOC_EAG,GIT_YEL,HarringtonVillage,D1,ACC,20260515-HarringtonVillage-2,b3a70db0-50ad-11f1-82db-0184ec6d43b8,86.13316,,,8.20998,,,,,,,4293fdce-3634-4d91-8f36-83916a8b87e1,2026-05-15,22:30:38.69,2026-05-15T18:30:38.6970000-04:00,2026-05-15T22:30:38.6970000Z,,v3,227,100,26604,"Lackey, Vahn",822518,Right,GIT_YEL,bc1b701d-2bad-4759-b04b-19efdc5e17d8,55.63674,-130.00715,13.96758,5.96075,-1.85407,-8.74186,-1.92186,4.68715,-6.87467,,,,,,,,,,,,,,,,,,,,,,,,,,,,,,,,,,,,,,,,,,,,,,,,,,,High,High,High,,,,,,227.968054,15.17568,1991.038427,0.965128,1:30,-0.275368,-0.720619,-0.636303,-75.100136,-32.462901,-2.322292,145.91891,-11.736716,0.54865,-0.203415,-0.810929,14.081621,-33.274441,0.203415,-0.54865,0.810929,-14.081621,33.274441,-0.203415,0.54865,0.810929,-145.91891,11.736716,-0.54865,0.203415,-0.810929,,,
64,2026-05-15,18:32:26.43,1,2,"Ballard, Carson",809806,Right,GIT_YEL,"Gallo, Luke",828057,Right,BOC_EAG,Undefined,2,Bottom,0,0,1,Fastball,Sinker,FoulBallNotFieldable,Undefined,Undefined,Undefined,0,0,,90.49717,-1.313206,-4.220591,2115.935669,248.121971,2:15,5.41698,2.11291,5.27099,-26.97911,8.16953,17.4567,1.93164,-0.40401,82.51639,-6.273052,-1.131687,0.426703,,,,,,,,,,,,-9.96949,4.79398,-1.74012,50,5.27693,8.86812,-130.99638,-4.03184,-17.28556,28.23491,-23.86202,BOC_EAG,GIT_YEL,HarringtonVillage,D1,ACC,20260515-HarringtonVillage-2,f3db8410-50ad-11f1-82db-0184ec6d43b8,88.33414,,,7.98078,,,,,,,4293fdce-3634-4d91-8f36-83916a8b87e1,2026-05-15,22:32:26.43,2026-05-15T18:32:26.4360000-04:00,2026-05-15T22:32:26.4360000Z,,v3,227,100,26604,"Lackey, Vahn",822518,Right,GIT_YEL,a1ef6cbd-1b7a-467e-bf09-e393f343e915,55.22853,-132.11852,14.11745,5.41832,-3.08348,-11.93101,-2.10622,9.5551,-8.64278,,,,,,,,,,,,,,,,,,,,,,,,,,,,,,,,,,,,,,,,,,,,,,,,,,,High,High,High,,,,,,236.424015,24.301161,1928.453058,0.911395,2:00,-0.43005,-0.768564,-0.473674,50.234242,71.749925,41.997505,153.833928,-64.66834,0.188674,-0.903846,-0.38401,66.981181,-10.87542,0.903846,-0.188674,0.38401,-66.981181,10.87542,-0.903846,0.188674,0.38401,-153.833928,64.66834,-0.188674,0.903846,-0.38401,,,
65,2026-05-15,18:32:47.08,1,3,"Ballard, Carson",809806,Right,GIT_YEL,"Gallo, Luke",828057,Right,BOC_EAG,Undefined,2,Bottom,0,0,2,Slider,Slider,InPlay,Undefined,FlyBall,Out,1,0,,81.52798,-1.185241,-1.556783,2526.966872,70.790116,8:15,5.8204,1.81838,5.29635,-44.22628,-1.0524,-7.00701,1.02152,-0.22752,74.89746,-9.201364,-2.802853,0.472914,55.18727,83.116614,30.474666,,,,,62.17138,62.17138,6.76052,3.83138,3.08292,0.17902,-1.6714,50,5.6801,3.49896,-118.28106,-4.02207,4.34427,23.6807,-31.9218,BOC_EAG,GIT_YEL,HarringtonVillage,D1,ACC,20260515-HarringtonVillage-2,0031a0a0-50ae-11f1-82db-0184ec6d43b8,79.70255,67.84201,,6.63053,,,,,,,4293fdce-3634-4d91-8f36-83916a8b87e1,2026-05-15,22:32:47.08,2026-05-15T18:32:47.0850000-04:00,2026-05-15T22:32:47.0850000Z,Popup,v3,227,100,26604,"Lackey, Vahn",822518,Right,GIT_YEL,094f9523-b58e-4fa7-84d4-58939f91ea40,55.20359,-119.31831,11.84035,5.82565,-2.62386,-15.9609,-1.82049,3.30867,2.17213,3.745881,5.64028,8.35483,2.8987,-0.67002,0.19263,-0.06874,0.01984,-0.00297,0.00017,-0.44872,80.37868,-28.27262,3.87266,-1.08234,0.316,-0.0772,0.01163,-0.00075,0.28549,4.9182,-0.76159,0.03117,0.02472,-0.01982,0.00396,-0.00048,4E-05,,,,,,,,,,,,,,,,,,,,,,,High,High,High,High,Low,,,,117.222624,80.711877,407.850548,0.161399,10:00,-0.991287,0.123078,-0.046918,51.861687,-12.782384,87.312821,175.503974,34.455532,0.064638,0.565766,-0.822028,34.537956,3.706048,0.565766,0.064638,0.822028,-34.537956,-3.706048,-0.565766,-0.064638,0.822028,-175.503974,-34.455532,-0.064638,-0.565766,-0.822028,62.40418,5.61416,-26.87329
66,2026-05-15,18:33:32.57,2,1,"Ballard, Carson",809806,Right,GIT_YEL,"Johnson, Gunnar",1000100233,Right,BOC_EAG,Undefined,2,Bottom,1,0,0,Splitter,Changeup,BallCalled,Undefined,Undefined,Undefined,0,0,,82.84876,-0.656306,-5.310093,1386.640966,277.537616,3:15,5.3899,2.21998,5.22792,-42.06892,0.11189,9.63217,1.2645,-1.98351,75.79742,-8.283308,-3.611159,0.467443,,,,,,,,,,,,-6.31989,0.68835,-1.73679,50,5.29783,10.71489,-119.7206,-2.92296,-9.14361,23.79168,-31.17813,BOC_EAG,GIT_YEL,HarringtonVillage,D1,ACC,20260515-HarringtonVillage-2,1b54f440-50ae-11f1-82db-0184ec6d43b8,80.63534,,,7.05134,,,,,,,4293fdce-3634-4d91-8f36-83916a8b87e1,2026-05-15,22:33:32.57,2026-05-15T18:33:32.5760000-04:00,2026-05-15T22:33:32.5760000Z,,v3,227,100,26604,"Lackey, Vahn",822518,Right,GIT_YEL,aad35244-cf5e-4716-9e54-ada675c6a3d6,55.27042,-120.76343,11.89584,5.396,-1.55637,-15.58907,-2.21523,11.11567,-4.5718,,,,,,,,,,,,,,,,,,,,,,,,,,,,,,,,,,,,,,,,,,,,,,,,,,,High,High,High,,,,,,240.189176,28.948716,1213.384745,0.875053,2:00,-0.513518,-0.764753,-0.389168,59.889364,17.896344,47.499055,105.453289,39.191842,0.747015,0.631919,-0.20651,71.902699,48.332502,0.631919,0.747015,0.20651,-71.902699,-48.332502,-0.631919,-0.747015,0.20651,-105.453289,-39.191842,-0.747015,-0.631919,-0.20651,,,
67,2026-05-15,18:33:48.79,2,2,"Ballard, Carson",809806,Right,GIT_YEL,"Johnson, Gunnar",1000100233,Right,BOC_EAG,Undefined,2,Bottom,1,1,0,Fastball,Sinker,BallCalled,Undefined,Undefined,Undefined,0,0,,91.53651,-2.221249,-5.303569,2205.984803,254.398415,2:30,5.40551,2.12875,5.26135,-28.23639,6.7363,19.41907,0.95563,-1.24988,82.41675,-7.416598,-1.874348,0.425634,,,,,,,,,,,,-11.45406,4.4565,-1.65699,50,5.18063,11.34486,-132.03249,-6.22865,-19.89236,32.34908,-24.43442,BOC_EAG,GIT_YEL,HarringtonVillage,D1,ACC,20260515-HarringtonVillage-2,24f6c640-50ae-11f1-82db-0184ec6d43b8,88.55607,,,9.11976,,,,,,,4293fdce-3634-4d91-8f36-83916a8b87e1,2026-05-15,22:33:48.79,2026-05-15T18:33:48.7910000-04:00,2026-05-15T22:33:48.7910000Z,,v3,227,100,26604,"Lackey, Vahn",822518,Right,GIT_YEL,db971344-0fb2-488c-a785-4e4ab10efbe0,55.23656,-133.30932,16.17454,5.40744,-5.26422,-12.21721,-2.12027,12.13002,-9.94618,,,,,,,,,,,,,,,,,,,,,,,,,,,,,,,,,,,,,,,,,,,,,,,,,,,High,High,High,,,,,,233.946704,23.456126,2023.693567,0.917365,1:45,-0.417327,-0.756532,-0.503485,65.860854,62.556742,60.76044,173.163777,-66.027723,0.048362,-0.913742,-0.403406,66.179127,-2.772016,0.913742,-0.048362,0.403406,-66.179127,2.772016,-0.913742,0.048362,0.403406,-173.163777,66.027723,-0.048362,0.913742,-0.403406,,,
68,2026-05-15,18:34:05.28,2,3,"Ballard, Carson",809806,Right,GIT_YEL,"Johnson, Gunnar",1000100233,Right,BOC_EAG,Undefined,2,Bottom,1,2,0,Slider,Slider,StrikeCalled,Undefined,Undefined,Undefined,0,0,,83.9127,-0.822333,-1.287735,2735.520077,105.258006,9:30,5.77464,2.07564,5.14415,-38.58774,2.56579,-4.29138,1.78449,0.50538,76.47515,-7.847248,-2.048224,0.461716,,,,,,,,,,,,1.74272,1.95079,-1.95167,50,5.66814,2.92197,-121.63598,-3.18161,2.58787,25.82163,-29.27716,BOC_EAG,GIT_YEL,HarringtonVillage,D1,ACC,20260515-HarringtonVillage-2,2ec7e5a0-50ae-11f1-82db-0184ec6d43b8,81.63553,,,7.43754,,,,,,,4293fdce-3634-4d91-8f36-83916a8b87e1,2026-05-15,22:34:05.28,2026-05-15T18:34:05.2860000-04:00,2026-05-15T22:34:05.2860000Z,,v3,227,100,26604,"Lackey, Vahn",822518,Right,GIT_YEL,d8052363-1d63-4098-bc9d-00768accefd2,55.35292,-122.76707,12.91081,5.77942,-1.89915,-14.63858,-2.07718,2.80861,1.29394,,,,,,,,,,,,,,,,,,,,,,,,,,,,,,,,,,,,,,,,,,,,,,,,,,,High,High,High,,,,,,150.336639,81.605792,399.339508,0.145983,11:00,-0.992823,0.058042,-0.104566,-43.383254,15.372198,-84.984865,171.794956,38.283281,0.112026,0.61955,-0.776922,38.570315,6.432119,0.61955,0.112026,0.776922,-38.570315,-6.432119,-0.61955,-0.112026,0.776922,-171.794956,-38.283281,-0.112026,-0.61955,-0.776922,,,
69,2026-05-15,18:34:20.62,2,4,"Ballard, Carson",809806,Right,GIT_YEL,"Johnson, Gunnar",1000100233,Right,BOC_EAG,Undefined,2,Bottom,1,2,1,Slider,Changeup,BallCalled,Undefined,Undefined,Undefined,0,0,,83.62839,-0.4966,-4.887506,1388.364929,274.751507,3:15,5.34037,2.26199,5.04274,-41.02396,0.52004,9.84552,1.45154,-1.53914,76.60877,-7.914968,-3.15524,0.463901,,,,,,,,,,,,-6.25717,0.80067,-1.80304,50,5.26002,9.91033,-120.92957,-2.60513,-9.25713,23.78806,-30.9895,BOC_EAG,GIT_YEL,HarringtonVillage,D1,ACC,20260515-HarringtonVillage-2,37f54af0-50ae-11f1-82db-0184ec6d43b8,81.25096,,,7.01963,,,,,,,4293fdce-3634-4d91-8f36-83916a8b87e1,2026-05-15,22:34:20.62,2026-05-15T18:34:20.6250000-04:00,2026-05-15T22:34:20.6250000Z,,v3,227,100,26604,"Lackey, Vahn",822518,Right,GIT_YEL,ddb2ec98-95b8-45d4-9cbc-d6f7888fcfc7,55.45626,-121.99815,11.89403,5.34578,-1.21306,-15.49475,-2.25756,10.32617,-4.62856,,,,,,,,,,,,,,,,,,,,,,,,,,,,,,,,,,,,,,,,,,,,,,,,,,,High,High,High,,,,,,243.448498,36.148941,1121.085676,0.807486,2:00,-0.612234,-0.727409,-0.309913,67.895185,18.582864,39.112592,94.195553,37.977134,0.786144,0.615347,-0.057669,84.645957,51.826608,0.615347,0.786144,0.057669,-84.645957,-51.826608,-0.615347,-0.786144,0.057669,-94.195553,-37.977134,-0.786144,-0.615347,-0.057669,,,
70,2026-05-15,18:34:38.25,2,5,"Ballard, Carson",809806,Right,GIT_YEL,"Johnson, Gunnar",1000100233,Right,BOC_EAG,Undefined,2,Bottom,1,3,1,Slider,Slider,StrikeSwinging,Undefined,Undefined,Undefined,0,0,,84.70724,-0.696558,-2.646768,2629.492732,96.684345,9:15,5.70876,2.22844,5.32939,-37.90057,2.20398,-7.48256,1.89607,-0.88032,77.35122,-7.606847,-3.974501,0.455794,,,,,,,,,,,,2.96406,1.70225,-1.98352,50,5.61855,5.99511,-122.7637,-2.87765,4.48841,26.06029,-29.59636,BOC_EAG,GIT_YEL,HarringtonVillage,D1,ACC,20260515-HarringtonVillage-2,42737330-50ae-11f1-82db-0184ec6d43b8,82.69629,,,7.35603,,,,,,,4293fdce-3634-4d91-8f36-83916a8b87e1,2026-05-15,22:34:38.25,2026-05-15T18:34:38.2510000-04:00,2026-05-15T22:34:38.2510000Z,,v3,227,100,26604,"Lackey, Vahn",822518,Right,GIT_YEL,09cef9c9-8562-444c-99f2-08320dc1d567,55.16871,-123.85605,13.03014,5.71318,-1.63708,-14.79818,-2.23088,5.80698,2.2442,,,,,,,,,,,,,,,,,,,,,,,,,,,,,,,,,,,,,,,,,,,,,,,,,,,High,High,High,,,,,,182.340608,79.665838,471.701587,0.179389,12:00,-0.990844,-0.019285,-0.133626,-41.362817,5.020702,-82.856135,173.097117,40.217092,0.091775,0.645686,-0.758068,40.422733,5.265732,0.645686,0.091775,0.758068,-40.422733,-5.265732,-0.645686,-0.091775,0.758068,-173.097117,-40.217092,-0.091775,-0.645686,-0.758068,,,
71,2026-05-15,18:34:56.64,2,6,"Ballard, Carson",809806,Right,GIT_YEL,"Johnson, Gunnar",1000100233,Right,BOC_EAG,Undefined,2,Bottom,1,3,2,Sinker,Sinker,FoulBallNotFieldable,Undefined,Undefined,Undefined,0,0,,90.40408,-1.168455,-3.795561,2226.232506,262.993263,2:45,5.29612,2.4687,5.35081,-31.62356,3.99839,21.64044,1.56234,0.70692,81.30075,-6.989102,0.045566,0.429566,77.84381,-57.244469,-115.326075,,,,,1.68379,1.58272,-70.872537,0.015616,-12.11457,2.77185,-2.14281,50,5.16839,7.67232,-130.74387,-3.88415,-20.57895,32.35538,-27.46552,BOC_EAG,GIT_YEL,HarringtonVillage,D1,ACC,20260515-HarringtonVillage-2,4d6a4de0-50ae-11f1-82db-0184ec6d43b8,87.74531,1.50208,,9.10333,,,,0.96511,1.50208,-0.71733,4293fdce-3634-4d91-8f36-83916a8b87e1,2026-05-15,22:34:56.64,2026-05-15T18:34:56.6420000-04:00,2026-05-15T22:34:56.6420000Z,GroundBall,v3,227,100,26604,"Lackey, Vahn",822518,Right,GIT_YEL,196f80b9-5b83-4b43-8636-6b76096f34a6,55.14713,-132.01149,16.17769,5.29948,-2.8081,-13.73276,-2.45919,8.47856,-10.28947,,0.96523,-26.47188,,,,,,,,1.50251,-96.18835,,,,,,,,-0.71708,-55.9358,,,,,,,,,,,,,,,,,,,,,,,,,,,,,,High,High,High,Estimated,Estimated,,,,236.003321,26.940397,1984.637996,0.891478,1:45,-0.469934,-0.748183,-0.468385,36.102081,65.86724,22.486962,160.919425,-66.000453,0.132959,-0.913549,-0.384384,67.180648,-7.640606,0.913549,-0.132959,0.384384,-67.180648,7.640606,-0.913549,0.132959,0.384384,-160.919425,66.000453,-0.132959,0.913549,-0.384384,,,
72,2026-05-15,18:35:37.98,2,7,"Ballard, Carson",809806,Right,GIT_YEL,"Johnson, Gunnar",1000100233,Right,BOC_EAG,Undefined,2,Bottom,1,3,2,Sinker,Sinker,StrikeSwinging,Strikeout,Undefined,Undefined,1,0,,90.39519,-1.209653,-4.23833,2120.401555,265.134648,2:45,5.29917,2.41445,5.52859,-32.15651,3.28355,22.82989,1.48539,0.34762,81.24897,-7.142653,-0.175108,0.428468,,,,,,,,,,,,-12.92198,2.44795,-2.06123,50,5.17256,8.64618,-130.69984,-3.97457,-21.9225,32.48727,-28.02101,BOC_EAG,GIT_YEL,HarringtonVillage,D1,ACC,20260515-HarringtonVillage-2,6607e100-50ae-11f1-82db-0184ec6d43b8,87.97021,,,9.14622,,,,,,,4293fdce-3634-4d91-8f36-83916a8b87e1,2026-05-15,22:35:37.98,2026-05-15T18:35:37.9890000-04:00,2026-05-15T22:35:37.9890000Z,,v3,227,100,26604,"Lackey, Vahn",822518,Right,GIT_YEL,7fce7d1d-43a4-48df-9f1d-06aeb68a97d4,54.96946,-131.92928,16.24364,5.3029,-2.91414,-14.01051,-2.40414,9.47581,-10.96125,,,,,,,,,,,,,,,,,,,,,,,,,,,,,65.73145,2.952216,1.944013,1.008203,0.29532,1.34347,-0.34503,-1.57339,5.0368,6.40419,70.99745,6.26723,53.79012,-1.48257,81.31244,-9.33592,5.09912,16.91978,-15.62529,6.37317,47.19149,-0.16229,High,High,High,,,High,High,High,236.838565,25.73139,1910.141058,0.900839,2:00,-0.45341,-0.763119,-0.460509,34.750768,66.850592,16.201154,150.122421,-70.25389,0.168301,-0.941199,-0.292949,72.711179,-9.689042,0.941199,-0.168301,0.292949,-72.711179,9.689042,-0.941199,0.168301,0.292949,-150.122421,70.25389,-0.168301,0.941199,-0.292949,,,
73,2026-05-15,18:36:11.26,3,1,"Ballard, Carson",809806,Right,GIT_YEL,"Hendrickson, Carter",830138,Right,BOC_EAG,Undefined,2,Bottom,0,0,0,Slider,Slider,StrikeSwinging,Undefined,Undefined,Undefined,0,0,,84.68662,-1.091465,-2.254777,2548.79341,102.772618,9:30,5.77207,2.01642,5.32643,-36.51927,3.66654,-10.21186,1.70371,-0.95142,77.24536,-7.756327,-4.067598,0.456255,,,,,,,,,,,,4.44744,2.56016,-1.80479,50,5.64711,5.26817,-122.73443,-3.6623,6.71805,26.49538,-28.30681,BOC_EAG,GIT_YEL,HarringtonVillage,D1,ACC,20260515-HarringtonVillage-2,79e0e730-50ae-11f1-82db-0184ec6d43b8,82.61262,,,7.44126,,,,,,,4293fdce-3634-4d91-8f36-83916a8b87e1,2026-05-15,22:36:11.26,2026-05-15T18:36:11.2690000-04:00,2026-05-15T22:36:11.2690000Z,,v3,227,100,26604,"Lackey, Vahn",822518,Right,GIT_YEL,ca78b38a-5fe7-4a85-ae41-294f2b7ad800,55.17165,-123.84583,13.24769,5.77583,-2.47492,-14.15341,-2.01986,4.98637,3.35903,,,,,,,,,,,,,,,,,,,,,,,,,,,,,,,,,,,,,,,,,,,,,,,,,,,High,High,High,,,,,,168.999383,81.181064,390.761697,0.153312,11:45,-0.993711,0.010426,-0.111486,-35.955942,5.186224,-89.390119,179.067215,47.555011,0.010987,0.737926,-0.674793,47.558793,0.629505,0.737926,0.010987,0.674793,-47.558793,-0.629505,-0.737926,-0.010987,0.674793,-179.067215,-47.555011,-0.010987,-0.737926,-0.674793,,,
74,2026-05-15,18:36:28.75,3,2,"Ballard, Carson",809806,Right,GIT_YEL,"Hendrickson, Carter",830138,Right,BOC_EAG,Undefined,2,Bottom,0,0,1,Sinker,Sinker,StrikeCalled,Undefined,Undefined,Undefined,0,0,,90.81513,-1.079106,-5.24906,2161.288871,260.283481,2:45,5.28933,2.27738,5.30017,-30.49006,5.00008,21.32942,1.73103,-0.88684,81.53222,-6.693397,-1.479526,0.428771,,,,,,,,,,,,-12.39536,3.2411,-1.81533,50,5.16894,11.04082,-131.06628,-3.65272,-21.17585,32.32542,-26.63703,BOC_EAG,GIT_YEL,HarringtonVillage,D1,ACC,20260515-HarringtonVillage-2,844b1240-50ae-11f1-82db-0184ec6d43b8,87.90813,,,9.28291,,,,,,,4293fdce-3634-4d91-8f36-83916a8b87e1,2026-05-15,22:36:28.75,2026-05-15T18:36:28.7530000-04:00,2026-05-15T22:36:28.7530000Z,,v3,227,100,26604,"Lackey, Vahn",822518,Right,GIT_YEL,ea951754-c207-436a-88c2-1e17223af580,55.19746,-132.34194,16.16271,5.29235,-2.60154,-13.31852,-2.26752,11.87648,-10.58793,,,,,,,,,,,,,,,,,,,,,,,,,,,,,,,,,,,,,,,,,,,,,,,,,,,High,High,High,,,,,,238.262083,24.885989,1960.606599,0.907147,2:00,-0.448162,-0.779283,-0.438027,65.248649,69.083405,52.681256,163.538119,-71.228824,0.091188,-0.946811,-0.308599,71.947406,-5.231946,0.946811,-0.091188,0.308599,-71.947406,5.231946,-0.946811,0.091188,0.308599,-163.538119,71.228824,-0.091188,0.946811,-0.308599,,,
75,2026-05-15,18:36:46.97,3,3,"Ballard, Carson",809806,Right,GIT_YEL,"Hendrickson, Carter",830138,Right,BOC_EAG,Undefined,2,Bottom,0,0,2,Fastball,Four-Seam,BallCalled,Undefined,Undefined,Undefined,0,0,,93.16561,-1.3542,-4.830885,2352.12926,218.811178,1:15,5.75573,1.84168,5.58306,-15.82765,17.39966,13.00985,3.16737,-1.5963,83.73481,-4.380573,-2.52187,0.414877,,,,,,,,,,,,-8.05465,9.54839,-1.43405,50,5.6289,10.75578,-134.57208,-3.6788,-14.56688,32.96026,-14.9057,BOC_EAG,GIT_YEL,HarringtonVillage,D1,ACC,20260515-HarringtonVillage-2,8f25b260-50ae-11f1-82db-0184ec6d43b8,90.85219,,,9.4308,,,,,,,4293fdce-3634-4d91-8f36-83916a8b87e1,2026-05-15,22:36:46.97,2026-05-15T18:36:46.9740000-04:00,2026-05-15T22:36:46.9740000Z,,v3,227,100,26604,"Lackey, Vahn",822518,Right,GIT_YEL,9095ed25-3795-4882-939e-7c196c334337,54.91183,-135.76979,16.48013,5.75274,-3.13715,-7.45285,-1.8345,11.28511,-7.28344,,,,,,,,,,,,,,,,,,,,,,,,,,,,,,,,,,,,,,,,,,,,,,,,,,,High,High,High,,,,,,225.672289,30.350283,2029.775697,0.862952,1:30,-0.539594,-0.629086,-0.559544,-79.56188,-42.81985,-36.025482,153.980613,-12.086927,0.42895,-0.209395,-0.878724,13.40333,-25.40096,0.209395,-0.42895,0.878724,-13.40333,25.40096,-0.209395,0.42895,0.878724,-153.980613,12.086927,-0.42895,0.209395,-0.878724,,,
76,2026-05-15,18:37:07.55,3,4,"Ballard, Carson",809806,Right,GIT_YEL,"Hendrickson, Carter",830138,Right,BOC_EAG,Undefined,2,Bottom,0,1,2,Slider,Slider,BallCalled,Undefined,Undefined,Undefined,0,0,,82.179,-1.700058,-3.809858,2518.788574,88.802071,9:00,5.80308,1.925,5.24583,-41.78668,1.31071,-8.37197,0.71921,-2.35828,74.99164,-9.267574,-5.290907,0.472495,,,,,,,,,,,,2.9852,1.63201,-1.56823,50,5.61578,8.26483,-118.83824,-5.03574,4.21308,25.55704,-29.87073,BOC_EAG,GIT_YEL,HarringtonVillage,D1,ACC,20260515-HarringtonVillage-2,9b7edc30-50ae-11f1-82db-0184ec6d43b8,79.77326,,,7.18736,,,,,,,4293fdce-3634-4d91-8f36-83916a8b87e1,2026-05-15,22:37:07.55,2026-05-15T18:37:07.5560000-04:00,2026-05-15T22:37:07.5560000Z,,v3,227,100,26604,"Lackey, Vahn",822518,Right,GIT_YEL,ea9670ba-df4f-4a8f-9bd2-91ce29e4707c,55.25165,-119.96233,12.77852,5.80838,-3.72191,-14.93537,-1.92767,8.07952,2.10654,,,,,,,,,,,,,,,,,,,,,,,,,,,,,,,,,,,,,,,,,,,,,,,,,,,High,High,High,,,,,,149.301985,80.304158,424.208926,0.168418,11:00,-0.995272,0.056698,-0.07886,-41.256253,14.217535,-86.628951,172.780143,42.493836,0.092668,0.675511,-0.731504,42.721089,5.317113,0.675511,0.092668,0.731504,-42.721089,-5.317113,-0.675511,-0.092668,0.731504,-172.780143,-42.493836,-0.092668,-0.675511,-0.731504,,,
77,2026-05-15,18:37:26.92,3,5,"Ballard, Carson",809806,Right,GIT_YEL,"Hendrickson, Carter",830138,Right,BOC_EAG,Undefined,2,Bottom,0,2,2,Fastball,Four-Seam,BallCalled,Undefined,Undefined,Undefined,0,0,,92.34197,0.89334,-2.059628,2303.916868,224.243487,1:30,5.79842,1.9534,5.73556,-20.88564,12.52745,11.04339,4.89044,0.95491,83.07379,-3.052731,-0.085171,0.416035,,,,,,,,,,,,-6.20107,6.42134,-1.78837,50,5.86027,4.29777,-133.8193,1.38909,-11.0934,32.50012,-20.68656,BOC_EAG,GIT_YEL,HarringtonVillage,D1,ACC,20260515-HarringtonVillage-2,a6f260f0-50ae-11f1-82db-0184ec6d43b8,90.59926,,,9.26818,,,,,,,4293fdce-3634-4d91-8f36-83916a8b87e1,2026-05-15,22:37:26.92,2026-05-15T18:37:26.9230000-04:00,2026-05-15T22:37:26.9230000Z,,v3,227,100,26604,"Lackey, Vahn",822518,Right,GIT_YEL,aa0bf745-5956-4326-b8a4-f5662f78bad0,54.75873,-134.97009,16.25006,5.79811,2.12158,-10.34328,-1.9475,4.69057,-5.5467,,,,,,,,,,,,,,,,,,,,,,,,,,,,,,,,,,,,,,,,,,,,,,,,,,,High,High,High,,,,,,222.274213,26.349299,2064.551121,0.896105,1:30,-0.476724,-0.595798,-0.646343,93.452655,35.324791,-27.147698,144.016934,-14.452752,0.568953,-0.249582,-0.783583,17.667368,-34.677213,0.249582,-0.568953,0.783583,-17.667368,34.677213,-0.249582,0.568953,0.783583,-144.016934,14.452752,-0.568953,0.249582,-0.783583,,,
78,2026-05-15,18:37:44.44,3,6,"Ballard, Carson",809806,Right,GIT_YEL,"Hendrickson, Carter",830138,Right,BOC_EAG,Undefined,2,Bottom,0,3,2,Fastball,Sinker,InPlay,Undefined,GroundBall,Out,1,0,,90.19157,-0.808129,-3.840388,2156.965191,260.89053,2:45,5.31236,2.28082,5.23791,-31.21667,4.79902,21.33773,1.94966,0.44399,80.8726,-6.556527,-0.062519,0.431934,64.78278,-22.588996,-30.522661,,,,,6.22055,5.29219,-27.186621,0.053703,-11.94831,3.05622,-1.94384,50,5.21495,7.75123,-130.37978,-3.04847,-20.14366,32.67103,-27.02154,BOC_EAG,GIT_YEL,HarringtonVillage,D1,ACC,20260515-HarringtonVillage-2,b1690f20-50ae-11f1-82db-0184ec6d43b8,87.26436,1.96645,,9.31897,,,,1.46166,1.96645,-0.44155,4293fdce-3634-4d91-8f36-83916a8b87e1,2026-05-15,22:37:44.44,2026-05-15T18:37:44.4470000-04:00,2026-05-15T22:37:44.4470000Z,GroundBall,v3,227,100,26604,"Lackey, Vahn",822518,Right,GIT_YEL,f9063a84-9f9a-4ac6-b93a-cda0bc598bc8,55.25944,-131.69112,16.33552,5.31555,-1.96389,-13.51077,-2.27118,8.55975,-10.07183,180,1.4595,75.81848,,,,,,,,1.96749,-36.61721,,,,,,,,-0.44028,-44.7009,,,,,,,,,,,,,,,,,,,,,,,,,,,,,,High,High,High,High,High,,,,239.478014,23.425946,1979.176655,0.917575,2:00,-0.41672,-0.795959,-0.439083,53.461807,70.228954,43.190907,158.90999,-69.482382,0.12612,-0.936564,-0.327018,70.752457,-7.245451,0.936564,-0.12612,0.327018,-70.752457,7.245451,-0.936564,0.12612,0.327018,-158.90999,69.482382,-0.12612,0.936564,-0.327018,,,
79,2026-05-15,18:38:35.00,4,1,"Ballard, Carson",809806,Right,GIT_YEL,"Hendrickson, Carter",830138,Right,BOC_EAG,Undefined,2,Bottom,1,0,0,Fastball,,StrikeCalled,Undefined,Undefined,Undefined,3,0,,,,,,,,,,,,,,,,,,,,,,,,,,,,,,,,,,,,,,,,,,BOC_EAG,GIT_YEL,HarringtonVillage,D1,ACC,20260515-HarringtonVillage-2,c3154a40-50ae-11f1-82db-0184ec6d43b8,,,,,,,,,,,4293fdce-3634-4d91-8f36-83916a8b87e1,2026-05-15,22:38:35.00,2026-05-15T18:38:35.0000000-04:00,2026-05-15T22:38:35.0000000Z,,v3,227,100,26604,"Lackey, Vahn",822518,Right,GIT_YEL,a8fa5777-a76c-4bfc-aefc-45bc185eec4a,,,,,,,,,,,,,,,,,,,,,,,,,,,,,,,,,,,,,,,,,,,,,,,,,,,,,,,,,,,,,,,,,,,,,,,,,,,,,,,,,,,,,,,,,,,,,,,,,,,,,
80,2026-05-15,18:39:56.29,1,1,"Mudd, Tyler",809052,Left,BOC_EAG,"Kerce, Carson",812668,Right,GIT_YEL,Undefined,3,Top,0,0,0,Fastball,Four-Seam,StrikeSwinging,Undefined,Undefined,Undefined,0,0,,87.423,-2.369092,1.873506,2147.24397,157.424947,11:15,5.70968,-1.05651,5.72785,-13.7141,23.73395,-9.28229,2.35797,-0.08454,78.5758,-5.051661,0.213793,0.440439,68.88989,31.374883,160.867141,2542.02635,,,,,45.57737,,,5.35485,13.27154,0.9061,50,5.50395,-3.74735,-126.6046,-5.57566,8.53816,30.0964,-11.01295,BOC_EAG,GIT_YEL,HarringtonVillage,D1,ACC,20260515-HarringtonVillage-2,fffe8d40-50ae-11f1-90ac-456ae51230df,85.57923,23.74638,,8.8472,,,,1.501,2.45936,0.09622,4293fdce-3634-4d91-8f36-83916a8b87e1,2026-05-15,22:39:56.29,2026-05-15T18:39:56.2990000-04:00,2026-05-15T22:39:56.2990000Z,,v3,227,100,26604,"Johnson, Gunnar",1000100233,Right,BOC_EAG,0f7278b8-27fe-494e-9348-0cf3fda8f97f,54.76856,-127.73315,15.0482,5.70528,-5.1627,-5.50647,1.05262,-4.06751,4.26908,335.397606,1.501,-81.49924,5.04843,0.53496,-0.37674,1.17311,-2.76252,3.44148,-1.68797,2.45936,52.60426,-28.54329,3.54084,-1.52055,3.79499,-8.84979,10.84445,-5.22005,0.09622,28.27402,-5.88672,0.69384,-0.20624,0.29786,-0.66705,0.80086,-0.3775,,,,,,,,,,,,,,,,,,,,,,,High,High,High,High,Undefined,,,,154.748111,-10.261843,2112.89643,0.984004,11:15,0.189653,0.42678,-0.884246,6.04716,-26.145769,46.415233,179.695328,2.922941,0.005311,0.050993,-0.998685,2.922982,0.304275,0.050993,0.005311,0.998685,-2.922982,-0.304275,-0.050993,-0.005311,0.998685,-179.695328,-2.922941,-0.005311,-0.050993,-0.998685,,,
81,2026-05-15,18:40:12.91,1,2,"Mudd, Tyler",809052,Left,BOC_EAG,"Kerce, Carson",812668,Right,GIT_YEL,Undefined,3,Top,0,0,1,ChangeUp,Changeup,BallCalled,Undefined,Undefined,Undefined,0,0,,83.25645,-3.227736,1.917581,1633.237976,149.917451,11:00,5.74485,-0.95732,5.6832,-24.441,16.95249,-8.92288,0.69459,0.08719,75.23475,-7.811859,0.321736,0.46306,,,,,,,,,,,,5.17134,10.11619,0.8016,50,5.45776,-3.67181,-120.47243,-7.53447,7.47354,27.03923,-17.55424,BOC_EAG,GIT_YEL,HarringtonVillage,D1,ACC,20260515-HarringtonVillage-2,09e6b710-50af-11f1-90ac-456ae51230df,81.39857,,,8.0217,,,,,,,4293fdce-3634-4d91-8f36-83916a8b87e1,2026-05-15,22:40:12.91,2026-05-15T18:40:12.9140000-04:00,2026-05-15T22:40:12.9140000Z,,v3,227,100,26604,"Johnson, Gunnar",1000100233,Right,BOC_EAG,c92963cd-d9c0-485b-a98e-8e4556fad570,54.81294,-121.54786,13.51961,5.74355,-6.83629,-8.77712,0.95355,-3.96906,3.73677,,,,,,,,,,,,,,,,,,,,,,,,,,,,,,,,,,,,,,,,,,,,,,,,,,,High,High,High,,,,,,152.657546,-6.539661,1622.610916,0.993493,11:00,0.117498,0.462008,-0.879058,-76.75935,0.06688,-60.756708,97.211819,-20.16456,0.93128,-0.344718,-0.117843,71.126784,-68.635256,0.344718,-0.93128,0.117843,-71.126784,68.635256,-0.344718,0.93128,0.117843,-97.211819,20.16456,-0.93128,0.344718,-0.117843,,,
82,2026-05-15,18:40:24.82,1,3,"Mudd, Tyler",809052,Left,BOC_EAG,"Kerce, Carson",812668,Right,GIT_YEL,Undefined,3,Top,0,1,1,Slider,Slider,InPlay,Undefined,GroundBall,Out,1,0,,79.1265,0.307056,1.78048,2241.50156,271.296642,3:00,5.05058,-1.85682,5.50276,-44.8742,1.81453,3.49358,1.59838,0.10008,70.60837,-7.975037,2.403287,0.491788,64.06293,-47.736152,-59.397498,,,,,4.16555,4.16555,-20.495666,0.026153,-1.10087,1.30394,1.69883,50,5.04757,-3.69799,-114.48526,-0.87204,-1.41366,27.52511,-30.49966,BOC_EAG,GIT_YEL,HarringtonVillage,D1,ACC,20260515-HarringtonVillage-2,11067210-50af-11f1-90ac-456ae51230df,76.64375,1.82439,,8.51813,,,,3.05783,1.82439,-0.03147,4293fdce-3634-4d91-8f36-83916a8b87e1,2026-05-15,22:40:24.82,2026-05-15T18:40:24.8220000-04:00,2026-05-15T22:40:24.8220000Z,GroundBall,v3,227,100,26604,"Johnson, Gunnar",1000100233,Right,BOC_EAG,4f5b4562-b6b9-4600-9d8a-04ed25abda39,54.99242,-115.67933,13.76256,5.0567,0.45107,-15.24983,1.85792,-3.63666,-0.70683,,3.0574,32.27308,,,,,,,,1.82533,-69.7586,,,,,,,,-0.03073,-54.56536,,,,,,,,,,,,,,,,,,,,,,,,,,,,,,High,High,High,Estimated,Estimated,,,,129.517169,-86.55451,134.711791,0.060099,10:15,0.999133,0.041012,-0.007202,-15.109664,43.87848,-44.904951,137.470323,29.60438,0.587729,0.494008,-0.640727,37.632674,35.995995,0.494008,0.587729,0.640727,-37.632674,-35.995995,-0.494008,-0.587729,0.640727,-137.470323,-29.60438,-0.587729,-0.494008,-0.640727,75.90527,14.60747,-20.02427
83,2026-05-15,18:40:58.02,2,1,"Mudd, Tyler",809052,Left,BOC_EAG,"Burress, Drew",806039,Right,GIT_YEL,Undefined,3,Top,1,0,0,Curveball,Curveball,BallCalled,Undefined,Undefined,Undefined,0,0,,76.71502,-0.975237,0.595159,2283.282011,313.187372,4:30,5.63982,-1.21108,5.40331,-55.58145,-6.81264,8.99193,0.0941,0.09594,70.47969,-11.031654,2.201313,0.502623,,,,,,,,,,,,-4.38996,-2.76614,1.15141,50,5.51356,-1.49379,-111.33971,-3.74707,-5.44734,22.13377,-35.60646,BOC_EAG,GIT_YEL,HarringtonVillage,D1,ACC,20260515-HarringtonVillage-2,24cf72b0-50af-11f1-90ac-456ae51230df,74.99146,,,6.23532,,,,,,,4293fdce-3634-4d91-8f36-83916a8b87e1,2026-05-15,22:40:58.02,2026-05-15T18:40:58.0220000-04:00,2026-05-15T22:40:58.0220000Z,,v3,227,100,26604,"Johnson, Gunnar",1000100233,Right,BOC_EAG,852f805b-2505-4d6e-8d9e-c5ef5cb74bb7,55.09792,-112.34858,11.06689,5.64736,-2.12411,-17.80323,1.21384,-1.2455,-2.72367,,,,,,,,,,,,,,,,,,,,,,,,,,,,,,,,,,,,,,,,,,,,,,,,,,,High,High,High,,,,,,333.773525,-83.276257,267.331897,0.117082,5:15,0.992714,-0.03483,0.115347,-35.557081,-0.932506,-61.775323,132.657241,30.11433,0.636158,0.501727,-0.586151,40.562495,39.505911,0.501727,0.636158,0.586151,-40.562495,-39.505911,-0.501727,-0.636158,0.586151,-132.657241,-30.11433,-0.636158,-0.501727,-0.586151,,,
84,2026-05-15,18:41:08.56,2,2,"Mudd, Tyler",809052,Left,BOC_EAG,"Burress, Drew",806039,Right,GIT_YEL,Undefined,3,Top,1,1,0,Slider,Slider,BallCalled,Undefined,Undefined,Undefined,0,0,,79.45682,0.717539,2.014127,2370.784232,275.083452,3:15,5.03856,-1.88859,5.37826,-44.95089,0.63409,10.21146,1.96576,0.85127,72.34248,-7.498125,3.82846,0.48594,,,,,,,,,,,,-4.55567,0.47028,1.70057,50,5.07088,-4.45228,-115.20685,-0.08159,-6.05187,23.71737,-31.54931,BOC_EAG,GIT_YEL,HarringtonVillage,D1,ACC,20260515-HarringtonVillage-2,2b171d30-50af-11f1-90ac-456ae51230df,77.56608,,,7.11434,,,,,,,4293fdce-3634-4d91-8f36-83916a8b87e1,2026-05-15,22:41:08.56,2026-05-15T18:41:08.5680000-04:00,2026-05-15T22:41:08.5680000Z,,v3,227,100,26604,"Johnson, Gunnar",1000100233,Right,BOC_EAG,fc1c0748-d0ef-4a96-9b47-e86ad12bad65,55.12126,-116.25637,11.85869,5.0436,1.3145,-15.77466,1.89166,-4.18448,-3.02594,,,,,,,,,,,,,,,,,,,,,,,,,,,,,,,,,,,,,,,,,,,,,,,,,,,High,High,High,,,,,,214.992101,-88.142631,76.84074,0.032412,1:15,0.999479,-0.031102,0.00858,-18.294413,29.561678,-54.203434,129.558292,31.752417,0.655585,0.52625,-0.541544,44.179415,40.964017,0.52625,0.655585,0.541544,-44.179415,-40.964017,-0.52625,-0.655585,0.541544,-129.558292,-31.752417,-0.655585,-0.52625,-0.541544,,,
85,2026-05-15,18:41:22.93,2,3,"Mudd, Tyler",809052,Left,BOC_EAG,"Burress, Drew",806039,Right,GIT_YEL,Undefined,3,Top,1,2,0,Curveball,Curveball,BallCalled,Undefined,Undefined,Undefined,0,0,,76.28432,-1.319359,0.019908,2356.216135,310.713845,4:15,5.63111,-1.29937,5.44903,-52.86019,-3.18429,5.80276,-0.00931,-0.79718,69.44524,-10.932525,1.05723,0.507276,,,,,,,,,,,,-2.92894,-0.67217,1.29347,50,5.47835,-0.25891,-110.57512,-4.28284,-3.55426,23.36973,-32.98974,BOC_EAG,GIT_YEL,HarringtonVillage,D1,ACC,20260515-HarringtonVillage-2,33abec00-50af-11f1-90ac-456ae51230df,74.30364,,,6.83909,,,,,,,4293fdce-3634-4d91-8f36-83916a8b87e1,2026-05-15,22:41:22.93,2026-05-15T18:41:22.9350000-04:00,2026-05-15T22:41:22.9350000Z,,v3,227,100,26604,"Johnson, Gunnar",1000100233,Right,BOC_EAG,c5c157a6-757d-410f-8018-c81bfdccbe54,55.04927,-111.63717,11.68487,5.63892,-2.78361,-16.49487,1.30156,-0.09739,-1.77713,,,,,,,,,,,,,,,,,,,,,,,,,,,,,,,,,,,,,,,,,,,,,,,,,,,High,High,High,,,,,,325.708336,-82.190414,320.16579,0.135881,4:45,0.992186,-0.053724,0.112607,-35.73654,2.763748,-62.187927,134.872755,30.279898,0.611993,0.504225,-0.60928,39.610279,37.733721,0.504225,0.611993,0.60928,-39.610279,-37.733721,-0.504225,-0.611993,0.60928,-134.872755,-30.279898,-0.611993,-0.504225,-0.60928,,,
86,2026-05-15,18:41:37.95,2,4,"Mudd, Tyler",809052,Left,BOC_EAG,"Burress, Drew",806039,Right,GIT_YEL,Undefined,3,Top,1,3,0,Slider,Slider,StrikeCalled,Undefined,Undefined,Undefined,0,0,,79.27138,1.129073,0.122651,2385.902982,285.516465,3:30,5.14149,-1.82756,5.40692,-46.06825,-0.37134,6.95831,2.36049,-1.13278,72.05161,-7.30671,1.36162,0.486536,,,,,,,,,,,,-3.43784,-0.02665,1.81171,50,5.21013,-0.52957,-114.96735,0.67908,-4.5535,23.37823,-32.20934,BOC_EAG,GIT_YEL,HarringtonVillage,D1,ACC,20260515-HarringtonVillage-2,3c9fa3b0-50af-11f1-90ac-456ae51230df,77.47105,,,7.21977,,,,,,,4293fdce-3634-4d91-8f36-83916a8b87e1,2026-05-15,22:41:37.95,2026-05-15T18:41:37.9550000-04:00,2026-05-15T22:41:37.9550000Z,,v3,227,100,26604,"Johnson, Gunnar",1000100233,Right,BOC_EAG,a6c11b68-c518-4738-9125-91f7401fd7ff,55.09012,-115.99779,11.68911,5.14891,2.09878,-16.10467,1.83062,-0.32887,-2.27675,,,,,,,,,,,,,,,,,,,,,,,,,,,,,,,,,,,,,,,,,,,,,,,,,,,High,High,High,,,,,,266.353575,-85.99945,166.455025,0.069766,3:00,0.996005,-0.089268,-0.002305,-33.082787,26.310389,-60.923166,139.688153,30.322023,0.558446,0.504859,-0.658221,37.488421,33.9484,0.504859,0.558446,0.658221,-37.488421,-33.9484,-0.504859,-0.558446,0.658221,-139.688153,-30.322023,-0.558446,-0.504859,-0.658221,,,
87,2026-05-15,18:41:49.52,2,5,"Mudd, Tyler",809052,Left,BOC_EAG,"Burress, Drew",806039,Right,GIT_YEL,Undefined,3,Top,1,3,1,Slider,Slider,FoulBallNotFieldable,Undefined,Undefined,Undefined,0,0,,78.83546,0.247994,2.409644,2350.786644,231.593421,1:45,5.05227,-1.86533,5.54598,-41.119,4.26709,3.67587,1.85765,0.69417,72.71135,-7.275337,3.064592,0.484878,99.01366,-12.748881,-82.792669,,,,,11.46551,8.08776,-62.84854,0.091198,-1.23803,2.42973,1.65399,50,5.04614,-4.95461,-114.4748,-0.83948,-1.64829,20.47469,-28.93918,BOC_EAG,GIT_YEL,HarringtonVillage,D1,ACC,20260515-HarringtonVillage-2,4381b970-50af-11f1-90ac-456ae51230df,77.73586,2.92818,,6.12411,,,,,,,4293fdce-3634-4d91-8f36-83916a8b87e1,2026-05-15,22:41:49.52,2026-05-15T18:41:49.5270000-04:00,2026-05-15T22:41:49.5270000Z,GroundBall,v3,227,100,26604,"Johnson, Gunnar",1000100233,Right,BOC_EAG,7bbb60ac-27d5-420e-9e02-abcb3e6e9bff,54.95482,-115.3576,10.23735,5.05543,0.40829,-14.46959,1.86609,-4.88354,-0.82414,,3.60804,17.8039,,,,,,,,2.92907,-32.10777,,,,,,,,2.64147,-140.78755,,,,,,,,,,,,,,,,,,,,,,,,,,,,,,High,High,High,Low,Low,,,,175.53931,-86.188269,156.276036,0.066478,11:45,0.999705,0.000852,-0.024267,-21.034953,35.933171,-51.606286,134.77187,31.103893,0.607853,0.516592,-0.603032,40.585239,37.434444,0.516592,0.607853,0.603032,-40.585239,-37.434444,-0.516592,-0.607853,0.603032,-134.77187,-31.103893,-0.607853,-0.516592,-0.603032,,,
88,2026-05-15,18:42:15.38,2,6,"Mudd, Tyler",809052,Left,BOC_EAG,"Burress, Drew",806039,Right,GIT_YEL,Undefined,3,Top,1,3,2,Fastball,Four-Seam,FoulBallNotFieldable,Undefined,Undefined,Undefined,0,0,,89.43823,-1.511582,2.171814,2206.982716,167.079764,11:30,5.70955,-0.90511,6.06799,-10.50209,24.78344,-5.38548,3.43422,0.65687,80.31724,-3.626448,1.203306,0.427533,56.92957,61.406785,143.91024,3756.786033,,,,128.41172,37.58654,147.828709,3.602083,3.49689,13.65363,0.73966,50,5.58688,-4.69184,-129.6436,-3.61634,5.84604,31.58172,-9.34813,BOC_EAG,GIT_YEL,HarringtonVillage,D1,ACC,20260515-HarringtonVillage-2,52e58b30-50af-11f1-90ac-456ae51230df,88.16259,61.3755,,9.12099,,,,1.60666,3.57237,-0.62797,4293fdce-3634-4d91-8f36-83916a8b87e1,2026-05-15,22:42:15.38,2026-05-15T18:42:15.3820000-04:00,2026-05-15T22:42:15.3820000Z,Popup,v3,227,100,26604,"Johnson, Gunnar",1000100233,Right,BOC_EAG,0f5a5117-413a-4c5a-a007-211a8ffd5e28,54.42837,-130.71791,15.79086,5.70449,-3.29834,-4.67407,0.90264,-4.89071,2.92302,347.839474,1.60713,-32.31174,-2.23271,1.08739,0.2689,-0.37483,0.15049,-0.02769,0.00196,3.57314,73.28874,-26.99711,2.79428,-0.2024,-0.1064,0.03532,-0.00349,4E-05,-0.62791,23.53826,-1.82627,0.26644,-0.07678,0.06114,-0.02994,0.00657,-0.00053,,,,,,,,,,,,,,,,,,,,,,,High,High,High,High,Low,,,,159.955883,-19.267581,2083.364783,0.943988,11:15,0.354707,0.332138,-0.873995,16.807319,-25.168336,24.556307,177.362801,-7.864032,0.045579,-0.136823,-0.989546,7.872265,-2.612381,0.136823,-0.045579,0.989546,-7.872265,2.612381,-0.136823,0.045579,0.989546,-177.362801,7.864032,-0.045579,0.136823,-0.989546,,,
89,2026-05-15,18:42:31.32,2,7,"Mudd, Tyler",809052,Left,BOC_EAG,"Burress, Drew",806039,Right,GIT_YEL,Undefined,3,Top,1,3,2,Slider,Slider,FoulBallNotFieldable,Undefined,Undefined,Undefined,0,0,,79.833,1.280007,1.757877,2290.39822,240.818424,2:00,5.11344,-1.74306,5.47309,-41.11738,4.09677,4.44886,2.88556,0.27319,72.10218,-6.300325,2.549585,0.483959,,,,,,,,,,,,-1.6863,2.06843,1.58539,50,5.19801,-3.72609,-115.67948,1.22071,-2.24801,24.83844,-29.41664,BOC_EAG,GIT_YEL,HarringtonVillage,D1,ACC,20260515-HarringtonVillage-2,5c6c0d00-50af-11f1-90ac-456ae51230df,77.88351,,,7.73081,,,,,,,4293fdce-3634-4d91-8f36-83916a8b87e1,2026-05-15,22:42:31.32,2026-05-15T18:42:31.3220000-04:00,2026-05-15T22:42:31.3220000Z,,v3,227,100,26604,"Johnson, Gunnar",1000100233,Right,BOC_EAG,6d5f3473-538d-47b7-92b8-d9f18a1e0b1c,55.0246,-116.75336,12.41922,5.11774,2.49253,-14.70832,1.74438,-3.6289,-1.12401,,,,,,,,,,,,,,,,,,,,,,,,,,,,,,,,,,,,,,,,,,,,,,,,,,,High,High,High,,,,,,145.641524,-84.88186,204.325616,0.08921,10:45,0.998679,0.028085,-0.043029,-20.280561,39.082811,-46.897459,137.431843,32.731249,0.569055,0.540699,-0.619533,41.112922,34.684331,0.540699,0.569055,0.619533,-41.112922,-34.684331,-0.540699,-0.569055,0.619533,-137.431843,-32.731249,-0.569055,-0.540699,-0.619533,,,
90,2026-05-15,18:42:46.67,2,8,"Mudd, Tyler",809052,Left,BOC_EAG,"Burress, Drew",806039,Right,GIT_YEL,Undefined,3,Top,1,3,2,Fastball,Four-Seam,InPlay,Undefined,GroundBall,Out,1,0,,87.54517,-1.33882,1.839429,2159.760902,164.743247,11:30,5.71914,-0.9876,5.88937,-15.91682,21.45517,-5.44906,3.14875,0.26685,78.06338,-4.444565,0.862204,0.439992,103.67909,-21.614754,-38.17922,,,,,10.65748,3.52468,-29.44036,0.057864,3.44862,11.87701,0.84251,50,5.60244,-3.84252,-126.77709,-3.36928,5.46597,32.23007,-13.34941,BOC_EAG,GIT_YEL,HarringtonVillage,D1,ACC,20260515-HarringtonVillage-2,65924660-50af-11f1-90ac-456ae51230df,85.66624,3.24786,,9.4818,,,,2.83776,3.24786,-0.17159,4293fdce-3634-4d91-8f36-83916a8b87e1,2026-05-15,22:42:46.67,2026-05-15T18:42:46.6730000-04:00,2026-05-15T22:42:46.6730000Z,GroundBall,v3,227,100,26604,"Johnson, Gunnar",1000100233,Right,BOC_EAG,667d71d5-9b7b-47c9-997a-a67d358148b8,54.60564,-127.94261,16.11504,5.71555,-2.88654,-6.67471,0.98504,-4.04018,2.73298,,2.83564,111.35539,,,,,,,,3.24893,-56.12893,,,,,,,,-0.16992,-87.56268,,,,,,,,,,,,,,,,,,,,,,,,,,,,,,High,High,High,Low,Low,,,,156.345439,-13.033278,2104.12383,0.974239,11:15,0.244855,0.396048,-0.884981,16.948837,-24.836836,31.600414,179.685182,-4.86574,0.005475,-0.084821,-0.996381,4.865813,-0.313684,0.084821,-0.005475,0.996381,-4.865813,0.313684,-0.084821,0.005475,0.996381,-179.685182,4.86574,-0.005475,0.084821,-0.996381,,,
91,2026-05-15,18:43:19.89,3,1,"Mudd, Tyler",809052,Left,BOC_EAG,"Advincula, Jarren",814181,Left,GIT_YEL,Undefined,3,Top,2,0,0,Slider,Slider,BallCalled,Undefined,Undefined,Undefined,0,0,,79.76118,-0.709638,0.684239,2246.975088,254.713529,2:30,5.15205,-1.85904,5.60738,-42.19105,2.70591,4.15733,0.97365,-0.87386,72.56092,-8.460015,1.427906,0.482258,,,,,,,,,,,,-1.89406,2.04496,1.79776,50,5.06424,-1.54445,-115.69678,-2.82415,-2.53302,24.27713,-29.43925,BOC_EAG,GIT_YEL,HarringtonVillage,D1,ACC,20260515-HarringtonVillage-2,795f1790-50af-11f1-90ac-456ae51230df,78.15818,,,7.20027,,,,,,,4293fdce-3634-4d91-8f36-83916a8b87e1,2026-05-15,22:43:19.89,2026-05-15T18:43:19.8930000-04:00,2026-05-15T22:43:19.8930000Z,,v3,227,100,26604,"Johnson, Gunnar",1000100233,Right,BOC_EAG,9520c4c4-ff96-4487-b9bd-13166c92e452,54.89009,-116.71838,12.13857,5.15701,-1.58532,-14.71962,1.86051,-1.43786,-1.26651,,,,,,,,,,,,,,,,,,,,,,,,,,,,,,,,,,,,,,,,,,,,,,,,,,,High,High,High,,,,,,140.468633,-84.673508,208.588872,0.092831,10:45,0.995658,0.071414,-0.059712,-30.696175,33.647834,-50.170084,139.348497,31.235494,0.557023,0.518557,-0.648709,38.637685,33.850196,0.518557,0.557023,0.648709,-38.637685,-33.850196,-0.518557,-0.557023,0.648709,-139.348497,-31.235494,-0.557023,-0.518557,-0.648709,,,
92,2026-05-15,18:43:33.05,3,2,"Mudd, Tyler",809052,Left,BOC_EAG,"Advincula, Jarren",814181,Left,GIT_YEL,Undefined,3,Top,2,1,0,Fastball,Four-Seam,BallCalled,Undefined,Undefined,Undefined,0,0,,87.72586,-1.539044,3.899927,2181.35872,144.901939,10:45,5.19022,-1.63464,5.95325,-18.09887,19.00493,-12.34662,2.251,0.95889,78.49542,-5.027419,1.688516,0.43841,,,,,,,,,,,,7.58729,10.63753,1.33083,50,5.05757,-8.11559,-126.84682,-3.90335,12.10514,30.97214,-15.20242,BOC_EAG,GIT_YEL,HarringtonVillage,D1,ACC,20260515-HarringtonVillage-2,813885a0-50af-11f1-90ac-456ae51230df,85.97528,,,9.23044,,,,,,,4293fdce-3634-4d91-8f36-83916a8b87e1,2026-05-15,22:43:33.05,2026-05-15T18:43:33.0540000-04:00,2026-05-15T22:43:33.0540000Z,,v3,227,100,26604,"Johnson, Gunnar",1000100233,Right,BOC_EAG,fde23920-4375-4693-a90f-fb97bdebe864,54.54041,-127.95065,15.48607,5.18702,-3.36154,-7.60121,1.62775,-8.54701,6.05257,,,,,,,,,,,,,,,,,,,,,,,,,,,,,,,,,,,,,,,,,,,,,,,,,,,High,High,High,,,,,,140.586648,-23.394735,2002.031653,0.917791,10:45,0.428614,0.593169,-0.681499,-47.953847,42.667114,-57.739204,92.646464,15.145062,0.964238,0.261264,-0.044569,80.319018,74.630785,0.261264,0.964238,0.044569,-80.319018,-74.630785,-0.261264,-0.964238,0.044569,-92.646464,-15.145062,-0.964238,-0.261264,-0.044569,,,
93,2026-05-15,18:43:46.67,3,3,"Mudd, Tyler",809052,Left,BOC_EAG,"Advincula, Jarren",814181,Left,GIT_YEL,Undefined,3,Top,2,2,0,Slider,Slider,StrikeCalled,Undefined,Undefined,Undefined,0,0,,78.52899,0.496342,1.527445,2324.9751,248.818074,2:15,5.07014,-1.92468,5.52635,-43.09502,3.46036,4.68044,1.94308,-0.10636,71.17509,-7.434103,2.362032,0.491085,,,,,,,,,,,,-1.86488,2.09366,1.78871,50,5.08491,-3.22078,-113.82795,-0.43089,-2.41156,23.69784,-29.46667,BOC_EAG,GIT_YEL,HarringtonVillage,D1,ACC,20260515-HarringtonVillage-2,8956ebf0-50af-11f1-90ac-456ae51230df,76.75342,,,7.3539,,,,,,,4293fdce-3634-4d91-8f36-83916a8b87e1,2026-05-15,22:43:46.67,2026-05-15T18:43:46.6720000-04:00,2026-05-15T22:43:46.6720000Z,,v3,227,100,26604,"Johnson, Gunnar",1000100233,Right,BOC_EAG,f061eaad-fcf8-46f7-bf64-4dfe9268a6a7,54.9697,-114.85793,11.84892,5.0758,0.84983,-14.73333,1.92642,-3.11597,-1.20578,,,,,,,,,,,,,,,,,,,,,,,,,,,,,,,,,,,,,,,,,,,,,,,,,,,High,High,High,,,,,,161.715164,-84.538315,221.291326,0.09518,11:30,0.997737,0.021237,-0.063802,-27.506211,36.940623,-50.471103,139.794627,32.220821,0.546117,0.533184,-0.64612,39.529748,33.10106,0.533184,0.546117,0.64612,-39.529748,-33.10106,-0.533184,-0.546117,0.64612,-139.794627,-32.220821,-0.546117,-0.533184,-0.64612,,,
94,2026-05-15,18:44:01.31,3,4,"Mudd, Tyler",809052,Left,BOC_EAG,"Advincula, Jarren",814181,Left,GIT_YEL,Undefined,3,Top,2,2,1,Fastball,Sinker,FoulBallNotFieldable,Undefined,Undefined,Undefined,0,0,,87.11109,-0.472686,2.877595,2187.490435,134.600655,10:30,5.18452,-1.6233,6.16435,-20.60859,16.81296,-15.53757,3.02995,-0.25776,77.54599,-4.446047,0.078395,0.440283,68.03139,55.409338,-55.072887,5578.130851,42.38274,80.94791,-101.50706,160.02957,69.35842,-68.958871,4.762863,9.02949,9.26422,1.41263,50,5.13828,-5.70088,-126.14159,-1.60316,14.15153,32.18332,-17.65466,BOC_EAG,GIT_YEL,HarringtonVillage,D1,ACC,20260515-HarringtonVillage-2,920bc5e0-50af-11f1-90ac-456ae51230df,85.60949,88.39415,,9.5651,,,,0.69399,2.91555,0.36042,4293fdce-3634-4d91-8f36-83916a8b87e1,2026-05-15,22:44:01.31,2026-05-15T18:44:01.3170000-04:00,2026-05-15T22:44:01.3170000Z,Popup,v3,227,100,26604,"Johnson, Gunnar",1000100233,Right,BOC_EAG,3fac9bb2-b0d4-4bbd-9d9c-5c3574b4c346,54.33028,-127.24161,16.09166,5.18277,-0.99972,-8.82733,1.61575,-6.18457,7.07576,,0.69768,32.3149,-12.58678,2.8353,0.4508,-0.60267,0.19894,-0.02932,0.00164,2.90546,82.35778,-23.97113,3.48333,-1.40591,0.47672,-0.09198,0.00868,-0.00031,0.36155,-46.458,6.89566,-1.4154,0.14005,0.0479,-0.02426,0.00408,-0.00025,,,,,,,,,,,,,,,,,,,,,,,High,High,High,Medium,Low,,,,138.783299,-24.107295,1996.702287,0.912782,10:45,0.437432,0.604789,-0.665495,-90.673527,28.34415,59.247724,93.777455,13.492616,0.970287,0.23332,-0.064063,74.646596,75.998035,0.23332,0.970287,0.064063,-74.646596,-75.998035,-0.23332,-0.970287,0.064063,-93.777455,-13.492616,-0.970287,-0.23332,-0.064063,68.20439,5.23318,2.62284
95,2026-05-15,18:44:23.15,3,5,"Mudd, Tyler",809052,Left,BOC_EAG,"Advincula, Jarren",814181,Left,GIT_YEL,Undefined,3,Top,2,2,2,Slider,Slider,InPlay,Undefined,GroundBall,Single,0,0,,80.97643,0.451256,2.663577,2307.73488,271.832194,3:00,5.12368,-1.77791,5.44844,-42.34798,1.19673,6.25111,2.01762,1.2385,74.1133,-7.285929,3.774814,0.47494,67.37364,-48.494225,-17.750882,,,,,3.19982,3.19982,-34.146172,0.026446,-2.38484,0.86307,1.53812,50,5.13434,-5.71353,-117.43226,-0.53141,-3.31454,23.21644,-30.9745,BOC_EAG,GIT_YEL,HarringtonVillage,D1,ACC,20260515-HarringtonVillage-2,9f13cd50-50af-11f1-90ac-456ae51230df,79.36245,1.96317,,6.86313,,,,0.99368,1.96317,-1.26644,4293fdce-3634-4d91-8f36-83916a8b87e1,2026-05-15,22:44:23.15,2026-05-15T18:44:23.1570000-04:00,2026-05-15T22:44:23.1570000Z,GroundBall,v3,227,100,26604,"Johnson, Gunnar",1000100233,Right,BOC_EAG,23b72ad5-1be6-48fb-8cea-29a6d1294692,55.05062,-118.42656,11.60822,5.12869,0.79515,-15.48725,1.77978,-5.57158,-1.65727,,0.99285,62.56145,,,,,,,,1.96416,-74.23263,,,,,,,,-1.26617,-20.02714,,,,,,,,,,,,,,,,,,,,,,,,,,,,,,High,High,High,Estimated,Estimated,,,,153.373062,-86.647326,134.960505,0.058482,11:00,0.999815,0.018347,-0.005823,-26.222493,33.831768,-52.618011,138.192456,29.68925,0.579118,0.495296,-0.647537,37.412075,35.388554,0.495296,0.579118,0.647537,-37.412075,-35.388554,-0.495296,-0.579118,0.647537,-138.192456,-29.68925,-0.579118,-0.495296,-0.647537,,,
96,2026-05-15,18:45:27.73,4,1,"Mudd, Tyler",809052,Left,BOC_EAG,"Lackey, Vahn",822518,Right,GIT_YEL,Undefined,3,Top,2,0,0,Slider,Slider,BallCalled,Undefined,Undefined,Undefined,0,0,,78.73909,1.414968,0.142729,2316.183547,262.213381,2:45,5.09462,-2.09693,5.16451,-43.91998,2.1076,5.52453,2.76663,-1.50222,72.5597,-6.571631,1.121496,0.488293,,,,,,,,,,,,-2.71032,1.11386,2.07925,50,5.19295,-0.50995,-114.33582,1.28415,-3.61053,19.82882,-30.69022,BOC_EAG,GIT_YEL,HarringtonVillage,D1,ACC,20260515-HarringtonVillage-2,c59dfb80-50af-11f1-90ac-456ae51230df,77.19225,,,6.17939,,,,,,,4293fdce-3634-4d91-8f36-83916a8b87e1,2026-05-15,22:45:27.73,2026-05-15T18:45:27.7380000-04:00,2026-05-15T22:45:27.7380000Z,,v3,227,100,26604,"Johnson, Gunnar",1000100233,Right,BOC_EAG,c899c4c5-8908-412f-8603-9199b2f56906,55.33449,-115.25724,9.91441,5.10014,2.7103,-15.34511,2.09905,-0.34217,-1.80527,,,,,,,,,,,,,,,,,,,,,,,,,,,,,,,,,,,,,,,,,,,,,,,,,,,High,High,High,,,,,,261.322366,-86.394675,145.64921,0.062883,2:45,0.996202,-0.086789,-0.007006,-25.325765,28.890357,-53.304224,138.188583,35.832684,0.540498,0.58542,-0.604272,44.092169,32.717567,0.58542,0.540498,0.604272,-44.092169,-32.717567,-0.58542,-0.540498,0.604272,-138.188583,-35.832684,-0.540498,-0.58542,-0.604272,,,
97,2026-05-15,18:45:42.47,4,2,"Mudd, Tyler",809052,Left,BOC_EAG,"Lackey, Vahn",822518,Right,GIT_YEL,Undefined,3,Top,2,1,0,ChangeUp,Changeup,FoulBallNotFieldable,Undefined,Undefined,Undefined,0,0,,81.00299,-1.201898,2.135685,1558.74621,144.791869,10:45,5.85904,-1.32868,5.66868,-27.68053,15.19851,-9.77477,2.43077,-0.15106,74.3425,-6.350584,0.389014,0.471296,,,,,,,,,,,,5.60551,8.46,1.15479,50,5.7401,-4.0119,-117.59388,-3.31877,7.86062,21.99447,-20.31057,BOC_EAG,GIT_YEL,HarringtonVillage,D1,ACC,20260515-HarringtonVillage-2,ce56a600-50af-11f1-90ac-456ae51230df,79.97613,,,6.66049,,,,,,,4293fdce-3634-4d91-8f36-83916a8b87e1,2026-05-15,22:45:42.47,2026-05-15T18:45:42.4710000-04:00,2026-05-15T22:45:42.4710000Z,,v3,227,100,26604,"Johnson, Gunnar",1000100233,Right,BOC_EAG,84c4b3be-cd2c-46fc-aaac-03989691927b,54.83093,-118.49401,10.99723,5.85891,-2.48756,-10.15529,1.32556,-4.33359,3.93031,,,,,,,,,,,,,,,,,,,,,,,,,,,,,,,,,,,,,,,,,,,,,,,,,,,High,High,High,,,,,,151.924561,0.645919,1558.647161,0.999936,11:00,0.011752,0.470264,-0.882448,-81.329283,-1.775066,-58.338366,97.773366,-24.931438,0.89848,-0.421533,-0.122651,73.776915,-63.958982,0.421533,-0.89848,0.122651,-73.776915,63.958982,-0.421533,0.89848,0.122651,-97.773366,24.931438,-0.89848,0.421533,-0.122651,,,
98,2026-05-15,18:46:02.19,4,3,"Mudd, Tyler",809052,Left,BOC_EAG,"Lackey, Vahn",822518,Right,GIT_YEL,Undefined,3,Top,2,1,1,Slider,Slider,StrikeCalled,Undefined,Undefined,Undefined,0,0,,80.06746,0.194368,1.161403,2279.095709,251.158893,2:15,5.08421,-2.27178,5.51749,-41.91022,3.27091,4.53492,1.77347,-0.80779,71.94928,-7.538529,1.9703,0.483782,,,,,,,,,,,,-1.86154,2.14177,2.16762,50,5.0738,-2.53844,-115.94528,-1.01968,-2.47574,26.32842,-29.32562,BOC_EAG,GIT_YEL,HarringtonVillage,D1,ACC,20260515-HarringtonVillage-2,da1c1b50-50af-11f1-90ac-456ae51230df,77.91197,,,8.11817,,,,,,,4293fdce-3634-4d91-8f36-83916a8b87e1,2026-05-15,22:46:02.19,2026-05-15T18:46:02.1900000-04:00,2026-05-15T22:46:02.1900000Z,,v3,227,100,26604,"Johnson, Gunnar",1000100233,Right,BOC_EAG,1315c714-bcb4-4c43-b35e-6ede66f0fc9b,54.97597,-117.06975,13.16421,5.0906,0.2328,-14.66281,2.27378,-2.4327,-1.23787,,,,,,,,,,,,,,,,,,,,,,,,,,,,,,,,,,,,,,,,,,,,,,,,,,,High,High,High,,,,,,137.862438,-84.114837,233.686984,0.102535,10:30,0.996294,0.065417,-0.055851,-9.542452,48.016773,-40.701567,134.730329,31.227288,0.607499,0.518434,-0.601807,40.743686,37.408851,0.518434,0.607499,0.601807,-40.743686,-37.408851,-0.518434,-0.607499,0.601807,-134.730329,-31.227288,-0.607499,-0.518434,-0.601807,,,
99,2026-05-15,18:46:17.57,4,4,"Mudd, Tyler",809052,Left,BOC_EAG,"Lackey, Vahn",822518,Right,GIT_YEL,Undefined,3,Top,2,1,2,Curveball,Curveball,StrikeCalled,Strikeout,Undefined,Undefined,1,0,,75.93245,0.299437,-0.345172,2291.012303,291.52748,3:45,5.78522,-1.3512,5.21867,-52.53837,-2.23173,10.13465,1.68857,-0.83119,69.11805,-9.25438,1.455562,0.510486,,,,,,,,,,,,-5.16307,-0.67957,1.37516,50,5.77363,0.26414,-110.09474,-1.20453,-6.24716,22.13096,-32.99628,BOC_EAG,GIT_YEL,HarringtonVillage,D1,ACC,20260515-HarringtonVillage-2,e351be00-50af-11f1-90ac-456ae51230df,73.83633,,,6.81439,,,,,,,4293fdce-3634-4d91-8f36-83916a8b87e1,2026-05-15,22:46:17.57,2026-05-15T18:46:17.5780000-04:00,2026-05-15T22:46:17.5780000Z,,v3,227,100,26604,"Johnson, Gunnar",1000100233,Right,BOC_EAG,cc6ad5c7-0c33-4714-bee3-ed2ac444a1f8,55.27941,-111.15093,11.06548,5.79354,0.3702,-16.49814,1.35544,0.56228,-3.12358,,,,,,,,,,,,,,,,,,,,,,,,,,,,,46.02852,,,,,,,-4.53666,3.54358,3.75445,,,,-4.52334,62.66277,-3.9569,3.57333,16.15108,-16.39238,3.75541,18.19038,-0.76251,High,High,High,,,High,High,Low,343.711344,-82.35777,304.6747,0.132987,5:30,0.99166,-0.042479,0.121677,-30.292625,0.267117,-55.780911,129.161873,36.299592,0.624892,0.592007,-0.508957,49.313881,38.674244,0.592007,0.624892,0.508957,-49.313881,-38.674244,-0.592007,-0.624892,0.508957,-129.161873,-36.299592,-0.624892,-0.592007,-0.508957,,,
100,2026-05-15,18:48:23.32,1,1,"Ballard, Carson",809806,Right,GIT_YEL,"Williams, Ben",831962,Right,BOC_EAG,Undefined,3,Bottom,0,0,0,Slider,Slider,StrikeCalled,Undefined,Undefined,Undefined,0,0,,82.31885,0.078352,-0.306953,2601.277284,94.397401,9:15,5.8196,1.97741,5.1822,-40.25817,2.24839,-11.2282,2.53847,0.75292,75.23464,-7.257175,-2.298045,0.469245,,,,,,,,,,,,5.49528,1.52874,-1.94006,50,5.79646,1.12022,-119.4365,-1.30337,7.89845,24.07057,-29.97675,BOC_EAG,GIT_YEL,HarringtonVillage,D1,ACC,20260515-HarringtonVillage-2,2e388c00-50b0-11f1-90ac-456ae51230df,80.32576,,,7.08421,,,,,,,4293fdce-3634-4d91-8f36-83916a8b87e1,2026-05-15,22:48:23.32,2026-05-15T18:48:23.3210000-04:00,2026-05-15T22:48:23.3210000Z,,v3,227,100,26604,"Lackey, Vahn",822518,Right,GIT_YEL,f354b68c-1e4c-4f81-833c-c2d7a75e0a16,55.31577,-120.50305,12.03529,5.82478,0.02487,-14.98837,-1.98194,0.77024,3.94923,,,,,,,,,,,,,,,,,,,,,,,,,,,,,,,,,,,,,,,,,,,,,,,,,,,High,High,High,,,,,,155.876157,80.24496,440.750517,0.169436,11:15,-0.98626,0.070598,-0.149357,-33.799996,11.455757,-88.679441,174.847974,46.57086,0.061733,0.726225,-0.68468,46.686647,3.539276,0.726225,0.061733,0.68468,-46.686647,-3.539276,-0.726225,-0.061733,0.68468,-174.847974,-46.57086,-0.061733,-0.726225,-0.68468,,,
101,2026-05-15,18:48:37.58,1,2,"Ballard, Carson",809806,Right,GIT_YEL,"Williams, Ben",831962,Right,BOC_EAG,Undefined,3,Bottom,0,0,1,Slider,Slider,BallCalled,Undefined,Undefined,Undefined,0,0,,83.12882,-2.330797,-3.108835,2588.378418,87.92174,9:00,5.86499,1.81511,5.37472,-40.68049,0.98429,-10.47713,0.2854,-1.9754,76.33289,-9.690833,-4.970017,0.464575,,,,,,,,,,,,4.33855,1.60638,-1.52875,50,5.62714,6.97233,-120.35808,-6.36165,6.31371,25.08606,-29.83635,BOC_EAG,GIT_YEL,HarringtonVillage,D1,ACC,20260515-HarringtonVillage-2,36bce010-50b0-11f1-90ac-456ae51230df,81.13316,,,6.79593,,,,,,,4293fdce-3634-4d91-8f36-83916a8b87e1,2026-05-15,22:48:37.58,2026-05-15T18:48:37.5890000-04:00,2026-05-15T22:48:37.5890000Z,,v3,227,100,26604,"Lackey, Vahn",822518,Right,GIT_YEL,5f4fa192-7f7f-4fdf-89e7-2a5f005251eb,55.1238,-121.42133,12.54303,5.86997,-5.09706,-14.91817,-1.8186,6.70473,3.15686,,,,,,,,,,,,,,,,,,,,,,,,,,,,,,,,,,,,,,,,,,,,,,,,,,,High,High,High,,,,,,157.307529,81.209546,395.559046,0.152821,11:15,-0.996024,0.018716,-0.087102,-36.718811,15.808452,-84.375072,172.656839,46.365731,0.088197,0.723759,-0.684393,46.60134,5.059881,0.723759,0.088197,0.684393,-46.60134,-5.059881,-0.723759,-0.088197,0.684393,-172.656839,-46.365731,-0.088197,-0.723759,-0.684393,,,
102,2026-05-15,18:48:51.91,1,3,"Ballard, Carson",809806,Right,GIT_YEL,"Williams, Ben",831962,Right,BOC_EAG,Undefined,3,Bottom,0,1,1,Curveball,Curveball,BallCalled,Undefined,Undefined,Undefined,0,0,,75.79699,0.503067,-2.009738,2728.106161,80.74063,8:45,5.5947,2.0704,5.02944,-52.17928,-1.63898,-19.93804,1.72139,-1.48813,69.64739,-8.912368,-5.529492,0.51167,,,,,,,,,,,,9.3206,-0.50106,-1.8614,50,5.60091,4.643,-109.91836,-0.83149,11.32287,20.76388,-32.78274,BOC_EAG,GIT_YEL,HarringtonVillage,D1,ACC,20260515-HarringtonVillage-2,3f4e5380-50b0-11f1-90ac-456ae51230df,73.66547,,,6.1496,,,,,,,4293fdce-3634-4d91-8f36-83916a8b87e1,2026-05-15,22:48:51.91,2026-05-15T18:48:51.9160000-04:00,2026-05-15T22:48:51.9160000Z,,v3,227,100,26604,"Lackey, Vahn",822518,Right,GIT_YEL,a7a6f9ed-0bf7-4ad0-a656-c6898442df54,55.47116,-110.94707,10.38194,5.60188,0.79267,-16.39137,-2.07754,4.08203,5.66143,,,,,,,,,,,,,,,,,,,,,,,,,,,,,,,,,,,,,,,,,,,,,,,,,,,High,High,High,,,,,,66.500612,59.613662,1379.952732,0.505828,8:15,-0.850927,0.471433,0.231677,56.497798,-43.062002,66.685545,163.037611,38.360898,0.228761,0.620613,-0.750005,39.607004,13.224161,0.620613,0.228761,0.750005,-39.607004,-13.224161,-0.620613,-0.228761,0.750005,-163.037611,-38.360898,-0.228761,-0.620613,-0.750005,,,
103,2026-05-15,18:49:08.45,1,4,"Ballard, Carson",809806,Right,GIT_YEL,"Williams, Ben",831962,Right,BOC_EAG,Undefined,3,Bottom,0,2,1,Sinker,Sinker,BallCalled,Undefined,Undefined,Undefined,0,0,,90.12866,-0.411811,-2.663974,2103.559835,256.749503,2:30,5.40194,2.2893,5.23247,-29.40269,6.14292,20.94332,2.5642,1.52867,81.80335,-5.816347,1.048421,0.429106,,,,,,,,,,,,-11.19457,3.56189,-2.05998,50,5.34235,5.09002,-130.6161,-2.07528,-19.19521,29.4254,-26.06651,BOC_EAG,GIT_YEL,HarringtonVillage,D1,ACC,20260515-HarringtonVillage-2,491a42c0-50b0-11f1-90ac-456ae51230df,87.83946,,,8.32531,,,,,,,4293fdce-3634-4d91-8f36-83916a8b87e1,2026-05-15,22:49:08.45,2026-05-15T18:49:08.4500000-04:00,2026-05-15T22:49:08.4500000Z,,v3,227,100,26604,"Lackey, Vahn",822518,Right,GIT_YEL,17f87c61-1b49-4c90-8a6f-ed8bc306107e,55.26559,-131.797,14.7127,5.40465,-1.02918,-13.03326,-2.27971,5.86036,-9.59761,,,,,,,,,,,,,,,,,,,,,,,,,,,,,,,,,,,,,,,,,,,,,,,,,,,High,High,High,,,,,,236.761046,19.883243,1978.161662,0.940388,2:00,-0.358039,-0.788957,-0.499355,61.407656,68.33756,52.436475,152.274154,-70.871911,0.152451,-0.944788,-0.290058,72.933071,-8.768982,0.944788,-0.152451,0.290058,-72.933071,8.768982,-0.944788,0.152451,0.290058,-152.274154,70.871911,-0.152451,0.944788,-0.290058,,,
104,2026-05-15,18:49:23.96,1,5,"Ballard, Carson",809806,Right,GIT_YEL,"Williams, Ben",831962,Right,BOC_EAG,Undefined,3,Bottom,0,3,1,Slider,Slider,FoulBallNotFieldable,Undefined,Undefined,Undefined,0,0,,82.61621,-0.5504,-1.005746,2609.303111,133.451241,10:30,5.88915,2.14382,5.16094,-36.99652,5.16441,-4.02008,2.28796,0.86207,75.65559,-7.296085,-1.718208,0.467333,90.45778,11.494103,48.532419,3254.322423,67.74876,16.54835,86.66069,224.94134,206.25954,56.959183,2.29207,1.72362,3.12166,-2.04674,50,5.80954,2.27432,-119.86379,-2.48534,2.50071,23.76336,-27.64497,BOC_EAG,GIT_YEL,HarringtonVillage,D1,ACC,20260515-HarringtonVillage-2,526234f0-50b0-11f1-90ac-456ae51230df,80.65433,16.72447,,6.96062,,,,0.88812,2.20265,-1.03274,4293fdce-3634-4d91-8f36-83916a8b87e1,2026-05-15,22:49:23.96,2026-05-15T18:49:23.9670000-04:00,2026-05-15T22:49:23.9670000Z,LineDrive,v3,227,100,26604,"Lackey, Vahn",822518,Right,GIT_YEL,585925a2-b4b6-4d1c-8ae5-563ed6340780,55.33741,-120.91732,11.88168,5.89255,-1.25972,-13.82249,-2.14511,2.16345,1.25035,,0.88808,86.0941,-22.0988,5.08089,-1.11034,0.19598,-0.00333,-0.00971,0.00171,2.2027,26.43436,-11.88569,-0.31474,0.20452,0.00808,-0.05951,0.026,-0.00358,-1.03272,97.42018,-9.10346,1.56108,-0.22432,0.05338,-0.02786,0.00927,-0.00117,,,,,,,,,,,,,,,,,,,,,,,High,High,High,High,Medium,,,,162.092068,80.120802,447.681859,0.171571,11:30,-0.988347,0.04329,-0.145933,-37.627296,16.999773,-83.150717,171.499268,41.212475,0.111202,0.658853,-0.744007,41.526404,6.384628,0.658853,0.111202,0.744007,-41.526404,-6.384628,-0.658853,-0.111202,0.744007,-171.499268,-41.212475,-0.111202,-0.658853,-0.744007,71.39029,0.97639,14.95624
105,2026-05-15,18:49:42.63,1,6,"Ballard, Carson",809806,Right,GIT_YEL,"Williams, Ben",831962,Right,BOC_EAG,Undefined,3,Bottom,0,3,2,Sinker,Sinker,BallCalled,Walk,Undefined,Undefined,0,0,,90.24778,0.165407,-4.104487,2181.825136,246.167711,2:15,5.50386,2.18841,5.45303,-26.71324,8.59993,16.68339,3.433,-0.27026,81.5811,-4.790051,-1.143885,0.4277,,,,,,,,,,,,-9.56784,4.64744,-1.83733,50,5.50046,8.5959,-130.59084,-0.59937,-16.37951,29.72481,-24.2179,BOC_EAG,GIT_YEL,HarringtonVillage,D1,ACC,20260515-HarringtonVillage-2,5d7a5340-50b0-11f1-90ac-456ae51230df,88.12813,,,8.66668,,,,,,,4293fdce-3634-4d91-8f36-83916a8b87e1,2026-05-15,22:49:42.63,2026-05-15T18:49:42.6330000-04:00,2026-05-15T22:49:42.6330000Z,,v3,227,100,26604,"Lackey, Vahn",822518,Right,GIT_YEL,ce165446-0580-4daa-97f0-2baa345cab71,55.0435,-131.73383,14.86241,5.5056,0.33186,-12.10895,-2.17997,9.22573,-8.18976,,,,,,,,,,,,,,,,,,,,,,,,,,,,,,,,,,,,,,,,,,,,,,,,,,,High,High,High,,,,,,232.284257,31.667358,1856.973924,0.85111,1:45,-0.562844,-0.671757,-0.481611,37.176022,69.863194,21.196877,157.422773,-60.756738,0.187556,-0.872553,-0.45108,62.662599,-10.810198,0.872553,-0.187556,0.45108,-62.662599,10.810198,-0.872553,0.187556,0.45108,-157.422773,60.756738,-0.187556,0.872553,-0.45108,,,
106,2026-05-15,18:50:17.09,2,1,"Ballard, Carson",809806,Right,GIT_YEL,"Larson, Colin",831502,Left,BOC_EAG,Undefined,3,Bottom,0,0,0,Slider,Slider,BallCalled,Undefined,Undefined,Undefined,0,0,,85.20803,0.854964,-0.928983,2596.801244,99.014543,9:15,5.67051,2.19619,5.15534,-37.05081,2.80906,-9.2828,3.38791,0.54807,77.42592,-5.9181,-2.572439,0.454401,,,,,,,,,,,,4.32512,1.55429,-2.10205,50,5.7222,2.41813,-123.53809,0.44767,6.62996,26.47005,-29.79148,BOC_EAG,GIT_YEL,HarringtonVillage,D1,ACC,20260515-HarringtonVillage-2,720c7040-50b0-11f1-90ac-456ae51230df,82.94969,,,7.78211,,,,,,,4293fdce-3634-4d91-8f36-83916a8b87e1,2026-05-15,22:50:17.09,2026-05-15T18:50:17.0920000-04:00,2026-05-15T22:50:17.0920000Z,,v3,227,100,26604,"Lackey, Vahn",822518,Right,GIT_YEL,5ea3d21c-80f3-45e8-bd5e-9e01ffa4e636,55.34167,-124.67738,13.23503,5.67533,1.72991,-14.89574,-2.19998,2.13277,3.31498,,,,,,,,,,,,,,,,,,,,,,,,,,,,,,,,,,,,,,,,,,,,,,,,,,,High,High,High,,,,,,159.67171,80.710002,419.205635,0.161432,11:15,-0.988262,0.070801,-0.135372,44.790763,2.605917,84.567282,178.794492,-37.379576,0.016718,-0.607093,-0.794455,37.385695,-0.957908,0.607093,-0.016718,0.794455,-37.385695,0.957908,-0.607093,0.016718,0.794455,-178.794492,37.379576,-0.016718,0.607093,-0.794455,,,
107,2026-05-15,18:50:35.50,2,2,"Ballard, Carson",809806,Right,GIT_YEL,"Larson, Colin",831502,Left,BOC_EAG,Undefined,3,Bottom,0,1,0,Cutter,Slider,BallCalled,Undefined,Undefined,Undefined,0,0,,84.64424,1.399252,-1.833776,2504.153293,95.467962,9:15,5.72363,2.0612,5.26808,-38.25266,2.11165,-7.65288,3.85125,-0.29971,76.69336,-5.609889,-3.189917,0.457267,,,,,,,,,,,,3.23059,1.07158,-1.88775,50,5.82385,4.26565,-122.62976,1.57932,4.86798,26.61765,-30.55936,BOC_EAG,GIT_YEL,HarringtonVillage,D1,ACC,20260515-HarringtonVillage-2,7cff5350-50b0-11f1-90ac-456ae51230df,82.42979,,,7.95088,,,,,,,4293fdce-3634-4d91-8f36-83916a8b87e1,2026-05-15,22:50:35.50,2026-05-15T18:50:35.5010000-04:00,2026-05-15T22:50:35.5010000Z,,v3,227,100,26604,"Lackey, Vahn",822518,Right,GIT_YEL,8b3ccfb1-8e50-4464-b9b3-d926cf22a1aa,55.22795,-123.75932,13.30883,5.72931,2.87615,-15.27968,-2.06438,4.05907,2.43399,,,,,,,,,,,,,,,,,,,,,,,,,,,,,,,,,,,,,,,,,,,,,,,,,,,High,High,High,,,,,,144.753986,80.140556,428.790598,0.171232,10:45,-0.986496,0.122845,-0.10833,53.518046,-6.137959,81.962319,178.140559,-30.376682,0.027993,-0.505683,-0.862265,30.389849,-1.604104,0.505683,-0.027993,0.862265,-30.389849,1.604104,-0.505683,0.027993,0.862265,-178.140559,30.376682,-0.027993,0.505683,-0.862265,,,
108,2026-05-15,18:51:19.37,2,3,"Ballard, Carson",809806,Right,GIT_YEL,"Larson, Colin",831502,Left,BOC_EAG,Undefined,3,Bottom,0,2,0,Slider,Slider,StrikeCalled,Undefined,Undefined,Undefined,0,0,,85.37955,-0.458271,-1.713049,2576.503664,153.256092,11:00,5.67174,2.22286,5.32722,-32.00273,7.55445,-3.11748,2.57464,0.35518,77.45994,-6.351707,-2.266663,0.452673,,,,,,,,,,,,1.0311,4.33425,-2.06564,50,5.60757,3.83711,-123.74191,-2.1352,1.58187,27.12549,-25.52473,BOC_EAG,GIT_YEL,HarringtonVillage,D1,ACC,20260515-HarringtonVillage-2,972ad970-50b0-11f1-90ac-456ae51230df,83.26646,,,7.91961,,,,,,,4293fdce-3634-4d91-8f36-83916a8b87e1,2026-05-15,22:51:19.37,2026-05-15T18:51:19.3750000-04:00,2026-05-15T22:51:19.3750000Z,,v3,227,100,26604,"Lackey, Vahn",822518,Right,GIT_YEL,16a016a6-6133-4ee8-8714-166f781ea315,55.16896,-124.86986,13.56275,5.67428,-1.07382,-12.76237,-2.22383,3.77133,0.79094,,,,,,,,,,,,,,,,,,,,,,,,,,,,,70.63523,1.57628,0.612608,0.963672,0.1316,2.42969,-0.30416,-4.39844,4.52599,2.47732,65.34198,2.37146,59.43917,-4.35021,81.90541,-10.02382,4.56722,13.7391,-16.68953,2.46892,60.9585,-1.89675,High,High,High,,,High,High,High,186.520326,76.488178,601.989752,0.233646,12:15,-0.978583,-0.034308,-0.202972,37.234578,3.366038,82.789124,169.132177,-39.894031,0.144657,-0.64137,-0.753471,40.40508,-8.317414,0.64137,-0.144657,0.753471,-40.40508,8.317414,-0.64137,0.144657,0.753471,-169.132177,39.894031,-0.144657,0.64137,-0.753471,,,
109,2026-05-15,18:51:43.71,2,4,"Ballard, Carson",809806,Right,GIT_YEL,"Larson, Colin",831502,Left,BOC_EAG,Undefined,3,Bottom,0,2,1,Slider,Slider,InPlay,Undefined,Bunt,Out,1,0,,83.82286,-0.501491,-2.942053,2480.503983,111.033399,9:45,5.60173,2.18211,5.375,-37.20845,3.96752,-6.54473,2.03024,-1.12389,76.00073,-7.319609,-4.103506,0.461842,35.97068,-32.547437,11.792825,,,,,5.30386,5.13657,19.614731,0.071853,2.35378,2.55957,-1.91354,50,5.5306,6.51352,-121.37116,-2.38293,3.45918,27.02728,-28.41238,BOC_EAG,GIT_YEL,HarringtonVillage,D1,ACC,20260515-HarringtonVillage-2,a5a66e10-50b0-11f1-90ac-456ae51230df,81.6133,2.06292,,7.82213,,,,1.83208,2.06292,1.11989,4293fdce-3634-4d91-8f36-83916a8b87e1,2026-05-15,22:51:43.71,2026-05-15T18:51:43.7120000-04:00,2026-05-15T22:51:43.7120000Z,GroundBall,v3,227,100,26604,"Lackey, Vahn",822518,Right,GIT_YEL,373b8557-ec0b-4b43-808a-15b35702ac17,55.12225,-122.50649,13.51364,5.60564,-1.18942,-14.20619,-2.1841,6.36821,1.72959,180,1.82627,44.03432,,,,,,,,2.0667,-28.71022,,,,,,,,1.11868,9.19349,,,,,,,,,,,,,,,,,,,,,,,,,,,,,,High,High,High,High,High,,,,164.000839,80.753308,398.581211,0.160686,11:30,-0.993982,0.035648,-0.103581,46.91169,-5.728773,86.598721,177.572739,-37.27812,0.033699,-0.605685,-0.794991,37.302909,-1.931172,0.605685,-0.033699,0.794991,-37.302909,1.931172,-0.605685,0.033699,0.794991,-177.572739,37.27812,-0.033699,0.605685,-0.794991,,,
110,2026-05-15,18:52:51.68,3,1,"Ballard, Carson",809806,Right,GIT_YEL,"Solier, Julio",827632,Right,BOC_EAG,Undefined,3,Bottom,1,0,0,Fastball,Four-Seam,StrikeCalled,Undefined,Undefined,Undefined,0,0,,92.09539,-2.230918,-4.41625,2255.518199,222.907048,1:30,5.72848,2.03255,5.57217,-21.18237,12.64871,10.65371,1.87222,-1.21286,83.45738,-6.187931,-2.523026,0.418629,,,,,,,,,,,,-6.71725,7.41989,-1.65861,50,5.52207,9.79383,-133.13336,-5.93682,-11.951,30.90787,-18.97296,BOC_EAG,GIT_YEL,HarringtonVillage,D1,ACC,20260515-HarringtonVillage-2,ce2937f0-50b0-11f1-90ac-456ae51230df,90.03778,,,8.63801,,,,,,,4293fdce-3634-4d91-8f36-83916a8b87e1,2026-05-15,22:52:51.68,2026-05-15T18:52:51.6880000-04:00,2026-05-15T22:52:51.6880000Z,,v3,227,100,26604,"Lackey, Vahn",822518,Right,GIT_YEL,fae2a658-6b6a-4647-a62a-c01fc559365c,54.92462,-134.27178,15.45393,5.72787,-5.238,-9.48648,-2.02745,10.23402,-5.9755,,,,,,,,,,,,,,,,,,,,,,,,,,,,,,,,,,,,,,,,,,,,,,,,,,,High,High,High,,,,,,225.675657,26.511578,2018.337338,0.894844,1:30,-0.468015,-0.657059,-0.590961,-82.53338,-37.499058,-16.086851,144.208461,-11.770736,0.57254,-0.203996,-0.794093,14.407284,-34.927521,0.203996,-0.57254,0.794093,-14.407284,34.927521,-0.203996,0.57254,0.794093,-144.208461,11.770736,-0.57254,0.203996,-0.794093,,,
111,2026-05-15,18:53:10.79,3,2,"Ballard, Carson",809806,Right,GIT_YEL,"Solier, Julio",827632,Right,BOC_EAG,Undefined,3,Bottom,1,0,1,Sinker,Sinker,BallCalled,Undefined,Undefined,Undefined,0,0,,89.88571,-0.894805,-4.764414,2178.70884,255.774166,2:30,5.39002,2.28286,5.4203,-29.5475,6.24847,19.57324,2.08658,-0.55922,81.18544,-6.346969,-1.294726,0.430614,75.57231,29.126301,113.916003,5923.378232,,,,,28.6632,,,-11.35406,3.78268,-1.87322,50,5.28992,9.94449,-129.9389,-3.13412,-19.17879,30.27948,-25.78451,BOC_EAG,GIT_YEL,HarringtonVillage,D1,ACC,20260515-HarringtonVillage-2,d98d0540-50b0-11f1-90ac-456ae51230df,87.53177,14.83666,,8.70028,,,,0.21048,1.94052,0.58407,4293fdce-3634-4d91-8f36-83916a8b87e1,2026-05-15,22:53:10.79,2026-05-15T18:53:10.7990000-04:00,2026-05-15T22:53:10.7990000Z,,v3,227,100,26604,"Lackey, Vahn",822518,Right,GIT_YEL,11011fd5-bde0-45d1-b215-deaf44b10583,55.07829,-131.11695,15.13974,5.39235,-2.13095,-12.89226,-2.27463,10.69066,-9.5894,,0.21642,-39.51796,-5.63543,,,,,,,1.94968,53.54187,-35.57067,,,,,,,0.58505,88.46866,-13.49682,,,,,,,,,,,,,,,,,,,,,,,,,,,,,High,High,High,Medium,Undefined,,,,235.755351,26.566036,1948.67968,0.89442,1:45,-0.475928,-0.746259,-0.465393,30.170526,66.520675,11.632391,151.246142,-67.875694,0.181171,-0.926369,-0.330178,70.382816,-10.43797,0.926369,-0.181171,0.330178,-70.382816,10.43797,-0.926369,0.181171,0.330178,-151.246142,67.875694,-0.181171,0.926369,-0.330178,,,
112,2026-05-15,18:53:41.84,3,3,"Ballard, Carson",809806,Right,GIT_YEL,"Solier, Julio",827632,Right,BOC_EAG,Undefined,3,Bottom,1,1,1,Sinker,Sinker,InPlay,Undefined,GroundBall,FieldersChoice,0,0,,90.3421,-1.130016,-4.693275,2143.252837,257.821605,2:30,5.39898,2.23869,5.2655,-29.90659,5.68721,20.48954,1.84151,-0.47264,81.73041,-6.624361,-1.07018,0.429397,105.8174,-10.219456,1.258167,,,,,10.65617,9.86056,3.794349,0.06179,-11.7067,3.54981,-1.82433,50,5.27339,9.77245,-130.59176,-3.73237,-20.00469,30.19097,-26.10805,BOC_EAG,GIT_YEL,HarringtonVillage,D1,ACC,20260515-HarringtonVillage-2,ec0e91c0-50b0-11f1-90ac-456ae51230df,87.78,1.70296,,8.61169,,,,1.18885,1.70296,0.49776,4293fdce-3634-4d91-8f36-83916a8b87e1,2026-05-15,22:53:41.84,2026-05-15T18:53:41.8420000-04:00,2026-05-15T22:53:41.8420000Z,GroundBall,v3,227,100,26604,"Lackey, Vahn",822518,Right,GIT_YEL,4083d975-e863-441e-8226-597b1f4e523d,55.23331,-131.79607,15.09548,5.4015,-2.69093,-13.05403,-2.23007,10.57043,-10.00235,180,1.18746,152.83913,,,,,,,,1.70321,-27.56033,,,,,,,,0.49773,3.35676,,,,,,,,,,,,,,,,,,,,,,,,,,,,,,High,High,High,Low,High,,,,234.384196,22.753093,1976.465102,0.92218,1:45,-0.414595,-0.757159,-0.504799,-90.627067,-16.052303,81.911674,139.90265,-66.364281,0.258228,-0.916113,-0.306684,71.491153,-14.964944,0.916113,-0.258228,0.306684,-71.491153,14.964944,-0.916113,0.258228,0.306684,-139.90265,66.364281,-0.258228,0.916113,-0.306684,,,
113,2026-05-15,18:56:17.13,4,1,"Ballard, Carson",809806,Right,GIT_YEL,"Wang, Nick",813482,Right,BOC_EAG,Undefined,3,Bottom,1,0,0,Slider,Sinker,BallCalled,Undefined,Undefined,Undefined,0,0,,91.87212,-2.235458,-4.504828,2167.844953,229.895335,1:45,5.93042,1.93998,4.99675,-19.52749,14.96182,16.40367,2.18502,-0.95485,83.72464,-5.856473,-1.620485,0.422682,,,,,,,,,,,,-9.38532,8.37044,-1.51996,50,5.69939,9.67084,-132.80523,-5.92456,-16.75299,28.57933,-17.23264,BOC_EAG,GIT_YEL,HarringtonVillage,D1,ACC,20260515-HarringtonVillage-2,489fc620-50b1-11f1-90ac-456ae51230df,89.17445,,,8.14748,,,,,,,4293fdce-3634-4d91-8f36-83916a8b87e1,2026-05-15,22:56:17.13,2026-05-15T18:56:17.1380000-04:00,2026-05-15T22:56:17.1380000Z,,v3,227,100,26604,"Lackey, Vahn",822518,Right,GIT_YEL,fc618d36-8b93-41a0-92a6-e961d59a4569,55.50176,-133.98396,14.28967,5.92908,-5.21381,-8.61632,-1.93308,10.3618,-8.3765,,,,,,,,,,,,,,,,,,,,,,,,,,,,,,,,,,,,,,,,,,,,,,,,,,,High,High,High,,,,,,229.721577,15.85423,2085.379807,0.96196,1:45,-0.292448,-0.743988,-0.600796,-62.035874,-14.401249,-4.610347,157.944888,-6.006168,0.373437,-0.104636,-0.921735,6.476499,-21.927744,0.104636,-0.373437,0.921735,-6.476499,21.927744,-0.104636,0.373437,0.921735,-157.944888,6.006168,-0.373437,0.104636,-0.921735,,,
114,2026-05-15,18:57:24.75,4,2,"Ballard, Carson",809806,Right,GIT_YEL,"Wang, Nick",813482,Right,BOC_EAG,Undefined,3,Bottom,1,1,0,Fastball,Sinker,StrikeCalled,Undefined,Undefined,Undefined,0,0,,91.74301,-1.369798,-4.397356,2200.188378,256.405449,2:30,5.76788,1.933,5.50069,-29.26147,4.66229,14.68524,2.04422,-0.9642,83.7391,-6.743331,-1.78843,0.419202,,,,,,,,,,,,-8.66221,3.07339,-1.55828,50,5.62814,9.54336,-132.80408,-4.29811,-15.43529,29.0369,-26.69751,BOC_EAG,GIT_YEL,HarringtonVillage,D1,ACC,20260515-HarringtonVillage-2,70f0d1a0-50b1-11f1-90ac-456ae51230df,89.91472,,,8.00391,,,,,,,4293fdce-3634-4d91-8f36-83916a8b87e1,2026-05-15,22:57:24.75,2026-05-15T18:57:24.7570000-04:00,2026-05-15T22:57:24.7570000Z,,v3,227,100,26604,"Lackey, Vahn",822518,Right,GIT_YEL,cd4ef43c-19e0-4c67-b8b2-17115da85aed,54.99833,-133.89248,14.51845,5.7705,-3.2974,-13.34875,-1.92684,10.12193,-7.71765,,,,,,,,,,,,,,,,,,,,,,,,,,,,,,,,,,,,,,,,,,,,,,,,,,,High,High,High,,,,,,224.55981,28.310976,1937.01618,0.880387,1:30,-0.506099,-0.628887,-0.590225,88.812199,42.487706,-19.762404,140.019891,-11.784981,0.628978,-0.204239,-0.750115,15.231124,-38.974753,0.204239,-0.628978,0.750115,-15.231124,38.974753,-0.204239,0.628978,0.750115,-140.019891,11.784981,-0.628978,0.204239,-0.750115,,,
115,2026-05-15,18:57:42.49,4,3,"Ballard, Carson",809806,Right,GIT_YEL,"Wang, Nick",813482,Right,BOC_EAG,Undefined,3,Bottom,1,1,1,Sinker,Sinker,StrikeCalled,Undefined,Undefined,Undefined,0,0,,90.64793,-1.387659,-5.388893,2198.439935,255.547937,2:30,5.31956,2.33894,5.26347,-28.2725,6.98772,22.40588,1.65384,-0.87146,82.32049,-6.581252,-1.433316,0.42738,,,,,,,,,,,,-12.77418,4.25303,-1.86167,50,5.1713,11.31077,-130.95672,-4.26842,-22.06912,28.98607,-24.82637,BOC_EAG,GIT_YEL,HarringtonVillage,D1,ACC,20260515-HarringtonVillage-2,7b8fa140-50b1-11f1-90ac-456ae51230df,88.19427,,,8.32745,,,,,,,4293fdce-3634-4d91-8f36-83916a8b87e1,2026-05-15,22:57:42.49,2026-05-15T18:57:42.4990000-04:00,2026-05-15T22:57:42.4990000Z,,v3,227,100,26604,"Lackey, Vahn",822518,Right,GIT_YEL,3044e9e0-6669-44d3-b696-89de018b5d17,55.23596,-132.11057,14.49304,5.32155,-3.28016,-12.41319,-2.3294,12.18928,-11.03456,,,,,,,,,,,,,,,,,,,,,,,,,,,,,,,,,,,,,,,,,,,,,,,,,,,High,High,High,,,,,,238.796914,21.804,2041.163319,0.92846,2:00,-0.39571,-0.802908,-0.445817,-88.774941,-20.262726,86.738648,157.930361,-68.071858,0.140315,-0.927653,-0.34608,69.540911,-8.066081,0.927653,-0.140315,0.34608,-69.540911,8.066081,-0.927653,0.140315,0.34608,-157.930361,68.071858,-0.140315,0.927653,-0.34608,,,
116,2026-05-15,18:58:04.21,4,4,"Ballard, Carson",809806,Right,GIT_YEL,"Wang, Nick",813482,Right,BOC_EAG,Undefined,3,Bottom,1,1,2,Slider,Slider,InPlay,Undefined,GroundBall,Out,1,0,,84.39942,-2.252272,-3.341729,2551.241892,142.008444,10:45,5.8256,2.00805,5.45315,-32.44372,7.36721,-4.83323,1.00884,-1.52658,78.08758,-8.159448,-4.20044,0.454122,47.34174,-19.376077,5.338786,,,,,4.39208,4.31949,26.225216,0.04686,1.58032,4.64985,-1.70949,50,5.60412,7.34066,-122.34543,-5.94994,2.408,22.93736,-25.08884,BOC_EAG,GIT_YEL,HarringtonVillage,D1,ACC,20260515-HarringtonVillage-2,8874de70-50b1-11f1-90ac-456ae51230df,83.00068,1.08317,,6.31184,,,,0.87342,1.08317,1.65429,4293fdce-3634-4d91-8f36-83916a8b87e1,2026-05-15,22:58:04.21,2026-05-15T18:58:04.2150000-04:00,2026-05-15T22:58:04.2150000Z,GroundBall,v3,227,100,26604,"Lackey, Vahn",822518,Right,GIT_YEL,4afb789a-fae2-4eac-bc42-907b7a06e337,55.04683,-123.28799,11.46868,5.82743,-4.91898,-12.54442,-2.00911,7.24171,1.204,180,0.87173,65.44148,,,,,,,,1.08376,-23.11515,,,,,,,,1.65414,6.11551,,,,,,,,,,,,,,,,,,,,,,,,,,,,,,High,High,High,High,High,,,,177.804005,76.156418,610.440945,0.239272,12:00,-0.98285,-0.028997,-0.182115,-42.485511,16.072759,-89.10628,175.395446,-37.529918,0.063663,-0.609176,-0.790476,37.619435,-3.650114,0.609176,-0.063663,0.790476,-37.619435,3.650114,-0.609176,0.063663,0.790476,-175.395446,37.529918,-0.063663,0.609176,-0.790476,45.0053,2.65288,5.14963
117,2026-05-15,18:59:30.76,5,1,"Ballard, Carson",809806,Right,GIT_YEL,"Mainolfi, Ty",839397,Left,BOC_EAG,Undefined,3,Bottom,2,0,0,Fastball,Four-Seam,InPlay,Undefined,GroundBall,Out,1,0,,91.79874,-1.487821,-2.896251,2198.436734,218.732113,1:15,5.69058,2.02613,5.63373,-20.2984,13.26032,9.77001,2.60885,0.13584,83.82997,-5.283505,-1.153538,0.416941,86.97924,-50.019706,33.704671,,,,,3.48391,3.48391,18.053783,0.02669,-5.79189,7.47012,-1.78611,50,5.55103,6.30258,-133.12924,-4.15682,-10.38585,28.80431,-18.77889,BOC_EAG,GIT_YEL,HarringtonVillage,D1,ACC,20260515-HarringtonVillage-2,bc028030-50b1-11f1-90ac-456ae51230df,90.40242,2.61544,,7.96877,,,,1.48794,2.61544,-0.13727,4293fdce-3634-4d91-8f36-83916a8b87e1,2026-05-15,22:59:30.76,2026-05-15T18:59:30.7680000-04:00,2026-05-15T22:59:30.7680000Z,GroundBall,v3,227,100,26604,"Lackey, Vahn",822518,Right,GIT_YEL,ae34908c-1e53-4e68-b77a-22212ca37dbd,54.86513,-134.17775,14.40215,5.68991,-3.47325,-9.38945,-2.02241,6.68063,-5.19292,,1.48721,68.35785,,,,,,,,2.61648,-97.99468,,,,,,,,-0.13776,45.59707,,,,,,,,,,,,,,,,,,,,,,,,,,,,,,High,High,High,Estimated,Estimated,,,,227.318513,28.312632,1935.443927,0.880373,1:30,-0.48689,-0.659288,-0.572955,96.877518,38.974807,-13.999886,146.574838,-6.705855,0.547079,-0.116772,-0.828896,8.018873,-33.166838,0.116772,-0.547079,0.828896,-8.018873,33.166838,-0.116772,0.547079,0.828896,-146.574838,6.705855,-0.547079,0.116772,-0.828896,84.3452,-2.38808,-3.49839
118,2026-05-15,19:01:52.77,1,1,"Mudd, Tyler",809052,Left,BOC_EAG,"Zuckerman, Ryan",822871,Right,GIT_YEL,Undefined,4,Top,0,0,0,Fastball,Four-Seam,InPlay,Undefined,GroundBall,Out,1,0,,87.80362,-0.582409,1.054676,2074.205908,164.130247,11:30,5.68697,-1.01954,5.75043,-15.29391,21.91489,-5.82378,3.87017,-0.5229,78.442,-3.567134,0.012494,0.43903,92.07501,-9.688008,-17.394765,,,,,22.81132,22.08911,-15.143528,0.164302,3.33201,11.76197,0.93562,50,5.62978,-2.09184,-127.22105,-1.68697,5.33508,31.70552,-13.34129,BOC_EAG,GIT_YEL,HarringtonVillage,D1,ACC,20260515-HarringtonVillage-2,10b08280-50b2-11f1-90ac-456ae51230df,85.85386,4.0623,,9.36162,,,,1.7432,4.0623,0.53268,4293fdce-3634-4d91-8f36-83916a8b87e1,2026-05-15,23:01:52.77,2026-05-15T19:01:52.7720000-04:00,2026-05-15T23:01:52.7720000Z,GroundBall,v3,227,100,26604,"Johnson, Gunnar",1000100233,Right,BOC_EAG,3fb90e47-a984-4f0e-a393-87f48a220645,54.74455,-128.39803,15.85276,5.68321,-1.19171,-6.67064,1.01695,-2.28989,2.66754,86.460802,1.74409,126.95778,-21.67941,,,,,,,4.06249,-22.74115,-12.08584,,,,,,,0.53271,-39.798,1.74084,,,,,,,,,,,,,,,,,,,,,,,,,,,,,High,High,High,Medium,High,,,,155.351972,-15.176794,2001.863015,0.965123,11:15,0.273796,0.405138,-0.872295,24.480948,-22.114775,34.285718,174.507101,-13.9973,0.09288,-0.241876,-0.965852,14.059316,-5.32932,0.241876,-0.09288,0.965852,-14.059316,5.32932,-0.241876,0.09288,0.965852,-174.507101,13.9973,-0.09288,0.241876,-0.965852,79.05303,21.76306,-3.7258
119,2026-05-15,19:02:20.12,2,1,"Mudd, Tyler",809052,Left,BOC_EAG,"Baker, Will",815345,Left,GIT_YEL,Undefined,4,Top,1,0,0,Fastball,Four-Seam,StrikeCalled,Undefined,Undefined,Undefined,0,0,,86.71842,-1.799984,1.863948,2094.551082,156.581437,11:15,5.79878,-1.03786,5.76885,-15.75698,22.16415,-8.99367,2.80915,-0.05208,78.05486,-4.851078,0.254468,0.443213,,,,,,,,,,,,5.1428,12.23174,0.88902,50,5.64046,-3.70001,-125.61995,-4.35105,8.0925,29.06752,-12.92663,BOC_EAG,GIT_YEL,HarringtonVillage,D1,ACC,20260515-HarringtonVillage-2,21008900-50b2-11f1-90ac-456ae51230df,85.04371,,,8.66356,,,,,,,4293fdce-3634-4d91-8f36-83916a8b87e1,2026-05-15,23:02:20.12,2026-05-15T19:02:20.1260000-04:00,2026-05-15T23:02:20.1260000Z,,v3,227,100,26604,"Johnson, Gunnar",1000100233,Right,BOC_EAG,2301dd1b-bfc4-4f5c-bdf9-93a96a6520c2,54.72537,-126.70865,14.53376,5.79436,-3.86689,-6.46331,1.03327,-4.00311,4.04625,,,,,,,,,,,,,,,,,,,,,,,,,,,,,,,,,,,,,,,,,,,,,,,,,,,High,High,High,,,,,,158.988982,-13.500134,2036.677328,0.972369,11:15,0.251789,0.355801,-0.900004,2.546486,-18.471338,48.619585,172.781201,0.084936,0.125659,0.001482,-0.992072,0.085615,7.218791,0.001482,0.125659,0.992072,-0.085615,-7.218791,-0.001482,-0.125659,0.992072,-172.781201,-0.084936,-0.125659,-0.001482,-0.992072,,,
120,2026-05-15,19:02:29.68,2,2,"Mudd, Tyler",809052,Left,BOC_EAG,"Baker, Will",815345,Left,GIT_YEL,Undefined,4,Top,1,0,1,FourSeamFastBall,Four-Seam,StrikeCalled,Undefined,Undefined,Undefined,0,0,,88.07436,-2.630205,2.165599,2144.846413,159.003705,11:15,5.68155,-1.01498,5.75259,-14.36607,22.33458,-8.06386,2.03243,0.32997,79.58528,-5.412012,0.723435,0.436022,,,,,,,,,,,,4.77418,12.56721,0.84018,50,5.45454,-4.47678,-127.55843,-6.23271,7.77307,29.13357,-11.71275,BOC_EAG,GIT_YEL,HarringtonVillage,D1,ACC,20260515-HarringtonVillage-2,26ad04f0-50b2-11f1-90ac-456ae51230df,86.44622,,,8.48908,,,,,,,4293fdce-3634-4d91-8f36-83916a8b87e1,2026-05-15,23:02:29.68,2026-05-15T19:02:29.6820000-04:00,2026-05-15T23:02:29.6820000Z,,v3,227,100,26604,"Johnson, Gunnar",1000100233,Right,BOC_EAG,d77dc435-f767-414a-b907-f78623c24767,54.74348,-128.63725,14.56679,5.67731,-5.79898,-5.85637,1.01128,-4.76462,3.88654,,,,,,,,,,,,,,,,,,,,,,,,,,,,,,,,,,,,,,,,,,,,,,,,,,,High,High,High,,,,,,158.424097,-11.097742,2104.738324,0.9813,11:15,0.210078,0.36931,-0.90525,13.382714,-21.438018,52.460934,176.467771,-10.005176,0.060673,-0.173737,-0.982921,10.023833,-3.478444,0.173737,-0.060673,0.982921,-10.023833,3.478444,-0.173737,0.060673,0.982921,-176.467771,10.005176,-0.060673,0.173737,-0.982921,,,
121,2026-05-15,19:02:40.03,2,3,"Mudd, Tyler",809052,Left,BOC_EAG,"Baker, Will",815345,Left,GIT_YEL,Undefined,4,Top,1,0,1,Slider,Slider,BallCalled,Undefined,Undefined,Undefined,0,0,,80.21683,-0.457744,2.600983,2350.612644,252.401169,2:30,5.15353,-1.72055,5.50405,-41.13124,3.3465,5.83544,1.29737,1.19997,73.21267,-7.989073,3.640048,0.480002,,,,,,,,,,,,-2.15847,2.26201,1.48925,50,5.08593,-5.51378,-116.27689,-2.31041,-2.92765,23.69479,-29.10594,BOC_EAG,GIT_YEL,HarringtonVillage,D1,ACC,20260515-HarringtonVillage-2,2cdeb670-50b2-11f1-90ac-456ae51230df,78.52565,,,7.00416,,,,,,,4293fdce-3634-4d91-8f36-83916a8b87e1,2026-05-15,23:02:40.03,2026-05-15T19:02:40.0330000-04:00,2026-05-15T23:02:40.0330000Z,,v3,227,100,26604,"Johnson, Gunnar",1000100233,Right,BOC_EAG,2cde880f-b27b-4715-a3a0-29c92e6139b5,54.9938,-117.29011,11.84739,5.15812,-1.0658,-14.55297,1.72234,-5.38859,-1.46383,,,,,,,,,,,,,,,,,,,,,,,,,,,,,,,,,,,,,,,,,,,,,,,,,,,High,High,High,,,,,,192.25301,-86.804118,131.046049,0.05575,12:30,0.999951,-0.003855,-0.009111,-18.348491,29.304858,-46.087362,133.232252,37.725333,0.576275,0.611877,-0.541769,48.477619,35.188978,0.611877,0.576275,0.541769,-48.477619,-35.188978,-0.611877,-0.576275,0.541769,-133.232252,-37.725333,-0.576275,-0.611877,-0.541769,,,
122,2026-05-15,19:02:55.27,2,4,"Mudd, Tyler",809052,Left,BOC_EAG,"Baker, Will",815345,Left,GIT_YEL,Undefined,4,Top,1,1,1,Sinker,Sinker,InPlay,Undefined,LineDrive,Single,0,0,,88.55174,-0.779641,4.016927,2155.47796,123.681978,10:00,5.2447,-1.6056,6.04629,-24.6095,11.37772,-15.12859,2.47031,0.85859,79.88887,-5.418345,1.301582,0.431763,98.69941,9.302032,-25.65893,3507.581155,95.19315,14.63274,-55.12044,239.22147,237.30551,-34.902465,2.23157,9.05,6.47709,1.30041,50,5.17074,-8.37365,-128.2278,-2.52282,14.86421,29.86009,-21.53572,BOC_EAG,GIT_YEL,HarringtonVillage,D1,ACC,20260515-HarringtonVillage-2,35ec37b0-50b2-11f1-90ac-456ae51230df,87.29889,15.05022,,8.66287,,,,0.53186,2.40999,-0.82867,4293fdce-3634-4d91-8f36-83916a8b87e1,2026-05-15,23:02:55.27,2026-05-15T19:02:55.2750000-04:00,2026-05-15T23:02:55.2750000Z,LineDrive,v3,227,100,26604,"Johnson, Gunnar",1000100233,Right,BOC_EAG,5fd372c2-6462-438d-98cf-f44a5014296b,54.45081,-129.26009,14.93005,5.24509,-1.77831,-10.76786,1.59878,-8.88752,7.43211,126.069584,0.53186,128.76796,-27.68845,6.15946,-1.28472,0.24314,-0.04157,0.00546,-0.00036,2.40998,23.39873,-10.18134,-0.99459,0.48155,-0.13781,0.03139,-0.00457,0.00031,-0.82867,-61.85834,-1.70526,1.92069,-0.74248,0.21272,-0.04746,0.00712,-0.00052,,,,,,,,,,,,,,,,,,,,,,,High,High,High,High,Medium,,,,140.107821,-25.160434,1950.968063,0.905121,10:45,0.464839,0.586226,-0.663524,-96.998778,27.818122,71.083888,103.04745,16.612028,0.933524,0.28589,-0.216335,52.884857,68.990906,0.28589,0.933524,0.216335,-52.884857,-68.990906,-0.28589,-0.933524,0.216335,-103.04745,-16.612028,-0.933524,-0.28589,-0.216335,68.3084,0.00198,-13.44838
123,2026-05-15,19:03:27.97,3,1,"Mudd, Tyler",809052,Left,BOC_EAG,"Hernandez, Alex",815415,Right,GIT_YEL,Undefined,4,Top,1,0,0,Fastball,Sinker,BallCalled,Undefined,Undefined,Undefined,0,0,,86.97333,0.682173,2.417714,1949.042324,125.550259,10:15,5.0909,-1.87843,5.98313,-25.89371,11.21276,-13.93048,3.56598,-0.79702,78.78531,-4.188059,-0.084353,0.438426,,,,,,,,,,,,7.82567,5.92591,1.69482,50,5.13061,-4.74329,-126.16653,0.68636,12.5122,27.60107,-22.6993,BOC_EAG,GIT_YEL,HarringtonVillage,D1,ACC,20260515-HarringtonVillage-2,496da800-50b2-11f1-90ac-456ae51230df,85.97218,,,8.18801,,,,,,,4293fdce-3634-4d91-8f36-83916a8b87e1,2026-05-15,23:03:27.97,2026-05-15T19:03:27.9770000-04:00,2026-05-15T23:03:27.9770000Z,,v3,227,100,26604,"Johnson, Gunnar",1000100233,Right,BOC_EAG,20ccfaca-798d-4645-a724-27e555797ba0,54.51324,-127.15004,13.80054,5.09174,1.4952,-11.34965,1.87178,-5.18914,6.2561,,,,,,,,,,,,,,,,,,,,,,,,,,,,,,,,,,,,,,,,,,,,,,,,,,,High,High,High,,,,,,135.30479,-20.431993,1826.422622,0.937087,10:30,0.384701,0.654883,-0.650487,-96.294676,29.985319,78.280581,103.050745,13.268086,0.948167,0.229508,-0.219786,46.239519,71.471694,0.229508,0.948167,0.219786,-46.239519,-71.471694,-0.229508,-0.948167,0.219786,-103.050745,-13.268086,-0.948167,-0.229508,-0.219786,,,
124,2026-05-15,19:03:43.12,3,2,"Mudd, Tyler",809052,Left,BOC_EAG,"Hernandez, Alex",815415,Right,GIT_YEL,Undefined,4,Top,1,1,0,ChangeUp,Changeup,StrikeSwinging,Undefined,Undefined,Undefined,0,0,,80.97728,-1.056545,2.133777,1552.619078,131.347328,10:30,5.80911,-1.25763,5.41211,-31.91844,11.80009,-11.71233,2.15861,-0.2337,73.72244,-6.955555,0.049911,0.475887,,,,,,,,,,,,6.51122,6.69414,1.07621,50,5.69317,-3.89212,-117.37621,-3.21401,9.01959,23.68024,-22.90106,BOC_EAG,GIT_YEL,HarringtonVillage,D1,ACC,20260515-HarringtonVillage-2,52805960-50b2-11f1-90ac-456ae51230df,79.20453,,,7.25484,,,,,,,4293fdce-3634-4d91-8f36-83916a8b87e1,2026-05-15,23:03:43.12,2026-05-15T19:03:43.1250000-04:00,2026-05-15T23:03:43.1250000Z,,v3,227,100,26604,"Johnson, Gunnar",1000100233,Right,BOC_EAG,d06519a6-4df1-467f-8207-68c5a1fafccf,55.08445,-118.39754,11.84012,5.81049,-2.22629,-11.45053,1.25247,-4.28114,4.5098,,,,,,,,,,,,,,,,,,,,,,,,,,,,,,,,,,,,,,,,,,,,,,,,,,,High,High,High,,,,,,150.409243,-5.814028,1544.632308,0.994856,11:00,0.12437,0.493046,-0.861067,-73.426204,3.083326,-55.350346,96.967238,-16.746497,0.950518,-0.288138,-0.116157,68.044108,-71.900387,0.288138,-0.950518,0.116157,-68.044108,71.900387,-0.288138,0.950518,0.116157,-96.967238,16.746497,-0.950518,0.288138,-0.116157,,,
125,2026-05-15,19:04:01.00,3,3,"Mudd, Tyler",809052,Left,BOC_EAG,"Hernandez, Alex",815415,Right,GIT_YEL,Undefined,4,Top,1,1,1,Fastball,Four-Seam,InPlay,Undefined,FlyBall,Out,1,0,,86.50446,-1.90567,1.857544,2138.521249,169.407313,11:45,5.74385,-1.1506,5.84897,-12.42556,25.67907,-4.53296,2.936,0.19834,77.61121,-4.374009,1.045431,0.444284,102.88309,32.525911,1.618545,2534.051952,109.66973,68.37615,8.51766,379.65564,376.06131,9.481204,5.434168,2.93693,14.16768,1.00223,50,5.58189,-3.87473,-125.30611,-4.42974,4.58084,29.80761,-10.07617,BOC_EAG,GIT_YEL,HarringtonVillage,D1,ACC,20260515-HarringtonVillage-2,5d1b5870-50b2-11f1-90ac-456ae51230df,84.83869,101.10529,,8.89325,,,,0.80886,2.91765,-0.21761,4293fdce-3634-4d91-8f36-83916a8b87e1,2026-05-15,23:04:01.00,2026-05-15T19:04:01.0000000-04:00,2026-05-15T23:04:01.0000000Z,FlyBall,v3,227,100,26604,"Johnson, Gunnar",1000100233,Right,BOC_EAG,a35235ad-116a-44cf-a6e3-aaa3a139dba7,54.64652,-126.40659,14.90381,5.73857,-4.05774,-5.03809,1.14841,-4.04385,2.29042,205.44329,0.8132,127.09576,-27.58423,6.5073,-1.01328,0.06032,0.00849,-0.00157,7E-05,2.91893,81.09271,-18.01685,0.13795,0.39986,-0.18106,0.04506,-0.00572,0.00028,-0.21839,3.60661,6.60849,-2.44361,0.53035,-0.0632,0.00228,0.00022,-2E-05,,,,,,,,,,,,,,,,,,,,,,,High,High,High,High,High,,,,160.02922,-14.877756,2066.829109,0.966476,11:15,0.274954,0.338447,-0.899919,7.66488,-25.901555,30.812885,178.56836,-0.947579,0.024981,-0.016538,-0.999551,0.947875,-1.431444,0.016538,-0.024981,0.999551,-0.947875,1.431444,-0.016538,0.024981,0.999551,-178.56836,0.947579,-0.024981,0.016538,-0.999551,71.52794,21.96706,-7.62119
126,2026-05-15,19:04:37.03,4,1,"Mudd, Tyler",809052,Left,BOC_EAG,"Schmidt, Kent",812674,Left,GIT_YEL,Undefined,4,Top,2,0,0,Sinker,Sinker,StrikeCalled,Undefined,Undefined,Undefined,0,0,,87.55143,-0.617961,2.95469,2081.750291,131.37293,10:30,5.12809,-1.93283,5.92279,-22.19667,14.67143,-15.1717,2.70415,-0.45294,79.05849,-4.821298,0.233673,0.437015,,,,,,,,,,,,8.64264,8.08087,1.70461,50,5.06611,-5.90499,-126.89219,-2.04573,13.92408,28.84419,-19.15506,BOC_EAG,GIT_YEL,HarringtonVillage,D1,ACC,20260515-HarringtonVillage-2,729627c0-50b2-11f1-90ac-456ae51230df,86.24971,,,8.49295,,,,,,,4293fdce-3634-4d91-8f36-83916a8b87e1,2026-05-15,23:04:37.03,2026-05-15T19:04:37.0370000-04:00,2026-05-15T23:04:37.0370000Z,,v3,227,100,26604,"Johnson, Gunnar",1000100233,Right,BOC_EAG,81c27bd2-2dee-470b-a8ef-0478ad86ce62,54.57322,-127.92752,14.42209,5.1272,-1.35818,-9.57753,1.92553,-6.40477,6.96204,,,,,,,,,,,,,,,,,,,,,,,,,,,,,,,,,,,,,,,,,,,,,,,,,,,High,High,High,,,,,,140.604011,-25.427148,1880.095208,0.903132,10:45,0.458569,0.577794,-0.675181,-101.677678,38.482378,71.845153,103.469827,8.484457,0.96185,0.147541,-0.230384,32.636059,74.122682,0.147541,0.96185,0.230384,-32.636059,-74.122682,-0.147541,-0.96185,0.230384,-103.469827,-8.484457,-0.96185,-0.147541,-0.230384,,,
127,2026-05-15,19:04:52.65,4,2,"Mudd, Tyler",809052,Left,BOC_EAG,"Schmidt, Kent",812674,Left,GIT_YEL,Undefined,4,Top,2,0,1,Fastball,Four-Seam,BallCalled,Undefined,Undefined,Undefined,0,0,,85.80967,-3.457229,1.862266,2106.503263,163.704335,11:30,5.75275,-1.0741,5.8773,-14.22957,24.31545,-6.69626,1.35051,0.09803,77.57547,-6.225159,0.661606,0.446843,,,,,,,,,,,,4.00729,13.92926,0.92747,50,5.46491,-3.7635,-124.22449,-7.8419,6.18339,27.79609,-10.68071,BOC_EAG,GIT_YEL,HarringtonVillage,D1,ACC,20260515-HarringtonVillage-2,7be32300-50b2-11f1-90ac-456ae51230df,84.35268,,,8.23419,,,,,,,4293fdce-3634-4d91-8f36-83916a8b87e1,2026-05-15,23:04:52.65,2026-05-15T19:04:52.6500000-04:00,2026-05-15T23:04:52.6500000Z,,v3,227,100,26604,"Johnson, Gunnar",1000100233,Right,BOC_EAG,c42bfe3d-3bb5-45f6-a160-7c79117caa94,54.61876,-125.2537,13.89805,5.74795,-7.44642,-5.34035,1.07106,-3.99246,3.09169,,,,,,,,,,,,,,,,,,,,,,,,,,,,,,,,,,,,,,,,,,,,,,,,,,,High,High,High,,,,,,159.914402,-14.734682,2037.228736,0.967114,11:15,0.263245,0.346863,-0.900215,8.651672,-20.981999,36.143322,176.145114,-1.4829,0.067207,-0.025879,-0.997403,1.486261,-3.853593,0.025879,-0.067207,0.997403,-1.486261,3.853593,-0.025879,0.067207,0.997403,-176.145114,1.4829,-0.067207,0.025879,-0.997403,,,
128,2026-05-15,19:05:07.62,4,3,"Mudd, Tyler",809052,Left,BOC_EAG,"Schmidt, Kent",812674,Left,GIT_YEL,Undefined,4,Top,2,1,1,Slider,Slider,StrikeCalled,Undefined,Undefined,Undefined,0,0,,80.19168,-0.161275,2.655724,2355.881577,254.343227,2:30,5.09895,-2.27324,5.52134,-41.67864,3.45173,6.18335,1.47479,0.72677,72.13121,-7.837179,3.756737,0.48351,,,,,,,,,,,,-2.18602,2.30504,2.0378,50,5.0575,-5.6333,-116.04371,-1.72011,-2.90904,26.59024,-29.10665,BOC_EAG,GIT_YEL,HarringtonVillage,D1,ACC,20260515-HarringtonVillage-2,84d57b20-50b2-11f1-90ac-456ae51230df,77.95579,,,8.06047,,,,,,,4293fdce-3634-4d91-8f36-83916a8b87e1,2026-05-15,23:05:07.62,2026-05-15T19:05:07.6200000-04:00,2026-05-15T23:05:07.6200000Z,,v3,227,100,26604,"Johnson, Gunnar",1000100233,Right,BOC_EAG,efe6062f-9d98-4af1-9466-4b683df68eb4,54.97371,-117.17785,13.29512,5.10439,-0.47865,-14.55332,2.27542,-5.50923,-1.45452,,,,,,,,,,,,,,,,,,,,,,,,,,,,,,,,,,,,,,,,,,,,,,,,,,,High,High,High,,,,,,144.541033,-82.922029,290.291594,0.12322,10:45,0.995759,0.074275,-0.054287,-19.07481,44.122411,-44.688558,138.077525,30.570197,0.57526,0.508594,-0.640632,38.445852,35.117817,0.508594,0.57526,0.640632,-38.445852,-35.117817,-0.508594,-0.57526,0.640632,-138.077525,-30.570197,-0.57526,-0.508594,-0.640632,,,
129,2026-05-15,19:05:23.95,4,4,"Mudd, Tyler",809052,Left,BOC_EAG,"Schmidt, Kent",812674,Left,GIT_YEL,Undefined,4,Top,2,1,2,Slider,Slider,FoulBallNotFieldable,Undefined,Undefined,Undefined,0,0,,80.32833,0.231428,2.873765,2312.091686,269.241799,3:00,5.11261,-1.99583,5.53169,-42.78601,1.54902,4.33296,1.76372,1.0538,73.21443,-7.607065,3.64522,0.479231,,,,,,,,,,,,-1.32425,1.09516,1.74307,50,5.10411,-6.01421,-116.43604,-0.96265,-1.79966,23.91723,-30.68573,BOC_EAG,GIT_YEL,HarringtonVillage,D1,ACC,20260515-HarringtonVillage-2,8e91da00-50b2-11f1-90ac-456ae51230df,78.65195,,,7.1139,,,,,,,4293fdce-3634-4d91-8f36-83916a8b87e1,2026-05-15,23:05:23.95,2026-05-15T19:05:23.9520000-04:00,2026-05-15T23:05:23.9520000Z,,v3,227,100,26604,"Johnson, Gunnar",1000100233,Right,BOC_EAG,e4a4352f-37f7-4445-9ea1-1901c25b6d46,54.96732,-117.45195,11.95862,5.11732,0.34075,-15.34287,1.9969,-5.93777,-0.89983,,,,,,,,,,,,,,,,,,,,,,,,,,,,,,,,,,,,,,,,,,,,,,,,,,,High,High,High,,,,,,143.246999,-84.875903,206.5003,0.089313,10:45,0.998546,0.049419,-0.021524,-21.490797,37.884654,-42.809596,141.442585,34.394388,0.514327,0.564886,-0.645269,41.199802,30.952451,0.564886,0.514327,0.645269,-41.199802,-30.952451,-0.564886,-0.514327,0.645269,-141.442585,-34.394388,-0.514327,-0.564886,-0.645269,,,
130,2026-05-15,19:05:56.39,4,5,"Mudd, Tyler",809052,Left,BOC_EAG,"Schmidt, Kent",812674,Left,GIT_YEL,Undefined,4,Top,2,1,2,Sinker,Changeup,FoulBallNotFieldable,Undefined,Undefined,Undefined,0,0,,87.85816,-0.897371,2.499777,2045.562821,112.349667,9:45,5.16262,-1.88706,5.9288,-27.6969,8.98079,-18.61895,2.02107,-1.11779,79.29669,-6.083018,-0.844184,0.435885,,,,,,,,,,,,10.3806,5.27016,1.69791,50,5.07532,-4.78778,-127.39031,-2.90443,16.7892,30.02037,-23.6503,BOC_EAG,GIT_YEL,HarringtonVillage,D1,ACC,20260515-HarringtonVillage-2,a1e2c470-50b2-11f1-90ac-456ae51230df,86.47326,,,8.56147,,,,,,,4293fdce-3634-4d91-8f36-83916a8b87e1,2026-05-15,23:05:56.39,2026-05-15T19:05:56.3950000-04:00,2026-05-15T23:05:56.3950000Z,,v3,227,100,26604,"Johnson, Gunnar",1000100233,Right,BOC_EAG,f6f4ff24-3800-4270-ba1c-0ac09d055c34,54.56932,-128.46259,15.01018,5.16397,-2.05968,-11.82515,1.87963,-5.38746,8.3946,,,,,,,,,,,,,,,,,,,,,,,,,,,,,,,,,,,,,,,,,,,,,,,,,,,High,High,High,,,,,,137.856169,-24.938496,1854.836437,0.906761,10:30,0.440996,0.61496,-0.653717,-101.081665,32.765054,71.928637,101.390872,11.568927,0.960387,0.200547,-0.193489,46.026159,73.81917,0.200547,0.960387,0.193489,-46.026159,-73.81917,-0.200547,-0.960387,0.193489,-101.390872,-11.568927,-0.960387,-0.200547,-0.193489,,,
131,2026-05-15,19:06:26.51,4,6,"Mudd, Tyler",809052,Left,BOC_EAG,"Schmidt, Kent",812674,Left,GIT_YEL,Undefined,4,Top,2,1,2,Slider,Slider,BallCalled,Undefined,Undefined,Undefined,0,0,,80.44119,-0.785301,3.866203,2392.465599,267.091352,3:00,5.09614,-1.9954,5.50473,-42.94581,2.05425,6.86307,0.78116,2.19783,72.52184,-8.653508,5.085493,0.482812,,,,,,,,,,,,-2.1013,1.82099,1.65268,50,4.999,-8.13538,-116.25636,-3.04885,-2.80597,26.72672,-29.74235,BOC_EAG,GIT_YEL,HarringtonVillage,D1,ACC,20260515-HarringtonVillage-2,b3e2c4e0-50b2-11f1-90ac-456ae51230df,78.06859,,,7.91935,,,,,,,4293fdce-3634-4d91-8f36-83916a8b87e1,2026-05-15,23:06:26.51,2026-05-15T19:06:26.5110000-04:00,2026-05-15T23:06:26.5110000Z,,v3,227,100,26604,"Johnson, Gunnar",1000100233,Right,BOC_EAG,5ad1132a-08f9-46c7-87fa-5525d096090e,54.99054,-117.39805,13.36336,5.1021,-1.77833,-14.87118,1.99764,-8.01552,-1.40299,,,,,,,,,,,,,,,,,,,,,,,,,,,,,,,,,,,,,,,,,,,,,,,,,,,High,High,High,,,,,,139.698328,-86.746173,135.795071,0.056759,10:45,0.998439,0.050393,0.024089,-17.538733,33.968003,-43.654329,136.652374,33.853886,0.570048,0.557077,-0.603913,42.689844,34.753539,0.557077,0.570048,0.603913,-42.689844,-34.753539,-0.557077,-0.570048,0.603913,-136.652374,-33.853886,-0.570048,-0.557077,-0.603913,,,
132,2026-05-15,19:06:44.25,4,7,"Mudd, Tyler",809052,Left,BOC_EAG,"Schmidt, Kent",812674,Left,GIT_YEL,Undefined,4,Top,2,2,2,Slider,Slider,BallCalled,Undefined,Undefined,Undefined,0,0,,80.67853,-2.066391,3.641821,2369.198013,218.998131,1:15,5.07835,-2.15311,5.53452,-38.99392,6.10048,3.43992,-0.10738,1.54221,72.16354,-9.247759,4.254021,0.483318,,,,,,,,,,,,-0.37508,4.33811,1.83425,50,4.87304,-7.54993,-116.47572,-5.48526,-0.49788,28.75874,-26.4159,BOC_EAG,GIT_YEL,HarringtonVillage,D1,ACC,20260515-HarringtonVillage-2,be707d80-50b2-11f1-90ac-456ae51230df,77.98688,,,8.51499,,,,,,,4293fdce-3634-4d91-8f36-83916a8b87e1,2026-05-15,23:06:44.25,2026-05-15T19:06:44.2590000-04:00,2026-05-15T23:06:44.2590000Z,,v3,227,100,26604,"Johnson, Gunnar",1000100233,Right,BOC_EAG,e5a19c8c-f9dd-466e-bbc2-317a8f59b765,54.96107,-117.69428,14.37937,5.08175,-4.36598,-13.20795,2.1537,-7.52884,-0.24894,,,,,,,,,,,,,,,,,,,,,,,,,,,,,,,,,,,,,,,,,,,,,,,,,,,High,High,High,,,,,,129.927599,-82.738941,299.443972,0.12639,10:15,0.990999,0.132629,-0.018209,-10.287751,38.398103,-37.176118,131.453805,34.566166,0.617183,0.567358,-0.545151,46.143501,38.110746,0.567358,0.617183,0.545151,-46.143501,-38.110746,-0.567358,-0.617183,0.545151,-131.453805,-34.566166,-0.617183,-0.567358,-0.545151,,,
133,2026-05-15,19:07:25.13,4,8,"Mudd, Tyler",809052,Left,BOC_EAG,"Schmidt, Kent",812674,Left,GIT_YEL,Undefined,4,Top,2,3,2,FourSeamFastBall,Four-Seam,FoulBallNotFieldable,Undefined,Undefined,Undefined,0,0,,86.39164,-0.963097,2.266137,2093.600489,162.264717,11:30,5.80916,-1.05283,5.8161,-18.60777,20.00773,-5.89937,3.36225,0.56371,76.80728,-4.561352,1.210033,0.447252,,,,,,,,,,,,3.84788,11.00398,0.87082,50,5.71974,-4.70094,-125.03146,-2.61086,5.91247,32.09743,-15.26588,BOC_EAG,GIT_YEL,HarringtonVillage,D1,ACC,20260515-HarringtonVillage-2,d6cc73c0-50b2-11f1-90ac-456ae51230df,84.27565,,,9.58436,,,,,,,4293fdce-3634-4d91-8f36-83916a8b87e1,2026-05-15,23:07:25.13,2026-05-15T19:07:25.1370000-04:00,2026-05-15T23:07:25.1370000Z,,v3,227,100,26604,"Johnson, Gunnar",1000100233,Right,BOC_EAG,608e227f-994c-4e8f-af9e-2569eee7d60b,54.67857,-126.22681,16.04872,5.80639,-2.04234,-7.63294,1.04999,-4.92113,2.95624,,,,,,,,,,,,,,,,,,,,,,,,,,,,,,,,,,,,,,,,,,,,,,,,,,,High,High,High,,,,,,156.374648,-15.510318,2017.356398,0.963582,11:15,0.295587,0.3906,-0.871814,11.765906,-23.655789,36.306874,175.372034,-3.688309,0.080518,-0.064329,-0.994675,3.70034,-4.618359,0.064329,-0.080518,0.994675,-3.70034,4.618359,-0.064329,0.080518,0.994675,-175.372034,3.688309,-0.080518,0.064329,-0.994675,,,
134,2026-05-15,19:07:55.14,4,9,"Mudd, Tyler",809052,Left,BOC_EAG,"Schmidt, Kent",812674,Left,GIT_YEL,Undefined,4,Top,2,3,2,Sinker,Sinker,StrikeCalled,Strikeout,Undefined,Undefined,1,0,,88.24017,-2.090409,3.839823,2104.141587,124.892911,10:15,5.13034,-1.79135,6.03061,-23.37336,13.00497,-16.71359,1.24151,0.37707,79.52801,-6.504073,0.838443,0.434103,,,,,,,,,,,,9.82717,7.75634,1.49984,50,4.95409,-7.87301,-127.69703,-5.39038,15.96589,30.2382,-19.57257,BOC_EAG,GIT_YEL,HarringtonVillage,D1,ACC,20260515-HarringtonVillage-2,e8ad5370-50b2-11f1-90ac-456ae51230df,86.82834,,,8.71216,,,,,,,4293fdce-3634-4d91-8f36-83916a8b87e1,2026-05-15,23:07:55.14,2026-05-15T19:07:55.1450000-04:00,2026-05-15T23:07:55.1450000Z,,v3,227,100,26604,"Johnson, Gunnar",1000100233,Right,BOC_EAG,d4c09db5-82b5-4be4-8c6a-57f3a3ce5731,54.46617,-128.75026,15.1191,5.12997,-4.70865,-9.78629,1.78375,-8.42912,7.98294,,,,,,,,,,,,,,,,,,,,,,,,,,,,,44.2305,,,,,,,-5.06644,3.94345,3.48292,,,,-5.02667,55.74924,-4.15087,4.02209,20.08827,-16.3073,3.48834,24.62388,-1.27812,High,High,High,,,High,High,Medium,137.5525,-21.018448,1964.142507,0.933465,10:30,0.380823,0.642673,-0.66479,-71.600168,51.252263,-78.785119,102.014822,9.80402,0.963809,0.170279,-0.205125,39.696834,74.538467,0.170279,0.963809,0.205125,-39.696834,-74.538467,-0.170279,-0.963809,0.205125,-102.014822,-9.80402,-0.963809,-0.170279,-0.205125,,,
135,2026-05-15,19:08:37.99,1,1,"Ballard, Carson",809806,Right,GIT_YEL,"Wolff, Kyle",813479,Right,BOC_EAG,Undefined,4,Bottom,0,0,0,FourSeamFastBall,Four-Seam,InPlay,Undefined,FlyBall,Out,1,0,,88.18368,-0.517693,-3.559264,2218.277742,219.241279,1:15,6.01556,1.73011,5.36351,-21.96954,15.39757,11.43883,3.69837,-0.65847,79.15779,-4.651398,-1.531797,0.439963,,,,,,,,,,,,-6.81843,8.26745,-1.41835,50,5.95392,7.39824,-127.50232,-1.88358,-11.04431,30.13769,-18.78265,BOC_EAG,GIT_YEL,HarringtonVillage,D1,ACC,20260515-HarringtonVillage-2,0233bff0-50b3-11f1-90ac-456ae51230df,85.67182,,,9.02588,,,,,,,4293fdce-3634-4d91-8f36-83916a8b87e1,2026-05-15,23:08:37.99,2026-05-15T19:08:37.9920000-04:00,2026-05-15T23:08:37.9920000Z,,v3,227,100,26604,"Lackey, Vahn",822518,Right,GIT_YEL,6a9b05ad-a252-4e69-9c6f-e3e432f5ad82,55.12968,-128.70911,15.06885,6.01428,-1.13148,-9.39133,-1.72344,7.84048,-5.52216,,,,,,,,,,,,,,,,,,,,,,,,,,,,,,,,,,,,,,,,,,,,,,,,,,,High,High,High,,,,,,224.354897,23.307077,2037.260766,0.918398,1:30,-0.429857,-0.645601,-0.631207,-79.136383,-47.250102,-27.741808,148.011695,-12.567262,0.517054,-0.217586,-0.827835,14.726353,-31.134853,0.217586,-0.517054,0.827835,-14.726353,31.134853,-0.217586,0.517054,0.827835,-148.011695,12.567262,-0.517054,0.217586,-0.827835,,,
136,2026-05-15,19:08:47.97,2,1,"Ballard, Carson",809806,Right,GIT_YEL,"Gallo, Luke",828057,Right,BOC_EAG,Undefined,4,Bottom,0,0,0,FourSeamFastBall,Sinker,StrikeCalled,Undefined,Undefined,Undefined,0,0,,86.97629,-0.206884,-3.327041,2081.626458,243.116119,2:00,5.58625,2.10001,4.93112,-27.67679,11.45194,19.63655,3.08397,0.58797,77.88073,-5.329818,0.129617,0.450214,,,,,,,,,,,,-10.70052,6.1467,-1.79285,50,5.54392,6.36777,-125.69304,-1.48193,-16.79217,30.00701,-22.52811,BOC_EAG,GIT_YEL,HarringtonVillage,D1,ACC,20260515-HarringtonVillage-2,082b4ea0-50b3-11f1-90ac-456ae51230df,83.72112,,,9.09557,,,,,,,4293fdce-3634-4d91-8f36-83916a8b87e1,2026-05-15,23:08:47.97,2026-05-15T19:08:47.9770000-04:00,2026-05-15T23:08:47.9770000Z,,v3,227,100,26604,"Lackey, Vahn",822518,Right,GIT_YEL,f8c30b55-7ddb-47ae-beff-f406a3fdf57d,55.56333,-127.01424,15.0035,5.58733,-0.49002,-11.26406,-2.0895,7.10712,-8.39608,,,,,,,,,,,,,,,,,,,,,,,,,,,,,,,,,,,,,,,,,,,,,,,,,,,High,High,High,,,,,,237.293947,20.466851,1950.223058,0.936875,2:00,-0.375611,-0.789594,-0.48524,-91.794462,-18.724362,83.315168,147.168214,-70.036472,0.18511,-0.93991,-0.286885,73.026437,-10.66756,0.93991,-0.18511,0.286885,-73.026437,10.66756,-0.93991,0.18511,0.286885,-147.168214,70.036472,-0.18511,0.93991,-0.286885,,,
137,2026-05-15,19:11:02.07,2,2,"Ballard, Carson",809806,Right,GIT_YEL,"Gallo, Luke",828057,Right,BOC_EAG,Undefined,4,Bottom,0,0,1,FourSeamFastBall,Sinker,BallCalled,Undefined,Undefined,Undefined,0,0,,92.01188,-0.375962,-2.828331,2339.445528,229.825648,1:45,5.76083,1.96519,5.38355,-21.35407,13.14694,13.96276,3.62848,0.47546,81.98444,-4.402021,-0.349158,0.422754,,,,,,,,,,,,-7.91619,7.09772,-1.72204,50,5.7127,5.89629,-133.04664,-1.62053,-13.84783,34.94885,-19.75797,BOC_EAG,GIT_YEL,HarringtonVillage,D1,ACC,20260515-HarringtonVillage-2,581fc080-50b3-11f1-90ac-456ae51230df,89.15934,,,10.02744,,,,,,,4293fdce-3634-4d91-8f36-83916a8b87e1,2026-05-15,23:11:02.07,2026-05-15T19:11:02.0770000-04:00,2026-05-15T23:11:02.0770000Z,,v3,227,100,26604,"Lackey, Vahn",822518,Right,GIT_YEL,6b98e753-56e9-45d8-94ae-1c8cbe1b3e9d,55.10949,-134.38211,17.47442,5.7602,-0.86554,-9.87898,-1.95746,6.42544,-6.92392,,,,,,,,,,,,,,,,,,,,,,,,,,,,,,,,,,,,,,,,,,,,,,,,,,,High,High,High,,,,,,229.989575,21.423326,2177.80666,0.930907,1:45,-0.389663,-0.715389,-0.579984,98.212924,41.16351,-11.513599,150.857802,-11.62946,0.476982,-0.201582,-0.855484,13.258997,-28.488473,0.201582,-0.476982,0.855484,-13.258997,28.488473,-0.201582,0.476982,0.855484,-150.857802,11.62946,-0.476982,0.201582,-0.855484,,,
138,2026-05-15,19:11:19.74,2,3,"Ballard, Carson",809806,Right,GIT_YEL,"Gallo, Luke",828057,Right,BOC_EAG,Undefined,4,Bottom,0,1,1,Sinker,Sinker,BallCalled,Undefined,Undefined,Undefined,0,0,,88.98438,-1.785293,-3.857852,2229.511118,255.265344,2:30,5.35624,2.21418,5.34733,-29.94809,7.0137,21.16816,1.18165,0.35412,79.71915,-7.320926,-0.101289,0.43757,,,,,,,,,,,,-11.90312,4.54796,-1.88194,50,5.17411,7.69378,-128.56039,-5.1241,-19.46773,32.30721,-24.73582,BOC_EAG,GIT_YEL,HarringtonVillage,D1,ACC,20260515-HarringtonVillage-2,62a514b0-50b3-11f1-90ac-456ae51230df,86.1403,,,9.26523,,,,,,,4293fdce-3634-4d91-8f36-83916a8b87e1,2026-05-15,23:11:19.74,2026-05-15T19:11:19.7400000-04:00,2026-05-15T23:11:19.7400000Z,,v3,227,100,26604,"Lackey, Vahn",822518,Right,GIT_YEL,05a502fc-3230-4ed1-86e6-3a5ea17e172f,55.14896,-129.84787,16.15361,5.35867,-4.13835,-12.36791,-2.20401,8.46959,-9.73387,,,,,,,,,,,,,,,,,,,,,,,,,,,,,,,,,,,,,,,,,,,,,,,,,,,High,High,High,,,,,,237.124186,25.894388,2005.669445,0.899601,2:00,-0.444883,-0.768767,-0.45943,34.608403,67.381217,17.561197,150.490205,-69.578832,0.171868,-0.937153,-0.303654,72.046788,-9.896418,0.937153,-0.171868,0.303654,-72.046788,9.896418,-0.937153,0.171868,0.303654,-150.490205,69.578832,-0.171868,0.937153,-0.303654,,,
139,2026-05-15,19:11:35.17,2,4,"Ballard, Carson",809806,Right,GIT_YEL,"Gallo, Luke",828057,Right,BOC_EAG,Undefined,4,Bottom,0,2,1,Slider,Slider,StrikeCalled,Undefined,Undefined,Undefined,0,0,,81.66539,-0.831176,-2.642596,2609.176973,82.061817,8:45,5.88246,2.02905,5.27371,-43.24947,0.35059,-8.58961,1.49676,-1.17061,74.16881,-8.701491,-4.166134,0.475242,,,,,,,,,,,,3.44103,0.89433,-1.78097,50,5.7749,5.81612,-118.23884,-3.26129,4.79139,25.99519,-30.92877,BOC_EAG,GIT_YEL,HarringtonVillage,D1,ACC,20260515-HarringtonVillage-2,6be69e40-50b3-11f1-90ac-456ae51230df,79.31208,,,7.49658,,,,,,,4293fdce-3634-4d91-8f36-83916a8b87e1,2026-05-15,23:11:35.17,2026-05-15T19:11:35.1780000-04:00,2026-05-15T23:11:35.1780000Z,,v3,227,100,26604,"Lackey, Vahn",822518,Right,GIT_YEL,ea861be4-5989-4279-9d2b-82461c682276,55.22356,-119.38173,12.9976,5.88839,-1.90149,-15.46438,-2.03205,5.60546,2.3957,,,,,,,,,,,,,,,,,,,,,,,,,,,,,,,,,,,,,,,,,,,,,,,,,,,High,High,High,,,,,,137.239836,81.74794,374.490473,0.143528,10:30,-0.99476,0.083079,-0.059578,-43.833323,14.859378,-87.728345,172.227469,40.765843,0.102429,0.652969,-0.750426,41.027545,5.879066,0.652969,0.102429,0.750426,-41.027545,-5.879066,-0.652969,-0.102429,0.750426,-172.227469,-40.765843,-0.102429,-0.652969,-0.750426,,,
140,2026-05-15,19:11:52.68,2,5,"Ballard, Carson",809806,Right,GIT_YEL,"Gallo, Luke",828057,Right,BOC_EAG,Undefined,4,Bottom,0,2,2,Curveball,Slider,FoulBallNotFieldable,Undefined,Undefined,Undefined,0,0,,79.91044,-0.317805,-2.43633,2508.56913,74.968415,8:30,5.95933,1.92986,5.26042,-46.14357,-0.65091,-8.38945,1.81519,-1.05957,72.63561,-8.712294,-3.924444,0.485447,,,,,,,,,,,,3.41839,0.22677,-1.70018,50,5.89624,5.26691,-115.74475,-2.26154,4.56495,24.74733,-31.87123,BOC_EAG,GIT_YEL,HarringtonVillage,D1,ACC,20260515-HarringtonVillage-2,76564790-50b3-11f1-90ac-456ae51230df,77.64478,,,7.27482,,,,,,,4293fdce-3634-4d91-8f36-83916a8b87e1,2026-05-15,23:11:52.68,2026-05-15T19:11:52.6870000-04:00,2026-05-15T23:11:52.6870000Z,,v3,227,100,26604,"Lackey, Vahn",822518,Right,GIT_YEL,da37a710-77d3-49e2-afa4-08384105335d,55.23745,-116.85921,12.37367,5.96576,-0.82628,-15.93561,-1.93274,5.06134,2.28247,,,,,,,,,,,,,,,,,,,,,,,,,,,,,,,,,,,,,,,,,,,,,,,,,,,High,High,High,,,,,,101.811315,81.688323,362.633388,0.144558,9:30,-0.990629,0.136007,0.012533,52.234898,-10.588047,85.316033,175.944289,37.832755,0.05586,0.613359,-0.787827,37.902371,3.202211,0.613359,0.05586,0.787827,-37.902371,-3.202211,-0.613359,-0.05586,0.787827,-175.944289,-37.832755,-0.05586,-0.613359,-0.787827,,,
141,2026-05-15,19:12:14.11,2,6,"Ballard, Carson",809806,Right,GIT_YEL,"Gallo, Luke",828057,Right,BOC_EAG,Undefined,4,Bottom,0,2,2,Slider,Slider,BallCalled,Undefined,Undefined,Undefined,0,0,,82.43869,-2.198549,-2.643467,2583.079627,83.579319,8:45,5.92519,1.91489,5.49709,-42.10392,0.47606,-9.448,0.35688,-1.34681,74.91836,-9.863586,-4.32775,0.46965,,,,,,,,,,,,3.92319,1.36957,-1.67692,50,5.70427,5.88946,-119.31928,-6.04266,5.54423,27.18555,-30.23857,BOC_EAG,GIT_YEL,HarringtonVillage,D1,ACC,20260515-HarringtonVillage-2,830c3760-50b3-11f1-90ac-456ae51230df,80.25649,,,7.52032,,,,,,,4293fdce-3634-4d91-8f36-83916a8b87e1,2026-05-15,23:12:14.11,2026-05-15T19:12:14.1120000-04:00,2026-05-15T23:12:14.1120000Z,,v3,227,100,26604,"Lackey, Vahn",822518,Right,GIT_YEL,4f5a6241-1310-464b-8381-9b3d28b8c5d6,55.00124,-120.45336,13.59277,5.93004,-4.78121,-15.11929,-1.91778,5.65818,2.77212,,,,,,,,,,,,,,,,,,,,,,,,,,,,,,,,,,,,,,,,,,,,,,,,,,,High,High,High,,,,,,174.666679,79.493491,471.017413,0.182347,11:45,-0.990488,-0.020783,-0.13602,-44.851035,-0.00161,-80.815069,170.097775,36.815335,0.137672,0.599238,-0.788645,37.228753,7.913162,0.599238,0.137672,0.788645,-37.228753,-7.913162,-0.599238,-0.137672,0.788645,-170.097775,-36.815335,-0.137672,-0.599238,-0.788645,,,
142,2026-05-15,19:12:30.48,2,7,"Ballard, Carson",809806,Right,GIT_YEL,"Gallo, Luke",828057,Right,BOC_EAG,Undefined,4,Bottom,0,3,2,Slider,Slider,StrikeSwinging,Strikeout,Undefined,Undefined,1,0,,83.7704,-0.338173,-1.633113,2627.391295,75.072748,8:30,5.84246,1.99671,5.2737,-42.66601,-1.10803,-9.90969,1.96919,-0.36344,75.61848,-8.124414,-3.392826,0.463979,71.02002,-20.189418,-20.038183,,,,,7.42235,7.15347,-12.381216,0.057378,4.42788,-0.03941,-1.83984,50,5.78027,3.88188,-121.33288,-2.28015,6.45935,28.48113,-32.23154,BOC_EAG,GIT_YEL,HarringtonVillage,D1,ACC,20260515-HarringtonVillage-2,8ccbf1a0-50b3-11f1-90ac-456ae51230df,81.23733,2.06858,,8.15193,,,,1.96483,2.06858,0.33607,4293fdce-3634-4d91-8f36-83916a8b87e1,2026-05-15,23:12:30.48,2026-05-15T19:12:30.4850000-04:00,2026-05-15T23:12:30.4850000Z,GroundBall,v3,227,100,26604,"Lackey, Vahn",822518,Right,GIT_YEL,6721f5e4-0ce2-462d-9a66-fbc3959d2fb6,55.22396,-122.553,14.24056,5.84838,-0.89937,-16.11577,-2.00021,3.60516,3.22968,180,1.96241,92.10622,,,,,,,,2.06952,-36.05158,,,,,,,,0.33695,-33.59345,,,,,,,,,,,,,,,,,,,,,,,,,,,,,,High,High,High,High,High,,,,168.022393,79.058597,498.691951,0.189805,11:30,-0.98693,0.033595,-0.15761,-41.06845,6.454739,-83.595618,170.820298,38.553063,0.124759,0.623239,-0.772016,38.913529,7.166816,0.623239,0.124759,0.772016,-38.913529,-7.166816,-0.623239,-0.124759,0.772016,-170.820298,-38.553063,-0.124759,-0.623239,-0.772016,70.37559,8.12316,-37.3883
143,2026-05-15,19:13:08.72,3,1,"Ballard, Carson",809806,Right,GIT_YEL,"Johnson, Gunnar",1000100233,Right,BOC_EAG,Undefined,4,Bottom,2,0,0,Slider,Slider,StrikeCalled,Undefined,Undefined,Undefined,0,0,,82.88152,-0.097549,-0.695281,2665.161734,128.57395,10:15,5.8495,1.9518,5.24807,-34.55525,7.07772,-7.24158,2.87823,0.69494,75.98784,-6.423314,-1.980221,0.464398,,,,,,,,,,,,3.41484,3.97481,-1.88247,50,5.81513,1.76947,-120.29574,-1.43406,5.00655,23.22031,-26.34651,BOC_EAG,GIT_YEL,HarringtonVillage,D1,ACC,20260515-HarringtonVillage-2,a3958810-50b3-11f1-90ac-456ae51230df,81.16411,,,6.89368,,,,,,,4293fdce-3634-4d91-8f36-83916a8b87e1,2026-05-15,23:13:08.72,2026-05-15T19:13:08.7240000-04:00,2026-05-15T23:13:08.7240000Z,,v3,227,100,26604,"Lackey, Vahn",822518,Right,GIT_YEL,7361c188-78bd-4189-9463-93e820c2dc91,55.24925,-121.30475,11.61016,5.85258,-0.28919,-13.17326,-1.95464,1.55192,2.50327,,,,,,,,,,,,,,,,,,,,,,,,,,,,,,,,,,,,,,,,,,,,,,,,,,,High,High,High,,,,,,159.444099,78.08036,550.461419,0.20654,11:15,-0.980835,0.070854,-0.181501,-31.230738,12.277603,-87.04695,173.298628,46.83258,0.079835,0.729358,-0.679458,47.028532,4.579054,0.729358,0.079835,0.679458,-47.028532,-4.579054,-0.729358,-0.079835,0.679458,-173.298628,-46.83258,-0.079835,-0.729358,-0.679458,,,
144,2026-05-15,19:13:23.09,3,2,"Ballard, Carson",809806,Right,GIT_YEL,"Johnson, Gunnar",1000100233,Right,BOC_EAG,Undefined,4,Bottom,2,0,1,Slider,Curveball,BallCalled,Undefined,Undefined,Undefined,0,0,,77.37246,0.211696,-1.815409,2727.330529,83.23986,8:45,5.57376,2.00442,5.14825,-49.1342,-0.56658,-18.69218,1.67865,-1.26296,70.60983,-8.699472,-5.123888,0.501585,,,,,,,,,,,,8.76,0.11937,-1.81953,50,5.55588,4.30105,-112.15102,-1.27962,11.00887,22.80063,-32.02404,BOC_EAG,GIT_YEL,HarringtonVillage,D1,ACC,20260515-HarringtonVillage-2,ac2d3d10-50b3-11f1-90ac-456ae51230df,75.14659,,,6.76264,,,,,,,4293fdce-3634-4d91-8f36-83916a8b87e1,2026-05-15,23:13:23.09,2026-05-15T19:13:23.0910000-04:00,2026-05-15T23:13:23.0910000Z,,v3,227,100,26604,"Lackey, Vahn",822518,Right,GIT_YEL,31901c56-d88a-4cc5-9050-94c38c4126c7,55.35103,-113.23367,11.40031,5.58054,0.24099,-16.01202,-2.01135,3.77831,5.50444,,,,,,,,,,,,,,,,,,,,,,,,,,,,,,,,,,,,,,,,,,,,,,,,,,,High,High,High,,,,,,73.083654,65.414357,1134.713841,0.416053,8:30,-0.903573,0.401408,0.149761,58.493446,-33.490994,76.10424,164.45173,32.291131,0.226595,0.534221,-0.814409,33.263355,13.09667,0.534221,0.226595,0.814409,-33.263355,-13.09667,-0.534221,-0.226595,0.814409,-164.45173,-32.291131,-0.226595,-0.534221,-0.814409,,,
145,2026-05-15,19:13:36.95,3,3,"Ballard, Carson",809806,Right,GIT_YEL,"Johnson, Gunnar",1000100233,Right,BOC_EAG,Undefined,4,Bottom,2,1,1,Cutter,Slider,StrikeCalled,Undefined,Undefined,Undefined,0,0,,84.00746,-0.922651,-2.243512,2697.624851,70.452075,8:15,5.77881,2.07573,5.32188,-42.50971,-1.64508,-8.50308,1.36976,-0.73931,76.70314,-8.644509,-3.754214,0.460092,,,,,,,,,,,,3.59398,-0.17366,-1.86617,50,5.66447,5.12857,-121.77184,-3.5201,5.33812,26.32401,-32.43199,BOC_EAG,GIT_YEL,HarringtonVillage,D1,ACC,20260515-HarringtonVillage-2,b4693d80-50b3-11f1-90ac-456ae51230df,81.92364,,,7.30432,,,,,,,4293fdce-3634-4d91-8f36-83916a8b87e1,2026-05-15,23:13:36.95,2026-05-15T19:13:36.9540000-04:00,2026-05-15T23:13:36.9540000Z,,v3,227,100,26604,"Lackey, Vahn",822518,Right,GIT_YEL,4a40379d-d126-4615-958e-272d088aadec,55.17722,-122.88593,13.16201,5.7844,-2.1475,-16.216,-2.07844,4.90265,2.66906,,,,,,,,,,,,,,,,,,,,,,,,,,,,,,,,,,,,,,,,,,,,,,,,,,,High,High,High,,,,,,169.718872,80.059185,465.693172,0.172631,11:45,-0.991249,0.014946,-0.131155,-42.494293,3.021754,-85.364253,173.455676,39.457249,0.087998,0.635502,-0.767068,39.64115,5.048416,0.635502,0.087998,0.767068,-39.64115,-5.048416,-0.635502,-0.087998,0.767068,-173.455676,-39.457249,-0.087998,-0.635502,-0.767068,,,
146,2026-05-15,19:13:55.08,3,4,"Ballard, Carson",809806,Right,GIT_YEL,"Johnson, Gunnar",1000100233,Right,BOC_EAG,Undefined,4,Bottom,2,1,2,Cutter,Slider,BallCalled,Undefined,Undefined,Undefined,0,0,,81.30406,-1.711796,-2.373052,2700.163893,113.112363,9:45,5.79324,2.03817,5.22816,-37.54813,6.02276,-10.82394,1.05318,-1.09592,74.67337,-8.532573,-4.291185,0.475083,,,,,,,,,,,,4.76244,3.90146,-1.81089,50,5.60736,5.32475,-117.84302,-4.83513,6.66694,23.33095,-26.71239,BOC_EAG,GIT_YEL,HarringtonVillage,D1,ACC,20260515-HarringtonVillage-2,bf397d60-50b3-11f1-90ac-456ae51230df,79.33864,,,6.63069,,,,,,,4293fdce-3634-4d91-8f36-83916a8b87e1,2026-05-15,23:13:55.08,2026-05-15T19:13:55.0890000-04:00,2026-05-15T23:13:55.0890000Z,,v3,227,100,26604,"Lackey, Vahn",822518,Right,GIT_YEL,a169916a-8c46-436f-9519-1917a6246dea,55.27095,-118.882,11.66548,5.79619,-3.64556,-13.35619,-2.0414,5.02785,3.33347,,,,,,,,,,,,,,,,,,,,,,,,,,,,,,,,,,,,,,,,,,,,,,,,,,,High,High,High,,,,,,125.484607,79.470375,493.438475,0.182744,10:15,-0.990713,0.119368,-0.065115,29.513159,-12.511039,86.644161,175.355673,55.994856,0.045284,0.828987,-0.557431,56.082167,2.595465,0.828987,0.045284,0.557431,-56.082167,-2.595465,-0.828987,-0.045284,0.557431,-175.355673,-55.994856,-0.045284,-0.828987,-0.557431,,,
147,2026-05-15,19:14:11.38,3,5,"Ballard, Carson",809806,Right,GIT_YEL,"Johnson, Gunnar",1000100233,Right,BOC_EAG,Undefined,4,Bottom,2,2,2,Slider,Curveball,FoulBallNotFieldable,Undefined,Undefined,Undefined,0,0,,76.88632,1.368515,-1.468711,2656.02672,80.834568,8:45,5.54425,2.09577,5.11934,-50.06672,-1.05083,-16.45906,2.66178,-0.65959,70.24639,-7.721853,-4.379408,0.503895,,,,,,,,,,,,7.73563,-0.44772,-1.94431,50,5.63417,3.51901,-111.47791,0.93122,9.65612,21.54668,-32.73292,BOC_EAG,GIT_YEL,HarringtonVillage,D1,ACC,20260515-HarringtonVillage-2,c8fc1dd0-50b3-11f1-90ac-456ae51230df,74.80221,,,6.63993,,,,,,,4293fdce-3634-4d91-8f36-83916a8b87e1,2026-05-15,23:14:11.38,2026-05-15T19:14:11.3880000-04:00,2026-05-15T23:14:11.3880000Z,,v3,227,100,26604,"Lackey, Vahn",822518,Right,GIT_YEL,ddc202b8-a313-4864-88d3-89529648420c,55.37988,-112.51294,10.77334,5.55168,2.5036,-16.36646,-2.10221,3.05516,4.82806,,,,,,,,,,,,,,,,,,,,,,,,,,,,,,,,,,,,,,,,,,,,,,,,,,,High,High,High,,,,,,72.763406,64.028767,1163.126773,0.43792,8:30,-0.885151,0.439604,0.152501,58.903312,-30.234624,77.707787,160.71894,30.244765,0.285256,0.503695,-0.815427,31.703934,16.574136,0.503695,0.285256,0.815427,-31.703934,-16.574136,-0.503695,-0.285256,0.815427,-160.71894,-30.244765,-0.285256,-0.503695,-0.815427,,,
148,2026-05-15,19:14:30.76,3,6,"Ballard, Carson",809806,Right,GIT_YEL,"Johnson, Gunnar",1000100233,Right,BOC_EAG,Undefined,4,Bottom,2,2,2,Sinker,Sinker,StrikeSwinging,Strikeout,Undefined,Undefined,1,0,,91.64727,-0.214063,-3.995674,2102.314577,255.288462,2:30,5.48998,2.10429,5.42512,-27.7295,6.67713,20.68828,2.9782,0.07979,82.56182,-5.348816,-0.323206,0.422175,,,,,,,,,,,,-11.58402,3.79874,-1.76395,50,5.45203,8.28199,-132.59279,-1.5459,-20.34999,31.84577,-25.50067,BOC_EAG,GIT_YEL,HarringtonVillage,D1,ACC,20260515-HarringtonVillage-2,d475e420-50b3-11f1-90ac-456ae51230df,89.28155,,,9.08545,,,,,,,4293fdce-3634-4d91-8f36-83916a8b87e1,2026-05-15,23:14:30.76,2026-05-15T19:14:30.7680000-04:00,2026-05-15T23:14:30.7680000Z,,v3,227,100,26604,"Lackey, Vahn",822518,Right,GIT_YEL,3ad86175-0d20-4d73-878e-3f8b3963da07,55.07188,-133.80539,15.92289,5.49241,-0.5749,-12.75034,-2.09406,9.05686,-10.17499,,,,,,,,,,,,,,,,,,,,,,,,,,,,,,,,,,,,,,,,,,,,,,,,,,,High,High,High,,,,,,235.127649,25.19413,1902.322802,0.904871,1:45,-0.457932,-0.743966,-0.486633,39.244272,65.346105,27.048405,161.679374,-65.4324,0.13069,-0.909471,-0.394692,66.540123,-7.509447,0.909471,-0.13069,0.394692,-66.540123,7.509447,-0.909471,0.13069,0.394692,-161.679374,65.4324,-0.13069,0.909471,-0.394692,,,
149,2026-05-15,19:16:55.43,1,1,"Mudd, Tyler",809052,Left,BOC_EAG,"Brosius, Parker",702701,Right,GIT_YEL,Undefined,5,Top,0,0,0,Slider,Slider,StrikeCalled,Undefined,Undefined,Undefined,0,0,,78.89797,0.347605,1.149489,2244.037492,191.951126,12:30,5.0104,-2.08537,5.63282,-40.47699,5.16878,0.76858,1.96171,-0.9487,71.86593,-7.116684,1.28685,0.486264,,,,,,,,,,,,-0.04106,3.00992,1.98709,50,5.01444,-2.32704,-114.46184,-0.617,-0.05406,22.68457,-28.21242,BOC_EAG,GIT_YEL,HarringtonVillage,D1,ACC,20260515-HarringtonVillage-2,2adbf6b0-50b4-11f1-90ac-456ae51230df,77.51443,,,7.03204,,,,,,,4293fdce-3634-4d91-8f36-83916a8b87e1,2026-05-15,23:16:55.43,2026-05-15T19:16:55.4380000-04:00,2026-05-15T23:16:55.4380000Z,,v3,227,100,26604,"Johnson, Gunnar",1000100233,Right,BOC_EAG,8dc19954-5407-4fd5-9ea8-6cbedd9ab3f8,54.86314,-115.42161,11.34229,5.0153,0.57666,-14.10621,2.0855,-2.32475,-0.02703,,,,,,,,,,,,,,,,,,,,,,,,,,,,,,,,,,,,,,,,,,,,,,,,,,,High,High,High,,,,,,117.148714,-78.668893,440.905162,0.196479,10:00,0.983152,0.16888,-0.069945,-3.962627,50.274087,-31.276584,133.162361,32.316402,0.616438,0.534594,-0.578112,42.760317,38.056463,0.534594,0.616438,0.578112,-42.760317,-38.056463,-0.534594,-0.616438,0.578112,-133.162361,-32.316402,-0.616438,-0.534594,-0.578112,,,
150,2026-05-15,19:17:11.43,1,2,"Mudd, Tyler",809052,Left,BOC_EAG,"Brosius, Parker",702701,Right,GIT_YEL,Undefined,5,Top,0,0,1,Slider,Slider,BallCalled,Undefined,Undefined,Undefined,0,0,,79.84475,-0.551162,2.352599,2322.862949,254.217281,2:30,5.09488,-1.80387,5.52311,-42.30506,3.17453,5.11536,1.05372,0.82312,71.91877,-8.333371,3.264435,0.485378,,,,,,,,,,,,-1.76681,2.28079,1.59561,50,5.01897,-4.95276,-115.58103,-2.51866,-2.333,26.33574,-29.16242,BOC_EAG,GIT_YEL,HarringtonVillage,D1,ACC,20260515-HarringtonVillage-2,34426d60-50b4-11f1-90ac-456ae51230df,77.65592,,,7.92598,,,,,,,4293fdce-3634-4d91-8f36-83916a8b87e1,2026-05-15,23:17:11.43,2026-05-15T19:17:11.4320000-04:00,2026-05-15T23:17:11.4320000Z,,v3,227,100,26604,"Johnson, Gunnar",1000100233,Right,BOC_EAG,b6d903ab-40dc-413b-928a-f62cd2f3b69d,54.97275,-116.7086,13.16787,5.10008,-1.27008,-14.58121,1.80552,-4.85287,-1.1665,,,,,,,,,,,,,,,,,,,,,,,,,,,,,,,,,,,,,,,,,,,,,,,,,,,High,High,High,,,,,,123.595882,-85.124829,197.408873,0.084985,10:00,0.996746,0.080371,-0.006115,-24.368907,34.39707,-48.608809,136.930153,29.811765,0.592518,0.497152,-0.633847,38.108543,36.335908,0.497152,0.592518,0.633847,-38.108543,-36.335908,-0.497152,-0.592518,0.633847,-136.930153,-29.811765,-0.592518,-0.497152,-0.633847,,,
151,2026-05-15,19:17:28.62,1,3,"Mudd, Tyler",809052,Left,BOC_EAG,"Brosius, Parker",702701,Right,GIT_YEL,Undefined,5,Top,0,1,1,Slider,Slider,StrikeCalled,Undefined,Undefined,Undefined,0,0,,77.36255,1.245632,1.345333,2333.525735,222.684866,1:30,5.03625,-1.99022,5.45962,-42.66085,5.20355,3.30284,2.64763,-0.4555,70.31788,-6.605404,1.933244,0.497941,,,,,,,,,,,,-1.24299,2.76028,1.86942,50,5.1172,-2.76479,-112.15604,1.04895,-1.56948,21.9333,-28.68876,BOC_EAG,GIT_YEL,HarringtonVillage,D1,ACC,20260515-HarringtonVillage-2,3e8699e0-50b4-11f1-90ac-456ae51230df,75.69663,,,7.04466,,,,,,,4293fdce-3634-4d91-8f36-83916a8b87e1,2026-05-15,23:17:28.62,2026-05-15T19:17:28.6200000-04:00,2026-05-15T23:17:28.6200000Z,,v3,227,100,26604,"Johnson, Gunnar",1000100233,Right,BOC_EAG,fd67598f-6998-44be-927c-b11925f65ffd,55.03609,-113.13661,10.96665,5.04164,2.33154,-14.34438,1.99146,-2.69462,-0.78474,,,,,,,,,,,,,,,,,,,,,,,,,,,,,,,,,,,,,,,,,,,,,,,,,,,High,High,High,,,,,,127.321625,-84.280188,232.568088,0.099664,10:15,0.997653,0.057608,-0.037012,-14.574356,38.98297,-43.544801,133.400126,33.688255,0.604558,0.554674,-0.571705,44.133752,37.197054,0.554674,0.604558,0.571705,-44.133752,-37.197054,-0.554674,-0.604558,0.571705,-133.400126,-33.688255,-0.604558,-0.554674,-0.571705,,,
152,2026-05-15,19:17:45.21,1,4,"Mudd, Tyler",809052,Left,BOC_EAG,"Brosius, Parker",702701,Right,GIT_YEL,Undefined,5,Top,0,1,2,ChangeUp,Changeup,StrikeSwinging,Strikeout,Undefined,Undefined,1,0,,82.1265,-1.823828,0.62205,1627.773525,154.443467,11:15,5.82972,-1.18991,5.70396,-22.65572,19.65572,-8.66012,2.24171,-1.33196,74.18502,-6.114924,-0.927365,0.468166,,,,,,,,,,,,4.56248,10.99804,1.14306,50,5.66301,-0.93621,-119.01143,-4.43182,6.4511,25.85333,-16.6234,BOC_EAG,GIT_YEL,HarringtonVillage,D1,ACC,20260515-HarringtonVillage-2,48694570-50b4-11f1-90ac-456ae51230df,80.51078,,,7.94148,,,,,,,4293fdce-3634-4d91-8f36-83916a8b87e1,2026-05-15,23:17:45.21,2026-05-15T19:17:45.2170000-04:00,2026-05-15T23:17:45.2170000Z,,v3,227,100,26604,"Johnson, Gunnar",1000100233,Right,BOC_EAG,95f1145f-86ef-4be4-b6ce-1eb86cc28104,54.78996,-120.04746,12.92667,5.82726,-3.76566,-8.3117,1.18576,-1.19473,3.22555,,,,,,,,,,,,,,,,,,,,,,,,,,,,,54.61055,2.54401,1.158707,1.385303,-1.75312,1.89361,1.38582,-4.87199,3.93906,4.13846,81.17138,2.66791,43.61338,-4.76141,70.07817,-5.82534,4.06571,20.67406,-15.67259,4.12929,29.68113,-0.84959,High,High,High,,,High,High,High,149.078272,-7.787892,1612.759755,0.990776,11:00,0.128454,0.513182,-0.848613,-65.219294,3.266419,-64.279694,99.139317,-68.755806,0.357744,-0.932045,-0.057553,86.466514,-20.961691,0.932045,-0.357744,0.057553,-86.466514,20.961691,-0.932045,0.357744,0.057553,-99.139317,68.755806,-0.357744,0.932045,-0.057553,,,
153,2026-05-15,19:18:09.61,2,1,"Mudd, Tyler",809052,Left,BOC_EAG,"Kerce, Carson",812668,Right,GIT_YEL,Undefined,5,Top,2,0,0,Fastball,Four-Seam,StrikeCalled,Undefined,Undefined,Undefined,0,0,,87.65633,-1.231934,3.777872,2026.599059,139.255295,10:45,5.1469,-1.78128,6.07333,-20.46438,16.09674,-12.76261,2.29896,0.65595,79.32665,-5.125164,1.48586,0.435192,,,,,,,,,,,,7.70111,9.03662,1.49509,50,5.04049,-7.85605,-126.97442,-3.32616,12.45037,28.35882,-17.56456,BOC_EAG,GIT_YEL,HarringtonVillage,D1,ACC,20260515-HarringtonVillage-2,57022610-50b4-11f1-90ac-456ae51230df,86.611,,,8.32969,,,,,,,4293fdce-3634-4d91-8f36-83916a8b87e1,2026-05-15,23:18:09.61,2026-05-15T19:18:09.6120000-04:00,2026-05-15T23:18:09.6120000Z,,v3,227,100,26604,"Johnson, Gunnar",1000100233,Right,BOC_EAG,f22aef82-7285-47ba-ab68-d000bac07c64,54.42308,-127.95848,14.17941,5.14533,-2.71667,-8.78228,1.77519,-8.28807,6.22518,,,,,,,,,,,,,,,,,,,,,,,,,,,,,,,,,,,,,,,,,,,,,,,,,,,High,High,High,,,,,,132.137754,-20.42041,1899.243036,0.937158,10:30,0.374587,0.702275,-0.605388,-99.371634,30.608205,72.170052,96.963851,8.287033,0.982258,0.144132,-0.119977,50.22566,79.191153,0.144132,0.982258,0.119977,-50.22566,-79.191153,-0.144132,-0.982258,0.119977,-96.963851,-8.287033,-0.982258,-0.144132,-0.119977,,,
154,2026-05-15,19:18:21.74,2,2,"Mudd, Tyler",809052,Left,BOC_EAG,"Kerce, Carson",812668,Right,GIT_YEL,Undefined,5,Top,2,0,1,Curveball,Slider,BallCalled,Undefined,Undefined,Undefined,0,0,,76.77728,-1.350618,0.628921,2388.4791,291.620703,3:45,5.66538,-1.26395,5.54145,-49.08991,-0.58961,5.66748,0.31197,-0.20385,70.31551,-10.293074,1.642953,0.501237,,,,,,,,,,,,-2.69244,0.54976,1.20551,50,5.5156,-1.43383,-111.38787,-4.21106,-3.34222,22.24106,-31.49161,BOC_EAG,GIT_YEL,HarringtonVillage,D1,ACC,20260515-HarringtonVillage-2,5e362c60-50b4-11f1-90ac-456ae51230df,75.19876,,,6.46177,,,,,,,4293fdce-3634-4d91-8f36-83916a8b87e1,2026-05-15,23:18:21.74,2026-05-15T19:18:21.7410000-04:00,2026-05-15T23:18:21.7410000Z,,v3,227,100,26604,"Johnson, Gunnar",1000100233,Right,BOC_EAG,e6a7ea70-78c7-4bdd-a920-3844e308f770,54.95786,-112.37346,11.12053,5.67129,-2.81554,-15.7458,1.26576,-1.28572,-1.67111,,,,,,,,,,,,,,,,,,,,,,,,,,,,,,,,,,,,,,,,,,,,,,,,,,,High,High,High,,,,,,347.49046,-81.483863,353.704969,0.148088,5:30,0.987809,-0.008757,0.155424,-18.534056,17.829138,-48.791954,133.881942,35.332717,0.588009,0.578324,-0.565497,45.64247,36.015865,0.578324,0.588009,0.565497,-45.64247,-36.015865,-0.578324,-0.588009,0.565497,-133.881942,-35.332717,-0.588009,-0.578324,-0.565497,,,
155,2026-05-15,19:18:34.75,2,3,"Mudd, Tyler",809052,Left,BOC_EAG,"Kerce, Carson",812668,Right,GIT_YEL,Undefined,5,Top,2,1,1,Slider,Slider,FoulBallNotFieldable,Undefined,Undefined,Undefined,0,0,,79.58822,0.094801,2.566303,2303.135821,194.468541,12:30,5.03676,-1.93457,5.5882,-37.55112,7.43213,1.52811,1.99611,0.59073,72.50503,-6.832028,2.8387,0.482722,88.47126,-16.615209,-64.385572,,,,,9.08969,8.93696,-49.643926,0.056387,-0.00437,4.14114,1.71308,50,5.02045,-5.23096,-115.40258,-1.01323,-0.00587,23.17414,-26.63677,BOC_EAG,GIT_YEL,HarringtonVillage,D1,ACC,20260515-HarringtonVillage-2,65f5a9d0-50b4-11f1-90ac-456ae51230df,78.08317,2.09589,,7.0832,,,,2.84946,2.09589,-0.59321,4293fdce-3634-4d91-8f36-83916a8b87e1,2026-05-15,23:18:34.75,2026-05-15T19:18:34.7520000-04:00,2026-05-15T23:18:34.7520000Z,GroundBall,v3,227,100,26604,"Johnson, Gunnar",1000100233,Right,BOC_EAG,563d16e9-9965-4c20-a554-efb9ad03490b,54.91036,-116.38446,11.58707,5.03947,0.11535,-13.31839,1.93471,-5.23071,-0.00293,180,2.84858,53.85022,,,,,,,,2.0965,-37.16987,,,,,,,,-0.59138,-112.32148,,,,,,,,,,,,,,,,,,,,,,,,,,,,,,High,High,High,Low,High,,,,131.967795,-82.725896,291.614526,0.126616,10:30,0.994902,0.0925,-0.040163,-4.623596,48.118825,-37.653505,131.85067,31.218853,0.637022,0.518308,-0.570578,42.251754,39.57012,0.518308,0.637022,0.570578,-42.251754,-39.57012,-0.518308,-0.637022,0.570578,-131.85067,-31.218853,-0.637022,-0.518308,-0.570578,73.86376,17.62891,-21.24901
156,2026-05-15,19:18:51.92,2,4,"Mudd, Tyler",809052,Left,BOC_EAG,"Kerce, Carson",812668,Right,GIT_YEL,Undefined,5,Top,2,1,2,Slider,Curveball,BallCalled,Undefined,Undefined,Undefined,0,0,,78.09411,-1.998603,0.577748,2469.652519,320.090746,4:45,5.71923,-1.19906,5.44715,-52.11566,-4.30374,5.14575,-0.49577,-0.22932,70.657,-11.469033,1.498139,0.497668,,,,,,,,,,,,-2.41654,-1.04776,1.14429,50,5.50665,-1.33728,-113.07715,-5.68558,-3.03943,26.10698,-33.49188,BOC_EAG,GIT_YEL,HarringtonVillage,D1,ACC,20260515-HarringtonVillage-2,7030d5a0-50b4-11f1-90ac-456ae51230df,75.73815,,,7.43711,,,,,,,4293fdce-3634-4d91-8f36-83916a8b87e1,2026-05-15,23:18:51.92,2026-05-15T19:18:51.9260000-04:00,2026-05-15T23:18:51.9260000Z,,v3,227,100,26604,"Johnson, Gunnar",1000100233,Right,BOC_EAG,b2225bef-fa08-42ca-91ec-d86be64bdef0,55.05147,-114.23747,13.05349,5.72626,-4.19704,-16.74594,1.20072,-1.20219,-1.51972,,,,,,,,,,,,,,,,,,,,,,,,,,,,,,,,,,,,,,,,,,,,,,,,,,,High,High,High,,,,,,357.336459,-79.31237,458.008109,0.185454,6:00,0.980438,0.025657,0.19515,-15.674311,10.097454,-54.226601,125.302444,30.638608,0.702183,0.509621,-0.497218,45.705795,44.602379,0.509621,0.702183,0.497218,-45.705795,-44.602379,-0.509621,-0.702183,0.497218,-125.302444,-30.638608,-0.702183,-0.509621,-0.497218,,,
157,2026-05-15,19:19:11.26,2,5,"Mudd, Tyler",809052,Left,BOC_EAG,"Kerce, Carson",812668,Right,GIT_YEL,Undefined,5,Top,2,2,2,Slider,Changeup,InPlay,Undefined,FlyBall,HomeRun,0,1,,80.94118,-1.437791,2.386423,1842.336713,156.446387,11:15,5.84887,-1.06331,5.61245,-21.76726,21.5484,-8.7606,2.69152,0.43531,73.7407,-5.550903,0.823902,0.47369,103.2205,30.948215,-21.474056,2968.76611,100.95162,65.23862,-43.68891,414.23642,395.35922,-28.378514,5.791679,5.16205,11.78764,0.86528,50,5.7123,-4.54879,-117.37126,-3.56721,7.1696,23.11676,-15.80221,BOC_EAG,GIT_YEL,HarringtonVillage,D1,ACC,20260515-HarringtonVillage-2,7bacbed0-50b4-11f1-90ac-456ae51230df,79.57202,106.41704,,7.20048,,,,2.20933,2.70031,-0.37469,4293fdce-3634-4d91-8f36-83916a8b87e1,2026-05-15,23:19:11.26,2026-05-15T19:19:11.2690000-04:00,2026-05-15T23:19:11.2690000Z,FlyBall,v3,227,100,26604,"Johnson, Gunnar",1000100233,Right,BOC_EAG,287d7805-453f-4c3d-8ea9-0b589b59d225,54.8855,-118.32957,11.55838,5.8466,-2.91213,-7.9011,1.06001,-4.84601,3.5848,161.642747,2.21388,120.73684,-26.83206,6.20215,-0.94483,0.06214,0.0052,-0.00113,5E-05,2.69881,77.87514,-15.1797,0.04426,0.11589,-0.04217,0.01201,-0.00172,9E-05,-0.37603,-47.50909,4.48876,-0.5553,0.01599,0.00938,-0.00155,6E-05,0,,,,,,,,,,,,,,,,,,,,,,,High,High,High,High,Medium,,,,156.715709,-9.380512,1817.700353,0.986628,11:15,0.190757,0.393975,-0.899108,-63.339022,0.572625,-59.275582,108.595414,-75.827797,0.232055,-0.969564,-0.078074,85.396173,-13.418091,0.969564,-0.232055,0.078074,-85.396173,13.418091,-0.969564,0.232055,0.078074,-108.595414,75.827797,-0.232055,0.969564,-0.078074,73.21364,19.56267,-11.09759
158,2026-05-15,19:19:54.37,3,1,"Mudd, Tyler",809052,Left,BOC_EAG,"Burress, Drew",806039,Right,GIT_YEL,Undefined,5,Top,2,0,0,Slider,Slider,InPlay,Undefined,GroundBall,Out,1,0,,78.56866,0.645906,1.829907,2222.548346,260.717136,2:45,5.0288,-2.06616,5.65953,-44.10861,1.72835,1.50882,1.95575,-0.2334,71.88278,-7.455918,2.099575,0.487281,66.57544,-36.108104,-12.566582,,,,,6.30446,6.30446,-3.211038,0.03815,-0.23654,1.06689,1.91031,50,5.0553,-3.70015,-114.04565,-0.1327,-0.30988,21.99936,-30.7763,BOC_EAG,GIT_YEL,HarringtonVillage,D1,ACC,20260515-HarringtonVillage-2,95622a90-50b4-11f1-90ac-456ae51230df,77.35263,2.20305,,6.68588,,,,3.34667,2.20305,0.30399,4293fdce-3634-4d91-8f36-83916a8b87e1,2026-05-15,23:19:54.37,2026-05-15T19:19:54.3780000-04:00,2026-05-15T23:19:54.3780000Z,GroundBall,v3,227,100,26604,"Johnson, Gunnar",1000100233,Right,BOC_EAG,ac92dbf6-d60e-416c-b5d3-affa3e039f9c,54.84013,-114.97552,10.99968,5.03342,1.16815,-15.38815,2.06643,-3.68705,-0.15494,,3.34499,77.27183,,,,,,,,2.20431,-57.74774,,,,,,,,0.30436,-17.22498,,,,,,,,,,,,,,,,,,,,,,,,,,,,,,High,High,High,Estimated,Estimated,,,,119.76984,-83.523015,250.712578,0.112804,10:00,0.995939,0.08671,-0.024219,-16.349779,49.445855,-47.196615,136.012558,24.624346,0.631342,0.416667,-0.654061,32.499029,39.149217,0.416667,0.631342,0.654061,-32.499029,-39.149217,-0.416667,-0.631342,0.654061,-136.012558,-24.624346,-0.631342,-0.416667,-0.654061,74.59884,19.69444,-19.88324
159,2026-05-15,19:20:30.19,4,1,"Mudd, Tyler",809052,Left,BOC_EAG,"Advincula, Jarren",814181,Left,GIT_YEL,Undefined,5,Top,0,0,0,Slider,Slider,FoulBallNotFieldable,Undefined,Undefined,Undefined,0,0,,79.28393,0.34935,2.508156,2321.547485,234.008907,1:45,5.11788,-2.12728,5.66442,-41.73853,4.52929,3.65028,1.96574,0.51713,70.67908,-7.397973,3.159908,0.489565,,,,,,,,,,,,-0.91724,2.67079,1.9128,50,5.1215,-5.16655,-114.68343,-0.63309,-1.1817,27.65533,-28.73317,BOC_EAG,GIT_YEL,HarringtonVillage,D1,ACC,20260515-HarringtonVillage-2,aab85ae0-50b4-11f1-90ac-456ae51230df,76.99162,,,8.60485,,,,,,,4293fdce-3634-4d91-8f36-83916a8b87e1,2026-05-15,23:20:30.19,2026-05-15T19:20:30.1900000-04:00,2026-05-15T23:20:30.1900000Z,,v3,227,100,26604,"Johnson, Gunnar",1000100233,Right,BOC_EAG,9a5e450f-d532-4a65-9512-b39184de7b02,54.83041,-115.84241,13.82767,5.1228,0.57105,-14.36659,2.12828,-5.11702,-0.59085,,,,,,,,,,,,,,,,,,,,,,,,,,,,,,,,,,,,,,,,,,,,,,,,,,,High,High,High,,,,,,141.651785,-86.472911,142.82263,0.06152,10:45,0.999475,0.032083,-0.004513,-10.385834,43.706272,-44.514333,133.598767,30.140314,0.626275,0.502119,-0.596368,40.096096,38.775864,0.502119,0.626275,0.596368,-40.096096,-38.775864,-0.502119,-0.626275,0.596368,-133.598767,-30.140314,-0.626275,-0.502119,-0.596368,,,
160,2026-05-15,19:20:45.78,4,2,"Mudd, Tyler",809052,Left,BOC_EAG,"Advincula, Jarren",814181,Left,GIT_YEL,Undefined,5,Top,0,0,1,Slider,Slider,InPlay,Undefined,GroundBall,Error,0,0,,80.39361,-0.286719,2.647432,2316.57989,230.773357,1:45,5.08343,-1.94143,5.56323,-41.16211,2.36929,1.34858,1.38511,0.64598,74.37273,-7.797349,2.887874,0.474868,74.36267,-30.368675,8.971673,,,,,3.78044,3.78044,-4.187068,0.025113,0.00248,1.6248,1.71194,50,5.03126,-5.44996,-116.74047,-1.96236,0.00345,20.72439,-29.91817,BOC_EAG,GIT_YEL,HarringtonVillage,D1,ACC,20260515-HarringtonVillage-2,b4050800-50b4-11f1-90ac-456ae51230df,79.37459,1.3872,,6.02087,,,,1.43193,1.3872,-0.64521,4293fdce-3634-4d91-8f36-83916a8b87e1,2026-05-15,23:20:45.78,2026-05-15T19:20:45.7840000-04:00,2026-05-15T23:20:45.7840000Z,GroundBall,v3,227,100,26604,"Johnson, Gunnar",1000100233,Right,BOC_EAG,aa630ff9-edce-4842-85c8-4af53975884b,54.9372,-117.61368,10.3622,5.08739,-0.70177,-14.95909,1.94157,-5.45011,0.00173,,1.43126,93.11466,,,,,,,,1.3876,-55.23744,,,,,,,,-0.64531,14.70073,,,,,,,,,,,,,,,,,,,,,,,,,,,,,,High,High,High,Estimated,Estimated,,,,92.975973,-87.695631,93.144992,0.040208,9:00,0.998008,0.045153,0.044057,-7.539019,42.151767,-44.067886,131.679192,28.633958,0.655536,0.479212,-0.583634,39.388844,40.960279,0.479212,0.655536,0.583634,-39.388844,-40.960279,-0.479212,-0.655536,0.583634,-131.679192,-28.633958,-0.655536,-0.479212,-0.583634,66.4952,-2.132,-9.17919
161,2026-05-15,19:22:12.75,5,1,"Mudd, Tyler",809052,Left,BOC_EAG,"Lackey, Vahn",822518,Right,GIT_YEL,Undefined,5,Top,0,0,0,Curveball,Slider,StrikeCalled,Undefined,Undefined,Undefined,0,0,,75.44555,-0.278673,0.249023,2281.721246,267.88962,3:00,5.81457,-1.44971,5.31414,-47.83361,1.45516,4.74272,1.56688,-0.82075,70.68115,-8.924724,1.09304,0.505295,,,,,,,,,,,,-2.33673,1.1728,1.42355,50,5.75418,-0.65317,-109.7571,-2.10762,-2.8995,16.29177,-30.7188,BOC_EAG,GIT_YEL,HarringtonVillage,D1,ACC,20260515-HarringtonVillage-2,e7ee3740-50b4-11f1-90ac-456ae51230df,74.59486,,,4.7644,,,,,,,4293fdce-3634-4d91-8f36-83916a8b87e1,2026-05-15,23:22:12.75,2026-05-15T19:22:12.7570000-04:00,2026-05-15T23:22:12.7570000Z,,v3,227,100,26604,"Johnson, Gunnar",1000100233,Right,BOC_EAG,0eb082c2-21a8-4fb9-a1b9-4b535245c4e0,55.18734,-110.5244,8.14589,5.81938,-0.66085,-15.3594,1.4511,-0.51661,-1.44975,,,,,,,,,,,,,,,,,,,,,,,,,,,,,,,,,,,,,,,,,,,,,,,,,,,High,High,High,,,,,,44.541621,-86.769979,128.562772,0.056345,7:30,0.998023,0.044377,0.044497,-35.090146,12.077845,-52.131386,136.483808,33.749138,0.572522,0.555558,-0.602971,42.656452,34.926287,0.555558,0.572522,0.602971,-42.656452,-34.926287,-0.555558,-0.572522,0.602971,-136.483808,-33.749138,-0.572522,-0.555558,-0.602971,,,
162,2026-05-15,19:22:44.11,5,2,"Mudd, Tyler",809052,Left,BOC_EAG,"Lackey, Vahn",822518,Right,GIT_YEL,Undefined,5,Top,0,0,1,Fastball,Four-Seam,InPlay,Undefined,LineDrive,Single,0,0,,86.77216,-1.922442,2.279236,2113.307751,158.645189,11:15,5.77554,-1.16561,5.98789,-15.16863,22.07052,-8.1328,2.72768,0.27017,78.8062,-4.855795,0.818511,0.439209,92.90756,10.108919,-8.53186,801.886,109.10177,12.96754,-14.02631,205.14919,200.33258,-6.15866,1.886092,4.87256,12.30418,0.99031,50,5.6155,-4.68121,-125.85887,-4.61105,7.76237,27.16896,-12.57246,BOC_EAG,GIT_YEL,HarringtonVillage,D1,ACC,20260515-HarringtonVillage-2,fa952610-50b4-11f1-90ac-456ae51230df,85.81891,12.98506,,7.96596,,,,1.36962,2.72201,-0.26029,4293fdce-3634-4d91-8f36-83916a8b87e1,2026-05-15,23:22:44.11,2026-05-15T19:22:44.1100000-04:00,2026-05-15T23:22:44.1100000Z,LineDrive,v3,227,100,26604,"Johnson, Gunnar",1000100233,Right,BOC_EAG,2c86cc31-253f-48bf-9e79-361fff7160f2,54.50987,-126.82868,13.58448,5.77209,-4.16227,-6.28623,1.16236,-4.95829,3.88119,215.261195,1.36962,132.66447,-18.64474,3.88115,-0.80263,0.16313,-0.03119,0.00453,-0.00034,2.72201,23.91616,-14.42825,0.63017,-0.07459,0.01171,-0.00298,0.00106,-0.00014,-0.26029,-19.90261,6.32493,-1.43155,0.32322,-0.06894,0.01282,-0.00171,0.00011,,,,,,,,,,,,,,,,,,,,,,,High,High,High,High,High,,,,152.447413,-20.702127,1976.853388,0.935431,11:00,0.37151,0.444311,-0.815211,29.18103,-32.405719,14.480036,177.678469,9.470101,0.039955,0.164533,-0.985562,9.477739,2.289876,0.164533,0.039955,0.985562,-9.477739,-2.289876,-0.164533,-0.039955,0.985562,-177.678469,-9.470101,-0.039955,-0.164533,-0.985562,72.91956,8.33528,-4.76575
163,2026-05-15,19:25:50.69,6,1,"Mudd, Tyler",809052,Left,BOC_EAG,"Zuckerman, Ryan",822871,Right,GIT_YEL,Undefined,5,Top,0,0,0,Fastball,Sinker,StrikeCalled,Undefined,Undefined,Undefined,1,0,,86.32366,-0.48675,-1.613307,2040.991267,221.963586,1:30,5.74283,1.77376,5.16478,-22.00938,16.6728,13.8415,3.45041,1.40843,78.52464,-4.593748,0.837054,0.447638,,,,,,,,,,,,-7.31772,8.81323,-1.63421,50,5.68113,2.89661,-125.1655,-1.80797,-11.56906,26.06938,-18.24063,BOC_EAG,GIT_YEL,HarringtonVillage,D1,ACC,20260515-HarringtonVillage-2,69c978b0-50b5-11f1-90ac-456ae51230df,84.20294,,,7.79903,,,,,,,4293fdce-3634-4d91-8f36-83916a8b87e1,2026-05-15,23:25:50.69,2026-05-15T19:25:50.6970000-04:00,2026-05-15T23:25:50.6970000Z,,v3,227,100,26604,"Johnson, Gunnar",1000100233,Right,BOC_EAG,ec902bb2-0d1e-4179-8201-c6b0acc23d98,55.33153,-126.27107,13.03469,5.7414,-1.03441,-9.12032,-1.76746,3.38724,-5.78453,,,,,,,,,,,,,,,,,,,,,,,,,,,,,,,,,,,,,,,,,,,,,,,,,,,High,High,High,,,,,,221.672319,6.477947,2027.960259,0.993615,1:30,-0.128058,-0.661559,-0.738878,-22.903802,10.393709,60.855145,149.943365,-7.68594,0.496356,-0.133743,-0.857755,8.862323,-29.759215,0.133743,-0.496356,0.857755,-8.862323,29.759215,-0.133743,0.496356,0.857755,-149.943365,7.68594,-0.496356,0.133743,-0.857755,,,
164,2026-05-15,19:26:00.18,6,2,"Mudd, Tyler",809052,Left,BOC_EAG,"Zuckerman, Ryan",822871,Right,GIT_YEL,Undefined,5,Top,0,0,0,Sinker,Four-Seam,StrikeSwinging,Undefined,Undefined,Undefined,1,0,,85.67847,-0.920986,-2.169086,2035.053811,219.560283,1:15,5.79455,1.6923,5.39285,-21.39714,17.59966,13.45631,3.14763,0.77985,77.88251,-4.937916,0.222231,0.449455,,,,,,,,,,,,-7.34689,9.48201,-1.50823,50,5.69764,4.11203,-124.20831,-2.68025,-11.4253,25.9333,-17.42835,BOC_EAG,GIT_YEL,HarringtonVillage,D1,ACC,20260515-HarringtonVillage-2,6f688720-50b5-11f1-90ac-456ae51230df,83.86261,,,7.79596,,,,,,,4293fdce-3634-4d91-8f36-83916a8b87e1,2026-05-15,23:26:00.18,2026-05-15T19:26:00.1840000-04:00,2026-05-15T23:26:00.1840000Z,,v3,227,100,26604,"Johnson, Gunnar",1000100233,Right,BOC_EAG,064d368d-102d-41b6-be82-48f1086f0a23,55.10329,-125.26929,12.96665,5.79271,-1.96723,-8.71418,-1.68602,4.57946,-5.71265,,,,,,,,,,,,,,,,,,,,,,,,,,,,,,,,,,,,,,,,,,,,,,,,,,,High,High,High,,,,,,216.467556,9.314908,2008.218849,0.986814,1:15,-0.182339,-0.589056,-0.787252,-20.571751,4.538086,56.727375,147.777926,-7.603104,0.528515,-0.13231,-0.83855,8.966455,-31.905143,0.13231,-0.528515,0.83855,-8.966455,31.905143,-0.13231,0.528515,0.83855,-147.777926,7.603104,-0.528515,0.13231,-0.83855,,,
165,2026-05-15,19:26:09.49,6,3,"Gonzalez, Cesar",831498,Right,BOC_EAG,"Zuckerman, Ryan",822871,Right,GIT_YEL,Undefined,5,Top,0,0,0,Slider,Curveball,BallCalled,Undefined,Undefined,Undefined,0,0,,74.69123,-0.246751,-1.79495,2127.209393,39.542865,7:15,5.65859,1.39233,4.96658,-60.19456,-8.3463,-8.19059,0.40917,-0.98633,69.2601,-11.021258,-3.244186,0.518249,,,,,,,,,,,,3.56839,-3.62595,-1.21166,50,5.58489,3.715,-108.40812,-2.56009,4.24192,19.1444,-36.48439,BOC_EAG,GIT_YEL,HarringtonVillage,D1,ACC,20260515-HarringtonVillage-2,74ff5830-50b5-11f1-90ac-456ae51230df,72.73037,,,5.43112,,,,,,,4293fdce-3634-4d91-8f36-83916a8b87e1,2026-05-15,23:26:09.49,2026-05-15T19:26:09.4950000-04:00,2026-05-15T23:26:09.4950000Z,,v3,227,100,26604,"Johnson, Gunnar",1000100233,Right,BOC_EAG,a5fa73d3-2175-440e-adb5-cd5cfef95386,55.53544,-109.38129,9.5722,5.66789,-0.70547,-18.2422,-1.39503,3.49937,2.12096,,,,,,,,,,,,,,,,,,,,,,,,,,,,,,,,,,,,,,,,,,,,,,,,,,,High,High,High,,,,,,35.178544,59.918214,1066.233262,0.501236,7:15,-0.853289,0.285046,0.436632,-32.678745,-30.649296,21.072954,174.53787,-21.981722,0.088268,-0.374311,-0.923093,22.072378,-5.063973,0.374311,-0.088268,0.923093,-22.072378,5.063973,-0.374311,0.088268,0.923093,-174.53787,21.981722,-0.088268,0.374311,-0.923093,,,
166,2026-05-15,19:28:20.84,6,4,"Gonzalez, Cesar",831498,Right,BOC_EAG,"Zuckerman, Ryan",822871,Right,GIT_YEL,Undefined,5,Top,0,1,0,Slider,Slider,StrikeCalled,Undefined,Undefined,Undefined,0,0,,80.71824,0.329825,-0.334462,2136.952113,109.961952,9:45,5.39977,1.48121,5.07397,-38.38404,5.34898,-11.35485,2.51205,0.21966,74.78029,-6.635943,-2.342907,0.475966,,,,,,,,,,,,5.57032,2.95524,-1.44011,50,5.40064,1.15719,-117.29021,-0.70216,7.84405,19.92485,-28.01251,BOC_EAG,GIT_YEL,HarringtonVillage,D1,ACC,20260515-HarringtonVillage-2,c33f6350-50b5-11f1-90ac-456ae51230df,79.19142,,,5.93795,,,,,,,4293fdce-3634-4d91-8f36-83916a8b87e1,2026-05-15,23:28:20.84,2026-05-15T19:28:20.8430000-04:00,2026-05-15T23:28:20.8430000Z,,v3,227,100,26604,"Johnson, Gunnar",1000100233,Right,BOC_EAG,3dc3d5e0-6009-4180-8068-a67dd4a0cec6,55.42593,-118.20836,9.96242,5.40326,0.58866,-14.00626,-1.48511,0.79573,3.92202,,,,,,,,,,,,,,,,,,,,,,,,,,,,,,,,,,,,,,,,,,,,,,,,,,,High,High,High,,,,,,77.155765,77.854313,449.610801,0.210398,8:30,-0.976129,0.210758,0.052471,6.09281,11.526287,71.182248,122.123093,-81.646671,0.123036,-0.989391,-0.07725,85.535518,-7.067371,0.989391,-0.123036,0.07725,-85.535518,7.067371,-0.989391,0.123036,0.07725,-122.123093,81.646671,-0.123036,0.989391,-0.07725,,,
167,2026-05-15,19:28:39.12,6,5,"Gonzalez, Cesar",831498,Right,BOC_EAG,"Zuckerman, Ryan",822871,Right,GIT_YEL,Undefined,5,Top,0,1,1,Fastball,Four-Seam,StrikeCalled,Undefined,Undefined,Undefined,0,0,,92.59768,-1.907944,-1.588477,2254.562839,202.685015,12:45,5.74795,1.33037,6.10076,-10.75071,21.52938,8.57497,3.08619,0.5755,84.66741,-4.014008,-0.044183,0.40892,75.35172,15.724238,168.243406,2919.540741,,,,128.46532,45.79963,172.86198,1.360873,-4.88138,11.96816,-1.21273,50,5.59545,3.36969,-134.50644,-4.73438,-8.95315,28.85526,-10.22273,BOC_EAG,GIT_YEL,HarringtonVillage,D1,ACC,20260515-HarringtonVillage-2,ce1bb120-50b5-11f1-90ac-456ae51230df,92.1755,11.90223,,7.93028,,,,1.17598,3.02625,-0.5678,4293fdce-3634-4d91-8f36-83916a8b87e1,2026-05-15,23:28:39.12,2026-05-15T19:28:39.1230000-04:00,2026-05-15T23:28:39.1230000Z,LineDrive,v3,227,100,26604,"Johnson, Gunnar",1000100233,Right,BOC_EAG,f3f54292-0b53-46d7-94f4-f685cd0bb469,54.39843,-135.44673,14.42763,5.74429,-4.40125,-5.11136,-1.32729,3.66144,-4.47657,320.432371,1.22674,-104.66253,7.39146,,,,,,,3.25218,27.6649,-22.19441,,,,,,,-0.4497,20.46969,-6.23499,,,,,,,,,,,,,,,,,,,,,,,,,,,,,High,High,High,High,Medium,,,,205.469051,16.562767,2161.01657,0.958508,12:45,-0.295068,-0.421443,-0.857508,-21.579882,-0.696725,31.268437,151.005306,-6.901733,0.481216,-0.120167,-0.868327,7.879063,-28.76486,0.120167,-0.481216,0.868327,-7.879063,28.76486,-0.120167,0.481216,0.868327,-151.005306,6.901733,-0.481216,0.120167,-0.868327,,,
168,2026-05-15,19:29:18.58,6,6,"Gonzalez, Cesar",831498,Right,BOC_EAG,"Zuckerman, Ryan",822871,Right,GIT_YEL,Undefined,5,Top,0,1,2,Slider,Slider,BallCalled,Undefined,Undefined,Undefined,0,0,,82.8957,-1.177519,-2.032922,2383.674926,51.524645,7:45,5.62965,1.36066,5.26762,-46.34065,-4.86835,-7.64835,0.66094,-1.18718,76.86742,-9.525863,-3.392076,0.463501,,,,,,,,,,,,3.32083,-1.82839,-1.16876,50,5.48723,4.58556,-120.36301,-4.17667,4.88805,22.62482,-34.86529,BOC_EAG,GIT_YEL,HarringtonVillage,D1,ACC,20260515-HarringtonVillage-2,e5aae180-50b5-11f1-90ac-456ae51230df,81.32119,,,6.02829,,,,,,,4293fdce-3634-4d91-8f36-83916a8b87e1,2026-05-15,23:29:18.58,2026-05-15T19:29:18.5850000-04:00,2026-05-15T23:29:18.5850000Z,,v3,227,100,26604,"Johnson, Gunnar",1000100233,Right,BOC_EAG,f53d4abf-67f5-48cb-ac9d-4cfbeffcdc36,55.23416,-121.3429,11.31241,5.63542,-2.66665,-17.43265,-1.36278,4.37386,2.44402,,,,,,,,,,,,,,,,,,,,,,,,,,,,,,,,,,,,,,,,,,,,,,,,,,,High,High,High,,,,,,48.003046,79.807611,421.800824,0.176954,7:30,-0.981893,0.111255,0.153326,21.762021,20.053396,72.80188,141.622564,-68.715286,0.225366,-0.931788,-0.284572,73.017132,-13.024415,0.931788,-0.225366,0.284572,-73.017132,13.024415,-0.931788,0.225366,0.284572,-141.622564,68.715286,-0.225366,0.931788,-0.284572,,,
169,2026-05-15,19:29:42.24,6,7,"Gonzalez, Cesar",831498,Right,BOC_EAG,"Zuckerman, Ryan",822871,Right,GIT_YEL,Undefined,5,Top,0,2,2,Slider,Slider,BallCalled,Undefined,Undefined,Undefined,0,0,,81.54863,1.598416,1.062284,2190.353493,116.151933,9:45,5.4537,1.66768,5.28701,-34.89506,8.31811,-14.0402,4.0474,1.4953,74.10832,-4.833751,-1.428714,0.473129,,,,,,,,,,,,7.30378,4.12473,-1.75389,50,5.57418,-1.59942,-118.24675,2.09888,10.28669,23.6548,-26.36474,BOC_EAG,GIT_YEL,HarringtonVillage,D1,ACC,20260515-HarringtonVillage-2,f3c0d680-50b5-11f1-90ac-456ae51230df,79.66632,,,7.44031,,,,,,,4293fdce-3634-4d91-8f36-83916a8b87e1,2026-05-15,23:29:42.24,2026-05-15T19:29:42.2400000-04:00,2026-05-15T23:29:42.2400000Z,,v3,227,100,26604,"Johnson, Gunnar",1000100233,Right,BOC_EAG,7deef55b-b258-4fd3-8ede-5ff177f78efa,55.20999,-119.28443,11.8274,5.45674,3.25545,-13.18237,-1.67383,-2.05067,5.14334,,,,,,,,,,,,,,,,,,,,,,,,,,,,,76.49336,2.037263,0.735334,1.301929,-1.28297,3.81046,-1.42502,-1.06716,5.39758,0.79038,127.27858,-1.93707,2.47593,-0.96736,110.23323,-9.11482,5.45225,12.62317,-14.11841,0.73975,-2.51238,3.00731,High,High,High,,,High,High,Medium,61.774858,75.334997,554.525407,0.253167,8:00,-0.962879,0.249963,0.101899,-2.349946,42.600119,63.41966,96.544871,-77.13722,0.221166,-0.974906,-0.025374,88.509083,-12.777529,0.974906,-0.221166,0.025374,-88.509083,12.777529,-0.974906,0.221166,0.025374,-96.544871,77.13722,-0.221166,0.974906,-0.025374,,,
170,2026-05-15,19:30:12.17,6,8,"Gonzalez, Cesar",831498,Right,BOC_EAG,"Zuckerman, Ryan",822871,Right,GIT_YEL,Undefined,5,Top,0,3,2,Slider,Slider,FoulBallNotFieldable,Undefined,Undefined,Undefined,0,0,,83.21687,-0.73655,-1.565416,2188.043198,124.894276,10:15,5.48496,1.50174,5.44121,-33.06895,7.45048,-9.10099,2.03926,-0.72281,77.34529,-6.773438,-3.185112,0.458145,79.91332,69.413586,54.648812,5503.524854,,,,123.11065,45.51015,83.899544,5.567492,4.25587,4.25567,-1.35668,50,5.39677,3.67011,-120.9697,-2.69747,6.38646,20.79167,-25.78788,BOC_EAG,GIT_YEL,HarringtonVillage,D1,ACC,20260515-HarringtonVillage-2,05946fc0-50b6-11f1-90ac-456ae51230df,82.27184,132.3548,,5.87157,,,,2.39716,2.15485,0.6685,4293fdce-3634-4d91-8f36-83916a8b87e1,2026-05-15,23:30:12.17,2026-05-15T19:30:12.1700000-04:00,2026-05-15T23:30:12.1700000Z,Popup,v3,227,100,26604,"Johnson, Gunnar",1000100233,Right,BOC_EAG,96986a46-1783-41c5-9023-cde3548b87b0,55.05982,-121.83625,10.39583,5.48679,-1.62268,-12.89394,-1.50409,3.40393,3.19323,,2.37186,24.22655,-16.73633,6.81012,-1.95919,0.33652,-0.01837,-0.00243,0.00027,2.14883,109.79345,-29.28657,3.42694,-0.38253,-0.04648,0.02744,-0.00443,0.00026,0.67945,33.40198,-3.84823,-0.43721,0.8695,-0.38444,0.0847,-0.00934,0.00041,,,,,,,,,,,,,,,,,,,,,,,High,High,High,Medium,Low,,,,65.619956,79.369286,403.646351,0.184478,8:15,-0.982467,0.15538,0.103028,-0.23592,49.781034,68.258914,113.84279,-76.06027,0.220342,-0.97055,-0.097379,84.270462,-12.729129,0.97055,-0.220342,0.097379,-84.270462,12.729129,-0.97055,0.220342,0.097379,-113.84279,76.06027,-0.220342,0.97055,-0.097379,72.0633,19.49914,-5.88649
171,2026-05-15,19:30:48.83,6,9,"Gonzalez, Cesar",831498,Right,BOC_EAG,"Zuckerman, Ryan",822871,Right,GIT_YEL,Undefined,5,Top,0,3,2,Slider,Slider,BallCalled,Walk,Undefined,Undefined,0,0,,82.91515,-0.857073,-1.800139,2366.958863,53.214413,7:45,5.46785,1.6963,5.29056,-44.56802,-3.16181,-5.86111,0.94862,-0.48296,76.73078,-8.911911,-2.841936,0.463131,,,,,,,,,,,,2.47776,-1.04095,-1.52786,50,5.35679,4.02489,-120.40772,-3.42951,3.64983,22.63952,-33.70741,BOC_EAG,GIT_YEL,HarringtonVillage,D1,ACC,20260515-HarringtonVillage-2,1b78fd60-50b6-11f1-90ac-456ae51230df,81.38608,,,6.18437,,,,,,,4293fdce-3634-4d91-8f36-83916a8b87e1,2026-05-15,23:30:48.83,2026-05-15T19:30:48.8330000-04:00,2026-05-15T23:30:48.8330000Z,,v3,227,100,26604,"Johnson, Gunnar",1000100233,Right,BOC_EAG,ce5a2f15-b1f6-46ba-ba5f-96627dd09a38,55.21062,-121.38349,11.31976,5.47329,-1.97671,-16.8537,-1.69795,3.86758,1.82491,,,,,,,,,,,,,,,,,,,,,,,,,,,,,,,,,,,,,,,,,,,,,,,,,,,High,High,High,,,,,,68.740242,78.356461,477.704934,0.201822,8:15,-0.979343,0.173416,0.103996,23.228262,35.430865,69.625678,152.934158,-63.111585,0.205782,-0.891889,-0.402725,65.698822,-11.875288,0.891889,-0.205782,0.402725,-65.698822,11.875288,-0.891889,0.205782,0.402725,-152.934158,63.111585,-0.205782,0.891889,-0.402725,,,
172,2026-05-15,19:31:19.03,7,1,"Gonzalez, Cesar",831498,Right,BOC_EAG,"Baker, Will",815345,Left,GIT_YEL,Undefined,5,Top,0,0,0,Curveball,Curveball,BallCalled,Undefined,Undefined,Undefined,0,0,,73.96725,-1.200769,-2.278584,2201.812483,40.60901,7:15,5.38143,1.64155,5.39088,-63.90153,-11.40619,-11.22308,-1.07014,-1.43038,68.49149,-12.675348,-4.282321,0.521473,,,,,,,,,,,,5.0578,-5.15457,-1.42953,50,5.22813,4.66556,-107.32366,-4.29489,5.8344,20.47841,-38.12009,BOC_EAG,GIT_YEL,HarringtonVillage,D1,ACC,20260515-HarringtonVillage-2,2d768cd0-50b6-11f1-90ac-456ae51230df,72.28073,,,5.47575,,,,,,,4293fdce-3634-4d91-8f36-83916a8b87e1,2026-05-15,23:31:19.03,2026-05-15T19:31:19.0310000-04:00,2026-05-15T23:31:19.0310000Z,,v3,227,100,26604,"Johnson, Gunnar",1000100233,Right,BOC_EAG,b7d76002-585f-4fa2-8e78-4fb07b9b9a66,55.1127,-108.29482,10.23921,5.38895,-2.4871,-19.06004,-1.64423,4.38888,2.9172,,,,,,,,,,,,,,,,,,,,,,,,,,,,,,,,,,,,,,,,,,,,,,,,,,,High,High,High,,,,,,41.949072,53.478167,1310.362596,0.595129,7:30,-0.793551,0.380898,0.474546,-29.769936,-38.090665,13.700258,174.665205,-14.079074,0.090182,-0.243261,-0.965759,14.137872,-5.174099,0.243261,-0.090182,0.965759,-14.137872,5.174099,-0.243261,0.090182,0.965759,-174.665205,14.079074,-0.090182,0.243261,-0.965759,,,
173,2026-05-15,19:31:42.54,7,2,"Gonzalez, Cesar",831498,Right,BOC_EAG,"Baker, Will",815345,Left,GIT_YEL,Undefined,5,Top,0,1,0,Curveball,Curveball,StrikeSwinging,Undefined,Undefined,Undefined,0,0,,75.09206,1.724359,0.119007,2241.808079,54.639973,7:45,5.53152,1.47068,5.24011,-60.30539,-9.4676,-15.57509,2.12721,0.28461,69.09561,-9.186848,-2.648467,0.513174,,,,,,,,,,,,7.81327,-4.73831,-1.46959,50,5.64492,0.37368,-109.03711,1.22998,9.37704,19.72995,-37.86068,BOC_EAG,GIT_YEL,HarringtonVillage,D1,ACC,20260515-HarringtonVillage-2,3b81d370-50b6-11f1-90ac-456ae51230df,73.44962,,,5.99644,,,,,,,4293fdce-3634-4d91-8f36-83916a8b87e1,2026-05-15,23:31:42.54,2026-05-15T19:31:42.5460000-04:00,2026-05-15T23:31:42.5460000Z,,v3,227,100,26604,"Johnson, Gunnar",1000100233,Right,BOC_EAG,593f205a-fae8-4ccc-bf60-6ab5026e80e1,55.26234,-109.98519,9.86498,5.54211,3.0493,-18.93034,-1.47672,-0.07691,4.68852,,,,,,,,,,,,,,,,,,,,,,,,,,,,,,,,,,,,,,,,,,,,,,,,,,,High,High,High,,,,,,40.982963,48.145377,1495.830458,0.667243,7:15,-0.73238,0.459816,0.502185,-51.154003,-22.821407,24.18447,176.812493,14.320679,0.053876,0.247349,-0.967428,14.341954,3.088363,0.247349,0.053876,0.967428,-14.341954,-3.088363,-0.247349,-0.053876,0.967428,-176.812493,-14.320679,-0.053876,-0.247349,-0.967428,,,
174,2026-05-15,19:32:01.47,7,3,"Gonzalez, Cesar",831498,Right,BOC_EAG,"Baker, Will",815345,Left,GIT_YEL,Undefined,5,Top,0,1,1,ChangeUp,Changeup,FoulBallNotFieldable,Undefined,Undefined,Undefined,0,0,,79.21358,-0.162024,-2.486091,2111.642896,257.928731,2:30,5.10844,1.92456,5.92167,-37.99179,6.83489,24.82997,1.79197,1.68528,72.12897,-7.21472,1.975089,0.481881,,,,,,,,,,,,-13.48536,4.00055,-1.73964,50,5.07401,4.05908,-114.97026,-1.48713,-17.88292,23.15568,-26.86893,BOC_EAG,GIT_YEL,HarringtonVillage,D1,ACC,20260515-HarringtonVillage-2,46c54780-50b6-11f1-90ac-456ae51230df,78.21941,,,7.08461,,,,,,,4293fdce-3634-4d91-8f36-83916a8b87e1,2026-05-15,23:32:01.47,2026-05-15T19:32:01.4790000-04:00,2026-05-15T23:32:01.4790000Z,,v3,227,100,26604,"Johnson, Gunnar",1000100233,Right,BOC_EAG,6668d9fc-6a40-43cf-aafc-bd8b2ce49c0b,54.5781,-115.88865,11.57784,5.11186,-0.42147,-13.43447,-1.91469,4.76835,-8.94146,,,,,,,,,,,,,,,,,,,,,,,,,,,,,,,,,,,,,,,,,,,,,,,,,,,High,High,High,,,,,,252.223517,-13.141325,2056.3437,0.973812,2:30,0.216862,-0.926671,-0.307005,3.181368,-62.378397,-39.70471,174.172253,-38.242833,0.079747,-0.618996,-0.781335,38.387256,-4.574049,0.618996,-0.079747,0.781335,-38.387256,4.574049,-0.618996,0.079747,0.781335,-174.172253,38.242833,-0.079747,0.618996,-0.781335,,,
175,2026-05-15,19:32:29.59,7,4,"Gonzalez, Cesar",831498,Right,BOC_EAG,"Baker, Will",815345,Left,GIT_YEL,Undefined,5,Top,0,1,2,ChangeUp,Changeup,InPlay,Undefined,GroundBall,Out,3,0,,80.89454,-0.294257,-3.085302,2024.153937,255.942221,2:30,5.27778,1.89607,5.7039,-35.82211,7.72933,24.69407,2.01802,1.07637,73.27529,-6.938104,1.32999,0.474977,70.84575,-4.171921,34.535894,,,,,22.71464,21.55172,28.834707,0.212025,-13.59028,4.44744,-1.65319,50,5.23091,5.3553,-117.26383,-1.74783,-18.67386,24.90179,-26.06297,BOC_EAG,GIT_YEL,HarringtonVillage,D1,ACC,20260515-HarringtonVillage-2,5788a940-50b6-11f1-90ac-456ae51230df,79.35632,2.29298,,7.61925,,,,2.52217,2.29298,-1.18384,4293fdce-3634-4d91-8f36-83916a8b87e1,2026-05-15,23:32:29.59,2026-05-15T19:32:29.5910000-04:00,2026-05-15T23:32:29.5910000Z,GroundBall,v3,227,100,26604,"Johnson, Gunnar",1000100233,Right,BOC_EAG,662e606d-5c82-4e93-bfcb-c39b940ed4b4,54.79577,-118.27786,12.4509,5.28047,-0.68651,-13.03149,-1.88675,6.11572,-9.33693,285.065949,2.52365,85.27595,-15.73495,,,,,,,2.29372,-7.6057,-15.16743,,,,,,,-1.18336,58.72099,-6.95162,,,,,,,,,,,,,,,,,,,,,,,,,,,,,High,High,High,High,High,,,,250.146582,-12.735088,1974.359195,0.9754,2:15,0.206997,-0.916282,-0.342898,-23.667001,-43.964459,-9.539467,178.716267,-36.709161,0.01796,-0.597753,-0.801479,36.716054,-1.029113,0.597753,-0.01796,0.801479,-36.716054,1.029113,-0.597753,0.01796,0.801479,-178.716267,36.709161,-0.01796,0.597753,-0.801479,67.54957,14.84183,21.76162
176,2026-05-15,19:34:52.50,1,1,"Ballard, Carson",809806,Right,GIT_YEL,"Hendrickson, Carter",830138,Right,BOC_EAG,Undefined,5,Bottom,0,0,0,Slider,Slider,FoulBallNotFieldable,Undefined,Undefined,Undefined,0,0,,82.85054,-0.563118,-1.399414,2571.038546,96.135907,9:15,5.86235,1.88425,5.27473,-39.7379,2.29559,-8.09445,2.02177,-0.10495,75.49801,-7.813351,-2.83687,0.466626,,,,,,,,,,,,3.66103,1.68162,-1.75011,50,5.78163,3.27018,-120.14733,-2.60095,5.29493,25.57216,-29.74193,BOC_EAG,GIT_YEL,HarringtonVillage,D1,ACC,20260515-HarringtonVillage-2,acbaa8a0-50b6-11f1-90ac-456ae51230df,80.77654,,,7.35252,,,,,,,4293fdce-3634-4d91-8f36-83916a8b87e1,2026-05-15,23:34:52.50,2026-05-15T19:34:52.5020000-04:00,2026-05-15T23:34:52.5020000Z,,v3,227,100,26604,"Lackey, Vahn",822518,Right,GIT_YEL,27d313c8-1c7d-4472-ae85-c1a6983c0da3,55.2244,-121.25419,12.78608,5.86636,-1.3136,-14.87097,-1.8867,3.041,2.64747,,,,,,,,,,,,,,,,,,,,,,,,,,,,,,,,,,,,,,,,,,,,,,,,,,,High,High,High,,,,,,185.796189,77.261869,566.902153,0.220495,12:15,-0.980189,-0.031853,-0.195488,-38.149724,-1.331611,-86.271356,177.261575,40.552005,0.036301,0.650138,-0.758949,40.584347,2.080365,0.650138,0.036301,0.758949,-40.584347,-2.080365,-0.650138,-0.036301,0.758949,-177.261575,-40.552005,-0.036301,-0.650138,-0.758949,,,
177,2026-05-15,19:35:35.52,1,2,"Ballard, Carson",809806,Right,GIT_YEL,"Hendrickson, Carter",830138,Right,BOC_EAG,Undefined,5,Bottom,0,0,1,Slider,Changeup,StrikeSwinging,Undefined,Undefined,Undefined,0,0,,82.25856,0.211804,-4.033861,1357.683623,280.042553,3:15,5.40762,2.10483,5.03618,-43.40782,-0.2572,9.79304,1.99062,-0.89098,74.81881,-7.662893,-2.308053,0.472786,,,,,,,,,,,,-6.06744,0.25012,-1.72729,50,5.39321,7.96614,-118.99267,-1.18099,-8.62723,24.59936,-31.81843,BOC_EAG,GIT_YEL,HarringtonVillage,D1,ACC,20260515-HarringtonVillage-2,c65c1730-50b6-11f1-90ac-456ae51230df,79.72407,,,7.43974,,,,,,,4293fdce-3634-4d91-8f36-83916a8b87e1,2026-05-15,23:35:35.52,2026-05-15T19:35:35.5270000-04:00,2026-05-15T23:35:35.5270000Z,,v3,227,100,26604,"Lackey, Vahn",822518,Right,GIT_YEL,93d6d70d-7f67-483e-b5eb-ff01451a8a71,55.46188,-120.1165,12.29968,5.41396,0.27264,-15.90921,-2.10023,8.36028,-4.31362,,,,,,,,,,,,,,,,,,,,,,,,,,,,,,,,,,,,,,,,,,,,,,,,,,,High,High,High,,,,,,243.217743,26.974111,1209.983352,0.891212,2:00,-0.483644,-0.793925,-0.368471,60.136275,20.999867,37.560059,93.046817,47.260699,0.677704,0.734449,-0.036072,87.188192,42.664507,0.734449,0.677704,0.036072,-87.188192,-42.664507,-0.734449,-0.677704,0.036072,-93.046817,-47.260699,-0.677704,-0.734449,-0.036072,,,
178,2026-05-15,19:35:52.52,1,3,"Ballard, Carson",809806,Right,GIT_YEL,"Hendrickson, Carter",830138,Right,BOC_EAG,Undefined,5,Bottom,0,0,2,Slider,Changeup,BallCalled,Undefined,Undefined,Undefined,0,0,,83.09489,-0.478181,-5.765633,1423.893155,278.117048,3:15,5.30071,2.25095,5.38564,-42.13794,-0.20205,11.5543,1.33872,-2.20871,75.60949,-8.150989,-3.724216,0.466084,,,,,,,,,,,,-7.52567,0.49646,-1.74226,50,5.22821,11.62323,-119.9611,-2.52472,-10.87609,24.9916,-31.45658,BOC_EAG,GIT_YEL,HarringtonVillage,D1,ACC,20260515-HarringtonVillage-2,d07bcbc0-50b6-11f1-90ac-456ae51230df,80.87046,,,7.4854,,,,,,,4293fdce-3634-4d91-8f36-83916a8b87e1,2026-05-15,23:35:52.52,2026-05-15T19:35:52.5220000-04:00,2026-05-15T23:35:52.5220000Z,,v3,227,100,26604,"Lackey, Vahn",822518,Right,GIT_YEL,bcec561c-3938-4c7b-a11f-cba15bf27721,55.1124,-121.02149,12.4958,5.30701,-1.19003,-15.72829,-2.24522,12.0847,-5.43804,,,,,,,,,,,,,,,,,,,,,,,,,,,,,,,,,,,,,,,,,,,,,,,,,,,High,High,High,,,,,,245.442575,22.686238,1313.727614,0.922631,2:15,-0.415273,-0.842364,-0.343469,51.838629,14.309312,43.070303,95.877259,39.593922,0.76653,0.637342,-0.078906,82.942447,50.04333,0.637342,0.76653,0.078906,-82.942447,-50.04333,-0.637342,-0.76653,0.078906,-95.877259,-39.593922,-0.76653,-0.637342,-0.078906,,,
179,2026-05-15,19:36:08.68,1,4,"Ballard, Carson",809806,Right,GIT_YEL,"Hendrickson, Carter",830138,Right,BOC_EAG,Undefined,5,Bottom,0,1,2,Fastball,Sinker,InPlay,Undefined,GroundBall,Out,1,0,,90.61929,-1.445309,-4.002275,2198.376483,253.135219,2:30,5.40829,2.06519,5.39437,-27.85706,7.583,20.57462,1.72879,0.02285,81.37766,-6.605315,-0.350173,0.428468,92.39112,-18.038402,-24.841031,,,,,6.95656,6.66662,-19.198642,0.04318,-11.70166,4.66406,-1.72271,50,5.25974,8.22174,-131.00257,-4.34593,-19.94386,32.6406,-24.22483,BOC_EAG,GIT_YEL,HarringtonVillage,D1,ACC,20260515-HarringtonVillage-2,da1b05b0-50b6-11f1-90ac-456ae51230df,87.97023,1.81443,,9.24164,,,,1.51365,1.81443,0.05298,4293fdce-3634-4d91-8f36-83916a8b87e1,2026-05-15,23:36:08.68,2026-05-15T19:36:08.6850000-04:00,2026-05-15T23:36:08.6850000Z,GroundBall,v3,227,100,26604,"Lackey, Vahn",822518,Right,GIT_YEL,77f77e84-f98b-4984-b857-0618a9e4100a,55.1034,-132.26802,16.3203,5.41002,-3.40675,-12.11242,-2.05645,8.99494,-9.97193,180,1.51248,117.09261,,,,,,,,1.81484,-42.02033,,,,,,,,0.05352,-54.20617,,,,,,,,,,,,,,,,,,,,,,,,,,,,,,High,High,High,High,High,,,,235.166425,24.198965,2005.199696,0.912128,1:45,-0.426303,-0.758788,-0.492449,34.016191,59.869568,19.091704,164.095266,-68.759662,0.099279,-0.932069,-0.348412,69.503993,-5.697652,0.932069,-0.099279,0.348412,-69.503993,5.697652,-0.932069,0.099279,0.348412,-164.095266,68.759662,-0.099279,0.932069,-0.348412,,,
180,2026-05-15,19:36:48.49,2,1,"Ballard, Carson",809806,Right,GIT_YEL,"Williams, Ben",831962,Right,BOC_EAG,Undefined,5,Bottom,1,0,0,Fastball,Four-Seam,BallCalled,Undefined,Undefined,Undefined,0,0,,92.58043,-0.160991,-3.003002,2323.886815,222.695529,1:30,5.75662,1.96883,5.39175,-21.19359,12.76926,10.58371,3.8394,0.03379,82.75011,-4.148905,-1.12445,0.419444,,,,,,,,,,,,-6.28465,6.82335,-1.70807,50,5.72786,6.5131,-133.90272,-1.126,-11.17446,34.48685,-20.04176,BOC_EAG,GIT_YEL,HarringtonVillage,D1,ACC,20260515-HarringtonVillage-2,f1d14610-50b6-11f1-90ac-456ae51230df,89.86297,,,9.83033,,,,,,,4293fdce-3634-4d91-8f36-83916a8b87e1,2026-05-15,23:36:48.49,2026-05-15T19:36:48.4990000-04:00,2026-05-15T23:36:48.4990000Z,,v3,227,100,26604,"Lackey, Vahn",822518,Right,GIT_YEL,6eea5ca2-b1ab-4031-9863-a1464b11c050,55.10196,-135.21035,17.24343,5.75615,-0.36608,-10.02088,-1.96306,6.9368,-5.58723,,,,,,,,,,,,,,,,,,,,,,,,,,,,,,,,,,,,,,,,,,,,,,,,,,,High,High,High,,,,,,227.786681,19.914609,2184.921419,0.940201,1:30,-0.371291,-0.697313,-0.613105,93.425638,43.386254,-12.793552,145.796494,-15.668864,0.541244,-0.270077,-0.796312,18.734886,-32.768386,0.270077,-0.541244,0.796312,-18.734886,32.768386,-0.270077,0.541244,0.796312,-145.796494,15.668864,-0.541244,0.270077,-0.796312,,,
181,2026-05-15,19:37:02.78,2,2,"Ballard, Carson",809806,Right,GIT_YEL,"Williams, Ben",831962,Right,BOC_EAG,Undefined,5,Bottom,1,1,0,Sinker,Sinker,StrikeCalled,Undefined,Undefined,Undefined,0,0,,90.15066,0.075443,-4.342434,2206.204176,261.89896,2:45,5.27465,2.25222,5.26708,-31.6414,4.35248,20.99186,2.70894,-0.08549,80.79734,-5.754929,-0.629014,0.431803,,,,,,,,,,,,-11.84331,2.56433,-1.87025,50,5.25868,8.89129,-130.26041,-1.0549,-19.97095,32.10024,-27.84994,BOC_EAG,GIT_YEL,HarringtonVillage,D1,ACC,20260515-HarringtonVillage-2,fa5bdbb0-50b6-11f1-90ac-456ae51230df,87.29084,,,9.35332,,,,,,,4293fdce-3634-4d91-8f36-83916a8b87e1,2026-05-15,23:37:02.78,2026-05-15T19:37:02.7810000-04:00,2026-05-15T23:37:02.7810000Z,,v3,227,100,26604,"Lackey, Vahn",822518,Right,GIT_YEL,7465dfe3-6484-42a5-8ab3-e626ef7b4bc8,55.22923,-131.54274,16.05012,5.2786,0.05764,-13.92497,-2.24137,9.68908,-9.98548,,,,,,,,,,,,,,,,,,,,,,,,,,,,,,,,,,,,,,,,,,,,,,,,,,,High,High,High,,,,,,239.210839,26.481468,1974.72622,0.895079,2:00,-0.480329,-0.768336,-0.423018,28.29199,64.16721,10.83594,161.561613,-69.255689,0.112027,-0.93517,-0.336015,70.236178,-6.432203,0.93517,-0.112027,0.336015,-70.236178,6.432203,-0.93517,0.112027,0.336015,-161.561613,69.255689,-0.112027,0.93517,-0.336015,,,
182,2026-05-15,19:37:15.69,2,3,"Ballard, Carson",809806,Right,GIT_YEL,"Williams, Ben",831962,Right,BOC_EAG,Undefined,5,Bottom,1,1,1,Sinker,Sinker,FoulBallNotFieldable,Undefined,Undefined,Undefined,0,0,,90.6475,-0.89267,-4.121232,2215.082107,262.987277,2:45,5.32239,2.27325,5.21851,-31.81789,3.85264,20.30281,1.82934,0.08355,81.36655,-6.738652,-0.529495,0.429859,99.3885,4.641995,70.813304,3872.949097,28.22936,4.11631,106.31571,155.20658,96.11901,77.170809,1.245461,-11.48154,2.61272,-1.90815,50,5.21624,8.47542,-130.99499,-3.29437,-19.56452,32.66162,-27.72198,BOC_EAG,GIT_YEL,HarringtonVillage,D1,ACC,20260515-HarringtonVillage-2,020d0140-50b7-11f1-90ac-456ae51230df,87.68558,5.0039,,9.28094,,,,0.63633,1.76486,0.10088,4293fdce-3634-4d91-8f36-83916a8b87e1,2026-05-15,23:37:15.69,2026-05-15T19:37:15.6960000-04:00,2026-05-15T23:37:15.6960000Z,GroundBall,v3,227,100,26604,"Lackey, Vahn",822518,Right,GIT_YEL,9094d4f1-2a6e-4184-9380-259cc5c66230,55.27857,-132.30458,16.33081,5.32605,-2.18284,-13.86099,-2.2637,9.25987,-9.78226,,0.63632,47.7504,-21.25658,5.02871,-1.61649,1.18501,-1.07331,0.57685,-0.12511,1.76486,11.79673,-10.79529,0.01594,0.29249,-0.43107,0.45289,-0.24981,0.0546,0.10088,137.22069,-14.46922,1.58261,-0.01535,-0.25233,0.2716,-0.14989,0.03301,,,,,,,,,,,,,,,,,,,,,,,High,High,High,Medium,Medium,,,,237.157087,24.675858,2012.810048,0.908684,2:00,-0.439908,-0.769852,-0.462394,48.287034,66.501641,36.71848,164.239411,-68.407683,0.099956,-0.929826,-0.354165,69.148471,-5.736608,0.929826,-0.099956,0.354165,-69.148471,5.736608,-0.929826,0.099956,0.354165,-164.239411,68.407683,-0.099956,0.929826,-0.354165,76.07065,-4.08352,25.46116
183,2026-05-15,19:37:39.58,2,4,"Ballard, Carson",809806,Right,GIT_YEL,"Williams, Ben",831962,Right,BOC_EAG,Undefined,5,Bottom,1,1,2,Curveball,Curveball,StrikeSwinging,Strikeout,Undefined,Undefined,1,0,,78.40749,-0.613003,-1.869848,2620.932174,53.111826,7:45,5.78772,2.03501,5.12897,-53.51219,-5.75221,-10.01166,0.75072,-0.56093,71.10303,-10.28979,-3.645261,0.497397,,,,,,,,,,,,4.35815,-2.18232,-1.85129,50,5.68872,4.113,-113.52795,-3.11394,5.5592,25.16557,-34.95781,BOC_EAG,GIT_YEL,HarringtonVillage,D1,ACC,20260515-HarringtonVillage-2,105529d0-50b7-11f1-90ac-456ae51230df,75.77933,,,7.30446,,,,,,,4293fdce-3634-4d91-8f36-83916a8b87e1,2026-05-15,23:37:39.58,2026-05-15T19:37:39.5850000-04:00,2026-05-15T23:37:39.5850000Z,,v3,227,100,26604,"Lackey, Vahn",822518,Right,GIT_YEL,5f2e1f8b-adcf-4148-850f-8109ccc0c92e,55.36943,-114.71201,12.58279,5.79654,-1.46915,-17.4789,-2.03866,3.85144,2.7796,,,,,,,,,,,,,,,,,,,,,,,,,,,,,,,,,,,,,,,,,,,,,,,,,,,High,High,High,,,,,,97.565415,80.217057,445.338687,0.169916,9:15,-0.987408,0.157884,0.009853,57.335054,-36.014205,82.183613,178.360599,32.354113,0.024168,0.53515,-0.844411,32.364718,1.384841,0.53515,0.024168,0.844411,-32.364718,-1.384841,-0.53515,-0.024168,0.844411,-178.360599,-32.354113,-0.024168,-0.53515,-0.844411,,,
184,2026-05-15,19:38:12.61,3,1,"Ballard, Carson",809806,Right,GIT_YEL,"Larson, Colin",831502,Left,BOC_EAG,Undefined,5,Bottom,0,0,0,Slider,Slider,StrikeCalled,Undefined,Undefined,Undefined,0,0,,82.45495,-0.315618,-1.655229,2590.661702,113.255886,9:45,5.63643,2.38096,5.09867,-37.97474,4.57571,-7.40713,2.17433,0.20351,75.35243,-7.231102,-2.96541,0.469487,,,,,,,,,,,,3.19252,2.79288,-2.21866,50,5.57713,3.77399,-119.5492,-2.04442,4.59723,24.12023,-28.15231,BOC_EAG,GIT_YEL,HarringtonVillage,D1,ACC,20260515-HarringtonVillage-2,240c5020-50b7-11f1-90ac-456ae51230df,80.28433,,,7.10252,,,,,,,4293fdce-3634-4d91-8f36-83916a8b87e1,2026-05-15,23:38:12.61,2026-05-15T19:38:12.6150000-04:00,2026-05-15T23:38:12.6150000Z,,v3,227,100,26604,"Lackey, Vahn",822518,Right,GIT_YEL,4d884efa-cb1d-4e2f-987a-099c9cea23d7,55.39865,-120.63351,12.06012,5.64059,-0.77884,-14.07616,-2.38367,3.56732,2.29862,,,,,,,,,,,,,,,,,,,,,,,,,,,,,,,,,,,,,,,,,,,,,,,,,,,High,High,High,,,,,,145.837991,80.09543,445.613695,0.172008,10:45,-0.989313,0.09116,-0.113799,-56.750282,12.324694,-89.622191,175.469615,25.576699,0.071248,0.431719,-0.89919,25.646588,4.085649,0.431719,0.071248,0.89919,-25.646588,-4.085649,-0.431719,-0.071248,0.89919,-175.469615,-25.576699,-0.071248,-0.431719,-0.89919,,,
185,2026-05-15,19:38:30.08,3,2,"Ballard, Carson",809806,Right,GIT_YEL,"Larson, Colin",831502,Left,BOC_EAG,Undefined,5,Bottom,0,0,1,Slider,Changeup,BallCalled,Undefined,Undefined,Undefined,0,0,,82.36382,-0.257521,-2.282279,1287.703342,277.987316,3:15,5.25201,2.52598,5.03509,-42.88345,0.02579,10.22863,1.43525,1.22406,75.02837,-8.039521,-0.473819,0.471462,,,,,,,,,,,,-5.75449,0.5328,-2.3165,50,5.19317,4.31125,-119.34132,-2.14236,-8.22813,24.79933,-31.41224,BOC_EAG,GIT_YEL,HarringtonVillage,D1,ACC,20260515-HarringtonVillage-2,2e5efb90-50b7-11f1-90ac-456ae51230df,79.94795,,,7.33545,,,,,,,4293fdce-3634-4d91-8f36-83916a8b87e1,2026-05-15,23:38:30.08,2026-05-15T19:38:30.0820000-04:00,2026-05-15T23:38:30.0820000Z,,v3,227,100,26604,"Lackey, Vahn",822518,Right,GIT_YEL,2e6375cb-d611-4c54-aca0-4a83e2f7ae49,55.46286,-120.47116,12.39967,5.25818,-0.71123,-15.70612,-2.52146,4.68612,-4.11407,,,,,,,,,,,,,,,,,,,,,,,,,,,,,,,,,,,,,,,,,,,,,,,,,,,High,High,High,,,,,,239.4844,31.109441,1102.50837,0.856182,2:00,-0.53026,-0.739908,-0.413958,65.050391,20.828602,34.452484,90.91213,49.254766,0.652614,0.757619,-0.01039,89.214273,40.73898,0.757619,0.652614,0.01039,-89.214273,-40.73898,-0.757619,-0.652614,0.01039,-90.91213,-49.254766,-0.652614,-0.757619,-0.01039,,,
186,2026-05-15,19:38:44.48,3,3,"Ballard, Carson",809806,Right,GIT_YEL,"Larson, Colin",831502,Left,BOC_EAG,Undefined,5,Bottom,0,1,1,Slider,Slider,BallCalled,Undefined,Undefined,Undefined,0,0,,81.8937,1.018848,-0.95093,2624.051514,102.774628,9:30,5.52762,2.36235,4.86939,-40.64388,3.21654,-7.35115,3.10502,0.84979,74.05237,-6.384148,-2.245721,0.476659,,,,,,,,,,,,3.28307,1.7711,-2.26235,50,5.59401,2.29981,-118.57199,0.57593,4.61421,25.37701,-29.68485,BOC_EAG,GIT_YEL,HarringtonVillage,D1,ACC,20260515-HarringtonVillage-2,37077970-50b7-11f1-90ac-456ae51230df,79.07633,,,7.84133,,,,,,,4293fdce-3634-4d91-8f36-83916a8b87e1,2026-05-15,23:38:44.48,2026-05-15T19:38:44.4830000-04:00,2026-05-15T23:38:44.4830000Z,,v3,227,100,26604,"Lackey, Vahn",822518,Right,GIT_YEL,15e7a230-e1fa-4870-9fe5-e89414deb196,55.62527,-119.76987,12.68851,5.53375,1.97715,-14.84243,-2.36576,2.082,2.30711,,,,,,,,,,,,,,,,,,,,,,,,,,,,,,,,,,,,,,,,,,,,,,,,,,,High,High,High,,,,,,130.300053,80.679992,424.96101,0.161948,10:15,-0.98605,0.14104,-0.088394,-38.11671,9.615273,-89.872361,169.700097,44.984539,0.126465,0.706916,-0.6959,45.449931,7.265377,0.706916,0.126465,0.6959,-45.449931,-7.265377,-0.706916,-0.126465,0.6959,-169.700097,-44.984539,-0.126465,-0.706916,-0.6959,,,
187,2026-05-15,19:39:00.33,3,4,"Ballard, Carson",809806,Right,GIT_YEL,"Larson, Colin",831502,Left,BOC_EAG,Undefined,5,Bottom,0,2,1,Slider,Slider,StrikeCalled,Undefined,Undefined,Undefined,0,0,,83.37514,0.412942,-0.471191,2571.800806,85.677149,8:45,5.67679,2.1887,5.30641,-41.02412,0.88079,-9.10217,2.64576,0.98787,74.9876,-7.114742,-2.088763,0.465912,,,,,,,,,,,,4.3554,0.80835,-2.13923,50,5.68505,1.39265,-120.7547,-0.62813,6.29527,28.14005,-31.00569,BOC_EAG,GIT_YEL,HarringtonVillage,D1,ACC,20260515-HarringtonVillage-2,406a94c0-50b7-11f1-90ac-456ae51230df,80.90037,,,8.38755,,,,,,,4293fdce-3634-4d91-8f36-83916a8b87e1,2026-05-15,23:39:00.33,2026-05-15T19:39:00.3380000-04:00,2026-05-15T23:39:00.3380000Z,,v3,227,100,26604,"Lackey, Vahn",822518,Right,GIT_YEL,b53d11c8-8978-4be4-bfc1-c5270fdefdd8,55.1883,-121.95776,14.07002,5.68357,0.69744,-15.50284,-2.19302,1.12351,3.14763,,,,,,,,,,,,,,,,,,,,,,,,,,,,,,,,,,,,,,,,,,,,,,,,,,,High,High,High,,,,,,158.630731,80.820543,410.272324,0.159527,11:15,-0.987937,0.065241,-0.14044,-47.377806,-5.809576,-86.31702,170.041928,34.854173,0.141906,0.57149,-0.808246,35.263123,8.158146,0.57149,0.141906,0.808246,-35.263123,-8.158146,-0.57149,-0.141906,0.808246,-170.041928,-34.854173,-0.141906,-0.57149,-0.808246,,,
188,2026-05-15,19:39:16.25,3,5,"Ballard, Carson",809806,Right,GIT_YEL,"Larson, Colin",831502,Left,BOC_EAG,Undefined,5,Bottom,0,2,2,Slider,Changeup,InPlay,Undefined,FlyBall,Out,3,0,,81.00175,-0.311913,-3.26525,1270.098522,270.306118,3:00,5.39724,2.35272,5.01507,-43.08262,1.48693,14.6182,1.51217,0.48588,73.58238,-8.138491,-0.68438,0.480497,94.1876,29.595833,-9.806197,4146.123696,106.89838,57.11919,-25.93601,321.78309,318.77771,-21.254324,4.711709,-8.27548,1.26882,-2.05193,50,5.33262,6.06752,-117.24885,-2.21351,-11.39137,24.47794,-30.42748,BOC_EAG,GIT_YEL,HarringtonVillage,D1,ACC,20260515-HarringtonVillage-2,49ed6d10-50b7-11f1-90ac-456ae51230df,78.44473,75.5966,,7.41937,,,,1.30343,1.5352,-0.4835,4293fdce-3634-4d91-8f36-83916a8b87e1,2026-05-15,23:39:16.25,2026-05-15T19:39:16.2510000-04:00,2026-05-15T23:39:16.2510000Z,FlyBall,v3,227,100,26604,"Lackey, Vahn",822518,Right,GIT_YEL,cefd2a1c-47f7-43b0-9cc0-f2c84660b184,55.48343,-118.38809,12.23897,5.40268,-0.79737,-15.21374,-2.34666,6.59769,-5.69569,151.194061,1.30367,118.3555,-26.6005,6.47362,-1.41465,0.30719,-0.05813,0.00707,-0.00037,1.53614,68.20633,-16.8978,0.42561,0.23418,-0.15218,0.04256,-0.00558,0.00028,-0.48299,-20.47128,-3.2817,1.20173,-0.30603,0.06586,-0.01157,0.00133,-7E-05,,,,,,,,,,,,,,,,,,,,,,,High,High,High,High,Medium,,,,242.075436,26.560942,1136.051388,0.894459,2:00,-0.46598,-0.792735,-0.392979,59.395721,24.806751,38.995784,98.096761,51.466972,0.616756,0.782249,-0.087742,83.600111,38.079604,0.782249,0.616756,0.087742,-83.600111,-38.079604,-0.782249,-0.616756,0.087742,-98.096761,-51.466972,-0.616756,-0.782249,-0.087742,,,
189,2026-05-15,19:41:34.56,1,1,"Gonzalez, Cesar",831498,Right,BOC_EAG,"Hernandez, Alex",815415,Right,GIT_YEL,Undefined,6,Top,0,0,0,Slider,Slider,BallCalled,Undefined,Undefined,Undefined,0,0,,82.41869,-1.334441,-2.316191,2336.61612,107.544643,9:30,5.37912,1.53741,5.35857,-38.48211,4.2441,-8.52886,0.91961,-1.3466,74.67955,-8.374875,-3.831745,0.470456,,,,,,,,,,,,3.50437,3.04043,-1.32299,50,5.23214,5.18615,-119.31074,-4.13302,4.96316,26.69331,-27.86794,BOC_EAG,GIT_YEL,HarringtonVillage,D1,ACC,20260515-HarringtonVillage-2,9c649230-50b7-11f1-90ac-456ae51230df,80.11902,,,7.73914,,,,,,,4293fdce-3634-4d91-8f36-83916a8b87e1,2026-05-15,23:41:34.56,2026-05-15T19:41:34.5600000-04:00,2026-05-15T23:41:34.5600000Z,,v3,227,100,26604,"Johnson, Gunnar",1000100233,Right,BOC_EAG,80a36a46-7ab5-4474-a230-c95b6ea240c7,55.13711,-120.45458,13.34666,5.38366,-2.93885,-13.93397,-1.54066,4.97347,2.48158,,,,,,,,,,,,,,,,,,,,,,,,,,,,,,,,,,,,,,,,,,,,,,,,,,,High,High,High,,,,,,134.32601,83.837499,250.83264,0.107349,10:30,-0.997958,0.05362,-0.034706,-0.115156,36.738666,61.197921,131.138735,-64.261548,0.327052,-0.900786,-0.285695,72.40293,-19.089951,0.900786,-0.327052,0.285695,-72.40293,19.089951,-0.900786,0.327052,0.285695,-131.138735,64.261548,-0.327052,0.900786,-0.285695,,,
190,2026-05-15,19:41:48.04,1,2,"Gonzalez, Cesar",831498,Right,BOC_EAG,"Hernandez, Alex",815415,Right,GIT_YEL,Undefined,6,Top,0,1,0,Slider,Slider,BallCalled,Undefined,Undefined,Undefined,0,0,,82.64993,-0.754295,-2.653138,2249.63985,75.445678,8:30,5.36993,1.54685,5.3863,-43.4405,-1.21035,-10.21961,1.04209,-1.79335,75.35061,-8.657457,-4.469415,0.467716,,,,,,,,,,,,4.29433,0.06941,-1.3022,50,5.27204,5.97627,-119.7437,-3.13719,6.15546,25.87777,-32.07457,BOC_EAG,GIT_YEL,HarringtonVillage,D1,ACC,20260515-HarringtonVillage-2,a4636290-50b7-11f1-90ac-456ae51230df,80.58824,,,7.29932,,,,,,,4293fdce-3634-4d91-8f36-83916a8b87e1,2026-05-15,23:41:48.04,2026-05-15T19:41:48.0420000-04:00,2026-05-15T23:41:48.0420000Z,,v3,227,100,26604,"Johnson, Gunnar",1000100233,Right,BOC_EAG,896def58-20b9-4643-a2f2-213ce64363c8,55.11159,-120.84331,12.93888,5.37639,-1.77426,-16.03728,-1.55059,5.71471,3.07773,,,,,,,,,,,,,,,,,,,,,,,,,,,,,,,,,,,,,,,,,,,,,,,,,,,High,High,High,,,,,,125.854089,85.640195,171.016585,0.07602,10:15,-0.998823,0.048483,0.00171,11.310149,34.246744,76.876312,152.780855,-70.967918,0.149155,-0.945336,-0.289987,72.946338,-8.577985,0.945336,-0.149155,0.289987,-72.946338,8.577985,-0.945336,0.149155,0.289987,-152.780855,70.967918,-0.149155,0.945336,-0.289987,,,
191,2026-05-15,19:42:04.86,1,3,"Gonzalez, Cesar",831498,Right,BOC_EAG,"Hernandez, Alex",815415,Right,GIT_YEL,Undefined,6,Top,0,2,0,Curveball,Curveball,StrikeCalled,Undefined,Undefined,Undefined,0,0,,73.15918,2.495346,-0.452503,2154.908584,37.253334,7:15,5.62168,1.48158,5.27294,-66.66893,-12.52871,-10.95241,2.41132,0.14385,66.60624,-9.598607,-2.399226,0.52958,,,,,,,,,,,,5.31067,-6.46437,-1.43193,50,5.80076,1.25402,-106.05699,2.40378,5.95978,20.62889,-39.42852,BOC_EAG,GIT_YEL,HarringtonVillage,D1,ACC,20260515-HarringtonVillage-2,ae74bf40-50b7-11f1-90ac-456ae51230df,71.17422,,,6.55295,,,,,,,4293fdce-3634-4d91-8f36-83916a8b87e1,2026-05-15,23:42:04.86,2026-05-15T19:42:04.8650000-04:00,2026-05-15T23:42:04.8650000Z,,v3,227,100,26604,"Johnson, Gunnar",1000100233,Right,BOC_EAG,e933fe9c-b6bf-4a46-86e3-1a9cbb975dcd,55.22834,-107.06911,10.31445,5.63537,4.33827,-19.71426,-1.48628,0.96161,2.97989,,,,,,,,,,,,,,,,,,,,,,,,,,,,,,,,,,,,,,,,,,,,,,,,,,,High,High,High,,,,,,36.940285,46.86674,1473.305654,0.683698,7:15,-0.706846,0.442273,0.552053,-40.652992,-11.083591,21.866923,173.979137,-22.106061,0.09718,-0.376322,-0.921378,22.216781,-5.576803,0.376322,-0.09718,0.921378,-22.216781,5.576803,-0.376322,0.09718,0.921378,-173.979137,22.106061,-0.09718,0.376322,-0.921378,,,
192,2026-05-15,19:42:20.50,1,4,"Gonzalez, Cesar",831498,Right,BOC_EAG,"Hernandez, Alex",815415,Right,GIT_YEL,Undefined,6,Top,0,2,1,Slider,Curveball,BallCalled,Undefined,Undefined,Undefined,0,0,,82.10998,-0.632906,-1.250531,2343.385732,67.109749,8:15,5.47206,1.54414,5.30482,-46.45585,-3.74646,-12.23442,1.00644,-0.64948,75.12056,-9.058123,-3.426705,0.470363,,,,,,,,,,,,5.7815,-1.30787,-1.42128,50,5.38065,3.10467,-119.11985,-2.99593,8.22349,25.03122,-34.03432,BOC_EAG,GIT_YEL,HarringtonVillage,D1,ACC,20260515-HarringtonVillage-2,b7ba6780-50b7-11f1-90ac-456ae51230df,80.13477,,,6.98942,,,,,,,4293fdce-3634-4d91-8f36-83916a8b87e1,2026-05-15,23:42:20.50,2026-05-15T19:42:20.5080000-04:00,2026-05-15T23:42:20.5080000Z,,v3,227,100,26604,"Johnson, Gunnar",1000100233,Right,BOC_EAG,9de3c898-447c-4970-b5ac-4c83c830b595,55.19511,-120.20657,12.51561,5.47865,-1.51835,-17.01716,-1.54831,2.74765,4.11175,,,,,,,,,,,,,,,,,,,,,,,,,,,,,,,,,,,,,,,,,,,,,,,,,,,High,High,High,,,,,,56.064324,77.304042,515.023183,0.219777,7:45,-0.974594,0.171554,0.143997,15.815917,41.504183,68.765506,139.778385,-68.174556,0.240075,-0.928321,-0.283874,72.996756,-13.890993,0.928321,-0.240075,0.283874,-72.996756,13.890993,-0.928321,0.240075,0.283874,-139.778385,68.174556,-0.240075,0.928321,-0.283874,,,
193,2026-05-15,19:42:38.95,1,5,"Gonzalez, Cesar",831498,Right,BOC_EAG,"Hernandez, Alex",815415,Right,GIT_YEL,Undefined,6,Top,0,3,1,FourSeamFastBall,Four-Seam,BallCalled,Walk,Undefined,Undefined,0,0,,92.40882,-1.833625,-1.030413,2235.986968,204.742161,12:45,5.64333,1.32046,6.0588,-12.80713,20.0056,8.69304,2.87808,1.09106,83.62688,-4.329884,0.534565,0.41228,,,,,,,,,,,,-4.7702,11.17875,-1.24492,50,5.49396,2.03108,-134.07821,-4.61024,-8.59693,31.68568,-12.02751,BOC_EAG,GIT_YEL,HarringtonVillage,D1,ACC,20260515-HarringtonVillage-2,c2b3b330-50b7-11f1-90ac-456ae51230df,91.42429,,,8.78193,,,,,,,4293fdce-3634-4d91-8f36-83916a8b87e1,2026-05-15,23:42:38.95,2026-05-15T19:42:38.9520000-04:00,2026-05-15T23:42:38.9520000Z,,v3,227,100,26604,"Johnson, Gunnar",1000100233,Right,BOC_EAG,b89a0142-b79f-4cfa-9cb9-35547d0dc1af,54.43732,-135.12278,15.84284,5.63941,-4.21374,-6.01375,-1.31656,2.31449,-4.29846,,,,,,,,,,,,,,,,,,,,,,,,,,,,,,,,,,,,,,,,,,,,,,,,,,,High,High,High,,,,,,210.778688,20.956195,2088.085691,0.933854,1:00,-0.356553,-0.489074,-0.796038,-27.067744,7.375781,24.480752,154.927592,-7.174565,0.420445,-0.124893,-0.898681,7.911916,-24.862705,0.124893,-0.420445,0.898681,-7.911916,24.862705,-0.124893,0.420445,0.898681,-154.927592,7.174565,-0.420445,0.124893,-0.898681,,,
194,2026-05-15,19:43:11.73,2,1,"Gonzalez, Cesar",831498,Right,BOC_EAG,"Schmidt, Kent",812674,Left,GIT_YEL,Undefined,6,Top,0,0,0,Curveball,Curveball,StrikeCalled,Undefined,Undefined,Undefined,0,0,,72.95595,2.450205,0.586049,2223.283224,61.980562,8:00,5.46797,1.4128,5.12485,-61.78511,-6.94701,-16.70107,2.6285,0.57304,66.18067,-8.769759,-2.372696,0.532982,,,,,,,,,,,,8.45981,-3.64087,-1.45434,50,5.65043,-0.43606,-105.69116,2.45934,9.41865,20.65812,-36.22756,BOC_EAG,GIT_YEL,HarringtonVillage,D1,ACC,20260515-HarringtonVillage-2,d6510ff0-50b7-11f1-90ac-456ae51230df,70.71989,,,6.77528,,,,,,,4293fdce-3634-4d91-8f36-83916a8b87e1,2026-05-15,23:43:11.73,2026-05-15T19:43:11.7340000-04:00,2026-05-15T23:43:11.7340000Z,,v3,227,100,26604,"Johnson, Gunnar",1000100233,Right,BOC_EAG,67b73eef-b82f-4c24-8495-6851763ed51a,55.3749,-106.73655,10.32906,5.47959,4.29262,-18.11378,-1.42021,-0.91269,4.70932,,,,,,,,,,,,,,,,,,,,,,,,,,,,,,,,,,,,,,,,,,,,,,,,,,,High,High,High,,,,,,41.749954,46.443014,1532.010417,0.689076,7:30,-0.709632,0.489404,0.506859,-41.073424,-19.276935,12.431297,177.901533,-22.7979,0.033756,-0.387482,-0.921259,22.811633,-1.934464,0.387482,-0.033756,0.921259,-22.811633,1.934464,-0.387482,0.033756,0.921259,-177.901533,22.7979,-0.033756,0.387482,-0.921259,,,
195,2026-05-15,19:43:31.96,2,2,"Gonzalez, Cesar",831498,Right,BOC_EAG,"Schmidt, Kent",812674,Left,GIT_YEL,Undefined,6,Top,0,0,1,Slider,Curveball,BallCalled,Undefined,Undefined,Undefined,0,0,,80.97698,-2.178583,-0.508927,2225.123696,67.537941,8:15,5.37568,1.53345,5.38824,-47.52333,-3.46799,-12.11237,-0.62758,0.04707,73.9877,-10.782806,-2.671348,0.477717,,,,,,,,,,,,6.02886,-0.73587,-1.47886,50,5.14708,1.51803,-117.38913,-6.11686,8.27317,25.658,-33.18387,BOC_EAG,GIT_YEL,HarringtonVillage,D1,ACC,20260515-HarringtonVillage-2,e24fbdb0-50b7-11f1-90ac-456ae51230df,78.9012,,,6.98928,,,,,,,4293fdce-3634-4d91-8f36-83916a8b87e1,2026-05-15,23:43:31.96,2026-05-15T19:43:31.9670000-04:00,2026-05-15T23:43:31.9670000Z,,v3,227,100,26604,"Johnson, Gunnar",1000100233,Right,BOC_EAG,5f805931-d60a-4e62-ac96-8bc001fd4a06,55.11247,-118.50131,12.829,5.38105,-4.67846,-16.59194,-1.53689,1.15942,4.13658,,,,,,,,,,,,,,,,,,,,,,,,,,,,,,,,,,,,,,,,,,,,,,,,,,,High,High,High,,,,,,63.233303,79.177081,417.820889,0.187774,8:00,-0.987085,0.130195,0.093337,14.775688,38.34464,75.208316,148.570972,-72.514264,0.156677,-0.953792,-0.256386,74.954167,-9.01406,0.953792,-0.156677,0.256386,-74.954167,9.01406,-0.953792,0.156677,0.256386,-148.570972,72.514264,-0.156677,0.953792,-0.256386,,,
196,2026-05-15,19:43:54.09,2,3,"Gonzalez, Cesar",831498,Right,BOC_EAG,"Schmidt, Kent",812674,Left,GIT_YEL,Undefined,6,Top,0,1,1,ChangeUp,Changeup,FoulBallNotFieldable,Undefined,Undefined,Undefined,0,0,,80.34848,-0.491569,-3.248091,2133.006878,260.848737,2:45,5.10107,1.96851,5.80576,-39.17065,5.07953,21.29316,1.37895,0.71904,72.47447,-7.755388,0.567143,0.478772,,,,,,,,,,,,-12.02442,3.19008,-1.71494,50,5.03741,5.78959,-116.3969,-2.23887,-16.17499,25.81586,-27.8828,BOC_EAG,GIT_YEL,HarringtonVillage,D1,ACC,20260515-HarringtonVillage-2,ef7deac0-50b7-11f1-90ac-456ae51230df,78.72729,,,7.87401,,,,,,,4293fdce-3634-4d91-8f36-83916a8b87e1,2026-05-15,23:43:54.09,2026-05-15T19:43:54.0920000-04:00,2026-05-15T23:43:54.0920000Z,,v3,227,100,26604,"Johnson, Gunnar",1000100233,Right,BOC_EAG,30f26bda-da2c-4163-9c87-4730f97d3991,54.69316,-117.43319,12.90793,5.10481,-1.11961,-13.9414,-1.96037,6.43888,-8.08749,,,,,,,,,,,,,,,,,,,,,,,,,,,,,,,,,,,,,,,,,,,,,,,,,,,High,High,High,,,,,,248.674559,-2.60109,2130.809256,0.99897,2:15,0.032694,-0.930146,-0.36573,-27.677557,-48.808733,-5.219013,164.599119,41.688575,0.198321,0.665081,-0.719955,42.731184,11.438771,0.665081,0.198321,0.719955,-42.731184,-11.438771,-0.665081,-0.198321,0.719955,-164.599119,-41.688575,-0.198321,-0.665081,-0.719955,,,
197,2026-05-15,19:44:26.43,2,4,"Gonzalez, Cesar",831498,Right,BOC_EAG,"Schmidt, Kent",812674,Left,GIT_YEL,Undefined,6,Top,0,1,2,ChangeUp,Changeup,BallCalled,Undefined,Undefined,Undefined,0,0,,82.12261,-1.423296,-2.465215,2171.728847,250.548662,2:15,5.10875,1.8591,5.72573,-32.29419,10.75784,25.38427,1.09044,1.67699,73.08284,-7.473256,2.079834,0.472246,,,,,,,,,,,,-13.73851,6.51378,-1.66882,50,4.97057,4.06418,-118.7882,-3.97007,-18.98508,29.71684,-23.17274,BOC_EAG,GIT_YEL,HarringtonVillage,D1,ACC,20260515-HarringtonVillage-2,02cb2bb0-50b8-11f1-90ac-456ae51230df,79.81529,,,9.03977,,,,,,,4293fdce-3634-4d91-8f36-83916a8b87e1,2026-05-15,23:44:26.43,2026-05-15T19:44:26.4380000-04:00,2026-05-15T23:44:26.4380000Z,,v3,227,100,26604,"Johnson, Gunnar",1000100233,Right,BOC_EAG,6116ccd5-3f73-401e-8734-579231086e85,54.76904,-119.97533,14.85842,5.11067,-3.04437,-11.58637,-1.84632,4.8226,-9.49254,,,,,,,,,,,,,,,,,,,,,,,,,,,,,,,,,,,,,,,,,,,,,,,,,,,High,High,High,,,,,,249.667795,-12.836634,2117.451918,0.975008,2:15,0.230014,-0.908458,-0.348995,-27.127953,-54.73384,-6.310107,173.333052,34.530298,0.095644,0.566842,-0.818256,34.712061,5.488412,0.566842,0.095644,0.818256,-34.712061,-5.488412,-0.566842,-0.095644,0.818256,-173.333052,-34.530298,-0.095644,-0.566842,-0.818256,,,
198,2026-05-15,19:44:47.20,2,5,"Gonzalez, Cesar",831498,Right,BOC_EAG,"Schmidt, Kent",812674,Left,GIT_YEL,Undefined,6,Top,0,2,2,Slider,Slider,FoulBallNotFieldable,Undefined,Undefined,Undefined,0,0,,81.16231,0.424497,-1.025641,2253.241398,84.759225,8:45,5.37481,1.64903,5.26151,-43.27868,0.53567,-10.32725,2.16714,-0.17525,73.8899,-7.472057,-2.858851,0.476408,,,,,,,,,,,,4.81937,0.61886,-1.54734,50,5.38206,2.54357,-117.68926,-0.67899,6.69307,24.3799,-31.31461,BOC_EAG,GIT_YEL,HarringtonVillage,D1,ACC,20260515-HarringtonVillage-2,0f303c60-50b8-11f1-90ac-456ae51230df,79.1179,,,7.27242,,,,,,,4293fdce-3634-4d91-8f36-83916a8b87e1,2026-05-15,23:44:47.20,2026-05-15T19:44:47.2070000-04:00,2026-05-15T23:44:47.2070000Z,,v3,227,100,26604,"Johnson, Gunnar",1000100233,Right,BOC_EAG,8ca2a7eb-64d2-4ca9-862d-106da001a0fa,55.23558,-118.76889,12.18995,5.38142,0.70772,-15.65731,-1.65341,2.24717,3.34653,,,,,,,,,,,,,,,,,,,,,,,,,,,,,,,,,,,,,,,,,,,,,,,,,,,High,High,High,,,,,,68.061114,76.396932,529.949225,0.235194,8:15,-0.968577,0.225357,0.105227,22.292745,32.699712,75.102873,165.019971,-71.231874,0.083164,-0.946828,-0.310805,71.827108,-4.770448,0.946828,-0.083164,0.310805,-71.827108,4.770448,-0.946828,0.083164,0.310805,-165.019971,71.231874,-0.083164,0.946828,-0.310805,,,
199,2026-05-15,19:45:29.60,2,6,"Gonzalez, Cesar",831498,Right,BOC_EAG,"Schmidt, Kent",812674,Left,GIT_YEL,Undefined,6,Top,0,2,2,FourSeamFastBall,Four-Seam,FoulBallNotFieldable,Undefined,Undefined,Undefined,0,0,,93.20338,-1.983652,-2.871988,2248.020451,222.429525,1:30,5.60845,1.27917,6.02558,-15.14489,17.29532,14.74591,2.50618,-0.15411,84.11938,-4.900716,-0.222192,0.409933,76.81502,60.051648,-86.834071,3803.28677,,,,,63.13751,,,-8.51477,9.86843,-1.06245,50,5.44496,6.1357,-135.0746,-5.11626,-15.52673,32.98928,-14.17892,BOC_EAG,GIT_YEL,HarringtonVillage,D1,ACC,20260515-HarringtonVillage-2,2863a6e0-50b8-11f1-90ac-456ae51230df,91.94773,82.25694,,9.08399,,,,2.17642,2.57099,0.15091,4293fdce-3634-4d91-8f36-83916a8b87e1,2026-05-15,23:45:29.60,2026-05-15T19:45:29.6070000-04:00,2026-05-15T23:45:29.6070000Z,,v3,227,100,26604,"Johnson, Gunnar",1000100233,Right,BOC_EAG,ebb1b086-4c1d-47fe-a140-be4bec37268c,54.47228,-136.16248,16.49464,5.60597,-4.64868,-7.08946,-1.27323,6.64772,-7.76336,,2.17642,3.10617,-11.42485,4.40728,-1.24531,0.31034,-0.07186,0.01318,-0.00128,2.57099,97.61876,-30.85588,4.12845,-0.76332,0.11653,-0.01708,0.00178,-0.0001,0.15091,-56.15711,4.62789,-0.0074,-0.21254,0.09086,-0.02599,0.00569,-0.00057,,,,,,,,,,,,,,,,,,,,,,,High,High,High,Low,Undefined,,,,214.645467,14.154753,2179.767785,0.969639,1:15,-0.265,-0.559371,-0.785417,-35.07409,4.049403,36.702124,149.763205,-13.594709,0.489466,-0.235052,-0.839746,15.637405,-29.305494,0.235052,-0.489466,0.839746,-15.637405,29.305494,-0.235052,0.489466,0.839746,-149.763205,13.594709,-0.489466,0.235052,-0.839746,75.13543,9.56714,3.41062
200,2026-05-15,19:45:54.33,2,7,"Gonzalez, Cesar",831498,Right,BOC_EAG,"Schmidt, Kent",812674,Left,GIT_YEL,Undefined,6,Top,0,2,2,FourSeamFastBall,Four-Seam,BallCalled,Undefined,Undefined,Undefined,0,0,,92.14336,-0.120724,-0.607009,2136.208398,212.790906,1:00,5.72738,1.33926,5.91948,-12.93965,20.04796,12.21922,4.53703,1.79421,83.67369,-2.633695,1.586959,0.413378,,,,,,,,,,,,-6.39937,10.60138,-1.2974,50,5.71027,0.87482,-133.8109,-0.61502,-11.54429,30.23152,-13.04946,BOC_EAG,GIT_YEL,HarringtonVillage,D1,ACC,20260515-HarringtonVillage-2,372a9c60-50b8-11f1-90ac-456ae51230df,91.18164,,,8.46967,,,,,,,4293fdce-3634-4d91-8f36-83916a8b87e1,2026-05-15,23:45:54.33,2026-05-15T19:45:54.3330000-04:00,2026-05-15T23:45:54.3330000Z,,v3,227,100,26604,"Johnson, Gunnar",1000100233,Right,BOC_EAG,762108b7-0e93-4e27-b895-87cc962e9be9,54.57723,-134.84106,15.11576,5.72365,-0.17035,-6.52473,-1.33391,1.2682,-5.77215,,,,,,,,,,,,,,,,,,,,,,,,,,,,,,,,,,,,,,,,,,,,,,,,,,,High,High,High,,,,,,210.368683,20.159626,2005.335951,0.938736,1:00,-0.352197,-0.475315,-0.806246,-21.311453,7.738645,35.587326,152.954705,-8.554227,0.449636,-0.148745,-0.880739,9.586052,-26.720364,0.148745,-0.449636,0.880739,-9.586052,26.720364,-0.148745,0.449636,0.880739,-152.954705,8.554227,-0.449636,0.148745,-0.880739,,,
201,2026-05-15,19:46:17.62,2,8,"Gonzalez, Cesar",831498,Right,BOC_EAG,"Schmidt, Kent",812674,Left,GIT_YEL,Undefined,6,Top,0,3,2,Fastball,Changeup,BallCalled,Walk,Undefined,Undefined,0,0,,80.01239,0.697861,-2.406985,2178.280862,249.336269,2:15,5.12374,1.80674,5.81616,-33.53978,10.66871,24.22785,2.97824,1.5864,72.48305,-5.56493,1.933655,0.478547,,,,,,,,,,,,-13.03048,5.68638,-1.62378,50,5.16127,3.92749,-116.05365,0.38828,-17.58125,23.88668,-24.50177,BOC_EAG,GIT_YEL,HarringtonVillage,D1,ACC,20260515-HarringtonVillage-2,450becd0-50b8-11f1-90ac-456ae51230df,78.76441,,,7.52933,,,,,,,4293fdce-3634-4d91-8f36-83916a8b87e1,2026-05-15,23:46:17.62,2026-05-15T19:46:17.6240000-04:00,2026-05-15T23:46:17.6240000Z,,v3,227,100,26604,"Johnson, Gunnar",1000100233,Right,BOC_EAG,1e38e91a-f683-4d1f-a334-94279a19810e,54.68175,-117.0133,11.94334,5.1259,1.37264,-12.25089,-1.79575,4.63382,-8.79062,,,,,,,,,,,,,,,,,,,,,,,,,,,,,,,,,,,,,,,,,,,,,,,,,,,High,High,High,,,,,,245.575625,-10.263195,2143.427695,0.984,2:15,0.150009,-0.898043,-0.413541,-17.147705,-32.905046,-15.718175,172.621842,-38.527042,0.100463,-0.622884,-0.775837,38.759389,-5.765825,0.622884,-0.100463,0.775837,-38.759389,5.765825,-0.622884,0.100463,0.775837,-172.621842,38.527042,-0.100463,0.622884,-0.775837,,,
202,2026-05-15,19:46:49.29,3,1,"Gonzalez, Cesar",831498,Right,BOC_EAG,"Brosius, Parker",702701,Right,GIT_YEL,Undefined,6,Top,0,0,0,FourSeamFastBall,Four-Seam,StrikeCalled,Undefined,Undefined,Undefined,0,0,,91.4834,-1.543862,-1.946125,2249.190104,213.122739,1:00,5.62756,1.48133,5.88656,-14.88469,18.48828,11.3726,2.95241,0.62124,83.60209,-4.389006,0.09369,0.415785,,,,,,,,,,,,-6.33536,10.19603,-1.33081,50,5.49435,4.01537,-132.81294,-4.00769,-11.32722,28.17954,-13.94421,BOC_EAG,GIT_YEL,HarringtonVillage,D1,ACC,20260515-HarringtonVillage-2,57e81c70-50b8-11f1-90ac-456ae51230df,90.65368,,,7.88132,,,,,,,4293fdce-3634-4d91-8f36-83916a8b87e1,2026-05-15,23:46:49.29,2026-05-15T19:46:49.2900000-04:00,2026-05-15T23:46:49.2900000Z,,v3,227,100,26604,"Johnson, Gunnar",1000100233,Right,BOC_EAG,6f635b25-459c-4eeb-9bd0-c9491c33dcba,54.61124,-133.78775,14.08977,5.62464,-3.52532,-6.9721,-1.4765,4.40721,-5.66361,,,,,,,,,,,,,,,,,,,,,,,,,,,,,,,,,,,,,,,,,,,,,,,,,,,High,High,High,,,,,,213.959176,17.02936,2150.573935,0.956155,1:15,-0.305137,-0.541807,-0.783158,-13.354609,7.402474,44.749538,150.505535,-1.818687,0.492091,-0.031737,-0.869965,2.089251,-29.478141,0.031737,-0.492091,0.869965,-2.089251,29.478141,-0.031737,0.492091,0.869965,-150.505535,1.818687,-0.492091,0.031737,-0.869965,,,
203,2026-05-15,19:47:12.10,3,2,"Gonzalez, Cesar",831498,Right,BOC_EAG,"Brosius, Parker",702701,Right,GIT_YEL,Undefined,6,Top,0,0,1,FourSeamFastBall,Four-Seam,BallCalled,Undefined,Undefined,Undefined,0,0,,91.57531,-1.847009,-1.435742,2210.729835,211.236665,1:00,5.64724,1.30298,5.86315,-14.04583,19.36773,11.0878,2.75979,0.89291,83.50598,-4.543964,0.552832,0.416038,,,,,,,,,,,,-6.17418,10.82638,-1.19347,50,5.48961,2.86928,-132.96948,-4.69542,-11.02013,29.33006,-12.85035,BOC_EAG,GIT_YEL,HarringtonVillage,D1,ACC,20260515-HarringtonVillage-2,658510e0-50b8-11f1-90ac-456ae51230df,90.59856,,,8.06933,,,,,,,4293fdce-3634-4d91-8f36-83916a8b87e1,2026-05-15,23:47:12.10,2026-05-15T19:47:12.1040000-04:00,2026-05-15T23:47:12.1040000Z,,v3,227,100,26604,"Johnson, Gunnar",1000100233,Right,BOC_EAG,e614acc6-4b07-400a-a2db-f8ae27652655,54.63725,-133.98845,14.66503,5.64498,-4.24898,-6.42518,-1.29981,3.25214,-5.51007,,,,,,,,,,,,,,,,,,,,,,,,,,,,,,,,,,,,,,,,,,,,,,,,,,,High,High,High,,,,,,212.206602,16.317381,2121.681871,0.95972,1:00,-0.284589,-0.520295,-0.805172,-10.787464,5.793937,48.644943,150.365653,-1.923527,0.494184,-0.033566,-0.868709,2.212719,-29.615983,0.033566,-0.494184,0.868709,-2.212719,29.615983,-0.033566,0.494184,0.868709,-150.365653,1.923527,-0.494184,0.033566,-0.868709,,,
204,2026-05-15,19:47:32.35,3,3,"Gonzalez, Cesar",831498,Right,BOC_EAG,"Brosius, Parker",702701,Right,GIT_YEL,Undefined,6,Top,0,1,1,Fastball,Four-Seam,BallCalled,Undefined,Undefined,Undefined,0,0,,91.53872,-1.753246,-0.556489,2214.510698,207.262868,1:00,5.74117,1.47869,5.99021,-12.29505,21.05056,10.27784,3.09116,1.81943,83.26184,-4.147414,1.291483,0.415615,,,,,,,,,,,,-5.53437,11.74816,-1.44083,50,5.59648,0.86894,-132.95102,-4.39106,-9.84537,30.1296,-11.2747,BOC_EAG,GIT_YEL,HarringtonVillage,D1,ACC,20260515-HarringtonVillage-2,718da9b0-50b8-11f1-90ac-456ae51230df,90.69082,,,8.27688,,,,,,,4293fdce-3634-4d91-8f36-83916a8b87e1,2026-05-15,23:47:32.35,2026-05-15T19:47:32.3540000-04:00,2026-05-15T23:47:32.3540000Z,,v3,227,100,26604,"Johnson, Gunnar",1000100233,Right,BOC_EAG,7d6aae25-ccbc-4989-b8dd-e5576e1b1295,54.51,-133.96918,15.0648,5.73843,-4.01006,-5.63735,-1.47582,1.20164,-4.92268,,,,,,,,,,,,,,,,,,,,,,,,,,,,,,,,,,,,,,,,,,,,,,,,,,,High,High,High,,,,,,207.352207,19.751572,2084.223826,0.941167,1:00,-0.332658,-0.442565,-0.832752,-12.566435,4.149578,48.250007,150.346797,-8.267274,0.489608,-0.143791,-0.860005,9.491932,-29.314796,0.143791,-0.489608,0.860005,-9.491932,29.314796,-0.143791,0.489608,0.860005,-150.346797,8.267274,-0.489608,0.143791,-0.860005,,,
205,2026-05-15,19:47:55.15,3,4,"Gonzalez, Cesar",831498,Right,BOC_EAG,"Brosius, Parker",702701,Right,GIT_YEL,Undefined,6,Top,0,2,1,FourSeamFastBall,Four-Seam,StrikeCalled,Undefined,Undefined,Undefined,0,0,,91.60624,-2.206997,-1.212066,2148.002034,205.781669,12:45,5.74444,1.1263,5.97939,-10.58461,22.73907,10.44713,2.81514,0.8732,83.32434,-4.293165,0.665513,0.415478,,,,,,,,,,,,-5.77284,12.71233,-1.03652,50,5.56432,2.37564,-132.97874,-5.37053,-10.28434,29.87206,-9.52699,BOC_EAG,GIT_YEL,HarringtonVillage,D1,ACC,20260515-HarringtonVillage-2,7f3106c0-50b8-11f1-90ac-456ae51230df,90.72069,,,8.2819,,,,,,,4293fdce-3634-4d91-8f36-83916a8b87e1,2026-05-15,23:47:55.15,2026-05-15T19:47:55.1530000-04:00,2026-05-15T23:47:55.1530000Z,,v3,227,100,26604,"Johnson, Gunnar",1000100233,Right,BOC_EAG,24f008ea-0531-4ab6-a5d9-4be90a657b20,54.51999,-133.99026,14.93603,5.74072,-5.04793,-4.7635,-1.12286,2.72388,-5.14217,,,,,,,,,,,,,,,,,,,,,,,,,,,,,,,,,,,,,,,,,,,,,,,,,,,High,High,High,,,,,,208.097535,14.839561,2076.359254,0.966647,1:00,-0.256375,-0.464791,-0.847491,-13.808381,5.822694,48.39409,154.467396,-5.745923,0.428859,-0.100117,-0.897806,6.362947,-25.395173,0.100117,-0.428859,0.897806,-6.362947,25.395173,-0.100117,0.428859,0.897806,-154.467396,5.745923,-0.428859,0.100117,-0.897806,,,
206,2026-05-15,19:48:14.78,3,5,"Gonzalez, Cesar",831498,Right,BOC_EAG,"Brosius, Parker",702701,Right,GIT_YEL,Undefined,6,Top,0,2,2,Slider,Slider,BallCalled,Undefined,Undefined,Undefined,0,0,,82.16656,-1.301428,-2.259323,2296.392661,111.827191,9:45,5.42796,1.65035,5.51656,-35.73069,5.86363,-11.76111,1.23238,-1.44337,76.40505,-7.806147,-4.354063,0.464182,,,,,,,,,,,,5.39481,3.65488,-1.44542,50,5.29047,5.1788,-119.3481,-3.93345,7.86132,20.75488,-26.84818,BOC_EAG,GIT_YEL,HarringtonVillage,D1,ACC,20260515-HarringtonVillage-2,8aef5020-50b8-11f1-90ac-456ae51230df,81.20181,,,5.76151,,,,,,,4293fdce-3634-4d91-8f36-83916a8b87e1,2026-05-15,23:48:14.78,2026-05-15T19:48:14.7880000-04:00,2026-05-15T23:48:14.7880000Z,,v3,227,100,26604,"Johnson, Gunnar",1000100233,Right,BOC_EAG,e165b383-ae76-43f2-abac-3e1dd12f18a3,54.98347,-120.21161,10.37744,5.43089,-2.81643,-13.42409,-1.65408,4.85173,3.93066,,,,,,,,,,,,,,,,,,,,,,,,,,,,,,,,,,,,,,,,,,,,,,,,,,,High,High,High,,,,,,79.540863,80.29202,387.233029,0.168627,8:45,-0.987216,0.143395,0.069584,9.642847,38.994714,72.847165,141.827188,-74.691924,0.163167,-0.96452,-0.207551,77.855963,-9.390763,0.96452,-0.163167,0.207551,-77.855963,9.390763,-0.96452,0.163167,0.207551,-141.827188,74.691924,-0.163167,0.96452,-0.207551,,,
207,2026-05-15,19:48:37.38,3,6,"Gonzalez, Cesar",831498,Right,BOC_EAG,"Brosius, Parker",702701,Right,GIT_YEL,Undefined,6,Top,0,3,2,FourSeamFastBall,Four-Seam,FoulBallNotFieldable,Undefined,Undefined,Undefined,0,0,,91.77062,-1.236809,-1.795795,2103.738928,209.558974,1:00,5.67474,1.29605,6.12861,-12.4019,20.5017,11.02808,3.49727,0.55458,83.67039,-3.652001,0.191236,0.412851,71.22967,50.566669,175.152349,4301.099805,,,,,46.34169,,,-6.22429,11.27489,-1.1645,50,5.57369,3.71921,-133.30409,-3.18723,-11.18074,29.11518,-11.92091,BOC_EAG,GIT_YEL,HarringtonVillage,D1,ACC,20260515-HarringtonVillage-2,985cd020-50b8-11f1-90ac-456ae51230df,91.29795,47.05386,,8.10023,,,,1.04614,3.56848,-0.56057,4293fdce-3634-4d91-8f36-83916a8b87e1,2026-05-15,23:48:37.38,2026-05-15T19:48:37.3830000-04:00,2026-05-15T23:48:37.3830000Z,,v3,227,100,26604,"Johnson, Gunnar",1000100233,Right,BOC_EAG,2b8c8891-20ae-4449-b174-e18ce24cd089,54.37023,-134.25521,14.55759,5.67145,-2.79781,-5.96046,-1.29197,4.08445,-5.59037,346.589876,1.04614,-66.12031,1.14152,1.23305,0.98355,-4.9447,9.15562,-8.16034,2.84124,3.56848,80.68839,-31.8707,4.15324,0.77891,-5.57697,10.1677,-8.90045,3.05267,-0.56057,5.60742,-3.52764,0.92383,0.44474,-2.2867,4.17056,-3.6776,1.26957,,,,,,,,,,,,,,,,,,,,,,,High,High,High,High,Undefined,,,,208.440618,14.062314,2040.694171,0.970032,1:00,-0.259564,-0.467112,-0.845241,-21.198016,2.460901,41.849514,151.695651,-8.648829,0.468763,-0.150378,-0.87043,9.801831,-27.954044,0.150378,-0.468763,0.87043,-9.801831,27.954044,-0.150378,0.468763,0.87043,-151.695651,8.648829,-0.468763,0.150378,-0.87043,72.14028,22.51457,-26.53196
208,2026-05-15,19:49:07.68,3,7,"Gonzalez, Cesar",831498,Right,BOC_EAG,"Brosius, Parker",702701,Right,GIT_YEL,Undefined,6,Top,0,3,2,Fastball,Curveball,InPlay,Undefined,GroundBall,Single,0,1,,72.42427,2.651416,-0.747087,2125.404547,42.23712,7:30,5.53699,1.22501,5.3893,-65.85484,-10.75851,-11.51717,2.53611,-0.435,65.82456,-9.335679,-2.797276,0.534235,82.49199,-7.337184,-46.729704,,,,,22.62425,20.45382,-42.098206,0.178525,5.56721,-5.7817,-1.14975,50,5.72722,1.78861,-104.97804,2.75853,6.11073,20.4903,-38.52021,BOC_EAG,GIT_YEL,HarringtonVillage,D1,ACC,20260515-HarringtonVillage-2,aa8d2f60-50b8-11f1-90ac-456ae51230df,70.55399,2.76501,,6.59971,,,,2.06819,2.76501,0.46821,4293fdce-3634-4d91-8f36-83916a8b87e1,2026-05-15,23:49:07.68,2026-05-15T19:49:07.6890000-04:00,2026-05-15T23:49:07.6890000Z,GroundBall,v3,227,100,26604,"Johnson, Gunnar",1000100233,Right,BOC_EAG,a91b75e3-f881-4d12-8dbb-c267f5bee4a6,55.11211,-105.97116,10.24515,5.54828,4.62552,-19.26011,-1.22926,1.49244,3.05536,180,2.06255,82.4475,,,,,,,,2.76607,-15.48807,,,,,,,,0.4742,-87.58209,,,,,,,,,,,,,,,,,,,,,,,,,,,,,,High,High,High,Medium,Medium,,,,36.934054,43.934377,1530.5781,0.720135,7:15,-0.665511,0.464359,0.584351,-47.79575,-23.711162,19.348047,174.432463,11.489216,0.095075,0.199183,-0.975339,11.542215,5.455634,0.199183,0.095075,0.975339,-11.542215,-5.455634,-0.199183,-0.095075,0.975339,-174.432463,-11.489216,-0.095075,-0.199183,-0.975339,74.13502,25.63669,-25.95603
209,2026-05-15,19:49:37.99,4,1,"Gonzalez, Cesar",831498,Right,BOC_EAG,"Brosius, Parker",702701,Right,GIT_YEL,Undefined,6,Top,0,3,2,Fastball,Four-Seam,BallCalled,Walk,Undefined,Undefined,0,0,,92.90769,-2.393722,-2.587453,2242.353285,214.781,1:15,5.61537,1.16343,6.22513,-14.97284,17.20091,11.1952,2.15549,-0.29261,84.50351,-5.271597,-0.567631,0.408246,102.06847,-4.005098,-3.323852,,,,,30.87327,28.41459,-2.707172,0.207719,-6.57032,9.9467,-0.97537,50,5.42867,5.61929,-134.76678,-6.0515,-12.01705,30.79412,-13.98165,BOC_EAG,GIT_YEL,HarringtonVillage,D1,ACC,20260515-HarringtonVillage-2,bc7736d0-50b8-11f1-90ac-456ae51230df,92.32769,2.29014,,8.40418,,,,0.49993,2.29014,0.31292,4293fdce-3634-4d91-8f36-83916a8b87e1,2026-05-15,23:49:37.99,2026-05-15T19:49:37.9990000-04:00,2026-05-15T23:49:37.9990000Z,GroundBall,v3,227,100,26604,"Johnson, Gunnar",1000100233,Right,BOC_EAG,cfa21195-1af9-46fa-a225-311d8555ba29,54.27302,-135.73965,15.39706,5.61288,-5.60978,-6.99083,-1.1589,5.99894,-6.00852,178.998985,0.50078,149.02984,-14.34946,,,,,,,2.28956,-10.4186,-2.89356,,,,,,,0.31289,-8.65632,0.62661,,,,,,,,,,,,,,,,,,,,,,,,,,,,,High,High,High,High,High,,,,207.162248,15.950434,2156.022211,0.9615,1:00,-0.294591,-0.450031,-0.843023,-25.565359,3.600258,35.130843,152.972633,-11.342892,0.44554,-0.19668,-0.87339,12.690832,-26.457908,0.19668,-0.44554,0.87339,-12.690832,26.457908,-0.19668,0.44554,0.87339,-152.972633,11.342892,-0.44554,0.19668,-0.87339,,,
210,2026-05-15,19:50:56.89,5,1,"Gonzalez, Cesar",831498,Right,BOC_EAG,"Burress, Drew",806039,Right,GIT_YEL,Undefined,6,Top,0,0,0,FourSeamFastBall,Four-Seam,InPlay,Undefined,FlyBall,Out,1,0,,91.19159,-2.214482,-1.416507,2248.567119,197.0818,12:30,5.70239,1.30282,6.08611,-16.13099,17.59938,5.04221,2.3079,0.41234,82.51265,-5.311328,-0.508342,0.418005,98.68181,23.073607,11.365428,3804.715174,106.45021,42.94759,27.71799,337.36337,329.82121,23.155746,4.235111,-3.05177,10.12693,-1.19618,50,5.52295,3.05873,-132.26752,-5.56874,-5.34161,31.36266,-14.44863,BOC_EAG,GIT_YEL,HarringtonVillage,D1,ACC,20260515-HarringtonVillage-2,eb836f20-50b8-11f1-90ac-456ae51230df,90.17212,57.27809,,8.67894,,,,1.11968,2.32804,-0.41602,4293fdce-3634-4d91-8f36-83916a8b87e1,2026-05-15,23:50:56.89,2026-05-15T19:50:56.8960000-04:00,2026-05-15T23:50:56.8960000Z,LineDrive,v3,227,100,26604,"Johnson, Gunnar",1000100233,Right,BOC_EAG,5b157baa-b5e3-414c-813a-b956803df161,54.41109,-133.30936,15.68133,5.69996,-5.08878,-7.22431,-1.30073,3.23617,-2.6708,218.839238,1.11931,130.55359,-27.15241,6.32934,-1.47709,0.33571,-0.06253,0.00735,-0.00037,2.32856,56.70785,-15.57352,0.31554,0.22685,-0.12031,0.03023,-0.0035,0.00014,-0.41585,26.23404,4.42149,-1.93275,0.65859,-0.18944,0.03942,-0.00482,0.00025,,,,,,,,,,,,,,,,,,,,,,,High,High,High,High,High,,,,207.483977,24.476711,2046.487851,0.91013,1:00,-0.417622,-0.435721,-0.797332,-16.51402,8.156985,33.364731,151.759983,-6.863207,0.469776,-0.119499,-0.87466,7.779792,-28.019732,0.119499,-0.469776,0.87466,-7.779792,28.019732,-0.119499,0.469776,0.87466,-151.759983,6.863207,-0.469776,0.119499,-0.87466,,,
211,2026-05-15,19:51:47.37,6,1,"Gonzalez, Cesar",831498,Right,BOC_EAG,"Burress, Drew",806039,Right,GIT_YEL,Undefined,6,Top,1,0,0,Slider,Slider,StrikeCalled,Undefined,Undefined,Undefined,0,0,,81.96921,-0.920106,-1.746476,2209.81049,151.960132,11:00,5.29372,1.6313,5.59795,-32.4497,9.49544,-4.37303,1.73009,-0.36415,75.42254,-6.895252,-2.527006,0.466136,,,,,,,,,,,,1.74906,5.4502,-1.47871,50,5.19382,3.8026,-119.0116,-2.97761,2.51471,22.31294,-24.33798,BOC_EAG,GIT_YEL,HarringtonVillage,D1,ACC,20260515-HarringtonVillage-2,09988b80-50b9-11f1-90ac-456ae51230df,80.86153,,,6.54666,,,,,,,4293fdce-3634-4d91-8f36-83916a8b87e1,2026-05-15,23:51:47.37,2026-05-15T19:51:47.3760000-04:00,2026-05-15T23:51:47.3760000Z,,v3,227,100,26604,"Johnson, Gunnar",1000100233,Right,BOC_EAG,826b78c4-85f5-4df6-b67d-5020e5f6c9f3,54.90051,-119.92685,11.15647,5.29549,-1.97928,-12.16899,-1.63257,3.69945,1.25736,,,,,,,,,,,,,,,,,,,,,,,,,,,,,,,,,,,,,,,,,,,,,,,,,,,High,High,High,,,,,,112.265193,84.08875,227.583625,0.102988,9:45,-0.996811,0.079324,-0.008646,-2.551963,40.844413,64.30145,126.922641,-70.431303,0.267764,-0.942241,-0.201209,77.945947,-15.531276,0.942241,-0.267764,0.201209,-77.945947,15.531276,-0.942241,0.267764,0.201209,-126.922641,70.431303,-0.267764,0.942241,-0.201209,,,
212,2026-05-15,19:52:08.52,6,2,"Gonzalez, Cesar",831498,Right,BOC_EAG,"Burress, Drew",806039,Right,GIT_YEL,Undefined,6,Top,1,0,1,FourSeamFastBall,Four-Seam,InPlay,Undefined,Popup,Out,1,0,,92.04325,-2.271581,-1.95426,2228.503,214.88847,1:15,5.69215,1.29314,5.93656,-14.51702,18.63375,12.20847,2.37273,0.49684,83.61509,-5.060826,0.237801,0.414399,88.73713,62.060979,12.985861,,101.73446,143.20576,41.83392,153.05249,66.71419,24.06378,6.153971,-6.87914,10.58623,-1.14427,50,5.50274,4.03295,-133.51717,-5.71105,-12.33352,30.5718,-13.19416,BOC_EAG,GIT_YEL,HarringtonVillage,D1,ACC,20260515-HarringtonVillage-2,16380d20-50b9-11f1-90ac-456ae51230df,90.95696,155.0623,,8.42816,,,,1.72928,2.25796,-0.52938,4293fdce-3634-4d91-8f36-83916a8b87e1,2026-05-15,23:52:08.52,2026-05-15T19:52:08.5280000-04:00,2026-05-15T23:52:08.5280000Z,Popup,v3,227,100,26604,"Johnson, Gunnar",1000100233,Right,BOC_EAG,9fde0922-0202-493e-9e56-06b38fc03641,54.56211,-134.55772,15.2859,5.68948,-5.26197,-6.59708,-1.28868,4.45274,-6.16676,187.691744,1.73037,59.3753,-21.65772,6.45644,-1.21316,0.11165,0.00512,-0.00212,0.00013,2.22783,115.45329,-28.43977,4.60587,-1.5949,0.46489,-0.08367,0.00783,-0.00029,-0.52393,13.61291,-0.47801,-0.49708,0.34258,-0.11471,0.02125,-0.00204,8E-05,,,,,,,,,,,,,,,,,,,,,,,High,High,High,High,Low,,,,209.315071,18.617075,2111.892825,0.947673,1:00,-0.328604,-0.476281,-0.815583,-19.819379,7.906368,49.47916,151.808884,-14.150788,0.458079,-0.244475,-0.854632,15.963622,-27.26322,0.244475,-0.458079,0.854632,-15.963622,27.26322,-0.244475,0.458079,0.854632,-151.808884,14.150788,-0.458079,0.244475,-0.854632,,,
213,2026-05-15,19:52:51.99,7,1,"Gonzalez, Cesar",831498,Right,BOC_EAG,"Advincula, Jarren",814181,Left,GIT_YEL,Undefined,6,Top,2,0,0,ChangeUp,Changeup,FoulBallNotFieldable,Undefined,Undefined,Undefined,0,0,,80.10199,-0.930895,-3.518014,2222.753487,245.441603,2:15,5.15923,1.75723,5.93534,-32.45494,11.65493,22.02131,1.58934,0.3245,72.49269,-7.001848,0.433676,0.478012,80.67242,51.825336,-40.515541,4126.038184,68.18628,97.48138,-86.31691,226.96331,93.85969,-58.453968,4.890241,-12.40784,6.72922,-1.48869,50,5.06668,6.29655,-116.05693,-2.85339,-16.69299,24.47575,-23.12082,BOC_EAG,GIT_YEL,HarringtonVillage,D1,ACC,20260515-HarringtonVillage-2,301f5e50-50b9-11f1-90ac-456ae51230df,78.85241,100.61026,,7.6093,,,,1.09559,1.51041,-0.25166,4293fdce-3634-4d91-8f36-83916a8b87e1,2026-05-15,23:52:51.99,2026-05-15T19:52:51.9910000-04:00,2026-05-15T23:52:51.9910000Z,FlyBall,v3,227,100,26604,"Johnson, Gunnar",1000100233,Right,BOC_EAG,c61e8b46-5f2e-4776-ad1e-d06ebcd7aa47,54.56278,-117.01524,12.23787,5.16068,-1.94813,-11.56041,-1.74802,6.95013,-8.34649,140.211499,1.14155,54.6664,-12.7251,-1.69043,3.94522,-1.88278,0.4285,-0.04704,0.00198,1.50387,93.20008,-27.40237,4.90515,-2.47155,1.10373,-0.29995,0.04233,-0.00238,-0.22416,-48.11347,2.39139,-3.59614,3.79656,-1.88281,0.48819,-0.06346,0.00326,,,,,,,,,,,,,,,,,,,,,,,High,High,High,Medium,Low,,,,247.841724,-11.258188,2179.981913,0.980757,2:15,0.186868,-0.905032,-0.382095,-17.080237,-53.740125,-20.522955,178.84631,34.372893,0.016618,0.564577,-0.825213,34.378306,0.952213,0.564577,0.016618,0.825213,-34.378306,-0.952213,-0.564577,-0.016618,0.825213,-178.84631,-34.372893,-0.016618,-0.564577,-0.825213,,,
214,2026-05-15,19:53:20.80,7,2,"Gonzalez, Cesar",831498,Right,BOC_EAG,"Advincula, Jarren",814181,Left,GIT_YEL,Undefined,6,Top,2,0,1,ChangeUp,Changeup,BallCalled,Undefined,Undefined,Undefined,0,0,,82.72419,-3.266764,-4.106363,2256.941164,248.72911,2:15,5.06043,1.82169,6.07202,-32.07525,9.4454,20.21517,-0.64642,-0.29998,74.76843,-9.241867,-0.468718,0.463771,,,,,,,,,,,,-11.97312,6.37859,-1.51466,50,4.78963,7.83787,-119.60187,-7.80744,-16.99688,27.35981,-23.11909,BOC_EAG,GIT_YEL,HarringtonVillage,D1,ACC,20260515-HarringtonVillage-2,41507600-50b9-11f1-90ac-456ae51230df,81.27383,,,7.95576,,,,,,,4293fdce-3634-4d91-8f36-83916a8b87e1,2026-05-15,23:53:20.80,2026-05-15T19:53:20.8010000-04:00,2026-05-15T23:53:20.8010000Z,,v3,227,100,26604,"Johnson, Gunnar",1000100233,Right,BOC_EAG,270fcb33-03b3-4d4f-9668-b4534c789bc0,54.4278,-120.61051,13.67991,5.06174,-6.95513,-11.55955,-1.81515,8.46447,-8.49844,,,,,,,,,,,,,,,,,,,,,,,,,,,,,,,,,,,,,,,,,,,,,,,,,,,High,High,High,,,,,,247.836073,-13.591257,2193.73975,0.971997,2:15,0.258916,-0.885321,-0.386225,-13.59453,-63.131214,-22.778062,174.48363,32.221395,0.081326,0.533192,-0.842076,32.341486,4.664761,0.533192,0.081326,0.842076,-32.341486,-4.664761,-0.533192,-0.081326,0.842076,-174.48363,-32.221395,-0.081326,-0.533192,-0.842076,,,
215,2026-05-15,19:53:43.48,7,3,"Gonzalez, Cesar",831498,Right,BOC_EAG,"Advincula, Jarren",814181,Left,GIT_YEL,Undefined,6,Top,2,1,1,ChangeUp,Changeup,FoulBallNotFieldable,Undefined,Undefined,Undefined,0,0,,80.8969,-1.129585,-3.787373,2249.819331,260.627373,2:45,5.08589,1.84937,5.81905,-38.58738,5.13142,21.10529,0.81761,0.0817,72.96669,-8.279208,-0.006451,0.475889,58.97292,-51.634077,109.875118,,,,,2.02416,2.02416,17.49998,0.013657,-12.07312,3.45508,-1.55187,50,4.97058,6.93039,-117.09225,-3.54316,-16.42975,26.19108,-27.47217,BOC_EAG,GIT_YEL,HarringtonVillage,D1,ACC,20260515-HarringtonVillage-2,4ed156f0-50b9-11f1-90ac-456ae51230df,79.20429,0.92794,,7.93022,,,,2.18021,0.92794,-0.08215,4293fdce-3634-4d91-8f36-83916a8b87e1,2026-05-15,23:53:43.48,2026-05-15T19:53:43.4860000-04:00,2026-05-15T23:53:43.4860000Z,GroundBall,v3,227,100,26604,"Johnson, Gunnar",1000100233,Right,BOC_EAG,42926604-4f11-411d-b611-1647a7d1a98a,54.67922,-118.13425,13.09554,5.0898,-2.45019,-13.73608,-1.8406,7.58405,-8.21488,,2.18029,-18.28677,,,,,,,,0.92823,-67.94802,,,,,,,,-0.08237,50.58527,,,,,,,,,,,,,,,,,,,,,,,,,,,,,,High,High,High,Estimated,Estimated,,,,251.467509,-9.754192,2217.295188,0.985544,2:30,0.166708,-0.930915,-0.324969,-33.83783,-42.174886,-0.846793,174.118186,34.726391,0.084224,0.569658,-0.817555,34.86812,4.831393,0.569658,0.084224,0.817555,-34.86812,-4.831393,-0.569658,-0.084224,0.817555,-174.118186,-34.726391,-0.084224,-0.569658,-0.817555,,,
216,2026-05-15,19:54:17.33,7,4,"Gonzalez, Cesar",831498,Right,BOC_EAG,"Advincula, Jarren",814181,Left,GIT_YEL,Undefined,6,Top,2,1,2,Fastball,Four-Seam,FoulBallNotFieldable,Undefined,Undefined,Undefined,0,0,,92.3964,-0.943408,-1.7923,2238.018275,208.290149,1:00,5.55426,1.38031,6.10736,-12.82103,20.15316,10.19567,3.61295,0.57204,82.99043,-3.463692,0.043936,0.413293,87.53232,30.973478,-37.399175,3488.386828,82.83222,58.57025,-72.37936,306.44539,236.95748,-47.144389,4.336857,-5.83607,11.04209,-1.24785,50,5.47507,3.75039,-133.99895,-2.51521,-10.42819,33.61261,-12.44347,BOC_EAG,GIT_YEL,HarringtonVillage,D1,ACC,20260515-HarringtonVillage-2,62f91960-50b9-11f1-90ac-456ae51230df,91.20019,69.39652,,9.40596,,,,0.29814,3.51147,-0.50957,4293fdce-3634-4d91-8f36-83916a8b87e1,2026-05-15,23:54:17.33,2026-05-15T19:54:17.3320000-04:00,2026-05-15T23:54:17.3320000Z,FlyBall,v3,227,100,26604,"Johnson, Gunnar",1000100233,Right,BOC_EAG,9f542b09-f5be-4f6b-8625-50827322a28c,54.38855,-135.0953,16.8063,5.55049,-2.10934,-6.22174,-1.37572,4.09053,-5.21409,150.467862,0.29742,87.46953,-21.42175,5.93156,-1.46345,0.35182,-0.07156,0.00922,-0.00052,3.51301,66.02544,-17.29875,-0.10136,0.54292,-0.24604,0.0597,-0.00738,0.00036,-0.50936,-66.8623,8.14937,-2.07611,0.44262,-0.09792,0.0204,-0.00281,0.00016,,,,,,,,,,,,,,,,,,,,,,,High,High,High,High,Medium,,,,215.476135,18.046764,2127.91669,0.950804,1:15,-0.324736,-0.556838,-0.764512,-19.334058,7.734949,37.397274,150.773438,-2.634832,0.487748,-0.04597,-0.871773,3.018522,-29.192678,0.04597,-0.487748,0.871773,-3.018522,29.192678,-0.04597,0.487748,0.871773,-150.773438,2.634832,-0.487748,0.04597,-0.871773,63.62502,2.2307,-6.92589
217,2026-05-15,19:54:53.57,7,5,"Gonzalez, Cesar",831498,Right,BOC_EAG,"Advincula, Jarren",814181,Left,GIT_YEL,Undefined,6,Top,2,1,2,Fastball,Four-Seam,InPlay,Undefined,GroundBall,Out,1,0,,92.6045,-1.408469,-1.535914,2299.116209,204.718365,12:45,5.5479,1.36375,6.01601,-13.06969,20.35454,8.73528,3.15335,0.66862,82.04992,-3.997572,0.03494,0.416104,86.20961,-9.633299,-23.965186,,,,,16.23468,15.89213,-26.303146,0.129274,-5.03099,11.3343,-1.24793,50,5.43048,3.201,-134.05341,-3.6028,-8.86438,37.5381,-12.20347,BOC_EAG,GIT_YEL,HarringtonVillage,D1,ACC,20260515-HarringtonVillage-2,789c3130-50b9-11f1-90ac-456ae51230df,90.58416,3.07328,,10.55458,,,,0.16118,3.07328,-0.65121,4293fdce-3634-4d91-8f36-83916a8b87e1,2026-05-15,23:54:53.57,2026-05-15T19:54:53.5710000-04:00,2026-05-15T23:54:53.5710000Z,GroundBall,v3,227,100,26604,"Johnson, Gunnar",1000100233,Right,BOC_EAG,a165a56b-9b47-408b-8d6a-d64e4ce1183e,54.47686,-135.30123,18.76905,5.54349,-3.19714,-6.10174,-1.35924,3.49567,-4.43219,47.212652,0.16143,113.88618,-19.76949,,,,,,,3.07357,-21.18764,-20.03635,,,,,,,-0.65112,-50.64338,0.23709,,,,,,,,,,,,,,,,,,,,,,,,,,,,,High,High,High,High,High,,,,216.474727,16.93528,2199.41366,0.956634,1:15,-0.297744,-0.575677,-0.761541,-22.248227,15.492855,38.649086,158.36213,-5.365407,0.367123,-0.093507,-0.92546,5.769506,-21.53832,0.093507,-0.367123,0.92546,-5.769506,21.53832,-0.093507,0.367123,0.92546,-158.36213,5.365407,-0.367123,0.093507,-0.92546,65.50804,0.65129,-9.32094
218,2026-05-15,19:55:37.86,1,1,"Ballard, Carson",809806,Right,GIT_YEL,"Solier, Julio",827632,Right,BOC_EAG,Undefined,6,Bottom,0,0,0,FourSeamFastBall,Sinker,InPlay,Undefined,GroundBall,Out,1,0,,88.41511,1.033059,-2.989834,2076.080206,231.84886,1:45,5.91803,1.92064,5.18292,-23.04726,13.77009,16.02371,4.97081,0.4404,80.43136,-3.250361,-0.156937,0.436715,,,,,,,,,,,,-8.79882,6.9189,-1.65526,50,5.99705,5.95386,-128.12556,1.49361,-14.61614,26.6439,-20.6807,BOC_EAG,GIT_YEL,HarringtonVillage,D1,ACC,20260515-HarringtonVillage-2,92f55700-50b9-11f1-90ac-456ae51230df,86.3091,,,7.98376,,,,,,,4293fdce-3634-4d91-8f36-83916a8b87e1,2026-05-15,23:55:37.86,2026-05-15T19:55:37.8620000-04:00,2026-05-15T23:55:37.8620000Z,,v3,227,100,26604,"Lackey, Vahn",822518,Right,GIT_YEL,9a5100c1-8f6e-45b1-91a3-700dc300ecc9,55.31486,-129.22606,13.32195,5.91772,2.34781,-10.34035,-1.91365,6.55757,-7.30807,,,,,,,,,,,,,,,,,,,,,,,,,,,,,,,,,,,,,,,,,,,,,,,,,,,High,High,High,,,,,,228.572119,15.018105,2005.169593,0.965844,1:30,-0.305102,-0.71939,-0.624012,-76.355458,-39.27946,-12.864404,149.192453,-11.745449,0.501432,-0.203564,-0.840909,13.60816,-30.094805,0.203564,-0.501432,0.840909,-13.60816,30.094805,-0.203564,0.501432,0.840909,-149.192453,11.745449,-0.501432,0.203564,-0.840909,,,
219,2026-05-15,19:55:46.58,2,1,"Ballard, Carson",809806,Right,GIT_YEL,"Wang, Nick",813482,Right,BOC_EAG,Undefined,6,Bottom,0,0,0,Fastball,Sinker,FoulBallNotFieldable,Undefined,Undefined,Undefined,0,0,,90.13075,-0.599078,-4.568615,2231.719914,232.503765,1:45,5.78316,1.96725,5.12942,-21.32655,14.22591,17.04308,3.43992,-0.92429,82.15954,-4.55682,-1.565703,0.429147,,,,,,,,,,,,-9.72319,7.57843,-1.55143,50,5.71066,9.62154,-130.41706,-2.14098,-16.76632,27.11926,-19.10608,BOC_EAG,GIT_YEL,HarringtonVillage,D1,ACC,20260515-HarringtonVillage-2,982bdfa0-50b9-11f1-90ac-456ae51230df,87.83101,,,7.97121,,,,,,,4293fdce-3634-4d91-8f36-83916a8b87e1,2026-05-15,23:55:46.58,2026-05-15T19:55:46.5890000-04:00,2026-05-15T23:55:46.5890000Z,,v3,227,100,26604,"Lackey, Vahn",822518,Right,GIT_YEL,2b015aba-d0ca-4518-a1c1-ddffb77828e6,55.36913,-131.52879,13.55963,5.78237,-1.35774,-9.55304,-1.95995,10.30886,-8.38316,,,,,,,,,,,,,,,,,,,,,,,,,,,,,,,,,,,,,,,,,,,,,,,,,,,High,High,High,,,,,,230.617514,17.920473,2123.446951,0.951485,1:45,-0.347125,-0.738606,-0.577898,-78.659756,-34.638158,-9.182703,148.474673,-10.759499,0.513683,-0.186687,-0.837423,12.567455,-30.909464,0.186687,-0.513683,0.837423,-12.567455,30.909464,-0.186687,0.513683,0.837423,-148.474673,10.759499,-0.513683,0.186687,-0.837423,,,
220,2026-05-15,19:55:54.93,2,2,"Ballard, Carson",809806,Right,GIT_YEL,"Wang, Nick",813482,Right,BOC_EAG,Undefined,6,Bottom,0,0,0,Fastball,Changeup,StrikeCalled,Undefined,Undefined,Undefined,0,0,,87.63433,-0.718181,-4.377147,2089.154048,263.518707,2:45,5.48618,2.35765,4.95097,-34.22762,3.66449,21.37336,1.95325,-0.00527,80.04751,-6.932867,-0.616215,0.443043,,,,,,,,,,,,-11.86268,2.34788,-1.95127,50,5.38805,8.73116,-126.83324,-2.94412,-19.30276,26.20197,-28.35361,BOC_EAG,GIT_YEL,HarringtonVillage,D1,ACC,20260515-HarringtonVillage-2,9d34a180-50b9-11f1-90ac-456ae51230df,85.07625,,,7.58682,,,,,,,4293fdce-3634-4d91-8f36-83916a8b87e1,2026-05-15,23:55:54.93,2026-05-15T19:55:54.9370000-04:00,2026-05-15T23:55:54.9370000Z,,v3,227,100,26604,"Lackey, Vahn",822518,Right,GIT_YEL,b121d634-49d6-4cf1-92fd-ccc8bcbf27b7,55.54984,-127.97462,13.10098,5.4894,-1.70901,-14.1768,-2.34992,9.57201,-9.65138,,,,,,,,,,,,,,,,,,,,,,,,,,,,,,,,,,,,,,,,,,,,,,,,,,,High,High,High,,,,,,243.546811,14.17803,2025.517037,0.969539,2:00,-0.266317,-0.871029,-0.412776,92.446675,19.729044,-86.505452,164.953715,-70.447104,0.086882,-0.942333,-0.323203,71.068964,-4.98425,0.942333,-0.086882,0.323203,-71.068964,4.98425,-0.942333,0.086882,0.323203,-164.953715,70.447104,-0.086882,0.942333,-0.323203,,,
221,2026-05-15,19:56:05.01,2,3,"Ballard, Carson",809806,Right,GIT_YEL,"Wang, Nick",813482,Right,BOC_EAG,Undefined,6,Bottom,0,0,0,Slider,Slider,BallCalled,Undefined,Undefined,Undefined,0,0,,81.618,-0.216832,-1.059539,2558.859197,118.688359,10:00,5.82895,2.10205,4.94757,-37.94226,5.53764,-7.60772,2.46216,0.46674,74.84193,-7.107146,-2.402071,0.474587,,,,,,,,,,,,3.47677,3.19906,-1.9926,50,5.77671,2.51541,-118.40001,-1.83898,4.93074,22.80314,-27.63718,BOC_EAG,GIT_YEL,HarringtonVillage,D1,ACC,20260515-HarringtonVillage-2,a33027d0-50b9-11f1-90ac-456ae51230df,79.4216,,,6.77608,,,,,,,4293fdce-3634-4d91-8f36-83916a8b87e1,2026-05-15,23:56:05.01,2026-05-15T19:56:05.0100000-04:00,2026-05-15T23:56:05.0100000Z,,v3,227,100,26604,"Lackey, Vahn",822518,Right,GIT_YEL,89ff67b9-73a6-4912-9e5f-558d9b275adf,55.55087,-119.46429,11.40157,5.83244,-0.54908,-13.81859,-2.10463,2.28528,2.46537,,,,,,,,,,,,,,,,,,,,,,,,,,,,,,,,,,,,,,,,,,,,,,,,,,,High,High,High,,,,,,191.333785,77.936494,534.790634,0.208996,12:30,-0.981376,-0.044773,-0.186805,-37.400318,10.650107,-84.714786,179.129217,41.534391,0.011376,0.663069,-0.748471,41.537675,0.651821,0.663069,0.011376,0.748471,-41.537675,-0.651821,-0.663069,-0.011376,0.748471,-179.129217,-41.534391,-0.011376,-0.663069,-0.748471,,,
222,2026-05-15,19:58:46.11,2,4,"Ballard, Carson",809806,Right,GIT_YEL,"Wang, Nick",813482,Right,BOC_EAG,Undefined,6,Bottom,0,1,0,FourSeamFastBall,Four-Seam,InPlay,Undefined,FlyBall,HomeRun,0,1,,92.27852,-0.698783,-3.28589,2260.818741,227.981715,1:30,5.77691,1.90634,5.49704,-20.6984,12.78835,12.96426,3.39732,-0.0902,83.90987,-4.567666,-0.980701,0.416493,105.01891,36.389523,-23.251502,3372.350191,99.34139,82.35296,-47.2365,394.50703,380.12335,-29.464493,6.16306,-7.50709,6.98016,-1.62787,50,5.70199,7.08621,-133.74296,-2.36324,-13.54666,29.84747,-19.57819,BOC_EAG,GIT_YEL,HarringtonVillage,D1,ACC,20260515-HarringtonVillage-2,03326710-50ba-11f1-90ac-456ae51230df,90.49951,128.37406,,8.36866,,,,1.50333,3.48084,0.06619,4293fdce-3634-4d91-8f36-83916a8b87e1,2026-05-15,23:58:46.11,2026-05-15T19:58:46.1150000-04:00,2026-05-15T23:58:46.1150000Z,FlyBall,v3,227,100,26604,"Lackey, Vahn",822518,Right,GIT_YEL,39f1d9c1-1a90-403d-97b4-5f335795833d,55.0014,-134.8545,14.92373,5.77642,-1.63414,-9.7891,-1.90116,7.5907,-6.77333,163.411039,1.50997,113.79236,-29.26235,7.69261,-1.38591,0.13815,-0.00099,-0.00107,7E-05,3.46956,91.56387,-18.47526,0.58891,-0.00158,0.00169,0.00127,-0.00044,3E-05,0.06418,-48.91526,6.09391,-0.81442,-0.01999,0.03943,-0.00851,0.00081,-3E-05,,,,,,,,,,,,,,,,,,,,,,,High,High,High,High,Medium,,,,224.549069,24.457383,2057.954286,0.910269,1:30,-0.442712,-0.643574,-0.624354,-81.605735,-40.355094,-18.018592,144.008741,-12.685671,0.573317,-0.219602,-0.789356,15.546797,-34.981834,0.219602,-0.573317,0.789356,-15.546797,34.981834,-0.219602,0.573317,0.789356,-144.008741,12.685671,-0.573317,0.219602,-0.789356,,,
223,2026-05-15,19:59:31.43,3,1,"Ballard, Carson",809806,Right,GIT_YEL,"Mainolfi, Ty",839397,Left,BOC_EAG,Undefined,6,Bottom,0,0,0,ChangeUp,Changeup,BallCalled,Undefined,Undefined,Undefined,0,0,,82.26263,0.65436,-2.207825,1441.680788,281.915463,3:30,5.28121,2.52083,5.21021,-43.21798,-1.11654,11.14764,2.29554,1.37259,75.89254,-7.186168,-0.231542,0.467003,,,,,,,,,,,,-6.14418,-0.35406,-2.3254,50,5.30899,4.13695,-119.44228,-0.22131,-8.93448,21.58765,-32.6889,BOC_EAG,GIT_YEL,HarringtonVillage,D1,ACC,20260515-HarringtonVillage-2,1e3f2570-50ba-11f1-90ac-456ae51230df,80.7113,,,6.37008,,,,,,,4293fdce-3634-4d91-8f36-83916a8b87e1,2026-05-15,23:59:31.43,2026-05-15T19:59:31.4320000-04:00,2026-05-15T23:59:31.4320000Z,,v3,227,100,26604,"Lackey, Vahn",822518,Right,GIT_YEL,36ca961b-8746-4879-91e3-df71f06a710a,55.2904,-120.39466,10.79383,5.28694,1.22082,-16.34445,-2.5166,4.5311,-4.46724,,,,,,,,,,,,,,,,,,,,,,,,,,,,,,,,,,,,,,,,,,,,,,,,,,,High,High,High,,,,,,251.25598,30.022521,1248.248758,0.865829,2:30,-0.520012,-0.814141,-0.258385,39.58752,20.24858,33.894485,103.445104,40.340628,0.74132,0.64733,-0.177224,74.688923,47.843959,0.64733,0.74132,0.177224,-74.688923,-47.843959,-0.64733,-0.74132,0.177224,-103.445104,-40.340628,-0.74132,-0.64733,-0.177224,,,
224,2026-05-15,19:59:48.63,3,2,"Ballard, Carson",809806,Right,GIT_YEL,"Mainolfi, Ty",839397,Left,BOC_EAG,Undefined,6,Bottom,0,1,0,FourSeamFastBall,Four-Seam,FoulBallNotFieldable,Undefined,Undefined,Undefined,0,0,,91.28413,-0.709838,-3.252839,2348.549328,216.64699,1:15,5.68303,2.17147,5.61864,-17.03631,17.23501,11.9291,3.59978,0.1266,82.45938,-3.953745,-1.127433,0.421344,79.02114,77.411305,-59.865529,4978.558162,,,,,115.56746,,,-7.05493,9.30028,-1.90162,50,5.61178,6.97997,-132.2343,-2.17331,-12.36434,30.88027,-15.87448,BOC_EAG,GIT_YEL,HarringtonVillage,D1,ACC,20260515-HarringtonVillage-2,28824080-50ba-11f1-90ac-456ae51230df,89.45763,92.85227,,8.82475,,,,1.52404,3.6072,-0.12871,4293fdce-3634-4d91-8f36-83916a8b87e1,2026-05-15,23:59:48.63,2026-05-15T19:59:48.6360000-04:00,2026-05-15T23:59:48.6360000Z,,v3,227,100,26604,"Lackey, Vahn",822518,Right,GIT_YEL,31892d08-41e8-4175-9fb2-0d7983528935,54.87867,-133.36873,15.44014,5.68091,-1.59013,-7.93724,-2.16639,7.43419,-6.18217,,1.52404,12.68127,-12.54144,4.78436,-1.34427,0.3436,-0.08288,0.01639,-0.00187,3.6072,113.11129,-31.98169,4.28128,-0.72328,0.09456,-0.00908,-7E-05,0.00011,-0.12871,-21.84604,-2.70558,1.86604,-0.64169,0.18357,-0.0476,0.00988,-0.00114,,,,,,,,,,,,,,,,,,,,,,,High,High,High,Low,Undefined,,,,227.727591,29.873133,2036.498518,0.86713,1:30,-0.522401,-0.647759,-0.554532,93.049999,33.64332,-25.801433,148.095338,-8.639541,0.52251,-0.150218,-0.839296,10.147389,-31.500796,0.150218,-0.52251,0.839296,-10.147389,31.500796,-0.150218,0.52251,0.839296,-148.095338,8.639541,-0.52251,0.150218,-0.839296,79.24411,8.52434,9.45708
225,2026-05-15,20:00:14.20,3,3,"Ballard, Carson",809806,Right,GIT_YEL,"Mainolfi, Ty",839397,Left,BOC_EAG,Undefined,6,Bottom,0,1,1,ChangeUp,Changeup,BallCalled,Undefined,Undefined,Undefined,0,0,,82.06353,0.768471,-2.35222,1411.256822,275.664036,3:15,5.45856,2.33981,5.27842,-42.20868,0.06425,12.10083,2.66356,1.1378,75.54655,-6.91063,-0.204885,0.467954,,,,,,,,,,,,-6.66689,0.22787,-2.13424,50,5.49768,4.38645,-119.12164,0.07081,-9.62816,21.79527,-31.84498,BOC_EAG,GIT_YEL,HarringtonVillage,D1,ACC,20260515-HarringtonVillage-2,37b4c910-50ba-11f1-90ac-456ae51230df,80.5474,,,6.51698,,,,,,,4293fdce-3634-4d91-8f36-83916a8b87e1,2026-05-16,00:00:14.20,2026-05-15T20:00:14.2080000-04:00,2026-05-16T00:00:14.2080000Z,,v3,227,100,26604,"Lackey, Vahn",822518,Right,GIT_YEL,5a1d9d84-abee-4745-aa82-85a98e315940,55.22156,-120.07322,10.89764,5.46423,1.46115,-15.92249,-2.33492,4.80681,-4.81408,,,,,,,,,,,,,,,,,,,,,,,,,,,,,,,,,,,,,,,,,,,,,,,,,,,High,High,High,,,,,,245.956842,29.69988,1225.863619,0.868633,2:15,-0.52015,-0.786553,-0.332835,32.730655,10.79274,35.911391,106.22954,33.063995,0.804665,0.545575,-0.234227,66.765166,53.577889,0.545575,0.804665,0.234227,-66.765166,-53.577889,-0.545575,-0.804665,0.234227,-106.22954,-33.063995,-0.804665,-0.545575,-0.234227,,,
226,2026-05-15,20:00:31.44,3,4,"Ballard, Carson",809806,Right,GIT_YEL,"Mainolfi, Ty",839397,Left,BOC_EAG,Undefined,6,Bottom,0,2,1,Slider,Slider,FoulBallNotFieldable,Undefined,Undefined,Undefined,0,0,,83.11245,-0.007369,-2.188911,2717.808895,107.320804,9:30,5.51491,2.33706,5.03048,-36.95018,4.71591,-11.13103,2.42877,-0.65679,76.55597,-6.709279,-4.152772,0.464582,92.69864,-6.553172,58.038498,,,,,23.53473,20.09321,54.471147,0.160976,4.98166,2.68441,-2.11826,50,5.48449,5.0821,-120.59699,-1.37855,7.3585,22.79275,-28.20884,BOC_EAG,GIT_YEL,HarringtonVillage,D1,ACC,20260515-HarringtonVillage-2,41f7e420-50ba-11f1-90ac-456ae51230df,81.13187,2.50172,,6.55648,,,,2.14838,2.50172,0.67691,4293fdce-3634-4d91-8f36-83916a8b87e1,2026-05-16,00:00:31.44,2026-05-15T20:00:31.4440000-04:00,2026-05-16T00:00:31.4440000Z,GroundBall,v3,227,100,26604,"Lackey, Vahn",822518,Right,GIT_YEL,b4474bd0-8300-4abd-8c88-391ee780bd80,55.46967,-121.62636,11.39638,5.51798,-0.10457,-14.10442,-2.34027,4.74978,3.67925,180,2.14543,71.61289,,,,,,,,2.50236,-15.54094,,,,,,,,0.67218,114.77611,,,,,,,,,,,,,,,,,,,,,,,,,,,,,,High,High,High,Low,Low,,,,126.633475,80.591898,444.267906,0.163465,10:15,-0.989571,0.131049,-0.059786,44.969035,-11.598537,85.612842,176.849289,40.99747,0.041482,0.656026,-0.753598,41.040389,2.377447,0.656026,0.041482,0.753598,-41.040389,-2.377447,-0.656026,-0.041482,0.753598,-176.849289,-40.99747,-0.041482,-0.656026,-0.753598,82.49579,16.1431,28.56828
227,2026-05-15,20:00:51.57,3,5,"Ballard, Carson",809806,Right,GIT_YEL,"Mainolfi, Ty",839397,Left,BOC_EAG,Undefined,6,Bottom,0,2,2,ChangeUp,Changeup,InPlay,Undefined,GroundBall,Out,1,0,,81.86224,0.154197,-2.711065,1326.027487,281.859758,3:30,5.33514,2.34664,5.17894,-44.30766,-1.13035,12.31772,1.78809,0.82031,74.6075,-7.902603,-0.528642,0.472933,74.07485,-55.004374,47.476663,,,,,2.57289,2.57289,2.677519,0.02049,-6.99512,-0.23051,-2.10432,50,5.31557,5.10322,-118.64589,-1.29233,-9.89016,24.41931,-32.49997,BOC_EAG,GIT_YEL,HarringtonVillage,D1,ACC,20260515-HarringtonVillage-2,4e02edf0-50ba-11f1-90ac-456ae51230df,79.6994,1.828,,7.25473,,,,1.7051,1.828,-0.82301,4293fdce-3634-4d91-8f36-83916a8b87e1,2026-05-16,00:00:51.57,2026-05-15T20:00:51.5780000-04:00,2026-05-16T00:00:51.5780000Z,GroundBall,v3,227,100,26604,"Lackey, Vahn",822518,Right,GIT_YEL,6a366505-64b3-4834-b03d-69693bdedf88,55.32073,-119.73598,12.20966,5.34088,0.15848,-16.24999,-2.34198,5.54472,-4.94508,,1.70476,42.2151,,,,,,,,1.82871,-89.21446,,,,,,,,-0.82337,46.03204,,,,,,,,,,,,,,,,,,,,,,,,,,,,,,High,High,High,Estimated,Estimated,,,,246.584534,30.278217,1145.140504,0.863587,2:15,-0.521996,-0.791109,-0.318853,45.825862,5.716303,27.846372,94.547283,52.671519,0.604475,0.795172,-0.048075,86.540176,37.191073,0.795172,0.604475,0.048075,-86.540176,-37.191073,-0.795172,-0.604475,0.048075,-94.547283,-52.671519,-0.604475,-0.795172,-0.048075,73.1023,3.75805,-2.60077
228,2026-05-15,20:01:29.36,4,1,"Ballard, Carson",809806,Right,GIT_YEL,"Wolff, Kyle",813479,Right,BOC_EAG,Undefined,6,Bottom,1,0,0,FourSeamFastBall,Sinker,BallCalled,Undefined,Undefined,Undefined,0,0,,90.57787,-2.23694,-4.822217,2071.495683,252.691875,2:30,5.34637,2.3195,5.35699,-28.63399,6.80028,17.67863,0.85386,-0.74032,81.86434,-7.506504,-1.691363,0.428433,,,,,,,,,,,,-10.4643,4.47355,-1.89846,50,5.12428,10.23447,-130.81469,-6.2017,-17.88757,31.07701,-24.52702,BOC_EAG,GIT_YEL,HarringtonVillage,D1,ACC,20260515-HarringtonVillage-2,647c6890-50ba-11f1-90ac-456ae51230df,87.97741,,,8.71353,,,,,,,4293fdce-3634-4d91-8f36-83916a8b87e1,2026-05-16,00:01:29.36,2026-05-15T20:01:29.3630000-04:00,2026-05-16T00:01:29.3630000Z,,v3,227,100,26604,"Lackey, Vahn",822518,Right,GIT_YEL,1ec68582-5b0a-4835-ad2d-11572bda2152,55.14181,-132.03055,15.5385,5.34815,-5.2421,-12.26351,-2.31257,10.9343,-8.94378,,,,,,,,,,,,,,,,,,,,,,,,,,,,,,,,,,,,,,,,,,,,,,,,,,,High,High,High,,,,,,240.965687,19.960913,1947.052091,0.939926,2:00,-0.346296,-0.834503,-0.428583,47.501954,61.020206,49.038821,174.667608,64.020273,0.04071,0.898949,-0.436157,64.117997,2.333145,0.898949,0.04071,0.436157,-64.117997,-2.333145,-0.898949,-0.04071,0.436157,-174.667608,-64.020273,-0.04071,-0.898949,-0.436157,,,
229,2026-05-15,20:01:46.04,4,2,"Ballard, Carson",809806,Right,GIT_YEL,"Wolff, Kyle",813479,Right,BOC_EAG,Undefined,6,Bottom,1,1,0,Fastball,Sinker,FoulBallNotFieldable,Undefined,Undefined,Undefined,0,0,,89.53477,0.030862,-3.167114,2105.973604,244.442966,2:15,5.25571,2.3134,5.34688,-27.10171,8.93048,16.01194,3.02622,0.67397,80.8403,-4.992878,-0.326465,0.432033,68.98512,55.323398,155.369158,5625.511572,,,,,45.34025,,,-9.06095,4.82414,-2.04002,50,5.23938,6.45181,-129.66778,-0.92196,-15.24361,30.12005,-24.05821,BOC_EAG,GIT_YEL,HarringtonVillage,D1,ACC,20260515-HarringtonVillage-2,6e74bf00-50ba-11f1-90ac-456ae51230df,87.24437,53.36037,,8.69446,,,,1.84458,3.19048,-0.66291,4293fdce-3634-4d91-8f36-83916a8b87e1,2026-05-16,00:01:46.04,2026-05-15T20:01:46.0430000-04:00,2026-05-16T00:01:46.0430000Z,,v3,227,100,26604,"Lackey, Vahn",822518,Right,GIT_YEL,bded61e5-1b3d-4ea1-b521-0d0473403195,55.15136,-130.8589,15.06002,5.25703,0.02945,-12.02911,-2.30708,7.05463,-7.6218,334.37759,1.84458,-52.3269,-1.41433,2.63855,-0.95433,0.28044,-0.07167,0.016,-0.00185,3.19048,83.20641,-32.23276,4.80257,-0.94831,0.16248,-0.02827,0.00418,-0.00032,-0.66291,23.9912,-8.17365,2.48449,-0.60947,0.13275,-0.02894,0.00526,-0.00053,,,,,,,,,,,,,,,,,,,,,,,High,High,High,High,Undefined,,,,239.184936,31.514498,1795.359179,0.852508,2:00,-0.546437,-0.731874,-0.407145,12.493961,52.266467,-4.269612,177.280703,-62.87961,0.021627,-0.890051,-0.455348,62.905793,-1.239255,0.890051,-0.021627,0.455348,-62.905793,1.239255,-0.890051,0.021627,0.455348,-177.280703,62.87961,-0.021627,0.890051,-0.455348,74.62383,22.51299,-16.20908
230,2026-05-15,20:02:09.92,4,3,"Ballard, Carson",809806,Right,GIT_YEL,"Wolff, Kyle",813479,Right,BOC_EAG,Undefined,6,Bottom,1,1,1,Knuckleball,Slider,StrikeCalled,Undefined,Undefined,Undefined,0,0,,74.82746,1.748054,-2.563779,1122.902361,75.429481,8:30,5.22661,1.89169,5.60953,-50.79711,0.92583,-4.04339,2.62731,-0.8399,67.17623,-7.623723,-3.284587,0.517622,,,,,,,,,,,,1.13473,0.4674,-1.66981,50,5.34404,5.00048,-108.25202,1.71896,1.31335,23.22826,-31.63305,BOC_EAG,GIT_YEL,HarringtonVillage,D1,ACC,20260515-HarringtonVillage-2,7cbce790-50ba-11f1-90ac-456ae51230df,72.81844,,,7.65123,,,,,,,4293fdce-3634-4d91-8f36-83916a8b87e1,2026-05-16,00:02:09.92,2026-05-15T20:02:09.9250000-04:00,2026-05-16T00:02:09.9250000Z,,v3,227,100,26604,"Lackey, Vahn",822518,Right,GIT_YEL,410a9091-31fa-4af4-b148-36f6b3763a23,54.88532,-109.29527,11.61413,5.23493,3.13969,-15.81653,-1.89306,4.94149,0.65668,,,,,,,,,,,,,,,,,,,,,,,,,,,,,,,,,,,,,,,,,,,,,,,,,,,High,High,High,,,,,,42.269047,15.986305,1079.476976,0.961328,7:30,-0.223478,0.654702,0.722096,8.499079,-6.284797,71.847276,139.132858,38.925156,0.50903,0.628305,-0.588321,46.882298,30.599219,0.628305,0.50903,0.588321,-46.882298,-30.599219,-0.628305,-0.50903,0.588321,-139.132858,-38.925156,-0.50903,-0.628305,-0.588321,,,
231,2026-05-15,20:02:28.02,4,4,"Ballard, Carson",809806,Right,GIT_YEL,"Wolff, Kyle",813479,Right,BOC_EAG,Undefined,6,Bottom,1,1,2,Knuckleball,Changeup,BallCalled,Undefined,Undefined,Undefined,0,0,,77.06869,0.351854,-6.543754,1206.990169,155.605102,11:15,5.16725,1.97334,5.57967,-35.96766,13.38131,-5.20953,2.50071,-4.59888,69.12113,-6.322616,-7.460722,0.505604,,,,,,,,,,,,0.3015,7.23386,-1.40511,50,5.17517,12.92414,-110.80728,-0.39759,0.36637,23.97094,-23.38344,BOC_EAG,GIT_YEL,HarringtonVillage,D1,ACC,20260515-HarringtonVillage-2,87833c60-50ba-11f1-90ac-456ae51230df,74.54935,,,7.94755,,,,,,,4293fdce-3634-4d91-8f36-83916a8b87e1,2026-05-16,00:02:28.02,2026-05-15T20:02:28.0220000-04:00,2026-05-16T00:02:28.0220000Z,,v3,227,100,26604,"Lackey, Vahn",822518,Right,GIT_YEL,909d126d-2800-4e7d-aedc-d99616e58828,54.908,-111.86399,11.98547,5.16998,0.63322,-11.69172,-1.97448,12.90799,0.18319,,,,,,,,,,,,,,,,,,,,,,,,,,,,,,,,,,,,,,,,,,,,,,,,,,,High,High,High,,,,,,35.54467,47.829639,810.297504,0.671337,7:15,-0.671678,0.394818,0.626872,-7.611592,-1.950594,70.202046,136.711846,9.54541,0.676174,0.165829,-0.717836,13.007858,42.545419,0.165829,0.676174,0.717836,-13.007858,-42.545419,-0.165829,-0.676174,0.717836,-136.711846,-9.54541,-0.676174,-0.165829,-0.717836,,,
232,2026-05-15,20:02:47.77,4,5,"Ballard, Carson",809806,Right,GIT_YEL,"Wolff, Kyle",813479,Right,BOC_EAG,Undefined,6,Bottom,1,2,2,FourSeamFastBall,Sinker,InPlay,Undefined,LineDrive,Out,3,0,,91.12702,-0.798951,-4.803606,2228.827764,266.507657,3:00,5.20918,2.21144,5.28814,-33.00762,2.48874,17.49934,1.70562,-0.85154,81.27124,-6.870878,-1.70884,0.428808,,,,,,,,,,,,-10.43599,1.93213,-1.78628,50,5.11236,10.21849,-131.48104,-3.13572,-17.79363,34.6278,-28.87973,BOC_EAG,GIT_YEL,HarringtonVillage,D1,ACC,20260515-HarringtonVillage-2,933a59d0-50ba-11f1-90ac-456ae51230df,87.90043,,,9.85577,,,,,,,4293fdce-3634-4d91-8f36-83916a8b87e1,2026-05-16,00:02:47.77,2026-05-15T20:02:47.7720000-04:00,2026-05-16T00:02:47.7720000Z,,v3,227,100,26604,"Lackey, Vahn",822518,Right,GIT_YEL,09b83469-14dc-4757-bf5f-d05aadbb60d1,55.20781,-132.84553,17.3139,5.2135,-1.99774,-14.43987,-2.20274,10.91964,-8.89681,,,,,,,,,,,,,,,,,,,,,,,,,,,,,,,,,,,,,,,,,,,,,,,,,,,High,High,High,,,,,,241.440293,30.878068,1912.916889,0.858261,2:00,-0.535246,-0.760911,-0.366779,40.635233,68.365911,28.34598,175.413872,-65.130764,0.033626,-0.90727,-0.419202,65.200798,-1.926995,0.90727,-0.033626,0.419202,-65.200798,1.926995,-0.90727,0.033626,0.419202,-175.413872,65.130764,-0.033626,0.90727,-0.419202,,,
233,2026-05-15,20:03:32.95,5,1,"Ballard, Carson",809806,Right,GIT_YEL,"Gallo, Luke",828057,Right,BOC_EAG,Undefined,6,Bottom,0,0,0,Fastball,Four-Seam,BallCalled,Undefined,Undefined,StolenBase,0,0,,72.0828,0.768531,-1.541777,1742.294398,208.679072,1:00,6.01143,1.70147,4.88873,-36.07663,20.70052,10.17371,3.73237,1.09043,64.91493,-5.923975,0.249393,0.542323,,,,,,,,,,,,-5.47524,10.54229,-1.55924,50,6.05773,2.40527,-104.27122,0.31432,-5.93504,20.05463,-20.74642,BOC_EAG,GIT_YEL,HarringtonVillage,D1,ACC,20260515-HarringtonVillage-2,aebeb930-50ba-11f1-90ac-456ae51230df,69.50178,,,7.16787,,,,,,,4293fdce-3634-4d91-8f36-83916a8b87e1,2026-05-16,00:03:32.95,2026-05-15T20:03:32.9540000-04:00,2026-05-16T00:03:32.9540000Z,,v3,227,100,26604,"Lackey, Vahn",822518,Right,GIT_YEL,26ed72af-bf94-46f3-804b-8f13418f48b2,55.60364,-105.34347,10.02732,6.01127,1.42355,-10.37321,-1.69632,2.72259,-2.96752,,,,,,,,,,,,,,,,,,,,,,,,,,,,,,,,,,,,,,,,,,,,,,,,,,,High,High,High,,,,,,222.815325,15.055978,1682.485784,0.965672,1:30,-0.287504,-0.652764,-0.700885,-5.836684,26.403545,59.103633,161.210854,-0.476615,0.322075,-0.008318,-0.946678,0.503442,-18.788472,0.008318,-0.322075,0.946678,-0.503442,18.788472,-0.008318,0.322075,0.946678,-161.210854,0.476615,-0.322075,0.008318,-0.946678,,,
234,2026-05-15,20:03:39.55,5,2,"Ballard, Carson",809806,Right,GIT_YEL,"Gallo, Luke",828057,Right,BOC_EAG,Undefined,6,Bottom,0,0,0,Fastball,Changeup,BallCalled,Undefined,Undefined,StolenBase,3,0,,73.85096,1.0488,-3.000082,1766.54501,213.040438,1:00,6.04632,1.72252,4.83751,-35.46545,18.80131,10.92556,4.08543,-0.21033,66.44401,-5.515358,-1.081561,0.530198,,,,,,,,,,,,-6.29244,9.47158,-1.43524,50,6.12109,5.14874,-106.72037,0.84774,-7.15102,20.8679,-21.41016,BOC_EAG,GIT_YEL,HarringtonVillage,D1,ACC,20260515-HarringtonVillage-2,b2214520-50ba-11f1-90ac-456ae51230df,71.09121,,,7.40696,,,,,,,4293fdce-3634-4d91-8f36-83916a8b87e1,2026-05-16,00:03:39.55,2026-05-15T20:03:39.5570000-04:00,2026-05-16T00:03:39.5570000Z,,v3,227,100,26604,"Lackey, Vahn",822518,Right,GIT_YEL,55b715d2-6597-4054-9ca3-3b654ee5a8d9,55.65524,-107.82052,10.43395,6.04665,1.97648,-10.70508,-1.71661,5.52574,-3.57551,,,,,,,,,,,,,,,,,,,,,,,,,,,,,,,,,,,,,,,,,,,,,,,,,,,High,High,High,,,,,,221.969631,16.889669,1690.346827,0.956866,1:30,-0.339014,-0.634466,-0.694638,-8.390504,23.264218,53.228757,157.726457,-1.541768,0.378892,-0.026906,-0.92505,1.666016,-22.265047,0.026906,-0.378892,0.92505,-1.666016,22.265047,-0.026906,0.378892,0.92505,-157.726457,1.541768,-0.378892,0.026906,-0.92505,,,
235,2026-05-15,20:04:54.72,1,1,"Gonzalez, Cesar",831498,Right,BOC_EAG,"Lackey, Vahn",822518,Right,GIT_YEL,Undefined,7,Top,0,0,0,Curveball,Curveball,StrikeCalled,Undefined,Undefined,Undefined,0,0,,73.80822,1.310429,-1.035677,2117.0436,44.060395,7:30,5.60419,1.37805,5.34735,-58.34342,-5.42788,-7.00559,1.97181,-0.1773,67.32689,-9.306467,-2.28239,0.523556,,,,,,,,,,,,3.1889,-2.60414,-1.27959,50,5.68051,2.19823,-107.03916,0.54891,3.65331,20.63768,-35.15743,BOC_EAG,GIT_YEL,HarringtonVillage,D1,ACC,20260515-HarringtonVillage-2,df028720-50ba-11f1-90ac-456ae51230df,71.99314,,,6.48133,,,,,,,4293fdce-3634-4d91-8f36-83916a8b87e1,2026-05-16,00:04:54.72,2026-05-15T20:04:54.7230000-04:00,2026-05-16T00:04:54.7230000Z,,v3,227,100,26604,"Johnson, Gunnar",1000100233,Right,BOC_EAG,26a66a9c-20db-4e1d-b2a5-8f0696210e5e,55.152,-108.02792,10.31884,5.61386,2.23332,-17.57871,-1.38072,2.0232,1.82666,,,,,,,,,,,,,,,,,,,,,,,,,,,,,,,,,,,,,,,,,,,,,,,,,,,High,High,High,,,,,,39.475151,55.981528,1184.401533,0.55946,7:15,-0.812567,0.374536,0.446608,-52.386187,-26.95647,12.918005,164.835124,25.411015,0.236289,0.429109,-0.871799,26.206908,13.6676,0.429109,0.236289,0.871799,-26.206908,-13.6676,-0.429109,-0.236289,0.871799,-164.835124,-25.411015,-0.236289,-0.429109,-0.871799,,,
236,2026-05-15,20:05:10.56,1,2,"Gonzalez, Cesar",831498,Right,BOC_EAG,"Lackey, Vahn",822518,Right,GIT_YEL,Undefined,7,Top,0,0,1,Curveball,Curveball,FoulBallNotFieldable,Undefined,Undefined,Undefined,0,0,,74.91314,2.085924,-0.435032,2230.192237,29.863864,7:00,5.66477,1.21983,5.25352,-64.15992,-12.28375,-8.12489,2.27902,0.13399,67.90105,-9.560857,-1.879135,0.518389,,,,,,,,,,,,3.94591,-6.42237,-1.17354,50,5.80798,1.13375,-108.57508,1.79364,4.61791,22.48698,-39.69015,BOC_EAG,GIT_YEL,HarringtonVillage,D1,ACC,20260515-HarringtonVillage-2,e867ec60-50ba-11f1-90ac-456ae51230df,72.71079,,,7.01209,,,,,,,4293fdce-3634-4d91-8f36-83916a8b87e1,2026-05-16,00:05:10.56,2026-05-15T20:05:10.5660000-04:00,2026-05-16T00:05:10.5660000Z,,v3,227,100,26604,"Johnson, Gunnar",1000100233,Right,BOC_EAG,5adfd8e3-cef9-46dd-934f-4140574f67d9,55.2477,-109.65654,11.24349,5.67581,3.70245,-19.84507,-1.22272,0.91166,2.30896,,,,,,,,,,,,,,,,,,,,,,,,,,,,,,,,,,,,,,,,,,,,,,,,,,,High,High,High,,,,,,34.097919,49.5224,1447.730873,0.649151,7:15,-0.742807,0.391365,0.543205,-41.584315,-26.489891,11.228057,172.614418,19.959291,0.120825,0.341352,-0.932137,20.112934,6.939717,0.341352,0.120825,0.932137,-20.112934,-6.939717,-0.341352,-0.120825,0.932137,-172.614418,-19.959291,-0.120825,-0.341352,-0.932137,,,
237,2026-05-15,20:05:24.51,1,3,"Gonzalez, Cesar",831498,Right,BOC_EAG,"Lackey, Vahn",822518,Right,GIT_YEL,Undefined,7,Top,0,0,2,Curveball,Curveball,BallCalled,Undefined,Undefined,Undefined,0,0,,75.62253,2.363091,1.09284,2195.870409,52.65705,7:45,5.74459,1.1395,5.22528,-60.07216,-8.47768,-13.81438,2.96181,1.01582,67.56214,-8.60415,-1.359235,0.516979,,,,,,,,,,,,7.19426,-4.34516,-1.22977,50,5.91852,-1.52088,-109.36062,2.42939,8.45105,24.67839,-37.27825,BOC_EAG,GIT_YEL,HarringtonVillage,D1,ACC,20260515-HarringtonVillage-2,f0b10c30-50ba-11f1-90ac-456ae51230df,72.90901,,,8.06039,,,,,,,4293fdce-3634-4d91-8f36-83916a8b87e1,2026-05-16,00:05:24.51,2026-05-15T20:05:24.5190000-04:00,2026-05-16T00:05:24.5190000Z,,v3,227,100,26604,"Johnson, Gunnar",1000100233,Right,BOC_EAG,2c33783a-2876-401b-98e6-ea5771cef8a4,55.27069,-110.54361,12.33919,5.75924,4.21637,-18.63913,-1.14716,-1.92599,4.22553,,,,,,,,,,,,,,,,,,,,,,,,,,,,,,,,,,,,,,,,,,,,,,,,,,,High,High,High,,,,,,30.768623,47.64919,1479.287975,0.673668,7:00,-0.735104,0.374809,0.564925,-30.890762,-15.074937,12.949572,174.168789,-27.617141,0.090023,-0.463561,-0.88148,27.739414,-5.164909,0.463561,-0.090023,0.88148,-27.739414,5.164909,-0.463561,0.090023,0.88148,-174.168789,27.617141,-0.090023,0.463561,-0.88148,,,
238,2026-05-15,20:05:39.31,1,4,"Gonzalez, Cesar",831498,Right,BOC_EAG,"Lackey, Vahn",822518,Right,GIT_YEL,Undefined,7,Top,0,0,2,FourSeamFastBall,Four-Seam,InPlay,Undefined,GroundBall,Single,0,0,,92.94142,-1.215149,-2.040552,2235.899114,190.157978,12:15,5.85383,1.0961,6.23248,-17.61588,15.34855,2.50559,3.26395,-0.57838,82.34293,-4.629021,-1.588334,0.413232,77.16405,-60.520505,-31.74837,,,,,3.12601,3.12601,-7.318907,0.033089,-2.06654,8.78477,-0.945,50,5.75455,4.68536,-134.56211,-3.3497,-3.66141,38.3535,-16.60953,BOC_EAG,GIT_YEL,HarringtonVillage,D1,ACC,20260515-HarringtonVillage-2,f9796e20-50ba-11f1-90ac-456ae51230df,91.2137,3.27289,,10.5985,,,,1.52722,3.27289,0.57531,4293fdce-3634-4d91-8f36-83916a8b87e1,2026-05-16,00:05:39.31,2026-05-15T20:05:39.3190000-04:00,2026-05-16T00:05:39.3190000Z,GroundBall,v3,227,100,26604,"Johnson, Gunnar",1000100233,Right,BOC_EAG,6c939e76-e10c-4071-a91c-adddc01ab4ba,54.26091,-135.77114,19.17675,5.85189,-2.82612,-8.30476,-1.09452,4.80078,-1.83071,,1.52621,47.54874,,,,,,,,3.27498,-98.91296,,,,,,,,0.57593,-29.42218,,,,,,,,,,,,,,,,,,,,,,,,,,,,,,High,High,High,Estimated,Estimated,,,,203.712154,19.293429,2110.328454,0.943839,12:45,-0.352848,-0.386479,-0.852134,-37.616973,-8.330526,24.836585,140.796283,-18.136504,0.600676,-0.311282,-0.736404,22.914032,-36.918353,0.311282,-0.600676,0.736404,-22.914032,36.918353,-0.311282,0.600676,0.736404,-140.796283,18.136504,-0.600676,0.311282,-0.736404,,,
239,2026-05-15,20:06:16.44,2,1,"Gonzalez, Cesar",831498,Right,BOC_EAG,"Zuckerman, Ryan",822871,Right,GIT_YEL,Undefined,7,Top,0,0,0,Slider,Slider,BallCalled,Undefined,Undefined,Undefined,0,0,,80.84737,-1.649834,-2.276259,2209.640047,155.725131,11:15,5.32294,1.66532,5.43285,-35.31526,9.1256,-3.35744,0.83331,-0.74728,72.92192,-8.163502,-2.873686,0.479803,,,,,,,,,,,,0.91965,5.62729,-1.46123,50,5.15269,4.78662,-116.9885,-4.53731,1.24746,26.44078,-24.54095,BOC_EAG,GIT_YEL,HarringtonVillage,D1,ACC,20260515-HarringtonVillage-2,0fb829b0-50bb-11f1-90ac-456ae51230df,78.55822,,,7.92545,,,,,,,4293fdce-3634-4d91-8f36-83916a8b87e1,2026-05-16,00:06:16.44,2026-05-15T20:06:16.4410000-04:00,2026-05-16T00:06:16.4410000Z,,v3,227,100,26604,"Johnson, Gunnar",1000100233,Right,BOC_EAG,f22a3a51-c339-436e-b5a0-c5ebde95ff76,55.0627,-118.12719,13.22039,5.32533,-3.48044,-12.27048,-1.66621,4.7329,0.62373,,,,,,,,,,,,,,,,,,,,,,,,,,,,,,,,,,,,,,,,,,,,,,,,,,,High,High,High,,,,,,71.46658,81.505821,326.383584,0.147709,8:30,-0.990005,0.111515,0.086339,5.689185,32.969678,72.420973,121.838116,-75.788681,0.208562,-0.969397,-0.129506,82.390669,-12.038073,0.969397,-0.208562,0.129506,-82.390669,12.038073,-0.969397,0.208562,0.129506,-121.838116,75.788681,-0.208562,0.969397,-0.129506,,,
240,2026-05-15,20:06:35.38,2,2,"Gonzalez, Cesar",831498,Right,BOC_EAG,"Zuckerman, Ryan",822871,Right,GIT_YEL,Undefined,7,Top,0,1,0,Slider,Slider,BallCalled,Undefined,Undefined,Undefined,0,0,,79.42096,-0.833958,-1.287263,2127.013353,125.244194,10:15,5.36523,1.51518,5.17824,-40.25927,6.46343,-6.52788,1.22534,-0.24024,71.19939,-8.228963,-2.44469,0.491966,,,,,,,,,,,,2.79949,4.02756,-1.39021,50,5.25758,2.85132,-114.8903,-3.04608,3.63797,26.79141,-26.94024,BOC_EAG,GIT_YEL,HarringtonVillage,D1,ACC,20260515-HarringtonVillage-2,1af0c850-50bb-11f1-90ac-456ae51230df,76.61589,,,8.22158,,,,,,,4293fdce-3634-4d91-8f36-83916a8b87e1,2026-05-16,00:06:35.38,2026-05-15T20:06:35.3880000-04:00,2026-05-16T00:06:35.3880000Z,,v3,227,100,26604,"Johnson, Gunnar",1000100233,Right,BOC_EAG,5343b107-f4a1-4d90-9166-54be679bb144,55.31667,-116.12348,13.3957,5.36925,-1.80605,-13.47012,-1.5176,2.68387,1.81899,,,,,,,,,,,,,,,,,,,,,,,,,,,,,,,,,,,,,,,,,,,,,,,,,,,High,High,High,,,,,,63.180586,76.230757,506.254941,0.238012,8:00,-0.971593,0.198251,0.129246,6.591302,25.550293,66.762853,108.851937,-75.453361,0.237695,-0.967944,-0.081158,85.207181,-13.750509,0.967944,-0.237695,0.081158,-85.207181,13.750509,-0.967944,0.237695,0.081158,-108.851937,75.453361,-0.237695,0.967944,-0.081158,,,
241,2026-05-15,20:06:56.79,2,3,"Gonzalez, Cesar",831498,Right,BOC_EAG,"Zuckerman, Ryan",822871,Right,GIT_YEL,Undefined,7,Top,0,2,0,Slider,Slider,StrikeCalled,Undefined,Undefined,Undefined,0,0,,78.88692,-0.156766,0.055028,2118.628268,116.552861,10:00,5.41565,1.54568,5.45383,-39.46963,6.78658,-10.2678,1.97977,0.74154,71.45509,-7.43168,-1.775102,0.489504,,,,,,,,,,,,5.16721,3.96795,-1.54334,50,5.37516,0.30261,-114.36398,-1.60932,6.74144,24.02414,-26.99721,BOC_EAG,GIT_YEL,HarringtonVillage,D1,ACC,20260515-HarringtonVillage-2,27bc8a10-50bb-11f1-90ac-456ae51230df,77.00127,,,7.43183,,,,,,,4293fdce-3634-4d91-8f36-83916a8b87e1,2026-05-16,00:06:56.79,2026-05-15T20:06:56.7960000-04:00,2026-05-16T00:06:56.7960000Z,,v3,227,100,26604,"Johnson, Gunnar",1000100233,Right,BOC_EAG,dee38213-7cbf-45c3-bfc2-c9bcbe931d68,55.04189,-115.41825,12.01207,5.41978,-0.42458,-13.49861,-1.55013,0.00677,3.37072,,,,,,,,,,,,,,,,,,,,,,,,,,,,,,,,,,,,,,,,,,,,,,,,,,,High,High,High,,,,,,60.843033,73.247675,610.663094,0.288235,8:00,-0.958379,0.249091,0.139509,5.948505,38.681299,70.577518,106.807013,-80.822501,0.152681,-0.987199,-0.046117,87.32535,-8.782303,0.987199,-0.152681,0.046117,-87.32535,8.782303,-0.987199,0.152681,0.046117,-106.807013,80.822501,-0.152681,0.987199,-0.046117,,,
242,2026-05-15,20:07:18.75,2,4,"Gonzalez, Cesar",831498,Right,BOC_EAG,"Zuckerman, Ryan",822871,Right,GIT_YEL,Undefined,7,Top,0,2,1,FourSeamFastBall,Four-Seam,BallCalled,Undefined,Undefined,Undefined,0,1,,91.83965,-3.157065,-3.09238,2264.42161,189.492582,12:15,5.67735,1.04705,6.06227,-16.14273,17.98324,2.76677,1.40302,-1.58717,81.46328,-6.287644,-2.595302,0.42045,,,,,,,,,,,,-2.56079,10.79335,-0.80831,50,5.4233,7.03846,-132.59769,-7.75011,-4.41175,36.88707,-13.57907,BOC_EAG,GIT_YEL,HarringtonVillage,D1,ACC,20260515-HarringtonVillage-2,34bfaf80-50bb-11f1-90ac-456ae51230df,89.64794,,,10.37637,,,,,,,4293fdce-3634-4d91-8f36-83916a8b87e1,2026-05-16,00:07:18.75,2026-05-15T20:07:18.7550000-04:00,2026-05-16T00:07:18.7550000Z,,v3,227,100,26604,"Johnson, Gunnar",1000100233,Right,BOC_EAG,8c0ae10c-199e-470c-b16d-91f6df56b8c8,54.42843,-133.82396,18.44354,5.67344,-7.29869,-6.78954,-1.04473,7.18512,-2.20587,,,,,,,,,,,,,,,,,,,,,,,,,,,,,,,,,,,,,,,,,,,,,,,,,,,High,High,High,,,,,,207.113191,24.81822,2055.288792,0.907644,1:00,-0.439328,-0.436147,-0.785345,-11.124304,8.526373,40.466497,150.155044,-6.987331,0.493959,-0.12165,-0.860933,8.04265,-29.601106,0.12165,-0.493959,0.860933,-8.04265,29.601106,-0.12165,0.493959,0.860933,-150.155044,6.987331,-0.493959,0.12165,-0.860933,,,
243,2026-05-15,20:07:40.98,2,5,"Gonzalez, Cesar",831498,Right,BOC_EAG,"Zuckerman, Ryan",822871,Right,GIT_YEL,Undefined,7,Top,0,3,1,Slider,Slider,FoulBallNotFieldable,Undefined,Undefined,Undefined,0,0,,78.75638,0.202398,-0.363178,2154.431657,128.786989,10:15,5.36198,1.56858,5.33255,-36.75848,9.70823,-10.07197,2.48868,0.3885,71.46837,-6.577184,-2.15294,0.490617,63.07621,55.331091,124.103702,5132.966366,,,,,29.29171,,,4.96319,5.25756,-1.52815,50,5.35413,1.1237,-114.20447,-0.79774,6.47797,23.33618,-25.31184,BOC_EAG,GIT_YEL,HarringtonVillage,D1,ACC,20260515-HarringtonVillage-2,4210f4f0-50bb-11f1-90ac-456ae51230df,76.82665,39.59304,,7.28801,,,,1.83121,2.53687,-0.45508,4293fdce-3634-4d91-8f36-83916a8b87e1,2026-05-16,00:07:40.98,2026-05-15T20:07:40.9890000-04:00,2026-05-16T00:07:40.9890000Z,,v3,227,100,26604,"Johnson, Gunnar",1000100233,Right,BOC_EAG,cf5ce7eb-f8f2-4aff-bce8-16ad7f85f731,55.16481,-115.255,11.66809,5.3644,0.34173,-12.65592,-1.57217,0.83208,3.23899,326.399245,1.83121,-29.50569,-3.65166,1.78439,-0.68311,0.80337,-1.31763,1.23473,-0.47188,2.53687,76.08644,-27.80235,3.40973,-0.70313,0.18868,-0.13578,0.10541,-0.03809,-0.45508,43.5737,-8.67283,2.16621,-0.56952,0.52265,-0.82931,0.77224,-0.29431,,,,,,,,,,,,,,,,,,,,,,,High,High,High,High,Undefined,,,,63.052848,72.493712,648.07557,0.30081,8:00,-0.951848,0.271517,0.142354,5.207193,29.310748,70.002209,90.212478,-82.478728,0.130893,-0.991396,-0.000485,89.971947,-7.52122,0.991396,-0.130893,0.000485,-89.971947,7.52122,-0.991396,0.130893,0.000485,-90.212478,82.478728,-0.130893,0.991396,-0.000485,83.09295,17.09365,-3.42003
244,2026-05-15,20:08:04.68,2,6,"Gonzalez, Cesar",831498,Right,BOC_EAG,"Zuckerman, Ryan",822871,Right,GIT_YEL,Undefined,7,Top,0,3,2,FourSeamFastBall,Four-Seam,FoulBallNotFieldable,Undefined,Undefined,Undefined,0,0,,92.66205,-1.679261,-1.703392,2237.668738,204.062164,12:45,5.66409,1.27965,6.22949,-12.52394,19.69745,8.32398,3.07004,0.40132,84.36492,-4.118257,-0.20065,0.408548,,,,,,,,,,,,-4.81764,11.02536,-1.1565,50,5.53231,3.65429,-134.56684,-4.25661,-8.80057,30.22913,-12.03364,BOC_EAG,GIT_YEL,HarringtonVillage,D1,ACC,20260515-HarringtonVillage-2,501a3fc0-50bb-11f1-90ac-456ae51230df,92.25944,,,8.29713,,,,,,,4293fdce-3634-4d91-8f36-83916a8b87e1,2026-05-16,00:08:04.68,2026-05-15T20:08:04.6880000-04:00,2026-05-16T00:08:04.6880000Z,,v3,227,100,26604,"Johnson, Gunnar",1000100233,Right,BOC_EAG,78b01b0c-c617-41e9-9e11-181eda58566a,54.2688,-135.52239,15.11456,5.66085,-3.87623,-6.01682,-1.27641,3.93248,-4.40028,,,,,,,,,,,,,,,,,,,,,,,,,,,,,,,,,,,,,,,,,,,,,,,,,,,High,High,High,,,,,,209.561426,22.498595,2067.357343,0.923889,1:00,-0.392864,-0.466824,-0.792296,-29.936925,1.389444,15.795548,150.798287,-6.003184,0.48521,-0.104584,-0.868121,6.8694,-29.026247,0.104584,-0.48521,0.868121,-6.8694,29.026247,-0.104584,0.48521,0.868121,-150.798287,6.003184,-0.48521,0.104584,-0.868121,,,
245,2026-05-15,20:08:27.23,2,7,"Gonzalez, Cesar",831498,Right,BOC_EAG,"Zuckerman, Ryan",822871,Right,GIT_YEL,Undefined,7,Top,0,3,2,FourSeamFastBall,Four-Seam,InPlay,Undefined,GroundBall,Out,1,0,,90.2863,-2.363985,-1.405458,2155.649515,185.818275,12:15,5.72077,1.30235,6.21964,-16.91395,17.94521,1.68374,2.128,0.14551,80.32994,-5.649231,-1.101451,0.424942,99.46453,-25.905649,12.023433,,,,,5.08648,5.08648,8.525598,0.032469,-1.38374,10.5456,-1.19797,50,5.53539,3.13537,-130.707,-5.83651,-2.32172,35.27995,-14.47992,BOC_EAG,GIT_YEL,HarringtonVillage,D1,ACC,20260515-HarringtonVillage-2,5d981370-50bb-11f1-90ac-456ae51230df,88.70016,2.07239,,9.95636,,,,0.85702,2.07239,-0.13476,4293fdce-3634-4d91-8f36-83916a8b87e1,2026-05-16,00:08:27.23,2026-05-15T20:08:27.2310000-04:00,2026-05-16T00:08:27.2310000Z,GroundBall,v3,227,100,26604,"Johnson, Gunnar",1000100233,Right,BOC_EAG,bd5c0abe-c9de-4306-b7ae-defabb05586e,54.27357,-131.85546,17.63998,5.71771,-5.36515,-7.23996,-1.30126,3.21095,-1.16086,,0.85605,128.52923,,,,,,,,2.07287,-63.82629,,,,,,,,-0.13496,27.37468,,,,,,,,,,,,,,,,,,,,,,,,,,,,,,High,High,High,Estimated,Estimated,,,,206.84425,24.597442,1960.034434,0.909255,1:00,-0.418728,-0.427409,-0.801242,-23.526191,4.108198,18.561693,151.570895,-4.873408,0.47435,-0.084954,-0.876228,5.537793,-28.317032,0.084954,-0.47435,0.876228,-5.537793,28.317032,-0.084954,0.47435,0.876228,-151.570895,4.873408,-0.47435,0.084954,-0.876228,83.29964,-0.16823,19.8564
246,2026-05-15,20:09:02.90,3,1,"Gonzalez, Cesar",831498,Right,BOC_EAG,"Baker, Will",815345,Left,GIT_YEL,Undefined,7,Top,1,0,0,ChangeUp,Changeup,BallCalled,Undefined,Undefined,Undefined,0,0,,80.21946,0.868599,-1.874469,2245.962294,250.139118,2:15,5.17678,1.77892,5.89018,-34.55911,10.198,23.17336,3.10385,1.96895,71.24469,-5.642665,2.284122,0.481507,,,,,,,,,,,,-12.37564,5.43166,-1.6404,50,5.22762,2.86241,-116.11839,0.71734,-16.36073,28.16871,-24.99336,BOC_EAG,GIT_YEL,HarringtonVillage,D1,ACC,20260515-HarringtonVillage-2,72d56490-50bb-11f1-90ac-456ae51230df,78.28019,,,8.97476,,,,,,,4293fdce-3634-4d91-8f36-83916a8b87e1,2026-05-16,00:09:02.90,2026-05-15T20:09:02.9040000-04:00,2026-05-16T00:09:02.9040000Z,,v3,227,100,26604,"Johnson, Gunnar",1000100233,Right,BOC_EAG,c9b5d626-3936-4820-9099-de2a04455b60,54.60296,-117.22969,14.08435,5.17987,1.70336,-12.49668,-1.76606,3.50786,-8.18036,,,,,,,,,,,,,,,,,,,,,,,,,,,,,,,,,,,,,,,,,,,,,,,,,,,High,High,High,,,,,,245.882196,-9.069726,2217.881561,0.987497,2:15,0.13068,-0.903582,-0.407998,-29.474371,-41.251187,-15.796628,179.313772,-26.99144,0.010672,-0.453857,-0.89101,26.993102,-0.611477,0.453857,-0.010672,0.89101,-26.993102,0.611477,-0.453857,0.010672,0.89101,-179.313772,26.99144,-0.010672,0.453857,-0.89101,,,
247,2026-05-15,20:09:19.69,3,2,"Gonzalez, Cesar",831498,Right,BOC_EAG,"Baker, Will",815345,Left,GIT_YEL,Undefined,7,Top,1,1,0,ChangeUp,Changeup,BallCalled,Undefined,Undefined,Undefined,0,0,,79.01762,-1.137929,-2.301905,2212.409879,259.883937,2:45,5.17649,1.78917,5.78369,-40.3192,5.68571,21.85261,0.75687,1.46746,71.07811,-8.612093,1.618121,0.488173,,,,,,,,,,,,-11.93827,3.81012,-1.61261,50,5.05875,3.75638,-114.45052,-3.53704,-15.43779,26.06043,-27.24704,BOC_EAG,GIT_YEL,HarringtonVillage,D1,ACC,20260515-HarringtonVillage-2,7cd6bbb0-50bb-11f1-90ac-456ae51230df,77.21128,,,7.93951,,,,,,,4293fdce-3634-4d91-8f36-83916a8b87e1,2026-05-16,00:09:19.69,2026-05-15T20:09:19.6970000-04:00,2026-05-16T00:09:19.6970000Z,,v3,227,100,26604,"Johnson, Gunnar",1000100233,Right,BOC_EAG,93055fff-a9cf-499e-9ce7-e1974847afbb,54.71332,-115.51876,13.03022,5.18084,-2.42016,-13.62352,-1.77955,4.38919,-7.7189,,,,,,,,,,,,,,,,,,,,,,,,,,,,,,,,,,,,,,,,,,,,,,,,,,,High,High,High,,,,,,244.933644,-12.709868,2158.198463,0.975497,2:15,0.220728,-0.879079,-0.422493,-18.789448,-23.077556,-3.738,173.16091,-41.044772,0.089811,-0.656649,-0.74883,41.247496,-5.152722,0.656649,-0.089811,0.74883,-41.247496,5.152722,-0.656649,0.089811,0.74883,-173.16091,41.044772,-0.089811,0.656649,-0.74883,,,
248,2026-05-15,20:09:38.08,3,3,"Gonzalez, Cesar",831498,Right,BOC_EAG,"Baker, Will",815345,Left,GIT_YEL,Undefined,7,Top,1,2,0,Curveball,Curveball,BallCalled,Undefined,Undefined,Undefined,0,0,,74.33452,0.730918,-1.053473,2185.993224,41.893901,7:30,5.53305,1.38422,5.34984,-63.00921,-10.058,-10.85394,0.96799,-0.50848,67.08379,-10.726856,-2.98798,0.523732,,,,,,,,,,,,5.07784,-4.77469,-1.28129,50,5.55388,2.3911,-107.67433,-0.70388,5.78744,23.77489,-37.616,BOC_EAG,GIT_YEL,HarringtonVillage,D1,ACC,20260515-HarringtonVillage-2,87cf9230-50bb-11f1-90ac-456ae51230df,71.96891,,,7.25073,,,,,,,4293fdce-3634-4d91-8f36-83916a8b87e1,2026-05-16,00:09:38.08,2026-05-15T20:09:38.0820000-04:00,2026-05-16T00:09:38.0820000Z,,v3,227,100,26604,"Johnson, Gunnar",1000100233,Right,BOC_EAG,c0bc96a9-4aa4-4c3e-b89f-22d7474ccf21,55.14923,-108.80536,11.88744,5.5448,1.0856,-18.808,-1.38849,2.11578,2.89372,,,,,,,,,,,,,,,,,,,,,,,,,,,,,,,,,,,,,,,,,,,,,,,,,,,High,High,High,,,,,,37.292202,49.95844,1406.343646,0.643343,7:15,-0.751005,0.399523,0.525712,-48.862139,-22.3898,23.532007,175.249542,16.803658,0.07928,0.289093,-0.954013,16.8583,4.547182,0.289093,0.07928,0.954013,-16.8583,-4.547182,-0.289093,-0.07928,0.954013,-175.249542,-16.803658,-0.07928,-0.289093,-0.954013,,,
249,2026-05-15,20:09:55.34,3,4,"Gonzalez, Cesar",831498,Right,BOC_EAG,"Baker, Will",815345,Left,GIT_YEL,Undefined,7,Top,1,3,0,FourSeamFastBall,Four-Seam,StrikeCalled,Undefined,Undefined,Undefined,0,0,,88.35034,-1.680449,-2.684043,2127.701207,205.407843,12:45,5.46067,1.43254,6.12823,-18.49753,17.94481,7.833,2.36373,-0.39754,78.77167,-5.254846,-1.273814,0.434485,,,,,,,,,,,,-4.96166,10.24276,-1.23108,50,5.32255,5.66192,-127.86542,-4.24743,-7.99773,32.84373,-15.66374,BOC_EAG,GIT_YEL,HarringtonVillage,D1,ACC,20260515-HarringtonVillage-2,921f5770-50bb-11f1-90ac-456ae51230df,86.75204,,,9.57867,,,,,,,4293fdce-3634-4d91-8f36-83916a8b87e1,2026-05-16,00:09:55.34,2026-05-15T20:09:55.3400000-04:00,2026-05-16T00:09:55.3400000Z,,v3,227,100,26604,"Johnson, Gunnar",1000100233,Right,BOC_EAG,5e71f481-18a5-41bc-941e-d296fcc71879,54.36469,-128.98167,16.42186,5.45786,-3.71507,-7.83187,-1.42813,5.93373,-3.99886,,,,,,,,,,,,,,,,,,,,,,,,,,,,,,,,,,,,,,,,,,,,,,,,,,,High,High,High,,,,,,217.145065,22.560631,1964.876865,0.923474,1:15,-0.401211,-0.568637,-0.718109,-29.867551,18.53421,25.362468,159.529187,-7.962196,0.346359,-0.13852,-0.927819,8.491315,-20.264756,0.13852,-0.346359,0.927819,-8.491315,20.264756,-0.13852,0.346359,0.927819,-159.529187,7.962196,-0.346359,0.13852,-0.927819,,,
250,2026-05-15,20:10:13.80,3,5,"Gonzalez, Cesar",831498,Right,BOC_EAG,"Baker, Will",815345,Left,GIT_YEL,Undefined,7,Top,1,3,1,ChangeUp,Changeup,BallCalled,Walk,Undefined,Undefined,0,0,,79.5087,0.216962,-1.847915,2155.311147,258.764977,2:45,5.22474,1.68183,5.82399,-39.27518,5.97658,21.41521,2.15362,1.7479,71.43065,-7.09408,1.993639,0.48416,,,,,,,,,,,,-11.50957,3.48906,-1.54329,50,5.21972,2.87895,-115.23138,-0.79316,-15.11804,26.0209,-27.5911,BOC_EAG,GIT_YEL,HarringtonVillage,D1,ACC,20260515-HarringtonVillage-2,9d196670-50bb-11f1-90ac-456ae51230df,77.85116,,,8.07805,,,,,,,4293fdce-3634-4d91-8f36-83916a8b87e1,2026-05-16,00:10:13.80,2026-05-15T20:10:13.8070000-04:00,2026-05-16T00:10:13.8070000Z,,v3,227,100,26604,"Johnson, Gunnar",1000100233,Right,BOC_EAG,34d4e14c-45bf-4408-b3d7-34f847afe5d8,54.67242,-116.2817,13.01045,5.22926,0.32053,-13.79555,-1.67181,3.48918,-7.55902,,,,,,,,,,,,,,,,,,,,,,,,,,,,,,,,,,,,,,,,,,,,,,,,,,,High,High,High,,,,,,245.154942,-7.757199,2135.587776,0.990849,2:15,0.118076,-0.899648,-0.420347,-13.200905,-44.651174,-20.832187,179.174006,-39.816252,0.011073,-0.640328,-0.768022,39.819181,-0.634438,0.640328,-0.011073,0.768022,-39.819181,0.634438,-0.640328,0.011073,0.768022,-179.174006,39.816252,-0.011073,0.640328,-0.768022,,,
251,2026-05-15,20:11:46.25,4,1,"Gonzalez, Cesar",831498,Right,BOC_EAG,"Hernandez, Alex",815415,Right,GIT_YEL,Undefined,7,Top,1,0,0,Slider,Slider,BallCalled,Undefined,Undefined,Undefined,0,0,,80.4762,-1.258949,-1.591671,2325.914195,162.093221,11:30,5.3405,1.59546,5.45673,-33.98608,10.82654,-2.94449,1.32921,-0.14022,72.40615,-7.559233,-2.11612,0.481805,,,,,,,,,,,,0.93677,6.3726,-1.45306,50,5.2067,3.35693,-116.49534,-3.66152,1.25877,26.40806,-23.61085,BOC_EAG,GIT_YEL,HarringtonVillage,D1,ACC,20260515-HarringtonVillage-2,d4390890-50bb-11f1-90ac-456ae51230df,78.23167,,,8.07005,,,,,,,4293fdce-3634-4d91-8f36-83916a8b87e1,2026-05-16,00:11:46.25,2026-05-15T20:11:46.2590000-04:00,2026-05-16T00:11:46.2590000Z,,v3,227,100,26604,"Johnson, Gunnar",1000100233,Right,BOC_EAG,7971846f-cd83-418b-8050-b307285c6f8f,55.03793,-117.63183,13.20403,5.34241,-2.64541,-11.80543,-1.59636,3.30276,0.62939,,,,,,,,,,,,,,,,,,,,,,,,,,,,,,,,,,,,,,,,,,,,,,,,,,,High,High,High,,,,,,92.098692,81.819289,330.967609,0.142296,9:00,-0.992471,0.120418,0.022365,-39.486993,1.397058,-23.52272,100.796039,12.679946,0.958343,0.219505,-0.182745,50.221476,73.404159,0.219505,0.958343,0.182745,-50.221476,-73.404159,-0.219505,-0.958343,0.182745,-100.796039,-12.679946,-0.958343,-0.219505,-0.182745,,,
252,2026-05-15,20:12:06.91,4,2,"Gonzalez, Cesar",831498,Right,BOC_EAG,"Hernandez, Alex",815415,Right,GIT_YEL,Undefined,7,Top,1,1,0,FourSeamFastBall,Four-Seam,BallCalled,Undefined,Undefined,Undefined,0,0,,89.98781,-3.836576,-3.216259,2191.15538,191.995612,12:30,5.64985,1.28676,6.47188,-16.27603,18.57052,3.64547,0.75933,-1.36623,80.34042,-7.001339,-2.556268,0.424865,,,,,,,,,,,,-3.07158,11.50351,-1.06154,50,5.37159,7.1615,-130.04649,-9.12731,-5.11116,34.46921,-13.0321,BOC_EAG,GIT_YEL,HarringtonVillage,D1,ACC,20260515-HarringtonVillage-2,e07d71e0-50bb-11f1-90ac-456ae51230df,88.71619,,,9.64739,,,,,,,4293fdce-3634-4d91-8f36-83916a8b87e1,2026-05-16,00:12:06.91,2026-05-15T20:12:06.9180000-04:00,2026-05-16T00:12:06.9180000Z,,v3,227,100,26604,"Johnson, Gunnar",1000100233,Right,BOC_EAG,7b36e108-d3d6-4eb0-a68f-8aff08ccb8df,54.02298,-131.10846,17.23461,5.64661,-8.7258,-6.51605,-1.28461,7.31897,-2.55558,,,,,,,,,,,,,,,,,,,,,,,,,,,,,,,,,,,,,,,,,,,,,,,,,,,High,High,High,,,,,,206.115486,23.365999,2011.459048,0.91799,12:45,-0.414342,-0.429714,-0.802288,-33.682479,0.719388,21.435687,146.712704,-13.990825,0.532556,-0.241767,-0.811131,16.59727,-32.178312,0.241767,-0.532556,0.811131,-16.59727,32.178312,-0.241767,0.532556,0.811131,-146.712704,13.990825,-0.532556,0.241767,-0.811131,,,
253,2026-05-15,20:12:45.55,4,3,"Gonzalez, Cesar",831498,Right,BOC_EAG,"Hernandez, Alex",815415,Right,GIT_YEL,Undefined,7,Top,1,2,0,Slider,Slider,StrikeCalled,Undefined,Undefined,Undefined,0,0,,81.20194,-0.567576,-1.318478,2175.753424,102.511609,9:30,5.36675,1.65145,5.49378,-39.45951,3.65433,-10.2802,1.54738,-0.43879,74.49836,-7.785688,-3.151294,0.472585,,,,,,,,,,,,4.82796,2.40492,-1.52886,50,5.29039,3.12337,-117.87232,-2.5099,6.76833,23.15095,-28.80262,BOC_EAG,GIT_YEL,HarringtonVillage,D1,ACC,20260515-HarringtonVillage-2,f78faa10-50bb-11f1-90ac-456ae51230df,79.75804,,,6.70358,,,,,,,4293fdce-3634-4d91-8f36-83916a8b87e1,2026-05-16,00:12:45.55,2026-05-15T20:12:45.5570000-04:00,2026-05-16T00:12:45.5570000Z,,v3,227,100,26604,"Johnson, Gunnar",1000100233,Right,BOC_EAG,f2b0e7ba-8478-4fef-89c4-6b2fd26f632a,55.00524,-118.85132,11.57548,5.37077,-1.29191,-14.40131,-1.65489,2.83715,3.38416,,,,,,,,,,,,,,,,,,,,,,,,,,,,,,,,,,,,,,,,,,,,,,,,,,,High,High,High,,,,,,128.163182,84.797534,197.287409,0.090675,10:15,-0.997563,0.061425,-0.033084,4.919275,45.729384,68.032979,149.175564,-67.428006,0.196685,-0.923398,-0.329623,70.355103,-11.343185,0.923398,-0.196685,0.329623,-70.355103,11.343185,-0.923398,0.196685,0.329623,-149.175564,67.428006,-0.196685,0.923398,-0.329623,,,
254,2026-05-15,20:13:09.24,4,4,"Gonzalez, Cesar",831498,Right,BOC_EAG,"Hernandez, Alex",815415,Right,GIT_YEL,Undefined,7,Top,1,2,1,FourSeamFastBall,Four-Seam,FoulBallNotFieldable,Undefined,Undefined,Undefined,0,0,,90.21875,-2.33135,-2.874157,2286.668311,203.647003,12:45,5.56,1.41804,6.48306,-15.91371,18.07202,7.38792,2.08943,-0.60745,81.66111,-5.411989,-1.53554,0.419585,,,,,,,,,,,,-4.7804,10.55371,-1.21914,50,5.38883,6.27821,-130.82426,-5.73141,-8.18671,30.64869,-14.10022,BOC_EAG,GIT_YEL,HarringtonVillage,D1,ACC,20260515-HarringtonVillage-2,05a8ac50-50bc-11f1-90ac-456ae51230df,89.83272,,,8.55764,,,,,,,4293fdce-3634-4d91-8f36-83916a8b87e1,2026-05-16,00:13:09.24,2026-05-15T20:13:09.2490000-04:00,2026-05-16T00:13:09.2490000Z,,v3,227,100,26604,"Johnson, Gunnar",1000100233,Right,BOC_EAG,5a3176fb-5441-45c6-a0fc-d4db597721d4,54.0146,-131.76142,15.32435,5.55749,-5.30026,-7.05011,-1.41494,6.52854,-4.09335,,,,,,,,,,,,,,,,,,,,,,,,,,,,,,,,,,,,,,,,,,,,,,,,,,,High,High,High,,,,,,209.366877,30.909416,1961.916825,0.857981,1:00,-0.53301,-0.441301,-0.721909,-39.476061,7.715667,1.030701,153.558378,-9.656877,0.438976,-0.167747,-0.882701,10.760115,-26.038567,0.167747,-0.438976,0.882701,-10.760115,26.038567,-0.167747,0.438976,0.882701,-153.558378,9.656877,-0.438976,0.167747,-0.882701,,,
255,2026-05-15,20:13:38.00,4,5,"Gonzalez, Cesar",831498,Right,BOC_EAG,"Hernandez, Alex",815415,Right,GIT_YEL,Undefined,7,Top,1,2,2,Slider,Slider,BallCalled,Undefined,Undefined,Undefined,0,0,,82.30404,-1.557419,-2.954139,2308.050416,115.636074,9:45,5.35369,1.55632,5.60075,-36.89793,5.07276,-7.74815,0.82263,-1.84967,75.51663,-8.307064,-4.335513,0.466277,,,,,,,,,,,,3.06051,3.44673,-1.29808,50,5.19639,6.46883,-119.28928,-4.494,4.3896,23.93705,-27.23052,BOC_EAG,GIT_YEL,HarringtonVillage,D1,ACC,20260515-HarringtonVillage-2,16f16ab0-50bc-11f1-90ac-456ae51230df,80.83693,,,6.78741,,,,,,,4293fdce-3634-4d91-8f36-83916a8b87e1,2026-05-16,00:13:38.00,2026-05-15T20:13:38.0060000-04:00,2026-05-16T00:13:38.0060000Z,,v3,227,100,26604,"Johnson, Gunnar",1000100233,Right,BOC_EAG,6af41031-2309-4b8b-8f22-af297f5a74a2,54.89693,-120.2679,11.96852,5.35736,-3.38073,-13.61526,-1.55888,6.28937,2.1948,,,,,,,,,,,,,,,,,,,,,,,,,,,,,,,,,,,,,,,,,,,,,,,,,,,High,High,High,,,,,,111.132318,86.061147,158.544178,0.068692,9:45,-0.99896,0.036934,0.026754,18.416793,48.666239,81.645155,166.198042,-67.330247,0.091948,-0.922742,-0.37429,67.921117,-5.27569,0.922742,-0.091948,0.37429,-67.921117,5.27569,-0.922742,0.091948,0.37429,-166.198042,67.330247,-0.091948,0.922742,-0.37429,,,
256,2026-05-15,20:14:00.99,4,6,"Gonzalez, Cesar",831498,Right,BOC_EAG,"Hernandez, Alex",815415,Right,GIT_YEL,Undefined,7,Top,1,3,2,Slider,Slider,BallCalled,Walk,Undefined,Undefined,0,0,,81.03901,-2.075322,-2.515884,2212.051293,151.48641,11:00,5.39006,1.6566,5.50778,-34.0114,10.41095,-4.69567,0.61225,-1.08903,72.6884,-8.373432,-3.352316,0.479703,,,,,,,,,,,,1.4698,6.49433,-1.43369,50,5.18642,5.3377,-117.14918,-5.34716,1.98569,27.87131,-23.40023,BOC_EAG,GIT_YEL,HarringtonVillage,D1,ACC,20260515-HarringtonVillage-2,2481dc00-50bc-11f1-90ac-456ae51230df,78.57458,,,8.35061,,,,,,,4293fdce-3634-4d91-8f36-83916a8b87e1,2026-05-16,00:14:00.99,2026-05-15T20:14:00.9990000-04:00,2026-05-16T00:14:00.9990000Z,,v3,227,100,26604,"Johnson, Gunnar",1000100233,Right,BOC_EAG,867bfe85-2190-427d-98c3-fc4d84cf9df8,54.98685,-118.32967,13.93566,5.39191,-4.35605,-11.70012,-1.65799,5.2536,0.99285,,,,,,,,,,,,,,,,,,,,,,,,,,,,,,,,,,,,,,,,,,,,,,,,,,,High,High,High,,,,,,60.47857,79.706941,395.256002,0.178683,8:00,-0.984074,0.119752,0.13137,8.140839,33.247221,71.832229,119.840619,-74.374471,0.233637,-0.963043,-0.134025,82.077128,-13.511277,0.963043,-0.233637,0.134025,-82.077128,13.511277,-0.963043,0.233637,0.134025,-119.840619,74.374471,-0.233637,0.963043,-0.134025,,,
257,2026-05-15,20:18:13.39,5,1,"Kwiatkowski, John",831964,Left,BOC_EAG,"Schmidt, Kent",812674,Left,GIT_YEL,Undefined,7,Top,1,0,0,Sinker,Cutter,StrikeCalled,Undefined,Undefined,Undefined,0,0,,89.1982,-0.773369,2.633234,2251.639564,149.450368,11:00,5.74042,-2.99316,6.09355,-26.49171,8.54737,-4.36414,2.81665,-0.91949,81.2682,-5.727388,1.847767,0.426037,,,,,,,,,,,,3.01173,4.99095,2.7924,50,5.66693,-5.77037,-129.42926,-2.61324,5.08296,28.29194,-23.75076,BOC_EAG,GIT_YEL,HarringtonVillage,D1,ACC,20260515-HarringtonVillage-2,baed8cc0-50bc-11f1-90ac-456ae51230df,88.47217,,,7.93,,,,,,,4293fdce-3634-4d91-8f36-83916a8b87e1,2026-05-16,00:18:13.39,2026-05-15T20:18:13.3990000-04:00,2026-05-16T00:18:13.3990000Z,,v3,227,100,26604,"Johnson, Gunnar",1000100233,Right,BOC_EAG,e7d02646-42c7-4cd6-80ef-13a218548ffb,54.40328,-130.38822,14.14597,5.74187,-1.8082,-11.87538,2.99091,-5.94265,2.54148,,,,,,,,,,,,,,,,,,,,,,,,,,,,,,,,,,,,,,,,,,,,,,,,,,,High,High,High,,,,,,128.881182,-51.94088,1388.077798,0.616474,10:15,0.79778,0.490478,-0.350684,-83.645914,10.039259,66.265518,124.007386,8.658203,0.819519,0.15054,-0.552926,15.230202,55.036629,0.15054,0.819519,0.552926,-15.230202,-55.036629,-0.15054,-0.819519,0.552926,-124.007386,-8.658203,-0.819519,-0.15054,-0.552926,,,
258,2026-05-15,20:18:30.74,5,2,"Kwiatkowski, John",831964,Left,BOC_EAG,"Schmidt, Kent",812674,Left,GIT_YEL,Undefined,7,Top,1,0,1,Sinker,Cutter,FoulBallNotFieldable,Undefined,Undefined,Undefined,0,1,,89.90496,-1.194358,3.343233,2197.509258,155.103666,11:15,5.71442,-2.97509,6.23307,-26.20667,8.05288,-3.22827,2.42668,-0.15639,82.19556,-6.092511,2.761328,0.421272,81.31335,59.47843,-78.725107,4841.241759,,,,,54.72376,,,2.6413,4.84351,2.72704,50,5.61216,-7.49136,-130.44852,-3.56364,4.53823,28.17614,-23.85199,BOC_EAG,GIT_YEL,HarringtonVillage,D1,ACC,20260515-HarringtonVillage-2,c54679c0-50bc-11f1-90ac-456ae51230df,89.47303,84.67534,,7.7094,,,,-0.59011,3.09972,0.12072,4293fdce-3634-4d91-8f36-83916a8b87e1,2026-05-16,00:18:30.74,2026-05-15T20:18:30.7470000-04:00,2026-05-16T00:18:30.7470000Z,,v3,227,100,26604,"Johnson, Gunnar",1000100233,Right,BOC_EAG,f1b7d4b7-3f60-4a71-b710-d3bc023cf9aa,54.26582,-131.36668,14.08807,5.71562,-2.78638,-11.92599,2.97357,-7.63924,2.26911,151.170662,-0.59011,11.84192,-14.85413,5.64739,-1.6272,0.42236,-0.10332,0.02051,-0.00234,3.09972,102.73458,-29.11356,3.4206,-0.4939,0.03704,0.00476,-0.00273,0.00043,0.12072,-59.39847,10.74543,-2.35156,0.43045,-0.06783,0.00958,-0.00083,6E-05,,,,,,,,,,,,,,,,,,,,,,,High,High,High,Medium,Undefined,,,,128.187239,-53.257499,1314.593373,0.59822,10:15,0.811578,0.486798,-0.32306,-76.399519,2.278561,65.241311,126.430451,9.10641,0.794437,0.158269,-0.586362,15.105098,52.602157,0.158269,0.794437,0.586362,-15.105098,-52.602157,-0.158269,-0.794437,0.586362,-126.430451,-9.10641,-0.794437,-0.158269,-0.586362,70.12287,16.22728,-0.02878
259,2026-05-15,20:18:54.95,5,3,"Kwiatkowski, John",831964,Left,BOC_EAG,"Schmidt, Kent",812674,Left,GIT_YEL,Undefined,7,Top,1,0,2,Slider,Slider,BallCalled,Undefined,Undefined,Undefined,0,0,,81.98794,2.081042,2.773287,2302.308387,269.909188,3:00,5.63876,-3.09542,5.65939,-41.67459,1.80768,0.91839,4.10966,-0.43068,72.53505,-5.666686,2.937025,0.4746,,,,,,,,,,,,0.59618,0.7213,2.86007,50,5.78971,-5.77481,-118.40532,2.89012,0.8173,29.83567,-31.18523,BOC_EAG,GIT_YEL,HarringtonVillage,D1,ACC,20260515-HarringtonVillage-2,d3bcb730-50bc-11f1-90ac-456ae51230df,79.41944,,,9.4529,,,,,,,4293fdce-3634-4d91-8f36-83916a8b87e1,2026-05-16,00:18:54.95,2026-05-15T20:18:54.9580000-04:00,2026-05-16T00:18:54.9580000Z,,v3,227,100,26604,"Johnson, Gunnar",1000100233,Right,BOC_EAG,497e8826-cc5e-4044-a747-ba8e33eadf25,54.83157,-119.61657,14.91783,5.64668,4.15616,-15.59262,3.09518,-5.808,0.40865,,,,,,,,,,,,,,,,,,,,,,,,,,,,,,,,,,,,,,,,,,,,,,,,,,,High,High,High,,,,,,294.359854,-83.900659,244.626331,0.106253,3:45,0.986888,-0.132837,0.091683,-83.414708,28.485465,-4.682578,91.281167,-56.129058,0.557185,-0.830295,-0.012461,89.14017,-33.861328,0.830295,-0.557185,0.012461,-89.14017,33.861328,-0.830295,0.557185,0.012461,-91.281167,56.129058,-0.557185,0.830295,-0.012461,,,
260,2026-05-15,20:19:17.76,5,4,"Kwiatkowski, John",831964,Left,BOC_EAG,"Schmidt, Kent",812674,Left,GIT_YEL,Undefined,7,Top,1,1,2,Slider,Slider,HitByPitch,Undefined,Undefined,Undefined,0,0,,79.92199,1.535754,1.417724,2001.117655,280.211162,3:15,5.68783,-3.19199,5.70654,-44.38908,0.68638,5.71138,3.42041,-1.39486,71.6501,-6.681501,2.439022,0.483216,,,,,,,,,,,,-2.41024,0.27669,3.06954,50,5.78924,-3.08912,-115.76363,1.6542,-3.18948,26.61157,-31.80787,BOC_EAG,GIT_YEL,HarringtonVillage,D1,ACC,20260515-HarringtonVillage-2,e158e850-50bc-11f1-90ac-456ae51230df,78.00326,,,8.27189,,,,,,,4293fdce-3634-4d91-8f36-83916a8b87e1,2026-05-16,00:19:17.76,2026-05-15T20:19:17.7630000-04:00,2026-05-16T00:19:17.7630000Z,,v3,227,100,26604,"Johnson, Gunnar",1000100233,Right,BOC_EAG,f80b40d2-797d-4dea-a8d4-1e9f35b3a53d,54.78991,-116.85954,13.30578,5.69414,2.96411,-15.90394,3.19406,-2.95777,-1.59474,,,,,,,,,,,,,,,,,,,,,,,,,,,,,,,,,,,,,,,,,,,,,,,,,,,High,High,High,,,,,,310.728688,-75.025349,517.072125,0.258392,4:15,0.95598,-0.221631,0.192306,-79.3273,15.371605,-16.327968,107.828233,-63.335497,0.427215,-0.89365,-0.137396,81.259383,-25.290953,0.89365,-0.427215,0.137396,-81.259383,25.290953,-0.89365,0.427215,0.137396,-107.828233,63.335497,-0.427215,0.89365,-0.137396,,,
261,2026-05-15,20:19:57.88,6,1,"Kwiatkowski, John",831964,Left,BOC_EAG,"Brosius, Parker",702701,Right,GIT_YEL,Undefined,7,Top,1,0,0,Sinker,Curveball,BallCalled,Undefined,Undefined,Undefined,0,0,,78.26189,2.334673,0.358875,2100.647065,272.448169,3:00,5.57817,-3.30176,5.63387,-45.53695,1.7611,2.11665,3.96288,-2.79054,69.81366,-6.110593,0.73692,0.494986,,,,,,,,,,,,-0.92886,0.67784,3.26992,50,5.74861,-0.79503,-113.23632,3.12861,-1.17416,25.76955,-31.3172,BOC_EAG,GIT_YEL,HarringtonVillage,D1,ACC,20260515-HarringtonVillage-2,f9463e40-50bc-11f1-90ac-456ae51230df,76.14847,,,8.44823,,,,,,,4293fdce-3634-4d91-8f36-83916a8b87e1,2026-05-16,00:19:57.88,2026-05-15T20:19:57.8880000-04:00,2026-05-16T00:19:57.8880000Z,,v3,227,100,26604,"Johnson, Gunnar",1000100233,Right,BOC_EAG,f3e03c12-4bd8-4071-b11c-53df81725b37,54.85879,-114.33671,12.88477,5.58647,4.46589,-15.6586,3.3028,-0.74489,-0.58708,,,,,,,,,,,,,,,,,,,,,,,,,,,,,,,,,,,,,,,,,,,,,,,,,,,High,High,High,,,,,,292.355373,-80.658455,340.975672,0.162319,3:45,0.979398,-0.190191,0.067874,-77.168463,26.082948,-11.394564,103.622505,-60.020386,0.485635,-0.866203,-0.117689,82.262712,-29.05407,0.866203,-0.485635,0.117689,-82.262712,29.05407,-0.866203,0.485635,0.117689,-103.622505,60.020386,-0.485635,0.866203,-0.117689,,,
262,2026-05-15,20:20:21.44,6,2,"Kwiatkowski, John",831964,Left,BOC_EAG,"Brosius, Parker",702701,Right,GIT_YEL,Undefined,7,Top,1,1,0,Slider,Slider,BallCalled,Undefined,Undefined,Undefined,0,0,,78.93425,0.522257,2.113614,2267.987142,227.934336,1:30,5.4704,-3.39739,5.82424,-43.23061,3.27807,1.49209,2.35371,-1.30722,70.15866,-7.528669,2.381035,0.490838,,,,,,,,,,,,0.05339,2.08185,3.22374,50,5.48846,-4.273,-114.1712,-0.32656,0.068,27.82081,-29.52168,BOC_EAG,GIT_YEL,HarringtonVillage,D1,ACC,20260515-HarringtonVillage-2,074bdf90-50bd-11f1-90ac-456ae51230df,76.79199,,,8.77559,,,,,,,4293fdce-3634-4d91-8f36-83916a8b87e1,2026-05-16,00:20:21.44,2026-05-15T20:20:21.4470000-04:00,2026-05-16T00:20:21.4470000Z,,v3,227,100,26604,"Johnson, Gunnar",1000100233,Right,BOC_EAG,c5e179ab-1d5e-4530-b563-27b719396f66,54.66756,-115.30297,13.9104,5.47732,0.8744,-14.76084,3.39763,-4.27576,0.034,,,,,,,,,,,,,,,,,,,,,,,,,,,,,,,,,,,,,,,,,,,,,,,,,,,High,High,High,,,,,,293.78637,-79.602725,409.308991,0.180472,3:45,0.978681,-0.174101,0.108959,-69.863147,25.847211,-6.737337,103.889128,-57.705951,0.518644,-0.845317,-0.128247,81.373185,-31.241321,0.845317,-0.518644,0.128247,-81.373185,31.241321,-0.845317,0.518644,0.128247,-103.889128,57.705951,-0.518644,0.845317,-0.128247,,,
263,2026-05-15,20:20:41.13,6,3,"Kwiatkowski, John",831964,Left,BOC_EAG,"Brosius, Parker",702701,Right,GIT_YEL,Undefined,7,Top,1,2,0,Slider,Slider,StrikeCalled,Undefined,Undefined,Undefined,0,0,,77.71424,0.105674,3.899894,2229.181541,278.92837,3:15,5.48365,-3.26729,5.72042,-46.73172,0.93465,5.26429,1.68801,0.80966,70.23086,-8.488013,4.83873,0.49691,,,,,,,,,,,,-1.34221,0.95661,2.93774,50,5.46402,-7.86365,-112.41246,-1.27672,-1.68038,24.47894,-30.97641,BOC_EAG,GIT_YEL,HarringtonVillage,D1,ACC,20260515-HarringtonVillage-2,1311ca10-50bd-11f1-90ac-456ae51230df,75.85372,,,7.48337,,,,,,,4293fdce-3634-4d91-8f36-83916a8b87e1,2026-05-16,00:20:41.13,2026-05-15T20:20:41.1360000-04:00,2026-05-16T00:20:41.1360000Z,,v3,227,100,26604,"Johnson, Gunnar",1000100233,Right,BOC_EAG,7f987a70-d7c0-44d8-97a7-e124a67ea8de,54.77591,-113.44769,12.23947,5.49032,0.0333,-15.48821,3.2688,-7.79258,-0.84019,,,,,,,,,,,,,,,,,,,,,,,,,,,,,,,,,,,,,,,,,,,,,,,,,,,High,High,High,,,,,,304.837138,-75.895154,543.244959,0.243697,4:15,0.957768,-0.20181,0.204826,-85.397627,17.287629,-15.220694,101.296535,-60.704136,0.47984,-0.872105,-0.095851,83.727911,-28.674931,0.872105,-0.47984,0.095851,-83.727911,28.674931,-0.872105,0.47984,0.095851,-101.296535,60.704136,-0.47984,0.872105,-0.095851,,,
264,2026-05-15,20:21:01.43,6,4,"Kwiatkowski, John",831964,Left,BOC_EAG,"Brosius, Parker",702701,Right,GIT_YEL,Undefined,7,Top,1,2,1,Slider,Slider,BallCalled,Undefined,Undefined,Undefined,0,0,,79.03821,0.547263,1.215513,2287.859937,282.924064,3:30,5.56207,-3.38011,5.55377,-46.04089,0.42256,6.06162,2.23681,-1.73905,70.85125,-7.939733,2.297694,0.490599,,,,,,,,,,,,-2.60339,0.59221,3.27101,50,5.57968,-2.67353,-114.43514,-0.44651,-3.35888,26.4358,-31.40999,BOC_EAG,GIT_YEL,HarringtonVillage,D1,ACC,20260515-HarringtonVillage-2,1f27d060-50bd-11f1-90ac-456ae51230df,76.82935,,,8.18697,,,,,,,4293fdce-3634-4d91-8f36-83916a8b87e1,2026-05-16,00:21:01.43,2026-05-15T20:21:01.4380000-04:00,2026-05-16T00:21:01.4380000Z,,v3,227,100,26604,"Johnson, Gunnar",1000100233,Right,BOC_EAG,8403b821-c2e5-44c4-b30b-1e282e5e414a,54.94045,-115.57081,13.2179,5.56988,0.90284,-15.705,3.38277,-2.52924,-1.67944,,,,,,,,,,,,,,,,,,,,,,,,,,,,,,,,,,,,,,,,,,,,,,,,,,,High,High,High,,,,,,296.89134,-78.302137,463.865374,0.202751,4:00,0.975293,-0.190171,0.112418,-90.404624,26.917752,-22.85775,110.217914,-54.709748,0.542123,-0.816236,-0.199655,76.255093,-32.828253,0.816236,-0.542123,0.199655,-76.255093,32.828253,-0.816236,0.542123,0.199655,-110.217914,54.709748,-0.542123,0.816236,-0.199655,,,
265,2026-05-15,20:21:22.78,6,5,"Kwiatkowski, John",831964,Left,BOC_EAG,"Brosius, Parker",702701,Right,GIT_YEL,Undefined,7,Top,1,3,1,Sinker,Sinker,StrikeCalled,Undefined,Undefined,Undefined,0,0,,88.44191,-1.528764,4.014668,2216.610849,111.471124,9:45,5.66473,-3.24546,6.12893,-29.24419,7.01599,-14.30898,1.8108,-0.72087,79.4022,-7.010501,1.440263,0.433397,,,,,,,,,,,,8.71749,4.5554,2.94529,50,5.53277,-8.38136,-127.94993,-4.37288,14.14027,31.6996,-24.7849,BOC_EAG,GIT_YEL,HarringtonVillage,D1,ACC,20260515-HarringtonVillage-2,2bdc3990-50bd-11f1-90ac-456ae51230df,86.96968,,,9.03971,,,,,,,4293fdce-3634-4d91-8f36-83916a8b87e1,2026-05-16,00:21:22.78,2026-05-15T20:21:22.7800000-04:00,2026-05-16T00:21:22.7800000Z,,v3,227,100,26604,"Johnson, Gunnar",1000100233,Right,BOC_EAG,e8338c7e-e83b-492f-a382-7fbe2c6cf191,54.36674,-129.02725,15.8498,5.66707,-3.53056,-12.39245,3.2383,-8.86193,7.07013,,,,,,,,,,,,,,,,,,,,,,,,,,,,,,,,,,,,,,,,,,,,,,,,,,,High,High,High,,,,,,128.556801,-49.086966,1451.68669,0.654913,10:15,0.768531,0.532115,-0.355266,-77.7434,9.51554,58.017361,114.14394,7.180897,0.905363,0.125002,-0.405822,17.120023,64.872264,0.125002,0.905363,0.405822,-17.120023,-64.872264,-0.125002,-0.905363,0.405822,-114.14394,-7.180897,-0.905363,-0.125002,-0.405822,,,
266,2026-05-15,20:21:45.95,6,6,"Kwiatkowski, John",831964,Left,BOC_EAG,"Brosius, Parker",702701,Right,GIT_YEL,Undefined,7,Top,1,3,2,Slider,Slider,FoulBallNotFieldable,Undefined,Undefined,Undefined,0,0,,79.08015,-0.207536,3.080748,2282.674635,287.751739,3:30,5.52063,-3.32602,5.8067,-46.29585,-0.38567,6.59473,1.46937,0.09129,71.34662,-8.73455,4.261154,0.48767,76.25061,13.312759,-54.160767,3688.317008,,,,135.90876,64.80119,-59.565026,1.464312,-2.3028,0.32673,3.06905,50,5.47616,-6.41165,-114.49954,-1.89049,-2.98142,26.01564,-31.75102,BOC_EAG,GIT_YEL,HarringtonVillage,D1,ACC,20260515-HarringtonVillage-2,39a7df20-50bd-11f1-90ac-456ae51230df,77.29089,10.25044,,7.73354,,,,2.62596,1.82641,-0.17576,4293fdce-3634-4d91-8f36-83916a8b87e1,2026-05-16,00:21:45.95,2026-05-15T20:21:45.9500000-04:00,2026-05-16T00:21:45.9500000Z,LineDrive,v3,227,100,26604,"Johnson, Gunnar",1000100233,Right,BOC_EAG,029ecb51-98aa-4c5e-9cdb-04685f149c77,54.6907,-115.56041,13.00782,5.52686,-0.59574,-15.87551,3.32802,-6.29008,-1.49071,,2.62595,63.7221,-15.51057,2.70885,-0.8047,0.33611,-0.1055,0.00279,0.00474,1.82641,25.7522,-20.9528,2.20697,-0.50877,0.18104,-0.04906,0.00193,0.0018,-0.17577,-88.22266,5.30228,0.45734,-0.34248,0.27121,-0.1305,0.03219,-0.00258,,,,,,,,,,,,,,,,,,,,,,,High,High,High,High,Medium,,,,299.740659,-76.80185,521.179,0.228319,4:00,0.966803,-0.194717,0.165462,-75.939231,23.214857,-8.929344,99.592023,-57.15712,0.534755,-0.840161,-0.09037,83.860685,-32.327287,0.840161,-0.534755,0.09037,-83.860685,32.327287,-0.840161,0.534755,0.09037,-99.592023,57.15712,-0.534755,0.840161,-0.09037,,,
267,2026-05-15,20:22:12.60,6,7,"Kwiatkowski, John",831964,Left,BOC_EAG,"Brosius, Parker",702701,Right,GIT_YEL,Undefined,7,Top,1,3,2,FourSeamFastBall,Sinker,BallCalled,Walk,Undefined,Undefined,0,0,,89.69141,-2.487475,2.918806,2263.80659,105.054893,9:30,5.70799,-3.03219,6.25327,-30.1273,4.59815,-12.57229,0.89908,-1.38592,81.49106,-8.096471,0.645843,0.424126,,,,,,,,,,,,7.41575,3.54374,2.82111,50,5.50848,-6.11118,-129.99091,-6.64796,12.53463,30.33902,-26.18418,BOC_EAG,GIT_YEL,HarringtonVillage,D1,ACC,20260515-HarringtonVillage-2,4988f730-50bd-11f1-90ac-456ae51230df,88.87075,,,8.20035,,,,,,,4293fdce-3634-4d91-8f36-83916a8b87e1,2026-05-16,00:22:12.60,2026-05-15T20:22:12.6090000-04:00,2026-05-16T00:22:12.6090000Z,,v3,227,100,26604,"Johnson, Gunnar",1000100233,Right,BOC_EAG,8fa6d666-5cbd-4539-b3d8-0a610ab0530f,54.24409,-130.9777,15.16951,5.71086,-5.7963,-13.09209,3.02651,-6.51888,6.26732,,,,,,,,,,,,,,,,,,,,,,,,,,,,,,,,,,,,,,,,,,,,,,,,,,,High,High,High,,,,,,125.441046,-46.098509,1569.770076,0.693421,10:15,0.714908,0.595678,-0.366162,-64.991028,4.304483,65.60169,119.826329,5.895866,0.862948,0.102721,-0.494742,11.72939,59.649204,0.102721,0.862948,0.494742,-11.72939,-59.649204,-0.102721,-0.862948,0.494742,-119.826329,-5.895866,-0.862948,-0.102721,-0.494742,,,
268,2026-05-15,20:23:22.78,7,1,"Hartsell, Chase",1000116331,Right,BOC_EAG,"Kerce, Carson",812668,Right,GIT_YEL,Undefined,7,Top,1,0,0,FourSeamFastBall,Sinker,BallCalled,Undefined,Undefined,Undefined,0,0,,90.93381,-1.602108,-4.799662,2256.301462,229.950667,1:45,5.66985,1.73214,5.56366,-18.78548,16.52072,17.94595,2.60203,-1.26676,80.85172,-5.188857,-1.613079,0.427658,,,,,,,,,,,,-10.63245,9.27438,-1.32876,50,5.51923,10.16475,-131.17056,-4.26779,-18.05482,34.30042,-16.4253,BOC_EAG,GIT_YEL,HarringtonVillage,D1,ACC,20260515-HarringtonVillage-2,73681cc0-50bd-11f1-90ac-456ae51230df,88.13679,,,10.08209,,,,,,,4293fdce-3634-4d91-8f36-83916a8b87e1,2026-05-16,00:23:22.78,2026-05-15T20:23:22.7810000-04:00,2026-05-16T00:23:22.7810000Z,,v3,227,100,26604,"Johnson, Gunnar",1000100233,Right,BOC_EAG,aeb55a70-2408-4634-af0e-5cb52bc786f8,54.92928,-132.45327,17.15021,5.66734,-3.65354,-8.21265,-1.72151,10.83993,-9.02741,,,,,,,,,,,,,,,,,,,,,,,,,,,,,,,,,,,,,,,,,,,,,,,,,,,High,High,High,,,,,,232.150724,18.87278,2135.000753,0.946239,1:45,-0.349971,-0.755928,-0.553257,-79.80938,-4.849424,-37.980176,171.002053,24.500116,0.142317,0.414695,-0.898762,24.768921,8.181942,0.414695,0.142317,0.898762,-24.768921,-8.181942,-0.414695,-0.142317,0.898762,-171.002053,-24.500116,-0.142317,-0.414695,-0.898762,,,
269,2026-05-15,20:25:30.42,7,2,"Hartsell, Chase",1000116331,Right,BOC_EAG,"Kerce, Carson",812668,Right,GIT_YEL,Undefined,7,Top,1,1,0,Fastball,Sinker,StrikeCalled,Undefined,Undefined,Undefined,0,0,,90.62683,-1.454017,-2.224654,2295.969676,241.837,2:00,5.68954,1.45021,5.8757,-24.29946,10.38745,16.97371,2.31285,0.79747,81.45409,-6.02098,0.821427,0.423891,,,,,,,,,,,,-9.43485,6.17166,-1.28024,50,5.55808,4.36247,-131.32071,-4.14545,-16.14905,32.94959,-21.61043,BOC_EAG,GIT_YEL,HarringtonVillage,D1,ACC,20260515-HarringtonVillage-2,bf67fbe0-50bd-11f1-90ac-456ae51230df,88.92012,,,9.17275,,,,,,,4293fdce-3634-4d91-8f36-83916a8b87e1,2026-05-16,00:25:30.42,2026-05-15T20:25:30.4240000-04:00,2026-05-16T00:25:30.4240000Z,,v3,227,100,26604,"Johnson, Gunnar",1000100233,Right,BOC_EAG,120ca4c5-f3d9-43bf-8053-4e6cfcd80558,54.6212,-132.47514,16.47479,5.69006,-3.3883,-10.80521,-1.44299,4.92827,-8.07452,,,,,,,,,,,,,,,,,,,,,,,,,,,,,,,,,,,,,,,,,,,,,,,,,,,High,High,High,,,,,,227.115183,16.204717,2204.752445,0.960271,1:30,-0.286297,-0.710467,-0.642861,-63.891181,-8.977236,-61.323114,155.809034,22.202707,0.379395,0.377885,-0.844549,24.105631,22.296225,0.377885,0.379395,0.844549,-24.105631,-22.296225,-0.377885,-0.379395,0.844549,-155.809034,-22.202707,-0.379395,-0.377885,-0.844549,,,
270,2026-05-15,20:25:55.70,7,3,"Hartsell, Chase",1000116331,Right,BOC_EAG,"Kerce, Carson",812668,Right,GIT_YEL,Undefined,7,Top,1,1,1,Slider,Curveball,InPlay,Undefined,LineDrive,Single,1,1,,79.4312,1.103624,-1.118647,2279.323101,53.490883,7:45,5.55273,1.41287,5.25386,-51.87377,-6.45272,-10.6315,2.26723,-0.52431,72.96411,-8.296548,-3.006333,0.485065,93.05284,9.222352,-24.625252,1944.290377,97.35515,7.24668,-51.2045,153.55661,149.56669,-29.461486,1.323191,5.04024,-3.20693,-1.30196,50,5.61497,2.67482,-115.31917,0.38722,6.76573,22.07946,-36.47888,BOC_EAG,GIT_YEL,HarringtonVillage,D1,ACC,20260515-HarringtonVillage-2,ce91f8f0-50bd-11f1-90ac-456ae51230df,77.70593,8.82825,,6.4671,,,,2.65191,2.42592,0.53185,4293fdce-3634-4d91-8f36-83916a8b87e1,2026-05-16,00:25:55.70,2026-05-15T20:25:55.7090000-04:00,2026-05-16T00:25:55.7090000Z,LineDrive,v3,227,100,26604,"Johnson, Gunnar",1000100233,Right,BOC_EAG,d3bba071-587e-4284-8348-2ef415722ed3,55.24775,-116.31958,11.03973,5.55998,2.04007,-18.23944,-1.41621,2.36826,3.38286,91.886078,2.6519,122.46119,-23.32773,5.18835,-0.30279,-0.94031,0.84172,-0.3541,0.06074,2.42592,21.87272,-19.42967,1.53114,-0.79117,0.8981,-0.67977,0.27891,-0.04754,0.53185,-56.13248,-2.88011,1.824,0.19029,-1.11039,0.96913,-0.4097,0.07054,,,,,,,,,,,,,,,,,,,,,,,High,High,High,High,High,,,,49.018696,66.644646,903.598066,0.396433,7:45,-0.90688,0.316903,0.277743,93.81714,-27.104155,26.638436,147.18005,-30.319991,0.467866,-0.504829,-0.725431,34.834147,-27.895843,0.504829,-0.467866,0.725431,-34.834147,27.895843,-0.504829,0.467866,0.725431,-147.18005,30.319991,-0.467866,0.504829,-0.725431,70.58029,12.91092,-13.60026
271,2026-05-15,20:26:42.12,8,1,"Hartsell, Chase",1000116331,Right,BOC_EAG,"Burress, Drew",806039,Right,GIT_YEL,Undefined,7,Top,2,0,0,Slider,Slider,StrikeCalled,Undefined,Undefined,Undefined,0,0,,79.76279,1.081381,-1.334506,2384.871025,70.801443,8:15,5.59605,1.40954,5.27428,-47.54329,-2.59784,-11.43075,2.6502,-0.79669,73.29671,-7.554826,-3.363229,0.482519,,,,,,,,,,,,5.33709,-1.16516,-1.27899,50,5.65987,3.16371,-115.78119,0.5001,7.23983,21.75177,-33.75459,BOC_EAG,GIT_YEL,HarringtonVillage,D1,ACC,20260515-HarringtonVillage-2,ea291d00-50bd-11f1-90ac-456ae51230df,78.116,,,6.46608,,,,,,,4293fdce-3634-4d91-8f36-83916a8b87e1,2026-05-16,00:26:42.12,2026-05-15T20:26:42.1200000-04:00,2026-05-16T00:26:42.1200000Z,,v3,227,100,26604,"Johnson, Gunnar",1000100233,Right,BOC_EAG,7dc1eda5-69d4-4d9e-82d5-3d167ab860c4,55.22553,-116.75878,10.87589,5.60331,2.01713,-16.8773,-1.41387,2.83833,3.61991,,,,,,,,,,,,,,,,,,,,,,,,,,,,,,,,,,,,,,,,,,,,,,,,,,,High,High,High,,,,,,46.056683,69.65956,828.97531,0.347598,7:30,-0.926883,0.267931,0.262872,102.790526,-38.279813,18.857164,146.562832,-33.787015,0.45796,-0.556107,-0.693554,38.72343,-27.255571,0.556107,-0.45796,0.693554,-38.72343,27.255571,-0.556107,0.45796,0.693554,-146.562832,33.787015,-0.45796,0.556107,-0.693554,,,
272,2026-05-15,20:27:03.15,8,2,"Hartsell, Chase",1000116331,Right,BOC_EAG,"Burress, Drew",806039,Right,GIT_YEL,Undefined,7,Top,2,0,1,ChangeUp,Changeup,StrikeCalled,Undefined,Undefined,Undefined,0,0,,80.74164,-0.718601,-4.254259,2309.247206,245.898994,2:15,5.48564,1.42559,6.26547,-31.11065,11.49977,22.4773,2.2287,-0.63077,73.50734,-6.562501,-0.201296,0.469818,,,,,,,,,,,,-12.87379,6.61457,-1.12045,50,5.41719,7.87565,-117.03883,-2.35265,-17.75443,23.27292,-23.05178,BOC_EAG,GIT_YEL,HarringtonVillage,D1,ACC,20260515-HarringtonVillage-2,f6ba1fb0-50bd-11f1-90ac-456ae51230df,80.22779,,,7.2343,,,,,,,4293fdce-3634-4d91-8f36-83916a8b87e1,2026-05-16,00:27:03.15,2026-05-15T20:27:03.1530000-04:00,2026-05-16T00:27:03.1530000Z,,v3,227,100,26604,"Johnson, Gunnar",1000100233,Right,BOC_EAG,8b64dedc-c2d6-4076-9319-d5ccf97f753e,54.23333,-117.87762,11.63646,5.48701,-1.52184,-11.52589,-1.41583,8.51554,-8.87722,,,,,,,,,,,,,,,,,,,,,,,,,,,,,,,,,,,,,,,,,,,,,,,,,,,High,High,High,,,,,,248.490058,-26.907468,2059.244762,0.891739,2:15,0.43739,-0.823892,-0.360407,-49.508478,10.922073,28.86746,176.711599,-19.550131,0.054055,-0.334632,-0.940797,19.579924,-3.098631,0.334632,-0.054055,0.940797,-19.579924,3.098631,-0.334632,0.054055,0.940797,-176.711599,19.550131,-0.054055,0.334632,-0.940797,,,
273,2026-05-15,20:27:26.69,8,3,"Hartsell, Chase",1000116331,Right,BOC_EAG,"Burress, Drew",806039,Right,GIT_YEL,Undefined,7,Top,2,0,2,Slider,Curveball,StrikeSwinging,Strikeout,Undefined,Undefined,0,0,,80.06513,-0.002136,-1.580452,2394.322458,49.158803,7:45,5.5962,1.42091,5.37519,-49.64971,-5.25819,-7.64441,1.45673,-0.69817,73.8763,-8.99812,-2.941559,0.479536,,,,,,,,,,,,3.41721,-2.26602,-1.27369,50,5.56057,3.51211,-116.27573,-1.7497,4.6769,21.86275,-35.27542,BOC_EAG,GIT_YEL,HarringtonVillage,D1,ACC,20260515-HarringtonVillage-2,04cabd80-50be-11f1-90ac-456ae51230df,78.60185,,,6.18883,,,,,,,4293fdce-3634-4d91-8f36-83916a8b87e1,2026-05-16,00:27:26.69,2026-05-15T20:27:26.6970000-04:00,2026-05-16T00:27:26.6970000Z,,v3,227,100,26604,"Johnson, Gunnar",1000100233,Right,BOC_EAG,153ae7f9-9f72-4c02-a028-0b4b1683b282,55.12581,-117.23555,10.93138,5.60339,-0.20104,-17.63771,-1.42338,3.30678,2.33845,,,,,,,,,,,,,,,,,,,,,,,,,,,,,45.94979,,,,,,,-4.10709,4.05241,4.18929,,,,-4.06747,60.94921,-3.55717,4.10261,19.42694,-15.41499,4.19082,19.30887,-0.48355,High,High,High,,,High,High,Low,42.76563,73.449133,682.062186,0.284866,7:30,-0.952442,0.193389,0.23549,98.815221,-34.700238,25.747666,143.469852,-32.442532,0.502346,-0.536453,-0.678135,38.346538,-30.155308,0.536453,-0.502346,0.678135,-38.346538,30.155308,-0.536453,0.502346,0.678135,-143.469852,32.442532,-0.502346,0.536453,-0.678135,,,
274,2026-05-15,20:30:28.49,1,1,"Patel, Mason",822715,Right,GIT_YEL,"Gallo, Luke",828057,Right,BOC_EAG,Undefined,7,Bottom,0,0,0,Sinker,Sinker,BallCalled,Undefined,Undefined,Undefined,0,0,,89.44163,-1.246475,-5.109852,2115.779508,258.729233,2:30,5.25195,1.96086,6.00275,-29.98411,5.03248,19.54052,1.59357,-1.15785,81.72254,-6.803661,-1.609945,0.425901,,,,,,,,,,,,-11.47087,3.28268,-1.56876,50,5.13714,10.76176,-129.48877,-3.85494,-19.45659,27.29022,-26.60606,BOC_EAG,GIT_YEL,HarringtonVillage,D1,ACC,20260515-HarringtonVillage-2,712192b0-50be-11f1-90ac-456ae51230df,88.50056,,,7.71909,,,,,,,4293fdce-3634-4d91-8f36-83916a8b87e1,2026-05-16,00:30:28.49,2026-05-15T20:30:28.4940000-04:00,2026-05-16T00:30:28.4940000Z,,v3,227,100,26604,"Lackey, Vahn",822518,Right,GIT_YEL,92cb7a34-bf26-4ce6-8694-d3666e1185ea,54.49723,-130.43314,13.64511,5.25461,-2.93425,-13.30303,-1.95282,11.43504,-9.72829,,,,,,,,,,,,,,,,,,,,,,,,,,,,,,,,,,,,,,,,,,,,,,,,,,,High,High,High,,,,,,233.225,18.84136,2002.408382,0.946416,1:45,-0.355628,-0.764918,-0.537055,63.453107,42.592877,53.552536,138.440859,68.340175,0.244855,0.929392,-0.276183,73.449854,14.173269,0.929392,0.244855,0.276183,-73.449854,-14.173269,-0.929392,-0.244855,0.276183,-138.440859,-68.340175,-0.244855,-0.929392,-0.276183,,,
275,2026-05-15,20:30:45.78,1,2,"Patel, Mason",822715,Right,GIT_YEL,"Gallo, Luke",828057,Right,BOC_EAG,Undefined,7,Bottom,0,1,0,Sinker,Sinker,StrikeCalled,Undefined,Undefined,Undefined,0,0,,89.79979,-0.287672,-5.301979,2100.423172,261.545538,2:45,5.16053,1.98652,6.00398,-30.6497,4.17087,20.27792,2.33871,-1.25012,81.7256,-5.975553,-1.672955,0.424707,,,,,,,,,,,,-11.88855,2.58961,-1.57947,50,5.12117,11.19545,-129.96259,-1.71715,-20.267,28.06452,-27.75942,BOC_EAG,GIT_YEL,HarringtonVillage,D1,ACC,20260515-HarringtonVillage-2,7b5c9770-50be-11f1-90ac-456ae51230df,88.74929,,,8.07419,,,,,,,4293fdce-3634-4d91-8f36-83916a8b87e1,2026-05-16,00:30:45.78,2026-05-15T20:30:45.7830000-04:00,2026-05-16T00:30:45.7830000Z,,v3,227,100,26604,"Lackey, Vahn",822518,Right,GIT_YEL,9cee57de-fc80-432d-a601-801e3adb5daf,54.49534,-130.92973,14.03226,5.16386,-0.76053,-13.87971,-1.97731,11.89388,-10.1335,,,,,,,,,,,,,,,,,,,,,,,,,,,,,,,,,,,,,,,,,,,,,,,,,,,High,High,High,,,,,,234.757976,18.630716,1990.355284,0.947597,1:45,-0.364754,-0.775518,-0.515293,71.778956,46.357568,60.539308,138.388012,70.94829,0.216771,0.945224,-0.244052,75.522713,12.519435,0.945224,0.216771,0.244052,-75.522713,-12.519435,-0.945224,-0.216771,0.244052,-138.388012,-70.94829,-0.216771,-0.945224,-0.244052,,,
276,2026-05-15,20:31:04.94,1,3,"Patel, Mason",822715,Right,GIT_YEL,"Gallo, Luke",828057,Right,BOC_EAG,Undefined,7,Bottom,0,1,1,Sinker,Four-Seam,BallCalled,Undefined,Undefined,Undefined,0,0,,89.84935,0.254598,-5.160529,2272.082755,219.678205,1:15,5.27388,1.96392,6.49721,-19.35745,14.84068,11.36316,3.89541,-1.83892,81.46674,-3.449998,-3.111275,0.420894,,,,,,,,,,,,-7.41697,8.01776,-1.60615,50,5.28305,11.28915,-130.07345,0.05722,-12.63926,28.64248,-18.51101,BOC_EAG,GIT_YEL,HarringtonVillage,D1,ACC,20260515-HarringtonVillage-2,86cbaf60-50be-11f1-90ac-456ae51230df,89.55332,,,8.38262,,,,,,,4293fdce-3634-4d91-8f36-83916a8b87e1,2026-05-16,00:31:04.94,2026-05-15T20:31:04.9480000-04:00,2026-05-16T00:31:04.9480000Z,,v3,227,100,26604,"Lackey, Vahn",822518,Right,GIT_YEL,5a3dce79-2dde-437a-8856-85ab6b620a9b,53.99939,-130.95116,14.32124,5.27261,0.62447,-9.25551,-1.95803,11.67646,-6.31963,,,,,,,,,,,,,,,,,,,,,,,,,,,,,,,,,,,,,,,,,,,,,,,,,,,High,High,High,,,,,,228.491215,30.180602,1964.090694,0.864445,1:30,-0.55508,-0.645103,-0.525099,-62.72437,-46.702473,-51.436793,164.10786,-2.279564,0.273611,-0.039775,-0.961018,2.370053,-15.879232,0.039775,-0.273611,0.961018,-2.370053,15.879232,-0.039775,0.273611,0.961018,-164.10786,2.279564,-0.273611,0.039775,-0.961018,,,
277,2026-05-15,20:31:23.65,1,4,"Patel, Mason",822715,Right,GIT_YEL,"Gallo, Luke",828057,Right,BOC_EAG,Undefined,7,Bottom,0,2,1,Sinker,Sinker,StrikeCalled,Undefined,Undefined,Undefined,0,0,,88.70411,-1.440644,-5.222693,2088.186716,255.564324,2:30,5.13059,2.07374,6.07516,-29.32659,6.18973,19.54954,1.34788,-1.14302,81.06461,-6.888295,-1.717291,0.428929,,,,,,,,,,,,-11.5741,3.93516,-1.6791,50,5.00305,10.943,-128.40833,-4.21539,-19.30366,26.85951,-25.61085,BOC_EAG,GIT_YEL,HarringtonVillage,D1,ACC,20260515-HarringtonVillage-2,91f86720-50be-11f1-90ac-456ae51230df,87.87571,,,7.6395,,,,,,,4293fdce-3634-4d91-8f36-83916a8b87e1,2026-05-16,00:31:23.65,2026-05-15T20:31:23.6590000-04:00,2026-05-16T00:31:23.6590000Z,,v3,227,100,26604,"Lackey, Vahn",822518,Right,GIT_YEL,035c737e-99ce-4441-bc44-bc5cb066920a,54.42519,-129.33065,13.42975,5.13271,-3.33595,-12.80543,-2.06625,11.60586,-9.65183,,,,,,,,,,,,,,,,,,,,,,,,,,,,,,,,,,,,,,,,,,,,,,,,,,,High,High,High,,,,,,233.353325,20.988096,1949.645681,0.933655,1:45,-0.388546,-0.757869,-0.524086,66.1276,44.033685,53.6917,137.818241,69.055069,0.240036,0.933924,-0.264892,74.16489,13.888663,0.933924,0.240036,0.264892,-74.16489,-13.888663,-0.933924,-0.240036,0.264892,-137.818241,-69.055069,-0.240036,-0.933924,-0.264892,,,
278,2026-05-15,20:31:42.89,1,5,"Patel, Mason",822715,Right,GIT_YEL,"Gallo, Luke",828057,Right,BOC_EAG,Undefined,7,Bottom,0,2,2,Sinker,Sinker,BallCalled,Undefined,Undefined,Undefined,0,0,,89.61801,-0.752085,-4.799087,2157.321764,248.919011,2:15,5.19366,1.86762,6.19889,-25.90789,8.65489,19.55092,2.33792,-0.94365,81.78627,-5.603772,-1.283852,0.423132,,,,,,,,,,,,-11.44418,5.03063,-1.51544,50,5.12388,10.10062,-129.85692,-2.5416,-19.52905,27.35188,-23.58949,BOC_EAG,GIT_YEL,HarringtonVillage,D1,ACC,20260515-HarringtonVillage-2,9d6e35d0-50be-11f1-90ac-456ae51230df,89.07962,,,7.83174,,,,,,,4293fdce-3634-4d91-8f36-83916a8b87e1,2026-05-16,00:31:42.89,2026-05-15T20:31:42.8900000-04:00,2026-05-16T00:31:42.8900000Z,,v3,227,100,26604,"Lackey, Vahn",822518,Right,GIT_YEL,2c5f4d95-c39a-4b28-a444-ce8db9808f33,54.30068,-130.75964,13.67594,5.19491,-1.76305,-11.79475,-1.85944,10.74515,-9.76452,,,,,,,,,,,,,,,,,,,,,,,,,,,,,,,,,,,,,,,,,,,,,,,,,,,High,High,High,,,,,,231.797275,21.224242,2010.992173,0.932171,1:45,-0.399368,-0.737214,-0.544996,50.258359,42.901569,36.140028,149.154438,68.975121,0.183952,0.933425,-0.308026,71.737357,10.600056,0.933425,0.183952,0.308026,-71.737357,-10.600056,-0.933425,-0.183952,0.308026,-149.154438,-68.975121,-0.183952,-0.933425,-0.308026,,,
279,2026-05-15,20:31:59.11,1,6,"Patel, Mason",822715,Right,GIT_YEL,"Gallo, Luke",828057,Right,BOC_EAG,Undefined,7,Bottom,0,3,2,Sinker,Sinker,FoulBallNotFieldable,Undefined,Undefined,Undefined,0,0,,90.17449,-0.808521,-4.386041,2126.195582,258.006668,2:30,5.16198,2.1561,5.95184,-29.19238,5.38544,19.88773,1.97718,-0.26231,82.03342,-6.231785,-0.822161,0.423224,,,,,,,,,,,,-11.50052,3.33973,-1.81798,50,5.08117,9.17689,-130.64264,-2.85887,-19.76777,28.92329,-26.43352,BOC_EAG,GIT_YEL,HarringtonVillage,D1,ACC,20260515-HarringtonVillage-2,a7245320-50be-11f1-90ac-456ae51230df,89.06028,,,8.14106,,,,,,,4293fdce-3634-4d91-8f36-83916a8b87e1,2026-05-16,00:31:59.11,2026-05-15T20:31:59.1170000-04:00,2026-05-16T00:31:59.1170000Z,,v3,227,100,26604,"Lackey, Vahn",822518,Right,GIT_YEL,7fb691a5-f431-4cf3-8efd-d0e1893af9c0,54.54784,-131.64564,14.46164,5.16442,-1.9422,-13.21676,-2.1481,9.86241,-9.88388,,,,,,,,,,,,,,,,,,,,,,,,,,,,,,,,,,,,,,,,,,,,,,,,,,,High,High,High,,,,,,233.597141,15.762116,2046.245979,0.962398,1:45,-0.303602,-0.778356,-0.549535,75.422671,37.97481,64.546045,119.434185,68.547814,0.318517,0.930723,-0.179726,79.070522,18.573274,0.930723,0.318517,0.179726,-79.070522,-18.573274,-0.930723,-0.318517,0.179726,-119.434185,-68.547814,-0.318517,-0.930723,-0.179726,,,
280,2026-05-15,20:32:21.93,1,7,"Patel, Mason",822715,Right,GIT_YEL,"Gallo, Luke",828057,Right,BOC_EAG,Undefined,7,Bottom,0,3,2,Sinker,Sinker,StrikeCalled,Strikeout,Undefined,Undefined,0,0,,90.26005,-1.123508,-4.310039,2013.378644,254.547109,2:30,5.16404,1.95943,5.84794,-28.04478,6.53807,19.51859,1.77987,-0.42668,82.28178,-6.325785,-0.818556,0.423255,,,,,,,,,,,,-11.22792,4,-1.61995,50,5.056,9.01853,-130.76807,-3.5518,-19.37913,28.41276,-25.27011,BOC_EAG,GIT_YEL,HarringtonVillage,D1,ACC,20260515-HarringtonVillage-2,b4b2a190-50be-11f1-90ac-456ae51230df,89.05381,,,7.97827,,,,,,,4293fdce-3634-4d91-8f36-83916a8b87e1,2026-05-16,00:32:21.93,2026-05-15T20:32:21.9350000-04:00,2026-05-16T00:32:21.9350000Z,,v3,227,100,26604,"Lackey, Vahn",822518,Right,GIT_YEL,c49288b7-9814-4b3f-a543-2825758379f7,54.65184,-131.77493,14.20638,5.16599,-2.65631,-12.63505,-1.95171,9.70526,-9.68957,,,,,,,,,,,,,,,,,,,,,,,,,,,,,,,,,,,,,,,,,,,,,,,,,,,High,High,High,,,,,,233.327739,15.095261,1943.905353,0.965494,1:45,-0.287833,-0.779346,-0.556571,76.67545,46.131355,76.868274,152.441212,68.412487,0.170222,0.929857,-0.326176,70.670089,9.800738,0.929857,0.170222,0.326176,-70.670089,-9.800738,-0.929857,-0.170222,0.326176,-152.441212,-68.412487,-0.170222,-0.929857,-0.326176,,,
281,2026-05-15,20:32:54.50,2,1,"Patel, Mason",822715,Right,GIT_YEL,"Johnson, Gunnar",1000100233,Right,BOC_EAG,Undefined,7,Bottom,1,0,0,Sinker,Sinker,StrikeCalled,Undefined,Undefined,Undefined,0,0,,89.79091,-0.396387,-3.995228,2175.151392,222.653742,1:30,5.29699,2.07174,6.36808,-18.72281,15.53265,13.26737,3.37113,-0.50489,81.60295,-3.977444,-1.600728,0.421247,,,,,,,,,,,,-8.02016,8.53052,-1.78827,50,5.25936,8.55139,-130.19735,-1.41816,-13.71325,28.32503,-17.58816,BOC_EAG,GIT_YEL,HarringtonVillage,D1,ACC,20260515-HarringtonVillage-2,c82aea20-50be-11f1-90ac-456ae51230df,89.47833,,,8.18797,,,,,,,4293fdce-3634-4d91-8f36-83916a8b87e1,2026-05-16,00:32:54.50,2026-05-15T20:32:54.5050000-04:00,2026-05-16T00:32:54.5050000Z,,v3,227,100,26604,"Lackey, Vahn",822518,Right,GIT_YEL,db090840-3b34-4190-ac88-8fe7d0d362e9,54.12902,-131.09256,14.16251,5.29539,-0.86229,-8.79408,-2.06539,8.98479,-6.85662,,,,,,,,,,,,,,,,,,,,,,,,,,,,,,,,,,,,,,,,,,,,,,,,,,,High,High,High,,,,,,229.741464,23.540862,1994.12542,0.916775,1:45,-0.434873,-0.702371,-0.563525,-53.694477,-41.955062,-49.471586,169.053545,-0.411119,0.189887,-0.007175,-0.98178,0.418738,-10.94617,0.007175,-0.189887,0.98178,-0.418738,10.94617,-0.007175,0.189887,0.98178,-169.053545,0.411119,-0.189887,0.007175,-0.98178,,,
282,2026-05-15,20:33:12.44,2,2,"Patel, Mason",822715,Right,GIT_YEL,"Johnson, Gunnar",1000100233,Right,BOC_EAG,Undefined,7,Bottom,1,0,1,Sinker,Four-Seam,InPlay,Undefined,Popup,Out,1,0,,90.63879,-0.781633,-2.608999,2138.823445,222.258596,1:30,5.26598,1.96125,6.01375,-19.46222,14.75473,12.32001,2.91927,0.5694,81.94611,-4.483131,-0.395135,0.42101,88.88205,85.807245,32.188143,,,,,,1.86642,,,-7.16544,8.18209,-1.76331,50,5.19411,5.4698,-131.46169,-2.38789,-12.39823,30.79984,-18.01671,BOC_EAG,GIT_YEL,HarringtonVillage,D1,ACC,20260515-HarringtonVillage-2,d2c91d80-50be-11f1-90ac-456ae51230df,89.52871,97.30504,,8.69268,,,,2.06019,2.96943,-0.57398,4293fdce-3634-4d91-8f36-83916a8b87e1,2026-05-16,00:33:12.44,2026-05-15T20:33:12.4430000-04:00,2026-05-16T00:33:12.4430000Z,,v3,227,100,26604,"Lackey, Vahn",822518,Right,GIT_YEL,c8413b4e-3b4a-4c53-b736-f0f29d37d581,54.48397,-132.50806,15.39992,5.26484,-1.7758,-9.00835,-1.9563,5.89101,-6.19911,,2.06018,8.06793,-13.02285,4.88194,-2.48105,2.17119,-0.78779,-0.51935,0.37523,2.96943,130.01117,-33.38153,4.71909,-0.82352,-0.16405,0.45844,-0.33749,0.09428,-0.57399,5.07772,-4.44676,1.60353,-0.79082,0.68018,-0.23923,-0.17059,0.12028,,,,,,,,,,,,,,,,,,,,,,,High,High,High,Low,Undefined,,,,230.389957,21.922358,1984.166477,0.927691,1:45,-0.390112,-0.719721,-0.574295,-58.892296,-17.887526,-30.837349,171.677977,-3.11556,0.144523,-0.05435,-0.988008,3.148649,-8.309635,0.05435,-0.144523,0.988008,-3.148649,8.309635,-0.05435,0.144523,0.988008,-171.677977,3.11556,-0.144523,0.05435,-0.988008,71.60229,24.03658,-23.92286
283,2026-05-15,20:33:59.85,3,1,"Patel, Mason",822715,Right,GIT_YEL,"Hendrickson, Carter",830138,Right,BOC_EAG,Undefined,7,Bottom,2,0,0,Sinker,Sinker,InPlay,Undefined,Popup,Out,1,0,,89.62714,-0.670181,-3.923947,2147.569781,254.099486,2:30,5.16727,2.04819,5.98489,-27.86139,7.01323,20.56367,2.22284,0.11921,81.61725,-5.860927,-0.233772,0.425036,89.59506,66.596906,0.053619,,,,,102.53986,50.51175,3.854491,6.186077,-11.78438,4.12114,-1.74976,50,5.09879,8.06685,-129.96344,-2.46123,-20.06209,28.4134,-25.15807,BOC_EAG,GIT_YEL,HarringtonVillage,D1,ACC,20260515-HarringtonVillage-2,ef140130-50be-11f1-90ac-456ae51230df,88.6805,161.1484,,8.00989,,,,2.11634,2.15927,-0.12271,4293fdce-3634-4d91-8f36-83916a8b87e1,2026-05-16,00:33:59.85,2026-05-15T20:33:59.8580000-04:00,2026-05-16T00:33:59.8580000Z,Popup,v3,227,100,26604,"Lackey, Vahn",822518,Right,GIT_YEL,7a1502b7-a8e0-44ad-8f2e-ccfe6f44de01,54.51568,-130.94696,14.2067,5.16891,-1.59039,-12.57904,-2.04101,8.7613,-10.03104,181.434725,2.1086,52.30538,-22.80531,7.97709,-2.16293,0.46348,-0.0683,0.00576,-0.0002,2.14337,120.89193,-30.15827,4.68623,-1.53814,0.48471,-0.099,0.01056,-0.00045,-0.12209,0.0372,0.99924,-0.46448,0.1619,-0.04338,0.00764,-0.00074,3E-05,,,,,,,,,,,,,,,,,,,,,,,High,High,High,Medium,Low,,,,230.958149,18.633726,2034.995234,0.94758,1:45,-0.351003,-0.739659,-0.574196,73.008624,43.740273,63.150818,143.898124,70.743704,0.194322,0.944053,-0.266464,74.237985,11.205141,0.944053,0.194322,0.266464,-74.237985,-11.205141,-0.944053,-0.194322,0.266464,-143.898124,-70.743704,-0.194322,-0.944053,-0.266464,,,
284,2026-05-15,20:34:56.14,1,1,"Hartsell, Chase",1000116331,Right,BOC_EAG,"Advincula, Jarren",814181,Left,GIT_YEL,Undefined,8,Top,0,0,0,FourSeamFastBall,Sinker,BallCalled,Undefined,Undefined,Undefined,0,0,,88.34913,0.186562,-2.25897,2128.570466,239.691845,2:00,5.65939,1.94895,5.69642,-25.83899,10.21808,15.53481,3.68013,1.13731,80.69561,-4.622933,0.517542,0.432182,,,,,,,,,,,,-8.48867,5.48725,-1.76891,50,5.65904,4.38518,-128.25055,-0.46465,-14.14119,26.47237,-23.03291,BOC_EAG,GIT_YEL,HarringtonVillage,D1,ACC,20260515-HarringtonVillage-2,109d0ea0-50bf-11f1-90ac-456ae51230df,87.21429,,,7.65352,,,,,,,4293fdce-3634-4d91-8f36-83916a8b87e1,2026-05-16,00:34:56.14,2026-05-15T20:34:56.1470000-04:00,2026-05-16T00:34:56.1470000Z,,v3,227,100,26604,"Johnson, Gunnar",1000100233,Right,BOC_EAG,1849acfb-42a4-4277-8edf-f0b9e5c87cd3,54.80179,-129.23789,13.23618,5.66035,0.39441,-11.51645,-1.9423,4.91261,-7.07059,,,,,,,,,,,,,,,,,,,,,,,,,,,,,,,,,,,,,,,,,,,,,,,,,,,High,High,High,,,,,,232.979747,23.691561,1949.178352,0.915722,1:45,-0.42561,-0.729821,-0.534993,-73.519998,-15.337141,-59.471624,163.846523,22.953199,0.256184,0.389979,-0.88447,23.793577,14.843727,0.389979,0.256184,0.88447,-23.793577,-14.843727,-0.389979,-0.256184,0.88447,-163.846523,-22.953199,-0.256184,-0.389979,-0.88447,,,
285,2026-05-15,20:35:11.46,1,2,"Hartsell, Chase",1000116331,Right,BOC_EAG,"Advincula, Jarren",814181,Left,GIT_YEL,Undefined,8,Top,0,0,0,ChangeUp,Changeup,BallCalled,Undefined,Undefined,Undefined,0,0,,79.7589,-0.431142,-0.866612,2120.478579,250.311098,2:15,5.48176,1.79491,5.82577,-34.99573,9.39398,22.01718,2.1646,2.82398,72.58711,-6.932704,3.083922,0.479526,,,,,,,,,,,,-11.41607,5.40587,-1.73669,50,5.42619,0.88863,-115.77467,-1.95315,-15.33755,23.66155,-24.91123,BOC_EAG,GIT_YEL,HarringtonVillage,D1,ACC,20260515-HarringtonVillage-2,19cb8560-50bf-11f1-90ac-456ae51230df,78.60346,,,7.17179,,,,,,,4293fdce-3634-4d91-8f36-83916a8b87e1,2026-05-16,00:35:11.46,2026-05-15T20:35:11.4650000-04:00,2026-05-16T00:35:11.4650000Z,,v3,227,100,26604,"Johnson, Gunnar",1000100233,Right,BOC_EAG,156534f1-931d-4b05-ae71-79c92afe8a2d,54.67149,-116.72551,11.83077,5.48456,-0.9521,-12.45562,-1.78478,1.50497,-7.66877,,,,,,,,,,,,,,,,,,,,,,,,,,,,,,,,,,,,,,,,,,,,,,,,,,,High,High,High,,,,,,251.327992,-24.145369,1934.9591,0.912511,2:30,0.411081,-0.86138,-0.298392,-52.786704,8.286095,29.04191,179.080002,19.545609,0.015131,0.334557,-0.942254,19.547938,0.86698,0.334557,0.015131,0.942254,-19.547938,-0.86698,-0.334557,-0.015131,0.942254,-179.080002,-19.545609,-0.015131,-0.334557,-0.942254,,,
286,2026-05-15,20:37:01.54,1,3,"Hartsell, Chase",1000116331,Right,BOC_EAG,"Advincula, Jarren",814181,Left,GIT_YEL,Undefined,8,Top,0,1,0,FourSeamFastBall,Sinker,InPlay,Undefined,LineDrive,Single,0,0,,90.90011,-0.624811,-3.064451,2236.815921,235.864442,1:45,5.56827,1.51296,5.79507,-22.12879,12.03107,16.05654,3.14217,-0.00217,82.56131,-4.77784,-0.19163,0.420658,104.36465,6.4485,25.843966,2486.886794,,,,118.51896,115.03892,29.072622,0.867321,-9.12359,6.65807,-1.27062,50,5.50368,6.36123,-131.82783,-2.17896,-15.95948,29.58702,-20.52741,BOC_EAG,GIT_YEL,HarringtonVillage,D1,ACC,20260515-HarringtonVillage-2,5b5e7a50-50bf-11f1-90ac-456ae51230df,89.60346,5.9844,,8.33879,,,,1.5456,3.13463,0.09478,4293fdce-3634-4d91-8f36-83916a8b87e1,2026-05-16,00:37:01.54,2026-05-15T20:37:01.5480000-04:00,2026-05-16T00:37:01.5480000Z,GroundBall,v3,227,100,26604,"Johnson, Gunnar",1000100233,Right,BOC_EAG,c8265abc-2c72-4d5d-ae7c-1947bf92330f,54.70375,-132.87933,14.79351,5.56816,-1.44943,-10.26371,-1.50677,6.92842,-7.97974,,1.64007,135.40188,-20.70722,,,,,,,3.23248,15.6455,-22.45359,,,,,,,0.05372,66.96294,-0.67251,,,,,,,,,,,,,,,,,,,,,,,,,,,,,High,High,High,Medium,Medium,,,,230.121154,21.489889,2081.317468,0.930482,1:45,-0.389909,-0.718006,-0.576574,-75.366821,-5.232137,-47.198475,166.965101,22.533581,0.208325,0.383225,-0.899855,23.06789,12.02423,0.383225,0.208325,0.899855,-23.06789,-12.02423,-0.383225,-0.208325,0.899855,-166.965101,-22.533581,-0.208325,-0.383225,-0.899855,72.42202,16.79779,12.6545
287,2026-05-15,20:37:44.84,2,1,"Hartsell, Chase",1000116331,Right,BOC_EAG,"Lackey, Vahn",822518,Right,GIT_YEL,Undefined,8,Top,0,0,0,FourSeamFastBall,Sinker,BallCalled,Undefined,Undefined,Undefined,0,0,,89.15679,-0.330245,-2.04044,2113.588298,227.948459,1:30,5.44235,1.72913,6.06943,-19.98737,15.04725,15.40769,3.47093,1.12412,81.10317,-4.124413,0.73283,0.42601,,,,,,,,,,,,-8.49595,8.18504,-1.57895,50,5.40606,3.96617,-129.45643,-1.34143,-14.35608,28.10498,-18.34328,BOC_EAG,GIT_YEL,HarringtonVillage,D1,ACC,20260515-HarringtonVillage-2,75257240-50bf-11f1-90ac-456ae51230df,88.47777,,,8.05362,,,,,,,4293fdce-3634-4d91-8f36-83916a8b87e1,2026-05-16,00:37:44.84,2026-05-15T20:37:44.8460000-04:00,2026-05-16T00:37:44.8460000Z,,v3,227,100,26604,"Johnson, Gunnar",1000100233,Right,BOC_EAG,20b107c8-9a9d-4d95-8c9d-38fb949d3424,54.42814,-130.41424,14.05249,5.44112,-0.7163,-9.17164,-1.72245,4.45542,-7.17804,,,,,,,,,,,,,,,,,,,,,,,,,,,,,,,,,,,,,,,,,,,,,,,,,,,High,High,High,,,,,,233.855206,15.824081,2033.490635,0.962103,1:45,-0.288237,-0.778485,-0.557566,-65.368669,-21.345605,-59.315842,162.169547,22.065389,0.283774,0.375665,-0.882241,23.064658,16.485568,0.375665,0.283774,0.882241,-23.064658,-16.485568,-0.375665,-0.283774,0.882241,-162.169547,-22.065389,-0.283774,-0.375665,-0.882241,,,
288,2026-05-15,20:38:16.71,2,2,"Hartsell, Chase",1000116331,Right,BOC_EAG,"Lackey, Vahn",822518,Right,GIT_YEL,Undefined,8,Top,0,1,0,FourSeamFastBall,Four-Seam,InPlay,Undefined,LineDrive,Double,0,0,,89.24423,-1.070887,-3.257455,2163.644249,220.065281,1:15,5.64201,1.43888,6.15919,-17.02099,17.94895,14.10469,3.23258,-0.39825,81.02261,-4.338298,-0.71829,0.425617,108.19407,17.30302,4.884002,2143.091776,108.88918,33.79402,15.59204,384.21316,383.20014,15.603372,3.975396,-8.29414,9.9604,-1.19871,50,5.55191,6.79788,-129.4571,-2.89118,-13.98636,28.62295,-15.37785,BOC_EAG,GIT_YEL,HarringtonVillage,D1,ACC,20260515-HarringtonVillage-2,8825a4a0-50bf-11f1-90ac-456ae51230df,88.55957,48.41388,,8.22163,,,,1.65691,3.25906,0.3977,4293fdce-3634-4d91-8f36-83916a8b87e1,2026-05-16,00:38:16.71,2026-05-15T20:38:16.7100000-04:00,2026-05-16T00:38:16.7100000Z,LineDrive,v3,227,100,26604,"Johnson, Gunnar",1000100233,Right,BOC_EAG,c87319d2-1efb-4cff-9d45-106b42ec8567,54.33957,-130.41304,14.31147,5.63989,-2.3776,-7.68893,-1.43355,7.26499,-6.99318,220.422447,1.65668,150.95892,-28.79419,6.49781,-1.23127,0.18144,-0.0187,0.00108,-1E-05,3.25962,47.18009,-11.41966,-1.00514,0.35014,-0.0274,-0.01081,0.00344,-0.0003,0.39818,12.88451,9.17776,-3.29522,0.84415,-0.15401,0.01876,-0.00129,3E-05,,,,,,,,,,,,,,,,,,,,,,,High,High,High,High,High,,,,229.83667,17.211733,2066.751473,0.955218,1:45,-0.316761,-0.735389,-0.599054,-62.568729,-27.685157,-55.776706,173.786437,19.68025,0.101912,0.336771,-0.936055,19.787542,5.849302,0.336771,0.101912,0.936055,-19.787542,-5.849302,-0.336771,-0.101912,0.936055,-173.786437,-19.68025,-0.101912,-0.336771,-0.936055,85.79267,11.86749,-0.68031
289,2026-05-15,20:39:08.12,3,1,"Hartsell, Chase",1000116331,Right,BOC_EAG,"Zuckerman, Ryan",822871,Right,GIT_YEL,Undefined,8,Top,0,0,0,Slider,Curveball,FoulBallNotFieldable,Undefined,Undefined,Undefined,0,0,,80.61157,0.390403,-1.487323,2268.977578,50.775867,7:45,5.59093,1.48809,5.31007,-46.61754,-2.82477,-5.06516,2.07271,-0.33037,74.36391,-8.06703,-2.387534,0.476291,105.81735,27.973435,28.894462,4687.864508,91.0849,54.71342,61.67229,366.84039,272.13476,47.848978,4.855117,2.15843,-1.19693,-1.34928,50,5.59205,3.24199,-117.08224,-0.84861,3.00321,21.61665,-33.83946,BOC_EAG,GIT_YEL,HarringtonVillage,D1,ACC,20260515-HarringtonVillage-2,a6d29430-50bf-11f1-90ac-456ae51230df,79.13738,79.6992,,6.24766,,,,1.15211,2.0736,0.21493,4293fdce-3634-4d91-8f36-83916a8b87e1,2026-05-16,00:39:08.12,2026-05-15T20:39:08.1230000-04:00,2026-05-16T00:39:08.1230000Z,FlyBall,v3,227,100,26604,"Johnson, Gunnar",1000100233,Right,BOC_EAG,6f7d48dc-0eef-4abd-a144-dfe901b50dba,55.19107,-118.03677,10.80833,5.59653,0.64564,-16.91973,-1.48951,3.10938,1.5016,,1.15078,120.02401,-32.72185,8.28518,-1.87651,0.38219,-0.06637,0.00754,-0.00037,2.07523,72.76579,-18.82832,0.76569,0.11555,-0.07675,0.01979,-0.00226,9E-05,0.21433,66.25104,-0.26536,-1.36809,0.32389,0.00052,-0.0159,0.0032,-0.00021,,,,,,,,,,,,,,,,,,,,,,,High,High,High,High,Medium,,,,42.557283,72.865583,668.4735,0.294614,7:30,-0.948282,0.205762,0.241708,117.603594,-26.176865,13.852805,134.209823,-19.568189,0.675392,-0.334928,-0.657015,27.011253,-42.48458,0.334928,-0.675392,0.657015,-27.011253,42.48458,-0.334928,0.675392,0.657015,-134.209823,19.568189,-0.675392,0.334928,-0.657015,81.32495,10.64708,11.46939
290,2026-05-15,20:39:45.76,3,2,"Hartsell, Chase",1000116331,Right,BOC_EAG,"Zuckerman, Ryan",822871,Right,GIT_YEL,Undefined,8,Top,0,0,1,ChangeUp,Changeup,InPlay,Undefined,Popup,Double,0,0,,79.70263,0.614347,-3.267747,2214.906126,249.953789,2:15,5.54091,1.44159,6.26448,-34.21195,9.69969,22.33793,3.25727,0.28703,72.0875,-5.82213,0.76478,0.476937,68.30681,44.216027,25.183234,4472.44544,91.55291,70.21721,60.97535,201.34579,184.06059,39.153324,4.325123,-12.62898,5.28555,-1.20997,50,5.5699,5.79042,-115.60325,0.27483,-16.87015,24.14117,-25.11347,BOC_EAG,GIT_YEL,HarringtonVillage,D1,ACC,20260515-HarringtonVillage-2,bd47f020-50bf-11f1-90ac-456ae51230df,79.0302,70.23194,,7.61513,,,,1.29713,3.30317,-0.26962,4293fdce-3634-4d91-8f36-83916a8b87e1,2026-05-16,00:39:45.76,2026-05-15T20:39:45.7630000-04:00,2026-05-16T00:39:45.7630000Z,FlyBall,v3,227,100,26604,"Johnson, Gunnar",1000100233,Right,BOC_EAG,f5fc9af6-1790-4688-837c-c957ea90ed04,54.23422,-116.48411,12.07059,5.54315,1.19117,-12.55674,-1.43248,6.40598,-8.43508,215.02759,1.30082,64.89275,-14.85708,3.14911,-0.11358,-0.19292,0.05878,-0.00636,0.0002,3.30453,69.81902,-20.23675,0.84035,0.49725,-0.39078,0.1317,-0.02115,0.0013,-0.26941,30.5433,1.28975,-1.11338,0.44674,-0.14954,0.03894,-0.00604,0.00039,,,,,,,,,,,,,,,,,,,,,,,High,High,High,High,Medium,,,,251.240793,-24.544095,2014.771303,0.909642,2:15,0.388799,-0.865725,-0.315208,-46.537565,3.653235,22.797915,177.275254,-25.177702,0.043021,-0.425427,-0.90397,25.202665,-2.465707,0.425427,-0.043021,0.90397,-25.202665,2.465707,-0.425427,0.043021,0.90397,-177.275254,25.177702,-0.043021,0.425427,-0.90397,80.8207,19.82722,0.27865
291,2026-05-15,20:40:35.78,4,1,"Hartsell, Chase",1000116331,Right,BOC_EAG,"Baker, Will",815345,Left,GIT_YEL,Undefined,8,Top,0,0,0,ChangeUp,Changeup,BallCalled,Undefined,Undefined,Undefined,0,0,,80.46825,0.615499,-1.974957,2238.696479,258.616238,2:30,5.45926,1.68271,6.10114,-38.39719,6.12748,20.7958,2.82909,1.58848,70.94517,-6.625523,1.773532,0.480255,,,,,,,,,,,,-11.37296,3.49638,-1.54083,50,5.48738,3.18955,-116.42309,0.09255,-14.9625,30.28352,-27.57413,BOC_EAG,GIT_YEL,HarringtonVillage,D1,ACC,20260515-HarringtonVillage-2,db209fc0-50bf-11f1-90ac-456ae51230df,78.48425,,,9.52309,,,,,,,4293fdce-3634-4d91-8f36-83916a8b87e1,2026-05-16,00:40:35.78,2026-05-15T20:40:35.7870000-04:00,2026-05-16T00:40:35.7870000Z,,v3,227,100,26604,"Johnson, Gunnar",1000100233,Right,BOC_EAG,ee150743-e1a0-41f3-8013-f408d994f109,54.39108,-117.55974,15.14176,5.46448,1.1275,-13.78706,-1.67109,3.75114,-7.48125,,,,,,,,,,,,,,,,,,,,,,,,,,,,,,,,,,,,,,,,,,,,,,,,,,,High,High,High,,,,,,252.965889,-28.566961,1966.155028,0.878259,2:30,0.459992,-0.844818,-0.273293,-51.920489,13.134398,36.102743,176.293795,20.881208,0.060395,0.356432,-0.932367,20.921186,3.46248,0.356432,0.060395,0.932367,-20.921186,-3.46248,-0.356432,-0.060395,0.932367,-176.293795,-20.881208,-0.060395,-0.356432,-0.932367,,,
292,2026-05-15,20:40:55.77,4,2,"Hartsell, Chase",1000116331,Right,BOC_EAG,"Baker, Will",815345,Left,GIT_YEL,Undefined,8,Top,0,1,0,ChangeUp,Changeup,StrikeCalled,Undefined,Undefined,Undefined,0,0,,80.24582,-0.621445,-3.383555,2258.187806,250.295287,2:15,5.47486,1.36058,6.21793,-34.87151,9.68564,21.63068,1.99442,0.0372,70.92344,-7.22631,0.51997,0.48043,,,,,,,,,,,,-12.40501,5.82016,-1.1168,50,5.41158,6.02156,-116.02628,-2.25793,-16.25073,29.58447,-24.54956,BOC_EAG,GIT_YEL,HarringtonVillage,D1,ACC,20260515-HarringtonVillage-2,e707cde0-50bf-11f1-90ac-456ae51230df,78.45564,,,9.32238,,,,,,,4293fdce-3634-4d91-8f36-83916a8b87e1,2026-05-16,00:40:55.77,2026-05-15T20:40:55.7760000-04:00,2026-05-16T00:40:55.7760000Z,,v3,227,100,26604,"Johnson, Gunnar",1000100233,Right,BOC_EAG,1aafd224-4ad1-4fa1-b213-9772a2bde395,54.27482,-117.1112,14.79223,5.47788,-1.35764,-12.27478,-1.34855,6.6175,-8.12536,,,,,,,,,,,,,,,,,,,,,,,,,,,,,,,,,,,,,,,,,,,,,,,,,,,High,High,High,,,,,,249.025726,-27.033078,2011.467865,0.890744,2:15,0.443873,-0.826746,-0.345641,-52.542729,3.264082,31.416163,178.049381,17.061845,0.03254,0.293404,-0.955435,17.071163,1.864739,0.293404,0.03254,0.955435,-17.071163,-1.864739,-0.293404,-0.03254,0.955435,-178.049381,-17.061845,-0.03254,-0.293404,-0.955435,,,
293,2026-05-15,20:41:15.03,4,3,"Hartsell, Chase",1000116331,Right,BOC_EAG,"Baker, Will",815345,Left,GIT_YEL,Undefined,8,Top,0,1,1,ChangeUp,Changeup,BallCalled,Undefined,Undefined,Undefined,0,0,,80.61247,1.302626,-3.584457,2200.638553,254.379098,2:30,5.4898,1.48907,6.18826,-35.88758,8.43378,23.2069,3.70445,0.1091,70.84448,-5.505968,0.595813,0.479157,,,,,,,,,,,,-13.21209,4.41992,-1.22887,50,5.57095,6.36976,-116.4693,1.60489,-17.41313,30.11568,-26.34873,BOC_EAG,GIT_YEL,HarringtonVillage,D1,ACC,20260515-HarringtonVillage-2,f27b79b0-50bf-11f1-90ac-456ae51230df,78.66402,,,9.76799,,,,,,,4293fdce-3634-4d91-8f36-83916a8b87e1,2026-05-16,00:41:15.03,2026-05-15T20:41:15.0340000-04:00,2026-05-16T00:41:15.0340000Z,,v3,227,100,26604,"Johnson, Gunnar",1000100233,Right,BOC_EAG,9a7a8f73-56f3-4b37-9cac-838fc1e771ff,54.30337,-117.57677,15.05784,5.49411,2.57383,-13.17437,-1.47489,7.0101,-8.70657,,,,,,,,,,,,,,,,,,,,,,,,,,,,,,,,,,,,,,,,,,,,,,,,,,,High,High,High,,,,,,253.41598,-14.768211,2127.940381,0.966965,2:30,0.216063,-0.932297,-0.290068,-54.556496,6.530786,14.018386,178.960639,-18.593032,0.017193,-0.318844,-0.947651,18.595882,-0.985108,0.318844,-0.017193,0.947651,-18.595882,0.985108,-0.318844,0.017193,0.947651,-178.960639,18.593032,-0.017193,0.318844,-0.947651,,,
294,2026-05-15,20:41:37.48,4,4,"Hartsell, Chase",1000116331,Right,BOC_EAG,"Baker, Will",815345,Left,GIT_YEL,Undefined,8,Top,0,2,1,ChangeUp,Slider,HitByPitch,Undefined,Undefined,Undefined,0,0,,79.68502,-0.240983,-3.534452,2264.379692,77.2597,8:30,5.58918,1.7149,5.42151,-46.64853,-0.26091,-9.4613,1.47565,-2.38843,71.24043,-8.788454,-5.213765,0.490199,,,,,,,,,,,,3.42323,0.47461,-1.394,50,5.53579,7.49251,-115.10228,-2.07101,4.43541,28.16462,-31.55911,BOC_EAG,GIT_YEL,HarringtonVillage,D1,ACC,20260515-HarringtonVillage-2,ffe1cdc0-50bf-11f1-90ac-456ae51230df,76.89211,,,8.44459,,,,,,,4293fdce-3634-4d91-8f36-83916a8b87e1,2026-05-16,00:41:37.48,2026-05-15T20:41:37.4850000-04:00,2026-05-16T00:41:37.4850000Z,,v3,227,100,26604,"Johnson, Gunnar",1000100233,Right,BOC_EAG,828d890d-4775-449b-a171-d36d952f3320,55.07371,-116.33715,14.08231,5.59626,-0.6873,-15.77955,-1.71824,7.29804,2.21771,,,,,,,,,,,,,,,,,,,,,,,,,,,,,,,,,,,,,,,,,,,,,,,,,,,High,High,High,,,,,,47.840381,74.770356,594.826335,0.262688,7:30,-0.952985,0.190665,0.235514,99.564577,-24.797989,23.390364,135.468568,-26.694562,0.626552,-0.449234,-0.636884,35.197701,-38.796165,0.449234,-0.626552,0.636884,-35.197701,38.796165,-0.449234,0.626552,0.636884,-135.468568,26.694562,-0.626552,0.449234,-0.636884,,,
295,2026-05-15,20:43:23.26,5,1,"Hartsell, Chase",1000116331,Right,BOC_EAG,"Hernandez, Alex",815415,Right,GIT_YEL,Undefined,8,Top,0,0,0,Slider,Slider,BallCalled,Undefined,Undefined,Undefined,0,0,,78.79136,0.071501,-2.344661,2215.221593,88.676815,9:00,5.62487,1.57946,5.37409,-45.60085,1.52965,-12.60083,1.89189,-1.66999,70.79829,-8.289364,-4.582858,0.494109,,,,,,,,,,,,5.44874,1.30433,-1.36024,50,5.59966,5.18212,-113.9852,-1.40456,6.97441,26.23904,-30.50451,BOC_EAG,GIT_YEL,HarringtonVillage,D1,ACC,20260515-HarringtonVillage-2,3eeeb410-50c0-11f1-90ac-456ae51230df,76.28372,,,7.99308,,,,,,,4293fdce-3634-4d91-8f36-83916a8b87e1,2026-05-16,00:43:23.26,2026-05-15T20:43:23.2670000-04:00,2026-05-16T00:43:23.2670000Z,,v3,227,100,26604,"Johnson, Gunnar",1000100233,Right,BOC_EAG,bf33c1c7-271d-45f9-a431-9a24f133b433,55.12065,-115.15792,13.11952,5.63197,-0.0412,-15.25225,-1.58489,4.87041,3.48721,,,,,,,,,,,,,,,,,,,,,,,,,,,,,,,,,,,,,,,,,,,,,,,,,,,High,High,High,,,,,,47.402371,67.689776,840.945176,0.379621,7:30,-0.913507,0.280603,0.294564,103.033071,-21.34184,15.734741,134.591215,-25.81034,0.641091,-0.435394,-0.632008,34.563152,-39.87325,0.435394,-0.641091,0.632008,-34.563152,39.87325,-0.435394,0.641091,0.632008,-134.591215,25.81034,-0.641091,0.435394,-0.632008,,,
296,2026-05-15,20:43:44.04,5,2,"Hartsell, Chase",1000116331,Right,BOC_EAG,"Hernandez, Alex",815415,Right,GIT_YEL,Undefined,8,Top,0,1,0,Slider,Curveball,StrikeCalled,Undefined,Undefined,Undefined,0,0,,77.73688,1.352595,-1.059258,2312.87993,44.869072,7:30,5.5633,1.53919,5.43399,-51.5242,-3.57303,-5.32075,2.53673,0.10372,70.10816,-8.085985,-2.00701,0.498392,,,,,,,,,,,,2.30902,-1.72047,-1.44162,50,5.64775,2.29386,-112.62007,0.9168,2.90368,24.42901,-34.33763,BOC_EAG,GIT_YEL,HarringtonVillage,D1,ACC,20260515-HarringtonVillage-2,4b4f57f0-50c0-11f1-90ac-456ae51230df,75.6281,,,7.62872,,,,,,,4293fdce-3634-4d91-8f36-83916a8b87e1,2026-05-16,00:43:44.04,2026-05-15T20:43:44.0410000-04:00,2026-05-16T00:43:44.0410000Z,,v3,227,100,26604,"Johnson, Gunnar",1000100233,Right,BOC_EAG,1bb6e973-a559-4049-9a2a-adcd916cf5a3,55.06295,-113.71299,12.2145,5.57237,2.45303,-17.16881,-1.54134,2.16395,1.45184,,,,,,,,,,,,,,,,,,,,,,,,,,,,,76.30155,1.5163,0.656998,0.859302,0.10177,2.34684,-0.05738,-1.00451,5.95108,-3.38644,62.82696,-1.05092,-61.94907,-0.98189,80.19235,-6.9828,5.96399,2.79247,-12.79564,-3.42797,-76.86422,10.33215,High,High,High,,,High,High,Medium,49.161872,68.757361,837.998723,0.362318,7:45,-0.920786,0.29604,0.253994,100.847733,-27.040979,23.027096,143.578475,-25.463202,0.536048,-0.429931,-0.726506,30.616162,-32.415019,0.429931,-0.536048,0.726506,-30.616162,32.415019,-0.429931,0.536048,0.726506,-143.578475,25.463202,-0.536048,0.429931,-0.726506,,,
297,2026-05-15,20:44:19.61,5,3,"Hartsell, Chase",1000116331,Right,BOC_EAG,"Hernandez, Alex",815415,Right,GIT_YEL,Undefined,8,Top,0,1,1,Slider,Curveball,StrikeCalled,Undefined,Undefined,Undefined,0,0,,77.21963,1.987877,-0.723933,2328.898051,54.041471,7:45,5.51574,1.55189,5.37399,-51.8629,-3.12118,-6.79583,3.0584,0.30684,69.50966,-7.516363,-1.932591,0.502483,,,,,,,,,,,,3.12941,-1.62295,-1.48219,50,5.65783,1.68827,-111.81224,2.11328,3.88032,24.02076,-34.18644,BOC_EAG,GIT_YEL,HarringtonVillage,D1,ACC,20260515-HarringtonVillage-2,608d4550-50c0-11f1-90ac-456ae51230df,75.0123,,,7.70997,,,,,,,4293fdce-3634-4d91-8f36-83916a8b87e1,2026-05-16,00:44:19.61,2026-05-15T20:44:19.6180000-04:00,2026-05-16T00:44:19.6180000Z,,v3,227,100,26604,"Johnson, Gunnar",1000100233,Right,BOC_EAG,28292271-b016-4920-8b08-50141d7451ce,55.12166,-112.90717,12.01038,5.52599,3.67159,-17.09322,-1.55511,1.5114,1.94016,,,,,,,,,,,,,,,,,,,,,,,,,,,,,,,,,,,,,,,,,,,,,,,,,,,High,High,High,,,,,,48.009425,67.093992,906.454981,0.389221,7:30,-0.907193,0.321069,0.271876,100.896375,-26.670208,23.947509,146.372751,-24.923903,0.502212,-0.421414,-0.755111,29.165116,-30.146481,0.421414,-0.502212,0.755111,-29.165116,30.146481,-0.421414,0.502212,0.755111,-146.372751,24.923903,-0.502212,0.421414,-0.755111,,,
298,2026-05-15,20:44:43.82,5,4,"Hartsell, Chase",1000116331,Right,BOC_EAG,"Hernandez, Alex",815415,Right,GIT_YEL,Undefined,8,Top,0,1,2,ChangeUp,Changeup,FoulBallNotFieldable,Undefined,Undefined,Undefined,0,0,,79.77105,0.402506,-2.206171,2213.016538,244.060893,2:15,5.56901,1.4525,6.30937,-32.57573,12.14107,21.08651,3.22543,1.1764,70.60543,-5.808809,1.60754,0.48129,,,,,,,,,,,,-11.67611,6.68713,-1.29973,50,5.58349,3.64668,-115.50283,-0.07463,-15.20259,28.75684,-23.4672,BOC_EAG,GIT_YEL,HarringtonVillage,D1,ACC,20260515-HarringtonVillage-2,6eeaa390-50c0-11f1-90ac-456ae51230df,78.31544,,,9.16562,,,,,,,4293fdce-3634-4d91-8f36-83916a8b87e1,2026-05-16,00:44:43.82,2026-05-15T20:44:43.8270000-04:00,2026-05-16T00:44:43.8270000Z,,v3,227,100,26604,"Johnson, Gunnar",1000100233,Right,BOC_EAG,d2f9f955-b2e6-4ba0-9611-150cb606c9c7,54.18336,-116.53971,14.37842,5.57092,0.77153,-11.7336,-1.4411,4.19484,-7.6013,,,,,,,,,,,,,,,,,,,,,,,,,,,,,,,,,,,,,,,,,,,,,,,,,,,High,High,High,,,,,,250.34311,-20.65449,2070.773789,0.935724,2:15,0.334159,-0.88365,-0.327872,-56.212503,-0.371173,17.761152,177.261896,-14.627382,0.046222,-0.252532,-0.966484,14.643383,-2.649294,0.252532,-0.046222,0.966484,-14.643383,2.649294,-0.252532,0.046222,0.966484,-177.261896,14.627382,-0.046222,0.252532,-0.966484,,,
299,2026-05-15,20:45:12.13,5,5,"Hartsell, Chase",1000116331,Right,BOC_EAG,"Hernandez, Alex",815415,Right,GIT_YEL,Undefined,8,Top,0,1,2,ChangeUp,Changeup,StrikeSwinging,Strikeout,Undefined,Undefined,0,2,,78.82194,1.273088,-1.862835,2211.771689,258.89113,2:45,5.6022,1.32774,6.2907,-39.72888,5.67622,19.89895,3.46545,1.26874,70.44897,-6.207376,1.735724,0.48498,,,,,,,,,,,,-10.87552,3.04807,-1.19913,50,5.67757,2.97084,-114.24791,1.39425,-13.98945,26.29883,-28.25323,BOC_EAG,GIT_YEL,HarringtonVillage,D1,ACC,20260515-HarringtonVillage-2,7fd6ea10-50c0-11f1-90ac-456ae51230df,77.71959,,,8.37297,,,,,,,4293fdce-3634-4d91-8f36-83916a8b87e1,2026-05-16,00:45:12.13,2026-05-15T20:45:12.1340000-04:00,2026-05-16T00:45:12.1340000Z,,v3,227,100,26604,"Johnson, Gunnar",1000100233,Right,BOC_EAG,007e796f-8efb-480c-be9c-dc164abc2ee2,54.20415,-115.2116,13.14941,5.60751,2.42956,-14.12661,-1.31739,3.48347,-6.99472,,,,,,,,,,,,,,,,,,,,,,,,,,,,,,,,,,,,,,,,,,,,,,,,,,,High,High,High,,,,,,252.981331,-27.162318,1967.850439,0.889717,2:30,0.428802,-0.860688,-0.274489,-48.122727,-10.981081,22.50451,179.203994,-25.472798,0.012542,-0.430083,-0.902702,25.474946,-0.718622,0.430083,-0.012542,0.902702,-25.474946,0.718622,-0.430083,0.012542,0.902702,-179.203994,25.472798,-0.012542,0.430083,-0.902702,,,
300,2026-05-15,20:45:48.07,6,1,"Hartsell, Chase",1000116331,Right,BOC_EAG,"Schmidt, Kent",812674,Left,GIT_YEL,Undefined,8,Top,1,0,0,Slider,Curveball,StrikeCalled,Undefined,Undefined,Undefined,0,0,,79.13868,0.831002,-0.665788,2283.715043,40.653509,7:15,5.57459,1.54303,5.36018,-50.56676,-4.59725,-5.29965,2.14009,0.47702,72.03621,-8.384829,-1.609199,0.487985,,,,,,,,,,,,2.45043,-2.10106,-1.47932,50,5.61328,1.54739,-114.78998,-0.09865,3.23036,23.62632,-34.94384,BOC_EAG,GIT_YEL,HarringtonVillage,D1,ACC,20260515-HarringtonVillage-2,9546bce0-50c0-11f1-90ac-456ae51230df,77.24103,,,7.10247,,,,,,,4293fdce-3634-4d91-8f36-83916a8b87e1,2026-05-16,00:45:48.07,2026-05-15T20:45:48.0720000-04:00,2026-05-16T00:45:48.0720000Z,,v3,227,100,26604,"Johnson, Gunnar",1000100233,Right,BOC_EAG,7a79e11e-5a5b-4803-a847-925b26b3969e,55.13853,-115.84278,11.81316,5.58299,1.45845,-17.47192,-1.54507,1.40344,1.61518,,,,,,,,,,,,,,,,,,,,,,,,,,,,,,,,,,,,,,,,,,,,,,,,,,,High,High,High,,,,,,47.962621,68.81388,825.331669,0.361399,7:30,-0.925546,0.281909,0.25277,107.869529,-26.334961,19.922977,141.354646,-21.356211,0.581617,-0.364165,-0.727397,26.594454,-35.564319,0.364165,-0.581617,0.727397,-26.594454,35.564319,-0.364165,0.581617,0.727397,-141.354646,21.356211,-0.581617,0.364165,-0.727397,,,
301,2026-05-15,20:46:10.31,6,2,"Hartsell, Chase",1000116331,Right,BOC_EAG,"Schmidt, Kent",812674,Left,GIT_YEL,Undefined,8,Top,1,0,1,Slider,Curveball,BallCalled,Undefined,Undefined,Undefined,0,0,,78.45897,1.224807,0.083724,2322.833915,50.721944,7:45,5.52772,1.65539,5.34547,-52.37558,-5.37689,-8.61898,2.31215,1.01568,71.09026,-8.331018,-1.450155,0.493417,,,,,,,,,,,,4.33776,-2.58429,-1.65657,50,5.60074,0.18177,-113.74521,0.60996,5.58972,24.05456,-35.50425,BOC_EAG,GIT_YEL,HarringtonVillage,D1,ACC,20260515-HarringtonVillage-2,a27f4a30-50c0-11f1-90ac-456ae51230df,76.3906,,,7.3687,,,,,,,4293fdce-3634-4d91-8f36-83916a8b87e1,2026-05-16,00:46:10.31,2026-05-15T20:46:10.3150000-04:00,2026-05-16T00:46:10.3150000Z,,v3,227,100,26604,"Johnson, Gunnar",1000100233,Right,BOC_EAG,18b2eca8-7e15-4c85-92a2-0610b6b7fdba,55.15275,-114.82973,12.02728,5.53716,2.2107,-17.75212,-1.65908,-0.07025,2.79486,,,,,,,,,,,,,,,,,,,,,,,,,,,,,75.51523,1.537994,0.658893,0.879102,0.10396,2.11689,-0.98201,-0.08877,5.13939,-1.91762,67.15077,8.13958,-57.6475,-0.06685,81.56449,-5.83687,5.16101,15.96905,-14.34394,-1.9715,-71.89314,9.81576,High,High,High,,,High,High,High,46.355508,67.007554,907.321615,0.39061,7:30,-0.914697,0.302272,0.268255,98.537348,-19.25445,22.997005,139.704653,-23.072744,0.594995,-0.3919,-0.701709,29.183038,-36.512262,0.3919,-0.594995,0.701709,-29.183038,36.512262,-0.3919,0.594995,0.701709,-139.704653,23.072744,-0.594995,0.3919,-0.701709,,,
302,2026-05-15,20:47:13.02,6,3,"Hartsell, Chase",1000116331,Right,BOC_EAG,"Schmidt, Kent",812674,Left,GIT_YEL,Undefined,8,Top,1,1,1,ChangeUp,Changeup,BallCalled,Undefined,Undefined,StolenBase,0,0,,80.16406,0.972491,-0.2458,2310.160256,251.21706,2:15,5.52126,1.4539,6.06609,-35.3288,8.96142,21.27974,3.47727,2.99973,71.61926,-5.678871,3.585982,0.478989,,,,,,,,,,,,-10.91607,4.78677,-1.44533,50,5.57841,-0.33476,-116.19019,0.92525,-14.50687,27.42017,-25.81265,BOC_EAG,GIT_YEL,HarringtonVillage,D1,ACC,20260515-HarringtonVillage-2,c7e2d2b0-50c0-11f1-90ac-456ae51230df,78.69172,,,8.5448,,,,,,,4293fdce-3634-4d91-8f36-83916a8b87e1,2026-05-16,00:47:13.02,2026-05-15T20:47:13.0200000-04:00,2026-05-16T00:47:13.0200000Z,,v3,227,100,26604,"Johnson, Gunnar",1000100233,Right,BOC_EAG,fa92346b-b8f5-4109-873d-642afff2bae3,54.42805,-117.23053,13.71009,5.52472,1.90459,-12.90633,-1.44307,0.21564,-7.25344,,,,,,,,,,,,,,,,,,,,,,,,,,,,,79.63941,,0.828365,,-1.24986,3.20256,-3.17136,0.38652,5.49747,-1.7218,,,,0.43385,115.38699,-10.63132,5.5182,5.94144,-13.59567,-1.75157,-10.57297,4.60592,High,High,High,,,High,High,Low,250.352928,-23.155785,2124.051603,0.919439,2:15,0.37715,-0.87246,-0.31076,-50.759689,-4.004983,18.693969,176.59344,-20.792478,0.055551,-0.354984,-0.93322,20.826128,-3.184461,0.354984,-0.055551,0.93322,-20.826128,3.184461,-0.354984,0.055551,0.93322,-176.59344,20.792478,-0.055551,0.354984,-0.93322,,,
303,2026-05-15,20:48:02.67,6,4,"Hartsell, Chase",1000116331,Right,BOC_EAG,"Schmidt, Kent",812674,Left,GIT_YEL,Undefined,8,Top,1,2,1,Slider,Curveball,BallCalled,Undefined,Undefined,Undefined,0,0,,79.00045,1.724295,0.561902,2185.538169,40.996129,7:15,5.49526,1.63483,5.18311,-53.09152,-6.4678,-7.05823,2.69384,1.57532,71.52917,-7.933919,-0.690038,0.491445,,,,,,,,,,,,3.675,-3.2298,-1.68151,50,5.61542,-0.82771,-114.4738,1.53067,4.80311,24.09956,-36.3953,BOC_EAG,GIT_YEL,HarringtonVillage,D1,ACC,20260515-HarringtonVillage-2,e570bdb0-50c0-11f1-90ac-456ae51230df,76.69716,,,7.47128,,,,,,,4293fdce-3634-4d91-8f36-83916a8b87e1,2026-05-16,00:48:02.67,2026-05-15T20:48:02.6750000-04:00,2026-05-16T00:48:02.6750000Z,,v3,227,100,26604,"Johnson, Gunnar",1000100233,Right,BOC_EAG,1563e9be-3878-446a-b8ce-61129b619f77,55.31475,-115.58727,12.04978,5.50586,3.21224,-18.19765,-1.63814,-1.04963,2.40155,,,,,,,,,,,,,,,,,,,,,,,,,,,,,,,,,,,,,,,,,,,,,,,,,,,High,High,High,,,,,,44.983488,73.496379,620.858826,0.284076,7:30,-0.95425,0.229574,0.191581,-65.720439,47.779709,50.779714,143.819934,-25.305566,0.533678,-0.427446,-0.729711,30.360661,-32.254295,0.427446,-0.533678,0.729711,-30.360661,32.254295,-0.427446,0.533678,0.729711,-143.819934,25.305566,-0.533678,0.427446,-0.729711,,,
304,2026-05-15,20:48:21.29,6,5,"Hartsell, Chase",1000116331,Right,BOC_EAG,"Schmidt, Kent",812674,Left,GIT_YEL,Undefined,8,Top,1,3,1,FourSeamFastBall,Four-Seam,StrikeCalled,Undefined,Undefined,Undefined,0,1,,88.86764,-1.58566,-2.809112,2169.520418,219.26021,1:15,5.60511,1.5029,6.05017,-18.82529,17.53052,13.08201,2.56633,-0.00945,78.71096,-5.229046,-0.456982,0.433969,,,,,,,,,,,,-7.70796,10.00402,-1.29082,50,5.47168,5.73527,-128.50867,-4.07295,-12.46891,34.72608,-15.99091,BOC_EAG,GIT_YEL,HarringtonVillage,D1,ACC,20260515-HarringtonVillage-2,f0853280-50c0-11f1-90ac-456ae51230df,86.85522,,,10.15669,,,,,,,4293fdce-3634-4d91-8f36-83916a8b87e1,2026-05-16,00:48:21.29,2026-05-15T20:48:21.2990000-04:00,2026-05-16T00:48:21.2990000Z,,v3,227,100,26604,"Johnson, Gunnar",1000100233,Right,BOC_EAG,61aa87fd-e322-49dd-b201-89cd5b3544c8,54.4418,-129.7034,17.36304,5.60234,-3.52279,-7.99545,-1.49552,6.16426,-6.23446,,,,,,,,,,,,,,,,,,,,,,,,,,,,,,,,,,,,,,,,,,,,,,,,,,,High,High,High,,,,,,232.603383,20.51999,2031.864229,0.93655,1:45,-0.357291,-0.753457,-0.551947,-59.695956,-21.290468,-61.163383,164.764225,14.808363,0.254063,0.255587,-0.932806,15.322857,14.718091,0.255587,0.254063,0.932806,-15.322857,-14.718091,-0.255587,-0.254063,0.932806,-164.764225,-14.808363,-0.254063,-0.255587,-0.932806,,,
305,2026-05-15,20:48:42.23,6,6,"Hartsell, Chase",1000116331,Right,BOC_EAG,"Schmidt, Kent",812674,Left,GIT_YEL,Undefined,8,Top,1,3,2,Slider,Curveball,StrikeSwinging,Strikeout,Undefined,Undefined,0,0,,78.97761,0.94881,-0.566052,2251.354384,43.42786,7:30,5.55757,1.46553,5.29457,-50.20904,-3.47555,-4.94441,2.26445,0.52201,71.16168,-8.226534,-1.445099,0.492023,,,,,,,,,,,,2.27232,-1.53303,-1.41032,50,5.60759,1.33334,-114.39998,0.13494,2.94564,25.3972,-34.16135,BOC_EAG,GIT_YEL,HarringtonVillage,D1,ACC,20260515-HarringtonVillage-2,fd0aea90-50c0-11f1-90ac-456ae51230df,76.60703,,,7.81593,,,,,,,4293fdce-3634-4d91-8f36-83916a8b87e1,2026-05-16,00:48:42.23,2026-05-15T20:48:42.2370000-04:00,2026-05-16T00:48:42.2370000Z,,v3,227,100,26604,"Johnson, Gunnar",1000100233,Right,BOC_EAG,0c49c027-625a-4578-8b18-dc3f1b02316d,55.20195,-115.54906,12.6986,5.56652,1.68055,-17.08068,-1.46763,1.20007,1.47282,,,,,,,,,,,,,,,,,,,,,,,,,,,,,,,,,,,,,,,,,,,,,,,,,,,High,High,High,,,,,,43.98199,73.131755,653.279676,0.290172,7:30,-0.951397,0.217324,0.218205,101.266723,-32.895804,19.986867,138.420577,-30.86602,0.569663,-0.513032,-0.642092,38.624915,-34.726752,0.513032,-0.569663,0.642092,-38.624915,34.726752,-0.513032,0.569663,0.642092,-138.420577,30.86602,-0.569663,0.513032,-0.642092,,,
306,2026-05-15,20:49:14.47,7,1,"Hartsell, Chase",1000116331,Right,BOC_EAG,"Brosius, Parker",702701,Right,GIT_YEL,Undefined,8,Top,2,0,0,Fastball,Four-Seam,StrikeCalled,Undefined,Undefined,Undefined,0,0,,87.66959,-2.324093,-2.952554,2040.372378,212.418913,1:00,5.75846,1.21008,6.13135,-18.17466,18.99273,11.08823,2.09172,-0.59737,77.94252,-5.848773,-0.956442,0.438785,,,,,,,,,,,,-6.79004,11.07288,-0.98996,50,5.57141,6.07857,-126.78543,-5.62248,-10.71854,33.21111,-14.69479,BOC_EAG,GIT_YEL,HarringtonVillage,D1,ACC,20260515-HarringtonVillage-2,103699c0-50c1-11f1-90ac-456ae51230df,85.90174,,,9.72707,,,,,,,4293fdce-3634-4d91-8f36-83916a8b87e1,2026-05-16,00:49:14.47,2026-05-15T20:49:14.4710000-04:00,2026-05-16T00:49:14.4710000Z,,v3,227,100,26604,"Johnson, Gunnar",1000100233,Right,BOC_EAG,3be3fbf2-ea08-411b-bae6-206f6f88f35f,54.36253,-127.92308,16.60556,5.75539,-5.11911,-7.3474,-1.20448,6.44573,-5.35927,,,,,,,,,,,,,,,,,,,,,,,,,,,,,,,,,,,,,,,,,,,,,,,,,,,High,High,High,,,,,,229.072119,18.645188,1933.286619,0.947517,1:45,-0.322001,-0.728258,-0.604943,-62.221541,-7.49587,-58.126459,157.644151,15.982705,0.365655,0.275347,-0.88909,17.207525,21.447901,0.275347,0.365655,0.88909,-17.207525,-21.447901,-0.275347,-0.365655,0.88909,-157.644151,-15.982705,-0.365655,-0.275347,-0.88909,,,
307,2026-05-15,20:49:45.00,7,2,"Hartsell, Chase",1000116331,Right,BOC_EAG,"Brosius, Parker",702701,Right,GIT_YEL,Undefined,8,Top,2,0,1,ChangeUp,Changeup,StrikeSwinging,Undefined,Undefined,Undefined,0,0,,79.46732,-1.525856,-4.079332,2318.187543,247.867635,2:15,5.54787,1.35978,6.42633,-33.22856,11.36831,23.5547,1.37243,-0.4332,71.1406,-7.816868,0.185026,0.480644,,,,,,,,,,,,-13.66265,6.99638,-1.07829,50,5.42427,7.34096,-114.99029,-3.96554,-17.8058,26.61964,-23.05603,BOC_EAG,GIT_YEL,HarringtonVillage,D1,ACC,20260515-HarringtonVillage-2,22721c90-50c1-11f1-90ac-456ae51230df,78.42068,,,8.32673,,,,,,,4293fdce-3634-4d91-8f36-83916a8b87e1,2026-05-16,00:49:45.00,2026-05-15T20:49:45.0050000-04:00,2026-05-16T00:49:45.0050000Z,,v3,227,100,26604,"Johnson, Gunnar",1000100233,Right,BOC_EAG,01734bcc-8f4c-4188-a9e2-cdc35c395fef,54.06952,-115.92854,13.30982,5.54971,-3.1529,-11.52802,-1.34809,7.96855,-8.9029,,,,,,,,,,,,,,,,,,,,,,,,,,,,,,,,,,,,,,,,,,,,,,,,,,,High,High,High,,,,,,250.868899,-24.652354,2106.897164,0.908855,2:15,0.417525,-0.847249,-0.328394,-59.788335,-1.712284,17.431295,172.125957,-10.509974,0.134697,-0.182407,-0.973953,10.607749,-7.741125,0.182407,-0.134697,0.973953,-10.607749,7.741125,-0.182407,0.134697,0.973953,-172.125957,10.509974,-0.134697,0.182407,-0.973953,,,
308,2026-05-15,20:50:05.36,7,3,"Hartsell, Chase",1000116331,Right,BOC_EAG,"Brosius, Parker",702701,Right,GIT_YEL,Undefined,8,Top,2,0,2,ChangeUp,Changeup,StrikeSwinging,Strikeout,Undefined,Undefined,0,0,,78.82523,-1.606569,-3.886872,2306.703991,252.148013,2:30,5.60236,1.30875,6.44293,-36.46156,8.68792,21.5119,1.08389,-0.47557,70.89508,-8.468805,0.011569,0.483613,,,,,,,,,,,,-12.56623,5.60965,-1.04152,50,5.47216,6.99043,-114.12891,-4.204,-16.17691,25.69884,-24.95254,BOC_EAG,GIT_YEL,HarringtonVillage,D1,ACC,20260515-HarringtonVillage-2,2e94cd10-50c1-11f1-90ac-456ae51230df,77.93929,,,7.93014,,,,,,,4293fdce-3634-4d91-8f36-83916a8b87e1,2026-05-16,00:50:05.36,2026-05-15T20:50:05.3630000-04:00,2026-05-16T00:50:05.3630000Z,,v3,227,100,26604,"Johnson, Gunnar",1000100233,Right,BOC_EAG,f66d2b03-9656-4f6a-aaa4-261fce245fcb,54.05401,-115.03815,12.84942,5.60528,-3.32116,-12.47627,-1.29897,7.56278,-8.08845,,,,,,,,,,,,,,,,,,,,,,,,,,,,,,,,,,,,,,,,,,,,,,,,,,,High,High,High,,,,,,249.724831,-24.43981,2100.015028,0.910396,2:15,0.415125,-0.842052,-0.344411,-44.965707,3.272261,23.698024,176.157196,-24.984571,0.060748,-0.422374,-0.904384,25.033981,-3.482734,0.422374,-0.060748,0.904384,-25.033981,3.482734,-0.422374,0.060748,0.904384,-176.157196,24.984571,-0.060748,0.422374,-0.904384,,,
309,2026-05-15,20:50:42.19,1,1,"Patel, Mason",822715,Right,GIT_YEL,"Surowiec, Danny",831970,Left,BOC_EAG,Undefined,8,Bottom,0,0,0,Undefined,Changeup,Undefined,Undefined,Undefined,Undefined,0,0,,84.68801,-0.229031,-3.680422,2027.547612,214.858745,1:15,5.28157,2.12743,6.06086,-22.19856,17.31182,11.02575,3.21927,-0.36479,75.94782,-4.474464,-1.701268,0.452405,,,,,,,,,,,,-6.84489,9.39024,-1.84702,50,5.25198,7.43384,-122.5776,-1.10118,-10.22202,28.40064,-18.1508,BOC_EAG,GIT_YEL,HarringtonVillage,D1,ACC,20260515-HarringtonVillage-2,448e6950-50c1-11f1-90ac-456ae51230df,83.31577,,,8.74019,,,,,,,4293fdce-3634-4d91-8f36-83916a8b87e1,2026-05-16,00:50:42.19,2026-05-15T20:50:42.1970000-04:00,2026-05-16T00:50:42.1970000Z,,v3,227,100,26604,"Lackey, Vahn",822518,Right,GIT_YEL,893833cf-8690-4a6a-a715-45e6bb02dfb7,54.43306,-123.60045,14.20032,5.27987,-0.44747,-9.0754,-2.12138,7.80199,-5.11101,,,,,,,,,,,,,,,,,,,,,,,,,,,,,,,,,,,,,,,,,,,,,,,,,,,High,High,High,,,,,,236.044289,22.927443,1867.369157,0.920999,1:45,-0.418733,-0.765492,-0.488554,-56.205793,-43.866218,-41.59133,168.541768,3.91431,0.19819,0.068264,-0.977784,3.993655,11.431142,0.068264,0.19819,0.977784,-3.993655,-11.431142,-0.068264,-0.19819,0.977784,-168.541768,-3.91431,-0.19819,-0.068264,-0.977784,,,
310,2026-05-15,20:50:53.59,1,2,"Patel, Mason",822715,Right,GIT_YEL,"Williams, Ben",831962,Right,BOC_EAG,Undefined,8,Bottom,0,0,0,Undefined,Sinker,Undefined,Undefined,Undefined,Undefined,0,0,,86.60485,-0.431027,-2.899519,2111.592003,233.404862,1:45,5.3716,2.05678,5.80758,-24.9486,13.25398,15.87343,2.89119,0.68085,77.50612,-5.145635,-0.058185,0.444854,,,,,,,,,,,,-8.99067,7.31737,-1.82791,50,5.32169,5.66036,-125.36623,-1.72746,-14.00246,30.39839,-20.77771,BOC_EAG,GIT_YEL,HarringtonVillage,D1,ACC,20260515-HarringtonVillage-2,4b4ffec0-50c1-11f1-90ac-456ae51230df,84.72988,,,9.09873,,,,,,,4293fdce-3634-4d91-8f36-83916a8b87e1,2026-05-16,00:50:53.59,2026-05-15T20:50:53.5960000-04:00,2026-05-16T00:50:53.5960000Z,,v3,227,100,26604,"Lackey, Vahn",822518,Right,GIT_YEL,c27a6795-6a6e-4d06-8c73-f6bbf88dd246,54.68627,-126.49744,15.19919,5.37159,-0.95426,-10.38885,-2.04824,6.18143,-7.00123,,,,,,,,,,,,,,,,,,,,,,,,,,,,,,,,,,,,,,,,,,,,,,,,,,,High,High,High,,,,,,231.146191,19.5396,1989.986587,0.942411,1:45,-0.358413,-0.736397,-0.573812,-56.626256,-22.933221,-29.220804,169.618511,-0.411318,0.180197,-0.007179,-0.983604,0.418163,-10.381219,0.007179,-0.180197,0.983604,-0.418163,10.381219,-0.007179,0.180197,0.983604,-169.618511,0.411318,-0.180197,0.007179,-0.983604,,,
311,2026-05-15,20:51:06.86,1,3,"Patel, Mason",822715,Right,GIT_YEL,"Williams, Ben",831962,Right,BOC_EAG,Undefined,8,Bottom,0,0,0,Undefined,Changeup,Undefined,Undefined,Undefined,Undefined,0,0,,86.18924,-1.229571,-4.219412,2082.977039,250.194719,2:15,5.2767,1.89284,5.92407,-30.04407,8.27477,19.01966,1.62882,-0.44454,77.64427,-6.841775,-0.811489,0.445531,,,,,,,,,,,,-11.11973,5.05221,-1.56557,50,5.16125,8.41603,-124.7096,-3.66045,-17.21222,29.08418,-24.35375,BOC_EAG,GIT_YEL,HarringtonVillage,D1,ACC,20260515-HarringtonVillage-2,53427310-50c1-11f1-90ac-456ae51230df,84.60122,,,8.54498,,,,,,,4293fdce-3634-4d91-8f36-83916a8b87e1,2026-05-16,00:51:06.86,2026-05-15T20:51:06.8640000-04:00,2026-05-16T00:51:06.8640000Z,,v3,227,100,26604,"Lackey, Vahn",822518,Right,GIT_YEL,7f0be4c2-4658-4f0e-a87c-6241f4db94b0,54.57338,-125.77166,14.54209,5.27868,-2.77113,-12.17687,-1.88437,9.04456,-8.60611,,,,,,,,,,,,,,,,,,,,,,,,,,,,,,,,,,,,,,,,,,,,,,,,,,,High,High,High,,,,,,229.806843,24.610524,1893.758637,0.90916,1:45,-0.443531,-0.703259,-0.555614,53.166202,45.998052,38.46044,157.354436,67.725294,0.145944,0.925377,-0.349825,69.291665,8.391976,0.925377,0.145944,0.349825,-69.291665,-8.391976,-0.925377,-0.145944,0.349825,-157.354436,-67.725294,-0.145944,-0.925377,-0.349825,,,
312,2026-05-15,20:51:20.78,1,4,"Patel, Mason",822715,Right,GIT_YEL,"Williams, Ben",831962,Right,BOC_EAG,Undefined,8,Bottom,0,0,0,Undefined,Curveball,Undefined,Undefined,Undefined,Undefined,0,0,,79.0605,1.315303,-1.910234,2446.096804,44.347057,7:30,5.29789,2.13464,5.3681,-49.76365,-3.66768,-5.12311,2.38508,-0.08402,71.89074,-7.763434,-2.820745,0.488656,,,,,,,,,,,,1.97394,-1.78425,-1.9595,50,5.38067,4.0283,-114.60061,0.90654,2.59456,23.48069,-34.51928,BOC_EAG,GIT_YEL,HarringtonVillage,D1,ACC,20260515-HarringtonVillage-2,5b97a0d0-50c1-11f1-90ac-456ae51230df,77.13498,,,7.16976,,,,,,,4293fdce-3634-4d91-8f36-83916a8b87e1,2026-05-16,00:51:20.78,2026-05-15T20:51:20.7840000-04:00,2026-05-16T00:51:20.7840000Z,,v3,227,100,26604,"Lackey, Vahn",822518,Right,GIT_YEL,e53e44c1-5e74-4c67-9ad1-89a662e67491,55.13036,-115.647,11.74035,5.306,2.44485,-17.25964,-2.13644,3.91267,1.29728,,,,,,,,,,,,,,,,,,,,,,,,,,,,,,,,,,,,,,,,,,,,,,,,,,,High,High,High,,,,,,143.890689,87.576853,103.419214,0.042279,10:45,-0.998854,0.047844,-0.000862,38.180633,-44.935876,-84.680445,133.845228,5.744963,0.717591,0.100101,-0.689233,8.263555,45.855963,0.100101,0.717591,0.689233,-8.263555,-45.855963,-0.100101,-0.717591,0.689233,-133.845228,-5.744963,-0.717591,-0.100101,-0.689233,,,
313,2026-05-15,20:51:34.77,1,5,"Patel, Mason",822715,Right,GIT_YEL,"Williams, Ben",831962,Right,BOC_EAG,Undefined,8,Bottom,0,0,0,Undefined,Changeup,Undefined,Undefined,Undefined,Undefined,0,0,,80.22359,1.302177,-3.80201,1747.230998,292.879329,3:45,5.07963,2.28555,5.64561,-49.97318,-5.52886,16.79135,2.13273,0.13319,72.74035,-7.854658,-0.806122,0.479821,,,,,,,,,,,,-9.7176,-2.77362,-1.97354,50,5.15848,7.05847,-116.18636,0.94746,-13.11493,24.34531,-35.91737,BOC_EAG,GIT_YEL,HarringtonVillage,D1,ACC,20260515-HarringtonVillage-2,63f4bdd0-50c1-11f1-90ac-456ae51230df,78.55516,,,7.48324,,,,,,,4293fdce-3634-4d91-8f36-83916a8b87e1,2026-05-16,00:51:34.77,2026-05-15T20:51:34.7730000-04:00,2026-05-16T00:51:34.7730000Z,,v3,227,100,26604,"Lackey, Vahn",822518,Right,GIT_YEL,6a46f19f-d1eb-4d74-94dc-745636797f6a,54.85459,-117.19915,12.17265,5.08799,2.44167,-17.95869,-2.27853,7.60408,-6.55746,,,,,,,,,,,,,,,,,,,,,,,,,,,,,,,,,,,,,,,,,,,,,,,,,,,High,High,High,,,,,,260.613441,2.575668,1745.465848,0.99899,2:45,-0.077981,-0.984338,-0.158107,81.797935,-8.158839,82.025403,155.852365,86.475652,0.025148,0.998109,-0.056093,86.783374,1.441016,0.998109,0.025148,0.056093,-86.783374,-1.441016,-0.998109,-0.025148,0.056093,-155.852365,-86.475652,-0.025148,-0.998109,-0.056093,,,
314,2026-05-15,20:52:30.96,1,6,"Patel, Mason",822715,Right,GIT_YEL,"Williams, Ben",831962,Right,BOC_EAG,Undefined,8,Bottom,0,0,0,Sinker,Slider,StrikeCalled,Undefined,Undefined,Undefined,0,0,,80.55452,1.007575,-2.744743,2398.295576,100.737863,9:15,5.18336,2.1144,5.61719,-41.4079,2.29012,-4.73654,2.67422,-0.84386,73.67286,-6.595465,-3.588922,0.475776,,,,,,,,,,,,1.60504,1.30244,-1.87691,50,5.24289,5.78855,-116.82161,0.67254,2.21045,22.71175,-30.38036,BOC_EAG,GIT_YEL,HarringtonVillage,D1,ACC,20260515-HarringtonVillage-2,856672b0-50c1-11f1-90ac-456ae51230df,79.22312,,,6.88166,,,,,,,4293fdce-3634-4d91-8f36-83916a8b87e1,2026-05-16,00:52:30.96,2026-05-15T20:52:30.9640000-04:00,2026-05-16T00:52:30.9640000Z,,v3,227,100,26604,"Lackey, Vahn",822518,Right,GIT_YEL,188ee757-a806-43ad-a7d3-4d50b2ff7f81,54.88085,-117.7667,11.35588,5.18861,1.93672,-15.19018,-2.11587,5.69657,1.10522,,,,,,,,,,,,,,,,,,,,,,,,,,,,,,,,,,,,,,,,,,,,,,,,,,,High,High,High,,,,,,161.12006,86.957198,127.306195,0.053082,11:15,-0.999394,0.034734,-0.002371,30.540686,-59.811136,-78.140848,132.488417,7.025522,0.731877,0.122311,-0.67037,10.34009,47.044001,0.122311,0.731877,0.67037,-10.34009,-47.044001,-0.122311,-0.731877,0.67037,-132.488417,-7.025522,-0.731877,-0.122311,-0.67037,,,
315,2026-05-15,20:52:49.05,1,7,"Patel, Mason",822715,Right,GIT_YEL,"Surowiec, Danny",831970,Left,BOC_EAG,Undefined,8,Bottom,0,0,1,ChangeUp,Changeup,FoulBallNotFieldable,Undefined,Undefined,Undefined,0,0,,81.11838,0.990031,-3.461654,1807.077617,270.465712,3:00,4.9575,2.25571,5.68861,-42.06746,1.40827,19.39631,2.37639,0.64178,73.23893,-6.776642,0.002205,0.474564,,,,,,,,,,,,-11.02953,0.79811,-1.97698,50,5.01452,6.34574,-117.49815,0.64171,-15.1803,25.48015,-31.0756,BOC_EAG,GIT_YEL,HarringtonVillage,D1,ACC,20260515-HarringtonVillage-2,9036d9a0-50c1-11f1-90ac-456ae51230df,79.42537,,,7.87946,,,,,,,4293fdce-3634-4d91-8f36-83916a8b87e1,2026-05-16,00:52:49.05,2026-05-15T20:52:49.0550000-04:00,2026-05-16T00:52:49.0550000Z,,v3,227,100,26604,"Lackey, Vahn",822518,Right,GIT_YEL,46cde56a-4f08-4c1b-a984-6067c3208ec0,54.81088,-118.53682,12.74008,4.96255,1.90847,-15.5378,-2.24827,6.96455,-7.59015,,,,,,,,,,,,,,,,,,,,,,,,,,,,,,,,,,,,,,,,,,,,,,,,,,,High,High,High,,,,,,263.909339,-4.353948,1801.86256,0.997114,2:45,0.05228,-0.992649,-0.109152,78.692194,-7.041303,89.575584,178.520613,-86.511133,0.001571,-0.998147,-0.060834,86.512293,-0.090017,0.998147,-0.001571,0.060834,-86.512293,0.090017,-0.998147,0.001571,0.060834,-178.520613,86.511133,-0.001571,0.998147,-0.060834,,,
316,2026-05-15,20:53:24.18,1,8,"Patel, Mason",822715,Right,GIT_YEL,"Surowiec, Danny",831970,Left,BOC_EAG,Undefined,8,Bottom,0,0,2,ChangeUp,Changeup,BallCalled,Undefined,Undefined,Undefined,0,0,,81.08967,0.224819,-3.010626,1792.254987,263.748873,2:45,4.95576,2.39191,5.60582,-39.73471,3.72209,20.09489,1.85469,1.25357,73.5384,-7.101121,0.57581,0.474461,,,,,,,,,,,,-11.08217,2.27154,-2.1474,50,4.94953,5.36875,-117.52551,-0.8685,-15.32222,24.65672,-29.03342,BOC_EAG,GIT_YEL,HarringtonVillage,D1,ACC,20260515-HarringtonVillage-2,a51568f0-50c1-11f1-90ac-456ae51230df,79.44271,,,7.55126,,,,,,,4293fdce-3634-4d91-8f36-83916a8b87e1,2026-05-16,00:53:24.18,2026-05-15T20:53:24.1810000-04:00,2026-05-16T00:53:24.1810000Z,,v3,227,100,26604,"Lackey, Vahn",822518,Right,GIT_YEL,0fc1ce25-2445-4f0b-a2d8-109fe6cf1831,54.89259,-118.54752,12.32836,4.96059,0.33493,-14.51671,-2.38309,6.00386,-7.66111,,,,,,,,,,,,,,,,,,,,,,,,,,,,,,,,,,,,,,,,,,,,,,,,,,,High,High,High,,,,,,263.464635,-5.56821,1783.798033,0.995281,2:45,0.087072,-0.989187,-0.118015,-84.332989,8.19909,-84.588095,90.232863,-1.43288,0.999679,-0.025006,-0.004063,80.771259,-88.548326,0.025006,-0.999679,0.004063,-80.771259,88.548326,-0.025006,0.999679,0.004063,-90.232863,1.43288,-0.999679,0.025006,-0.004063,,,
317,2026-05-15,20:53:42.96,1,9,"Patel, Mason",822715,Right,GIT_YEL,"Surowiec, Danny",831970,Left,BOC_EAG,Undefined,8,Bottom,0,1,2,Sinker,Four-Seam,BallCalled,Undefined,Undefined,Undefined,0,0,,89.83421,0.499799,-4.225034,2248.08143,220.990094,1:15,5.17011,2.16059,6.38408,-18.48509,16.0693,12.88792,4.09072,-0.65903,80.78361,-3.063074,-1.900077,0.423081,,,,,,,,,,,,-7.99524,8.54737,-1.86129,50,5.19744,9.07513,-130.08975,0.64694,-13.51112,30.82286,-17.7299,BOC_EAG,GIT_YEL,HarringtonVillage,D1,ACC,20260515-HarringtonVillage-2,b03c5450-50c1-11f1-90ac-456ae51230df,89.09046,,,9.0506,,,,,,,4293fdce-3634-4d91-8f36-83916a8b87e1,2026-05-16,00:53:42.96,2026-05-15T20:53:42.9650000-04:00,2026-05-16T00:53:42.9650000Z,,v3,227,100,26604,"Lackey, Vahn",822518,Right,GIT_YEL,f4350139-97be-40b3-bdbe-54d788a4678a,54.11115,-131.0602,15.41143,5.16828,1.20516,-8.86495,-2.15372,9.50053,-6.75556,,,,,,,,,,,,,,,,,,,,,,,,,,,,,,,,,,,,,,,,,,,,,,,,,,,High,High,High,,,,,,231.859399,27.238115,1998.796404,0.889112,1:45,-0.502967,-0.695265,-0.51345,-63.155939,-43.536409,-47.868779,166.988181,-3.56835,0.224716,-0.062239,-0.972435,3.662135,-12.986151,0.062239,-0.224716,0.972435,-3.662135,12.986151,-0.062239,0.224716,0.972435,-166.988181,3.56835,-0.224716,0.062239,-0.972435,,,
318,2026-05-15,20:54:01.82,1,10,"Patel, Mason",822715,Right,GIT_YEL,"Surowiec, Danny",831970,Left,BOC_EAG,Undefined,8,Bottom,0,2,2,ChangeUp,Changeup,BallCalled,Undefined,Undefined,Undefined,0,0,,81.72362,-0.533424,-4.587317,1935.730658,275.538381,3:15,4.89513,2.25562,5.67206,-43.31782,-0.59406,21.37222,0.78639,-0.24935,74.38805,-8.475236,-0.773889,0.470442,,,,,,,,,,,,-12.30705,0.25598,-1.88174,50,4.82255,8.64846,-118.308,-2.56933,-17.2751,24.59997,-31.81473,BOC_EAG,GIT_YEL,HarringtonVillage,D1,ACC,20260515-HarringtonVillage-2,bb89da80-50c1-11f1-90ac-456ae51230df,80.12135,,,7.33557,,,,,,,4293fdce-3634-4d91-8f36-83916a8b87e1,2026-05-16,00:54:01.82,2026-05-15T20:54:01.8260000-04:00,2026-05-16T00:54:01.8260000Z,,v3,227,100,26604,"Lackey, Vahn",822518,Right,GIT_YEL,30a64f13-b5ba-4f82-b82e-2efd9b8bad5d,54.82866,-119.3078,12.29999,4.9007,-1.2763,-15.90737,-2.2475,9.35056,-8.63755,,,,,,,,,,,,,,,,,,,,,,,,,,,,,,,,,,,,,,,,,,,,,,,,,,,High,High,High,,,,,,264.048844,-9.846723,1907.214964,0.985269,2:45,0.171382,-0.978324,-0.116232,-87.825392,8.874887,-84.463105,155.763015,-85.102655,0.035046,-0.996349,-0.077846,85.532498,-2.008382,0.996349,-0.035046,0.077846,-85.532498,2.008382,-0.996349,0.035046,0.077846,-155.763015,85.102655,-0.035046,0.996349,-0.077846,,,
319,2026-05-15,20:54:19.71,1,11,"Patel, Mason",822715,Right,GIT_YEL,"Surowiec, Danny",831970,Left,BOC_EAG,Undefined,8,Bottom,0,3,2,ChangeUp,Changeup,InPlay,Undefined,GroundBall,Error,0,0,,83.17525,0.526875,-3.90697,1909.626565,271.552808,3:00,4.94998,2.34834,5.78651,-40.17376,0.83189,21.51273,2.09348,0.50071,75.48023,-6.885319,-0.059347,0.460886,88.28617,-21.65482,16.393361,,,,,6.11211,6.11211,9.022098,0.042874,-12.16516,0.67118,-2.03916,50,4.96938,7.36628,-120.52022,-0.24539,-17.7188,25.55092,-31.19647,BOC_EAG,GIT_YEL,HarringtonVillage,D1,ACC,20260515-HarringtonVillage-2,c62f12c0-50c1-11f1-90ac-456ae51230df,81.78263,2.05235,,7.69502,,,,1.07745,2.05235,-0.50043,4293fdce-3634-4d91-8f36-83916a8b87e1,2026-05-16,00:54:19.71,2026-05-15T20:54:19.7150000-04:00,2026-05-16T00:54:19.7150000Z,GroundBall,v3,227,100,26604,"Lackey, Vahn",822518,Right,GIT_YEL,2e739e2d-6520-45be-a8af-a020f3ffd5c2,54.71342,-121.51538,12.77546,4.95527,0.96965,-15.59824,-2.3395,8.05639,-8.8594,,1.076,115.66409,,,,,,,,2.05294,-47.86874,,,,,,,,-0.50085,34.02723,,,,,,,,,,,,,,,,,,,,,,,,,,,,,,High,High,High,Estimated,Estimated,,,,262.336245,-8.01144,1890.989109,0.99024,2:45,0.12104,-0.982635,-0.140632,-77.824082,8.615009,-84.313479,170.132002,-88.574729,0.004263,-0.999691,-0.024505,88.595807,-0.244237,0.999691,-0.004263,0.024505,-88.595807,0.244237,-0.999691,0.004263,0.024505,-170.132002,88.574729,-0.004263,0.999691,-0.024505,75.49083,6.66867,-7.97107
320,2026-05-15,20:55:03.86,2,1,"Patel, Mason",822715,Right,GIT_YEL,"Larson, Colin",831502,Left,BOC_EAG,Undefined,8,Bottom,0,0,0,Slider,Slider,StrikeCalled,Undefined,Undefined,Undefined,0,0,,81.33307,0.865514,-2.234829,2421.719109,100.479075,9:15,5.18865,2.16897,5.59287,-40.70384,2.27945,-4.71642,2.60547,-0.31178,74.18372,-6.614598,-3.075789,0.471869,,,,,,,,,,,,1.71744,1.34295,-1.97412,50,5.23669,4.79428,-117.95777,0.40218,2.40503,23.71247,-30.29342,BOC_EAG,GIT_YEL,HarringtonVillage,D1,ACC,20260515-HarringtonVillage-2,e0863cc0-50c1-11f1-90ac-456ae51230df,79.87907,,,7.14936,,,,,,,4293fdce-3634-4d91-8f36-83916a8b87e1,2026-05-16,00:55:03.86,2026-05-15T20:55:03.8690000-04:00,2026-05-16T00:55:03.8690000Z,,v3,227,100,26604,"Lackey, Vahn",822518,Right,GIT_YEL,b8194da8-60d2-4473-81ac-644772f30a18,54.90448,-118.93961,11.85623,5.19407,1.65651,-15.14671,-2.17057,4.6947,1.20252,,,,,,,,,,,,,,,,,,,,,,,,,,,,,,,,,,,,,,,,,,,,,,,,,,,High,High,High,,,,,,233.960447,81.83811,343.812802,0.141971,1:45,-0.993995,-0.099833,-0.0448,36.651195,-60.913719,-73.817563,134.560476,7.296397,0.706741,0.127002,-0.69598,10.341533,44.970339,0.127002,0.706741,0.69598,-10.341533,-44.970339,-0.127002,-0.706741,0.69598,-134.560476,-7.296397,-0.706741,-0.127002,-0.69598,,,
321,2026-05-15,20:55:20.95,2,2,"Patel, Mason",822715,Right,GIT_YEL,"Larson, Colin",831502,Left,BOC_EAG,Undefined,8,Bottom,0,0,1,Slider,Slider,InPlay,Undefined,Popup,Single,0,0,,82.07839,0.243207,-2.192679,2467.520037,79.146326,8:45,4.97771,2.33684,5.6658,-41.90447,0.21449,-6.11185,1.71261,-0.21798,74.93964,-7.446472,-3.284727,0.4671,65.32874,25.791277,21.074789,2502.186696,102.01936,33.60696,41.13453,207.81534,201.80138,22.540436,3.249321,2.46083,0.40913,-2.1475,50,4.9717,4.80087,-119.08859,-0.91214,3.50556,24.5844,-31.59119,BOC_EAG,GIT_YEL,HarringtonVillage,D1,ACC,20260515-HarringtonVillage-2,eab77d80-50c1-11f1-90ac-456ae51230df,80.69454,33.65177,,7.13875,,,,1.56262,1.77825,0.23142,4293fdce-3634-4d91-8f36-83916a8b87e1,2026-05-16,00:55:20.95,2026-05-15T20:55:20.9500000-04:00,2026-05-16T00:55:20.9500000Z,FlyBall,v3,227,100,26604,"Lackey, Vahn",822518,Right,GIT_YEL,16480e33-b25d-4eb6-8fd6-eb940da5b80d,54.83337,-120.08223,12.2922,4.98276,0.3647,-15.7956,-2.33867,4.65918,1.75278,191.015703,1.56255,80.50459,-12.16787,2.82825,-0.64604,0.17965,-0.05274,0.01053,-0.00089,1.77853,41.6763,-13.9804,-0.00974,0.36732,-0.24595,0.09724,-0.01944,0.00151,0.23138,31.02337,-3.06182,0.48991,-0.111,0.05001,-0.02006,0.00431,-0.00036,,,,,,,,,,,,,,,,,,,,,,,High,High,High,High,High,,,,227.445255,87.546695,105.622611,0.042805,1:30,-0.999584,-0.02729,0.009302,28.383114,-55.994363,-71.992643,132.425694,8.659315,0.729739,0.150559,-0.666943,12.720984,46.864494,0.150559,0.729739,0.666943,-12.720984,-46.864494,-0.150559,-0.729739,0.666943,-132.425694,-8.659315,-0.729739,-0.150559,-0.666943,,,
322,2026-05-15,20:56:05.31,3,1,"Patel, Mason",822715,Right,GIT_YEL,"Solier, Julio",827632,Right,BOC_EAG,Undefined,8,Bottom,0,0,0,Sinker,Sinker,InPlay,Undefined,GroundBall,Out,2,0,,89.71542,-0.481975,-3.80131,2115.630013,245.536538,2:15,5.14529,2.00783,6.05386,-24.65009,10.17788,19.75222,2.64399,0.12999,81.33632,-5.114648,-0.253067,0.424752,74.91857,-47.794388,-67.772721,,,,,3.52034,2.45541,-42.267974,0.032975,-11.33508,5.73209,-1.72259,50,5.09457,7.81862,-130.05978,-1.89135,-19.25886,29.33387,-22.43494,BOC_EAG,GIT_YEL,HarringtonVillage,D1,ACC,20260515-HarringtonVillage-2,0525d900-50c2-11f1-90ac-456ae51230df,88.73984,2.6932,,8.3791,,,,1.68112,2.6932,-0.10676,4293fdce-3634-4d91-8f36-83916a8b87e1,2026-05-16,00:56:05.31,2026-05-15T20:56:05.3120000-04:00,2026-05-16T00:56:05.3120000Z,GroundBall,v3,227,100,26604,"Lackey, Vahn",822518,Right,GIT_YEL,24a74db8-6def-4014-9144-873ec85d4cc9,54.44524,-131.05854,14.66693,5.14596,-1.12749,-11.21747,-1.99996,8.47434,-9.62943,,1.6806,28.0201,,,,,,,,2.69469,-81.67403,,,,,,,,-0.10551,-68.56782,,,,,,,,,,,,,,,,,,,,,,,,,,,,,,High,High,High,Low,Low,,,,234.087552,18.949563,2000.973037,0.945805,1:45,-0.354359,-0.768725,-0.532439,68.436164,49.962536,60.969459,156.059603,70.495584,0.135484,0.942616,-0.305155,72.061555,7.786589,0.942616,0.135484,0.305155,-72.061555,-7.786589,-0.942616,-0.135484,0.305155,-156.059603,-70.495584,-0.135484,-0.942616,-0.305155,,,
323,2026-05-15,20:56:55.35,4,1,"Patel, Mason",822715,Right,GIT_YEL,"Wang, Nick",813482,Right,BOC_EAG,Undefined,8,Bottom,2,0,0,Sinker,Sinker,BallIntentional,Walk,Undefined,Undefined,0,0,,89.55483,-1.837294,-4.777312,2136.574143,246.472659,2:15,5.25234,2.17226,5.92048,-24.99304,10.33859,20.86418,1.45808,-0.5326,81.0783,-6.516261,-1.043809,0.427812,,,,,,,,,,,,-12.20599,6.22296,-1.80113,50,5.0906,9.94874,-129.55089,-4.99267,-20.52825,29.69338,-21.70821,BOC_EAG,GIT_YEL,HarringtonVillage,D1,ACC,20260515-HarringtonVillage-2,22ead990-50c2-11f1-90ac-456ae51230df,88.10508,,,8.47653,,,,,,,4293fdce-3634-4d91-8f36-83916a8b87e1,2026-05-16,00:56:55.35,2026-05-15T20:56:55.3500000-04:00,2026-05-16T00:56:55.3500000Z,,v3,227,100,26604,"Lackey, Vahn",822518,Right,GIT_YEL,5188d802-90db-4768-a46f-79892dfb2639,54.57877,-130.59614,14.84669,5.2529,-4.22851,-10.8541,-2.16406,10.67137,-10.26412,,,,,,,,,,,,,,,,,,,,,,,,,,,,,,,,,,,,,,,,,,,,,,,,,,,High,High,High,,,,,,232.347575,18.340435,2028.04397,0.949204,1:45,-0.337688,-0.761216,-0.553639,85.548813,45.355906,82.764251,151.986923,69.231725,0.166541,0.935022,-0.313046,71.489435,9.586768,0.935022,0.166541,0.313046,-71.489435,-9.586768,-0.935022,-0.166541,0.313046,-151.986923,-69.231725,-0.166541,-0.935022,-0.313046,,,
324,2026-05-15,20:57:15.23,5,1,"Patel, Mason",822715,Right,GIT_YEL,"Mainolfi, Ty",839397,Left,BOC_EAG,Undefined,8,Bottom,2,0,0,Slider,Slider,StrikeCalled,Undefined,Undefined,Undefined,0,0,,82.46848,0.214634,-2.902255,2482.36708,72.659004,8:30,5.00867,2.42879,5.86166,-40.69357,0.61866,-2.24547,1.8172,-0.45686,75.50219,-7.27404,-3.304548,0.462606,,,,,,,,,,,,0.30728,0.65055,-2.19199,50,5.00245,6.15394,-119.65507,-0.89902,0.44363,23.98285,-31.23479,BOC_EAG,GIT_YEL,HarringtonVillage,D1,ACC,20260515-HarringtonVillage-2,2ec86ac0-50c2-11f1-90ac-456ae51230df,81.47857,,,6.96629,,,,,,,4293fdce-3634-4d91-8f36-83916a8b87e1,2026-05-16,00:57:15.23,2026-05-15T20:57:15.2390000-04:00,2026-05-16T00:57:15.2390000Z,,v3,227,100,26604,"Lackey, Vahn",822518,Right,GIT_YEL,4e763307-cd91-4b8c-9609-7e9584a918dd,54.63708,-120.58092,11.99142,5.01388,0.30678,-15.6174,-2.42924,6.13681,0.22181,,,,,,,,,,,,,,,,,,,,,,,,,,,,,,,,,,,,,,,,,,,,,,,,,,,High,High,High,,,,,,212.193283,83.579489,277.589892,0.111825,1:00,-0.997461,-0.055855,-0.044185,112.078899,-13.140848,41.635814,129.050403,6.214857,0.772028,0.108257,-0.626301,9.806762,50.536349,0.108257,0.772028,0.626301,-9.806762,-50.536349,-0.108257,-0.772028,0.626301,-129.050403,-6.214857,-0.772028,-0.108257,-0.626301,,,
325,2026-05-15,20:57:39.18,5,2,"Patel, Mason",822715,Right,GIT_YEL,"Wang, Nick",813482,Right,BOC_EAG,Undefined,8,Bottom,2,0,1,Sinker,Sinker,FoulBallNotFieldable,Undefined,Undefined,Undefined,0,0,,90.78325,-1.157391,-4.12149,2198.978271,243.879685,2:15,5.14914,2.24127,6.07977,-23.3608,10.6541,19.34218,2.12867,0.03333,82.33085,-5.552292,-0.646814,0.419765,76.16088,-51.627353,-84.897404,,,,,2.30948,2.30948,-47.79803,0.024226,-11.21442,6.18181,-1.93246,50,5.04713,8.66311,-131.5367,-3.41685,-19.49222,29.96301,-21.42918,BOC_EAG,GIT_YEL,HarringtonVillage,D1,ACC,20260515-HarringtonVillage-2,3d13eeb0-50c2-11f1-90ac-456ae51230df,89.79417,2.12719,,8.45241,,,,1.40158,2.12719,-0.03316,4293fdce-3634-4d91-8f36-83916a8b87e1,2026-05-16,00:57:39.18,2026-05-15T20:57:39.1890000-04:00,2026-05-16T00:57:39.1890000Z,GroundBall,v3,227,100,26604,"Lackey, Vahn",822518,Right,GIT_YEL,76ecd9ba-f7f1-4acf-8357-cbdeac92fec8,54.4191,-132.53952,14.98151,5.14948,-2.69965,-10.71459,-2.23331,9.31549,-9.74611,,1.40152,6.18356,,,,,,,,2.1281,-87.80548,,,,,,,,-0.03244,-69.25001,,,,,,,,,,,,,,,,,,,,,,,,,,,,,,High,High,High,Estimated,Estimated,,,,230.06263,19.723283,2069.971879,0.941333,1:45,-0.365426,-0.728434,-0.579524,64.383556,44.3363,49.065595,145.939242,73.421842,0.159801,0.958431,-0.236374,76.145841,9.195366,0.958431,0.159801,0.236374,-76.145841,-9.195366,-0.958431,-0.159801,0.236374,-145.939242,-73.421842,-0.159801,-0.958431,-0.236374,,,
326,2026-05-15,20:58:12.74,5,3,"Patel, Mason",822715,Right,GIT_YEL,"Wang, Nick",813482,Right,BOC_EAG,Undefined,8,Bottom,2,0,2,Sinker,Sinker,BallCalled,Undefined,Undefined,StolenBase,0,0,,90.94131,0.09462,-3.971306,2309.668312,225.398465,1:30,5.32217,2.0687,6.18539,-20.17737,13.54879,12.58201,3.7283,-0.5556,82.38416,-3.739759,-1.708504,0.417979,,,,,,,,,,,,-7.64528,7.30874,-1.77466,50,5.31906,8.61414,-131.79353,-0.38747,-13.35563,29.78518,-19.40638,BOC_EAG,GIT_YEL,HarringtonVillage,D1,ACC,20260515-HarringtonVillage-2,51081e00-50c2-11f1-90ac-456ae51230df,90.17773,,,8.55714,,,,,,,4293fdce-3634-4d91-8f36-83916a8b87e1,2026-05-16,00:58:12.74,2026-05-15T20:58:12.7400000-04:00,2026-05-16T00:58:12.7400000Z,,v3,227,100,26604,"Lackey, Vahn",822518,Right,GIT_YEL,9def7d08-e217-4ff1-a058-35649577b52e,54.31122,-132.76428,14.89259,5.32138,0.24502,-9.70319,-2.0625,9.04942,-6.67782,,,,,,,,,,,,,,,,,,,,,,,,,,,,,81.02358,1.78631,0.530842,1.255469,-1.45323,3.53454,0.63813,-2.11877,6.51959,1.93646,127.27776,2.34499,1.87088,-1.96075,116.46359,-10.88609,6.53293,10.93792,-11.38226,1.87779,-3.67442,2.96397,High,High,High,,,High,Medium,Medium,228.6718,26.442886,2068.027806,0.895379,1:30,-0.486294,-0.671639,-0.558945,-65.187533,-34.695799,-39.842338,164.164649,-5.71809,0.271516,-0.099634,-0.957263,5.942069,-15.754504,0.099634,-0.271516,0.957263,-5.942069,15.754504,-0.099634,0.271516,0.957263,-164.164649,5.71809,-0.271516,0.099634,-0.957263,,,
327,2026-05-15,20:58:44.98,5,4,"Patel, Mason",822715,Right,GIT_YEL,"Wang, Nick",813482,Right,BOC_EAG,Undefined,8,Bottom,2,1,2,Slider,Slider,InPlay,Undefined,LineDrive,Out,1,0,,82.56667,-0.039517,-2.806243,2508.285662,116.076206,9:45,5.1734,2.10967,5.64208,-38.13372,2.97488,-3.67323,1.95868,-0.8163,76.37515,-7.014893,-3.461552,0.461464,93.87856,21.075297,22.29373,4213.118155,98.00406,37.26124,49.95056,311.87946,300.66669,35.156342,3.861192,1.15319,1.86429,-1.86881,50,5.1455,6.02206,-119.90338,-1.37661,1.69133,21.56825,-29.43981,BOC_EAG,GIT_YEL,HarringtonVillage,D1,ACC,20260515-HarringtonVillage-2,64562240-50c2-11f1-90ac-456ae51230df,81.68015,46.11861,,6.19152,,,,0.42656,1.86676,0.83148,4293fdce-3634-4d91-8f36-83916a8b87e1,2026-05-16,00:58:44.98,2026-05-15T20:58:44.9860000-04:00,2026-05-16T00:58:44.9860000Z,LineDrive,v3,227,100,26604,"Lackey, Vahn",822518,Right,GIT_YEL,cc25a1cd-fe03-4f78-b1ab-7d9d765c0482,54.85809,-120.7741,10.78413,5.17708,-0.18812,-14.71991,-2.11054,5.95378,0.84567,,0.42606,118.89157,-26.13185,6.03047,-1.2939,0.24802,-0.04099,0.0047,-0.00024,1.86726,49.4943,-14.12997,-0.13148,0.25624,-0.07119,0.01123,-0.00032,-7E-05,0.83172,48.72816,1.71331,-1.69928,0.55776,-0.11746,0.01618,-0.00122,3E-05,,,,,,,,,,,,,,,,,,,,,,,High,High,High,High,High,,,,207.194866,87.436816,112.17324,0.044721,1:00,-0.999735,-0.021127,0.009179,27.995857,-54.656862,-74.683397,129.853148,7.685635,0.760793,0.133738,-0.635065,11.892091,49.534165,0.133738,0.760793,0.635065,-11.892091,-49.534165,-0.133738,-0.760793,0.635065,-129.853148,-7.685635,-0.760793,-0.133738,-0.635065,,,
328,2026-05-15,21:01:54.76,1,1,"Burnham, Jacob",831497,Left,BOC_EAG,"Kerce, Carson",812668,Right,GIT_YEL,Undefined,9,Top,0,0,0,Slider,Curveball,BallCalled,Undefined,Undefined,Undefined,0,0,,75.54735,0.296312,3.326557,2500.519108,316.171566,4:30,5.62021,-2.0948,5.74591,-53.90818,-4.53595,5.81331,1.4042,1.49024,69.73629,-9.527124,4.366077,0.505723,,,,,,,,,,,,-2.01599,-1.92256,1.81452,50,5.61198,-6.5813,-109.60687,-1.12668,-2.44708,19.76865,-34.50774,BOC_EAG,GIT_YEL,HarringtonVillage,D1,ACC,20260515-HarringtonVillage-2,d56fafa0-50c2-11f1-90ac-456ae51230df,74.53175,,,5.81106,,,,,,,4293fdce-3634-4d91-8f36-83916a8b87e1,2026-05-16,01:01:54.76,2026-05-15T21:01:54.7680000-04:00,2026-05-16T01:01:54.7680000Z,,v3,227,100,26604,"Johnson, Gunnar",1000100233,Right,BOC_EAG,25f48e55-c2b3-4a5f-be42-708acf64bde9,54.75448,-110.46106,9.88432,5.62845,0.36437,-17.25387,2.0966,-6.47557,-1.22354,,,,,,,,,,,,,,,,,,,,,,,,,,,,,,,,,,,,,,,,,,,,,,,,,,,High,High,High,,,,,,303.039883,-75.809598,612.989716,0.245145,4:00,0.959023,-0.210514,0.189627,37.305674,-48.090747,-81.329322,150.381264,40.275608,0.377067,0.646465,-0.663252,44.265652,22.152105,0.646465,0.377067,0.663252,-44.265652,-22.152105,-0.646465,-0.377067,0.663252,-150.381264,-40.275608,-0.377067,-0.646465,-0.663252,,,
329,2026-05-15,21:02:06.48,1,2,"Burnham, Jacob",831497,Left,BOC_EAG,"Kerce, Carson",812668,Right,GIT_YEL,Undefined,9,Top,0,1,0,ChangeUp,Changeup,BallCalled,Undefined,Undefined,Undefined,0,0,,79.50076,-1.967335,3.663281,1312.537548,120.175291,10:00,5.57164,-1.77923,6.4002,-34.16372,9.31587,-13.6365,0.91108,0.45776,73.10763,-8.337279,1.194544,0.474585,,,,,,,,,,,,8.19056,5.82209,1.52247,50,5.41456,-6.91787,-115.34269,-4.91657,11.02854,21.55283,-24.33468,BOC_EAG,GIT_YEL,HarringtonVillage,D1,ACC,20260515-HarringtonVillage-2,dc6155c0-50c2-11f1-90ac-456ae51230df,79.42187,,,6.39313,,,,,,,4293fdce-3634-4d91-8f36-83916a8b87e1,2026-05-16,01:02:06.48,2026-05-15T21:02:06.4830000-04:00,2026-05-16T01:02:06.4830000Z,,v3,227,100,26604,"Johnson, Gunnar",1000100233,Right,BOC_EAG,0fcd7e37-f58d-44cf-bee9-37c14e635a00,54.09964,-116.10622,10.77641,5.57347,-4.0545,-12.16734,1.77447,-7.30856,5.51427,,,,,,,,,,,,,,,,,,,,,,,,,,,,,,,,,,,,,,,,,,,,,,,,,,,High,High,High,,,,,,122.351687,-17.393298,1252.522161,0.954275,10:00,0.303151,0.815939,-0.492283,-51.565186,27.813467,86.792815,103.468016,-7.005908,0.965239,-0.121972,-0.231164,27.818028,-74.848698,0.121972,-0.965239,0.231164,-27.818028,74.848698,-0.121972,0.965239,0.231164,-103.468016,7.005908,-0.965239,0.121972,-0.231164,,,
330,2026-05-15,21:02:20.18,1,3,"Burnham, Jacob",831497,Left,BOC_EAG,"Kerce, Carson",812668,Right,GIT_YEL,Undefined,9,Top,0,2,0,Fastball,Four-Seam,StrikeCalled,Undefined,Undefined,Undefined,0,0,,86.21944,-1.067757,2.262007,2073.492907,151.058781,11:00,5.86113,-1.82135,6.32051,-19.17509,17.76981,-9.18315,3.27893,-0.50223,78.88316,-4.727427,0.601906,0.43747,,,,,,,,,,,,5.37717,9.88312,1.66003,50,5.77365,-4.58879,-125.24122,-2.84297,8.54958,25.04409,-16.46012,BOC_EAG,GIT_YEL,HarringtonVillage,D1,ACC,20260515-HarringtonVillage-2,e48c1820-50c2-11f1-90ac-456ae51230df,86.15997,,,7.33628,,,,,,,4293fdce-3634-4d91-8f36-83916a8b87e1,2026-05-16,01:02:20.18,2026-05-15T21:02:20.1880000-04:00,2026-05-16T01:02:20.1880000Z,,v3,227,100,26604,"Johnson, Gunnar",1000100233,Right,BOC_EAG,1f7ffee6-1c06-44e8-b250-90174764052a,54.17681,-126.07368,12.52204,5.85906,-2.29584,-8.23006,1.81729,-4.87297,4.27479,,,,,,,,,,,,,,,,,,,,,,,,,,,,,,,,,,,,,,,,,,,,,,,,,,,High,High,High,,,,,,145.467602,-25.491449,1871.637392,0.90265,10:45,0.449788,0.519618,-0.726421,46.704984,-27.349123,9.649493,171.572408,-20.307792,0.13745,-0.347063,-0.927715,20.511098,-7.900289,0.347063,-0.13745,0.927715,-20.511098,7.900289,-0.347063,0.13745,0.927715,-171.572408,20.307792,-0.13745,0.347063,-0.927715,,,
331,2026-05-15,21:02:33.37,1,4,"Burnham, Jacob",831497,Left,BOC_EAG,"Kerce, Carson",812668,Right,GIT_YEL,Undefined,9,Top,0,2,0,Fastball,Four-Seam,BallCalled,Undefined,Undefined,Undefined,0,0,,86.3532,-4.075065,2.947251,2034.811167,155.158175,11:15,5.89227,-1.70049,6.05748,-16.76564,20.71462,-9.01398,0.71193,0.27869,79.02445,-7.26616,1.326837,0.440629,,,,,,,,,,,,5.50992,12.22855,1.47638,50,5.56597,-6.0854,-125.03404,-9.36792,8.71142,25.50867,-12.84012,BOC_EAG,GIT_YEL,HarringtonVillage,D1,ACC,20260515-HarringtonVillage-2,ec605610-50c2-11f1-90ac-456ae51230df,85.54239,,,7.32875,,,,,,,4293fdce-3634-4d91-8f36-83916a8b87e1,2026-05-16,01:02:33.37,2026-05-15T21:02:33.3760000-04:00,2026-05-16T01:02:33.3760000Z,,v3,227,100,26604,"Johnson, Gunnar",1000100233,Right,BOC_EAG,51171c85-8278-44d2-9c0a-a17b1dea9c07,54.44162,-125.93693,12.75433,5.88951,-8.91343,-6.42006,1.69723,-6.39375,4.35571,,,,,,,,,,,,,,,,,,,,,,,,,,,,,,,,,,,,,,,,,,,,,,,,,,,High,High,High,,,,,,146.73996,-17.172922,1944.095228,0.955418,11:00,0.298011,0.543646,-0.784626,22.117314,-34.207822,52.227545,176.110745,-16.490448,0.065038,-0.283855,-0.956659,16.526439,-3.729047,0.283855,-0.065038,0.956659,-16.526439,3.729047,-0.283855,0.065038,0.956659,-176.110745,16.490448,-0.065038,0.283855,-0.956659,,,
332,2026-05-15,21:02:49.42,1,5,"Burnham, Jacob",831497,Left,BOC_EAG,"Kerce, Carson",812668,Right,GIT_YEL,Undefined,9,Top,0,3,0,FourSeamFastBall,Four-Seam,StrikeCalled,Undefined,Undefined,Undefined,0,0,,85.57034,-2.751373,3.366006,2105.879831,153.229807,11:00,5.85739,-1.77535,6.27449,-17.94903,19.69131,-9.33422,1.81908,0.55316,78.51635,-6.173092,1.682379,0.441568,,,,,,,,,,,,5.75449,11.3367,1.5308,50,5.6447,-6.94082,-124.0871,-6.43688,8.99941,24.12604,-14.44471,BOC_EAG,GIT_YEL,HarringtonVillage,D1,ACC,20260515-HarringtonVillage-2,f606bbf0-50c2-11f1-90ac-456ae51230df,85.36036,,,7.05399,,,,,,,4293fdce-3634-4d91-8f36-83916a8b87e1,2026-05-16,01:02:49.42,2026-05-15T21:02:49.4280000-04:00,2026-05-16T01:02:49.4280000Z,,v3,227,100,26604,"Johnson, Gunnar",1000100233,Right,BOC_EAG,48d7821e-86e2-4b23-930a-1531ecde27bd,54.22382,-124.90563,12.06302,5.85477,-5.94681,-7.22236,1.77146,-7.24615,4.4997,,,,,,,,,,,,,,,,,,,,,,,,,,,,,,,,,,,,,,,,,,,,,,,,,,,High,High,High,,,,,,145.142298,-21.50371,1959.297607,0.930394,10:45,0.384852,0.54874,-0.742141,32.076415,-35.400416,32.395951,175.515342,-17.072422,0.074747,-0.29358,-0.953008,17.121792,-4.286661,0.29358,-0.074747,0.953008,-17.121792,4.286661,-0.29358,0.074747,0.953008,-175.515342,17.072422,-0.074747,0.29358,-0.953008,,,
333,2026-05-15,21:03:03.75,1,6,"Burnham, Jacob",831497,Left,BOC_EAG,"Kerce, Carson",812668,Right,GIT_YEL,Undefined,9,Top,0,3,1,ChangeUp,Changeup,InPlay,Undefined,GroundBall,Double,0,0,,79.83315,-0.119538,2.167012,1408.778923,125.025102,10:15,5.64463,-1.9112,6.43539,-34.25588,8.58382,-10.36524,2.68004,-0.78256,73.34186,-6.53425,0.287456,0.47108,100.25101,-5.451696,-4.969231,,,,,30.73123,30.73123,-3.185642,0.1964,6.04063,4.91193,1.76168,50,5.62062,-4.0349,-116.05735,-1.19284,8.24781,21.49908,-25.46734,BOC_EAG,GIT_YEL,HarringtonVillage,D1,ACC,20260515-HarringtonVillage-2,fe817310-50c2-11f1-90ac-456ae51230df,80.01284,2.74721,,6.49129,,,,2.00669,2.74721,0.78563,4293fdce-3634-4d91-8f36-83916a8b87e1,2026-05-16,01:03:03.75,2026-05-15T21:03:03.7580000-04:00,2026-05-16T01:03:03.7580000Z,GroundBall,v3,227,100,26604,"Johnson, Gunnar",1000100233,Right,BOC_EAG,509ffa84-9309-4758-beb5-6d4df8a65228,54.06412,-116.80778,10.74954,5.64675,-0.30389,-12.73367,1.90755,-4.32279,4.1239,,2.00054,146.01376,,,,,,,,2.7478,-13.98787,,,,,,,,0.78616,-12.69554,,,,,,,,,,,,,,,,,,,,,,,,,,,,,,High,High,High,Estimated,Estimated,,,,125.293001,-14.137064,1366.112957,0.969714,10:15,0.263602,0.791997,-0.550686,-35.727822,32.806497,85.257913,97.784594,-8.398401,0.98016,-0.146055,-0.133997,47.465571,-78.567683,0.146055,-0.98016,0.133997,-47.465571,78.567683,-0.146055,0.98016,0.133997,-97.784594,8.398401,-0.98016,0.146055,-0.133997,75.95363,11.45223,3.52615
334,2026-05-15,21:04:00.27,2,1,"Burnham, Jacob",831497,Left,BOC_EAG,"Burress, Drew",806039,Right,GIT_YEL,Undefined,9,Top,0,0,0,Slider,Curveball,BallCalled,Undefined,Undefined,Undefined,0,0,,74.76905,2.280044,0.07828,2475.507531,286.009406,3:30,5.64201,-2.11907,5.61018,-53.83507,-2.6898,15.54272,3.28506,-0.75077,67.85206,-7.607915,2.854529,0.514724,,,,,,,,,,,,-7.77922,-1.48744,2.1024,50,5.80273,-0.7362,-108.41342,2.60311,-9.13335,21.34453,-33.92043,BOC_EAG,GIT_YEL,HarringtonVillage,D1,ACC,20260515-HarringtonVillage-2,20431cb0-50c3-11f1-90ac-456ae51230df,73.22848,,,6.91699,,,,,,,4293fdce-3634-4d91-8f36-83916a8b87e1,2026-05-16,01:04:00.27,2026-05-15T21:04:00.2710000-04:00,2026-05-16T01:04:00.2710000Z,,v3,227,100,26604,"Johnson, Gunnar",1000100233,Right,BOC_EAG,36881d63-6bb9-41f6-8c31-efc5a8606e85,54.88797,-109.37153,10.67227,5.65171,4.12573,-16.96022,2.12624,-0.32622,-4.56667,,,,,,,,,,,,,,,,,,,,,,,,,,,,,,,,,,,,,,,,,,,,,,,,,,,High,High,High,,,,,,303.958871,-68.539629,905.683271,0.365858,4:15,0.917581,-0.340242,0.205621,30.541555,-34.057252,-75.873118,132.739987,38.594919,0.574021,0.62381,-0.530434,49.625057,35.03113,0.62381,0.574021,0.530434,-49.625057,-35.03113,-0.62381,-0.574021,0.530434,-132.739987,-38.594919,-0.574021,-0.62381,-0.530434,,,
335,2026-05-15,21:04:15.69,2,2,"Burnham, Jacob",831497,Left,BOC_EAG,"Burress, Drew",806039,Right,GIT_YEL,Undefined,9,Top,0,1,0,Slider,Curveball,BallCalled,Undefined,Undefined,Undefined,0,0,,75.77154,2.715135,0.210763,2575.375258,284.076837,3:30,5.61791,-2.20172,5.78714,-51.15259,-1.52976,13.10946,3.88301,-0.9132,68.44882,-6.734799,2.558707,0.507005,,,,,,,,,,,,-6.54355,-1.06173,2.17671,50,5.81168,-0.89996,-109.81566,3.60531,-7.86351,22.33346,-33.44994,BOC_EAG,GIT_YEL,HarringtonVillage,D1,ACC,20260515-HarringtonVillage-2,297abb30-50c3-11f1-90ac-456ae51230df,74.34335,,,7.32273,,,,,,,4293fdce-3634-4d91-8f36-83916a8b87e1,2026-05-16,01:04:15.69,2026-05-15T21:04:15.6950000-04:00,2026-05-16T01:04:15.6950000Z,,v3,227,100,26604,"Johnson, Gunnar",1000100233,Right,BOC_EAG,34e7114f-6cba-40cd-ae66-a2cd0b3ba90b,54.70975,-110.76935,11.16673,5.62722,5.0337,-16.72497,2.20798,-0.56417,-3.93176,,,,,,,,,,,,,,,,,,,,,,,,,,,,,,,,,,,,,,,,,,,,,,,,,,,High,High,High,,,,,,298.373328,-70.51848,858.89489,0.333503,4:00,0.927201,-0.337768,0.161897,44.667035,-24.303377,-79.506958,140.69626,34.285108,0.523369,0.563311,-0.639347,41.382392,31.558534,0.563311,0.523369,0.639347,-41.382392,-31.558534,-0.563311,-0.523369,0.639347,-140.69626,-34.285108,-0.523369,-0.563311,-0.639347,,,
336,2026-05-15,21:04:45.62,2,3,"Burnham, Jacob",831497,Left,BOC_EAG,"Burress, Drew",806039,Right,GIT_YEL,Undefined,9,Top,0,2,0,FourSeamFastBall,Four-Seam,BallCalled,Undefined,Undefined,Undefined,0,0,,85.47058,-0.020593,1.961066,2100.441153,161.173411,11:15,5.93309,-1.85235,6.1669,-18.7484,19.53355,-6.2013,4.35169,-0.55703,77.13714,-3.635284,0.843373,0.445316,,,,,,,,,,,,3.78378,10.46087,1.70664,50,5.92177,-3.99287,-123.98205,-0.5209,5.8197,27.53214,-16.08452,BOC_EAG,GIT_YEL,HarringtonVillage,D1,ACC,20260515-HarringtonVillage-2,3b3dd9b0-50c3-11f1-90ac-456ae51230df,84.64199,,,8.33344,,,,,,,4293fdce-3634-4d91-8f36-83916a8b87e1,2026-05-16,01:04:45.62,2026-05-15T21:04:45.6280000-04:00,2026-05-16T01:04:45.6280000Z,,v3,227,100,26604,"Johnson, Gunnar",1000100233,Right,BOC_EAG,b1459eb3-6d4d-4916-ba7f-fd2ffdd5f73a,54.32719,-124.93928,13.76607,5.93016,0.03832,-8.04226,1.84898,-4.1952,2.90985,,,,,,,,,,,,,,,,,,,,,,,,,,,,,,,,,,,,,,,,,,,,,,,,,,,High,High,High,,,,,,145.882627,-22.517264,1940.312302,0.923764,10:45,0.408722,0.518268,-0.751229,40.111929,-38.649561,24.226294,179.26752,22.356727,0.011823,0.380372,-0.924758,22.358374,0.677419,0.380372,0.011823,0.924758,-22.358374,-0.677419,-0.380372,-0.011823,0.924758,-179.26752,-22.356727,-0.011823,-0.380372,-0.924758,,,
337,2026-05-15,21:05:06.68,2,4,"Burnham, Jacob",831497,Left,BOC_EAG,"Burress, Drew",806039,Right,GIT_YEL,Undefined,9,Top,0,3,0,FourSeamFastBall,Four-Seam,BallCalled,Walk,Undefined,Undefined,0,0,,86.3868,-1.198602,1.565584,2146.03173,161.344152,11:30,5.92516,-1.71747,6.22934,-18.31123,19.0806,-5.99429,3.29283,-0.77225,78.05162,-4.726489,0.483246,0.440108,,,,,,,,,,,,3.57815,10.63296,1.60332,50,5.8264,-3.18427,-125.33693,-3.09181,5.62062,28.29298,-15.47162,BOC_EAG,GIT_YEL,HarringtonVillage,D1,ACC,20260515-HarringtonVillage-2,47c9ac40-50c3-11f1-90ac-456ae51230df,85.64352,,,8.33518,,,,,,,4293fdce-3634-4d91-8f36-83916a8b87e1,2026-05-16,01:05:06.68,2026-05-15T21:05:06.6890000-04:00,2026-05-16T01:05:06.6890000Z,,v3,227,100,26604,"Johnson, Gunnar",1000100233,Right,BOC_EAG,6463b8ad-5190-4064-b6ca-517e29aaadb1,54.26569,-126.29617,14.14649,5.92234,-2.56726,-7.73581,1.71451,-3.37483,2.81031,,,,,,,,,,,,,,,,,,,,,,,,,,,,,,,,,,,,,,,,,,,,,,,,,,,High,High,High,,,,,,148.179889,-21.686362,1994.136799,0.929221,11:00,0.380634,0.497558,-0.779457,42.494106,-36.103417,20.750708,178.164101,23.167998,0.029453,0.393428,-0.918883,23.17864,1.687798,0.393428,0.029453,0.918883,-23.17864,-1.687798,-0.393428,-0.029453,0.918883,-178.164101,-23.167998,-0.029453,-0.393428,-0.918883,,,
338,2026-05-15,21:05:44.76,3,1,"Burnham, Jacob",831497,Left,BOC_EAG,"Advincula, Jarren",814181,Left,GIT_YEL,Undefined,9,Top,0,0,0,FourSeamFastBall,Four-Seam,StrikeCalled,Undefined,Undefined,Undefined,0,0,,86.33442,-1.873307,2.869956,2097.80619,150.076039,11:00,5.88782,-1.86637,6.20723,-16.38454,21.16017,-11.40257,2.79063,-0.16547,77.97091,-5.052169,0.814538,0.441007,,,,,,,,,,,,6.7704,11.91296,1.65619,50,5.73863,-5.81351,-125.12428,-4.49028,10.60063,28.16121,-13.52151,BOC_EAG,GIT_YEL,HarringtonVillage,D1,ACC,20260515-HarringtonVillage-2,5e947b30-50c3-11f1-90ac-456ae51230df,85.46894,,,8.36351,,,,,,,4293fdce-3634-4d91-8f36-83916a8b87e1,2026-05-16,01:05:44.76,2026-05-15T21:05:44.7650000-04:00,2026-05-16T01:05:44.7650000Z,,v3,227,100,26604,"Johnson, Gunnar",1000100233,Right,BOC_EAG,ae17213f-6954-4eb0-984c-f0a488cd6649,54.28846,-126.08577,14.08061,5.88406,-4.02862,-6.76076,1.86086,-6.17544,5.30032,,,,,,,,,,,,,,,,,,,,,,,,,,,,,,,,,,,,,,,,,,,,,,,,,,,High,High,High,,,,,,144.709447,-16.478649,2011.639855,0.958926,10:45,0.304253,0.56297,-0.768437,36.823009,-38.721251,36.360629,178.208106,20.963862,0.0292,0.357779,-0.93335,20.973226,1.673247,0.357779,0.0292,0.93335,-20.973226,-1.673247,-0.357779,-0.0292,0.93335,-178.208106,-20.963862,-0.0292,-0.357779,-0.93335,,,
339,2026-05-15,21:06:00.87,3,2,"Burnham, Jacob",831497,Left,BOC_EAG,"Advincula, Jarren",814181,Left,GIT_YEL,Undefined,9,Top,0,0,1,ChangeUp,Changeup,BallCalled,Undefined,Undefined,Undefined,0,0,,80.29701,-1.634957,4.302455,1475.452612,112.788329,9:45,5.60704,-2.00144,6.517,-35.1323,7.88619,-15.09725,1.17452,0.69569,72.87236,-8.227499,1.566515,0.472062,,,,,,,,,,,,9.28225,5.10866,1.70732,50,5.47788,-8.21922,-116.30627,-4.2974,12.53881,24.62654,-25.27304,BOC_EAG,GIT_YEL,HarringtonVillage,D1,ACC,20260515-HarringtonVillage-2,6819eb90-50c3-11f1-90ac-456ae51230df,79.84639,,,7.42465,,,,,,,4293fdce-3634-4d91-8f36-83916a8b87e1,2026-05-16,01:06:00.87,2026-05-15T21:06:00.8780000-04:00,2026-05-16T01:06:00.8780000Z,,v3,227,100,26604,"Johnson, Gunnar",1000100233,Right,BOC_EAG,a0abbc01-54e0-4b42-8940-e94827494633,53.98079,-117.14613,12.31327,5.60974,-3.4355,-12.63652,1.99491,-8.64684,6.26941,,,,,,,,,,,,,,,,,,,,,,,,,,,,,,,,,,,,,,,,,,,,,,,,,,,High,High,High,,,,,,122.884135,-19.871132,1387.603431,0.94046,10:00,0.354647,0.799146,-0.485377,-43.385968,32.238807,89.032279,103.200798,-15.135075,0.939805,-0.261095,-0.220443,49.825568,-70.018881,0.261095,-0.939805,0.220443,-49.825568,70.018881,-0.261095,0.939805,0.220443,-103.200798,15.135075,-0.939805,0.261095,-0.220443,,,
340,2026-05-15,21:06:22.42,3,3,"Burnham, Jacob",831497,Left,BOC_EAG,"Advincula, Jarren",814181,Left,GIT_YEL,Undefined,9,Top,0,1,1,ChangeUp,Changeup,BallCalled,Undefined,Undefined,Undefined,0,0,,79.61243,-2.804332,3.430477,1419.111331,136.802231,10:30,5.54513,-2.05208,6.39335,-31.56643,12.21048,-10.038,0.32869,0.27029,72.66565,-8.715854,1.613178,0.476205,,,,,,,,,,,,6.34386,7.6717,1.81013,50,5.32876,-6.57178,-115.36242,-6.51385,8.46539,23.42372,-21.93677,BOC_EAG,GIT_YEL,HarringtonVillage,D1,ACC,20260515-HarringtonVillage-2,74fa94e0-50c3-11f1-90ac-456ae51230df,79.15171,,,6.94678,,,,,,,4293fdce-3634-4d91-8f36-83916a8b87e1,2026-05-16,01:06:22.42,2026-05-15T21:06:22.4280000-04:00,2026-05-16T01:06:22.4280000Z,,v3,227,100,26604,"Johnson, Gunnar",1000100233,Right,BOC_EAG,7aecf8f8-3977-4b18-8790-49bebd1475a8,54.10552,-116.19304,11.71186,5.54595,-5.73596,-10.96839,2.04849,-6.87197,4.23269,,,,,,,,,,,,,,,,,,,,,,,,,,,,,,,,,,,,,,,,,,,,,,,,,,,High,High,High,,,,,,127.260686,-8.463535,1403.65683,0.98911,10:15,0.144128,0.79348,-0.591284,50.701094,-48.280515,-87.430512,90.971328,-15.254179,0.96463,-0.263102,-0.016355,86.442983,-74.71566,0.263102,-0.96463,0.016355,-86.442983,74.71566,-0.263102,0.96463,0.016355,-90.971328,15.254179,-0.96463,0.263102,-0.016355,,,
341,2026-05-15,21:06:50.59,3,4,"Burnham, Jacob",831497,Left,BOC_EAG,"Advincula, Jarren",814181,Left,GIT_YEL,Undefined,9,Top,0,2,1,FourSeamFastBall,Four-Seam,BallCalled,Undefined,Undefined,Undefined,0,0,,85.44641,1.621346,0.933935,2044.860334,162.511023,11:30,6.04071,-1.73635,6.46448,-18.42473,19.08344,-5.64063,5.99509,-1.34852,77.7322,-1.935437,-0.088874,0.440793,,,,,,,,,,,,3.1526,9.81001,1.67235,50,6.14617,-1.79717,-124.09871,3.07943,4.90913,25.17485,-16.8982,BOC_EAG,GIT_YEL,HarringtonVillage,D1,ACC,20260515-HarringtonVillage-2,85b0d740-50c3-11f1-90ac-456ae51230df,85.5106,,,7.71421,,,,,,,4293fdce-3634-4d91-8f36-83916a8b87e1,2026-05-16,01:06:50.59,2026-05-15T21:06:50.5900000-04:00,2026-05-16T01:06:50.5900000Z,,v3,227,100,26604,"Johnson, Gunnar",1000100233,Right,BOC_EAG,f3d79073-8d1e-4d4d-9f2f-b8399622aef0,54.02884,-124.91333,12.58743,6.03768,3.62624,-8.4491,1.73307,-1.95602,2.45456,,,,,,,,,,,,,,,,,,,,,,,,,,,,,,,,,,,,,,,,,,,,,,,,,,,High,High,High,,,,,,149.412828,-24.482753,1860.998887,0.910086,11:00,0.440069,0.451185,-0.776383,60.086572,-24.870392,-9.519694,179.994298,28.915748,8.7E-05,0.483523,-0.875332,28.915748,0.004991,0.483523,8.7E-05,0.875332,-28.915748,-0.004991,-0.483523,-8.7E-05,0.875332,-179.994298,-28.915748,-8.7E-05,-0.483523,-0.875332,,,
342,2026-05-15,21:07:24.81,3,5,"Burnham, Jacob",831497,Left,BOC_EAG,"Advincula, Jarren",814181,Left,GIT_YEL,Undefined,9,Top,0,3,1,FourSeamFastBall,Four-Seam,BallCalled,Walk,Undefined,Undefined,0,0,,85.91629,-3.374393,3.471802,1911.327793,156.288838,11:15,5.91986,-1.99855,6.29598,-17.87292,19.8604,-8.14508,1.31188,0.52562,78.12198,-6.798966,2.002337,0.442114,,,,,,,,,,,,5.28012,11.73166,1.74688,50,5.66242,-7.2324,-124.3873,-7.79908,8.20847,26.75503,-13.93601,BOC_EAG,GIT_YEL,HarringtonVillage,D1,ACC,20260515-HarringtonVillage-2,9a229b00-50c3-11f1-90ac-456ae51230df,85.25509,,,7.7943,,,,,,,4293fdce-3634-4d91-8f36-83916a8b87e1,2026-05-16,01:07:24.81,2026-05-15T21:07:24.8110000-04:00,2026-05-16T01:07:24.8110000Z,,v3,227,100,26604,"Johnson, Gunnar",1000100233,Right,BOC_EAG,eddcd70f-9321-46dc-a832-dc0fc5122c96,54.20129,-125.28772,13.37751,5.917,-7.33007,-6.96801,1.99492,-7.50864,4.10424,,,,,,,,,,,,,,,,,,,,,,,,,,,,,,,,,,,,,,,,,,,,,,,,,,,High,High,High,,,,,,145.832195,-24.632772,1737.392868,0.908998,10:45,0.430866,0.534158,-0.727344,31.425348,-42.782082,37.62103,179.720306,22.231137,0.004519,0.378344,-0.925654,22.231376,0.258903,0.378344,0.004519,0.925654,-22.231376,-0.258903,-0.378344,-0.004519,0.925654,-179.720306,-22.231137,-0.004519,-0.378344,-0.925654,,,
343,2026-05-15,21:10:57.47,4,1,"Chicoine, Bobby",813481,Right,BOC_EAG,"Lackey, Vahn",822518,Right,GIT_YEL,Undefined,9,Top,0,0,0,Fastball,Changeup,StrikeSwinging,Undefined,Undefined,Undefined,0,0,,85.55318,-1.435402,-3.779881,1999.410578,243.786239,2:15,5.76352,1.88387,6.07423,-27.8282,10.72197,18.91958,2.11316,-0.04209,77.24857,-6.66325,-0.378172,0.446873,,,,,,,,,,,,-10.88859,6.40044,-1.6006,50,5.63764,7.41286,-123.88485,-3.96902,-16.6758,28.10648,-22.37181,BOC_EAG,GIT_YEL,HarringtonVillage,D1,ACC,20260515-HarringtonVillage-2,18dbb4e0-50c4-11f1-90ac-456ae51230df,84.347,,,8.30461,,,,,,,4293fdce-3634-4d91-8f36-83916a8b87e1,2026-05-16,01:10:57.47,2026-05-15T21:10:57.4700000-04:00,2026-05-16T01:10:57.4700000Z,,v3,227,100,26604,"Johnson, Gunnar",1000100233,Right,BOC_EAG,cc600aba-f01e-460b-a1e0-e2c897642301,54.42232,-124.88413,14.05324,5.76462,-3.17362,-11.18591,-1.87469,8.00574,-8.3379,,,,,,,,,,,,,,,,,,,,,,,,,,,,,,,,,,,,,,,,,,,,,,,,,,,High,High,High,,,,,,223.088737,18.660358,1894.305323,0.947432,1:30,-0.348597,-0.655031,-0.670384,-86.83021,-44.838216,83.993104,178.821704,-73.864828,0.005715,-0.960609,-0.277846,73.868062,-0.327432,0.960609,-0.005715,0.277846,-73.868062,0.327432,-0.960609,0.005715,0.277846,-178.821704,73.864828,-0.005715,0.960609,-0.277846,,,
344,2026-05-15,21:11:16.29,4,2,"Chicoine, Bobby",813481,Right,BOC_EAG,"Lackey, Vahn",822518,Right,GIT_YEL,Undefined,9,Top,0,0,1,Fastball,Changeup,BallCalled,Undefined,Undefined,Undefined,0,0,,84.54534,-2.997804,-4.804044,2003.20402,245.678685,2:15,5.75346,1.84652,6.02788,-29.24009,10.41587,19.84186,0.52818,-0.95949,76.62924,-8.451454,-1.243737,0.453237,,,,,,,,,,,,-11.71131,6.73091,-1.48074,50,5.5024,9.4793,-122.16646,-7.32437,-17.47115,26.95931,-22.13279,BOC_EAG,GIT_YEL,HarringtonVillage,D1,ACC,20260515-HarringtonVillage-2,241d5430-50c4-11f1-90ac-456ae51230df,83.16268,,,7.91609,,,,,,,4293fdce-3634-4d91-8f36-83916a8b87e1,2026-05-16,01:11:16.29,2026-05-15T21:11:16.2970000-04:00,2026-05-16T01:11:16.2970000Z,,v3,227,100,26604,"Johnson, Gunnar",1000100233,Right,BOC_EAG,4be497a6-0121-4345-8b44-05b05ea0bdbb,54.47005,-123.14895,13.47966,5.75462,-6.51778,-11.06639,-1.8378,10.116,-8.73557,,,,,,,,,,,,,,,,,,,,,,,,,,,,,,,,,,,,,,,,,,,,,,,,,,,High,High,High,,,,,,224.993112,23.30419,1839.777538,0.918417,1:30,-0.414238,-0.669142,-0.616973,-88.754916,-37.996088,81.159885,171.340145,-72.006182,0.046513,-0.95109,-0.305393,72.198302,-2.665942,0.95109,-0.046513,0.305393,-72.198302,2.665942,-0.95109,0.046513,0.305393,-171.340145,72.006182,-0.046513,0.95109,-0.305393,,,
345,2026-05-15,21:11:40.52,4,3,"Chicoine, Bobby",813481,Right,BOC_EAG,"Lackey, Vahn",822518,Right,GIT_YEL,Undefined,9,Top,0,1,1,Slider,Changeup,FoulBallNotFieldable,Undefined,Undefined,Undefined,0,0,,82.39654,-0.672122,-3.576479,1889.599682,249.160005,2:15,5.65061,1.99264,6.03819,-32.67525,8.39941,18.56147,2.3041,0.22357,75.3405,-6.752808,-0.240073,0.461273,,,,,,,,,,,,-10.61812,4.90248,-1.72352,50,5.58039,6.76985,-119.53982,-2.40912,-15.32732,23.56124,-25.09729,BOC_EAG,GIT_YEL,HarringtonVillage,D1,ACC,20260515-HarringtonVillage-2,32884700-50c4-11f1-90ac-456ae51230df,81.71389,,,7.05604,,,,,,,4293fdce-3634-4d91-8f36-83916a8b87e1,2026-05-16,01:11:40.52,2026-05-15T21:11:40.5250000-04:00,2026-05-16T01:11:40.5250000Z,,v3,227,100,26604,"Johnson, Gunnar",1000100233,Right,BOC_EAG,dccf1a33-d8de-4794-ac61-75a399d337e9,54.46175,-120.41601,11.78062,5.65262,-1.4758,-12.54865,-1.98587,7.33984,-7.66366,,,,,,,,,,,,,,,,,,,,,,,,,,,,,,,,,,,,,,,,,,,,,,,,,,,High,High,High,,,,,,232.114896,19.964325,1776.044935,0.939905,1:45,-0.368066,-0.745769,-0.555298,85.586037,51.278753,72.249861,157.81818,77.586739,0.081158,0.976623,-0.199052,78.479943,4.655132,0.976623,0.081158,0.199052,-78.479943,-4.655132,-0.976623,-0.081158,0.199052,-157.81818,-77.586739,-0.081158,-0.976623,-0.199052,,,
346,2026-05-15,21:12:12.19,4,4,"Chicoine, Bobby",813481,Right,BOC_EAG,"Lackey, Vahn",822518,Right,GIT_YEL,Undefined,9,Top,0,1,2,Slider,Slider,BallCalled,Undefined,Undefined,Undefined,0,0,,74.99638,1.031134,-3.697272,2418.221269,92.267079,9:00,5.49679,2.09101,5.73503,-48.68593,2.75228,-20.91021,2.40195,-3.09925,67.59748,-7.940562,-7.419058,0.516196,,,,,,,,,,,,9.22308,1.6511,-1.7702,50,5.55385,7.79024,-108.43832,0.47246,10.68022,23.81666,-30.26207,BOC_EAG,GIT_YEL,HarringtonVillage,D1,ACC,20260515-HarringtonVillage-2,458014f0-50c4-11f1-90ac-456ae51230df,73.01967,,,7.3989,,,,,,,4293fdce-3634-4d91-8f36-83916a8b87e1,2026-05-16,01:12:12.19,2026-05-15T21:12:12.1980000-04:00,2026-05-16T01:12:12.1980000Z,,v3,227,100,26604,"Johnson, Gunnar",1000100233,Right,BOC_EAG,de5cc98c-078c-4f28-85a1-8523bb963bbb,54.76047,-109.47889,11.90833,5.50432,1.79464,-15.13104,-2.10037,7.32361,5.34011,,,,,,,,,,,,,,,,,,,,,,,,,,,,,,,,,,,,,,,,,,,,,,,,,,,High,High,High,,,,,,57.665242,57.03188,1315.929048,0.544172,8:00,-0.810066,0.474815,0.344012,26.802698,-1.24464,49.492488,124.056513,-79.047241,0.157412,-0.981784,-0.106402,83.814661,-9.056706,0.981784,-0.157412,0.106402,-83.814661,9.056706,-0.981784,0.157412,0.106402,-124.056513,79.047241,-0.157412,0.981784,-0.106402,,,
347,2026-05-15,21:12:32.81,4,5,"Chicoine, Bobby",813481,Right,BOC_EAG,"Lackey, Vahn",822518,Right,GIT_YEL,Undefined,9,Top,0,2,2,Slider,Curveball,BallCalled,Undefined,Undefined,Undefined,0,0,,73.09292,-0.746436,-3.402322,2446.799154,95.119167,9:15,5.56633,2.26207,5.47314,-50.95306,4.07866,-21.05237,0.62047,-2.67989,65.79135,-10.061948,-7.140668,0.533922,,,,,,,,,,,,9.26713,3.00933,-1.9484,50,5.46689,7.0638,-105.59608,-2.93857,10.10457,23.7235,-28.89275,BOC_EAG,GIT_YEL,HarringtonVillage,D1,ACC,20260515-HarringtonVillage-2,51bbcbb0-50c4-11f1-90ac-456ae51230df,70.59538,,,7.30157,,,,,,,4293fdce-3634-4d91-8f36-83916a8b87e1,2026-05-16,01:12:32.81,2026-05-15T21:12:32.8160000-04:00,2026-05-16T01:12:32.8160000Z,,v3,227,100,26604,"Johnson, Gunnar",1000100233,Right,BOC_EAG,bb2ef5df-b839-45ae-ace7-3190c0e06b85,55.02152,-106.71826,11.86175,5.57357,-1.57186,-14.44638,-2.27123,6.58582,5.05229,,,,,,,,,,,,,,,,,,,,,,,,,,,,,,,,,,,,,,,,,,,,,,,,,,,High,High,High,,,,,,54.654566,63.635222,1086.585496,0.444084,7:45,-0.883794,0.350527,0.309901,23.582601,-28.88645,45.92241,93.358897,-9.681024,0.984066,-0.168163,-0.057756,71.044868,-79.758085,0.168163,-0.984066,0.057756,-71.044868,79.758085,-0.168163,0.984066,0.057756,-93.358897,9.681024,-0.984066,0.168163,-0.057756,,,
348,2026-05-15,21:12:59.57,4,6,"Chicoine, Bobby",813481,Right,BOC_EAG,"Lackey, Vahn",822518,Right,GIT_YEL,Undefined,9,Top,0,3,2,Fastball,Changeup,BallCalled,Walk,Undefined,Undefined,0,1,,85.76419,-0.004906,-4.640373,2073.536793,236.489303,2:00,5.71728,2.06123,6.40711,-24.09139,14.0419,19.01001,3.70513,-0.63071,76.74889,-4.615414,-1.209762,0.444451,,,,,,,,,,,,-11.35879,7.7265,-1.73601,50,5.70597,9.31153,-124.08136,-0.66792,-17.35311,29.47533,-20.37008,BOC_EAG,GIT_YEL,HarringtonVillage,D1,ACC,20260515-HarringtonVillage-2,61aebe10-50c4-11f1-90ac-456ae51230df,84.80678,,,9.0153,,,,,,,4293fdce-3634-4d91-8f36-83916a8b87e1,2026-05-16,01:12:59.57,2026-05-15T21:12:59.5790000-04:00,2026-05-16T01:12:59.5790000Z,,v3,227,100,26604,"Johnson, Gunnar",1000100233,Right,BOC_EAG,ddb34c39-8640-4125-b21d-fe2196bd7741,54.08784,-125.04865,14.73766,5.71692,0.00056,-10.18504,-2.05093,9.881,-8.67656,,,,,,,,,,,,,,,,,,,,,,,,,,,,,,,,,,,,,,,,,,,,,,,,,,,High,High,High,,,,,,223.071549,27.099653,1845.894723,0.890216,1:30,-0.506605,-0.607977,-0.611323,64.114867,56.634207,41.445477,165.94584,-70.533683,0.080927,-0.942838,-0.323277,71.07434,-4.641836,0.942838,-0.080927,0.323277,-71.07434,4.641836,-0.942838,0.080927,0.323277,-165.94584,70.533683,-0.080927,0.942838,-0.323277,,,
349,2026-05-15,21:13:33.50,5,1,"Chicoine, Bobby",813481,Right,BOC_EAG,"Zuckerman, Ryan",822871,Right,GIT_YEL,Undefined,9,Top,0,0,0,Fastball,Changeup,StrikeCalled,Undefined,Undefined,Undefined,0,0,,84.69452,-2.32436,-3.34797,2012.906265,234.564232,1:45,5.62089,2.11529,6.18444,-25.67009,13.50922,16.96623,1.33062,0.4342,76.55809,-7.169735,-0.288927,0.450505,,,,,,,,,,,,-9.85225,8.15682,-1.87078,50,5.43227,6.51351,-122.66264,-5.73065,-14.78408,27.68194,-19.93413,BOC_EAG,GIT_YEL,HarringtonVillage,D1,ACC,20260515-HarringtonVillage-2,75e04480-50c4-11f1-90ac-456ae51230df,83.66704,,,8.13642,,,,,,,4293fdce-3634-4d91-8f36-83916a8b87e1,2026-05-16,01:13:33.50,2026-05-15T21:13:33.5050000-04:00,2026-05-16T01:13:33.5050000Z,,v3,227,100,26604,"Johnson, Gunnar",1000100233,Right,BOC_EAG,06fece2c-83a2-401f-8a91-47def86597ab,54.31272,-123.63208,13.84097,5.62074,-5.03254,-9.96707,-2.10795,7.03126,-7.39204,,,,,,,,,,,,,,,,,,,,,,,,,,,,,,,,,,,,,,,,,,,,,,,,,,,High,High,High,,,,,,228.647118,18.617908,1907.568203,0.947669,1:30,-0.326212,-0.723735,-0.608107,77.770491,50.078665,68.196651,170.162658,75.600763,0.042487,0.968586,-0.245021,75.803859,2.435052,0.968586,0.042487,0.245021,-75.803859,-2.435052,-0.968586,-0.042487,0.245021,-170.162658,-75.600763,-0.042487,-0.968586,-0.245021,,,
350,2026-05-15,21:13:51.49,5,2,"Chicoine, Bobby",813481,Right,BOC_EAG,"Zuckerman, Ryan",822871,Right,GIT_YEL,Undefined,9,Top,0,0,1,Slider,Curveball,InPlay,Undefined,LineDrive,Double,0,3,,70.97483,1.554236,-0.960654,2308.464667,90.463103,9:00,5.56611,2.21718,5.34507,-55.62558,2.36921,-20.90017,2.38911,-0.4257,63.9583,-8.64853,-4.673667,0.548108,90.4919,6.734061,-40.066568,4846.747162,,,,101.9442,100.15881,-43.604932,0.85247,10.2252,1.18358,-2.11474,50,5.6666,2.47116,-102.77755,1.10705,10.64749,21.23867,-30.94157,BOC_EAG,GIT_YEL,HarringtonVillage,D1,ACC,20260515-HarringtonVillage-2,809e8300-50c4-11f1-90ac-456ae51230df,68.76832,5.40416,,7.01652,,,,3.2102,2.85082,0.02941,4293fdce-3634-4d91-8f36-83916a8b87e1,2026-05-16,01:13:51.49,2026-05-15T21:13:51.4910000-04:00,2026-05-16T01:13:51.4910000Z,GroundBall,v3,227,100,26604,"Johnson, Gunnar",1000100233,Right,BOC_EAG,bb5d01d0-0278-475d-9257-d7b69b1c49ae,55.1533,-103.837,10.61933,5.57288,2.65052,-15.47078,-2.22476,1.94004,5.32375,,3.2102,100.87093,-24.60965,4.74817,-0.81793,-0.24088,0.48562,-0.33485,0.09202,2.85082,15.56326,-24.82608,3.69438,-0.77613,0.02199,0.18028,-0.13918,0.03924,0.02941,-84.83964,1.3511,2.14867,-0.62971,-0.26222,0.59578,-0.42473,0.11802,,,,,,,,,,,,,,,,,,,,,,,High,High,High,High,High,,,,57.700534,54.860632,1328.676708,0.575567,8:00,-0.798989,0.508509,0.320992,36.568456,-37.477206,30.462079,120.89888,-80.155414,0.14671,-0.985275,-0.0878,84.907671,-8.43634,0.985275,-0.14671,0.0878,-84.907671,8.43634,-0.985275,0.14671,0.0878,-120.89888,80.155414,-0.14671,0.985275,-0.0878,76.74658,26.33457,-18.39753
351,2026-05-15,21:14:38.31,6,1,"Chicoine, Bobby",813481,Right,BOC_EAG,"Baker, Will",815345,Left,GIT_YEL,Undefined,9,Top,0,0,0,Fastball,Changeup,BallCalled,Undefined,Undefined,Undefined,0,0,,84.49987,-2.42869,-2.663485,1928.849538,248.31938,2:15,5.74425,2.0279,6.07642,-30.09864,8.59599,18.70281,0.98509,1.12028,78.07971,-7.998783,0.707415,0.44771,,,,,,,,,,,,-10.40438,5.4204,-1.83188,50,5.54001,4.99798,-122.70371,-6.15244,-15.95344,22.97587,-23.86277,BOC_EAG,GIT_YEL,HarringtonVillage,D1,ACC,20260515-HarringtonVillage-2,9c8351e0-50c4-11f1-90ac-456ae51230df,84.18943,,,6.42016,,,,,,,4293fdce-3634-4d91-8f36-83916a8b87e1,2026-05-16,01:14:38.31,2026-05-15T21:14:38.3170000-04:00,2026-05-16T01:14:38.3170000Z,,v3,227,100,26604,"Johnson, Gunnar",1000100233,Right,BOC_EAG,a1936b32-2708-4bf9-bdaf-4a8d071cfbd3,54.42467,-123.52944,11.48794,5.74571,-5.29484,-11.93138,-2.0218,5.57133,-7.97672,,,,,,,,,,,,,,,,,,,,,,,,,,,,,,,,,,,,,,,,,,,,,,,,,,,High,High,High,,,,,,226.393039,17.452576,1840.055954,0.953966,1:30,-0.300659,-0.702844,-0.644682,84.269709,42.458013,81.066323,158.595322,72.198679,0.111572,0.952122,-0.284631,73.356311,6.405963,0.952122,0.111572,0.284631,-73.356311,-6.405963,-0.952122,-0.111572,0.284631,-158.595322,-72.198679,-0.111572,-0.952122,-0.284631,,,
352,2026-05-15,21:14:56.08,6,2,"Chicoine, Bobby",813481,Right,BOC_EAG,"Baker, Will",815345,Left,GIT_YEL,Undefined,9,Top,0,1,0,Fastball,Changeup,StrikeCalled,Undefined,Undefined,Undefined,0,0,,83.85471,-1.868005,-3.874713,1860.053273,249.585748,2:15,5.67608,2.01835,5.95067,-32.07722,7.36241,16.67296,1.26591,-0.19134,77.59295,-7.782312,-0.882706,0.451999,,,,,,,,,,,,-9.58233,4.60091,-1.71933,50,5.50897,7.60057,-121.66871,-5.00656,-14.49272,21.86608,-25.21542,BOC_EAG,GIT_YEL,HarringtonVillage,D1,ACC,20260515-HarringtonVillage-2,a721fa70-50c4-11f1-90ac-456ae51230df,83.39046,,,6.26176,,,,,,,4293fdce-3634-4d91-8f36-83916a8b87e1,2026-05-16,01:14:56.08,2026-05-15T21:14:56.0880000-04:00,2026-05-16T01:14:56.0880000Z,,v3,227,100,26604,"Johnson, Gunnar",1000100233,Right,BOC_EAG,d16ababf-1726-4993-b483-a9277920066a,54.55038,-122.48377,10.93304,5.67807,-4.06666,-12.60771,-2.01271,8.14078,-7.24636,,,,,,,,,,,,,,,,,,,,,,,,,,,,,,,,,,,,,,,,,,,,,,,,,,,High,High,High,,,,,,229.888992,22.93756,1712.979082,0.92093,1:45,-0.405818,-0.716655,-0.567202,-85.954374,-43.351776,79.689381,159.925926,72.723342,0.101936,0.954882,-0.278944,73.715651,5.850657,0.954882,0.101936,0.278944,-73.715651,-5.850657,-0.954882,-0.101936,0.278944,-159.925926,-72.723342,-0.101936,-0.954882,-0.278944,,,
353,2026-05-15,21:15:15.54,6,3,"Chicoine, Bobby",813481,Right,BOC_EAG,"Baker, Will",815345,Left,GIT_YEL,Undefined,9,Top,0,1,1,Fastball,Changeup,InPlay,Undefined,GroundBall,Single,0,1,,83.78168,-1.118698,-3.530804,2001.479836,237.817142,2:00,5.61395,2.06842,6.03529,-28.22147,11.26894,15.98686,2.22417,0.12708,77.03974,-6.377887,-0.658327,0.45229,101.22906,-2.37441,8.070179,,,,,28.07767,26.54834,7.561509,0.186645,-9.21201,6.46406,-1.80133,50,5.51109,6.89381,-121.60369,-3.24249,-13.85594,22.84213,-22.45136,BOC_EAG,GIT_YEL,HarringtonVillage,D1,ACC,20260515-HarringtonVillage-2,b2baba70-50c4-11f1-90ac-456ae51230df,83.33682,2.1703,,6.74194,,,,1.14621,2.1703,-0.13559,4293fdce-3634-4d91-8f36-83916a8b87e1,2026-05-16,01:15:15.54,2026-05-15T21:15:15.5420000-04:00,2026-05-16T01:15:15.5420000Z,GroundBall,v3,227,100,26604,"Johnson, Gunnar",1000100233,Right,BOC_EAG,365b4471-6e15-4ae5-8c0a-e4b97b2aecf0,54.46492,-122.43951,11.42106,5.61471,-2.42097,-11.22568,-2.06286,7.40081,-6.92797,354.726046,1.14672,146.83673,-20.66778,,,,,,,2.17179,-6.25685,-28.86302,,,,,,,-0.13562,20.82722,-1.63306,,,,,,,,,,,,,,,,,,,,,,,,,,,,,High,High,High,High,High,,,,228.511461,22.244034,1852.529558,0.92558,1:30,-0.402013,-0.7006,-0.58953,79.529784,55.757891,68.249455,172.743037,-72.845752,0.037257,-0.955514,-0.292583,72.975189,-2.135182,0.955514,-0.037257,0.292583,-72.975189,2.135182,-0.955514,0.037257,0.292583,-172.743037,72.845752,-0.037257,0.955514,-0.292583,80.03252,8.13445,3.1045
354,2026-05-15,21:15:58.85,7,1,"Chicoine, Bobby",813481,Right,BOC_EAG,"Hernandez, Alex",815415,Right,GIT_YEL,Undefined,9,Top,0,0,0,Slider,Curveball,BallCalled,Undefined,Undefined,Undefined,0,0,,69.49563,1.59211,1.479201,2253.089672,80.958631,8:45,5.5064,2.37169,5.56029,-61.00988,-1.43287,-22.59863,1.91057,1.87074,63.07039,-9.59478,-2.558441,0.555534,,,,,,,,,,,,11.83674,-0.55898,-2.48444,50,5.60434,-1.80335,-100.74097,0.99574,11.93559,19.23425,-32.7377,BOC_EAG,GIT_YEL,HarringtonVillage,D1,ACC,20260515-HarringtonVillage-2,cc8dc050-50c4-11f1-90ac-456ae51230df,67.84901,,,6.42524,,,,,,,4293fdce-3634-4d91-8f36-83916a8b87e1,2026-05-16,01:15:58.85,2026-05-15T21:15:58.8540000-04:00,2026-05-16T01:15:58.8540000Z,,v3,227,100,26604,"Johnson, Gunnar",1000100233,Right,BOC_EAG,a1f5a313-346b-4cd2-97fb-83c90ebe243e,54.9386,-101.67951,9.61712,5.51678,2.59319,-16.36885,-2.38223,-2.38575,5.9678,,,,,,,,,,,,,,,,,,,,,,,,,,,,,,,,,,,,,,,,,,,,,,,,,,,High,High,High,,,,,,57.948286,45.061048,1591.476573,0.706353,8:00,-0.700399,0.618119,0.356889,17.624017,3.850064,40.460578,92.975325,-8.940025,0.98652,-0.155401,-0.051275,71.73939,-80.581687,0.155401,-0.98652,0.051275,-71.73939,80.581687,-0.155401,0.98652,0.051275,-92.975325,8.940025,-0.98652,0.155401,-0.051275,,,
355,2026-05-15,21:16:16.68,7,2,"Chicoine, Bobby",813481,Right,BOC_EAG,"Hernandez, Alex",815415,Right,GIT_YEL,Undefined,9,Top,0,1,0,Fastball,Changeup,BallCalled,Undefined,Undefined,Undefined,0,0,,85.15388,-2.193839,-4.738859,1996.577449,243.117438,2:00,5.62504,1.94273,6.23691,-28.56037,9.88686,16.928,1.21335,-1.02799,77.64446,-7.535082,-1.691027,0.446276,,,,,,,,,,,,-10.11705,6.17256,-1.59659,50,5.44691,9.55343,-123.24745,-5.60112,-15.48157,25.66886,-22.72853,BOC_EAG,GIT_YEL,HarringtonVillage,D1,ACC,20260515-HarringtonVillage-2,d71f97a0-50c4-11f1-90ac-456ae51230df,84.45984,,,7.50943,,,,,,,4293fdce-3634-4d91-8f36-83916a8b87e1,2026-05-16,01:16:16.68,2026-05-15T21:16:16.6870000-04:00,2026-05-16T01:16:16.6870000Z,,v3,227,100,26604,"Johnson, Gunnar",1000100233,Right,BOC_EAG,2cf312de-1d61-43fe-b8cd-713f94e155d1,54.26095,-124.13172,12.83443,5.62638,-4.81815,-11.36427,-1.93488,10.08675,-7.74078,,,,,,,,,,,,,,,,,,,,,,,,,,,,,,,,,,,,,,,,,,,,,,,,,,,High,High,High,,,,,,226.472919,23.928733,1824.97295,0.914051,1:30,-0.43064,-0.677772,-0.595964,80.666471,50.871893,63.939916,170.533149,75.360892,0.041568,0.967537,-0.249288,75.551864,2.382371,0.967537,0.041568,0.249288,-75.551864,-2.382371,-0.967537,-0.041568,0.249288,-170.533149,-75.360892,-0.041568,-0.967537,-0.249288,,,
356,2026-05-15,21:16:37.57,7,3,"Chicoine, Bobby",813481,Right,BOC_EAG,"Hernandez, Alex",815415,Right,GIT_YEL,Undefined,9,Top,0,2,0,Fastball,Changeup,StrikeCalled,Undefined,Undefined,Undefined,0,0,,83.934,-1.081819,-4.037294,1908.925322,237.830824,2:00,5.67852,1.79794,6.10485,-28.76624,11.32678,15.64942,2.27831,-0.63767,75.64403,-6.494908,-1.224258,0.455728,,,,,,,,,,,,-9.30882,6.63264,-1.49493,50,5.58037,7.94592,-121.48196,-3.16259,-13.68722,27.36986,-22.42174,BOC_EAG,GIT_YEL,HarringtonVillage,D1,ACC,20260515-HarringtonVillage-2,e39e71e0-50c4-11f1-90ac-456ae51230df,82.70819,,,8.28997,,,,,,,4293fdce-3634-4d91-8f36-83916a8b87e1,2026-05-16,01:16:37.57,2026-05-15T21:16:37.5790000-04:00,2026-05-16T01:16:37.5790000Z,,v3,227,100,26604,"Johnson, Gunnar",1000100233,Right,BOC_EAG,999804db-347b-4994-a89f-0ad7192f9ed4,54.39045,-122.46714,13.68493,5.67968,-2.35553,-11.21087,-1.78981,8.43859,-6.84361,,,,,,,,,,,,,,,,,,,,,,,,,,,,,,,,,,,,,,,,,,,,,,,,,,,High,High,High,,,,,,226.059405,25.344463,1725.192471,0.903751,1:30,-0.458818,-0.65872,-0.5963,81.908376,46.855031,66.972026,161.219518,71.45676,0.102384,0.948084,-0.301089,72.381411,5.876494,0.948084,0.102384,0.301089,-72.381411,-5.876494,-0.948084,-0.102384,0.301089,-161.219518,-71.45676,-0.102384,-0.948084,-0.301089,,,
357,2026-05-15,21:16:57.55,7,4,"Chicoine, Bobby",813481,Right,BOC_EAG,"Hernandez, Alex",815415,Right,GIT_YEL,Undefined,9,Top,0,2,1,Fastball,Changeup,InPlay,Undefined,GroundBall,Out,2,0,,84.28694,-1.036793,-3.661152,1959.225281,240.429421,2:00,5.64233,1.91627,6.13183,-28.47789,10.87453,16.78387,2.30882,-0.07365,76.5849,-6.37929,-0.64035,0.451499,86.8623,-50.740676,-57.204497,,,,,3.10991,3.10991,-29.573749,0.02364,-9.80508,6.32355,-1.64504,50,5.54827,7.17236,-122.19424,-3.07278,-14.70072,25.9614,-22.69318,BOC_EAG,GIT_YEL,HarringtonVillage,D1,ACC,20260515-HarringtonVillage-2,ef8551e0-50c4-11f1-90ac-456ae51230df,83.48285,2.33709,,7.70204,,,,1.67015,2.33709,0.07079,4293fdce-3634-4d91-8f36-83916a8b87e1,2026-05-16,01:16:57.55,2026-05-15T21:16:57.5590000-04:00,2026-05-16T01:16:57.5590000Z,GroundBall,v3,227,100,26604,"Johnson, Gunnar",1000100233,Right,BOC_EAG,02e3a4a4-f3e4-46e2-a314-eb3b7b1a0467,54.36689,-123.11853,12.9807,5.64329,-2.26484,-11.34659,-1.90971,7.69574,-7.35036,,1.66978,43.76513,,,,,,,,2.33793,-98.86241,,,,,,,,0.07136,-67.9219,,,,,,,,,,,,,,,,,,,,,,,,,,,,,,High,High,High,Estimated,Estimated,,,,224.88137,23.375473,1798.420985,0.917925,1:30,-0.425717,-0.654798,-0.624503,84.785113,46.952492,65.984728,161.696953,77.113452,0.070038,0.974814,-0.211738,77.745198,4.016184,0.974814,0.070038,0.211738,-77.745198,-4.016184,-0.974814,-0.070038,0.211738,-161.696953,-77.113452,-0.070038,-0.974814,-0.211738,72.58949,14.20618,0.26311
358,2026-05-15,21:17:37.93,8,1,"Chicoine, Bobby",813481,Right,BOC_EAG,"Schmidt, Kent",812674,Left,GIT_YEL,Undefined,9,Top,2,0,0,Fastball,Changeup,StrikeCalled,Undefined,Undefined,Undefined,0,0,,85.00744,-0.436128,-4.331478,1941.635369,238.585696,2:00,5.64223,2.02956,6.16737,-26.93498,11.81697,17.13025,2.99365,-0.55142,76.95841,-5.512341,-1.2514,0.448041,,,,,,,,,,,,-10.12918,6.64197,-1.70916,50,5.59547,8.64386,-123.11869,-1.74176,-15.39941,26.61797,-22.07626,BOC_EAG,GIT_YEL,HarringtonVillage,D1,ACC,20260515-HarringtonVillage-2,0791efa0-50c5-11f1-90ac-456ae51230df,84.12714,,,8.04903,,,,,,,4293fdce-3634-4d91-8f36-83916a8b87e1,2026-05-16,01:17:37.93,2026-05-15T21:17:37.9390000-04:00,2026-05-16T01:17:37.9390000Z,,v3,227,100,26604,"Johnson, Gunnar",1000100233,Right,BOC_EAG,bec018d7-0c19-4e27-b834-42f6963cc03d,54.32971,-124.05123,13.30899,5.64294,-0.96833,-11.03813,-2.02144,9.18336,-7.6997,,,,,,,,,,,,,,,,,,,,,,,,,,,,,,,,,,,,,,,,,,,,,,,,,,,High,High,High,,,,,,227.306446,21.430883,1807.38878,0.930859,1:30,-0.406803,-0.686934,-0.60219,80.125402,48.725325,65.480564,164.24253,74.69894,0.071664,0.964553,-0.253974,75.248426,4.109555,0.964553,0.071664,0.253974,-75.248426,-4.109555,-0.964553,-0.071664,0.253974,-164.24253,-74.69894,-0.071664,-0.964553,-0.253974,,,
359,2026-05-15,21:17:54.69,8,2,"Chicoine, Bobby",813481,Right,BOC_EAG,"Schmidt, Kent",812674,Left,GIT_YEL,Undefined,9,Top,2,0,1,Fastball,Changeup,BallCalled,Undefined,Undefined,Undefined,0,0,,85.67614,-1.870501,-4.484386,2009.60705,248.145641,2:15,5.62443,1.99806,5.95191,-29.66726,8.68221,18.41174,1.41145,-0.63509,78.1064,-7.384703,-1.184781,0.445709,,,,,,,,,,,,-10.77741,5.38595,-1.65126,50,5.45864,8.98921,-124.04136,-5.01946,-16.70294,26.03403,-23.82685,BOC_EAG,GIT_YEL,HarringtonVillage,D1,ACC,20260515-HarringtonVillage-2,118def90-50c5-11f1-90ac-456ae51230df,84.56742,,,7.56974,,,,,,,4293fdce-3634-4d91-8f36-83916a8b87e1,2026-05-16,01:17:54.69,2026-05-15T21:17:54.6940000-04:00,2026-05-16T01:17:54.6940000Z,,v3,227,100,26604,"Johnson, Gunnar",1000100233,Right,BOC_EAG,726f834c-141b-4763-9a59-9514e5d33c02,54.54727,-124.99211,13.01701,5.62605,-4.14932,-11.91343,-1.99068,9.59919,-8.35147,,,,,,,,,,,,,,,,,,,,,,,,,,,,,,,,,,,,,,,,,,,,,,,,,,,High,High,High,,,,,,230.457549,17.088585,1920.886064,0.955852,1:45,-0.316389,-0.746307,-0.585598,85.565957,48.326264,78.382517,158.871479,75.387045,0.090939,0.967652,-0.235328,76.331318,5.217692,0.967652,0.090939,0.235328,-76.331318,-5.217692,-0.967652,-0.090939,0.235328,-158.871479,-75.387045,-0.090939,-0.967652,-0.235328,,,
360,2026-05-15,21:18:12.15,8,3,"Chicoine, Bobby",813481,Right,BOC_EAG,"Schmidt, Kent",812674,Left,GIT_YEL,Undefined,9,Top,2,1,1,Fastball,Changeup,InPlay,Undefined,GroundBall,Out,1,0,,84.09174,-0.972816,-3.383436,1957.202764,250.152698,2:15,5.60942,2.12376,6.15172,-31.43714,7.88422,18.25647,2.08918,0.51539,76.78626,-6.83682,-0.093562,0.451321,70.85114,-54.459196,33.712933,,,,,3.12278,3.12278,6.102049,0.025219,-10.48209,4.72886,-1.87577,50,5.51914,6.52286,-122.02102,-3.04115,-15.73251,25.01906,-25.07652,BOC_EAG,GIT_YEL,HarringtonVillage,D1,ACC,20260515-HarringtonVillage-2,1bef6810-50c5-11f1-90ac-456ae51230df,83.51575,2.13903,,7.30549,,,,1.83401,2.13903,-0.51617,4293fdce-3634-4d91-8f36-83916a8b87e1,2026-05-16,01:18:12.15,2026-05-15T21:18:12.1500000-04:00,2026-05-16T01:18:12.1500000Z,GroundBall,v3,227,100,26604,"Johnson, Gunnar",1000100233,Right,BOC_EAG,5335c752-a051-46bf-b757-90c933431ae1,54.34832,-122.90936,12.50953,5.61132,-2.15076,-12.53826,-2.11729,7.08147,-7.86626,,1.83338,50.40075,,,,,,,,2.14009,-84.81661,,,,,,,,-0.51659,33.62956,,,,,,,,,,,,,,,,,,,,,,,,,,,,,,High,High,High,Estimated,Estimated,,,,230.335657,25.335703,1768.951317,0.903816,1:45,-0.449369,-0.70292,-0.551336,80.286259,53.104108,64.952859,168.616434,73.684093,0.05545,0.959727,-0.275407,73.98846,3.178653,0.959727,0.05545,0.275407,-73.98846,-3.178653,-0.959727,-0.05545,0.275407,-168.616434,-73.684093,-0.05545,-0.959727,-0.275407,,,
361,2026-05-15,21:19:11.33,1,1,"Patel, Mason",822715,Right,GIT_YEL,"Roossien, Jace",831501,Left,BOC_EAG,Undefined,9,Bottom,0,0,0,Slider,Changeup,StrikeCalled,Undefined,Undefined,Undefined,0,0,,84.55576,0.643034,-3.034418,2054.646643,238.189596,2:00,5.29531,2.17924,6.02484,-28.67797,10.4919,14.79572,3.50189,0.59923,76.74119,-4.736351,-0.376449,0.450451,,,,,,,,,,,,-8.43882,5.60548,-1.94926,50,5.33025,5.89947,-122.62669,0.48984,-12.76867,25.67636,-23.69248,BOC_EAG,GIT_YEL,HarringtonVillage,D1,ACC,20260515-HarringtonVillage-2,3f48a1a0-50c5-11f1-90ac-456ae51230df,83.67716,,,7.81458,,,,,,,4293fdce-3634-4d91-8f36-83916a8b87e1,2026-05-16,01:19:11.33,2026-05-15T21:19:11.3330000-04:00,2026-05-16T01:19:11.3330000Z,,v3,227,100,26604,"Lackey, Vahn",822518,Right,GIT_YEL,2152e421-46b8-434e-8eed-58c0d29ef2f9,54.47167,-123.55944,12.83818,5.29683,1.35052,-11.84624,-2.17199,6.36332,-6.38433,,,,,,,,,,,,,,,,,,,,,,,,,,,,,,,,,,,,,,,,,,,,,,,,,,,High,High,High,,,,,,231.141011,23.707548,1881.254265,0.91561,1:45,-0.439879,-0.708421,-0.551947,-60.721948,-35.816096,-38.40677,165.762218,-1.958074,0.245803,-0.034168,-0.968717,2.020075,-14.229293,0.034168,-0.245803,0.968717,-2.020075,14.229293,-0.034168,0.245803,0.968717,-165.762218,1.958074,-0.245803,0.034168,-0.968717,,,
362,2026-05-15,21:21:23.43,1,2,"Patel, Mason",822715,Right,GIT_YEL,"Roossien, Jace",831501,Left,BOC_EAG,Undefined,9,Bottom,0,0,1,ChangeUp,Changeup,StrikeSwinging,Undefined,Undefined,Undefined,0,0,,81.5615,-0.087328,-3.060498,1762.670929,275.858145,3:15,4.86135,2.25898,5.69921,-43.07845,-0.50075,18.64048,1.18998,0.95774,74.49261,-7.993005,0.274181,0.469637,,,,,,,,,,,,-10.41083,0.16835,-2.01391,50,4.82708,5.59166,-118.31499,-1.63204,-14.6612,23.94548,-31.93697,BOC_EAG,GIT_YEL,HarringtonVillage,D1,ACC,20260515-HarringtonVillage-2,8dfe03d0-50c5-11f1-90ac-456ae51230df,80.25862,,,7.06888,,,,,,,4293fdce-3634-4d91-8f36-83916a8b87e1,2026-05-16,01:21:23.43,2026-05-15T21:21:23.4390000-04:00,2026-05-16T01:21:23.4390000Z,,v3,227,100,26604,"Lackey, Vahn",822518,Right,GIT_YEL,378d8a29-4e42-44db-b65c-7278f05b8d97,54.80122,-119.28274,11.97274,4.86696,-0.34132,-15.96848,-2.25187,6.18419,-7.3306,,,,,,,,,,,,,,,,,,,,,,,,,,,,,,,,,,,,,,,,,,,,,,,,,,,High,High,High,,,,,,264.26444,-5.046248,1755.838857,0.996124,2:45,0.084028,-0.991002,-0.104185,89.806924,-2.846376,89.534669,149.047986,83.862337,0.05499,0.994268,-0.091692,84.731027,3.152279,0.994268,0.05499,0.091692,-84.731027,-3.152279,-0.994268,-0.05499,0.091692,-149.047986,-83.862337,-0.05499,-0.994268,-0.091692,,,
363,2026-05-15,21:21:38.69,1,3,"Patel, Mason",822715,Right,GIT_YEL,"Roossien, Jace",831501,Left,BOC_EAG,Undefined,9,Bottom,0,0,2,ChangeUp,Changeup,BallCalled,Undefined,Undefined,Undefined,0,0,,80.71226,-0.418029,-2.684959,1787.856475,276.036457,3:15,4.79912,2.35737,5.68815,-44.12396,-0.59232,19.38533,0.73208,1.46851,73.73235,-8.508369,0.78535,0.474869,,,,,,,,,,,,-10.69166,0.23272,-2.14391,50,4.73625,4.73558,-117.10349,-2.32892,-14.72677,23.77897,-31.85353,BOC_EAG,GIT_YEL,HarringtonVillage,D1,ACC,20260515-HarringtonVillage-2,972611f0-50c5-11f1-90ac-456ae51230df,79.37437,,,6.97991,,,,,,,4293fdce-3634-4d91-8f36-83916a8b87e1,2026-05-16,01:21:38.69,2026-05-15T21:21:38.6950000-04:00,2026-05-16T01:21:38.6950000Z,,v3,227,100,26604,"Lackey, Vahn",822518,Right,GIT_YEL,af4cb1fc-c36e-4992-a5d1-a1cd94dbd7a3,54.81229,-118.07663,11.88949,4.80488,-1.02533,-15.92676,-2.35005,5.33826,-7.36339,,,,,,,,,,,,,,,,,,,,,,,,,,,,,,,,,,,,,,,,,,,,,,,,,,,High,High,High,,,,,,264.517274,-7.621706,1772.061416,0.991165,2:45,0.135237,-0.985637,-0.101148,-76.48984,4.91082,-84.014425,140.055859,87.963031,0.022821,0.999368,-0.027251,88.438044,1.307654,0.999368,0.022821,0.027251,-88.438044,-1.307654,-0.999368,-0.022821,0.027251,-140.055859,-87.963031,-0.022821,-0.999368,-0.027251,,,
364,2026-05-15,21:21:55.85,1,4,"Patel, Mason",822715,Right,GIT_YEL,"Roossien, Jace",831501,Left,BOC_EAG,Undefined,9,Bottom,0,1,2,ChangeUp,Changeup,FoulBallNotFieldable,Undefined,Undefined,Undefined,0,0,,82.19718,0.720287,-3.196636,1744.638727,249.670257,2:15,4.82288,2.23612,5.78445,-33.9025,7.89634,17.55158,2.66887,0.72167,74.74115,-5.577468,-0.057386,0.465322,68.48037,21.464067,-167.554954,2414.79759,,,,136.82593,46.73693,-163.929702,1.699304,-9.80252,4.25209,-1.9827,50,4.8622,5.94258,-119.16927,0.40518,-14.02411,23.99676,-26.09073,BOC_EAG,GIT_YEL,HarringtonVillage,D1,ACC,20260515-HarringtonVillage-2,a1511120-50c5-11f1-90ac-456ae51230df,81.00294,16.54086,,7.45603,,,,1.80495,2.6895,-0.71657,4293fdce-3634-4d91-8f36-83916a8b87e1,2026-05-16,01:21:55.85,2026-05-15T21:21:55.8510000-04:00,2026-05-16T01:21:55.8510000Z,LineDrive,v3,227,100,26604,"Lackey, Vahn",822518,Right,GIT_YEL,2a70bde9-bf64-4a39-b3a3-74562f9872c5,54.71282,-120.11452,11.99838,4.82599,1.43292,-13.04537,-2.22767,6.495,-7.01206,329.939966,1.80495,-91.27578,9.05262,-1.18281,0.21169,-0.02724,0.0054,-0.0006,-0,2.6895,36.75193,-26.44266,3.15145,-0.69202,0.14189,-0.02697,0.00459,-0.0004,-0.71657,-20.14353,-1.9161,0.76154,-0.19459,0.04683,-0.00968,0.00171,-0.00015,,,,,,,,,,,,,,,,,,,,,,,High,High,High,High,Low,,,,264.285172,-4.626853,1738.953266,0.996741,2:45,0.062551,-0.992723,-0.102901,-82.912584,12.945703,-89.450863,120.48376,-82.340821,0.114857,-0.991078,-0.067612,86.09728,-6.595388,0.991078,-0.114857,0.067612,-86.09728,6.595388,-0.991078,0.114857,0.067612,-120.48376,82.340821,-0.114857,0.991078,-0.067612,,,
365,2026-05-15,21:22:20.39,1,5,"Patel, Mason",822715,Right,GIT_YEL,"Roossien, Jace",831501,Left,BOC_EAG,Undefined,9,Bottom,0,1,2,ChangeUp,Slider,BallCalled,Undefined,Undefined,Undefined,0,0,,82.54359,0.195034,-1.129713,2524.914728,99.797001,9:15,5.22745,2.21921,5.53705,-40.43778,1.88583,-1.84386,2.03996,1.0095,74.37257,-7.256898,-1.458771,0.468234,,,,,,,,,,,,0.54614,1.37555,-2.11998,50,5.21795,2.43598,-119.60202,-0.9985,0.77549,27.30876,-30.22083,BOC_EAG,GIT_YEL,HarringtonVillage,D1,ACC,20260515-HarringtonVillage-2,afef7000-50c5-11f1-90ac-456ae51230df,80.49921,,,8.17102,,,,,,,4293fdce-3634-4d91-8f36-83916a8b87e1,2026-05-16,01:22:20.39,2026-05-15T21:22:20.3930000-04:00,2026-05-16T01:22:20.3930000Z,,v3,227,100,26604,"Lackey, Vahn",822518,Right,GIT_YEL,5bdb8416-116a-4c10-95db-6df95b653256,54.95806,-120.72879,13.65438,5.23343,0.24843,-15.11042,-2.21983,2.40398,0.38774,,,,,,,,,,,,,,,,,,,,,,,,,,,,,,,,,,,,,,,,,,,,,,,,,,,High,High,High,,,,,,39.634076,88.840116,51.110375,0.020242,7:15,-0.999244,0.016315,0.035297,21.742874,-46.937492,-62.489021,134.692184,17.421509,0.678285,0.299399,-0.671036,24.045197,42.709789,0.299399,0.678285,0.671036,-24.045197,-42.709789,-0.299399,-0.678285,0.671036,-134.692184,-17.421509,-0.678285,-0.299399,-0.671036,,,
366,2026-05-15,21:22:39.56,1,6,"Patel, Mason",822715,Right,GIT_YEL,"Roossien, Jace",831501,Left,BOC_EAG,Undefined,9,Bottom,0,2,2,ChangeUp,Changeup,StrikeSwinging,Strikeout,Undefined,Undefined,0,0,,82.19536,-0.079051,-3.040402,1951.263213,270.802687,3:00,4.91828,2.36961,5.69605,-40.91884,1.1685,20.04926,1.43461,1.20438,74.72865,-7.610485,0.545533,0.466925,,,,,,,,,,,,-11.10922,1.05158,-2.1268,50,4.88624,5.52219,-119.17726,-1.55003,-15.81387,25.09393,-30.67715,BOC_EAG,GIT_YEL,HarringtonVillage,D1,ACC,20260515-HarringtonVillage-2,bb6d7c10-50c5-11f1-90ac-456ae51230df,80.72483,,,7.46671,,,,,,,4293fdce-3634-4d91-8f36-83916a8b87e1,2026-05-16,01:22:39.56,2026-05-15T21:22:39.5690000-04:00,2026-05-16T01:22:39.5690000Z,,v3,227,100,26604,"Lackey, Vahn",822518,Right,GIT_YEL,043239b0-fdbb-4341-aba3-ef12380982ab,54.80324,-120.18438,12.54697,4.92375,-0.31885,-15.33857,-2.36116,6.15686,-7.90694,,,,,,,,,,,,,,,,,,,,,,,,,,,,,,,,,,,,,,,,,,,,,,,,,,,High,High,High,,,,,,263.843651,-2.28338,1949.713899,0.999206,2:45,0.035471,-0.993388,-0.109192,-84.697148,6.125074,-83.842269,94.077863,-0.201178,0.997462,-0.003511,-0.071112,2.82674,-85.917186,0.003511,-0.997462,0.071112,-2.82674,85.917186,-0.003511,0.997462,0.071112,-94.077863,0.201178,-0.997462,0.003511,-0.071112,,,
367,2026-05-15,21:23:10.04,2,1,"Patel, Mason",822715,Right,GIT_YEL,"Wolff, Kyle",813479,Right,BOC_EAG,Undefined,9,Bottom,1,0,0,Sinker,Sinker,StrikeSwinging,Undefined,Undefined,Undefined,0,0,,90.87692,-1.376955,-4.763151,2136.768245,244.276799,2:15,5.12021,2.14872,5.87745,-23.86978,10.4641,19.21021,1.84757,-0.68433,82.24683,-5.84914,-1.329632,0.421728,,,,,,,,,,,,-11.26087,6.1241,-1.77415,50,4.99487,10.11672,-131.47217,-3.97141,-19.52554,30.3042,-21.55527,BOC_EAG,GIT_YEL,HarringtonVillage,D1,ACC,20260515-HarringtonVillage-2,cd87bb40-50c5-11f1-90ac-456ae51230df,89.3761,,,8.63009,,,,,,,4293fdce-3634-4d91-8f36-83916a8b87e1,2026-05-16,01:23:10.04,2026-05-15T21:23:10.0440000-04:00,2026-05-16T01:23:10.0440000Z,,v3,227,100,26604,"Lackey, Vahn",822518,Right,GIT_YEL,14c3e5ba-34c5-4cf0-a3a6-292331ab7e66,54.62075,-132.53297,15.1521,5.12068,-3.21686,-10.77763,-2.14025,10.80021,-9.76277,,,,,,,,,,,,,,,,,,,,,,,,,,,,,,,,,,,,,,,,,,,,,,,,,,,High,High,High,,,,,,231.37944,18.487175,2026.499583,0.948395,1:45,-0.347316,-0.748383,-0.565061,87.744601,48.512511,84.804857,163.885092,70.822244,0.09118,0.944504,-0.315592,71.523701,5.231494,0.944504,0.09118,0.315592,-71.523701,-5.231494,-0.944504,-0.09118,0.315592,-163.885092,-70.822244,-0.09118,-0.944504,-0.315592,,,
368,2026-05-15,21:23:25.28,2,2,"Patel, Mason",822715,Right,GIT_YEL,"Wolff, Kyle",813479,Right,BOC_EAG,Undefined,9,Bottom,1,0,1,Sinker,Four-Seam,InPlay,Undefined,FlyBall,Out,1,0,,90.22642,-0.596729,-4.19895,2230.163941,221.305295,1:30,5.14734,2.09572,6.33565,-18.30092,15.92076,12.92894,3.07134,-0.69991,81.44798,-4.112171,-1.868039,0.421039,100.61528,33.666526,4.957612,3289.798872,108.84866,72.51381,15.87226,365.61552,360.40439,13.033206,5.72984,-8.07024,8.83004,-1.79549,50,5.0951,9.07834,-130.72645,-1.86936,-13.79849,30.63148,-17.07644,BOC_EAG,GIT_YEL,HarringtonVillage,D1,ACC,20260515-HarringtonVillage-2,d68fbe40-50c5-11f1-90ac-456ae51230df,89.52254,107.58211,,8.77843,,,,1.94691,3.17105,0.67522,4293fdce-3634-4d91-8f36-83916a8b87e1,2026-05-16,01:23:25.28,2026-05-15T21:23:25.2830000-04:00,2026-05-16T01:23:25.2830000Z,FlyBall,v3,227,100,26604,"Lackey, Vahn",822518,Right,GIT_YEL,a62cffb3-b525-4943-9d03-09f1966b8038,54.16239,-131.69815,15.31574,5.14581,-1.32766,-8.53822,-2.09042,9.51607,-6.89925,201.713604,1.95387,122.22429,-28.48364,6.79779,-1.05432,0.04917,0.01489,-0.00264,0.00013,3.16465,81.91281,-17.20755,0.20715,0.18523,-0.06908,0.01778,-0.00246,0.00013,0.67323,10.65516,4.73368,-2.05065,0.49036,-0.06562,0.00309,0.00021,-2E-05,,,,,,,,,,,,,,,,,,,,,,,High,High,High,High,Medium,,,,230.471487,24.79637,2024.551866,0.907804,1:45,-0.453279,-0.704526,-0.54606,-50.664988,-35.833398,-51.211942,173.958285,2.367835,0.105163,0.041315,-0.993596,2.381046,6.036538,0.041315,0.105163,0.993596,-2.381046,-6.036538,-0.041315,-0.105163,0.993596,-173.958285,-2.367835,-0.105163,-0.041315,-0.993596,70.92364,20.0265,-3.1979
369,2026-05-15,21:24:02.99,3,1,"Patel, Mason",822715,Right,GIT_YEL,"DeShazo, Owen",703506,Right,BOC_EAG,Undefined,9,Bottom,2,0,0,Slider,Slider,BallCalled,Undefined,Undefined,Undefined,0,0,,83.61444,-2.085084,-3.503919,2535.190016,114.899634,9:45,5.12647,2.15017,5.7516,-36.95045,3.27099,-4.43311,0.10171,-1.48522,77.28418,-8.826883,-4.296244,0.456457,,,,,,,,,,,,1.33098,2.54815,-1.85618,50,4.93017,7.59411,-121.23938,-5.65681,1.98411,23.36468,-28.37555,BOC_EAG,GIT_YEL,HarringtonVillage,D1,ACC,20260515-HarringtonVillage-2,ed1b3a40-50c5-11f1-90ac-456ae51230df,82.57604,,,6.33026,,,,,,,4293fdce-3634-4d91-8f36-83916a8b87e1,2026-05-16,01:24:02.99,2026-05-15T21:24:02.9950000-04:00,2026-05-16T01:24:02.9950000Z,,v3,227,100,26604,"Lackey, Vahn",822518,Right,GIT_YEL,5c5ed041-0089-445e-b8d6-26b6190e87b7,54.7492,-122.15119,11.68234,5.12932,-4.54944,-14.18778,-2.15103,7.51668,0.99205,,,,,,,,,,,,,,,,,,,,,,,,,,,,,,,,,,,,,,,,,,,,,,,,,,,High,High,High,,,,,,243.400713,85.33985,205.972301,0.081245,2:00,-0.993757,-0.108861,0.024403,37.940096,-49.333672,-68.980843,140.154975,8.486469,0.633698,0.147576,-0.759374,10.997714,39.323477,0.147576,0.633698,0.759374,-10.997714,-39.323477,-0.147576,-0.633698,0.759374,-140.154975,-8.486469,-0.633698,-0.147576,-0.759374,,,
370,2026-05-15,21:24:18.63,3,2,"Patel, Mason",822715,Right,GIT_YEL,"DeShazo, Owen",703506,Right,BOC_EAG,Undefined,9,Bottom,2,1,0,Sinker,Sinker,InPlay,Undefined,LineDrive,Single,0,0,,90.4909,-0.712264,-2.866371,2125.824304,242.015067,2:00,5.14542,2.07575,5.9872,-23.5823,10.80713,18.06469,2.51923,0.92233,81.81746,-5.151204,0.379109,0.422069,73.08335,18.14651,-5.036307,2152.254839,109.90792,22.25479,-4.49472,203.90844,203.62322,0.527405,2.572426,-10.18319,6.12359,-1.85947,50,5.07625,5.80102,-131.22789,-2.40129,-17.54738,30.83389,-21.62211,BOC_EAG,GIT_YEL,HarringtonVillage,D1,ACC,20260515-HarringtonVillage-2,f6704bd0-50c5-11f1-90ac-456ae51230df,89.30391,22.25204,,8.67344,,,,0.9669,2.49055,-0.903,4293fdce-3634-4d91-8f36-83916a8b87e1,2026-05-16,01:24:18.63,2026-05-15T21:24:18.6330000-04:00,2026-05-16T01:24:18.6330000Z,LineDrive,v3,227,100,26604,"Lackey, Vahn",822518,Right,GIT_YEL,005163d6-4d8f-4ef1-aaef-acdf9e7e456e,54.51098,-132.28357,15.41695,5.14579,-1.661,-10.81106,-2.06836,6.40179,-8.77369,224.039918,0.96692,101.46351,-12.70011,2.23562,-0.37273,0.03442,0.00777,-0.00411,0.00061,2.49054,33.38376,-14.7488,0.5405,0.04616,-0.05963,0.02472,-0.00324,-1E-05,-0.90299,-8.94336,6.47807,-1.7549,0.5828,-0.25095,0.09315,-0.01974,0.0017,,,,,,,,,,,,,,,,,,,,,,,High,High,High,High,High,,,,231.168955,18.585113,2014.965231,0.947851,1:45,-0.338843,-0.742279,-0.578106,66.037794,47.661251,59.002956,159.476673,70.189887,0.118816,0.940821,-0.317394,71.357759,6.82377,0.940821,0.118816,0.317394,-71.357759,-6.82377,-0.940821,-0.118816,0.317394,-159.476673,-70.189887,-0.118816,-0.940821,-0.317394,79.52821,8.51643,-5.84566
371,2026-05-15,21:25:03.83,4,1,"Patel, Mason",822715,Right,GIT_YEL,"Johnson, Gunnar",1000100233,Right,BOC_EAG,Undefined,9,Bottom,2,0,0,Slider,Slider,StrikeSwinging,Undefined,Undefined,Undefined,0,0,,81.5689,0.681007,-1.585574,2583.460475,66.699587,8:15,5.13538,2.24073,5.6606,-43.98487,-1.40819,-6.48445,2.1053,0.22141,74.53208,-7.385475,-2.744796,0.469632,,,,,,,,,,,,2.81791,-0.49205,-2.10243,50,5.16527,3.53623,-118.39182,-0.09371,3.97398,23.95326,-32.86794,BOC_EAG,GIT_YEL,HarringtonVillage,D1,ACC,20260515-HarringtonVillage-2,115c3bc0-50c6-11f1-90ac-456ae51230df,80.25956,,,7.03682,,,,,,,4293fdce-3634-4d91-8f36-83916a8b87e1,2026-05-16,01:25:03.83,2026-05-15T21:25:03.8390000-04:00,2026-05-16T01:25:03.8390000Z,,v3,227,100,26604,"Lackey, Vahn",822518,Right,GIT_YEL,49496bf2-0732-45af-b4bf-68d52178fe10,54.83807,-119.36665,11.97663,5.14186,1.24393,-16.43397,-2.24306,3.3745,1.98699,,,,,,,,,,,,,,,,,,,,,,,,,,,,,,,,,,,,,,,,,,,,,,,,,,,High,High,High,,,,,,72.289014,85.275818,212.77157,0.082359,8:30,-0.994525,0.090295,0.052594,41.545218,-52.390857,-84.064901,142.214624,4.366406,0.610927,0.076134,-0.788018,5.51851,37.656563,0.076134,0.610927,0.788018,-5.51851,-37.656563,-0.076134,-0.610927,0.788018,-142.214624,-4.366406,-0.610927,-0.076134,-0.788018,,,
372,2026-05-15,21:25:22.72,4,2,"Patel, Mason",822715,Right,GIT_YEL,"Johnson, Gunnar",1000100233,Right,BOC_EAG,Undefined,9,Bottom,2,0,1,ChangeUp,Changeup,StrikeSwinging,Undefined,Undefined,Undefined,0,0,,82.3552,0.415776,-4.690225,1727.991989,273.070025,3:00,4.94049,2.29963,5.91089,-41.28766,0.47587,18.38674,1.88706,-0.53111,74.66373,-7.212103,-1.39963,0.465125,,,,,,,,,,,,-10.86686,0.54012,-1.93315,50,4.95051,9.05874,-119.20972,-0.48748,-15.4664,25.25924,-31.40534,BOC_EAG,GIT_YEL,HarringtonVillage,D1,ACC,20260515-HarringtonVillage-2,1c9af4e0-50c6-11f1-90ac-456ae51230df,81.03717,,,7.69147,,,,,,,4293fdce-3634-4d91-8f36-83916a8b87e1,2026-05-16,01:25:22.72,2026-05-15T21:25:22.7270000-04:00,2026-05-16T01:25:22.7270000Z,,v3,227,100,26604,"Lackey, Vahn",822518,Right,GIT_YEL,7abd46d5-d8d0-42d8-94e2-6c929148e8c0,54.58844,-120.17803,12.62962,4.94612,0.71644,-15.70267,-2.29178,9.65164,-7.7332,,,,,,,,,,,,,,,,,,,,,,,,,,,,,,,,,,,,,,,,,,,,,,,,,,,High,High,High,,,,,,261.37802,1.543352,1727.36513,0.999637,2:45,-0.046244,-0.988119,-0.14657,79.618732,-9.59642,87.269565,101.972219,-88.8328,0.019927,-0.999793,-0.004226,89.757847,-1.141808,0.999793,-0.019927,0.004226,-89.757847,1.141808,-0.999793,0.019927,0.004226,-101.972219,88.8328,-0.019927,0.999793,-0.004226,,,
373,2026-05-15,21:25:42.49,4,3,"Patel, Mason",822715,Right,GIT_YEL,"Johnson, Gunnar",1000100233,Right,BOC_EAG,Undefined,9,Bottom,2,0,2,ChangeUp,Changeup,InPlay,Undefined,GroundBall,Out,1,0,,82.54969,0.648796,-4.809511,1654.75473,265.270045,2:45,4.93016,2.40537,5.95071,-38.63931,2.97811,17.99395,2.31409,-0.56622,74.57037,-6.520844,-1.589463,0.464311,72.69288,2.551607,-14.924458,1578.372388,,,,51.87896,50.74976,-14.875504,0.501171,-10.76536,1.73854,-2.03226,50,4.96035,9.34652,-119.43721,0.11342,-15.34336,25.86528,-29.69619,BOC_EAG,GIT_YEL,HarringtonVillage,D1,ACC,20260515-HarringtonVillage-2,2868f5b0-50c6-11f1-90ac-456ae51230df,81.1793,2.65051,,7.97933,,,,1.53442,2.36259,0.56152,4293fdce-3634-4d91-8f36-83916a8b87e1,2026-05-16,01:25:42.49,2026-05-15T21:25:42.4900000-04:00,2026-05-16T01:25:42.4900000Z,GroundBall,v3,227,100,26604,"Lackey, Vahn",822518,Right,GIT_YEL,ef8eb702-9cca-481b-9fac-b94af49ebe5c,54.5481,-120.41812,12.93264,4.9347,1.23961,-14.8481,-2.39775,9.9284,-7.67168,52.579255,1.54168,102.72274,-11.50581,,,,,,,2.37231,4.48688,-18.43474,,,,,,,0.56405,-27.49917,-0.41001,,,,,,,,,,,,,,,,,,,,,,,,,,,,,High,High,High,High,High,,,,261.560508,2.519697,1653.154859,0.999033,2:45,-0.067249,-0.987654,-0.141483,-77.981983,8.822924,-85.003615,98.499395,-2.398068,0.988151,-0.041842,-0.14767,15.820005,-81.171173,0.041842,-0.988151,0.14767,-15.820005,81.171173,-0.041842,0.988151,0.14767,-98.499395,2.398068,-0.988151,0.041842,-0.14767,,,