PitchNo,Date,Time,PAofInning,PitchofPA,Pitcher,PitcherId,PitcherThrows,PitcherTeam,Batter,BatterId,BatterSide,BatterTeam,PitcherSet,Inning,Top/Bottom,Outs,Balls,Strikes,TaggedPitchType,AutoPitchType,PitchCall,KorBB,TaggedHitType,PlayResult,OutsOnPlay,RunsScored,Notes,RelSpeed,VertRelAngle,HorzRelAngle,SpinRate,SpinAxis,Tilt,RelHeight,RelSide,Extension,VertBreak,InducedVertBreak,HorzBreak,PlateLocHeight,PlateLocSide,ZoneSpeed,VertApprAngle,HorzApprAngle,ZoneTime,ExitSpeed,Angle,Direction,HitSpinRate,PositionAt110X,PositionAt110Y,PositionAt110Z,Distance,LastTrackedDistance,Bearing,HangTime,pfxx,pfxz,x0,y0,z0,vx0,vy0,vz0,ax0,ay0,az0,HomeTeam,AwayTeam,Stadium,Level,League,GameID,PitchUID,EffectiveVelo,MaxHeight,MeasuredDuration,SpeedDrop,PitchLastMeasuredX,PitchLastMeasuredY,PitchLastMeasuredZ,ContactPositionX,ContactPositionY,ContactPositionZ,GameUID,UTCDate,UTCTime,LocalDateTime,UTCDateTime,AutoHitType,System,HomeTeamForeignID,AwayTeamForeignID,GameForeignID,Catcher,CatcherId,CatcherThrows,CatcherTeam,PlayID,PitchTrajectoryXc0,PitchTrajectoryXc1,PitchTrajectoryXc2,PitchTrajectoryYc0,PitchTrajectoryYc1,PitchTrajectoryYc2,PitchTrajectoryZc0,PitchTrajectoryZc1,PitchTrajectoryZc2,HitSpinAxis,HitTrajectoryXc0,HitTrajectoryXc1,HitTrajectoryXc2,HitTrajectoryXc3,HitTrajectoryXc4,HitTrajectoryXc5,HitTrajectoryXc6,HitTrajectoryXc7,HitTrajectoryXc8,HitTrajectoryYc0,HitTrajectoryYc1,HitTrajectoryYc2,HitTrajectoryYc3,HitTrajectoryYc4,HitTrajectoryYc5,HitTrajectoryYc6,HitTrajectoryYc7,HitTrajectoryYc8,HitTrajectoryZc0,HitTrajectoryZc1,HitTrajectoryZc2,HitTrajectoryZc3,HitTrajectoryZc4,HitTrajectoryZc5,HitTrajectoryZc6,HitTrajectoryZc7,HitTrajectoryZc8,ThrowSpeed,PopTime,ExchangeTime,TimeToBase,CatchPositionX,CatchPositionY,CatchPositionZ,ThrowPositionX,ThrowPositionY,ThrowPositionZ,BasePositionX,BasePositionY,BasePositionZ,ThrowTrajectoryXc0,ThrowTrajectoryXc1,ThrowTrajectoryXc2,ThrowTrajectoryYc0,ThrowTrajectoryYc1,ThrowTrajectoryYc2,ThrowTrajectoryZc0,ThrowTrajectoryZc1,ThrowTrajectoryZc2,PitchReleaseConfidence,PitchLocationConfidence,PitchMovementConfidence,HitLaunchConfidence,HitLandingConfidence,CatcherThrowCatchConfidence,CatcherThrowReleaseConfidence,CatcherThrowLocationConfidence,SpinAxis3dTransverseAngle,SpinAxis3dLongitudinalAngle,SpinAxis3dActiveSpinRate,SpinAxis3dSpinEfficiency,SpinAxis3dTilt,SpinAxis3dVectorX,SpinAxis3dVectorY,SpinAxis3dVectorZ,SpinAxis3dSeamOrientationRotationX,SpinAxis3dSeamOrientationRotationY,SpinAxis3dSeamOrientationRotationZ,SpinAxis3dSeamOrientationBallAngleHorizontalAmb1,SpinAxis3dSeamOrientationBallAngleVerticalAmb1,SpinAxis3dSeamOrientationBallXAmb1,SpinAxis3dSeamOrientationBallYAmb1,SpinAxis3dSeamOrientationBallZAmb1,SpinAxis3dSeamOrientationBallAngleHorizontalAmb2,SpinAxis3dSeamOrientationBallAngleVerticalAmb2,SpinAxis3dSeamOrientationBallXAmb2,SpinAxis3dSeamOrientationBallYAmb2,SpinAxis3dSeamOrientationBallZAmb2,SpinAxis3dSeamOrientationBallAngleHorizontalAmb3,SpinAxis3dSeamOrientationBallAngleVerticalAmb3,SpinAxis3dSeamOrientationBallXAmb3,SpinAxis3dSeamOrientationBallYAmb3,SpinAxis3dSeamOrientationBallZAmb3,SpinAxis3dSeamOrientationBallAngleHorizontalAmb4,SpinAxis3dSeamOrientationBallAngleVerticalAmb4,SpinAxis3dSeamOrientationBallXAmb4,SpinAxis3dSeamOrientationBallYAmb4,SpinAxis3dSeamOrientationBallZAmb4,BatSpeed,VerticalAttackAngle,HorizontalAttackAngle
1,2026-05-16,12:04:06.83,1,1,"Miller, Brady",815959,Left,BOC_EAG,"Kerce, Carson",812668,Right,GIT_YEL,Undefined,1,Top,0,0,0,Slider,Slider,BallCalled,Undefined,Undefined,Undefined,0,0,,85.32838,-1.847065,3.759644,2618.632026,223.098391,1:30,5.8849,-1.76556,5.49324,-33.82659,4.85335,3.54087,1.33388,2.05147,79.36568,-7.989708,4.388753,0.447625,,,,,,,,,,,,-0.86744,3.2626,1.43372,50,5.70001,-8.27965,-123.73139,-5.21047,-1.36108,21.8776,-27.05475,BOC_EAG,GIT_YEL,HarringtonVillage,D1,ACC,20260516-HarringtonVillage-1,de558760-5140-11f1-b1f4-6ba21cbf9799,84.20541,,,5.9627,,,,,,,73f0cb14-48f0-42ce-85bb-8a4ada2a1c20,2026-05-16,16:04:06.83,2026-05-16T12:04:06.8390400-04:00,2026-05-16T16:04:06.8390400Z,,v3,227,100,26605,"Gonzalez, Cesar",831498,Right,BOC_EAG,0c4bc48e-ac87-47b7-9bd8-eda752afe93b,55.00582,-124.61335,10.9388,5.88807,-4.11979,-13.52738,1.7664,-8.22478,-0.68054,,,,,,,,,,,,,,,,,,,,,,,,,,,,,,,,,,,,,,,,,,,,,,,,,,,High,High,High,,,,,,152.81451,-72.217135,799.757833,0.305411,11:00,0.963004,0.170153,-0.208977,68.27801,-17.173522,-50.470618,156.496743,-0.157346,0.3988,-0.002746,-0.917034,0.171581,-23.503163,0.002746,-0.3988,0.917034,-0.171581,23.503163,-0.002746,0.3988,0.917034,-156.496743,0.157346,-0.3988,0.002746,-0.917034,,,
2,2026-05-16,12:04:26.09,1,2,"Miller, Brady",815959,Left,BOC_EAG,"Kerce, Carson",812668,Right,GIT_YEL,Undefined,1,Top,0,1,0,Sinker,Sinker,BallCalled,Undefined,Undefined,Undefined,0,0,,90.33613,-0.128919,2.336324,2231.344799,117.019781,10:00,5.82505,-1.82747,5.36488,-25.11206,10.0378,-17.36462,3.61139,-1.08259,81.99189,-4.7871,-0.748402,0.42671,,,,,,,,,,,,9.31052,5.43177,1.63008,50,5.79597,-4.52528,-130.96008,-1.21632,16.07589,29.14901,-22.79535,BOC_EAG,GIT_YEL,HarringtonVillage,D1,ACC,20260516-HarringtonVillage-1,e9bc61f0-5140-11f1-b1f4-6ba21cbf9799,88.33262,,,8.34424,,,,,,,73f0cb14-48f0-42ce-85bb-8a4ada2a1c20,2026-05-16,16:04:26.09,2026-05-16T12:04:26.0977152-04:00,2026-05-16T16:04:26.0977152Z,,v3,227,100,26605,"Gonzalez, Cesar",831498,Right,BOC_EAG,ede5e34a-073a-4c84-ae21-08dd6ab594cf,55.1316,-132.09733,14.5745,5.82608,-0.32696,-11.39768,1.81886,-5.15248,8.03794,,,,,,,,,,,,,,,,,,,,,,,,,,,,,,,,,,,,,,,,,,,,,,,,,,,High,High,High,,,,,,120.824779,-15.467207,2150.532741,0.963783,10:00,0.284736,0.828236,-0.48265,-99.158803,25.670505,81.023205,98.123728,4.87255,0.986388,0.08494,-0.140801,31.100968,80.535471,0.08494,0.986388,0.140801,-31.100968,-80.535471,-0.08494,-0.986388,0.140801,-98.123728,-4.87255,-0.986388,-0.08494,-0.140801,,,
3,2026-05-16,12:04:43.85,1,3,"Miller, Brady",815959,Left,BOC_EAG,"Kerce, Carson",812668,Right,GIT_YEL,Undefined,1,Top,0,2,0,Fastball,Sinker,BallCalled,Undefined,Undefined,Undefined,0,0,,90.06154,-0.17053,1.944456,2341.373117,132.555618,10:30,5.88266,-1.9055,5.76071,-20.80718,14.25654,-14.16552,3.98991,-1.27543,81.16552,-4.109252,-0.590645,0.426187,,,,,,,,,,,,7.73709,7.65882,1.75264,50,5.85608,-3.79049,-130.55676,-1.05282,13.17934,30.84389,-19.12801,BOC_EAG,GIT_YEL,HarringtonVillage,D1,ACC,20260516-HarringtonVillage-1,f44e3940-5140-11f1-b1f4-6ba21cbf9799,88.44104,,,8.89601,,,,,,,73f0cb14-48f0-42ce-85bb-8a4ada2a1c20,2026-05-16,16:04:43.85,2026-05-16T12:04:43.8541312-04:00,2026-05-16T16:04:43.8541312Z,,v3,227,100,26605,"Gonzalez, Cesar",831498,Right,BOC_EAG,ab27bbe1-073a-454f-9f67-cd40a3c626ae,54.73384,-131.67037,15.42195,5.88162,-0.3622,-9.564,1.89809,-4.26633,6.58967,,,,,,,,,,,,,,,,,,,,,,,,,,,,,,,,,,,,,,,,,,,,,,,,,,,High,High,High,,,,,,130.94549,-23.097008,2153.693286,0.919842,10:15,0.410448,0.695952,-0.589222,45.654774,45.339953,-53.803248,168.726925,3.431565,0.195135,0.059856,-0.978948,3.498908,11.252598,0.059856,0.195135,0.978948,-3.498908,-11.252598,-0.059856,-0.195135,0.978948,-168.726925,-3.431565,-0.195135,-0.059856,-0.978948,,,
4,2026-05-16,12:04:59.52,1,4,"Miller, Brady",815959,Left,BOC_EAG,"Kerce, Carson",812668,Right,GIT_YEL,Undefined,1,Top,0,3,0,Fastball,Sinker,BallCalled,Walk,Undefined,Undefined,0,0,,90.83777,-0.869748,4.068149,2234.974397,138.916402,10:45,5.86711,-1.60497,5.43443,-19.08647,16.05473,-12.85611,3.45997,1.13977,81.5348,-4.482281,1.788478,0.426658,,,,,,,,,,,,7.67839,8.69311,1.253,50,5.77713,-8.72182,-131.27999,-2.62056,13.19505,31.75972,-17.23528,BOC_EAG,GIT_YEL,HarringtonVillage,D1,ACC,20260516-HarringtonVillage-1,fdb0b850-5140-11f1-b1f4-6ba21cbf9799,88.3435,,,9.30297,,,,,,,73f0cb14-48f0-42ce-85bb-8a4ada2a1c20,2026-05-16,16:04:59.52,2026-05-16T12:04:59.5252736-04:00,2026-05-16T16:04:59.5252736Z,,v3,227,100,26605,"Gonzalez, Cesar",831498,Right,BOC_EAG,dc42d75b-9a9b-437e-8e81-34290ce8e596,55.05874,-132.49816,15.87986,5.86496,-1.95948,-8.61764,1.59723,-9.22793,6.59753,,,,,,,,,,,,,,,,,,,,,,,,,,,,,,,,,,,,,,,,,,,,,,,,,,,High,High,High,,,,,,129.627739,-19.420569,2107.811849,0.943103,10:15,0.363298,0.731346,-0.577189,57.343469,5.595909,-37.247045,174.45586,3.655749,0.096416,0.063762,-0.993297,3.672884,5.532823,0.063762,0.096416,0.993297,-3.672884,-5.532823,-0.063762,-0.096416,0.993297,-174.45586,-3.655749,-0.096416,-0.063762,-0.993297,,,
5,2026-05-16,12:05:35.16,2,1,"Miller, Brady",815959,Left,BOC_EAG,"Burress, Drew",806039,Right,GIT_YEL,Undefined,1,Top,0,0,0,ChangeUp,Changeup,StrikeSwinging,Undefined,Undefined,Undefined,0,0,,83.8187,-0.467628,3.353837,1905.860186,84.41248,8:45,5.53004,-2.17508,5.3889,-42.5364,-0.47465,-23.178,1.54629,-0.95958,74.3318,-8.297571,-0.769301,0.466783,,,,,,,,,,,,12.72012,0.56287,1.89129,50,5.4593,-6.04965,-121.0464,-2.55218,18.19426,31.53251,-31.36893,BOC_EAG,GIT_YEL,HarringtonVillage,D1,ACC,20260516-HarringtonVillage-1,12ecd0f0-5141-11f1-b1f4-6ba21cbf9799,80.74936,,,9.48689,,,,,,,73f0cb14-48f0-42ce-85bb-8a4ada2a1c20,2026-05-16,16:05:35.16,2026-05-16T12:05:35.1671808-04:00,2026-05-16T16:05:35.1671808Z,,v3,227,100,26605,"Gonzalez, Cesar",831498,Right,BOC_EAG,d6a64224-9acf-449a-b145-3fc8f6afff69,55.10442,-122.36887,15.76625,5.53875,-1.23657,-15.68447,2.16101,-6.81272,9.09713,,,,,,,,,,,,,,,,,,,,,,,,,,,,,,,,,,,,,,,,,,,,,,,,,,,High,High,High,,,,,,91.703314,-0.244969,1905.842767,0.999991,9:00,-0.002137,0.999551,-0.0299,-84.893555,23.340793,86.308466,105.35511,-68.069217,0.360154,-0.927636,-0.098899,83.914428,-21.109651,0.927636,-0.360154,0.098899,-83.914428,21.109651,-0.927636,0.360154,0.098899,-105.35511,68.069217,-0.360154,0.927636,-0.098899,,,
6,2026-05-16,12:05:55.78,2,2,"Miller, Brady",815959,Left,BOC_EAG,"Burress, Drew",806039,Right,GIT_YEL,Undefined,1,Top,0,0,1,Slider,Slider,BallCalled,Undefined,Undefined,Undefined,0,0,,77.91405,-0.906456,-0.815983,2761.718246,268.804451,3:00,5.73916,-1.61862,5.01488,-46.6114,2.46973,21.85186,0.99922,-0.5678,69.69205,-9.408248,3.052472,0.50423,,,,,,,,,,,,-11.12851,2.12681,1.67824,50,5.61532,0.69468,-112.66751,-3.40914,-13.82706,26.831,-29.53151,BOC_EAG,GIT_YEL,HarringtonVillage,D1,ACC,20260516-HarringtonVillage-1,1f3d2120-5141-11f1-b1f4-6ba21cbf9799,74.75248,,,8.222,,,,,,,73f0cb14-48f0-42ce-85bb-8a4ada2a1c20,2026-05-16,16:05:55.78,2026-05-16T12:05:55.7817856-04:00,2026-05-16T16:05:55.7817856Z,,v3,227,100,26605,"Gonzalez, Cesar",831498,Right,BOC_EAG,90d4767f-a71f-401d-8290-f3d1034b5bb2,55.48092,-113.96528,13.4155,5.74567,-1.98075,-14.76575,1.62847,1.36347,-6.91353,,,,,,,,,,,,,,,,,,,,,,,,,,,,,,,,,,,,,,,,,,,,,,,,,,,High,High,High,,,,,,302.038902,-63.421346,1235.664343,0.447426,4:00,0.903498,-0.365082,0.224513,56.649902,0.610307,-21.780319,124.250057,76.409218,0.194237,0.971999,-0.132251,82.251847,11.200136,0.971999,0.194237,0.132251,-82.251847,-11.200136,-0.971999,-0.194237,0.132251,-124.250057,-76.409218,-0.194237,-0.971999,-0.132251,,,
7,2026-05-16,12:06:13.98,2,3,"Miller, Brady",815959,Left,BOC_EAG,"Burress, Drew",806039,Right,GIT_YEL,Undefined,1,Top,0,1,1,ChangeUp,Changeup,StrikeSwinging,Undefined,Undefined,Undefined,0,0,,83.76506,0.209175,2.465791,2004.408299,82.138232,8:45,5.48358,-2.01765,5.58232,-42.34656,-1.46315,-21.21938,2.15023,-1.48176,75.76916,-7.569136,-1.324301,0.460198,,,,,,,,,,,,11.4289,-0.30937,1.81933,50,5.47443,-4.32254,-121.41476,-1.0718,16.79434,27.22959,-32.62865,BOC_EAG,GIT_YEL,HarringtonVillage,D1,ACC,20260516-HarringtonVillage-1,2a0d39f0-5141-11f1-b1f4-6ba21cbf9799,81.90479,,,7.9959,,,,,,,73f0cb14-48f0-42ce-85bb-8a4ada2a1c20,2026-05-16,16:06:13.98,2026-05-16T12:06:13.9807232-04:00,2026-05-16T16:06:13.9807232Z,,v3,227,100,26605,"Gonzalez, Cesar",831498,Right,BOC_EAG,c3d20f3a-5258-48e6-a23f-90599d1e1f6a,54.91569,-122.51223,13.61479,5.49112,0.24329,-16.31432,2.00719,-4.99943,8.39717,,,,,,,,,,,,,,,,,,,,,,,,,,,,,,,,,,,,,,,,,,,,,,,,,,,High,High,High,,,,,,86.225157,-0.815418,2004.205314,0.999899,8:45,0.015025,0.997671,0.066537,62.845891,-16.624444,-83.015415,95.680761,-68.12963,0.370678,-0.928029,-0.036873,87.724692,-21.757466,0.928029,-0.370678,0.036873,-87.724692,21.757466,-0.928029,0.370678,0.036873,-95.680761,68.12963,-0.370678,0.928029,-0.036873,,,
8,2026-05-16,12:06:37.61,2,4,"Miller, Brady",815959,Left,BOC_EAG,"Burress, Drew",806039,Right,GIT_YEL,Undefined,1,Top,0,1,2,ChangeUp,Changeup,BallCalled,Undefined,Undefined,Undefined,0,0,,84.06794,-0.059116,2.141121,1921.32158,82.279289,8:45,5.51173,-1.99699,5.32401,-42.2866,-1.01784,-19.0858,1.93234,-1.57734,75.55837,-7.805024,-1.252635,0.462362,,,,,,,,,,,,10.18245,0.045,1.81708,50,5.47652,-3.70054,-121.70739,-1.69804,14.93201,28.85936,-32.10805,BOC_EAG,GIT_YEL,HarringtonVillage,D1,ACC,20260516-HarringtonVillage-1,38235600-5141-11f1-b1f4-6ba21cbf9799,81.52147,,,8.50957,,,,,,,73f0cb14-48f0-42ce-85bb-8a4ada2a1c20,2026-05-16,16:06:37.61,2026-05-16T12:06:37.6138752-04:00,2026-05-16T16:06:37.6138752Z,,v3,227,100,26605,"Gonzalez, Cesar",831498,Right,BOC_EAG,93da0e9e-34fa-45ac-a0c8-10e9f5a1bc53,55.17185,-122.92763,14.42968,5.51962,-0.34045,-16.05403,1.9869,-4.33189,7.46601,,,,,,,,,,,,,,,,,,,,,,,,,,,,,,,,,,,,,,,,,,,,,,,,,,,High,High,High,,,,,,90.383598,-2.695001,1919.196562,0.998894,9:00,0.046206,0.99892,-0.004965,-90.966009,29.754369,82.871068,98.09997,-60.234654,0.491496,-0.868066,-0.06995,85.392976,-29.438977,0.868066,-0.491496,0.06995,-85.392976,29.438977,-0.868066,0.491496,0.06995,-98.09997,60.234654,-0.491496,0.868066,-0.06995,,,
9,2026-05-16,12:06:59.94,2,5,"Miller, Brady",815959,Left,BOC_EAG,"Burress, Drew",806039,Right,GIT_YEL,Undefined,1,Top,0,2,2,Fastball,Four-Seam,FoulBallNotFieldable,Undefined,Undefined,Undefined,0,0,,91.70115,-1.746907,2.450912,2283.124574,139.129105,10:45,6.01951,-1.58169,5.41015,-15.52528,18.78202,-15.17926,3.08708,-0.549,82.67229,-4.712276,-0.246749,0.421565,,,,,,,,,,,,8.33264,10.31335,1.37427,50,5.85354,-4.96206,-132.77152,-4.5295,14.69081,31.69701,-13.99109,BOC_EAG,GIT_YEL,HarringtonVillage,D1,ACC,20260516-HarringtonVillage-1,456c8520-5141-11f1-b1f4-6ba21cbf9799,89.41074,,,9.02887,,,,,,,73f0cb14-48f0-42ce-85bb-8a4ada2a1c20,2026-05-16,16:06:59.94,2026-05-16T12:06:59.9444992-04:00,2026-05-16T16:06:59.9444992Z,,v3,227,100,26605,"Gonzalez, Cesar",831498,Right,BOC_EAG,18c9f79a-037a-4cbb-9686-b3c93da3986e,55.08522,-133.98003,15.84851,6.01607,-3.99607,-6.99555,1.57414,-5.52218,7.3454,,,,,,,,,,,,,,,,,,,,,,,,,,,,,,,,,,,,,,,,,,,,,,,,,,,High,High,High,,,,,,131.592871,-17.514342,2177.28268,0.953642,10:30,0.305879,0.722053,-0.620546,54.77817,-4.023722,-32.740895,169.811562,3.010461,0.176642,0.052518,-0.982873,3.058602,10.174228,0.052518,0.176642,0.982873,-3.058602,-10.174228,-0.052518,-0.176642,0.982873,-169.811562,-3.010461,-0.176642,-0.052518,-0.982873,,,
10,2026-05-16,12:07:24.10,2,6,"Miller, Brady",815959,Left,BOC_EAG,"Burress, Drew",806039,Right,GIT_YEL,Undefined,1,Top,0,2,2,Fastball,Four-Seam,FoulBallNotFieldable,Undefined,Undefined,Undefined,0,0,,91.83236,-1.617635,1.826964,2431.459069,137.023905,10:30,5.97095,-1.5245,5.52182,-15.81572,17.95111,-15.67202,3.13941,-1.12183,83.47302,-4.621224,-0.965666,0.418231,92.74933,50.117801,55.82513,4304.981685,,,,,93.79747,,,8.45682,9.87375,1.37636,50,5.8199,-3.53469,-133.19422,-4.26243,15.1161,29.94441,-14.52529,BOC_EAG,GIT_YEL,HarringtonVillage,D1,ACC,20260516-HarringtonVillage-1,53d3ce70-5141-11f1-b1f4-6ba21cbf9799,90.12344,100.72556,,8.35934,,,,0.9774,3.20331,0.97563,73f0cb14-48f0-42ce-85bb-8a4ada2a1c20,2026-05-16,16:07:24.10,2026-05-16T12:07:24.1093120-04:00,2026-05-16T16:07:24.1093120Z,,v3,227,100,26605,"Gonzalez, Cesar",831498,Right,BOC_EAG,e2685c80-457b-4a9d-80b1-277c49740a1a,54.97642,-134.30834,14.97221,5.96843,-3.722,-7.26264,1.51834,-4.09711,7.55805,,0.9774,48.99417,-20.58819,5.34115,1.09469,-3.98015,3.84928,-1.80377,0.33508,3.20331,104.38664,-26.73111,3.16029,-1.31679,1.44605,-1.24956,0.57458,-0.10646,0.97563,72.16394,-8.90239,1.53637,-0.46548,0.47096,-0.40726,0.18788,-0.03498,,,,,,,,,,,,,,,,,,,,,,,High,High,High,High,Undefined,,,,132.917467,-16.96708,2325.623939,0.956473,10:30,0.292559,0.708417,-0.642304,46.524818,14.012946,-34.717712,179.832178,-1.990865,0.002927,-0.03474,-0.999392,1.990873,-0.167721,0.03474,-0.002927,0.999392,-1.990873,0.167721,-0.03474,0.002927,0.999392,-179.832178,1.990865,-0.002927,0.03474,-0.999392,74.0901,7.33249,10.74659
11,2026-05-16,12:07:49.59,2,7,"Miller, Brady",815959,Left,BOC_EAG,"Burress, Drew",806039,Right,GIT_YEL,Undefined,1,Top,0,2,2,Slider,Slider,BallCalled,Undefined,Undefined,Undefined,0,0,,78.91815,-1.233476,0.235218,2706.139866,266.31488,3:00,5.75048,-1.76294,5.03666,-43.68081,2.46473,16.80214,0.94656,-0.14086,73.05936,-9.10881,3.210014,0.488918,,,,,,,,,,,,-8.33489,1.94303,1.72627,50,5.59757,-1.14913,-114.59124,-4.01583,-11.11522,20.59251,-29.58286,BOC_EAG,GIT_YEL,HarringtonVillage,D1,ACC,20260516-HarringtonVillage-1,63154b20-5141-11f1-b1f4-6ba21cbf9799,77.09357,,,5.8588,,,,,,,73f0cb14-48f0-42ce-85bb-8a4ada2a1c20,2026-05-16,16:07:49.59,2026-05-16T12:07:49.5952384-04:00,2026-05-16T16:07:49.5952384Z,,v3,227,100,26605,"Gonzalez, Cesar",831498,Right,BOC_EAG,30a604f0-ede6-4aa1-be61-e9505d2ccd92,55.46424,-115.56902,10.29626,5.7549,-2.61117,-14.79143,1.76831,-0.62136,-5.55761,,,,,,,,,,,,,,,,,,,,,,,,,,,,,,,,,,,,,,,,,,,,,,,,,,,High,High,High,,,,,,295.076789,-65.418403,1125.723681,0.415989,3:45,0.916538,-0.357115,0.180074,52.6745,4.936164,-20.380179,130.722616,74.634988,0.200813,0.964257,-0.172864,79.836451,11.584483,0.964257,0.200813,0.172864,-79.836451,-11.584483,-0.964257,-0.200813,0.172864,-130.722616,-74.634988,-0.200813,-0.964257,-0.172864,,,
12,2026-05-16,12:08:07.11,2,8,"Miller, Brady",815959,Left,BOC_EAG,"Burress, Drew",806039,Right,GIT_YEL,Undefined,1,Top,0,3,2,ChangeUp,Changeup,InPlay,Undefined,LineDrive,Double,0,0,,84.21595,0.228058,4.270162,1835.824096,93.219247,9:00,5.47152,-1.99242,5.46109,-37.87041,2.4611,-19.96741,2.52971,0.3479,76.74506,-6.714023,0.723617,0.457082,101.7953,10.678347,-30.872539,1615.391228,91.89892,12.80632,-60.45217,202.71145,191.13184,-36.217516,1.675543,11.37375,1.52221,1.6302,50,5.46553,-8.28061,-121.97615,-0.85506,17.06142,24.95868,-29.89062,BOC_EAG,GIT_YEL,HarringtonVillage,D1,ACC,20260516-HarringtonVillage-1,6d7934a0-5141-11f1-b1f4-6ba21cbf9799,82.46327,12.85807,,7.4709,,,,2.25744,2.70529,-0.45108,73f0cb14-48f0-42ce-85bb-8a4ada2a1c20,2026-05-16,16:08:07.11,2026-05-16T12:08:07.1126528-04:00,2026-05-16T16:08:07.1126528Z,LineDrive,v3,227,100,26605,"Gonzalez, Cesar",831498,Right,BOC_EAG,dc45da1e-1c97-49ac-99ab-b0b4d078f47d,55.03968,-123.00304,12.47934,5.47541,0.37475,-14.94531,1.98533,-8.98258,8.53071,,2.25744,125.9263,-22.80759,4.23314,-0.96327,0.20662,-0.04296,0.00706,-0.00061,2.70529,27.66449,-20.32583,2.30254,-0.50615,0.11884,-0.02389,0.00389,-0.00035,-0.45108,-75.2834,2.06437,0.40288,-0.17939,0.05891,-0.01427,0.00254,-0.00023,,,,,,,,,,,,,,,,,,,,,,,High,High,High,High,Medium,,,,89.249398,-0.268315,1835.803966,0.999989,9:00,0.007663,0.999877,0.013709,-87.173855,20.558974,84.075893,107.601596,-67.977873,0.35741,-0.927039,-0.113388,83.026677,-20.941198,0.927039,-0.35741,0.113388,-83.026677,20.941198,-0.927039,0.35741,0.113388,-107.601596,67.977873,-0.35741,0.927039,-0.113388,79.75049,13.3765,-19.12037
13,2026-05-16,12:08:50.75,3,1,"Miller, Brady",815959,Left,BOC_EAG,"Advincula, Jarren",814181,Left,GIT_YEL,Undefined,1,Top,0,0,0,Slider,Slider,BallCalled,Undefined,Undefined,Undefined,0,1,,77.71302,-1.223354,3.304381,2617.563193,261.173021,2:45,5.67414,-1.88822,5.0327,-43.93806,4.30299,17.67387,0.85634,2.70566,71.45155,-9.142666,6.41781,0.499896,,,,,,,,,,,,-7.76174,2.99843,1.55758,50,5.52224,-7.2163,-112.50031,-3.93443,-9.87703,21.75603,-28.35846,BOC_EAG,GIT_YEL,HarringtonVillage,D1,ACC,20260516-HarringtonVillage-1,8786d280-5141-11f1-b1f4-6ba21cbf9799,75.40056,,,6.26147,,,,,,,73f0cb14-48f0-42ce-85bb-8a4ada2a1c20,2026-05-16,16:08:50.75,2026-05-16T12:08:50.7586560-04:00,2026-05-16T16:08:50.7586560Z,,v3,227,100,26605,"Gonzalez, Cesar",831498,Right,BOC_EAG,aab07f55-c136-433f-a05d-3208a7478711,55.46531,-113.55231,10.87802,5.67933,-2.56318,-14.17923,1.89497,-6.7387,-4.93851,,,,,,,,,,,,,,,,,,,,,,,,,,,,,,,,,,,,,,,,,,,,,,,,,,,High,High,High,,,,,,295.642649,-65.545663,1083.587127,0.413968,3:45,0.906199,-0.353677,0.231766,37.257607,1.561107,-21.946187,140.33321,75.027158,0.164918,0.966048,-0.198879,78.367147,9.492445,0.966048,0.164918,0.198879,-78.367147,-9.492445,-0.966048,-0.164918,0.198879,-140.33321,-75.027158,-0.164918,-0.966048,-0.198879,,,
14,2026-05-16,12:09:59.94,3,2,"Miller, Brady",815959,Left,BOC_EAG,"Advincula, Jarren",814181,Left,GIT_YEL,Undefined,1,Top,0,1,0,Cutter,Slider,StrikeCalled,Undefined,Undefined,Undefined,0,0,,83.68819,0.478373,0.711048,2471.691558,244.504197,2:15,5.72604,-1.73722,5.33468,-36.31423,4.0804,6.11898,3.14871,-0.56016,77.24999,-6.151119,1.798433,0.457439,,,,,,,,,,,,-2.88256,2.29917,1.66853,50,5.74313,-1.76831,-121.5936,-0.29452,-4.35115,22.00309,-28.70351,BOC_EAG,GIT_YEL,HarringtonVillage,D1,ACC,20260516-HarringtonVillage-1,b0b804d0-5141-11f1-b1f4-6ba21cbf9799,82.3988,,,6.4382,,,,,,,73f0cb14-48f0-42ce-85bb-8a4ada2a1c20,2026-05-16,16:09:59.94,2026-05-16T12:09:59.9410688-04:00,2026-05-16T16:09:59.9410688Z,,v3,227,100,26605,"Gonzalez, Cesar",831498,Right,BOC_EAG,a0fbdc28-68cc-479a-a191-94d78f852616,55.16426,-122.52454,11.00154,5.7299,0.91991,-14.35176,1.73945,-1.58422,-2.17558,,,,,,,,,,,,,,,,,,,,,,,,,,,,,,,,,,,,,,,,,,,,,,,,,,,High,High,High,,,,,,156.742312,-75.856716,603.951996,0.244348,11:15,0.973171,0.088385,-0.212431,73.821301,-15.286057,-64.34896,164.125256,-1.623679,0.273425,-0.028335,-0.961476,1.688021,-15.868202,0.028335,-0.273425,0.961476,-1.688021,15.868202,-0.028335,0.273425,0.961476,-164.125256,1.623679,-0.273425,0.028335,-0.961476,,,
15,2026-05-16,12:10:17.43,3,3,"Miller, Brady",815959,Left,BOC_EAG,"Advincula, Jarren",814181,Left,GIT_YEL,Undefined,1,Top,0,1,1,Fastball,Sinker,InPlay,Undefined,GroundBall,Error,0,1,,90.22202,-0.563216,3.637801,2256.796343,125.680144,10:15,5.97699,-1.59798,5.42954,-21.43052,14.05095,-17.77493,3.66256,0.33234,81.22237,-4.590015,0.482249,0.428718,66.77368,-74.344906,4.937131,,,,,1.91137,1.91137,-7.496615,0.038158,10.11028,7.61197,1.28809,50,5.91259,-7.49189,-130.57327,-2.0189,17.21454,31.02321,-19.21333,BOC_EAG,GIT_YEL,HarringtonVillage,D1,ACC,20260516-HarringtonVillage-1,bb222fe0-5141-11f1-b1f4-6ba21cbf9799,87.91886,3.61961,,8.99964,,,,0.88443,3.61961,-0.33667,73f0cb14-48f0-42ce-85bb-8a4ada2a1c20,2026-05-16,16:10:17.43,2026-05-16T12:10:17.4370816-04:00,2026-05-16T16:10:17.4370816Z,GroundBall,v3,227,100,26605,"Gonzalez, Cesar",831498,Right,BOC_EAG,c665b221-ac1b-417a-a751-da5acc1ba356,55.06789,-131.77186,15.5116,5.97625,-1.27659,-9.60666,1.59039,-8.15698,8.60727,,0.88348,26.48446,,,,,,,,3.62303,-94.85767,,,,,,,,-0.33675,2.28781,,,,,,,,,,,,,,,,,,,,,,,,,,,,,,High,High,High,Estimated,Estimated,,,,129.215921,-22.975521,2077.768539,0.920672,10:15,0.419468,0.71711,-0.556596,64.280535,4.117202,-39.08089,175.018869,8.738804,0.08582,0.15193,-0.984658,8.771418,4.923162,0.15193,0.08582,0.984658,-8.771418,-4.923162,-0.15193,-0.08582,0.984658,-175.018869,-8.738804,-0.08582,-0.15193,-0.984658,63.43351,9.05587,-11.22167
16,2026-05-16,12:11:01.36,4,1,"Miller, Brady",815959,Left,BOC_EAG,"Lackey, Vahn",822518,Right,GIT_YEL,Undefined,1,Top,0,0,0,Slider,Curveball,BallCalled,Undefined,Undefined,Undefined,0,0,,75.35627,0.013684,-0.561983,2568.712318,295.72683,3:45,5.86513,-1.54243,5.21453,-55.33464,-4.45563,12.80446,1.26678,-1.00385,69.00909,-10.008768,1.714563,0.513382,,,,,,,,,,,,-6.53217,-1.65701,1.5845,50,5.82513,0.56863,-109.32073,-1.85741,-7.82531,21.0854,-34.15909,BOC_EAG,GIT_YEL,HarringtonVillage,D1,ACC,20260516-HarringtonVillage-1,d55b98b0-5141-11f1-b1f4-6ba21cbf9799,73.41987,,,6.34717,,,,,,,73f0cb14-48f0-42ce-85bb-8a4ada2a1c20,2026-05-16,16:11:01.36,2026-05-16T12:11:01.3686272-04:00,2026-05-16T16:11:01.3686272Z,,v3,227,100,26605,"Gonzalez, Cesar",831498,Right,BOC_EAG,a15d4a6a-fd63-4543-b8cc-23552d6f42bd,55.28448,-110.33528,10.5427,5.87496,-0.21382,-17.07955,1.54808,0.94515,-3.91265,,,,,,,,,,,,,,,,,,,,,,,,,,,,,,,,,,,,,,,,,,,,,,,,,,,High,High,High,,,,,,303.22888,-62.72374,1177.192897,0.458281,4:00,0.891136,-0.383559,0.242402,-106.895871,36.652661,38.438744,166.78814,-11.531833,0.223939,-0.199912,-0.95388,11.836628,-12.940483,0.199912,-0.223939,0.95388,-11.836628,12.940483,-0.199912,0.223939,0.95388,-166.78814,11.531833,-0.223939,0.199912,-0.95388,,,
17,2026-05-16,12:11:22.25,4,2,"Miller, Brady",815959,Left,BOC_EAG,"Lackey, Vahn",822518,Right,GIT_YEL,Undefined,1,Top,0,1,0,Slider,Curveball,StrikeCalled,Undefined,Undefined,Undefined,0,0,,76.29859,1.16868,0.191936,2654.981521,268.875005,3:00,5.70166,-1.8049,5.27565,-47.23782,1.82402,16.06375,2.863,-0.28598,70.14347,-7.436422,3.04404,0.504131,,,,,,,,,,,,-7.94926,1.0828,1.77531,50,5.77384,-1.00285,-110.77507,0.67619,-9.88063,19.73039,-30.82817,BOC_EAG,GIT_YEL,HarringtonVillage,D1,ACC,20260516-HarringtonVillage-1,e1d2d1d0-5141-11f1-b1f4-6ba21cbf9799,74.76716,,,6.15512,,,,,,,73f0cb14-48f0-42ce-85bb-8a4ada2a1c20,2026-05-16,16:11:22.25,2026-05-16T12:11:22.2562816-04:00,2026-05-16T16:11:22.2562816Z,,v3,227,100,26605,"Gonzalez, Cesar",831498,Right,BOC_EAG,354d97c2-3728-4c22-9cbb-a2fe6eebf900,55.22353,-111.70157,9.8652,5.7081,2.12382,-15.41409,1.81151,-0.53888,-4.94032,,,,,,,,,,,,,,,,,,,,,,,,,,,,,,,,,,,,,,,,,,,,,,,,,,,High,High,High,,,,,,297.041098,-60.41833,1310.667932,0.493664,4:00,0.859747,-0.457343,0.227315,79.785078,-4.100435,-27.311961,104.44612,80.935418,0.152566,0.987511,-0.039303,87.720809,8.775683,0.987511,0.152566,0.039303,-87.720809,-8.775683,-0.987511,-0.152566,0.039303,-104.44612,-80.935418,-0.152566,-0.987511,-0.039303,,,
18,2026-05-16,12:11:42.12,4,3,"Miller, Brady",815959,Left,BOC_EAG,"Lackey, Vahn",822518,Right,GIT_YEL,Undefined,1,Top,0,1,1,Slider,Slider,InPlay,Undefined,LineDrive,Triple,0,1,,78.25091,-0.00232,0.889143,2626.942028,284.882202,3:30,5.68595,-1.90817,5.0043,-50.86483,-3.35669,18.50458,1.44502,0.47327,71.70514,-9.178942,4.16147,0.496084,106.9108,13.99142,-12.44191,1198.786573,106.97008,24.55356,-25.63884,348.37592,348.32761,-15.601395,3.249849,-8.96819,-1.26787,1.80686,50,5.64429,-2.51085,-113.51527,-1.82136,-11.59261,22.58937,-33.81298,BOC_EAG,GIT_YEL,HarringtonVillage,D1,ACC,20260516-HarringtonVillage-1,edb1c290-5141-11f1-b1f4-6ba21cbf9799,75.9799,32.23776,,6.54577,,,,1.77485,1.56288,-0.46508,73f0cb14-48f0-42ce-85bb-8a4ada2a1c20,2026-05-16,16:11:42.12,2026-05-16T12:11:42.1203456-04:00,2026-05-16T16:11:42.1203456Z,LineDrive,v3,227,100,26605,"Gonzalez, Cesar",831498,Right,BOC_EAG,05bea1a5-4fc7-4097-9d40-59829915c304,55.49663,-114.60387,11.29469,5.6928,-0.19189,-16.90649,1.9144,-1.95219,-5.79631,161.780253,1.7747,148.5826,-25.55306,5.92072,-1.25097,0.27892,-0.05958,0.00867,-0.00057,1.5633,37.89423,-10.98671,-0.89817,0.51892,-0.23918,0.0758,-0.01301,0.00092,-0.46514,-32.77827,1.83016,-0.18021,-0.0379,0.03158,-0.01062,0.00185,-0.00013,,,,,,,,,,,,,,,,,,,,,,,High,High,High,High,High,,,,295.244243,-67.468514,1006.620767,0.383191,3:45,0.921036,-0.346558,0.177736,57.866434,11.171839,-19.191248,125.940425,68.533813,0.296285,0.930634,-0.214793,77.003533,17.234604,0.930634,0.296285,0.214793,-77.003533,-17.234604,-0.930634,-0.296285,0.214793,-125.940425,-68.533813,-0.296285,-0.930634,-0.214793,81.38781,10.64803,-13.43109
19,2026-05-16,12:13:29.38,5,1,"Miller, Brady",815959,Left,BOC_EAG,"Zuckerman, Ryan",822871,Right,GIT_YEL,Undefined,1,Top,0,0,0,Fastball,Sinker,StrikeCalled,Undefined,Undefined,Undefined,0,0,,89.63642,-2.227376,3.731912,2256.303488,124.341117,10:15,6.02719,-1.44396,5.78055,-23.67852,11.50186,-15.1158,1.97613,0.77356,81.73119,-6.641551,1.029607,0.426895,,,,,,,,,,,,8.76528,6.85764,1.14485,50,5.82882,-7.81283,-129.82159,-5.85424,14.90623,28.07078,-20.51193,BOC_EAG,GIT_YEL,HarringtonVillage,D1,ACC,20260516-HarringtonVillage-1,2d8e7c00-5142-11f1-b1f4-6ba21cbf9799,88.29432,,,7.90523,,,,,,,73f0cb14-48f0-42ce-85bb-8a4ada2a1c20,2026-05-16,16:13:29.38,2026-05-16T12:13:29.3823488-04:00,2026-05-16T16:13:29.3823488Z,,v3,227,100,26605,"Gonzalez, Cesar",831498,Right,BOC_EAG,022da9ff-fe73-4584-9cb1-0956afc2ea05,54.71752,-130.83766,14.03539,6.02729,-5.11178,-10.25596,1.43741,-8.35239,7.45312,,,,,,,,,,,,,,,,,,,,,,,,,,,,,,,,,,,,,,,,,,,,,,,,,,,High,High,High,,,,,,134.684281,-28.396295,1984.823536,0.879679,10:30,0.490207,0.643456,-0.58793,41.342841,29.13369,-53.290777,174.674585,9.931425,0.091421,0.172469,-0.980763,9.973616,5.245388,0.172469,0.091421,0.980763,-9.973616,-5.245388,-0.172469,-0.091421,0.980763,-174.674585,-9.931425,-0.091421,-0.172469,-0.980763,,,
20,2026-05-16,12:13:48.88,5,2,"Miller, Brady",815959,Left,BOC_EAG,"Zuckerman, Ryan",822871,Right,GIT_YEL,Undefined,1,Top,0,0,1,Fastball,Sinker,FoulBallNotFieldable,Undefined,Undefined,Undefined,0,0,,90.52772,-1.102589,2.76772,2284.25326,122.965835,10:00,5.84036,-1.66266,5.26981,-21.73537,13.61981,-19.05143,2.99204,-0.64844,81.72403,-5.163598,-0.609552,0.427955,99.7361,41.861718,64.458895,3900.779776,,,,,100.91305,,,10.38138,7.51587,1.42414,50,5.72396,-5.4469,-131.09355,-3.29772,17.84937,30.81247,-19.25156,BOC_EAG,GIT_YEL,HarringtonVillage,D1,ACC,20260516-HarringtonVillage-1,392da4a0-5142-11f1-b1f4-6ba21cbf9799,88.07575,80.7321,,8.80369,,,,0.65687,2.94547,0.20156,73f0cb14-48f0-42ce-85bb-8a4ada2a1c20,2026-05-16,16:13:48.88,2026-05-16T12:13:48.8808960-04:00,2026-05-16T16:13:48.8808960Z,,v3,227,100,26605,"Gonzalez, Cesar",831498,Right,BOC_EAG,6d6ff7ec-e674-4877-ad8f-e254821c051f,55.22753,-132.31653,15.40624,5.83969,-2.53361,-9.62578,1.6544,-6.15536,8.92469,,0.65688,46.97081,-21.38512,6.16248,-1.51759,0.43664,-0.50406,0.49145,-0.1639,2.94547,97.61755,-27.24847,3.29314,-0.68825,0.17886,-0.01864,-0.0443,0.02114,0.20156,98.29652,-12.21703,1.98497,-0.33806,0.09486,-0.02374,-0.01829,0.01112,,,,,,,,,,,,,,,,,,,,,,,High,High,High,High,Undefined,,,,125.969051,-13.808534,2218.235461,0.971099,10:15,0.250791,0.790391,-0.558915,56.624723,-3.594319,-24.516706,172.254801,0.45391,0.134764,0.007922,-0.990846,0.458089,7.744955,0.007922,0.134764,0.990846,-0.458089,-7.744955,-0.007922,-0.134764,0.990846,-172.254801,-0.45391,-0.134764,-0.007922,-0.990846,79.40672,10.11338,17.79304
21,2026-05-16,12:14:09.93,5,3,"Miller, Brady",815959,Left,BOC_EAG,"Zuckerman, Ryan",822871,Right,GIT_YEL,Undefined,1,Top,0,0,2,Fastball,Sinker,InPlay,Undefined,LineDrive,Single,0,1,,89.41712,-1.744112,2.094877,2330.551135,134.561663,10:30,5.96622,-1.38413,5.71513,-19.9117,16.08418,-14.90867,2.68057,-0.67414,79.99189,-5.533387,-0.571478,0.431815,112.90158,12.409462,-2.0047,4345.948258,109.86047,17.90389,-5.52528,261.03164,259.732,-4.643052,2.01952,8.32615,9.18,1.21839,50,5.80834,-4.08306,-129.45818,-4.56173,13.79652,32.97112,-16.96264,BOC_EAG,GIT_YEL,HarringtonVillage,D1,ACC,20260516-HarringtonVillage-1,45b5a6a0-5142-11f1-b1f4-6ba21cbf9799,87.28836,18.56703,,9.42522,,,,1.55221,2.67627,0.68276,73f0cb14-48f0-42ce-85bb-8a4ada2a1c20,2026-05-16,16:14:09.93,2026-05-16T12:14:09.9380736-04:00,2026-05-16T16:14:09.9380736Z,LineDrive,v3,227,100,26605,"Gonzalez, Cesar",831498,Right,BOC_EAG,f363a527-3db1-4019-83a6-3bd9f8fff561,54.78095,-130.67014,16.48556,5.96457,-3.93821,-8.48132,1.37779,-4.5902,6.89826,81.582473,1.55222,161.61975,-22.3383,4.05049,-0.70002,-0.07324,0.13306,-0.04924,0.00649,2.67627,35.58431,-21.84234,2.52033,-0.541,0.10632,-0.01235,0.0001,0.00013,0.68278,-5.65931,-4.84342,1.66329,-0.12231,-0.37325,0.31022,-0.10713,0.014,,,,,,,,,,,,,,,,,,,,,,,High,High,High,High,High,,,,131.306419,-17.295494,2225.173364,0.954784,10:30,0.298187,0.725941,-0.619754,46.242882,27.538922,-44.27358,178.482838,0.481778,0.026475,0.008409,-0.999614,0.481947,1.517108,0.008409,0.026475,0.999614,-0.481947,-1.517108,-0.008409,-0.026475,0.999614,-178.482838,-0.481778,-0.026475,-0.008409,-0.999614,80.04112,17.16084,-0.49405
22,2026-05-16,12:14:47.39,6,1,"Miller, Brady",815959,Left,BOC_EAG,"Hernandez, Alex",815415,Right,GIT_YEL,Undefined,1,Top,0,0,0,ChangeUp,Changeup,StrikeCalled,Undefined,Undefined,Undefined,0,0,,82.90239,0.412281,3.669425,1895.206627,86.155208,8:45,5.50618,-1.90062,5.52126,-41.4129,0.10516,-18.95655,2.44137,-0.04491,75.57065,-7.174375,0.294539,0.463756,,,,,,,,,,,,10.6069,0.3661,1.59383,50,5.51454,-6.9147,-120.14044,-0.59646,15.42194,24.40736,-31.64175,BOC_EAG,GIT_YEL,HarringtonVillage,D1,ACC,20260516-HarringtonVillage-1,5c144640-5142-11f1-b1f4-6ba21cbf9799,81.27637,,,7.33174,,,,,,,73f0cb14-48f0-42ce-85bb-8a4ada2a1c20,2026-05-16,16:14:47.39,2026-05-16T12:14:47.3917952-04:00,2026-05-16T16:14:47.3917952Z,,v3,227,100,26605,"Gonzalez, Cesar",831498,Right,BOC_EAG,30c0688f-a974-4c61-9afc-b9cbdd53d3dc,54.97825,-121.14758,12.20368,5.51221,0.7092,-15.82087,1.89228,-7.55107,7.71097,,,,,,,,,,,,,,,,,,,,,,,,,,,,,,,,,,,,,,,,,,,,,,,,,,,High,High,High,,,,,,95.73174,-7.416817,1879.350031,0.991633,9:15,0.142242,0.985721,-0.090117,-83.960729,24.503495,80.199606,100.824563,-70.597766,0.326287,-0.94321,-0.062388,86.215746,-19.043569,0.94321,-0.326287,0.062388,-86.215746,19.043569,-0.94321,0.326287,0.062388,-100.824563,70.597766,-0.326287,0.94321,-0.062388,,,
23,2026-05-16,12:15:03.80,6,2,"Miller, Brady",815959,Left,BOC_EAG,"Hernandez, Alex",815415,Right,GIT_YEL,Undefined,1,Top,0,0,1,Fastball,Four-Seam,FoulBallNotFieldable,Undefined,Undefined,Undefined,0,0,,90.073,-0.543087,2.260961,2346.595406,144.602898,10:45,5.92411,-1.59888,5.63364,-15.39942,19.86934,-13.21327,4.13373,-0.58945,81.03646,-3.512664,-0.096942,0.427431,,,,,,,,,,,,7.43886,10.61772,1.41525,50,5.86851,-4.56847,-130.53899,-1.67953,12.6464,31.26512,-14.12348,BOC_EAG,GIT_YEL,HarringtonVillage,D1,ACC,20260516-HarringtonVillage-1,65d2a0f0-5142-11f1-b1f4-6ba21cbf9799,88.18359,,,9.03654,,,,,,,73f0cb14-48f0-42ce-85bb-8a4ada2a1c20,2026-05-16,16:15:03.80,2026-05-16T12:15:03.8032384-04:00,2026-05-16T16:15:03.8032384Z,,v3,227,100,26605,"Gonzalez, Cesar",831498,Right,BOC_EAG,ab1a398f-01bd-4d28-8936-d96e354dfbc0,54.86327,-131.69863,15.63256,5.92109,-1.15568,-7.06174,1.5934,-5.03753,6.3232,,,,,,,,,,,,,,,,,,,,,,,,,,,,,,,,,,,,,,,,,,,,,,,,,,,High,High,High,,,,,,127.999217,-19.385281,2213.56212,0.943308,10:15,0.347516,0.746457,-0.56748,50.261647,23.613919,-46.114454,177.428278,0.007986,0.04487,0.000139,-0.998993,0.007994,2.571722,0.000139,0.04487,0.998993,-0.007994,-2.571722,-0.000139,-0.04487,0.998993,-177.428278,-0.007986,-0.04487,-0.000139,-0.998993,,,
24,2026-05-16,12:15:31.18,6,3,"Miller, Brady",815959,Left,BOC_EAG,"Hernandez, Alex",815415,Right,GIT_YEL,Undefined,1,Top,0,0,2,ChangeUp,Sinker,BallCalled,Undefined,Undefined,Undefined,0,0,,84.7034,-0.484689,4.239818,2012.07935,76.002464,8:30,5.42948,-1.80022,5.43045,-43.66215,-3.42725,-19.45899,1.33579,0.55619,76.85766,-8.447714,0.780803,0.456534,,,,,,,,,,,,11.13028,-1.16291,1.43792,50,5.35613,-8.25673,-122.5802,-2.6484,16.72011,27.10342,-33.92099,BOC_EAG,GIT_YEL,HarringtonVillage,D1,ACC,20260516-HarringtonVillage-1,762629e0-5142-11f1-b1f4-6ba21cbf9799,82.56224,,,7.84573,,,,,,,73f0cb14-48f0-42ce-85bb-8a4ada2a1c20,2026-05-16,16:15:31.18,2026-05-16T12:15:31.1806976-04:00,2026-05-16T16:15:31.1806976Z,,v3,227,100,26605,"Gonzalez, Cesar",831498,Right,BOC_EAG,cadb37cf-eef6-4cc3-bc0f-384513070b25,55.06937,-123.696,13.55171,5.43641,-1.25194,-16.9605,1.792,-8.94507,8.36005,,,,,,,,,,,,,,,,,,,,,,,,,,,,,,,,,,,,,,,,,,,,,,,,,,,High,High,High,,,,,,91.026466,-1.171586,2011.658717,0.999791,9:00,0.013281,0.999768,-0.016975,-70.242323,29.145818,89.674484,108.864208,-61.813323,0.446975,-0.881413,-0.152722,80.169999,-26.549765,0.881413,-0.446975,0.152722,-80.169999,26.549765,-0.881413,0.446975,0.152722,-108.864208,61.813323,-0.446975,0.881413,-0.152722,,,
25,2026-05-16,12:15:49.66,6,4,"Miller, Brady",815959,Left,BOC_EAG,"Hernandez, Alex",815415,Right,GIT_YEL,Undefined,1,Top,0,1,2,Fastball,Sinker,StrikeCalled,Strikeout,Undefined,Undefined,0,0,,91.74877,-1.870566,4.232421,2357.911354,127.507758,10:15,5.85125,-1.56171,5.54583,-18.09576,15.93635,-19.21324,2.58979,0.79967,83.08787,-5.288611,0.817138,0.419871,,,,,,,,,,,,10.92477,8.94367,1.20755,50,5.6771,-8.9356,-132.73159,-4.93859,19.34927,30.31864,-16.33356,BOC_EAG,GIT_YEL,HarringtonVillage,D1,ACC,20260516-HarringtonVillage-1,812a4b00-5142-11f1-b1f4-6ba21cbf9799,89.77145,,,8.66089,,,,,,,73f0cb14-48f0-42ce-85bb-8a4ada2a1c20,2026-05-16,16:15:49.66,2026-05-16T12:15:49.6622080-04:00,2026-05-16T16:15:49.6622080Z,,v3,227,100,26605,"Gonzalez, Cesar",831498,Right,BOC_EAG,6e242f75-0c80-4776-829a-00512f3e8564,54.95176,-133.8579,15.15932,5.84929,-4.33181,-8.16678,1.55284,-9.65441,9.67464,,,,,,,,,,,,,,,,,,,,,,,,,,,,,,,,,,,,,,,,,,,,,,,,,,,High,High,High,,,,,,125.534104,-14.378052,2284.057691,0.968678,10:15,0.263399,0.795967,-0.545031,60.214815,8.760648,-17.489245,174.543378,-2.848458,0.094975,-0.049694,-0.994239,2.861403,-5.449859,0.049694,-0.094975,0.994239,-2.861403,5.449859,-0.049694,0.094975,0.994239,-174.543378,2.848458,-0.094975,0.049694,-0.994239,,,
26,2026-05-16,12:16:20.93,7,1,"Miller, Brady",815959,Left,BOC_EAG,"Schmidt, Kent",812674,Left,GIT_YEL,Undefined,1,Top,1,0,0,Sinker,Sinker,StrikeCalled,Undefined,Undefined,Undefined,0,0,,90.94027,-0.910868,4.377178,2225.878836,112.90678,9:45,5.6975,-1.81653,5.35889,-25.91647,8.67327,-17.9032,2.68103,0.80437,83.08386,-5.686474,1.20598,0.423297,,,,,,,,,,,,10.13485,4.94044,1.43555,50,5.59714,-9.24543,-131.67187,-3.07228,17.81971,27.56087,-23.48744,BOC_EAG,GIT_YEL,HarringtonVillage,D1,ACC,20260516-HarringtonVillage-1,93c61640-5142-11f1-b1f4-6ba21cbf9799,89.04489,,,7.85641,,,,,,,73f0cb14-48f0-42ce-85bb-8a4ada2a1c20,2026-05-16,16:16:20.93,2026-05-16T12:16:20.9353728-04:00,2026-05-16T16:16:20.9353728Z,,v3,227,100,26605,"Gonzalez, Cesar",831498,Right,BOC_EAG,92396ecb-2dd3-40b4-96f3-e80214cab439,55.13974,-132.74333,13.78043,5.69883,-2.15918,-11.74372,1.80844,-9.93819,8.90986,,,,,,,,,,,,,,,,,,,,,,,,,,,,,,,,,,,,,,,,,,,,,,,,,,,High,High,High,,,,,,118.754266,-11.778406,2179.0116,0.978944,10:00,0.225844,0.861368,-0.455015,-100.066552,26.280016,76.674276,91.072067,0.991086,0.999675,0.017297,-0.018707,42.756737,88.540047,0.017297,0.999675,0.018707,-42.756737,-88.540047,-0.017297,-0.999675,0.018707,-91.072067,-0.991086,-0.999675,-0.017297,-0.018707,,,
27,2026-05-16,12:16:56.40,7,2,"Miller, Brady",815959,Left,BOC_EAG,"Schmidt, Kent",812674,Left,GIT_YEL,Undefined,1,Top,1,0,1,ChangeUp,Sinker,StrikeSwinging,Undefined,Undefined,Undefined,0,0,,84.321,0.658466,4.827235,1888.646845,57.949957,8:00,5.33053,-1.96808,5.46749,-51.69428,-10.77701,-19.67249,1.64114,0.921,75.90959,-8.756722,1.33173,0.460389,,,,,,,,,,,,11.47442,-5.12748,1.55619,50,5.35362,-9.43743,-121.85892,-0.5412,16.89353,28.60843,-39.72313,BOC_EAG,GIT_YEL,HarringtonVillage,D1,ACC,20260516-HarringtonVillage-1,a8fa8dc0-5142-11f1-b1f4-6ba21cbf9799,81.87088,,,8.41141,,,,,,,73f0cb14-48f0-42ce-85bb-8a4ada2a1c20,2026-05-16,16:16:56.40,2026-05-16T12:16:56.4008960-04:00,2026-05-16T16:16:56.4008960Z,,v3,227,100,26605,"Gonzalez, Cesar",831498,Right,BOC_EAG,884e08f0-f7e2-4018-a74d-85de37ce8f72,55.03213,-123.03462,14.30421,5.34231,1.09129,-19.86156,1.9583,-10.1317,8.44677,,,,,,,,,,,,,,,,,,,,,,,,,,,,,,,,,,,,,,,,,,,,,,,,,,,High,High,High,,,,,,87.522201,-10.447002,1857.338846,0.983423,9:00,0.188344,0.980355,0.058573,-93.853388,14.763483,78.762098,90.884499,-18.092885,0.950441,-0.310558,-0.014674,87.294852,-71.88623,0.310558,-0.950441,0.014674,-87.294852,71.88623,-0.310558,0.950441,0.014674,-90.884499,18.092885,-0.950441,0.310558,-0.014674,,,
28,2026-05-16,12:17:13.85,7,3,"Miller, Brady",815959,Left,BOC_EAG,"Schmidt, Kent",812674,Left,GIT_YEL,Undefined,1,Top,1,0,2,ChangeUp,Sinker,BallCalled,Undefined,Undefined,Undefined,0,0,,83.5892,-0.412714,3.786867,1863.193185,73.646008,8:30,5.38707,-1.98884,5.16003,-44.95766,-3.30929,-16.22304,1.25128,0.22883,75.99525,-8.568033,0.915727,0.464484,,,,,,,,,,,,9.27949,-1.12185,1.64808,50,5.31387,-7.30804,-120.98792,-2.56414,13.60075,26.06958,-33.81834,BOC_EAG,GIT_YEL,HarringtonVillage,D1,ACC,20260516-HarringtonVillage-1,b35e7740-5142-11f1-b1f4-6ba21cbf9799,81.14911,,,7.59395,,,,,,,73f0cb14-48f0-42ce-85bb-8a4ada2a1c20,2026-05-16,16:17:13.85,2026-05-16T12:17:13.8590208-04:00,2026-05-16T16:17:13.8590208Z,,v3,227,100,26605,"Gonzalez, Cesar",831498,Right,BOC_EAG,d33c0e5e-de67-4715-9aa3-b91b92d32db6,55.33965,-122.13305,13.03479,5.39388,-1.07864,-16.90917,1.98221,-7.90547,6.80038,,,,,,,,,,,,,,,,,,,,,,,,,,,,,,,,,,,,,,,,,,,,,,,,,,,High,High,High,,,,,,85.125019,-5.783769,1853.708221,0.994909,8:45,0.087843,0.99201,0.090549,-79.255271,22.497122,86.093017,98.326557,-62.304496,0.459873,-0.88543,-0.067306,85.653022,-27.378931,0.88543,-0.459873,0.067306,-85.653022,27.378931,-0.88543,0.459873,0.067306,-98.326557,62.304496,-0.459873,0.88543,-0.067306,,,
29,2026-05-16,12:17:31.99,7,4,"Miller, Brady",815959,Left,BOC_EAG,"Schmidt, Kent",812674,Left,GIT_YEL,Undefined,1,Top,1,1,2,Fastball,Four-Seam,FoulBallNotFieldable,Undefined,Undefined,Undefined,0,0,,91.16777,-0.991301,2.82239,2330.618677,131.464138,10:30,5.81012,-1.5769,5.62789,-18.55639,15.7991,-16.50548,3.33757,-0.31669,82.33267,-4.507793,-0.121934,0.421861,70.27516,58.149656,-113.171751,5371.283916,,,,,46.23867,,,9.26457,8.66969,1.34736,50,5.71405,-5.77491,-132.11439,-2.88701,16.18697,31.15365,-17.02647,BOC_EAG,GIT_YEL,HarringtonVillage,D1,ACC,20260516-HarringtonVillage-1,be295ff0-5142-11f1-b1f4-6ba21cbf9799,89.34798,60.03744,,8.83511,,,,1.181,3.08102,0.45436,73f0cb14-48f0-42ce-85bb-8a4ada2a1c20,2026-05-16,16:17:31.99,2026-05-16T12:17:31.9901184-04:00,2026-05-16T16:17:31.9901184Z,,v3,227,100,26605,"Gonzalez, Cesar",831498,Right,BOC_EAG,06efb23b-3d90-4e3f-86c9-1fcdd449a212,54.86996,-133.25782,15.57682,5.80854,-2.26209,-8.51323,1.57022,-6.36902,8.09348,26.449418,1.181,-21.40217,-7.41722,2.53545,-0.49349,-0.2001,0.44281,-0.35249,0.11228,3.08102,87.5507,-28.475,3.5525,-0.6825,0.03877,0.11198,-0.1033,0.03378,0.45436,-50.00264,3.92867,-0.4802,0.04169,-0.0167,0.02225,-0.01606,0.00508,,,,,,,,,,,,,,,,,,,,,,,High,High,High,High,Undefined,,,,122.524945,-17.501347,2222.734063,0.95371,10:00,0.311673,0.80921,-0.498035,53.019428,17.589447,-32.474777,179.249612,-5.200654,0.013042,-0.090644,-0.995798,5.201098,-0.747299,0.090644,-0.013042,0.995798,-5.201098,0.747299,-0.090644,0.013042,0.995798,-179.249612,5.200654,-0.013042,0.090644,-0.995798,65.5344,13.74541,-12.97341
30,2026-05-16,12:17:52.62,7,5,"Miller, Brady",815959,Left,BOC_EAG,"Schmidt, Kent",812674,Left,GIT_YEL,Undefined,1,Top,1,1,2,Slider,Slider,BallCalled,Undefined,Undefined,StolenBase,0,0,,78.88495,0.304208,-0.519233,2729.588153,266.807885,3:00,5.53046,-1.96897,5.14667,-44.59573,2.9576,18.49044,2.10057,-0.91697,70.40525,-7.882722,2.758236,0.49632,,,,,,,,,,,,-9.33123,1.93709,2.00281,50,5.52535,0.25302,-114.11105,-0.94673,-11.91893,27.11181,-29.69976,BOC_EAG,GIT_YEL,HarringtonVillage,D1,ACC,20260516-HarringtonVillage-1,ca7ff1b0-5142-11f1-b1f4-6ba21cbf9799,75.94379,,,8.4797,,,,,,,73f0cb14-48f0-42ce-85bb-8a4ada2a1c20,2026-05-16,16:17:52.62,2026-05-16T12:17:52.6272000-04:00,2026-05-16T16:17:52.6272000Z,,v3,227,100,26605,"Gonzalez, Cesar",831498,Right,BOC_EAG,533d75df-5dbd-4704-97c5-9554802f6571,55.34768,-115.37461,13.5559,5.53722,0.43745,-14.84988,1.97807,0.80851,-5.95946,,,,,,,,,,,,,,,,,,,,,,,,,,,,,,,,,,,,,,,,,,,,,,,,,,,High,High,High,,,,,,285.168295,-65.542394,1130.103639,0.41402,3:30,0.909078,-0.404423,0.100096,69.673602,8.255399,-11.959438,151.287612,71.588625,0.151732,0.948813,-0.277003,73.725018,8.727338,0.948813,0.151732,0.277003,-73.725018,-8.727338,-0.948813,-0.151732,0.277003,-151.287612,-71.588625,-0.151732,-0.948813,-0.277003,,,
31,2026-05-16,12:18:16.74,7,6,"Miller, Brady",815959,Left,BOC_EAG,"Schmidt, Kent",812674,Left,GIT_YEL,Undefined,1,Top,1,2,2,Fastball,Sinker,InPlay,Undefined,GroundBall,Single,0,1,,90.94065,-0.750369,3.037796,2366.64199,116.699608,10:00,5.76209,-1.75153,5.36704,-25.04836,10.13154,-17.48985,2.97012,-0.35799,81.51457,-5.419707,-0.067532,0.426893,90.05375,-8.544278,31.592385,,,,,17.85409,17.51486,30.014807,0.12492,9.84363,5.70618,1.49192,50,5.67734,-6.17823,-131.59718,-2.63723,16.91097,33.22022,-22.37105,BOC_EAG,GIT_YEL,HarringtonVillage,D1,ACC,20260516-HarringtonVillage-1,d8d03090-5142-11f1-b1f4-6ba21cbf9799,88.29488,2.98612,,9.42608,,,,1.97951,2.98612,0.33626,73f0cb14-48f0-42ce-85bb-8a4ada2a1c20,2026-05-16,16:18:16.74,2026-05-16T12:18:16.7492096-04:00,2026-05-16T16:18:16.7492096Z,GroundBall,v3,227,100,26605,"Gonzalez, Cesar",831498,Right,BOC_EAG,50ebb8b3-f2d6-42f8-a4e7-cd73ff213ee7,55.13022,-132.88593,16.61011,5.76281,-1.76936,-11.18553,1.74432,-6.83428,8.45549,319.849567,1.97957,111.24882,-26.72591,,,,,,,2.98672,-19.6876,-33.83325,,,,,,,0.33588,68.46402,2.75535,,,,,,,,,,,,,,,,,,,,,,,,,,,,,High,High,High,High,High,,,,123.028338,-14.529321,2290.955319,0.968019,10:00,0.267849,0.814804,-0.514151,-98.404153,34.147888,79.642312,97.102881,-1.945282,0.991754,-0.033945,-0.12358,15.359231,-82.636874,0.033945,-0.991754,0.12358,-15.359231,82.636874,-0.033945,0.991754,0.12358,-97.102881,1.945282,-0.991754,0.033945,-0.12358,69.58295,20.59415,12.85696
32,2026-05-16,12:22:20.08,8,1,"Kipp, Kyle",822339,Right,BOC_EAG,"Brosius, Parker",702701,Right,GIT_YEL,Undefined,1,Top,1,0,0,Sinker,Sinker,StrikeCalled,Undefined,Undefined,Undefined,0,0,,94.01715,-0.746486,-3.670022,2199.551594,254.208696,2:30,5.7946,2.2999,5.80733,-25.04442,6.47252,19.62225,3.01191,0.51747,86.56383,-5.379179,-0.159778,0.404058,,,,,,,,,,,,-10.89926,3.78906,-2.01006,50,5.7183,7.8654,-136.47132,-2.70399,-20.73683,27.54616,-24.96503,BOC_EAG,GIT_YEL,HarringtonVillage,D1,ACC,20260516-HarringtonVillage-1,69dac640-5143-11f1-8d76-2da903682334,93.28481,,,7.45333,,,,,,,73f0cb14-48f0-42ce-85bb-8a4ada2a1c20,2026-05-16,16:22:20.08,2026-05-16T12:22:20.0840704-04:00,2026-05-16T16:22:20.0840704Z,,v3,227,100,26605,"Gonzalez, Cesar",831498,Right,BOC_EAG,9fa78f3a-30bd-44e3-a821-8a92c6760842,54.69313,-137.41534,13.77308,5.79631,-1.84843,-12.48251,-2.29179,8.57606,-10.36842,,,,,,,,,,,,,,,,,,,,,,,,,,,,,,,,,,,,,,,,,,,,,,,,,,,High,High,High,,,,,,234.382235,-5.143991,2190.692945,0.995973,1:45,0.062866,-0.808409,-0.585254,-103.368681,-33.173719,-38.458701,160.205379,65.207802,0.142005,0.907835,-0.394551,66.509888,8.163908,0.907835,0.142005,0.394551,-66.509888,-8.163908,-0.907835,-0.142005,0.394551,-160.205379,-65.207802,-0.142005,-0.907835,-0.394551,,,
33,2026-05-16,12:22:37.89,8,2,"Kipp, Kyle",822339,Right,BOC_EAG,"Brosius, Parker",702701,Right,GIT_YEL,Undefined,1,Top,1,0,1,Sweeper,Curveball,StrikeSwinging,Undefined,Undefined,Undefined,0,0,,81.12571,1.324155,-1.792125,2052.940466,64.392607,8:15,5.2373,2.37658,5.67242,-47.17837,-4.3428,-11.80052,2.54111,-0.27815,74.51382,-7.301856,-3.900647,0.471057,,,,,,,,,,,,5.46118,-2.13315,-2.21794,50,5.31958,4.15638,-117.79716,1.10177,7.6624,22.67971,-35.16699,BOC_EAG,GIT_YEL,HarringtonVillage,D1,ACC,20260516-HarringtonVillage-1,747eed10-5143-11f1-8d76-2da903682334,80.01668,,,6.61189,,,,,,,73f0cb14-48f0-42ce-85bb-8a4ada2a1c20,2026-05-16,16:22:37.89,2026-05-16T12:22:37.8947584-04:00,2026-05-16T16:22:37.8947584Z,,v3,227,100,26605,"Gonzalez, Cesar",831498,Right,BOC_EAG,3b7ecd42-1752-4419-8763-ec550d5d6713,54.82754,-118.72297,11.33985,5.24531,2.53734,-17.58349,-2.38122,3.84359,3.8312,,,,,,,,,,,,,,,,,,,,,,,,,,,,,,,,,,,,,,,,,,,,,,,,,,,High,High,High,,,,,,41.515267,47.931629,1375.504869,0.670017,7:30,-0.715837,0.461136,0.524338,9.161554,9.933165,60.189734,112.495819,-2.677425,0.922899,-0.046713,-0.382198,6.96822,-67.353626,0.046713,-0.922899,0.382198,-6.96822,67.353626,-0.046713,0.922899,0.382198,-112.495819,2.677425,-0.922899,0.046713,-0.382198,,,
34,2026-05-16,12:22:58.33,8,3,"Kipp, Kyle",822339,Right,BOC_EAG,"Brosius, Parker",702701,Right,GIT_YEL,Undefined,1,Top,1,0,2,ChangeUp,Changeup,InPlay,Undefined,GroundBall,Out,2,0,,83.67201,-0.951753,-4.365174,1812.588143,231.864965,1:45,5.51544,2.14857,6.22219,-26.4108,13.33162,15.28036,2.43371,-0.61368,76.16481,-5.928376,-1.615256,0.453731,92.09248,-7.185955,-39.78318,,,,,20.04401,18.83508,-35.352158,0.142894,-9.2291,7.58343,-1.82907,50,5.43089,8.68057,-121.24661,-2.77737,-13.66739,24.85151,-20.94376,BOC_EAG,GIT_YEL,HarringtonVillage,D1,ACC,20260516-HarringtonVillage-1,80ae95e0-5143-11f1-8d76-2da903682334,83.07222,2.5653,,7.5072,,,,1.7602,2.5653,0.65994,73f0cb14-48f0-42ce-85bb-8a4ada2a1c20,2026-05-16,16:22:58.33,2026-05-16T12:22:58.3385088-04:00,2026-05-16T16:22:58.3385088Z,GroundBall,v3,227,100,26605,"Gonzalez, Cesar",831498,Right,BOC_EAG,fae1cdec-622f-4560-b2e8-7954f30fdcf4,54.27662,-122.12003,12.42575,5.51556,-2.04129,-10.47188,-2.1426,9.16092,-6.83369,144.524547,1.76027,102.97522,-6.20595,,,,,,,2.56528,-16.89433,-7.40372,,,,,,,0.65993,-85.7487,-0.21781,,,,,,,,,,,,,,,,,,,,,,,,,,,,,High,High,High,High,High,,,,244.351058,23.594519,1661.057635,0.916401,2:15,-0.415555,-0.832636,-0.366103,-8.5818,-21.293613,66.08678,93.917612,-87.583194,0.04207,-0.999111,-0.002881,89.834782,-2.411155,0.999111,-0.04207,0.002881,-89.834782,2.411155,-0.999111,0.04207,0.002881,-93.917612,87.583194,-0.04207,0.999111,-0.002881,71.97552,22.60784,-14.8699
35,2026-05-16,12:26:07.43,1,1,"Blakely, Jackson",831359,Right,GIT_YEL,"Solier, Julio",827632,Right,BOC_EAG,Undefined,1,Bottom,0,0,0,Slider,Slider,BallCalled,Undefined,Undefined,Undefined,0,0,,84.6285,-0.091866,-3.471922,2372.835884,206.702617,1:00,5.54253,2.04228,5.71271,-37.56179,2.24091,0.435,2.32664,-1.15989,76.81716,-7.011148,-3.394286,0.454075,,,,,,,,,,,,-1.30457,1.59311,-1.75172,50,5.51182,7.41857,-122.57406,-1.49557,-1.96159,26.86881,-29.77863,BOC_EAG,GIT_YEL,HarringtonVillage,D1,ACC,20260516-HarringtonVillage-1,f16df550-5143-11f1-8d76-2da903682334,83.00924,,,7.81135,,,,,,,73f0cb14-48f0-42ce-85bb-8a4ada2a1c20,2026-05-16,16:26:07.43,2026-05-16T12:26:07.4379264-04:00,2026-05-16T16:26:07.4379264Z,,v3,227,100,26605,"Rogers, Drew",811441,Right,GIT_YEL,695dd545-3a40-4eb6-ba54-b690b61c128d,54.78401,-123.61828,13.43441,5.54745,-0.33825,-14.88932,-2.04151,7.49481,-0.98079,,,,,,,,,,,,,,,,,,,,,,,,,,,,,,,,,,,,,,,,,,,,,,,,,,,High,High,High,,,,,,264.261849,81.785471,339.030589,0.14288,2:45,-0.98856,-0.143751,0.045665,-18.660633,76.562656,8.790717,163.044131,-18.427931,0.276681,-0.316112,-0.907481,19.205255,-16.062191,0.316112,-0.276681,0.907481,-19.205255,16.062191,-0.316112,0.276681,0.907481,-163.044131,18.427931,-0.276681,0.316112,-0.907481,,,
36,2026-05-16,12:26:22.10,1,2,"Blakely, Jackson",831359,Right,GIT_YEL,"Solier, Julio",827632,Right,BOC_EAG,Undefined,1,Bottom,0,1,0,Slider,Slider,StrikeSwinging,Undefined,Undefined,Undefined,0,0,,83.74045,-1.082663,-2.515216,2342.446688,6.245715,6:15,5.45718,1.82964,5.79557,-41.18412,-1.37087,-0.27756,1.01703,-0.53454,77.51289,-8.602189,-2.564981,0.454135,,,,,,,,,,,,-0.52469,-0.11575,-1.62254,50,5.34302,5.35403,-121.64009,-3.701,-0.78961,22.87707,-32.34826,BOC_EAG,GIT_YEL,HarringtonVillage,D1,ACC,20260516-HarringtonVillage-1,fa1e6270-5143-11f1-8d76-2da903682334,82.99828,,,6.22756,,,,,,,73f0cb14-48f0-42ce-85bb-8a4ada2a1c20,2026-05-16,16:26:22.10,2026-05-16T12:26:22.1068800-04:00,2026-05-16T16:26:22.1068800Z,,v3,227,100,26605,"Rogers, Drew",811441,Right,GIT_YEL,20cf2bc8-b135-4fc2-9e20-551397a0e726,54.70561,-122.52189,11.43853,5.46164,-2.45414,-16.17413,-1.82949,5.38447,-0.3948,,,,,,,,,,,,,,,,,,,,,,,,,,,,,,,,,,,,,,,,,,,,,,,,,,,High,High,High,,,,,,304.987091,83.897292,249.027999,0.106311,4:15,-0.988878,-0.105871,0.104455,-35.646667,70.66643,-4.481661,152.998627,-21.634265,0.42203,-0.368681,-0.82823,23.995875,-24.962786,0.368681,-0.42203,0.82823,-23.995875,24.962786,-0.368681,0.42203,0.82823,-152.998627,21.634265,-0.42203,0.368681,-0.82823,,,
37,2026-05-16,12:26:36.95,1,3,"Blakely, Jackson",831359,Right,GIT_YEL,"Solier, Julio",827632,Right,BOC_EAG,Undefined,1,Bottom,0,1,1,Slider,Slider,FoulBallNotFieldable,Undefined,Undefined,Undefined,0,0,,84.00538,-0.553803,-2.964767,2360.805125,75.154548,8:30,5.50359,1.9119,5.6241,-39.47545,0.63366,-2.36095,1.69648,-1.05389,77.12649,-7.771356,-3.385979,0.455819,56.64218,9.705214,80.000441,3914.486698,,,,70.73844,68.97321,82.65027,0.970262,0.36252,0.80535,-1.65745,50,5.43073,6.40631,-121.86867,-2.55031,0.5439,24.49015,-30.96582,BOC_EAG,GIT_YEL,HarringtonVillage,D1,ACC,20260516-HarringtonVillage-1,02ff2e60-5144-11f1-8d76-2da903682334,82.69159,4.91443,,6.87889,,,,2.57507,2.04151,0.77708,73f0cb14-48f0-42ce-85bb-8a4ada2a1c20,2026-05-16,16:26:36.95,2026-05-16T12:26:36.9593344-04:00,2026-05-16T16:26:36.9593344Z,GroundBall,v3,227,100,26605,"Rogers, Drew",811441,Right,GIT_YEL,6b42c697-801b-44da-adef-361636196d67,54.87591,-122.8446,12.24508,5.50777,-1.31633,-15.48291,-1.91231,6.38464,0.27195,,2.57507,14.21875,-9.53417,2.1971,-0.48021,0.1016,-0.02034,0.00272,-8E-05,2.04151,14.00472,-17.42537,0.96059,-0.12325,0.0078,-0.00164,0.00193,-0.00057,0.77708,80.64218,-11.64648,2.7331,-0.52789,0.0993,-0.01902,0.00272,-0.00016,,,,,,,,,,,,,,,,,,,,,,,High,High,High,High,High,,,,315.404876,85.767467,174.237976,0.073804,4:30,-0.992673,-0.061454,0.104037,29.967636,67.425007,55.306489,158.581248,-24.400825,0.332563,-0.413118,-0.847783,25.979586,-19.424391,0.413118,-0.332563,0.847783,-25.979586,19.424391,-0.413118,0.332563,0.847783,-158.581248,24.400825,-0.332563,0.413118,-0.847783,,,
38,2026-05-16,12:26:57.00,1,4,"Blakely, Jackson",831359,Right,GIT_YEL,"Solier, Julio",827632,Right,BOC_EAG,Undefined,1,Bottom,0,1,2,Slider,Slider,InPlay,Undefined,GroundBall,Single,0,0,,83.63488,-0.371479,-2.859579,2478.567442,358.434867,6:00,5.58329,1.90332,5.56125,-43.19282,-1.83366,0.09252,1.6364,-0.76274,75.36022,-8.293773,-2.843078,0.462868,78.24337,-27.61741,-43.626853,,,,,5.09249,3.11985,-17.982432,0.033398,-1.03402,-0.38169,-1.65637,50,5.52287,6.04381,-121.07266,-2.31052,-1.49984,28.66358,-32.72769,BOC_EAG,GIT_YEL,HarringtonVillage,D1,ACC,20260516-HarringtonVillage-1,0ef06ea0-5144-11f1-8d76-2da903682334,81.43234,1.78031,,8.27466,,,,2.38054,1.78031,0.77568,73f0cb14-48f0-42ce-85bb-8a4ada2a1c20,2026-05-16,16:26:57.00,2026-05-16T12:26:57.0052096-04:00,2026-05-16T16:26:57.0052096Z,GroundBall,v3,227,100,26605,"Rogers, Drew",811441,Right,GIT_YEL,f9a2a371-0e5f-4a2c-a1fd-8cfc6a101c5c,54.93586,-122.23563,14.33179,5.58968,-0.98266,-16.36385,-1.90282,6.10467,-0.74992,,2.37973,73.75302,,,,,,,,1.7809,-53.30629,,,,,,,,0.77646,-70.29999,,,,,,,,,,,,,,,,,,,,,,,,,,,,,,High,High,High,Low,Low,,,,357.502174,81.268577,376.253787,0.151803,6:00,-0.97955,-0.013024,0.200777,44.052852,59.971923,61.450955,153.233931,-23.25461,0.413762,-0.394818,-0.820317,25.701472,-24.441395,0.394818,-0.413762,0.820317,-25.701472,24.441395,-0.394818,0.413762,0.820317,-153.233931,23.25461,-0.413762,0.394818,-0.820317,73.87484,13.07307,-11.22078
39,2026-05-16,12:27:40.39,2,1,"Blakely, Jackson",831359,Right,GIT_YEL,"Wang, Nick",813482,Right,BOC_EAG,Undefined,1,Bottom,0,0,0,Slider,Slider,FoulBallNotFieldable,Undefined,Undefined,Undefined,0,0,,84.00458,-0.48852,-2.316938,2398.252933,38.298987,7:15,5.50551,2.03014,5.58771,-41.97687,-1.5278,-2.28791,1.55089,-0.32522,76.56526,-8.16749,-2.725419,0.457747,65.83813,-36.399632,-56.890304,,,,,3.54359,3.54359,-26.015556,0.028384,0.44634,-0.24854,-1.82959,50,5.43613,5.02262,-121.81886,-2.52247,0.66348,26.34191,-32.54347,BOC_EAG,GIT_YEL,HarringtonVillage,D1,ACC,20260516-HarringtonVillage-1,28cb15a0-5144-11f1-8d76-2da903682334,82.34335,1.63085,,7.43933,,,,1.97621,1.63085,0.29861,73f0cb14-48f0-42ce-85bb-8a4ada2a1c20,2026-05-16,16:27:40.39,2026-05-16T12:27:40.3963904-04:00,2026-05-16T16:27:40.3963904Z,GroundBall,v3,227,100,26605,"Rogers, Drew",811441,Right,GIT_YEL,e69980f7-6878-45dc-97f8-f02b2a2010a8,54.91105,-122.87623,13.17096,5.51116,-1.21617,-16.27174,-2.03066,4.99599,0.33174,,1.97569,42.57041,,,,,,,,1.63156,-57.45639,,,,,,,,0.29941,-65.27873,,,,,,,,,,,,,,,,,,,,,,,,,,,,,,High,High,High,Estimated,Estimated,,,,295.353037,82.917238,295.711598,0.123303,3:45,-0.988438,-0.119884,0.092833,21.19385,66.214122,45.592873,154.950424,-19.644815,0.398758,-0.336188,-0.853211,21.505783,-23.500563,0.336188,-0.398758,0.853211,-21.505783,23.500563,-0.336188,0.398758,0.853211,-154.950424,19.644815,-0.398758,0.336188,-0.853211,73.05334,6.24209,-0.95768
40,2026-05-16,12:28:11.17,2,2,"Blakely, Jackson",831359,Right,GIT_YEL,"Wang, Nick",813482,Right,BOC_EAG,Undefined,1,Bottom,0,0,1,Fastball,Four-Seam,BallCalled,Undefined,Undefined,Undefined,0,0,,92.64109,-2.259433,-4.801062,2306.964941,201.278487,12:45,5.65783,1.73491,6.17499,-17.30887,15.14698,5.48961,2.12032,-2.25198,84.60102,-5.540505,-3.816304,0.410032,,,,,,,,,,,,-4.19673,8.79587,-1.37384,50,5.47745,11.0312,-134.08443,-5.82312,-7.63092,29.32166,-16.18047,BOC_EAG,GIT_YEL,HarringtonVillage,D1,ACC,20260516-HarringtonVillage-1,3b2013e0-5144-11f1-8d76-2da903682334,91.92558,,,8.04006,,,,,,,73f0cb14-48f0-42ce-85bb-8a4ada2a1c20,2026-05-16,16:28:11.17,2026-05-16T12:28:11.1758336-04:00,2026-05-16T16:28:11.1758336Z,,v3,227,100,26605,"Rogers, Drew",811441,Right,GIT_YEL,6cff5187-1bcd-4ae3-9fc5-4a26fededc4d,54.32311,-135.0265,14.66083,5.65618,-5.30326,-8.09024,-1.7322,11.27638,-3.81546,,,,,,,,,,,,,,,,,,,,,,,,,,,,,,,,,,,,,,,,,,,,,,,,,,,High,High,High,,,,,,225.462712,31.09191,1975.546371,0.85634,1:30,-0.54049,-0.630279,-0.557333,-67.426307,-30.235278,-32.183368,157.252421,-4.159711,0.385653,-0.072537,-0.919788,4.509163,-22.68431,0.072537,-0.385653,0.919788,-4.509163,22.68431,-0.072537,0.385653,0.919788,-157.252421,4.159711,-0.385653,0.072537,-0.919788,,,
41,2026-05-16,12:28:32.79,2,3,"Blakely, Jackson",831359,Right,GIT_YEL,"Wang, Nick",813482,Right,BOC_EAG,Undefined,1,Bottom,0,1,1,Slider,Slider,FoulBallNotFieldable,Undefined,Undefined,Undefined,0,0,,83.95854,0.346114,-1.531324,2360.933923,42.336877,7:30,5.55444,1.86757,5.39697,-42.08538,-1.79854,-2.75366,2.37179,0.20273,77.22161,-7.31651,-2.021355,0.456828,101.07211,33.303064,-36.106096,3351.697473,85.7305,68.50795,-68.92191,386.63879,200.1226,-46.590936,5.594053,0.9763,-0.69327,-1.72894,50,5.55537,3.37306,-121.93313,-0.78873,1.47155,23.71218,-33.21902,BOC_EAG,GIT_YEL,HarringtonVillage,D1,ACC,20260516-HarringtonVillage-1,480a0c00-5144-11f1-8d76-2da903682334,82.50901,103.32478,,6.73694,,,,1.64296,2.37374,-0.10475,73f0cb14-48f0-42ce-85bb-8a4ada2a1c20,2026-05-16,16:28:32.79,2026-05-16T12:28:32.7904768-04:00,2026-05-16T16:28:32.7904768Z,FlyBall,v3,227,100,26605,"Rogers, Drew",811441,Right,GIT_YEL,50125eea-6581-4878-be15-b81c610d5568,55.10372,-122.92164,11.85609,5.55939,0.5961,-16.60951,-1.86827,3.31171,0.73577,152.027084,1.64811,100.00473,-24.06682,5.72459,-1.06969,0.15032,-0.01591,0.00131,-6E-05,2.37363,81.38374,-18.57613,0.88454,0.14533,-0.12676,0.03552,-0.00454,0.00022,-0.10607,-72.98569,8.5421,-1.46017,0.16838,-0.00608,-0.00097,7E-05,0,,,,,,,,,,,,,,,,,,,,,,,High,High,High,High,Low,,,,324.842301,85.672141,178.16451,0.075464,4:45,-0.995388,-0.03743,0.088329,5.788367,70.350769,35.98283,155.745985,-28.44871,0.361178,-0.476372,-0.801636,30.720884,-21.172573,0.476372,-0.361178,0.801636,-30.720884,21.172573,-0.476372,0.361178,0.801636,-155.745985,28.44871,-0.361178,0.476372,-0.801636,86.66663,19.87191,-21.70421
42,2026-05-16,12:29:08.05,2,4,"Blakely, Jackson",831359,Right,GIT_YEL,"Wang, Nick",813482,Right,BOC_EAG,Undefined,1,Bottom,0,1,2,Slider,Slider,FoulBallNotFieldable,Undefined,Undefined,Undefined,0,0,,83.26386,0.104882,-2.208207,2396.856351,130.837159,10:15,5.51545,1.94592,5.48257,-37.21415,4.58965,-3.49162,2.51247,-0.41212,74.84147,-6.766147,-2.829733,0.46535,68.26353,36.53876,160.200856,3507.734291,,,,,46.14753,,,1.01051,2.69823,-1.74972,50,5.49963,4.7938,-120.56291,-1.06099,1.45421,28.30942,-28.29111,BOC_EAG,GIT_YEL,HarringtonVillage,D1,ACC,20260516-HarringtonVillage-1,5d0daf80-5144-11f1-8d76-2da903682334,80.99811,29.89404,,8.42239,,,,1.59978,2.57533,0.40326,73f0cb14-48f0-42ce-85bb-8a4ada2a1c20,2026-05-16,16:29:08.05,2026-05-16T12:29:08.0511488-04:00,2026-05-16T16:29:08.0511488Z,,v3,227,100,26605,"Rogers, Drew",811441,Right,GIT_YEL,8ef99bf4-665a-4408-9bc5-b8311397aa3c,55.01389,-121.73453,14.15471,5.51931,0.10987,-14.14555,-1.94687,4.73362,0.72711,317.726714,1.59978,-75.6863,3.45986,0.6376,-0.23452,0.02979,0.08153,-0.08661,0.03356,2.57533,59.60794,-26.72311,3.08454,-0.62701,0.07003,0.06056,-0.06987,0.02737,0.40326,27.24753,-8.43344,1.83127,-0.39019,0.02249,0.07549,-0.07917,0.03052,,,,,,,,,,,,,,,,,,,,,,,High,High,High,High,Undefined,,,,341.620515,81.358703,360.122819,0.150248,5:30,-0.982505,-0.045565,0.180575,-5.949824,12.525014,42.3928,97.052592,-51.000175,0.624557,-0.777148,-0.077268,84.322031,-38.649644,0.777148,-0.624557,0.077268,-84.322031,38.649644,-0.777148,0.624557,0.077268,-97.052592,51.000175,-0.624557,0.777148,-0.077268,84.72629,15.19908,-9.8627
43,2026-05-16,12:29:37.74,2,5,"Blakely, Jackson",831359,Right,GIT_YEL,"Wang, Nick",813482,Right,BOC_EAG,Undefined,1,Bottom,0,1,2,Slider,Slider,BallCalled,Undefined,Undefined,Undefined,0,0,,85.09192,-0.132384,-3.758115,1264.722476,34.073295,7:15,5.65344,1.73575,5.72912,-44.53191,-4.94492,-4.29894,1.81889,-2.12753,77.0864,-8.285753,-4.525544,0.452843,,,,,,,,,,,,0.93158,-2.00043,-1.41934,50,5.61549,8.27123,-123.16675,-1.88246,1.40547,28.53805,-35.19212,BOC_EAG,GIT_YEL,HarringtonVillage,D1,ACC,20260516-HarringtonVillage-1,6ebe3060-5144-11f1-8d76-2da903682334,83.23515,,,8.00551,,,,,,,73f0cb14-48f0-42ce-85bb-8a4ada2a1c20,2026-05-16,16:29:37.74,2026-05-16T12:29:37.7449984-04:00,2026-05-16T16:29:37.7449984Z,,v3,227,100,26605,"Rogers, Drew",811441,Right,GIT_YEL,521e32cb-cc9f-4bb7-bd38-b7956dacbd23,54.76784,-124.26656,14.26903,5.6619,-0.52622,-17.59606,-1.73706,8.21706,0.70273,,,,,,,,,,,,,,,,,,,,,,,,,,,,,,,,,,,,,,,,,,,,,,,,,,,High,High,High,,,,,,306.940293,66.466816,504.978565,0.39928,4:15,-0.898391,-0.321247,0.299489,40.469361,-8.07635,39.815769,101.697241,-57.664283,0.523771,-0.844929,-0.108441,82.686415,-31.585551,0.844929,-0.523771,0.108441,-82.686415,31.585551,-0.844929,0.523771,0.108441,-101.697241,57.664283,-0.523771,0.844929,-0.108441,,,
44,2026-05-16,12:30:01.79,2,6,"Blakely, Jackson",831359,Right,GIT_YEL,"Wang, Nick",813482,Right,BOC_EAG,Undefined,1,Bottom,0,2,2,Fastball,Four-Seam,BallCalled,Undefined,Undefined,Undefined,0,0,,93.54381,-1.835283,-5.494736,2244.822683,226.500582,1:30,5.68562,1.78351,6.07635,-18.02052,13.97497,13.61993,2.47738,-2.18118,85.24776,-5.244842,-3.058431,0.407114,,,,,,,,,,,,-8.50859,8.02012,-1.36422,50,5.53334,12.41122,-135.26108,-4.91378,-15.75421,29.65845,-17.32428,BOC_EAG,GIT_YEL,HarringtonVillage,D1,ACC,20260516-HarringtonVillage-1,7d09db60-5144-11f1-8d76-2da903682334,92.58456,,,8.29605,,,,,,,73f0cb14-48f0-42ce-85bb-8a4ada2a1c20,2026-05-16,16:30:01.79,2026-05-16T12:30:01.7921536-04:00,2026-05-16T16:30:01.7921536Z,,v3,227,100,26605,"Rogers, Drew",811441,Right,GIT_YEL,8c5450b1-dd01-4248-a0ca-5ddb68249723,54.42125,-136.22707,14.82923,5.6842,-4.34952,-8.66214,-1.77681,12.92434,-7.87711,,,,,,,,,,,,,,,,,,,,,,,,,,,,,,,,,,,,,,,,,,,,,,,,,,,High,High,High,,,,,,225.961978,32.430628,1894.723216,0.844041,1:30,-0.570378,-0.623627,-0.534563,-75.629251,-22.981671,-32.063301,159.092261,-12.311193,0.348658,-0.213221,-0.912674,13.149733,-20.405237,0.213221,-0.348658,0.912674,-13.149733,20.405237,-0.213221,0.348658,0.912674,-159.092261,12.311193,-0.348658,0.213221,-0.912674,,,
45,2026-05-16,12:30:24.34,2,7,"Blakely, Jackson",831359,Right,GIT_YEL,"Wang, Nick",813482,Right,BOC_EAG,Undefined,1,Bottom,0,3,2,Splitter,Changeup,FoulBallNotFieldable,Undefined,Undefined,Undefined,0,0,,85.39006,-0.230011,-3.330118,1801.297993,272.010566,3:00,5.33024,1.91451,6.23171,-37.28892,0.99465,9.38308,2.01028,-0.37922,77.51424,-7.16385,-1.636977,0.445325,66.54383,43.312791,149.690997,4799.171657,,,,,45.6415,,,-5.91016,0.9748,-1.67028,50,5.29481,6.84138,-123.84009,-1.69736,-9.06828,27.49955,-30.67838,BOC_EAG,GIT_YEL,HarringtonVillage,D1,ACC,20260516-HarringtonVillage-1,8a7ed570-5144-11f1-8d76-2da903682334,84.64021,35.48275,,7.87582,,,,1.3012,2.10731,0.27291,73f0cb14-48f0-42ce-85bb-8a4ada2a1c20,2026-05-16,16:30:24.34,2026-05-16T12:30:24.3401728-04:00,2026-05-16T16:30:24.3401728Z,,v3,227,100,26605,"Rogers, Drew",811441,Right,GIT_YEL,4ac5f2c1-dcfa-4d84-bf93-33c709e81fab,54.26658,-124.78391,13.74978,5.335,-0.64443,-15.33919,-1.91043,7.15262,-4.53414,,1.3012,-61.30739,1.11041,1.70782,-0.60724,0.18677,-0.04416,0.01049,-0.00153,2.10731,66.94999,-29.71268,4.01436,-0.84182,0.15489,-0.02767,0.0055,-0.00056,0.27291,35.83807,-9.1206,1.78512,-0.37099,0.06068,-0.01124,0.00189,-0.0001,,,,,,,,,,,,,,,,,,,,,,,High,High,High,High,Undefined,,,,253.637756,44.394281,1287.103987,0.714543,2:30,-0.70735,-0.688406,-0.160475,-24.109397,-17.432506,46.433369,170.983279,81.524217,0.0231,0.989078,-0.14557,81.627461,1.323626,0.989078,0.0231,0.14557,-81.627461,-1.323626,-0.989078,-0.0231,0.14557,-170.983279,-81.524217,-0.0231,-0.989078,-0.14557,,,
46,2026-05-16,12:31:13.52,2,8,"Blakely, Jackson",831359,Right,GIT_YEL,"Wang, Nick",813482,Right,BOC_EAG,Undefined,1,Bottom,0,3,2,Slider,Slider,FoulBallNotFieldable,Undefined,Undefined,Undefined,0,0,,84.10677,-0.096993,-2.866481,2259.930882,156.26573,11:15,5.54278,1.80008,5.72657,-38.03309,1.98181,-0.29331,2.28291,-0.89633,76.76977,-7.093254,-2.918904,0.455284,,,,,,,,,,,,-0.7035,1.39032,-1.56056,50,5.51114,6.11979,-121.98722,-1.50228,-1.05285,25.51916,-30.09328,BOC_EAG,GIT_YEL,HarringtonVillage,D1,ACC,20260516-HarringtonVillage-1,a7d2ebc0-5144-11f1-8d76-2da903682334,82.78885,,,7.337,,,,,,,73f0cb14-48f0-42ce-85bb-8a4ada2a1c20,2026-05-16,16:31:13.52,2026-05-16T12:31:13.5270912-04:00,2026-05-16T16:31:13.5270912Z,,v3,227,100,26605,"Rogers, Drew",811441,Right,GIT_YEL,6893a8d2-240d-46ec-b138-1139a08686c2,54.7725,-122.98155,12.75958,5.54683,-0.32972,-15.04664,-1.79981,6.16082,-0.52643,,,,,,,,,,,,,,,,,,,,,,,,,,,,,,,,,,,,,,,,,,,,,,,,,,,High,High,High,,,,,,271.495956,83.737557,246.519468,0.109083,3:00,-0.992461,-0.110728,0.052545,-28.357885,79.018836,0.684454,164.978966,-21.781329,0.24067,-0.371065,-0.896877,22.476365,-13.926111,0.371065,-0.24067,0.896877,-22.476365,13.926111,-0.371065,0.24067,0.896877,-164.978966,21.781329,-0.24067,0.371065,-0.896877,,,
47,2026-05-16,12:31:39.63,2,9,"Blakely, Jackson",831359,Right,GIT_YEL,"Wang, Nick",813482,Right,BOC_EAG,Undefined,1,Bottom,0,3,2,Slider,Slider,InPlay,Undefined,GroundBall,Error,0,0,,83.84496,-0.918068,-2.875644,2319.846519,345.982587,5:30,5.54006,1.80879,5.80166,-41.71109,-2.35449,0.84677,1.20913,-0.7974,78.29389,-8.51069,-2.723894,0.451523,98.57631,-0.838273,-11.916628,,,,,21.82904,20.28992,-9.04924,0.142759,-1.11858,-0.71311,-1.57299,50,5.43914,6.08975,-121.88144,-3.38096,-1.70685,20.72071,-33.26218,BOC_EAG,GIT_YEL,HarringtonVillage,D1,ACC,20260516-HarringtonVillage-1,b769b460-5144-11f1-8d76-2da903682334,83.47839,1.09717,,5.55107,,,,1.50928,1.09717,0.8597,73f0cb14-48f0-42ce-85bb-8a4ada2a1c20,2026-05-16,16:31:39.63,2026-05-16T12:31:39.6341248-04:00,2026-05-16T16:31:39.6341248Z,GroundBall,v3,227,100,26605,"Rogers, Drew",811441,Right,GIT_YEL,4d5563bb-1bb4-4917-a88a-f56452b42f62,54.70056,-122.67797,10.36035,5.54453,-2.10232,-16.63109,-1.80835,6.15537,-0.85343,7.518048,1.5088,141.4926,-7.37707,,,,,,,1.09747,-2.14255,-38.86178,,,,,,,0.85984,-29.86289,-1.47722,,,,,,,,,,,,,,,,,,,,,,,,,,,,,High,High,High,High,High,,,,311.641648,83.772414,251.652298,0.108478,4:30,-0.987806,-0.096985,0.12179,-28.137367,83.057008,-4.333083,165.478272,-17.428748,0.239235,-0.29952,-0.923609,17.967485,-13.841416,0.29952,-0.239235,0.923609,-17.967485,13.841416,-0.29952,0.239235,0.923609,-165.478272,17.428748,-0.239235,0.29952,-0.923609,70.74154,5.86779,-2.5488
48,2026-05-16,12:34:32.37,3,1,"Blakely, Jackson",831359,Right,GIT_YEL,"Mainolfi, Ty",839397,Left,BOC_EAG,Undefined,1,Bottom,0,0,0,Fastball,Four-Seam,InPlay,Undefined,Bunt,Single,0,0,,92.71062,-1.623618,-2.686602,2463.476952,197.748207,12:30,5.76952,1.84912,6.32202,-15.90308,15.97961,4.80422,2.94692,-0.22662,85.07239,-4.657415,-1.818706,0.406395,37.84362,-26.12094,-14.50258,,,,,8.43206,8.38302,-9.419861,0.11872,-3.23729,9.07115,-1.65505,50,5.64309,6.12587,-134.67312,-4.27424,-5.96708,28.24824,-15.45374,BOC_EAG,GIT_YEL,HarringtonVillage,D1,ACC,20260516-HarringtonVillage-1,1e570a10-5145-11f1-8d76-2da903682334,92.7482,3.03858,,7.63824,,,,2.64853,3.03858,0.13097,73f0cb14-48f0-42ce-85bb-8a4ada2a1c20,2026-05-16,16:34:32.37,2026-05-16T12:34:32.3790848-04:00,2026-05-16T16:34:32.3790848Z,GroundBall,v3,227,100,26605,"Rogers, Drew",811441,Right,GIT_YEL,238eceb2-9f13-4e9c-8db6-d059ca8c8dac,54.17765,-135.54656,14.12412,5.76786,-3.7964,-7.72687,-1.84731,6.31037,-2.98354,142.297543,2.64858,48.24239,-4.08646,,,,,,,3.03863,-24.44223,-9.73449,,,,,,,0.13096,-12.47967,-2.08838,,,,,,,,,,,,,,,,,,,,,,,,,,,,,High,High,High,Medium,High,,,,221.920838,35.142085,2014.451969,0.817727,1:30,-0.5878,-0.562416,-0.581532,-62.971664,-44.410266,-47.748411,156.945023,-0.791115,0.391577,-0.013807,-0.920042,0.859777,-23.052653,0.013807,-0.391577,0.920042,-0.859777,23.052653,-0.013807,0.391577,0.920042,-156.945023,0.791115,-0.391577,0.013807,-0.920042,,,
49,2026-05-16,12:36:12.41,4,1,"Blakely, Jackson",831359,Right,GIT_YEL,"Wolff, Kyle",813479,Right,BOC_EAG,Undefined,1,Bottom,0,0,0,Fastball,Four-Seam,StrikeSwinging,Undefined,Undefined,Undefined,0,0,,92.74791,-1.188112,-3.453991,2450.306846,207.596935,1:00,5.66291,1.78358,6.25381,-21.62773,10.41056,4.92481,2.76282,-0.99502,85.00347,-5.250384,-2.566339,0.407386,,,,,,,,,,,,-3.49571,6.03319,-1.52922,50,5.56387,7.91871,-134.60045,-3.4876,-6.42623,28.65519,-21.08311,BOC_EAG,GIT_YEL,HarringtonVillage,D1,ACC,20260516-HarringtonVillage-1,5a090590-5145-11f1-8d76-2da903682334,92.52268,,,7.74444,,,,,,,73f0cb14-48f0-42ce-85bb-8a4ada2a1c20,2026-05-16,16:36:12.41,2026-05-16T12:36:12.4148736-04:00,2026-05-16T16:36:12.4148736Z,,v3,227,100,26605,"Rogers, Drew",811441,Right,GIT_YEL,5e40c2d3-84a0-4c0a-ae1e-dfe80f118ff7,54.24461,-135.50107,14.3276,5.66307,-2.82496,-10.54156,-1.78128,8.12068,-3.21312,,,,,,,,,,,,,,,,,,,,,,,,,,,,,,,,,,,,,,,,,,,,,,,,,,,High,High,High,,,,,,223.410908,41.938463,1822.692731,0.743863,1:30,-0.68895,-0.52495,-0.499775,-78.619291,-38.67665,-43.797875,155.134325,-7.557458,0.41684,-0.13152,-0.899415,8.319333,-24.635226,0.13152,-0.41684,0.899415,-8.319333,24.635226,-0.13152,0.41684,0.899415,-155.134325,7.557458,-0.41684,0.13152,-0.899415,,,
50,2026-05-16,12:36:28.79,4,2,"Blakely, Jackson",831359,Right,GIT_YEL,"Wolff, Kyle",813479,Right,BOC_EAG,Undefined,1,Bottom,0,0,1,Fastball,Four-Seam,BallCalled,Undefined,Undefined,Undefined,0,0,,91.68959,-1.433705,-4.983408,2457.60757,196.6662,12:30,5.61533,1.85171,6.24096,-19.55505,13.0804,3.64067,2.65803,-2.45314,84.76042,-5.100722,-4.329999,0.411165,,,,,,,,,,,,-3.10713,7.43453,-1.48151,50,5.49831,11.43986,-132.89961,-3.93992,-5.62368,25.28274,-18.718,BOC_EAG,GIT_YEL,HarringtonVillage,D1,ACC,20260516-HarringtonVillage-1,63bab610-5145-11f1-8d76-2da903682334,91.67226,,,6.92917,,,,,,,73f0cb14-48f0-42ce-85bb-8a4ada2a1c20,2026-05-16,16:36:28.79,2026-05-16T12:36:28.7985152-04:00,2026-05-16T16:36:28.7985152Z,,v3,227,100,26605,"Rogers, Drew",811441,Right,GIT_YEL,59636e57-00d8-4625-b5d5-d530c0ef9962,54.25829,-133.70725,12.64137,5.61462,-3.34199,-9.359,-1.84982,11.61951,-2.81184,,,,,,,,,,,,,,,,,,,,,,,,,,,,,,,,,,,,,,,,,,,,,,,,,,,High,High,High,,,,,,223.093363,38.119379,1933.464459,0.786726,1:30,-0.651284,-0.55276,-0.51989,-69.275661,-27.584118,-35.395025,154.657351,-2.677249,0.427564,-0.04671,-0.902778,2.961848,-25.313034,0.04671,-0.427564,0.902778,-2.961848,25.313034,-0.04671,0.427564,0.902778,-154.657351,2.677249,-0.427564,0.04671,-0.902778,,,
51,2026-05-16,12:36:45.68,4,3,"Blakely, Jackson",831359,Right,GIT_YEL,"Wolff, Kyle",813479,Right,BOC_EAG,Undefined,1,Bottom,0,1,1,ChangeUp,Changeup,FoulBallNotFieldable,Undefined,Undefined,Undefined,0,0,,84.44277,-0.546057,-3.587663,2059.13292,270.37676,3:00,5.3054,2.04917,6.4577,-37.15707,1.03961,13.95139,1.70637,-0.08816,77.91509,-7.445497,-1.059207,0.44482,,,,,,,,,,,,-8.33402,0.97165,-1.80157,50,5.24994,7.19928,-122.69915,-2.2951,-12.76351,23.2317,-30.68599,BOC_EAG,GIT_YEL,HarringtonVillage,D1,ACC,20260516-HarringtonVillage-1,6dd1b810-5145-11f1-8d76-2da903682334,84.73642,,,6.52768,,,,,,,73f0cb14-48f0-42ce-85bb-8a4ada2a1c20,2026-05-16,16:36:45.68,2026-05-16T12:36:45.6849408-04:00,2026-05-16T16:36:45.6849408Z,,v3,227,100,26605,"Rogers, Drew",811441,Right,GIT_YEL,a79cef46-910c-418c-aba4-01636eae8dfb,54.04431,-123.46252,11.61585,5.30879,-1.28679,-15.343,-2.04503,7.61867,-6.38176,,,,,,,,,,,,,,,,,,,,,,,,,,,,,,,,,,,,,,,,,,,,,,,,,,,High,High,High,,,,,,249.967659,40.650924,1562.24893,0.758693,2:15,-0.659626,-0.718967,-0.219043,-48.482111,-3.271681,56.228991,90.819811,-77.253511,0.220615,-0.975356,-0.003157,89.814555,-12.745162,0.975356,-0.220615,0.003157,-89.814555,12.745162,-0.975356,0.220615,0.003157,-90.819811,77.253511,-0.220615,0.975356,-0.003157,,,
52,2026-05-16,12:37:17.62,4,4,"Blakely, Jackson",831359,Right,GIT_YEL,"Wolff, Kyle",813479,Right,BOC_EAG,Undefined,1,Bottom,0,1,2,Curveball,Curveball,InPlay,Undefined,GroundBall,Double,0,2,,78.38237,0.830365,-0.961825,2701.513067,34.852081,7:15,5.70594,1.70808,5.37148,-64.44161,-16.93899,-13.03804,1.11449,-0.28028,70.8485,-10.850116,-3.28775,0.496055,84.84656,-4.426858,-42.393346,,,,,21.97811,19.17161,-36.167215,0.158086,6.2478,-8.42158,-1.61213,50,5.73424,2.42094,-113.61411,-0.61252,7.93418,26.32893,-42.86879,BOC_EAG,GIT_YEL,HarringtonVillage,D1,ACC,20260516-HarringtonVillage-1,80d7dde0-5145-11f1-8d76-2da903682334,75.98432,1.51998,,7.53387,,,,3.24284,1.51998,0.26703,73f0cb14-48f0-42ce-85bb-8a4ada2a1c20,2026-05-16,16:37:17.62,2026-05-16T12:37:17.6230912-04:00,2026-05-16T16:37:17.6230912Z,GroundBall,v3,227,100,26605,"Rogers, Drew",811441,Right,GIT_YEL,f22f7b6c-2e85-4af8-b0d7-3807af1e2e67,55.1301,-114.7968,13.16447,5.7185,1.31314,-21.4344,-1.71287,2.06454,3.96709,180,3.24049,91.72233,,,,,,,,1.52022,-9.61486,,,,,,,,0.26917,-83.73446,,,,,,,,,,,,,,,,,,,,,,,,,,,,,,High,High,High,High,High,,,,26.996992,41.824743,2013.135376,0.745188,7:00,-0.650643,0.347902,0.675002,58.41271,-43.180028,-85.248835,160.528132,9.765233,0.328514,0.169612,-0.929145,10.345197,19.178616,0.169612,0.328514,0.929145,-10.345197,-19.178616,-0.169612,-0.328514,0.929145,-160.528132,-9.765233,-0.328514,-0.169612,-0.929145,65.95185,13.03314,-14.34511
53,2026-05-16,12:38:16.60,5,1,"Blakely, Jackson",831359,Right,GIT_YEL,"Gallo, Luke",828057,Right,BOC_EAG,Undefined,1,Bottom,0,0,0,Fastball,Four-Seam,BallCalled,Undefined,Undefined,Undefined,0,0,,93.47531,-0.316676,-2.702273,2352.703633,220.123391,1:15,5.68831,1.88796,6.20155,-18.00576,14.05438,10.87477,3.89519,0.29794,84.1414,-3.765818,-0.741776,0.407525,,,,,,,,,,,,-6.45095,7.69622,-1.68982,50,5.65541,5.91861,-135.53558,-1.28404,-11.82464,33.65443,-18.06679,BOC_EAG,GIT_YEL,HarringtonVillage,D1,ACC,20260516-HarringtonVillage-1,a3febcd0-5145-11f1-8d76-2da903682334,92.49119,,,9.33391,,,,,,,73f0cb14-48f0-42ce-85bb-8a4ada2a1c20,2026-05-16,16:38:16.60,2026-05-16T12:38:16.6069248-04:00,2026-05-16T16:38:16.6069248Z,,v3,227,100,26605,"Rogers, Drew",811441,Right,GIT_YEL,607acfa9-13cd-4a3e-8d75-12fe587e00fb,54.29382,-136.59761,16.82722,5.68694,-0.71391,-9.0334,-1.88248,6.29176,-5.91232,,,,,,,,,,,,,,,,,,,,,,,,,,,,,,,,,,,,,,,,,,,,,,,,,,,High,High,High,,,,,,223.186705,36.998524,1878.989142,0.798651,1:30,-0.625553,-0.549897,-0.553441,-73.707485,-27.295739,-40.649342,158.658186,-10.906071,0.357358,-0.189199,-0.914603,11.687642,-20.938029,0.189199,-0.357358,0.914603,-11.687642,20.938029,-0.189199,0.357358,0.914603,-158.658186,10.906071,-0.357358,0.189199,-0.914603,,,
54,2026-05-16,12:38:32.92,5,2,"Blakely, Jackson",831359,Right,GIT_YEL,"Gallo, Luke",828057,Right,BOC_EAG,Undefined,1,Bottom,0,1,0,Slider,Slider,BallCalled,Undefined,Undefined,Undefined,0,0,,84.10733,-1.19629,-3.302283,2402.291011,39.777826,7:15,5.53059,1.85461,5.56661,-43.02487,-2.21599,-3.07866,0.82565,-1.49021,76.20092,-9.053868,-3.851135,0.459778,,,,,,,,,,,,0.44795,-0.25555,-1.56755,50,5.39939,7.15247,-121.71173,-4.08649,0.65914,28.1401,-32.55009,BOC_EAG,GIT_YEL,HarringtonVillage,D1,ACC,20260516-HarringtonVillage-1,adbf8880-5145-11f1-8d76-2da903682334,81.97957,,,7.90641,,,,,,,73f0cb14-48f0-42ce-85bb-8a4ada2a1c20,2026-05-16,16:38:32.92,2026-05-16T12:38:32.9212416-04:00,2026-05-16T16:38:32.9212416Z,,v3,227,100,26605,"Rogers, Drew",811441,Right,GIT_YEL,0376ca55-2643-4d72-83cb-f8a1328df2f2,54.92987,-122.84624,14.07005,5.53768,-2.77418,-16.27504,-1.85538,7.1259,0.32957,,,,,,,,,,,,,,,,,,,,,,,,,,,,,,,,,,,,,,,,,,,,,,,,,,,High,High,High,,,,,,322.898672,82.219914,325.201054,0.135371,4:45,-0.981013,-0.102327,0.164752,35.349026,59.79871,68.875652,154.034417,-32.673358,0.36855,-0.539849,-0.756792,35.501727,-21.626195,0.539849,-0.36855,0.756792,-35.501727,21.626195,-0.539849,0.36855,0.756792,-154.034417,32.673358,-0.36855,0.539849,-0.756792,,,
55,2026-05-16,12:38:48.65,5,3,"Blakely, Jackson",831359,Right,GIT_YEL,"Gallo, Luke",828057,Right,BOC_EAG,Undefined,1,Bottom,0,2,0,Slider,Slider,BallCalled,Undefined,Undefined,Undefined,0,0,,84.36268,-1.604255,-2.813637,2357.11413,308.391041,4:15,5.5689,1.98594,5.68994,-40.4666,0.02181,1.90165,0.69932,-0.48001,76.11157,-9.037103,-2.473392,0.45797,,,,,,,,,,,,-1.94512,0.97736,-1.75045,50,5.4087,5.92322,-122.10681,-4.82569,-2.86853,29.24791,-30.7327,BOC_EAG,GIT_YEL,HarringtonVillage,D1,ACC,20260516-HarringtonVillage-1,b717f570-5145-11f1-8d76-2da903682334,82.30335,,,8.25111,,,,,,,73f0cb14-48f0-42ce-85bb-8a4ada2a1c20,2026-05-16,16:38:48.65,2026-05-16T12:38:48.6550016-04:00,2026-05-16T16:38:48.6550016Z,,v3,227,100,26605,"Rogers, Drew",811441,Right,GIT_YEL,2ef076da-0d21-4e1d-bd1e-ef8a5cf6b7df,54.80705,-123.25285,14.62395,5.57419,-3.62147,-15.36635,-1.98475,6.03562,-1.43427,,,,,,,,,,,,,,,,,,,,,,,,,,,,,,,,,,,,,,,,,,,,,,,,,,,High,High,High,,,,,,298.002739,80.472006,390.171873,0.165529,4:00,-0.976728,-0.173703,0.125815,98.073411,2.740199,-50.162123,165.170644,-29.855246,0.221974,-0.49781,-0.838399,30.700292,-12.825007,0.49781,-0.221974,0.838399,-30.700292,12.825007,-0.49781,0.221974,0.838399,-165.170644,29.855246,-0.221974,0.49781,-0.838399,,,
56,2026-05-16,12:39:04.10,5,4,"Blakely, Jackson",831359,Right,GIT_YEL,"Gallo, Luke",828057,Right,BOC_EAG,Undefined,1,Bottom,0,3,0,Slider,Slider,BallCalled,Walk,Undefined,Undefined,0,0,,85.003,-0.844144,-3.402296,2403.27266,323.99577,4:45,5.53882,1.86631,5.82347,-39.02825,-0.02563,0.9315,1.50025,-1.2228,77.86989,-8.004438,-3.235541,0.449488,,,,,,,,,,,,-1.46394,0.63449,-1.58845,50,5.44679,7.28891,-123.24273,-3.16858,-2.24182,25.48465,-31.20241,BOC_EAG,GIT_YEL,HarringtonVillage,D1,ACC,20260516-HarringtonVillage-1,c05141a0-5145-11f1-8d76-2da903682334,83.85637,,,7.13312,,,,,,,73f0cb14-48f0-42ce-85bb-8a4ada2a1c20,2026-05-16,16:39:04.10,2026-05-16T12:39:04.1097216-04:00,2026-05-16T16:39:04.1097216Z,,v3,227,100,26605,"Rogers, Drew",811441,Right,GIT_YEL,841c4757-5679-497e-b530-66fdfc49e6b6,54.67476,-124.20564,12.74232,5.54424,-1.98964,-15.6012,-1.86546,7.37361,-1.12091,,,,,,,,,,,,,,,,,,,,,,,,,,,,,,,,,,,,,,,,,,,,,,,,,,,High,High,High,,,,,,280.175528,79.372596,443.215039,0.184421,3:15,-0.976405,-0.195981,0.090687,-54.797495,79.688395,-15.612719,163.949395,-26.084449,0.248325,-0.439695,-0.863135,26.995048,-14.378433,0.439695,-0.248325,0.863135,-26.995048,14.378433,-0.439695,0.248325,0.863135,-163.949395,26.084449,-0.248325,0.439695,-0.863135,,,
57,2026-05-16,12:39:45.39,6,1,"Blakely, Jackson",831359,Right,GIT_YEL,"Hendrickson, Carter",830138,Right,BOC_EAG,Undefined,1,Bottom,0,0,0,ChangeUp,Changeup,StrikeCalled,Undefined,Undefined,Undefined,0,0,,85.75884,-0.257109,-3.882837,1818.65317,287.234974,3:30,5.28929,1.94249,6.1279,-41.67573,-2.90756,14.3306,1.57811,-0.45793,76.68233,-7.998046,-1.301925,0.448135,,,,,,,,,,,,-8.79378,-0.9585,-1.65252,50,5.2485,7.84339,-124.09712,-1.95717,-13.31717,31.51461,-33.62561,BOC_EAG,GIT_YEL,HarringtonVillage,D1,ACC,20260516-HarringtonVillage-1,d8e9a4a0-5145-11f1-8d76-2da903682334,84.10949,,,9.07651,,,,,,,73f0cb14-48f0-42ce-85bb-8a4ada2a1c20,2026-05-16,16:39:45.39,2026-05-16T12:39:45.3992448-04:00,2026-05-16T16:39:45.3992448Z,,v3,227,100,26605,"Rogers, Drew",811441,Right,GIT_YEL,7be85c9a-9666-463f-9ba2-076278656465,54.3689,-125.20169,15.75731,5.29645,-0.77861,-16.81281,-1.93561,8.31015,-6.65858,,,,,,,,,,,,,,,,,,,,,,,,,,,,,,,,,,,,,,,,,,,,,,,,,,,High,High,High,,,,,,252.67765,44.423749,1298.85047,0.714183,2:30,-0.709693,-0.684925,-0.164967,-18.225184,-6.665748,52.757896,90.067347,-9.113323,0.987376,-0.158388,-0.001161,89.580174,-80.88643,0.158388,-0.987376,0.001161,-89.580174,80.88643,-0.158388,0.987376,0.001161,-90.067347,9.113323,-0.987376,0.158388,-0.001161,,,
58,2026-05-16,12:40:35.13,6,2,"Blakely, Jackson",831359,Right,GIT_YEL,"Hendrickson, Carter",830138,Right,BOC_EAG,Undefined,1,Bottom,0,0,1,ChangeUp,Changeup,BallCalled,Undefined,Undefined,Undefined,0,0,,85.49119,-0.466517,-4.744068,1698.038906,272.029925,3:00,5.24563,2.04689,6.23937,-38.05199,1.06311,15.81052,1.64282,-1.02158,75.97911,-7.584795,-1.896894,0.450136,,,,,,,,,,,,-9.92264,1.22154,-1.7,50,5.19273,9.61016,-123.50908,-2.23769,-14.81781,32.21055,-30.34987,BOC_EAG,GIT_YEL,HarringtonVillage,D1,ACC,20260516-HarringtonVillage-1,f694b490-5145-11f1-8d76-2da903682334,83.73567,,,9.51208,,,,,,,73f0cb14-48f0-42ce-85bb-8a4ada2a1c20,2026-05-16,16:40:35.13,2026-05-16T12:40:35.1354880-04:00,2026-05-16T16:40:35.1354880Z,,v3,227,100,26605,"Rogers, Drew",811441,Right,GIT_YEL,52ee71c4-9355-41f0-85ed-b3418938d013,54.25546,-124.61394,16.10527,5.25163,-1.19665,-15.17494,-2.03836,10.11843,-7.40891,,,,,,,,,,,,,,,,,,,,,,,,,,,,,,,,,,,,,,,,,,,,,,,,,,,High,High,High,,,,,,254.896611,42.228634,1257.344835,0.740469,2:30,-0.679922,-0.72034,-0.137175,-3.931465,-7.289805,49.461186,90.399937,-2.825538,0.99876,-0.049295,-0.006972,81.950175,-87.14632,0.049295,-0.99876,0.006972,-81.950175,87.14632,-0.049295,0.99876,0.006972,-90.399937,2.825538,-0.99876,0.049295,-0.006972,,,
59,2026-05-16,12:40:52.41,6,3,"Blakely, Jackson",831359,Right,GIT_YEL,"Hendrickson, Carter",830138,Right,BOC_EAG,Undefined,1,Bottom,0,1,1,Fastball,Four-Seam,StrikeSwinging,Undefined,Undefined,Undefined,0,0,,93.12649,-0.990496,-2.675593,2402.44739,209.392371,1:00,5.61894,1.79206,6.16284,-17.91001,14.37143,7.45418,3.21038,-0.06013,84.09788,-4.41217,-1.332797,0.408929,,,,,,,,,,,,-4.67528,8.06493,-1.5927,50,5.53459,5.98632,-135.03962,-2.87179,-8.52755,32.76324,-17.46388,BOC_EAG,GIT_YEL,HarringtonVillage,D1,ACC,20260516-HarringtonVillage-1,00dc6380-5146-11f1-8d76-2da903682334,92.17358,,,9.02861,,,,,,,73f0cb14-48f0-42ce-85bb-8a4ada2a1c20,2026-05-16,16:40:52.41,2026-05-16T12:40:52.4140544-04:00,2026-05-16T16:40:52.4140544Z,,v3,227,100,26605,"Rogers, Drew",811441,Right,GIT_YEL,d3a3d113-e1ff-48e1-b3d8-a6d44ab69160,54.33313,-136.08686,16.38162,5.61746,-2.31358,-8.73194,-1.7884,6.25889,-4.26378,,,,,,,,,,,,,,,,,,,,,,,,,,,,,,,,,,,,,,,,,,,,,,,,,,,High,High,High,,,,,,226.009004,40.383382,1830.00726,0.761726,1:30,-0.66233,-0.559141,-0.498679,-76.736768,-29.455742,-37.161531,155.506244,-7.892144,0.410667,-0.137309,-0.901387,8.661309,-24.246752,0.137309,-0.410667,0.901387,-8.661309,24.246752,-0.137309,0.410667,0.901387,-155.506244,7.892144,-0.410667,0.137309,-0.901387,,,
60,2026-05-16,12:41:09.18,6,4,"Blakely, Jackson",831359,Right,GIT_YEL,"Hendrickson, Carter",830138,Right,BOC_EAG,Undefined,1,Bottom,0,1,2,Splitter,Slider,FoulBallNotFieldable,Undefined,Undefined,Undefined,0,0,,86.27068,-0.976012,-2.225675,3144.492592,301.050414,4:00,5.59577,1.74875,5.75777,-40.38502,-2.50122,6.18134,1.32109,0.19112,79.05238,-8.369321,-1.117487,0.442994,,,,,,,,,,,,-3.83579,-0.70047,-1.56813,50,5.48991,4.61747,-125.23207,-3.5612,-6.05949,26.53239,-33.2806,BOC_EAG,GIT_YEL,HarringtonVillage,D1,ACC,20260516-HarringtonVillage-1,0ad64090-5146-11f1-8d76-2da903682334,85.08559,,,7.21831,,,,,,,73f0cb14-48f0-42ce-85bb-8a4ada2a1c20,2026-05-16,16:41:09.18,2026-05-16T12:41:09.1860992-04:00,2026-05-16T16:41:09.1860992Z,,v3,227,100,26605,"Rogers, Drew",811441,Right,GIT_YEL,0083bcef-bb4d-435c-9d09-7153d9fbd572,54.7428,-126.23291,13.26619,5.60057,-2.30581,-16.6403,-1.74662,4.84604,-3.02975,,,,,,,,,,,,,,,,,,,,,,,,,,,,,,,,,,,,,,,,,,,,,,,,,,,High,High,High,,,,,,261.096722,50.585197,1996.533131,0.63493,2:45,-0.765014,-0.640349,-0.068608,37.512657,-8.17809,47.59077,91.341337,-8.615417,0.988445,-0.149801,-0.023144,81.217186,-81.281571,0.149801,-0.988445,0.023144,-81.217186,81.281571,-0.149801,0.988445,0.023144,-91.341337,8.615417,-0.988445,0.149801,-0.023144,,,
61,2026-05-16,12:41:28.21,6,5,"Blakely, Jackson",831359,Right,GIT_YEL,"Hendrickson, Carter",830138,Right,BOC_EAG,Undefined,1,Bottom,0,1,2,Fastball,Four-Seam,StrikeSwinging,Strikeout,Undefined,Undefined,0,0,,92.17176,-0.277354,-2.395075,2352.282207,205.376347,12:45,5.65361,1.75027,6.49423,-19.89296,12.55434,5.42705,3.74104,0.00264,83.41592,-4.078711,-1.411076,0.409978,,,,,,,,,,,,-3.56351,6.98284,-1.58455,50,5.62537,5.37267,-133.79993,-1.22113,-6.39276,31.67342,-19.6472,BOC_EAG,GIT_YEL,HarringtonVillage,D1,ACC,20260516-HarringtonVillage-1,162eea50-5146-11f1-8d76-2da903682334,91.93773,,,8.75584,,,,,,,73f0cb14-48f0-42ce-85bb-8a4ada2a1c20,2026-05-16,16:41:28.21,2026-05-16T12:41:28.2110976-04:00,2026-05-16T16:41:28.2110976Z,,v3,227,100,26605,"Rogers, Drew",811441,Right,GIT_YEL,baa0d9bf-15ba-4f35-a0ef-30630072013f,54.00188,-134.74393,15.83671,5.65303,-0.63556,-9.8236,-1.74752,5.56321,-3.19638,,,,,,,,,,,,,,,,,,,,,,,,,,,,,,,,,,,,,,,,,,,,,,,,,,,High,High,High,,,,,,223.35311,37.765699,1859.53036,0.790522,1:30,-0.633289,-0.545646,-0.548832,108.179594,25.701145,-29.790506,160.171559,0.745874,0.339176,0.013018,-0.940633,0.792877,19.826691,0.013018,0.339176,0.940633,-0.792877,-19.826691,-0.013018,-0.339176,0.940633,-160.171559,-0.745874,-0.339176,-0.013018,-0.940633,,,
62,2026-05-16,12:43:16.53,7,1,"Blakely, Jackson",831359,Right,GIT_YEL,"Gonzalez, Cesar",831498,Right,BOC_EAG,Undefined,1,Bottom,1,0,0,Splitter,Changeup,BallCalled,Undefined,Undefined,Undefined,0,0,,84.95245,-1.662826,-5.646057,1756.853752,254.066028,2:30,5.3628,2.04522,6.11988,-34.22565,5.18111,12.94343,0.96546,-2.1129,76.55638,-8.03125,-3.326706,0.451811,,,,,,,,,,,,-8.48056,3.70634,-1.61773,50,5.21758,11.5944,-122.61397,-4.67371,-12.67288,28.40563,-26.63549,BOC_EAG,GIT_YEL,HarringtonVillage,D1,ACC,20260516-HarringtonVillage-1,56cad510-5146-11f1-8d76-2da903682334,83.42526,,,8.39608,,,,,,,73f0cb14-48f0-42ce-85bb-8a4ada2a1c20,2026-05-16,16:43:16.53,2026-05-16T12:43:16.5384704-04:00,2026-05-16T16:43:16.5384704Z,,v3,227,100,26605,"Rogers, Drew",811441,Right,GIT_YEL,b9eaf135-9f53-46ab-ab48-ceb2ef881058,54.37512,-123.62338,14.20282,5.36685,-3.7272,-13.31774,-2.03775,12.04474,-6.33644,,,,,,,,,,,,,,,,,,,,,,,,,,,,,,,,,,,,,,,,,,,,,,,,,,,High,High,High,,,,,,255.458791,45.045093,1241.305107,0.70655,2:30,-0.701637,-0.704164,-0.108897,11.594615,-4.224455,46.026739,92.14793,-0.488681,0.999261,-0.008529,-0.037478,12.820549,-87.797206,0.008529,-0.999261,0.037478,-12.820549,87.797206,-0.008529,0.999261,0.037478,-92.14793,0.488681,-0.999261,0.008529,-0.037478,,,
63,2026-05-16,12:43:32.20,7,2,"Blakely, Jackson",831359,Right,GIT_YEL,"Gonzalez, Cesar",831498,Right,BOC_EAG,Undefined,1,Bottom,1,1,0,ChangeUp,Changeup,StrikeCalled,Undefined,Undefined,Undefined,0,0,,84.5562,-0.790298,-4.813211,1778.948186,264.934657,2:45,5.24948,1.99684,6.34949,-36.45104,3.12166,17.48611,1.48181,-0.98696,75.61805,-7.62218,-1.657766,0.452761,,,,,,,,,,,,-10.7626,2.38374,-1.65428,50,5.17546,9.60909,-122.24582,-2.81948,-15.85014,30.11316,-28.66348,BOC_EAG,GIT_YEL,HarringtonVillage,D1,ACC,20260516-HarringtonVillage-1,601c8b40-5146-11f1-8d76-2da903682334,83.25015,,,8.93815,,,,,,,73f0cb14-48f0-42ce-85bb-8a4ada2a1c20,2026-05-16,16:43:32.20,2026-05-16T12:43:32.2085376-04:00,2026-05-16T16:43:32.2085376Z,,v3,227,100,26605,"Rogers, Drew",811441,Right,GIT_YEL,bb546989-7c1a-408a-9dfb-dea54f59d302,54.14646,-123.263,15.05658,5.25434,-1.85127,-14.33174,-1.9879,10.14448,-7.92507,,,,,,,,,,,,,,,,,,,,,,,,,,,,,,,,,,,,,,,,,,,,,,,,,,,High,High,High,,,,,,255.910262,42.727861,1306.788191,0.734585,2:30,-0.681272,-0.721776,-0.122095,-24.163793,-2.850548,56.309853,90.299302,-79.508243,0.182092,-0.983281,-0.000951,89.944572,-10.491612,0.983281,-0.182092,0.000951,-89.944572,10.491612,-0.983281,0.182092,0.000951,-90.299302,79.508243,-0.182092,0.983281,-0.000951,,,
64,2026-05-16,12:43:48.37,7,3,"Blakely, Jackson",831359,Right,GIT_YEL,"Gonzalez, Cesar",831498,Right,BOC_EAG,Undefined,1,Bottom,1,1,1,Slider,Slider,StrikeSwinging,Undefined,Undefined,Undefined,0,0,,84.2923,-0.782773,-4.098503,2491.860263,28.261866,7:00,5.55921,1.958,5.71012,-41.88983,-1.71764,-1.66016,1.33721,-2.00525,76.80922,-8.444922,-4.394633,0.456178,,,,,,,,,,,,-0.43705,-0.18571,-1.6133,50,5.46786,8.81121,-122.00966,-3.14234,-0.65127,26.57476,-32.45077,BOC_EAG,GIT_YEL,HarringtonVillage,D1,ACC,20260516-HarringtonVillage-1,69c49ed0-5146-11f1-8d76-2da903682334,82.62665,,,7.48308,,,,,,,73f0cb14-48f0-42ce-85bb-8a4ada2a1c20,2026-05-16,16:43:48.37,2026-05-16T12:43:48.3761664-04:00,2026-05-16T16:43:48.3761664Z,,v3,227,100,26605,"Rogers, Drew",811441,Right,GIT_YEL,c296a02b-c1e0-41c6-8b44-25a303689d81,54.78725,-123.04795,13.28738,5.56587,-1.87448,-16.22538,-1.95805,8.83665,-0.32564,,,,,,,,,,,,,,,,,,,,,,,,,,,,,,,,,,,,,,,,,,,,,,,,,,,High,High,High,,,,,,293.710284,80.960366,391.515257,0.157118,3:45,-0.978487,-0.157334,0.133454,21.469924,68.387638,59.073453,155.406268,-30.456289,0.358755,-0.506881,-0.783815,32.890101,-21.023756,0.506881,-0.358755,0.783815,-32.890101,21.023756,-0.506881,0.358755,0.783815,-155.406268,30.456289,-0.358755,0.506881,-0.783815,,,
65,2026-05-16,12:44:06.83,7,4,"Blakely, Jackson",831359,Right,GIT_YEL,"Gonzalez, Cesar",831498,Right,BOC_EAG,Undefined,1,Bottom,1,1,2,Splitter,Splitter,StrikeSwinging,Strikeout,Undefined,Undefined,0,0,,85.3674,-1.886475,-3.100363,781.802116,315.274376,4:30,5.61033,1.82377,5.62258,-47.79806,-7.65725,9.21819,-0.13647,-0.30406,76.35903,-10.615842,-1.450058,0.456,,,,,,,,,,,,-5.93335,-2.83406,-1.56551,50,5.41833,6.30359,-123.4016,-5.79054,-8.81534,32.89434,-36.38466,BOC_EAG,GIT_YEL,HarringtonVillage,D1,ACC,20260516-HarringtonVillage-1,74bfbf40-5146-11f1-8d76-2da903682334,82.65892,,,9.00837,,,,,,,73f0cb14-48f0-42ce-85bb-8a4ada2a1c20,2026-05-16,16:44:06.83,2026-05-16T12:44:06.8349952-04:00,2026-05-16T16:44:06.8349952Z,,v3,227,100,26605,"Rogers, Drew",811441,Right,GIT_YEL,30959248-aca8-4ffe-80f3-cececdf76bdf,54.87568,-124.6945,16.44717,5.61782,-4.36045,-18.19233,-1.82008,6.65008,-4.40767,,,,,,,,,,,,,,,,,,,,,,,,,,,,,,,,,,,,,,,,,,,,,,,,,,,High,High,High,,,,,,290.84211,53.077762,469.65242,0.600731,3:45,-0.767834,-0.587434,0.255639,46.248523,-9.134924,49.915723,106.272863,-63.007894,0.435685,-0.891069,-0.127179,81.87723,-25.828885,0.891069,-0.435685,0.127179,-81.87723,25.828885,-0.891069,0.435685,0.127179,-106.272863,63.007894,-0.435685,0.891069,-0.127179,,,
66,2026-05-16,12:44:32.96,8,1,"Blakely, Jackson",831359,Right,GIT_YEL,"Williams, Ben",831962,Right,BOC_EAG,Undefined,1,Bottom,2,0,0,ChangeUp,Changeup,StrikeCalled,Undefined,Undefined,Undefined,0,0,,85.26591,0.515245,-2.679022,1639.032084,277.276226,3:15,5.28532,2.00856,5.95556,-39.53707,-0.13858,13.31115,2.46892,0.63157,76.0995,-6.840281,-0.287359,0.451764,,,,,,,,,,,,-7.74276,0.23032,-1.80281,50,5.30479,5.22086,-123.45252,-0.23418,-11.61089,31.05678,-31.82865,BOC_EAG,GIT_YEL,HarringtonVillage,D1,ACC,20260516-HarringtonVillage-1,84530570-5146-11f1-8d76-2da903682334,83.434,,,9.16642,,,,,,,73f0cb14-48f0-42ce-85bb-8a4ada2a1c20,2026-05-16,16:44:32.96,2026-05-16T12:44:32.9672704-04:00,2026-05-16T16:44:32.9672704Z,,v3,227,100,26605,"Rogers, Drew",811441,Right,GIT_YEL,d99b4282-239e-4fe7-8d33-02a3137e0eaa,54.53957,-124.5893,15.52839,5.29204,0.93085,-15.91433,-2.00169,5.64586,-5.80544,,,,,,,,,,,,,,,,,,,,,,,,,,,,,,,,,,,,,,,,,,,,,,,,,,,High,High,High,,,,,,256.419227,39.895756,1257.486166,0.767213,2:30,-0.655785,-0.739963,-0.149665,3.851514,-10.419795,51.575669,116.101887,-86.422006,0.056042,-0.998051,-0.027457,88.424143,-3.21268,0.998051,-0.056042,0.027457,-88.424143,3.21268,-0.998051,0.056042,0.027457,-116.101887,86.422006,-0.056042,0.998051,-0.027457,,,
67,2026-05-16,12:44:45.67,8,2,"Blakely, Jackson",831359,Right,GIT_YEL,"Williams, Ben",831962,Right,BOC_EAG,Undefined,1,Bottom,2,0,1,Slider,Slider,BallCalled,Undefined,Undefined,Undefined,0,0,,83.81722,-1.489021,-3.633193,2422.745302,13.112779,6:30,5.50977,1.96422,5.78159,-41.24719,-0.51331,-0.46173,0.68402,-1.45913,76.02491,-9.055229,-3.715801,0.459356,,,,,,,,,,,,-0.96461,0.68768,-1.66393,50,5.36226,7.72061,-121.29447,-4.57455,-1.41165,27.64063,-31.16768,BOC_EAG,GIT_YEL,HarringtonVillage,D1,ACC,20260516-HarringtonVillage-1,8be61bb0-5146-11f1-8d76-2da903682334,82.05499,,,7.79231,,,,,,,73f0cb14-48f0-42ce-85bb-8a4ada2a1c20,2026-05-16,16:44:45.67,2026-05-16T12:44:45.6796160-04:00,2026-05-16T16:44:45.6796160Z,,v3,227,100,26605,"Rogers, Drew",811441,Right,GIT_YEL,8df731fe-0164-4f06-9320-942607037ca7,54.71493,-122.3642,13.82032,5.51596,-3.36832,-15.58384,-1.96378,7.77524,-0.70583,,,,,,,,,,,,,,,,,,,,,,,,,,,,,,,,,,,,,,,,,,,,,,,,,,,High,High,High,,,,,,303.724511,82.927053,298.319718,0.123133,4:00,-0.983073,-0.128165,0.130923,18.307352,77.437686,56.047918,161.612425,-30.930881,0.270583,-0.514004,-0.813993,32.270749,-15.698988,0.514004,-0.270583,0.813993,-32.270749,15.698988,-0.514004,0.270583,0.813993,-161.612425,30.930881,-0.270583,0.514004,-0.813993,,,
68,2026-05-16,12:45:03.32,8,3,"Blakely, Jackson",831359,Right,GIT_YEL,"Williams, Ben",831962,Right,BOC_EAG,Undefined,1,Bottom,2,1,1,ChangeUp,Changeup,InPlay,Undefined,GroundBall,FieldersChoice,1,0,,84.58777,-0.124534,-3.27647,1940.784751,251.958093,2:30,5.27558,1.98023,6.06483,-33.87022,5.57429,12.71387,2.33762,0.00417,76.30769,-6.448904,-0.990019,0.452027,71.2426,-60.585285,-61.620476,,,,,3.82744,3.82744,-19.455328,0.027443,-7.66567,3.29764,-1.73286,50,5.2479,6.52281,-122.59477,-1.34015,-11.46786,28.08206,-27.2408,BOC_EAG,GIT_YEL,HarringtonVillage,D1,ACC,20260516-HarringtonVillage-1,9665a380-5146-11f1-8d76-2da903682334,83.38533,2.50679,,8.28008,,,,2.93712,2.50679,-0.03132,73f0cb14-48f0-42ce-85bb-8a4ada2a1c20,2026-05-16,16:45:03.32,2026-05-16T12:45:03.3201152-04:00,2026-05-16T16:45:03.3201152Z,GroundBall,v3,227,100,26605,"Rogers, Drew",811441,Right,GIT_YEL,e65b95f4-635d-402a-9722-7eb6efd9257e,54.43336,-123.60612,14.04103,5.2785,-0.35909,-13.6204,-1.97521,6.93582,-5.73393,,2.93674,24.47902,,,,,,,,2.50823,-91.34503,,,,,,,,-0.0306,-45.3117,,,,,,,,,,,,,,,,,,,,,,,,,,,,,,High,High,High,Estimated,Estimated,,,,254.532557,47.475699,1311.781949,0.675903,2:30,-0.744673,-0.653023,-0.137921,-12.224043,-7.714544,44.06466,97.668458,-87.230363,0.047888,-0.998832,-0.006448,89.630135,-2.744848,0.998832,-0.047888,0.006448,-89.630135,2.744848,-0.998832,0.047888,0.006448,-97.668458,87.230363,-0.047888,0.998832,-0.006448,77.55726,13.81707,-3.56123
69,2026-05-16,12:47:41.68,1,1,"Kipp, Kyle",822339,Right,BOC_EAG,"Rogers, Drew",811441,Right,GIT_YEL,Undefined,2,Top,0,0,0,Sinker,Sinker,InPlay,Undefined,GroundBall,Out,1,0,,93.87559,-1.491256,-3.434799,2208.775178,251.572118,2:30,5.77649,2.20745,5.8975,-24.15175,7.89926,20.36678,2.37659,0.71206,85.0735,-6.001482,0.21718,0.407467,66.92643,-60.091008,-92.444424,,,,,2.21729,1.42271,-63.801492,0.031,-11.49587,4.8241,-1.94265,50,5.64252,7.25876,-136.05272,-4.40059,-21.33447,32.60377,-23.2213,BOC_EAG,GIT_YEL,HarringtonVillage,D1,ACC,20260516-HarringtonVillage-1,f4c667c0-5146-11f1-8d76-2da903682334,92.50431,2.649,,8.80209,,,,1.04389,2.649,-0.4671,73f0cb14-48f0-42ce-85bb-8a4ada2a1c20,2026-05-16,16:47:41.68,2026-05-16T12:47:41.6896512-04:00,2026-05-16T16:47:41.6896512Z,GroundBall,v3,227,100,26605,"Gonzalez, Cesar",831498,Right,BOC_EAG,0993e80b-68f3-4b95-949c-f4c923691b80,54.60159,-137.15101,16.30189,5.77758,-3.61835,-11.61065,-2.19927,7.97743,-10.66723,,1.04393,-2.09644,,,,,,,,2.65082,-85.45088,,,,,,,,-0.46606,-49.10955,,,,,,,,,,,,,,,,,,,,,,,,,,,,,,High,High,High,Low,Low,,,,233.760046,-8.114985,2186.658211,0.989987,1:45,0.126537,-0.794528,-0.593897,-86.866558,-35.798855,-50.674318,154.496481,59.833561,0.216366,0.864569,-0.453548,62.318754,12.495653,0.864569,0.216366,0.453548,-62.318754,-12.495653,-0.864569,-0.216366,0.453548,-154.496481,-59.833561,-0.216366,-0.864569,-0.453548,76.92656,-1.88041,10.29784
70,2026-05-16,12:48:16.89,2,1,"Kipp, Kyle",822339,Right,BOC_EAG,"Kerce, Carson",812668,Right,GIT_YEL,Undefined,2,Top,1,0,0,ChangeUp,Changeup,BallCalled,Undefined,Undefined,Undefined,0,0,,79.91997,1.415539,-2.741956,1627.798239,227.808047,1:30,5.46803,2.24347,6.19844,-31.56427,11.80363,11.49197,4.14616,0.66803,72.84745,-4.515893,-0.67113,0.473975,,,,,,,,,,,,-6.66906,6.13929,-2.04244,50,5.55881,5.12394,-115.971,1.97371,-9.06759,22.01948,-23.82679,BOC_EAG,GIT_YEL,HarringtonVillage,D1,ACC,20260516-HarringtonVillage-1,09cb43c0-5147-11f1-8d76-2da903682334,79.52408,,,7.07251,,,,,,,73f0cb14-48f0-42ce-85bb-8a4ada2a1c20,2026-05-16,16:48:16.89,2026-05-16T12:48:16.8924672-04:00,2026-05-16T16:48:16.8924672Z,,v3,227,100,26605,"Gonzalez, Cesar",831498,Right,BOC_EAG,191fce06-2aab-4313-9b3d-40627d52d88f,54.29792,-116.7842,11.00974,5.46968,2.85366,-11.9134,-2.23786,5.45882,-4.53379,,,,,,,,,,,,,,,,,,,,,,,,,,,,,,,,,,,,,,,,,,,,,,,,,,,High,High,High,,,,,,251.815875,42.002203,1209.647951,0.743119,2:30,-0.696704,-0.689261,-0.198805,-4.676527,-6.35363,61.644325,94.194697,-17.00458,0.95372,-0.292448,-0.069948,76.548643,-72.500533,0.292448,-0.95372,0.069948,-76.548643,72.500533,-0.292448,0.95372,0.069948,-94.194697,17.00458,-0.95372,0.292448,-0.069948,,,
71,2026-05-16,12:48:41.89,2,2,"Kipp, Kyle",822339,Right,BOC_EAG,"Kerce, Carson",812668,Right,GIT_YEL,Undefined,2,Top,1,1,0,Sinker,Sinker,BallCalled,Undefined,Undefined,Undefined,0,0,,93.55002,-0.338532,-2.683624,2117.796289,242.153684,2:00,5.88843,2.15007,6.11278,-21.52678,10.36347,17.57792,3.78117,1.13174,84.82546,-4.400431,0.481814,0.406444,,,,,,,,,,,,-9.77548,5.76981,-1.95258,50,5.85125,5.57733,-135.7437,-1.51022,-18.10659,31.7381,-21.48697,BOC_EAG,GIT_YEL,HarringtonVillage,D1,ACC,20260516-HarringtonVillage-1,18a4d6e0-5147-11f1-8d76-2da903682334,92.7372,,,8.72455,,,,,,,73f0cb14-48f0-42ce-85bb-8a4ada2a1c20,2026-05-16,16:48:41.89,2026-05-16T12:48:41.8957312-04:00,2026-05-16T16:48:41.8957312Z,,v3,227,100,26605,"Gonzalez, Cesar",831498,Right,BOC_EAG,f8f18b1d-9d62-489b-a1fd-47c6b693b118,54.3841,-136.7649,15.86905,5.88872,-0.81886,-10.74348,-2.1414,6.15992,-9.05329,,,,,,,,,,,,,,,,,,,,,,,,,,,,,,,,,,,,,,,,,,,,,,,,,,,High,High,High,,,,,,233.027153,-0.707791,2117.634699,0.999924,1:45,-0.011104,-0.798773,-0.60153,-82.324255,-37.802198,-68.910754,152.611513,61.825479,0.217203,0.881514,-0.419234,64.564998,12.544813,0.881514,0.217203,0.419234,-64.564998,-12.544813,-0.881514,-0.217203,0.419234,-152.611513,-61.825479,-0.217203,-0.881514,-0.419234,,,
72,2026-05-16,12:48:57.21,2,3,"Kipp, Kyle",822339,Right,BOC_EAG,"Kerce, Carson",812668,Right,GIT_YEL,Undefined,2,Top,1,2,0,Sinker,Sinker,StrikeCalled,Undefined,Undefined,Undefined,0,0,,92.33368,-1.948562,-3.929026,2140.107064,248.469638,2:15,5.51677,2.49996,6.06532,-24.49375,8.63272,18.82666,1.66739,0.42702,83.33138,-6.544434,-0.545173,0.414247,,,,,,,,,,,,-10.94138,5.42311,-2.20478,50,5.35239,8.36366,-133.66904,-5.37852,-19.50463,32.76772,-22.50657,BOC_EAG,GIT_YEL,HarringtonVillage,D1,ACC,20260516-HarringtonVillage-1,21d4ad30-5147-11f1-8d76-2da903682334,90.99033,,,9.0023,,,,,,,73f0cb14-48f0-42ce-85bb-8a4ada2a1c20,2026-05-16,16:48:57.21,2026-05-16T12:48:57.2106752-04:00,2026-05-16T16:48:57.2106752Z,,v3,227,100,26605,"Gonzalez, Cesar",831498,Right,BOC_EAG,6f849764-dc2e-4bca-bb58-4cb1cd69beba,54.43243,-134.75123,16.38386,5.51775,-4.63521,-11.25329,-2.49164,9.00782,-9.75231,,,,,,,,,,,,,,,,,,,,,,,,,,,,,,,,,,,,,,,,,,,,,,,,,,,High,High,High,,,,,,241.446951,-4.910179,2132.253098,0.99633,2:00,0.0824,-0.871735,-0.482999,-99.386909,-33.692269,-42.482866,149.095915,57.959938,0.272472,0.847677,-0.455194,61.764639,15.811437,0.847677,0.272472,0.455194,-61.764639,-15.811437,-0.847677,-0.272472,0.455194,-149.095915,-57.959938,-0.272472,-0.847677,-0.455194,,,
73,2026-05-16,12:49:17.08,2,4,"Kipp, Kyle",822339,Right,BOC_EAG,"Kerce, Carson",812668,Right,GIT_YEL,Undefined,2,Top,1,2,1,Sinker,Sinker,FoulBallNotFieldable,Undefined,Undefined,Undefined,0,0,,93.59815,-1.323392,-4.392051,2219.922954,241.213255,2:00,5.88884,2.10932,6.02274,-20.373,11.92536,19.55859,2.96154,-0.33667,84.2776,-5.182111,-0.884628,0.409036,76.58546,34.216321,146.213647,4405.04882,,,,,42.68227,,,-11.43331,6.89048,-1.7754,50,5.77399,9.53486,-135.45129,-3.79874,-20.93831,33.52257,-19.55522,BOC_EAG,GIT_YEL,HarringtonVillage,D1,ACC,20260516-HarringtonVillage-1,2da79000-5147-11f1-8d76-2da903682334,92.14943,27.60468,,9.32055,,,,0.26243,3.02882,0.16976,73f0cb14-48f0-42ce-85bb-8a4ada2a1c20,2026-05-16,16:49:17.08,2026-05-16T12:49:17.0801152-04:00,2026-05-16T16:49:17.0801152Z,,v3,227,100,26605,"Gonzalez, Cesar",831498,Right,BOC_EAG,2995afd4-1396-4bcf-b166-5a0e95c3f826,54.47484,-136.55427,16.76129,5.88839,-3.15533,-9.77761,-2.10046,10.22378,-10.46915,,0.26243,-77.19744,5.00748,1.83754,-0.87791,0.32396,-0.09913,0.0323,-0.00784,3.02882,63.16257,-30.33962,4.67223,-1.01465,0.20714,-0.04306,0.01137,-0.00274,0.16976,51.65256,-21.47388,5.32123,-1.32093,0.29617,-0.06911,0.01759,-0.00353,,,,,,,,,,,,,,,,,,,,,,,High,High,High,High,Undefined,,,,228.0223,-1.000669,2219.584396,0.999847,1:30,-0.016688,-0.74269,-0.669427,-89.36327,-39.868832,-58.031952,173.436129,65.141176,0.048054,0.907346,-0.417628,65.284598,2.754374,0.907346,0.048054,0.417628,-65.284598,-2.754374,-0.907346,-0.048054,0.417628,-173.436129,-65.141176,-0.048054,-0.907346,-0.417628,77.12447,4.9622,16.93711
74,2026-05-16,12:49:41.58,2,5,"Kipp, Kyle",822339,Right,BOC_EAG,"Kerce, Carson",812668,Right,GIT_YEL,Undefined,2,Top,1,2,2,Sweeper,Curveball,BallCalled,Undefined,Undefined,Undefined,0,0,,81.41224,1.801577,-0.08497,1898.049004,75.777706,8:30,5.19124,2.46802,5.9771,-44.11833,-2.0176,-13.20111,3.18532,1.28916,74.43103,-6.344957,-2.458995,0.466999,,,,,,,,,,,,6.69044,-1.07382,-2.4544,50,5.30981,0.69356,-118.25817,2.26926,9.44268,23.25882,-33.68962,BOC_EAG,GIT_YEL,HarringtonVillage,D1,ACC,20260516-HarringtonVillage-1,3c450480-5147-11f1-8d76-2da903682334,80.71199,,,6.98121,,,,,,,73f0cb14-48f0-42ce-85bb-8a4ada2a1c20,2026-05-16,16:49:41.58,2026-05-16T12:49:41.5847936-04:00,2026-05-16T16:49:41.5847936Z,,v3,227,100,26605,"Gonzalez, Cesar",831498,Right,BOC_EAG,2905aa6b-acee-460c-b59b-5e114bdd0c7e,54.52166,-119.14416,11.62941,5.19893,3.55259,-16.84481,-2.47397,0.33386,4.72134,,,,,,,,,,,,,,,,,,,,,,,,,,,,,,,,,,,,,,,,,,,,,,,,,,,High,High,High,,,,,,43.734568,57.229159,1027.37665,0.54128,7:30,-0.828082,0.400447,0.392331,-8.701746,33.703757,76.983559,124.802323,-2.782423,0.820158,-0.048543,-0.570074,4.867151,-55.100616,0.048543,-0.820158,0.570074,-4.867151,55.100616,-0.048543,0.820158,0.570074,-124.802323,2.782423,-0.820158,0.048543,-0.570074,,,
75,2026-05-16,12:50:01.05,2,6,"Kipp, Kyle",822339,Right,BOC_EAG,"Kerce, Carson",812668,Right,GIT_YEL,Undefined,2,Top,1,3,2,Sinker,Sinker,FoulBallNotFieldable,Undefined,Undefined,Undefined,0,0,,93.54855,-1.309139,-2.902412,2214.250244,237.515114,2:00,5.86078,2.10594,6.14237,-18.68509,13.18135,19.00269,3.09215,1.00507,84.88293,-4.85757,0.521114,0.406292,67.86728,34.324422,168.242494,4305.831053,,,,,43.82351,,,-10.71123,7.52532,-1.8944,50,5.75129,6.06755,-135.7334,-3.68743,-19.82875,31.84538,-18.24304,BOC_EAG,GIT_YEL,HarringtonVillage,D1,ACC,20260516-HarringtonVillage-1,47d40080-5147-11f1-8d76-2da903682334,92.77183,26.95493,,8.66562,,,,1.22293,3.17437,-1.00175,73f0cb14-48f0-42ce-85bb-8a4ada2a1c20,2026-05-16,16:50:01.05,2026-05-16T12:50:01.0579456-04:00,2026-05-16T16:50:01.0579456Z,,v3,227,100,26605,"Gonzalez, Cesar",831498,Right,BOC_EAG,2c21bc6d-ea06-4a25-afea-514baca586ce,54.3567,-136.75174,15.92269,5.85987,-3.10407,-9.12152,-2.09856,6.70163,-9.91437,312.975428,1.22293,-80.47992,4.90261,0.42446,-0.14237,0.18854,-0.30768,0.34561,-0.15827,3.17437,56.1276,-27.34695,3.1163,-0.71562,0.39652,-0.6072,0.67703,-0.30581,-1.00175,16.75085,-8.95859,1.59722,-0.37309,0.16979,-0.24372,0.2683,-0.12098,,,,,,,,,,,,,,,,,,,,,,,High,High,High,High,Undefined,,,,232.779113,-7.924853,2193.103606,0.99045,1:45,0.125322,-0.785349,-0.606236,-72.053145,-44.653117,-63.996418,167.448949,57.962603,0.115277,0.847702,-0.517796,58.582457,6.619585,0.847702,0.115277,0.517796,-58.582457,-6.619585,-0.847702,-0.115277,0.517796,-167.448949,-57.962603,-0.115277,-0.847702,-0.517796,,,
76,2026-05-16,12:50:28.63,2,7,"Kipp, Kyle",822339,Right,BOC_EAG,"Kerce, Carson",812668,Right,GIT_YEL,Undefined,2,Top,1,3,2,Sinker,Sinker,InPlay,Undefined,Popup,Out,1,0,,91.91792,-2.113394,-4.233779,2165.038909,239.534398,2:00,5.7943,2.02926,5.92138,-19.56851,14.62686,22.42922,2.19618,-0.0376,81.48202,-5.862259,-0.216712,0.420877,77.84258,59.965321,30.447743,,83.44586,97.7216,71.67136,142.68606,69.10226,41.643681,5.458585,-12.99383,8.6567,-1.7024,50,5.61386,8.81607,-132.73727,-5.5103,-22.45818,36.68071,-17.21203,BOC_EAG,GIT_YEL,HarringtonVillage,D1,ACC,20260516-HarringtonVillage-1,584aa1d0-5147-11f1-8d76-2da903682334,89.55688,119.67826,,10.4359,,,,1.27409,2.1325,0.0038,73f0cb14-48f0-42ce-85bb-8a4ada2a1c20,2026-05-16,16:50:28.63,2026-05-16T12:50:28.6342144-04:00,2026-05-16T16:50:28.6342144Z,Popup,v3,227,100,26605,"Gonzalez, Cesar",831498,Right,BOC_EAG,d4492a4e-9542-4348-9c48-785493a7347f,54.57368,-133.9952,18.34035,5.79271,-4.92003,-8.60601,-2.01795,9.58626,-11.22909,190.685732,1.27947,49.14027,-18.02936,5.0011,-0.59071,-0.11745,0.05963,-0.00904,0.00049,2.11881,99.07767,-25.86755,3.34304,-0.93195,0.22645,-0.03011,0.00116,5E-05,0.00898,28.85901,-5.1866,0.7597,0.19913,-0.14668,0.0365,-0.00426,0.00019,,,,,,,,,,,,,,,,,,,,,,,High,High,High,Medium,Low,,,,236.211874,-7.206303,2147.937066,0.992101,1:45,0.114606,-0.819348,-0.561724,-98.769665,-33.095562,-35.855102,159.767077,59.898718,0.173448,0.86514,-0.470583,61.456537,9.988346,0.86514,0.173448,0.470583,-61.456537,-9.988346,-0.86514,-0.173448,0.470583,-159.767077,-59.898718,-0.173448,-0.86514,-0.470583,,,
77,2026-05-16,12:51:04.57,3,1,"Kipp, Kyle",822339,Right,BOC_EAG,"Burress, Drew",806039,Right,GIT_YEL,Undefined,2,Top,2,0,0,Sweeper,Curveball,BallCalled,Undefined,Undefined,Undefined,0,0,,78.51263,3.325262,0.127112,1657.937576,73.615077,8:30,5.15819,2.30995,5.45058,-48.78699,-1.9787,-12.33296,4.20915,1.40121,70.79012,-5.635739,-2.066515,0.492417,,,,,,,,,,,,6.17233,-1.48618,-2.31269,50,5.41896,0.2525,-113.66714,4.93613,7.96169,23.56953,-34.09107,BOC_EAG,GIT_YEL,HarringtonVillage,D1,ACC,20260516-HarringtonVillage-1,6dbf0880-5147-11f1-8d76-2da903682334,76.54579,,,7.72251,,,,,,,73f0cb14-48f0-42ce-85bb-8a4ada2a1c20,2026-05-16,16:51:04.57,2026-05-16T12:51:04.5713408-04:00,2026-05-16T16:51:04.5713408Z,,v3,227,100,26605,"Gonzalez, Cesar",831498,Right,BOC_EAG,d590ae87-cec6-40de-9007-f8a27c9de5a6,55.04602,-114.70869,11.78477,5.16754,6.44262,-17.04554,-2.31607,-0.09933,3.98084,,,,,,,,,,,,,,,,,,,,,,,,,,,,,,,,,,,,,,,,,,,,,,,,,,,High,High,High,,,,,,44.087794,45.284211,1166.509206,0.703591,7:30,-0.682134,0.529924,0.503859,-5.703543,-10.124189,51.61377,125.645511,4.624418,0.809993,0.080624,-0.580872,7.902045,54.095214,0.080624,0.809993,0.580872,-7.902045,-54.095214,-0.080624,-0.809993,0.580872,-125.645511,-4.624418,-0.809993,-0.080624,-0.580872,,,
78,2026-05-16,12:51:28.34,3,2,"Kipp, Kyle",822339,Right,BOC_EAG,"Burress, Drew",806039,Right,GIT_YEL,Undefined,2,Top,2,1,0,Sinker,Sinker,BallCalled,Undefined,Undefined,Undefined,0,0,,93.31979,-0.748577,-2.60046,2196.48624,249.096974,2:15,5.73094,2.17567,5.862,-24.13592,8.18004,18.58895,3.02343,1.30727,84.80914,-5.253939,0.73279,0.409147,,,,,,,,,,,,-10.17481,4.73788,-1.9751,50,5.65631,5.29698,-135.38212,-2.62678,-18.77329,31.1709,-23.4323,BOC_EAG,GIT_YEL,HarringtonVillage,D1,ACC,20260516-HarringtonVillage-1,7be7c230-5147-11f1-8d76-2da903682334,92.12434,,,8.51066,,,,,,,73f0cb14-48f0-42ce-85bb-8a4ada2a1c20,2026-05-16,16:51:28.34,2026-05-16T12:51:28.3461120-04:00,2026-05-16T16:51:28.3461120Z,,v3,227,100,26605,"Gonzalez, Cesar",831498,Right,BOC_EAG,cc91ad73-f257-4105-9aef-8ddf9d8ddaef,54.63538,-136.44521,15.58545,5.73227,-1.82761,-11.71615,-2.16667,5.93724,-9.38664,,,,,,,,,,,,,,,,,,,,,,,,,,,,,,,,,,,,,,,,,,,,,,,,,,,High,High,High,,,,,,236.110714,-4.25381,2190.435481,0.997245,1:45,0.059668,-0.82679,-0.559337,77.678895,46.60528,-58.018601,171.390608,65.524788,0.06202,0.910141,-0.409631,65.768702,3.555742,0.910141,0.06202,0.409631,-65.768702,-3.555742,-0.910141,-0.06202,0.409631,-171.390608,-65.524788,-0.06202,-0.910141,-0.409631,,,
79,2026-05-16,12:51:47.37,3,3,"Kipp, Kyle",822339,Right,BOC_EAG,"Burress, Drew",806039,Right,GIT_YEL,Undefined,2,Top,2,2,0,Sinker,Sinker,InPlay,Undefined,Popup,Out,1,0,,93.71904,-2.014457,-3.538796,2244.345653,240.322785,2:00,5.82373,2.0001,5.95076,-19.47844,12.92812,20.53529,2.32788,0.42513,84.12343,-5.712476,0.145362,0.409721,82.0798,75.045283,47.777513,,,,,,39.17322,,,-11.70953,7.64973,-1.7299,50,5.65245,7.47024,-135.64711,-5.408,-21.40013,34.96248,-18.19351,BOC_EAG,GIT_YEL,HarringtonVillage,D1,ACC,20260516-HarringtonVillage-1,8746ad80-5147-11f1-8d76-2da903682334,91.99541,111.74936,,9.5956,,,,1.59494,2.34569,-0.4247,73f0cb14-48f0-42ce-85bb-8a4ada2a1c20,2026-05-16,16:51:47.37,2026-05-16T12:51:47.3793536-04:00,2026-05-16T16:51:47.3793536Z,,v3,227,100,26605,"Gonzalez, Cesar",831498,Right,BOC_EAG,45cb92cb-2577-47e1-b4da-4b7c989c4c6f,54.54665,-136.81397,17.48124,5.82281,-4.80079,-9.09675,-1.99113,8.18447,-10.70007,,1.59494,20.87644,-17.5945,6.96365,-2.06815,0.55914,-0.13604,0.02533,-0.00252,2.34569,116.30614,-32.84397,4.175,-0.52285,0.0062,0.01936,-0.00611,0.00075,-0.4247,23.00537,-9.9494,3.43435,-0.94197,0.24061,-0.05615,0.01017,-0.001,,,,,,,,,,,,,,,,,,,,,,,High,High,High,Low,Undefined,,,,233.939286,-8.670284,2218.69773,0.988572,1:45,0.142487,-0.793363,-0.591839,-89.878817,-38.426602,-51.370917,154.122426,64.590115,0.187277,0.903261,-0.386065,66.857515,10.793893,0.903261,0.187277,0.386065,-66.857515,-10.793893,-0.903261,-0.187277,0.386065,-154.122426,-64.590115,-0.187277,-0.903261,-0.386065,79.46539,16.39339,-11.83998
80,2026-05-16,12:54:01.40,1,1,"Blakely, Jackson",831359,Right,GIT_YEL,"Larson, Colin",831502,Left,BOC_EAG,Undefined,2,Bottom,0,0,0,Slider,Slider,StrikeCalled,Undefined,Undefined,Undefined,0,0,,85.15919,-0.158862,-2.296391,2504.154344,44.303886,7:30,5.52611,1.94216,5.58627,-38.27534,0.97169,-0.32244,2.18803,-0.23026,77.65261,-7.180619,-2.353927,0.450894,,,,,,,,,,,,-0.52386,0.93425,-1.74464,50,5.48761,4.96654,-123.51213,-1.70811,-0.80335,26.26904,-30.74133,BOC_EAG,GIT_YEL,HarringtonVillage,D1,ACC,20260516-HarringtonVillage-1,d72881c0-5147-11f1-8d76-2da903682334,83.59482,,,7.50657,,,,,,,73f0cb14-48f0-42ce-85bb-8a4ada2a1c20,2026-05-16,16:54:01.40,2026-05-16T12:54:01.4045696-04:00,2026-05-16T16:54:01.4045696Z,,v3,227,100,26605,"Rogers, Drew",811441,Right,GIT_YEL,c0ef008b-7fe0-4578-92d4-50e5eacc44df,54.91156,-124.55236,13.13452,5.53115,-0.49078,-15.37067,-1.94194,4.99835,-0.40168,,,,,,,,,,,,,,,,,,,,,,,,,,,,,,,,,,,,,,,,,,,,,,,,,,,High,High,High,,,,,,259.903955,79.022452,476.851895,0.190424,2:45,-0.981728,-0.190197,0.00596,-26.734295,73.769404,4.617737,162.509775,-19.267699,0.283709,-0.329982,-0.900345,20.128213,-16.481683,0.329982,-0.283709,0.900345,-20.128213,16.481683,-0.329982,0.283709,0.900345,-162.509775,19.267699,-0.283709,0.329982,-0.900345,,,
81,2026-05-16,12:54:15.47,1,2,"Blakely, Jackson",831359,Right,GIT_YEL,"Larson, Colin",831502,Left,BOC_EAG,Undefined,2,Bottom,0,0,1,ChangeUp,Changeup,FoulBallNotFieldable,Undefined,Undefined,Undefined,0,0,,84.74491,-0.402529,-3.599065,1721.797099,289.264295,3:45,5.28355,2.08548,6.1927,-43.33943,-3.18256,14.1617,1.29956,-0.06152,74.81144,-8.489561,-1.043208,0.456091,,,,,,,,,,,,-8.8163,-1.01528,-1.82112,50,5.23197,7.14328,-122.51146,-2.27842,-12.80735,34.14137,-33.64894,BOC_EAG,GIT_YEL,HarringtonVillage,D1,ACC,20260516-HarringtonVillage-1,df87e8b0-5147-11f1-8d76-2da903682334,82.64242,,,9.93347,,,,,,,73f0cb14-48f0-42ce-85bb-8a4ada2a1c20,2026-05-16,16:54:15.47,2026-05-16T12:54:15.4789376-04:00,2026-05-16T16:54:15.4789376Z,,v3,227,100,26605,"Rogers, Drew",811441,Right,GIT_YEL,ab3edddb-4979-4fc2-b6c5-4311d32b7823,54.3026,-123.70469,17.07069,5.29105,-1.10239,-16.82447,-2.07859,7.59089,-6.40367,,,,,,,,,,,,,,,,,,,,,,,,,,,,,,,,,,,,,,,,,,,,,,,,,,,High,High,High,,,,,,255.575135,42.408313,1271.30179,0.738357,2:30,-0.679595,-0.719801,-0.14155,-19.33325,-8.211714,58.775001,108.81244,-77.97196,0.197258,-0.978046,-0.0672,86.06948,-11.376659,0.978046,-0.197258,0.0672,-86.06948,11.376659,-0.978046,0.197258,0.0672,-108.81244,77.97196,-0.197258,0.978046,-0.0672,,,
82,2026-05-16,12:54:41.60,1,3,"Blakely, Jackson",831359,Right,GIT_YEL,"Larson, Colin",831502,Left,BOC_EAG,Undefined,2,Bottom,0,0,2,Fastball,Four-Seam,BallCalled,Undefined,Undefined,Undefined,0,0,,92.84377,1.438845,-2.187179,2344.268481,200.367976,12:45,5.70408,1.97636,6.08972,-17.29784,15.48288,5.30181,5.59482,0.394,83.09645,-1.89326,-1.233449,0.412079,,,,,,,,,,,,-3.41957,7.81063,-1.81021,50,5.80593,4.89699,-134.50632,2.8844,-6.14916,34.18975,-18.1287,BOC_EAG,GIT_YEL,HarringtonVillage,D1,ACC,20260516-HarringtonVillage-1,ef193310-5147-11f1-8d76-2da903682334,91.46894,,,9.74733,,,,,,,73f0cb14-48f0-42ce-85bb-8a4ada2a1c20,2026-05-16,16:54:41.60,2026-05-16T12:54:41.6078848-04:00,2026-05-16T16:54:41.6078848Z,,v3,227,100,26605,"Rogers, Drew",811441,Right,GIT_YEL,1009a7db-004b-420b-bb18-09914d549e6e,54.40313,-135.62092,17.09487,5.70226,3.4754,-9.06435,-1.97312,5.09745,-3.07458,,,,,,,,,,,,,,,,,,,,,,,,,,,,,,,,,,,,,,,,,,,,,,,,,,,High,High,High,,,,,,226.697693,38.083288,1845.208806,0.787115,1:30,-0.651138,-0.557151,-0.515366,-66.156053,-38.818003,-47.520269,159.78982,-0.249098,0.345462,-0.004348,-0.938423,0.265441,-20.20998,0.004348,-0.345462,0.938423,-0.265441,20.20998,-0.004348,0.345462,0.938423,-159.78982,0.249098,-0.345462,0.004348,-0.938423,,,
83,2026-05-16,12:54:56.64,1,4,"Blakely, Jackson",831359,Right,GIT_YEL,"Larson, Colin",831502,Left,BOC_EAG,Undefined,2,Bottom,0,1,2,ChangeUp,Changeup,FoulBallNotFieldable,Undefined,Undefined,Undefined,0,0,,83.82829,0.610269,-3.802307,1819.790864,286.506609,3:30,5.27383,2.21298,6.0952,-42.69018,-2.27492,12.87406,2.28204,-0.23622,75.22922,-7.317015,-1.486657,0.457556,,,,,,,,,,,,-7.97674,-0.97032,-1.92657,50,5.29869,7.56282,-121.36883,-0.10032,-11.61552,29.01302,-33.58697,BOC_EAG,GIT_YEL,HarringtonVillage,D1,ACC,20260516-HarringtonVillage-1,f810e260-5147-11f1-8d76-2da903682334,82.3778,,,8.59907,,,,,,,73f0cb14-48f0-42ce-85bb-8a4ada2a1c20,2026-05-16,16:54:56.64,2026-05-16T12:54:56.6487552-04:00,2026-05-16T16:54:56.6487552Z,,v3,227,100,26605,"Rogers, Drew",811441,Right,GIT_YEL,69170bcb-5112-45a0-b1e5-4142901a595e,54.40273,-122.41678,14.50651,5.28041,1.11283,-16.79348,-2.20731,7.98236,-5.80776,,,,,,,,,,,,,,,,,,,,,,,,,,,,,,,,,,,,,,,,,,,,,,,,,,,High,High,High,,,,,,253.947141,40.882583,1375.857373,0.756052,2:30,-0.674619,-0.719559,-0.164692,-19.473518,-5.548544,51.181881,92.309731,-5.353937,0.994828,-0.093308,-0.040126,66.730601,-84.170423,0.093308,-0.994828,0.040126,-66.730601,84.170423,-0.093308,0.994828,0.040126,-92.309731,5.353937,-0.994828,0.093308,-0.040126,,,
84,2026-05-16,12:55:16.98,1,5,"Blakely, Jackson",831359,Right,GIT_YEL,"Larson, Colin",831502,Left,BOC_EAG,Undefined,2,Bottom,0,1,2,Splitter,Slider,InPlay,Undefined,GroundBall,Out,1,0,,86.12149,-0.678188,-1.961988,1214.336555,16.375296,6:30,5.62131,1.90542,5.45751,-43.93754,-3.56744,-1.6063,1.32463,-0.06569,75.316,-8.781272,-2.248386,0.4573,75.35574,-2.55703,19.746084,,,,,19.17441,16.91915,19.039925,0.170667,-0.06272,-0.93709,-1.73134,50,5.53222,4.32904,-124.25746,-3.1128,-0.09278,37.39983,-33.55987,BOC_EAG,GIT_YEL,HarringtonVillage,D1,ACC,20260516-HarringtonVillage-1,042d5150-5148-11f1-8d76-2da903682334,82.42385,1.34223,,10.80548,,,,0.98655,1.34223,0.08698,73f0cb14-48f0-42ce-85bb-8a4ada2a1c20,2026-05-16,16:55:16.98,2026-05-16T12:55:16.9816576-04:00,2026-05-16T16:55:16.9816576Z,GroundBall,v3,227,100,26605,"Rogers, Drew",811441,Right,GIT_YEL,c639f1c9-92a0-484b-9850-1e8dcc5176c6,55.03314,-125.76325,18.69992,5.63035,-1.76161,-16.77993,-1.90571,4.33277,-0.04639,347.262165,0.98765,103.83318,-20.05879,,,,,,,1.34283,-4.97739,-16.95791,,,,,,,0.08734,37.27554,-6.66684,,,,,,,,,,,,,,,,,,,,,,,,,,,,,High,High,High,Medium,Medium,,,,293.800119,65.151159,510.295491,0.420226,3:45,-0.89647,-0.395203,0.20039,44.968075,-12.08199,36.247517,106.925092,-63.295568,0.429923,-0.893337,-0.130826,81.668434,-25.462698,0.893337,-0.429923,0.130826,-81.668434,25.462698,-0.893337,0.429923,0.130826,-106.925092,63.295568,-0.429923,0.893337,-0.130826,,,
85,2026-05-16,12:55:53.30,2,1,"Blakely, Jackson",831359,Right,GIT_YEL,"Solier, Julio",827632,Right,BOC_EAG,Undefined,2,Bottom,1,0,0,Fastball,Four-Seam,BallCalled,Undefined,Undefined,Undefined,0,0,,92.74384,-1.729607,-4.165829,2333.895321,213.726742,1:00,5.65088,1.766,6.14261,-18.76891,13.99839,8.55012,2.48375,-1.37794,83.58816,-5.304407,-2.62995,0.411995,,,,,,,,,,,,-5.7141,8.11804,-1.45227,50,5.50909,9.39861,-134.19163,-4.62844,-10.27035,32.91162,-17.58295,BOC_EAG,GIT_YEL,HarringtonVillage,D1,ACC,20260516-HarringtonVillage-1,19d439b0-5148-11f1-8d76-2da903682334,91.48767,,,9.15568,,,,,,,73f0cb14-48f0-42ce-85bb-8a4ada2a1c20,2026-05-16,16:55:53.30,2026-05-16T12:55:53.3070848-04:00,2026-05-16T16:55:53.3070848Z,,v3,227,100,26605,"Rogers, Drew",811441,Right,GIT_YEL,994c5727-7168-4975-9e81-fff6226c1a5a,54.35252,-135.25491,16.45581,5.64945,-4.06038,-8.79147,-1.76127,9.73042,-5.13517,,,,,,,,,,,,,,,,,,,,,,,,,,,,,,,,,,,,,,,,,,,,,,,,,,,High,High,High,,,,,,225.248037,35.849118,1891.766979,0.810562,1:30,-0.607966,-0.593044,-0.527897,-72.722907,-33.30396,-35.863456,155.595643,-5.538811,0.411245,-0.09652,-0.9064,6.078357,-24.283043,0.09652,-0.411245,0.9064,-6.078357,24.283043,-0.09652,0.411245,0.9064,-155.595643,5.538811,-0.411245,0.09652,-0.9064,,,
86,2026-05-16,12:56:06.85,2,2,"Blakely, Jackson",831359,Right,GIT_YEL,"Solier, Julio",827632,Right,BOC_EAG,Undefined,2,Bottom,1,1,0,Curveball,Curveball,StrikeCalled,Undefined,Undefined,Undefined,0,0,,78.2103,1.412799,-0.273977,2628.94379,34.480932,7:15,5.72294,1.88764,5.4242,-66.76799,-18.72044,-14.19343,1.48251,0.44824,69.99607,-10.733328,-2.809047,0.498893,,,,,,,,,,,,7.02445,-9.40875,-1.85315,50,5.80205,1.11146,-113.25932,0.43707,8.78243,27.89714,-43.93749,BOC_EAG,GIT_YEL,HarringtonVillage,D1,ACC,20260516-HarringtonVillage-1,21ec8580-5148-11f1-8d76-2da903682334,75.55223,,,8.21422,,,,,,,73f0cb14-48f0-42ce-85bb-8a4ada2a1c20,2026-05-16,16:56:06.85,2026-05-16T12:56:06.8578816-04:00,2026-05-16T16:56:06.8578816Z,,v3,227,100,26605,"Rogers, Drew",811441,Right,GIT_YEL,f4106a17-20d0-4f9c-b173-41dff11de8df,55.07594,-114.50276,13.94857,5.73893,2.39546,-21.96875,-1.89397,0.72001,4.39121,,,,,,,,,,,,,,,,,,,,,,,,,,,,,,,,,,,,,,,,,,,,,,,,,,,High,High,High,,,,,,,,,,,,,,,,,,,,,,,,,,,,,,,,,,,,,,,
87,2026-05-16,12:56:23.22,2,3,"Blakely, Jackson",831359,Right,GIT_YEL,"Solier, Julio",827632,Right,BOC_EAG,Undefined,2,Bottom,1,1,1,Fastball,Four-Seam,BallCalled,Undefined,Undefined,Undefined,0,0,,92.71024,0.373743,-3.063852,2410.550295,203.587153,12:45,5.67796,1.83775,6.13448,-23.23749,9.71938,3.69717,4.08743,-0.68861,82.87454,-4.029959,-2.398826,0.413185,,,,,,,,,,,,-2.93882,5.2526,-1.60548,50,5.69476,7.01961,-134.23611,0.12114,-5.24279,35.09644,-22.80357,BOC_EAG,GIT_YEL,HarringtonVillage,D1,ACC,20260516-HarringtonVillage-1,2ba4c5b0-5148-11f1-8d76-2da903682334,91.22414,,,9.8357,,,,,,,73f0cb14-48f0-42ce-85bb-8a4ada2a1c20,2026-05-16,16:56:23.22,2026-05-16T12:56:23.2263168-04:00,2026-05-16T16:56:23.2263168Z,,v3,227,100,26605,"Rogers, Drew",811441,Right,GIT_YEL,a7df1822-ff36-412d-b864-e75fc10db71a,54.35863,-135.37089,17.54822,5.67892,0.85845,-11.40179,-1.83519,7.18913,-2.62139,,,,,,,,,,,,,,,,,,,,,,,,,,,,,,,,,,,,,,,,,,,,,,,,,,,High,High,High,,,,,,221.122971,45.06058,1702.713278,0.706359,1:15,-0.738293,-0.459929,-0.493344,-74.139943,-26.63866,-40.943538,153.132647,-4.972203,0.450226,-0.086672,-0.888698,5.570292,-26.758174,0.086672,-0.450226,0.888698,-5.570292,26.758174,-0.086672,0.450226,0.888698,-153.132647,4.972203,-0.450226,0.086672,-0.888698,,,
88,2026-05-16,12:56:37.73,2,4,"Blakely, Jackson",831359,Right,GIT_YEL,"Solier, Julio",827632,Right,BOC_EAG,Undefined,2,Bottom,1,2,1,Curveball,Curveball,BallCalled,Undefined,Undefined,Undefined,0,0,,77.96555,-0.933009,-2.405322,2741.033457,34.175001,7:15,5.66906,1.76079,5.23788,-67.49744,-18.77765,-14.04312,-0.8335,-1.67154,70.53322,-13.053764,-4.907153,0.502371,,,,,,,,,,,,6.21611,-8.8065,-1.52828,50,5.53209,5.28316,-112.82361,-4.1992,7.71416,27.63398,-43.10288,BOC_EAG,GIT_YEL,HarringtonVillage,D1,ACC,20260516-HarringtonVillage-1,3451fe80-5148-11f1-8d76-2da903682334,75.02916,,,7.43233,,,,,,,73f0cb14-48f0-42ce-85bb-8a4ada2a1c20,2026-05-16,16:56:37.73,2026-05-16T12:56:37.7365504-04:00,2026-05-16T16:56:37.7365504Z,,v3,227,100,26605,"Rogers, Drew",811441,Right,GIT_YEL,decb9bc2-f7fb-4ab7-b0e5-2e00c14b47a1,55.26419,-114.10569,13.81699,5.68052,-2.19945,-21.55144,-1.76509,4.92526,3.85708,,,,,,,,,,,,,,,,,,,,,,,,,,,,,,,,,,,,,,,,,,,,,,,,,,,High,High,High,,,,,,22.889554,39.919641,2102.222516,0.766945,6:45,-0.616262,0.287819,0.733063,-52.557079,30.674708,70.12058,173.093431,18.743019,0.113874,0.321324,-0.940098,18.870358,6.538665,0.321324,0.113874,0.940098,-18.870358,-6.538665,-0.321324,-0.113874,0.940098,-173.093431,-18.743019,-0.113874,-0.321324,-0.940098,,,
89,2026-05-16,12:56:54.33,2,5,"Blakely, Jackson",831359,Right,GIT_YEL,"Solier, Julio",827632,Right,BOC_EAG,Undefined,2,Bottom,1,3,1,Slider,Slider,BallCalled,Walk,Undefined,Undefined,0,0,,84.077,0.298534,-3.474344,2424.856712,2.257297,6:00,5.55254,1.98802,5.42466,-44.29498,-3.90603,-0.20402,2.14142,-1.28716,77.11754,-7.753787,-3.510579,0.457407,,,,,,,,,,,,-0.88476,-1.64327,-1.67935,50,5.54832,7.40787,-121.87197,-0.99384,-1.32801,24.40573,-34.64052,BOC_EAG,GIT_YEL,HarringtonVillage,D1,ACC,20260516-HarringtonVillage-1,3e30b270-5148-11f1-8d76-2da903682334,82.40459,,,6.95945,,,,,,,73f0cb14-48f0-42ce-85bb-8a4ada2a1c20,2026-05-16,16:56:54.33,2026-05-16T12:56:54.3352320-04:00,2026-05-16T16:56:54.3352320Z,,v3,227,100,26605,"Rogers, Drew",811441,Right,GIT_YEL,fd1bcc40-9b33-496d-b0f5-c43ecec6ab2c,55.07454,-122.88397,12.20286,5.55975,0.44257,-17.32026,-1.98766,7.46293,-0.664,,,,,,,,,,,,,,,,,,,,,,,,,,,,,,,,,,,,,,,,,,,,,,,,,,,High,High,High,,,,,,321.16554,79.633893,436.322128,0.179937,4:45,-0.973949,-0.107707,0.199554,53.165101,49.671915,66.016837,150.25173,-18.024203,0.47184,-0.309419,-0.825607,20.544856,-28.153814,0.309419,-0.47184,0.825607,-20.544856,28.153814,-0.309419,0.47184,0.825607,-150.25173,18.024203,-0.47184,0.309419,-0.825607,,,
90,2026-05-16,12:57:49.74,3,1,"Blakely, Jackson",831359,Right,GIT_YEL,"Wang, Nick",813482,Right,BOC_EAG,Undefined,2,Bottom,1,0,0,Curveball,Curveball,StrikeCalled,Undefined,Undefined,Undefined,0,0,,77.31348,3.090037,-1.247337,2871.006617,24.834261,6:45,5.6793,1.88306,5.35825,-72.7074,-22.42064,-11.44855,2.52166,-0.24091,67.81247,-10.177607,-3.28537,0.510385,,,,,,,,,,,,5.09429,-11.67654,-1.76279,50,5.90687,2.90929,-111.56639,3.3944,6.07254,30.17868,-46.09281,BOC_EAG,GIT_YEL,HarringtonVillage,D1,ACC,20260516-HarringtonVillage-1,5f435760-5148-11f1-8d76-2da903682334,73.85094,,,9.50101,,,,,,,73f0cb14-48f0-42ce-85bb-8a4ada2a1c20,2026-05-16,16:57:49.74,2026-05-16T12:57:49.7431552-04:00,2026-05-16T16:57:49.7431552Z,,v3,227,100,26605,"Rogers, Drew",811441,Right,GIT_YEL,194ee17f-b215-4271-9a9a-7cbe5888709b,55.13815,-112.94771,15.08934,5.70322,5.50413,-23.04641,-1.88959,2.63134,3.03627,,,,,,,,,,,,,,,,,,,,,,,,,,,,,,,,,,,,,,,,,,,,,,,,,,,High,High,High,,,,,,24.019779,40.188914,2193.22196,0.763921,6:45,-0.612271,0.345289,0.711266,24.238139,-57.903943,-64.824884,178.99986,-17.312974,0.016664,-0.297591,-0.954548,17.315454,-0.954823,0.297591,-0.016664,0.954548,-17.315454,0.954823,-0.297591,0.016664,0.954548,-178.99986,17.312974,-0.016664,0.297591,-0.954548,,,
91,2026-05-16,12:58:10.56,3,2,"Blakely, Jackson",831359,Right,GIT_YEL,"Wang, Nick",813482,Right,BOC_EAG,Undefined,2,Bottom,1,0,1,ChangeUp,Changeup,InPlay,Undefined,LineDrive,Out,1,0,,84.60095,-0.378088,-3.610624,1702.357403,268.194131,3:00,5.35452,1.90551,6.02126,-37.9312,2.15996,16.63603,1.8427,-0.05682,75.35778,-7.454401,-0.620151,0.455718,100.32561,14.73901,-2.513977,1414.602567,109.95053,24.78477,-3.27415,311.79444,298.95924,0.206292,3.007157,-9.8491,1.73225,-1.63128,50,5.30478,7.04247,-122.37433,-2.05531,-14.46878,31.17745,-29.6293,BOC_EAG,GIT_YEL,HarringtonVillage,D1,ACC,20260516-HarringtonVillage-1,6ba18a40-5148-11f1-8d76-2da903682334,82.71009,29.3376,,9.24317,,,,0.8065,1.7921,0.04677,73f0cb14-48f0-42ce-85bb-8a4ada2a1c20,2026-05-16,16:58:10.56,2026-05-16T12:58:10.5686528-04:00,2026-05-16T16:58:10.5686528Z,LineDrive,v3,227,100,26605,"Rogers, Drew",811441,Right,GIT_YEL,bd89ac86-2016-4af0-98b5-e23adeb9bb6b,54.47406,-123.50893,15.58872,5.35996,-0.97704,-14.81465,-1.89715,7.56901,-7.23439,192.650552,0.80639,142.16867,-22.93957,5.35336,-0.94152,0.09381,0.0063,-0.00345,0.00034,1.79232,37.42835,-12.24806,-0.53171,0.09211,0.08994,-0.0503,0.01102,-0.00091,0.04674,-6.2409,3.13968,-0.47868,0.09835,-0.03122,0.00939,-0.00164,0.00012,,,,,,,,,,,,,,,,,,,,,,,High,High,High,High,High,,,,253.29703,41.779502,1269.472453,0.745714,2:30,-0.673722,-0.718632,-0.17224,-4.731556,-17.808221,54.368453,140.90925,-79.252029,0.117591,-0.982457,-0.144743,81.619026,-6.753086,0.982457,-0.117591,0.144743,-81.619026,6.753086,-0.982457,0.117591,0.144743,-140.90925,79.252029,-0.117591,0.982457,-0.144743,,,
92,2026-05-16,12:58:54.16,4,1,"Blakely, Jackson",831359,Right,GIT_YEL,"Mainolfi, Ty",839397,Left,BOC_EAG,Undefined,2,Bottom,2,0,0,Fastball,Four-Seam,BallCalled,Undefined,Undefined,Undefined,0,0,,91.98022,0.034114,-2.525017,2443.300041,216.313169,1:15,5.69351,1.85221,6.10951,-20.60359,12.39914,8.29457,4.00812,0.20708,83.35649,-3.869195,-1.032105,0.413472,,,,,,,,,,,,-4.9967,6.71059,-1.66235,50,5.68536,5.52202,-133.44553,-0.56674,-8.9432,30.70849,-20.1633,BOC_EAG,GIT_YEL,HarringtonVillage,D1,ACC,20260516-HarringtonVillage-1,85a89870-5148-11f1-8d76-2da903682334,91.16071,,,8.62373,,,,,,,73f0cb14-48f0-42ce-85bb-8a4ada2a1c20,2026-05-16,16:58:54.16,2026-05-16T12:58:54.1630000-04:00,2026-05-16T16:58:54.1630000Z,,v3,227,100,26605,"Rogers, Drew",811441,Right,GIT_YEL,f41abe15-e89a-4324-a22a-4f36b5f4da8f,54.3862,-134.45109,15.35425,5.69311,0.09352,-10.08165,-1.84796,5.81487,-4.4716,,,,,,,,,,,,,,,,,,,,,,,,,,,,,77.93213,1.458649,0.59776,0.860889,-2.01516,3.76717,-0.14815,-4.42855,4.59315,3.57295,65.25378,4.63102,59.53257,-4.38318,89.12137,-9.63463,4.60533,11.13448,-12.92003,3.59363,69.39871,-5.1683,High,High,High,,,High,High,High,224.061525,39.796733,1877.236336,0.76832,1:30,-0.664086,-0.533932,-0.523361,-75.293911,-39.136841,-46.041726,156.872556,-7.491756,0.389425,-0.130384,-0.911783,8.138034,-22.918711,0.130384,-0.389425,0.911783,-8.138034,22.918711,-0.130384,0.389425,0.911783,-156.872556,7.491756,-0.389425,0.130384,-0.911783,,,
93,2026-05-16,12:59:16.64,4,2,"Blakely, Jackson",831359,Right,GIT_YEL,"Mainolfi, Ty",839397,Left,BOC_EAG,Undefined,2,Bottom,2,1,0,Fastball,Sinker,InPlay,Undefined,GroundBall,Out,1,0,,91.87304,-1.823063,-2.964186,2374.791331,236.583951,2:00,5.66416,1.83883,6.17827,-25.10053,7.94874,10.34327,1.88607,-0.03904,83.52685,-6.522053,-1.099149,0.413764,106.64188,-12.975871,-12.679171,,,,,7.82903,7.4047,-11.749836,0.049846,-6.24863,5,-1.61981,50,5.51355,6.46389,-133.22953,-5.07503,-11.13709,30.86179,-23.2624,BOC_EAG,GIT_YEL,HarringtonVillage,D1,ACC,20260516-HarringtonVillage-1,930835c0-5148-11f1-8d76-2da903682334,91.09655,1.7523,,8.34619,,,,0.24577,1.7523,0.07486,73f0cb14-48f0-42ce-85bb-8a4ada2a1c20,2026-05-16,16:59:16.64,2026-05-16T12:59:16.6498304-04:00,2026-05-16T16:59:16.6498304Z,GroundBall,v3,227,100,26605,"Rogers, Drew",811441,Right,GIT_YEL,5f08ef6f-8512-403f-9ebf-f9e5cd88d0f3,54.31958,-134.22641,15.4309,5.66534,-4.32363,-11.6312,-1.83442,6.82364,-5.56855,180,0.24461,148.84166,,,,,,,,1.75257,-35.15404,,,,,,,,0.07512,-33.48606,,,,,,,,,,,,,,,,,,,,,,,,,,,,,,High,High,High,High,High,,,,225.317616,34.995976,1945.410841,0.819192,1:30,-0.583744,-0.600409,-0.546581,-73.396685,-36.945651,-29.18064,149.789081,-3.574376,0.502206,-0.062344,-0.862498,4.134336,-30.146042,0.062344,-0.502206,0.862498,-4.134336,30.146042,-0.062344,0.502206,0.862498,-149.789081,3.574376,-0.502206,0.062344,-0.862498,82.4099,-3.63203,-9.03477
94,2026-05-16,13:01:55.78,1,1,"Kipp, Kyle",822339,Right,BOC_EAG,"Advincula, Jarren",814181,Left,GIT_YEL,Undefined,3,Top,0,0,0,ChangeUp,Changeup,FoulBallNotFieldable,Undefined,Undefined,Undefined,0,0,,80.15458,-0.650613,-3.624697,1573.706104,273.203362,3:00,5.36368,2.40514,6.1753,-43.22798,0.98201,13.46705,1.15926,0.1754,71.94111,-8.696598,-1.195765,0.478555,65.42661,70.002806,-45.229007,,,,,112.43197,40.78661,-66.832779,4.689958,-8.27497,1.22303,-2.13747,50,5.29285,6.85054,-116.03665,-2.63514,-10.97378,27.24319,-30.55214,BOC_EAG,GIT_YEL,HarringtonVillage,D1,ACC,20260516-HarringtonVillage-1,f1e15e50-5148-11f1-8d76-2da903682334,78.76308,94.67396,,8.21347,,,,1.78981,1.63672,-0.24351,73f0cb14-48f0-42ce-85bb-8a4ada2a1c20,2026-05-16,17:01:55.78,2026-05-16T13:01:55.7811200-04:00,2026-05-16T17:01:55.7811200Z,Popup,v3,227,100,26605,"Gonzalez, Cesar",831498,Right,BOC_EAG,826a84f5-ae0c-4139-b6fa-17ee4b74b71a,54.32163,-117.04689,13.6216,5.36957,-1.5022,-15.27607,-2.39905,7.25748,-5.48689,155.982858,1.78954,23.07748,-9.17416,2.26168,0.31376,-0.49531,0.17455,-0.0272,0.0016,1.64855,89.88099,-24.96381,0.23789,2.02522,-1.18245,0.32474,-0.04448,0.00243,-0.25239,-23.12158,-3.02194,2.51409,-1.0717,0.25083,-0.01726,-0.00293,0.00039,,,,,,,,,,,,,,,,,,,,,,,High,High,High,High,Low,,,,254.406091,44.629484,1119.950967,0.711665,2:30,-0.705395,-0.693402,-0.147006,-1.641329,-10.721992,60.633651,98.33264,-73.907712,0.274259,-0.960816,-0.04017,87.605981,-15.917872,0.960816,-0.274259,0.04017,-87.605981,15.917872,-0.960816,0.274259,0.04017,-98.33264,73.907712,-0.274259,0.960816,-0.04017,59.11287,22.99884,20.90107
95,2026-05-16,13:02:31.42,1,2,"Kipp, Kyle",822339,Right,BOC_EAG,"Advincula, Jarren",814181,Left,GIT_YEL,Undefined,3,Top,0,0,1,ChangeUp,Changeup,BallCalled,Undefined,Undefined,Undefined,0,0,,81.53263,-0.300924,-2.312415,1605.865365,251.638316,2:30,5.44671,2.37666,6.16977,-36.28797,5.77067,12.95367,2.14454,1.31916,73.97157,-7.073869,0.025479,0.466766,,,,,,,,,,,,-7.37063,3.54858,-2.20766,50,5.40586,4.27961,-118.29513,-1.72793,-10.31742,25.1247,-27.20673,BOC_EAG,GIT_YEL,HarringtonVillage,D1,ACC,20260516-HarringtonVillage-1,072231e0-5149-11f1-8d76-2da903682334,80.75233,,,7.56107,,,,,,,73f0cb14-48f0-42ce-85bb-8a4ada2a1c20,2026-05-16,17:02:31.42,2026-05-16T13:02:31.4249728-04:00,2026-05-16T17:02:31.4249728Z,,v3,227,100,26605,"Gonzalez, Cesar",831498,Right,BOC_EAG,c4c480e1-fd19-41e0-aea8-b105eddc24ed,54.3266,-119.21051,12.56235,5.45075,-0.73669,-13.60336,-2.37043,4.65551,-5.15871,,,,,,,,,,,,,,,,,,,,,,,,,,,,,,,,,,,,,,,,,,,,,,,,,,,High,High,High,,,,,,253.634996,34.816566,1318.390039,0.820984,2:30,-0.575678,-0.790711,-0.208259,-2.690677,-2.381543,57.767311,99.47513,-4.167047,0.98375,-0.072665,-0.164184,23.873194,-79.656706,0.072665,-0.98375,0.164184,-23.873194,79.656706,-0.072665,0.98375,0.164184,-99.47513,4.167047,-0.98375,0.072665,-0.164184,,,
96,2026-05-16,13:02:51.25,1,3,"Kipp, Kyle",822339,Right,BOC_EAG,"Advincula, Jarren",814181,Left,GIT_YEL,Undefined,3,Top,0,1,1,Sinker,Sinker,InPlay,Undefined,GroundBall,Out,1,0,,93.12004,-1.926051,-2.730562,2173.270942,240.186925,2:00,5.68939,2.33044,5.90152,-21.78497,10.48347,16.4921,2.0833,1.16806,85.14898,-5.995251,0.228801,0.408847,74.46095,-44.561187,-35.146656,,,,,3.06795,3.06795,-49.287548,0.025667,-9.21099,6.22166,-2.12028,50,5.5219,5.7186,-135.11094,-5.29431,-17.01669,29.59656,-20.67995,BOC_EAG,GIT_YEL,HarringtonVillage,D1,ACC,20260516-HarringtonVillage-1,12eb50b0-5149-11f1-8d76-2da903682334,92.19214,1.97189,,7.97106,,,,0.36385,1.97189,-1.1728,73f0cb14-48f0-42ce-85bb-8a4ada2a1c20,2026-05-16,17:02:51.25,2026-05-16T13:02:51.2500224-04:00,2026-05-16T17:02:51.2500224Z,GroundBall,v3,227,100,26605,"Gonzalez, Cesar",831498,Right,BOC_EAG,f8b1c8b9-15a3-4a58-a3c4-58ea510c45a6,54.59765,-136.11435,14.79828,5.6895,-4.5932,-10.33997,-2.32394,6.29552,-8.50834,,0.36317,63.7881,,,,,,,,1.9727,-76.82508,,,,,,,,-1.17233,-44.90867,,,,,,,,,,,,,,,,,,,,,,,,,,,,,,High,High,High,Estimated,Estimated,,,,237.573776,-4.868458,2165.430145,0.996392,2:00,0.087506,-0.83771,-0.539059,79.193154,39.979889,-55.401376,177.927633,-65.908412,0.014761,-0.912894,-0.407929,65.922378,-0.845779,0.912894,-0.014761,0.407929,-65.922378,0.845779,-0.912894,0.014761,0.407929,-177.927633,65.908412,-0.014761,0.912894,-0.407929,62.71158,-8.67883,-24.69925
97,2026-05-16,13:03:26.40,2,1,"Kipp, Kyle",822339,Right,BOC_EAG,"Lackey, Vahn",822518,Right,GIT_YEL,Undefined,3,Top,1,0,0,ChangeUp,Changeup,StrikeCalled,Undefined,Undefined,Undefined,0,0,,81.44698,0.108968,-2.861227,1631.605958,246.959977,2:15,5.46729,2.15575,6.07016,-35.18683,6.96268,13.03268,2.63602,0.59193,74.10801,-6.449611,-0.516015,0.46727,,,,,,,,,,,,-7.5267,4.00166,-1.94063,50,5.45727,5.40266,-118.15579,-0.85565,-10.56376,24.02556,-26.55773,BOC_EAG,GIT_YEL,HarringtonVillage,D1,ACC,20260516-HarringtonVillage-1,27f55cd0-5149-11f1-8d76-2da903682334,80.66527,,,7.33898,,,,,,,73f0cb14-48f0-42ce-85bb-8a4ada2a1c20,2026-05-16,17:03:26.40,2026-05-16T13:03:26.4031232-04:00,2026-05-16T17:03:26.4031232Z,,v3,227,100,26605,"Gonzalez, Cesar",831498,Right,BOC_EAG,7b47fb71-8cc7-4ab7-8048-5820ff228b5d,54.42687,-119.05254,12.01278,5.47071,0.13561,-13.27887,-2.14965,5.79695,-5.28188,,,,,,,,,,,,,,,,,,,,,,,,,,,,,,,,,,,,,,,,,,,,,,,,,,,High,High,High,,,,,,254.10519,31.575109,1390.054022,0.851954,2:30,-0.536166,-0.818384,-0.206821,5.427816,-9.674544,61.004904,92.684929,-3.927094,0.996557,-0.068487,-0.046734,55.691435,-85.243991,0.068487,-0.996557,0.046734,-55.691435,85.243991,-0.068487,0.996557,0.046734,-92.684929,3.927094,-0.996557,0.068487,-0.046734,,,
98,2026-05-16,13:03:41.34,2,2,"Kipp, Kyle",822339,Right,BOC_EAG,"Lackey, Vahn",822518,Right,GIT_YEL,Undefined,3,Top,1,0,1,Sweeper,Slider,HitByPitch,Undefined,Undefined,Undefined,0,0,,80.64404,2.753124,1.121287,1940.569036,67.335837,8:15,5.32353,2.45389,5.29176,-45.37609,-1.56158,-6.87296,4.12973,2.93412,73.97459,-5.514621,-0.097939,0.476409,,,,,,,,,,,,3.75433,-1.1585,-2.55065,50,5.54082,-2.01141,-117.01453,4.0206,5.22697,21.22249,-33.787,BOC_EAG,GIT_YEL,HarringtonVillage,D1,ACC,20260516-HarringtonVillage-1,30cf23e0-5149-11f1-8d76-2da903682334,79.11774,,,6.66944,,,,,,,73f0cb14-48f0-42ce-85bb-8a4ada2a1c20,2026-05-16,17:03:41.34,2026-05-16T13:03:41.3452800-04:00,2026-05-16T17:03:41.3452800Z,,v3,227,100,26605,"Gonzalez, Cesar",831498,Right,BOC_EAG,d4ea83de-96b1-4c5f-9083-71cd1f3de143,55.20883,-117.95545,10.61124,5.32936,5.51858,-16.8935,-2.45634,-2.24315,2.61348,,,,,,,,,,,,,,,,,,,,,,,,,,,,,,,,,,,,,,,,,,,,,,,,,,,High,High,High,,,,,,,,,,,,,,,,,,,,,,,,,,,,,,,,,,,,,,,
99,2026-05-16,13:04:17.69,3,1,"Kipp, Kyle",822339,Right,BOC_EAG,"Zuckerman, Ryan",822871,Right,GIT_YEL,Undefined,3,Top,1,0,0,ChangeUp,Changeup,BallCalled,Undefined,Undefined,Undefined,0,0,,79.7977,-0.964988,-5.003526,1820.965306,275.982763,3:15,5.39154,2.29021,6.33135,-44.51195,-0.03039,17.06064,0.79016,-0.90711,71.64921,-9.25301,-1.924151,0.480022,,,,,,,,,,,,-10.65445,0.84016,-1.93228,50,5.30053,9.47736,-115.35224,-3.27308,-13.96724,26.86619,-31.07267,BOC_EAG,GIT_YEL,HarringtonVillage,D1,ACC,20260516-HarringtonVillage-1,4679b5c0-5149-11f1-8d76-2da903682334,78.52228,,,8.14849,,,,,,,73f0cb14-48f0-42ce-85bb-8a4ada2a1c20,2026-05-16,17:04:17.69,2026-05-16T13:04:17.6999936-04:00,2026-05-16T17:04:17.6999936Z,,v3,227,100,26605,"Gonzalez, Cesar",831498,Right,BOC_EAG,8847d6f8-5c71-4bd2-8417-4ead6572cb80,54.16594,-116.31847,13.43309,5.39814,-2.15557,-15.53634,-2.28216,9.97968,-6.98362,,,,,,,,,,,,,,,,,,,,,,,,,,,,,,,,,,,,,,,,,,,,,,,,,,,High,High,High,,,,,,248.573238,35.454516,1483.315098,0.814576,2:15,-0.590996,-0.767938,-0.24697,0.330923,-17.526859,57.035339,125.020838,-84.538518,0.077944,-0.99546,-0.054619,86.859417,-4.470409,0.99546,-0.077944,0.054619,-86.859417,4.470409,-0.99546,0.077944,0.054619,-125.020838,84.538518,-0.077944,0.99546,-0.054619,,,
100,2026-05-16,13:04:34.45,3,2,"Kipp, Kyle",822339,Right,BOC_EAG,"Zuckerman, Ryan",822871,Right,GIT_YEL,Undefined,3,Top,1,1,0,Sinker,Sinker,BallCalled,Undefined,Undefined,Undefined,0,0,,92.79257,-2.1735,-4.519826,2105.212492,235.280486,1:45,5.66501,1.93669,6.11974,-19.81237,12.49154,16.53312,1.99734,-0.87282,84.85665,-5.903774,-1.550674,0.409071,,,,,,,,,,,,-9.71473,7.35418,-1.59804,50,5.48759,9.90728,-134.40077,-5.74581,-17.79797,28.69062,-18.70073,BOC_EAG,GIT_YEL,HarringtonVillage,D1,ACC,20260516-HarringtonVillage-1,507c4560-5149-11f1-8d76-2da903682334,92.14148,,,7.93591,,,,,,,73f0cb14-48f0-42ce-85bb-8a4ada2a1c20,2026-05-16,17:04:34.45,2026-05-16T13:04:34.4591872-04:00,2026-05-16T17:04:34.4591872Z,,v3,227,100,26605,"Gonzalez, Cesar",831498,Right,BOC_EAG,1d152dac-5a83-496e-892b-7c7f3de7437b,54.37867,-135.33226,14.34531,5.66428,-5.13866,-9.35037,-1.92908,10.48513,-8.89899,,,,,,,,,,,,,,,,,,,,,,,,,,,,,,,,,,,,,,,,,,,,,,,,,,,High,High,High,,,,,,235.881273,-7.153322,2088.826525,0.992216,1:45,0.111247,-0.81612,-0.567074,-55.20939,-12.697983,71.053029,122.050701,-6.324572,0.84242,-0.110161,-0.52744,11.797155,-57.396588,0.110161,-0.84242,0.52744,-11.797155,57.396588,-0.110161,0.84242,0.52744,-122.050701,6.324572,-0.84242,0.110161,-0.52744,,,
101,2026-05-16,13:04:51.70,3,3,"Kipp, Kyle",822339,Right,BOC_EAG,"Zuckerman, Ryan",822871,Right,GIT_YEL,Undefined,3,Top,1,2,0,ChangeUp,Changeup,StrikeCalled,Undefined,Undefined,Undefined,0,0,,80.91954,0.676034,-3.942562,1586.46343,263.218337,2:45,5.45818,2.13237,6.32108,-39.34089,3.47106,15.89891,2.80389,-0.17951,72.86266,-6.690529,-1.072533,0.470927,,,,,,,,,,,,-9.47875,2.09689,-1.85061,50,5.4897,7.47405,-117.19613,0.20889,-12.94567,25.86899,-29.31021,BOC_EAG,GIT_YEL,HarringtonVillage,D1,ACC,20260516-HarringtonVillage-1,5abf8780-5149-11f1-8d76-2da903682334,80.03874,,,8.05688,,,,,,,73f0cb14-48f0-42ce-85bb-8a4ada2a1c20,2026-05-16,17:04:51.70,2026-05-16T13:04:51.7069312-04:00,2026-05-16T17:04:51.7069312Z,,v3,227,100,26605,"Gonzalez, Cesar",831498,Right,BOC_EAG,4fb8ad9a-3256-41e8-819d-acc5c9b2b68e,54.17494,-118.11408,12.93449,5.46384,1.24895,-14.6551,-2.12397,7.93342,-6.47284,,,,,,,,,,,,,,,,,,,,,,,,,,,,,,,,,,,,,,,,,,,,,,,,,,,High,High,High,,,,,,256.350313,37.393423,1260.420343,0.794484,2:30,-0.627784,-0.764827,-0.144665,-18.910793,-7.375711,67.92831,104.536779,-72.832072,0.285724,-0.955444,-0.074089,85.56593,-16.60212,0.955444,-0.285724,0.074089,-85.56593,16.60212,-0.955444,0.285724,0.074089,-104.536779,72.832072,-0.285724,0.955444,-0.074089,,,
102,2026-05-16,13:05:10.13,3,4,"Kipp, Kyle",822339,Right,BOC_EAG,"Zuckerman, Ryan",822871,Right,GIT_YEL,Undefined,3,Top,1,2,1,Sinker,Sinker,InPlay,Undefined,LineDrive,Single,0,0,,93.8689,-1.738872,-3.330742,2232.708681,246.476417,2:15,5.64477,2.13036,5.81014,-21.82056,10.5541,21.50186,2.20617,0.82142,84.4946,-5.840204,0.518601,0.409519,97.81932,4.296206,15.626777,2979.651855,,,,100.94083,95.6679,17.627385,0.775775,-12.05776,6.29256,-1.87004,50,5.48917,6.93316,-135.92354,-4.88711,-22.18443,34.39259,-20.59672,BOC_EAG,GIT_YEL,HarringtonVillage,D1,ACC,20260516-HarringtonVillage-1,65b41840-5149-11f1-8d76-2da903682334,92.04076,3.72109,,9.3743,,,,1.0093,2.13743,-0.83943,73f0cb14-48f0-42ce-85bb-8a4ada2a1c20,2026-05-16,17:05:10.13,2026-05-16T13:05:10.1335040-04:00,2026-05-16T17:05:10.1335040Z,GroundBall,v3,227,100,26605,"Gonzalez, Cesar",831498,Right,BOC_EAG,3bbcc4b6-c70e-4a87-ab0d-ef50008fbead,54.68785,-137.10457,17.19629,5.64485,-4.17983,-10.29836,-2.1212,7.69497,-11.09221,275.986293,1.07359,136.6506,-18.18056,,,,,,,2.17152,10.15152,-16.74636,,,,,,,-0.86447,38.98142,2.01633,,,,,,,,,,,,,,,,,,,,,,,,,,,,,High,High,High,High,High,,,,241.555727,-9.481463,2202.207534,0.986339,2:00,0.163352,-0.861871,-0.480099,86.299214,45.424583,-49.22332,158.774724,61.064246,0.175163,0.875163,-0.451008,62.73607,10.088161,0.875163,0.175163,0.451008,-62.73607,-10.088161,-0.875163,-0.175163,0.451008,-158.774724,-61.064246,-0.175163,-0.875163,-0.451008,82.76935,8.21963,8.80698
103,2026-05-16,13:05:53.62,4,1,"Kipp, Kyle",822339,Right,BOC_EAG,"Hernandez, Alex",815415,Right,GIT_YEL,Undefined,3,Top,1,0,0,ChangeUp,Changeup,StrikeCalled,Undefined,Undefined,Undefined,0,0,,79.4572,-0.472399,-3.57341,1675.821418,245.865025,2:15,5.49087,2.00043,6.29078,-35.71435,8.13607,14.92056,2.0785,-0.05342,72.56928,-7.145352,-0.879033,0.476605,,,,,,,,,,,,-8.75878,4.81894,-1.74386,50,5.43903,6.65795,-115.26635,-1.97506,-11.73019,22.33739,-25.72032,BOC_EAG,GIT_YEL,HarringtonVillage,D1,ACC,20260516-HarringtonVillage-1,7facf5a0-5149-11f1-8d76-2da903682334,79.08535,,,6.88792,,,,,,,73f0cb14-48f0-42ce-85bb-8a4ada2a1c20,2026-05-16,17:05:53.62,2026-05-16T13:05:53.6219136-04:00,2026-05-16T17:05:53.6219136Z,,v3,227,100,26605,"Gonzalez, Cesar",831498,Right,BOC_EAG,7b33d2fe-8daa-485f-9bf0-1a37a6031d58,54.2071,-116.07878,11.16869,5.49385,-1.03959,-12.86016,-1.99377,7.08458,-5.8651,,,,,,,,,,,,,,,,,,,,,,,,,,,,,,,,,,,,,,,,,,,,,,,,,,,High,High,High,,,,,,250.673188,37.16053,1335.53955,0.796946,2:15,-0.613106,-0.75699,-0.22598,-13.09451,-12.370683,62.389591,98.304255,-78.879547,0.19085,-0.981224,-0.027856,88.373837,-11.002393,0.981224,-0.19085,0.027856,-88.373837,11.002393,-0.981224,0.19085,0.027856,-98.304255,78.879547,-0.19085,0.981224,-0.027856,,,
104,2026-05-16,13:06:13.19,4,2,"Kipp, Kyle",822339,Right,BOC_EAG,"Hernandez, Alex",815415,Right,GIT_YEL,Undefined,3,Top,1,0,1,ChangeUp,Changeup,BallCalled,Undefined,Undefined,Undefined,0,0,,81.70466,-0.100521,-3.968264,1520.269116,273.468471,3:00,5.47153,1.91531,6.1369,-41.11061,0.66161,11.77103,1.95252,-0.77712,74.64906,-7.707321,-1.849763,0.465174,,,,,,,,,,,,-7.20059,0.83673,-1.61788,50,5.44307,7.76652,-118.45596,-1.51038,-10.17887,23.70527,-30.99122,BOC_EAG,GIT_YEL,HarringtonVillage,D1,ACC,20260516-HarringtonVillage-1,8b5238c0-5149-11f1-8d76-2da903682334,81.0287,,,7.0556,,,,,,,73f0cb14-48f0-42ce-85bb-8a4ada2a1c20,2026-05-16,17:06:13.19,2026-05-16T13:06:13.1996160-04:00,2026-05-16T17:06:13.1996160Z,,v3,227,100,26605,"Gonzalez, Cesar",831498,Right,BOC_EAG,4f389155-b4dd-43e3-97e2-b51c6e607735,54.36132,-119.32555,11.85263,5.47762,-0.37352,-15.49561,-1.90964,8.13991,-5.08944,,,,,,,,,,,,,,,,,,,,,,,,,,,,,,,,,,,,,,,,,,,,,,,,,,,High,High,High,,,,,,255.130684,36.846419,1216.588979,0.800246,2:30,-0.611091,-0.774499,-0.163457,-0.462943,-11.495976,56.946585,112.062977,-84.477764,0.089185,-0.995359,-0.036147,87.920175,-5.116729,0.995359,-0.089185,0.036147,-87.920175,5.116729,-0.995359,0.089185,0.036147,-112.062977,84.477764,-0.089185,0.995359,-0.036147,,,
105,2026-05-16,13:06:51.59,4,3,"Kipp, Kyle",822339,Right,BOC_EAG,"Hernandez, Alex",815415,Right,GIT_YEL,Undefined,3,Top,1,1,1,ChangeUp,Changeup,StrikeCalled,Undefined,Undefined,Undefined,0,0,,80.73425,-0.15093,-4.312969,1642.676145,249.535702,2:15,5.54094,1.90742,6.05536,-35.0447,8.05044,17.58426,2.48044,-0.62697,73.31571,-6.685825,-1.156501,0.472482,,,,,,,,,,,,-10.25552,4.66465,-1.58051,50,5.51074,8.13525,-116.92381,-1.37345,-14.08312,23.70014,-25.76842,BOC_EAG,GIT_YEL,HarringtonVillage,D1,ACC,20260516-HarringtonVillage-1,a2396950-5149-11f1-8d76-2da903682334,79.77535,,,7.41854,,,,,,,73f0cb14-48f0-42ce-85bb-8a4ada2a1c20,2026-05-16,17:06:51.59,2026-05-16T13:06:51.5916288-04:00,2026-05-16T17:06:51.5916288Z,,v3,227,100,26605,"Gonzalez, Cesar",831498,Right,BOC_EAG,e81b7ed2-7d64-4e26-b240-93020fb0b1c7,54.44136,-117.82062,11.85007,5.54427,-0.39837,-12.88421,-1.89843,8.66816,-7.04156,,,,,,,,,,,,,,,,,,,,,,,,,,,,,,,,,,,,,,,,,,,,,,,,,,,High,High,High,,,,,,252.038957,42.636672,1208.457217,0.735664,2:30,-0.690649,-0.701594,-0.175414,27.262132,-27.524968,61.783029,108.183342,-66.73788,0.375216,-0.918708,-0.123244,82.359432,-22.03767,0.918708,-0.375216,0.123244,-82.359432,22.03767,-0.918708,0.375216,0.123244,-108.183342,66.73788,-0.375216,0.918708,-0.123244,,,
106,2026-05-16,13:07:48.91,4,4,"Kipp, Kyle",822339,Right,BOC_EAG,"Hernandez, Alex",815415,Right,GIT_YEL,Undefined,3,Top,1,1,2,ChangeUp,Changeup,StrikeSwinging,Strikeout,Undefined,Undefined,0,0,,83.47927,-1.333874,-5.06906,1738.83616,250.886219,2:15,5.45467,2.18335,6.42568,-32.76458,7.31634,16.88072,1.4932,-1.0814,75.44324,-7.485259,-2.021451,0.455659,,,,,,,,,,,,-10.43567,4.68292,-1.82845,50,5.3447,10.08161,-120.76531,-3.77785,-15.17469,26.89295,-25.36456,BOC_EAG,GIT_YEL,HarringtonVillage,D1,ACC,20260516-HarringtonVillage-1,c45fef40-5149-11f1-8d76-2da903682334,82.72065,,,8.03603,,,,,,,73f0cb14-48f0-42ce-85bb-8a4ada2a1c20,2026-05-16,17:07:48.91,2026-05-16T13:07:48.9184256-04:00,2026-05-16T17:07:48.9184256Z,,v3,227,100,26605,"Gonzalez, Cesar",831498,Right,BOC_EAG,611f9353-83b2-4f25-88e6-36db50e2993f,54.07193,-121.6687,13.44648,5.45729,-2.9258,-12.68228,-2.17568,10.59136,-7.58734,,,,,,,,,,,,,,,,,,,,,,,,,,,,,,,,,,,,,,,,,,,,,,,,,,,High,High,High,,,,,,252.421743,28.479915,1528.409737,0.878984,2:30,-0.478882,-0.848814,-0.224024,-36.359743,-11.655604,64.281261,106.730917,-86.151737,0.064273,-0.997745,-0.019321,88.890642,-3.685126,0.997745,-0.064273,0.019321,-88.890642,3.685126,-0.997745,0.064273,0.019321,-106.730917,86.151737,-0.064273,0.997745,-0.019321,,,
107,2026-05-16,13:08:35.77,5,1,"Kipp, Kyle",822339,Right,BOC_EAG,"Schmidt, Kent",812674,Left,GIT_YEL,Undefined,3,Top,2,0,0,Sinker,Sinker,InPlay,Undefined,LineDrive,Double,0,2,,94.29964,-1.251347,-4.255829,2297.617069,247.68268,2:15,5.54363,2.28084,6.11306,-22.88442,8.09886,17.5308,2.4762,-0.20053,86.90936,-5.515072,-1.105548,0.400622,95.85541,10.383967,-36.704366,2603.161416,83.97168,12.8718,-71.0534,207.427,207.427,-43.468615,1.835077,-10.1567,4.77351,-1.96311,50,5.43529,9.43897,-136.84275,-3.78224,-19.44232,27.50965,-23.03645,BOC_EAG,GIT_YEL,HarringtonVillage,D1,ACC,20260516-HarringtonVillage-1,e0447000-5149-11f1-8d76-2da903682334,94.08468,12.88605,,7.39027,,,,0.66511,2.39245,0.29034,73f0cb14-48f0-42ce-85bb-8a4ada2a1c20,2026-05-16,17:08:35.77,2026-05-16T13:08:35.7755392-04:00,2026-05-16T17:08:35.7755392Z,LineDrive,v3,227,100,26605,"Gonzalez, Cesar",831498,Right,BOC_EAG,86909b4d-5903-49af-89a0-438a72816602,54.38818,-137.72208,13.75482,5.54442,-3.04589,-11.51823,-2.27475,10.06043,-9.72116,108.966215,0.66511,110.86736,-22.85827,5.40717,-1.19482,0.22779,-0.04099,0.00595,-0.00044,2.39245,25.34008,-15.93902,0.7611,0.03323,-0.02824,0.01002,-0.00148,8E-05,0.29034,-82.65116,1.50015,1.28948,-0.61882,0.19172,-0.04613,0.00755,-0.00062,,,,,,,,,,,,,,,,,,,,,,,High,High,High,High,Medium,,,,241.131673,-5.795545,2285.872946,0.994889,2:00,0.084006,-0.868842,-0.48791,82.150954,40.585308,-57.331868,169.172356,65.148804,0.078949,0.907402,-0.412781,65.539019,4.528134,0.907402,0.078949,0.412781,-65.539019,-4.528134,-0.907402,-0.078949,0.412781,-169.172356,-65.148804,-0.078949,-0.907402,-0.412781,71.76726,4.77146,-18.08279
108,2026-05-16,13:09:24.44,6,1,"Kipp, Kyle",822339,Right,BOC_EAG,"Brosius, Parker",702701,Right,GIT_YEL,Undefined,3,Top,2,0,0,ChangeUp,Changeup,StrikeCalled,Undefined,Undefined,Undefined,0,0,,79.28336,0.319843,-3.724166,1643.954767,230.599068,1:45,5.52046,2.01328,6.20818,-32.15309,11.86075,12.73894,3.13686,-0.36724,72.52262,-5.705111,-1.43028,0.477492,,,,,,,,,,,,-7.57252,6.49272,-1.73936,50,5.52847,7.01568,-115.00146,-0.26395,-10.1469,21.21335,-23.47407,BOC_EAG,GIT_YEL,HarringtonVillage,D1,ACC,20260516-HarringtonVillage-1,fd5e6380-5149-11f1-8d76-2da903682334,78.93839,,,6.76074,,,,,,,73f0cb14-48f0-42ce-85bb-8a4ada2a1c20,2026-05-16,17:09:24.44,2026-05-16T13:09:24.4482560-04:00,2026-05-16T17:09:24.4482560Z,,v3,227,100,26605,"Gonzalez, Cesar",831498,Right,BOC_EAG,07677b95-dbb2-448b-9eb5-930b910af862,54.28875,-115.78987,10.60668,5.52207,0.60847,-11.73704,-2.00711,7.3928,-5.07345,,,,,,,,,,,,,,,,,,,,,,,,,,,,,,,,,,,,,,,,,,,,,,,,,,,High,High,High,,,,,,248.536846,34.172486,1360.126634,0.82735,2:15,-0.584444,-0.766829,-0.265329,-6.019088,-14.454727,63.01102,90.113096,-10.017314,0.984753,-0.173946,-0.001944,89.35976,-79.982054,0.173946,-0.984753,0.001944,-89.35976,79.982054,-0.173946,0.984753,0.001944,-90.113096,10.017314,-0.984753,0.173946,-0.001944,,,
109,2026-05-16,13:09:40.41,6,2,"Kipp, Kyle",822339,Right,BOC_EAG,"Brosius, Parker",702701,Right,GIT_YEL,Undefined,3,Top,2,0,1,Sinker,Sinker,StrikeCalled,Undefined,Undefined,Undefined,0,0,,93.99241,-1.42234,-4.643181,2179.154882,252.034284,2:30,5.68512,2.10644,6.08742,-24.22123,7.47024,19.74576,2.34633,-0.55275,85.44872,-5.951483,-1.098247,0.405175,,,,,,,,,,,,-11.46973,4.59528,-1.75747,50,5.56234,10.17831,-136.10785,-4.22672,-21.41017,31.24481,-23.5962,BOC_EAG,GIT_YEL,HarringtonVillage,D1,ACC,20260516-HarringtonVillage-1,06db4860-514a-11f1-8d76-2da903682334,93.02757,,,8.54369,,,,,,,73f0cb14-48f0-42ce-85bb-8a4ada2a1c20,2026-05-16,17:09:40.41,2026-05-16T13:09:40.4174336-04:00,2026-05-16T17:09:40.4174336Z,,v3,227,100,26605,"Gonzalez, Cesar",831498,Right,BOC_EAG,b3be4ffc-7c17-483d-a569-09ecf42320d7,54.41114,-137.11673,15.62241,5.68651,-3.46481,-11.7981,-2.09728,10.86963,-10.70509,,,,,,,,,,,,,,,,,,,,,,,,,,,,,,,,,,,,,,,,,,,,,,,,,,,High,High,High,,,,,,239.624903,-11.752021,2133.476069,0.979038,2:00,0.183767,-0.839333,-0.511614,-81.69067,-45.830963,-50.556654,162.250081,57.03438,0.165887,0.838997,-0.518233,58.297156,9.548755,0.838997,0.165887,0.518233,-58.297156,-9.548755,-0.838997,-0.165887,0.518233,-162.250081,-57.03438,-0.165887,-0.838997,-0.518233,,,
110,2026-05-16,13:09:58.19,6,3,"Kipp, Kyle",822339,Right,BOC_EAG,"Brosius, Parker",702701,Right,GIT_YEL,Undefined,3,Top,2,0,2,ChangeUp,Changeup,InPlay,Undefined,FlyBall,Out,1,0,,83.24785,0.08766,-4.053399,1791.226691,242.846022,2:00,5.55914,2.10625,5.97816,-32.65553,7.9702,12.82627,2.91931,-0.58856,75.55445,-5.999645,-1.754679,0.458746,96.80879,38.654701,4.834571,4210.527987,108.89324,85.97297,15.56412,326.94215,313.59367,13.261259,5.906268,-7.82233,4.46866,-1.79251,50,5.54807,8.04512,-120.60301,-0.83897,-11.42291,25.32049,-25.64849,BOC_EAG,GIT_YEL,HarringtonVillage,D1,ACC,20260516-HarringtonVillage-1,1173af60-514a-11f1-8d76-2da903682334,82.1641,119.34979,,7.6934,,,,0.90688,2.92377,0.59611,73f0cb14-48f0-42ce-85bb-8a4ada2a1c20,2026-05-16,17:09:58.19,2026-05-16T13:09:58.1982208-04:00,2026-05-16T17:09:58.1982208Z,FlyBall,v3,227,100,26605,"Gonzalez, Cesar",831498,Right,BOC_EAG,cc6a6ddd-7e23-4acf-b11e-4a0cc47335f3,54.51989,-121.54825,12.66025,5.56152,0.11851,-12.82425,-2.1008,8.47155,-5.71145,196.953458,0.91601,110.32173,-25.45954,5.69329,-0.85215,0.06476,0.00101,-0.00048,2E-05,2.9192,88.75636,-19.58609,1.35789,-0.11936,-0.0372,0.01727,-0.00252,0.00013,0.59393,9.38643,3.00809,-1.02288,0.1927,-0.01888,-0.00011,0.00019,-1E-05,,,,,,,,,,,,,,,,,,,,,,,High,High,High,High,Medium,,,,247.453482,33.933188,1486.16122,0.829689,2:15,-0.580486,-0.76542,-0.277793,11.948073,-15.201348,57.646034,91.923901,-4.310984,0.996609,-0.07517,-0.033477,65.994067,-85.279938,0.07517,-0.996609,0.033477,-65.994067,85.279938,-0.07517,0.996609,0.033477,-91.923901,4.310984,-0.996609,0.07517,-0.033477,75.259,17.00431,-6.23271
111,2026-05-16,13:12:22.32,1,1,"Blakely, Jackson",831359,Right,GIT_YEL,"Wolff, Kyle",813479,Right,BOC_EAG,Undefined,3,Bottom,0,0,0,Slider,Slider,FoulBallNotFieldable,Undefined,Undefined,Undefined,0,0,,82.3213,0.882234,-1.998509,2453.498633,9.380146,6:15,5.58045,1.97457,5.34988,-44.70542,-2.75973,-0.66354,2.68305,0.04404,75.78808,-7.245344,-2.11642,0.466139,,,,,,,,,,,,-0.20382,-1.32685,-1.79413,50,5.62742,4.19784,-119.53121,0.24053,-0.29565,22.46183,-34.09883,BOC_EAG,GIT_YEL,HarringtonVillage,D1,ACC,20260516-HarringtonVillage-1,675799a0-514a-11f1-8d76-2da903682334,80.86102,,,6.53323,,,,,,,73f0cb14-48f0-42ce-85bb-8a4ada2a1c20,2026-05-16,17:12:22.32,2026-05-16T13:12:22.3223296-04:00,2026-05-16T17:12:22.3223296Z,,v3,227,100,26605,"Rogers, Drew",811441,Right,GIT_YEL,3d80398e-bb11-40a7-a9a9-16084d99c448,55.15132,-120.49534,11.23091,5.58569,1.70415,-17.04942,-1.97459,4.21053,-0.14782,,,,,,,,,,,,,,,,,,,,,,,,,,,,,,,,,,,,,,,,,,,,,,,,,,,High,High,High,,,,,,339.513197,84.426801,238.277299,0.097117,5:15,-0.9919,-0.018662,0.125642,52.379997,52.656367,59.872876,154.803827,-14.759928,0.411671,-0.25477,-0.874997,16.233774,-24.309841,0.25477,-0.411671,0.874997,-16.233774,24.309841,-0.25477,0.411671,0.874997,-154.803827,14.759928,-0.411671,0.25477,-0.874997,,,
112,2026-05-16,13:12:41.62,1,2,"Blakely, Jackson",831359,Right,GIT_YEL,"Wolff, Kyle",813479,Right,BOC_EAG,Undefined,3,Bottom,0,0,1,Fastball,Four-Seam,BallCalled,Undefined,Undefined,Undefined,0,0,,91.65133,0.135513,-2.583101,2372.271235,204.916234,12:45,5.72275,1.75998,5.99959,-16.87048,16.85867,7.25296,4.44257,-0.03073,82.16183,-3.116057,-1.280836,0.417998,,,,,,,,,,,,-4.54721,8.945,-1.56045,50,5.72421,5.66798,-132.79023,-0.16387,-7.97298,33.21337,-16.49008,BOC_EAG,GIT_YEL,HarringtonVillage,D1,ACC,20260516-HarringtonVillage-1,72df1b90-514a-11f1-8d76-2da903682334,90.17374,,,9.4895,,,,,,,73f0cb14-48f0-42ce-85bb-8a4ada2a1c20,2026-05-16,17:12:41.62,2026-05-16T13:12:41.6261120-04:00,2026-05-16T17:12:41.6261120Z,,v3,227,100,26605,"Rogers, Drew",811441,Right,GIT_YEL,e2871591-cf08-4b91-957d-3feb37435170,54.49451,-133.90967,16.60668,5.72036,0.39193,-8.24504,-1.75602,5.9367,-3.98649,,,,,,,,,,,,,,,,,,,,,,,,,,,,,,,,,,,,,,,,,,,,,,,,,,,High,High,High,,,,,,221.317802,37.495905,1882.15253,0.793397,1:30,-0.636178,-0.522387,-0.567793,-61.847536,-29.513542,-52.17401,164.925235,-3.259262,0.259659,-0.056854,-0.964025,3.375155,-15.049804,0.056854,-0.259659,0.964025,-3.375155,15.049804,-0.056854,0.259659,0.964025,-164.925235,3.259262,-0.259659,0.056854,-0.964025,,,
113,2026-05-16,13:12:59.86,1,3,"Blakely, Jackson",831359,Right,GIT_YEL,"Wolff, Kyle",813479,Right,BOC_EAG,Undefined,3,Bottom,0,1,1,Splitter,Sinker,StrikeSwinging,Undefined,Undefined,Undefined,0,0,,85.20951,-0.479413,-2.761698,1843.190065,323.333076,4:45,5.35333,2.01937,6.00087,-47.54203,-8.44292,7.35599,0.94676,0.07146,77.0259,-9.223268,-1.436642,0.450044,,,,,,,,,,,,-4.75961,-3.8461,-1.80615,50,5.28946,5.66897,-123.5352,-2.6661,-7.19129,29.7217,-37.98512,BOC_EAG,GIT_YEL,HarringtonVillage,D1,ACC,20260516-HarringtonVillage-1,7db88330-514a-11f1-8d76-2da903682334,83.75278,,,8.18361,,,,,,,73f0cb14-48f0-42ce-85bb-8a4ada2a1c20,2026-05-16,17:12:59.86,2026-05-16T13:12:59.8606336-04:00,2026-05-16T17:12:59.8606336Z,,v3,227,100,26605,"Rogers, Drew",811441,Right,GIT_YEL,31466e60-cda2-4a39-a994-2817621913f4,54.49873,-124.61287,14.86085,5.36116,-1.28882,-18.99256,-2.01643,5.92972,-3.59565,,,,,,,,,,,,,,,,,,,,,,,,,,,,,,,,,,,,,,,,,,,,,,,,,,,High,High,High,,,,,,256.844246,49.770057,1190.436762,0.645857,2:30,-0.764372,-0.635272,-0.110295,-3.948255,-1.61036,50.753889,94.074091,-11.272366,0.978231,-0.195473,-0.069676,70.381537,-78.022953,0.195473,-0.978231,0.069676,-70.381537,78.022953,-0.195473,0.978231,0.069676,-94.074091,11.272366,-0.978231,0.195473,-0.069676,,,
114,2026-05-16,13:13:22.04,1,4,"Blakely, Jackson",831359,Right,GIT_YEL,"Wolff, Kyle",813479,Right,BOC_EAG,Undefined,3,Bottom,0,1,2,Fastball,Four-Seam,BallCalled,Undefined,Undefined,Undefined,0,0,,91.98752,-0.008821,-4.527859,2334.771222,210.021973,1:00,5.67636,1.90095,6.05048,-25.07269,8.10319,4.04358,3.57878,-1.96231,83.53544,-4.69647,-3.803811,0.414555,,,,,,,,,,,,-3.41756,4.5113,-1.55017,50,5.66231,10.37179,-133.18608,-0.86705,-6.09905,30.32733,-24.12303,BOC_EAG,GIT_YEL,HarringtonVillage,D1,ACC,20260516-HarringtonVillage-1,8af33360-514a-11f1-8d76-2da903682334,90.92258,,,8.45208,,,,,,,73f0cb14-48f0-42ce-85bb-8a4ada2a1c20,2026-05-16,17:13:22.04,2026-05-16T13:13:22.0484096-04:00,2026-05-16T17:13:22.0484096Z,,v3,227,100,26605,"Rogers, Drew",811441,Right,GIT_YEL,2c6c45ad-f942-420f-817a-afec362bfd89,54.4462,-134.19469,15.16367,5.67781,-0.06478,-12.06152,-1.89848,10.57463,-3.04952,,,,,,,,,,,,,,,,,,,,,,,,,,,,,,,,,,,,,,,,,,,,,,,,,,,High,High,High,,,,,,223.043741,50.205102,1494.349961,0.640041,1:30,-0.802803,-0.436983,-0.405653,-74.628882,-16.546273,-38.96983,153.208929,-3.156302,0.450055,-0.05506,-0.891302,3.534944,-26.747193,0.05506,-0.450055,0.891302,-3.534944,26.747193,-0.05506,0.450055,0.891302,-153.208929,3.156302,-0.450055,0.05506,-0.891302,,,
115,2026-05-16,13:13:40.88,1,5,"Blakely, Jackson",831359,Right,GIT_YEL,"Wolff, Kyle",813479,Right,BOC_EAG,Undefined,3,Bottom,0,2,2,ChangeUp,Changeup,StrikeSwinging,Strikeout,Undefined,Undefined,0,0,,83.81597,-0.868219,-4.505949,1843.722086,288.495534,3:30,5.30464,2.03545,6.20512,-45.23077,-4.76481,18.99651,0.73148,-0.54914,75.22128,-9.247655,-1.079416,0.457843,,,,,,,,,,,,-11.50532,-1.74654,-1.70591,50,5.21689,8.8273,-121.25755,-3.3072,-16.65054,29.89235,-34.70163,BOC_EAG,GIT_YEL,HarringtonVillage,D1,ACC,20260516-HarringtonVillage-1,962fc9a0-514a-11f1-8d76-2da903682334,82.32617,,,8.59469,,,,,,,73f0cb14-48f0-42ce-85bb-8a4ada2a1c20,2026-05-16,17:13:40.88,2026-05-16T13:13:40.8821248-04:00,2026-05-16T17:13:40.8821248Z,,v3,227,100,26605,"Rogers, Drew",811441,Right,GIT_YEL,1d677294-8f86-4fbc-a791-5b3d13e4e50e,54.29387,-122.31149,14.94618,5.31193,-2.08369,-17.35082,-2.02749,9.41436,-8.32527,,,,,,,,,,,,,,,,,,,,,,,,,,,,,,,,,,,,,,,,,,,,,,,,,,,High,High,High,,,,,,258.465901,48.423306,1223.534488,0.663622,2:30,-0.746273,-0.661481,-0.074292,-24.420573,-1.64028,56.567354,104.14602,-74.761666,0.254865,-0.964841,-0.064235,86.191098,-14.76556,0.964841,-0.254865,0.064235,-86.191098,14.76556,-0.964841,0.254865,0.064235,-104.14602,74.761666,-0.254865,0.964841,-0.064235,,,
116,2026-05-16,13:14:16.97,2,1,"Blakely, Jackson",831359,Right,GIT_YEL,"Gallo, Luke",828057,Right,BOC_EAG,Undefined,3,Bottom,1,0,0,Curveball,Curveball,StrikeCalled,Undefined,Undefined,Undefined,0,0,,77.66037,2.829252,0.058537,2669.580687,37.903225,7:15,5.74385,1.8371,5.25111,-67.02004,-17.7584,-15.43245,2.81955,0.60607,68.97682,-9.371166,-2.683776,0.505156,,,,,,,,,,,,7.64083,-9.23056,-1.83078,50,5.95456,0.53056,-112.26699,3.11827,9.37028,27.72113,-43.4939,BOC_EAG,GIT_YEL,HarringtonVillage,D1,ACC,20260516-HarringtonVillage-1,abc266b0-514a-11f1-8d76-2da903682334,74.61538,,,8.68356,,,,,,,73f0cb14-48f0-42ce-85bb-8a4ada2a1c20,2026-05-16,17:14:16.97,2026-05-16T13:14:16.9751552-04:00,2026-05-16T17:14:16.9751552Z,,v3,227,100,26605,"Rogers, Drew",811441,Right,GIT_YEL,8766e697-9dc6-4800-87a1-b77ca33eb33d,55.24718,-113.55524,13.86056,5.76268,5.13951,-21.74695,-1.84532,0.0951,4.68514,,,,,,,,,,,,,,,,,,,,,,,,,,,,,,,,,,,,,,,,,,,,,,,,,,,High,High,High,,,,,,26.029622,34.585264,2197.81875,0.823282,6:45,-0.549863,0.388864,0.739213,112.819348,-25.374343,32.757405,174.177423,28.231437,0.08938,0.473034,-0.876499,28.355127,5.127965,0.473034,0.08938,0.876499,-28.355127,-5.127965,-0.473034,-0.08938,0.876499,-174.177423,-28.231437,-0.08938,-0.473034,-0.876499,,,
117,2026-05-16,13:14:32.60,2,2,"Blakely, Jackson",831359,Right,GIT_YEL,"Gallo, Luke",828057,Right,BOC_EAG,Undefined,3,Bottom,1,0,1,Curveball,Curveball,FoulBallNotFieldable,Undefined,Undefined,Undefined,0,0,,77.3974,1.502217,-1.447773,2775.680872,23.193274,6:45,5.68854,1.82758,5.23797,-71.9765,-22.50891,-10.50178,1.10319,-0.40861,69.38594,-11.514098,-3.317199,0.506211,44.90734,-57.246853,-124.395778,,,,,1.96748,1.96748,-9.976667,0.023428,4.68166,-11.28745,-1.68624,50,5.77296,3.25504,-112.02138,0.35671,5.72172,27.42697,-45.96908,BOC_EAG,GIT_YEL,HarringtonVillage,D1,ACC,20260516-HarringtonVillage-1,b50799c0-514a-11f1-8d76-2da903682334,74.45992,1.30386,,8.01146,,,,2.41156,1.30386,0.35125,73f0cb14-48f0-42ce-85bb-8a4ada2a1c20,2026-05-16,17:14:32.60,2026-05-16T13:14:32.6009856-04:00,2026-05-16T17:14:32.6009856Z,GroundBall,v3,227,100,26605,"Rogers, Drew",811441,Right,GIT_YEL,56c2e2b1-5bd8-4511-b555-3cab80840c59,55.26328,-113.3027,13.71349,5.70613,2.50427,-22.98454,-1.83206,2.98773,2.86086,,2.41192,-20.22491,,,,,,,,1.30484,-55.65411,,,,,,,,0.35178,-29.54241,,,,,,,,,,,,,,,,,,,,,,,,,,,,,,High,High,High,Estimated,Estimated,,,,22.354876,33.235506,2321.648407,0.836425,6:45,-0.519836,0.332387,0.786949,-48.557003,40.381152,70.556855,172.441201,23.775597,0.12038,0.403156,-0.907179,23.960631,6.914015,0.403156,0.12038,0.907179,-23.960631,-6.914015,-0.403156,-0.12038,0.907179,-172.441201,-23.775597,-0.12038,-0.403156,-0.907179,,,
118,2026-05-16,13:15:06.95,2,3,"Blakely, Jackson",831359,Right,GIT_YEL,"Gallo, Luke",828057,Right,BOC_EAG,Undefined,3,Bottom,1,0,2,Curveball,Curveball,BallCalled,Undefined,Undefined,Undefined,0,0,,76.94922,-0.350145,-1.476499,2685.488923,27.184622,7:00,5.67467,1.80754,5.24592,-70.72803,-20.56832,-11.61505,-0.5485,-0.54823,69.22596,-13.091828,-3.549202,0.50974,,,,,,,,,,,,5.30461,-9.86721,-1.66271,50,5.58921,3.31969,-111.37785,-3.13661,6.38432,27.7931,-44.04963,BOC_EAG,GIT_YEL,HarringtonVillage,D1,ACC,20260516-HarringtonVillage-1,c980fea0-514a-11f1-8d76-2da903682334,73.9444,,,7.72326,,,,,,,73f0cb14-48f0-42ce-85bb-8a4ada2a1c20,2026-05-16,17:15:06.95,2026-05-16T13:15:06.9550080-04:00,2026-05-16T17:15:06.9550080Z,,v3,227,100,26605,"Rogers, Drew",811441,Right,GIT_YEL,db105a5e-ec80-4026-aecb-bb8d159d814a,55.25571,-112.68172,13.89655,5.68788,-1.07009,-22.02481,-1.81143,3.02018,3.19216,,,,,,,,,,,,,,,,,,,,,,,,,,,,,,,,,,,,,,,,,,,,,,,,,,,High,High,High,,,,,,25.717587,36.858616,2148.708371,0.800118,6:45,-0.583179,0.343528,0.736133,-42.014342,29.042094,67.623964,177.86212,-15.894296,0.035878,-0.273863,-0.961099,15.904807,-2.05611,0.273863,-0.035878,0.961099,-15.904807,2.05611,-0.273863,0.035878,0.961099,-177.86212,15.894296,-0.035878,0.273863,-0.961099,,,
119,2026-05-16,13:15:25.36,2,4,"Blakely, Jackson",831359,Right,GIT_YEL,"Gallo, Luke",828057,Right,BOC_EAG,Undefined,3,Bottom,1,1,2,Slider,Slider,BallCalled,Undefined,Undefined,Undefined,0,0,,82.6541,-1.077788,-5.244116,2459.88345,45.717329,7:30,5.48809,1.93348,5.5051,-46.09912,-2.24823,-4.33752,0.63416,-3.34616,72.87476,-9.530355,-6.012569,0.476607,,,,,,,,,,,,-0.07016,0.00165,-1.47159,50,5.36392,11.09904,-118.86571,-3.88821,-0.09555,32.98985,-32.17179,BOC_EAG,GIT_YEL,HarringtonVillage,D1,ACC,20260516-HarringtonVillage-1,d4839920-514a-11f1-8d76-2da903682334,79.08488,,,9.77934,,,,,,,73f0cb14-48f0-42ce-85bb-8a4ada2a1c20,2026-05-16,17:15:25.36,2026-05-16T13:15:25.3683200-04:00,2026-05-16T17:15:25.3683200Z,,v3,227,100,26605,"Rogers, Drew",811441,Right,GIT_YEL,e0faa1d9-6cea-4ca9-b380-27d32a7a4457,54.9843,-120.24109,16.49493,5.49806,-2.54694,-16.08589,-1.93441,11.10303,-0.04778,,,,,,,,,,,,,,,,,,,,,,,,,,,,,,,,,,,,,,,,,,,,,,,,,,,High,High,High,,,,,,338.371248,74.667265,650.45245,0.264424,5:15,-0.935908,-0.115587,0.332741,-4.296627,27.18412,49.558854,92.372061,-50.379665,0.637151,-0.770287,-0.026393,88.03757,-39.579703,0.770287,-0.637151,0.026393,-88.03757,39.579703,-0.770287,0.637151,0.026393,-92.372061,50.379665,-0.637151,0.770287,-0.026393,,,
120,2026-05-16,13:15:40.66,2,5,"Blakely, Jackson",831359,Right,GIT_YEL,"Gallo, Luke",828057,Right,BOC_EAG,Undefined,3,Bottom,1,2,2,Curveball,Curveball,BallCalled,Undefined,Undefined,Undefined,0,0,,77.0011,0.178863,-0.973236,2600.406535,25.859481,6:45,5.72024,1.9415,5.12776,-69.83023,-19.73666,-10.53603,0.06954,0.1468,69.33616,-12.398587,-2.848262,0.509404,,,,,,,,,,,,4.92256,-9.52973,-1.84141,50,5.68222,2.31107,-111.48427,-2.12994,5.96445,26.98865,-43.72087,BOC_EAG,GIT_YEL,HarringtonVillage,D1,ACC,20260516-HarringtonVillage-1,dd9ade60-514a-11f1-8d76-2da903682334,73.99321,,,7.66494,,,,,,,73f0cb14-48f0-42ce-85bb-8a4ada2a1c20,2026-05-16,17:15:40.66,2026-05-16T13:15:40.6635008-04:00,2026-05-16T17:15:40.6635008Z,,v3,227,100,26605,"Rogers, Drew",811441,Right,GIT_YEL,2858832b-02fc-4fec-a077-b47436e1a428,55.37363,-112.77764,13.49432,5.73408,-0.03471,-21.86043,-1.94532,2.02524,2.98222,,,,,,,,,,,,,,,,,,,,,,,,,,,,,,,,,,,,,,,,,,,,,,,,,,,High,High,High,,,,,,20.003848,44.000203,1870.56952,0.719337,6:45,-0.682308,0.248241,0.687628,-44.607647,32.80686,80.629557,176.970398,-15.072099,0.051034,-0.260034,-0.96425,15.092232,-2.925289,0.260034,-0.051034,0.96425,-15.092232,2.925289,-0.260034,0.051034,0.96425,-176.970398,15.072099,-0.051034,0.260034,-0.96425,,,
121,2026-05-16,13:16:05.05,2,6,"Blakely, Jackson",831359,Right,GIT_YEL,"Gallo, Luke",828057,Right,BOC_EAG,Undefined,3,Bottom,1,3,2,Slider,Slider,InPlay,Undefined,GroundBall,Error,0,0,,82.80736,-0.32083,-2.126048,2412.825944,6.068732,6:15,5.51882,1.82418,5.49887,-44.17865,-2.30536,-0.4,1.53697,-0.19864,75.28002,-8.393911,-2.197381,0.465736,60.51199,-64.840702,-96.185328,,,,,1.55709,1.55709,-19.99795,0.019303,-0.47343,-0.67102,-1.638,50,5.46089,4.47304,-120.04962,-2.23445,-0.68143,26.21598,-33.1399,BOC_EAG,GIT_YEL,HarringtonVillage,D1,ACC,20260516-HarringtonVillage-1,ec212160-514a-11f1-8d76-2da903682334,80.93087,1.55545,,7.52734,,,,1.54192,1.55545,0.19383,73f0cb14-48f0-42ce-85bb-8a4ada2a1c20,2026-05-16,17:16:05.05,2026-05-16T13:16:05.0535936-04:00,2026-05-16T17:16:05.0535936Z,GroundBall,v3,227,100,26605,"Rogers, Drew",811441,Right,GIT_YEL,5b67a9d6-3ad7-46f5-bec6-3a86c26f4efa,54.99967,-121.13651,13.10799,5.52505,-0.86051,-16.56995,-1.82404,4.5013,-0.34071,,1.54196,-4.07793,,,,,,,,1.55622,-80.57973,,,,,,,,0.19419,-37.62772,,,,,,,,,,,,,,,,,,,,,,,,,,,,,,High,High,High,Estimated,Estimated,,,,332.66285,79.748155,429.423257,0.177975,5:00,-0.97702,-0.08724,0.194478,61.01149,56.357928,73.136961,157.74227,-15.513835,0.364973,-0.267471,-0.89177,16.69571,-21.405934,0.267471,-0.364973,0.89177,-16.69571,21.405934,-0.267471,0.364973,0.89177,-157.74227,15.513835,-0.364973,0.267471,-0.89177,72.3353,-7.72589,-3.3075
122,2026-05-16,13:16:57.46,3,1,"Blakely, Jackson",831359,Right,GIT_YEL,"Hendrickson, Carter",830138,Right,BOC_EAG,Undefined,3,Bottom,1,0,0,Fastball,Four-Seam,BallCalled,Undefined,Undefined,Undefined,0,0,,91.5119,-1.826272,-3.729376,2361.300326,195.274863,12:30,5.64481,1.85755,6.03409,-22.60139,10.83796,2.65921,2.06608,-1.37912,83.45669,-6.055846,-3.252309,0.416198,,,,,,,,,,,,-2.44847,6.44335,-1.56743,50,5.48972,8.52837,-132.58802,-4.97641,-4.34006,29.47245,-20.75286,BOC_EAG,GIT_YEL,HarringtonVillage,D1,ACC,20260516-HarringtonVillage-1,0b56a1e0-514b-11f1-8d76-2da903682334,90.56363,,,8.0552,,,,,,,73f0cb14-48f0-42ce-85bb-8a4ada2a1c20,2026-05-16,17:16:57.46,2026-05-16T13:16:57.4651904-04:00,2026-05-16T17:16:57.4651904Z,,v3,227,100,26605,"Rogers, Drew",811441,Right,GIT_YEL,656d09e1-62b0-4bc8-bc7f-6c8d6508d9d4,54.46292,-133.57638,14.73623,5.64493,-4.28046,-10.37643,-1.85587,8.67391,-2.17003,,,,,,,,,,,,,,,,,,,,,,,,,,,,,,,,,,,,,,,,,,,,,,,,,,,High,High,High,,,,,,227.057465,46.170068,1635.248012,0.69252,1:30,-0.73407,-0.529683,-0.424942,-72.012484,-14.300031,-39.034525,160.408513,-3.804067,0.334573,-0.066345,-0.940032,4.037077,-19.546564,0.066345,-0.334573,0.940032,-4.037077,19.546564,-0.066345,0.334573,0.940032,-160.408513,3.804067,-0.334573,0.066345,-0.940032,,,
123,2026-05-16,13:17:17.57,3,2,"Blakely, Jackson",831359,Right,GIT_YEL,"Hendrickson, Carter",830138,Right,BOC_EAG,Undefined,3,Bottom,1,1,0,ChangeUp,Changeup,FoulBallNotFieldable,Undefined,Undefined,Undefined,0,0,,83.75807,0.100312,-3.274421,1720.885999,273.220643,3:00,5.3133,2.05697,6.08789,-39.3151,0.58807,13.6069,2.13,0.15855,76.1893,-7.186061,-0.825057,0.454648,88.38312,40.609299,-47.437433,4064.832431,71.41052,80.12944,-83.66922,328.02428,136.99849,-55.690014,5.305564,-8.0765,0.61795,-1.81153,50,5.30017,6.43415,-121.50891,-1.0512,-11.95672,25.98186,-31.25921,BOC_EAG,GIT_YEL,HarringtonVillage,D1,ACC,20260516-HarringtonVillage-1,175af4f0-514b-11f1-8d76-2da903682334,82.90472,100.95841,,7.56877,,,,3.58811,2.47223,-0.2551,73f0cb14-48f0-42ce-85bb-8a4ada2a1c20,2026-05-16,17:17:17.57,2026-05-16T13:17:17.5784448-04:00,2026-05-16T17:17:17.5784448Z,FlyBall,v3,227,100,26605,"Rogers, Drew",811441,Right,GIT_YEL,1a48c222-c859-4347-83be-17504963520b,54.41212,-122.44871,12.99093,5.31775,0.07948,-15.62961,-2.05208,6.86664,-5.97836,,3.59109,66.49874,-14.8775,3.11931,-0.28504,-0.06427,0.02461,-0.00296,0.00012,2.4723,84.36881,-21.3654,2.00318,-0.33206,0.01224,0.01165,-0.00244,0.00015,-0.2573,-72.44021,8.63773,-1.57226,0.15476,0.01448,-0.00661,0.00072,-3E-05,,,,,,,,,,,,,,,,,,,,,,,High,High,High,High,Low,,,,253.205502,49.057104,1127.707808,0.655307,2:30,-0.76604,-0.626032,-0.145827,-3.109778,-6.788223,44.491214,91.366217,-5.244089,0.995531,-0.091399,-0.023743,75.437991,-84.581347,0.091399,-0.995531,0.023743,-75.437991,84.581347,-0.091399,0.995531,0.023743,-91.366217,5.244089,-0.995531,0.091399,-0.023743,78.35424,18.0476,-33.48399
124,2026-05-16,13:17:48.30,3,3,"Blakely, Jackson",831359,Right,GIT_YEL,"Hendrickson, Carter",830138,Right,BOC_EAG,Undefined,3,Bottom,1,1,1,Slider,Slider,FoulBallNotFieldable,Undefined,Undefined,Undefined,0,0,,82.28215,-0.151835,-3.04205,2306.698271,257.712072,2:30,5.56974,1.79636,5.65954,-39.2364,1.77473,3.23386,2.15825,-0.77364,76.75463,-7.305474,-2.46475,0.460916,101.24067,-52.960918,-70.98578,,,,,4.19076,4.19076,-14.349211,0.020349,-2.36508,1.21181,-1.54094,50,5.53144,6.2324,-119.5969,-1.64152,-3.48278,19.45152,-30.38956,BOC_EAG,GIT_YEL,HarringtonVillage,D1,ACC,20260516-HarringtonVillage-1,29a7dce0-514b-11f1-8d76-2da903682334,81.77717,2.4159,,5.52752,,,,3.46605,2.4159,0.68502,73f0cb14-48f0-42ce-85bb-8a4ada2a1c20,2026-05-16,17:17:48.30,2026-05-16T13:17:48.3072512-04:00,2026-05-16T17:17:48.3072512Z,GroundBall,v3,227,100,26605,"Rogers, Drew",811441,Right,GIT_YEL,736239b6-afa0-459e-bf4e-15aa31d0e8b6,54.84259,-120.38194,9.72576,5.57294,-0.41504,-15.19478,-1.79531,6.37296,-1.74139,,3.46589,29.1896,,,,,,,,2.41656,-118.72515,,,,,,,,0.68549,-84.70446,,,,,,,,,,,,,,,,,,,,,,,,,,,,,,High,High,High,Estimated,Estimated,,,,290.347796,77.607236,495.04507,0.214612,3:45,-0.970827,-0.203808,0.126323,-45.933758,66.441748,-15.279559,151.197663,-13.318324,0.468832,-0.230361,-0.85272,15.11751,-27.958494,0.230361,-0.468832,0.85272,-15.11751,27.958494,-0.230361,0.468832,0.85272,-151.197663,13.318324,-0.468832,0.230361,-0.85272,66.21143,10.47373,-16.12054
125,2026-05-16,13:18:22.17,3,4,"Blakely, Jackson",831359,Right,GIT_YEL,"Hendrickson, Carter",830138,Right,BOC_EAG,Undefined,3,Bottom,1,1,2,Fastball,Four-Seam,BallCalled,Undefined,Undefined,Undefined,0,0,,92.19781,-0.682711,-4.540009,2348.126365,207.296436,1:00,5.73244,1.74297,6.05169,-20.18903,12.82792,6.04843,3.41602,-1.96445,83.70038,-4.49449,-3.456861,0.413561,,,,,,,,,,,,-4.44851,7.13304,-1.3924,50,5.66837,10.33742,-133.48343,-2.23389,-7.97721,30.36932,-19.38286,BOC_EAG,GIT_YEL,HarringtonVillage,D1,ACC,20260516-HarringtonVillage-1,3dd5b9d0-514b-11f1-8d76-2da903682334,91.14111,,,8.49744,,,,,,,73f0cb14-48f0-42ce-85bb-8a4ada2a1c20,2026-05-16,17:18:22.17,2026-05-16T13:18:22.1732864-04:00,2026-05-16T17:18:22.1732864Z,,v3,227,100,26605,"Rogers, Drew",811441,Right,GIT_YEL,c0611e01-ee7b-4554-8e8b-512780da25d3,54.44512,-134.49095,15.18466,5.73181,-1.59085,-9.69143,-1.73974,10.60207,-3.98861,,,,,,,,,,,,,,,,,,,,,,,,,,,,,,,,,,,,,,,,,,,,,,,,,,,High,High,High,,,,,,224.965466,41.031314,1771.311262,0.754351,1:30,-0.690281,-0.540869,-0.480597,-75.151268,-19.745036,-37.172147,157.849996,-8.468531,0.372922,-0.147266,-0.916101,9.132347,-21.895932,0.147266,-0.372922,0.916101,-9.132347,21.895932,-0.147266,0.372922,0.916101,-157.849996,8.468531,-0.372922,0.147266,-0.916101,,,
126,2026-05-16,13:19:07.05,3,5,"Blakely, Jackson",831359,Right,GIT_YEL,"Hendrickson, Carter",830138,Right,BOC_EAG,Undefined,3,Bottom,1,2,2,Splitter,Splitter,StrikeSwinging,Strikeout,Undefined,Undefined,0,0,,85.18972,-0.830543,-2.415974,895.526107,333.517925,5:00,5.66934,1.83173,5.82065,-46.70573,-7.2739,4.35331,1.00428,-0.05301,76.95612,-9.394619,-1.634166,0.451955,,,,,,,,,,,,-3.07634,-3.07646,-1.63669,50,5.57363,5.03279,-123.45951,-3.43372,-4.63703,29.94203,-36.81125,BOC_EAG,GIT_YEL,HarringtonVillage,D1,ACC,20260516-HarringtonVillage-1,589801b0-514b-11f1-8d76-2da903682334,83.39874,,,8.2336,,,,,,,73f0cb14-48f0-42ce-85bb-8a4ada2a1c20,2026-05-16,17:19:07.05,2026-05-16T13:19:07.0506496-04:00,2026-05-16T17:19:07.0506496Z,,v3,227,100,26605,"Rogers, Drew",811441,Right,GIT_YEL,11ebbf46-6658-474f-bd9e-caa7f1390ebe,54.67822,-124.58893,14.97101,5.67696,-2.04519,-18.40562,-1.82983,5.2077,-2.31851,,,,,,,,,,,,,,,,,,,,,,,,,,,,,,,,,,,,,,,,,,,,,,,,,,,High,High,High,,,,,,302.431027,61.065353,433.266005,0.483812,4:00,-0.857451,-0.420998,0.295869,34.330135,-0.166561,52.863879,90.439323,-58.468376,0.522954,-0.852352,-0.00401,89.730453,-31.53059,0.852352,-0.522954,0.00401,-89.730453,31.53059,-0.852352,0.522954,0.00401,-90.439323,58.468376,-0.522954,0.852352,-0.00401,,,
127,2026-05-16,13:19:40.70,4,1,"Blakely, Jackson",831359,Right,GIT_YEL,"Gonzalez, Cesar",831498,Right,BOC_EAG,Undefined,3,Bottom,2,0,0,Splitter,Sinker,StrikeSwinging,Undefined,Undefined,Undefined,0,0,,84.91856,0.304048,-3.017274,1695.97176,328.397681,5:00,5.42313,1.96923,5.95936,-50.38818,-11.14166,7.70634,1.50645,-0.18908,77.05616,-8.941543,-1.631083,0.450891,,,,,,,,,,,,-4.96878,-5.48855,-1.73395,50,5.41905,6.18656,-123.15569,-1.09712,-7.50097,28.35551,-40.45965,BOC_EAG,GIT_YEL,HarringtonVillage,D1,ACC,20260516-HarringtonVillage-1,6ca78130-514b-11f1-8d76-2da903682334,83.59541,,,7.8624,,,,,,,73f0cb14-48f0-42ce-85bb-8a4ada2a1c20,2026-05-16,17:19:40.70,2026-05-16T13:19:40.7058432-04:00,2026-05-16T17:19:40.7058432Z,,v3,227,100,26605,"Rogers, Drew",811441,Right,GIT_YEL,02917c7b-3c10-4cb0-b5a7-ccace48c90c2,54.54129,-124.19688,14.17775,5.43205,0.38852,-20.22982,-1.96617,6.46199,-3.75049,,,,,,,,,,,,,,,,,,,,,,,,,,,,,,,,,,,,,,,,,,,,,,,,,,,High,High,High,,,,,,258.084377,48.672861,1119.947564,0.660357,2:30,-0.760501,-0.642134,-0.096448,1.992353,1.23264,48.358611,97.115596,-7.904891,0.982869,-0.137529,-0.122695,48.262732,-79.379406,0.137529,-0.982869,0.122695,-48.262732,79.379406,-0.137529,0.982869,0.122695,-97.115596,7.904891,-0.982869,0.137529,-0.122695,,,
128,2026-05-16,13:20:00.81,4,2,"Blakely, Jackson",831359,Right,GIT_YEL,"Gonzalez, Cesar",831498,Right,BOC_EAG,Undefined,3,Bottom,2,0,1,ChangeUp,Changeup,FoulBallNotFieldable,Undefined,Undefined,Undefined,0,0,,84.69177,-0.490776,-4.735216,1885.545753,285.749046,3:30,5.36781,1.85376,5.71487,-42.18947,-2.59784,13.85792,1.39325,-1.41265,77.37111,-8.209479,-2.263296,0.452869,,,,,,,,,,,,-8.43221,-0.77803,-1.46556,50,5.30053,9.58601,-122.60669,-2.54385,-12.76752,25.43833,-33.35211,BOC_EAG,GIT_YEL,HarringtonVillage,D1,ACC,20260516-HarringtonVillage-1,78a5b9c0-514b-11f1-8d76-2da903682334,83.23025,,,7.32065,,,,,,,73f0cb14-48f0-42ce-85bb-8a4ada2a1c20,2026-05-16,17:20:00.81,2026-05-16T13:20:00.8198144-04:00,2026-05-16T17:20:00.8198144Z,,v3,227,100,26605,"Rogers, Drew",811441,Right,GIT_YEL,bc2ed07a-ce18-4fdd-9b89-d337b1b6eb43,54.7849,-123.59547,12.71916,5.37422,-1.24746,-16.67606,-1.84781,10.08228,-6.38376,,,,,,,,,,,,,,,,,,,,,,,,,,,,,,,,,,,,,,,,,,,,,,,,,,,High,High,High,,,,,,254.075335,47.628804,1270.727859,0.673931,2:30,-0.745978,-0.654372,-0.12375,21.294277,-14.500831,48.499678,114.106466,-79.764157,0.162203,-0.984085,-0.072579,85.781925,-9.334778,0.984085,-0.162203,0.072579,-85.781925,9.334778,-0.984085,0.162203,0.072579,-114.106466,79.764157,-0.162203,0.984085,-0.072579,,,
129,2026-05-16,13:20:24.25,4,3,"Blakely, Jackson",831359,Right,GIT_YEL,"Gonzalez, Cesar",831498,Right,BOC_EAG,Undefined,3,Bottom,2,0,2,ChangeUp,Changeup,FoulBallNotFieldable,Undefined,Undefined,Undefined,0,0,,84.76227,-0.489281,-2.989868,1776.247289,266.338462,3:00,5.35101,2.07334,6.09793,-36.8597,2.33713,14.42812,1.82621,0.5079,76.6301,-7.344198,-0.390539,0.450606,,,,,,,,,,,,-8.44784,1.75284,-1.85068,50,5.29405,5.85502,-122.89955,-2.24159,-12.70525,28.14562,-29.53782,BOC_EAG,GIT_YEL,HarringtonVillage,D1,ACC,20260516-HarringtonVillage-1,869ed7f0-514b-11f1-8d76-2da903682334,83.64838,,,8.13216,,,,,,,73f0cb14-48f0-42ce-85bb-8a4ada2a1c20,2026-05-16,17:20:24.25,2026-05-16T13:20:24.2505728-04:00,2026-05-16T17:20:24.2505728Z,,v3,227,100,26605,"Rogers, Drew",811441,Right,GIT_YEL,7c1d0197-a3d6-467d-b8b9-93b2542743f6,54.40053,-123.90323,14.07281,5.3552,-1.18826,-14.76891,-2.06755,6.3081,-6.35262,,,,,,,,,,,,,,,,,,,,,,,,,,,,,,,,,,,,,,,,,,,,,,,,,,,High,High,High,,,,,,253.575386,39.821759,1364.229646,0.76804,2:30,-0.644551,-0.74214,-0.183797,-14.496764,-3.723779,57.131603,94.755001,-9.447405,0.983042,-0.164142,-0.081771,63.51885,-79.43316,0.164142,-0.983042,0.081771,-63.51885,79.43316,-0.164142,0.983042,0.081771,-94.755001,9.447405,-0.983042,0.164142,-0.081771,,,
130,2026-05-16,13:21:45.14,4,4,"Blakely, Jackson",831359,Right,GIT_YEL,"Gonzalez, Cesar",831498,Right,BOC_EAG,Undefined,3,Bottom,2,0,2,Splitter,Splitter,BallCalled,Undefined,Undefined,Undefined,0,0,,85.99425,1.643776,-1.500177,943.188479,344.31204,5:30,5.7767,2.01156,5.56093,-46.84447,-7.09741,2.47047,3.40965,0.81556,75.91005,-6.992096,-1.059285,0.453758,66.97624,13.611902,130.347882,2933.230053,,,,123.50188,44.51917,137.297836,1.630726,-1.8211,-3.61878,-1.88364,50,5.88885,3.14335,-124.29287,1.79534,-2.73735,33.98251,-37.61347,BOC_EAG,GIT_YEL,HarringtonVillage,D1,ACC,20260516-HarringtonVillage-1,b6d93000-514b-11f1-8d76-2da903682334,83.06732,11.60833,,10.0842,,,,-1.30074,3.21553,-0.82128,73f0cb14-48f0-42ce-85bb-8a4ada2a1c20,2026-05-16,17:21:45.14,2026-05-16T13:21:45.1491328-04:00,2026-05-16T17:21:45.1491328Z,GroundBall,v3,227,100,26605,"Rogers, Drew",811441,Right,GIT_YEL,5321c559-73b4-45cf-83fb-c8e55da46b9a,54.93143,-125.63393,16.99126,5.78871,3.27969,-18.80674,-2.00982,3.25138,-1.36867,,-1.30075,-61.81053,4.89756,-0.35869,0.00591,-0.07347,0.06787,-0.02584,0.00379,3.21554,23.1167,-16.33838,0.64321,-0.14459,0.17969,-0.12531,0.04488,-0.00646,-0.82129,72.76411,-17.97224,4.25522,-0.73144,-0.07323,0.13204,-0.05185,0.00768,,,,,,,,,,,,,,,,,,,,,,,High,High,High,High,Low,,,,282.662306,54.706692,544.938745,0.577762,3:30,-0.828439,-0.540065,0.148387,47.428284,-10.712896,54.383986,93.249861,-28.446929,0.877845,-0.476345,-0.049846,84.026213,-61.383453,0.476345,-0.877845,0.049846,-84.026213,61.383453,-0.476345,0.877845,0.049846,-93.249861,28.446929,-0.877845,0.476345,-0.049846,27.17702,-2.85524,17.70684
131,2026-05-16,13:22:43.62,4,5,"Blakely, Jackson",831359,Right,GIT_YEL,"Williams, Ben",831962,Right,BOC_EAG,Undefined,3,Bottom,2,0,0,ChangeUp,Changeup,BallCalled,Undefined,Undefined,Undefined,0,0,,85.12662,-3.249781,-3.966658,1627.053113,264.886064,2:45,5.34161,2.08907,6.17495,-36.45636,2.97417,15.5045,-0.70815,-0.28811,76.39067,-10.016348,-1.16864,0.451947,,,,,,,,,,,,-9.60985,3.10012,-1.79688,50,5.07658,7.94143,-123.00256,-8.14689,-14.27342,31.32987,-27.56945,BOC_EAG,GIT_YEL,HarringtonVillage,D1,ACC,20260516-HarringtonVillage-1,d9ad0cf0-514b-11f1-8d76-2da903682334,83.40011,,,8.73595,,,,,,,73f0cb14-48f0-42ce-85bb-8a4ada2a1c20,2026-05-16,17:22:43.62,2026-05-16T13:22:43.6201472-04:00,2026-05-16T17:22:43.6201472Z,,v3,227,100,26605,"Rogers, Drew",811441,Right,GIT_YEL,bcf028a7-6559-4f76-b1ee-2991c602c9d9,54.3237,-124.09895,15.66493,5.3448,-7.18209,-13.78472,-2.08353,8.44094,-7.13671,,,,,,,,,,,,,,,,,,,,,,,,,,,,,,,,,,,,,,,,,,,,,,,,,,,High,High,High,,,,,,253.878632,31.150496,1392.450798,0.855812,2:30,-0.485162,-0.85016,-0.204564,-6.308707,-25.177077,63.078988,174.642325,-76.368375,0.022006,-0.971831,-0.234649,76.425721,-1.260951,0.971831,-0.022006,0.234649,-76.425721,1.260951,-0.971831,0.022006,0.234649,-174.642325,76.368375,-0.022006,0.971831,-0.234649,,,
132,2026-05-16,13:24:30.04,4,6,"Blakely, Jackson",831359,Right,GIT_YEL,"Williams, Ben",831962,Right,BOC_EAG,Undefined,3,Bottom,2,1,0,Slider,Slider,BallCalled,Undefined,Undefined,Undefined,0,0,,84.09929,-1.502104,-1.175183,2381.721723,42.289093,7:30,5.66319,1.95978,5.64572,-41.55337,-1.00689,-2.25083,0.79866,0.67588,76.24986,-9.116117,-1.578313,0.458298,,,,,,,,,,,,0.75807,0.37004,-1.85858,50,5.50926,2.59252,-121.91042,-4.64729,1.11942,28.16704,-31.62761,BOC_EAG,GIT_YEL,HarringtonVillage,D1,ACC,20260516-HarringtonVillage-1,191f6bd0-514c-11f1-8d76-2da903682334,82.24437,,,7.84942,,,,,,,73f0cb14-48f0-42ce-85bb-8a4ada2a1c20,2026-05-16,17:24:30.04,2026-05-16T13:24:30.0410880-04:00,2026-05-16T17:24:30.0410880Z,,v3,227,100,26605,"Rogers, Drew",811441,Right,GIT_YEL,916a4ed5-ad93-4193-bfb4-07f4ea20bf5b,54.85233,-123.02643,14.08352,5.66856,-3.39417,-15.81381,-1.96042,2.54816,0.55971,,,,,,,,,,,,,,,,,,,,,,,,,,,,,,,,,,,,,,,,,,,,,,,,,,,High,High,High,,,,,,317.012467,83.53786,268.054808,0.112547,4:30,-0.989396,-0.102759,0.102642,36.645662,64.568162,58.521311,158.03535,-19.542616,0.352487,-0.334508,-0.873989,20.943692,-20.639535,0.334508,-0.352487,0.873989,-20.943692,20.639535,-0.334508,0.352487,0.873989,-158.03535,19.542616,-0.352487,0.334508,-0.873989,,,
133,2026-05-16,13:24:44.41,4,7,"Blakely, Jackson",831359,Right,GIT_YEL,"Williams, Ben",831962,Right,BOC_EAG,Undefined,3,Bottom,2,2,0,Slider,Slider,BallCalled,Undefined,Undefined,Undefined,0,0,,83.48214,-0.159271,-3.660686,2456.89519,328.668513,5:00,5.53859,1.91424,5.63377,-41.72459,-0.72276,1.2939,1.91264,-1.39794,75.95503,-7.804664,-3.430043,0.460864,,,,,,,,,,,,-1.78709,0.12449,-1.60333,50,5.49857,7.68138,-120.89883,-1.79804,-2.6166,25.93664,-31.99177,BOC_EAG,GIT_YEL,HarringtonVillage,D1,ACC,20260516-HarringtonVillage-1,21b3c570-514c-11f1-8d76-2da903682334,81.78641,,,7.52712,,,,,,,73f0cb14-48f0-42ce-85bb-8a4ada2a1c20,2026-05-16,17:24:44.41,2026-05-16T13:24:44.4154368-04:00,2026-05-16T17:24:44.4154368Z,,v3,227,100,26605,"Rogers, Drew",811441,Right,GIT_YEL,29004345-48d0-4744-8af7-5cdcaf7722e9,54.86359,-121.93776,12.96832,5.54493,-0.51656,-15.99588,-1.91312,7.78619,-1.3083,,,,,,,,,,,,,,,,,,,,,,,,,,,,,,,,,,,,,,,,,,,,,,,,,,,High,High,High,,,,,,298.27432,82.538149,319.067231,0.129866,4:00,-0.98526,-0.117128,0.124678,105.195382,18.221604,-64.681496,163.610271,-19.78652,0.26551,-0.338517,-0.902724,20.555768,-15.397278,0.338517,-0.26551,0.902724,-20.555768,15.397278,-0.338517,0.26551,0.902724,-163.610271,19.78652,-0.26551,0.338517,-0.902724,,,
134,2026-05-16,13:25:00.33,4,8,"Blakely, Jackson",831359,Right,GIT_YEL,"Williams, Ben",831962,Right,BOC_EAG,Undefined,3,Bottom,2,3,0,Slider,Slider,BallCalled,Walk,Undefined,Undefined,0,0,,83.10175,-0.097047,-0.704664,2413.629915,4.466311,6:15,5.59353,1.86865,5.59774,-45.10018,-3.66819,-0.40047,1.74458,1.17737,75.42368,-8.357903,-0.776307,0.463275,,,,,,,,,,,,-0.02469,-1.36154,-1.80802,50,5.55626,1.49921,-120.5404,-1.80596,-0.03575,26.70541,-34.14727,BOC_EAG,GIT_YEL,HarringtonVillage,D1,ACC,20260516-HarringtonVillage-1,2b31bbc0-514c-11f1-8d76-2da903682334,81.36075,,,7.67808,,,,,,,73f0cb14-48f0-42ce-85bb-8a4ada2a1c20,2026-05-16,17:25:00.33,2026-05-16T13:25:00.3377152-04:00,2026-05-16T17:25:00.3377152Z,,v3,227,100,26605,"Rogers, Drew",811441,Right,GIT_YEL,f2d3da38-31fa-4d44-810f-0de74c160f7f,54.89961,-121.62105,13.35271,5.60138,-0.42417,-17.07364,-1.86872,1.50066,-0.01787,,,,,,,,,,,,,,,,,,,,,,,,,,,,,,,,,,,,,,,,,,,,,,,,,,,High,High,High,,,,,,334.100916,83.006336,293.882589,0.12176,5:15,-0.991046,-0.054864,0.121728,101.670998,17.271476,-68.13613,166.998352,-19.871986,0.211583,-0.33992,-0.916345,20.352432,-12.215111,0.33992,-0.211583,0.916345,-20.352432,12.215111,-0.33992,0.211583,0.916345,-166.998352,19.871986,-0.211583,0.33992,-0.916345,,,
135,2026-05-16,13:25:38.18,5,1,"Blakely, Jackson",831359,Right,GIT_YEL,"Larson, Colin",831502,Left,BOC_EAG,Undefined,3,Bottom,2,0,0,ChangeUp,Changeup,FoulBallNotFieldable,Undefined,Undefined,Undefined,0,0,,85.11693,0.137586,-2.746187,1542.978847,291.785731,3:45,5.35249,2.10854,6.14897,-42.58361,-3.31307,12.18343,1.93113,0.58444,76.07252,-7.782322,-0.547872,0.451029,,,,,,,,,,,,-7.30122,-1.32563,-1.90564,50,5.34156,5.42899,-123.30509,-1.11665,-10.90366,31.36694,-34.15374,BOC_EAG,GIT_YEL,HarringtonVillage,D1,ACC,20260516-HarringtonVillage-1,41c722d0-514c-11f1-8d76-2da903682334,83.56983,,,9.04441,,,,,,,73f0cb14-48f0-42ce-85bb-8a4ada2a1c20,2026-05-16,17:25:38.18,2026-05-16T13:25:38.1825024-04:00,2026-05-16T17:25:38.1825024Z,,v3,227,100,26605,"Rogers, Drew",811441,Right,GIT_YEL,4d0cc6df-5c07-44ee-98da-36f28daee6a2,54.34787,-124.40621,15.68347,5.35971,0.08229,-17.07687,-2.10294,5.81176,-5.45183,,,,,,,,,,,,,,,,,,,,,,,,,,,,,,,,,,,,,,,,,,,,,,,,,,,High,High,High,,,,,,253.002852,39.876461,1184.126126,0.767429,2:30,-0.652905,-0.732365,-0.193278,-7.251018,-15.80535,49.654541,171.17172,-85.164761,0.012936,-0.996441,-0.083292,85.221778,-0.741222,0.996441,-0.012936,0.083292,-85.221778,0.741222,-0.996441,0.012936,0.083292,-171.17172,85.164761,-0.012936,0.996441,-0.083292,,,
136,2026-05-16,13:25:59.51,5,2,"Blakely, Jackson",831359,Right,GIT_YEL,"Larson, Colin",831502,Left,BOC_EAG,Undefined,3,Bottom,2,0,1,ChangeUp,Changeup,FoulBallNotFieldable,Undefined,Undefined,Undefined,0,0,,84.42276,-0.436201,-2.844958,1509.519548,291.817461,3:45,5.32999,2.11695,6.451,-43.1962,-4.37705,14.27792,1.32907,0.69091,76.80593,-8.46028,-0.252203,0.44843,81.97908,-53.082855,94.850833,,,,,1.59475,1.59475,11.890875,0.014161,-8.39638,-1.78563,-1.9215,50,5.28013,5.56477,-122.57624,-2.2854,-12.60134,27.29413,-34.85391,BOC_EAG,GIT_YEL,HarringtonVillage,D1,ACC,20260516-HarringtonVillage-1,4e7682f0-514c-11f1-8d76-2da903682334,84.0543,1.36327,,7.61682,,,,1.64714,1.36327,-0.69195,73f0cb14-48f0-42ce-85bb-8a4ada2a1c20,2026-05-16,17:25:59.51,2026-05-16T13:25:59.5128320-04:00,2026-05-16T17:25:59.5128320Z,GroundBall,v3,227,100,26605,"Rogers, Drew",811441,Right,GIT_YEL,e7b6ecca-f9b0-48d7-ade8-59a4c56170b4,54.04915,-123.47457,13.64707,5.33647,-1.13825,-17.42696,-2.11147,5.97952,-6.30067,,1.64716,-6.11607,,,,,,,,1.36359,-96.26982,,,,,,,,-0.69219,72.06742,,,,,,,,,,,,,,,,,,,,,,,,,,,,,,High,High,High,Estimated,Estimated,,,,249.083584,27.798769,1335.3074,0.884591,2:15,-0.475171,-0.829825,-0.29258,-15.317436,-29.588075,55.814762,145.990521,76.814456,0.127586,0.973636,-0.189087,79.009587,7.330125,0.973636,0.127586,0.189087,-79.009587,-7.330125,-0.973636,-0.127586,0.189087,-145.990521,-76.814456,-0.127586,-0.973636,-0.189087,76.4872,12.3133,3.84936
137,2026-05-16,13:26:35.42,5,3,"Blakely, Jackson",831359,Right,GIT_YEL,"Larson, Colin",831502,Left,BOC_EAG,Undefined,3,Bottom,2,0,2,Splitter,Changeup,FoulBallNotFieldable,Undefined,Undefined,Undefined,0,0,,84.62861,-0.25589,-2.503413,3546.384734,325.124487,4:45,5.69891,1.92097,5.66465,-48.55133,-8.19201,6.79414,1.41414,0.15137,76.05836,-9.149076,-1.287103,0.457239,105.86177,-29.533066,55.86847,,,,,4.25732,4.25732,29.221496,0.020078,-4.35626,-3.65689,-1.7137,50,5.64668,5.07576,-122.55807,-2.29678,-6.44457,30.39342,-37.584,BOC_EAG,GIT_YEL,HarringtonVillage,D1,ACC,20260516-HarringtonVillage-1,63d9f9b0-514c-11f1-8d76-2da903682334,82.43488,1.5381,,8.57025,,,,2.1922,1.5381,-0.16891,73f0cb14-48f0-42ce-85bb-8a4ada2a1c20,2026-05-16,17:26:35.42,2026-05-16T13:26:35.4238976-04:00,2026-05-16T17:26:35.4238976Z,GroundBall,v3,227,100,26605,"Rogers, Drew",811441,Right,GIT_YEL,e1eb08c0-3390-41be-b150-1b3d06daee42,54.83335,-123.7509,15.19671,5.70787,-0.82175,-18.792,-1.91787,5.32869,-3.22229,,2.19197,75.87078,,,,,,,,1.53834,-76.60641,,,,,,,,-0.16926,111.92794,,,,,,,,,,,,,,,,,,,,,,,,,,,,,,High,High,High,Estimated,Estimated,,,,281.001426,52.152357,2175.933585,0.613564,3:15,-0.781082,-0.605809,0.15135,47.372533,-9.328274,45.509486,109.375407,-70.397182,0.316497,-0.942041,-0.111304,83.261659,-18.451211,0.942041,-0.316497,0.111304,-83.261659,18.451211,-0.942041,0.316497,0.111304,-109.375407,70.397182,-0.316497,0.942041,-0.111304,70.85273,13.87442,15.28142
138,2026-05-16,13:27:06.04,5,4,"Blakely, Jackson",831359,Right,GIT_YEL,"Larson, Colin",831502,Left,BOC_EAG,Undefined,3,Bottom,2,0,2,ChangeUp,Changeup,BallCalled,Undefined,Undefined,Undefined,0,0,,84.05562,1.178172,-2.627342,1767.512549,255.265898,2:30,5.43716,2.23689,6.17704,-35.44203,5.67595,14.31583,3.573,1.00183,73.2398,-5.547399,-0.046611,0.461517,,,,,,,,,,,,-8.37304,3.0189,-2.04452,50,5.50946,4.96675,-121.39198,1.39471,-11.87001,34.78753,-27.89432,BOC_EAG,GIT_YEL,HarringtonVillage,D1,ACC,20260516-HarringtonVillage-1,761e2f10-514c-11f1-8d76-2da903682334,81.67084,,,10.81582,,,,,,,73f0cb14-48f0-42ce-85bb-8a4ada2a1c20,2026-05-16,17:27:06.04,2026-05-16T13:27:06.0483072-04:00,2026-05-16T17:27:06.0483072Z,,v3,227,100,26605,"Rogers, Drew",811441,Right,GIT_YEL,48b8f408-931a-4161-a61b-298277068ce7,54.31118,-122.62122,17.39376,5.44276,2.38038,-13.94716,-2.22743,5.38618,-5.93501,,,,,,,,,,,,,,,,,,,,,,,,,,,,,,,,,,,,,,,,,,,,,,,,,,,High,High,High,,,,,,249.545117,36.998405,1411.627902,0.798652,2:15,-0.629197,-0.735763,-0.250526,-17.252207,-14.598825,56.858285,106.816242,-82.844457,0.119237,-0.992212,-0.036037,87.919963,-6.848055,0.992212,-0.119237,0.036037,-87.919963,6.848055,-0.992212,0.119237,0.036037,-106.816242,82.844457,-0.119237,0.992212,-0.036037,,,
139,2026-05-16,13:27:35.88,5,5,"Blakely, Jackson",831359,Right,GIT_YEL,"Larson, Colin",831502,Left,BOC_EAG,Undefined,3,Bottom,2,1,2,Curveball,Sinker,BallCalled,Undefined,Undefined,CaughtStealing,1,0,,85.06791,-2.094845,-2.021317,2286.995063,314.945955,4:30,5.59601,1.82873,5.48301,-52.4666,-11.54552,13.33446,-0.73827,1.04798,75.71057,-11.634464,0.366164,0.46041,,,,,,,,,,,,-7.65217,-4.64496,-1.66106,50,5.37628,3.77894,-122.93856,-6.43655,-11.18127,34.62246,-38.9612,BOC_EAG,GIT_YEL,HarringtonVillage,D1,ACC,20260516-HarringtonVillage-1,87f39d10-514c-11f1-8d76-2da903682334,81.86705,,,9.35734,,,,,,,73f0cb14-48f0-42ce-85bb-8a4ada2a1c20,2026-05-16,17:27:35.88,2026-05-16T13:27:35.8864896-04:00,2026-05-16T17:27:35.8864896Z,,v3,227,100,26605,"Rogers, Drew",811441,Right,GIT_YEL,4133bdf3-ff7a-4b51-8b20-7746fd909b3e,55.01514,-124.34292,17.31123,5.60531,-4.8562,-19.4806,-1.82354,4.23248,-5.59064,,,,,,,,,,,,,,,,,,,,,,,,,,,,,,,,,,,,,,,,,,,,,,,,,,,High,High,High,,,,,,286.264458,44.972231,1617.933297,0.707449,3:30,-0.674054,-0.704518,0.222049,48.052524,-9.411571,56.19655,107.850321,-65.655363,0.39238,-0.911082,-0.12636,82.103914,-23.102673,0.911082,-0.39238,0.12636,-82.103914,23.102673,-0.911082,0.39238,0.12636,-107.850321,65.655363,-0.39238,0.911082,-0.12636,,,
140,2026-05-16,13:32:14.84,1,1,"Kipp, Kyle",822339,Right,BOC_EAG,"Rogers, Drew",811441,Right,GIT_YEL,Undefined,4,Top,0,0,0,ChangeUp,Changeup,BallCalled,Undefined,Undefined,Undefined,0,0,,78.84223,0.11096,-2.168618,1433.929372,277.186887,3:15,5.55651,2.39439,5.99819,-45.81156,-0.07193,14.34576,1.84177,1.57942,70.98642,-8.385612,0.414595,0.486763,,,,,,,,,,,,-8.23764,0.3026,-2.23194,50,5.53995,3.81076,-114.32133,-1.17868,-10.63073,25.95826,-31.78352,BOC_EAG,GIT_YEL,HarringtonVillage,D1,ACC,20260516-HarringtonVillage-1,2e2b0920-514d-11f1-8d76-2da903682334,77.43487,,,7.85581,,,,,,,73f0cb14-48f0-42ce-85bb-8a4ada2a1c20,2026-05-16,17:32:14.84,2026-05-16T13:32:14.8473856-04:00,2026-05-16T17:32:14.8473856Z,,v3,227,100,26605,"Gonzalez, Cesar",831498,Right,BOC_EAG,b2ef0b82-2f28-452e-afd7-0738eb845b11,54.50112,-115.33885,12.97913,5.56174,0.06718,-15.89176,-2.38948,4.22746,-5.31536,,,,,,,,,,,,,,,,,,,,,,,,,,,,,,,,,,,,,,,,,,,,,,,,,,,High,High,High,,,,,,256.993051,33.051827,1201.887443,0.838178,2:30,-0.553725,-0.815615,-0.167815,17.226792,-22.598074,49.742017,172.04021,75.81158,0.033943,0.969495,-0.24275,75.942833,1.94514,0.969495,0.033943,0.24275,-75.942833,-1.94514,-0.969495,-0.033943,0.24275,-172.04021,-75.81158,-0.033943,-0.969495,-0.24275,,,
141,2026-05-16,13:32:30.75,1,2,"Kipp, Kyle",822339,Right,BOC_EAG,"Rogers, Drew",811441,Right,GIT_YEL,Undefined,4,Top,0,1,0,ChangeUp,Changeup,StrikeCalled,Undefined,Undefined,Undefined,0,0,,79.07512,0.55966,-3.608595,1617.12175,257.759214,2:30,5.53778,2.22574,6.03977,-40.09353,5.61622,17.4858,2.71589,0.33728,70.59516,-6.9452,-0.466533,0.486604,,,,,,,,,,,,-10.19024,3.24921,-1.95293,50,5.56057,6.53855,-114.39757,-0.09139,-13.13539,26.4681,-27.98575,BOC_EAG,GIT_YEL,HarringtonVillage,D1,ACC,20260516-HarringtonVillage-1,37a8ff70-514d-11f1-8d76-2da903682334,77.46015,,,8.47996,,,,,,,73f0cb14-48f0-42ce-85bb-8a4ada2a1c20,2026-05-16,17:32:30.75,2026-05-16T13:32:30.7593216-04:00,2026-05-16T17:32:30.7593216Z,,v3,227,100,26605,"Gonzalez, Cesar",831498,Right,BOC_EAG,460cc8ea-1a6e-47af-a87a-8e59a6e88477,54.45462,-115.42363,13.23405,5.54308,0.9935,-13.99287,-2.21627,7.04775,-6.5677,,,,,,,,,,,,,,,,,,,,,,,,,,,,,,,,,,,,,,,,,,,,,,,,,,,High,High,High,,,,,,251.14469,35.697269,1313.28291,0.812111,2:15,-0.606329,-0.762795,-0.224741,1.549758,-15.243914,61.040442,101.15036,-80.493166,0.162047,-0.986266,-0.03194,88.145115,-9.325757,0.986266,-0.162047,0.03194,-88.145115,9.325757,-0.986266,0.162047,0.03194,-101.15036,80.493166,-0.162047,0.986266,-0.03194,,,
142,2026-05-16,13:32:48.65,1,3,"Kipp, Kyle",822339,Right,BOC_EAG,"Rogers, Drew",811441,Right,GIT_YEL,Undefined,4,Top,0,1,1,Sweeper,Slider,FoulBallNotFieldable,Undefined,Undefined,Undefined,0,0,,80.50229,1.790927,-1.530234,1988.144565,73.698082,8:30,5.27961,2.34055,5.82922,-46.03046,-1.69225,-11.613,3.10967,-0.05,72.05965,-6.736543,-3.610642,0.479248,53.67953,-16.17713,55.673035,,,,,9.88645,9.55561,54.41061,0.127262,5.34961,-0.98469,-2.20882,50,5.3993,3.57525,-116.5855,2.13421,7.16242,27.48012,-33.49239,BOC_EAG,GIT_YEL,HarringtonVillage,D1,ACC,20260516-HarringtonVillage-1,4257fbb0-514d-11f1-8d76-2da903682334,78.64907,2.98025,,8.44263,,,,0.42503,2.98025,0.14472,73f0cb14-48f0-42ce-85bb-8a4ada2a1c20,2026-05-16,17:32:48.65,2026-05-16T13:32:48.6531584-04:00,2026-05-16T17:32:48.6531584Z,GroundBall,v3,227,100,26605,"Gonzalez, Cesar",831498,Right,BOC_EAG,07104560-ede8-4834-883d-0016fada008e,54.66664,-117.68032,13.74006,5.28769,3.46856,-16.74619,-2.34557,3.28989,3.58121,258.064916,0.42509,42.63305,-5.99417,,,,,,,2.9803,-21.9396,-11.62389,,,,,,,0.14475,62.44,-3.16713,,,,,,,,,,,,,,,,,,,,,,,,,,,,,High,High,High,High,High,,,,39.85233,59.377769,1012.711833,0.509375,7:15,-0.839177,0.353148,0.413604,-14.451846,30.215571,76.508946,130.137056,-4.619276,0.762021,-0.080534,-0.642524,7.144219,-49.642727,0.080534,-0.762021,0.642524,-7.144219,49.642727,-0.080534,0.762021,0.642524,-130.137056,4.619276,-0.762021,0.080534,-0.642524,42.25781,10.18476,11.2946
143,2026-05-16,13:33:15.50,1,4,"Kipp, Kyle",822339,Right,BOC_EAG,"Rogers, Drew",811441,Right,GIT_YEL,Undefined,4,Top,0,1,2,ChangeUp,Changeup,BallCalled,Undefined,Undefined,Undefined,0,0,,80.28921,0.607442,-2.724785,1420.310584,285.150483,3:30,5.49165,2.15933,6.194,-48.08601,-3.19992,19.3406,2.04594,1.25361,70.54188,-8.392792,0.769401,0.4822,,,,,,,,,,,,-11.28197,-1.47473,-1.96398,50,5.51359,4.81095,-116.14409,-0.23722,-14.63616,31.90623,-34.08721,BOC_EAG,GIT_YEL,HarringtonVillage,D1,ACC,20260516-HarringtonVillage-1,525611a0-514d-11f1-8d76-2da903682334,78.16765,,,9.74733,,,,,,,73f0cb14-48f0-42ce-85bb-8a4ada2a1c20,2026-05-16,17:33:15.50,2026-05-16T13:33:15.5085312-04:00,2026-05-16T17:33:15.5085312Z,,v3,227,100,26605,"Gonzalez, Cesar",831498,Right,BOC_EAG,a5d226ef-bbe3-4757-ab07-fd07f0ba7dc3,54.30265,-117.32013,15.95311,5.49917,1.01921,-17.04361,-2.15125,5.35042,-7.31808,,,,,,,,,,,,,,,,,,,,,,,,,,,,,,,,,,,,,,,,,,,,,,,,,,,High,High,High,,,,,,258.523247,34.968251,1163.901557,0.81947,2:30,-0.588698,-0.796964,-0.135217,0.300305,-12.758209,56.16655,152.154907,-84.402792,0.045557,-0.995232,-0.086241,85.04744,-2.611106,0.995232,-0.045557,0.086241,-85.04744,2.611106,-0.995232,0.045557,0.086241,-152.154907,84.402792,-0.045557,0.995232,-0.086241,,,
144,2026-05-16,13:33:34.58,1,5,"Kipp, Kyle",822339,Right,BOC_EAG,"Rogers, Drew",811441,Right,GIT_YEL,Undefined,4,Top,0,2,2,ChangeUp,Changeup,FoulBallNotFieldable,Undefined,Undefined,Undefined,0,0,,79.49959,0.797611,-2.624009,1229.112653,275.951669,3:15,5.56793,2.17215,5.74337,-44.84428,0.12079,13.81894,2.57437,0.87888,72.16387,-7.466515,-0.150594,0.482624,,,,,,,,,,,,-7.89111,0.22685,-1.96262,50,5.6068,4.75547,-115.28325,0.15267,-10.48954,23.88268,-31.87249,BOC_EAG,GIT_YEL,HarringtonVillage,D1,ACC,20260516-HarringtonVillage-1,5db2da10-514d-11f1-8d76-2da903682334,78.09898,,,7.33572,,,,,,,73f0cb14-48f0-42ce-85bb-8a4ada2a1c20,2026-05-16,17:33:34.58,2026-05-16T13:33:34.5812480-04:00,2026-05-16T17:33:34.5812480Z,,v3,227,100,26605,"Gonzalez, Cesar",831498,Right,BOC_EAG,fc3fdbba-c5e8-4a86-95eb-0508fd815a82,54.75592,-116.26433,11.94134,5.57364,1.46197,-15.93624,-2.16682,5.18637,-5.24477,,,,,,,,,,,,,,,,,,,,,,,,,,,,,,,,,,,,,,,,,,,,,,,,,,,High,High,High,,,,,,266.631127,44.149307,881.921705,0.717527,3:00,-0.707624,-0.706522,-0.009779,12.783124,-9.214217,49.107058,141.513761,-80.387886,0.103914,-0.985961,-0.130703,82.448683,-5.964623,0.985961,-0.103914,0.130703,-82.448683,5.964623,-0.985961,0.103914,0.130703,-141.513761,80.387886,-0.103914,0.985961,-0.130703,,,
145,2026-05-16,13:34:26.40,1,6,"Kipp, Kyle",822339,Right,BOC_EAG,"Rogers, Drew",811441,Right,GIT_YEL,Undefined,4,Top,0,2,2,Sinker,Sinker,InPlay,Undefined,Popup,Single,0,0,,93.14133,-0.624019,-3.423034,2153.910161,243.597351,2:00,5.7267,2.17212,5.90043,-22.07001,9.90587,18.07127,3.30718,0.49657,85.72905,-4.736901,-0.184569,0.406989,71.953,17.629631,21.827982,4159.8608,97.17796,17.9954,51.54031,171.47754,170.49648,31.699185,2.176062,-10.15875,5.52016,-1.90719,50,5.66369,7.30851,-135.26122,-2.23944,-18.98412,27.10269,-21.85823,BOC_EAG,GIT_YEL,HarringtonVillage,D1,ACC,20260516-HarringtonVillage-1,7c99c560-514d-11f1-8d76-2da903682334,92.61291,19.04533,,7.41228,,,,0.6335,3.25998,-0.4865,73f0cb14-48f0-42ce-85bb-8a4ada2a1c20,2026-05-16,17:34:26.40,2026-05-16T13:34:26.4055808-04:00,2026-05-16T17:34:26.4055808Z,LineDrive,v3,227,100,26605,"Gonzalez, Cesar",831498,Right,BOC_EAG,db31dba2-ee72-4ed5-b8c8-ece6b5b0da35,54.60054,-136.17993,13.55135,5.72705,-1.49851,-10.92912,-2.16583,7.95202,-9.49206,245.242292,0.63345,93.36653,-17.8003,3.65549,-0.61448,-0.00477,0.06379,-0.02468,0.00329,3.26004,31.95807,-17.01535,0.97727,-0.22786,0.16132,-0.09825,0.03204,-0.00405,-0.48643,37.39138,3.94466,-1.47682,0.27742,0.09627,-0.11003,0.03938,-0.00511,,,,,,,,,,,,,,,,,,,,,,,High,High,High,High,High,,,,238.78757,-5.354052,2144.512897,0.995637,2:00,0.071589,-0.850454,-0.521156,83.986946,44.995456,-53.689249,167.858235,62.029267,0.09865,0.883187,-0.458529,62.562798,5.661417,0.883187,0.09865,0.458529,-62.562798,-5.661417,-0.883187,-0.09865,0.458529,-167.858235,-62.029267,-0.09865,-0.883187,-0.458529,74.34222,5.74359,6.8922
146,2026-05-16,13:35:05.58,2,1,"Kipp, Kyle",822339,Right,BOC_EAG,"Kerce, Carson",812668,Right,GIT_YEL,Undefined,4,Top,0,0,0,Sweeper,Curveball,StrikeCalled,Undefined,Undefined,Undefined,0,0,,79.68801,1.676894,-2.159944,1793.591847,41.636767,7:30,5.22388,2.22545,6.08543,-48.60652,-5.09433,-5.65953,2.72618,-0.24529,73.49636,-7.267439,-3.178757,0.474763,,,,,,,,,,,,2.32969,-2.63925,-2.05584,50,5.32803,4.57661,-115.7954,1.84934,3.17445,20.90106,-35.77028,BOC_EAG,GIT_YEL,HarringtonVillage,D1,ACC,20260516-HarringtonVillage-1,93f625f0-514d-11f1-8d76-2da903682334,79.39209,,,6.19164,,,,,,,73f0cb14-48f0-42ce-85bb-8a4ada2a1c20,2026-05-16,17:35:05.58,2026-05-16T13:35:05.5856640-04:00,2026-05-16T17:35:05.5856640Z,,v3,227,100,26605,"Gonzalez, Cesar",831498,Right,BOC_EAG,5e6ffa45-3ba8-45aa-9041-1d9c6300e9f2,54.41518,-116.58962,10.45053,5.23194,3.20857,-17.88514,-2.22745,4.45598,1.58722,,,,,,,,,,,,,,,,,,,,,,,,,,,,,,,,,,,,,,,,,,,,,,,,,,,High,High,High,,,,,,41.316496,57.119891,973.710413,0.542883,7:30,-0.813004,0.382843,0.438698,-24.344607,21.747193,78.879317,143.588992,2.314771,0.593089,0.040389,-0.804123,2.875428,36.376532,0.040389,0.593089,0.804123,-2.875428,-36.376532,-0.040389,-0.593089,0.804123,-143.588992,-2.314771,-0.593089,-0.040389,-0.804123,,,
147,2026-05-16,13:35:24.11,2,2,"Kipp, Kyle",822339,Right,BOC_EAG,"Kerce, Carson",812668,Right,GIT_YEL,Undefined,4,Top,0,0,1,ChangeUp,Changeup,StrikeSwinging,Undefined,Undefined,Undefined,0,0,,80.30463,0.820181,-3.734778,1381.643467,231.680118,1:45,5.50689,2.19647,6.03576,-33.64116,9.28556,10.14233,3.46459,-0.42153,73.87675,-5.432534,-1.915053,0.471558,,,,,,,,,,,,-6.15752,4.97516,-1.90992,50,5.55284,7.22466,-116.52273,0.65934,-8.52645,20.42614,-25.28484,BOC_EAG,GIT_YEL,HarringtonVillage,D1,ACC,20260516-HarringtonVillage-1,9efcb810-514d-11f1-8d76-2da903682334,79.93169,,,6.42788,,,,,,,73f0cb14-48f0-42ce-85bb-8a4ada2a1c20,2026-05-16,17:35:24.11,2026-05-16T13:35:24.1121792-04:00,2026-05-16T17:35:24.1121792Z,,v3,227,100,26605,"Gonzalez, Cesar",831498,Right,BOC_EAG,f8aa37b9-be38-490e-9658-7b42d2563c16,54.46248,-117.30238,10.21307,5.50925,1.62445,-12.64242,-2.19189,7.55011,-4.26323,,,,,,,,,,,,,,,,,,,,,,,,,,,,,,,,,,,,,,,,,,,,,,,,,,,High,High,High,,,,,,258.483822,48.021841,924.108473,0.668847,2:30,-0.759805,-0.644674,-0.084218,11.399788,-0.332916,61.40764,99.053529,-19.609034,0.930269,-0.3356,-0.148231,66.169439,-68.47676,0.3356,-0.930269,0.148231,-66.169439,68.47676,-0.3356,0.930269,0.148231,-99.053529,19.609034,-0.930269,0.3356,-0.148231,,,
148,2026-05-16,13:35:45.69,2,3,"Kipp, Kyle",822339,Right,BOC_EAG,"Kerce, Carson",812668,Right,GIT_YEL,Undefined,4,Top,0,0,2,ChangeUp,Changeup,InPlay,Undefined,FlyBall,HomeRun,0,2,,80.72601,0.564871,-3.265187,1244.340989,263.777822,2:45,5.51672,2.04782,5.94115,-40.16364,2.6898,12.30591,2.69461,0.04119,73.97806,-6.853303,-1.057096,0.471156,102.86984,33.379559,-18.309428,4122.489591,103.46098,73.48477,-37.35918,394.90786,383.70578,-25.861852,5.955605,-7.27902,1.57902,-1.79455,50,5.53894,6.22748,-117.16298,-0.10929,-10.11014,22.29587,-29.9809,BOC_EAG,GIT_YEL,HarringtonVillage,D1,ACC,20260516-HarringtonVillage-1,abda0600-514d-11f1-8d76-2da903682334,79.99999,115.40989,,6.74794,,,,2.13926,2.8374,-0.0551,73f0cb14-48f0-42ce-85bb-8a4ada2a1c20,2026-05-16,17:35:45.69,2026-05-16T13:35:45.6998400-04:00,2026-05-16T17:35:45.6998400Z,FlyBall,v3,227,100,26605,"Gonzalez, Cesar",831498,Right,BOC_EAG,418ae677-5784-414d-9b42-416b8744d12b,54.55935,-118.02742,11.14793,5.52064,1.05311,-14.99045,-2.0436,6.61946,-5.05507,168.599072,2.1472,119.46263,-29.58128,7.47833,-1.28094,0.12048,-0.00081,-0.00083,5E-05,2.82961,83.13715,-15.69345,-0.42879,0.38193,-0.10777,0.02098,-0.00238,0.00011,-0.05609,-39.56017,5.53206,-1.37823,0.21697,-0.01608,-0.00101,0.00028,-1E-05,,,,,,,,,,,,,,,,,,,,,,,High,High,High,High,Medium,,,,267.133159,49.549421,807.318369,0.648792,3:00,-0.76792,-0.640446,0.011308,9.12341,2.184598,60.496915,94.885511,-20.169433,0.935267,-0.344797,-0.079942,76.94643,-69.271285,0.344797,-0.935267,0.079942,-76.94643,69.271285,-0.344797,0.935267,0.079942,-94.885511,20.169433,-0.935267,0.344797,-0.079942,71.76588,15.34163,-16.69946
149,2026-05-16,13:36:41.17,3,1,"Kipp, Kyle",822339,Right,BOC_EAG,"Burress, Drew",806039,Right,GIT_YEL,Undefined,4,Top,0,0,0,ChangeUp,Changeup,BallCalled,Undefined,Undefined,Undefined,0,0,,80.31853,-2.047367,-4.014981,1559.671701,259.4777,2:45,5.49807,2.15936,6.1767,-38.16203,4.54083,17.62391,0.42169,-0.08592,74.43747,-9.078705,-0.83664,0.470327,,,,,,,,,,,,-10.27319,3.2215,-1.86469,50,5.32318,7.56463,-116.54939,-5.31719,-14.22481,20.53992,-27.7134,BOC_EAG,GIT_YEL,HarringtonVillage,D1,ACC,20260516-HarringtonVillage-1,ccea39f0-514d-11f1-8d76-2da903682334,80.14095,,,5.88106,,,,,,,73f0cb14-48f0-42ce-85bb-8a4ada2a1c20,2026-05-16,17:36:41.17,2026-05-16T13:36:41.1785216-04:00,2026-05-16T17:36:41.1785216Z,,v3,227,100,26605,"Gonzalez, Cesar",831498,Right,BOC_EAG,a0c92947-cc5b-4c50-b915-77538d809f1b,54.32542,-117.3092,10.26996,5.50091,-4.29202,-13.8567,-2.15425,8.09083,-7.11241,,,,,,,,,,,,,,,,,,,,,,,,,,,,,,,,,,,,,,,,,,,,,,,,,,,High,High,High,,,,,,251.479778,25.652219,1405.947888,0.901438,2:30,-0.421156,-0.869675,-0.257476,-7.576005,-24.389399,56.665034,134.378867,78.211781,0.146016,0.978909,-0.142884,81.695629,8.396103,0.978909,0.146016,0.142884,-81.695629,-8.396103,-0.978909,-0.146016,0.142884,-134.378867,-78.211781,-0.146016,-0.978909,-0.142884,,,
150,2026-05-16,13:37:02.25,3,2,"Kipp, Kyle",822339,Right,BOC_EAG,"Burress, Drew",806039,Right,GIT_YEL,Undefined,4,Top,0,1,0,Sinker,Sinker,BallCalled,Undefined,Undefined,Undefined,0,0,,92.45152,-2.362778,-5.585557,2253.275922,251.261405,2:30,5.63557,1.95759,5.9258,-24.57308,8.36296,21.46611,1.38372,-1.45281,84.44494,-6.931383,-1.750697,0.413054,,,,,,,,,,,,-12.4491,5.28134,-1.52126,50,5.43182,12.11092,-133.6392,-6.3967,-22.52099,28.71033,-22.61987,BOC_EAG,GIT_YEL,HarringtonVillage,D1,ACC,20260516-HarringtonVillage-1,d972ff40-514d-11f1-8d76-2da903682334,91.25301,,,8.00658,,,,,,,73f0cb14-48f0-42ce-85bb-8a4ada2a1c20,2026-05-16,17:37:02.25,2026-05-16T13:37:02.2553600-04:00,2026-05-16T17:37:02.2553600Z,,v3,227,100,26605,"Gonzalez, Cesar",831498,Right,BOC_EAG,ed8a135f-95e2-4578-a069-ca70d1a37a7b,54.57323,-134.6181,14.35516,5.63678,-5.62546,-11.30993,-1.94729,12.87879,-11.2605,,,,,,,,,,,,,,,,,,,,,,,,,,,,,,,,,,,,,,,,,,,,,,,,,,,High,High,High,,,,,,241.388835,-5.203978,2243.988151,0.995878,2:00,0.07965,-0.869789,-0.486954,71.975256,42.279609,-56.503524,177.202082,63.730466,0.021605,0.896722,-0.442067,63.75758,1.237947,0.896722,0.021605,0.442067,-63.75758,-1.237947,-0.896722,-0.021605,0.442067,-177.202082,-63.730466,-0.021605,-0.896722,-0.442067,,,
151,2026-05-16,13:37:23.46,3,3,"Kipp, Kyle",822339,Right,BOC_EAG,"Burress, Drew",806039,Right,GIT_YEL,Undefined,4,Top,0,2,0,Sinker,Sinker,BallCalled,Undefined,Undefined,Undefined,0,0,,90.51414,-1.570961,-4.825893,2206.075749,232.04528,1:45,5.67371,2.14963,6.18356,-20.52899,13.5095,15.85666,2.50683,-0.99572,82.33691,-5.455843,-1.977602,0.41991,,,,,,,,,,,,-9.53201,7.77512,-1.79213,50,5.54426,10.39225,-131.02904,-4.22572,-16.51416,28.57909,-18.70371,BOC_EAG,GIT_YEL,HarringtonVillage,D1,ACC,20260516-HarringtonVillage-1,e628c800-514d-11f1-8d76-2da903682334,89.76306,,,8.17722,,,,,,,73f0cb14-48f0-42ce-85bb-8a4ada2a1c20,2026-05-16,17:37:23.46,2026-05-16T13:37:23.4683392-04:00,2026-05-16T17:37:23.4683392Z,,v3,227,100,26605,"Gonzalez, Cesar",831498,Right,BOC_EAG,19c28613-36cd-4f35-818c-4704d30d1fb3,54.31388,-131.9666,14.28954,5.67282,-3.61214,-9.35186,-2.14194,10.93401,-8.25708,,,,,,,,,,,,,,,,,,,,,,,,,,,,,,,,,,,,,,,,,,,,,,,,,,,High,High,High,,,,,,231.864427,-0.031441,2206.075416,1,1:45,-0.029918,-0.786241,-0.617195,-58.22791,-8.833667,61.91899,125.017448,-14.188123,0.793995,-0.245106,-0.556322,23.77751,-52.560471,0.245106,-0.793995,0.556322,-23.77751,52.560471,-0.245106,0.793995,0.556322,-125.017448,14.188123,-0.793995,0.245106,-0.556322,,,
152,2026-05-16,13:37:42.78,3,4,"Kipp, Kyle",822339,Right,BOC_EAG,"Burress, Drew",806039,Right,GIT_YEL,Undefined,4,Top,0,3,0,Sinker,Sinker,InPlay,Undefined,Popup,Out,1,0,,91.3839,-1.496635,-2.777354,2147.329925,240.768555,2:00,5.79003,1.93407,6.0539,-21.71844,11.54071,18.74218,2.59285,0.92304,83.61772,-5.572536,0.594993,0.415075,61.71201,78.018308,-47.350377,,,,,,53.85178,,,-10.49945,6.68134,-1.72836,50,5.66186,5.66062,-132.68661,-4.17351,-18.71754,28.39725,-20.26312,BOC_EAG,GIT_YEL,HarringtonVillage,D1,ACC,20260516-HarringtonVillage-1,f19bd790-514d-11f1-8d76-2da903682334,90.80866,77.13524,,7.76618,,,,2.73017,2.71969,-0.91036,73f0cb14-48f0-42ce-85bb-8a4ada2a1c20,2026-05-16,17:37:42.78,2026-05-16T13:37:42.7827200-04:00,2026-05-16T17:37:42.7827200Z,,v3,227,100,26605,"Gonzalez, Cesar",831498,Right,BOC_EAG,32b92cbc-17f8-433c-9ee6-cdff940bfc3b,54.44668,-133.63488,14.19862,5.78993,-3.49686,-10.13156,-1.92782,6.28566,-9.35877,,2.73017,12.73045,-9.25517,3.44162,-0.881,0.19972,-0.04309,0.00758,-0.00079,2.71969,88.53894,-25.40984,2.68375,-0.41204,0.042,-0.00277,-0.00029,7E-05,-0.91036,-13.82022,1.06447,-0.06439,-0.0286,0.01275,-0.00368,0.00074,-7E-05,,,,,,,,,,,,,,,,,,,,,,,High,High,High,Low,Undefined,,,,233.092367,-2.266765,2145.649652,0.999218,1:45,0.03126,-0.797673,-0.602279,-102.368071,-31.035032,-35.016793,167.194245,62.059564,0.103853,0.883435,-0.456899,62.652688,5.961098,0.883435,0.103853,0.456899,-62.652688,-5.961098,-0.883435,-0.103853,0.456899,-167.194245,-62.059564,-0.103853,-0.883435,-0.456899,69.0018,16.23543,-18.14862
153,2026-05-16,13:38:28.21,4,1,"Kipp, Kyle",822339,Right,BOC_EAG,"Advincula, Jarren",814181,Left,GIT_YEL,Undefined,4,Top,1,0,0,ChangeUp,Changeup,StrikeSwinging,Undefined,Undefined,Undefined,0,0,,79.02016,-0.392862,-3.221418,1414.879305,244.201464,2:15,5.51984,2.02282,6.18667,-34.16632,11.39481,19.7443,2.30932,0.69059,70.4512,-6.85332,0.339072,0.485812,,,,,,,,,,,,-11.2389,6.58233,-1.78861,50,5.47348,5.68003,-114.3595,-1.74503,-14.45258,26.77834,-23.70956,BOC_EAG,GIT_YEL,HarringtonVillage,D1,ACC,20260516-HarringtonVillage-1,0cc1ea50-514e-11f1-8d76-2da903682334,77.58642,,,8.56896,,,,,,,73f0cb14-48f0-42ce-85bb-8a4ada2a1c20,2026-05-16,17:38:28.21,2026-05-16T13:38:28.2160640-04:00,2026-05-16T17:38:28.2160640Z,,v3,227,100,26605,"Gonzalez, Cesar",831498,Right,BOC_EAG,41bd5f43-073e-4ae3-9ab7-35ba510c8e3f,54.30643,-115.36349,13.38917,5.52224,-0.85611,-11.85478,-2.01172,6.22189,-7.22629,,,,,,,,,,,,,,,,,,,,,,,,,,,,,,,,,,,,,,,,,,,,,,,,,,,High,High,High,,,,,,253.902871,36.915523,1131.22708,0.799522,2:30,-0.606872,-0.772275,-0.187875,3.938524,-18.792579,64.190239,118.089679,-75.667026,0.218397,-0.968873,-0.116563,83.139856,-12.61492,0.968873,-0.218397,0.116563,-83.139856,12.61492,-0.968873,0.218397,0.116563,-118.089679,75.667026,-0.218397,0.968873,-0.116563,,,
154,2026-05-16,13:38:48.46,4,2,"Kipp, Kyle",822339,Right,BOC_EAG,"Advincula, Jarren",814181,Left,GIT_YEL,Undefined,4,Top,1,0,1,Sinker,Sinker,BallCalled,Undefined,Undefined,Undefined,0,0,,92.29673,-2.446883,-4.862333,2172.686401,253.510629,2:30,5.55489,2.29114,5.89825,-24.8186,8.20559,24.06005,1.20547,-0.22876,84.32665,-7.0584,-0.556853,0.413607,,,,,,,,,,,,-13.73016,5.20835,-1.91323,50,5.34299,10.32477,-133.58889,-6.59319,-24.78636,29.05196,-22.77171,BOC_EAG,GIT_YEL,HarringtonVillage,D1,ACC,20260516-HarringtonVillage-1,18bffbd0-514e-11f1-8d76-2da903682334,91.13115,,,7.97009,,,,,,,73f0cb14-48f0-42ce-85bb-8a4ada2a1c20,2026-05-16,17:38:48.46,2026-05-16T13:38:48.4605440-04:00,2026-05-16T17:38:48.4605440Z,,v3,227,100,26605,"Gonzalez, Cesar",831498,Right,BOC_EAG,1afde189-87b8-4988-82ad-6d505bea7485,54.60281,-134.58615,14.52598,5.55589,-5.81151,-11.38585,-2.28225,11.17561,-12.39318,,,,,,,,,,,,,,,,,,,,,,,,,,,,,,,,,,,,,,,,,,,,,,,,,,,High,High,High,,,,,,243.633486,-9.073641,2145.498409,0.987486,2:00,0.157458,-0.87722,-0.453533,87.572929,44.993474,-50.025333,155.402608,60.16557,0.207077,0.867467,-0.45235,62.45971,11.951121,0.867467,0.207077,0.45235,-62.45971,-11.951121,-0.867467,-0.207077,0.45235,-155.402608,-60.16557,-0.207077,-0.867467,-0.45235,,,
155,2026-05-16,13:39:06.61,4,3,"Kipp, Kyle",822339,Right,BOC_EAG,"Advincula, Jarren",814181,Left,GIT_YEL,Undefined,4,Top,1,1,1,ChangeUp,Changeup,InPlay,Undefined,FlyBall,Out,1,0,,81.12564,0.753617,-3.4432,1606.99656,234.473531,1:45,5.51001,2.1904,6.16096,-31.60565,10.69036,13.01375,3.57368,0.09028,73.79441,-5.176093,-1.101078,0.468081,93.17905,33.484413,7.277459,4068.881332,109.60277,71.27263,9.3336,352.08383,349.4154,-0.667274,5.441943,-7.75481,5.71504,-1.93554,50,5.55111,6.59847,-117.66762,0.63241,-10.81424,23.4427,-24.20431,BOC_EAG,GIT_YEL,HarringtonVillage,D1,ACC,20260516-HarringtonVillage-1,239b8650-514e-11f1-8d76-2da903682334,80.52547,97.88851,,7.33123,,,,0.97951,3.57068,-0.07744,73f0cb14-48f0-42ce-85bb-8a4ada2a1c20,2026-05-16,17:39:06.61,2026-05-16T13:39:06.6143232-04:00,2026-05-16T17:39:06.6143232Z,FlyBall,v3,227,100,26605,"Gonzalez, Cesar",831498,Right,BOC_EAG,1c37f0c0-6d1b-4a11-a753-c2394444bdfc,54.33738,-118.5286,11.72135,5.51156,1.52136,-12.10216,-2.18518,6.99565,-5.40712,165.758734,0.98396,112.97688,-23.6985,5.77022,-0.95498,0.08654,-0.00067,-0.00048,2E-05,3.56836,75.43497,-15.47961,-0.32633,0.41178,-0.15097,0.03444,-0.00421,0.0002,-0.07593,14.4093,-7.18522,1.79317,-0.32879,0.03918,-0.00281,0.00014,-1E-05,,,,,,,,,,,,,,,,,,,,,,,High,High,High,High,High,,,,248.807059,24.729789,1459.620193,0.908291,2:15,-0.448387,-0.841286,-0.301971,-11.882417,-18.984451,64.220239,134.437736,-87.392812,0.032479,-0.998965,-0.031848,88.173977,-1.861248,0.998965,-0.032479,0.031848,-88.173977,1.861248,-0.998965,0.032479,0.031848,-134.437736,87.392812,-0.032479,0.998965,-0.031848,71.32792,13.94107,16.49847
156,2026-05-16,13:39:45.64,5,1,"Kipp, Kyle",822339,Right,BOC_EAG,"Lackey, Vahn",822518,Right,GIT_YEL,Undefined,4,Top,2,0,0,ChangeUp,Changeup,InPlay,Undefined,FlyBall,HomeRun,0,1,,80.57593,-0.225043,-3.654481,1649.141345,233.331741,1:45,5.4828,2.18267,6.3345,-30.24809,12.55627,14.86178,2.75449,0.05171,73.04028,-5.936704,-0.970828,0.470885,109.55144,29.673875,-17.063332,2420.812444,104.14866,60.17232,-35.3984,438.95704,327.69642,-25.08771,5.563533,-8.90036,7.03449,-1.9231,50,5.4521,6.93081,-116.83952,-1.28874,-12.17068,24.23204,-22.55485,BOC_EAG,GIT_YEL,HarringtonVillage,D1,ACC,20260516-HarringtonVillage-1,3ae04030-514e-11f1-8d76-2da903682334,80.04587,100.76458,,7.53565,,,,2.13033,2.83338,-0.06527,73f0cb14-48f0-42ce-85bb-8a4ada2a1c20,2026-05-16,17:39:45.64,2026-05-16T13:39:45.6461312-04:00,2026-05-16T17:39:45.6461312Z,FlyBall,v3,227,100,26605,"Gonzalez, Cesar",831498,Right,BOC_EAG,8eea9004-0b54-4f48-9d96-aa87d7cc4295,54.16375,-117.6999,12.11602,5.48364,-0.48791,-11.27742,-2.17685,7.36294,-6.08534,154.97514,2.13373,133.388,-27.03595,6.18094,-1.17969,0.18658,-0.02424,0.00226,-0.0001,2.8334,79.54881,-18.81187,1.51803,-0.21801,-0.00432,0.01077,-0.00183,0.0001,-0.06428,-40.98811,2.15531,-0.31527,0.10976,-0.04009,0.00881,-0.001,5E-05,,,,,,,,,,,,,,,,,,,,,,,High,High,High,Medium,Medium,,,,250.488485,40.833348,1247.764448,0.756615,2:15,-0.665838,-0.715728,-0.210695,-9.962908,-4.685246,59.200422,95.563199,-12.985826,0.969836,-0.22471,-0.094464,67.198919,-75.891536,0.22471,-0.969836,0.094464,-67.198919,75.891536,-0.22471,0.969836,0.094464,-95.563199,12.985826,-0.969836,0.22471,-0.094464,74.11128,21.70718,-14.99168
157,2026-05-16,13:40:34.95,6,1,"Kipp, Kyle",822339,Right,BOC_EAG,"Zuckerman, Ryan",822871,Right,GIT_YEL,Undefined,4,Top,2,0,0,Fastball,Four-Seam,BallCalled,Undefined,Undefined,Undefined,0,0,,93.84411,-1.530538,-4.902855,2289.49316,215.548068,1:15,5.78037,2.01305,6.13213,-14.298,17.37922,11.67552,3.16868,-1.55672,85.42426,-4.278949,-2.809892,0.405084,,,,,,,,,,,,-7.34981,9.68319,-1.6434,50,5.65537,11.13392,-135.83069,-4.03358,-13.71612,30.05858,-14.10339,BOC_EAG,GIT_YEL,HarringtonVillage,D1,ACC,20260516-HarringtonVillage-1,58419cf0-514e-11f1-8d76-2da903682334,93.04849,,,8.41984,,,,,,,73f0cb14-48f0-42ce-85bb-8a4ada2a1c20,2026-05-16,17:40:34.95,2026-05-16T13:40:34.9559296-04:00,2026-05-16T17:40:34.9559296Z,,v3,227,100,26605,"Gonzalez, Cesar",831498,Right,BOC_EAG,d6de52c9-e806-48bc-9f98-4bd15d39a0ef,54.36462,-136.79315,15.02929,5.77729,-3.582,-7.05169,-2.00693,11.5731,-6.85806,,,,,,,,,,,,,,,,,,,,,,,,,,,,,,,,,,,,,,,,,,,,,,,,,,,High,High,High,,,,,,230.866139,-7.012276,2272.367793,0.99252,1:45,0.088542,-0.766336,-0.636309,-53.704079,-10.63738,72.16715,124.267168,-12.169367,0.80785,-0.210802,-0.5504,20.956745,-53.886433,0.210802,-0.80785,0.5504,-20.956745,53.886433,-0.210802,0.80785,0.5504,-124.267168,12.169367,-0.80785,0.210802,-0.5504,,,
158,2026-05-16,13:40:50.23,6,2,"Kipp, Kyle",822339,Right,BOC_EAG,"Zuckerman, Ryan",822871,Right,GIT_YEL,Undefined,4,Top,2,1,0,ChangeUp,Changeup,InPlay,Undefined,GroundBall,Out,1,0,,81.51818,-1.443066,-4.262867,1542.615188,243.367092,2:00,5.56995,2.12662,6.04645,-33.64663,8.97284,14.75682,1.42612,-0.59742,73.66593,-7.724037,-1.613085,0.469868,59.63312,-49.204323,-29.405352,,,,,3.30559,3.30559,-1.21878,0.022975,-9.02477,5.53071,-1.8022,50,5.43932,8.23558,-117.96414,-3.99234,-12.50491,25.92687,-24.51056,BOC_EAG,GIT_YEL,HarringtonVillage,D1,ACC,20260516-HarringtonVillage-1,6169f930-514e-11f1-8d76-2da903682334,80.21926,1.52599,,7.85224,,,,2.15752,1.52599,0.57632,73f0cb14-48f0-42ce-85bb-8a4ada2a1c20,2026-05-16,17:40:50.23,2026-05-16T13:40:50.2310912-04:00,2026-05-16T17:40:50.2310912Z,GroundBall,v3,227,100,26605,"Gonzalez, Cesar",831498,Right,BOC_EAG,04f94539-3064-4c6d-904e-48e2c4edde2f,54.4513,-118.93845,12.96343,5.57204,-3.07125,-12.25528,-2.12052,8.7055,-6.25245,,2.15694,49.93744,,,,,,,,1.52676,-66.41877,,,,,,,,0.57664,-28.14444,,,,,,,,,,,,,,,,,,,,,,,,,,,,,,High,High,High,Estimated,Estimated,,,,254.806969,37.122076,1230.006461,0.797351,2:30,-0.597863,-0.784437,-0.164979,11.243407,-15.879316,63.562088,108.519894,-77.648937,0.202824,-0.976855,-0.067942,86.021372,-11.70214,0.976855,-0.202824,0.067942,-86.021372,11.70214,-0.976855,0.202824,0.067942,-108.519894,77.648937,-0.202824,0.976855,-0.067942,72.44659,16.14167,0.82431
159,2026-05-16,13:43:06.00,1,1,"Blakely, Jackson",831359,Right,GIT_YEL,"Larson, Colin",831502,Left,BOC_EAG,Undefined,4,Bottom,0,0,0,Curveball,Curveball,StrikeCalled,Undefined,Undefined,Undefined,0,0,,78.21086,1.264578,-1.609465,2820.213528,33.739473,7:00,5.7132,1.85521,5.40414,-62.06015,-15.24371,-11.18402,1.72708,-0.58524,71.81301,-9.962443,-3.602661,0.49246,,,,,,,,,,,,5.14847,-7.6328,-1.70374,50,5.78207,3.6279,-113.54113,0.33709,6.66101,22.51726,-42.04924,BOC_EAG,GIT_YEL,HarringtonVillage,D1,ACC,20260516-HarringtonVillage-1,b24e2240-514e-11f1-8d76-2da903682334,76.53914,,,6.39784,,,,,,,73f0cb14-48f0-42ce-85bb-8a4ada2a1c20,2026-05-16,17:43:06.00,2026-05-16T13:43:06.0055040-04:00,2026-05-16T17:43:06.0055040Z,,v3,227,100,26605,"Rogers, Drew",811441,Right,GIT_YEL,f7d6a9d0-cdef-406b-9dc9-a3dbd71eb36c,55.09897,-114.54789,11.25863,5.72497,2.21713,-21.02462,-1.85928,3.33009,3.33051,,,,,,,,,,,,,,,,,,,,,,,,,,,,,,,,,,,,,,,,,,,,,,,,,,,High,High,High,,,,,,24.804036,39.275917,2183.145248,0.774106,6:45,-0.605751,0.338642,0.719991,22.949334,-66.953206,-64.400055,176.484721,-26.107702,0.055059,-0.44006,-0.896279,26.150366,-3.156225,0.44006,-0.055059,0.896279,-26.150366,3.156225,-0.44006,0.055059,0.896279,-176.484721,26.107702,-0.055059,0.44006,-0.896279,,,
160,2026-05-16,13:43:20.21,1,2,"Blakely, Jackson",831359,Right,GIT_YEL,"Larson, Colin",831502,Left,BOC_EAG,Undefined,4,Bottom,0,0,1,Slider,Slider,StrikeSwinging,Undefined,Undefined,Undefined,0,0,,83.09849,-1.755606,-2.682293,2461.478299,7.184469,6:15,5.59796,1.88279,5.45571,-42.08967,-1.27878,-0.30492,0.44476,-0.65533,77.37764,-9.363925,-2.736629,0.45979,,,,,,,,,,,,-0.51921,0.06213,-1.64594,50,5.4135,5.66486,-120.65993,-5.19163,-0.77252,21.43914,-32.08159,BOC_EAG,GIT_YEL,HarringtonVillage,D1,ACC,20260516-HarringtonVillage-1,bab77440-514e-11f1-8d76-2da903682334,81.97754,,,5.72084,,,,,,,73f0cb14-48f0-42ce-85bb-8a4ada2a1c20,2026-05-16,17:43:20.21,2026-05-16T13:43:20.2138112-04:00,2026-05-16T17:43:20.2138112Z,,v3,227,100,26605,"Rogers, Drew",811441,Right,GIT_YEL,ce778cc8-5380-45dd-aeab-5f9059744e4c,55.04628,-121.55326,10.71957,5.60197,-3.85485,-16.0408,-1.88266,5.69705,-0.38626,,,,,,,,,,,,,,,,,,,,,,,,,,,,,,,,,,,,,,,,,,,,,,,,,,,High,High,High,,,,,,323.709101,82.880619,305.068589,0.123937,4:45,-0.983818,-0.103722,0.146097,36.880713,61.27219,53.281665,152.062417,-15.655425,0.451129,-0.269851,-0.850684,17.599912,-26.81612,0.269851,-0.451129,0.850684,-17.599912,26.81612,-0.269851,0.451129,0.850684,-152.062417,15.655425,-0.451129,0.269851,-0.850684,,,
161,2026-05-16,13:43:38.10,1,3,"Blakely, Jackson",831359,Right,GIT_YEL,"Larson, Colin",831502,Left,BOC_EAG,Undefined,4,Bottom,0,0,2,Splitter,Splitter,StrikeSwinging,Strikeout,Undefined,Undefined,0,0,,84.96368,-1.717642,-2.551236,830.878738,331.486911,5:00,5.68422,1.81045,5.51066,-45.74861,-6.17634,4.05862,0.26354,-0.23865,77.96064,-10.01048,-1.82628,0.452759,,,,,,,,,,,,-2.84697,-2.34118,-1.59075,50,5.50299,5.32445,-123.20642,-5.3592,-4.3405,26.33812,-35.74342,BOC_EAG,GIT_YEL,HarringtonVillage,D1,ACC,20260516-HarringtonVillage-1,c562ee10-514e-11f1-8d76-2da903682334,83.25059,,,7.00304,,,,,,,73f0cb14-48f0-42ce-85bb-8a4ada2a1c20,2026-05-16,17:43:38.10,2026-05-16T13:43:38.1075968-04:00,2026-05-16T17:43:38.1075968Z,,v3,227,100,26605,"Rogers, Drew",811441,Right,GIT_YEL,61b1e83d-2fc1-4cf1-9cf2-37587097addb,54.99047,-124.26867,13.16906,5.69006,-3.91763,-17.87171,-1.80902,5.4995,-2.17025,,,,,,,,,,,,,,,,,,,,,,,,,,,,,,,,,,,,,,,,,,,,,,,,,,,High,High,High,,,,,,263.833117,51.762945,514.244564,0.618917,2:45,-0.768859,-0.638602,-0.032295,53.484924,-8.632975,48.891324,93.441819,-10.849399,0.980354,-0.188228,-0.058962,72.607008,-78.62399,0.188228,-0.980354,0.058962,-72.607008,78.62399,-0.188228,0.980354,0.058962,-93.441819,10.849399,-0.980354,0.188228,-0.058962,,,
162,2026-05-16,13:44:13.06,2,1,"Blakely, Jackson",831359,Right,GIT_YEL,"Solier, Julio",827632,Right,BOC_EAG,Undefined,4,Bottom,1,0,0,Slider,Slider,StrikeCalled,Undefined,Undefined,Undefined,0,0,,82.56288,0.027701,-1.647918,2555.209788,19.012598,6:45,5.56295,1.91963,5.23899,-45.13487,-1.6274,-1.18992,1.82776,0.27121,73.34126,-8.249086,-1.859157,0.474737,,,,,,,,,,,,-0.045,-0.28079,-1.76717,50,5.5325,3.48512,-119.33166,-1.59496,-0.06254,30.72676,-32.56421,BOC_EAG,GIT_YEL,HarringtonVillage,D1,ACC,20260516-HarringtonVillage-1,da4acc30-514e-11f1-8d76-2da903682334,79.39643,,,9.22161,,,,,,,73f0cb14-48f0-42ce-85bb-8a4ada2a1c20,2026-05-16,17:44:13.06,2026-05-16T13:44:13.0628608-04:00,2026-05-16T17:44:13.0628608Z,,v3,227,100,26605,"Rogers, Drew",811441,Right,GIT_YEL,237675ec-8df5-4437-beff-7f54a60394fc,55.25436,-120.67702,15.36338,5.57112,-0.16915,-16.2821,-1.91983,3.48786,-0.03127,,,,,,,,,,,,,,,,,,,,,,,,,,,,,,,,,,,,,,,,,,,,,,,,,,,High,High,High,,,,,,332.808912,77.854049,537.622989,0.210403,5:00,-0.971875,-0.095673,0.215188,11.491612,5.990122,47.858134,90.4066,-47.873163,0.670757,-0.741662,-0.00476,89.632271,-42.125532,0.741662,-0.670757,0.00476,-89.632271,42.125532,-0.741662,0.670757,0.00476,-90.4066,47.873163,-0.670757,0.741662,-0.00476,,,
163,2026-05-16,13:44:25.96,2,2,"Blakely, Jackson",831359,Right,GIT_YEL,"Solier, Julio",827632,Right,BOC_EAG,Undefined,4,Bottom,1,0,1,ChangeUp,Changeup,BallCalled,Undefined,Undefined,Undefined,0,0,,84.75746,0.999891,-3.562661,2165.879381,258.668342,2:30,5.45981,1.95562,6.08737,-35.59813,3.92622,12.07741,3.42015,-0.33788,75.87615,-5.659821,-1.392021,0.452485,,,,,,,,,,,,-7.37296,2.16043,-1.6864,50,5.51889,7.14091,-122.67187,0.99172,-10.98734,29.25321,-28.95455,BOC_EAG,GIT_YEL,HarringtonVillage,D1,ACC,20260516-HarringtonVillage-1,e1f477b0-514e-11f1-8d76-2da903682334,83.30105,,,8.88131,,,,,,,73f0cb14-48f0-42ce-85bb-8a4ada2a1c20,2026-05-16,17:44:25.96,2026-05-16T13:44:25.9654144-04:00,2026-05-16T17:44:25.9654144Z,,v3,227,100,26605,"Rogers, Drew",811441,Right,GIT_YEL,9ebca24d-5b4e-4a68-adc0-d560b6167c2d,54.40716,-123.71837,14.6266,5.46488,2.02754,-14.47727,-1.94889,7.53397,-5.49367,,,,,,,,,,,,,,,,,,,,,,,,,,,,,,,,,,,,,,,,,,,,,,,,,,,High,High,High,,,,,,247.097069,53.634737,1284.216573,0.592931,2:15,-0.827427,-0.532052,-0.179682,-29.83017,1.53449,46.001816,93.976738,-17.300894,0.952457,-0.29739,-0.066214,77.447857,-72.261578,0.29739,-0.952457,0.066214,-77.447857,72.261578,-0.29739,0.952457,0.066214,-93.976738,17.300894,-0.952457,0.29739,-0.066214,,,
164,2026-05-16,13:44:40.50,2,3,"Blakely, Jackson",831359,Right,GIT_YEL,"Solier, Julio",827632,Right,BOC_EAG,Undefined,4,Bottom,1,1,1,Slider,Slider,BallCalled,Undefined,Undefined,Undefined,0,0,,82.61763,-0.746281,-2.8568,2510.845954,42.016884,7:30,5.63017,1.92588,5.25027,-45.79258,-2.49453,-3.81681,1.11195,-1.07888,73.93503,-9.098554,-3.533762,0.473593,,,,,,,,,,,,0.84138,-0.46866,-1.66064,50,5.52809,6.12204,-119.38843,-3.23225,1.17582,29.78333,-32.82902,BOC_EAG,GIT_YEL,HarringtonVillage,D1,ACC,20260516-HarringtonVillage-1,ea9c0b30-514e-11f1-8d76-2da903682334,79.58818,,,8.6826,,,,,,,73f0cb14-48f0-42ce-85bb-8a4ada2a1c20,2026-05-16,17:44:40.50,2026-05-16T13:44:40.5002240-04:00,2026-05-16T17:44:40.5002240Z,,v3,227,100,26605,"Rogers, Drew",811441,Right,GIT_YEL,80b668a6-3912-42d2-adc9-fbbe3b0726e6,55.24474,-120.68972,14.89166,5.63798,-1.79789,-16.41451,-1.927,6.07067,0.58791,,,,,,,,,,,,,,,,,,,,,,,,,,,,,,,,,,,,,,,,,,,,,,,,,,,High,High,High,,,,,,342.471016,78.852523,485.434492,0.193335,5:30,-0.969884,-0.071004,0.232986,20.550371,-9.707785,38.284562,103.285477,-48.99718,0.638537,-0.754677,-0.150773,78.701934,-39.682826,0.754677,-0.638537,0.150773,-78.701934,39.682826,-0.754677,0.638537,0.150773,-103.285477,48.99718,-0.638537,0.754677,-0.150773,,,
165,2026-05-16,13:44:58.67,2,4,"Blakely, Jackson",831359,Right,GIT_YEL,"Solier, Julio",827632,Right,BOC_EAG,Undefined,4,Bottom,1,2,1,Slider,Slider,InPlay,Undefined,LineDrive,Double,0,0,,83.43915,0.274194,-2.096419,2366.015498,260.459108,2:45,5.60669,1.77958,5.65853,-39.11703,1.55705,1.37823,2.60282,-0.06146,76.18973,-6.916442,-1.850131,0.459018,102.83862,18.813867,29.240321,3770.435892,92.0182,33.24549,60.27121,319.65296,275.09134,41.883086,3.471779,-1.3152,1.09945,-1.60301,50,5.60515,4.37613,-121.07722,-0.76714,-1.94205,24.80062,-30.55053,BOC_EAG,GIT_YEL,HarringtonVillage,D1,ACC,20260516-HarringtonVillage-1,f56d3570-514e-11f1-8d76-2da903682334,82.1153,41.16306,,7.24941,,,,0.56724,2.48653,0.02464,73f0cb14-48f0-42ce-85bb-8a4ada2a1c20,2026-05-16,17:44:58.67,2026-05-16T13:44:58.6715136-04:00,2026-05-16T17:44:58.6715136Z,LineDrive,v3,227,100,26605,"Rogers, Drew",811441,Right,GIT_YEL,fce959b9-64c3-45ef-8481-9f6f9cb8ff93,54.83987,-122.06456,12.40031,5.61148,0.44911,-15.27527,-1.77877,4.45345,-0.97103,233.035753,0.56775,124.56162,-29.29744,6.69651,-1.38538,0.23879,-0.031,0.0023,-5E-05,2.48613,48.6555,-16.48743,0.91264,-0.17939,0.06543,-0.01931,0.00358,-0.00027,0.02424,69.75389,-1.71121,-0.67367,0.24166,-0.03822,0.00078,0.00074,-8E-05,,,,,,,,,,,,,,,,,,,,,,,High,High,High,High,Medium,,,,268.363283,73.059167,689.419106,0.291384,3:00,-0.957652,-0.286684,0.026727,-30.696488,75.012363,-3.341032,164.188018,-9.525821,0.268724,-0.165492,-0.948894,9.893178,-15.588366,0.165492,-0.268724,0.948894,-9.893178,15.588366,-0.165492,0.268724,0.948894,-164.188018,9.525821,-0.268724,0.165492,-0.948894,82.49103,4.26487,7.0569
166,2026-05-16,13:45:51.03,3,1,"Blakely, Jackson",831359,Right,GIT_YEL,"Wang, Nick",813482,Right,BOC_EAG,Undefined,4,Bottom,1,0,0,ChangeUp,Changeup,FoulBallNotFieldable,Undefined,Undefined,Undefined,0,0,,84.74827,-0.415214,-3.278769,1920.596937,235.19241,1:45,5.50981,1.99218,6.17974,-27.84726,11.23174,14.12217,2.80514,0.13792,76.44235,-5.66954,-0.734445,0.449928,74.30181,65.942909,163.700928,5799.255585,,,,,31.2603,,,-8.38469,6.34882,-1.75139,50,5.46439,6.48921,-122.84451,-1.71839,-12.61401,27.85448,-22.62281,BOC_EAG,GIT_YEL,HarringtonVillage,D1,ACC,20260516-HarringtonVillage-1,14a0e130-514f-11f1-8d76-2da903682334,83.77438,57.79386,,8.30592,,,,1.37579,2.89903,-0.14124,73f0cb14-48f0-42ce-85bb-8a4ada2a1c20,2026-05-16,17:45:51.03,2026-05-16T13:45:51.0391808-04:00,2026-05-16T17:45:51.0391808Z,,v3,227,100,26605,"Rogers, Drew",811441,Right,GIT_YEL,e2938de0-376b-4cd6-b995-9d5ea9785dca,54.31769,-123.81965,13.92724,5.51069,-0.9264,-11.31141,-1.9863,6.9308,-6.307,352.655698,1.37579,-42.63793,-3.96684,2.80808,0.93058,-4.65663,6.95735,-5.34228,1.69573,2.89903,99.51028,-35.50514,5.24509,-0.05285,-2.42161,3.67885,-2.82223,0.89492,-0.14124,12.46748,-2.50007,0.12944,-0.31389,0.90821,-1.32067,1.01034,-0.32048,,,,,,,,,,,,,,,,,,,,,,,High,High,High,High,Undefined,,,,251.126359,40.20924,1466.744369,0.763692,2:15,-0.653408,-0.727291,-0.210013,-32.698337,-2.827654,60.17077,91.545046,-15.122332,0.96502,-0.260881,-0.026029,84.302215,-74.800776,0.260881,-0.96502,0.026029,-84.302215,74.800776,-0.260881,0.96502,0.026029,-91.545046,15.122332,-0.96502,0.260881,-0.026029,80.31254,22.42724,-22.668
167,2026-05-16,13:46:13.32,3,2,"Blakely, Jackson",831359,Right,GIT_YEL,"Wang, Nick",813482,Right,BOC_EAG,Undefined,4,Bottom,1,0,1,Sweeper,Slider,InPlay,Undefined,Popup,Out,1,0,,81.17396,0.00438,-1.674442,2460.637939,79.124236,8:45,5.58564,1.87599,5.22263,-44.63845,-0.16201,-9.61107,1.86989,-0.49962,73.06689,-8.149974,-3.379101,0.479995,81.99039,70.31478,34.133443,,,,,97.80633,45.97281,58.406918,5.877998,4.22839,0.37339,-1.71396,50,5.55284,3.83779,-117.51222,-1.58372,5.76967,27.28639,-31.66454,BOC_EAG,GIT_YEL,HarringtonVillage,D1,ACC,20260516-HarringtonVillage-1,21ee7d20-514f-11f1-8d76-2da903682334,78.52678,145.18791,,8.10707,,,,2.05639,1.96105,0.46196,73f0cb14-48f0-42ce-85bb-8a4ada2a1c20,2026-05-16,17:46:13.32,2026-05-16T13:46:13.3224960-04:00,2026-05-16T17:46:13.3224960Z,Popup,v3,227,100,26605,"Rogers, Drew",811441,Right,GIT_YEL,f213fe37-e521-4e2e-810d-947c91bd4b1c,55.2741,-118.73055,13.6432,5.59199,-0.1699,-15.83227,-1.87956,3.58018,2.88484,,2.03934,33.80691,-17.49723,6.82882,-2.12332,0.51015,-0.08037,0.007,-0.00025,1.94207,113.5735,-29.5098,5.07488,-1.88735,0.6156,-0.12635,0.01361,-0.00058,0.46337,22.69634,-3.92639,0.72265,0.02726,-0.06143,0.01729,-0.00215,0.0001,,,,,,,,,,,,,,,,,,,,,,,High,High,High,Medium,Low,,,,349.634656,77.139069,547.70205,0.222585,5:45,-0.968102,-0.039974,0.247347,8.949313,7.688149,38.131696,94.959354,-54.308358,0.581239,-0.812169,-0.050436,86.44645,-35.537705,0.812169,-0.581239,0.050436,-86.44645,35.537705,-0.812169,0.581239,0.050436,-94.959354,54.308358,-0.581239,0.812169,-0.050436,,,
168,2026-05-16,13:46:50.90,4,1,"Blakely, Jackson",831359,Right,GIT_YEL,"Mainolfi, Ty",839397,Left,BOC_EAG,Undefined,4,Bottom,2,0,0,ChangeUp,Changeup,BallCalled,Undefined,Undefined,Undefined,0,0,,84.82994,0.600355,-1.164198,1404.421687,284.226248,3:30,5.4108,2.10055,6.13732,-41.9853,-2.24449,15.33493,2.46701,2.30237,75.32834,-7.236993,1.604688,0.453722,,,,,,,,,,,,-8.23331,-0.80039,-2.01878,50,5.43623,1.85595,-122.87393,-0.12426,-12.14049,32.39065,-33.35429,BOC_EAG,GIT_YEL,HarringtonVillage,D1,ACC,20260516-HarringtonVillage-1,384ef180-514f-11f1-8d76-2da903682334,83.07387,,,9.5016,,,,,,,73f0cb14-48f0-42ce-85bb-8a4ada2a1c20,2026-05-16,17:46:50.90,2026-05-16T13:46:50.9095424-04:00,2026-05-16T17:46:50.9095424Z,,v3,227,100,26605,"Rogers, Drew",811441,Right,GIT_YEL,e5d3f53b-028c-4f5f-991a-479873cfbe4a,54.35584,-124.01685,16.19533,5.41985,1.05266,-16.67715,-2.09183,2.28434,-6.07024,,,,,,,,,,,,,,,,,,,,,,,,,,,,,,,,,,,,,,,,,,,,,,,,,,,High,High,High,,,,,,258.561994,40.246224,1071.960035,0.763275,2:30,-0.656817,-0.741306,-0.138047,-24.139557,-16.591278,56.983132,159.252724,-77.988589,0.073721,-0.978106,-0.194611,78.746969,-4.227738,0.978106,-0.073721,0.194611,-78.746969,4.227738,-0.978106,0.073721,0.194611,-159.252724,77.988589,-0.073721,0.978106,-0.194611,,,
169,2026-05-16,13:47:09.83,4,2,"Blakely, Jackson",831359,Right,GIT_YEL,"Mainolfi, Ty",839397,Left,BOC_EAG,Undefined,4,Bottom,2,1,0,ChangeUp,Changeup,InPlay,Undefined,LineDrive,Out,1,0,,85.27672,-0.178751,-3.126169,1666.578486,265.652427,2:45,5.43013,2.00229,6.06167,-36.63325,2.29465,11.16827,2.21168,0.03679,76.77638,-6.998071,-1.116723,0.449058,103.75793,6.499589,22.648014,1390.055997,,,,120.22309,116.33406,24.996807,0.884989,-6.82103,1.64154,-1.7655,50,5.39686,6.30433,-123.56793,-1.58412,-10.33325,29.26088,-29.68723,BOC_EAG,GIT_YEL,HarringtonVillage,D1,ACC,20260516-HarringtonVillage-1,43a37c90-514f-11f1-8d76-2da903682334,83.93676,5.30436,,8.50034,,,,1.60991,2.19509,-0.02077,73f0cb14-48f0-42ce-85bb-8a4ada2a1c20,2026-05-16,17:47:09.83,2026-05-16T13:47:09.8371584-04:00,2026-05-16T17:47:09.8371584Z,GroundBall,v3,227,100,26605,"Rogers, Drew",811441,Right,GIT_YEL,b455931f-17b4-4d1f-9d9d-ac7fe6e321aa,54.43577,-124.6139,14.63044,5.43452,-0.52291,-14.84362,-1.99746,6.6737,-5.16663,302.118671,1.70606,138.05543,-19.16321,,,,,,,2.28407,15.84833,-20.92694,,,,,,,-0.04542,58.61194,-1.27915,,,,,,,,,,,,,,,,,,,,,,,,,,,,,High,High,High,High,High,,,,258.123735,46.028793,1157.100098,0.694297,2:30,-0.72429,-0.681677,-0.10354,-12.787874,-12.556461,55.444235,130.51125,-76.280682,0.180312,-0.971469,-0.154062,80.988689,-10.387932,0.971469,-0.180312,0.154062,-80.988689,10.387932,-0.971469,0.180312,0.154062,-130.51125,76.280682,-0.180312,0.971469,-0.154062,64.97284,9.51223,10.98393
170,2026-05-16,13:50:24.44,1,1,"Soares, Gavin",831500,Right,BOC_EAG,"Hernandez, Alex",815415,Right,GIT_YEL,Undefined,5,Top,0,0,0,Fastball,Four-Seam,BallCalled,Undefined,Undefined,Undefined,0,0,,93.12547,-2.912904,-2.953879,2286.197485,207.100295,1:00,6.1676,1.47828,6.18362,-17.32308,14.6343,6.96563,2.02838,-0.67124,85.24419,-6.191074,-1.698704,0.406871,,,,,,,,,,,,-4.39933,8.68351,-1.25851,50,5.93841,6.6671,-135.01513,-7.39925,-8.12624,29.20673,-16.13433,BOC_EAG,GIT_YEL,HarringtonVillage,D1,ACC,20260516-HarringtonVillage-1,b7935b70-514f-11f1-8d76-2da903682334,92.63977,,,7.88128,,,,,,,73f0cb14-48f0-42ce-85bb-8a4ada2a1c20,2026-05-16,17:50:24.44,2026-05-16T13:50:24.4451840-04:00,2026-05-16T17:50:24.4451840Z,,v3,227,100,26605,"Gonzalez, Cesar",831498,Right,BOC_EAG,128b6e27-47ea-4d5c-821c-42058efb8788,54.31359,-135.94505,14.60336,6.16582,-6.88554,-8.06717,-1.4749,6.92583,-4.06312,,,,,,,,,,,,,,,,,,,,,,,,,,,,,,,,,,,,,,,,,,,,,,,,,,,High,High,High,,,,,,216.045185,26.946335,2037.988113,0.891431,1:15,-0.462491,-0.546889,-0.697864,-55.239009,-49.557117,-58.389421,157.094074,-7.126375,0.386212,-0.124058,-0.914029,7.729341,-22.719033,0.124058,-0.386212,0.914029,-7.729341,22.719033,-0.124058,0.386212,0.914029,-157.094074,7.126375,-0.386212,0.124058,-0.914029,,,
171,2026-05-16,13:50:42.17,1,2,"Soares, Gavin",831500,Right,BOC_EAG,"Hernandez, Alex",815415,Right,GIT_YEL,Undefined,5,Top,0,1,0,Fastball,Four-Seam,BallCalled,Undefined,Undefined,Undefined,0,0,,94.16989,-3.391643,-3.058717,2342.052172,197.177035,12:30,6.12095,1.62375,6.09122,-12.06587,19.65903,5.72807,1.97005,-0.73091,85.22343,-5.741844,-2.029123,0.405389,,,,,,,,,,,,-3.85685,11.45733,-1.3906,50,5.85226,7.02315,-136.27335,-8.37762,-7.18174,32.67921,-10.83976,BOC_EAG,GIT_YEL,HarringtonVillage,D1,ACC,20260516-HarringtonVillage-1,c2266b40-514f-11f1-8d76-2da903682334,92.97856,,,8.94645,,,,,,,73f0cb14-48f0-42ce-85bb-8a4ada2a1c20,2026-05-16,17:50:42.17,2026-05-16T13:50:42.1704192-04:00,2026-05-16T17:50:42.1704192Z,,v3,227,100,26605,"Gonzalez, Cesar",831498,Right,BOC_EAG,970a1531-c41b-4411-b708-502b979ed4e6,54.4036,-137.3253,16.3396,6.11632,-8.02868,-5.41988,-1.6204,7.25433,-3.59087,,,,,,,,,,,,,,,,,,,,,,,,,,,,,,,,,,,,,,,,,,,,,,,,,,,High,High,High,,,,,,213.43486,25.398974,2115.67637,0.903343,1:00,-0.438378,-0.522235,-0.731502,-50.234146,-28.193151,-54.788376,168.80569,-7.851101,0.192317,-0.136599,-0.971779,8.001416,-11.088043,0.136599,-0.192317,0.971779,-8.001416,11.088043,-0.136599,0.192317,0.971779,-168.80569,7.851101,-0.192317,0.136599,-0.971779,,,
172,2026-05-16,13:51:02.25,1,3,"Soares, Gavin",831500,Right,BOC_EAG,"Hernandez, Alex",815415,Right,GIT_YEL,Undefined,5,Top,0,2,0,Fastball,Four-Seam,StrikeCalled,Undefined,Undefined,Undefined,0,0,,92.93469,-3.874095,-2.734726,2281.413753,197.91346,12:30,6.23332,1.48128,6.04337,-12.96497,19.86603,6.02453,1.55657,-0.55051,83.71018,-6.395478,-1.652142,0.412395,,,,,,,,,,,,-3.98673,11.83556,-1.27129,50,5.92382,6.15589,-134.39488,-9.4383,-7.17278,33.55752,-10.87993,BOC_EAG,GIT_YEL,HarringtonVillage,D1,ACC,20260516-HarringtonVillage-1,ce1d77e0-514f-11f1-8d76-2da903682334,91.39887,,,9.22451,,,,,,,73f0cb14-48f0-42ce-85bb-8a4ada2a1c20,2026-05-16,17:51:02.25,2026-05-16T13:51:02.2510080-04:00,2026-05-16T17:51:02.2510080Z,,v3,227,100,26605,"Gonzalez, Cesar",831498,Right,BOC_EAG,14cba544-2f71-4bdc-95e8-72805eae6059,54.45256,-135.50209,16.77876,6.22931,-9.07932,-5.43997,-1.4783,6.39255,-3.58639,,,,,,,,,,,,,,,,,,,,,,,,,,,,,,,,,,,,,,,,,,,,,,,,,,,High,High,High,,,,,,211.979069,19.732434,2147.448163,0.94128,1:00,-0.340925,-0.520183,-0.783058,-40.566607,-26.903241,-52.976938,170.353532,-4.068435,0.167146,-0.070948,-0.983376,4.126586,-9.621927,0.070948,-0.167146,0.983376,-4.126586,9.621927,-0.070948,0.167146,0.983376,-170.353532,4.068435,-0.167146,0.070948,-0.983376,,,
173,2026-05-16,13:51:22.07,1,4,"Soares, Gavin",831500,Right,BOC_EAG,"Hernandez, Alex",815415,Right,GIT_YEL,Undefined,5,Top,0,2,1,Curveball,Slider,StrikeSwinging,Undefined,Undefined,Undefined,0,0,,82.24566,0.290801,-2.043744,2210.367952,334.537222,5:15,6.18921,1.49839,5.4549,-47.0692,-4.63311,2.89902,2.53918,-0.174,74.8435,-8.296316,-1.527072,0.468855,,,,,,,,,,,,-2.08606,-1.93162,-1.32013,50,6.1829,4.13356,-119.24617,-1.09312,-2.96975,25.35131,-34.92388,BOC_EAG,GIT_YEL,HarringtonVillage,D1,ACC,20260516-HarringtonVillage-1,d9f6ea60-514f-11f1-8d76-2da903682334,80.39245,,,7.40216,,,,,,,73f0cb14-48f0-42ce-85bb-8a4ada2a1c20,2026-05-16,17:51:22.07,2026-05-16T13:51:22.0748288-04:00,2026-05-16T17:51:22.0748288Z,,v3,227,100,26605,"Gonzalez, Cesar",831498,Right,BOC_EAG,b5417d3a-13a8-4cc7-bde8-029d523972a4,55.04278,-120.31347,12.67565,6.19797,0.37719,-17.46194,-1.49679,4.25859,-1.48488,,,,,,,,,,,,,,,,,,,,,,,,,,,,,,,,,,,,,,,,,,,,,,,,,,,High,High,High,,,,,,354.15752,70.647358,732.474808,0.331381,5:45,-0.931299,-0.028944,0.363103,93.316164,-33.375573,82.77738,175.22983,19.266496,0.078502,0.329962,-0.940724,19.328503,4.502444,0.329962,0.078502,0.940724,-19.328503,-4.502444,-0.329962,-0.078502,0.940724,-175.22983,-19.266496,-0.078502,-0.329962,-0.940724,,,
174,2026-05-16,13:51:43.79,1,5,"Soares, Gavin",831500,Right,BOC_EAG,"Hernandez, Alex",815415,Right,GIT_YEL,Undefined,5,Top,0,2,2,Curveball,Curveball,InPlay,Undefined,LineDrive,Out,1,0,,82.40051,-0.032461,-1.825465,2298.233938,329.443425,5:00,6.24269,1.50464,5.30921,-48.70168,-6.26949,4.54622,2.15374,0.16945,75.18937,-8.873867,-1.016758,0.468834,98.86337,21.71877,-22.105834,1380.90537,100.00977,33.31559,-45.80433,294.42927,287.98843,-28.986591,2.960838,-2.85496,-2.7728,-1.34248,50,6.20408,3.6208,-119.51421,-1.8463,-4.08624,25.27722,-36.14266,BOC_EAG,GIT_YEL,HarringtonVillage,D1,ACC,20260516-HarringtonVillage-1,e6e32c70-514f-11f1-8d76-2da903682334,80.39612,37.47225,,7.21114,,,,1.71681,2.18792,-0.1316,73f0cb14-48f0-42ce-85bb-8a4ada2a1c20,2026-05-16,17:51:43.79,2026-05-16T13:51:43.7916160-04:00,2026-05-16T17:51:43.7916160Z,LineDrive,v3,227,100,26605,"Gonzalez, Cesar",831498,Right,BOC_EAG,14616804-0286-4372-98b5-cefa2eb2a0e2,55.19081,-120.60707,12.63861,6.25012,-0.28367,-18.07133,-1.50284,3.79747,-2.04312,100.396168,1.71673,124.80722,-20.24165,4.20657,-0.94776,0.18145,-0.0218,-0.00073,0.00038,2.1879,53.65808,-23.06604,2.52544,-0.53414,0.12246,-0.02766,0.00504,-0.00045,-0.13179,-50.68401,-1.21692,1.60675,-0.70589,0.27798,-0.07969,0.01349,-0.00097,,,,,,,,,,,,,,,,,,,,,,,High,High,High,High,High,,,,349.387888,71.561819,726.888396,0.316281,5:45,-0.938248,-0.058784,0.340933,93.685833,-40.584445,80.16293,176.572491,19.960132,0.056194,0.341366,-0.938249,19.993069,3.221396,0.341366,0.056194,0.938249,-19.993069,-3.221396,-0.341366,-0.056194,0.938249,-176.572491,-19.960132,-0.056194,-0.341366,-0.938249,67.3287,19.9534,-15.54657
175,2026-05-16,13:52:16.65,2,1,"Soares, Gavin",831500,Right,BOC_EAG,"Schmidt, Kent",812674,Left,GIT_YEL,Undefined,5,Top,1,0,0,Fastball,Four-Seam,BallCalled,Undefined,Undefined,Undefined,0,0,,93.89982,-3.737179,-2.26991,2287.715214,220.532799,1:15,6.0816,1.60629,5.98726,-15.833,16.41694,12.99524,1.29088,0.58435,84.48873,-6.767564,0.06598,0.408729,,,,,,,,,,,,-7.41752,10.01768,-1.43426,50,5.77759,4.80493,-135.83889,-9.34535,-13.60671,34.81888,-13.79757,BOC_EAG,GIT_YEL,HarringtonVillage,D1,ACC,20260516-HarringtonVillage-1,fa75dad0-514f-11f1-8d76-2da903682334,92.21858,,,9.4111,,,,,,,73f0cb14-48f0-42ce-85bb-8a4ada2a1c20,2026-05-16,17:52:16.65,2026-05-16T13:52:16.6540800-04:00,2026-05-16T17:52:16.6540800Z,,v3,227,100,26605,"Gonzalez, Cesar",831498,Right,BOC_EAG,a93e1e76-35f2-4fb6-b655-bb0d721cc724,54.50899,-136.98978,17.40944,6.07895,-8.88929,-6.89879,-1.60052,5.25469,-6.80335,,,,,,,,,,,,,,,,,,,,,,,,,,,,,,,,,,,,,,,,,,,,,,,,,,,High,High,High,,,,,,216.827757,18.66325,2167.417368,0.947416,1:15,-0.312124,-0.587542,-0.746574,-55.234899,-32.841749,-44.239669,165.22742,-13.53665,0.2479,-0.234067,-0.940084,13.981522,-14.353263,0.234067,-0.2479,0.940084,-13.981522,14.353263,-0.234067,0.2479,0.940084,-165.22742,13.53665,-0.2479,0.234067,-0.940084,,,
176,2026-05-16,13:52:33.28,2,2,"Soares, Gavin",831500,Right,BOC_EAG,"Schmidt, Kent",812674,Left,GIT_YEL,Undefined,5,Top,1,1,0,Curveball,Curveball,BallCalled,Undefined,Undefined,Undefined,0,0,,81.85182,-1.306357,-1.701115,2255.8446,0.386137,6:00,6.21658,1.53175,5.40131,-52.69357,-9.20375,-0.07307,0.6006,-0.06882,74.06853,-10.863322,-1.714159,0.474641,,,,,,,,,,,,-0.56453,-3.75292,-1.38008,50,6.06313,3.52347,-118.53932,-4.60449,-0.78263,28.07588,-37.37697,BOC_EAG,GIT_YEL,HarringtonVillage,D1,ACC,20260516-HarringtonVillage-1,04688bf0-5150-11f1-8d76-2da903682334,79.41252,,,7.78329,,,,,,,73f0cb14-48f0-42ce-85bb-8a4ada2a1c20,2026-05-16,17:52:33.28,2026-05-16T13:52:33.2864000-04:00,2026-05-16T17:52:33.2864000Z,,v3,227,100,26605,"Gonzalez, Cesar",831498,Right,BOC_EAG,1bc15a10-9153-4790-9704-7166252f1457,55.0973,-119.74052,14.03794,6.22592,-3.00535,-18.68848,-1.53154,3.55696,-0.39132,,,,,,,,,,,,,,,,,,,,,,,,,,,,,,,,,,,,,,,,,,,,,,,,,,,High,High,High,,,,,,349.468651,65.782482,925.35173,0.410202,5:45,-0.897675,-0.095746,0.43013,93.114059,-34.048131,75.634126,178.633642,-29.084486,0.020838,-0.486099,-0.873655,29.091408,-1.194039,0.486099,-0.020838,0.873655,-29.091408,1.194039,-0.486099,0.020838,0.873655,-178.633642,29.084486,-0.020838,0.486099,-0.873655,,,
177,2026-05-16,13:52:54.19,2,3,"Soares, Gavin",831500,Right,BOC_EAG,"Schmidt, Kent",812674,Left,GIT_YEL,Undefined,5,Top,1,2,0,Curveball,Curveball,StrikeCalled,Undefined,Undefined,Undefined,0,0,,80.54592,1.794641,-0.921986,2146.902431,14.938915,6:30,6.208,1.47649,5.35491,-54.47172,-9.89375,-3.05925,3.35256,0.3568,72.95159,-8.124696,-1.46628,0.480542,,,,,,,,,,,,1.21906,-4.9463,-1.3914,50,6.33116,2.00816,-116.74026,1.66596,1.65626,25.14962,-38.89434,BOC_EAG,GIT_YEL,HarringtonVillage,D1,ACC,20260516-HarringtonVillage-1,10ed59a0-5150-11f1-8d76-2da903682334,78.43732,,,7.59433,,,,,,,73f0cb14-48f0-42ce-85bb-8a4ada2a1c20,2026-05-16,17:52:54.19,2026-05-16T13:52:54.1970000-04:00,2026-05-16T17:52:54.1970000Z,,v3,227,100,26605,"Gonzalez, Cesar",831498,Right,BOC_EAG,f12ac462-6ebd-4d82-ad07-351edfe2e280,55.14308,-117.84304,12.57481,6.22072,3.37142,-19.44717,-1.47787,1.93553,0.82813,,,,,,,,,,,,,,,,,,,,,,,,,,,,,,,,,,,,,,,,,,,,,,,,,,,High,High,High,,,,,,350.538695,70.532615,715.498621,0.33327,5:45,-0.938673,-0.02523,0.343885,84.174291,-29.840295,79.667095,179.775889,29.07277,0.003419,0.48592,-0.873997,29.072956,0.195874,0.48592,0.003419,0.873997,-29.072956,-0.195874,-0.48592,-0.003419,0.873997,-179.775889,-29.07277,-0.003419,-0.48592,-0.873997,,,
178,2026-05-16,13:53:13.53,2,4,"Soares, Gavin",831500,Right,BOC_EAG,"Schmidt, Kent",812674,Left,GIT_YEL,Undefined,5,Top,1,2,1,Fastball,Four-Seam,InPlay,Undefined,GroundBall,Single,0,0,,92.30109,-2.141197,-2.815473,2271.66351,209.920439,1:00,6.28001,1.50156,6.34512,-17.28107,15.05473,8.06256,2.86551,-0.42049,84.29536,-5.434082,-1.358006,0.409273,95.80366,-4.165079,31.069725,,,,,27.44149,26.56923,30.312893,0.188434,-5.01347,8.77367,-1.30059,50,6.11598,6.26043,-133.95641,-5.51009,-9.09175,29.46947,-16.26332,BOC_EAG,GIT_YEL,HarringtonVillage,D1,ACC,20260516-HarringtonVillage-1,1c596450-5150-11f1-adc7-f90b1e2dfdec,92.09607,2.86435,,8.00574,,,,1.73471,2.86435,0.39218,73f0cb14-48f0-42ce-85bb-8a4ada2a1c20,2026-05-16,17:53:13.53,2026-05-16T13:53:13.5327232-04:00,2026-05-16T17:53:13.5327232Z,GroundBall,v3,227,100,26605,"Gonzalez, Cesar",831498,Right,BOC_EAG,5c7fb6f7-7c29-43c7-8ba3-c698796fcdf4,54.15364,-134.86708,14.73474,6.27849,-5.00751,-8.13166,-1.4984,6.54138,-4.54588,332.196477,1.73523,119.99971,-18.53296,,,,,,,2.86557,-10.29064,-26.12538,,,,,,,0.39203,72.33412,-4.83857,,,,,,,,,,,,,,,,,,,,,,,,,,,,,High,High,High,High,High,,,,211.865522,32.227817,1921.678216,0.845934,1:00,-0.550895,-0.466205,-0.692219,-60.908752,-40.987295,-70.625021,164.321663,-16.046255,0.259708,-0.276413,-0.925282,16.632673,-15.05272,0.276413,-0.259708,0.925282,-16.632673,15.05272,-0.276413,0.259708,0.925282,-164.321663,16.046255,-0.259708,0.276413,-0.925282,69.84668,19.37982,13.15077
179,2026-05-16,13:53:55.42,3,1,"Soares, Gavin",831500,Right,BOC_EAG,"Brosius, Parker",702701,Right,GIT_YEL,Undefined,5,Top,1,0,0,Fastball,Four-Seam,FoulBallNotFieldable,Undefined,Undefined,Undefined,0,0,,92.36184,-2.917335,-2.735057,2174.604467,204.227905,12:45,6.14072,1.52605,6.08345,-17.94249,15.0067,6.23008,1.94116,-0.48699,83.69632,-6.324685,-1.614161,0.413137,,,,,,,,,,,,-4.08284,8.99906,-1.3181,50,5.90565,6.12906,-133.80103,-7.36917,-7.31729,31.93623,-16.04586,BOC_EAG,GIT_YEL,HarringtonVillage,D1,ACC,20260516-HarringtonVillage-1,354e1820-5150-11f1-adc7-f90b1e2dfdec,91.23475,,,8.66552,,,,,,,73f0cb14-48f0-42ce-85bb-8a4ada2a1c20,2026-05-16,17:53:55.42,2026-05-16T13:53:55.4288640-04:00,2026-05-16T17:53:55.4288640Z,,v3,227,100,26605,"Gonzalez, Cesar",831498,Right,BOC_EAG,513de9f0-b581-497c-8f46-f9e215593527,54.41442,-134.85057,15.96811,6.13916,-6.84184,-8.02293,-1.52347,6.36953,-3.65865,,,,,,,,,,,,,,,,,,,,,,,,,,,,,,,,,,,,,,,,,,,,,,,,,,,High,High,High,,,,,,214.455812,24.528047,1978.364173,0.909758,1:15,-0.423757,-0.535176,-0.730764,-57.071552,-33.766834,-54.215396,164.99593,-13.890581,0.251317,-0.240068,-0.93766,14.360908,-14.555444,0.240068,-0.251317,0.93766,-14.360908,14.555444,-0.240068,0.251317,0.93766,-164.99593,13.890581,-0.251317,0.240068,-0.93766,,,
180,2026-05-16,13:54:21.97,3,2,"Soares, Gavin",831500,Right,BOC_EAG,"Brosius, Parker",702701,Right,GIT_YEL,Undefined,5,Top,1,0,1,Fastball,Four-Seam,InPlay,Undefined,FlyBall,Out,1,0,,93.01446,-2.643678,-2.775398,2319.294386,210.810665,1:00,6.12628,1.60661,6.18102,-16.19686,15.87147,8.84245,2.33068,-0.22142,84.9352,-5.728165,-1.181761,0.407577,98.71768,34.593987,2.264566,3855.013635,109.62146,71.68841,9.11127,362.69349,359.5924,9.459365,5.498569,-5.37882,9.28945,-1.40136,50,5.91804,6.16938,-134.91112,-6.71036,-9.89446,29.8741,-15.08592,BOC_EAG,GIT_YEL,HarringtonVillage,D1,ACC,20260516-HarringtonVillage-1,452b1180-5150-11f1-adc7-f90b1e2dfdec,92.47936,103.28427,,8.07926,,,,1.12982,2.36277,0.21496,73f0cb14-48f0-42ce-85bb-8a4ada2a1c20,2026-05-16,17:54:21.97,2026-05-16T13:54:21.9774464-04:00,2026-05-16T17:54:21.9774464Z,FlyBall,v3,227,100,26605,"Gonzalez, Cesar",831498,Right,BOC_EAG,0523b21d-4ce9-4d75-b817-d91b07413e26,54.31767,-135.86384,14.93705,6.12437,-6.22926,-7.54296,-1.60314,6.48493,-4.94723,200.020729,1.1338,119.02211,-24.66721,5.81136,-1.11516,0.17997,-0.02426,0.00236,-0.00011,2.36379,82.17323,-18.90463,0.82503,0.22903,-0.16427,0.04334,-0.00535,0.00025,0.2139,4.72935,4.1252,-1.37465,0.33089,-0.06034,0.00763,-0.00061,2E-05,,,,,,,,,,,,,,,,,,,,,,,High,High,High,High,High,,,,215.146652,28.627022,2035.777144,0.877757,1:15,-0.489508,-0.52686,-0.694838,-61.687607,-42.841179,-68.71997,165.099907,-19.228119,0.24279,-0.32933,-0.912466,19.84568,-14.051272,0.32933,-0.24279,0.912466,-19.84568,14.051272,-0.32933,0.24279,0.912466,-165.099907,19.228119,-0.24279,0.32933,-0.912466,80.29265,19.21195,-8.23644
181,2026-05-16,13:55:02.51,4,1,"Soares, Gavin",831500,Right,BOC_EAG,"Rogers, Drew",811441,Right,GIT_YEL,Undefined,5,Top,2,0,0,Fastball,Four-Seam,FoulBallNotFieldable,Undefined,Undefined,Undefined,0,0,,92.46337,-1.940735,-1.957954,2238.184139,214.60682,1:15,6.1449,1.58743,6.12691,-15.12528,17.94895,11.51174,3.08875,0.73615,82.81304,-4.878348,0.116431,0.41392,99.16399,-6.937181,-57.678847,,,,,28.24829,24.88058,-54.331471,0.182455,-6.62441,10.29607,-1.44362,50,5.98868,4.08573,-133.98792,-4.94874,-11.77757,34.88948,-13.86868,BOC_EAG,GIT_YEL,HarringtonVillage,D1,ACC,20260516-HarringtonVillage-1,5d532680-5150-11f1-adc7-f90b1e2dfdec,91.06215,3.21079,,9.65032,,,,2.3622,3.21079,-0.64865,73f0cb14-48f0-42ce-85bb-8a4ada2a1c20,2026-05-16,17:55:02.51,2026-05-16T13:55:02.5143808-04:00,2026-05-16T17:55:02.5143808Z,GroundBall,v3,227,100,26605,"Gonzalez, Cesar",831498,Right,BOC_EAG,156d4719-e7e9-4023-aa8b-5778ee9409e0,54.36929,-135.12087,17.44474,6.14206,-4.4984,-6.93434,-1.58251,4.46817,-5.88878,180,2.35817,77.32986,,,,,,,,3.21171,-17.5977,,,,,,,,-0.64227,-122.22382,,,,,,,,,,,,,,,,,,,,,,,,,,,,,,High,High,High,High,Medium,,,,214.819689,25.330339,2022.996457,0.903856,1:15,-0.435226,-0.530291,-0.727578,-53.785049,-36.667245,-65.012422,168.321411,-14.41353,0.19605,-0.248919,-0.948475,14.705142,-11.306069,0.248919,-0.19605,0.948475,-14.705142,11.306069,-0.248919,0.19605,0.948475,-168.321411,14.41353,-0.19605,0.248919,-0.948475,75.47433,25.6371,-30.02643
182,2026-05-16,13:55:28.59,4,2,"Soares, Gavin",831500,Right,BOC_EAG,"Rogers, Drew",811441,Right,GIT_YEL,Undefined,5,Top,2,0,1,Curveball,Curveball,BallCalled,Undefined,Undefined,Undefined,0,0,,81.38979,-0.940539,-1.53934,2182.955503,359.583112,6:00,6.18574,1.69815,5.47672,-49.92881,-5.7824,0.05496,1.14452,0.26199,72.99969,-10.061383,-1.529525,0.47821,,,,,,,,,,,,-0.60299,-2.07965,-1.56303,50,6.06943,3.1632,-117.79318,-3.69576,-0.81985,29.10516,-35.00158,BOC_EAG,GIT_YEL,HarringtonVillage,D1,ACC,20260516-HarringtonVillage-1,6ceb4eb0-5150-11f1-adc7-f90b1e2dfdec,78.81981,,,8.3901,,,,,,,73f0cb14-48f0-42ce-85bb-8a4ada2a1c20,2026-05-16,17:55:28.59,2026-05-16T13:55:28.5961216-04:00,2026-05-16T17:55:28.5961216Z,,v3,227,100,26605,"Gonzalez, Cesar",831498,Right,BOC_EAG,c36e75ca-7483-4ce6-9a00-75eca89a4640,55.01964,-119.02701,14.55258,6.19465,-2.21198,-17.50079,-1.69786,3.19796,-0.40992,,,,,,,,,,,,,,,,,,,,,,,,,,,,,,,,,,,,,,,,,,,,,,,,,,,High,High,High,,,,,,347.110581,72.710094,648.788943,0.297207,5:30,-0.945469,-0.081962,0.31523,79.737945,-25.431469,83.063659,177.197114,-31.874626,0.041526,-0.528062,-0.84819,31.905391,-2.379962,0.528062,-0.041526,0.84819,-31.905391,2.379962,-0.528062,0.041526,0.84819,-177.197114,31.874626,-0.041526,0.528062,-0.84819,,,
183,2026-05-16,13:55:50.45,4,3,"Soares, Gavin",831500,Right,BOC_EAG,"Rogers, Drew",811441,Right,GIT_YEL,Undefined,5,Top,2,1,1,Curveball,Curveball,StrikeSwinging,Undefined,Undefined,Undefined,0,0,,80.91384,-0.901441,-2.768009,2141.56052,7.980017,6:15,6.15542,1.60839,5.56326,-46.7353,-3.33067,-0.66063,1.41762,-1.03459,74.41262,-9.399779,-2.885943,0.474176,,,,,,,,,,,,-0.46807,-0.96638,-1.36896,50,6.047,5.70049,-117.35579,-3.47022,-0.65021,23.02063,-33.5165,BOC_EAG,GIT_YEL,HarringtonVillage,D1,ACC,20260516-HarringtonVillage-1,79ec9f60-5150-11f1-adc7-f90b1e2dfdec,79.49042,,,6.50122,,,,,,,73f0cb14-48f0-42ce-85bb-8a4ada2a1c20,2026-05-16,17:55:50.45,2026-05-16T13:55:50.4569344-04:00,2026-05-16T17:55:50.4569344Z,,v3,227,100,26605,"Gonzalez, Cesar",831498,Right,BOC_EAG,eb1dc5f3-f8cf-4766-b0e8-576660b0cd54,54.93561,-118.32001,11.51032,6.16296,-2.06639,-16.75825,-1.60829,5.72772,-0.3251,,,,,,,,,,,,,,,,,,,,,,,,,,,,,,,,,,,,,,,,,,,,,,,,,,,High,High,High,,,,,,350.850977,71.499326,679.551028,0.317316,5:45,-0.931175,-0.065367,0.358666,81.33601,-25.359053,84.095437,179.425836,31.799074,0.008517,0.526942,-0.849859,31.800362,0.48798,0.526942,0.008517,0.849859,-31.800362,-0.48798,-0.526942,-0.008517,0.849859,-179.425836,-31.799074,-0.008517,-0.526942,-0.849859,,,
184,2026-05-16,13:56:14.97,4,4,"Soares, Gavin",831500,Right,BOC_EAG,"Rogers, Drew",811441,Right,GIT_YEL,Undefined,5,Top,2,1,2,Fastball,Four-Seam,BallCalled,Undefined,Undefined,Undefined,0,0,,93.38869,-3.595289,-2.806643,2322.209526,209.141464,1:00,6.18363,1.49338,6.06509,-14.81158,17.45627,9.09591,1.61368,-0.34813,84.63981,-6.434846,-1.17095,0.408843,,,,,,,,,,,,-5.51886,10.41292,-1.2803,50,5.89627,6.22543,-135.17081,-8.91757,-10.11297,32.09667,-13.09302,BOC_EAG,GIT_YEL,HarringtonVillage,D1,ACC,20260516-HarringtonVillage-1,88824bb0-5150-11f1-adc7-f90b1e2dfdec,92.19293,,,8.74887,,,,,,,73f0cb14-48f0-42ce-85bb-8a4ada2a1c20,2026-05-16,17:56:14.97,2026-05-16T13:56:14.9724160-04:00,2026-05-16T17:56:14.9724160Z,,v3,227,100,26605,"Gonzalez, Cesar",831498,Right,BOC_EAG,be87969d-327c-4f7a-9757-d4485922a683,54.43115,-136.21894,16.04833,6.18049,-8.49002,-6.54651,-1.48898,6.55567,-5.05649,,,,,,,,,,,,,,,,,,,,,,,,,,,,,,,,,,,,,,,,,,,,,,,,,,,High,High,High,,,,,,214.121223,24.802499,2108.007019,0.907759,1:15,-0.423068,-0.534507,-0.731653,-54.854543,-35.161419,-53.926912,163.893124,-11.372434,0.271983,-0.197186,-0.941883,11.824253,-15.782297,0.197186,-0.271983,0.941883,-11.824253,15.782297,-0.197186,0.271983,0.941883,-163.893124,11.372434,-0.271983,0.197186,-0.941883,,,
185,2026-05-16,13:56:38.67,4,5,"Soares, Gavin",831500,Right,BOC_EAG,"Rogers, Drew",811441,Right,GIT_YEL,Undefined,5,Top,2,2,2,Fastball,Four-Seam,BallCalled,Undefined,Undefined,Undefined,0,0,,94.12794,-0.853706,-2.395127,2299.595862,209.164658,1:00,6.19671,1.52772,6.14795,-14.29217,17.00883,8.9278,4.21611,0.0573,85.71951,-3.603645,-0.78692,0.402671,,,,,,,,,,,,-5.25398,9.30934,-1.34967,50,6.12409,5.32053,-136.64577,-2.43269,-9.91493,30.64737,-14.60614,BOC_EAG,GIT_YEL,HarringtonVillage,D1,ACC,20260516-HarringtonVillage-1,96ab0560-5150-11f1-adc7-f90b1e2dfdec,93.606,,,8.40843,,,,,,,73f0cb14-48f0-42ce-85bb-8a4ada2a1c20,2026-05-16,17:56:38.67,2026-05-16T13:56:38.6710000-04:00,2026-05-16T17:56:38.6710000Z,,v3,227,100,26605,"Gonzalez, Cesar",831498,Right,BOC_EAG,c1557276-2460-4fd1-a7cc-c951267e8fe7,54.34865,-137.61764,15.32368,6.19389,-1.96951,-7.30307,-1.52338,5.63495,-4.95746,,,,,,,,,,,,,,,,,,,,,,,,,,,,,71.70508,2.176802,0.697139,1.479663,-2.61787,3.95307,-0.0062,-3.11659,5.85563,1.13854,127.27778,1.29087,3.05668,-2.87978,101.87796,-9.55744,5.87915,13.86696,-11.48998,1.10629,-0.08432,0.96822,High,High,High,,,High,High,Medium,213.789695,26.482077,2058.308231,0.895074,1:15,-0.469156,-0.504381,-0.724909,-58.466887,-43.330053,-65.148263,161.372109,-15.597946,0.307657,-0.268885,-0.912715,16.41495,-17.918092,0.268885,-0.307657,0.912715,-16.41495,17.918092,-0.268885,0.307657,0.912715,-161.372109,15.597946,-0.307657,0.268885,-0.912715,,,
186,2026-05-16,13:57:12.10,4,6,"Soares, Gavin",831500,Right,BOC_EAG,"Rogers, Drew",811441,Right,GIT_YEL,Undefined,5,Top,2,3,2,Curveball,Curveball,BallCalled,Walk,Undefined,Undefined,0,0,,83.08763,-1.4867,-1.652375,2331.519661,338.944686,5:15,6.19966,1.67584,5.48465,-46.6866,-5.45701,2.60366,0.91729,0.34645,76.50154,-9.947662,-1.187148,0.462142,,,,,,,,,,,,-1.80335,-1.99114,-1.53283,50,6.03725,3.37347,-120.59287,-4.80412,-2.6442,24.39255,-35.09359,BOC_EAG,GIT_YEL,HarringtonVillage,D1,ACC,20260516-HarringtonVillage-1,aaa04620-5150-11f1-adc7-f90b1e2dfdec,81.56023,,,6.58609,,,,,,,73f0cb14-48f0-42ce-85bb-8a4ada2a1c20,2026-05-16,17:57:12.10,2026-05-16T13:57:12.1011712-04:00,2026-05-16T17:57:12.1011712Z,,v3,227,100,26605,"Gonzalez, Cesar",831498,Right,BOC_EAG,29a9f150-e73c-4d29-841a-c52d89e0d87e,55.01605,-121.60324,12.19628,6.20614,-3.3505,-17.54679,-1.67483,3.483,-1.3221,,,,,,,,,,,,,,,,,,,,,,,,,,,,,,,,,,,,,,,,,,,,,,,,,,,High,High,High,,,,,,334.852893,74.367655,628.259456,0.269464,5:15,-0.952283,-0.139454,0.271496,80.767008,-24.270806,87.439896,176.499488,-27.99999,0.053911,-0.469471,-0.8813,28.044366,-3.090345,0.469471,-0.053911,0.8813,-28.044366,3.090345,-0.469471,0.053911,0.8813,-176.499488,27.99999,-0.053911,0.469471,-0.8813,,,
187,2026-05-16,13:57:46.44,5,1,"Soares, Gavin",831500,Right,BOC_EAG,"Kerce, Carson",812668,Right,GIT_YEL,Undefined,5,Top,2,0,0,Fastball,Four-Seam,BallCalled,Undefined,Undefined,Undefined,0,0,,92.09848,-4.094001,-4.047252,2282.185859,202.005003,12:45,6.20525,1.54511,6.12673,-15.93879,16.89623,6.40508,1.07668,-1.66856,84.50504,-7.110149,-2.896853,0.41242,,,,,,,,,,,,-4.3889,10.14879,-1.23841,50,5.88252,9.15455,-133.22303,-10.0183,-7.91061,27.84407,-13.88171,BOC_EAG,GIT_YEL,HarringtonVillage,D1,ACC,20260516-HarringtonVillage-1,bf0addf0-5150-11f1-adc7-f90b1e2dfdec,91.3933,,,7.59344,,,,,,,73f0cb14-48f0-42ce-85bb-8a4ada2a1c20,2026-05-16,17:57:46.44,2026-05-16T13:57:46.4420864-04:00,2026-05-16T17:57:46.4420864Z,,v3,227,100,26605,"Gonzalez, Cesar",831498,Right,BOC_EAG,310287e9-1375-4d38-86bb-f01ae36b9b35,54.37103,-134.13348,13.92204,6.20268,-9.5644,-6.94085,-1.54198,9.41321,-3.95531,,,,,,,,,,,,,,,,,,,,,,,,,,,,,,,,,,,,,,,,,,,,,,,,,,,High,High,High,,,,,,213.523964,25.785694,2054.942717,0.900427,1:00,-0.450379,-0.527081,-0.720656,-56.266799,-31.344545,-45.378992,160.839908,-8.825708,0.324323,-0.153429,-0.933421,9.334413,-18.924545,0.153429,-0.324323,0.933421,-9.334413,18.924545,-0.153429,0.324323,0.933421,-160.839908,8.825708,-0.324323,0.153429,-0.933421,,,
188,2026-05-16,13:58:08.35,5,2,"Soares, Gavin",831500,Right,BOC_EAG,"Kerce, Carson",812668,Right,GIT_YEL,Undefined,5,Top,2,1,0,Curveball,Curveball,BallCalled,Undefined,Undefined,Undefined,0,0,,79.70707,-0.478247,-1.249379,2064.053186,24.973533,6:45,6.20387,1.62545,5.28503,-52.04318,-6.36402,-3.72099,1.41771,0.14193,72.49894,-9.918117,-1.911701,0.486441,,,,,,,,,,,,1.45976,-2.59898,-1.50872,50,6.12207,2.67044,-115.54148,-2.80978,1.93891,25.03053,-35.62609,BOC_EAG,GIT_YEL,HarringtonVillage,D1,ACC,20260516-HarringtonVillage-1,cc220090-5150-11f1-adc7-f90b1e2dfdec,77.48608,,,7.20813,,,,,,,73f0cb14-48f0-42ce-85bb-8a4ada2a1c20,2026-05-16,17:58:08.35,2026-05-16T13:58:08.3538432-04:00,2026-05-16T17:58:08.3538432Z,,v3,227,100,26605,"Gonzalez, Cesar",831498,Right,BOC_EAG,e3130d61-ec90-4f64-99ab-befff1796e86,55.21395,-116.66555,12.51527,6.21232,-1.20989,-17.81305,-1.62669,2.58337,0.96946,,,,,,,,,,,,,,,,,,,,,,,,,,,,,,,,,,,,,,,,,,,,,,,,,,,High,High,High,,,,,,351.016123,70.086053,703.033907,0.340608,5:45,-0.93217,-0.061034,0.35684,84.17788,-39.635408,81.036912,175.430387,29.748213,0.069171,0.496189,-0.865454,29.826862,3.966366,0.496189,0.069171,0.865454,-29.826862,-3.966366,-0.496189,-0.069171,0.865454,-175.430387,-29.748213,-0.069171,-0.496189,-0.865454,,,
189,2026-05-16,13:59:30.81,5,3,"Soares, Gavin",831500,Right,BOC_EAG,"Kerce, Carson",812668,Right,GIT_YEL,Undefined,5,Top,2,2,0,Curveball,Curveball,BallCalled,Undefined,Undefined,Undefined,0,0,,80.213,-1.646998,-1.960709,2106.945525,350.617332,5:45,6.18511,1.52113,5.42209,-49.74247,-5.65914,1.1511,0.49588,-0.22021,74.47037,-10.619181,-1.755229,0.477869,,,,,,,,,,,,-1.11795,-2.09583,-1.34792,50,6.00368,3.94259,-116.46933,-5.08073,-1.53918,21.40291,-35.05952,BOC_EAG,GIT_YEL,HarringtonVillage,D1,ACC,20260516-HarringtonVillage-1,fd47f120-5150-11f1-adc7-f90b1e2dfdec,78.87613,,,5.74263,,,,,,,73f0cb14-48f0-42ce-85bb-8a4ada2a1c20,2026-05-16,17:59:30.81,2026-05-16T13:59:30.8160000-04:00,2026-05-16T17:59:30.8160000Z,,v3,227,100,26605,"Gonzalez, Cesar",831498,Right,BOC_EAG,33559fd0-cfc6-4e9a-b445-8ef9266646e8,55.0798,-117.3991,10.70146,6.19131,-3.55769,-17.52976,-1.52064,4.00946,-0.76959,,,,,,,,,,,,,,,,,,,,,,,,,,,,,,,,,,,,,,,,,,,,,,,,,,,High,High,High,,,,,,355.125718,66.222887,849.477821,0.40318,5:45,-0.899479,-0.060546,0.43275,96.820755,-35.861787,66.37751,174.498142,-29.702222,0.083281,-0.495492,-0.864611,29.816223,-4.777174,0.495492,-0.083281,0.864611,-29.816223,4.777174,-0.495492,0.083281,0.864611,-174.498142,29.702222,-0.083281,0.495492,-0.864611,,,
190,2026-05-16,13:59:55.87,5,4,"Soares, Gavin",831500,Right,BOC_EAG,"Kerce, Carson",812668,Right,GIT_YEL,Undefined,5,Top,2,3,0,Fastball,Four-Seam,StrikeCalled,Undefined,Undefined,Undefined,0,0,,91.85149,-3.095581,-2.455562,2297.469254,217.778942,1:15,6.20712,1.53389,5.88136,-14.54776,19.13533,13.87233,2.11462,0.40813,82.84134,-5.900688,0.031817,0.417712,,,,,,,,,,,,-7.8491,11.1176,-1.34346,50,5.94849,5.08484,-132.96327,-7.59589,-13.85344,32.25915,-12.55181,BOC_EAG,GIT_YEL,HarringtonVillage,D1,ACC,20260516-HarringtonVillage-1,0c2f18d0-5151-11f1-adc7-f90b1e2dfdec,90.2354,,,9.01014,,,,,,,73f0cb14-48f0-42ce-85bb-8a4ada2a1c20,2026-05-16,17:59:55.87,2026-05-16T13:59:55.8757888-04:00,2026-05-16T17:59:55.8757888Z,,v3,227,100,26605,"Gonzalez, Cesar",831498,Right,BOC_EAG,458b1f90-eb7c-4764-9a26-5c72e73c7b3a,54.61481,-134.07823,16.12958,6.20353,-7.16207,-6.27591,-1.52748,5.56365,-6.92672,,,,,,,,,,,,,,,,,,,,,,,,,,,,,,,,,,,,,,,,,,,,,,,,,,,High,High,High,,,,,,213.363189,18.10572,2183.709404,0.950485,1:00,-0.315843,-0.538733,-0.781031,-54.207312,-20.744302,-37.044691,167.527588,-14.465875,0.209123,-0.249803,-0.945445,14.800341,-12.070935,0.249803,-0.209123,0.945445,-14.800341,12.070935,-0.249803,0.209123,0.945445,-167.527588,14.465875,-0.209123,0.249803,-0.945445,,,
191,2026-05-16,14:00:16.16,5,5,"Soares, Gavin",831500,Right,BOC_EAG,"Kerce, Carson",812668,Right,GIT_YEL,Undefined,5,Top,2,3,1,Fastball,Four-Seam,BallCalled,Walk,Undefined,Undefined,0,0,,92.92096,-3.857797,-2.846066,2314.173485,216.907227,1:15,6.20277,1.53829,6.18042,-13.88816,18.30969,12.95308,1.47317,-0.01263,84.88629,-6.522458,-0.5115,0.408399,,,,,,,,,,,,-7.50103,10.88339,-1.3296,50,5.90349,6.14381,-134.61275,-9.46227,-13.74632,29.56296,-12.22917,BOC_EAG,GIT_YEL,HarringtonVillage,D1,ACC,20260516-HarringtonVillage-1,18456d40-5151-11f1-adc7-f90b1e2dfdec,92.29313,,,8.03467,,,,,,,73f0cb14-48f0-42ce-85bb-8a4ada2a1c20,2026-05-16,18:00:16.16,2026-05-16T14:00:16.1619456-04:00,2026-05-16T18:00:16.1619456Z,,v3,227,100,26605,"Gonzalez, Cesar",831498,Right,BOC_EAG,c78f3fba-8c69-405e-b110-ac39c23aaf0a,54.31812,-135.55775,14.78148,6.19972,-9.07136,-6.11458,-1.53301,6.58322,-6.87316,,,,,,,,,,,,,,,,,,,,,,,,,,,,,,,,,,,,,,,,,,,,,,,,,,,High,High,High,,,,,,212.283566,23.403614,2123.785446,0.91773,1:00,-0.401403,-0.515782,-0.756865,-54.323252,-38.678547,-62.768413,164.424834,-15.888777,0.258244,-0.273771,-0.926477,16.462234,-14.965903,0.273771,-0.258244,0.926477,-16.462234,14.965903,-0.273771,0.258244,0.926477,-164.424834,15.888777,-0.258244,0.273771,-0.926477,,,
192,2026-05-16,14:01:13.62,6,1,"Soares, Gavin",831500,Right,BOC_EAG,"Burress, Drew",806039,Right,GIT_YEL,Undefined,5,Top,2,0,0,Curveball,Curveball,StrikeCalled,Undefined,Undefined,Undefined,0,0,,79.70004,-0.031877,-1.488305,2242.950098,348.424484,5:30,6.23976,1.52022,5.30656,-54.46971,-9.32922,2.20713,1.67069,0.30677,73.25016,-9.880983,-1.095305,0.483565,,,,,,,,,,,,-1.54839,-4.26272,-1.38679,50,6.19699,2.91709,-115.6899,-2.00974,-2.08617,22.7682,-37.91727,BOC_EAG,GIT_YEL,HarringtonVillage,D1,ACC,20260516-HarringtonVillage-1,3a9c7910-5151-11f1-adc7-f90b1e2dfdec,77.94704,,,6.44989,,,,,,,73f0cb14-48f0-42ce-85bb-8a4ada2a1c20,2026-05-16,18:01:13.62,2026-05-16T14:01:13.6206336-04:00,2026-05-16T18:01:13.6206336Z,,v3,227,100,26605,"Gonzalez, Cesar",831498,Right,BOC_EAG,328a1c93-9cda-4cff-9089-0cad0f94af76,55.19449,-116.70772,11.3841,6.24895,-0.3147,-18.95864,-1.51928,3.01035,-1.04309,,,,,,,,,,,,,,,,,,,,,,,,,,,,,,,,,,,,,,,,,,,,,,,,,,,High,High,High,,,,,,352.871022,67.990563,840.566406,0.374759,5:45,-0.917125,-0.047025,0.395816,100.339057,-38.502762,63.890441,173.490597,-25.728902,0.102127,-0.434114,-0.895051,25.874113,-5.861662,0.434114,-0.102127,0.895051,-25.874113,5.861662,-0.434114,0.102127,0.895051,-173.490597,25.728902,-0.102127,0.434114,-0.895051,,,
193,2026-05-16,14:01:33.23,6,2,"Soares, Gavin",831500,Right,BOC_EAG,"Burress, Drew",806039,Right,GIT_YEL,Undefined,5,Top,2,0,1,Fastball,Four-Seam,InPlay,Undefined,FlyBall,Out,1,0,,92.15148,-3.647067,-2.495302,2276.566247,212.089982,1:00,6.22851,1.39324,5.92254,-14.43721,18.57808,10.97134,1.63335,-0.00945,84.23447,-6.400111,-0.526775,0.413551,88.84925,54.120691,16.648191,,99.1427,132.59762,47.65207,212.52817,102.11242,30.528697,5.92754,-6.37197,10.90587,-1.19993,50,5.92801,5.35405,-133.53507,-8.93859,-11.49342,29.03545,-12.50261,BOC_EAG,GIT_YEL,HarringtonVillage,D1,ACC,20260516-HarringtonVillage-1,46358730-5151-11f1-adc7-f90b1e2dfdec,91.14341,136.70356,,7.91701,,,,2.13739,1.6118,-0.04404,73f0cb14-48f0-42ce-85bb-8a4ada2a1c20,2026-05-16,18:01:33.23,2026-05-16T14:01:33.2340224-04:00,2026-05-16T18:01:33.2340224Z,FlyBall,v3,227,100,26605,"Gonzalez, Cesar",831498,Right,BOC_EAG,02520400-d2dc-44df-9b1a-3dbb1c66fb02,54.57703,-134.5266,14.51773,6.22596,-8.51164,-6.25131,-1.38947,5.74654,-5.74671,196.578835,2.13991,73.09807,-23.58603,6.6427,-1.17927,0.08344,0.01163,-0.00265,0.00014,1.60433,105.70632,-25.22017,2.37497,-0.30594,2E-05,0.01378,-0.00281,0.00017,-0.04351,21.88158,0.48488,-0.77186,0.21373,-0.01732,-0.00432,0.00105,-7E-05,,,,,,,,,,,,,,,,,,,,,,,High,High,High,Medium,Low,,,,212.702424,22.060932,2109.88734,0.926785,1:00,-0.37661,-0.523597,-0.764206,-53.340869,-22.574629,-45.606481,168.713984,-12.782096,0.190857,-0.221244,-0.95636,13.025628,-11.002796,0.221244,-0.190857,0.95636,-13.025628,11.002796,-0.221244,0.190857,0.95636,-168.713984,12.782096,-0.190857,0.221244,-0.95636,77.27927,10.16797,-7.79014
194,2026-05-16,14:04:24.15,1,1,"Blakely, Jackson",831359,Right,GIT_YEL,"Wolff, Kyle",813479,Right,BOC_EAG,Undefined,5,Bottom,0,0,0,ChangeUp,Changeup,StrikeSwinging,Undefined,Undefined,Undefined,0,0,,84.40556,-1.614697,-3.244029,1469.129369,254.756542,2:30,5.38141,1.92706,6.21279,-34.09191,5.5287,14.75686,1.04746,0.15976,75.98141,-7.987935,-0.579786,0.453035,,,,,,,,,,,,-8.79768,3.83197,-1.69101,50,5.24334,6.36323,-122.25979,-4.50365,-13.0158,29.17031,-26.50481,BOC_EAG,GIT_YEL,HarringtonVillage,D1,ACC,20260516-HarringtonVillage-1,ac1abbb0-5151-11f1-adc7-f90b1e2dfdec,83.19978,,,8.42415,,,,,,,73f0cb14-48f0-42ce-85bb-8a4ada2a1c20,2026-05-16,18:04:24.15,2026-05-16T14:04:24.1550336-04:00,2026-05-16T18:04:24.1550336Z,,v3,227,100,26605,"Rogers, Drew",811441,Right,GIT_YEL,e99a2064-23e5-4348-bcf5-dc55b9f81b4f,54.28478,-123.27787,14.58515,5.38438,-3.5786,-13.25241,-1.92102,6.8175,-6.5079,,,,,,,,,,,,,,,,,,,,,,,,,,,,,,,,,,,,,,,,,,,,,,,,,,,High,High,High,,,,,,250.653829,35.284935,1199.234881,0.81629,2:15,-0.570123,-0.786168,-0.238536,-1.693128,-18.393012,51.97176,154.597339,84.971447,0.037601,0.996151,-0.079178,85.455486,2.154874,0.996151,0.037601,0.079178,-85.455486,-2.154874,-0.996151,-0.037601,0.079178,-154.597339,-84.971447,-0.037601,-0.996151,-0.079178,,,
195,2026-05-16,14:04:43.16,1,2,"Blakely, Jackson",831359,Right,GIT_YEL,"Wolff, Kyle",813479,Right,BOC_EAG,Undefined,5,Bottom,0,0,1,Fastball,Four-Seam,BallCalled,Undefined,Undefined,Undefined,0,0,,91.75871,-0.317243,-2.457137,2247.041221,204.106173,12:45,5.71547,1.74279,6.09996,-18.63344,14.43048,5.97248,3.869,-0.03337,83.44222,-3.858109,-1.382453,0.413855,,,,,,,,,,,,-3.79114,7.858,-1.55676,50,5.68121,5.46091,-133.18754,-1.30326,-6.7797,29.78872,-18.12161,BOC_EAG,GIT_YEL,HarringtonVillage,D1,ACC,20260516-HarringtonVillage-1,b76bc450-5151-11f1-adc7-f90b1e2dfdec,91.07636,,,8.31649,,,,,,,73f0cb14-48f0-42ce-85bb-8a4ada2a1c20,2026-05-16,18:04:43.16,2026-05-16T14:04:43.1651328-04:00,2026-05-16T18:04:43.1651328Z,,v3,227,100,26605,"Rogers, Drew",811441,Right,GIT_YEL,679c2fb3-50fb-4025-8266-0d64b9f720d6,54.39731,-134.16744,14.89436,5.71428,-0.70715,-9.06081,-1.74007,5.68393,-3.38985,,,,,,,,,,,,,,,,,,,,,,,,,,,,,,,,,,,,,,,,,,,,,,,,,,,High,High,High,,,,,,225.146847,36.499052,1806.321609,0.803867,1:30,-0.615408,-0.573159,-0.541075,-65.311895,-33.06539,-44.132766,160.660912,-2.301651,0.330891,-0.040161,-0.942814,2.439125,-19.322866,0.040161,-0.330891,0.942814,-2.439125,19.322866,-0.040161,0.330891,0.942814,-160.660912,2.301651,-0.330891,0.040161,-0.942814,,,
196,2026-05-16,14:05:01.18,1,3,"Blakely, Jackson",831359,Right,GIT_YEL,"Wolff, Kyle",813479,Right,BOC_EAG,Undefined,5,Bottom,0,1,1,Slider,Slider,StrikeSwinging,Undefined,Undefined,Undefined,0,0,,81.12571,-0.159589,-1.961921,2418.899496,353.573143,5:45,5.52739,1.85883,5.50915,-46.04589,-1.32488,0.36413,1.54091,0.05375,71.97902,-8.646345,-1.89695,0.481313,,,,,,,,,,,,-0.95827,-0.05988,-1.6879,50,5.48312,4.00218,-117.27504,-1.91678,-1.2822,30.27558,-32.25419,BOC_EAG,GIT_YEL,HarringtonVillage,D1,ACC,20260516-HarringtonVillage-1,c22fcf30-5151-11f1-adc7-f90b1e2dfdec,78.31176,,,9.14669,,,,,,,73f0cb14-48f0-42ce-85bb-8a4ada2a1c20,2026-05-16,18:05:01.18,2026-05-16T14:05:01.1818496-04:00,2026-05-16T18:05:01.1818496Z,,v3,227,100,26605,"Rogers, Drew",811441,Right,GIT_YEL,78ad2c06-8958-4601-a402-9349d667ac3e,54.98444,-118.55484,15.13779,5.53533,-0.55335,-16.1271,-1.85822,4.05638,-0.6411,,,,,,,,,,,,,,,,,,,,,,,,,,,,,,,,,,,,,,,,,,,,,,,,,,,High,High,High,,,,,,317.736238,79.634286,435.233911,0.179931,4:30,-0.978203,-0.123751,0.166746,-1.562024,13.371139,48.164156,90.666433,-49.728065,0.646372,-0.762985,-0.007519,89.435415,-40.268651,0.762985,-0.646372,0.007519,-89.435415,40.268651,-0.762985,0.646372,0.007519,-90.666433,49.728065,-0.646372,0.762985,-0.007519,,,
197,2026-05-16,14:05:20.80,1,4,"Blakely, Jackson",831359,Right,GIT_YEL,"Wolff, Kyle",813479,Right,BOC_EAG,Undefined,5,Bottom,0,1,2,Splitter,Changeup,BallCalled,Undefined,Undefined,Undefined,0,0,,86.18802,-2.511773,-2.368437,2207.145919,305.965972,4:15,5.70977,1.63927,5.59606,-42.99077,-3.88575,7.44721,-0.2214,0.04734,77.64208,-10.357873,-1.035288,0.450078,,,,,,,,,,,,-4.69382,-0.77339,-1.44134,50,5.46599,4.85077,-124.69576,-7.01922,-7.17964,31.7369,-33.357,BOC_EAG,GIT_YEL,HarringtonVillage,D1,ACC,20260516-HarringtonVillage-1,cdd95810-5151-11f1-adc7-f90b1e2dfdec,83.74648,,,8.54594,,,,,,,73f0cb14-48f0-42ce-85bb-8a4ada2a1c20,2026-05-16,18:05:20.80,2026-05-16T14:05:20.8012288-04:00,2026-05-16T18:05:20.8012288Z,,v3,227,100,26605,"Rogers, Drew",811441,Right,GIT_YEL,65e39026-0f5c-4203-9902-016c5746232f,54.90296,-125.93745,15.86845,5.71509,-5.71413,-16.6785,-1.63662,5.13168,-3.58982,,,,,,,,,,,,,,,,,,,,,,,,,,,,,,,,,,,,,,,,,,,,,,,,,,,High,High,High,,,,,,264.179699,41.489094,1653.332913,0.749082,2:45,-0.631784,-0.773537,-0.049897,56.630913,-4.813702,41.257715,157.977462,80.305902,0.063141,0.985721,-0.156102,81.001201,3.620098,0.985721,0.063141,0.156102,-81.001201,-3.620098,-0.985721,-0.063141,0.156102,-157.977462,-80.305902,-0.063141,-0.985721,-0.156102,,,
198,2026-05-16,14:05:36.78,1,5,"Blakely, Jackson",831359,Right,GIT_YEL,"Wolff, Kyle",813479,Right,BOC_EAG,Undefined,5,Bottom,0,2,2,ChangeUp,Changeup,FoulBallNotFieldable,Undefined,Undefined,Undefined,0,0,,84.81573,-0.497785,-3.765455,1871.099117,248.363001,2:15,5.51251,1.94087,5.99342,-32.47781,7.2667,14.37146,2.34371,-0.35601,75.81244,-6.584342,-1.186162,0.453743,69.02755,16.29966,164.498912,3171.256391,,,,119.86198,46.46226,168.226456,1.451741,-8.73075,4.34051,-1.6518,50,5.45561,7.49789,-122.71297,-2.09981,-12.9658,30.18245,-25.7281,BOC_EAG,GIT_YEL,HarringtonVillage,D1,ACC,20260516-HarringtonVillage-1,d762c010-5151-11f1-adc7-f90b1e2dfdec,83.07,11.59681,,9.0033,,,,2.69895,2.46071,0.33107,73f0cb14-48f0-42ce-85bb-8a4ada2a1c20,2026-05-16,18:05:36.78,2026-05-16T14:05:36.7863808-04:00,2026-05-16T18:05:36.7863808Z,LineDrive,v3,227,100,26605,"Rogers, Drew",811441,Right,GIT_YEL,b7e14ef3-aaed-474b-871c-fedc6bdab873,54.50279,-123.81552,15.09123,5.51515,-1.15997,-12.86405,-1.93434,7.97153,-6.4829,309.983923,2.69895,-93.63649,8.18843,-0.65675,0.30582,-0.2733,0.19439,-0.07284,0.01128,2.4607,28.41409,-23.47309,2.31039,-0.1799,-0.2842,0.24867,-0.09565,0.01495,0.33106,25.96949,-8.11266,1.3547,0.14189,-0.52215,0.39174,-0.14758,0.02297,,,,,,,,,,,,,,,,,,,,,,,High,High,High,High,Medium,,,,249.083475,48.914877,1229.648089,0.65718,2:15,-0.762165,-0.620398,-0.184964,2.502807,0.144326,52.879768,101.69065,-12.990418,0.954194,-0.224788,-0.197442,48.705667,-72.591213,0.224788,-0.954194,0.197442,-48.705667,72.591213,-0.224788,0.954194,0.197442,-101.69065,12.990418,-0.954194,0.224788,-0.197442,74.98122,18.77734,-6.85619
199,2026-05-16,14:05:59.39,1,6,"Blakely, Jackson",831359,Right,GIT_YEL,"Wolff, Kyle",813479,Right,BOC_EAG,Undefined,5,Bottom,0,2,2,Splitter,Slider,FoulBallNotFieldable,Undefined,Undefined,Undefined,0,0,,85.53518,0.456003,-1.234081,2601.51894,307.556928,4:15,5.73964,1.66847,5.62653,-43.14408,-4.67095,7.59874,2.56991,1.14999,78.63333,-7.423813,0.12505,0.446427,,,,,,,,,,,,-4.21646,-2.18772,-1.56843,50,5.75045,2.36504,-124.29104,-0.57201,-6.6004,24.74704,-35.59867,BOC_EAG,GIT_YEL,HarringtonVillage,D1,ACC,20260516-HarringtonVillage-1,e4e527a0-5151-11f1-adc7-f90b1e2dfdec,84.43139,,,6.90185,,,,,,,73f0cb14-48f0-42ce-85bb-8a4ada2a1c20,2026-05-16,18:05:59.39,2026-05-16T14:05:59.3915392-04:00,2026-05-16T18:05:59.3915392Z,,v3,227,100,26605,"Rogers, Drew",811441,Right,GIT_YEL,b1a8d295-118a-42b9-9053-a3d0b3e5891c,54.87454,-125.25783,12.37352,5.74563,0.81871,-17.79934,-1.66586,2.6229,-3.3002,,,,,,,,,,,,,,,,,,,,,,,,,,,,,,,,,,,,,,,,,,,,,,,,,,,High,High,High,,,,,,269.921455,53.599096,1543.823528,0.593432,3:00,-0.809412,-0.587006,0.016623,40.537068,-4.872616,37.549151,123.930423,-83.942346,0.087559,-0.994416,-0.058905,86.61001,-5.023206,0.994416,-0.087559,0.058905,-86.61001,5.023206,-0.994416,0.087559,0.058905,-123.930423,83.942346,-0.087559,0.994416,-0.058905,,,
200,2026-05-16,14:06:20.42,1,7,"Blakely, Jackson",831359,Right,GIT_YEL,"Wolff, Kyle",813479,Right,BOC_EAG,Undefined,5,Bottom,0,2,2,Fastball,Four-Seam,BallCalled,Undefined,Undefined,Undefined,0,0,,92.35078,0.914876,-1.970937,2499.276819,200.559416,12:45,5.85652,1.74248,6.33049,-17.78123,14.16839,4.97221,5.21776,0.34123,84.89746,-2.463176,-1.072107,0.406822,,,,,,,,,,,,-3.07988,7.42465,-1.60096,50,5.91455,4.41549,-134.2768,1.6246,-5.67087,26.76389,-18.50344,BOC_EAG,GIT_YEL,HarringtonVillage,D1,ACC,20260516-HarringtonVillage-1,f160f4a0-5151-11f1-adc7-f90b1e2dfdec,92.65102,,,7.45333,,,,,,,73f0cb14-48f0-42ce-85bb-8a4ada2a1c20,2026-05-16,18:06:20.42,2026-05-16T14:06:20.4234752-04:00,2026-05-16T18:06:20.4234752Z,,v3,227,100,26605,"Rogers, Drew",811441,Right,GIT_YEL,49c11704-7190-4018-be53-69eb51c265a3,54.16793,-135.10499,13.38194,5.85542,2.19718,-9.25172,-1.74031,4.59097,-2.83544,,,,,,,,,,,,,,,,,,,,,,,,,,,,,,,,,,,,,,,,,,,,,,,,,,,High,High,High,,,,,,214.023283,53.763074,1477.386545,0.591126,1:15,-0.828128,-0.317832,-0.461723,-77.327075,-41.854876,-68.374883,161.433563,-7.733594,0.315508,-0.134567,-0.939333,8.152624,-18.391485,0.134567,-0.315508,0.939333,-8.152624,18.391485,-0.134567,0.315508,0.939333,-161.433563,7.733594,-0.315508,0.134567,-0.939333,,,
201,2026-05-16,14:06:38.04,1,8,"Blakely, Jackson",831359,Right,GIT_YEL,"Wolff, Kyle",813479,Right,BOC_EAG,Undefined,5,Bottom,0,3,2,ChangeUp,Changeup,InPlay,Undefined,FlyBall,Out,1,0,,83.97936,-0.195603,-3.673349,1583.89788,262.03466,2:45,5.37843,1.94559,5.93511,-36.16069,3.60063,16.43867,2.1832,-0.09704,76.68091,-6.885521,-0.724722,0.453839,101.19617,31.318371,0.572432,2946.663371,109.80404,62.89962,6.56269,377.25066,370.14585,8.039815,5.418638,-9.55245,2.25587,-1.66168,50,5.34224,7.18043,-121.80332,-1.5981,-14.29084,24.85587,-28.79918,BOC_EAG,GIT_YEL,HarringtonVillage,D1,ACC,20260516-HarringtonVillage-1,fbe9f250-5151-11f1-adc7-f90b1e2dfdec,83.05245,93.78778,,7.29845,,,,2.61865,2.35456,0.08048,73f0cb14-48f0-42ce-85bb-8a4ada2a1c20,2026-05-16,18:06:38.04,2026-05-16T14:06:38.0486656-04:00,2026-05-16T18:06:38.0486656Z,FlyBall,v3,227,100,26605,"Rogers, Drew",811441,Right,GIT_YEL,2fe96ae8-a693-4452-836a-ddaac501ae76,54.56519,-122.73138,12.42794,5.38183,-0.5228,-14.39959,-1.93974,7.71402,-7.14542,208.460965,2.62762,126.61599,-25.25836,4.96086,-0.33648,-0.16478,0.0538,-0.00625,0.00026,2.35531,77.11802,-17.77699,0.37115,0.33256,-0.1846,0.05251,-0.00722,0.00038,0.0791,1.28958,7.21608,-2.67155,0.57457,-0.07618,0.00774,-0.00086,6E-05,,,,,,,,,,,,,,,,,,,,,,,High,High,High,High,High,,,,257.8308,35.076018,1296.246702,0.81839,2:30,-0.581806,-0.801958,-0.135519,24.670963,-9.952783,45.439289,128.393352,81.212699,0.119733,0.988262,-0.094877,84.516198,6.876714,0.988262,0.119733,0.094877,-84.516198,-6.876714,-0.988262,-0.119733,0.094877,-128.393352,-81.212699,-0.119733,-0.988262,-0.094877,71.41376,16.75702,-9.10299
202,2026-05-16,14:07:32.03,2,1,"Blakely, Jackson",831359,Right,GIT_YEL,"Surowiec, Danny",831970,Left,BOC_EAG,Undefined,5,Bottom,1,0,0,ChangeUp,Changeup,FoulBallNotFieldable,Undefined,Undefined,Undefined,0,0,,84.58285,-0.146645,-2.585186,1785.604152,279.601758,3:15,5.39008,2.05146,6.20457,-39.78085,-0.59441,11.82961,1.93951,0.64946,76.50318,-7.54171,-0.44838,0.450546,50.50806,-12.251492,-52.95983,,,,,7.36003,6.8368,-59.89462,0.099657,-6.95016,0.17587,-1.86285,50,5.35959,5.0754,-122.69291,-1.60461,-10.41666,28.07246,-31.91048,BOC_EAG,GIT_YEL,HarringtonVillage,D1,ACC,20260516-HarringtonVillage-1,1c1878d0-5152-11f1-adc7-f90b1e2dfdec,83.6594,1.72802,,8.07966,,,,-0.56132,1.72802,-0.62789,73f0cb14-48f0-42ce-85bb-8a4ada2a1c20,2026-05-16,18:07:32.03,2026-05-16T14:07:32.0353792-04:00,2026-05-16T18:07:32.0353792Z,GroundBall,v3,227,100,26605,"Rogers, Drew",811441,Right,GIT_YEL,eb445453-6870-4f5a-b333-6dab0c82b055,54.29297,-123.67125,14.03623,5.39613,-0.49251,-15.95524,-2.04606,5.43843,-5.20833,70.737423,-0.56129,43.60293,-9.29688,,,,,,,1.72807,-15.72675,-16.19628,,,,,,,-0.62787,-57.78621,1.95728,,,,,,,,,,,,,,,,,,,,,,,,,,,,,High,High,High,High,High,,,,249.106836,40.330565,1361.207453,0.762323,2:15,-0.656977,-0.713852,-0.242479,-26.366036,-17.460683,46.551877,140.26082,86.497487,0.039056,0.998132,-0.046978,87.305327,2.23831,0.998132,0.039056,0.046978,-87.305327,-2.23831,-0.998132,-0.039056,0.046978,-140.26082,-86.497487,-0.039056,-0.998132,-0.046978,42.32715,-1.90475,-18.86208
203,2026-05-16,14:07:52.46,2,2,"Blakely, Jackson",831359,Right,GIT_YEL,"Surowiec, Danny",831970,Left,BOC_EAG,Undefined,5,Bottom,1,0,1,Slider,Slider,BallCalled,Undefined,Undefined,Undefined,0,0,,82.85325,-0.681618,-1.147813,2501.884937,45.387298,7:30,5.53242,1.9331,5.45211,-45.74148,-4.53878,-5.835,1.08238,0.37218,76.64519,-8.973609,-2.188923,0.461992,,,,,,,,,,,,2.6561,-1.80051,-1.82762,50,5.44037,2.64679,-120.38949,-3.06972,3.90869,22.78366,-34.82363,BOC_EAG,GIT_YEL,HarringtonVillage,D1,ACC,20260516-HarringtonVillage-1,28431890-5152-11f1-adc7-f90b1e2dfdec,81.5868,,,6.20806,,,,,,,73f0cb14-48f0-42ce-85bb-8a4ada2a1c20,2026-05-16,18:07:52.46,2026-05-16T14:07:52.4659712-04:00,2026-05-16T18:07:52.4659712Z,,v3,227,100,26605,"Rogers, Drew",811441,Right,GIT_YEL,704212c9-ba96-4f04-93a4-5a94ede1fcb1,55.04939,-121.34132,11.39183,5.53823,-1.6149,-17.41181,-1.93478,2.4835,1.95434,,,,,,,,,,,,,,,,,,,,,,,,,,,,,,,,,,,,,,,,,,,,,,,,,,,High,High,High,,,,,,15.27377,82.188669,340.034929,0.135911,6:30,-0.988252,0.024015,0.150938,58.736412,50.621019,72.1214,161.334721,-22.854595,0.294914,-0.388394,-0.873027,23.983411,-17.152368,0.388394,-0.294914,0.873027,-23.983411,17.152368,-0.388394,0.294914,0.873027,-161.334721,22.854595,-0.294914,0.388394,-0.873027,,,
204,2026-05-16,14:08:07.65,2,3,"Blakely, Jackson",831359,Right,GIT_YEL,"Surowiec, Danny",831970,Left,BOC_EAG,Undefined,5,Bottom,1,1,1,ChangeUp,Changeup,FoulBallNotFieldable,Undefined,Undefined,Undefined,0,0,,83.64906,-0.457618,-4.126922,1574.873037,266.456338,3:00,5.34572,2.07945,6.00686,-38.57388,2.28811,11.17355,1.70615,-0.81952,74.95385,-7.631204,-2.121683,0.460078,,,,,,,,,,,,-7.22296,1.77067,-1.76095,50,5.28884,8.28927,-120.99123,-2.21564,-10.42884,29.31869,-29.61745,BOC_EAG,GIT_YEL,HarringtonVillage,D1,ACC,20260516-HarringtonVillage-1,315358f0-5152-11f1-adc7-f90b1e2dfdec,81.92626,,,8.69521,,,,,,,73f0cb14-48f0-42ce-85bb-8a4ada2a1c20,2026-05-16,18:08:07.65,2026-05-16T14:08:07.6519424-04:00,2026-05-16T18:08:07.6519424Z,,v3,227,100,26605,"Rogers, Drew",811441,Right,GIT_YEL,c3ab8c29-b689-45c3-a06c-f1e7ddec41ca,54.48987,-122.07437,14.65935,5.35048,-1.12146,-14.80873,-2.0743,8.67454,-5.21442,,,,,,,,,,,,,,,,,,,,,,,,,,,,,,,,,,,,,,,,,,,,,,,,,,,High,High,High,,,,,,252.033628,40.423095,1198.914627,0.761277,2:30,-0.657855,-0.729311,-0.187967,11.6088,-17.165785,46.297639,176.981647,83.488088,0.005972,0.993548,-0.113252,83.497044,0.342154,0.993548,0.005972,0.113252,-83.497044,-0.342154,-0.993548,-0.005972,0.113252,-176.981647,-83.488088,-0.005972,-0.993548,-0.113252,,,
205,2026-05-16,14:08:29.56,2,4,"Blakely, Jackson",831359,Right,GIT_YEL,"Surowiec, Danny",831970,Left,BOC_EAG,Undefined,5,Bottom,1,1,2,Splitter,Slider,BallCalled,Undefined,Undefined,Undefined,0,0,,84.61582,-0.862819,-1.733178,879.473102,13.14759,6:30,5.60966,1.90589,5.37432,-53.14495,-12.59331,-3.28327,0.37158,0.00691,76.81204,-10.479411,-2.318894,0.458327,,,,,,,,,,,,1.0726,-5.7291,-1.74815,50,5.49424,3.84886,-122.63571,-3.84456,1.59798,29.16395,-40.70943,BOC_EAG,GIT_YEL,HarringtonVillage,D1,ACC,20260516-HarringtonVillage-1,3e5f5800-5152-11f1-adc7-f90b1e2dfdec,82.23918,,,7.80378,,,,,,,73f0cb14-48f0-42ce-85bb-8a4ada2a1c20,2026-05-16,18:08:29.56,2026-05-16T14:08:29.5677952-04:00,2026-05-16T18:08:29.5677952Z,,v3,227,100,26605,"Rogers, Drew",811441,Right,GIT_YEL,ad8eb89e-35d3-4e9c-9519-3424b204fd93,55.12606,-123.84874,14.58197,5.61893,-2.15132,-20.35472,-1.90685,3.7824,0.79899,,,,,,,,,,,,,,,,,,,,,,,,,,,,,,,,,,,,,,,,,,,,,,,,,,,High,High,High,,,,,,275.782223,52.711478,532.810335,0.605829,3:15,-0.784222,-0.614659,0.084793,45.920132,-8.682776,47.764331,98.292293,-73.366254,0.28326,-0.958154,-0.041284,87.532807,-16.45487,0.958154,-0.28326,0.041284,-87.532807,16.45487,-0.958154,0.28326,0.041284,-98.292293,73.366254,-0.28326,0.958154,-0.041284,,,
206,2026-05-16,14:08:49.82,2,5,"Blakely, Jackson",831359,Right,GIT_YEL,"Surowiec, Danny",831970,Left,BOC_EAG,Undefined,5,Bottom,1,2,2,Curveball,Curveball,BallCalled,Undefined,Undefined,Undefined,0,0,,77.34156,0.376364,-1.62686,2733.094016,41.464517,7:30,5.70483,1.8689,5.32595,-65.28137,-16.66442,-16.24572,0.61802,-1.01189,70.50511,-11.403784,-4.521754,0.50184,,,,,,,,,,,,7.63347,-8.07603,-1.70951,50,5.69144,3.81813,-112.15545,-1.53435,9.50229,24.57767,-42.22725,BOC_EAG,GIT_YEL,HarringtonVillage,D1,ACC,20260516-HarringtonVillage-1,4a7f2250-5152-11f1-adc7-f90b1e2dfdec,75.10847,,,6.83644,,,,,,,73f0cb14-48f0-42ce-85bb-8a4ada2a1c20,2026-05-16,18:08:49.82,2026-05-16T14:08:49.8270720-04:00,2026-05-16T18:08:49.8270720Z,,v3,227,100,26605,"Rogers, Drew",811441,Right,GIT_YEL,535c34fb-597b-4d7d-ba7d-d374dc3de076,55.17671,-113.28419,12.28883,5.71738,0.40496,-21.11363,-1.87484,3.38174,4.75114,,,,,,,,,,,,,,,,,,,,,,,,,,,,,,,,,,,,,,,,,,,,,,,,,,,High,High,High,,,,,,22.960709,43.540106,1981.198963,0.724892,6:45,-0.667763,0.287299,0.686696,115.683742,-29.360088,47.080674,172.401748,20.519743,0.123837,0.35053,-0.928328,20.686181,7.113575,0.35053,0.123837,0.928328,-20.686181,-7.113575,-0.35053,-0.123837,0.928328,-172.401748,-20.519743,-0.123837,-0.35053,-0.928328,,,
207,2026-05-16,14:09:05.33,2,6,"Blakely, Jackson",831359,Right,GIT_YEL,"Surowiec, Danny",831970,Left,BOC_EAG,Undefined,5,Bottom,1,3,2,Slider,Curveball,InPlay,Undefined,LineDrive,Out,1,0,,82.8653,0.065653,-2.266517,2466.481563,13.560284,6:30,5.58155,2.02085,5.38686,-47.73467,-5.91823,-1.76272,1.66524,-0.25154,75.68579,-8.609175,-2.580185,0.46542,96.23783,8.377368,34.565309,3429.499073,86.4625,6.67338,68.00119,157.64459,119.76089,40.214898,1.299161,0.19839,-2.63024,-1.81693,50,5.55352,4.82935,-120.17775,-1.59706,0.2874,25.32462,-35.98472,BOC_EAG,GIT_YEL,HarringtonVillage,D1,ACC,20260516-HarringtonVillage-1,53ba6a50-5152-11f1-adc7-f90b1e2dfdec,80.98587,7.87583,,7.1795,,,,1.9857,2.00902,0.20721,73f0cb14-48f0-42ce-85bb-8a4ada2a1c20,2026-05-16,18:09:05.33,2026-05-16T14:09:05.3399040-04:00,2026-05-16T18:09:05.3399040Z,LineDrive,v3,227,100,26605,"Rogers, Drew",811441,Right,GIT_YEL,d5270af3-e44a-4a02-99a5-b490c5a59de8,55.11298,-121.2504,12.66231,5.58889,-0.07289,-17.99236,-2.02122,4.81718,0.1437,,1.9857,114.99312,-22.4467,4.07564,-1.04518,0.54869,-0.4518,0.23653,-0.05024,2.00902,20.56426,-19.01383,1.91378,-0.38105,0.08931,-0.02099,0.00511,-0.00072,0.20721,79.22527,0.41526,-1.39614,0.62816,-0.49624,0.43976,-0.23475,0.05055,,,,,,,,,,,,,,,,,,,,,,,High,High,High,High,Medium,,,,326.631518,82.811654,308.634355,0.125131,5:00,-0.987309,-0.067688,0.143662,105.18436,27.64669,-62.763065,168.255779,-24.440151,0.185304,-0.413743,-0.891336,24.899906,-10.678875,0.413743,-0.185304,0.891336,-24.899906,10.678875,-0.413743,0.185304,0.891336,-168.255779,24.440151,-0.185304,0.413743,-0.891336,73.81607,21.70901,16.93971
208,2026-05-16,14:09:39.41,3,1,"Blakely, Jackson",831359,Right,GIT_YEL,"Hendrickson, Carter",830138,Right,BOC_EAG,Undefined,5,Bottom,2,0,0,Slider,Slider,BallCalled,Undefined,Undefined,Undefined,0,0,,81.82578,-0.837325,-3.184682,2487.991282,71.021512,8:15,5.59075,1.8794,5.27427,-43.29006,0.48374,-3.41945,1.19552,-1.39988,73.75373,-8.735317,-3.790838,0.476188,,,,,,,,,,,,0.59886,1.05543,-1.58572,50,5.48292,6.72841,-118.2949,-3.28739,0.82914,27.38565,-30.71274,BOC_EAG,GIT_YEL,HarringtonVillage,D1,ACC,20260516-HarringtonVillage-1,680963d0-5152-11f1-adc7-f90b1e2dfdec,79.15454,,,8.07205,,,,,,,73f0cb14-48f0-42ce-85bb-8a4ada2a1c20,2026-05-16,18:09:39.41,2026-05-16T14:09:39.4160640-04:00,2026-05-16T18:09:39.4160640Z,,v3,227,100,26605,"Rogers, Drew",811441,Right,GIT_YEL,216ae25b-6925-44a5-8a8b-932f0a8252a0,55.22043,-119.49733,13.69283,5.59765,-1.93887,-15.35637,-1.88034,6.692,0.41457,,,,,,,,,,,,,,,,,,,,,,,,,,,,,,,,,,,,,,,,,,,,,,,,,,,High,High,High,,,,,,341.875901,77.018669,558.886351,0.224634,5:30,-0.959955,-0.084111,0.267231,22.699186,5.564796,44.5348,94.339315,-39.824718,0.765806,-0.640441,-0.05811,84.815529,-49.97873,0.640441,-0.765806,0.05811,-84.815529,49.97873,-0.640441,0.765806,0.05811,-94.339315,39.824718,-0.765806,0.640441,-0.05811,,,
209,2026-05-16,14:09:53.58,3,2,"Blakely, Jackson",831359,Right,GIT_YEL,"Hendrickson, Carter",830138,Right,BOC_EAG,Undefined,5,Bottom,2,1,0,ChangeUp,Changeup,BallCalled,Undefined,Undefined,Undefined,0,0,,83.77429,-1.018307,-4.603319,1533.557555,295.798458,3:45,5.37455,1.91133,5.94096,-44.83656,-4.59248,12.31745,0.69041,-1.34157,76.50358,-9.23632,-2.394422,0.456586,,,,,,,,,,,,-7.70626,-1.6128,-1.55056,50,5.26818,9.27681,-121.29416,-3.68962,-11.37607,25.74082,-34.55487,BOC_EAG,GIT_YEL,HarringtonVillage,D1,ACC,20260516-HarringtonVillage-1,70768660-5152-11f1-adc7-f90b1e2dfdec,82.55281,,,7.27071,,,,,,,73f0cb14-48f0-42ce-85bb-8a4ada2a1c20,2026-05-16,18:09:53.58,2026-05-16T14:09:53.5892480-04:00,2026-05-16T18:09:53.5892480Z,,v3,227,100,26605,"Rogers, Drew",811441,Right,GIT_YEL,0947fa93-d90a-4565-aeb6-e84d437ff426,54.55853,-122.25773,12.87041,5.38208,-2.3961,-17.27743,-1.9058,9.70266,-5.68803,,,,,,,,,,,,,,,,,,,,,,,,,,,,,,,,,,,,,,,,,,,,,,,,,,,High,High,High,,,,,,257.792928,40.768723,1161.442325,0.757352,2:30,-0.650537,-0.751716,-0.108278,21.634238,-7.329294,48.24311,162.741043,88.559784,0.007457,0.999684,-0.024002,88.624607,0.427258,0.999684,0.007457,0.024002,-88.624607,-0.427258,-0.999684,-0.007457,0.024002,-162.741043,-88.559784,-0.007457,-0.999684,-0.024002,,,
210,2026-05-16,14:10:09.46,3,3,"Blakely, Jackson",831359,Right,GIT_YEL,"Hendrickson, Carter",830138,Right,BOC_EAG,Undefined,5,Bottom,2,2,0,Slider,Curveball,StrikeCalled,Undefined,Undefined,Undefined,0,0,,82.22977,0.248334,-1.294383,2459.621347,23.257206,6:45,5.56621,1.84773,5.34243,-47.12211,-4.66831,-2.60941,1.87238,0.41586,75.12122,-8.321348,-1.758679,0.468953,,,,,,,,,,,,0.92354,-2.03532,-1.7291,50,5.55463,2.80383,-119.31333,-1.18964,1.32041,24.70876,-35.08397,BOC_EAG,GIT_YEL,HarringtonVillage,D1,ACC,20260516-HarringtonVillage-1,79ee8940-5152-11f1-adc7-f90b1e2dfdec,80.37566,,,7.10855,,,,,,,73f0cb14-48f0-42ce-85bb-8a4ada2a1c20,2026-05-16,18:10:09.46,2026-05-16T14:10:09.4630400-04:00,2026-05-16T18:10:09.4630400Z,,v3,227,100,26605,"Rogers, Drew",811441,Right,GIT_YEL,19922a52-8cf8-4147-910e-1a745b14b6bb,55.15713,-120.37659,12.35438,5.57334,0.32008,-17.54199,-1.84853,2.747,0.6602,,,,,,,,,,,,,,,,,,,,,,,,,,,,,,,,,,,,,,,,,,,,,,,,,,,High,High,High,,,,,,349.889454,82.853107,306.010357,0.124414,5:45,-0.989296,-0.01754,0.144866,60.507466,45.243819,78.650317,163.722834,-25.704811,0.252547,-0.433735,-0.864924,26.632453,-14.628307,0.433735,-0.252547,0.864924,-26.632453,14.628307,-0.433735,0.252547,0.864924,-163.722834,25.704811,-0.252547,0.433735,-0.864924,,,
211,2026-05-16,14:10:24.35,3,4,"Blakely, Jackson",831359,Right,GIT_YEL,"Hendrickson, Carter",830138,Right,BOC_EAG,Undefined,5,Bottom,2,2,1,ChangeUp,Changeup,FoulBallNotFieldable,Undefined,Undefined,Undefined,0,0,,83.62562,-0.439076,-3.11391,1438.324089,275.283998,3:15,5.31428,1.89925,6.19238,-39.83242,0.19217,13.12453,1.58894,0.11526,75.88262,-7.833946,-0.744975,0.455339,,,,,,,,,,,,-7.85075,0.59087,-1.67127,50,5.26106,6.10768,-121.30688,-2.18813,-11.53032,26.9093,-31.30624,BOC_EAG,GIT_YEL,HarringtonVillage,D1,ACC,20260516-HarringtonVillage-1,82d9b570-5152-11f1-adc7-f90b1e2dfdec,82.77886,,,7.743,,,,,,,73f0cb14-48f0-42ce-85bb-8a4ada2a1c20,2026-05-16,18:10:24.35,2026-05-16T14:10:24.3508736-04:00,2026-05-16T18:10:24.3508736Z,,v3,227,100,26605,"Rogers, Drew",811441,Right,GIT_YEL,41e8b33c-5829-4610-8c02-cb3464b95ca4,54.30729,-122.25862,13.45465,5.31887,-1.08088,-15.65312,-1.8945,6.5155,-5.76516,,,,,,,,,,,,,,,,,,,,,,,,,,,,,,,,,,,,,,,,,,,,,,,,,,,High,High,High,,,,,,256.776785,33.895626,1193.8879,0.830055,2:30,-0.560973,-0.812297,-0.159634,3.158904,-16.494537,52.468014,161.619305,82.166878,0.042976,0.990669,-0.129335,82.561913,2.463084,0.990669,0.042976,0.129335,-82.561913,-2.463084,-0.990669,-0.042976,0.129335,-161.619305,-82.166878,-0.042976,-0.990669,-0.129335,,,
212,2026-05-16,14:10:46.96,3,5,"Blakely, Jackson",831359,Right,GIT_YEL,"Hendrickson, Carter",830138,Right,BOC_EAG,Undefined,5,Bottom,2,2,2,Slider,Slider,FoulBallNotFieldable,Undefined,Undefined,Undefined,0,0,,86.33963,-1.460133,-1.698163,2331.037451,292.444537,3:45,5.73267,1.58379,5.70548,-38.10687,0.25835,2.72949,1.19575,0.22855,78.1945,-8.464865,-1.209121,0.4458,,,,,,,,,,,,-1.95823,0.97374,-1.44322,50,5.58657,3.59712,-125.15125,-4.53675,-3.05019,29.47617,-30.6573,BOC_EAG,GIT_YEL,HarringtonVillage,D1,ACC,20260516-HarringtonVillage-1,90411af0-5152-11f1-adc7-f90b1e2dfdec,84.55007,,,8.14513,,,,,,,73f0cb14-48f0-42ce-85bb-8a4ada2a1c20,2026-05-16,18:10:46.96,2026-05-16T14:10:46.9606912-04:00,2026-05-16T18:10:46.9606912Z,,v3,227,100,26605,"Rogers, Drew",811441,Right,GIT_YEL,ecf1c50f-73bd-44dd-85a3-0b53c6909d11,54.79254,-126.27496,14.73809,5.73725,-3.36801,-15.32865,-1.58257,3.7134,-1.5251,,,,,,,,,,,,,,,,,,,,,,,,,,,,,,,,,,,,,,,,,,,,,,,,,,,High,High,High,,,,,,249.959498,16.598006,2233.908985,0.958333,2:15,-0.272238,-0.907293,-0.320479,59.028113,0.606897,38.885423,117.480828,51.074033,0.55742,0.777958,-0.289937,69.560074,33.877553,0.777958,0.55742,0.289937,-69.560074,-33.877553,-0.777958,-0.55742,0.289937,-117.480828,-51.074033,-0.55742,-0.777958,-0.289937,,,
213,2026-05-16,14:11:06.86,3,6,"Blakely, Jackson",831359,Right,GIT_YEL,"Hendrickson, Carter",830138,Right,BOC_EAG,Undefined,5,Bottom,2,2,2,Curveball,Curveball,InPlay,Undefined,GroundBall,Out,1,0,,82.32488,1.016778,-1.682764,2493.181623,51.527821,7:45,5.65584,1.85089,5.24315,-50.1353,-7.0504,-10.85902,2.43398,-0.63594,74.28841,-8.105155,-3.609246,0.472426,96.49966,-9.491367,-20.065356,,,,,19.5997,18.60713,-15.749467,0.130752,4.88083,-3.47984,-1.68773,50,5.71183,3.9603,-119.2464,0.27081,6.87531,27.57183,-37.07587,BOC_EAG,GIT_YEL,HarringtonVillage,D1,ACC,20260516-HarringtonVillage-1,9c32a950-5152-11f1-adc7-f90b1e2dfdec,79.78482,2.72664,,8.03647,,,,2.06287,2.72664,0.6755,73f0cb14-48f0-42ce-85bb-8a4ada2a1c20,2026-05-16,18:11:06.86,2026-05-16T14:11:06.8645888-04:00,2026-05-16T18:11:06.8645888Z,GroundBall,v3,227,100,26605,"Rogers, Drew",811441,Right,GIT_YEL,6b7cc59e-a8a1-4cec-aec2-694a75e41589,55.25582,-120.45551,13.78592,5.6643,1.8967,-18.53794,-1.85479,3.6588,3.43765,194.831622,2.06309,131.10016,-19.9494,,,,,,,2.72558,-23.23145,18.30904,,,,,,,0.6751,-47.85278,15.33589,,,,,,,,,,,,,,,,,,,,,,,,,,,,,High,High,High,Medium,High,,,,358.892108,76.969315,562.14475,0.225473,6:00,-0.967133,0.012929,0.253941,23.458701,9.998623,45.46278,102.43671,-43.95728,0.702966,-0.694122,-0.155029,77.409854,-44.665431,0.694122,-0.702966,0.155029,-77.409854,44.665431,-0.694122,0.702966,0.155029,-102.43671,43.95728,-0.702966,0.694122,-0.155029,67.1649,11.43287,-12.85664
214,2026-05-16,14:13:51.39,1,1,"Soares, Gavin",831500,Right,BOC_EAG,"Advincula, Jarren",814181,Left,GIT_YEL,Undefined,6,Top,0,0,0,Curveball,Curveball,FoulBallNotFieldable,Undefined,Undefined,Undefined,0,0,,79.628,0.93514,-1.518264,2175.900291,7.252872,6:15,6.21088,1.46873,5.47588,-49.16825,-4.66166,-0.7589,2.98896,-0.01554,73.57292,-8.005889,-1.653557,0.480157,,,,,,,,,,,,-0.01579,-2.29728,-1.33485,50,6.25888,3.09596,-115.70624,0.20788,-0.02151,20.67842,-35.30245,BOC_EAG,GIT_YEL,HarringtonVillage,D1,ACC,20260516-HarringtonVillage-1,fe4c7df0-5152-11f1-878d-1580a01945d0,78.50019,,,6.05509,,,,,,,73f0cb14-48f0-42ce-85bb-8a4ada2a1c20,2026-05-16,18:13:51.39,2026-05-16T14:13:51.3948672-04:00,2026-05-16T18:13:51.3948672Z,,v3,227,100,26605,"Gonzalez, Cesar",831498,Right,BOC_EAG,f4e0b4c1-68ad-4c0e-a49b-382f893db578,55.02601,-116.601,10.33921,6.21684,1.73543,-17.65122,-1.46883,3.09689,-0.01075,,,,,,,,,,,,,,,,,,,,,,,,,,,,,,,,,,,,,,,,,,,,,,,,,,,High,High,High,,,,,,349.779746,71.017099,707.789822,0.325286,5:45,-0.937618,-0.042276,0.345089,92.61422,-24.240607,74.090839,171.873589,-23.320932,0.129809,-0.395881,-0.909081,23.531872,-7.45855,0.395881,-0.129809,0.909081,-23.531872,7.45855,-0.395881,0.129809,0.909081,-171.873589,23.320932,-0.129809,0.395881,-0.909081,,,
215,2026-05-16,14:14:15.49,1,2,"Soares, Gavin",831500,Right,BOC_EAG,"Advincula, Jarren",814181,Left,GIT_YEL,Undefined,6,Top,0,0,1,Fastball,Four-Seam,BallCalled,Undefined,Undefined,Undefined,0,0,,91.42771,-4.137373,-2.70512,2230.725559,214.509008,1:15,6.23346,1.43233,5.8432,-13.61682,21.01682,13.45694,1.24276,0.03793,81.33326,-6.802167,-0.294788,0.423565,,,,,,,,,,,,-7.84685,12.63402,-1.21995,50,5.88818,5.63456,-131.96635,-9.89718,-13.43312,35.72969,-10.5457,BOC_EAG,GIT_YEL,HarringtonVillage,D1,ACC,20260516-HarringtonVillage-1,0c8e3de0-5153-11f1-878d-1580a01945d0,88.98847,,,10.09445,,,,,,,73f0cb14-48f0-42ce-85bb-8a4ada2a1c20,2026-05-16,18:14:15.49,2026-05-16T14:14:15.4968576-04:00,2026-05-16T18:14:15.4968576Z,,v3,227,100,26605,"Gonzalez, Cesar",831498,Right,BOC_EAG,6b0511c7-066c-4319-9687-f18c368d356b,54.6514,-133.21976,17.86484,6.22888,-9.52724,-5.27285,-1.42588,6.1058,-6.71656,,,,,,,,,,,,,,,,,,,,,,,,,,,,,,,,,,,,,,,,,,,,,,,,,,,High,High,High,,,,,,213.74195,11.817528,2183.444849,0.978805,1:00,-0.203266,-0.557039,-0.805227,-50.564819,-31.089685,-33.956155,162.42265,-12.926657,0.29434,-0.223704,-0.929151,13.536975,-17.117947,0.223704,-0.29434,0.929151,-13.536975,17.117947,-0.223704,0.29434,0.929151,-162.42265,12.926657,-0.29434,0.223704,-0.929151,,,
216,2026-05-16,14:14:35.20,1,3,"Soares, Gavin",831500,Right,BOC_EAG,"Advincula, Jarren",814181,Left,GIT_YEL,Undefined,6,Top,0,1,1,Fastball,Four-Seam,BallCalled,Undefined,Undefined,Undefined,0,0,,90.21707,-2.077445,-0.29192,2191.303621,202.930822,12:45,6.18508,1.54381,5.78544,-16.59481,18.55757,7.28496,2.86858,1.8793,80.92468,-5.266347,1.013318,0.426726,,,,,,,,,,,,-3.75138,10.48331,-1.52387,50,6.00395,0.33199,-130.65042,-5.205,-6.35781,32.52616,-14.40696,BOC_EAG,GIT_YEL,HarringtonVillage,D1,ACC,20260516-HarringtonVillage-1,1850cd00-5153-11f1-878d-1580a01945d0,88.32943,,,9.2924,,,,,,,73f0cb14-48f0-42ce-85bb-8a4ada2a1c20,2026-05-16,18:14:35.20,2026-05-16T14:14:35.2039936-04:00,2026-05-16T18:14:35.2039936Z,,v3,227,100,26605,"Gonzalez, Cesar",831498,Right,BOC_EAG,983d8c30-54b1-4d02-bd98-0cdbdbc94a5a,54.70659,-131.81695,16.26308,6.18136,-4.6883,-7.20348,-1.53987,0.56001,-3.17891,,,,,,,,,,,,,,,,,,,,,,,,,,,,,,,,,,,,,,,,,,,,,,,,,,,High,High,High,,,,,,217.198152,18.196346,2081.720846,0.949992,1:15,-0.295101,-0.585282,-0.755222,-50.058789,-27.687816,-38.527352,166.42787,-8.560029,0.232055,-0.148846,-0.961247,8.802134,-13.4181,0.148846,-0.232055,0.961247,-8.802134,13.4181,-0.148846,0.232055,0.961247,-166.42787,8.560029,-0.232055,0.148846,-0.961247,,,
217,2026-05-16,14:14:52.72,1,4,"Soares, Gavin",831500,Right,BOC_EAG,"Advincula, Jarren",814181,Left,GIT_YEL,Undefined,6,Top,0,2,1,Curveball,Curveball,InPlay,Undefined,GroundBall,Out,1,0,,79.86917,-0.523161,-1.614345,2155.052871,325.859202,4:45,6.17096,1.4739,5.50639,-51.91314,-7.08705,5.82654,1.3554,0.4493,73.09448,-9.959426,-0.572883,0.481878,91.52208,4.741828,18.514092,1839.355443,,,,69.36955,66.5527,18.285229,0.553936,-3.46189,-3.04284,-1.33709,50,6.09004,3.03866,-115.89867,-2.84709,-4.65717,23.87715,-36.26747,BOC_EAG,GIT_YEL,HarringtonVillage,D1,ACC,20260516-HarringtonVillage-1,22c94ff0-5153-11f1-878d-1580a01945d0,78.21993,2.5698,,6.77469,,,,1.73234,1.38932,-0.47594,73f0cb14-48f0-42ce-85bb-8a4ada2a1c20,2026-05-16,18:14:52.72,2026-05-16T14:14:52.7261184-04:00,2026-05-16T18:14:52.7261184Z,GroundBall,v3,227,100,26605,"Gonzalez, Cesar",831498,Right,BOC_EAG,b6d7341d-3821-4d53-85c5-9f4a888f1909,54.99413,-116.92302,11.93857,6.17881,-1.29118,-18.13374,-1.47173,3.23846,-2.32859,341.924438,1.75676,126.25388,-19.06251,,,,,,,1.42108,10.31949,-23.35647,,,,,,,-0.4738,42.42669,-4.12395,,,,,,,,,,,,,,,,,,,,,,,,,,,,,High,High,High,High,High,,,,349.636002,70.122943,732.724448,0.340003,5:45,-0.930031,-0.069751,0.3608,90.411256,-25.861037,81.434562,178.146159,-24.131208,0.029523,-0.408828,-0.912134,24.142401,-1.691788,0.408828,-0.029523,0.912134,-24.142401,1.691788,-0.408828,0.029523,0.912134,-178.146159,24.131208,-0.029523,0.408828,-0.912134,69.96491,15.481,13.05249
218,2026-05-16,14:15:34.24,2,1,"Soares, Gavin",831500,Right,BOC_EAG,"Lackey, Vahn",822518,Right,GIT_YEL,Undefined,6,Top,1,0,0,Fastball,Four-Seam,BallCalled,Undefined,Undefined,Undefined,0,0,,91.8362,-3.926779,-2.769973,2146.239105,213.578985,1:00,6.13931,1.40476,5.54342,-16.98446,17.28265,10.62119,1.04408,-0.30086,82.80144,-7.141606,-0.87788,0.421318,,,,,,,,,,,,-6.24359,10.36052,-1.17183,50,5.78741,5.92957,-132.68075,-9.65527,-10.9589,32.45711,-13.98903,BOC_EAG,GIT_YEL,HarringtonVillage,D1,ACC,20260516-HarringtonVillage-1,3b82a870-5153-11f1-878d-1580a01945d0,89.46314,,,9.03476,,,,,,,73f0cb14-48f0-42ce-85bb-8a4ada2a1c20,2026-05-16,18:15:34.24,2026-05-16T14:15:34.2475776-04:00,2026-05-16T18:15:34.2475776Z,,v3,227,100,26605,"Gonzalez, Cesar",831498,Right,BOC_EAG,3dce8ab2-e91c-41dc-87fa-6cd4ccb38bb2,54.95223,-133.88671,16.22855,6.1365,-9.1355,-6.99451,-1.39971,6.33676,-5.47945,,,,,,,,,,,,,,,,,,,,,,,,,,,,,,,,,,,,,,,,,,,,,,,,,,,High,High,High,,,,,,216.558498,14.73371,2075.667082,0.967118,1:15,-0.251572,-0.592122,-0.765574,-52.171887,-6.537016,-10.646709,166.780841,-11.713179,0.223914,-0.203013,-0.95323,12.022837,-12.939055,0.203013,-0.223914,0.95323,-12.022837,12.939055,-0.203013,0.223914,0.95323,-166.780841,11.713179,-0.223914,0.203013,-0.95323,,,
219,2026-05-16,14:15:51.06,2,2,"Soares, Gavin",831500,Right,BOC_EAG,"Lackey, Vahn",822518,Right,GIT_YEL,Undefined,6,Top,1,1,0,Curveball,Curveball,FoulBallNotFieldable,Undefined,Undefined,Undefined,0,0,,80.51316,0.505643,-1.05483,2115.775366,351.17349,5:45,6.20865,1.54225,5.40868,-49.72912,-5.00681,1.03437,2.5384,0.64005,72.67995,-8.582266,-0.870486,0.48132,92.25472,75.411928,-59.682519,4414.384919,,,,,28.49128,,,-0.88382,-2.29425,-1.44915,50,6.21873,2.10692,-116.68996,-0.70815,-1.19234,26.37059,-35.26923,BOC_EAG,GIT_YEL,HarringtonVillage,D1,ACC,20260516-HarringtonVillage-1,458d7570-5153-11f1-878d-1580a01945d0,78.31063,114.18918,,7.83321,,,,3.43251,2.83599,-0.6708,73f0cb14-48f0-42ce-85bb-8a4ada2a1c20,2026-05-16,18:15:51.06,2026-05-16T14:15:51.0627328-04:00,2026-05-16T18:15:51.0627328Z,,v3,227,100,26605,"Gonzalez, Cesar",831498,Right,BOC_EAG,65dd4cac-5b9d-44d1-8e9d-f0852a4b399c,55.08991,-117.83461,13.1853,6.21624,0.82275,-17.63461,-1.54173,2.15867,-0.59617,,3.43251,17.20373,-13.98389,4.82722,-1.9481,1.96175,-2.13717,1.3132,-0.32107,2.83599,130.94461,-32.1612,4.47354,-0.86866,0.0891,0.09092,-0.08147,0.02248,-0.6708,-29.419,7.38572,-2.07925,0.7005,-0.62241,0.65884,-0.40198,0.09793,,,,,,,,,,,,,,,,,,,,,,,High,High,High,Low,Undefined,,,,353.469879,68.118139,788.53684,0.372694,5:45,-0.921318,-0.034194,0.387302,91.56726,-27.170016,73.891854,174.867849,-26.863852,0.0798,-0.451872,-0.888506,26.956741,-4.577051,0.451872,-0.0798,0.888506,-26.956741,4.577051,-0.451872,0.0798,0.888506,-174.867849,26.863852,-0.0798,0.451872,-0.888506,,,
220,2026-05-16,14:16:33.88,2,3,"Soares, Gavin",831500,Right,BOC_EAG,"Lackey, Vahn",822518,Right,GIT_YEL,Undefined,6,Top,1,1,1,Curveball,Curveball,BallCalled,Undefined,Undefined,Undefined,0,0,,80.44557,0.136283,-0.28135,2172.678295,351.98912,5:45,6.17795,1.45531,5.44837,-52.3066,-8.08111,1.345,1.94667,1.30398,73.55097,-9.372586,-0.041197,0.478639,,,,,,,,,,,,-0.75992,-3.60524,-1.4314,50,6.15428,0.51831,-116.75931,-1.58733,-1.03879,23.99352,-37.1022,BOC_EAG,GIT_YEL,HarringtonVillage,D1,ACC,20260516-HarringtonVillage-1,5f12d080-5153-11f1-878d-1580a01945d0,78.74926,,,6.8946,,,,,,,73f0cb14-48f0-42ce-85bb-8a4ada2a1c20,2026-05-16,18:16:33.88,2026-05-16T14:16:33.8816512-04:00,2026-05-16T18:16:33.8816512Z,,v3,227,100,26605,"Gonzalez, Cesar",831498,Right,BOC_EAG,0233b908-2d7f-4d5f-b20c-a1bf8d42a4a4,55.05074,-117.79264,11.99676,6.18824,0.01055,-18.5511,-1.45469,0.56304,-0.51939,,,,,,,,,,,,,,,,,,,,,,,,,,,,,,,,,,,,,,,,,,,,,,,,,,,High,High,High,,,,,,357.075267,68.277851,804.121076,0.370106,6:00,-0.927206,-0.016675,0.374181,97.459497,-30.799223,76.135165,179.183683,-18.875628,0.013481,-0.323515,-0.946127,18.877408,-0.772416,0.323515,-0.013481,0.946127,-18.877408,0.772416,-0.323515,0.013481,0.946127,-179.183683,18.875628,-0.013481,0.323515,-0.946127,,,
221,2026-05-16,14:16:51.86,2,4,"Soares, Gavin",831500,Right,BOC_EAG,"Lackey, Vahn",822518,Right,GIT_YEL,Undefined,6,Top,1,2,1,Curveball,Curveball,HitByPitch,Undefined,Undefined,Undefined,0,0,,79.41815,1.825839,-0.121489,2168.677005,355.416611,5:45,6.19163,1.42581,5.36569,-54.44239,-9.51682,0.86811,3.36737,1.38424,73.32335,-8.043617,0.033042,0.482412,,,,,,,,,,,,-0.47079,-4.93465,-1.41556,50,6.31612,0.21054,-115.4017,1.76188,-0.63772,20.58138,-38.85823,BOC_EAG,GIT_YEL,HarringtonVillage,D1,ACC,20260516-HarringtonVillage-1,69cc2d00-5153-11f1-878d-1580a01945d0,78.13326,,,6.0948,,,,,,,73f0cb14-48f0-42ce-85bb-8a4ada2a1c20,2026-05-16,18:16:51.86,2026-05-16T14:16:51.8676480-04:00,2026-05-16T18:16:51.8676480Z,,v3,227,100,26605,"Gonzalez, Cesar",831498,Right,BOC_EAG,8476b8e3-72f0-4a80-9306-02fe7f7d4c72,55.1369,-116.31423,10.29069,6.19981,3.48477,-19.42912,-1.42552,0.23882,-0.31886,,,,,,,,,,,,,,,,,,,,,,,,,,,,,,,,,,,,,,,,,,,,,,,,,,,High,High,High,,,,,,4.267827,64.826485,922.470587,0.425361,6:15,-0.902654,0.060474,0.426096,99.352145,-26.012832,73.948791,179.154242,18.469733,0.014,0.316804,-0.948388,18.471608,0.802191,0.316804,0.014,0.948388,-18.471608,-0.802191,-0.316804,-0.014,0.948388,-179.154242,-18.469733,-0.014,-0.316804,-0.948388,,,
222,2026-05-16,14:17:30.06,3,1,"Soares, Gavin",831500,Right,BOC_EAG,"Zuckerman, Ryan",822871,Right,GIT_YEL,Undefined,6,Top,1,0,0,Fastball,Four-Seam,BallCalled,Undefined,Undefined,StolenBase,0,0,,91.93651,-4.361581,-2.955467,2267.808071,214.970116,1:15,6.23906,1.4402,5.81735,-16.10493,17.42147,11.38068,0.82841,-0.36178,83.76794,-7.408385,-0.918155,0.41674,,,,,,,,,,,,-6.70339,10.53001,-1.20506,50,5.87157,6.37111,-132.96902,-10.64575,-11.94001,29.87582,-13.41814,BOC_EAG,GIT_YEL,HarringtonVillage,D1,ACC,20260516-HarringtonVillage-1,8087e0c0-5153-11f1-878d-1580a01945d0,90.44602,,,8.16858,,,,,,,73f0cb14-48f0-42ce-85bb-8a4ada2a1c20,2026-05-16,18:17:30.06,2026-05-16T14:17:30.0680000-04:00,2026-05-16T18:17:30.0680000Z,,v3,227,100,26605,"Gonzalez, Cesar",831498,Right,BOC_EAG,4a03bc13-c29c-434f-9406-659741abcf9f,54.68121,-134.01667,14.93791,6.23663,-10.17522,-6.70907,-1.43582,6.78981,-5.97,,,,,,,,,,,,,,,,,,,,,,,,,,,,,72.0768,,,,,,,-1.60061,5.24131,1.37008,,,,-1.46422,103.36755,-9.93437,5.281,10.86783,-12.76087,1.34121,-5.40779,1.62742,High,High,High,,,High,High,Medium,213.198628,16.03295,2179.597185,0.961103,1:00,-0.276522,-0.545726,-0.791024,-53.422493,-17.463251,-26.100397,165.391992,-13.859942,0.244861,-0.239549,-0.939499,14.304234,-14.173647,0.239549,-0.244861,0.939499,-14.304234,14.173647,-0.239549,0.244861,0.939499,-165.391992,13.859942,-0.244861,0.239549,-0.939499,,,
223,2026-05-16,14:17:58.87,3,2,"Soares, Gavin",831500,Right,BOC_EAG,"Zuckerman, Ryan",822871,Right,GIT_YEL,Undefined,6,Top,1,1,0,Curveball,Curveball,BallCalled,Undefined,Undefined,Undefined,0,0,,79.94704,-1.133608,-2.034831,2200.163817,336.731054,5:15,6.23351,1.44181,5.51108,-52.48672,-7.30638,3.84823,0.79875,-0.14112,72.65453,-10.676059,-1.346718,0.483778,,,,,,,,,,,,-2.64028,-2.88079,-1.26702,50,6.09929,3.96404,-115.84747,-4.10548,-3.51465,25.77184,-36.00886,BOC_EAG,GIT_YEL,HarringtonVillage,D1,ACC,20260516-HarringtonVillage-1,91ce7c40-5153-11f1-878d-1580a01945d0,77.91268,,,7.2925,,,,,,,73f0cb14-48f0-42ce-85bb-8a4ada2a1c20,2026-05-16,18:17:58.87,2026-05-16T14:17:58.8748288-04:00,2026-05-16T18:17:58.8748288Z,,v3,227,100,26605,"Gonzalez, Cesar",831498,Right,BOC_EAG,0173f58e-ff2a-4550-a4f0-77bf50b97e98,54.98797,-116.95185,12.88592,6.24216,-2.56242,-18.00443,-1.44011,4.11465,-1.75733,,,,,,,,,,,,,,,,,,,,,,,,,,,,,,,,,,,,,,,,,,,,,,,,,,,High,High,High,,,,,,351.127952,68.916184,791.472129,0.359733,5:45,-0.918567,-0.07393,0.38829,87.500588,-39.611286,74.559185,179.675805,32.522457,0.004771,0.53763,-0.843167,32.522872,0.273355,0.53763,0.004771,0.843167,-32.522872,-0.273355,-0.53763,-0.004771,0.843167,-179.675805,-32.522457,-0.004771,-0.53763,-0.843167,,,
224,2026-05-16,14:19:13.55,3,3,"Soares, Gavin",831500,Right,BOC_EAG,"Zuckerman, Ryan",822871,Right,GIT_YEL,Undefined,6,Top,1,2,0,Curveball,Curveball,FoulBallNotFieldable,Undefined,Undefined,Undefined,0,0,,79.16543,-0.305521,-1.198096,2201.075707,334.510914,5:15,6.15994,1.61522,5.48571,-52.46141,-6.75221,3.96083,1.50225,0.82423,72.33989,-9.847935,-0.490311,0.486601,,,,,,,,,,,,-2.39508,-2.96232,-1.51306,50,6.09714,2.24976,-114.88159,-2.40031,-3.1606,23.77913,-36.08317,BOC_EAG,GIT_YEL,HarringtonVillage,D1,ACC,20260516-HarringtonVillage-1,be3fbe60-5153-11f1-878d-1580a01945d0,77.46061,,,6.82554,,,,,,,73f0cb14-48f0-42ce-85bb-8a4ada2a1c20,2026-05-16,18:19:13.55,2026-05-16T14:19:13.5585280-04:00,2026-05-16T18:19:13.5585280Z,,v3,227,100,26605,"Gonzalez, Cesar",831498,Right,BOC_EAG,7e8ece0f-32e5-4945-8f38-697bbbe9a958,55.01488,-115.91497,11.88957,6.16738,-0.83223,-18.04158,-1.61381,2.38711,-1.5803,,,,,,,,,,,,,,,,,,,,,,,,,,,,,,,,,,,,,,,,,,,,,,,,,,,High,High,High,,,,,,0.023295,72.325642,668.261277,0.303607,6:00,-0.946228,-0.004957,0.323462,88.604999,-27.636378,83.530177,176.86448,21.20573,0.050994,0.361718,-0.930892,21.234693,2.923016,0.361718,0.050994,0.930892,-21.234693,-2.923016,-0.361718,-0.050994,0.930892,-176.86448,-21.20573,-0.050994,-0.361718,-0.930892,,,
225,2026-05-16,14:19:34.82,3,4,"Soares, Gavin",831500,Right,BOC_EAG,"Zuckerman, Ryan",822871,Right,GIT_YEL,Undefined,6,Top,1,2,1,Curveball,Curveball,FoulBallNotFieldable,Undefined,Undefined,Undefined,0,0,,80.20359,0.330454,-0.42724,2213.746407,10.465183,6:15,6.23563,1.49627,5.35654,-47.84058,-3.76473,-0.93618,2.55884,1.01757,74.09832,-8.350859,-0.593934,0.477828,59.36189,39.669295,104.056914,5392.450915,,,,,17.01304,,,0.35941,-1.64362,-1.45716,50,6.23074,0.90617,-116.55155,-1.00635,0.49625,21.13759,-34.44341,BOC_EAG,GIT_YEL,HarringtonVillage,D1,ACC,20260516-HarringtonVillage-1,caf0a520-5153-11f1-878d-1580a01945d0,78.88281,15.76437,,6.10527,,,,1.24049,2.62508,-0.96776,73f0cb14-48f0-42ce-85bb-8a4ada2a1c20,2026-05-16,18:19:34.82,2026-05-16T14:19:34.8255744-04:00,2026-05-16T18:19:34.8255744Z,,v3,227,100,26605,"Gonzalez, Cesar",831498,Right,BOC_EAG,c93568fd-eb85-4abe-96d3-003b63528ea8,55.1447,-117.48088,10.56879,6.2417,0.50798,-17.2217,-1.49652,0.88436,0.24812,,1.24406,-16.44931,-5.60904,,,,,,,2.63066,55.31084,-29.6178,,,,,,,-0.96744,64.9957,-7.47924,,,,,,,,,,,,,,,,,,,,,,,,,,,,,High,High,High,Medium,Undefined,,,,352.308493,71.566586,699.991818,0.316202,5:45,-0.946557,-0.036848,0.320425,91.078512,-31.312776,73.472656,174.093914,-24.550291,0.093596,-0.415492,-0.904769,24.665738,-5.37051,0.415492,-0.093596,0.904769,-24.665738,5.37051,-0.415492,0.093596,0.904769,-174.093914,24.550291,-0.093596,0.415492,-0.904769,80.67038,6.6498,5.83649
226,2026-05-16,14:20:00.90,3,5,"Soares, Gavin",831500,Right,BOC_EAG,"Zuckerman, Ryan",822871,Right,GIT_YEL,Undefined,6,Top,1,2,2,Curveball,Curveball,BallCalled,Undefined,Undefined,Undefined,0,0,,80.58724,-1.30244,-1.391291,2152.296942,343.68345,5:30,6.22053,1.46848,5.48179,-52.18948,-7.47433,2.68315,0.65222,0.39008,72.90972,-10.794835,-0.911405,0.481281,,,,,,,,,,,,-1.85311,-2.88788,-1.34835,50,6.07076,2.72795,-116.73729,-4.47665,-2.4915,27.23508,-36.05677,BOC_EAG,GIT_YEL,HarringtonVillage,D1,ACC,20260516-HarringtonVillage-1,da7ff3b0-5153-11f1-878d-1580a01945d0,78.31691,,,7.67752,,,,,,,73f0cb14-48f0-42ce-85bb-8a4ada2a1c20,2026-05-16,18:20:00.90,2026-05-16T14:20:00.9031680-04:00,2026-05-16T18:20:00.9031680Z,,v3,227,100,26605,"Gonzalez, Cesar",831498,Right,BOC_EAG,da869372-6aa8-45b4-abc9-6071ad7fef0e,55.01667,-117.90189,13.61754,6.22922,-2.93484,-18.02839,-1.46727,2.83449,-1.24575,,,,,,,,,,,,,,,,,,,,,,,,,,,,,,,,,,,,,,,,,,,,,,,,,,,High,High,High,,,,,,344.513865,72.454291,648.845548,0.301467,5:30,-0.944066,-0.102145,0.313536,84.587343,-38.216756,78.867353,178.140757,-30.284953,0.028016,-0.504301,-0.863073,30.298094,-1.605437,0.504301,-0.028016,0.863073,-30.298094,1.605437,-0.504301,0.028016,0.863073,-178.140757,30.284953,-0.028016,0.504301,-0.863073,,,
227,2026-05-16,14:20:25.53,3,6,"Soares, Gavin",831500,Right,BOC_EAG,"Zuckerman, Ryan",822871,Right,GIT_YEL,Undefined,6,Top,1,3,2,Curveball,Curveball,BallCalled,Walk,Undefined,Undefined,0,0,,79.97793,-0.768962,-1.446641,2153.223597,324.738997,4:45,6.20238,1.47694,5.3991,-52.03755,-7.04886,6.07473,1.14507,0.62726,73.07633,-10.208805,-0.362529,0.482751,,,,,,,,,,,,-3.5328,-2.91673,-1.35243,50,6.09703,2.68844,-116.00873,-3.3798,-4.75055,24.38685,-36.09617,BOC_EAG,GIT_YEL,HarringtonVillage,D1,ACC,20260516-HarringtonVillage-1,e9261ac0-5153-11f1-878d-1580a01945d0,78.07846,,,6.90159,,,,,,,73f0cb14-48f0-42ce-85bb-8a4ada2a1c20,2026-05-16,18:20:25.53,2026-05-16T14:20:25.5320576-04:00,2026-05-16T18:20:25.5320576Z,,v3,227,100,26605,"Gonzalez, Cesar",831498,Right,BOC_EAG,63185b50-f004-4578-a99d-129ba1cfd7f6,55.10105,-117.07614,12.19343,6.21039,-1.79987,-18.04809,-1.47465,2.89637,-2.37527,,,,,,,,,,,,,,,,,,,,,,,,,,,,,,,,,,,,,,,,,,,,,,,,,,,High,High,High,,,,,,356.875596,67.561822,821.856035,0.381686,6:00,-0.914013,-0.033206,0.404323,96.480916,-39.126166,69.451695,178.840959,-25.894761,0.018197,-0.43672,-0.899414,25.899367,-1.042657,0.43672,-0.018197,0.899414,-25.899367,1.042657,-0.43672,0.018197,0.899414,-178.840959,25.894761,-0.018197,0.43672,-0.899414,,,
228,2026-05-16,14:23:59.82,4,1,"Hard, Sean",695717,Right,BOC_EAG,"Hernandez, Alex",815415,Right,GIT_YEL,Undefined,6,Top,1,0,0,Slider,Slider,BallCalled,Undefined,Undefined,StolenBase,0,0,,82.44927,-1.440135,-2.095006,2413.627927,90.759551,9:00,6.5687,1.53124,5.99271,-39.59581,1.30642,-4.80154,1.93327,-0.81123,76.11308,-8.709338,-2.95922,0.460304,,,,,,,,,,,,1.88921,1.47232,-1.36354,50,6.4335,4.56459,-119.74296,-4.29874,2.7457,22.90703,-30.03426,BOC_EAG,GIT_YEL,HarringtonVillage,D1,ACC,20260516-HarringtonVillage-1,68eaff50-5154-11f1-878d-1580a01945d0,81.88593,,,6.33619,,,,,,,73f0cb14-48f0-42ce-85bb-8a4ada2a1c20,2026-05-16,18:23:59.82,2026-05-16T14:23:59.8260000-04:00,2026-05-16T18:23:59.8260000Z,,v3,227,100,26605,"Gonzalez, Cesar",831498,Right,BOC_EAG,8e32f4b7-4bc5-4800-b1f7-3b87530aa072,54.50626,-120.60193,11.45352,6.57358,-3.17251,-15.01713,-1.53278,4.46163,1.37285,,,,,,,,,,,,,,,,,,,,,,,,,,,,,70.32243,,0.840141,,-0.95198,1.5625,0.93449,-1.96392,5.37509,-2.55994,,,,-1.95834,71.50821,-3.20586,5.38058,1.85454,-12.32034,-2.57885,-73.84475,7.97884,High,High,High,,,High,High,Medium,174.546371,80.734957,388.598196,0.161002,11:45,-0.992226,-0.009508,-0.124083,81.097219,-26.632272,68.35739,156.503729,-11.45687,0.390745,-0.19863,-0.898813,12.461611,-23.000882,0.19863,-0.390745,0.898813,-12.461611,23.000882,-0.19863,0.390745,0.898813,-156.503729,11.45687,-0.390745,0.19863,-0.898813,,,
229,2026-05-16,14:24:27.92,4,2,"Hard, Sean",695717,Right,BOC_EAG,"Hernandez, Alex",815415,Right,GIT_YEL,Undefined,6,Top,1,1,0,Slider,Slider,BallCalled,Undefined,Undefined,Undefined,0,0,,81.42665,1.302715,-0.630013,2441.92665,71.882177,8:30,6.53051,1.61407,5.84541,-42.40837,-0.32394,-4.87831,4.20736,0.62206,74.80668,-6.503543,-1.505314,0.466909,,,,,,,,,,,,2.30386,-0.0722,-1.56005,50,6.61195,1.4937,-118.31264,1.27891,3.27267,22.11388,-32.27663,BOC_EAG,GIT_YEL,HarringtonVillage,D1,ACC,20260516-HarringtonVillage-1,799f6cf0-5154-11f1-878d-1580a01945d0,80.72761,,,6.61998,,,,,,,73f0cb14-48f0-42ce-85bb-8a4ada2a1c20,2026-05-16,18:24:27.92,2026-05-16T14:24:27.9228416-04:00,2026-05-16T18:24:27.9228416Z,,v3,227,100,26605,"Gonzalez, Cesar",831498,Right,BOC_EAG,db41cf27-60d5-40f9-aed6-7fc484596069,54.65307,-119.17917,11.05694,6.53705,2.54367,-16.13831,-1.61607,1.36546,1.63634,,,,,,,,,,,,,,,,,,,,,,,,,,,,,,,,,,,,,,,,,,,,,,,,,,,High,High,High,,,,,,99.568932,87.350294,112.889321,0.04623,9:15,-0.99766,0.068285,0.003285,93.706152,-22.384372,64.681888,160.303999,-4.681222,0.335905,-0.081612,-0.938353,4.970706,-19.627597,0.081612,-0.335905,0.938353,-4.970706,19.627597,-0.081612,0.335905,0.938353,-160.303999,4.681222,-0.335905,0.081612,-0.938353,,,
230,2026-05-16,14:24:49.15,4,3,"Hard, Sean",695717,Right,BOC_EAG,"Hernandez, Alex",815415,Right,GIT_YEL,Undefined,6,Top,1,2,0,Slider,Slider,StrikeCalled,Undefined,Undefined,Undefined,0,0,,82.59761,-0.399242,-0.673586,2371.589278,96.804508,9:15,6.47328,1.47386,6.09917,-39.00164,1.62059,-2.91756,2.85388,0.60773,75.84149,-7.610935,-1.200073,0.458726,,,,,,,,,,,,1.3102,1.36488,-1.42058,50,6.42233,1.52322,-120.046,-2.08386,1.90863,23.61079,-30.18574,BOC_EAG,GIT_YEL,HarringtonVillage,D1,ACC,20260516-HarringtonVillage-1,8650a1d0-5154-11f1-878d-1580a01945d0,82.1677,,,6.75612,,,,,,,73f0cb14-48f0-42ce-85bb-8a4ada2a1c20,2026-05-16,18:24:49.15,2026-05-16T14:24:49.1594752-04:00,2026-05-16T18:24:49.1594752Z,,v3,227,100,26605,"Gonzalez, Cesar",831498,Right,BOC_EAG,c7742c25-270e-4d30-95a6-8da86f5db9cf,54.39913,-120.90813,11.8054,6.4783,-0.98165,-15.09287,-1.47492,1.45353,0.95431,,,,,,,,,,,,,,,,,,,,,,,,,,,,,,,,,,,,,,,,,,,,,,,,,,,High,High,High,,,,,,173.02233,82.973527,290.11162,0.122328,11:45,-0.993928,0.007945,-0.109745,74.648637,-16.745378,70.032729,158.910518,-13.825033,0.349401,-0.238958,-0.90599,14.775456,-20.450705,0.238958,-0.349401,0.90599,-14.775456,20.450705,-0.238958,0.349401,0.90599,-158.910518,13.825033,-0.349401,0.238958,-0.90599,,,
231,2026-05-16,14:25:09.76,4,4,"Hard, Sean",695717,Right,BOC_EAG,"Hernandez, Alex",815415,Right,GIT_YEL,Undefined,6,Top,1,2,1,Curveball,Curveball,BallCalled,Undefined,Undefined,Undefined,0,0,,78.90383,-0.914969,-1.829563,2484.566773,4.29877,6:15,6.66496,1.20725,5.70933,-57.54661,-11.61036,-0.99465,1.01646,-0.58075,72.01247,-11.379327,-2.008226,0.487808,,,,,,,,,,,,-0.10508,-5.12362,-1.05339,50,6.55285,3.69371,-114.44073,-3.76493,-0.13669,24.8957,-38.83862,BOC_EAG,GIT_YEL,HarringtonVillage,D1,ACC,20260516-HarringtonVillage-1,92972e00-5154-11f1-878d-1580a01945d0,77.26898,,,6.89136,,,,,,,73f0cb14-48f0-42ce-85bb-8a4ada2a1c20,2026-05-16,18:25:09.76,2026-05-16T14:25:09.7626112-04:00,2026-05-16T18:25:09.7626112Z,,v3,227,100,26605,"Gonzalez, Cesar",831498,Right,BOC_EAG,c8e2a07f-710d-4f7a-9292-e218af6db69a,54.79066,-115.4782,12.44785,6.67602,-2.14643,-19.41931,-1.20744,3.69941,-0.06835,,,,,,,,,,,,,,,,,,,,,,,,,,,,,,,,,,,,,,,,,,,,,,,,,,,High,High,High,,,,,,13.385908,60.127762,1237.482294,0.498068,6:30,-0.852956,0.101445,0.512029,43.408391,-27.454474,-78.558585,168.716392,0.11733,0.195665,0.002048,-0.980669,0.119643,11.283584,0.002048,0.195665,0.980669,-0.119643,-11.283584,-0.002048,-0.195665,0.980669,-168.716392,-0.11733,-0.195665,-0.002048,-0.980669,,,
232,2026-05-16,14:25:33.63,4,5,"Hard, Sean",695717,Right,BOC_EAG,"Hernandez, Alex",815415,Right,GIT_YEL,Undefined,6,Top,1,3,1,Slider,Slider,InPlay,Undefined,GroundBall,Out,1,0,,82.97857,-1.024658,-1.969281,2401.336048,87.347955,9:00,6.48324,1.50117,5.99535,-39.15156,1.00035,-3.38477,2.27042,-0.60649,76.88777,-8.211538,-2.578503,0.456063,80.28991,-3.236539,-14.755705,4059.111918,,,,25.22278,24.72335,-12.398149,0.208082,1.24378,1.08791,-1.34415,50,6.38063,4.27365,-120.62553,-3.42477,1.84327,22.18509,-30.5618,BOC_EAG,GIT_YEL,HarringtonVillage,D1,ACC,20260516-HarringtonVillage-1,a0c9abb0-5154-11f1-878d-1580a01945d0,82.6475,2.33539,,6.0908,,,,1.73972,2.33539,0.59626,73f0cb14-48f0-42ce-85bb-8a4ada2a1c20,2026-05-16,18:25:33.63,2026-05-16T14:25:33.6320512-04:00,2026-05-16T18:25:33.6320512Z,GroundBall,v3,227,100,26605,"Gonzalez, Cesar",831498,Right,BOC_EAG,b21d6900-224f-4944-b70d-6ca08ea38526,54.50575,-121.45138,11.09255,6.48695,-2.28708,-15.2809,-1.50196,4.20504,0.92163,356.645688,1.74073,113.62859,-17.35015,,,,,,,2.33681,-6.73934,-21.61453,,,,,,,0.59594,-29.92481,4.98308,,,,,,,,,,,,,,,,,,,,,,,,,,,,,High,High,High,High,High,,,,177.961407,82.191602,326.247396,0.135861,12:00,-0.994737,-0.012885,-0.101652,84.808798,-28.919549,68.618744,157.474762,-10.101727,0.377152,-0.175396,-0.909391,10.916719,-22.157361,0.175396,-0.377152,0.909391,-10.916719,22.157361,-0.175396,0.377152,0.909391,-157.474762,10.101727,-0.377152,0.175396,-0.909391,72.57359,21.60726,-4.66813
233,2026-05-16,14:26:06.93,5,1,"Hard, Sean",695717,Right,BOC_EAG,"Schmidt, Kent",812674,Left,GIT_YEL,Undefined,6,Top,2,0,0,Slider,Slider,BallCalled,Undefined,Undefined,Undefined,0,0,,82.84664,-2.613229,-2.306995,2417.245452,95.942022,9:15,6.49605,1.71665,5.90464,-38.93423,1.76587,-5.1241,0.82213,-0.853,76.68089,-9.721113,-3.228147,0.459165,,,,,,,,,,,,2.01795,1.95559,-1.52823,50,6.26332,5.03653,-120.22834,-6.76244,2.95622,23.12085,-29.30917,BOC_EAG,GIT_YEL,HarringtonVillage,D1,ACC,20260516-HarringtonVillage-1,b4a019d0-5154-11f1-878d-1580a01945d0,82.08902,,,6.16575,,,,,,,73f0cb14-48f0-42ce-85bb-8a4ada2a1c20,2026-05-16,18:26:06.93,2026-05-16T14:26:06.9318656-04:00,2026-05-16T18:26:06.9318656Z,,v3,227,100,26605,"Gonzalez, Cesar",831498,Right,BOC_EAG,3be2ddfb-fbba-47bb-83cb-d2d63cb747b4,54.59592,-121.10895,11.56043,6.49963,-5.64615,-14.65458,-1.71791,4.92394,1.47811,,,,,,,,,,,,,,,,,,,,,,,,,,,,,,,,,,,,,,,,,,,,,,,,,,,High,High,High,,,,,,190.204199,84.0118,252.17586,0.104324,12:15,-0.995995,-0.063807,-0.062632,92.796197,-25.283506,64.10559,151.646543,-6.37737,0.471971,-0.111076,-0.874589,7.238051,-28.162294,0.111076,-0.471971,0.874589,-7.238051,28.162294,-0.111076,0.471971,0.874589,-151.646543,6.37737,-0.471971,0.111076,-0.874589,,,
234,2026-05-16,14:26:26.66,5,2,"Hard, Sean",695717,Right,BOC_EAG,"Schmidt, Kent",812674,Left,GIT_YEL,Undefined,6,Top,2,1,0,Slider,Slider,BallCalled,Undefined,Undefined,Undefined,0,0,,82.46105,0.362981,-0.293827,2358.251366,86.742397,9:00,6.4723,1.71501,5.84127,-40.07864,1.03721,-4.19847,3.46976,1.09207,75.67489,-7.018312,-1.047543,0.461505,,,,,,,,,,,,2.05169,0.8589,-1.68868,50,6.47856,0.78182,-119.8161,-0.58232,2.9816,23.21591,-30.92586,BOC_EAG,GIT_YEL,HarringtonVillage,D1,ACC,20260516-HarringtonVillage-1,c0695fb0-5154-11f1-878d-1580a01945d0,81.67293,,,6.78616,,,,,,,73f0cb14-48f0-42ce-85bb-8a4ada2a1c20,2026-05-16,18:26:26.66,2026-05-16T14:26:26.6665472-04:00,2026-05-16T18:26:26.6665472Z,,v3,227,100,26605,"Gonzalez, Cesar",831498,Right,BOC_EAG,54fece75-706b-4221-bd81-ab16ce19cf4d,54.65685,-120.71505,11.60796,6.47793,0.61517,-15.46293,-1.71672,0.66637,1.4908,,,,,,,,,,,,,,,,,,,,,,,,,,,,,,,,,,,,,,,,,,,,,,,,,,,High,High,High,,,,,,164.533599,85.157531,199.075176,0.084416,11:30,-0.996672,0.028824,-0.076249,90.291965,-32.342878,59.807651,153.16927,-10.712936,0.443489,-0.185888,-0.876791,11.970034,-26.326734,0.185888,-0.443489,0.876791,-11.970034,26.326734,-0.185888,0.443489,0.876791,-153.16927,10.712936,-0.443489,0.185888,-0.876791,,,
235,2026-05-16,14:26:44.10,5,3,"Hard, Sean",695717,Right,BOC_EAG,"Schmidt, Kent",812674,Left,GIT_YEL,Undefined,6,Top,2,2,0,Slider,Slider,BallCalled,Undefined,Undefined,Undefined,0,0,,82.06069,-2.728782,-1.479266,2357.392685,83.531303,8:45,6.40636,1.63906,6.05359,-40.89317,0.73209,-5.76737,0.46993,-0.21115,75.31474,-10.229515,-2.520491,0.464355,,,,,,,,,,,,2.54547,1.57913,-1.52093,50,6.17207,3.2877,-119.04664,-6.97059,3.61687,24.96039,-29.93023,BOC_EAG,GIT_YEL,HarringtonVillage,D1,ACC,20260516-HarringtonVillage-1,cacea8c0-5154-11f1-878d-1580a01945d0,81.17165,,,6.74595,,,,,,,73f0cb14-48f0-42ce-85bb-8a4ada2a1c20,2026-05-16,18:26:44.10,2026-05-16T14:26:44.1037312-04:00,2026-05-16T18:26:44.1037312Z,,v3,227,100,26605,"Gonzalez, Cesar",831498,Right,BOC_EAG,c8358f0a-aa7f-4f6a-9c5b-e3c7f0ffcd4f,54.44594,-119.97519,12.4802,6.41067,-5.85716,-14.96512,-1.64073,3.15315,1.80844,,,,,,,,,,,,,,,,,,,,,,,,,,,,,,,,,,,,,,,,,,,,,,,,,,,High,High,High,,,,,,183.95954,84.395514,230.22492,0.097661,12:15,-0.995954,-0.054117,-0.071741,84.466823,-20.898472,71.127073,157.724329,-8.887754,0.374512,-0.154499,-0.91426,9.5917,-21.994143,0.154499,-0.374512,0.91426,-9.5917,21.994143,-0.154499,0.374512,0.91426,-157.724329,8.887754,-0.374512,0.154499,-0.91426,,,
236,2026-05-16,14:27:04.51,5,4,"Hard, Sean",695717,Right,BOC_EAG,"Schmidt, Kent",812674,Left,GIT_YEL,Undefined,6,Top,2,3,0,Fastball,Four-Seam,StrikeCalled,Undefined,Undefined,Undefined,0,0,,91.73859,-2.798824,-1.829147,2270.292929,185.723047,12:15,6.64741,1.30806,6.26167,-11.1589,22.42304,2.1139,3.13355,-0.20287,81.89855,-5.034812,-1.447462,0.417085,,,,,,,,,,,,-1.72323,12.91764,-1.17342,50,6.43392,4.1484,-132.79192,-6.69503,-3.00157,34.93429,-9.67397,BOC_EAG,GIT_YEL,HarringtonVillage,D1,ACC,20260516-HarringtonVillage-1,d6f26ab0-5154-11f1-878d-1580a01945d0,90.3712,,,9.84004,,,,,,,73f0cb14-48f0-42ce-85bb-8a4ada2a1c20,2026-05-16,18:27:04.51,2026-05-16T14:27:04.5171200-04:00,2026-05-16T18:27:04.5171200Z,,v3,227,100,26605,"Gonzalez, Cesar",831498,Right,BOC_EAG,57ad2cb3-e6fb-4c66-b3a5-2fcb514a0088,54.23085,-133.90033,17.46715,6.64147,-6.38809,-4.83699,-1.30655,4.24364,-1.50079,,,,,,,,,,,,,,,,,,,,,,,,,,,,,,,,,,,,,,,,,,,,,,,,,,,High,High,High,,,,,,197.33179,22.550167,2096.715666,0.923544,12:30,-0.397552,-0.293525,-0.869365,-20.734719,14.606563,-34.368351,176.358995,-7.139843,0.063012,-0.124292,-0.990243,7.154134,-3.612734,0.124292,-0.063012,0.990243,-7.154134,3.612734,-0.124292,0.063012,0.990243,-176.358995,7.139843,-0.063012,0.124292,-0.990243,,,
237,2026-05-16,14:27:22.67,5,5,"Hard, Sean",695717,Right,BOC_EAG,"Schmidt, Kent",812674,Left,GIT_YEL,Undefined,6,Top,2,3,1,Slider,Slider,StrikeCalled,Undefined,Undefined,Undefined,0,0,,83.97028,-0.559474,-1.341574,2441.460089,97.108088,9:15,6.45929,1.53172,5.97063,-38.17805,2.08268,-4.73449,2.75894,-0.10683,75.72001,-7.643857,-2.193485,0.45668,,,,,,,,,,,,1.9578,1.73551,-1.42298,50,6.39433,3.0436,-121.74228,-2.45225,2.87695,28.55074,-29.62377,BOC_EAG,GIT_YEL,HarringtonVillage,D1,ACC,20260516-HarringtonVillage-1,e1c8c510-5154-11f1-878d-1580a01945d0,82.53571,,,8.25026,,,,,,,73f0cb14-48f0-42ce-85bb-8a4ada2a1c20,2026-05-16,18:27:22.67,2026-05-16T14:27:22.6703360-04:00,2026-05-16T18:27:22.6703360Z,,v3,227,100,26605,"Gonzalez, Cesar",831498,Right,BOC_EAG,8c57ca26-3171-47c0-9d79-3a334ea7f3ac,54.52444,-122.79876,14.27537,6.46479,-1.35606,-14.81189,-1.53363,2.93714,1.43847,,,,,,,,,,,,,,,,,,,,,,,,,,,,,,,,,,,,,,,,,,,,,,,,,,,High,High,High,,,,,,188.336859,80.192035,415.89415,0.170346,12:15,-0.988772,-0.03432,-0.145436,80.20656,-30.531801,61.478935,148.19684,-15.821293,0.507038,-0.272638,-0.817668,18.440108,-30.466739,0.272638,-0.507038,0.817668,-18.440108,30.466739,-0.272638,0.507038,0.817668,-148.19684,15.821293,-0.507038,0.272638,-0.817668,,,
238,2026-05-16,14:27:41.22,5,6,"Hard, Sean",695717,Right,BOC_EAG,"Schmidt, Kent",812674,Left,GIT_YEL,Undefined,6,Top,2,3,2,Slider,Slider,BallCalled,Walk,Undefined,Undefined,0,0,,83.3426,0.575123,-1.724405,2406.507096,89.586268,9:00,6.54016,1.45908,5.92504,-39.37443,1.46461,-2.00976,3.79288,-0.30895,75.19505,-6.730411,-2.085379,0.459948,,,,,,,,,,,,0.44941,1.06965,-1.32009,50,6.56458,3.72013,-120.8224,-0.10119,0.65272,27.37662,-30.62053,BOC_EAG,GIT_YEL,HarringtonVillage,D1,ACC,20260516-HarringtonVillage-1,ecd79490-5154-11f1-878d-1580a01945d0,81.94928,,,8.14754,,,,,,,73f0cb14-48f0-42ce-85bb-8a4ada2a1c20,2026-05-16,18:27:41.22,2026-05-16T14:27:41.2262912-04:00,2026-05-16T18:27:41.2262912Z,,v3,227,100,26605,"Gonzalez, Cesar",831498,Right,BOC_EAG,740039fd-2177-4d32-806a-728244d604e8,54.56948,-121.85338,13.68831,6.54667,1.05195,-15.31027,-1.45972,3.69555,0.32636,,,,,,,,,,,,,,,,,,,,,,,,,,,,,,,,,,,,,,,,,,,,,,,,,,,High,High,High,,,,,,126.269891,87.401814,109.090237,0.045331,10:15,-0.99891,0.046573,0.003243,81.727848,-20.789423,62.59886,156.019038,-16.301139,0.390094,-0.280686,-0.87695,17.748327,-22.960369,0.280686,-0.390094,0.87695,-17.748327,22.960369,-0.280686,0.390094,0.87695,-156.019038,16.301139,-0.390094,0.280686,-0.87695,,,
239,2026-05-16,14:28:15.23,6,1,"Hard, Sean",695717,Right,BOC_EAG,"Brosius, Parker",702701,Right,GIT_YEL,Undefined,6,Top,2,0,0,Curveball,Curveball,BallCalled,Undefined,Undefined,Undefined,0,1,,78.53302,-2.364826,-1.619404,2476.098836,2.24926,6:00,6.64036,1.23023,5.86115,-58.47976,-12.24032,-0.54512,-0.43204,-0.32005,71.92014,-12.970358,-1.717817,0.489415,,,,,,,,,,,,-0.27154,-5.17422,-1.09857,50,6.41396,3.23897,-113.87259,-6.58059,-0.34869,25.19494,-38.81866,BOC_EAG,GIT_YEL,HarringtonVillage,D1,ACC,20260516-HarringtonVillage-1,01202570-5155-11f1-878d-1580a01945d0,77.01524,,,6.61288,,,,,,,73f0cb14-48f0-42ce-85bb-8a4ada2a1c20,2026-05-16,18:28:15.23,2026-05-16T14:28:15.2369664-04:00,2026-05-16T18:28:15.2369664Z,,v3,227,100,26605,"Gonzalez, Cesar",831498,Right,BOC_EAG,2d9a5e3c-c2d5-42ec-ae7c-2fff42269c8d,54.64041,-114.89472,12.59747,6.64898,-5.00576,-19.40933,-1.23026,3.25311,-0.17434,,,,,,,,,,,,,,,,,,,,,,,,,,,,,,,,,,,,,,,,,,,,,,,,,,,High,High,High,,,,,,13.078557,59.411806,1259.997656,0.508864,6:30,-0.850512,0.079531,0.519908,34.452088,-39.531365,-64.497931,167.260413,0.398546,0.220515,0.006956,-0.975359,0.408604,12.739273,0.006956,0.220515,0.975359,-0.408604,-12.739273,-0.006956,-0.220515,0.975359,-167.260413,-0.398546,-0.220515,-0.006956,-0.975359,,,
240,2026-05-16,14:28:48.29,6,2,"Hard, Sean",695717,Right,BOC_EAG,"Brosius, Parker",702701,Right,GIT_YEL,Undefined,6,Top,2,1,0,Slider,Slider,BallCalled,Undefined,Undefined,Undefined,0,0,,81.66878,-0.975815,-2.225011,2429.500992,72.825251,8:30,6.50367,1.42136,5.94935,-42.28211,-0.2239,-5.15685,2.07435,-1.07306,74.86299,-8.745842,-3.152303,0.466764,,,,,,,,,,,,1.97036,0.64051,-1.24153,50,6.40272,4.80575,-118.51991,-3.40433,2.78403,24.05727,-31.26906,BOC_EAG,GIT_YEL,HarringtonVillage,D1,ACC,20260516-HarringtonVillage-1,14d8f970-5155-11f1-878d-1580a01945d0,80.75274,,,6.80579,,,,,,,73f0cb14-48f0-42ce-85bb-8a4ada2a1c20,2026-05-16,18:28:48.29,2026-05-16T14:28:48.2957824-04:00,2026-05-16T18:28:48.2957824Z,,v3,227,100,26605,"Gonzalez, Cesar",831498,Right,BOC_EAG,1e1b3c35-e9c8-4396-beb2-b434d07fb307,54.54834,-119.43956,12.02864,6.51002,-2.20898,-15.63453,-1.42321,4.69932,1.39202,,,,,,,,,,,,,,,,,,,,,,,,,,,,,,,,,,,,,,,,,,,,,,,,,,,High,High,High,,,,,,143.749288,84.975121,212.795848,0.087588,10:45,-0.998885,0.03482,-0.031878,99.159165,-32.732006,56.257471,152.431865,-6.837717,0.459511,-0.119058,-0.880156,7.70357,-27.35558,0.119058,-0.459511,0.880156,-7.70357,27.35558,-0.119058,0.459511,0.880156,-152.431865,6.837717,-0.459511,0.119058,-0.880156,,,
241,2026-05-16,14:29:06.71,6,3,"Hard, Sean",695717,Right,BOC_EAG,"Brosius, Parker",702701,Right,GIT_YEL,Undefined,6,Top,2,2,0,Fastball,Four-Seam,BallCalled,Undefined,Undefined,Undefined,0,0,,91.17811,-5.234153,-1.909287,2289.070068,188.773777,12:15,6.67246,1.02152,6.52208,-9.54815,23.79612,3.48807,1.05848,-0.44019,82.71373,-7.143577,-1.276476,0.415606,,,,,,,,,,,,-2.40717,14.4143,-0.89006,50,6.30259,4.25647,-131.87876,-12.23551,-4.19855,30.56288,-7.03273,BOC_EAG,GIT_YEL,HarringtonVillage,D1,ACC,20260516-HarringtonVillage-1,1fc83300-5155-11f1-878d-1580a01945d0,90.6927,,,8.46437,,,,,,,73f0cb14-48f0-42ce-85bb-8a4ada2a1c20,2026-05-16,18:29:06.71,2026-05-16T14:29:06.7114496-04:00,2026-05-16T18:29:06.7114496Z,,v3,227,100,26605,"Gonzalez, Cesar",831498,Right,BOC_EAG,55332b75-7401-4499-9bba-c164f5448cea,53.97475,-132.79671,15.28144,6.66691,-12.02428,-3.51637,-1.01979,4.38258,-2.09927,,,,,,,,,,,,,,,,,,,,,,,,,,,,,,,,,,,,,,,,,,,,,,,,,,,High,High,High,,,,,,189.587592,26.172516,2054.371824,0.89747,12:15,-0.454847,-0.189093,-0.870263,-27.516755,17.212956,-48.212204,174.079904,-0.366243,0.103139,-0.006392,-0.994646,0.368206,-5.919975,0.006392,-0.103139,0.994646,-0.368206,5.919975,-0.006392,0.103139,0.994646,-174.079904,0.366243,-0.103139,0.006392,-0.994646,,,
242,2026-05-16,14:29:25.82,6,4,"Hard, Sean",695717,Right,BOC_EAG,"Brosius, Parker",702701,Right,GIT_YEL,Undefined,6,Top,2,3,0,Fastball,Four-Seam,BallCalled,Walk,Undefined,Undefined,0,0,,90.10429,-2.965811,-2.305732,2250.0698,190.001818,12:15,6.63184,0.98737,6.46281,-12.74083,21.22328,3.53811,2.84133,-0.83677,81.8956,-5.460473,-1.664689,0.419451,,,,,,,,,,,,-2.51591,12.28005,-0.82591,50,6.41589,5.11634,-130.65264,-7.0401,-4.32124,29.15584,-11.08217,BOC_EAG,GIT_YEL,HarringtonVillage,D1,ACC,20260516-HarringtonVillage-1,2b2dae00-5155-11f1-878d-1580a01945d0,89.86129,,,8.20869,,,,,,,73f0cb14-48f0-42ce-85bb-8a4ada2a1c20,2026-05-16,18:29:25.82,2026-05-16T14:29:25.8247168-04:00,2026-05-16T18:29:25.8247168Z,,v3,227,100,26605,"Gonzalez, Cesar",831498,Right,BOC_EAG,4e89196d-af7d-4283-a3f2-200e07fb9473,54.03277,-131.5495,14.57792,6.6272,-6.69921,-5.54109,-0.98533,5.24926,-2.16062,,,,,,,,,,,,,,,,,,,,,,,,,,,,,,,,,,,,,,,,,,,,,,,,,,,High,High,High,,,,,,193.672605,26.574771,2012.35287,0.894351,12:30,-0.470437,-0.234265,-0.85077,-27.088083,15.942729,-46.100257,175.281686,-3.115613,0.082135,-0.054351,-0.995138,3.126186,-4.711324,0.054351,-0.082135,0.995138,-3.126186,4.711324,-0.054351,0.082135,0.995138,-175.281686,3.115613,-0.082135,0.054351,-0.995138,,,
243,2026-05-16,14:29:58.48,7,1,"Hard, Sean",695717,Right,BOC_EAG,"Rogers, Drew",811441,Right,GIT_YEL,Undefined,6,Top,2,0,0,Slider,Slider,StrikeCalled,Undefined,Undefined,Undefined,0,0,,83.42608,-1.142579,-1.158366,2427.927505,182.018672,12:00,6.46924,1.35154,5.946,-37.69089,2.40921,0.04024,2.2682,0.28032,76.62088,-8.086641,-1.151126,0.455768,,,,,,,,,,,,-0.34984,1.96154,-1.25935,50,6.35722,2.44863,-121.17728,-3.6584,-0.51906,24.15774,-29.26373,BOC_EAG,GIT_YEL,HarringtonVillage,D1,ACC,20260516-HarringtonVillage-1,3eab74d0-5155-11f1-878d-1580a01945d0,82.70088,,,6.80519,,,,,,,73f0cb14-48f0-42ce-85bb-8a4ada2a1c20,2026-05-16,18:29:58.48,2026-05-16T14:29:58.4886272-04:00,2026-05-16T18:29:58.4886272Z,,v3,227,100,26605,"Gonzalez, Cesar",831498,Right,BOC_EAG,84e3e2a6-9f74-4a7d-b507-034194e7225f,54.55231,-122.08145,12.07887,6.47365,-2.56312,-14.63187,-1.35136,2.46806,-0.25953,,,,,,,,,,,,,,,,,,,,,,,,,,,,,,,,,,,,,,,,,,,,,,,,,,,High,High,High,,,,,,184.54575,79.699892,434.123306,0.178804,12:15,-0.986809,-0.033787,-0.158325,77.327094,-26.220476,67.560168,153.332192,-13.574484,0.43628,-0.234709,-0.868661,15.120075,-25.866743,0.234709,-0.43628,0.868661,-15.120075,25.866743,-0.234709,0.43628,0.868661,-153.332192,13.574484,-0.43628,0.234709,-0.868661,,,
244,2026-05-16,14:30:18.92,7,2,"Hard, Sean",695717,Right,BOC_EAG,"Rogers, Drew",811441,Right,GIT_YEL,Undefined,6,Top,2,0,1,Fastball,Four-Seam,BallCalled,Undefined,Undefined,Undefined,0,0,,91.0233,-4.825043,-3.229358,2220.735014,181.020978,12:00,6.63587,0.97803,6.41101,-8.81012,25.34612,0.42701,1.44787,-1.95865,81.29931,-6.634215,-3.152229,0.420636,,,,,,,,,,,,-1.35339,15.20485,-0.74712,50,6.28474,7.39197,-131.33426,-11.18433,-2.30531,34.23659,-6.27497,BOC_EAG,GIT_YEL,HarringtonVillage,D1,ACC,20260516-HarringtonVillage-1,4ad1ced0-5155-11f1-878d-1580a01945d0,89.60822,,,9.72398,,,,,,,73f0cb14-48f0-42ce-85bb-8a4ada2a1c20,2026-05-16,18:30:18.92,2026-05-16T14:30:18.9252608-04:00,2026-05-16T18:30:18.9252608Z,,v3,227,100,26605,"Gonzalez, Cesar",831498,Right,BOC_EAG,62521703-5f84-49c7-99aa-2fed78b8c3d8,54.08115,-132.39387,17.1183,6.62789,-10.99012,-3.13749,-0.97701,7.46332,-1.15265,,,,,,,,,,,,,,,,,,,,,,,,,,,,,,,,,,,,,,,,,,,,,,,,,,,High,High,High,,,,,,192.092638,24.135436,2026.601602,0.912581,12:30,-0.441011,-0.224895,-0.868868,-24.747718,23.040389,-38.794111,171.183013,-2.394105,0.153145,-0.041773,-0.98732,2.422701,-8.80923,0.041773,-0.153145,0.98732,-2.422701,8.80923,-0.041773,0.153145,0.98732,-171.183013,2.394105,-0.153145,0.041773,-0.98732,,,
245,2026-05-16,14:30:41.17,7,3,"Hard, Sean",695717,Right,BOC_EAG,"Rogers, Drew",811441,Right,GIT_YEL,Undefined,6,Top,2,1,1,Slider,Slider,StrikeCalled,Undefined,Undefined,Undefined,0,0,,81.97242,-0.168171,-1.334014,2359.794392,73.732943,8:30,6.51134,1.34118,5.98863,-41.37758,0.35433,-3.57177,2.90731,-0.19303,74.77505,-7.811153,-1.97699,0.464949,,,,,,,,,,,,1.4165,0.70547,-1.2341,50,6.47575,2.91147,-119.00486,-1.69852,2.01299,24.76294,-31.1715,BOC_EAG,GIT_YEL,HarringtonVillage,D1,ACC,20260516-HarringtonVillage-1,581be850-5155-11f1-878d-1580a01945d0,81.06786,,,7.19737,,,,,,,73f0cb14-48f0-42ce-85bb-8a4ada2a1c20,2026-05-16,18:30:41.17,2026-05-16T14:30:41.1725312-04:00,2026-05-16T18:30:41.1725312Z,,v3,227,100,26605,"Gonzalez, Cesar",831498,Right,BOC_EAG,4621c2d1-2880-4f56-9329-4ed5fa461a1f,54.50837,-119.93931,12.38147,6.51765,-0.52224,-15.58575,-1.34254,2.83551,1.00649,,,,,,,,,,,,,,,,,,,,,,,,,,,,,,,,,,,,,,,,,,,,,,,,,,,High,High,High,,,,,,142.651967,84.397319,230.385458,0.097629,10:45,-0.996929,0.056306,-0.054417,85.506674,-24.961374,63.988753,157.666906,-10.727751,0.373349,-0.186143,-0.908824,11.575057,-21.922327,0.186143,-0.373349,0.908824,-11.575057,21.922327,-0.186143,0.373349,0.908824,-157.666906,10.727751,-0.373349,0.186143,-0.908824,,,
246,2026-05-16,14:31:02.81,7,4,"Hard, Sean",695717,Right,BOC_EAG,"Rogers, Drew",811441,Right,GIT_YEL,Undefined,6,Top,2,1,2,Slider,Slider,FoulBallNotFieldable,Undefined,Undefined,Undefined,0,0,,82.77077,0.072968,-1.480937,2408.060812,84.036782,8:45,6.60278,1.34744,5.79029,-40.26986,0.86957,-4.54185,3.31486,-0.40899,75.62034,-7.339912,-2.295062,0.461637,66.46572,31.564106,162.969987,4230.0963,,,,,45.57295,,,1.88512,0.80059,-1.22273,50,6.58459,3.28568,-120.17293,-1.19527,2.73818,24.75236,-31.01117,BOC_EAG,GIT_YEL,HarringtonVillage,D1,ACC,20260516-HarringtonVillage-1,65028510-5155-11f1-878d-1580a01945d0,81.64951,24.51457,,7.15043,,,,0.90418,3.33531,0.40926,73f0cb14-48f0-42ce-85bb-8a4ada2a1c20,2026-05-16,18:31:02.81,2026-05-16T14:31:02.8197376-04:00,2026-05-16T18:31:02.8197376Z,,v3,227,100,26605,"Gonzalez, Cesar",831498,Right,BOC_EAG,d36127d7-11b5-4fd2-97d4-14d10aeb5716,54.70861,-121.13889,12.37618,6.60762,0.01495,-15.50558,-1.34887,3.17882,1.36909,326.671549,0.90418,-79.41871,4.66958,0.53295,-0.11407,-0.25658,0.7364,-0.87516,0.41533,3.33531,51.02759,-26.91142,3.10836,-0.44749,-0.69042,1.81049,-2.1323,1.0103,0.40926,24.3262,-6.57293,1.2375,-0.15035,-0.43178,1.06564,-1.25146,0.59271,,,,,,,,,,,,,,,,,,,,,,,High,High,High,High,Undefined,,,,163.686101,85.855513,174.035065,0.072272,11:30,-0.998818,0.021571,-0.043563,90.0431,-40.293873,63.380986,158.567141,-14.100238,0.354401,-0.243619,-0.902801,15.101458,-20.756751,0.243619,-0.354401,0.902801,-15.101458,20.756751,-0.243619,0.354401,0.902801,-158.567141,14.100238,-0.354401,0.243619,-0.902801,68.58505,7.90095,-1.616
247,2026-05-16,14:31:27.84,7,5,"Hard, Sean",695717,Right,BOC_EAG,"Rogers, Drew",811441,Right,GIT_YEL,Undefined,6,Top,2,1,2,Slider,Slider,StrikeSwinging,Strikeout,Undefined,Undefined,0,0,,84.23532,-2.11295,-1.330612,2390.809956,140.475329,10:45,6.49799,1.45828,6.20776,-33.04466,5.93709,-3.87851,1.79268,-0.09325,77.41147,-8.237172,-2.031872,0.449368,,,,,,,,,,,,1.63248,4.06366,-1.35657,50,6.3229,2.98884,-122.331,-5.5417,2.46796,24.66202,-26.03067,BOC_EAG,GIT_YEL,HarringtonVillage,D1,ACC,20260516-HarringtonVillage-1,73eb0c50-5155-11f1-878d-1580a01945d0,83.87877,,,6.82385,,,,,,,73f0cb14-48f0-42ce-85bb-8a4ada2a1c20,2026-05-16,18:31:27.84,2026-05-16T14:31:27.8471680-04:00,2026-05-16T18:31:27.8471680Z,,v3,227,100,26605,"Gonzalez, Cesar",831498,Right,BOC_EAG,8ce63dde-1ba4-4217-ab25-5b12f90be545,54.2905,-123.19293,12.33101,6.50068,-4.63193,-13.01534,-1.45952,2.90258,1.23398,,,,,,,,,,,,,,,,,,,,,,,,,,,,,,,,,,,,,,,,,,,,,,,,,,,High,High,High,,,,,,194.571742,74.050276,656.97967,0.274794,12:30,-0.964218,-0.104539,-0.24363,75.563782,-31.234989,56.405881,136.523464,-17.19183,0.657315,-0.295572,-0.693234,23.091774,-41.095451,0.295572,-0.657315,0.693234,-23.091774,41.095451,-0.295572,0.657315,0.693234,-136.523464,17.19183,-0.657315,0.295572,-0.693234,,,
248,2026-05-16,14:33:59.70,1,1,"Underwood, Cooper",834235,Left,GIT_YEL,"Gonzalez, Cesar",831498,Right,BOC_EAG,Undefined,6,Bottom,0,0,0,Slider,Curveball,FoulBallNotFieldable,Undefined,Undefined,Undefined,0,0,,77.64415,1.209707,1.182831,2500.938311,284.588342,3:30,5.7801,-2.41543,5.06795,-49.36696,-0.80669,9.7869,2.80718,-0.48446,70.26069,-7.777237,2.913449,0.501547,62.90661,36.990342,154.81794,4498.691314,-101.74604,27.81743,41.80595,151.55648,45.7396,158.998093,2.493633,-4.4667,-0.28791,2.29501,50,5.8561,-2.72324,-112.45555,0.64235,-5.62459,23.56303,-32.53659,BOC_EAG,GIT_YEL,HarringtonVillage,D1,ACC,20260516-HarringtonVillage-1,ce752610-5155-11f1-878d-1580a01945d0,75.15232,33.13546,,7.38347,,,,0.17739,2.59586,0.41839,73f0cb14-48f0-42ce-85bb-8a4ada2a1c20,2026-05-16,18:33:59.70,2026-05-16T14:33:59.7033984-04:00,2026-05-16T18:33:59.7033984Z,Popup,v3,227,100,26605,"Rogers, Drew",811441,Right,GIT_YEL,86b6fd73-f4eb-4631-b903-015f78f8a028,55.42929,-113.58747,11.78152,5.7877,2.20533,-16.2683,2.41934,-2.45305,-2.8123,342.162531,0.17751,-66.6975,2.81858,0.41336,0.32751,-0.39512,0.20558,-0.05079,0.0048,2.59585,55.51123,-28.27455,3.20462,-0.46785,-0.00166,0.01951,-0.00158,-0.00026,0.4183,31.36091,-4.50232,0.51701,-0.32372,0.24246,-0.1202,0.03014,-0.00291,,,,,,,,,,,,,,,,,,,,,,,High,High,High,High,Low,,,,335.42213,-70.69544,826.78398,0.33059,5:15,0.934255,-0.157396,0.319991,28.418987,-5.391318,-30.16306,96.774294,65.901097,0.405462,0.912842,-0.048164,86.979723,23.920104,0.912842,0.405462,0.048164,-86.979723,-23.920104,-0.912842,-0.405462,0.048164,-96.774294,-65.901097,-0.405462,-0.912842,-0.048164,,,
249,2026-05-16,14:34:18.30,1,2,"Underwood, Cooper",834235,Left,GIT_YEL,"Gonzalez, Cesar",831498,Right,BOC_EAG,Undefined,6,Bottom,0,0,1,Curveball,Curveball,BallCalled,Undefined,Undefined,Undefined,0,0,,76.17948,2.46195,0.105333,2584.704645,297.541948,4:00,5.92468,-2.27028,5.2433,-57.82759,-6.76217,17.00166,3.42088,-0.75448,67.71787,-8.124813,3.122091,0.514322,,,,,,,,,,,,-8.29406,-3.52847,2.24797,50,6.10924,-0.90984,-110.10202,2.72188,-9.82452,25.92201,-36.35362,BOC_EAG,GIT_YEL,HarringtonVillage,D1,ACC,20260516-HarringtonVillage-1,d9886260-5155-11f1-878d-1580a01945d0,73.28573,,,8.46161,,,,,,,73f0cb14-48f0-42ce-85bb-8a4ada2a1c20,2026-05-16,18:34:18.30,2026-05-16T14:34:18.3021568-04:00,2026-05-16T18:34:18.3021568Z,,v3,227,100,26605,"Rogers, Drew",811441,Right,GIT_YEL,aab6e957-90a1-4612-b9be-b845f9721d7b,55.25095,-111.33142,12.96101,5.93926,4.44602,-18.17681,2.28007,-0.44389,-4.91226,,,,,,,,,,,,,,,,,,,,,,,,,,,,,,,,,,,,,,,,,,,,,,,,,,,High,High,High,,,,,,333.197828,-57.650259,1383.039149,0.535086,5:00,0.832774,-0.277343,0.479133,10.421476,60.128411,-54.775992,138.13474,-3.637207,0.666037,-0.063439,-0.743216,4.878762,-41.761919,0.063439,-0.666037,0.743216,-4.878762,41.761919,-0.063439,0.666037,0.743216,-138.13474,3.637207,-0.666037,0.063439,-0.743216,,,
250,2026-05-16,14:34:33.99,1,3,"Underwood, Cooper",834235,Left,GIT_YEL,"Gonzalez, Cesar",831498,Right,BOC_EAG,Undefined,6,Bottom,0,1,1,Curveball,Curveball,FoulBallNotFieldable,Undefined,Undefined,Undefined,0,0,,76.45982,1.557438,1.403478,2614.929173,295.321316,3:45,5.84381,-2.17111,5.27875,-57.77613,-6.79906,18.98867,2.49265,0.72966,67.76814,-9.017082,4.774056,0.513877,100.98956,16.2474,-50.255075,3571.029757,64.82478,21.28975,-88.86863,218.78689,187.86585,-58.496951,2.062776,-8.91756,-3.43977,2.02845,50,5.9441,-3.46701,-110.48979,1.03998,-10.54079,27.70432,-36.23994,BOC_EAG,GIT_YEL,HarringtonVillage,D1,ACC,20260516-HarringtonVillage-1,e2e62680-5155-11f1-878d-1580a01945d0,73.3492,21.38564,,8.69168,,,,1.95652,2.55829,-0.65579,73f0cb14-48f0-42ce-85bb-8a4ada2a1c20,2026-05-16,18:34:33.99,2026-05-16T14:34:33.9976704-04:00,2026-05-16T18:34:33.9976704Z,LineDrive,v3,227,100,26605,"Rogers, Drew",811441,Right,GIT_YEL,5fcf879d-c1c1-4c43-9114-40f9b688d083,55.2173,-111.79033,13.85216,5.85535,2.7412,-18.11997,2.17959,-2.97219,-5.2704,,1.9565,90.92178,-27.43807,7.44219,-2.17389,0.78145,-0.30178,0.08029,-0.00942,2.55829,41.44095,-25.28088,3.20486,-0.66744,0.10947,-0.00173,-0.00472,0.00085,-0.65579,-109.33878,11.33579,-1.03604,-0.1002,0.15069,-0.07833,0.02307,-0.00283,,,,,,,,,,,,,,,,,,,,,,,High,High,High,Medium,Medium,,,,329.326083,-54.176797,1530.481642,0.585286,5:00,0.789842,-0.320512,0.522898,6.998907,58.01293,-59.689117,141.562692,-4.925569,0.619362,-0.085862,-0.780396,6.278601,-38.269575,0.085862,-0.619362,0.780396,-6.278601,38.269575,-0.085862,0.619362,0.780396,-141.562692,4.925569,-0.619362,0.085862,-0.780396,67.66489,15.38752,-35.85751
251,2026-05-16,14:34:56.58,1,4,"Underwood, Cooper",834235,Left,GIT_YEL,"Gonzalez, Cesar",831498,Right,BOC_EAG,Undefined,6,Bottom,0,1,2,Fastball,Four-Seam,InPlay,Undefined,GroundBall,Out,1,0,,88.97444,-1.12778,2.215141,2295.314983,147.859405,11:00,6.04662,-1.91807,5.78935,-18.0993,17.59265,-10.28902,3.48829,-0.71379,80.70778,-4.570838,0.373477,0.429988,95.77055,-4.886815,10.761025,1743.740235,,,,29.00136,27.44275,12.472685,0.213442,5.8939,9.65756,1.7418,50,5.94299,-4.54663,-129.04022,-3.08176,9.86664,28.64909,-16.00692,BOC_EAG,GIT_YEL,HarringtonVillage,D1,ACC,20260516-HarringtonVillage-1,f04cc8b0-5155-11f1-878d-1580a01945d0,87.65924,3.44678,,8.26666,,,,-0.06817,3.44678,0.68825,73f0cb14-48f0-42ce-85bb-8a4ada2a1c20,2026-05-16,18:34:56.58,2026-05-16T14:34:56.5828096-04:00,2026-05-16T18:34:56.5828096Z,GroundBall,v3,227,100,26605,"Rogers, Drew",811441,Right,GIT_YEL,1e80933e-060c-4496-8c92-77871f9b22fb,54.70734,-130.08113,14.32455,6.04439,-2.50018,-8.00346,1.9135,-4.90511,4.93332,325.118347,-0.0667,137.4006,-20.74156,,,,,,,3.44798,-12.0405,-19.29853,,,,,,,0.68806,26.1433,-0.0969,,,,,,,,,,,,,,,,,,,,,,,,,,,,,High,High,High,High,High,,,,143.850279,-22.844198,2115.279543,0.921564,10:45,0.405932,0.551164,-0.728998,51.473755,4.385897,-43.639194,178.226556,8.650881,0.030595,0.150413,-0.98815,8.654964,1.753262,0.150413,0.030595,0.98815,-8.654964,-1.753262,-0.150413,-0.030595,0.98815,-178.226556,-8.650881,-0.030595,-0.150413,-0.98815,,,
252,2026-05-16,14:35:33.39,2,1,"Underwood, Cooper",834235,Left,GIT_YEL,"Williams, Ben",831962,Right,BOC_EAG,Undefined,6,Bottom,1,0,0,Cutter,Slider,BallCalled,Undefined,Undefined,Undefined,0,0,,80.37361,1.440384,0.587007,2409.505916,252.719654,2:30,5.7,-2.25488,5.1567,-39.98671,4.11288,9.16591,3.72398,-0.93848,74.15787,-5.838536,2.209711,0.477957,,,,,,,,,,,,-4.41457,2.08091,2.19276,50,5.80382,-1.57573,-116.7282,1.51549,-6.14312,20.20665,-29.27835,BOC_EAG,GIT_YEL,HarringtonVillage,D1,ACC,20260516-HarringtonVillage-1,064d1bb0-5156-11f1-878d-1580a01945d0,78.86159,,,6.21573,,,,,,,73f0cb14-48f0-42ce-85bb-8a4ada2a1c20,2026-05-16,18:35:33.39,2026-05-16T14:35:33.3935104-04:00,2026-05-16T18:35:33.3935104Z,,v3,227,100,26605,"Rogers, Drew",811441,Right,GIT_YEL,2b4bc096-d1ab-4d79-89e9-9fe998ebabbf,55.34258,-117.64941,10.10332,5.7043,2.85028,-14.63917,2.25822,-1.29567,-3.07156,,,,,,,,,,,,,,,,,,,,,,,,,,,,,,,,,,,,,,,,,,,,,,,,,,,High,High,High,,,,,,336.376619,-75.957832,584.632725,0.242636,5:15,0.965039,-0.121585,0.232202,45.767638,-2.95381,-21.31503,92.550735,17.23205,0.954166,0.296242,-0.042506,81.834641,72.585856,0.296242,0.954166,0.042506,-81.834641,-72.585856,-0.296242,-0.954166,0.042506,-92.550735,-17.23205,-0.954166,-0.296242,-0.042506,,,
253,2026-05-16,14:35:46.66,2,2,"Underwood, Cooper",834235,Left,GIT_YEL,"Williams, Ben",831962,Right,BOC_EAG,Undefined,6,Bottom,1,1,0,Sweeper,Slider,StrikeCalled,Undefined,Undefined,Undefined,0,0,,79.23372,0.862519,0.122944,2495.394843,269.282554,3:00,5.72516,-2.19864,5.18799,-44.13369,1.62047,13.68127,2.85885,-0.94287,72.59483,-7.17364,2.548703,0.48684,,,,,,,,,,,,-6.77969,1.00878,2.17645,50,5.77183,-0.8075,-114.99711,0.18107,-9.05742,21.79122,-30.82633,BOC_EAG,GIT_YEL,HarringtonVillage,D1,ACC,20260516-HarringtonVillage-1,0e324990-5156-11f1-878d-1580a01945d0,77.42257,,,6.63889,,,,,,,73f0cb14-48f0-42ce-85bb-8a4ada2a1c20,2026-05-16,18:35:46.66,2026-05-16T14:35:46.6683904-04:00,2026-05-16T18:35:46.6683904Z,,v3,227,100,26605,"Rogers, Drew",811441,Right,GIT_YEL,b69f773a-aece-479c-8191-23beaced09f2,55.31095,-115.99914,10.89561,5.73092,1.59855,-15.41317,2.20401,-0.39101,-4.52871,,,,,,,,,,,,,,,,,,,,,,,,,,,,,,,,,,,,,,,,,,,,,,,,,,,High,High,High,,,,,,331.654744,-69.840812,859.986977,0.34463,5:00,0.935516,-0.177737,0.305318,46.324624,-11.033869,-27.401078,96.637221,16.194563,0.953884,0.2789,-0.110996,68.298515,72.531854,0.2789,0.953884,0.110996,-68.298515,-72.531854,-0.2789,-0.953884,0.110996,-96.637221,-16.194563,-0.953884,-0.2789,-0.110996,,,
254,2026-05-16,14:36:01.24,2,3,"Underwood, Cooper",834235,Left,GIT_YEL,"Williams, Ben",831962,Right,BOC_EAG,Undefined,6,Bottom,1,1,1,Fastball,Four-Seam,BallCalled,Undefined,Undefined,Undefined,0,0,,89.69317,-2.311475,1.335763,2238.134468,147.406268,11:00,5.96457,-2.042,5.69839,-19.33336,16.06316,-9.46804,2.19774,-1.58604,81.2013,-5.963046,-0.357905,0.428205,,,,,,,,,,,,5.19992,9.23642,1.93577,50,5.75863,-2.61015,-129.98078,-5.85559,8.79749,30.06066,-16.54737,BOC_EAG,GIT_YEL,HarringtonVillage,D1,ACC,20260516-HarringtonVillage-1,16e4d990-5156-11f1-878d-1580a01945d0,88.0243,,,8.49187,,,,,,,73f0cb14-48f0-42ce-85bb-8a4ada2a1c20,2026-05-16,18:36:01.24,2026-05-16T14:36:01.2493312-04:00,2026-05-16T18:36:01.2493312Z,,v3,227,100,26605,"Rogers, Drew",811441,Right,GIT_YEL,1832a0d1-1ad4-44fe-ab8d-395c90215c37,54.79723,-131.08555,15.03033,5.96265,-5.24746,-8.27369,2.03763,-2.93347,4.39875,,,,,,,,,,,,,,,,,,,,,,,,,,,,,,,,,,,,,,,,,,,,,,,,,,,High,High,High,,,,,,139.659945,-18.147021,2126.81066,0.95026,10:45,0.3032,0.627186,-0.717431,49.086011,1.007894,-30.229702,177.617625,5.037613,0.041408,0.08781,-0.995276,5.041948,2.373167,0.08781,0.041408,0.995276,-5.041948,-2.373167,-0.08781,-0.041408,0.995276,-177.617625,-5.037613,-0.041408,-0.08781,-0.995276,,,
255,2026-05-16,14:36:15.89,2,4,"Underwood, Cooper",834235,Left,GIT_YEL,"Williams, Ben",831962,Right,BOC_EAG,Undefined,6,Bottom,1,2,1,Curveball,Slider,BallCalled,Undefined,Undefined,Undefined,0,0,,79.19914,-0.967966,0.932781,2488.628169,298.877762,4:00,5.72922,-2.24126,4.96176,-54.63342,-7.97611,17.32359,0.26178,0.08365,72.57381,-10.767749,3.999586,0.491622,,,,,,,,,,,,-8.40993,-3.35181,2.13571,50,5.59,-2.57039,-114.84145,-3.92903,-11.07085,24.10261,-36.58639,BOC_EAG,GIT_YEL,HarringtonVillage,D1,ACC,20260516-HarringtonVillage-1,1f9d35f0-5156-11f1-878d-1580a01945d0,76.66957,,,6.62533,,,,,,,73f0cb14-48f0-42ce-85bb-8a4ada2a1c20,2026-05-16,18:36:15.89,2026-05-16T14:36:15.8986752-04:00,2026-05-16T18:36:15.8986752Z,,v3,227,100,26605,"Rogers, Drew",811441,Right,GIT_YEL,c2ebf0c3-239f-484d-bb2c-e7d51d39a9ac,55.54025,-115.99839,12.05131,5.73645,-2.17285,-18.2932,2.24633,-2.03898,-5.53542,,,,,,,,,,,,,,,,,,,,,,,,,,,,,,,,,,,,,,,,,,,,,,,,,,,High,High,High,,,,,,335.031283,-61.138486,1201.246411,0.482694,5:15,0.871866,-0.188932,0.451834,30.297429,-12.54985,-39.05513,93.304959,61.093354,0.48258,0.875408,-0.027867,88.176692,28.854041,0.875408,0.48258,0.027867,-88.176692,-28.854041,-0.875408,-0.48258,0.027867,-93.304959,-61.093354,-0.48258,-0.875408,-0.027867,,,
256,2026-05-16,14:36:32.73,2,5,"Underwood, Cooper",834235,Left,GIT_YEL,"Williams, Ben",831962,Right,BOC_EAG,Undefined,6,Bottom,1,3,1,Fastball,Four-Seam,BallCalled,Walk,Undefined,Undefined,0,0,,87.77782,-3.169558,3.659483,2202.55568,162.528081,11:30,5.85811,-2.00803,5.91014,-20.13966,16.22761,-4.74418,1.22893,0.99783,80.56318,-6.943163,2.810117,0.434037,,,,,,,,,,,,3.44414,9.54776,1.71684,50,5.59161,-7.93812,-127.12656,-7.6677,5.64641,25.62135,-16.52115,BOC_EAG,GIT_YEL,HarringtonVillage,D1,ACC,20260516-HarringtonVillage-1,29a1e870-5156-11f1-878d-1580a01945d0,86.84151,,,7.21464,,,,,,,73f0cb14-48f0-42ce-85bb-8a4ada2a1c20,2026-05-16,18:36:32.73,2026-05-16T14:36:32.7386624-04:00,2026-05-16T18:36:32.7386624Z,,v3,227,100,26605,"Rogers, Drew",811441,Right,GIT_YEL,b091ba75-056e-4b29-a600-8426e0dafea2,54.5887,-128.04803,12.81067,5.85669,-7.07351,-8.26058,2.00599,-8.14119,2.82321,,,,,,,,,,,,,,,,,,,,,,,,,,,,,,,,,,,,,,,,,,,,,,,,,,,High,High,High,,,,,,139.542542,-31.118059,1885.617252,0.856104,10:45,0.525885,0.583237,-0.619096,70.230807,7.926138,-41.841254,174.648904,-18.100057,0.088644,-0.310677,-0.946373,18.174086,-5.085583,0.310677,-0.088644,0.946373,-18.174086,5.085583,-0.310677,0.088644,0.946373,-174.648904,18.100057,-0.088644,0.310677,-0.946373,,,
257,2026-05-16,14:37:24.24,3,1,"Underwood, Cooper",834235,Left,GIT_YEL,"DeShazo, Owen",703506,Right,BOC_EAG,Undefined,6,Bottom,1,0,0,Curveball,Curveball,FoulBallNotFieldable,Undefined,Undefined,Undefined,0,0,,78.09329,1.338137,2.321293,2565.517408,336.634127,5:15,5.83282,-2.33124,5.01067,-61.36184,-13.67516,6.57225,1.98362,0.40862,71.63691,-9.690829,3.482794,0.497016,,,,,,,,,,,,-2.5937,-6.88559,2.10277,50,5.91072,-4.85362,-113.23958,0.42391,-3.3409,22.224,-41.04331,BOC_EAG,GIT_YEL,HarringtonVillage,D1,ACC,20260516-HarringtonVillage-1,485b0d00-5156-11f1-878d-1580a01945d0,75.83754,,,6.45638,,,,,,,73f0cb14-48f0-42ce-85bb-8a4ada2a1c20,2026-05-16,18:37:24.24,2026-05-16T14:37:24.2403328-04:00,2026-05-16T18:37:24.2403328Z,,v3,227,100,26605,"Rogers, Drew",811441,Right,GIT_YEL,7b572a04-86d2-4518-9cb7-7eaffd6f2e8b,55.49221,-114.31239,11.112,5.84243,2.40515,-20.52166,2.33317,-4.69235,-1.67045,,,,,,,,,,,,,,,,,,,,,,,,,,,,,,,,,,,,,,,,,,,,,,,,,,,High,High,High,,,,,,336.674426,-66.131145,1038.122638,0.404645,5:15,0.894686,-0.181533,0.408145,49.717385,42.922106,32.496863,170.626845,11.720085,0.159468,0.203131,-0.966079,11.874208,9.176034,0.203131,0.159468,0.966079,-11.874208,-9.176034,-0.203131,-0.159468,0.966079,-170.626845,-11.720085,-0.159468,-0.203131,-0.966079,,,
258,2026-05-16,14:37:48.42,3,2,"Underwood, Cooper",834235,Left,GIT_YEL,"DeShazo, Owen",703506,Right,BOC_EAG,Undefined,6,Bottom,1,0,1,Sweeper,Slider,StrikeSwinging,Undefined,Undefined,Undefined,0,0,,78.91788,-0.763933,1.205315,2602.025519,290.997504,3:45,5.73748,-2.53411,5.30382,-49.46546,-4.0278,13.7695,0.89802,-0.25501,73.59234,-9.675588,3.655377,0.485154,,,,,,,,,,,,-6.69319,-1.55276,2.41401,50,5.63139,-2.94094,-114.72807,-3.23876,-8.99122,19.66099,-34.25993,BOC_EAG,GIT_YEL,HarringtonVillage,D1,ACC,20260516-HarringtonVillage-1,56cba520-5156-11f1-878d-1580a01945d0,77.69173,,,5.32554,,,,,,,73f0cb14-48f0-42ce-85bb-8a4ada2a1c20,2026-05-16,18:37:48.42,2026-05-16T14:37:48.4235776-04:00,2026-05-16T18:37:48.4235776Z,,v3,227,100,26605,"Rogers, Drew",811441,Right,GIT_YEL,5ef1be73-7c16-427d-b7b1-450e4cab6d2d,55.1993,-115.61565,9.8305,5.74269,-1.69213,-17.12997,2.53761,-2.53505,-4.49561,,,,,,,,,,,,,,,,,,,,,,,,,,,,,,,,,,,,,,,,,,,,,,,,,,,High,High,High,,,,,,339.983884,-71.685966,817.621451,0.314225,5:15,0.944277,-0.094887,0.315177,39.443978,-2.477952,-24.99507,92.057022,65.313867,0.417378,0.908609,-0.014991,89.054768,24.669163,0.908609,0.417378,0.014991,-89.054768,-24.669163,-0.908609,-0.417378,0.014991,-92.057022,-65.313867,-0.417378,-0.908609,-0.014991,,,
259,2026-05-16,14:38:09.17,3,3,"Underwood, Cooper",834235,Left,GIT_YEL,"DeShazo, Owen",703506,Right,BOC_EAG,Undefined,6,Bottom,1,0,2,Sweeper,Curveball,FoulBallNotFieldable,Undefined,Undefined,Undefined,0,0,,78.67207,0.534658,1.281093,2567.88251,284.9544,3:30,5.75338,-2.3636,5.12623,-47.38672,-1.71953,10.8006,2.30819,-0.25676,73.58726,-8.000706,3.19359,0.486378,,,,,,,,,,,,-5.12044,-0.64839,2.23447,50,5.76627,-2.98654,-114.41637,-0.61172,-6.90398,17.72106,-33.0483,BOC_EAG,GIT_YEL,HarringtonVillage,D1,ACC,20260516-HarringtonVillage-1,6338f330-5156-11f1-878d-1580a01945d0,77.49624,,,5.08482,,,,,,,73f0cb14-48f0-42ce-85bb-8a4ada2a1c20,2026-05-16,18:38:09.17,2026-05-16T14:38:09.1706880-04:00,2026-05-16T18:38:09.1706880Z,,v3,227,100,26605,"Rogers, Drew",811441,Right,GIT_YEL,a790f5b5-c4bf-434b-9491-93dd79bf7267,55.37623,-115.24604,8.86053,5.75869,0.93555,-16.52415,2.36673,-2.6633,-3.45199,,,,,,,,,,,,,,,,,,,,,,,,,,,,,,,,,,,,,,,,,,,,,,,,,,,High,High,High,,,,,,343.160989,-73.140507,744.751847,0.290026,5:30,0.949748,-0.092942,0.298899,36.142149,-16.094944,-21.897753,97.739445,13.644439,0.962926,0.235896,-0.130868,60.979828,74.349705,0.235896,0.962926,0.130868,-60.979828,-74.349705,-0.235896,-0.962926,0.130868,-97.739445,-13.644439,-0.962926,-0.235896,-0.130868,,,
260,2026-05-16,14:38:32.59,3,4,"Underwood, Cooper",834235,Left,GIT_YEL,"DeShazo, Owen",703506,Right,BOC_EAG,Undefined,6,Bottom,1,0,2,Curveball,Curveball,FoulBallNotFieldable,Undefined,Undefined,Undefined,0,0,,77.21464,1.534981,2.061725,2504.899609,336.644142,5:15,5.94534,-2.10258,5.33329,-62.88641,-14.08839,6.84508,2.14625,0.40305,69.98074,-9.872231,3.27915,0.502774,,,,,,,,,,,,-2.75288,-7.19493,1.91114,50,6.0383,-4.29361,-111.87603,0.82984,-3.4136,24.24994,-41.09585,BOC_EAG,GIT_YEL,HarringtonVillage,D1,ACC,20260516-HarringtonVillage-1,711b7c20-5156-11f1-878d-1580a01945d0,74.969,,,7.2339,,,,,,,73f0cb14-48f0-42ce-85bb-8a4ada2a1c20,2026-05-16,18:38:32.59,2026-05-16T14:38:32.5974528-04:00,2026-05-16T18:38:32.5974528Z,,v3,227,100,26605,"Rogers, Drew",811441,Right,GIT_YEL,f86b5f16-5097-49f2-9da8-d030e88633c7,55.16793,-112.99066,12.12497,5.95675,2.71878,-20.54793,2.10488,-4.13671,-1.7068,,,,,,,,,,,,,,,,,,,,,,,,,,,,,,,,,,,,,,,,,,,,,,,,,,,High,High,High,,,,,,337.139155,-52.090346,1539.055778,0.614418,5:15,0.761429,-0.259747,0.593934,61.976743,0.266556,45.390406,168.618928,20.307008,0.185069,0.34705,-0.919405,20.680155,10.665128,0.34705,0.185069,0.919405,-20.680155,-10.665128,-0.34705,-0.185069,0.919405,-168.618928,-20.307008,-0.185069,-0.34705,-0.919405,,,
261,2026-05-16,14:39:06.89,3,5,"Underwood, Cooper",834235,Left,GIT_YEL,"DeShazo, Owen",703506,Right,BOC_EAG,Undefined,6,Bottom,1,0,2,Curveball,Curveball,FoulBallNotFieldable,Undefined,Undefined,Undefined,0,0,,76.36016,2.135394,0.801041,2545.371195,318.948582,4:45,5.7143,-2.38611,5.1409,-60.71263,-10.60288,10.79103,2.6667,-0.73256,69.17728,-8.872582,2.713366,0.509486,,,,,,,,,,,,-5.11709,-5.50461,2.3023,50,5.86723,-1.97594,-110.63239,2.00256,-6.22675,23.08299,-38.87237,BOC_EAG,GIT_YEL,HarringtonVillage,D1,ACC,20260516-HarringtonVillage-1,85909b40-5156-11f1-878d-1580a01945d0,73.98127,,,7.18288,,,,,,,73f0cb14-48f0-42ce-85bb-8a4ada2a1c20,2026-05-16,18:39:06.89,2026-05-16T14:39:06.8947456-04:00,2026-05-16T18:39:06.8947456Z,,v3,227,100,26605,"Rogers, Drew",811441,Right,GIT_YEL,e9399ba3-65c2-4d30-a0c2-69a0319c724b,55.35943,-111.74502,11.54149,5.72554,3.87625,-19.43619,2.39031,-1.6758,-3.11337,,,,,,,,,,,,,,,,,,,,,,,,,,,,,,,,,,,,,,,,,,,,,,,,,,,High,High,High,,,,,,333.063892,-56.934762,1388.738238,0.545594,5:00,0.821378,-0.278207,0.497935,61.645307,15.246841,27.374894,162.710104,26.705888,0.265502,0.449411,-0.852959,27.784055,15.396787,0.449411,0.265502,0.852959,-27.784055,-15.396787,-0.449411,-0.265502,0.852959,-162.710104,-26.705888,-0.265502,-0.449411,-0.852959,,,
262,2026-05-16,14:39:51.88,3,6,"Underwood, Cooper",834235,Left,GIT_YEL,"DeShazo, Owen",703506,Right,BOC_EAG,Undefined,6,Bottom,1,0,2,Sweeper,Slider,InPlay,Undefined,FlyBall,Out,1,0,,78.77604,2.113154,0.341501,2493.635908,287.755895,3:30,5.78381,-2.31401,5.10585,-51.76223,-3.99421,18.41166,3.46223,-0.45794,70.26698,-7.345596,3.598963,0.497439,94.19671,36.593898,-16.898601,3777.661313,103.93784,81.80007,-36.01276,313.69508,251.91638,-23.596923,5.69412,-9.01418,-2.23744,2.26664,50,5.94293,-1.44912,-113.92944,2.3576,-11.47906,26.99753,-35.02331,BOC_EAG,GIT_YEL,HarringtonVillage,D1,ACC,20260516-HarringtonVillage-1,a07d4e80-5156-11f1-878d-1580a01945d0,75.77296,109.76729,,8.50907,,,,1.71465,3.54014,0.47283,73f0cb14-48f0-42ce-85bb-8a4ada2a1c20,2026-05-16,18:39:51.88,2026-05-16T14:39:51.8897664-04:00,2026-05-16T18:39:51.8897664Z,FlyBall,v3,227,100,26605,"Rogers, Drew",811441,Right,GIT_YEL,def80800-aeba-4aab-abe4-08924c7ba3a0,55.39106,-115.19986,13.49876,5.79321,4.00568,-17.51165,2.32212,-0.90896,-5.73953,166.40753,1.72068,106.01878,-27.5012,6.95658,-1.22672,0.12842,-0.00434,-0.00036,3E-05,3.5367,82.4144,-16.7652,-0.16344,0.3926,-0.1426,0.03121,-0.00366,0.00017,0.47194,-32.22857,3.32224,-0.32247,-0.04981,0.02663,-0.00446,0.00032,-1E-05,,,,,,,,,,,,,,,,,,,,,,,High,High,High,Medium,Medium,,,,328.980766,-64.729695,1064.506328,0.426889,5:00,0.893381,-0.253182,0.371173,44.424486,-9.327473,-38.136079,95.308658,24.232272,0.907978,0.410437,-0.084369,78.384144,65.227369,0.410437,0.907978,0.084369,-78.384144,-65.227369,-0.410437,-0.907978,0.084369,-95.308658,-24.232272,-0.907978,-0.410437,-0.084369,77.19225,16.26301,-14.62364
263,2026-05-16,14:40:47.90,4,1,"Underwood, Cooper",834235,Left,GIT_YEL,"Solier, Julio",827632,Right,BOC_EAG,Undefined,6,Bottom,2,0,0,Fastball,Changeup,BallCalled,Undefined,Undefined,Undefined,0,0,,84.81117,-0.507957,2.361826,2239.515613,120.477881,10:00,5.62161,-2.43716,5.8322,-31.48813,7.49689,-10.6226,2.52504,-1.12577,77.59375,-6.344377,0.457734,0.449387,,,,,,,,,,,,6.07174,4.36103,2.25057,50,5.56168,-4.64343,-123.10352,-2.13337,9.30632,24.70745,-25.48975,BOC_EAG,GIT_YEL,HarringtonVillage,D1,ACC,20260516-HarringtonVillage-1,c1c00420-5156-11f1-878d-1580a01945d0,83.87531,,,7.21742,,,,,,,73f0cb14-48f0-42ce-85bb-8a4ada2a1c20,2026-05-16,18:40:47.90,2026-05-16T14:40:47.9069696-04:00,2026-05-16T18:40:47.9069696Z,,v3,227,100,26605,"Rogers, Drew",811441,Right,GIT_YEL,ed19b65f-f3ed-41c8-9b43-1d26bfcf53bd,54.66561,-124.03639,12.35373,5.62406,-1.17096,-12.74488,2.43253,-4.99481,4.65316,,,,,,,,,,,,,,,,,,,,,,,,,,,,,,,,,,,,,,,,,,,,,,,,,,,High,High,High,,,,,,118.486572,-37.708729,1771.748787,0.79113,10:00,0.620495,0.700743,-0.35206,-57.729973,51.682774,-84.902996,100.998116,-7.050429,0.974211,-0.122743,-0.189334,32.954819,-76.959507,0.122743,-0.974211,0.189334,-32.954819,76.959507,-0.122743,0.974211,0.189334,-100.998116,7.050429,-0.974211,0.122743,-0.189334,,,
264,2026-05-16,14:41:04.43,4,2,"Underwood, Cooper",834235,Left,GIT_YEL,"Solier, Julio",827632,Right,BOC_EAG,Undefined,6,Bottom,2,1,0,Sweeper,Slider,StrikeCalled,Undefined,Undefined,CaughtStealing,1,0,,80.46189,0.45683,0.797497,2440.201478,261.309542,2:45,5.69629,-2.32723,5.15794,-41.07998,3.60445,13.81158,2.70302,-0.42554,73.31955,-7.040297,3.243744,0.481116,,,,,,,,,,,,-6.61886,2.11728,2.24181,50,5.70773,-2.20513,-116.68151,-0.52748,-9.04952,23.64701,-29.27922,BOC_EAG,GIT_YEL,HarringtonVillage,D1,ACC,20260516-HarringtonVillage-1,cb9bd1e0-5156-11f1-878d-1580a01945d0,78.34382,,,7.14234,,,,,,,73f0cb14-48f0-42ce-85bb-8a4ada2a1c20,2026-05-16,18:41:04.43,2026-05-16T14:41:04.4310000-04:00,2026-05-16T18:41:04.4310000Z,,v3,227,100,26605,"Rogers, Drew",811441,Right,GIT_YEL,44b68f4a-f13f-463b-b48c-33935be3c859,55.33956,-117.75867,11.82351,5.70138,0.80623,-14.63961,2.33287,-1.79291,-4.52476,,,,,,,,,,,,,,,,,,,,,,,,,,,,,81.1308,1.999376,0.712755,1.286621,-0.44695,2.46777,0.31854,-1.69556,5.9648,1.79148,127.27902,1.45031,-0.00279,-1.47647,116.02485,-12.58564,5.96766,10.33506,-10.76967,1.76527,-2.82653,1.15063,High,High,High,,,High,High,High,337.663149,-73.9083,676.363981,0.277175,5:15,0.956288,-0.112998,0.269714,48.1644,-3.289153,-24.889691,94.857277,21.209173,0.928918,0.361774,-0.078939,77.691051,68.266752,0.361774,0.928918,0.078939,-77.691051,-68.266752,-0.361774,-0.928918,0.078939,-94.857277,-21.209173,-0.928918,-0.361774,-0.078939,,,
265,2026-05-16,14:43:26.41,1,1,"Hard, Sean",695717,Right,BOC_EAG,"Kerce, Carson",812668,Right,GIT_YEL,Undefined,7,Top,0,0,0,Fastball,Four-Seam,BallCalled,Undefined,Undefined,Undefined,0,0,,89.6633,-4.808906,-2.289987,2225.140937,175.223251,11:45,6.65634,0.95671,6.42682,-16.40776,17.93662,-1.40402,0.85502,-1.26623,82.12924,-7.926333,-2.544292,0.421793,,,,,,,,,,,,0.07969,11.05638,-0.79303,50,6.30502,5.24638,-129.77632,-11.34779,0.13572,27.54738,-13.34723,BOC_EAG,GIT_YEL,HarringtonVillage,D1,ACC,20260516-HarringtonVillage-1,204678d0-5157-11f1-878d-1580a01945d0,89.36239,,,7.53406,,,,,,,73f0cb14-48f0-42ce-85bb-8a4ada2a1c20,2026-05-16,18:43:26.41,2026-05-16T14:43:26.4188416-04:00,2026-05-16T18:43:26.4188416Z,,v3,227,100,26605,"Gonzalez, Cesar",831498,Right,BOC_EAG,42d84a14-45a2-4454-8df4-1c50dc71c082,54.06916,-130.63722,13.77369,6.65314,-10.93067,-6.67362,-0.95692,5.24215,0.06786,,,,,,,,,,,,,,,,,,,,,,,,,,,,,,,,,,,,,,,,,,,,,,,,,,,High,High,High,,,,,,194.205233,30.584497,1915.578733,0.86088,12:30,-0.522263,-0.253168,-0.814339,-32.34556,12.536048,-46.180273,179.899304,-1.191734,0.001757,-0.020798,-0.999782,1.191736,-0.100674,0.020798,-0.001757,0.999782,-1.191736,0.100674,-0.020798,0.001757,0.999782,-179.899304,1.191734,-0.001757,0.020798,-0.999782,,,
266,2026-05-16,14:43:43.83,1,2,"Hard, Sean",695717,Right,BOC_EAG,"Kerce, Carson",812668,Right,GIT_YEL,Undefined,7,Top,0,1,0,Slider,Slider,StrikeCalled,Undefined,Undefined,Undefined,0,0,,81.45724,-0.451735,-0.521603,2390.468096,58.90878,8:00,6.48553,1.42829,5.99269,-43.83849,-2.28984,-5.74111,2.41367,0.46648,75.62853,-8.487311,-1.556351,0.463927,,,,,,,,,,,,2.82642,-0.70205,-1.38405,50,6.42571,1.2934,-118.5154,-2.3572,4.05059,21.03497,-33.18018,BOC_EAG,GIT_YEL,HarringtonVillage,D1,ACC,20260516-HarringtonVillage-1,2aa86680-5157-11f1-878d-1580a01945d0,81.24646,,,5.82871,,,,,,,73f0cb14-48f0-42ce-85bb-8a4ada2a1c20,2026-05-16,18:43:43.83,2026-05-16T14:43:43.8354432-04:00,2026-05-16T18:43:43.8354432Z,,v3,227,100,26605,"Gonzalez, Cesar",831498,Right,BOC_EAG,86b7a84b-92ff-402a-867e-c73aed287f12,54.50835,-119.31289,10.51748,6.49123,-1.09925,-16.59009,-1.43017,1.13983,2.0253,,,,,,,,,,,,,,,,,,,,,,,,,,,,,,,,,,,,,,,,,,,,,,,,,,,High,High,High,,,,,,139.9782,87.994337,83.662238,0.034998,10:45,-0.999736,0.014627,-0.017701,92.868626,-18.712851,64.724711,156.534238,-4.006522,0.397228,-0.06987,-0.915056,4.366403,-23.404991,0.06987,-0.397228,0.915056,-4.366403,23.404991,-0.06987,0.397228,0.915056,-156.534238,4.006522,-0.397228,0.06987,-0.915056,,,
267,2026-05-16,14:43:56.88,1,3,"Hard, Sean",695717,Right,BOC_EAG,"Kerce, Carson",812668,Right,GIT_YEL,Undefined,7,Top,0,1,1,Fastball,Four-Seam,FoulBallNotFieldable,Undefined,Undefined,Undefined,0,0,,91.71983,-2.853119,-1.550992,2378.863923,185.909097,12:15,6.67263,0.88364,6.39131,-10.0013,22.82234,2.2465,3.21187,-0.35604,83.32668,-4.84653,-1.144281,0.412349,74.69213,41.525843,157.751977,3711.716221,,,,,46.37866,,,-1.63744,13.10536,-0.77321,50,6.46261,3.51299,-133.0957,-6.82235,-2.91674,30.42167,-8.82952,BOC_EAG,GIT_YEL,HarringtonVillage,D1,ACC,20260516-HarringtonVillage-1,325916e0-5157-11f1-878d-1580a01945d0,91.40908,37.17646,,8.39315,,,,1.13084,3.23566,0.3648,73f0cb14-48f0-42ce-85bb-8a4ada2a1c20,2026-05-16,18:43:56.88,2026-05-16T14:43:56.8857600-04:00,2026-05-16T18:43:56.8857600Z,,v3,227,100,26605,"Gonzalez, Cesar",831498,Right,BOC_EAG,53c8ad57-16f2-4118-9659-69da2a3d0fc8,54.10662,-134.03107,15.21084,6.6682,-6.55087,-4.41476,-0.8826,3.60267,-1.45837,327.089676,1.13084,-75.90831,1.89511,0.95247,-0.84647,2.58122,-5.7855,6.77229,-3.11944,3.23566,72.62602,-28.16318,3.40816,-1.43126,3.20087,-7.03873,8.15641,-3.71835,0.3648,31.05195,-7.38947,1.38684,-0.62494,1.49615,-3.32043,3.85026,-1.75605,,,,,,,,,,,,,,,,,,,,,,,High,High,High,High,Undefined,,,,191.526196,26.133643,2135.670509,0.897769,12:30,-0.454643,-0.201091,-0.867676,-26.707017,14.997103,-45.21448,176.959561,-0.999352,0.053033,-0.017441,-0.99844,1.00076,-3.039976,0.017441,-0.053033,0.99844,-1.00076,3.039976,-0.017441,0.053033,0.99844,-176.959561,0.999352,-0.053033,0.017441,-0.99844,,,
268,2026-05-16,14:44:14.73,1,4,"Hard, Sean",695717,Right,BOC_EAG,"Kerce, Carson",812668,Right,GIT_YEL,Undefined,7,Top,0,1,2,Fastball,Four-Seam,BallCalled,Undefined,Undefined,Undefined,0,0,,90.76649,-1.918308,-0.669644,2255.417242,187.446005,12:15,6.74699,0.81105,6.19792,-13.03583,21.34044,2.61028,3.88903,0.41038,80.8888,-4.50251,-0.198483,0.421989,,,,,,,,,,,,-1.5676,12.03339,-0.76185,50,6.59578,1.42184,-131.47374,-4.6759,-2.67256,34.62002,-11.6588,BOC_EAG,GIT_YEL,HarringtonVillage,D1,ACC,20260516-HarringtonVillage-1,3cfe2810-5157-11f1-878d-1580a01945d0,89.32097,,,9.87769,,,,,,,73f0cb14-48f0-42ce-85bb-8a4ada2a1c20,2026-05-16,18:44:14.73,2026-05-16T14:44:14.7310080-04:00,2026-05-16T18:44:14.7310080Z,,v3,227,100,26605,"Gonzalez, Cesar",831498,Right,BOC_EAG,7216db06-5ca6-4a86-80c5-00e744fa9c45,54.29359,-132.59952,17.31001,6.74166,-4.29678,-5.8294,-0.8095,1.50875,-1.33628,,,,,,,,,,,,,,,,,,,,,,,,,,,,,,,,,,,,,,,,,,,,,,,,,,,High,High,High,,,,,,191.741661,18.458629,2139.381713,0.948553,12:30,-0.320814,-0.20352,-0.925018,-16.260264,19.012903,-27.710747,172.969048,-3.111474,0.122225,-0.054279,-0.991017,3.135002,-7.020535,0.054279,-0.122225,0.991017,-3.135002,7.020535,-0.054279,0.122225,0.991017,-172.969048,3.111474,-0.122225,0.054279,-0.991017,,,
269,2026-05-16,14:44:33.75,1,5,"Hard, Sean",695717,Right,BOC_EAG,"Kerce, Carson",812668,Right,GIT_YEL,Undefined,7,Top,0,2,2,Slider,Slider,InPlay,Undefined,LineDrive,Triple,0,0,,83.25148,-0.839162,-1.410479,2422.118533,102.657001,9:30,6.58648,1.1115,6.01207,-37.67734,2.40441,-5.21335,2.66903,-0.62985,76.61385,-7.78596,-2.34929,0.455664,103.78658,23.767334,-9.513839,2618.240566,108.35085,47.11578,-18.9741,364.57685,364.57685,-11.746855,4.533953,2.30988,1.80839,-0.99793,50,6.49987,3.17568,-120.98513,-2.98519,3.42148,23.74345,-29.49536,BOC_EAG,GIT_YEL,HarringtonVillage,D1,ACC,20260516-HarringtonVillage-1,485cc540-5157-11f1-878d-1580a01945d0,82.7198,68.72155,,6.63763,,,,2.02451,2.79106,0.58872,73f0cb14-48f0-42ce-85bb-8a4ada2a1c20,2026-05-16,18:44:33.75,2026-05-16T14:44:33.7559040-04:00,2026-05-16T18:44:33.7559040Z,FlyBall,v3,227,100,26605,"Gonzalez, Cesar",831498,Right,BOC_EAG,7c26b1b3-f5a3-4127-bb39-212b9da23323,54.48801,-121.86272,11.87173,6.59006,-1.895,-14.74768,-1.11297,3.04922,1.71074,169.289948,2.02469,137.38776,-29.58195,7.23671,-1.46606,0.26715,-0.04235,0.00462,-0.00023,2.79108,61.34941,-14.37938,-0.12828,0.1214,-0.02479,0.00334,-4E-05,-3E-05,0.58901,-23.03286,2.16954,-0.24301,0.05109,-0.02049,0.00522,-0.00064,3E-05,,,,,,,,,,,,,,,,,,,,,,,High,High,High,High,High,,,,184.587496,80.536034,398.262367,0.164427,12:15,-0.989826,-0.027596,-0.139578,83.560394,-32.390559,64.932163,152.548269,-12.636118,0.449835,-0.218758,-0.865906,14.178265,-26.733118,0.218758,-0.449835,0.865906,-14.178265,26.733118,-0.218758,0.449835,0.865906,-152.548269,12.636118,-0.449835,0.218758,-0.865906,71.42756,14.25894,-7.37604
270,2026-05-16,14:45:23.84,2,1,"Hard, Sean",695717,Right,BOC_EAG,"Burress, Drew",806039,Right,GIT_YEL,Undefined,7,Top,0,0,0,Fastball,Four-Seam,StrikeCalled,Undefined,Undefined,Undefined,0,0,,90.56549,-3.473254,-1.668426,2264.873824,184.681338,12:15,6.60493,0.94717,6.4794,-13.73646,20.0147,1.54071,2.26573,-0.45686,82.04592,-6.149736,-1.388964,0.418134,,,,,,,,,,,,-1.31228,11.85213,-0.83043,50,6.35376,3.75921,-131.24627,-8.27166,-2.26438,30.56127,-11.72265,BOC_EAG,GIT_YEL,HarringtonVillage,D1,ACC,20260516-HarringtonVillage-1,6633ee40-5157-11f1-878d-1580a01945d0,90.14434,,,8.51957,,,,,,,73f0cb14-48f0-42ce-85bb-8a4ada2a1c20,2026-05-16,18:45:23.84,2026-05-16T14:45:23.8451712-04:00,2026-05-16T18:45:23.8451712Z,,v3,227,100,26605,"Gonzalez, Cesar",831498,Right,BOC_EAG,755ea01a-e2c0-46d5-8c05-8e66a8bf79d1,54.01506,-132.17789,15.28063,6.60047,-7.91431,-5.86133,-0.94608,3.82824,-1.13219,,,,,,,,,,,,,,,,,,,,,,,,,,,,,,,,,,,,,,,,,,,,,,,,,,,High,High,High,,,,,,191.456157,23.822055,2071.916231,0.914804,12:30,-0.418086,-0.205832,-0.884781,-26.814636,8.407098,-52.5971,177.690908,-0.413108,0.040289,-0.00721,-0.999162,0.413444,-2.309032,0.00721,-0.040289,0.999162,-0.413444,2.309032,-0.00721,0.040289,0.999162,-177.690908,0.413108,-0.040289,0.00721,-0.999162,,,
271,2026-05-16,14:45:42.41,2,2,"Hard, Sean",695717,Right,BOC_EAG,"Burress, Drew",806039,Right,GIT_YEL,Undefined,7,Top,0,0,1,Fastball,Four-Seam,StrikeSwinging,Undefined,Undefined,Undefined,0,0,,90.44844,-4.077792,-1.91202,2210.645399,181.299181,12:00,6.67882,0.73578,6.40399,-14.01001,19.9219,0.42472,1.75319,-0.98766,82.13627,-6.790041,-1.835108,0.419252,,,,,,,,,,,,-0.79961,11.94658,-0.59899,50,6.37928,4.35488,-130.97765,-9.6651,-1.37683,29.93741,-11.60382,BOC_EAG,GIT_YEL,HarringtonVillage,D1,ACC,20260516-HarringtonVillage-1,715449f0-5157-11f1-878d-1580a01945d0,89.90393,,,8.31217,,,,,,,73f0cb14-48f0-42ce-85bb-8a4ada2a1c20,2026-05-16,18:45:42.41,2026-05-16T14:45:42.4121856-04:00,2026-05-16T18:45:42.4121856Z,,v3,227,100,26605,"Gonzalez, Cesar",831498,Right,BOC_EAG,6b278da3-d04c-4f55-8546-cf6fd1650d17,54.09089,-131.90939,14.9687,6.67447,-9.30396,-5.80191,-0.73519,4.39773,-0.68842,,,,,,,,,,,,,,,,,,,,,,,,,,,,,,,,,,,,,,,,,,,,,,,,,,,High,High,High,,,,,,191.948396,17.163801,2112.194301,0.955465,12:30,-0.311323,-0.218295,-0.924892,-20.510001,7.903206,-46.450677,175.871245,-1.626537,0.071969,-0.028385,-0.997003,1.630767,-4.127089,0.028385,-0.071969,0.997003,-1.630767,4.127089,-0.028385,0.071969,0.997003,-175.871245,1.626537,-0.071969,0.028385,-0.997003,,,
272,2026-05-16,14:46:00.48,2,3,"Hard, Sean",695717,Right,BOC_EAG,"Burress, Drew",806039,Right,GIT_YEL,Undefined,7,Top,0,0,2,Slider,Slider,InPlay,Undefined,LineDrive,Double,0,1,,83.7812,-0.423969,-0.534245,2325.46691,95.792052,9:15,6.5878,1.20361,6.06803,-38.2412,1.54169,-2.12051,3.00866,0.5325,76.41763,-7.507402,-0.916702,0.453962,95.60732,18.874696,-32.044753,1321.743388,91.57664,29.92505,-60.93987,279.30701,256.21441,-36.772509,2.850867,0.93787,1.27854,-1.16108,50,6.53452,1.2158,-121.70773,-2.13178,1.39382,25.9413,-30.27395,BOC_EAG,GIT_YEL,HarringtonVillage,D1,ACC,20260516-HarringtonVillage-1,7c0ae750-5157-11f1-878d-1580a01945d0,83.02994,32.66155,,7.36357,,,,2.14822,3.16187,-0.59349,73f0cb14-48f0-42ce-85bb-8a4ada2a1c20,2026-05-16,18:46:00.48,2026-05-16T14:46:00.4884992-04:00,2026-05-16T18:46:00.4884992Z,LineDrive,v3,227,100,26605,"Gonzalez, Cesar",831498,Right,BOC_EAG,b0140f89-f479-444e-84ce-7d0e25e66e28,54.43105,-122.64854,12.97065,6.59193,-1.03384,-15.13698,-1.20426,1.16525,0.69691,,2.14819,112.47028,-21.40119,5.37267,-1.22615,0.26327,-0.0477,0.00576,-0.00032,3.16192,45.35807,-18.76375,1.14438,-0.09682,-0.01033,0.00452,-0.00034,-1E-05,-0.59349,-70.39906,6.87486,-1.41631,0.24449,-0.03962,0.00591,-0.00065,4E-05,,,,,,,,,,,,,,,,,,,,,,,High,High,High,Medium,High,,,,198.788122,78.082023,480.234923,0.206511,12:45,-0.979706,-0.073749,-0.186381,69.352625,-27.301825,74.895467,156.702383,-18.17971,0.375765,-0.311998,-0.872616,19.674207,-22.071578,0.311998,-0.375765,0.872616,-19.674207,22.071578,-0.311998,0.375765,0.872616,-156.702383,18.17971,-0.375765,0.311998,-0.872616,,,
273,2026-05-16,14:49:50.79,3,1,"Burnham, Jacob",831497,Left,BOC_EAG,"Advincula, Jarren",814181,Left,GIT_YEL,Undefined,7,Top,0,0,0,Curveball,Curveball,BallCalled,Undefined,Undefined,Undefined,0,0,,73.69897,-1.654132,2.767184,1845.649259,353.161286,5:45,6.4024,-1.5059,5.26198,-58.3344,-3.98776,0.73768,-0.01506,1.15729,66.62699,-12.210394,2.898454,0.530588,,,,,,,,,,,,0.6563,-0.89051,1.25183,50,6.20772,-5.17658,-106.53385,-4.96181,0.73033,23.70254,-33.16505,BOC_EAG,GIT_YEL,HarringtonVillage,D1,ACC,20260516-HarringtonVillage-1,055c1a10-5158-11f1-878d-1580a01945d0,71.03895,,,7.07198,,,,,,,73f0cb14-48f0-42ce-85bb-8a4ada2a1c20,2026-05-16,18:49:50.79,2026-05-16T14:49:50.7968000-04:00,2026-05-16T18:49:50.7968000Z,,v3,227,100,26605,"Gonzalez, Cesar",831498,Right,BOC_EAG,0593dae7-85d6-45fc-81c6-fed0b2f3b8bd,55.23594,-107.69248,11.85127,6.41064,-3.34063,-16.58253,1.50575,-5.21228,0.36517,,,,,,,,,,,,,,,,,,,,,,,,,,,,,,,,,,,,,,,,,,,,,,,,,,,High,High,High,,,,,,17.922702,-62.240138,859.642226,0.465767,6:30,0.85798,0.168816,0.485151,48.43702,31.007835,33.117341,153.008526,26.415445,0.406471,0.444877,-0.798039,29.138026,23.983369,0.444877,0.406471,0.798039,-29.138026,-23.983369,-0.444877,-0.406471,0.798039,-153.008526,-26.415445,-0.406471,-0.444877,-0.798039,,,
274,2026-05-16,14:50:13.87,3,2,"Burnham, Jacob",831497,Left,BOC_EAG,"Advincula, Jarren",814181,Left,GIT_YEL,Undefined,7,Top,0,1,0,Fastball,Four-Seam,StrikeCalled,Undefined,Undefined,Undefined,0,0,,86.98844,-3.291515,2.67047,2087.25321,155.374119,11:15,6.47241,-1.34281,5.53437,-15.81265,22.9658,-9.76878,2.07132,0.34108,77.12611,-6.369427,0.931235,0.448195,,,,,,,,,,,,5.8663,13.21296,1.11739,50,6.17628,-5.41265,-125.50862,-7.62782,9.06318,32.83713,-11.7606,BOC_EAG,GIT_YEL,HarringtonVillage,D1,ACC,20260516-HarringtonVillage-1,131f8240-5158-11f1-878d-1580a01945d0,84.09836,,,9.86233,,,,,,,73f0cb14-48f0-42ce-85bb-8a4ada2a1c20,2026-05-16,18:50:13.87,2026-05-16T14:50:13.8702336-04:00,2026-05-16T18:50:13.8702336Z,,v3,227,100,26605,"Gonzalez, Cesar",831498,Right,BOC_EAG,220463d0-f7c1-44f1-99bd-5f852e1ce842,54.95687,-126.79886,16.41856,6.46692,-7.16572,-5.8803,1.33706,-5.76876,4.53159,,,,,,,,,,,,,,,,,,,,,,,,,,,,,,,,,,,,,,,,,,,,,,,,,,,High,High,High,,,,,,156.548117,-3.692689,2082.919748,0.997924,11:15,0.084105,0.400195,-0.912562,-11.440505,-21.155441,78.083779,176.973326,11.414707,0.051756,0.197909,-0.978853,11.430233,2.966754,0.197909,0.051756,0.978853,-11.430233,-2.966754,-0.197909,-0.051756,0.978853,-176.973326,-11.414707,-0.051756,-0.197909,-0.978853,,,
275,2026-05-16,14:50:33.27,3,3,"Burnham, Jacob",831497,Left,BOC_EAG,"Advincula, Jarren",814181,Left,GIT_YEL,Undefined,7,Top,0,1,1,Fastball,Four-Seam,BallCalled,Undefined,Undefined,Undefined,0,0,,84.62259,-4.923578,2.853319,2025.716156,159.550309,11:15,6.49284,-1.38149,5.83594,-19.50013,20.99044,-7.19973,0.2746,0.67276,75.65317,-8.64436,1.563882,0.457982,,,,,,,,,,,,4.72469,12.98812,1.15306,50,6.07904,-5.78901,-122.00593,-11.04857,6.92087,30.30601,-13.14873,BOC_EAG,GIT_YEL,HarringtonVillage,D1,ACC,20260516-HarringtonVillage-1,1ea30c90-5158-11f1-878d-1580a01945d0,82.30112,,,8.96942,,,,,,,73f0cb14-48f0-42ce-85bb-8a4ada2a1c20,2026-05-16,18:50:33.27,2026-05-16T14:50:33.2707840-04:00,2026-05-16T18:50:33.2707840Z,,v3,227,100,26605,"Gonzalez, Cesar",831498,Right,BOC_EAG,2ec516c7-fabe-478b-ae92-33321ab084ed,54.65912,-123.15781,15.15301,6.48948,-10.54881,-6.57437,1.37809,-6.05206,3.46043,,,,,,,,,,,,,,,,,,,,,,,,,,,,,,,,,,,,,,,,,,,,,,,,,,,High,High,High,,,,,,155.355875,-3.727459,2021.430909,0.997885,11:15,0.074172,0.420143,-0.904422,-11.377915,-26.391804,65.302955,178.044123,-17.569821,0.032538,-0.301868,-0.952794,17.579432,-1.864602,0.301868,-0.032538,0.952794,-17.579432,1.864602,-0.301868,0.032538,0.952794,-178.044123,17.569821,-0.032538,0.301868,-0.952794,,,
276,2026-05-16,14:50:53.93,3,4,"Burnham, Jacob",831497,Left,BOC_EAG,"Advincula, Jarren",814181,Left,GIT_YEL,Undefined,7,Top,0,2,1,Curveball,Curveball,FoulBallNotFieldable,Undefined,Undefined,Undefined,0,0,,73.36309,0.114576,0.604751,1759.473106,340.725752,5:15,6.35524,-1.42781,4.98073,-66.86283,-12.49351,5.02252,0.89156,-0.43813,67.2735,-11.883883,1.495481,0.530699,,,,,,,,,,,,-2.31118,-5.78882,1.36513,50,6.3111,-1.3145,-106.39756,-2.06974,-2.60878,20.86212,-38.7083,BOC_EAG,GIT_YEL,HarringtonVillage,D1,ACC,20260516-HarringtonVillage-1,2b016680-5158-11f1-878d-1580a01945d0,71.02413,,,6.08959,,,,,,,73f0cb14-48f0-42ce-85bb-8a4ada2a1c20,2026-05-16,18:50:53.93,2026-05-16T14:50:53.9319808-04:00,2026-05-16T18:50:53.9319808Z,,v3,227,100,26605,"Gonzalez, Cesar",831498,Right,BOC_EAG,ce634f71-59de-4384-9e9b-f7acbcaf7174,55.52112,-107.47467,10.43106,6.36637,-0.07123,-19.35415,1.42952,-1.17981,-1.30439,,,,,,,,,,,,,,,,,,,,,,,,,,,,,,,,,,,,,,,,,,,,,,,,,,,High,High,High,,,,,,358.671939,-47.286576,1193.506624,0.678332,6:00,0.727524,-0.017191,0.685867,29.286944,26.335127,8.695766,158.438569,19.742451,0.345897,0.337793,-0.875358,21.101154,20.236574,0.337793,0.345897,0.875358,-21.101154,-20.236574,-0.337793,-0.345897,0.875358,-158.438569,-19.742451,-0.345897,-0.337793,-0.875358,,,
277,2026-05-16,14:51:19.19,3,5,"Burnham, Jacob",831497,Left,BOC_EAG,"Advincula, Jarren",814181,Left,GIT_YEL,Undefined,7,Top,0,2,2,Fastball,Four-Seam,InPlay,Undefined,LineDrive,Single,0,0,,86.32878,-1.643031,2.209584,2047.063842,150.861245,11:00,6.48234,-1.33822,5.61077,-17.37147,21.00623,-10.94201,3.49957,-0.18664,77.95054,-4.968547,0.257586,0.445873,100.08608,9.99168,23.126525,759.369075,100.35522,12.5634,45.04191,201.58751,198.10461,25.058839,1.664192,6.2602,11.56938,1.15668,50,6.3311,-4.36359,-125.0877,-4.08474,9.79342,28.20794,-14.07501,BOC_EAG,GIT_YEL,HarringtonVillage,D1,ACC,20260516-HarringtonVillage-1,3a101360-5158-11f1-878d-1580a01945d0,84.53629,12.6835,,8.37824,,,,1.31066,3.56593,0.20046,73f0cb14-48f0-42ce-85bb-8a4ada2a1c20,2026-05-16,18:51:19.19,2026-05-16T14:51:19.1929856-04:00,2026-05-16T18:51:19.1929856Z,LineDrive,v3,227,100,26605,"Gonzalez, Cesar",831498,Right,BOC_EAG,2ed680fd-2cfb-440c-834b-cd54e943aeb4,54.88629,-126.18478,14.10397,6.47932,-3.53733,-7.03751,1.3338,-4.74448,4.89671,263.400884,1.31068,132.94715,-17.94359,2.80552,-0.50652,0.11885,-0.08432,0.03847,-0.00652,3.56593,25.46898,-18.95077,1.80743,-0.32208,0.07665,-0.02435,0.00812,-0.00128,0.20045,56.78199,-2.71018,-0.52458,0.07741,-0.01271,0.03304,-0.02195,0.00428,,,,,,,,,,,,,,,,,,,,,,,High,High,High,High,High,,,,153.680933,-3.921762,2042.270383,0.997658,11:00,0.090119,0.44411,-0.891428,-8.352759,-35.027103,70.801557,171.539848,-11.803574,0.144011,-0.204557,-0.968203,11.929728,-8.279989,0.204557,-0.144011,0.968203,-11.929728,8.279989,-0.204557,0.144011,0.968203,-171.539848,11.803574,-0.144011,0.204557,-0.968203,73.98383,18.64768,26.17456
278,2026-05-16,14:52:04.50,4,1,"Burnham, Jacob",831497,Left,BOC_EAG,"Lackey, Vahn",822518,Right,GIT_YEL,Undefined,7,Top,0,0,0,Slider,Slider,InPlay,Undefined,LineDrive,Sacrifice,1,1,,72.53386,0.784051,0.278596,1749.998241,308.454243,4:15,6.43209,-1.42356,5.23976,-55.22405,-0.57713,2.97461,2.56704,-0.91383,66.55759,-9.249531,0.807145,0.532052,95.85537,20.046891,-16.11538,1311.798145,104.56281,31.1647,-34.15501,276.93342,269.3069,-21.927765,2.887654,-1.41697,-0.06819,1.39559,50,6.46275,-0.62035,-105.26403,-0.3185,-1.58034,18.86684,-32.25011,BOC_EAG,GIT_YEL,HarringtonVillage,D1,ACC,20260516-HarringtonVillage-1,55124a70-5158-11f1-878d-1580a01945d0,70.84351,34.07698,,5.97627,,,,2.01462,2.62259,0.92006,73f0cb14-48f0-42ce-85bb-8a4ada2a1c20,2026-05-16,18:52:04.50,2026-05-16T14:52:04.5086208-04:00,2026-05-16T18:52:04.5086208Z,LineDrive,v3,227,100,26605,"Gonzalez, Cesar",831498,Right,BOC_EAG,5ecdd439-8f86-4b58-8c04-8d9f6fcea33a,55.26013,-106.20263,9.43342,6.43869,1.28591,-16.12505,1.4245,-0.54173,-0.79017,117.64921,2.01483,126.87343,-22.52111,5.17106,-1.09635,0.25873,-0.07165,0.01385,-0.00115,2.62245,48.19616,-20.19038,1.57245,-0.24008,0.01633,0.01093,-0.00361,0.00038,0.92028,-36.66579,-1.97932,1.5423,-0.49307,0.1555,-0.05035,0.0106,-0.00095,,,,,,,,,,,,,,,,,,,,,,,High,High,High,High,Medium,,,,10.046271,-63.479925,781.394068,0.446511,6:15,0.893612,0.06564,0.444015,46.02083,30.672773,30.386831,160.514642,27.70795,0.295316,0.464965,-0.834623,29.121979,17.176466,0.464965,0.295316,0.834623,-29.121979,-17.176466,-0.464965,-0.295316,0.834623,-160.514642,-27.70795,-0.295316,-0.464965,-0.834623,69.77069,20.10743,-10.33888
279,2026-05-16,14:52:46.74,5,1,"Burnham, Jacob",831497,Left,BOC_EAG,"Zuckerman, Ryan",822871,Right,GIT_YEL,Undefined,7,Top,1,0,0,Curveball,Curveball,StrikeSwinging,Undefined,Undefined,Undefined,0,0,,72.70041,0.232142,1.715231,1812.474383,11.33079,6:30,6.37705,-1.60915,5.31854,-64.48992,-8.84713,-2.21803,1.22086,-0.18379,65.48167,-11.490806,1.319909,0.536878,,,,,,,,,,,,1.75,-3.87071,1.45546,50,6.35188,-3.06726,-105.21641,-1.66524,1.8986,23.20364,-36.37344,BOC_EAG,GIT_YEL,HarringtonVillage,D1,ACC,20260516-HarringtonVillage-1,6e469f50-5158-11f1-878d-1580a01945d0,70.20667,,,7.21874,,,,,,,73f0cb14-48f0-42ce-85bb-8a4ada2a1c20,2026-05-16,18:52:46.74,2026-05-16T14:52:46.7494400-04:00,2026-05-16T18:52:46.7494400Z,,v3,227,100,26605,"Gonzalez, Cesar",831498,Right,BOC_EAG,de6a3e79-c217-438b-8b97-027f5399358d,55.17879,-106.35237,11.60182,6.38982,0.11546,-18.18672,1.60789,-3.16021,0.9493,,,,,,,,,,,,,,,,,,,,,,,,,,,,,,,,,,,,,,,,,,,,,,,,,,,High,High,High,,,,,,4.660953,-64.135495,790.681852,0.436244,6:15,0.886547,0.031803,0.461545,50.935515,28.520295,40.883674,166.154351,22.751709,0.220686,0.386738,-0.895394,23.36047,12.749357,0.386738,0.220686,0.895394,-23.36047,-12.749357,-0.386738,-0.220686,0.895394,-166.154351,-22.751709,-0.220686,-0.386738,-0.895394,,,
280,2026-05-16,14:53:05.78,5,2,"Burnham, Jacob",831497,Left,BOC_EAG,"Zuckerman, Ryan",822871,Right,GIT_YEL,Undefined,7,Top,1,0,1,Curveball,Curveball,BallCalled,Undefined,Undefined,Undefined,0,0,,74.04479,-0.828183,2.176528,1876.982794,358.440612,6:00,6.34935,-1.51636,5.45441,-57.43082,-4.32398,0.17311,0.78756,0.53653,67.06362,-11.281593,2.207443,0.524502,,,,,,,,,,,,0.68736,-1.34339,1.32423,50,6.23702,-4.08065,-107.20031,-3.38212,0.77871,23.0996,-33.69598,BOC_EAG,GIT_YEL,HarringtonVillage,D1,ACC,20260516-HarringtonVillage-1,7997cf00-5158-11f1-878d-1580a01945d0,71.86336,,,6.98117,,,,,,,73f0cb14-48f0-42ce-85bb-8a4ada2a1c20,2026-05-16,18:53:05.78,2026-05-16T14:53:05.7861632-04:00,2026-05-16T18:53:05.7861632Z,,v3,227,100,26605,"Gonzalez, Cesar",831498,Right,BOC_EAG,d629cf68-a726-430d-8807-a352da8f123c,55.04327,-108.28158,11.5498,6.35842,-1.80484,-16.84799,1.51609,-4.1171,0.38936,,,,,,,,,,,,,,,,,,,,,,,,,,,,,,,,,,,,,,,,,,,,,,,,,,,High,High,High,,,,,,19.019479,-65.122974,789.594269,0.420672,6:45,0.889379,0.150191,0.431795,58.299567,30.697979,41.790709,153.976177,25.833767,0.394898,0.435762,-0.808806,28.314511,23.259587,0.435762,0.394898,0.808806,-28.314511,-23.259587,-0.435762,-0.394898,0.808806,-153.976177,-25.833767,-0.394898,-0.435762,-0.808806,,,
281,2026-05-16,14:53:26.32,5,3,"Burnham, Jacob",831497,Left,BOC_EAG,"Zuckerman, Ryan",822871,Right,GIT_YEL,Undefined,7,Top,1,1,1,Curveball,Curveball,BallCalled,Undefined,Undefined,Undefined,0,0,,72.17653,0.291071,2.27936,1862.159337,13.435054,6:30,6.34481,-1.50168,5.33622,-69.58055,-12.05851,-3.50599,0.81973,0.34572,63.98806,-12.386402,1.653941,0.545869,,,,,,,,,,,,2.74583,-5.46114,1.29851,50,6.32176,-4.01678,-104.22647,-1.71166,2.8646,25.91148,-37.87137,BOC_EAG,GIT_YEL,HarringtonVillage,D1,ACC,20260516-HarringtonVillage-1,85d70830-5158-11f1-878d-1580a01945d0,69.05031,,,8.18848,,,,,,,73f0cb14-48f0-42ce-85bb-8a4ada2a1c20,2026-05-16,18:53:26.32,2026-05-16T14:53:26.3227392-04:00,2026-05-16T18:53:26.3227392Z,,v3,227,100,26605,"Gonzalez, Cesar",831498,Right,BOC_EAG,4439f3d1-0417-43f0-9e9c-f4e03f5e4fa9,55.15941,-105.50134,12.95574,6.36014,0.15165,-18.93569,1.49961,-4.15772,1.4323,,,,,,,,,,,,,,,,,,,,,,,,,,,,,,,,,,,,,,,,,,,,,,,,,,,High,High,High,,,,,,8.916654,-59.306925,950.518732,0.510439,6:15,0.839568,0.074747,0.538087,49.741087,32.128116,26.153529,149.371845,22.342497,0.471218,0.380142,-0.795893,25.530537,28.113378,0.380142,0.471218,0.795893,-25.530537,-28.113378,-0.380142,-0.471218,0.795893,-149.371845,-22.342497,-0.471218,-0.380142,-0.795893,,,
282,2026-05-16,14:53:46.60,5,4,"Burnham, Jacob",831497,Left,BOC_EAG,"Zuckerman, Ryan",822871,Right,GIT_YEL,Undefined,7,Top,1,2,1,Curveball,Curveball,InPlay,Undefined,GroundBall,FieldersChoice,1,0,,72.71119,1.618669,1.962828,1797.623144,6.572912,6:15,6.28479,-1.52736,5.41097,-60.87031,-5.84363,-0.91209,2.73005,0.23627,65.62924,-9.502612,1.800418,0.533898,71.59262,-36.017341,-43.800859,,,,,5.72212,4.70748,-28.631543,0.045596,1.14106,-2.93902,1.3534,50,6.38644,-3.57445,-105.28028,1.0478,1.2505,21.79916,-35.39499,BOC_EAG,GIT_YEL,HarringtonVillage,D1,ACC,20260516-HarringtonVillage-1,91ebfd10-5158-11f1-878d-1580a01945d0,70.59861,2.82639,,7.08194,,,,2.21645,2.82639,-0.05099,73f0cb14-48f0-42ce-85bb-8a4ada2a1c20,2026-05-16,18:53:46.60,2026-05-16T14:53:46.6037248-04:00,2026-05-16T18:53:46.6037248Z,GroundBall,v3,227,100,26605,"Gonzalez, Cesar",831498,Right,BOC_EAG,f34677f6-2816-4eb3-9a13-610bbc09a911,55.08722,-106.32841,10.89958,6.29515,2.74964,-17.6975,1.52671,-3.63458,0.62525,180,2.21468,61.53989,,,,,,,,2.82818,-61.98798,,,,,,,,-0.04929,-59.01641,,,,,,,,,,,,,,,,,,,,,,,,,,,,,,High,High,High,Low,Low,,,,6.61371,-65.702902,739.664739,0.411468,6:15,0.897864,0.021627,0.439741,58.198553,24.367661,39.479096,160.503402,27.54738,0.295913,0.462482,-0.835791,28.957804,17.2123,0.462482,0.295913,0.835791,-28.957804,-17.2123,-0.462482,-0.295913,0.835791,-160.503402,-27.54738,-0.295913,-0.462482,-0.835791,80.37631,15.11243,5.71449
283,2026-05-16,14:54:22.68,6,1,"Burnham, Jacob",831497,Left,BOC_EAG,"Hernandez, Alex",815415,Right,GIT_YEL,Undefined,7,Top,2,0,0,Curveball,Curveball,BallCalled,Undefined,Undefined,Undefined,0,0,,72.48308,2.504467,1.875908,1803.541145,5.156244,6:15,6.3174,-1.49398,5.17967,-61.18015,-5.66111,-0.68906,3.5783,0.21428,65.68431,-8.62329,1.753875,0.536281,,,,,,,,,,,,0.94551,-2.96347,1.32006,50,6.50437,-3.40979,-104.91856,2.57431,1.03784,20.28001,-35.4269,BOC_EAG,GIT_YEL,HarringtonVillage,D1,ACC,20260516-HarringtonVillage-1,a76a00b0-5158-11f1-878d-1580a01945d0,70.28488,,,6.79877,,,,,,,73f0cb14-48f0-42ce-85bb-8a4ada2a1c20,2026-05-16,18:54:22.68,2026-05-16T14:54:22.6810368-04:00,2026-05-16T18:54:22.6810368Z,,v3,227,100,26605,"Gonzalez, Cesar",831498,Right,BOC_EAG,a5ea77bd-ed8f-43a5-9eac-721ebf066756,55.31795,-105.9415,10.14001,6.32946,4.36127,-17.71345,1.49337,-3.46214,0.51892,,,,,,,,,,,,,,,,,,,,,,,,,,,,,,,,,,,,,,,,,,,,,,,,,,,High,High,High,,,,,,2.555266,-64.249307,783.559546,0.434456,6:00,0.885989,-0.020007,0.463275,37.5394,37.319699,14.595673,157.791265,23.438065,0.346795,0.397758,-0.849425,25.092141,20.2914,0.397758,0.346795,0.849425,-25.092141,-20.2914,-0.397758,-0.346795,0.849425,-157.791265,-23.438065,-0.346795,-0.397758,-0.849425,,,
284,2026-05-16,14:54:42.60,6,2,"Burnham, Jacob",831497,Left,BOC_EAG,"Hernandez, Alex",815415,Right,GIT_YEL,Undefined,7,Top,2,1,0,Curveball,Curveball,BallCalled,Undefined,Undefined,Undefined,0,0,,73.40431,-1.443872,3.566626,1834.193993,5.270121,6:15,6.3161,-1.52256,5.39656,-61.92826,-6.77969,-0.84315,-0.20059,1.75386,65.7762,-12.683963,3.416332,0.534489,,,,,,,,,,,,1.86913,-2.2163,1.20468,50,6.14403,-6.57202,-105.94275,-4.65338,2.03458,25.21023,-34.58652,BOC_EAG,GIT_YEL,HarringtonVillage,D1,ACC,20260516-HarringtonVillage-1,b3509290-5158-11f1-878d-1580a01945d0,70.52055,,,7.62811,,,,,,,73f0cb14-48f0-42ce-85bb-8a4ada2a1c20,2026-05-16,18:54:42.60,2026-05-16T14:54:42.6087936-04:00,2026-05-16T18:54:42.6087936Z,,v3,227,100,26605,"Gonzalez, Cesar",831498,Right,BOC_EAG,2d837880-31e5-4d38-b4e8-23c6a585d7aa,55.09954,-107.14937,12.60511,6.32714,-2.99799,-17.29326,1.52157,-6.6694,1.01729,,,,,,,,,,,,,,,,,,,,,,,,,,,,,,,,,,,,,,,,,,,,,,,,,,,High,High,High,,,,,,20.757611,-65.581267,758.259752,0.413402,6:45,0.880764,0.169413,0.442216,50.092425,34.790983,17.53197,136.691749,28.652772,0.601926,0.4795,-0.638564,36.903024,37.007974,0.4795,0.601926,0.638564,-36.903024,-37.007974,-0.4795,-0.601926,0.638564,-136.691749,-28.652772,-0.601926,-0.4795,-0.638564,,,
285,2026-05-16,14:55:04.31,6,3,"Burnham, Jacob",831497,Left,BOC_EAG,"Hernandez, Alex",815415,Right,GIT_YEL,Undefined,7,Top,2,2,0,Fastball,Four-Seam,BallCalled,Undefined,Undefined,Undefined,0,0,,86.28756,-6.030037,2.545822,2110.891296,163.534895,11:30,6.41646,-1.40187,5.51109,-16.67339,22.66021,-6.22855,-0.63833,0.46131,77.53805,-9.199691,1.436913,0.451392,,,,,,,,,,,,4.07276,14.04032,1.18427,50,5.87797,-5.26433,-124.23769,-13.60837,6.2197,30.20646,-10.73245,BOC_EAG,GIT_YEL,HarringtonVillage,D1,ACC,20260516-HarringtonVillage-1,c03ef780-5158-11f1-878d-1580a01945d0,83.50276,,,8.74952,,,,,,,73f0cb14-48f0-42ce-85bb-8a4ada2a1c20,2026-05-16,18:55:04.31,2026-05-16T14:55:04.3191296-04:00,2026-05-16T18:55:04.3191296Z,,v3,227,100,26605,"Gonzalez, Cesar",831498,Right,BOC_EAG,da66155a-36d1-4cb0-bc1d-8a31796edc62,54.98654,-125.44423,15.10323,6.41297,-13.17968,-5.36622,1.39951,-5.51276,3.10985,,,,,,,,,,,,,,,,,,,,,,,,,,,,,,,,,,,,,,,,,,,,,,,,,,,High,High,High,,,,,,156.351622,1.732139,2109.92675,0.999543,11:15,-0.031437,0.395546,-0.917908,21.100468,20.025819,-77.722976,176.655923,18.02795,0.055468,0.309481,-0.949286,18.056705,3.179729,0.309481,0.055468,0.949286,-18.056705,-3.179729,-0.309481,-0.055468,0.949286,-176.655923,-18.02795,-0.055468,-0.309481,-0.949286,,,
286,2026-05-16,14:55:30.05,6,4,"Burnham, Jacob",831497,Left,BOC_EAG,"Hernandez, Alex",815415,Right,GIT_YEL,Undefined,7,Top,2,3,0,Fastball,Four-Seam,BallCalled,Walk,Undefined,Undefined,0,0,,87.38235,-1.078055,4.084821,2112.576911,158.700011,11:15,6.47793,-1.41001,5.68508,-16.06091,21.05757,-7.73268,4.132,1.75948,79.5183,-4.148824,2.708271,0.438497,,,,,,,,,,,,5.03784,11.31524,1.0704,50,6.37691,-8.69582,-126.51227,-2.82568,8.15215,26.18457,-13.86387,BOC_EAG,GIT_YEL,HarringtonVillage,D1,ACC,20260516-HarringtonVillage-1,cf8a3830-5158-11f1-878d-1580a01945d0,85.9583,,,7.86405,,,,,,,73f0cb14-48f0-42ce-85bb-8a4ada2a1c20,2026-05-16,18:55:30.05,2026-05-16T14:55:30.0535296-04:00,2026-05-16T18:55:30.0535296Z,,v3,227,100,26605,"Gonzalez, Cesar",831498,Right,BOC_EAG,8893db75-3332-4ced-ac4b-2f98dd6a773f,54.81018,-127.50396,13.09228,6.47398,-2.30061,-6.93193,1.40558,-9.00456,4.07608,,,,,,,,,,,,,,,,,,,,,,,,,,,,,,,,,,,,,,,,,,,,,,,,,,,High,High,High,,,,,,155.951414,-5.445741,2103.041834,0.995487,11:15,0.151789,0.407386,-0.900554,-8.637705,-31.804572,71.40944,173.890933,-7.745982,0.10545,-0.134781,-0.985248,7.78968,-6.053114,0.134781,-0.10545,0.985248,-7.78968,6.053114,-0.134781,0.10545,0.985248,-173.890933,7.745982,-0.10545,0.134781,-0.985248,,,
287,2026-05-16,14:59:08.82,7,1,"Gelbsman, Aidan",839405,Left,BOC_EAG,"Schmidt, Kent",812674,Left,GIT_YEL,Undefined,7,Top,2,0,0,Fastball,Four-Seam,BallCalled,Undefined,Undefined,Undefined,0,0,,91.16668,-4.493244,2.736337,1982.443642,156.61736,11:15,6.03117,-1.00441,5.36863,-12.86922,21.53824,-8.83449,0.73235,0.82696,83.62224,-6.935991,1.168561,0.42218,,,,,,,,,,,,5.19973,12.388,0.76548,50,5.61839,-5.90565,-131.87655,-10.76258,9.19104,27.07101,-10.27709,BOC_EAG,GIT_YEL,HarringtonVillage,D1,ACC,20260516-HarringtonVillage-1,51ec35d0-5159-11f1-878d-1580a01945d0,89.28049,,,7.54443,,,,,,,73f0cb14-48f0-42ce-85bb-8a4ada2a1c20,2026-05-16,18:59:08.82,2026-05-16T14:59:08.8292864-04:00,2026-05-16T18:59:08.8292864Z,,v3,227,100,26605,"Gonzalez, Cesar",831498,Right,BOC_EAG,42b4d5d2-f89f-4537-ae12-f9a35d660963,55.13083,-132.92561,13.53551,6.02775,-10.36432,-5.13854,1.00124,-6.26182,4.59552,,,,,,,,,,,,,,,,,,,,,,,,,,,,,,,,,,,,,,,,,,,,,,,,,,,High,High,High,,,,,,151.22438,-8.59833,1960.162441,0.988761,11:00,0.153006,0.48622,-0.860337,28.010231,5.106027,-17.098311,175.37168,2.730225,0.0806,0.047633,-0.995608,2.739144,4.623055,0.047633,0.0806,0.995608,-2.739144,-4.623055,-0.047633,-0.0806,0.995608,-175.37168,-2.730225,-0.0806,-0.047633,-0.995608,,,
288,2026-05-16,14:59:26.91,7,2,"Gelbsman, Aidan",839405,Left,BOC_EAG,"Schmidt, Kent",812674,Left,GIT_YEL,Undefined,7,Top,2,1,0,Fastball,Four-Seam,BallCalled,Undefined,Undefined,Undefined,0,0,,91.78647,-3.880759,2.47043,2083.440887,150.80203,11:00,6.06956,-1.11011,5.18924,-13.17182,21.02674,-11.12398,1.31213,0.28837,83.92835,-6.378472,0.502023,0.420896,,,,,,,,,,,,6.25422,11.91201,0.88963,50,5.69923,-5.21195,-132.82883,-9.43227,11.18644,28.1475,-10.86791,BOC_EAG,GIT_YEL,HarringtonVillage,D1,ACC,20260516-HarringtonVillage-1,5cb522b0-5159-11f1-878d-1580a01945d0,89.55277,,,7.85812,,,,,,,73f0cb14-48f0-42ce-85bb-8a4ada2a1c20,2026-05-16,18:59:26.91,2026-05-16T14:59:26.9181952-04:00,2026-05-16T18:59:26.9181952Z,,v3,227,100,26605,"Gonzalez, Cesar",831498,Right,BOC_EAG,03eaaeb2-d4d6-40d2-87f3-3ec015c9390f,55.30968,-133.94927,14.07375,6.06608,-8.99967,-5.43395,1.10596,-5.65724,5.59322,,,,,,,,,,,,,,,,,,,,,,,,,,,,,,,,,,,,,,,,,,,,,,,,,,,High,High,High,,,,,,150.871055,-7.904247,2063.64668,0.990499,11:00,0.141768,0.490354,-0.859916,27.688244,9.676034,-5.76197,166.368687,3.352909,0.23527,0.058486,-0.970169,3.449858,13.607531,0.058486,0.23527,0.970169,-3.449858,-13.607531,-0.058486,-0.23527,0.970169,-166.368687,-3.352909,-0.23527,-0.058486,-0.970169,,,
289,2026-05-16,14:59:46.63,7,3,"Gelbsman, Aidan",839405,Left,BOC_EAG,"Schmidt, Kent",812674,Left,GIT_YEL,Undefined,7,Top,2,2,0,Fastball,Four-Seam,BallCalled,Undefined,Undefined,Undefined,0,0,,91.00852,-3.674157,3.082447,2124.278454,155.187009,11:15,6.05035,-0.83738,5.38895,-15.35623,19.2893,-8.38138,1.31732,1.356,83.03187,-6.57291,1.595008,0.423638,,,,,,,,,,,,5.0637,11.06127,0.56784,50,5.71082,-6.70084,-131.63273,-8.94564,8.87186,28.31313,-12.79407,BOC_EAG,GIT_YEL,HarringtonVillage,D1,ACC,20260516-HarringtonVillage-1,6879fbc0-5159-11f1-878d-1580a01945d0,88.9732,,,7.97664,,,,,,,73f0cb14-48f0-42ce-85bb-8a4ada2a1c20,2026-05-16,18:59:46.63,2026-05-16T14:59:46.6314752-04:00,2026-05-16T18:59:46.6314752Z,,v3,227,100,26605,"Gonzalez, Cesar",831498,Right,BOC_EAG,3f1f0e2d-14cb-4fd6-a4c8-d7b797c7fdf6,55.10789,-132.72685,14.15657,6.04696,-8.45123,-6.39704,0.83341,-7.04368,4.43593,,,,,,,,,,,,,,,,,,,,,,,,,,,,,,,,,,,,,,,,,,,,,,,,,,,High,High,High,,,,,,154.451328,-14.013311,2061.05886,0.970239,11:15,0.261595,0.4331,-0.86255,25.753051,14.487267,-17.997497,160.813973,5.354304,0.327202,0.093314,-0.940336,5.667197,19.09906,0.093314,0.327202,0.940336,-5.667197,-19.09906,-0.093314,-0.327202,0.940336,-160.813973,-5.354304,-0.327202,-0.093314,-0.940336,,,
290,2026-05-16,15:00:06.78,7,4,"Gelbsman, Aidan",839405,Left,BOC_EAG,"Schmidt, Kent",812674,Left,GIT_YEL,Undefined,7,Top,2,3,0,Fastball,Four-Seam,BallCalled,Walk,Undefined,Undefined,0,0,,91.49436,-2.322578,3.932806,2038.766005,154.565579,11:15,6.05967,-1.04764,5.17248,-14.63182,19.73623,-8.86689,2.64836,1.92018,83.714,-5.082907,2.368399,0.421938,,,,,,,,,,,,5.4428,10.76237,0.6879,50,5.83211,-8.67925,-132.40473,-5.85427,9.70149,27.18877,-12.99063,BOC_EAG,GIT_YEL,HarringtonVillage,D1,ACC,20260516-HarringtonVillage-1,7478a980-5159-11f1-878d-1580a01945d0,89.33164,,,7.78036,,,,,,,73f0cb14-48f0-42ce-85bb-8a4ada2a1c20,2026-05-16,19:00:06.78,2026-05-16T15:00:06.7821568-04:00,2026-05-16T19:00:06.7821568Z,,v3,227,100,26605,"Gonzalez, Cesar",831498,Right,BOC_EAG,9a4facdc-dc64-44b9-bbe8-b163827b99a6,55.32465,-133.49365,13.59438,6.05616,-5.33399,-6.49532,1.04329,-9.06779,4.85074,,,,,,,,,,,,,,,,,,,,,,,,,,,,,,,,,,,,,,,,,,,,,,,,,,,High,High,High,,,,,,149.247661,-14.713092,1971.914342,0.96721,11:00,0.290187,0.504448,-0.813218,27.382137,-2.065141,-2.737834,166.299483,4.682057,0.236057,0.081626,-0.968305,4.818541,13.653911,0.081626,0.236057,0.968305,-4.818541,-13.653911,-0.081626,-0.236057,0.968305,-166.299483,-4.682057,-0.236057,-0.081626,-0.968305,,,
291,2026-05-16,15:00:39.69,8,1,"Gelbsman, Aidan",839405,Left,BOC_EAG,"Brosius, Parker",702701,Right,GIT_YEL,Undefined,7,Top,2,0,0,Fastball,Four-Seam,StrikeCalled,Undefined,Undefined,Undefined,0,0,,91.90597,-1.935771,1.917227,2096.035681,159.315173,11:15,6.01955,-1.21614,5.17226,-12.7156,21.59462,-7.70115,3.13657,-0.05305,83.17378,-4.383371,0.554557,0.421583,,,,,,,,,,,,4.38189,11.6489,1.04361,50,5.83012,-4.08054,-133.091,-4.86822,7.79948,30.60311,-11.43976,BOC_EAG,GIT_YEL,HarringtonVillage,D1,ACC,20260516-HarringtonVillage-1,8820b4a0-5159-11f1-878d-1580a01945d0,89.4069,,,8.73218,,,,,,,73f0cb14-48f0-42ce-85bb-8a4ada2a1c20,2026-05-16,19:00:39.69,2026-05-16T15:00:39.6905472-04:00,2026-05-16T19:00:39.6905472Z,,v3,227,100,26605,"Gonzalez, Cesar",831498,Right,BOC_EAG,331219f0-9b94-4cd7-9778-1be16c1b078b,55.32288,-134.30938,15.30155,6.01486,-4.41278,-5.71988,1.21224,-4.39106,3.89974,,,,,,,,,,,,,,,,,,,,,,,,,,,,,,,,,,,,,,,,,,,,,,,,,,,High,High,High,,,,,,151.571039,-11.953873,2050.582449,0.978315,11:00,0.21995,0.472476,-0.853457,28.731926,3.54103,-11.406169,169.948622,2.187749,0.174404,0.038174,-0.983934,2.221816,10.043976,0.038174,0.174404,0.983934,-2.221816,-10.043976,-0.038174,-0.174404,0.983934,-169.948622,-2.187749,-0.174404,-0.038174,-0.983934,,,
292,2026-05-16,15:00:58.70,8,2,"Gelbsman, Aidan",839405,Left,BOC_EAG,"Brosius, Parker",702701,Right,GIT_YEL,Undefined,7,Top,2,0,1,Fastball,Four-Seam,InPlay,Undefined,LineDrive,Double,0,2,,90.51137,-2.680498,1.741142,2064.997158,147.482173,11:00,5.95311,-1.24554,5.32174,-17.80863,17.23895,-10.23997,1.9506,-0.46443,82.45429,-6.020374,-0.077182,0.426089,104.53503,13.73579,9.775739,1749.152705,107.23215,20.43398,24.51951,268.75041,266.47182,16.906436,2.399104,5.63859,9.76544,1.09564,50,5.69787,-3.51616,-131.14215,-6.73839,9.78256,28.71113,-15.23174,BOC_EAG,GIT_YEL,HarringtonVillage,D1,ACC,20260516-HarringtonVillage-1,936c17f0-5159-11f1-878d-1580a01945d0,88.46139,21.90092,,8.05708,,,,0.47718,1.72363,0.45443,73f0cb14-48f0-42ce-85bb-8a4ada2a1c20,2026-05-16,19:00:58.70,2026-05-16T15:00:58.7009536-04:00,2026-05-16T19:00:58.7009536Z,LineDrive,v3,227,100,26605,"Gonzalez, Cesar",831498,Right,BOC_EAG,cb3781fe-dd82-4033-a5fb-7071824ba62d,55.17576,-132.27043,14.35556,5.95091,-6.13981,-7.61587,1.24137,-3.9006,4.89128,245.03472,0.4772,146.76956,-25.40505,5.62592,-1.22056,0.2604,-0.05739,0.01073,-0.00105,1.72361,36.40566,-17.46785,1.05851,-0.12108,1E-05,0.01358,-0.00575,0.00083,0.4544,25.28924,6.12636,-2.33265,0.69058,-0.18663,0.0529,-0.01251,0.00143,,,,,,,,,,,,,,,,,,,,,,,High,High,High,High,High,,,,152.362656,-18.032448,1963.567303,0.950881,11:00,0.314051,0.455083,-0.83323,29.747588,15.765079,-19.071853,158.290113,4.845662,0.368585,0.084472,-0.925748,5.213645,21.628375,0.084472,0.368585,0.925748,-5.213645,-21.628375,-0.084472,-0.368585,0.925748,-158.290113,-4.845662,-0.368585,-0.084472,-0.925748,67.89114,12.75456,4.3796
293,2026-05-16,15:01:54.84,9,1,"Gelbsman, Aidan",839405,Left,BOC_EAG,"Rogers, Drew",811441,Right,GIT_YEL,Undefined,7,Top,2,0,0,Curveball,Curveball,BallCalled,Undefined,Undefined,Undefined,0,0,,78.65659,3.516159,-1.866491,2626.246209,317.313622,4:30,5.92573,-1.34032,4.37526,-58.20688,-10.39859,10.93701,4.43891,-2.21193,72.08681,-6.863899,0.040819,0.497649,,,,,,,,,,,,-5.73988,-5.4241,1.52865,50,6.24436,3.21774,-113.88245,4.66494,-7.56507,20.2113,-39.32289,BOC_EAG,GIT_YEL,HarringtonVillage,D1,ACC,20260516-HarringtonVillage-1,b4ebfda0-5159-11f1-b5fc-93c33bf49278,75.741,,,6.56978,,,,,,,73f0cb14-48f0-42ce-85bb-8a4ada2a1c20,2026-05-16,19:01:54.84,2026-05-16T15:01:54.8457984-04:00,2026-05-16T19:01:54.8457984Z,,v3,227,100,26605,"Gonzalez, Cesar",831498,Right,BOC_EAG,2426872e-d81d-4548-9c34-1572cfac9a36,56.12625,-114.96457,10.10565,5.93824,6.7703,-19.66144,1.34553,3.62278,-3.78254,,,,,,,,,,,,,,,,,,,,,,,,,,,,,,,,,,,,,,,,,,,,,,,,,,,High,High,High,,,,,,339.749321,-58.98983,1353.016356,0.51519,5:15,0.859821,-0.230551,0.455582,81.591042,-32.101897,82.17564,161.669519,8.501016,0.311042,0.147827,-0.938829,8.948259,18.122049,0.147827,0.311042,0.938829,-8.948259,-18.122049,-0.147827,-0.311042,0.938829,-161.669519,-8.501016,-0.311042,-0.147827,-0.938829,,,
294,2026-05-16,15:02:12.12,9,2,"Gelbsman, Aidan",839405,Left,BOC_EAG,"Rogers, Drew",811441,Right,GIT_YEL,Undefined,7,Top,2,1,0,Fastball,Four-Seam,BallCalled,Undefined,Undefined,Undefined,0,0,,90.87234,-3.977132,0.984252,2076.641154,149.010648,11:00,6.00131,-1.21965,5.24463,-15.93607,19.54686,-10.91493,0.92913,-1.20416,81.62264,-7.002571,-0.951954,0.428727,,,,,,,,,,,,5.72465,11.4441,1.1375,50,5.62428,-1.7294,-131.25637,-9.62069,9.79832,32.67293,-12.58625,BOC_EAG,GIT_YEL,HarringtonVillage,D1,ACC,20260516-HarringtonVillage-1,bf2fdc00-5159-11f1-b5fc-93c33bf49278,87.91706,,,9.2497,,,,,,,73f0cb14-48f0-42ce-85bb-8a4ada2a1c20,2026-05-16,19:02:12.12,2026-05-16T15:02:12.1208320-04:00,2026-05-16T19:02:12.1208320Z,,v3,227,100,26605,"Gonzalez, Cesar",831498,Right,BOC_EAG,e612409b-16ae-4360-b75e-d40e6f706078,55.24874,-132.55647,16.33647,5.99714,-9.11987,-6.29312,1.21407,-2.11929,4.89916,,,,,,,,,,,,,,,,,,,,,,,,,,,,,,,,,,,,,,,,,,,,,,,,,,,High,High,High,,,,,,152.670636,-10.639397,2040.940848,0.982809,11:00,0.167863,0.462931,-0.870354,24.533323,17.658084,-14.386093,161.88219,6.165882,0.309173,0.107407,-0.944921,6.484867,18.009395,0.107407,0.309173,0.944921,-6.484867,-18.009395,-0.107407,-0.309173,0.944921,-161.88219,-6.165882,-0.309173,-0.107407,-0.944921,,,
295,2026-05-16,15:02:29.56,9,3,"Gelbsman, Aidan",839405,Left,BOC_EAG,"Rogers, Drew",811441,Right,GIT_YEL,Undefined,7,Top,2,2,0,Fastball,Four-Seam,FoulBallNotFieldable,Undefined,Undefined,Undefined,0,0,,89.64189,-1.166987,2.228986,1952.501615,148.631436,11:00,5.92039,-1.30575,5.42587,-17.67859,18.29698,-10.34434,3.35318,-0.07903,80.57356,-4.533105,0.390016,0.431693,,,,,,,,,,,,5.95142,9.97225,1.11555,50,5.80519,-4.5867,-129.81544,-3.20244,9.98666,31.39744,-15.44035,BOC_EAG,GIT_YEL,HarringtonVillage,D1,ACC,20260516-HarringtonVillage-1,c99d3b60-5159-11f1-b5fc-93c33bf49278,87.31301,,,9.06832,,,,,,,73f0cb14-48f0-42ce-85bb-8a4ada2a1c20,2026-05-16,19:02:29.56,2026-05-16T15:02:29.5667200-04:00,2026-05-16T19:02:29.5667200Z,,v3,227,100,26605,"Gonzalez, Cesar",831498,Right,BOC_EAG,0485b570-c7c0-4331-8d80-dd50cb4a92d5,55.07066,-131.0361,15.69872,5.91803,-2.60216,-7.72017,1.30142,-4.97496,4.99333,,,,,,,,,,,,,,,,,,,,,,,,,,,,,,,,,,,,,,,,,,,,,,,,,,,High,High,High,,,,,,145.741291,-11.245583,1915.014201,0.9808,10:45,0.215119,0.55598,-0.802876,29.281371,23.656951,-27.684563,164.780904,8.242723,0.259799,0.143367,-0.954961,8.53797,15.058133,0.143367,0.259799,0.954961,-8.53797,-15.058133,-0.143367,-0.259799,0.954961,-164.780904,-8.242723,-0.259799,-0.143367,-0.954961,,,
296,2026-05-16,15:03:03.23,9,4,"Gelbsman, Aidan",839405,Left,BOC_EAG,"Rogers, Drew",811441,Right,GIT_YEL,Undefined,7,Top,2,2,1,Fastball,Sinker,FoulBallNotFieldable,Undefined,Undefined,Undefined,0,0,,90.22225,-0.758642,1.746007,2099.116292,143.720315,10:45,5.98676,-1.33785,5.15019,-18.02812,17.52654,-11.97288,3.76984,-0.69135,81.74449,-4.152066,-0.372535,0.429161,74.88038,17.147547,170.418046,1020.339038,-107.80557,14.44153,21.86174,161.01116,45.36513,168.034574,1.83041,6.49449,9.31115,1.18428,50,5.90262,-3.42641,-130.77111,-2.34541,11.16346,29.4754,-16.16904,BOC_EAG,GIT_YEL,HarringtonVillage,D1,ACC,20260516-HarringtonVillage-1,dda58ef0-5159-11f1-b5fc-93c33bf49278,87.8283,16.61597,,8.47777,,,,0.68862,3.72392,0.67551,73f0cb14-48f0-42ce-85bb-8a4ada2a1c20,2026-05-16,19:03:03.23,2026-05-16T15:03:03.2388608-04:00,2026-05-16T19:03:03.2388608Z,LineDrive,v3,227,100,26605,"Gonzalez, Cesar",831498,Right,BOC_EAG,ac4dc345-d826-4fdb-8c59-def52a127218,55.34707,-131.97082,14.7377,5.9847,-1.6873,-8.08452,1.33299,-3.88078,5.58173,50.305035,0.43101,-101.49305,8.36731,,,,,,,4.10694,29.49698,-17.43983,,,,,,,0.61054,17.96777,-0.0191,,,,,,,,,,,,,,,,,,,,,,,,,,,,,High,High,High,High,Low,,,,148.447269,-13.505589,2041.069732,0.972347,11:00,0.251924,0.51186,-0.8213,36.777955,8.275764,-10.652085,164.333614,-1.896791,0.269888,-0.033099,-0.962323,1.969918,-15.657581,0.033099,-0.269888,0.962323,-1.969918,15.657581,-0.033099,0.269888,0.962323,-164.333614,1.896791,-0.269888,0.033099,-0.962323,80.41686,9.77473,-1.03113
297,2026-05-16,15:03:29.29,9,5,"Gelbsman, Aidan",839405,Left,BOC_EAG,"Rogers, Drew",811441,Right,GIT_YEL,Undefined,7,Top,2,2,2,Curveball,Curveball,BallCalled,Undefined,Undefined,Undefined,0,0,,78.44068,0.592837,1.978458,2529.144158,324.462991,4:45,5.91082,-1.20235,4.72876,-56.44838,-7.88004,6.94307,1.76961,1.2541,70.7426,-9.568231,3.199687,0.501589,,,,,,,,,,,,-2.69114,-3.46929,0.99629,50,5.92077,-4.22069,-113.43745,-0.96525,-3.42215,25.41085,-36.58569,BOC_EAG,GIT_YEL,HarringtonVillage,D1,ACC,20260516-HarringtonVillage-1,ed388700-5159-11f1-b5fc-93c33bf49278,75.14605,,,7.69808,,,,,,,73f0cb14-48f0-42ce-85bb-8a4ada2a1c20,2026-05-16,19:03:29.29,2026-05-16T15:03:29.2925952-04:00,2026-05-16T19:03:29.2925952Z,,v3,227,100,26605,"Gonzalez, Cesar",831498,Right,BOC_EAG,ec525090-41f1-486a-8339-3009bb52c930,55.76791,-114.72223,12.70543,5.92281,0.88453,-18.29285,1.20532,-4.04767,-1.71107,,,,,,,,,,,,,,,,,,,,,,,,,,,,,,,,,,,,,,,,,,,,,,,,,,,High,High,High,,,,,,337.499386,-62.271687,1176.758973,0.46528,5:15,0.867907,-0.187208,0.460098,83.345734,-33.502266,86.161442,159.286928,8.459228,0.34984,0.147106,-0.925187,9.034451,20.477554,0.147106,0.34984,0.925187,-9.034451,-20.477554,-0.147106,-0.34984,0.925187,-159.286928,-8.459228,-0.34984,-0.147106,-0.925187,,,
298,2026-05-16,15:03:51.76,9,6,"Gelbsman, Aidan",839405,Left,BOC_EAG,"Rogers, Drew",811441,Right,GIT_YEL,Undefined,7,Top,2,3,2,Fastball,Four-Seam,FoulBallNotFieldable,Undefined,Undefined,Undefined,0,0,,91.44115,-2.494134,2.510309,2291.972832,144.009277,10:45,5.95331,-1.15342,5.14301,-13.37583,21.73123,-14.80225,2.48657,-0.02185,81.92593,-5.080761,-0.106817,0.42645,74.06436,31.556386,159.786273,2627.267718,,,,,45.73971,,,8.22445,12.03749,0.9304,50,5.71023,-5.08996,-132.19855,-6.15763,14.27458,33.23823,-11.28139,BOC_EAG,GIT_YEL,HarringtonVillage,D1,ACC,20260516-HarringtonVillage-1,fa9209d0-5159-11f1-b5fc-93c33bf49278,88.38644,25.20198,,9.51522,,,,1.38823,2.50262,-0.00307,73f0cb14-48f0-42ce-85bb-8a4ada2a1c20,2026-05-16,19:03:51.76,2026-05-16T15:03:51.7639168-04:00,2026-05-16T19:03:51.7639168Z,,v3,227,100,26605,"Gonzalez, Cesar",831498,Right,BOC_EAG,54431582-ce78-42ab-b94f-7e66209722ab,55.35332,-133.53774,16.61911,5.94917,-5.7031,-5.6407,1.14706,-5.66509,7.13729,350.373239,1.38823,-86.86325,6.21672,0.21475,-0.19659,0.3074,0.05274,-0.7446,0.59851,2.50262,56.84905,-28.08319,3.44926,-0.88342,-0.52863,4.97899,-8.93468,5.26349,-0.00307,31.98305,-3.55655,-0.06516,0.11531,-0.02105,-0.97682,2.06456,-1.29457,,,,,,,,,,,,,,,,,,,,,,,High,High,High,High,Undefined,,,,150.732396,-17.151047,2190.050321,0.955531,11:00,0.310529,0.479539,-0.82074,35.592975,-2.872792,-12.355875,170.86486,-2.759689,0.15858,-0.048147,-0.986172,2.795085,-9.124455,0.048147,-0.15858,0.986172,-2.795085,9.124455,-0.048147,0.15858,0.986172,-170.86486,2.759689,-0.15858,0.048147,-0.986172,74.7057,20.79422,-13.15103
299,2026-05-16,15:04:16.53,9,7,"Gelbsman, Aidan",839405,Left,BOC_EAG,"Rogers, Drew",811441,Right,GIT_YEL,Undefined,7,Top,2,3,2,Fastball,Four-Seam,StrikeSwinging,Strikeout,Undefined,Undefined,0,0,,92.32617,-1.331025,0.96791,2080.494323,154.344655,11:15,5.96285,-1.14745,5.15076,-13.62225,20.71489,-9.32607,3.57422,-1.01333,82.70627,-3.960569,-0.682764,0.421749,,,,,,,,,,,,4.89091,11.04749,1.06419,50,5.82862,-1.78957,-133.6057,-3.50099,8.68181,33.60644,-12.56378,BOC_EAG,GIT_YEL,HarringtonVillage,D1,ACC,20260516-HarringtonVillage-1,094eed30-515a-11f1-b5fc-93c33bf49278,89.37182,,,9.6199,,,,,,,73f0cb14-48f0-42ce-85bb-8a4ada2a1c20,2026-05-16,19:04:16.53,2026-05-16T15:04:16.5356544-04:00,2026-05-16T19:04:16.5356544Z,,v3,227,100,26605,"Gonzalez, Cesar",831498,Right,BOC_EAG,3b89d5d7-8ae6-497c-8d69-3c96675aa5de,55.34141,-134.94256,16.80322,5.95795,-3.0012,-6.28189,1.14225,-2.13493,4.34091,,,,,,,,,,,,,,,,,,,,,,,,,,,,,,,,,,,,,,,,,,,,,,,,,,,High,High,High,,,,,,143.463675,-13.476971,2023.205143,0.972464,10:45,0.232711,0.584196,-0.777535,38.461949,10.617249,-13.800595,166.808673,1.280284,0.228147,0.022343,-0.97337,1.31497,13.187975,0.022343,0.228147,0.97337,-1.31497,-13.187975,-0.022343,-0.228147,0.97337,-166.808673,-1.280284,-0.228147,-0.022343,-0.97337,,,
300,2026-05-16,15:07:09.70,1,1,"Shadek, Justin",814536,Right,GIT_YEL,"Shadek, Justin",814536,Right,BOC_EAG,Undefined,7,Bottom,0,0,0,Fastball,Four-Seam,BallCalled,Undefined,Undefined,Undefined,0,0,,95.64098,-1.070237,-1.506219,2368.394611,201.616888,12:45,5.8077,1.57342,6.23098,-9.79504,20.87107,7.8204,4.00363,0.83522,85.76404,-3.03884,-0.094332,0.398567,,,,,,,,,,,,-4.5091,11.43886,-1.4645,50,5.72256,3.29281,-138.70401,-2.77233,-8.62397,36.30495,-10.29636,BOC_EAG,GIT_YEL,HarringtonVillage,D1,ACC,20260516-HarringtonVillage-1,708d9730-515a-11f1-b5fc-93c33bf49278,94.56998,,,9.87694,,,,,,,73f0cb14-48f0-42ce-85bb-8a4ada2a1c20,2026-05-16,19:07:09.70,2026-05-16T15:07:09.7058816-04:00,2026-05-16T19:07:09.7058816Z,,v3,227,100,26605,"Rogers, Drew",811441,Right,GIT_YEL,39347471-0f97-4b77-8e8c-1dde59386f3c,54.26326,-139.81544,18.15247,5.80261,-2.45712,-5.14818,-1.56935,3.55682,-4.31199,,,,,,,,,,,,,,,,,,,,,,,,,,,,,,,,,,,,,,,,,,,,,,,,,,,High,High,High,,,,,,214.034783,14.596782,2291.950713,0.967723,1:15,-0.26285,-0.546244,-0.795316,-31.93409,-21.37997,-30.834024,166.060655,6.326174,0.239428,0.110188,-0.964641,6.516497,13.852766,0.110188,0.239428,0.964641,-6.516497,-13.852766,-0.110188,-0.239428,0.964641,-166.060655,-6.326174,-0.239428,-0.110188,-0.964641,,,
301,2026-05-16,15:07:26.60,1,2,"Shadek, Justin",814536,Right,GIT_YEL,"Solier, Julio",827632,Right,BOC_EAG,Undefined,7,Bottom,0,1,0,Fastball,Four-Seam,FoulBallNotFieldable,Undefined,Undefined,Undefined,0,0,,94.11271,-3.016739,-2.622735,2300.685208,206.837963,1:00,5.7466,1.50207,6.21207,-11.67194,20.07694,9.55989,1.98432,-0.12346,84.65667,-5.316997,-0.89895,0.405542,74.26823,24.310968,156.336979,4101.873255,,,,,45.61272,,,-5.79445,11.71158,-1.30991,50,5.5141,5.82577,-136.27697,-7.4554,-10.7148,34.61361,-10.51767,BOC_EAG,GIT_YEL,HarringtonVillage,D1,ACC,20260516-HarringtonVillage-1,7a9c82e0-515a-11f1-b5fc-93c33bf49278,92.94343,18.69028,,9.45604,,,,0.9603,2.06946,-0.04269,73f0cb14-48f0-42ce-85bb-8a4ada2a1c20,2026-05-16,19:07:26.60,2026-05-16T15:07:26.6043392-04:00,2026-05-16T19:07:26.6043392Z,,v3,227,100,26605,"Rogers, Drew",811441,Right,GIT_YEL,e6fafe28-3a6e-4f82-933a-4e6f314a26a6,54.28399,-137.36077,17.30681,5.74238,-7.12607,-5.25884,-1.49758,6.16126,-5.3574,,0.96202,-90.97144,6.03453,,,,,,,2.0826,44.48844,-22.24038,,,,,,,-0.02248,39.29291,-13.75163,,,,,,,,,,,,,,,,,,,,,,,,,,,,,High,High,High,High,Undefined,,,,217.875823,10.492451,2262.215246,0.983279,1:15,-0.185442,-0.612433,-0.768464,-36.89849,-20.594741,-25.598217,169.698459,3.043278,0.178576,0.05309,-0.982493,3.093043,10.286855,0.05309,0.178576,0.982493,-3.093043,-10.286855,-0.05309,-0.178576,0.982493,-169.698459,-3.043278,-0.178576,-0.05309,-0.982493,,,
302,2026-05-16,15:07:48.94,1,3,"Shadek, Justin",814536,Right,GIT_YEL,"Solier, Julio",827632,Right,BOC_EAG,Undefined,7,Bottom,0,1,1,Curveball,Curveball,StrikeCalled,Undefined,Undefined,Undefined,0,0,,75.62532,2.668158,-0.469292,2243.443767,29.458893,7:00,5.74145,1.467,5.48462,-67.005,-16.86072,-10.47733,2.65588,0.15482,68.97716,-9.508307,-2.339172,0.509662,,,,,,,,,,,,5.11292,-8.78146,-1.41862,50,5.93005,1.30019,-109.71604,2.84757,6.15247,21.73221,-42.74098,BOC_EAG,GIT_YEL,HarringtonVillage,D1,ACC,20260516-HarringtonVillage-1,8802fe00-515a-11f1-b5fc-93c33bf49278,73.95579,,,6.64816,,,,,,,73f0cb14-48f0-42ce-85bb-8a4ada2a1c20,2026-05-16,19:07:48.94,2026-05-16T15:07:48.9473024-04:00,2026-05-16T19:07:48.9473024Z,,v3,227,100,26605,"Rogers, Drew",811441,Right,GIT_YEL,9f31b9bd-f1af-484c-ab74-9fc887f5d899,55.01834,-110.70559,10.86611,5.75608,4.79373,-21.37049,-1.47144,1.02005,3.07623,,,,,,,,,,,,,,,,,,,,,,,,,,,,,,,,,,,,,,,,,,,,,,,,,,,High,High,High,,,,,,24.186532,19.637015,2112.966289,0.941841,6:45,-0.310685,0.401106,0.861736,-41.051223,45.339677,70.469424,166.983392,24.85641,0.204369,0.420346,-0.884049,25.430043,11.79255,0.420346,0.204369,0.884049,-25.430043,-11.79255,-0.420346,-0.204369,0.884049,-166.983392,-24.85641,-0.204369,-0.420346,-0.884049,,,
303,2026-05-16,15:08:10.24,1,4,"Shadek, Justin",814536,Right,GIT_YEL,"Solier, Julio",827632,Right,BOC_EAG,Undefined,7,Bottom,0,1,2,Fastball,Four-Seam,BallCalled,Undefined,Undefined,Undefined,0,0,,95.61968,-1.292808,-1.53335,2428.700834,206.101476,12:45,5.85803,1.48979,6.32748,-11.6402,18.393,8.54678,3.69687,0.78966,87.2981,-3.560981,0.012645,0.394432,,,,,,,,,,,,-4.84965,10.1976,-1.38164,50,5.75777,3.34867,-138.94462,-3.42021,-9.4809,31.12073,-12.23813,BOC_EAG,GIT_YEL,HarringtonVillage,D1,ACC,20260516-HarringtonVillage-1,94af29d0-515a-11f1-b5fc-93c33bf49278,95.56131,,,8.32158,,,,,,,73f0cb14-48f0-42ce-85bb-8a4ada2a1c20,2026-05-16,19:08:10.24,2026-05-16T15:08:10.2491136-04:00,2026-05-16T19:08:10.2491136Z,,v3,227,100,26605,"Rogers, Drew",811441,Right,GIT_YEL,f7400de3-3335-45b9-9a0c-761fb2f8a24a,54.17008,-139.87551,15.56036,5.85461,-3.05414,-6.11907,-1.48605,3.63226,-4.74045,,,,,,,,,,,,,,,,,,,,,,,,,,,,,,,,,,,,,,,,,,,,,,,,,,,High,High,High,,,,,,213.71707,13.985769,2356.703901,0.970356,1:00,-0.250982,-0.543953,-0.800702,-27.358375,-21.926597,-41.322822,171.819078,8.027676,0.140905,0.139651,-0.980124,8.109115,8.100213,0.139651,0.140905,0.980124,-8.109115,-8.100213,-0.139651,-0.140905,0.980124,-171.819078,-8.027676,-0.140905,-0.139651,-0.980124,,,
304,2026-05-16,15:08:30.86,1,5,"Shadek, Justin",814536,Right,GIT_YEL,"Solier, Julio",827632,Right,BOC_EAG,Undefined,7,Bottom,0,2,2,Curveball,Curveball,BallCalled,Undefined,Undefined,Undefined,0,0,,77.69994,3.012735,-1.729363,2266.480777,31.324628,7:00,5.75364,1.41511,5.66841,-66.1546,-18.93903,-12.48217,3.05364,-1.23798,70.85823,-9.03445,-3.960899,0.494554,,,,,,,,,,,,5.7628,-10.02658,-1.26114,50,5.96689,3.88378,-112.70196,3.68051,7.31705,22.93157,-44.90486,BOC_EAG,GIT_YEL,HarringtonVillage,D1,ACC,20260516-HarringtonVillage-1,a0fd7e30-515a-11f1-b5fc-93c33bf49278,76.21496,,,6.84171,,,,,,,73f0cb14-48f0-42ce-85bb-8a4ada2a1c20,2026-05-16,19:08:30.86,2026-05-16T15:08:30.8617216-04:00,2026-05-16T19:08:30.8617216Z,,v3,227,100,26605,"Rogers, Drew",811441,Right,GIT_YEL,7b55db09-3a66-4676-a9c2-68cfe5b74b4c,54.83534,-113.68156,11.46579,5.76869,5.59876,-22.45243,-1.42037,3.5712,3.65853,,,,,,,,,,,,,,,,,,,,,,,,,,,,,,,,,,,,,,,,,,,,,,,,,,,High,High,High,,,,,,25.356758,28.427629,1993.18653,0.879419,6:45,-0.431406,0.401114,0.808082,123.067883,-23.801525,29.132693,170.027361,22.023648,0.160541,0.374989,-0.913022,22.328547,9.238296,0.374989,0.160541,0.913022,-22.328547,-9.238296,-0.374989,-0.160541,0.913022,-170.027361,-22.023648,-0.160541,-0.374989,-0.913022,,,
305,2026-05-16,15:08:49.07,1,6,"Shadek, Justin",814536,Right,GIT_YEL,"Solier, Julio",827632,Right,BOC_EAG,Undefined,7,Bottom,0,3,2,Fastball,Four-Seam,BallCalled,Walk,Undefined,Undefined,0,0,,95.16314,-1.997021,-1.021699,2340.012635,210.565874,1:00,5.72999,1.53012,6.40002,-12.42198,17.86973,9.97875,2.85731,1.42201,86.83815,-4.40899,0.786525,0.396126,,,,,,,,,,,,-5.47634,10.17253,-1.46106,50,5.58072,2.04121,-138.26343,-5.13095,-10.58194,31.34377,-12.51772,BOC_EAG,GIT_YEL,HarringtonVillage,D1,ACC,20260516-HarringtonVillage-1,abd908b0-515a-11f1-b5fc-93c33bf49278,95.15266,,,8.32499,,,,,,,73f0cb14-48f0-42ce-85bb-8a4ada2a1c20,2026-05-16,19:08:49.07,2026-05-16T15:08:49.0774016-04:00,2026-05-16T19:08:49.0774016Z,,v3,227,100,26605,"Rogers, Drew",811441,Right,GIT_YEL,eb1032d2-329d-494e-8bba-50d5d66b44f1,54.09776,-139.18927,15.67188,5.72682,-4.7612,-6.25886,-1.52597,2.35378,-5.29097,,,,,,,,,,,,,,,,,,,,,,,,,,,,,,,,,,,,,,,,,,,,,,,,,,,High,High,High,,,,,,215.617421,14.40887,2266.406718,0.968545,1:15,-0.243036,-0.57238,-0.783144,-29.252671,-28.188066,-36.760278,165.950256,8.9559,0.239805,0.155674,-0.958258,9.227393,13.875004,0.155674,0.239805,0.958258,-9.227393,-13.875004,-0.155674,-0.239805,0.958258,-165.950256,-8.9559,-0.239805,-0.155674,-0.958258,,,
306,2026-05-16,15:09:30.69,2,1,"Shadek, Justin",814536,Right,GIT_YEL,"Wang, Nick",813482,Right,BOC_EAG,Undefined,7,Bottom,0,0,0,Fastball,Four-Seam,StrikeCalled,Undefined,Undefined,Undefined,0,0,,93.52114,-2.022119,-2.442283,2235.175012,209.324783,1:00,5.78901,1.52377,6.25379,-12.79387,18.75741,9.96831,2.85566,0.10092,85.38201,-4.500808,-0.64297,0.404278,,,,,,,,,,,,-5.82366,10.58174,-1.34692,50,5.63211,5.36266,-135.75169,-5.11905,-10.8657,29.76029,-12.43079,BOC_EAG,GIT_YEL,HarringtonVillage,D1,ACC,20260516-HarringtonVillage-1,c4974330-515a-11f1-b5fc-93c33bf49278,93.23402,,,8.13913,,,,,,,73f0cb14-48f0-42ce-85bb-8a4ada2a1c20,2026-05-16,19:09:30.69,2026-05-16T15:09:30.6903040-04:00,2026-05-16T19:09:30.6903040Z,,v3,227,100,26605,"Rogers, Drew",811441,Right,GIT_YEL,6a6a9f59-ae16-4443-ba34-53156c2591f6,54.24372,-136.67886,14.88014,5.78556,-4.73178,-6.2154,-1.51927,5.70118,-5.43285,,,,,,,,,,,,,,,,,,,,,,,,,,,,,,,,,,,,,,,,,,,,,,,,,,,High,High,High,,,,,,213.173932,17.144555,2135.852931,0.955564,1:00,-0.309982,-0.532944,-0.787326,-32.469939,-21.009375,-41.604156,170.273387,5.256364,0.168237,0.091612,-0.98148,5.332587,9.685315,0.091612,0.168237,0.98148,-5.332587,-9.685315,-0.091612,-0.168237,0.98148,-170.273387,-5.256364,-0.168237,-0.091612,-0.98148,,,
307,2026-05-16,15:09:46.60,2,2,"Shadek, Justin",814536,Right,GIT_YEL,"Wang, Nick",813482,Right,BOC_EAG,Undefined,7,Bottom,0,0,1,Fastball,Four-Seam,StrikeSwinging,Undefined,Undefined,Undefined,0,0,,94.92332,-1.770704,-2.677947,2401.292741,209.651133,1:00,5.76776,1.54847,6.33257,-13.99099,16.18902,8.73067,2.9691,-0.19158,87.6741,-4.440821,-1.100111,0.395395,,,,,,,,,,,,-5.20524,9.13918,-1.35722,50,5.63167,6.08974,-137.97075,-4.66588,-10.15372,27.2527,-14.34648,BOC_EAG,GIT_YEL,HarringtonVillage,D1,ACC,20260516-HarringtonVillage-1,ce1d76e0-515a-11f1-b5fc-93c33bf49278,95.32856,,,7.24922,,,,,,,73f0cb14-48f0-42ce-85bb-8a4ada2a1c20,2026-05-16,19:09:46.60,2026-05-16T15:09:46.6005504-04:00,2026-05-16T19:09:46.6005504Z,,v3,227,100,26605,"Rogers, Drew",811441,Right,GIT_YEL,4f0e999f-e784-466b-ab4b-cac32b4352d8,54.16732,-138.79146,13.62635,5.76568,-4.23384,-7.17324,-1.54521,6.39552,-5.07686,,,,,,,,,,,,,,,,,,,,,,,,,,,,,,,,,,,,,,,,,,,,,,,,,,,High,High,High,,,,,,213.318882,17.752357,2286.951002,0.952383,1:00,-0.325461,-0.532314,-0.781484,-39.412486,-19.431172,-38.791798,169.350502,-0.364455,0.184797,-0.006361,-0.982756,0.370842,-10.64928,0.006361,-0.184797,0.982756,-0.370842,10.64928,-0.006361,0.184797,0.982756,-169.350502,0.364455,-0.184797,0.006361,-0.982756,,,
308,2026-05-16,15:10:06.92,2,3,"Shadek, Justin",814536,Right,GIT_YEL,"Wang, Nick",813482,Right,BOC_EAG,Undefined,7,Bottom,0,0,2,Curveball,Curveball,BallCalled,Undefined,Undefined,Undefined,0,0,,75.70872,2.083785,-2.423264,2274.392733,38.712719,7:15,5.81656,1.40984,5.93838,-64.23157,-15.51965,-13.59828,2.39957,-1.97267,69.97529,-9.633536,-4.865671,0.50233,,,,,,,,,,,,6.26567,-8.05863,-1.20904,50,5.94715,5.14125,-109.99474,1.98022,7.65689,19.97025,-42.02201,BOC_EAG,GIT_YEL,HarringtonVillage,D1,ACC,20260516-HarringtonVillage-1,da37c2f0-515a-11f1-b5fc-93c33bf49278,75.03522,,,5.73342,,,,,,,73f0cb14-48f0-42ce-85bb-8a4ada2a1c20,2026-05-16,19:10:06.92,2026-05-16T15:10:06.9244416-04:00,2026-05-16T19:10:06.9244416Z,,v3,227,100,26605,"Rogers, Drew",811441,Right,GIT_YEL,f2d31388-a241-4c8d-8857-8ed7ae610df6,54.56621,-110.82066,9.98512,5.82931,3.71815,-21.011,-1.41512,4.82458,3.82845,,,,,,,,,,,,,,,,,,,,,,,,,,,,,,,,,,,,,,,,,,,,,,,,,,,High,High,High,,,,,,27.693592,24.780495,2064.967153,0.90792,7:00,-0.369172,0.436911,0.820257,18.216182,-55.90766,-52.966938,163.74758,21.090716,0.261122,0.359846,-0.895727,21.887099,15.136625,0.359846,0.261122,0.895727,-21.887099,-15.136625,-0.359846,-0.261122,0.895727,-163.74758,-21.090716,-0.261122,-0.359846,-0.895727,,,
309,2026-05-16,15:10:27.75,2,4,"Shadek, Justin",814536,Right,GIT_YEL,"Wang, Nick",813482,Right,BOC_EAG,Undefined,7,Bottom,0,1,2,Fastball,Four-Seam,BallCalled,Undefined,Undefined,Undefined,0,0,,96.55866,-3.566499,-3.73697,2291.122137,211.986942,1:00,5.83067,1.41008,6.2169,-9.24229,20.5384,12.21646,1.75802,-1.02527,88.08987,-5.393721,-1.537888,0.39277,,,,,,,,,,,,-7.35914,11.92178,-1.13576,50,5.55787,8.59545,-139.82507,-8.92904,-14.56564,31.59885,-8.57772,BOC_EAG,GIT_YEL,HarringtonVillage,D1,ACC,20260516-HarringtonVillage-1,e69643f0-515a-11f1-b5fc-93c33bf49278,95.96562,,,8.46879,,,,,,,73f0cb14-48f0-42ce-85bb-8a4ada2a1c20,2026-05-16,19:10:27.75,2026-05-16T15:10:27.7598208-04:00,2026-05-16T19:10:27.7598208Z,,v3,227,100,26605,"Rogers, Drew",811441,Right,GIT_YEL,46770122-f7ff-4ec9-82cd-93beaed4f91d,54.28171,-140.78936,15.79943,5.82636,-8.66728,-4.28886,-1.40485,9.03994,-7.28282,,,,,,,,,,,,,,,,,,,,,,,,,,,,,,,,,,,,,,,,,,,,,,,,,,,High,High,High,,,,,,214.385208,6.477157,2276.497695,0.993617,1:15,-0.13096,-0.56708,-0.813185,-27.224276,-10.253706,-12.588127,171.280997,8.747513,0.149825,0.15208,-0.976946,8.848174,8.616808,0.15208,0.149825,0.976946,-8.848174,-8.616808,-0.15208,-0.149825,0.976946,-171.280997,-8.747513,-0.149825,-0.15208,-0.976946,,,
310,2026-05-16,15:10:48.22,2,5,"Shadek, Justin",814536,Right,GIT_YEL,"Wang, Nick",813482,Right,BOC_EAG,Undefined,7,Bottom,0,2,2,Fastball,Four-Seam,InPlay,Undefined,FlyBall,Out,1,0,,94.54307,-1.38056,-2.356041,2294.374596,215.491644,1:15,5.7692,1.47137,6.20082,-15.78587,15.13741,10.09052,3.17801,0.13619,86.29763,-4.394052,-0.536025,0.400234,93.88827,33.761903,-6.488606,3707.603738,109.28707,70.85696,-12.50305,354.44538,352.38963,-6.423111,5.539672,-5.9104,8.53764,-1.29926,50,5.65734,5.22067,-137.29999,-3.78084,-11.2688,30.73782,-15.89614,BOC_EAG,GIT_YEL,HarringtonVillage,D1,ACC,20260516-HarringtonVillage-1,f2c52970-515a-11f1-b5fc-93c33bf49278,94.17592,100.40506,,8.24543,,,,1.18578,3.2315,-0.14135,73f0cb14-48f0-42ce-85bb-8a4ada2a1c20,2026-05-16,19:10:48.22,2026-05-16T15:10:48.2242560-04:00,2026-05-16T19:10:48.2242560Z,FlyBall,v3,227,100,26605,"Rogers, Drew",811441,Right,GIT_YEL,d63efdb4-692b-4ad5-9721-8683e708ca2f,54.2982,-138.2589,15.36891,5.76755,-3.28494,-7.94807,-1.46761,5.57221,-5.6344,179.640542,1.19036,113.66254,-22.7156,5.12923,-0.87405,0.11676,-0.01362,0.00133,-7E-05,3.23055,76.53459,-16.44591,0.47127,0.19186,-0.12994,0.03504,-0.00441,0.00021,-0.14184,-12.92797,2.49151,-0.53484,0.08732,-0.01117,0.00136,-0.00015,1E-05,,,,,,,,,,,,,,,,,,,,,,,High,High,High,High,High,,,,212.162961,17.075712,2193.233003,0.955918,1:00,-0.314318,-0.51579,-0.796972,-38.973196,-23.390589,-29.847408,160.676397,0.779009,0.330873,0.013596,-0.943577,0.825509,19.321746,0.013596,0.330873,0.943577,-0.825509,-19.321746,-0.013596,-0.330873,0.943577,-160.676397,-0.779009,-0.330873,-0.013596,-0.943577,71.27407,14.17363,-10.77288
311,2026-05-16,15:11:29.93,3,1,"Shadek, Justin",814536,Right,GIT_YEL,"Mainolfi, Ty",839397,Left,BOC_EAG,Undefined,7,Bottom,1,0,0,Fastball,Four-Seam,FoulBallNotFieldable,Undefined,Undefined,Undefined,0,0,,93.22584,-2.659238,-3.398223,2349.935368,213.284811,1:00,5.78424,1.53407,6.56036,-12.48843,19.01379,11.80257,2.29947,-0.60157,84.98944,-5.097581,-1.258072,0.403964,77.3455,74.273794,-127.974322,5137.087572,,,,,10.72227,,,-7.18945,11.07036,-1.30447,50,5.59503,7.55996,-135.22531,-6.58232,-13.27657,30.22535,-11.73069,BOC_EAG,GIT_YEL,HarringtonVillage,D1,ACC,20260516-HarringtonVillage-1,0ba6a360-515b-11f1-b5fc-93c33bf49278,93.30653,38.28267,,8.2364,,,,1.47674,2.37029,0.60403,73f0cb14-48f0-42ce-85bb-8a4ada2a1c20,2026-05-16,19:11:29.93,2026-05-16T15:11:29.9334656-04:00,2026-05-16T19:11:29.9334656Z,,v3,227,100,26605,"Rogers, Drew",811441,Right,GIT_YEL,8f71afea-fa32-4796-b878-8c6d7293c72f,53.93879,-136.10285,15.11268,5.78119,-6.24174,-5.86534,-1.52955,7.94543,-6.63828,6.818963,1.48395,-19.18394,-6.68543,,,,,,,2.37823,108.90479,-29.0209,,,,,,,0.6076,-24.36871,-2.33564,,,,,,,,,,,,,,,,,,,,,,,,,,,,,High,High,High,High,Undefined,,,,215.919355,20.444084,2201.921201,0.937014,1:15,-0.367825,-0.565309,-0.73833,-36.074447,-32.651653,-55.087413,169.332864,3.373498,0.184782,0.058845,-0.981016,3.43268,10.648435,0.058845,0.184782,0.981016,-3.43268,-10.648435,-0.058845,-0.184782,0.981016,-169.332864,-3.373498,-0.184782,-0.058845,-0.981016,,,
312,2026-05-16,15:11:54.93,3,2,"Shadek, Justin",814536,Right,GIT_YEL,"Mainolfi, Ty",839397,Left,BOC_EAG,Undefined,7,Bottom,1,0,1,Fastball,Four-Seam,StrikeSwinging,Undefined,Undefined,Undefined,0,0,,94.93225,-1.700777,-2.526066,2472.361745,212.925163,1:00,5.7884,1.46348,6.38112,-11.57768,19.08847,11.68434,3.257,0.11184,86.05409,-3.975861,-0.412085,0.398567,,,,,,,,,,,,-6.79067,10.72843,-1.28625,50,5.65995,5.56884,-137.75166,-4.35354,-12.95346,32.67145,-11.70917,BOC_EAG,GIT_YEL,HarringtonVillage,D1,ACC,20260516-HarringtonVillage-1,1a8abdd0-515b-11f1-b5fc-93c33bf49278,94.56993,,,8.87816,,,,,,,73f0cb14-48f0-42ce-85bb-8a4ada2a1c20,2026-05-16,19:11:54.93,2026-05-16T15:11:54.9300224-04:00,2026-05-16T19:11:54.9300224Z,,v3,227,100,26605,"Rogers, Drew",811441,Right,GIT_YEL,26640d40-3136-4e6a-8b0c-d7533ecba07f,54.11526,-138.72427,16.33573,5.78436,-4.00496,-5.85459,-1.45777,5.95446,-6.47673,,,,,,,,,,,,,,,,,,,,,,,,,,,,,,,,,,,,,,,,,,,,,,,,,,,High,High,High,,,,,,218.986042,17.776245,2354.321436,0.952256,1:15,-0.319729,-0.607891,-0.726802,-42.486293,-28.674569,-40.041185,167.277448,0.957651,0.220199,0.016713,-0.975312,0.98175,12.720745,0.016713,0.220199,0.975312,-0.98175,-12.720745,-0.016713,-0.220199,0.975312,-167.277448,-0.957651,-0.220199,-0.016713,-0.975312,,,
313,2026-05-16,15:12:16.71,3,3,"Shadek, Justin",814536,Right,GIT_YEL,"Mainolfi, Ty",839397,Left,BOC_EAG,Undefined,7,Bottom,1,0,2,Fastball,Four-Seam,StrikeCalled,Strikeout,Undefined,Undefined,0,0,,95.80436,-3.55183,-2.11379,2362.570378,218.890912,1:15,5.83446,1.38451,6.24508,-12.53989,17.77131,13.498,1.50713,0.55888,87.07194,-5.978563,0.323919,0.396253,,,,,,,,,,,,-7.59327,10.56367,-1.23343,50,5.56336,4.53038,-138.85285,-8.9497,-14.72881,32.96387,-11.68349,BOC_EAG,GIT_YEL,HarringtonVillage,D1,ACC,20260516-HarringtonVillage-1,278a87e0-515b-11f1-b5fc-93c33bf49278,95.12209,,,8.73242,,,,,,,73f0cb14-48f0-42ce-85bb-8a4ada2a1c20,2026-05-16,19:12:16.71,2026-05-16T15:12:16.7152128-04:00,2026-05-16T19:12:16.7152128Z,,v3,227,100,26605,"Rogers, Drew",811441,Right,GIT_YEL,4169ee0c-6d69-447e-8fae-8ad1807df3a6,54.25233,-139.85872,16.48194,5.83101,-8.59319,-5.84175,-1.37853,4.97982,-7.36441,,,,,,,,,,,,,,,,,,,,,,,,,,,,,,,,,,,,,,,,,,,,,,,,,,,High,High,High,,,,,,213.468415,15.55351,2276.054123,0.96338,1:00,-0.264191,-0.546873,-0.794438,-38.429081,-16.759141,-24.240305,165.87036,0.346485,0.244112,0.006047,-0.969728,0.357294,14.129377,0.006047,0.244112,0.969728,-0.357294,-14.129377,-0.006047,-0.244112,0.969728,-165.87036,-0.346485,-0.244112,-0.006047,-0.969728,,,
314,2026-05-16,15:12:53.10,4,1,"Shadek, Justin",814536,Right,GIT_YEL,"Wolff, Kyle",813479,Right,BOC_EAG,Undefined,7,Bottom,2,0,0,Fastball,Four-Seam,BallCalled,Undefined,Undefined,Undefined,0,0,,92.47698,-1.030135,-4.225776,2420.231746,213.253173,1:00,5.83257,1.3766,6.57092,-12.90701,19.43143,11.98276,3.81006,-1.50533,83.31594,-3.576047,-2.056369,0.40929,,,,,,,,,,,,-7.56107,10.81674,-1.09005,50,5.75558,9.40025,-133.96439,-2.68824,-13.56486,32.39189,-12.76837,BOC_EAG,GIT_YEL,HarringtonVillage,D1,ACC,20260516-HarringtonVillage-1,3d391160-515b-11f1-b5fc-93c33bf49278,92.09233,,,9.16104,,,,,,,73f0cb14-48f0-42ce-85bb-8a4ada2a1c20,2026-05-16,19:12:53.10,2026-05-16T15:12:53.1002368-04:00,2026-05-16T19:12:53.1002368Z,,v3,227,100,26605,"Rogers, Drew",811441,Right,GIT_YEL,95e547fb-e0b5-4419-bd10-150508681bcf,53.92469,-134.91002,16.19595,5.82862,-2.31549,-6.38418,-1.37025,9.79626,-6.78243,,,,,,,,,,,,,,,,,,,,,,,,,,,,,,,,,,,,,,,,,,,,,,,,,,,High,High,High,,,,,,215.558417,21.599819,2250.277381,0.929778,1:15,-0.413104,-0.547227,-0.727934,-40.434569,-39.612686,-59.675874,164.870705,0.519195,0.260987,0.009062,-0.9653,0.537836,15.128659,0.009062,0.260987,0.9653,-0.537836,-15.128659,-0.009062,-0.260987,0.9653,-164.870705,-0.519195,-0.260987,-0.009062,-0.9653,,,
315,2026-05-16,15:13:12.85,4,2,"Shadek, Justin",814536,Right,GIT_YEL,"Wolff, Kyle",813479,Right,BOC_EAG,Undefined,7,Bottom,2,1,0,Fastball,Four-Seam,StrikeSwinging,Undefined,Undefined,Undefined,0,0,,94.55578,-3.344873,-1.6239,2352.276576,218.27577,1:15,5.75542,1.54964,6.36006,-14.84887,15.91154,11.77745,1.43497,1.03621,86.54527,-6.181415,0.508845,0.399179,,,,,,,,,,,,-6.60284,9.53493,-1.43737,50,5.50587,3.40017,-137.2308,-8.44044,-12.58603,30.48918,-13.99906,BOC_EAG,GIT_YEL,HarringtonVillage,D1,ACC,20260516-HarringtonVillage-1,48fb5260-515b-11f1-b5fc-93c33bf49278,94.42495,,,8.0105,,,,,,,73f0cb14-48f0-42ce-85bb-8a4ada2a1c20,2026-05-16,19:13:12.85,2026-05-16T15:13:12.8519168-04:00,2026-05-16T19:13:12.8519168Z,,v3,227,100,26605,"Rogers, Drew",811441,Right,GIT_YEL,37c78ab1-9c93-4425-9a06-17a48d5f33e6,54.13898,-138.14731,15.24459,5.75326,-8.01963,-6.99953,-1.54526,3.77851,-6.29302,,,,,,,,,,,,,,,,,,,,,,,,,,,,,,,,,,,,,,,,,,,,,,,,,,,High,High,High,,,,,,218.059774,17.391332,2244.743566,0.954286,1:15,-0.285249,-0.604738,-0.743589,-41.91224,-28.273791,-39.99138,168.31218,-0.590655,0.202568,-0.010309,-0.979214,0.60316,-11.687191,0.010309,-0.202568,0.979214,-0.60316,11.687191,-0.010309,0.202568,0.979214,-168.31218,0.590655,-0.202568,0.010309,-0.979214,,,
316,2026-05-16,15:13:31.74,4,3,"Shadek, Justin",814536,Right,GIT_YEL,"Wolff, Kyle",813479,Right,BOC_EAG,Undefined,7,Bottom,2,1,1,Fastball,Four-Seam,StrikeCalled,Undefined,Undefined,Undefined,0,0,,93.28925,-2.204133,-2.606402,2411.884611,213.696646,1:00,5.6642,1.5985,6.63558,-14.91229,16.06426,10.10973,2.40055,0.05317,86.00771,-5.062142,-0.768288,0.400579,,,,,,,,,,,,-5.97819,9.30359,-1.42598,50,5.50855,5.77343,-135.58997,-5.61344,-11.22868,27.16624,-14.69943,BOC_EAG,GIT_YEL,HarringtonVillage,D1,ACC,20260516-HarringtonVillage-1,543e2a30-515b-11f1-b5fc-93c33bf49278,94.09498,,,7.28154,,,,,,,73f0cb14-48f0-42ce-85bb-8a4ada2a1c20,2026-05-16,19:13:31.74,2026-05-16T15:13:31.7461504-04:00,2026-05-16T19:13:31.7461504Z,,v3,227,100,26605,"Rogers, Drew",811441,Right,GIT_YEL,6723183d-7375-4e2f-84d6-41da24990578,53.8639,-136.36193,13.58312,5.66213,-5.19574,-7.34971,-1.59457,6.0925,-5.61434,,,,,,,,,,,,,,,,,,,,,,,,,,,,,,,,,,,,,,,,,,,,,,,,,,,High,High,High,,,,,,217.044022,23.943436,2204.333622,0.913947,1:15,-0.417134,-0.565788,-0.711254,-41.544515,-40.039189,-54.856657,163.303863,2.475283,0.287028,0.043188,-0.956948,2.584085,16.680103,0.043188,0.287028,0.956948,-2.584085,-16.680103,-0.043188,-0.287028,0.956948,-163.303863,-2.475283,-0.287028,-0.043188,-0.956948,,,
317,2026-05-16,15:13:49.97,4,4,"Shadek, Justin",814536,Right,GIT_YEL,"Wolff, Kyle",813479,Right,BOC_EAG,Undefined,7,Bottom,2,1,2,Fastball,Four-Seam,StrikeSwinging,Strikeout,Undefined,Undefined,0,0,,97.40986,-1.987273,-2.557091,2492.229797,210.141858,1:00,5.81187,1.32622,6.27211,-10.73524,18.14942,10.0343,3.08275,-0.19639,89.42285,-4.072513,-0.745566,0.386816,,,,,,,,,,,,-5.86418,10.20398,-1.14173,50,5.65924,5.87871,-141.49156,-5.1848,-11.9621,30.3985,-11.35935,BOC_EAG,GIT_YEL,HarringtonVillage,D1,ACC,20260516-HarringtonVillage-1,5f239fc0-515b-11f1-b5fc-93c33bf49278,97.44269,,,7.98701,,,,,,,73f0cb14-48f0-42ce-85bb-8a4ada2a1c20,2026-05-16,19:13:49.97,2026-05-16T15:13:49.9742720-04:00,2026-05-16T19:13:49.9742720Z,,v3,227,100,26605,"Rogers, Drew",811441,Right,GIT_YEL,55994b74-e816-457a-b503-1b16453f4754,54.22685,-142.39677,15.19925,5.8086,-4.84654,-5.67967,-1.32209,6.23492,-5.98105,,,,,,,,,,,,,,,,,,,,,,,,,,,,,,,,,,,,,,,,,,,,,,,,,,,High,High,High,,,,,,216.790272,13.254815,2425.836782,0.97336,1:15,-0.243499,-0.590534,-0.769401,-43.983689,-22.776698,-24.72509,164.080939,-2.315511,0.274055,-0.040402,-0.960865,2.407745,-15.905719,0.040402,-0.274055,0.960865,-2.407745,15.905719,-0.040402,0.274055,0.960865,-164.080939,2.315511,-0.274055,0.040402,-0.960865,,,