PitchNo,Date,Time,PAofInning,PitchofPA,Pitcher,PitcherId,PitcherThrows,PitcherTeam,Batter,BatterId,BatterSide,BatterTeam,PitcherSet,Inning,Top/Bottom,Outs,Balls,Strikes,TaggedPitchType,AutoPitchType,PitchCall,KorBB,TaggedHitType,PlayResult,OutsOnPlay,RunsScored,Notes,RelSpeed,VertRelAngle,HorzRelAngle,SpinRate,SpinAxis,Tilt,RelHeight,RelSide,Extension,VertBreak,InducedVertBreak,HorzBreak,PlateLocHeight,PlateLocSide,ZoneSpeed,VertApprAngle,HorzApprAngle,ZoneTime,ExitSpeed,Angle,Direction,HitSpinRate,PositionAt110X,PositionAt110Y,PositionAt110Z,Distance,LastTrackedDistance,Bearing,HangTime,pfxx,pfxz,x0,y0,z0,vx0,vy0,vz0,ax0,ay0,az0,HomeTeam,AwayTeam,Stadium,Level,League,GameID,PitchUID,EffectiveVelo,MaxHeight,MeasuredDuration,SpeedDrop,PitchLastMeasuredX,PitchLastMeasuredY,PitchLastMeasuredZ,ContactPositionX,ContactPositionY,ContactPositionZ,GameUID,UTCDate,UTCTime,LocalDateTime,UTCDateTime,AutoHitType,System,HomeTeamForeignID,AwayTeamForeignID,GameForeignID,Catcher,CatcherId,CatcherThrows,CatcherTeam,PlayID,PitchTrajectoryXc0,PitchTrajectoryXc1,PitchTrajectoryXc2,PitchTrajectoryYc0,PitchTrajectoryYc1,PitchTrajectoryYc2,PitchTrajectoryZc0,PitchTrajectoryZc1,PitchTrajectoryZc2,HitSpinAxis,HitTrajectoryXc0,HitTrajectoryXc1,HitTrajectoryXc2,HitTrajectoryXc3,HitTrajectoryXc4,HitTrajectoryXc5,HitTrajectoryXc6,HitTrajectoryXc7,HitTrajectoryXc8,HitTrajectoryYc0,HitTrajectoryYc1,HitTrajectoryYc2,HitTrajectoryYc3,HitTrajectoryYc4,HitTrajectoryYc5,HitTrajectoryYc6,HitTrajectoryYc7,HitTrajectoryYc8,HitTrajectoryZc0,HitTrajectoryZc1,HitTrajectoryZc2,HitTrajectoryZc3,HitTrajectoryZc4,HitTrajectoryZc5,HitTrajectoryZc6,HitTrajectoryZc7,HitTrajectoryZc8,ThrowSpeed,PopTime,ExchangeTime,TimeToBase,CatchPositionX,CatchPositionY,CatchPositionZ,ThrowPositionX,ThrowPositionY,ThrowPositionZ,BasePositionX,BasePositionY,BasePositionZ,ThrowTrajectoryXc0,ThrowTrajectoryXc1,ThrowTrajectoryXc2,ThrowTrajectoryYc0,ThrowTrajectoryYc1,ThrowTrajectoryYc2,ThrowTrajectoryZc0,ThrowTrajectoryZc1,ThrowTrajectoryZc2,PitchReleaseConfidence,PitchLocationConfidence,PitchMovementConfidence,HitLaunchConfidence,HitLandingConfidence,CatcherThrowCatchConfidence,CatcherThrowReleaseConfidence,CatcherThrowLocationConfidence,SpinAxis3dTransverseAngle,SpinAxis3dLongitudinalAngle,SpinAxis3dActiveSpinRate,SpinAxis3dSpinEfficiency,SpinAxis3dTilt,SpinAxis3dVectorX,SpinAxis3dVectorY,SpinAxis3dVectorZ,SpinAxis3dSeamOrientationRotationX,SpinAxis3dSeamOrientationRotationY,SpinAxis3dSeamOrientationRotationZ,SpinAxis3dSeamOrientationBallAngleHorizontalAmb1,SpinAxis3dSeamOrientationBallAngleVerticalAmb1,SpinAxis3dSeamOrientationBallXAmb1,SpinAxis3dSeamOrientationBallYAmb1,SpinAxis3dSeamOrientationBallZAmb1,SpinAxis3dSeamOrientationBallAngleHorizontalAmb2,SpinAxis3dSeamOrientationBallAngleVerticalAmb2,SpinAxis3dSeamOrientationBallXAmb2,SpinAxis3dSeamOrientationBallYAmb2,SpinAxis3dSeamOrientationBallZAmb2,SpinAxis3dSeamOrientationBallAngleHorizontalAmb3,SpinAxis3dSeamOrientationBallAngleVerticalAmb3,SpinAxis3dSeamOrientationBallXAmb3,SpinAxis3dSeamOrientationBallYAmb3,SpinAxis3dSeamOrientationBallZAmb3,SpinAxis3dSeamOrientationBallAngleHorizontalAmb4,SpinAxis3dSeamOrientationBallAngleVerticalAmb4,SpinAxis3dSeamOrientationBallXAmb4,SpinAxis3dSeamOrientationBallYAmb4,SpinAxis3dSeamOrientationBallZAmb4,BatSpeed,VerticalAttackAngle,HorizontalAttackAngle
1,2026-05-21,15:40:15.42,1,1,"Colarusso, AJ",1000090794,Left,BOC_EAG,"Ogden, Jake",804826,Right,MIA_HUR,Undefined,1,Top,0,0,0,Fastball,Four-Seam,FoulBallNotFieldable,Undefined,Undefined,Undefined,0,0,,90.96626,-2.092712,1.134416,2167.897887,155.635942,11:15,5.85969,-1.15128,5.60267,-12.06127,22.3484,-9.58209,2.89976,-0.89066,82.43372,-4.440764,-0.575697,0.422194,,,,,,,,,,,,5.1652,12.2628,1.06043,50,5.67295,-2.17496,-131.8826,-5.12438,9.02803,30.03559,-10.74046,BOC_EAG,MIA_HUR,TruistField,D1,ACC,20260521-TruistField-2,e44c30f0-554c-11f1-b22b-2feaa7944c68,89.27762,,,8.53254,,,,,,,ca2eee80-f2ce-4c98-97a8-1c82669d3b1d,2026-05-21,19:40:15.42,2026-05-21T15:40:15.4263552-04:00,2026-05-21T19:40:15.4263552Z,,v3,227,236,,"Johnson, Gunnar",1000100233,Right,BOC_EAG,053ae5a8-3718-4090-a680-b7c4e21be13b,54.89261,-132.9922,15.0178,5.85493,-4.7276,-5.37023,1.14694,-2.50848,4.51402,,,,,,,,,,,,,,,,,,,,,,,,,,,,,,,,,,,,,,,,,,,,,,,,,,,High,High,High,,,,,,,,,,,,,,,,,,,,,,,,,,,,,,,,,,,,,,,
2,2026-05-21,15:40:32.66,1,2,"Colarusso, AJ",1000090794,Left,BOC_EAG,"Ogden, Jake",804826,Right,MIA_HUR,Undefined,1,Top,0,0,1,Fastball,Four-Seam,StrikeCalled,Undefined,Undefined,Undefined,0,0,,92.08325,-3.244959,2.035735,2142.113912,150.870485,11:00,5.76978,-1.186,5.5867,-14.37615,18.70966,-9.88646,1.53649,-0.10812,85.0339,-5.952704,0.272315,0.413992,,,,,,,,,,,,5.52374,10.59095,1.01781,50,5.4815,-4.30924,-133.60085,-8.03124,10.09471,25.78514,-12.81891,BOC_EAG,MIA_HUR,TruistField,D1,ACC,20260521-TruistField-2,ee958d90-554c-11f1-b22b-2feaa7944c68,91.04625,,,7.04935,,,,,,,ca2eee80-f2ce-4c98-97a8-1c82669d3b1d,2026-05-21,19:40:32.66,2026-05-21T15:40:32.6615040-04:00,2026-05-21T19:40:32.6615040Z,,v3,227,236,,"Johnson, Gunnar",1000100233,Right,BOC_EAG,a12fb287-2166-4525-9a59-864bd0411c32,54.91224,-134.54558,12.89257,5.76715,-7.56158,-6.40946,1.18247,-4.67909,5.04736,,,,,,,,,,,,,,,,,,,,,,,,,,,,,,,,,,,,,,,,,,,,,,,,,,,High,High,High,,,,,,,,,,,,,,,,,,,,,,,,,,,,,,,,,,,,,,,
3,2026-05-21,15:40:50.12,1,3,"Colarusso, AJ",1000090794,Left,BOC_EAG,"Ogden, Jake",804826,Right,MIA_HUR,Undefined,1,Top,0,0,2,Fastball,Four-Seam,InPlay,Undefined,LineDrive,Out,1,0,,92.56102,-1.589215,1.143268,2219.951776,158.805038,11:15,5.81274,-1.07189,5.29595,-13.0067,20.40556,-7.49036,3.23611,-0.62257,84.32055,-4.07699,-0.185943,0.41603,92.41212,16.69975,19.526367,3084.0812,101.37918,26.16516,42.68755,276.31716,264.81796,27.395522,2.736453,4.0815,10.99973,0.97364,50,5.65928,-2.32776,-134.26783,-4.12377,7.43817,29.53206,-12.12808,BOC_EAG,MIA_HUR,TruistField,D1,ACC,20260521-TruistField-2,f8f928f0-554c-11f1-b22b-2feaa7944c68,90.60034,27.93341,,8.24047,,,,0.52132,3.25392,0.63756,ca2eee80-f2ce-4c98-97a8-1c82669d3b1d,2026-05-21,19:40:50.12,2026-05-21T15:40:50.1272064-04:00,2026-05-21T19:40:50.1272064Z,LineDrive,v3,227,236,,"Johnson, Gunnar",1000100233,Right,BOC_EAG,36cf8f94-bb90-46e4-941f-5b58cf662d4d,55.20109,-135.40698,14.76603,5.80932,-3.65595,-6.06404,1.06896,-2.61467,3.71908,236.367469,0.52132,122.35595,-20.16849,4.71674,-0.98534,0.19238,-0.03177,0.00344,-0.00017,3.25393,38.94542,-16.11666,0.6346,-0.03045,-0.00176,-0.00325,0.00148,-0.00016,0.63756,43.39137,1.41268,-0.28271,0.09206,-0.022,0.00373,-0.00036,1E-05,,,,,,,,,,,,,,,,,,,,,,,High,High,High,High,High,,,,,,,,,,,,,,,,,,,,,,,,,,,,,,,,,,,,,
4,2026-05-21,15:41:18.30,2,1,"Colarusso, AJ",1000090794,Left,BOC_EAG,"Galvin, Max",803344,Left,MIA_HUR,Undefined,1,Top,1,0,0,Cutter,Cutter,StrikeCalled,Undefined,Undefined,Undefined,0,0,,86.90551,-1.325868,1.02912,2345.573143,210.129619,1:00,5.55322,-1.58794,5.31835,-28.38309,9.2791,4.72036,1.94325,-0.22867,79.94306,-6.531719,1.867827,0.441697,,,,,,,,,,,,-2.09579,5.35788,1.49122,50,5.41276,-2.4727,-126.16006,-3.94762,-3.39077,24.74094,-23.5055,BOC_EAG,MIA_HUR,TruistField,D1,ACC,20260521-TruistField-2,09c23000-554d-11f1-b22b-2feaa7944c68,85.33557,,,6.96245,,,,,,,ca2eee80-f2ce-4c98-97a8-1c82669d3b1d,2026-05-21,19:41:18.30,2026-05-21T15:41:18.3054336-04:00,2026-05-21T19:41:18.3054336Z,,v3,227,236,,"Johnson, Gunnar",1000100233,Right,BOC_EAG,b8ffe9db-904d-458b-9d37-4a624fab5a65,55.17921,-127.17169,12.37047,5.55452,-2.98651,-11.75275,1.58949,-2.33406,-1.69539,,,,,,,,,,,,,,,,,,,,,,,,,,,,,,,,,,,,,,,,,,,,,,,,,,,High,High,High,,,,,,,,,,,,,,,,,,,,,,,,,,,,,,,,,,,,,,,
5,2026-05-21,15:41:31.46,2,2,"Colarusso, AJ",1000090794,Left,BOC_EAG,"Galvin, Max",803344,Left,MIA_HUR,Undefined,1,Top,1,0,1,Cutter,Cutter,InPlay,Undefined,GroundBall,Single,0,0,,87.49122,-0.793044,1.648533,2354.380891,207.369074,1:00,5.59641,-1.83557,5.20704,-26.93336,10.47146,4.81973,2.60581,0.11681,80.21351,-5.742157,2.5023,0.440185,102.49154,-9.249292,14.049811,,,,,18.52124,18.52124,12.15461,0.111889,-1.97181,5.79012,1.67923,50,5.50295,-3.86636,-126.95938,-2.7417,-3.22237,25.69069,-22.7118,BOC_EAG,MIA_HUR,TruistField,D1,ACC,20260521-TruistField-2,118cd100-554d-11f1-b22b-2feaa7944c68,85.62866,2.75346,,7.27771,,,,2.20437,2.75346,-0.09409,ca2eee80-f2ce-4c98-97a8-1c82669d3b1d,2026-05-21,19:41:31.46,2026-05-21T15:41:31.4690048-04:00,2026-05-21T19:41:31.4690048Z,GroundBall,v3,227,236,,"Johnson, Gunnar",1000100233,Right,BOC_EAG,34ff08e9-3d2f-42c0-b71e-65e97d55c920,55.29109,-128.02557,12.84534,5.59718,-1.79913,-11.3559,1.83691,-3.73262,-1.61118,187.077315,2.20453,143.90876,-16.01063,,,,,,,2.75339,-24.15238,-4.07011,,,,,,,-0.09406,36.01525,-2.87657,,,,,,,,,,,,,,,,,,,,,,,,,,,,,High,High,High,High,High,,,,,,,,,,,,,,,,,,,,,,,,,,,,,,,,,,,,,
6,2026-05-21,15:42:10.35,3,1,"Colarusso, AJ",1000090794,Left,BOC_EAG,"Williams, Derek",804746,Right,MIA_HUR,Undefined,1,Top,1,0,0,Curveball,Curveball,FoulBallNotFieldable,Undefined,Undefined,Undefined,0,0,,75.50563,1.873412,1.14265,2656.459955,289.118353,3:45,5.78681,-1.58675,4.74497,-54.59046,-3.84874,15.19887,3.01549,0.76375,70.02251,-7.916193,3.813349,0.512689,55.31394,74.638379,170.689519,,,,,98.57358,75.42116,165.172808,4.208862,-7.2452,-2.02575,1.45746,50,5.9263,-2.78929,-109.62998,1.63956,-8.89078,17.87463,-34.6599,BOC_EAG,MIA_HUR,TruistField,D1,ACC,20260521-TruistField-2,2a03f060-554d-11f1-b22b-2feaa7944c68,73.51911,75.14475,,5.48312,,,,1.44475,3.2892,-0.74603,ca2eee80-f2ce-4c98-97a8-1c82669d3b1d,2026-05-21,19:42:10.35,2026-05-21T15:42:10.3506944-04:00,2026-05-21T19:42:10.3506944Z,Popup,v3,227,236,,"Johnson, Gunnar",1000100233,Right,BOC_EAG,f8ade4f8-927e-46d3-a72b-d83df9f6d275,55.75704,-110.56465,8.93732,5.79318,3.45194,-17.32995,1.59115,-2.32439,-4.44539,355.55085,1.44426,-21.19208,-4.00944,2.23893,-0.88968,0.34293,-0.08702,0.011,-0.00052,3.27851,78.51353,-26.78733,5.84107,-3.41146,1.55925,-0.41345,0.05609,-0.00302,-0.74798,3.5394,-1.87546,2.18656,-1.43156,0.72755,-0.21189,0.03066,-0.00173,,,,,,,,,,,,,,,,,,,,,,,High,High,High,High,Medium,,,,,,,,,,,,,,,,,,,,,,,,,,,,,,,,,,,,,
7,2026-05-21,15:42:32.31,3,2,"Colarusso, AJ",1000090794,Left,BOC_EAG,"Williams, Derek",804746,Right,MIA_HUR,Undefined,1,Top,1,0,1,Fastball,Four-Seam,BallCalled,Undefined,Undefined,Undefined,0,0,,92.14363,-1.461899,1.424068,2128.627864,148.766043,11:00,5.70819,-1.24852,5.40329,-14.49095,19.53359,-11.08993,3.13011,-0.83806,82.88291,-4.247186,-0.547836,0.419824,,,,,,,,,,,,5.97339,10.60028,1.12948,50,5.56826,-2.78536,-133.45435,-3.83531,10.61437,32.65902,-13.33792,BOC_EAG,MIA_HUR,TruistField,D1,ACC,20260521-TruistField-2,36396590-554d-11f1-b22b-2feaa7944c68,89.78147,,,9.26072,,,,,,,ca2eee80-f2ce-4c98-97a8-1c82669d3b1d,2026-05-21,19:42:32.31,2026-05-21T15:42:32.3112960-04:00,2026-05-21T19:42:32.3112960Z,,v3,227,236,,"Johnson, Gunnar",1000100233,Right,BOC_EAG,3f0817f0-595b-4ab7-b642-fec70964b695,55.09011,-134.69424,16.32951,5.70426,-3.32894,-6.66896,1.24288,-3.18834,5.30719,,,,,,,,,,,,,,,,,,,,,,,,,,,,,,,,,,,,,,,,,,,,,,,,,,,High,High,High,,,,,,,,,,,,,,,,,,,,,,,,,,,,,,,,,,,,,,,
8,2026-05-21,15:42:49.25,3,3,"Colarusso, AJ",1000090794,Left,BOC_EAG,"Williams, Derek",804746,Right,MIA_HUR,Undefined,1,Top,1,1,1,Curveball,Curveball,BallCalled,Undefined,Undefined,Undefined,0,0,,77.2435,-0.782563,1.476258,2561.797245,313.14869,4:30,5.81201,-1.28116,4.81368,-55.75346,-6.41512,8.6465,0.42429,0.83812,70.72263,-10.773212,3.002279,0.505549,,,,,,,,,,,,-3.82788,-2.51575,1.1265,50,5.68569,-3.23595,-111.92771,-3.55127,-4.7908,22.73021,-35.32268,BOC_EAG,MIA_HUR,TruistField,D1,ACC,20260521-TruistField-2,40264a50-554d-11f1-b22b-2feaa7944c68,74.55737,,,6.52086,,,,,,,ca2eee80-f2ce-4c98-97a8-1c82669d3b1d,2026-05-21,19:42:49.25,2026-05-21T15:42:49.2573184-04:00,2026-05-21T19:42:49.2573184Z,,v3,227,236,,"Johnson, Gunnar",1000100233,Right,BOC_EAG,a0d71b3c-c369-4727-b2e6-670dc89edf00,55.68585,-113.0765,11.36511,5.82006,-1.76606,-17.66134,1.28393,-2.99382,-2.3954,,,,,,,,,,,,,,,,,,,,,,,,,,,,,,,,,,,,,,,,,,,,,,,,,,,High,High,High,,,,,,,,,,,,,,,,,,,,,,,,,,,,,,,,,,,,,,,
9,2026-05-21,15:43:11.61,3,4,"Colarusso, AJ",1000090794,Left,BOC_EAG,"Williams, Derek",804746,Right,MIA_HUR,Undefined,1,Top,1,2,1,Cutter,Cutter,HitByPitch,Undefined,Undefined,Undefined,0,0,,87.41656,-3.301492,4.188592,2306.060146,181.281658,12:00,5.63699,-1.64242,5.59442,-28.40568,8.62835,0.16823,0.17572,2.28928,80.84157,-8.485584,4.218519,0.437998,,,,,,,,,,,,1.0091,5.57831,1.28263,50,5.33443,-9.27136,-126.50078,-8.31036,1.6449,24.36711,-23.08107,BOC_EAG,MIA_HUR,TruistField,D1,ACC,20260521-TruistField-2,4d516a20-554d-11f1-b22b-2feaa7944c68,86.05627,,,6.57499,,,,,,,ca2eee80-f2ce-4c98-97a8-1c82669d3b1d,2026-05-21,19:43:11.61,2026-05-21T15:43:11.6106240-04:00,2026-05-21T19:43:11.6106240Z,,v3,227,236,,"Johnson, Gunnar",1000100233,Right,BOC_EAG,35c92cf2-cbb2-4bc6-b130-0265c31ca84f,54.90403,-127.44191,12.18355,5.63819,-7.4189,-11.54054,1.64195,-9.33489,0.82245,,,,,,,,,,,,,,,,,,,,,,,,,,,,,,,,,,,,,,,,,,,,,,,,,,,High,High,High,,,,,,,,,,,,,,,,,,,,,,,,,,,,,,,,,,,,,,,
10,2026-05-21,15:43:55.83,4,1,"Colarusso, AJ",1000090794,Left,BOC_EAG,"Sosa, Alex",806227,Left,MIA_HUR,Undefined,1,Top,1,0,0,Cutter,Slider,StrikeCalled,Undefined,Undefined,Undefined,0,0,,86.31115,-0.530734,2.199053,2214.699494,221.865273,1:30,5.58525,-1.73867,5.36703,-31.20202,6.87284,5.1491,2.48707,0.75332,79.52573,-6.240661,3.113415,0.44411,,,,,,,,,,,,-2.01555,3.93532,1.53756,50,5.51548,-5.03277,-125.29351,-2.29243,-3.22139,24.02758,-25.88434,BOC_EAG,MIA_HUR,TruistField,D1,ACC,20260521-TruistField-2,67b53e50-554d-11f1-b22b-2feaa7944c68,84.87188,,,6.78542,,,,,,,ca2eee80-f2ce-4c98-97a8-1c82669d3b1d,2026-05-21,19:43:55.83,2026-05-21T15:43:55.8390784-04:00,2026-05-21T19:43:55.8390784Z,,v3,227,236,,"Johnson, Gunnar",1000100233,Right,BOC_EAG,ad56d0ea-9637-48bb-a8e8-17d8161846ff,55.13112,-126.27367,12.01379,5.58746,-1.23652,-12.94217,1.74018,-4.90136,-1.6107,,,,,,,,,,,,,,,,,,,,,,,,,,,,,,,,,,,,,,,,,,,,,,,,,,,High,High,High,,,,,,,,,,,,,,,,,,,,,,,,,,,,,,,,,,,,,,,
11,2026-05-21,15:44:16.36,4,2,"Colarusso, AJ",1000090794,Left,BOC_EAG,"Sosa, Alex",806227,Left,MIA_HUR,Undefined,1,Top,1,0,1,Cutter,Cutter,StrikeSwinging,Undefined,Undefined,Undefined,0,0,,86.62626,-1.297355,1.970951,2225.037893,214.359967,1:15,5.66863,-1.54761,5.2099,-29.61013,8.7691,5.13811,1.98019,0.73472,79.14819,-6.724071,2.881218,0.445882,,,,,,,,,,,,-2.00717,5.11918,1.36129,50,5.52657,-4.5476,-125.58672,-3.92858,-3.192,26.44397,-24.0331,BOC_EAG,MIA_HUR,TruistField,D1,ACC,20260521-TruistField-2,73f42960-554d-11f1-b22b-2feaa7944c68,84.53464,,,7.47808,,,,,,,ca2eee80-f2ce-4c98-97a8-1c82669d3b1d,2026-05-21,19:44:16.36,2026-05-21T15:44:16.3697152-04:00,2026-05-21T19:44:16.3697152Z,,v3,227,236,,"Johnson, Gunnar",1000100233,Right,BOC_EAG,f744685b-5fc5-431e-aab7-647c0bf0e1c3,55.28744,-126.69517,13.22199,5.67013,-2.92119,-12.01655,1.5491,-4.4138,-1.596,,,,,,,,,,,,,,,,,,,,,,,,,,,,,,,,,,,,,,,,,,,,,,,,,,,High,High,High,,,,,,,,,,,,,,,,,,,,,,,,,,,,,,,,,,,,,,,
12,2026-05-21,15:44:40.22,4,3,"Colarusso, AJ",1000090794,Left,BOC_EAG,"Sosa, Alex",806227,Left,MIA_HUR,Undefined,1,Top,1,0,2,Fastball,Sinker,StrikeCalled,Strikeout,Undefined,Undefined,0,0,,90.5993,-2.968466,2.392742,2043.783496,146.125634,10:45,5.87094,-1.31676,5.02413,-15.33832,20.16879,-12.71111,1.78672,-0.11689,82.23777,-5.865902,0.149708,0.428873,,,,,,,,,,,,6.99953,11.22804,1.09845,50,5.57494,-4.86964,-131.0845,-7.30486,12.10612,29.25773,-12.75451,BOC_EAG,MIA_HUR,TruistField,D1,ACC,20260521-TruistField-2,830dd2c0-554d-11f1-b22b-2feaa7944c68,87.88712,,,8.36153,,,,,,,ca2eee80-f2ce-4c98-97a8-1c82669d3b1d,2026-05-21,19:44:40.22,2026-05-21T15:44:40.2225152-04:00,2026-05-21T19:44:40.2225152Z,,v3,227,236,,"Johnson, Gunnar",1000100233,Right,BOC_EAG,f7a5257e-2885-4443-8234-a77bbd2fa02a,55.47205,-132.3002,14.62887,5.86746,-6.77489,-6.37726,1.31125,-5.37267,6.05306,,,,,,,,,,,,,,,,,,,,,,,,,,,,,,,,,,,,,,,,,,,,,,,,,,,High,High,High,,,,,,,,,,,,,,,,,,,,,,,,,,,,,,,,,,,,,,,
13,2026-05-21,15:45:13.28,5,1,"Colarusso, AJ",1000090794,Left,BOC_EAG,"Alvarez, Alonzo",828345,Right,MIA_HUR,Undefined,1,Top,2,0,0,Cutter,Slider,BallCalled,Undefined,Undefined,Undefined,0,0,,86.11695,-2.035748,2.759752,2353.119115,239.257321,2:00,5.57467,-1.67256,5.40101,-33.57077,4.47201,5.75264,0.86653,1.3948,80.11915,-8.121942,3.782136,0.443923,,,,,,,,,,,,-2.24449,3.05181,1.42226,50,5.36922,-6.26483,-124.99778,-5.66886,-3.59133,22.5209,-27.29093,BOC_EAG,MIA_HUR,TruistField,D1,ACC,20260521-TruistField-2,95d36d20-554d-11f1-b22b-2feaa7944c68,84.90764,,,5.9978,,,,,,,ca2eee80-f2ce-4c98-97a8-1c82669d3b1d,2026-05-21,19:45:13.28,2026-05-21T15:45:13.2854784-04:00,2026-05-21T19:45:13.2854784Z,,v3,227,236,,"Johnson, Gunnar",1000100233,Right,BOC_EAG,f28fc064-cca5-435d-8b02-ee2bb9ac30cf,55.09913,-125.91314,11.26045,5.57709,-4.55962,-13.64547,1.67392,-6.11886,-1.79566,,,,,,,,,,,,,,,,,,,,,,,,,,,,,,,,,,,,,,,,,,,,,,,,,,,High,High,High,,,,,,,,,,,,,,,,,,,,,,,,,,,,,,,,,,,,,,,
14,2026-05-21,15:45:32.07,5,2,"Colarusso, AJ",1000090794,Left,BOC_EAG,"Alvarez, Alonzo",828345,Right,MIA_HUR,Undefined,1,Top,2,1,0,Curveball,Curveball,InPlay,Undefined,GroundBall,FieldersChoice,1,0,,76.73861,1.582008,1.387069,2523.536913,303.806584,4:15,5.80912,-1.48947,4.77621,-54.4568,-5.7767,10.48686,2.77152,0.69955,71.72226,-8.156929,3.23144,0.502166,78.39642,-36.245434,-62.420435,,,,,6.01639,6.01639,-43.92708,0.042855,-4.90063,-2.94091,1.3409,50,5.91871,-3.11699,-111.53484,1.10874,-6.27517,16.95589,-35.93982,BOC_EAG,MIA_HUR,TruistField,D1,ACC,20260521-TruistField-2,a100c120-554d-11f1-b22b-2feaa7944c68,75.05976,2.92324,,5.01634,,,,2.48703,2.92324,-0.63946,ca2eee80-f2ce-4c98-97a8-1c82669d3b1d,2026-05-21,19:45:32.07,2026-05-21T15:45:32.0797184-04:00,2026-05-21T19:45:32.0797184Z,GroundBall,v3,227,236,,"Johnson, Gunnar",1000100233,Right,BOC_EAG,09ae7b2c-896a-4eb3-a2e3-81e21df37d96,55.72678,-112.40207,8.47795,5.81499,2.94693,-17.96991,1.49211,-2.79604,-3.13758,,2.48602,43.07833,,,,,,,,2.92483,-68.21259,,,,,,,,-0.63754,-82.47288,,,,,,,,,,,,,,,,,,,,,,,,,,,,,,High,High,High,Estimated,Estimated,,,,,,,,,,,,,,,,,,,,,,,,,,,,,,,,,,,,,
15,2026-05-21,15:48:26.79,1,1,"Collera, Lazaro",813945,Right,MIA_HUR,"Solier, Julio",827632,Right,BOC_EAG,Undefined,1,Bottom,0,0,0,Fastball,Four-Seam,BallCalled,Undefined,Undefined,Undefined,0,0,,91.12866,-1.966984,-2.809473,2130.136151,213.790927,1:15,6.52394,1.41728,5.7474,-13.57591,20.42072,12.90863,3.55846,-0.12468,82.91373,-4.582318,-0.502319,0.419652,,,,,,,,,,,,-7.3287,11.26359,-1.19155,50,6.35208,5.90321,-132.09961,-4.90968,-12.91516,28.84721,-12.3246,BOC_EAG,MIA_HUR,TruistField,D1,ACC,20260521-TruistField-2,091b2520-554e-11f1-b22b-2feaa7944c68,89.81831,,,8.21493,,,,,,,ca2eee80-f2ce-4c98-97a8-1c82669d3b1d,2026-05-21,19:48:26.79,2026-05-21T15:48:26.7996672-04:00,2026-05-21T19:48:26.7996672Z,,v3,227,236,,"Alvarez, Alonzo",828345,Right,MIA_HUR,cf3782b2-da66-4049-9a74-2bd0c10ae58a,54.74867,-133.13256,14.42361,6.51998,-4.46836,-6.1623,-1.4112,6.36567,-6.45758,,,,,,,,,,,,,,,,,,,,,,,,,,,,,,,,,,,,,,,,,,,,,,,,,,,High,High,High,,,,,,,,,,,,,,,,,,,,,,,,,,,,,,,,,,,,,,,
16,2026-05-21,15:48:44.25,1,2,"Collera, Lazaro",813945,Right,MIA_HUR,"Solier, Julio",827632,Right,BOC_EAG,Undefined,1,Bottom,0,1,0,Curveball,Curveball,BallCalled,Undefined,Undefined,Undefined,0,0,,79.39445,-1.895556,-1.840978,2217.548978,57.3225,8:00,6.40549,1.61363,5.39247,-54.34688,-8.70233,-15.88769,0.09854,-1.43627,73.17072,-11.668765,-4.675996,0.486257,,,,,,,,,,,,7.50044,-3.45205,-1.43756,50,6.19758,4.3168,-115.14474,-5.69635,9.94688,23.81294,-36.75205,BOC_EAG,MIA_HUR,TruistField,D1,ACC,20260521-TruistField-2,1386fde0-554e-11f1-b22b-2feaa7944c68,77.51549,,,6.22373,,,,,,,ca2eee80-f2ce-4c98-97a8-1c82669d3b1d,2026-05-21,19:48:44.25,2026-05-21T15:48:44.2550272-04:00,2026-05-21T19:48:44.2550272Z,,v3,227,236,,"Alvarez, Alonzo",828345,Right,MIA_HUR,d2e8552f-7d56-49bd-bcfc-9e42cbc10df4,55.10873,-116.19647,11.90647,6.41332,-4.07315,-18.37603,-1.61852,3.87748,4.97344,,,,,,,,,,,,,,,,,,,,,,,,,,,,,,,,,,,,,,,,,,,,,,,,,,,High,High,High,,,,,,,,,,,,,,,,,,,,,,,,,,,,,,,,,,,,,,,
17,2026-05-21,15:49:06.39,1,3,"Collera, Lazaro",813945,Right,MIA_HUR,"Solier, Julio",827632,Right,BOC_EAG,Undefined,1,Bottom,0,2,0,Fastball,Sinker,InPlay,Undefined,LineDrive,Out,1,0,,91.94055,-2.879346,-3.129185,2117.380525,231.192034,1:45,6.41001,1.51333,5.41982,-20.30135,13.72524,15.59458,2.01484,-0.12116,83.48802,-6.665901,-0.357582,0.419837,108.69961,14.979776,5.977429,2429.629761,108.80384,25.99782,16.17244,344.48853,326.22423,13.223623,3.207475,-8.80571,8.11733,-1.24663,50,6.14007,6.557,-133.05275,-7.4154,-15.66468,30.58417,-17.73398,BOC_EAG,MIA_HUR,TruistField,D1,ACC,20260521-TruistField-2,20bc08c0-554e-11f1-b22b-2feaa7944c68,89.77875,33.22053,,8.45253,,,,1.58746,1.94761,0.10633,ca2eee80-f2ce-4c98-97a8-1c82669d3b1d,2026-05-21,19:49:06.39,2026-05-21T15:49:06.3911936-04:00,2026-05-21T19:49:06.3911936Z,LineDrive,v3,227,236,,"Alvarez, Alonzo",828345,Right,MIA_HUR,a4cfa967-9d8f-4f51-bfca-296519e691e3,55.07759,-134.21484,15.29209,6.40903,-6.74157,-8.86699,-1.50708,7.1522,-7.83234,226.400335,1.58737,153.17231,-26.34555,5.65757,-0.99529,0.1057,0.00102,-0.00207,0.00021,1.9478,41.20316,-13.68576,-0.03334,0.01007,0.08233,-0.03846,0.00794,-0.00063,0.10653,16.03285,7.20663,-2.74831,0.58255,-0.0256,-0.02263,0.00609,-0.00052,,,,,,,,,,,,,,,,,,,,,,,High,High,High,High,High,,,,,,,,,,,,,,,,,,,,,,,,,,,,,,,,,,,,,
18,2026-05-21,15:49:42.24,2,1,"Collera, Lazaro",813945,Right,MIA_HUR,"Mainolfi, Ty",839397,Left,BOC_EAG,Undefined,1,Bottom,1,0,0,Fastball,Four-Seam,StrikeCalled,Undefined,Undefined,Undefined,0,0,,91.69608,-2.443823,-3.196272,2143.136464,219.789677,1:15,6.46002,1.54754,6.10845,-16.25237,16.73871,13.06946,2.84099,-0.32196,83.94276,-5.536468,-0.845066,0.413399,,,,,,,,,,,,-7.59071,9.61473,-1.30856,50,6.26339,6.87109,-132.98925,-6.15355,-13.62309,27.95307,-14.91842,BOC_EAG,MIA_HUR,TruistField,D1,ACC,20260521-TruistField-2,361f5870-554e-11f1-b22b-2feaa7944c68,91.17683,,,7.75332,,,,,,,ca2eee80-f2ce-4c98-97a8-1c82669d3b1d,2026-05-21,19:49:42.24,2026-05-21T15:49:42.2498304-04:00,2026-05-21T19:49:42.2498304Z,,v3,227,236,,"Alvarez, Alonzo",828345,Right,MIA_HUR,02a76f09-d7a3-4c33-8fe9-ec7868faa3fd,54.38905,-133.90861,13.97654,6.4577,-5.6629,-7.45921,-1.54191,7.31915,-6.81155,,,,,,,,,,,,,,,,,,,,,,,,,,,,,,,,,,,,,,,,,,,,,,,,,,,High,High,High,,,,,,,,,,,,,,,,,,,,,,,,,,,,,,,,,,,,,,,
19,2026-05-21,15:50:00.94,2,2,"Collera, Lazaro",813945,Right,MIA_HUR,"Mainolfi, Ty",839397,Left,BOC_EAG,Undefined,1,Bottom,1,0,1,ChangeUp,Sinker,BallCalled,Undefined,Undefined,Undefined,0,0,,86.75162,-0.461281,-1.842135,2130.817062,241.331384,2:00,6.32197,1.79746,5.85548,-27.9236,9.37233,14.91083,3.5662,1.32791,79.09634,-5.664956,0.832763,0.439544,,,,,,,,,,,,-8.10264,5.30248,-1.65636,50,6.26836,3.42159,-125.93395,-1.93712,-12.9622,26.49226,-23.69138,BOC_EAG,MIA_HUR,TruistField,D1,ACC,20260521-TruistField-2,41529fe0-554e-11f1-b22b-2feaa7944c68,85.75354,,,7.65528,,,,,,,ca2eee80-f2ce-4c98-97a8-1c82669d3b1d,2026-05-21,19:50:00.94,2026-05-21T15:50:00.9402880-04:00,2026-05-21T19:50:00.9402880Z,,v3,227,236,,"Alvarez, Alonzo",828345,Right,MIA_HUR,b952a720-5915-4043-9893-4d8d8796a768,54.64099,-126.9065,13.24613,6.32351,-1.06739,-11.84569,-1.79071,3.89744,-6.4811,,,,,,,,,,,,,,,,,,,,,,,,,,,,,,,,,,,,,,,,,,,,,,,,,,,High,High,High,,,,,,,,,,,,,,,,,,,,,,,,,,,,,,,,,,,,,,,
20,2026-05-21,15:50:20.26,2,3,"Collera, Lazaro",813945,Right,MIA_HUR,"Mainolfi, Ty",839397,Left,BOC_EAG,Undefined,1,Bottom,1,1,1,Fastball,Sinker,BallCalled,Undefined,Undefined,Undefined,0,0,,93.245,-1.777458,-4.455061,2062.518189,229.523077,1:45,6.40813,1.60768,5.88112,-19.53269,12.6445,13.64705,3.12424,-1.40062,85.47417,-5.436757,-2.015869,0.408268,,,,,,,,,,,,-8.12685,7.24268,-1.2551,50,6.25287,9.91538,-135.08123,-4.85596,-15.08782,28.10606,-18.72772,BOC_EAG,MIA_HUR,TruistField,D1,ACC,20260521-TruistField-2,4cc1dee0-554e-11f1-b22b-2feaa7944c68,92.3228,,,7.77083,,,,,,,ca2eee80-f2ce-4c98-97a8-1c82669d3b1d,2026-05-21,19:50:20.26,2026-05-21T15:50:20.2653184-04:00,2026-05-21T19:50:20.2653184Z,,v3,227,236,,"Alvarez, Alonzo",828345,Right,MIA_HUR,c84184e8-8c9b-48e7-a0bf-72500beac5ea,54.61654,-136.0384,14.05303,6.40738,-4.21818,-9.36386,-1.60152,10.42921,-7.54391,,,,,,,,,,,,,,,,,,,,,,,,,,,,,,,,,,,,,,,,,,,,,,,,,,,High,High,High,,,,,,,,,,,,,,,,,,,,,,,,,,,,,,,,,,,,,,,
21,2026-05-21,15:50:42.32,2,4,"Collera, Lazaro",813945,Right,MIA_HUR,"Mainolfi, Ty",839397,Left,BOC_EAG,Undefined,1,Bottom,1,2,1,Fastball,Four-Seam,StrikeSwinging,Undefined,Undefined,Undefined,0,0,,92.18718,-2.054426,-1.761589,2124.629398,219.090805,1:15,6.43252,1.65419,6.07237,-15.5641,17.37867,13.19296,3.23282,1.12307,83.56037,-5.042563,0.613957,0.413096,,,,,,,,,,,,-7.28386,9.89308,-1.52448,50,6.26504,3.53503,-133.72199,-5.23335,-13.07316,31.19695,-14.41786,BOC_EAG,MIA_HUR,TruistField,D1,ACC,20260521-TruistField-2,59dfb840-554e-11f1-b22b-2feaa7944c68,91.24368,,,8.6268,,,,,,,ca2eee80-f2ce-4c98-97a8-1c82669d3b1d,2026-05-21,19:50:42.32,2026-05-21T15:50:42.3273984-04:00,2026-05-21T19:50:42.3273984Z,,v3,227,236,,"Alvarez, Alonzo",828345,Right,MIA_HUR,76b4734a-79a8-4991-a0b4-304093e7c6ac,54.42316,-134.74995,15.59848,6.42965,-4.75828,-7.20893,-1.64806,3.9658,-6.53658,,,,,,,,,,,,,,,,,,,,,,,,,,,,,,,,,,,,,,,,,,,,,,,,,,,High,High,High,,,,,,,,,,,,,,,,,,,,,,,,,,,,,,,,,,,,,,,
22,2026-05-21,15:51:05.65,2,5,"Collera, Lazaro",813945,Right,MIA_HUR,"Mainolfi, Ty",839397,Left,BOC_EAG,Undefined,1,Bottom,1,2,2,Fastball,Sinker,FoulBallNotFieldable,Undefined,Undefined,Undefined,0,0,,93.17787,-1.853761,-2.489728,2017.623173,230.537403,1:45,6.39774,1.68667,5.3804,-19.74513,13.48623,14.94265,3.01237,0.59658,84.19736,-5.551914,0.165457,0.414902,86.88488,30.524937,-59.183283,4573.269165,49.47065,51.94325,-98.24781,285.2948,168.26581,-67.911162,3.798096,-8.265,7.68973,-1.47473,50,6.21818,5.15649,-134.93101,-5.07317,-15.0607,32.53404,-18.16161,BOC_EAG,MIA_HUR,TruistField,D1,ACC,20260521-TruistField-2,6843f450-554e-11f1-b22b-2feaa7944c68,90.84665,57.8739,,8.98051,,,,0.31763,3.11937,-0.65853,ca2eee80-f2ce-4c98-97a8-1c82669d3b1d,2026-05-21,19:51:05.65,2026-05-21T15:51:05.6519168-04:00,2026-05-21T19:51:05.6519168Z,FlyBall,v3,227,236,,"Alvarez, Alonzo",828345,Right,MIA_HUR,04c26621-e822-4ebf-90ee-e843335bb52e,55.11561,-136.15888,16.26702,6.39671,-4.38774,-9.08081,-1.68007,5.7249,-7.53035,,0.31659,56.26474,-16.90642,5.05424,-1.24752,0.28042,-0.05655,0.0076,-0.00043,3.12002,64.70562,-21.28697,1.48975,-0.16391,0.02774,-0.0128,0.0039,-0.0004,-0.65796,-94.28842,12.12559,-2.62553,0.61714,-0.19207,0.05485,-0.00914,0.00061,,,,,,,,,,,,,,,,,,,,,,,High,High,High,Medium,Low,,,,,,,,,,,,,,,,,,,,,,,,,,,,,,,,,,,,,
23,2026-05-21,15:51:28.21,2,6,"Collera, Lazaro",813945,Right,MIA_HUR,"Mainolfi, Ty",839397,Left,BOC_EAG,Undefined,1,Bottom,1,2,2,Curveball,Curveball,BallCalled,Undefined,Undefined,Undefined,0,0,,82.05183,-0.382476,-1.627615,2320.144963,47.941465,7:30,6.3835,1.64817,4.92077,-49.53448,-6.22044,-8.46103,1.89388,-0.5961,75.21095,-9.288104,-3.121927,0.473681,,,,,,,,,,,,3.70567,-2.56429,-1.48205,50,6.30468,3.74624,-118.97368,-2.69517,5.27201,24.407,-35.82219,BOC_EAG,MIA_HUR,TruistField,D1,ACC,20260521-TruistField-2,755f5cb0-554e-11f1-b22b-2feaa7944c68,79.57352,,,6.84088,,,,,,,ca2eee80-f2ce-4c98-97a8-1c82669d3b1d,2026-05-21,19:51:28.21,2026-05-21T15:51:28.2136064-04:00,2026-05-21T19:51:28.2136064Z,,v3,227,236,,"Alvarez, Alonzo",828345,Right,MIA_HUR,baa3ac56-22b6-494f-b9d3-0b5deea49dc7,55.57839,-120.11262,12.2035,6.39145,-1.02355,-17.9111,-1.65113,3.50022,2.636,,,,,,,,,,,,,,,,,,,,,,,,,,,,,,,,,,,,,,,,,,,,,,,,,,,High,High,High,,,,,,,,,,,,,,,,,,,,,,,,,,,,,,,,,,,,,,,
24,2026-05-21,15:51:49.24,2,7,"Collera, Lazaro",813945,Right,MIA_HUR,"Mainolfi, Ty",839397,Left,BOC_EAG,Undefined,1,Bottom,1,3,2,Fastball,Sinker,BallCalled,Walk,Undefined,Undefined,0,0,,93.18216,-3.838718,-2.478966,2148.241457,237.746315,2:00,6.41427,1.60882,5.76443,-20.10934,12.78575,18.36769,1.15714,0.83088,84.32282,-7.605787,0.810721,0.412797,,,,,,,,,,,,-10.07205,8.07237,-1.4145,50,6.08385,4.99006,-134.78058,-9.7282,-18.28489,32.8712,-17.51941,BOC_EAG,MIA_HUR,TruistField,D1,ACC,20260521-TruistField-2,81c2e6c0-554e-11f1-b22b-2feaa7944c68,91.30977,,,8.85933,,,,,,,ca2eee80-f2ce-4c98-97a8-1c82669d3b1d,2026-05-21,19:51:49.24,2026-05-21T15:51:49.2474368-04:00,2026-05-21T19:51:49.2474368Z,,v3,227,236,,"Alvarez, Alonzo",828345,Right,MIA_HUR,b3f0de6c-debd-4d41-9058-17b822a56f03,54.73127,-135.92958,16.4356,6.4132,-9.11582,-8.75971,-1.6001,5.6292,-9.14244,,,,,,,,,,,,,,,,,,,,,,,,,,,,,,,,,,,,,,,,,,,,,,,,,,,High,High,High,,,,,,,,,,,,,,,,,,,,,,,,,,,,,,,,,,,,,,,
25,2026-05-21,15:52:23.00,3,1,"Collera, Lazaro",813945,Right,MIA_HUR,"Wang, Nick",813482,Right,BOC_EAG,Undefined,1,Bottom,1,0,0,Fastball,Sinker,StrikeCalled,Undefined,Undefined,Undefined,0,0,,93.12068,-2.837586,-3.682871,2197.479537,225.678982,1:30,6.44802,1.62296,5.65065,-15.97473,16.75418,16.04135,2.46261,-0.47992,84.87731,-5.860419,-0.823287,0.411753,,,,,,,,,,,,-9.14162,9.61308,-1.32071,50,6.19688,7.93923,-134.80497,-7.20284,-16.79724,29.70435,-14.51052,BOC_EAG,MIA_HUR,TruistField,D1,ACC,20260521-TruistField-2,95e7c300-554e-11f1-b22b-2feaa7944c68,91.54128,,,8.24337,,,,,,,ca2eee80-f2ce-4c98-97a8-1c82669d3b1d,2026-05-21,19:52:23.00,2026-05-21T15:52:23.0039040-04:00,2026-05-21T19:52:23.0039040Z,,v3,227,236,,"Alvarez, Alonzo",828345,Right,MIA_HUR,82112c76-c7c1-4267-b9ef-c5a2d5b2e9d5,54.84651,-135.86871,14.85217,6.44552,-6.68321,-7.25526,-1.61579,8.54075,-8.39862,,,,,,,,,,,,,,,,,,,,,,,,,,,,,,,,,,,,,,,,,,,,,,,,,,,High,High,High,,,,,,,,,,,,,,,,,,,,,,,,,,,,,,,,,,,,,,,
26,2026-05-21,15:52:42.79,3,2,"Collera, Lazaro",813945,Right,MIA_HUR,"Wang, Nick",813482,Right,BOC_EAG,Undefined,1,Bottom,1,0,1,Fastball,Sinker,StrikeCalled,Undefined,Undefined,Undefined,0,0,,92.66502,-3.182438,-3.902552,2150.034366,230.301352,1:45,6.38336,1.49156,5.79497,-17.05867,15.73674,17.67899,1.99171,-0.6708,84.78201,-6.397559,-0.742926,0.412171,,,,,,,,,,,,-10.04859,9.20855,-1.18075,50,6.11064,8.36076,-134.15636,-8.01901,-18.34716,28.52091,-15.36069,BOC_EAG,MIA_HUR,TruistField,D1,ACC,20260521-TruistField-2,a207b460-554e-11f1-b22b-2feaa7944c68,91.44846,,,7.88301,,,,,,,ca2eee80-f2ce-4c98-97a8-1c82669d3b1d,2026-05-21,19:52:42.79,2026-05-21T15:52:42.7951104-04:00,2026-05-21T19:52:42.7951104Z,,v3,227,236,,"Alvarez, Alonzo",828345,Right,MIA_HUR,be766f6f-7998-46e4-95e9-d72daa117840,54.70306,-135.1525,14.26045,6.38135,-7.48251,-7.68034,-1.48395,9.00157,-9.17358,,,,,,,,,,,,,,,,,,,,,,,,,,,,,,,,,,,,,,,,,,,,,,,,,,,High,High,High,,,,,,,,,,,,,,,,,,,,,,,,,,,,,,,,,,,,,,,
27,2026-05-21,15:53:03.57,3,3,"Collera, Lazaro",813945,Right,MIA_HUR,"Wang, Nick",813482,Right,BOC_EAG,Undefined,1,Bottom,1,0,2,Fastball,Four-Seam,BallCalled,Undefined,Undefined,Undefined,0,0,,92.03639,-1.263526,-3.831953,2112.204819,222.661675,1:30,6.47681,1.48566,5.66602,-15.74371,18.14178,15.56048,3.98388,-0.79591,82.66025,-4.288293,-1.059023,0.418965,,,,,,,,,,,,-9.03331,9.92662,-1.17111,50,6.36011,8.18853,-133.12527,-3.40407,-15.96747,32.58376,-14.6276,BOC_EAG,MIA_HUR,TruistField,D1,ACC,20260521-TruistField-2,af08b6f0-554e-11f1-b22b-2feaa7944c68,89.96552,,,9.37613,,,,,,,ca2eee80-f2ce-4c98-97a8-1c82669d3b1d,2026-05-21,19:53:03.57,2026-05-21T15:53:03.5712000-04:00,2026-05-21T19:53:03.5712000Z,,v3,227,236,,"Alvarez, Alonzo",828345,Right,MIA_HUR,87359b6f-73da-4bcc-b3d2-975db00313e3,54.8278,-134.30172,16.29188,6.47347,-2.87593,-7.3138,-1.47717,8.76505,-7.98373,,,,,,,,,,,,,,,,,,,,,,,,,,,,,,,,,,,,,,,,,,,,,,,,,,,High,High,High,,,,,,,,,,,,,,,,,,,,,,,,,,,,,,,,,,,,,,,
28,2026-05-21,15:53:25.04,3,4,"Collera, Lazaro",813945,Right,MIA_HUR,"Wang, Nick",813482,Right,BOC_EAG,Undefined,1,Bottom,1,1,2,Slider,Curveball,FoulBallNotFieldable,Undefined,Undefined,Undefined,0,0,,81.15207,0.047355,-1.345563,2301.673244,58.370847,8:00,6.30142,1.67125,5.3422,-48.99192,-5.56685,-11.25875,2.2632,-0.52942,74.5805,-8.833591,-3.348803,0.474287,78.2207,73.555555,55.311358,2910.884027,,,,,27.90184,,,5.29323,-2.45354,-1.54151,50,6.27025,3.22222,-117.81913,-1.65262,7.4057,23.3582,-35.60676,BOC_EAG,MIA_HUR,TruistField,D1,ACC,20260521-TruistField-2,baf5d880-554e-11f1-b22b-2feaa7944c68,79.47172,87.2364,,6.57157,,,,1.68978,2.30559,0.51346,ca2eee80-f2ce-4c98-97a8-1c82669d3b1d,2026-05-21,19:53:25.04,2026-05-21T15:53:25.0441216-04:00,2026-05-21T19:53:25.0441216Z,,v3,227,236,,"Alvarez, Alonzo",828345,Right,MIA_HUR,1ea5ed19-ec82-4698-86b1-8d20da2c0e53,55.15801,-118.83733,11.6791,6.30846,-0.1005,-17.80338,-1.67493,2.8994,3.70285,,1.68978,18.48295,-15.12532,5.70893,-1.60562,0.4123,-0.10018,0.02006,-0.00235,2.30559,110.03071,-30.84725,3.89715,-0.59596,0.05761,0.00113,-0.00242,0.00044,0.51346,26.70408,-1.91256,-0.14193,0.16648,-0.06462,0.01958,-0.0045,0.00055,,,,,,,,,,,,,,,,,,,,,,,High,High,High,Low,Undefined,,,,,,,,,,,,,,,,,,,,,,,,,,,,,,,,,,,,,
29,2026-05-21,15:54:37.84,3,5,"Collera, Lazaro",813945,Right,MIA_HUR,"Wang, Nick",813482,Right,BOC_EAG,Undefined,1,Bottom,1,1,2,Fastball,Sinker,FoulBallNotFieldable,Undefined,Undefined,Undefined,0,0,,93.76962,-2.85916,-3.276947,2150.629922,224.991652,1:30,6.40318,1.60386,5.51616,-15.74517,16.88548,15.73166,2.41111,-0.15253,84.93636,-5.844958,-0.477836,0.411135,69.11183,69.638539,86.726923,5431.80704,,,,,88.43454,,,-8.95067,9.72934,-1.32916,50,6.14344,7.03726,-135.68929,-7.29977,-16.54248,32.09589,-14.19241,BOC_EAG,MIA_HUR,TruistField,D1,ACC,20260521-TruistField-2,e63fb1a0-554e-11f1-b22b-2feaa7944c68,91.67906,65.40833,,8.83326,,,,1.14988,2.44612,0.14989,ca2eee80-f2ce-4c98-97a8-1c82669d3b1d,2026-05-21,19:54:37.84,2026-05-21T15:54:37.8424832-04:00,2026-05-21T19:54:37.8424832Z,,v3,227,236,,"Alvarez, Alonzo",828345,Right,MIA_HUR,56b73b2a-4bf2-4c22-b1cb-5a73ce1110f3,54.9811,-136.86245,16.04794,6.40078,-6.78101,-7.0962,-1.59743,7.64192,-8.27124,199.096798,1.14988,2.01366,-9.97512,3.04286,-0.72882,0.16071,-0.03488,0.00668,-0.00081,2.44612,95.03026,-19.71203,1.09208,-0.01151,-0.04788,0.0185,-0.00467,0.00075,0.14989,35.21116,-12.69712,3.34895,-0.71463,0.14173,-0.0282,0.0049,-0.00054,,,,,,,,,,,,,,,,,,,,,,,High,High,High,Medium,Undefined,,,,,,,,,,,,,,,,,,,,,,,,,,,,,,,,,,,,,
30,2026-05-21,15:55:02.33,3,6,"Collera, Lazaro",813945,Right,MIA_HUR,"Wang, Nick",813482,Right,BOC_EAG,Undefined,1,Bottom,1,1,2,Fastball,Four-Seam,InPlay,Undefined,LineDrive,Out,1,0,,93.19293,-3.216922,-2.080783,2239.180355,226.816827,1:30,6.43683,1.7433,5.61774,-17.58843,15.60918,15.28706,1.9638,1.07448,83.75781,-6.549008,0.64896,0.414691,58.04274,18.911081,-37.236,1964.670713,,,,135.27456,114.80628,-42.447021,1.93129,-8.44729,9.34378,-1.57585,50,6.15102,4.19343,-134.81339,-8.15384,-15.24795,34.55149,-15.30786,BOC_EAG,MIA_HUR,TruistField,D1,ACC,20260521-TruistField-2,f4da18e0-554e-11f1-b22b-2feaa7944c68,90.89278,14.35992,,9.43511,,,,1.06687,2.02032,-1.05939,ca2eee80-f2ce-4c98-97a8-1c82669d3b1d,2026-05-21,19:55:02.33,2026-05-21T15:55:02.3386112-04:00,2026-05-21T19:55:02.3386112Z,LineDrive,v3,227,236,,"Alvarez, Alonzo",828345,Right,MIA_HUR,664d4ea5-014e-4914-b83e-c5d7cb056bcc,54.87798,-136.05783,17.27575,6.43477,-7.6025,-7.65393,-1.73678,4.74261,-7.62397,124.489121,1.06688,64.11652,-9.46533,2.01165,-0.33389,-0.04952,0.06955,-0.02657,0.00397,2.02031,27.59112,-15.98153,0.68558,-0.13631,0.11619,-0.07299,0.02698,-0.00402,-1.05939,-48.73107,1.11042,0.05817,-0.08927,0.04175,-0.01843,0.00521,-0.00068,,,,,,,,,,,,,,,,,,,,,,,High,High,High,High,Medium,,,,,,,,,,,,,,,,,,,,,,,,,,,,,,,,,,,,,
31,2026-05-21,15:55:41.03,4,1,"Collera, Lazaro",813945,Right,MIA_HUR,"Toomey, Jack",809057,Right,BOC_EAG,Undefined,1,Bottom,2,0,0,Curveball,Curveball,BallCalled,Undefined,Undefined,Undefined,0,0,,79.61197,-0.267875,-2.071891,2330.959526,53.042441,7:45,6.32751,1.66616,5.42847,-54.67475,-9.15327,-14.24855,1.52024,-1.4625,72.68022,-10.174282,-4.611376,0.485601,,,,,,,,,,,,6.49174,-4.04418,-1.47239,50,6.26602,4.74713,-115.42961,-2.46096,8.61148,24.85315,-37.53874,BOC_EAG,MIA_HUR,TruistField,D1,ACC,20260521-TruistField-2,0bf578d0-554f-11f1-b22b-2feaa7944c68,77.6202,,,6.93175,,,,,,,ca2eee80-f2ce-4c98-97a8-1c82669d3b1d,2026-05-21,19:55:41.03,2026-05-21T15:55:41.0338816-04:00,2026-05-21T19:55:41.0338816Z,,v3,227,236,,"Alvarez, Alonzo",828345,Right,MIA_HUR,254f8666-d0dc-41e9-9434-c1f5ca371e4c,55.07078,-116.51629,12.42657,6.33774,-0.81962,-18.76937,-1.67172,4.3706,4.30574,,,,,,,,,,,,,,,,,,,,,,,,,,,,,,,,,,,,,,,,,,,,,,,,,,,High,High,High,,,,,,,,,,,,,,,,,,,,,,,,,,,,,,,,,,,,,,,
32,2026-05-21,15:56:00.11,4,2,"Collera, Lazaro",813945,Right,MIA_HUR,"Toomey, Jack",809057,Right,BOC_EAG,Undefined,1,Bottom,2,1,0,Fastball,Four-Seam,InPlay,Undefined,LineDrive,Single,0,1,,93.10042,-3.080445,-2.993415,2140.008184,221.196011,1:15,6.37073,1.45991,5.66538,-17.27619,15.98717,12.87638,2.05209,-0.26071,83.55637,-6.365167,-0.694922,0.415102,107.53424,5.035265,23.751567,3251.715143,98.08465,5.19746,49.79321,164.07434,156.47683,28.65878,1.249612,-7.51867,9.50064,-1.21505,50,6.09936,6.44217,-134.58541,-7.80118,-13.52127,34.52487,-15.08846,BOC_EAG,MIA_HUR,TruistField,D1,ACC,20260521-TruistField-2,18093530-554f-11f1-b22b-2feaa7944c68,90.80288,5.82115,,9.54405,,,,0.41029,1.88271,0.19127,ca2eee80-f2ce-4c98-97a8-1c82669d3b1d,2026-05-21,19:56:00.11,2026-05-21T15:56:00.1131520-04:00,2026-05-21T19:56:00.1131520Z,GroundBall,v3,227,236,,"Alvarez, Alonzo",828345,Right,MIA_HUR,52cdb299-4b75-4196-88db-e956690b712b,54.82934,-135.81862,17.26243,6.36839,-7.26223,-7.54423,-1.45379,6.92514,-6.76064,245.887282,0.41029,143.80107,-30.22348,7.31032,-1.70743,0.4107,-0.09598,0.01831,-0.00195,1.88271,13.84243,-11.89174,-0.68221,0.44047,-0.16146,0.0471,-0.01009,0.00115,0.19127,63.27869,-0.83588,0.4675,-0.09471,0.01891,-0.00313,0.00046,-4E-05,,,,,,,,,,,,,,,,,,,,,,,High,High,High,High,High,,,,,,,,,,,,,,,,,,,,,,,,,,,,,,,,,,,,,
33,2026-05-21,15:56:55.69,5,1,"Collera, Lazaro",813945,Right,MIA_HUR,"Wolff, Kyle",813479,Right,BOC_EAG,Undefined,1,Bottom,2,0,0,Fastball,Four-Seam,InPlay,Undefined,FlyBall,Double,0,1,,93.63769,-2.86283,-3.219357,2163.137861,218.681291,1:15,6.37906,1.55895,5.63546,-15.75328,17.42442,12.86603,2.38899,-0.37551,83.33082,-5.893653,-0.925271,0.414567,103.3341,21.454976,7.787973,2248.730336,108.25645,38.91662,19.50409,371.76703,368.83824,14.193012,3.987134,-7.66276,10.22658,-1.29343,50,6.12558,7.00334,-135.2387,-7.25062,-13.80055,37.06146,-13.75606,BOC_EAG,MIA_HUR,TruistField,D1,ACC,20260521-TruistField-2,386b00b0-554f-11f1-b22b-2feaa7944c68,90.92004,52.41552,,10.30687,,,,1.28114,2.56587,0.3886,ca2eee80-f2ce-4c98-97a8-1c82669d3b1d,2026-05-21,19:56:55.69,2026-05-21T15:56:55.6939264-04:00,2026-05-21T19:56:55.6939264Z,LineDrive,v3,227,236,,"Alvarez, Alonzo",828345,Right,MIA_HUR,d28d7bff-1dc3-45aa-ab77-f4a9beac6836,54.85827,-136.56359,18.53073,6.37599,-6.75886,-6.87803,-1.55261,7.49669,-6.90028,220.443776,1.28053,139.77082,-24.51238,5.91033,-1.4445,0.36604,-0.08301,0.01216,-0.00075,2.56656,55.41629,-16.20268,0.08383,0.41634,-0.19754,0.05313,-0.0071,0.00036,0.38852,19.11644,4.72023,-2.43342,0.75673,-0.17298,0.02859,-0.00285,0.00012,,,,,,,,,,,,,,,,,,,,,,,High,High,High,High,High,,,,,,,,,,,,,,,,,,,,,,,,,,,,,,,,,,,,,
34,2026-05-21,15:57:46.34,6,1,"Collera, Lazaro",813945,Right,MIA_HUR,"Gallo, Luke",828057,Right,BOC_EAG,Undefined,1,Bottom,2,0,0,Curveball,Curveball,StrikeCalled,Undefined,Undefined,Undefined,0,0,,79.29457,0.741321,-1.034256,2264.995564,59.334825,8:00,6.37652,1.72612,5.61928,-54.3233,-8.39386,-17.06233,2.54155,-0.66104,71.52913,-9.199036,-4.086439,0.487772,,,,,,,,,,,,8.20402,-3.91429,-1.62708,50,6.40563,2.76178,-114.93046,-0.38013,10.68831,26.45509,-37.27365,BOC_EAG,MIA_HUR,TruistField,D1,ACC,20260521-TruistField-2,56c03350-554f-11f1-b22b-2feaa7944c68,77.2747,,,7.76544,,,,,,,ca2eee80-f2ce-4c98-97a8-1c82669d3b1d,2026-05-21,19:57:46.34,2026-05-21T15:57:46.3446528-04:00,2026-05-21T19:57:46.3446528Z,,v3,227,236,,"Alvarez, Alonzo",828345,Right,MIA_HUR,acba5bb9-1d54-49be-a7bc-47611558c927,54.8778,-116.04781,13.22754,6.38845,1.19415,-18.63682,-1.73419,2.31035,5.34415,,,,,,,,,,,,,,,,,,,,,,,,,,,,,,,,,,,,,,,,,,,,,,,,,,,High,High,High,,,,,,,,,,,,,,,,,,,,,,,,,,,,,,,,,,,,,,,
35,2026-05-21,15:58:04.74,6,2,"Collera, Lazaro",813945,Right,MIA_HUR,"Gallo, Luke",828057,Right,BOC_EAG,Undefined,1,Bottom,2,0,1,Fastball,Four-Seam,StrikeCalled,Undefined,Undefined,Undefined,0,0,,93.76766,-3.579029,-2.869922,2222.459376,213.063884,1:00,6.37514,1.5379,5.71414,-14.99532,17.68662,10.70957,1.78289,-0.24539,84.33948,-6.450364,-0.956678,0.411458,,,,,,,,,,,,-6.32981,10.48379,-1.30421,50,6.066,6.29014,-135.51682,-8.93076,-11.5756,34.20309,-13.00189,BOC_EAG,MIA_HUR,TruistField,D1,ACC,20260521-TruistField-2,61b909d0-554f-11f1-b22b-2feaa7944c68,91.60701,,,9.42818,,,,,,,ca2eee80-f2ce-4c98-97a8-1c82669d3b1d,2026-05-21,19:58:04.74,2026-05-21T15:58:04.7465984-04:00,2026-05-21T19:58:04.7465984Z,,v3,227,236,,"Alvarez, Alonzo",828345,Right,MIA_HUR,73971f07-3499-4b5a-a8a4-6004f7d051e5,54.77948,-136.71779,17.10155,6.37157,-8.47423,-6.50095,-1.53221,6.69659,-5.7878,,,,,,,,,,,,,,,,,,,,,,,,,,,,,,,,,,,,,,,,,,,,,,,,,,,High,High,High,,,,,,,,,,,,,,,,,,,,,,,,,,,,,,,,,,,,,,,
36,2026-05-21,15:58:24.58,6,3,"Collera, Lazaro",813945,Right,MIA_HUR,"Gallo, Luke",828057,Right,BOC_EAG,Undefined,1,Bottom,2,0,2,Fastball,Four-Seam,FoulBallNotFieldable,Undefined,Undefined,Undefined,0,0,,93.87358,-1.731888,-3.375343,2271.442838,222.697201,1:30,6.404,1.68365,5.76002,-14.23387,18.32001,15.75678,3.60257,-0.14858,84.04974,-4.489542,-0.560135,0.410651,74.98492,17.214965,173.248104,2370.993568,,,,122.92071,44.32705,173.415257,1.229845,-8.89465,10.13981,-1.41206,50,6.25137,7.22301,-135.73683,-4.49406,-16.30267,34.58529,-13.58919,BOC_EAG,MIA_HUR,TruistField,D1,ACC,20260521-TruistField-2,6db6a620-554f-11f1-b22b-2feaa7944c68,91.78706,12.00261,,9.82384,,,,-0.40733,3.12151,0.32258,ca2eee80-f2ce-4c98-97a8-1c82669d3b1d,2026-05-21,19:58:24.58,2026-05-21T15:58:24.5805056-04:00,2026-05-21T19:58:24.5805056Z,LineDrive,v3,227,236,,"Alvarez, Alonzo",828345,Right,MIA_HUR,f64eaf48-0a5b-41ff-a1a0-a5270259cfcc,54.72966,-136.93663,17.29264,6.3991,-4.02263,-6.79459,-1.67244,7.78856,-8.15134,357.963167,-0.25921,-105.94865,5.49377,,,,,,,3.2736,30.87516,-27.36304,,,,,,,0.31048,12.4834,-1.02868,,,,,,,,,,,,,,,,,,,,,,,,,,,,,High,High,High,Medium,Low,,,,,,,,,,,,,,,,,,,,,,,,,,,,,,,,,,,,,
37,2026-05-21,15:58:49.18,6,4,"Collera, Lazaro",813945,Right,MIA_HUR,"Gallo, Luke",828057,Right,BOC_EAG,Undefined,1,Bottom,2,0,2,Curveball,Curveball,FoulBallNotFieldable,Undefined,Undefined,Undefined,0,0,,79.56928,0.884867,0.506885,2125.338102,49.085862,7:45,6.34856,1.70745,5.60807,-53.53979,-8.58327,-11.64001,2.71296,1.2106,72.63466,-8.888655,-1.576317,0.482578,51.17392,-50.167326,-122.759449,,,,,3.05403,3.05403,-96.130275,0.045217,6.06772,-4.20469,-1.74303,50,6.38947,-0.56806,-115.5276,-0.04396,8.11009,23.736,-37.79404,BOC_EAG,MIA_HUR,TruistField,D1,ACC,20260521-TruistField-2,7c2346a0-554f-11f1-b22b-2feaa7944c68,78.10637,2.62511,,6.93462,,,,0.85874,2.62511,-1.19514,ca2eee80-f2ce-4c98-97a8-1c82669d3b1d,2026-05-21,19:58:49.18,2026-05-21T15:58:49.1807232-04:00,2026-05-21T19:58:49.1807232Z,GroundBall,v3,227,236,,"Alvarez, Alonzo",828345,Right,MIA_HUR,b6a84a72-1e43-452b-969a-97eca5c41c2a,54.89192,-116.52835,11.868,6.35773,1.54949,-18.89702,-1.71187,-0.90999,4.05505,,0.86011,-26.20406,,,,,,,,2.62817,-58.05558,,,,,,,,-1.193,-40.724,,,,,,,,,,,,,,,,,,,,,,,,,,,,,,High,High,High,Estimated,Estimated,,,,,,,,,,,,,,,,,,,,,,,,,,,,,,,,,,,,,
38,2026-05-21,15:59:20.69,6,5,"Collera, Lazaro",813945,Right,MIA_HUR,"Gallo, Luke",828057,Right,BOC_EAG,Undefined,1,Bottom,2,0,2,Fastball,Four-Seam,StrikeSwinging,Strikeout,Undefined,Undefined,0,0,,93.32308,-3.274307,-3.554178,2220.486082,214.535326,1:15,6.44903,1.62601,5.55882,-11.51119,21.908,14.15461,2.42142,-0.51928,83.24873,-5.545935,-1.036132,0.416073,,,,,,,,,,,,-8.28134,12.50079,-1.32797,50,6.15826,7.68155,-134.69482,-7.99203,-14.86894,35.44207,-9.72921,BOC_EAG,MIA_HUR,TruistField,D1,ACC,20260521-TruistField-2,8ede32a0-554f-11f1-b22b-2feaa7944c68,90.59094,,,10.07435,,,,,,,ca2eee80-f2ce-4c98-97a8-1c82669d3b1d,2026-05-21,19:59:20.69,2026-05-21T15:59:20.6985216-04:00,2026-05-21T19:59:20.6985216Z,,v3,227,236,,"Alvarez, Alonzo",828345,Right,MIA_HUR,61089db3-6eae-4a1a-9df3-2d0c20c2a7c5,54.9335,-135.98677,17.72103,6.44312,-7.63738,-4.86461,-1.61786,8.22356,-7.43447,,,,,,,,,,,,,,,,,,,,,,,,,,,,,,,,,,,,,,,,,,,,,,,,,,,High,High,High,,,,,,,,,,,,,,,,,,,,,,,,,,,,,,,,,,,,,,,
39,2026-05-21,16:01:35.01,1,1,"Colarusso, AJ",1000090794,Left,BOC_EAG,"Dubovik, Dylan",828130,Right,MIA_HUR,Undefined,2,Top,0,0,0,Fastball,Four-Seam,FoulBallNotFieldable,Undefined,Undefined,Undefined,0,0,,90.56786,-2.93231,2.540496,2151.175108,155.987034,11:15,5.87941,-1.09033,5.28882,-16.62446,18.5158,-7.71382,1.73552,0.65391,82.37653,-6.063102,1.173031,0.426652,87.79662,-7.285765,-46.598934,,,,,15.16514,9.80017,-41.016154,0.102754,4.62855,10.5002,0.86483,50,5.60038,-5.46542,-131.11117,-7.2685,8.01414,29.09143,-13.99334,BOC_EAG,MIA_HUR,TruistField,D1,ACC,20260521-TruistField-2,def0b3d0-554f-11f1-b22b-2feaa7944c68,88.34469,1.68009,,8.19133,,,,2.41323,1.68009,-0.40465,ca2eee80-f2ce-4c98-97a8-1c82669d3b1d,2026-05-21,20:01:35.01,2026-05-21T16:01:35.0174208-04:00,2026-05-21T20:01:35.0174208Z,GroundBall,v3,227,236,,"Johnson, Gunnar",1000100233,Right,BOC_EAG,95b29981-c213-4a38-9c01-4c5dd2d80679,55.20837,-132.26177,14.54571,5.87692,-6.71504,-6.99667,1.08726,-5.78239,4.00707,180,2.4114,87.87276,,,,,,,,1.68043,-16.35068,,,,,,,,-0.40272,-92.91937,,,,,,,,,,,,,,,,,,,,,,,,,,,,,,High,High,High,Low,Low,,,,,,,,,,,,,,,,,,,,,,,,,,,,,,,,,,,,,
40,,,1,2,"Colarusso, AJ",1000090794,Left,BOC_EAG,"Dubovik, Dylan",828130,Right,MIA_HUR,Undefined,2,Top,0,0,1,Curveball,,BallCalled,Undefined,Undefined,Undefined,0,0,,,,,,,,,,,,,,,,,,,,,,,,,,,,,,,,,,,,,,,,,,BOC_EAG,MIA_HUR,TruistField,D1,ACC,20260521-TruistField-2,f9951370-554f-11f1-b22b-2feaa7944c68,,,,,,,,,,,ca2eee80-f2ce-4c98-97a8-1c82669d3b1d,,,,,,v3,227,236,,"Johnson, Gunnar",1000100233,Right,BOC_EAG,a5e7d4fa-2af0-4a83-8d75-059deed12098,,,,,,,,,,,,,,,,,,,,,,,,,,,,,,,,,,,,,,,,,,,,,,,,,,,,,,,,,,,,,,,,,,,,,,,,,,,,,,,,,,,,,,,,,,,,,,,,,,,,,
41,2026-05-21,16:02:24.72,1,3,"Colarusso, AJ",1000090794,Left,BOC_EAG,"Dubovik, Dylan",828130,Right,MIA_HUR,Undefined,2,Top,0,1,1,Fastball,Four-Seam,FoulBallNotFieldable,Undefined,Undefined,Undefined,0,0,,92.01552,-2.63681,2.145182,2167.361946,160.58444,11:15,5.81152,-1.35078,5.50764,-12.76831,20.75911,-6.93638,2.27815,0.07823,84.08928,-5.081783,0.910356,0.416746,72.56878,23.531082,160.509307,1793.411538,,,,,42.7461,,,4.11945,11.56493,1.16848,50,5.57306,-4.68673,-133.41647,-6.52496,7.42926,28.54926,-11.31711,BOC_EAG,MIA_HUR,TruistField,D1,ACC,20260521-TruistField-2,fc8bbe30-554f-11f1-b22b-2feaa7944c68,90.44464,17.40528,,7.92625,,,,1.46151,2.37504,-0.07693,ca2eee80-f2ce-4c98-97a8-1c82669d3b1d,2026-05-21,20:02:24.72,2026-05-21T16:02:24.7226368-04:00,2026-05-21T20:02:24.7226368Z,,v3,227,236,,"Johnson, Gunnar",1000100233,Right,BOC_EAG,3b54a936-5212-4ce8-a5d6-1e5a71aa7f5a,54.99065,-134.48016,14.27463,5.80832,-6.10331,-5.65855,1.34825,-4.96353,3.71463,320.783893,1.45902,-91.92097,6.66434,,,,,,,2.38523,42.20343,-21.9533,,,,,,,-0.07223,32.42544,-5.21101,,,,,,,,,,,,,,,,,,,,,,,,,,,,,High,High,High,High,Undefined,,,,,,,,,,,,,,,,,,,,,,,,,,,,,,,,,,,,,
42,2026-05-21,16:02:49.11,1,4,"Colarusso, AJ",1000090794,Left,BOC_EAG,"Dubovik, Dylan",828130,Right,MIA_HUR,Undefined,2,Top,0,1,2,Fastball,Four-Seam,FoulBallNotFieldable,Undefined,Undefined,Undefined,0,0,,93.27102,-2.280072,1.481355,2168.151768,158.81672,11:15,5.77493,-1.31298,5.50072,-14.17544,18.99422,-6.88126,2.45927,-0.50061,83.82365,-5.006744,0.255642,0.414517,67.99832,45.714934,107.08395,4602.901833,,,,,31.82637,,,3.95173,10.67457,1.18833,50,5.56657,-3.16847,-135.04027,-5.80224,7.17269,34.0891,-12.79882,BOC_EAG,MIA_HUR,TruistField,D1,ACC,20260521-TruistField-2,0b149940-5550-11f1-b22b-2feaa7944c68,90.93109,28.35601,,9.44738,,,,0.48325,2.17811,0.54473,ca2eee80-f2ce-4c98-97a8-1c82669d3b1d,2026-05-21,20:02:49.11,2026-05-21T16:02:49.1193344-04:00,2026-05-21T20:02:49.1193344Z,,v3,227,236,,"Johnson, Gunnar",1000100233,Right,BOC_EAG,c90f3592-f482-455f-aec4-3ecb3ff14e26,54.99396,-136.2951,17.04455,5.77148,-5.33112,-6.39941,1.30983,-3.4325,3.58635,323.123767,0.50581,-21.11329,-6.44072,,,,,,,2.20977,70.48481,-31.90056,,,,,,,0.54885,66.45016,-8.66609,,,,,,,,,,,,,,,,,,,,,,,,,,,,,High,High,High,Medium,Undefined,,,,,,,,,,,,,,,,,,,,,,,,,,,,,,,,,,,,,
43,2026-05-21,16:03:10.76,1,5,"Colarusso, AJ",1000090794,Left,BOC_EAG,"Dubovik, Dylan",828130,Right,MIA_HUR,Undefined,2,Top,0,1,2,Fastball,Four-Seam,InPlay,Undefined,LineDrive,Single,0,0,,93.18105,-3.31196,1.180819,2193.81761,164.712526,11:30,5.77719,-1.07955,5.98047,-11.00335,21.04978,-5.47689,1.78625,-0.44129,85.37622,-5.446726,0.196456,0.40748,95.76005,5.591313,-0.039358,1070.605024,109.98049,5.07874,2.05047,160.03977,155.39375,1.418393,1.326263,3.16567,12.08205,0.98944,50,5.50935,-2.55626,-135.22586,-8.11069,5.87327,28.94471,-9.75836,BOC_EAG,MIA_HUR,TruistField,D1,ACC,20260521-TruistField-2,1802d720-5550-11f1-b22b-2feaa7944c68,92.50124,5.87474,,7.80483,,,,1.15005,1.79378,0.43483,ca2eee80-f2ce-4c98-97a8-1c82669d3b1d,2026-05-21,20:03:10.76,2026-05-21T16:03:10.7616256-04:00,2026-05-21T20:03:10.7616256Z,GroundBall,v3,227,236,,"Johnson, Gunnar",1000100233,Right,BOC_EAG,ff53093e-3ec9-40d2-ac4c-4667546b9f04,54.51873,-136.18965,14.47236,5.774,-7.78576,-4.87918,1.07781,-2.75183,2.93664,203.096236,1.15005,139.77958,-19.00333,3.73617,-0.75045,0.15156,-0.03052,0.00518,-0.0005,1.79378,13.68411,-11.56261,0.13478,0.03978,-0.01573,0.00538,-0.00102,0.0001,0.43483,-0.09602,2.73652,-0.65545,0.15667,-0.03636,0.00787,-0.00139,0.00014,,,,,,,,,,,,,,,,,,,,,,,High,High,High,High,High,,,,,,,,,,,,,,,,,,,,,,,,,,,,,,,,,,,,,
44,2026-05-21,16:03:45.70,2,1,"Colarusso, AJ",1000090794,Left,BOC_EAG,"Milano, Gabriel",813298,Left,MIA_HUR,Undefined,2,Top,0,0,0,Cutter,Cutter,BallCalled,Undefined,Undefined,Undefined,0,0,,88.22686,-4.768361,3.087551,2395.817336,220.099179,1:15,5.57657,-1.63827,5.41906,-28.76068,7.97949,5.77177,-1.3036,1.73767,81.64065,-9.966441,4.1137,0.436257,,,,,,,,,,,,-2.1461,5.60784,1.35953,50,5.13146,-7.11744,-127.5872,-11.69124,-3.54294,25.87906,-22.9163,BOC_EAG,MIA_HUR,TruistField,D1,ACC,20260521-TruistField-2,2cc68b70-5550-11f1-b22b-2feaa7944c68,86.39968,,,6.58622,,,,,,,ca2eee80-f2ce-4c98-97a8-1c82669d3b1d,2026-05-21,20:03:45.70,2026-05-21T16:03:45.7065472-04:00,2026-05-21T20:03:45.7065472Z,,v3,227,236,,"Johnson, Gunnar",1000100233,Right,BOC_EAG,ca30928e-4638-4e31-954c-dcbcb25ea8af,55.08243,-128.61396,12.93953,5.57728,-10.78203,-11.45815,1.63913,-6.97687,-1.77147,,,,,,,,,,,,,,,,,,,,,,,,,,,,,,,,,,,,,,,,,,,,,,,,,,,High,High,High,,,,,,,,,,,,,,,,,,,,,,,,,,,,,,,,,,,,,,,
45,2026-05-21,16:04:15.34,2,2,"Colarusso, AJ",1000090794,Left,BOC_EAG,"Milano, Gabriel",813298,Left,MIA_HUR,Undefined,2,Top,0,1,0,Cutter,Cutter,BallCalled,Undefined,Undefined,Undefined,0,0,,87.12133,-1.973097,3.017588,2295.145885,193.651875,12:30,5.55439,-1.53528,5.38203,-26.04714,11.61532,2.5291,1.53098,1.50668,79.83318,-6.768276,3.466352,0.441698,,,,,,,,,,,,-0.42709,6.75555,1.26334,50,5.35948,-6.76434,-126.22127,-5.26921,-0.68863,25.82569,-21.28172,BOC_EAG,MIA_HUR,TruistField,D1,ACC,20260521-TruistField-2,3e965420-5550-11f1-b22b-2feaa7944c68,85.33528,,,7.28815,,,,,,,ca2eee80-f2ce-4c98-97a8-1c82669d3b1d,2026-05-21,20:04:15.34,2026-05-21T16:04:15.3452544-04:00,2026-05-21T20:04:15.3452544Z,,v3,227,236,,"Johnson, Gunnar",1000100233,Right,BOC_EAG,24f50d2c-096b-4b9c-b8b1-b33005362fb4,55.11462,-127.26345,12.91284,5.55479,-4.4104,-10.64086,1.53575,-6.73656,-0.34431,,,,,,,,,,,,,,,,,,,,,,,,,,,,,,,,,,,,,,,,,,,,,,,,,,,High,High,High,,,,,,,,,,,,,,,,,,,,,,,,,,,,,,,,,,,,,,,
46,2026-05-21,16:04:32.81,2,3,"Colarusso, AJ",1000090794,Left,BOC_EAG,"Milano, Gabriel",813298,Left,MIA_HUR,Undefined,2,Top,0,2,0,Fastball,Sinker,FoulBallNotFieldable,Undefined,Undefined,Undefined,0,0,,90.60827,-2.877751,2.689451,2145.004706,144.944225,10:45,5.73848,-1.16806,5.87732,-14.24639,20.10934,-13.27973,1.87347,0.22488,82.2969,-5.620281,0.309484,0.421863,74.96432,21.17446,-143.215284,4296.483542,-97.63445,10.65592,-50.67056,138.41711,44.59509,-154.90255,1.624173,7.61965,11.50871,0.95851,50,5.49752,-5.5999,-131.28768,-6.99666,13.21055,29.52422,-12.2209,BOC_EAG,MIA_HUR,TruistField,D1,ACC,20260521-TruistField-2,49114810-5550-11f1-b22b-2feaa7944c68,89.34768,15.62907,,8.31137,,,,1.58124,1.25264,0.39804,ca2eee80-f2ce-4c98-97a8-1c82669d3b1d,2026-05-21,20:04:32.81,2026-05-21T16:04:32.8122368-04:00,2026-05-21T20:04:32.8122368Z,LineDrive,v3,227,236,,"Johnson, Gunnar",1000100233,Right,BOC_EAG,581e08a9-83cd-4555-8054-6dfbbc0e9b26,54.62026,-132.32262,14.76211,5.73527,-6.56828,-6.11045,1.16292,-6.06298,6.60528,55.258302,1.95881,-85.46718,4.24553,,,,,,,1.7498,35.45381,-22.65535,,,,,,,-0.05639,-57.47737,13.29891,,,,,,,,,,,,,,,,,,,,,,,,,,,,,High,High,High,Medium,Low,,,,,,,,,,,,,,,,,,,,,,,,,,,,,,,,,,,,,
47,2026-05-21,16:04:52.37,2,4,"Colarusso, AJ",1000090794,Left,BOC_EAG,"Milano, Gabriel",813298,Left,MIA_HUR,Undefined,2,Top,0,2,1,Cutter,Slider,FoulBallNotFieldable,Undefined,Undefined,Undefined,0,0,,85.42814,0.059664,2.303329,2184.146275,229.191232,1:45,5.55817,-1.52817,5.03618,-35.00439,4.46284,3.77551,2.69747,0.96059,78.46809,-6.301974,2.969625,0.452158,,,,,,,,,,,,-1.25437,2.55587,1.305,50,5.53589,-5.15167,-123.91261,-1.20322,-1.95557,24.13078,-28.18946,BOC_EAG,MIA_HUR,TruistField,D1,ACC,20260521-TruistField-2,550ee460-5550-11f1-b22b-2feaa7944c68,83.36128,,,6.96005,,,,,,,ca2eee80-f2ce-4c98-97a8-1c82669d3b1d,2026-05-21,20:04:52.37,2026-05-21T16:04:52.3706368-04:00,2026-05-21T20:04:52.3706368Z,,v3,227,236,,"Johnson, Gunnar",1000100233,Right,BOC_EAG,331282cd-81c9-48aa-bc81-203c52d21d3d,55.46171,-124.9717,12.06539,5.56155,0.034,-14.09473,1.52922,-5.06585,-0.97779,,,,,,,,,,,,,,,,,,,,,,,,,,,,,,,,,,,,,,,,,,,,,,,,,,,High,High,High,,,,,,,,,,,,,,,,,,,,,,,,,,,,,,,,,,,,,,,
48,2026-05-21,16:05:12.85,2,5,"Colarusso, AJ",1000090794,Left,BOC_EAG,"Milano, Gabriel",813298,Left,MIA_HUR,Undefined,2,Top,0,2,2,Fastball,Four-Seam,InPlay,Undefined,LineDrive,Single,0,0,,91.36851,-1.176829,2.948091,2105.767225,145.93966,10:45,5.72757,-1.21545,5.69848,-18.50198,15.31591,-9.61245,3.08752,0.73309,83.29681,-4.663756,1.23195,0.418547,89.08847,14.418023,-29.446087,3578.917412,91.65836,20.6889,-60.8173,232.19226,226.03619,-37.797445,2.351262,5.7463,8.45563,0.9741,50,5.61735,-6.40343,-132.51363,-3.32781,10.19832,28.81592,-17.16734,BOC_EAG,MIA_HUR,TruistField,D1,ACC,20260521-TruistField-2,60cf2990-5550-11f1-b22b-2feaa7944c68,90.05538,20.90499,,8.0717,,,,1.28309,3.4513,-0.90029,ca2eee80-f2ce-4c98-97a8-1c82669d3b1d,2026-05-21,20:05:12.85,2026-05-21T16:05:12.8572416-04:00,2026-05-21T20:05:12.8572416Z,LineDrive,v3,227,236,,"Johnson, Gunnar",1000100233,Right,BOC_EAG,1ab6f1de-dd0d-495c-abf8-67bfcfbaff69,54.7994,-133.55321,14.40796,5.72623,-2.70847,-8.58367,1.21175,-6.77136,5.09916,,1.28309,110.20043,-21.32809,4.80793,-1.01229,0.18543,-0.03109,0.00402,-0.00025,3.4513,32.53397,-15.70474,0.45681,0.07589,-0.03702,0.01012,-0.0012,5E-05,-0.90029,-62.21101,-0.46223,1.25445,-0.49775,0.13762,-0.02896,0.00399,-0.00027,,,,,,,,,,,,,,,,,,,,,,,High,High,High,Medium,High,,,,,,,,,,,,,,,,,,,,,,,,,,,,,,,,,,,,,
49,2026-05-21,16:05:50.33,3,1,"Colarusso, AJ",1000090794,Left,BOC_EAG,"Sheahan, Vance",804451,Right,MIA_HUR,Undefined,2,Top,0,0,0,ChangeUp,Changeup,FoulBallNotFieldable,Undefined,Undefined,Undefined,0,0,,84.33931,-1.92475,2.316647,1706.862058,132.648861,10:30,5.68042,-1.47532,5.29036,-28.54104,11.90264,-11.44194,1.49257,-0.25239,76.93385,-7.184354,0.285654,0.457717,,,,,,,,,,,,6.47823,6.91792,1.27328,50,5.48444,-4.4656,-122.22689,-5.09442,9.74358,25.38868,-21.76917,BOC_EAG,MIA_HUR,TruistField,D1,ACC,20260521-TruistField-2,771beee0-5550-11f1-b22b-2feaa7944c68,82.34881,,,7.40546,,,,,,,ca2eee80-f2ce-4c98-97a8-1c82669d3b1d,2026-05-21,20:05:50.33,2026-05-21T16:05:50.3319040-04:00,2026-05-21T20:05:50.3319040Z,,v3,227,236,,"Johnson, Gunnar",1000100233,Right,BOC_EAG,6f857ee7-88b8-402f-8e32-44e6a6459f39,55.20799,-123.30393,12.69434,5.68097,-4.17092,-10.88458,1.47149,-4.87895,4.87179,,,,,,,,,,,,,,,,,,,,,,,,,,,,,,,,,,,,,,,,,,,,,,,,,,,High,High,High,,,,,,,,,,,,,,,,,,,,,,,,,,,,,,,,,,,,,,,
50,2026-05-21,16:06:11.59,3,2,"Colarusso, AJ",1000090794,Left,BOC_EAG,"Sheahan, Vance",804451,Right,MIA_HUR,Undefined,2,Top,0,0,1,ChangeUp,Changeup,BallCalled,Undefined,Undefined,Undefined,0,0,,84.71172,-2.167129,3.211937,1760.848247,110.805995,9:45,5.66016,-1.26261,5.45536,-32.76285,6.71437,-14.52481,0.89715,0.53678,78.20249,-8.150303,0.62626,0.452215,,,,,,,,,,,,8.2165,4.29744,0.98968,50,5.44614,-6.29532,-122.8443,-5.80688,12.62635,23.05046,-25.57017,BOC_EAG,MIA_HUR,TruistField,D1,ACC,20260521-TruistField-2,83c95330-5550-11f1-b22b-2feaa7944c68,83.35074,,,6.50923,,,,,,,ca2eee80-f2ce-4c98-97a8-1c82669d3b1d,2026-05-21,20:06:11.59,2026-05-21T16:06:11.5919360-04:00,2026-05-21T20:06:11.5919360Z,,v3,227,236,,"Johnson, Gunnar",1000100233,Right,BOC_EAG,371482f0-8fc8-486c-8c60-da5dd566fe1e,55.04443,-123.78721,11.52523,5.66228,-4.76089,-12.78508,1.25777,-6.81182,6.31317,,,,,,,,,,,,,,,,,,,,,,,,,,,,,,,,,,,,,,,,,,,,,,,,,,,High,High,High,,,,,,,,,,,,,,,,,,,,,,,,,,,,,,,,,,,,,,,
51,2026-05-21,16:06:29.19,3,3,"Colarusso, AJ",1000090794,Left,BOC_EAG,"Sheahan, Vance",804451,Right,MIA_HUR,Undefined,2,Top,0,1,1,Fastball,Four-Seam,FoulBallNotFieldable,Undefined,Undefined,Undefined,0,0,,92.27356,-2.250526,1.533841,2119.052191,156.618158,11:15,5.81116,-1.36048,5.41965,-10.57091,23.15974,-9.50186,2.82033,-0.7152,83.47507,-4.32584,-0.155695,0.418007,,,,,,,,,,,,5.22862,12.65446,1.23109,50,5.60441,-3.13364,-133.69412,-5.51435,9.38049,31.18456,-9.47118,BOC_EAG,MIA_HUR,TruistField,D1,ACC,20260521-TruistField-2,8e667520-5550-11f1-b22b-2feaa7944c68,90.17177,,,8.7985,,,,,,,ca2eee80-f2ce-4c98-97a8-1c82669d3b1d,2026-05-21,20:06:29.19,2026-05-21T16:06:29.1978752-04:00,2026-05-21T20:06:29.1978752Z,,v3,227,236,,"Johnson, Gunnar",1000100233,Right,BOC_EAG,72c07187-bc82-41a6-a01a-b17a2ff37e07,55.07594,-134.8729,15.59228,5.80609,-5.15634,-4.73559,1.35624,-3.48823,4.69025,,,,,,,,,,,,,,,,,,,,,,,,,,,,,,,,,,,,,,,,,,,,,,,,,,,High,High,High,,,,,,,,,,,,,,,,,,,,,,,,,,,,,,,,,,,,,,,
52,2026-05-21,16:06:53.85,3,4,"Colarusso, AJ",1000090794,Left,BOC_EAG,"Sheahan, Vance",804451,Right,MIA_HUR,Undefined,2,Top,0,1,2,ChangeUp,Changeup,InPlay,Undefined,GroundBall,Out,1,1,,84.68061,-1.152458,1.790448,1666.466814,101.163001,9:15,5.66652,-1.45084,5.6018,-35.17978,4.10177,-14.69017,1.65835,-1.00304,77.95881,-7.599506,-0.835359,0.451093,92.50971,-60.864185,15.024676,,,,,2.18276,2.18276,34.632431,0.013433,7.96284,2.74162,1.30741,50,5.54491,-3.24363,-122.98424,-3.70058,12.2234,23.87403,-27.96555,BOC_EAG,MIA_HUR,TruistField,D1,ACC,20260521-TruistField-2,9d14b280-5550-11f1-b22b-2feaa7944c68,83.5581,1.59416,,6.7218,,,,0.93778,1.59416,1.01013,ca2eee80-f2ce-4c98-97a8-1c82669d3b1d,2026-05-21,20:06:53.85,2026-05-21T16:06:53.8528768-04:00,2026-05-21T20:06:53.8528768Z,GroundBall,v3,227,236,,"Johnson, Gunnar",1000100233,Right,BOC_EAG,afa99d07-ebe6-4a37-afa8-4211ae8a8417,54.89763,-123.93133,11.93701,5.66971,-2.59117,-13.98278,1.4457,-3.72854,6.1117,,0.9376,63.88776,,,,,,,,1.59451,-118.67187,,,,,,,,1.01008,17.14817,,,,,,,,,,,,,,,,,,,,,,,,,,,,,,High,High,High,Estimated,Estimated,,,,,,,,,,,,,,,,,,,,,,,,,,,,,,,,,,,,,
53,2026-05-21,16:07:31.13,4,1,"Colarusso, AJ",1000090794,Left,BOC_EAG,"Peralta, Fabio",806678,Left,MIA_HUR,Undefined,2,Top,1,0,0,Fastball,Four-Seam,InPlay,Undefined,FlyBall,HomeRun,0,2,,90.68747,-1.497477,1.976272,1923.485606,159.017666,11:15,5.71495,-1.08339,5.67284,-16.90442,16.88962,-6.12071,2.90903,0.24973,83.99218,-4.665522,0.882951,0.4184,90.78332,29.757536,-23.703295,4805.758753,97.28253,56.83095,-51.34292,344.97459,320.05025,-35.210147,4.651935,3.60776,9.26024,0.92068,50,5.57798,-4.28841,-131.81663,-3.99662,6.4401,24.19879,-15.64388,BOC_EAG,MIA_HUR,TruistField,D1,ACC,20260521-TruistField-2,b3d6a7d0-5550-11f1-b22b-2feaa7944c68,90.08714,73.1945,,6.69529,,,,0.77652,3.05327,-0.31361,ca2eee80-f2ce-4c98-97a8-1c82669d3b1d,2026-05-21,20:07:31.13,2026-05-21T16:07:31.1354880-04:00,2026-05-21T20:07:31.1354880Z,FlyBall,v3,227,236,,"Johnson, Gunnar",1000100233,Right,BOC_EAG,04c45845-3160-4bc6-843a-97e63e0d635c,54.82708,-132.69983,12.0994,5.71343,-3.42566,-7.82194,1.08149,-4.52345,3.22005,144.797846,0.77665,105.83854,-22.31773,5.39101,-1.02045,0.15452,-0.02209,0.00283,-0.00018,3.05533,66.0338,-16.33843,0.04136,0.3878,-0.19566,0.05464,-0.00768,0.00042,-0.31399,-46.45905,0.29527,0.51642,-0.18776,0.03417,-0.00305,3E-05,1E-05,,,,,,,,,,,,,,,,,,,,,,,High,High,High,High,Medium,,,,,,,,,,,,,,,,,,,,,,,,,,,,,,,,,,,,,
54,2026-05-21,16:08:22.35,5,1,"Colarusso, AJ",1000090794,Left,BOC_EAG,"Ogden, Jake",804826,Right,MIA_HUR,Undefined,2,Top,1,0,0,Curveball,Curveball,StrikeCalled,Undefined,Undefined,Undefined,0,0,,76.55594,1.891744,0.545919,2668.736875,278.906711,3:15,5.71273,-1.45891,5.02741,-49.85058,-0.71043,13.99599,3.34421,0.22254,70.41011,-7.137632,3.018188,0.504533,,,,,,,,,,,,-6.76233,-0.37996,1.39505,50,5.85369,-1.62548,-111.09359,1.92226,-8.47027,19.47976,-32.64996,BOC_EAG,MIA_HUR,TruistField,D1,ACC,20260521-TruistField-2,d1cfd7c0-5550-11f1-b22b-2feaa7944c68,74.70756,,,6.14582,,,,,,,ca2eee80-f2ce-4c98-97a8-1c82669d3b1d,2026-05-21,20:08:22.35,2026-05-21T16:08:22.3516672-04:00,2026-05-21T20:08:22.3516672Z,,v3,227,236,,"Johnson, Gunnar",1000100233,Right,BOC_EAG,54347080-d067-48ed-8dfa-dbb2fba9d1cd,55.47147,-112.04888,9.73988,5.72016,3.52342,-16.32498,1.46458,-1.2101,-4.23513,,,,,,,,,,,,,,,,,,,,,,,,,,,,,,,,,,,,,,,,,,,,,,,,,,,High,High,High,,,,,,,,,,,,,,,,,,,,,,,,,,,,,,,,,,,,,,,
55,2026-05-21,16:08:34.63,5,2,"Colarusso, AJ",1000090794,Left,BOC_EAG,"Ogden, Jake",804826,Right,MIA_HUR,Undefined,2,Top,1,0,1,Cutter,Changeup,InPlay,Undefined,LineDrive,Single,0,0,,85.6576,-1.087466,2.314237,1765.812985,111.669674,9:45,5.61918,-1.36884,5.5829,-30.61828,8.31071,-17.49958,2.05117,-0.6648,77.72256,-6.757138,-0.80965,0.449064,103.12705,8.352085,-3.726984,3908.316951,109.73717,8.51715,-7.58664,181.15163,180.94845,-4.411801,1.421384,9.58497,4.93425,1.18169,50,5.50587,-4.27904,-124.18314,-3.40848,14.80609,27.37598,-24.55202,BOC_EAG,MIA_HUR,TruistField,D1,ACC,20260521-TruistField-2,d9112480-5550-11f1-b22b-2feaa7944c68,83.93559,8.89174,,7.93504,,,,0.89738,1.96258,0.65701,ca2eee80-f2ce-4c98-97a8-1c82669d3b1d,2026-05-21,20:08:34.63,2026-05-21T16:08:34.6331648-04:00,2026-05-21T20:08:34.6331648Z,LineDrive,v3,227,236,,"Johnson, Gunnar",1000100233,Right,BOC_EAG,caee7a5b-1f91-4093-baa4-d5ba4c960851,54.91446,-125.26184,13.68799,5.62112,-2.44105,-12.27601,1.36179,-4.86244,7.40304,102.91453,0.89738,149.3321,-19.65666,3.27696,-0.70055,0.13805,-0.02749,0.00464,-0.00043,1.96258,21.97032,-18.4222,1.78107,-0.35735,0.08187,-0.01564,0.00258,-0.00025,0.65701,-9.7275,-1.16039,0.79128,-0.2363,0.06233,-0.01405,0.00251,-0.00024,,,,,,,,,,,,,,,,,,,,,,,High,High,High,High,High,,,,,,,,,,,,,,,,,,,,,,,,,,,,,,,,,,,,,
56,2026-05-21,16:09:49.71,6,1,"Colarusso, AJ",1000090794,Left,BOC_EAG,"Galvin, Max",803344,Left,MIA_HUR,Undefined,2,Top,1,0,0,Fastball,Four-Seam,StrikeCalled,Undefined,Undefined,Undefined,0,0,,91.59235,-2.531974,1.697228,2160.275612,160.550012,11:15,5.78078,-1.15751,5.53921,-15.94324,17.99387,-5.95296,2.08317,-0.06686,83.39745,-5.55072,0.636157,0.419285,,,,,,,,,,,,3.48851,10.15142,1.01437,50,5.55076,-3.6613,-132.75537,-6.37292,6.20232,29.41467,-14.12556,BOC_EAG,MIA_HUR,TruistField,D1,ACC,20260521-TruistField-2,05cc67f0-5551-11f1-b22b-2feaa7944c68,89.89704,,,8.19489,,,,,,,ca2eee80-f2ce-4c98-97a8-1c82669d3b1d,2026-05-21,20:09:49.71,2026-05-21T16:09:49.7179136-04:00,2026-05-21T20:09:49.7179136Z,,v3,227,236,,"Johnson, Gunnar",1000100233,Right,BOC_EAG,1e53e17e-9777-424e-98a5-d01f22e194c2,54.95666,-133.84911,14.70733,5.77796,-5.84769,-7.06278,1.1548,-3.89193,3.10116,,,,,,,,,,,,,,,,,,,,,,,,,,,,,,,,,,,,,,,,,,,,,,,,,,,High,High,High,,,,,,,,,,,,,,,,,,,,,,,,,,,,,,,,,,,,,,,
57,2026-05-21,16:10:05.13,6,2,"Colarusso, AJ",1000090794,Left,BOC_EAG,"Galvin, Max",803344,Left,MIA_HUR,Undefined,2,Top,1,0,1,Fastball,Four-Seam,InPlay,Undefined,GroundBall,Single,0,0,,90.97848,-2.002792,1.658868,2135.50628,152.938915,11:00,5.82523,-1.13314,5.62469,-14.96898,19.52702,-9.34941,2.70741,-0.36389,82.21571,-4.87544,-0.010249,0.422723,98.40783,-17.519614,6.373677,,,,,10.30199,10.09948,7.477223,0.061875,5.28008,10.89587,0.99804,50,5.64533,-3.40424,-131.86354,-5.05282,9.18678,31.13459,-13.21637,BOC_EAG,MIA_HUR,TruistField,D1,ACC,20260521-TruistField-2,0f058d10-5551-11f1-b22b-2feaa7944c68,89.16586,2.69335,,8.76277,,,,1.73508,2.69335,0.39345,ca2eee80-f2ce-4c98-97a8-1c82669d3b1d,2026-05-21,20:10:05.13,2026-05-21T16:10:05.1342336-04:00,2026-05-21T20:10:05.1342336Z,GroundBall,v3,227,236,,"Johnson, Gunnar",1000100233,Right,BOC_EAG,2b04e936-6be8-475c-88e9-24bc40e2213a,54.87196,-133.0089,15.56729,5.82227,-4.56663,-6.60819,1.12949,-3.74219,4.59339,180,1.73255,137.039,,,,,,,,2.69416,-43.52886,,,,,,,,0.39317,15.30764,,,,,,,,,,,,,,,,,,,,,,,,,,,,,,High,High,High,High,High,,,,,,,,,,,,,,,,,,,,,,,,,,,,,,,,,,,,,
58,2026-05-21,16:10:44.50,7,1,"Colarusso, AJ",1000090794,Left,BOC_EAG,"Williams, Derek",804746,Right,MIA_HUR,Undefined,2,Top,1,0,0,Curveball,Curveball,BallCalled,Undefined,Undefined,Undefined,0,0,,77.06871,-0.481104,-0.504464,2644.50627,281.928537,3:30,5.85168,-1.46083,4.81548,-50.21782,-1.32925,13.42253,1.21111,-0.82015,71.17729,-9.498044,1.86379,0.50324,,,,,,,,,,,,-6.77579,-0.09724,1.49866,50,5.76031,0.43768,-111.85987,-2.75108,-8.59069,20.05549,-32.29733,BOC_EAG,MIA_HUR,TruistField,D1,ACC,20260521-TruistField-2,26863e80-5551-11f1-b22b-2feaa7944c68,74.89953,,,5.89142,,,,,,,ca2eee80-f2ce-4c98-97a8-1c82669d3b1d,2026-05-21,20:10:44.50,2026-05-21T16:10:44.5033472-04:00,2026-05-21T20:10:44.5033472Z,,v3,227,236,,"Johnson, Gunnar",1000100233,Right,BOC_EAG,bb193ee8-c4a0-45e0-b494-abd0850ab44e,55.68433,-112.87442,10.02775,5.85815,-1.11724,-16.14867,1.46553,0.87225,-4.29534,,,,,,,,,,,,,,,,,,,,,,,,,,,,,,,,,,,,,,,,,,,,,,,,,,,High,High,High,,,,,,,,,,,,,,,,,,,,,,,,,,,,,,,,,,,,,,,
59,2026-05-21,16:11:00.45,7,2,"Colarusso, AJ",1000090794,Left,BOC_EAG,"Williams, Derek",804746,Right,MIA_HUR,Undefined,2,Top,1,1,0,Curveball,Curveball,StrikeCalled,Undefined,Undefined,Undefined,0,0,,76.29336,0.832769,-0.237387,2648.156432,313.664426,4:30,5.76887,-1.29759,4.82933,-61.3431,-10.97323,13.26497,1.44565,-0.41698,69.84396,-10.177616,2.104834,0.510807,,,,,,,,,,,,-6.60481,-5.16292,1.30908,50,5.79832,-0.08521,-110.6485,-0.62958,-8.10008,21.72715,-38.50581,BOC_EAG,MIA_HUR,TruistField,D1,ACC,20260521-TruistField-2,300b12a0-5551-11f1-b22b-2feaa7944c68,73.78998,,,6.4494,,,,,,,ca2eee80-f2ce-4c98-97a8-1c82669d3b1d,2026-05-21,20:11:00.45,2026-05-21T16:11:00.4504576-04:00,2026-05-21T20:11:00.4504576Z,,v3,227,236,,"Johnson, Gunnar",1000100233,Right,BOC_EAG,1c825196-f8df-4606-85ed-82a799aa19aa,55.67128,-111.75658,10.86357,5.78036,1.33419,-19.25291,1.30289,0.32789,-4.05004,,,,,,,,,,,,,,,,,,,,,,,,,,,,,,,,,,,,,,,,,,,,,,,,,,,High,High,High,,,,,,,,,,,,,,,,,,,,,,,,,,,,,,,,,,,,,,,
60,2026-05-21,16:11:18.40,7,3,"Colarusso, AJ",1000090794,Left,BOC_EAG,"Williams, Derek",804746,Right,MIA_HUR,Undefined,2,Top,1,1,1,Cutter,Slider,FoulBallNotFieldable,Undefined,Undefined,Undefined,0,0,,84.90544,-0.691659,1.600939,2389.535584,257.624632,2:30,5.59209,-1.451,5.17149,-36.7453,3.36256,9.24126,1.87882,0.82604,77.46412,-7.386595,3.238128,0.455812,,,,,,,,,,,,-4.15717,2.24665,1.29445,50,5.49967,-3.83989,-123.10991,-2.84911,-6.32856,26.28137,-28.75393,BOC_EAG,MIA_HUR,TruistField,D1,ACC,20260521-TruistField-2,3aa638c0-5551-11f1-b22b-2feaa7944c68,82.69289,,,7.44132,,,,,,,ca2eee80-f2ce-4c98-97a8-1c82669d3b1d,2026-05-21,20:11:18.40,2026-05-21T16:11:18.4031232-04:00,2026-05-21T20:11:18.4031232Z,,v3,227,236,,"Johnson, Gunnar",1000100233,Right,BOC_EAG,1011f4d0-2a9f-4986-b35d-3ded36ffe54c,55.32645,-124.24179,13.14069,5.59571,-1.61074,-14.37696,1.45396,-3.56734,-3.16428,,,,,,,,,,,,,,,,,,,,,,,,,,,,,,,,,,,,,,,,,,,,,,,,,,,High,High,High,,,,,,,,,,,,,,,,,,,,,,,,,,,,,,,,,,,,,,,
61,2026-05-21,16:11:46.51,7,4,"Colarusso, AJ",1000090794,Left,BOC_EAG,"Williams, Derek",804746,Right,MIA_HUR,Undefined,2,Top,1,1,2,Curveball,Curveball,StrikeSwinging,Strikeout,Undefined,Undefined,0,0,,76.94176,0.074467,0.724423,2738.927894,319.88592,4:45,5.84138,-1.29584,4.70727,-61.81606,-11.79694,11.4082,0.76073,0.34246,70.26939,-10.979618,2.735569,0.509025,,,,,,,,,,,,-5.40803,-5.4289,1.21158,50,5.79292,-1.87851,-111.50863,-2.1399,-6.69619,23.15536,-38.89609,BOC_EAG,MIA_HUR,TruistField,D1,ACC,20260521-TruistField-2,4b6cf5e0-5551-11f1-b22b-2feaa7944c68,74.04828,,,6.67238,,,,,,,ca2eee80-f2ce-4c98-97a8-1c82669d3b1d,2026-05-21,20:11:46.51,2026-05-21T16:11:46.5156608-04:00,2026-05-21T20:11:46.5156608Z,,v3,227,236,,"Johnson, Gunnar",1000100233,Right,BOC_EAG,bc68a7f1-8663-4ee1-a872-d45a7c49b1de,55.79343,-112.70524,11.57768,5.85157,-0.12984,-19.44805,1.29972,-1.53247,-3.3481,,,,,,,,,,,,,,,,,,,,,,,,,,,,,,,,,,,,,,,,,,,,,,,,,,,High,High,High,,,,,,,,,,,,,,,,,,,,,,,,,,,,,,,,,,,,,,,
62,2026-05-21,16:12:20.31,8,1,"Colarusso, AJ",1000090794,Left,BOC_EAG,"Sosa, Alex",806227,Left,MIA_HUR,Undefined,2,Top,2,0,0,Cutter,Slider,BallCalled,Undefined,Undefined,Undefined,0,0,,85.4969,-1.647145,2.206726,2490.890614,247.546191,2:15,5.57102,-1.56692,5.31851,-34.69758,5.05611,8.75524,1.13218,1.23466,77.41593,-7.998772,3.761299,0.453795,,,,,,,,,,,,-3.66457,3.49418,1.36048,50,5.39701,-5.15114,-123.76244,-4.82108,-5.58589,28.67073,-26.84789,BOC_EAG,MIA_HUR,TruistField,D1,ACC,20260521-TruistField-2,5fa002f0-5551-11f1-b22b-2feaa7944c68,83.06043,,,8.08097,,,,,,,ca2eee80-f2ce-4c98-97a8-1c82669d3b1d,2026-05-21,20:12:20.31,2026-05-21T16:12:20.3156992-04:00,2026-05-21T20:12:20.3156992Z,,v3,227,236,,"Johnson, Gunnar",1000100233,Right,BOC_EAG,af3791d7-a81b-4752-a8b1-ec51c54f1ef5,55.17696,-124.95598,14.33536,5.57445,-3.70343,-13.42395,1.57008,-4.91861,-2.79294,,,,,,,,,,,,,,,,,,,,,,,,,,,,,,,,,,,,,,,,,,,,,,,,,,,High,High,High,,,,,,,,,,,,,,,,,,,,,,,,,,,,,,,,,,,,,,,
63,2026-05-21,16:12:43.84,8,2,"Colarusso, AJ",1000090794,Left,BOC_EAG,"Sosa, Alex",806227,Left,MIA_HUR,Undefined,2,Top,2,1,0,ChangeUp,Changeup,BallCalled,Undefined,Undefined,Undefined,0,1,,83.30911,-1.782341,3.070436,1718.882757,122.529753,10:00,5.67267,-1.09889,5.58215,-31.79813,9.0956,-12.17316,1.35543,0.75681,76.30934,-7.639065,0.899142,0.460256,,,,,,,,,,,,7.03859,5.50843,0.84297,50,5.49858,-5.98064,-120.75547,-4.82649,10.37474,23.8982,-24.05469,BOC_EAG,MIA_HUR,TruistField,D1,ACC,20260521-TruistField-2,6da09b30-5551-11f1-b22b-2feaa7944c68,81.89448,,,6.99977,,,,,,,ca2eee80-f2ce-4c98-97a8-1c82669d3b1d,2026-05-21,20:12:43.84,2026-05-21T16:12:43.8465024-04:00,2026-05-21T20:12:43.8465024Z,,v3,227,236,,"Johnson, Gunnar",1000100233,Right,BOC_EAG,e13b54c1-1f28-40c6-b5cc-acc8ed1af5c3,54.91542,-121.72437,11.9491,5.67449,-3.85124,-12.02734,1.09396,-6.40126,5.18737,,,,,,,,,,,,,,,,,,,,,,,,,,,,,,,,,,,,,,,,,,,,,,,,,,,High,High,High,,,,,,,,,,,,,,,,,,,,,,,,,,,,,,,,,,,,,,,
64,2026-05-21,16:13:22.91,8,3,"Colarusso, AJ",1000090794,Left,BOC_EAG,"Sosa, Alex",806227,Left,MIA_HUR,Undefined,2,Top,2,2,0,Cutter,Slider,BallCalled,Undefined,Undefined,Undefined,0,0,,86.04608,-1.923895,1.437101,2338.969108,255.057897,2:30,5.6175,-1.5078,5.26335,-35.99053,2.63173,5.40028,0.80968,0.29257,79.28005,-8.452435,2.396509,0.447291,,,,,,,,,,,,-2.32205,2.18673,1.3721,50,5.41471,-3.36474,-124.84349,-5.53991,-3.6678,24.93849,-28.72002,BOC_EAG,MIA_HUR,TruistField,D1,ACC,20260521-TruistField-2,84e2bd00-5551-11f1-b22b-2feaa7944c68,84.26825,,,6.76603,,,,,,,ca2eee80-f2ce-4c98-97a8-1c82669d3b1d,2026-05-21,20:13:22.91,2026-05-21T16:13:22.9184512-04:00,2026-05-21T20:13:22.9184512Z,,v3,227,236,,"Johnson, Gunnar",1000100233,Right,BOC_EAG,d7574e9b-e2fe-42d6-9190-91d6273d7106,55.23534,-125.88495,12.46924,5.62102,-4.34053,-14.36001,1.50942,-3.21157,-1.8339,,,,,,,,,,,,,,,,,,,,,,,,,,,,,,,,,,,,,,,,,,,,,,,,,,,High,High,High,,,,,,,,,,,,,,,,,,,,,,,,,,,,,,,,,,,,,,,
65,2026-05-21,16:13:42.89,8,4,"Colarusso, AJ",1000090794,Left,BOC_EAG,"Sosa, Alex",806227,Left,MIA_HUR,Undefined,2,Top,2,3,0,Cutter,Cutter,BallCalled,Walk,Undefined,Undefined,0,0,,86.6761,-1.960024,2.99943,2319.575672,208.955489,1:00,5.56081,-1.73696,5.2164,-27.48608,10.67619,5.25788,1.42414,1.524,79.74847,-6.98441,3.92943,0.444619,,,,,,,,,,,,-1.81949,6.22445,1.45572,50,5.35915,-6.81327,-125.59699,-5.30073,-2.91511,24.71728,-22.20137,BOC_EAG,MIA_HUR,TruistField,D1,ACC,20260521-TruistField-2,90d4c090-5551-11f1-b22b-2feaa7944c68,84.77464,,,6.92763,,,,,,,ca2eee80-f2ce-4c98-97a8-1c82669d3b1d,2026-05-21,20:13:42.89,2026-05-21T16:13:42.8920832-04:00,2026-05-21T20:13:42.8920832Z,,v3,227,236,,"Johnson, Gunnar",1000100233,Right,BOC_EAG,f0a33ab1-04bc-4ecc-9cf3-fd640a2bb4e6,55.2807,-126.63196,12.35864,5.56164,-4.37111,-11.10068,1.73845,-6.6912,-1.45756,,,,,,,,,,,,,,,,,,,,,,,,,,,,,,,,,,,,,,,,,,,,,,,,,,,High,High,High,,,,,,,,,,,,,,,,,,,,,,,,,,,,,,,,,,,,,,,
66,2026-05-21,16:14:12.99,9,1,"Colarusso, AJ",1000090794,Left,BOC_EAG,"Alvarez, Alonzo",828345,Right,MIA_HUR,Undefined,2,Top,2,0,0,Fastball,Four-Seam,StrikeCalled,Undefined,Undefined,Undefined,0,0,,91.61823,-3.012318,1.334305,2140.287877,163.015677,11:30,5.81151,-1.10767,5.48477,-13.51694,20.41867,-5.89363,1.86351,-0.35025,83.56592,-5.592278,0.284768,0.419275,,,,,,,,,,,,3.33465,11.4626,0.99478,50,5.53835,-2.82055,-132.77579,-7.38348,5.9442,28.81598,-11.7413,BOC_EAG,MIA_HUR,TruistField,D1,ACC,20260521-TruistField-2,a36b5bb0-5551-11f1-b22b-2feaa7944c68,89.89904,,,8.05232,,,,,,,ca2eee80-f2ce-4c98-97a8-1c82669d3b1d,2026-05-21,20:14:12.99,2026-05-21T16:14:12.9936896-04:00,2026-05-21T20:14:12.9936896Z,,v3,227,236,,"Johnson, Gunnar",1000100233,Right,BOC_EAG,536a5dcd-a710-45aa-a07f-3b7f99efdbb6,55.01109,-133.85892,14.40799,5.80759,-6.94216,-5.87065,1.105,-3.04398,2.9721,,,,,,,,,,,,,,,,,,,,,,,,,,,,,,,,,,,,,,,,,,,,,,,,,,,High,High,High,,,,,,,,,,,,,,,,,,,,,,,,,,,,,,,,,,,,,,,
67,2026-05-21,16:14:30.51,9,2,"Colarusso, AJ",1000090794,Left,BOC_EAG,"Alvarez, Alonzo",828345,Right,MIA_HUR,Undefined,2,Top,2,0,1,ChangeUp,Changeup,BallCalled,Undefined,Undefined,Undefined,0,0,,84.27416,-1.785792,0.674597,1651.259649,124.609853,10:15,5.76241,-1.00693,5.5168,-29.56572,10.2206,-13.03363,1.62822,-1.46228,77.56243,-7.224825,-1.651338,0.453982,,,,,,,,,,,,6.74752,6.02886,0.95703,50,5.58719,-0.89475,-122.35486,-4.82096,10.25974,23.45902,-23.00708,BOC_EAG,MIA_HUR,TruistField,D1,ACC,20260521-TruistField-2,ad2ebf70-5551-11f1-b22b-2feaa7944c68,83.02635,,,6.71173,,,,,,,ca2eee80-f2ce-4c98-97a8-1c82669d3b1d,2026-05-21,20:14:30.51,2026-05-21T16:14:30.5146880-04:00,2026-05-21T20:14:30.5146880Z,,v3,227,236,,"Johnson, Gunnar",1000100233,Right,BOC_EAG,adcf96f0-25ea-4a52-92c6-23a28c3ae134,54.98057,-123.30608,11.72951,5.76375,-3.88806,-11.50354,1.00175,-1.31076,5.12987,,,,,,,,,,,,,,,,,,,,,,,,,,,,,,,,,,,,,,,,,,,,,,,,,,,High,High,High,,,,,,,,,,,,,,,,,,,,,,,,,,,,,,,,,,,,,,,
68,2026-05-21,16:14:48.39,9,3,"Colarusso, AJ",1000090794,Left,BOC_EAG,"Alvarez, Alonzo",828345,Right,MIA_HUR,Undefined,2,Top,2,1,1,ChangeUp,Changeup,BallCalled,Undefined,Undefined,Undefined,0,0,,84.70916,-2.895746,2.772729,1688.763716,124.172535,10:15,5.68038,-1.30893,5.45558,-27.92848,11.70914,-15.39351,0.63687,0.0058,77.88799,-8.029192,0.031777,0.453132,,,,,,,,,,,,8.57654,7.06685,1.07549,50,5.40556,-5.31046,-122.76508,-7.16584,13.11249,23.89214,-21.36966,BOC_EAG,MIA_HUR,TruistField,D1,ACC,20260521-TruistField-2,b7d30d50-5551-11f1-b22b-2feaa7944c68,83.18194,,,6.82117,,,,,,,ca2eee80-f2ce-4c98-97a8-1c82669d3b1d,2026-05-21,20:14:48.39,2026-05-21T16:14:48.3967488-04:00,2026-05-21T20:14:48.3967488Z,,v3,227,236,,"Johnson, Gunnar",1000100233,Right,BOC_EAG,f90f0def-3149-4b25-a2a7-d424f9704f81,55.04357,-123.74275,11.94607,5.6809,-6.29139,-10.68483,1.30378,-5.84702,6.55624,,,,,,,,,,,,,,,,,,,,,,,,,,,,,,,,,,,,,,,,,,,,,,,,,,,High,High,High,,,,,,,,,,,,,,,,,,,,,,,,,,,,,,,,,,,,,,,
69,2026-05-21,16:15:09.26,9,4,"Colarusso, AJ",1000090794,Left,BOC_EAG,"Alvarez, Alonzo",828345,Right,MIA_HUR,Undefined,2,Top,2,2,1,Fastball,Four-Seam,FoulBallNotFieldable,Undefined,Undefined,Undefined,0,0,,91.93721,-2.813202,2.578417,2188.771217,159.136274,11:15,5.83987,-1.10234,5.60895,-12.69642,20.77958,-7.50894,2.15121,0.68024,84.03982,-5.24845,1.239804,0.416426,,,,,,,,,,,,4.53036,11.64709,0.88688,50,5.59115,-5.66677,-133.26056,-6.91764,8.1546,28.37333,-11.20948,BOC_EAG,MIA_HUR,TruistField,D1,ACC,20260521-TruistField-2,c44eda50-5551-11f1-b22b-2feaa7944c68,90.51406,,,7.8974,,,,,,,ca2eee80-f2ce-4c98-97a8-1c82669d3b1d,2026-05-21,20:15:09.26,2026-05-21T16:15:09.2696576-04:00,2026-05-21T20:15:09.2696576Z,,v3,227,236,,"Johnson, Gunnar",1000100233,Right,BOC_EAG,3cc1990b-037a-4b32-b40b-ac5ffe58e278,54.88899,-134.29746,14.18666,5.83647,-6.50799,-5.60474,1.09942,-5.96478,4.0773,,,,,,,,,,,,,,,,,,,,,,,,,,,,,,,,,,,,,,,,,,,,,,,,,,,High,High,High,,,,,,,,,,,,,,,,,,,,,,,,,,,,,,,,,,,,,,,
70,2026-05-21,16:15:33.42,9,5,"Colarusso, AJ",1000090794,Left,BOC_EAG,"Alvarez, Alonzo",828345,Right,MIA_HUR,Undefined,2,Top,2,2,2,Curveball,Slider,BallCalled,Undefined,Undefined,Undefined,0,0,,75.98881,2.924076,-0.872773,2498.254008,294.063123,3:45,5.75998,-1.47903,4.8007,-56.02625,-5.98229,16.57804,3.86444,-0.92454,70.19956,-7.146308,2.043325,0.509152,,,,,,,,,,,,-8.34591,-3.21382,1.55083,50,6.00239,1,-110.26961,3.59936,-10.36633,17.99393,-36.16589,BOC_EAG,MIA_HUR,TruistField,D1,ACC,20260521-TruistField-2,d2b400c0-5551-11f1-b22b-2feaa7944c68,74.02987,,,5.78924,,,,,,,ca2eee80-f2ce-4c98-97a8-1c82669d3b1d,2026-05-21,20:15:33.42,2026-05-21T16:15:33.4279168-04:00,2026-05-21T20:15:33.4279168Z,,v3,227,236,,"Johnson, Gunnar",1000100233,Right,BOC_EAG,561c464c-cd23-44cf-ae0c-0f8604ddd28e,55.701,-111.19601,8.99697,5.76914,5.46133,-18.08295,1.4856,1.5337,-5.18316,,,,,,,,,,,,,,,,,,,,,,,,,,,,,,,,,,,,,,,,,,,,,,,,,,,High,High,High,,,,,,,,,,,,,,,,,,,,,,,,,,,,,,,,,,,,,,,
71,2026-05-21,16:15:51.90,9,6,"Colarusso, AJ",1000090794,Left,BOC_EAG,"Alvarez, Alonzo",828345,Right,MIA_HUR,Undefined,2,Top,2,3,2,Fastball,Four-Seam,StrikeSwinging,Strikeout,Undefined,Undefined,0,0,,92.18775,-3.511273,2.140203,2076.809541,146.539475,11:00,5.80129,-1.06501,5.51144,-17.27694,15.69139,-9.7669,1.07173,0.12333,85.62994,-6.713503,0.400076,0.413256,,,,,,,,,,,,5.47685,9.05784,0.88529,50,5.48313,-4.56948,-133.77546,-8.81161,10.08393,24.52288,-15.4968,BOC_EAG,MIA_HUR,TruistField,D1,ACC,20260521-TruistField-2,ddb080c0-5551-11f1-b22b-2feaa7944c68,91.20836,,,6.55781,,,,,,,ca2eee80-f2ce-4c98-97a8-1c82669d3b1d,2026-05-21,20:15:51.90,2026-05-21T16:15:51.9010000-04:00,2026-05-21T20:15:51.9010000Z,,v3,227,236,,"Johnson, Gunnar",1000100233,Right,BOC_EAG,ad9e883b-1ad2-4f36-abe7-7ed3a0fe21a9,54.98881,-134.68687,12.26144,5.79992,-8.23566,-7.7484,1.06208,-4.94426,5.04197,,,,,,,,,,,,,,,,,,,,,,,,,,,,,43.79211,,,,,,,-2.66992,5.67415,0.18731,,,,-2.64764,56.02798,-2.44028,5.7366,23.08367,-16.06533,0.2046,19.75495,-1.26737,High,High,High,,,High,High,Low,,,,,,,,,,,,,,,,,,,,,,,,,,,,,,,,,,
72,2026-05-21,16:18:17.04,1,1,"Collera, Lazaro",813945,Right,MIA_HUR,"Johnson, Gunnar",1000100233,Right,BOC_EAG,Undefined,2,Bottom,0,0,0,Fastball,Sinker,BallCalled,Undefined,Undefined,Undefined,0,0,,91.79282,-1.272463,-1.753075,2234.432951,237.95207,2:00,6.45125,1.57442,5.70421,-21.37698,11.93753,17.41891,3.48348,1.39208,84.11769,-5.259348,1.362965,0.415421,,,,,,,,,,,,-9.298,6.72989,-1.43828,50,6.33133,3.29825,-133.29968,-3.69928,-16.76907,28.02124,-20.03657,BOC_EAG,MIA_HUR,TruistField,D1,ACC,20260521-TruistField-2,34401450-5552-11f1-b22b-2feaa7944c68,90.7332,,,7.67512,,,,,,,ca2eee80-f2ce-4c98-97a8-1c82669d3b1d,2026-05-21,20:18:17.04,2026-05-21T16:18:17.0422272-04:00,2026-05-21T20:18:17.0422272Z,,v3,227,236,,"Alvarez, Alonzo",828345,Right,MIA_HUR,20c585ee-3cd4-4ad2-bae8-ccec3dfd8d5b,54.79377,-134.30361,14.01062,6.451,-2.98142,-10.01829,-1.56721,3.89904,-8.38454,,,,,,,,,,,,,,,,,,,,,,,,,,,,,,,,,,,,,,,,,,,,,,,,,,,High,High,High,,,,,,,,,,,,,,,,,,,,,,,,,,,,,,,,,,,,,,,
73,2026-05-21,16:18:35.59,1,2,"Collera, Lazaro",813945,Right,MIA_HUR,"Johnson, Gunnar",1000100233,Right,BOC_EAG,Undefined,2,Bottom,0,1,0,Fastball,Sinker,FoulBallNotFieldable,Undefined,Undefined,Undefined,0,0,,92.70393,-1.97433,-2.344793,2281.599598,225.767429,1:30,6.52419,1.4622,5.75285,-17.36989,15.15883,14.56017,3.23655,0.49158,85.19383,-5.238085,0.260323,0.410492,76.2619,18.498237,160.881295,3363.430503,,,,,42.5199,,,-8.03359,8.54221,-1.2766,50,6.34966,4.86545,-134.58734,-5.21177,-14.82613,27.52369,-16.40926,BOC_EAG,MIA_HUR,TruistField,D1,ACC,20260521-TruistField-2,3f362bb0-5552-11f1-b22b-2feaa7944c68,91.82252,13.61079,,7.5101,,,,-0.78771,3.11334,-0.42117,ca2eee80-f2ce-4c98-97a8-1c82669d3b1d,2026-05-21,20:18:35.59,2026-05-21T16:18:35.5916800-04:00,2026-05-21T20:18:35.5916800Z,,v3,227,236,,"Alvarez, Alonzo",828345,Right,MIA_HUR,81bb5572-fa93-41d7-9745-506d09928571,54.74584,-135.55441,13.76185,6.52265,-4.63521,-8.20463,-1.45671,5.38638,-7.41306,308.941101,-0.78642,-100.26382,5.58584,,,,,,,3.12025,35.26155,-23.43232,,,,,,,-0.41596,34.57054,-9.31583,,,,,,,,,,,,,,,,,,,,,,,,,,,,,High,High,High,Medium,Undefined,,,,,,,,,,,,,,,,,,,,,,,,,,,,,,,,,,,,,
74,2026-05-21,16:19:01.22,1,3,"Collera, Lazaro",813945,Right,MIA_HUR,"Johnson, Gunnar",1000100233,Right,BOC_EAG,Undefined,2,Bottom,0,1,1,Slider,Curveball,BallCalled,Undefined,Undefined,Undefined,0,0,,79.51372,0.942316,0.518011,2313.671009,57.8321,8:00,6.35449,1.58732,5.18018,-51.0205,-5.37004,-10.93461,2.98951,1.1635,72.64161,-8.313787,-1.422484,0.486288,,,,,,,,,,,,5.58626,-2.47252,-1.62688,50,6.40335,-0.58891,-115.36161,0.05266,7.47255,22.93814,-35.48146,BOC_EAG,MIA_HUR,TruistField,D1,ACC,20260521-TruistField-2,4f096110-5552-11f1-b22b-2feaa7944c68,77.51045,,,6.87211,,,,,,,ca2eee80-f2ce-4c98-97a8-1c82669d3b1d,2026-05-21,20:19:01.22,2026-05-21T16:19:01.2214784-04:00,2026-05-21T20:19:01.2214784Z,,v3,227,236,,"Alvarez, Alonzo",828345,Right,MIA_HUR,aca99d82-79ce-4a30-972a-58b1fd0fe5c1,55.31835,-116.41429,11.46907,6.36357,1.68098,-17.74073,-1.59198,-0.93184,3.73628,,,,,,,,,,,,,,,,,,,,,,,,,,,,,,,,,,,,,,,,,,,,,,,,,,,High,High,High,,,,,,,,,,,,,,,,,,,,,,,,,,,,,,,,,,,,,,,
75,2026-05-21,16:19:20.08,1,4,"Collera, Lazaro",813945,Right,MIA_HUR,"Johnson, Gunnar",1000100233,Right,BOC_EAG,Undefined,2,Bottom,0,2,1,Fastball,Four-Seam,StrikeSwinging,Undefined,Undefined,Undefined,0,0,,92.96906,-2.759818,-3.201127,2204.642723,220.78751,1:15,6.3869,1.60922,5.37707,-17.81891,15.51013,12.38241,2.30875,-0.36293,84.35616,-6.103705,-1.003491,0.415511,,,,,,,,,,,,-7.12705,8.93497,-1.33129,50,6.12706,6.92974,-134.49988,-7.10443,-12.9679,30.99937,-15.91661,BOC_EAG,MIA_HUR,TruistField,D1,ACC,20260521-TruistField-2,59bffe70-5552-11f1-b22b-2feaa7944c68,90.71338,,,8.6129,,,,,,,ca2eee80-f2ce-4c98-97a8-1c82669d3b1d,2026-05-21,20:19:20.08,2026-05-21T16:19:20.0854016-04:00,2026-05-21T20:19:20.0854016Z,,v3,227,236,,"Alvarez, Alonzo",828345,Right,MIA_HUR,4360462b-8fdd-4f05-ae9a-ef0b8fbb3833,55.11829,-135.6744,15.49969,6.38482,-6.50137,-7.9583,-1.60315,7.42108,-6.48395,,,,,,,,,,,,,,,,,,,,,,,,,,,,,,,,,,,,,,,,,,,,,,,,,,,High,High,High,,,,,,,,,,,,,,,,,,,,,,,,,,,,,,,,,,,,,,,
76,2026-05-21,16:19:40.96,1,5,"Collera, Lazaro",813945,Right,MIA_HUR,"Johnson, Gunnar",1000100233,Right,BOC_EAG,Undefined,2,Bottom,0,2,2,Fastball,Four-Seam,FoulBallNotFieldable,Undefined,Undefined,Undefined,0,0,,93.29511,-3.139543,-3.546504,2221.654746,222.175123,1:30,6.42301,1.56951,5.54694,-17.40253,15.47249,12.99292,2.03037,-0.66614,84.79404,-6.412101,-1.234311,0.412671,85.11513,25.533344,48.056179,5055.405572,65.81533,41.11023,88.13819,264.73295,161.56068,60.829967,3.622189,-7.62122,9.08134,-1.27108,50,6.13928,7.76653,-134.96494,-8.00067,-13.976,30.96602,-15.52045,BOC_EAG,MIA_HUR,TruistField,D1,ACC,20260521-TruistField-2,6790ad10-5552-11f1-b22b-2feaa7944c68,91.33766,45.61865,,8.50107,,,,-0.13876,1.95458,0.7034,ca2eee80-f2ce-4c98-97a8-1c82669d3b1d,2026-05-21,20:19:40.96,2026-05-21T16:19:40.9691136-04:00,2026-05-21T20:19:40.9691136Z,LineDrive,v3,227,236,,"Alvarez, Alonzo",828345,Right,MIA_HUR,25491f76-2c9b-40b0-838f-6fb942e2ad8c,54.95023,-136.09597,15.48301,6.42116,-7.43379,-7.76022,-1.56408,8.277,-6.988,232.458104,-0.13895,75.29845,-19.41183,4.66837,-1.21688,0.31807,-0.07812,0.01244,-0.00084,1.95483,53.79984,-18.29736,1.11912,0.04074,-0.10701,0.0439,-0.0079,0.00052,0.70303,83.79676,-6.52952,0.24901,-0.05981,0.10094,-0.05066,0.01085,-0.00088,,,,,,,,,,,,,,,,,,,,,,,High,High,High,High,Medium,,,,,,,,,,,,,,,,,,,,,,,,,,,,,,,,,,,,,
77,,,1,6,"Collera, Lazaro",813945,Right,MIA_HUR,"Johnson, Gunnar",1000100233,Right,BOC_EAG,Undefined,2,Bottom,0,2,2,Curveball,,BallCalled,Undefined,Undefined,Undefined,0,0,,,,,,,,,,,,,,,,,,,,,,,,,,,,,,,,,,,,,,,,,,BOC_EAG,MIA_HUR,TruistField,D1,ACC,20260521-TruistField-2,7817a210-5552-11f1-b22b-2feaa7944c68,,,,,,,,,,,ca2eee80-f2ce-4c98-97a8-1c82669d3b1d,,,,,,v3,227,236,,"Alvarez, Alonzo",828345,Right,MIA_HUR,53175491-fce4-439a-a887-932e8d6b4786,,,,,,,,,,,,,,,,,,,,,,,,,,,,,,,,,,,,,,,,,,,,,,,,,,,,,,,,,,,,,,,,,,,,,,,,,,,,,,,,,,,,,,,,,,,,,,,,,,,,,
78,2026-05-21,16:20:20.83,1,7,"Collera, Lazaro",813945,Right,MIA_HUR,"Johnson, Gunnar",1000100233,Right,BOC_EAG,Undefined,2,Bottom,0,3,2,Fastball,Four-Seam,InPlay,Undefined,FlyBall,Out,1,0,,93.02484,-3.190682,-2.553384,2194.650902,213.983735,1:15,6.40381,1.51973,5.65493,-15.15702,18.08745,11.34674,2.15906,0.08243,83.63929,-6.094407,-0.527708,0.414984,106.20062,21.367741,4.255179,2676.529204,109.34568,40.10766,11.97888,399.9499,387.13593,10.242655,4.291778,-6.62768,10.60339,-1.31091,50,6.124,5.48595,-134.55723,-7.96706,-11.93367,34.06981,-13.08178,BOC_EAG,MIA_HUR,TruistField,D1,ACC,20260521-TruistField-2,7e18f4c0-5552-11f1-b22b-2feaa7944c68,90.82873,58.37766,,9.38555,,,,0.94408,2.16266,-0.08196,ca2eee80-f2ce-4c98-97a8-1c82669d3b1d,2026-05-21,20:20:20.83,2026-05-21T16:20:20.8354816-04:00,2026-05-21T20:20:20.8354816Z,LineDrive,v3,227,236,,"Alvarez, Alonzo",828345,Right,MIA_HUR,05f6de2d-44e6-49e0-a9ce-324674d40b90,54.84124,-135.77749,17.03491,6.40096,-7.49852,-6.54089,-1.51506,5.91337,-5.96684,212.403666,0.94339,144.67573,-25.80028,6.17592,-1.38808,0.30285,-0.05885,0.00779,-0.00046,2.16411,56.70892,-14.38326,-0.56844,0.6031,-0.24085,0.05957,-0.00773,0.00039,-0.08174,10.75213,5.48815,-2.41042,0.70337,-0.15548,0.02571,-0.00276,0.00013,,,,,,,,,,,,,,,,,,,,,,,High,High,High,High,High,,,,,,,,,,,,,,,,,,,,,,,,,,,,,,,,,,,,,
79,2026-05-21,16:21:02.61,2,1,"Collera, Lazaro",813945,Right,MIA_HUR,"Larson, Colin",831502,Left,BOC_EAG,Undefined,2,Bottom,1,0,0,ChangeUp,Sinker,StrikeCalled,Undefined,Undefined,Undefined,0,0,,87.83422,-0.767489,-2.769559,2281.633001,242.43486,2:00,6.2765,1.81229,6.24759,-27.4936,8.32709,13.73977,3.27667,0.40104,80.22816,-5.917165,-0.288415,0.430763,,,,,,,,,,,,-7.87693,4.90114,-1.61257,50,6.20597,5.61472,-127.52361,-2.57479,-12.94104,26.79181,-24.1219,BOC_EAG,MIA_HUR,TruistField,D1,ACC,20260521-TruistField-2,96ea6920-5552-11f1-b22b-2feaa7944c68,87.50157,,,7.60606,,,,,,,ca2eee80-f2ce-4c98-97a8-1c82669d3b1d,2026-05-21,20:21:02.61,2026-05-21T16:21:02.6113024-04:00,2026-05-21T20:21:02.6113024Z,,v3,227,236,,"Alvarez, Alonzo",828345,Right,MIA_HUR,000b556b-3fe7-450c-91e6-40f796b86fb4,54.24951,-128.41329,13.39591,6.27817,-1.77377,-12.06095,-1.80616,6.04446,-6.47052,,,,,,,,,,,,,,,,,,,,,,,,,,,,,,,,,,,,,,,,,,,,,,,,,,,High,High,High,,,,,,,,,,,,,,,,,,,,,,,,,,,,,,,,,,,,,,,
80,2026-05-21,16:21:18.48,2,2,"Collera, Lazaro",813945,Right,MIA_HUR,"Larson, Colin",831502,Left,BOC_EAG,Undefined,2,Bottom,1,0,1,ChangeUp,Sinker,BallCalled,Undefined,Undefined,Undefined,0,0,,87.49519,-0.297143,-1.290963,2394.557278,248.102285,2:15,6.23311,1.81006,5.80061,-29.47954,7.04646,14.7295,3.50005,1.83664,80.23292,-5.757467,1.349855,0.434983,,,,,,,,,,,,-7.83737,4.03488,-1.71271,50,6.19118,2.24139,-127.12127,-1.67165,-12.84505,25.6707,-25.56108,BOC_EAG,MIA_HUR,TruistField,D1,ACC,20260521-TruistField-2,a055c1d0-5552-11f1-b22b-2feaa7944c68,86.65262,,,7.26227,,,,,,,ca2eee80-f2ce-4c98-97a8-1c82669d3b1d,2026-05-21,20:21:18.48,2026-05-21T16:21:18.4817664-04:00,2026-05-21T20:21:18.4817664Z,,v3,227,236,,"Alvarez, Alonzo",828345,Right,MIA_HUR,1c848220-6907-475d-b2f3-1379f30bad7f,54.69715,-128.0663,12.83535,6.2354,-0.73067,-12.78054,-1.80393,2.71426,-6.42252,,,,,,,,,,,,,,,,,,,,,,,,,,,,,,,,,,,,,,,,,,,,,,,,,,,High,High,High,,,,,,,,,,,,,,,,,,,,,,,,,,,,,,,,,,,,,,,
81,2026-05-21,16:21:36.81,2,3,"Collera, Lazaro",813945,Right,MIA_HUR,"Larson, Colin",831502,Left,BOC_EAG,Undefined,2,Bottom,1,1,1,Fastball,Four-Seam,StrikeSwinging,Undefined,Undefined,Undefined,0,0,,93.1337,-2.356322,-3.027506,2259.960536,222.859331,1:30,6.29743,1.64407,6.83307,-16.7578,14.42643,12.4491,2.74768,-0.08227,85.04666,-5.578946,-0.75602,0.401919,,,,,,,,,,,,-7.43229,8.62331,-1.45354,50,6.13954,6.66443,-135.21514,-6.00081,-13.73097,30.06032,-16.24273,BOC_EAG,MIA_HUR,TruistField,D1,ACC,20260521-TruistField-2,ab421530-5552-11f1-b22b-2feaa7944c68,93.7811,,,8.08704,,,,,,,ca2eee80-f2ce-4c98-97a8-1c82669d3b1d,2026-05-21,20:21:36.81,2026-05-21T16:21:36.8172032-04:00,2026-05-21T20:21:36.8172032Z,,v3,227,236,,"Alvarez, Alonzo",828345,Right,MIA_HUR,2e816572-1437-4e15-9d35-bb2c588c15eb,53.66419,-136.0273,15.03016,6.29574,-5.56197,-8.12137,-1.63861,7.03541,-6.86548,,,,,,,,,,,,,,,,,,,,,,,,,,,,,,,,,,,,,,,,,,,,,,,,,,,High,High,High,,,,,,,,,,,,,,,,,,,,,,,,,,,,,,,,,,,,,,,
82,2026-05-21,16:21:57.51,2,4,"Collera, Lazaro",813945,Right,MIA_HUR,"Larson, Colin",831502,Left,BOC_EAG,Undefined,2,Bottom,1,1,2,Fastball,Sinker,StrikeCalled,Strikeout,Undefined,Undefined,0,0,,94.03723,-2.974034,-3.925784,2184.562669,230.611198,1:45,6.31956,1.73252,5.64776,-19.38627,12.39918,13.94969,1.92106,-0.77242,86.71411,-6.571979,-1.439628,0.405775,,,,,,,,,,,,-8.0743,7.33622,-1.40824,50,6.05427,8.71753,-136.24051,-7.78137,-15.32047,27.26317,-18.25401,BOC_EAG,MIA_HUR,TruistField,D1,ACC,20260521-TruistField-2,b819bdd0-5552-11f1-b22b-2feaa7944c68,92.88994,,,7.32313,,,,,,,ca2eee80-f2ce-4c98-97a8-1c82669d3b1d,2026-05-21,20:21:57.51,2026-05-21T16:21:57.5170000-04:00,2026-05-21T20:21:57.5170000Z,,v3,227,236,,"Alvarez, Alonzo",828345,Right,MIA_HUR,e906a98a-8d37-4900-b277-8a85b3734a8b,54.85138,-137.20788,13.63159,6.31888,-7.13366,-9.127,-1.72721,9.26114,-7.66023,,,,,,,,,,,,,,,,,,,,,,,,,,,,,52.86234,,,1.421875,,,,-3.28091,4.76843,2.00651,73.88553,11.53207,-50.8905,-3.16451,58.76303,-3.19782,4.9023,25.68046,-14.75434,1.9056,-40.84076,2.59224,High,High,High,,,High,Medium,High,,,,,,,,,,,,,,,,,,,,,,,,,,,,,,,,,,
83,2026-05-21,16:22:32.91,3,1,"Collera, Lazaro",813945,Right,MIA_HUR,"Hendrickson, Carter",830138,Right,BOC_EAG,Undefined,2,Bottom,2,0,0,Fastball,Sinker,StrikeCalled,Undefined,Undefined,Undefined,0,0,,94.1463,-2.921376,-3.670509,2179.416964,234.367688,1:45,6.36044,1.52457,5.75092,-19.42513,12.69178,16.13229,2.01414,-0.55272,85.35352,-6.568295,-0.787892,0.407886,,,,,,,,,,,,-9.29607,7.67697,-1.2294,50,6.10562,7.99489,-136.21049,-7.62635,-17.31161,32.36634,-17.87759,BOC_EAG,MIA_HUR,TruistField,D1,ACC,20260521-TruistField-2,ccb26a80-5552-11f1-b22b-2feaa7944c68,92.40932,,,8.79278,,,,,,,ca2eee80-f2ce-4c98-97a8-1c82669d3b1d,2026-05-21,20:22:32.91,2026-05-21T16:22:32.9181184-04:00,2026-05-21T20:22:32.9181184Z,,v3,227,236,,"Alvarez, Alonzo",828345,Right,MIA_HUR,20627883-6f27-43e5-9b55-0b58bfd98a18,54.74563,-137.33351,16.18317,6.35947,-7.00605,-8.93879,-1.51722,8.59555,-8.65581,,,,,,,,,,,,,,,,,,,,,,,,,,,,,,,,,,,,,,,,,,,,,,,,,,,High,High,High,,,,,,,,,,,,,,,,,,,,,,,,,,,,,,,,,,,,,,,
84,2026-05-21,16:22:49.79,3,2,"Collera, Lazaro",813945,Right,MIA_HUR,"Hendrickson, Carter",830138,Right,BOC_EAG,Undefined,2,Bottom,2,0,1,Slider,Curveball,StrikeCalled,Undefined,Undefined,Undefined,0,0,,81.68239,0.30529,-0.665987,2449.544722,60.766244,8:00,6.3384,1.65201,5.14036,-49.93798,-6.36953,-14.05694,2.46438,-0.14651,74.35687,-8.739666,-3.158766,0.47507,,,,,,,,,,,,6.75284,-2.77441,-1.57848,50,6.32868,1.98187,-118.44096,-1.24012,9.46294,25.4728,-36.06188,BOC_EAG,MIA_HUR,TruistField,D1,ACC,20260521-TruistField-2,d6cbdd80-5552-11f1-b22b-2feaa7944c68,79.34085,,,7.32552,,,,,,,ca2eee80-f2ce-4c98-97a8-1c82669d3b1d,2026-05-21,20:22:49.79,2026-05-21T16:22:49.7923072-04:00,2026-05-21T20:22:49.7923072Z,,v3,227,236,,"Alvarez, Alonzo",828345,Right,MIA_HUR,63f70ea5-9c2d-4c5d-95fe-a31e253fe7b4,55.35764,-119.58766,12.7364,6.34796,0.38327,-18.03094,-1.65811,1.55588,4.73147,,,,,,,,,,,,,,,,,,,,,,,,,,,,,,,,,,,,,,,,,,,,,,,,,,,High,High,High,,,,,,,,,,,,,,,,,,,,,,,,,,,,,,,,,,,,,,,
85,2026-05-21,16:23:06.38,3,3,"Collera, Lazaro",813945,Right,MIA_HUR,"Hendrickson, Carter",830138,Right,BOC_EAG,Undefined,2,Bottom,2,0,2,Slider,Curveball,BallCalled,Undefined,Undefined,Undefined,0,0,,82.52901,0.198875,-2.405171,2403.528879,58.7875,8:00,6.29429,1.56094,5.19747,-49.93711,-7.35662,-14.48383,2.32009,-1.90963,75.37854,-8.826954,-4.970921,0.469653,,,,,,,,,,,,6.45162,-3.27032,-1.32675,50,6.27515,5.64571,-119.61772,-1.46138,9.23597,25.64443,-36.85573,BOC_EAG,MIA_HUR,TruistField,D1,ACC,20260521-TruistField-2,e0c0b180-5552-11f1-b22b-2feaa7944c68,80.25599,,,7.15047,,,,,,,ca2eee80-f2ce-4c98-97a8-1c82669d3b1d,2026-05-21,20:23:06.38,2026-05-21T16:23:06.3813120-04:00,2026-05-21T20:23:06.3813120Z,,v3,227,236,,"Alvarez, Alonzo",828345,Right,MIA_HUR,ed645fe9-c5de-4bb1-80b8-47b4fbb0e047,55.30125,-120.74889,12.82221,6.30376,0.16432,-18.42787,-1.56679,5.23832,4.61799,,,,,,,,,,,,,,,,,,,,,,,,,,,,,,,,,,,,,,,,,,,,,,,,,,,High,High,High,,,,,,,,,,,,,,,,,,,,,,,,,,,,,,,,,,,,,,,
86,2026-05-21,16:23:31.41,3,4,"Collera, Lazaro",813945,Right,MIA_HUR,"Hendrickson, Carter",830138,Right,BOC_EAG,Undefined,2,Bottom,2,1,2,Curveball,Curveball,InPlay,Undefined,FlyBall,Out,1,0,,81.05029,-0.551969,-0.271426,2356.076885,52.746738,7:45,6.39155,1.57605,6.51525,-51.42463,-9.34977,-14.20686,1.59967,0.14308,73.9264,-10.071032,-2.861219,0.466856,80.16359,29.592321,0.117014,4727.485474,109.83653,51.90807,5.99336,281.18377,274.46705,7.108913,4.363863,7.39146,-4.33421,-1.55138,50,6.3315,1.05538,-117.82501,-2.68317,10.19984,26.22296,-38.15502,BOC_EAG,MIA_HUR,TruistField,D1,ACC,20260521-TruistField-2,efcfac80-5552-11f1-b22b-2feaa7944c68,80.73679,59.84493,,7.12388,,,,1.38458,1.68603,-0.14486,ca2eee80-f2ce-4c98-97a8-1c82669d3b1d,2026-05-21,20:23:31.41,2026-05-21T16:23:31.4161152-04:00,2026-05-21T20:23:31.4161152Z,LineDrive,v3,227,236,,"Alvarez, Alonzo",828345,Right,MIA_HUR,1cb327c3-65a8-45be-a5e2-82165d531c84,53.98491,-118.70857,13.11148,6.40025,-1.39757,-19.07751,-1.58115,0.71171,5.09992,205.254493,1.38511,102.22342,-18.03058,3.79382,-0.58705,0.0485,-0.00116,0.00044,-7E-05,1.68689,58.03805,-15.25845,0.23338,0.20468,-0.12917,0.04521,-0.00759,0.00048,-0.14482,0.21021,5.1321,-1.56267,0.26958,-0.00907,-0.00586,0.00097,-5E-05,,,,,,,,,,,,,,,,,,,,,,,High,High,High,High,High,,,,,,,,,,,,,,,,,,,,,,,,,,,,,,,,,,,,,
87,2026-05-21,16:25:44.33,1,1,"Colarusso, AJ",1000090794,Left,BOC_EAG,"Dubovik, Dylan",828130,Right,MIA_HUR,Undefined,3,Top,0,0,0,Fastball,Four-Seam,FoulBallNotFieldable,Undefined,Undefined,Undefined,0,0,,90.44785,-2.099872,0.637527,2132.764935,174.85856,11:45,5.90136,-0.98721,5.30639,-14.40898,20.79017,-1.76102,2.72849,-0.5355,81.99573,-4.853041,0.324899,0.427009,76.62523,4.395088,178.692934,2432.641303,,,,80.98173,45.06827,170.033198,0.77309,1.05236,11.30194,0.93059,50,5.70045,-1.3722,-131.01995,-5.21845,1.8181,29.26531,-12.64869,BOC_EAG,MIA_HUR,TruistField,D1,ACC,20260521-TruistField-2,3eca06f0-5553-11f1-b22b-2feaa7944c68,88.27074,4.0166,,8.45212,,,,3.48703,2.85925,0.39756,ca2eee80-f2ce-4c98-97a8-1c82669d3b1d,2026-05-21,20:25:44.33,2026-05-21T16:25:44.3374080-04:00,2026-05-21T20:25:44.3374080Z,GroundBall,v3,227,236,,"Johnson, Gunnar",1000100233,Right,BOC_EAG,25e39aa0-3859-498c-a49a-a873dabecd79,55.18496,-132.17302,14.63265,5.89624,-4.72008,-6.32435,0.98606,-1.44384,0.90905,,3.52945,-112.75477,6.42428,,,,,,,2.8632,8.54515,-15.85045,,,,,,,0.36504,3.10907,18.87312,,,,,,,,,,,,,,,,,,,,,,,,,,,,,High,High,High,Low,Low,,,,,,,,,,,,,,,,,,,,,,,,,,,,,,,,,,,,,
88,2026-05-21,16:26:01.80,1,2,"Colarusso, AJ",1000090794,Left,BOC_EAG,"Dubovik, Dylan",828130,Right,MIA_HUR,Undefined,3,Top,0,0,1,Fastball,Four-Seam,FoulBallNotFieldable,Undefined,Undefined,Undefined,0,0,,90.83881,-1.128584,2.432061,2209.026696,149.41817,11:00,5.88634,-0.92647,5.58012,-15.49922,18.89757,-10.49709,3.53966,0.47145,82.62509,-4.083014,0.56112,0.422115,71.15701,22.027773,169.293826,2051.672482,,,,,42.57187,,,6.0474,10.24658,0.72447,50,5.77949,-5.13287,-131.75795,-3.07238,10.59152,28.95882,-14.22804,BOC_EAG,MIA_HUR,TruistField,D1,ACC,20260521-TruistField-2,49cc2c40-5553-11f1-b22b-2feaa7944c68,89.29431,17.31187,,8.21372,,,,1.18274,3.60282,-0.51415,ca2eee80-f2ce-4c98-97a8-1c82669d3b1d,2026-05-21,20:26:01.80,2026-05-21T16:26:01.8088960-04:00,2026-05-21T20:26:01.8088960Z,,v3,227,236,,"Johnson, Gunnar",1000100233,Right,BOC_EAG,dda694f8-f66e-42f5-ac79-699b66c4fcfc,54.91772,-132.83441,14.47941,5.88386,-2.54349,-7.11402,0.92259,-5.52658,5.29576,302.676219,1.17926,-94.96289,7.47285,,,,,,,3.61207,38.87987,-20.97368,,,,,,,-0.50823,17.80434,-5.34704,,,,,,,,,,,,,,,,,,,,,,,,,,,,,High,High,High,High,Undefined,,,,,,,,,,,,,,,,,,,,,,,,,,,,,,,,,,,,,
89,2026-05-21,16:26:22.34,1,3,"Colarusso, AJ",1000090794,Left,BOC_EAG,"Dubovik, Dylan",828130,Right,MIA_HUR,Undefined,3,Top,0,0,2,Curveball,Curveball,FoulBallNotFieldable,Undefined,Undefined,Undefined,0,0,,76.09521,2.733969,-0.163631,2638.520207,302.857496,4:00,5.81416,-1.15509,5.01987,-56.71322,-7.06048,13.19032,3.67004,-0.21031,70.13138,-7.502271,2.166752,0.507158,,,,,,,,,,,,-6.61394,-3.84264,1.15946,50,6.02975,-0.20431,-110.44661,3.28311,-8.20594,18.85342,-36.94163,BOC_EAG,MIA_HUR,TruistField,D1,ACC,20260521-TruistField-2,55787440-5553-11f1-b22b-2feaa7944c68,74.32095,,,5.96383,,,,,,,ca2eee80-f2ce-4c98-97a8-1c82669d3b1d,2026-05-21,20:26:22.34,2026-05-21T16:26:22.3495680-04:00,2026-05-21T20:26:22.3495680Z,,v3,227,236,,"Johnson, Gunnar",1000100233,Right,BOC_EAG,cea2ceca-80f1-48a8-aa8c-1805bcb3b02f,55.48192,-111.37845,9.42671,5.82236,5.10898,-18.47081,1.15953,0.20127,-4.10297,,,,,,,,,,,,,,,,,,,,,,,,,,,,,,,,,,,,,,,,,,,,,,,,,,,High,High,High,,,,,,,,,,,,,,,,,,,,,,,,,,,,,,,,,,,,,,,
90,2026-05-21,16:26:41.12,1,4,"Colarusso, AJ",1000090794,Left,BOC_EAG,"Dubovik, Dylan",828130,Right,MIA_HUR,Undefined,3,Top,0,0,2,Curveball,Curveball,BallCalled,Undefined,Undefined,Undefined,0,0,,74.06514,3.847032,-1.649568,2579.984467,298.01588,4:00,5.85384,-0.97241,5.02459,-61.2368,-8.48615,19.0193,4.38781,-0.94443,67.82343,-7.218695,1.70724,0.52274,,,,,,,,,,,,-9.82583,-4.72134,1.11429,50,6.17305,2.33906,-107.30852,5.10059,-11.46235,18.48992,-37.68174,BOC_EAG,MIA_HUR,TruistField,D1,ACC,20260521-TruistField-2,60ce5ee0-5553-11f1-b22b-2feaa7944c68,72.10558,,,6.24171,,,,,,,ca2eee80-f2ce-4c98-97a8-1c82669d3b1d,2026-05-21,20:26:41.12,2026-05-21T16:26:41.1209216-04:00,2026-05-21T20:26:41.1209216Z,,v3,227,236,,"Johnson, Gunnar",1000100233,Right,BOC_EAG,8aaf73fa-f976-4f53-bbe5-83368285b81c,55.47725,-108.24817,9.24496,5.86518,7.01556,-18.84087,0.98062,2.92157,-5.73117,,,,,,,,,,,,,,,,,,,,,,,,,,,,,,,,,,,,,,,,,,,,,,,,,,,High,High,High,,,,,,,,,,,,,,,,,,,,,,,,,,,,,,,,,,,,,,,
91,2026-05-21,16:26:54.64,1,5,"Colarusso, AJ",1000090794,Left,BOC_EAG,"Dubovik, Dylan",828130,Right,MIA_HUR,Undefined,3,Top,0,1,2,Cutter,Slider,FoulBallNotFieldable,Undefined,Undefined,Undefined,0,0,,85.08037,-0.31055,1.622853,2461.978002,277.456739,3:15,5.61764,-1.31091,5.31679,-38.90388,0.16835,7.08756,2.08408,0.80318,78.86593,-7.367844,2.882004,0.449889,,,,,,,,,,,,-3.18705,0.43228,1.15844,50,5.5609,-3.79728,-123.6409,-2.1046,-4.97685,22.62172,-31.49901,BOC_EAG,MIA_HUR,TruistField,D1,ACC,20260521-TruistField-2,68a90570-5553-11f1-b22b-2feaa7944c68,83.78163,,,6.21444,,,,,,,ca2eee80-f2ce-4c98-97a8-1c82669d3b1d,2026-05-21,20:26:54.64,2026-05-21T16:26:54.6457600-04:00,2026-05-21T20:26:54.6457600Z,,v3,227,236,,"Johnson, Gunnar",1000100233,Right,BOC_EAG,fd10d9d0-97c4-4482-a0b6-2907d2db26df,55.18402,-124.58577,11.31086,5.62133,-0.78894,-15.7495,1.31271,-3.5894,-2.48843,,,,,,,,,,,,,,,,,,,,,,,,,,,,,,,,,,,,,,,,,,,,,,,,,,,High,High,High,,,,,,,,,,,,,,,,,,,,,,,,,,,,,,,,,,,,,,,
92,2026-05-21,16:27:15.98,1,6,"Colarusso, AJ",1000090794,Left,BOC_EAG,"Dubovik, Dylan",828130,Right,MIA_HUR,Undefined,3,Top,0,1,2,Fastball,Four-Seam,InPlay,Undefined,FlyBall,Out,1,0,,91.25929,-1.153017,1.823276,2172.709416,152.578197,11:00,5.772,-1.028,5.66087,-14.82627,19.33914,-9.41607,3.46061,-0.1119,82.51821,-4.002839,0.141561,0.420692,82.63057,39.774721,27.020568,3578.299325,95.16922,78.07745,55.16176,289.73335,281.11526,33.462271,5.000334,5.35339,10.52571,0.87993,50,5.66545,-3.79373,-132.33634,-3.09716,9.39666,30.9298,-13.69848,BOC_EAG,MIA_HUR,TruistField,D1,ACC,20260521-TruistField-2,75940f00-5553-11f1-b22b-2feaa7944c68,89.59618,90.05107,,8.74108,,,,0.94545,3.66556,0.13988,ca2eee80-f2ce-4c98-97a8-1c82669d3b1d,2026-05-21,20:27:15.98,2026-05-21T16:27:15.9865856-04:00,2026-05-21T20:27:15.9865856Z,FlyBall,v3,227,236,,"Johnson, Gunnar",1000100233,Right,BOC_EAG,d1774cd8-55e0-4c47-83c8-e550d5e2f65a,54.83564,-133.46175,15.4649,5.76907,-2.59873,-6.84924,1.02419,-4.13563,4.69833,202.174127,0.9502,82.87033,-16.76656,3.44612,-0.20219,-0.12764,0.04121,-0.005,0.00022,3.66375,77.56671,-19.98184,1.58887,-0.22667,-0.02258,0.02278,-0.00435,0.00027,0.14022,42.31054,-3.75146,0.53572,-0.04203,-0.00448,0.00157,-0.00013,0,,,,,,,,,,,,,,,,,,,,,,,High,High,High,High,Medium,,,,,,,,,,,,,,,,,,,,,,,,,,,,,,,,,,,,,
93,2026-05-21,16:27:52.43,2,1,"Colarusso, AJ",1000090794,Left,BOC_EAG,"Milano, Gabriel",813298,Left,MIA_HUR,Undefined,3,Top,1,0,0,Cutter,Cutter,FoulBallNotFieldable,Undefined,Undefined,Undefined,0,0,,88.52914,-1.366283,1.97218,2358.985399,196.282739,12:30,5.54343,-1.50222,5.3359,-26.75746,9.66339,2.48768,2.03083,0.55605,81.13113,-6.28693,2.413897,0.434357,79.47477,48.822652,-65.644777,5467.849007,,,,,79.50015,,,-0.70713,5.56796,1.32233,50,5.40099,-4.53203,-128.42503,-4.039,-1.18106,26.57296,-22.87422,BOC_EAG,MIA_HUR,TruistField,D1,ACC,20260521-TruistField-2,8b20dfb0-5553-11f1-b22b-2feaa7944c68,86.77765,77.68736,,7.39801,,,,1.52274,2.04252,-0.55158,ca2eee80-f2ce-4c98-97a8-1c82669d3b1d,2026-05-21,20:27:52.43,2026-05-21T16:27:52.4375552-04:00,2026-05-21T20:27:52.4375552Z,,v3,227,236,,"Johnson, Gunnar",1000100233,Right,BOC_EAG,138039ee-abbc-4b20-9c18-dca379c53864,55.1619,-129.4887,13.28648,5.54433,-3.12339,-11.43711,1.50279,-4.48476,-0.59053,,1.52274,31.64804,-12.59345,3.4577,-0.67297,0.02469,-0.04639,0.10469,-0.03958,2.04252,87.73417,-23.5469,2.36175,-0.48076,0.13701,-0.02423,-0.02355,0.01147,-0.55158,-69.91426,8.61876,-1.67444,0.2907,-0.05448,0.01972,-0.01003,0.00254,,,,,,,,,,,,,,,,,,,,,,,High,High,High,Medium,Undefined,,,,,,,,,,,,,,,,,,,,,,,,,,,,,,,,,,,,,
94,2026-05-21,16:28:10.69,2,2,"Colarusso, AJ",1000090794,Left,BOC_EAG,"Milano, Gabriel",813298,Left,MIA_HUR,Undefined,3,Top,1,0,1,Fastball,Four-Seam,FoulBallNotFieldable,Undefined,Undefined,Undefined,0,0,,90.6221,-1.276424,1.527396,2198.854354,154.960841,11:15,5.82657,-0.85527,5.45999,-10.98414,24.04245,-10.6417,3.71587,-0.3121,81.60799,-3.44694,-0.366241,0.425961,84.60078,86.758307,-151.080732,2442.621638,,,,,1.77525,,,5.86733,12.89989,0.72838,50,5.70736,-3.02028,-131.33854,-3.19199,10.10787,31.38198,-9.95097,BOC_EAG,MIA_HUR,TruistField,D1,ACC,20260521-TruistField-2,95fa6e60-5553-11f1-b22b-2feaa7944c68,88.48794,42.05227,,9.0141,,,,2.12367,3.74164,0.30424,ca2eee80-f2ce-4c98-97a8-1c82669d3b1d,2026-05-21,20:28:10.69,2026-05-21T16:28:10.6951680-04:00,2026-05-21T20:28:10.6951680Z,,v3,227,236,,"Johnson, Gunnar",1000100233,Right,BOC_EAG,928f219c-2747-44ec-8f8a-ef7e597fb887,55.03633,-132.53646,15.69099,5.82196,-2.81214,-4.97549,0.85104,-3.40612,5.05393,0.245136,2.13123,-6.44161,-9.45694,,,,,,,3.74886,123.59879,-30.39952,,,,,,,0.30774,-3.53201,-4.34463,,,,,,,,,,,,,,,,,,,,,,,,,,,,,High,High,High,Medium,Undefined,,,,,,,,,,,,,,,,,,,,,,,,,,,,,,,,,,,,,
95,2026-05-21,16:28:36.19,2,3,"Colarusso, AJ",1000090794,Left,BOC_EAG,"Milano, Gabriel",813298,Left,MIA_HUR,Undefined,3,Top,1,0,2,Cutter,Slider,StrikeCalled,Strikeout,Undefined,Undefined,0,0,,86.03789,-0.997506,1.820058,2334.198905,250.090139,2:15,5.5486,-1.42117,5.29765,-35.75963,3.25236,5.27571,1.63157,0.72778,78.24188,-7.533608,2.756991,0.449542,,,,,,,,,,,,-2.0752,2.34154,1.25171,50,5.43206,-4.19466,-124.68446,-3.49989,-3.23128,27.61257,-28.52802,BOC_EAG,MIA_HUR,TruistField,D1,ACC,20260521-TruistField-2,a55a2170-5553-11f1-b22b-2feaa7944c68,83.84627,,,7.79601,,,,,,,ca2eee80-f2ce-4c98-97a8-1c82669d3b1d,2026-05-21,20:28:36.19,2026-05-21T16:28:36.1900000-04:00,2026-05-21T20:28:36.1900000Z,,v3,227,236,,"Johnson, Gunnar",1000100233,Right,BOC_EAG,a907b12a-fc95-4bbf-aa34-c2bd1cce7f21,55.19839,-125.83043,13.80628,5.55275,-2.31594,-14.26401,1.42301,-4.06055,-1.61564,,,,,,,,,,,,,,,,,,,,,,,,,,,,,61.14746,,,1.172095,,,,-3.85265,4.06798,1.53969,70.21382,11.19345,54.56095,-3.77828,69.10619,-5.08532,4.18928,25.37951,-16.5268,1.58447,49.12396,-3.34043,High,High,High,,,High,Medium,High,,,,,,,,,,,,,,,,,,,,,,,,,,,,,,,,,,
96,2026-05-21,16:29:03.24,3,1,"Colarusso, AJ",1000090794,Left,BOC_EAG,"Sheahan, Vance",804451,Right,MIA_HUR,Undefined,3,Top,2,0,0,ChangeUp,Changeup,FoulBallNotFieldable,Undefined,Undefined,Undefined,0,0,,84.64026,-1.736095,1.915754,1735.421556,133.753702,10:30,5.62108,-1.32568,5.38235,-27.76887,11.61095,-10.94422,1.67826,-0.44128,78.35706,-6.8311,-0.030707,0.451657,68.51997,-30.581862,-85.454296,,,,,4.02952,3.0467,-39.135274,0.035326,6.03941,6.61296,1.16253,50,5.4461,-3.66251,-122.93006,-4.68644,9.33885,21.96966,-21.94836,BOC_EAG,MIA_HUR,TruistField,D1,ACC,20260521-TruistField-2,b5e77f10-5553-11f1-b22b-2feaa7944c68,83.45377,1.81116,,6.28321,,,,2.88264,1.81116,0.51183,ca2eee80-f2ce-4c98-97a8-1c82669d3b1d,2026-05-21,20:29:03.24,2026-05-21T16:29:03.2418304-04:00,2026-05-21T20:29:03.2418304Z,GroundBall,v3,227,236,,"Johnson, Gunnar",1000100233,Right,BOC_EAG,d8ef1d5b-ee43-4b53-8f91-693de2b36f2f,55.11763,-123.84129,10.98483,5.62159,-3.77609,-10.97418,1.32247,-4.04986,4.66943,,2.88253,6.87571,,,,,,,,1.81196,-51.26971,,,,,,,,0.51318,-86.48212,,,,,,,,,,,,,,,,,,,,,,,,,,,,,,High,High,High,Low,Low,,,,,,,,,,,,,,,,,,,,,,,,,,,,,,,,,,,,,
97,2026-05-21,16:29:20.97,3,2,"Colarusso, AJ",1000090794,Left,BOC_EAG,"Sheahan, Vance",804451,Right,MIA_HUR,Undefined,3,Top,2,0,1,ChangeUp,Changeup,InPlay,Undefined,GroundBall,Single,0,0,,85.41463,-1.142217,1.955721,1769.151967,116.05869,9:45,5.5894,-1.04188,5.61067,-29.56415,9.72579,-16.96548,2.05885,-0.62954,77.13128,-6.640526,-1.075051,0.451141,92.3935,-18.06366,-24.800238,,,,,8.26957,6.93001,-18.159988,0.054226,9.24217,5.70536,0.88602,50,5.47295,-3.51199,-123.79053,-3.46184,14.1117,28.40228,-23.46263,BOC_EAG,MIA_HUR,TruistField,D1,ACC,20260521-TruistField-2,c04945b0-5553-11f1-b22b-2feaa7944c68,83.54918,2.28258,,8.28335,,,,1.50452,2.28258,0.35821,ca2eee80-f2ce-4c98-97a8-1c82669d3b1d,2026-05-21,20:29:20.97,2026-05-21T16:29:20.9761280-04:00,2026-05-21T20:29:20.9761280Z,GroundBall,v3,227,236,,"Johnson, Gunnar",1000100233,Right,BOC_EAG,3197efac-8c37-4964-8b2f-e81016828df0,54.88583,-124.9065,14.20114,5.59086,-2.53996,-11.73132,1.03491,-4.06646,7.05585,180,1.50269,117.16049,,,,,,,,2.28323,-42.09379,,,,,,,,0.35906,-54.13634,,,,,,,,,,,,,,,,,,,,,,,,,,,,,,High,High,High,Low,Medium,,,,,,,,,,,,,,,,,,,,,,,,,,,,,,,,,,,,,
98,2026-05-21,16:30:20.07,4,1,"Colarusso, AJ",1000090794,Left,BOC_EAG,"Peralta, Fabio",806678,Left,MIA_HUR,Undefined,3,Top,2,0,0,Fastball,Four-Seam,InPlay,Undefined,Bunt,Out,1,0,,89.10978,-1.260685,2.023799,2057.727447,150.110506,11:00,5.72534,-1.37418,5.455,-16.1819,19.86509,-10.70682,3.19581,-0.37117,80.76111,-4.345903,0.119107,0.432122,30.78942,32.277083,-35.655225,2467.405834,,,,60.36908,59.35003,-37.975149,1.679424,6.00508,10.74705,1.20334,50,5.60353,-4.08679,-129.18022,-3.3338,10.07123,28.79524,-14.14989,BOC_EAG,MIA_HUR,TruistField,D1,ACC,20260521-TruistField-2,e33df110-5553-11f1-b22b-2feaa7944c68,87.22648,12.46069,,8.34867,,,,0.74887,3.30768,0.33915,ca2eee80-f2ce-4c98-97a8-1c82669d3b1d,2026-05-21,20:30:20.07,2026-05-21T16:30:20.0786432-04:00,2026-05-21T20:30:20.0786432Z,GroundBall,v3,227,236,,"Johnson, Gunnar",1000100233,Right,BOC_EAG,db46a089-c027-4de8-b95c-51dab83bedbd,55.04139,-130.29913,14.39762,5.72239,-2.78397,-7.07494,1.36975,-4.47814,5.03562,135.755965,0.74887,31.02254,-2.93866,0.87033,-0.18145,0.08579,-0.09453,0.05163,-0.00982,3.30769,24.11409,-16.25522,0.53351,0.00996,-0.19262,0.1899,-0.08207,0.01326,0.33915,-22.25535,0.34893,-0.27941,0.00472,0.07419,-0.08088,0.03771,-0.00639,,,,,,,,,,,,,,,,,,,,,,,High,High,High,High,High,,,,,,,,,,,,,,,,,,,,,,,,,,,,,,,,,,,,,
99,2026-05-21,16:33:04.53,1,1,"Collera, Lazaro",813945,Right,MIA_HUR,"Solier, Julio",827632,Right,BOC_EAG,Undefined,3,Bottom,0,0,0,Curveball,Curveball,StrikeCalled,Undefined,Undefined,Undefined,0,0,,77.87913,0.230946,-0.481433,2241.703242,36.094971,7:15,6.38977,1.653,5.41011,-56.81172,-9.65882,-8.15886,1.87184,0.52205,71.5199,-10.06512,-1.937705,0.494226,,,,,,,,,,,,3.95079,-4.43473,-1.60438,50,6.37072,1.27125,-113.07849,-1.51156,5.07453,22.16056,-37.87012,BOC_EAG,MIA_HUR,TruistField,D1,ACC,20260521-TruistField-2,45d8dc90-5554-11f1-b22b-2feaa7944c68,76.26559,,,6.35923,,,,,,,ca2eee80-f2ce-4c98-97a8-1c82669d3b1d,2026-05-21,20:33:04.53,2026-05-21T16:33:04.5351424-04:00,2026-05-21T20:33:04.5351424Z,,v3,227,236,,"Alvarez, Alonzo",828345,Right,MIA_HUR,a9209eed-3385-45fd-8f47-cbef79cb11f8,55.08986,-114.07161,11.08028,6.40044,0.18558,-18.93506,-1.65625,1.04384,2.53726,,,,,,,,,,,,,,,,,,,,,,,,,,,,,,,,,,,,,,,,,,,,,,,,,,,High,High,High,,,,,,,,,,,,,,,,,,,,,,,,,,,,,,,,,,,,,,,
100,2026-05-21,16:33:21.68,1,2,"Collera, Lazaro",813945,Right,MIA_HUR,"Solier, Julio",827632,Right,BOC_EAG,Undefined,3,Bottom,0,0,1,Curveball,Curveball,InPlay,Undefined,GroundBall,Single,0,0,,80.40378,1.051264,-0.644532,2339.184669,54.753646,7:45,6.24756,1.76169,5.2898,-55.1705,-10.32863,-16.83532,2.6373,-0.24648,73.03922,-8.960568,-3.638132,0.481962,97.71839,1.434142,-5.549398,1407.540259,,,,59.09898,56.38587,-5.183573,0.424935,8.2565,-5.12185,-1.69007,50,6.30265,1.99906,-116.61348,0.15031,11.17053,25.5047,-39.1036,BOC_EAG,MIA_HUR,TruistField,D1,ACC,20260521-TruistField-2,506e0f40-5554-11f1-b22b-2feaa7944c68,78.20616,2.7512,,7.36456,,,,1.49664,2.61762,0.25396,ca2eee80-f2ce-4c98-97a8-1c82669d3b1d,2026-05-21,20:33:21.68,2026-05-21T16:33:21.6870912-04:00,2026-05-21T20:33:21.6870912Z,GroundBall,v3,227,236,,"Alvarez, Alonzo",828345,Right,MIA_HUR,e876f014-ea7e-4e05-be9e-8b179f38cd1e,55.21045,-117.74755,12.75235,6.25731,1.88906,-19.5518,-1.76792,1.50236,5.58527,0.92194,1.50415,142.3673,-17.44995,,,,,,,2.62816,3.25485,-22.27019,,,,,,,0.25333,-13.83538,1.5894,,,,,,,,,,,,,,,,,,,,,,,,,,,,,High,High,High,High,High,,,,,,,,,,,,,,,,,,,,,,,,,,,,,,,,,,,,,
101,2026-05-21,16:33:58.48,2,1,"Collera, Lazaro",813945,Right,MIA_HUR,"Mainolfi, Ty",839397,Left,BOC_EAG,Undefined,3,Bottom,0,0,0,Fastball,Four-Seam,InPlay,Undefined,LineDrive,Out,1,0,,92.91804,-3.198517,-3.586136,2189.986661,205.072851,12:45,6.3197,1.81034,5.57218,-12.92528,20.23733,8.92615,2.24606,-0.7998,84.26311,-5.684797,-1.998357,0.414473,87.90625,17.779206,16.24518,1075.7533,104.53852,27.36455,34.22934,271.70108,266.57841,19.762299,2.982003,-5.60733,11.5506,-1.50726,50,6.03545,8.01649,-134.38923,-7.89768,-10.1797,31.11417,-11.20477,BOC_EAG,MIA_HUR,TruistField,D1,ACC,20260521-TruistField-2,6549b860-5554-11f1-b22b-2feaa7944c68,90.94074,29.5789,,8.65493,,,,1.11858,2.30997,0.85223,ca2eee80-f2ce-4c98-97a8-1c82669d3b1d,2026-05-21,20:33:58.48,2026-05-21T16:33:58.4886272-04:00,2026-05-21T20:33:58.4886272Z,LineDrive,v3,227,236,,"Alvarez, Alonzo",828345,Right,MIA_HUR,4c74900a-2545-49a3-8cb8-8df19edf701d,54.92493,-135.52466,15.55709,6.3162,-7.48879,-5.60239,-1.80658,8.38798,-5.08985,211.251267,1.11855,117.8722,-18.28465,4.01971,-0.74862,0.08415,0.00328,-0.00292,0.00036,2.30998,39.3662,-14.72224,0.33151,-0.01098,0.057,-0.03236,0.00866,-0.00089,0.8523,34.34089,-0.76124,-0.55712,0.23685,-0.05983,0.01147,-0.0015,0.0001,,,,,,,,,,,,,,,,,,,,,,,High,High,High,High,High,,,,,,,,,,,,,,,,,,,,,,,,,,,,,,,,,,,,,
102,2026-05-21,16:35:09.98,3,1,"Collera, Lazaro",813945,Right,MIA_HUR,"Wang, Nick",813482,Right,BOC_EAG,Undefined,3,Bottom,1,0,0,Curveball,Curveball,FoulBallNotFieldable,Undefined,Undefined,Undefined,0,0,,80.31715,-0.128601,-1.027324,2357.717547,33.709446,7:00,6.34837,1.68789,5.59467,-53.42916,-9.38721,-7.21583,1.77586,0.12731,73.72324,-9.841355,-2.319305,0.477644,,,,,,,,,,,,3.3763,-4.39217,-1.59492,50,6.30218,2.37014,-116.64701,-2.09503,4.61117,23.73507,-38.17262,BOC_EAG,MIA_HUR,TruistField,D1,ACC,20260521-TruistField-2,8fedb490-5554-11f1-b22b-2feaa7944c68,78.91318,,,6.59391,,,,,,,ca2eee80-f2ce-4c98-97a8-1c82669d3b1d,2026-05-21,20:35:09.98,2026-05-21T16:35:09.9852288-04:00,2026-05-21T20:35:09.9852288Z,,v3,227,236,,"Alvarez, Alonzo",828345,Right,MIA_HUR,41938db5-25ff-4338-b7de-17fa2f1cf467,54.90615,-117.64107,11.86754,6.35644,-0.49631,-19.08631,-1.69014,2.17701,2.30559,,,,,,,,,,,,,,,,,,,,,,,,,,,,,,,,,,,,,,,,,,,,,,,,,,,High,High,High,,,,,,,,,,,,,,,,,,,,,,,,,,,,,,,,,,,,,,,
103,2026-05-21,16:35:35.35,3,2,"Collera, Lazaro",813945,Right,MIA_HUR,"Wang, Nick",813482,Right,BOC_EAG,Undefined,3,Bottom,1,0,1,Fastball,Four-Seam,StrikeSwinging,Undefined,Undefined,Undefined,0,0,,93.55462,-2.727188,-3.396655,2241.23017,209.479129,1:00,6.38501,1.53941,5.86224,-12.16131,20.24836,10.79241,2.83168,-0.72035,84.54755,-5.096511,-1.46561,0.40974,,,,,,,,,,,,-6.50386,11.47764,-1.26986,50,6.15631,7.53872,-135.38239,-6.76517,-11.95165,32.27882,-11.08246,BOC_EAG,MIA_HUR,TruistField,D1,ACC,20260521-TruistField-2,9fb996f0-5554-11f1-b22b-2feaa7944c68,91.99106,,,9.00707,,,,,,,ca2eee80-f2ce-4c98-97a8-1c82669d3b1d,2026-05-21,20:35:35.35,2026-05-21T16:35:35.3503232-04:00,2026-05-21T20:35:35.3503232Z,,v3,227,236,,"Alvarez, Alonzo",828345,Right,MIA_HUR,9f558b75-1896-4342-a1cf-b7f354f59619,54.63234,-136.4824,16.13941,6.38042,-6.3875,-5.54123,-1.5337,7.94601,-5.97582,,,,,,,,,,,,,,,,,,,,,,,,,,,,,,,,,,,,,,,,,,,,,,,,,,,High,High,High,,,,,,,,,,,,,,,,,,,,,,,,,,,,,,,,,,,,,,,
104,2026-05-21,16:35:56.34,3,3,"Collera, Lazaro",813945,Right,MIA_HUR,"Wang, Nick",813482,Right,BOC_EAG,Undefined,3,Bottom,1,0,2,Curveball,Curveball,StrikeCalled,Strikeout,Undefined,Undefined,0,0,,81.05762,-0.320488,-1.632809,2329.515956,47.048244,7:30,6.30206,1.55085,5.72802,-50.64554,-7.53784,-9.61512,1.783,-0.77149,74.29562,-9.5555,-3.356968,0.472551,,,,,,,,,,,,4.40126,-3.32477,-1.40867,50,6.24421,3.72991,-117.68038,-2.38712,6.11055,24.4078,-36.79,BOC_EAG,MIA_HUR,TruistField,D1,ACC,20260521-TruistField-2,ab9ad1a0-5554-11f1-b22b-2feaa7944c68,79.76371,,,6.76201,,,,,,,ca2eee80-f2ce-4c98-97a8-1c82669d3b1d,2026-05-21,20:35:56.34,2026-05-21T16:35:56.3486720-04:00,2026-05-21T20:35:56.3486720Z,,v3,227,236,,"Alvarez, Alonzo",828345,Right,MIA_HUR,f2de92b6-2e8d-4a0c-89cd-a7efdfdb156f,54.77151,-118.6659,12.2039,6.31061,-0.90164,-18.395,-1.5543,3.48318,3.05528,,,,,,,,,,,,,,,,,,,,,,,,,,,,,,,,,,,,,,,,,,,,,,,,,,,High,High,High,,,,,,,,,,,,,,,,,,,,,,,,,,,,,,,,,,,,,,,
105,2026-05-21,16:36:29.26,4,1,"Collera, Lazaro",813945,Right,MIA_HUR,"Toomey, Jack",809057,Right,BOC_EAG,Undefined,3,Bottom,2,0,0,Curveball,Curveball,BallCalled,Undefined,Undefined,Undefined,0,0,,82.07068,-1.918036,-2.054859,2258.402647,44.969983,7:30,6.30176,1.62206,5.60308,-51.58322,-9.2541,-10.61591,0.21085,-1.18164,75.57369,-11.237982,-3.956409,0.468264,,,,,,,,,,,,4.79504,-3.7789,-1.43903,50,6.10377,4.6876,-119.05381,-5.79284,6.80856,25.13487,-37.53976,BOC_EAG,MIA_HUR,TruistField,D1,ACC,20260521-TruistField-2,bf2f54c0-5554-11f1-b22b-2feaa7944c68,80.49393,,,6.49698,,,,,,,ca2eee80-f2ce-4c98-97a8-1c82669d3b1d,2026-05-21,20:36:29.26,2026-05-21T16:36:29.2664832-04:00,2026-05-21T20:36:29.2664832Z,,v3,227,236,,"Alvarez, Alonzo",828345,Right,MIA_HUR,6875b1ca-d8d8-4273-bf47-2c9d81a03a94,54.89764,-120.08336,12.56743,6.30955,-4.25517,-18.76988,-1.62532,4.40872,3.40428,,,,,,,,,,,,,,,,,,,,,,,,,,,,,,,,,,,,,,,,,,,,,,,,,,,High,High,High,,,,,,,,,,,,,,,,,,,,,,,,,,,,,,,,,,,,,,,
106,2026-05-21,16:36:50.97,4,2,"Collera, Lazaro",813945,Right,MIA_HUR,"Toomey, Jack",809057,Right,BOC_EAG,Undefined,3,Bottom,2,1,0,Fastball,Sinker,InPlay,Undefined,GroundBall,Out,1,0,,93.3319,-2.11716,-2.355215,2149.180535,233.723597,1:45,6.41791,1.53197,5.82451,-19.07784,13.42068,16.73962,2.85734,0.7362,84.55947,-5.716017,0.644824,0.410302,71.62116,-30.909718,7.356939,,,,,5.17761,5.17761,-1.691363,0.051198,-9.24776,7.8313,-1.34933,50,6.23358,4.80831,-135.28728,-5.63352,-16.96965,32.24036,-17.80359,BOC_EAG,MIA_HUR,TruistField,D1,ACC,20260521-TruistField-2,cc194ce0-5554-11f1-b22b-2feaa7944c68,91.86522,2.77325,,8.77242,,,,0.58149,2.77325,-0.74595,ca2eee80-f2ce-4c98-97a8-1c82669d3b1d,2026-05-21,20:36:50.97,2026-05-21T16:36:50.9779968-04:00,2026-05-21T20:36:50.9779968Z,GroundBall,v3,227,236,,"Alvarez, Alonzo",828345,Right,MIA_HUR,c8d756b2-a37b-4dfd-a760-5a6193b6b87d,54.67218,-136.39617,16.12018,6.41681,-5.02117,-8.90179,-1.52475,5.39197,-8.48482,,0.57866,89.72711,,,,,,,,2.77496,-54.16716,,,,,,,,-0.74631,11.58495,,,,,,,,,,,,,,,,,,,,,,,,,,,,,,High,High,High,Estimated,Estimated,,,,,,,,,,,,,,,,,,,,,,,,,,,,,,,,,,,,,
107,2026-05-21,16:39:01.09,1,1,"Colarusso, AJ",1000090794,Left,BOC_EAG,"Ogden, Jake",804826,Right,MIA_HUR,Undefined,4,Top,0,0,0,Cutter,Slider,StrikeSwinging,Undefined,Undefined,Undefined,0,0,,85.32707,-1.405696,2.086843,2397.553822,219.94378,1:15,5.66712,-1.47524,5.48907,-31.7262,6.94178,4.88465,1.70712,0.88491,79.00483,-7.203754,2.956859,0.447556,,,,,,,,,,,,-1.9541,4.19036,1.28898,50,5.52232,-4.71666,-123.91818,-4.15858,-3.06409,22.80545,-25.60338,BOC_EAG,MIA_HUR,TruistField,D1,ACC,20260521-TruistField-2,19b88420-5555-11f1-b22b-2feaa7944c68,84.21839,,,6.32224,,,,,,,ca2eee80-f2ce-4c98-97a8-1c82669d3b1d,2026-05-21,20:39:01.09,2026-05-21T16:39:01.0923008-04:00,2026-05-21T20:39:01.0923008Z,,v3,227,236,,"Johnson, Gunnar",1000100233,Right,BOC_EAG,f09bdba1-5655-471e-848b-575af2110c0a,55.0102,-124.83683,11.40273,5.66906,-3.12721,-12.80169,1.47649,-4.59323,-1.53204,,,,,,,,,,,,,,,,,,,,,,,,,,,,,,,,,,,,,,,,,,,,,,,,,,,High,High,High,,,,,,,,,,,,,,,,,,,,,,,,,,,,,,,,,,,,,,,
108,2026-05-21,16:39:15.37,1,2,"Colarusso, AJ",1000090794,Left,BOC_EAG,"Ogden, Jake",804826,Right,MIA_HUR,Undefined,4,Top,0,0,1,Cutter,Slider,InPlay,Undefined,GroundBall,Out,1,0,,84.41237,-1.37055,0.757227,2398.486264,232.310715,1:45,5.64061,-1.23824,5.43458,-33.58628,6.05174,6.32162,1.55796,-0.0023,78.00713,-7.50437,1.883667,0.453135,93.26672,2.030598,-17.10115,1604.722307,,,,55.01477,51.66546,-16.487342,0.418582,-3.01087,3.74425,1.16663,50,5.49592,-1.88075,-122.62603,-4.118,-4.6116,22.90803,-26.4391,BOC_EAG,MIA_HUR,TruistField,D1,ACC,20260521-TruistField-2,22355e20-5555-11f1-b22b-2feaa7944c68,83.1815,1.89888,,6.40524,,,,0.86227,1.62827,0.07193,ca2eee80-f2ce-4c98-97a8-1c82669d3b1d,2026-05-21,20:39:15.37,2026-05-21T16:39:15.3740800-04:00,2026-05-21T20:39:15.3740800Z,GroundBall,v3,227,236,,"Johnson, Gunnar",1000100233,Right,BOC_EAG,465e51f4-abbd-4388-8807-a72a63165f50,55.0646,-123.56854,11.45402,5.64296,-3.03021,-13.21955,1.24011,-1.69102,-2.3058,341.486531,0.8693,130.43646,-15.53334,,,,,,,1.63667,4.57845,-20.32511,,,,,,,0.06843,-40.08742,6.28599,,,,,,,,,,,,,,,,,,,,,,,,,,,,,High,High,High,Medium,Medium,,,,,,,,,,,,,,,,,,,,,,,,,,,,,,,,,,,,,
109,2026-05-21,16:39:43.43,2,1,"Colarusso, AJ",1000090794,Left,BOC_EAG,"Galvin, Max",803344,Left,MIA_HUR,Undefined,4,Top,1,0,0,Fastball,Four-Seam,StrikeCalled,Undefined,Undefined,Undefined,0,0,,90.8597,-2.022309,1.729018,2172.399636,151.431191,11:00,5.76053,-1.34303,5.61985,-15.96521,18.38631,-9.38812,2.54121,-0.51135,82.70108,-5.056071,0.053116,0.421837,,,,,,,,,,,,5.2454,10.23418,1.20168,50,5.5779,-3.55596,-131.76435,-5.14124,9.18689,28.98616,-14.24973,BOC_EAG,MIA_HUR,TruistField,D1,ACC,20260521-TruistField-2,32ea6800-5555-11f1-b22b-2feaa7944c68,89.35317,,,8.15862,,,,,,,ca2eee80-f2ce-4c98-97a8-1c82669d3b1d,2026-05-21,20:39:43.43,2026-05-21T16:39:43.4316800-04:00,2026-05-21T20:39:43.4316800Z,,v3,227,236,,"Johnson, Gunnar",1000100233,Right,BOC_EAG,2fb33d8e-66c9-4636-af7a-15872b49b1eb,54.8764,-132.83275,14.49308,5.75772,-4.616,-7.12487,1.33899,-3.89458,4.59345,,,,,,,,,,,,,,,,,,,,,,,,,,,,,,,,,,,,,,,,,,,,,,,,,,,High,High,High,,,,,,,,,,,,,,,,,,,,,,,,,,,,,,,,,,,,,,,
110,2026-05-21,16:39:55.29,2,2,"Colarusso, AJ",1000090794,Left,BOC_EAG,"Galvin, Max",803344,Left,MIA_HUR,Undefined,4,Top,1,0,1,Fastball,Sinker,InPlay,Undefined,GroundBall,Out,1,0,,91.19953,-2.609973,1.700701,1996.644553,133.65145,10:30,5.83319,-1.32816,5.64025,-21.4447,12.41233,-11.90942,1.60864,-0.73364,83.77281,-6.591609,-0.427839,0.41879,70.5812,-47.341939,34.200933,,,,,3.72726,3.11152,25.288069,0.022915,6.53359,7.32654,1.19159,50,5.5977,-3.40871,-132.33876,-6.77754,11.62142,27.45323,-19.14222,BOC_EAG,MIA_HUR,TruistField,D1,ACC,20260521-TruistField-2,3adb55b0-5555-11f1-b22b-2feaa7944c68,90.0033,1.74892,,7.42672,,,,2.03726,1.74892,0.68636,ca2eee80-f2ce-4c98-97a8-1c82669d3b1d,2026-05-21,20:39:55.29,2026-05-21T16:39:55.2909824-04:00,2026-05-21T20:39:55.2909824Z,GroundBall,v3,227,236,,"Johnson, Gunnar",1000100233,Right,BOC_EAG,ac1b6d69-492d-412f-a54e-33fa3c8f2b65,54.85847,-133.34282,13.72662,5.83278,-6.07743,-9.57111,1.32404,-3.83375,5.81071,,2.03672,58.16343,,,,,,,,1.74964,-76.32201,,,,,,,,0.68599,39.52921,,,,,,,,,,,,,,,,,,,,,,,,,,,,,,High,High,High,Low,Low,,,,,,,,,,,,,,,,,,,,,,,,,,,,,,,,,,,,,
111,2026-05-21,16:40:29.91,3,1,"Colarusso, AJ",1000090794,Left,BOC_EAG,"Williams, Derek",804746,Right,MIA_HUR,Undefined,4,Top,2,0,0,Fastball,Four-Seam,InPlay,Undefined,GroundBall,Single,0,0,,91.38358,-2.442248,2.44487,2143.25736,137.301983,10:30,5.76506,-1.09119,5.73505,-19.27367,14.418,-12.31249,1.88124,0.16082,83.66144,-6.053292,0.242528,0.417766,88.02763,-23.774127,-3.550563,,,,,5.09566,5.09566,-4.728033,0.035098,6.98398,8.34989,0.89536,50,5.54969,-5.12668,-132.55264,-6.29531,12.43321,28.17155,-17.30918,BOC_EAG,MIA_HUR,TruistField,D1,ACC,20260521-TruistField-2,4ea540b0-5555-11f1-b22b-2feaa7944c68,90.22388,1.82975,,7.72214,,,,0.93261,1.82975,-0.16278,ca2eee80-f2ce-4c98-97a8-1c82669d3b1d,2026-05-21,20:40:29.91,2026-05-21T16:40:29.9137024-04:00,2026-05-21T20:40:29.9137024Z,GroundBall,v3,227,236,,"Johnson, Gunnar",1000100233,Right,BOC_EAG,0ede8819-cb85-48f1-9613-3ca1ebeb0ecb,54.76361,-133.56122,14.08577,5.76398,-5.67562,-8.65459,1.08687,-5.5718,6.2166,,0.93152,118.11738,,,,,,,,1.83023,-52.13234,,,,,,,,-0.16271,-7.329,,,,,,,,,,,,,,,,,,,,,,,,,,,,,,High,High,High,Estimated,Estimated,,,,,,,,,,,,,,,,,,,,,,,,,,,,,,,,,,,,,
112,2026-05-21,16:41:13.72,4,1,"Colarusso, AJ",1000090794,Left,BOC_EAG,"Sosa, Alex",806227,Left,MIA_HUR,Undefined,4,Top,2,0,0,Fastball,Four-Seam,FoulBallNotFieldable,Undefined,Undefined,Undefined,0,0,,89.13362,-2.399701,2.31381,2100.937276,143.791428,10:45,5.84726,-1.31538,5.49316,-20.07375,15.74123,-10.66808,1.92656,-0.03882,81.43958,-6.150959,0.41412,0.430729,,,,,,,,,,,,6.07725,8.98296,1.12045,50,5.62376,-4.75756,-129.22085,-6.08894,10.25968,27.3186,-17.00889,BOC_EAG,MIA_HUR,TruistField,D1,ACC,20260521-TruistField-2,6923a1c0-5555-11f1-b22b-2feaa7944c68,87.50854,,,7.69404,,,,,,,ca2eee80-f2ce-4c98-97a8-1c82669d3b1d,2026-05-21,20:41:13.72,2026-05-21T16:41:13.7260032-04:00,2026-05-21T20:41:13.7260032Z,,v3,227,236,,"Johnson, Gunnar",1000100233,Right,BOC_EAG,e4124789-a2ac-48f7-a212-5abc5175d435,55.00508,-130.27468,13.6593,5.84599,-5.43282,-8.50445,1.31161,-5.15333,5.12984,,,,,,,,,,,,,,,,,,,,,,,,,,,,,,,,,,,,,,,,,,,,,,,,,,,High,High,High,,,,,,,,,,,,,,,,,,,,,,,,,,,,,,,,,,,,,,,
113,2026-05-21,16:41:35.53,4,2,"Colarusso, AJ",1000090794,Left,BOC_EAG,"Sosa, Alex",806227,Left,MIA_HUR,Undefined,4,Top,2,0,1,Cutter,Slider,InPlay,Undefined,FlyBall,HomeRun,0,2,,84.21061,0.091013,1.367732,2411.851955,241.570556,2:00,5.65063,-1.77115,5.1219,-35.36482,4.42359,6.31181,2.78931,0.04334,78.61956,-6.311,2.484562,0.453994,97.69499,27.547999,-0.479988,2911.462737,109.77009,54.01039,-7.10731,394.29542,380.96299,-11.184327,4.88762,-2.87146,2.46799,1.6374,50,5.63134,-3.18916,-122.46954,-1.11919,-4.4464,19.75195,-28.35237,BOC_EAG,MIA_HUR,TruistField,D1,ACC,20260521-TruistField-2,75c28720-5555-11f1-b22b-2feaa7944c68,83.02418,78.12496,,5.59105,,,,1.49523,2.93313,-0.04589,ca2eee80-f2ce-4c98-97a8-1c82669d3b1d,2026-05-21,20:41:35.53,2026-05-21T16:41:35.5380224-04:00,2026-05-21T20:41:35.5380224Z,FlyBall,v3,227,236,,"Johnson, Gunnar",1000100233,Right,BOC_EAG,109ff923-d9c9-4582-a1b7-d1a2c3b42080,55.37899,-123.33402,9.87597,5.65317,0.1217,-14.17618,1.77272,-2.99455,-2.2232,147.366203,1.49614,127.01775,-22.55352,5.13369,-0.91657,0.13891,-0.02078,0.00257,-0.00015,2.93411,66.24428,-15.14935,0.04626,0.23026,-0.12023,0.03481,-0.0049,0.00026,-0.04533,-1.07655,-7.81143,2.11778,-0.40672,0.05443,-0.00566,0.00052,-3E-05,,,,,,,,,,,,,,,,,,,,,,,High,High,High,High,Medium,,,,,,,,,,,,,,,,,,,,,,,,,,,,,,,,,,,,,
114,2026-05-21,16:42:23.14,5,1,"Colarusso, AJ",1000090794,Left,BOC_EAG,"Alvarez, Alonzo",828345,Right,MIA_HUR,Undefined,4,Top,2,0,0,Fastball,Four-Seam,BallCalled,Undefined,Undefined,Undefined,0,0,,89.58911,0.223767,1.62254,2096.264078,152.366972,11:00,5.8401,-1.02465,5.6759,-18.21265,16.86056,-8.25012,4.53106,-0.19916,81.73284,-3.221469,0.148603,0.426245,,,,,,,,,,,,4.60677,8.81382,0.89296,50,5.84759,-3.31714,-130.05635,-0.05819,7.89608,27.09134,-17.06699,BOC_EAG,MIA_HUR,TruistField,D1,ACC,20260521-TruistField-2,9222c790-5555-11f1-b22b-2feaa7944c68,88.42903,,,7.85628,,,,,,,ca2eee80-f2ce-4c98-97a8-1c82669d3b1d,2026-05-21,20:42:23.14,2026-05-21T16:42:23.1482880-04:00,2026-05-21T20:42:23.1482880Z,,v3,227,236,,"Johnson, Gunnar",1000100233,Right,BOC_EAG,0aa30899-defe-4b7e-ab87-4c827745792b,54.8198,-131.05649,13.54567,5.8381,0.57188,-8.5335,1.0208,-3.60864,3.94804,,,,,,,,,,,,,,,,,,,,,,,,,,,,,,,,,,,,,,,,,,,,,,,,,,,High,High,High,,,,,,,,,,,,,,,,,,,,,,,,,,,,,,,,,,,,,,,
115,2026-05-21,16:42:35.65,5,2,"Colarusso, AJ",1000090794,Left,BOC_EAG,"Alvarez, Alonzo",828345,Right,MIA_HUR,Undefined,4,Top,2,1,0,ChangeUp,Changeup,InPlay,Undefined,GroundBall,Out,1,0,,85.14899,-1.25647,1.776737,1806.487554,113.463669,9:45,5.63162,-1.09724,5.40092,-31.38065,7.93008,-15.3608,1.83846,-0.71192,77.97738,-7.020545,-0.957479,0.45126,82.41876,-21.698134,-32.029249,,,,,6.92359,6.92359,-16.146995,0.043903,8.27154,4.70725,0.95021,50,5.49769,-3.18496,-123.56111,-3.8175,12.76481,25.02976,-24.90971,BOC_EAG,MIA_HUR,TruistField,D1,ACC,20260521-TruistField-2,998c0eb0-5555-11f1-b22b-2feaa7944c68,83.52708,1.96603,,7.17162,,,,2.4617,1.96603,0.69494,ca2eee80-f2ce-4c98-97a8-1c82669d3b1d,2026-05-21,20:42:35.65,2026-05-21T16:42:35.6512768-04:00,2026-05-21T20:42:35.6512768Z,GroundBall,v3,227,236,,"Johnson, Gunnar",1000100233,Right,BOC_EAG,6c9e7893-93dd-41e9-89a5-3aa4f64195b6,55.09778,-124.58949,12.51488,5.63351,-2.79406,-12.45486,1.09184,-3.70942,6.38241,,2.46035,95.40924,,,,,,,,1.96666,-44.78103,,,,,,,,0.69578,-59.68606,,,,,,,,,,,,,,,,,,,,,,,,,,,,,,High,High,High,Estimated,Estimated,,,,,,,,,,,,,,,,,,,,,,,,,,,,,,,,,,,,,
116,2026-05-21,16:44:59.72,1,1,"Collera, Lazaro",813945,Right,MIA_HUR,"Wolff, Kyle",813479,Right,BOC_EAG,Undefined,4,Bottom,0,0,0,Slider,Curveball,StrikeCalled,Undefined,Undefined,Undefined,0,0,,78.60865,-0.310543,-1.003825,2307.003674,66.033454,8:15,6.3188,1.65028,5.37116,-50.61601,-4.33555,-13.07627,1.8096,-0.38064,72.28864,-9.487465,-3.333391,0.489633,,,,,,,,,,,,6.27579,-1.63599,-1.55078,50,6.25511,2.51702,-114.11892,-2.36811,8.22829,22.13281,-34.319,BOC_EAG,MIA_HUR,TruistField,D1,ACC,20260521-TruistField-2,ef844440-5555-11f1-b22b-2feaa7944c68,76.98108,,,6.32,,,,,,,ca2eee80-f2ce-4c98-97a8-1c82669d3b1d,2026-05-21,20:44:59.72,2026-05-21T16:44:59.7229568-04:00,2026-05-21T20:44:59.7229568Z,,v3,227,236,,"Alvarez, Alonzo",828345,Right,MIA_HUR,32906d26-f337-4f21-98b7-1b6dc2b58a70,55.12822,-115.10922,11.0664,6.32671,-0.83257,-17.1595,-1.65517,2.14886,4.11414,,,,,,,,,,,,,,,,,,,,,,,,,,,,,,,,,,,,,,,,,,,,,,,,,,,High,High,High,,,,,,,,,,,,,,,,,,,,,,,,,,,,,,,,,,,,,,,
117,2026-05-21,16:45:17.42,1,2,"Collera, Lazaro",813945,Right,MIA_HUR,"Wolff, Kyle",813479,Right,BOC_EAG,Undefined,4,Bottom,0,0,1,Slider,Curveball,InPlay,Undefined,Popup,Out,1,0,,80.71654,-0.347014,-0.943873,2433.834767,65.040094,8:15,6.2838,1.76451,5.35905,-50.14664,-5.83201,-15.81808,1.77945,-0.43887,73.57325,-9.451125,-3.761283,0.479121,82.31091,52.07783,-9.080853,5472.162133,109.18899,118.16246,-13.33132,230.89945,96.75138,-6.153209,5.714543,7.70603,-2.45575,-1.66783,50,6.21665,2.56371,-117.08666,-2.4796,10.52711,25.39377,-35.5288,BOC_EAG,MIA_HUR,TruistField,D1,ACC,20260521-TruistField-2,f9fa5630-5555-11f1-b22b-2feaa7944c68,78.67003,124.37372,,7.14329,,,,2.70465,2.24871,0.31931,ca2eee80-f2ce-4c98-97a8-1c82669d3b1d,2026-05-21,20:45:17.42,2026-05-21T16:45:17.4215168-04:00,2026-05-21T20:45:17.4215168Z,FlyBall,v3,227,236,,"Alvarez, Alonzo",828345,Right,MIA_HUR,4d76302c-74c2-40d2-a502-7763169b462b,55.14068,-118.19632,12.69689,6.29108,-0.92706,-17.7644,-1.76981,2.1037,5.26355,184.770709,2.70918,73.17085,-16.98276,3.84654,-0.35377,-0.05955,0.02164,-0.00235,9E-05,2.2501,95.19945,-21.78873,1.63296,-0.07127,-0.09031,0.0329,-0.00472,0.00025,0.3185,-11.69119,4.08809,-1.00824,0.10358,0.01487,-0.00635,0.00078,-3E-05,,,,,,,,,,,,,,,,,,,,,,,High,High,High,High,Low,,,,,,,,,,,,,,,,,,,,,,,,,,,,,,,,,,,,,
118,2026-05-21,16:45:55.03,2,1,"Collera, Lazaro",813945,Right,MIA_HUR,"Gallo, Luke",828057,Right,BOC_EAG,Undefined,4,Bottom,1,0,0,Slider,Curveball,StrikeCalled,Undefined,Undefined,Undefined,0,0,,79.53588,-0.562834,0.44961,2299.646323,84.362978,8:45,6.31969,1.65901,5.49132,-45.79203,-0.29563,-19.45773,1.97715,0.45813,72.22639,-8.939243,-3.025072,0.485467,,,,,,,,,,,,9.91445,0.55142,-1.68506,50,6.23988,-0.11964,-115.34475,-2.69265,13.12763,24.88881,-31.44391,BOC_EAG,MIA_HUR,TruistField,D1,ACC,20260521-TruistField-2,1197b760-5556-11f1-b22b-2feaa7944c68,77.64159,,,7.30949,,,,,,,ca2eee80-f2ce-4c98-97a8-1c82669d3b1d,2026-05-21,20:45:55.03,2026-05-21T16:45:55.0362624-04:00,2026-05-21T20:45:55.0362624Z,,v3,227,236,,"Alvarez, Alonzo",828345,Right,MIA_HUR,10756e15-ed81-45b3-ac2f-ff7e07119ee3,55.00581,-116.41988,12.4444,6.32686,-1.33435,-15.72196,-1.66764,-0.68672,6.56382,,,,,,,,,,,,,,,,,,,,,,,,,,,,,,,,,,,,,,,,,,,,,,,,,,,High,High,High,,,,,,,,,,,,,,,,,,,,,,,,,,,,,,,,,,,,,,,
119,2026-05-21,16:46:11.52,2,2,"Collera, Lazaro",813945,Right,MIA_HUR,"Gallo, Luke",828057,Right,BOC_EAG,Undefined,4,Bottom,1,0,1,Slider,Curveball,BallCalled,Undefined,Undefined,Undefined,0,0,,80.24906,-0.210311,-1.867716,2360.246811,63.559554,8:00,6.34366,1.54027,5.68976,-49.21416,-5.14973,-13.25942,2.04637,-1.30599,73.53257,-9.188431,-4.241228,0.477766,,,,,,,,,,,,6.14902,-2.0826,-1.37496,50,6.29553,4.31885,-116.47049,-2.09665,8.36363,23.87909,-35.0067,BOC_EAG,MIA_HUR,TruistField,D1,ACC,20260521-TruistField-2,1a41e2f0-5556-11f1-b22b-2feaa7944c68,78.89305,,,6.71648,,,,,,,ca2eee80-f2ce-4c98-97a8-1c82669d3b1d,2026-05-21,20:46:11.52,2026-05-21T16:46:11.5203072-04:00,2026-05-21T20:46:11.5203072Z,,v3,227,236,,"Alvarez, Alonzo",828345,Right,MIA_HUR,ba3b6c28-9062-4cba-a5f3-7ab41e3bac57,54.80898,-117.4523,11.93955,6.35214,-0.65731,-17.50335,-1.54547,3.97497,4.18181,,,,,,,,,,,,,,,,,,,,,,,,,,,,,,,,,,,,,,,,,,,,,,,,,,,High,High,High,,,,,,,,,,,,,,,,,,,,,,,,,,,,,,,,,,,,,,,
120,2026-05-21,16:46:28.92,2,3,"Collera, Lazaro",813945,Right,MIA_HUR,"Gallo, Luke",828057,Right,BOC_EAG,Undefined,4,Bottom,1,1,1,Fastball,Four-Seam,BallCalled,Undefined,Undefined,Undefined,0,0,,92.94298,-1.024252,-2.611773,2223.743945,216.220096,1:15,6.38451,1.51481,5.85876,-13.21485,19.33824,13.36918,4.3306,0.20078,84.38598,-3.57957,-0.216768,0.410646,,,,,,,,,,,,-7.52863,10.46453,-1.31034,50,6.29355,5.54064,-134.80927,-2.76699,-13.79544,30.47482,-12.99878,BOC_EAG,MIA_HUR,TruistField,D1,ACC,20260521-TruistField-2,249f15b0-5556-11f1-b22b-2feaa7944c68,91.78815,,,8.557,,,,,,,ca2eee80-f2ce-4c98-97a8-1c82669d3b1d,2026-05-21,20:46:28.92,2026-05-21T16:46:28.9290752-04:00,2026-05-21T20:46:28.9290752Z,,v3,227,236,,"Alvarez, Alonzo",828345,Right,MIA_HUR,ad0084da-98a7-468e-b056-54cbbcfe96f9,54.63687,-135.85343,15.23741,6.38072,-2.32161,-6.49939,-1.50828,6.01331,-6.89772,,,,,,,,,,,,,,,,,,,,,,,,,,,,,,,,,,,,,,,,,,,,,,,,,,,High,High,High,,,,,,,,,,,,,,,,,,,,,,,,,,,,,,,,,,,,,,,
121,2026-05-21,16:46:50.33,2,4,"Collera, Lazaro",813945,Right,MIA_HUR,"Gallo, Luke",828057,Right,BOC_EAG,Undefined,4,Bottom,1,2,1,Fastball,Four-Seam,BallCalled,Undefined,Undefined,Undefined,0,0,,92.86938,-2.402429,-3.987056,2200.399999,216.173278,1:15,6.36186,1.58023,5.56666,-14.32556,18.58745,12.81477,2.9171,-1.08236,84.83248,-5.126088,-1.708717,0.41291,,,,,,,,,,,,-7.53827,10.35725,-1.2445,50,6.14491,8.77887,-134.45459,-6.09332,-13.82725,28.60329,-13.17607,BOC_EAG,MIA_HUR,TruistField,D1,ACC,20260521-TruistField-2,31607730-5556-11f1-b22b-2feaa7944c68,91.2849,,,8.03691,,,,,,,ca2eee80-f2ce-4c98-97a8-1c82669d3b1d,2026-05-21,20:46:50.33,2026-05-21T16:46:50.3363072-04:00,2026-05-21T20:46:50.3363072Z,,v3,227,236,,"Alvarez, Alonzo",828345,Right,MIA_HUR,cd274ff1-18ba-4211-add0-dc38c035fc8a,54.9304,-135.4994,14.30164,6.35869,-5.61203,-6.58803,-1.5744,9.28394,-6.91363,,,,,,,,,,,,,,,,,,,,,,,,,,,,,,,,,,,,,,,,,,,,,,,,,,,High,High,High,,,,,,,,,,,,,,,,,,,,,,,,,,,,,,,,,,,,,,,
122,2026-05-21,16:47:09.13,2,5,"Collera, Lazaro",813945,Right,MIA_HUR,"Gallo, Luke",828057,Right,BOC_EAG,Undefined,4,Bottom,1,3,1,Fastball,Four-Seam,StrikeSwinging,Undefined,Undefined,Undefined,0,0,,93.11707,-2.521801,-2.282869,2140.289183,217.945872,1:15,6.3384,1.65934,5.7999,-14.76056,17.53139,12.88288,2.75953,0.60857,85.33625,-5.324613,0.02392,0.408995,,,,,,,,,,,,-7.14835,9.91209,-1.47932,50,6.12212,4.80413,-135.0925,-6.39971,-13.25901,28.41032,-13.78876,BOC_EAG,MIA_HUR,TruistField,D1,ACC,20260521-TruistField-2,3cbcca70-5556-11f1-b22b-2feaa7944c68,92.15857,,,7.78081,,,,,,,ca2eee80-f2ce-4c98-97a8-1c82669d3b1d,2026-05-21,20:47:09.13,2026-05-21T16:47:09.1330048-04:00,2026-05-21T20:47:09.1330048Z,,v3,227,236,,"Alvarez, Alonzo",828345,Right,MIA_HUR,0abefb7b-e814-4223-b66d-01a00aebc786,54.69731,-136.07677,14.20516,6.33556,-5.922,-6.89438,-1.65372,5.26348,-6.6295,,,,,,,,,,,,,,,,,,,,,,,,,,,,,,,,,,,,,,,,,,,,,,,,,,,High,High,High,,,,,,,,,,,,,,,,,,,,,,,,,,,,,,,,,,,,,,,
123,2026-05-21,16:47:27.88,2,6,"Collera, Lazaro",813945,Right,MIA_HUR,"Gallo, Luke",828057,Right,BOC_EAG,Undefined,4,Bottom,1,3,2,Fastball,Four-Seam,BallCalled,Walk,Undefined,Undefined,0,0,,93.40958,-4.356718,-2.72492,2168.076556,219.491564,1:15,6.33242,1.53004,5.7698,-14.36721,17.79469,13.84619,1.06839,0.14618,85.97797,-7.067598,-0.247769,0.408171,,,,,,,,,,,,-7.77355,10.51229,-1.31317,50,5.96257,5.82442,-135.27517,-10.76017,-14.50345,27.60951,-12.56086,BOC_EAG,MIA_HUR,TruistField,D1,ACC,20260521-TruistField-2,47b097e0-5556-11f1-b22b-2feaa7944c68,92.34467,,,7.43162,,,,,,,ca2eee80-f2ce-4c98-97a8-1c82669d3b1d,2026-05-21,20:47:27.88,2026-05-21T16:47:27.8848000-04:00,2026-05-21T20:47:27.8848000Z,,v3,227,236,,"Alvarez, Alonzo",828345,Right,MIA_HUR,c7f220f6-6801-4624-be49-f15039e7b25c,54.72905,-136.23694,13.80475,6.32977,-10.32261,-6.28043,-1.52486,6.32965,-7.25173,,,,,,,,,,,,,,,,,,,,,,,,,,,,,,,,,,,,,,,,,,,,,,,,,,,High,High,High,,,,,,,,,,,,,,,,,,,,,,,,,,,,,,,,,,,,,,,
124,2026-05-21,16:48:00.72,3,1,"Collera, Lazaro",813945,Right,MIA_HUR,"Johnson, Gunnar",1000100233,Right,BOC_EAG,Undefined,4,Bottom,1,0,0,Slider,Curveball,BallCalled,Undefined,Undefined,Undefined,0,0,,80.80031,-0.609208,-2.010003,2353.924866,66.012468,8:15,6.2604,1.71169,5.6109,-48.7929,-5.36918,-15.11855,1.62534,-1.42503,74.43338,-9.472087,-4.712234,0.47428,,,,,,,,,,,,7.07481,-2.11874,-1.53005,50,6.17693,4.7132,-117.30454,-2.92886,9.80316,23.34062,-35.10986,BOC_EAG,MIA_HUR,TruistField,D1,ACC,20260521-TruistField-2,5bd09220-5556-11f1-b22b-2feaa7944c68,79.47295,,,6.36693,,,,,,,ca2eee80-f2ce-4c98-97a8-1c82669d3b1d,2026-05-21,20:48:00.72,2026-05-21T16:48:00.7279104-04:00,2026-05-21T20:48:00.7279104Z,,v3,227,236,,"Alvarez, Alonzo",828345,Right,MIA_HUR,efe7c2ad-92ed-4b83-959c-16d549993b81,54.889,-118.27332,11.67031,6.26825,-1.47158,-17.55493,-1.71723,4.30631,4.90158,,,,,,,,,,,,,,,,,,,,,,,,,,,,,,,,,,,,,,,,,,,,,,,,,,,High,High,High,,,,,,,,,,,,,,,,,,,,,,,,,,,,,,,,,,,,,,,
125,2026-05-21,16:48:21.49,3,2,"Collera, Lazaro",813945,Right,MIA_HUR,"Johnson, Gunnar",1000100233,Right,BOC_EAG,Undefined,4,Bottom,1,1,0,Fastball,Four-Seam,StrikeCalled,Undefined,Undefined,Undefined,0,0,,93.81405,-2.988566,-3.130264,2210.262187,213.354103,1:00,6.32406,1.53877,5.8154,-13.06005,18.94395,11.77473,2.45028,-0.39342,85.55449,-5.495227,-1.023966,0.407168,,,,,,,,,,,,-6.86197,10.80804,-1.28919,50,6.07109,6.89718,-135.8964,-7.47368,-12.81958,30.05563,-11.98237,BOC_EAG,MIA_HUR,TruistField,D1,ACC,20260521-TruistField-2,67af5bd0-5556-11f1-b22b-2feaa7944c68,92.57219,,,8.25956,,,,,,,ca2eee80-f2ce-4c98-97a8-1c82669d3b1d,2026-05-21,20:48:21.49,2026-05-21T16:48:21.4913536-04:00,2026-05-21T20:48:21.4913536Z,,v3,227,236,,"Alvarez, Alonzo",828345,Right,MIA_HUR,6481732e-7015-438f-9d67-9c5ca2209ab1,54.68136,-136.92784,15.02782,6.32051,-7.06248,-5.99118,-1.53344,7.33712,-6.40979,,,,,,,,,,,,,,,,,,,,,,,,,,,,,,,,,,,,,,,,,,,,,,,,,,,High,High,High,,,,,,,,,,,,,,,,,,,,,,,,,,,,,,,,,,,,,,,
126,2026-05-21,16:48:40.66,3,3,"Collera, Lazaro",813945,Right,MIA_HUR,"Johnson, Gunnar",1000100233,Right,BOC_EAG,Undefined,4,Bottom,1,1,1,Fastball,Four-Seam,StrikeSwinging,Undefined,Undefined,Undefined,1,0,,94.75017,-3.742158,-3.858531,2195.60949,215.294685,1:15,6.33339,1.49324,6.03272,-13.15481,17.92906,11.98823,1.75908,-1.08617,86.77656,-6.259477,-1.707783,0.401272,,,,,,,,,,,,-7.19807,10.53473,-1.19792,50,6.03293,8.72199,-137.15296,-9.36166,-13.75117,29.49999,-12.04852,BOC_EAG,MIA_HUR,TruistField,D1,ACC,20260521-TruistField-2,73d84de0-5556-11f1-b22b-2feaa7944c68,93.93236,,,7.9736,,,,,,,ca2eee80-f2ce-4c98-97a8-1c82669d3b1d,2026-05-21,20:48:40.66,2026-05-21T16:48:40.6670000-04:00,2026-05-21T20:48:40.6670000Z,,v3,227,236,,"Alvarez, Alonzo",828345,Right,MIA_HUR,84f00b2a-9433-4f1f-b789-365747c7d92e,54.46513,-138.11002,14.74999,6.33031,-8.97077,-6.02426,-1.48812,9.16811,-6.87559,,,,,,,,,,,,,,,,,,,,,,,,,,,,,77.59007,1.987339,0.692173,1.295166,-1.47465,1.43761,1.16942,-1.45738,5.25782,3.017,127.27732,3.70882,1.69277,-1.33618,111.06948,-9.16937,5.29944,15.83713,-13.20808,2.93371,-6.43225,4.28342,High,High,High,,,High,Medium,Medium,,,,,,,,,,,,,,,,,,,,,,,,,,,,,,,,,,
127,2026-05-21,16:49:13.36,3,4,"Collera, Lazaro",813945,Right,MIA_HUR,"Johnson, Gunnar",1000100233,Right,BOC_EAG,Undefined,4,Bottom,2,1,2,Fastball,Four-Seam,InPlay,Undefined,GroundBall,Out,1,0,,94.69002,-3.366852,-2.35002,2206.190285,220.405191,1:15,6.33382,1.6015,5.93128,-15.30556,15.89863,12.67737,1.92844,0.47643,86.63078,-6.265958,-0.07406,0.402048,94.41716,-3.149416,-11.004391,,,,,26.38699,26.38699,-13.180643,0.186516,-7.19512,9.41193,-1.42114,50,6.05589,5.07963,-137.28559,-8.56107,-13.73093,30.41013,-14.21262,BOC_EAG,MIA_HUR,TruistField,D1,ACC,20260521-TruistField-2,869a3ec0-5556-11f1-b22b-2feaa7944c68,93.75108,1.91543,,8.05924,,,,0.91165,1.91543,-0.6152,ca2eee80-f2ce-4c98-97a8-1c82669d3b1d,2026-05-21,20:49:13.36,2026-05-21T16:49:13.3667328-04:00,2026-05-21T20:49:13.3667328Z,GroundBall,v3,227,236,,"Alvarez, Alonzo",828345,Right,MIA_HUR,9b0938d8-798a-4c7c-af92-ef8152f0a7f0,54.56752,-138.29364,15.20507,6.33187,-8.08995,-7.10631,-1.59706,5.53479,-6.86547,92.590952,0.91186,135.71234,-15.31503,,,,,,,1.91566,-7.62401,-14.2031,,,,,,,-0.61442,-26.4491,-13.50972,,,,,,,,,,,,,,,,,,,,,,,,,,,,,High,High,High,High,High,,,,,,,,,,,,,,,,,,,,,,,,,,,,,,,,,,,,,
128,2026-05-21,16:51:44.50,1,1,"Colarusso, AJ",1000090794,Left,BOC_EAG,"Dubovik, Dylan",828130,Right,MIA_HUR,Undefined,5,Top,0,0,0,Cutter,Slider,BallCalled,Undefined,Undefined,Undefined,0,0,,84.64012,-3.93734,1.968008,2448.242058,214.530261,1:15,5.61872,-1.4909,5.43703,-32.49222,6.89863,3.99087,-0.78389,0.68525,79.0015,-9.806436,2.679299,0.45172,,,,,,,,,,,,-1.57177,4.72929,1.31376,50,5.24683,-4.37512,-122.74272,-9.58942,-2.42536,21.68322,-24.87642,BOC_EAG,MIA_HUR,TruistField,D1,ACC,20260521-TruistField-2,e0aeb350-5556-11f1-b22b-2feaa7944c68,83.4421,,,5.63862,,,,,,,ca2eee80-f2ce-4c98-97a8-1c82669d3b1d,2026-05-21,20:51:44.50,2026-05-21T16:51:44.5085696-04:00,2026-05-21T20:51:44.5085696Z,,v3,227,236,,"Johnson, Gunnar",1000100233,Right,BOC_EAG,fdd71105-5598-4616-88fe-99d71309a600,55.06435,-123.63413,10.84161,5.62003,-8.56674,-12.43821,1.49157,-4.27542,-1.21268,,,,,,,,,,,,,,,,,,,,,,,,,,,,,,,,,,,,,,,,,,,,,,,,,,,High,High,High,,,,,,,,,,,,,,,,,,,,,,,,,,,,,,,,,,,,,,,
129,2026-05-21,16:51:57.01,1,2,"Colarusso, AJ",1000090794,Left,BOC_EAG,"Dubovik, Dylan",828130,Right,MIA_HUR,Undefined,5,Top,0,1,0,Cutter,Slider,StrikeSwinging,Undefined,Undefined,Undefined,0,0,,85.05905,-1.984345,1.759889,2377.732562,220.341604,1:15,5.60564,-1.40242,5.35397,-31.3675,7.93119,5.72658,1.12904,0.72582,78.46814,-7.709044,2.777894,0.451191,,,,,,,,,,,,-2.42662,4.86382,1.23984,50,5.40469,-4.03239,-123.42907,-5.39335,-3.75746,23.70874,-24.64278,BOC_EAG,MIA_HUR,TruistField,D1,ACC,20260521-TruistField-2,e82bd090-5556-11f1-b22b-2feaa7944c68,83.5399,,,6.59092,,,,,,,ca2eee80-f2ce-4c98-97a8-1c82669d3b1d,2026-05-21,20:51:57.01,2026-05-21T16:51:57.0180608-04:00,2026-05-21T20:51:57.0180608Z,,v3,227,236,,"Johnson, Gunnar",1000100233,Right,BOC_EAG,333a73c0-75de-4c30-9c0a-46916429062a,55.14469,-124.41335,11.85437,5.60737,-4.37029,-12.32139,1.40401,-3.87639,-1.87873,,,,,,,,,,,,,,,,,,,,,,,,,,,,,,,,,,,,,,,,,,,,,,,,,,,High,High,High,,,,,,,,,,,,,,,,,,,,,,,,,,,,,,,,,,,,,,,
130,2026-05-21,16:52:13.45,1,3,"Colarusso, AJ",1000090794,Left,BOC_EAG,"Dubovik, Dylan",828130,Right,MIA_HUR,Undefined,5,Top,0,1,1,Fastball,Four-Seam,InPlay,Undefined,FlyBall,Out,1,0,,89.76163,-1.637397,1.25125,2050.742817,156.773337,11:15,5.87483,-0.93334,5.40331,-14.00595,21.31698,-8.66182,3.17266,-0.48256,81.9488,-4.312922,-0.288856,0.42776,95.82477,31.137636,11.255814,4184.188389,106.39644,65.01388,27.92448,362.96035,344.17133,20.504745,5.399821,4.73311,11.54449,0.8283,50,5.71971,-2.46067,-130.25868,-4.14213,8.13076,27.40174,-12.34245,BOC_EAG,MIA_HUR,TruistField,D1,ACC,20260521-TruistField-2,f1f28fb0-5556-11f1-b22b-2feaa7944c68,88.11593,91.95468,,7.81282,,,,1.10391,3.34268,0.48841,ca2eee80-f2ce-4c98-97a8-1c82669d3b1d,2026-05-21,20:52:13.45,2026-05-21T16:52:13.4546432-04:00,2026-05-21T20:52:13.4546432Z,FlyBall,v3,227,236,,"Johnson, Gunnar",1000100233,Right,BOC_EAG,087640bf-48de-4a67-ad38-34d8b111058a,55.09474,-131.32606,13.70087,5.87169,-3.66136,-6.17122,0.93032,-2.77738,4.06538,203.677787,1.10854,117.88642,-26.46312,6.32297,-1.00453,0.0573,0.01186,-0.00232,0.00012,3.3385,72.74823,-15.50247,-0.11662,0.25807,-0.08367,0.02079,-0.00292,0.00016,0.48789,23.49288,2.22248,-1.30707,0.38036,-0.06958,0.00753,-0.00042,1E-05,,,,,,,,,,,,,,,,,,,,,,,High,High,High,High,Medium,,,,,,,,,,,,,,,,,,,,,,,,,,,,,,,,,,,,,
131,2026-05-21,16:52:47.94,2,1,"Colarusso, AJ",1000090794,Left,BOC_EAG,"Milano, Gabriel",813298,Left,MIA_HUR,Undefined,5,Top,1,0,0,Fastball,Sinker,InPlay,Undefined,GroundBall,Single,0,0,,89.3786,-2.054885,2.576395,2013.615802,141.462397,10:45,5.83573,-1.39987,5.78966,-17.97973,17.05214,-12.71658,2.42311,-0.06128,81.99726,-5.444725,0.30044,0.425993,87.84562,-16.738375,32.759845,,,,,10.41253,4.01709,26.168468,0.067956,7.2641,9.61607,1.19575,50,5.65573,-5.31271,-129.72865,-5.2192,12.4201,26.30011,-15.7326,BOC_EAG,MIA_HUR,TruistField,D1,ACC,20260521-TruistField-2,06839b40-5557-11f1-b22b-2feaa7944c68,88.48126,2.52712,,7.38135,,,,2.2789,2.52712,0.0451,ca2eee80-f2ce-4c98-97a8-1c82669d3b1d,2026-05-21,20:52:47.94,2026-05-21T16:52:47.9439360-04:00,2026-05-21T20:52:47.9439360Z,GroundBall,v3,227,236,,"Johnson, Gunnar",1000100233,Right,BOC_EAG,dd30deca-ffe9-4695-9862-29945d40abc6,54.71017,-130.68006,13.15006,5.83424,-4.65007,-7.8663,1.39606,-5.762,6.21005,,2.2764,103.98492,,,,,,,,2.52801,-37.18776,,,,,,,,0.04349,66.91062,,,,,,,,,,,,,,,,,,,,,,,,,,,,,,High,High,High,Low,Low,,,,,,,,,,,,,,,,,,,,,,,,,,,,,,,,,,,,,
132,2026-05-21,16:53:21.79,3,1,"Colarusso, AJ",1000090794,Left,BOC_EAG,"Sheahan, Vance",804451,Right,MIA_HUR,Undefined,5,Top,1,0,0,Fastball,Four-Seam,StrikeCalled,Undefined,Undefined,Undefined,0,0,,89.28872,-2.970622,0.909079,2064.636287,154.235325,11:15,5.89191,-0.97964,5.5394,-12.92839,22.8686,-10.44162,2.03532,-1.00006,81.09892,-5.467744,-0.952494,0.430621,,,,,,,,,,,,5.51087,12.76264,0.90781,50,5.62588,-1.58251,-129.37516,-7.0495,9.28353,28.52289,-10.67421,BOC_EAG,MIA_HUR,TruistField,D1,ACC,20260521-TruistField-2,1aa9fe20-5557-11f1-b22b-2feaa7944c68,87.53051,,,8.18979,,,,,,,ca2eee80-f2ce-4c98-97a8-1c82669d3b1d,2026-05-21,20:53:21.79,2026-05-21T16:53:21.7972736-04:00,2026-05-21T20:53:21.7972736Z,,v3,227,236,,"Johnson, Gunnar",1000100233,Right,BOC_EAG,da50fbb2-cfd6-45c5-af9f-4e4fb0b142af,54.95589,-130.46319,14.26145,5.88703,-6.64232,-5.33711,0.97493,-1.93664,4.64177,,,,,,,,,,,,,,,,,,,,,,,,,,,,,,,,,,,,,,,,,,,,,,,,,,,High,High,High,,,,,,,,,,,,,,,,,,,,,,,,,,,,,,,,,,,,,,,
133,,,3,2,"Colarusso, AJ",1000090794,Left,BOC_EAG,"Sheahan, Vance",804451,Right,MIA_HUR,Undefined,5,Top,1,0,1,Cutter,,HitByPitch,Undefined,Undefined,Undefined,0,0,,,,,,,,,,,,,,,,,,,,,,,,,,,,,,,,,,,,,,,,,,BOC_EAG,MIA_HUR,TruistField,D1,ACC,20260521-TruistField-2,26ca64b0-5557-11f1-b22b-2feaa7944c68,,,,,,,,,,,ca2eee80-f2ce-4c98-97a8-1c82669d3b1d,,,,,,v3,227,236,,"Johnson, Gunnar",1000100233,Right,BOC_EAG,1cb987b2-3579-40f2-88ad-837daebe7144,,,,,,,,,,,,,,,,,,,,,,,,,,,,,,,,,,,,,,,,,,,,,,,,,,,,,,,,,,,,,,,,,,,,,,,,,,,,,,,,,,,,,,,,,,,,,,,,,,,,,
134,2026-05-21,16:55:05.50,4,1,"Colarusso, AJ",1000090794,Left,BOC_EAG,"Peralta, Fabio",806678,Left,MIA_HUR,Undefined,5,Top,1,0,0,Fastball,Four-Seam,BallCalled,Undefined,Undefined,Undefined,0,0,,90.0676,-3.046146,2.73631,2166.511735,160.474556,11:15,5.79793,-1.13555,5.6227,-14.57646,20.34222,-6.8104,1.73474,0.85228,82.32038,-5.821283,1.522064,0.425305,,,,,,,,,,,,4.19855,11.48477,0.9066,50,5.5286,-5.93373,-130.47336,-7.37204,7.24133,27.31088,-12.36596,BOC_EAG,MIA_HUR,TruistField,D1,ACC,20260521-TruistField-2,590bb050-5557-11f1-b22b-2feaa7944c68,88.62452,,,7.74723,,,,,,,ca2eee80-f2ce-4c98-97a8-1c82669d3b1d,2026-05-21,20:55:05.50,2026-05-21T16:55:05.5087104-04:00,2026-05-21T20:55:05.5087104Z,,v3,227,236,,"Johnson, Gunnar",1000100233,Right,BOC_EAG,96e3eb84-07a5-4d53-9505-5708793bb8c8,54.87377,-131.48959,13.65544,5.79435,-6.91191,-6.18298,1.1324,-6.20318,3.62066,,,,,,,,,,,,,,,,,,,,,,,,,,,,,,,,,,,,,,,,,,,,,,,,,,,High,High,High,,,,,,,,,,,,,,,,,,,,,,,,,,,,,,,,,,,,,,,
135,2026-05-21,16:55:21.51,4,2,"Colarusso, AJ",1000090794,Left,BOC_EAG,"Peralta, Fabio",806678,Left,MIA_HUR,Undefined,5,Top,1,1,0,Fastball,Four-Seam,StrikeCalled,Undefined,Undefined,Undefined,0,0,,89.32082,-3.265894,2.507359,2134.475962,158.434035,11:15,5.87026,-1.05118,5.58469,-15.22517,20.22769,-7.55024,1.54549,0.66256,81.90944,-6.148558,1.161579,0.428546,,,,,,,,,,,,4.49016,11.45477,0.84073,50,5.57947,-5.33654,-129.42733,-7.84384,7.64387,26.1036,-12.67394,BOC_EAG,MIA_HUR,TruistField,D1,ACC,20260521-TruistField-2,6230d840-5557-11f1-b22b-2feaa7944c68,87.95432,,,7.41138,,,,,,,ca2eee80-f2ce-4c98-97a8-1c82669d3b1d,2026-05-21,20:55:21.51,2026-05-21T16:55:21.5192064-04:00,2026-05-21T20:55:21.5192064Z,,v3,227,236,,"Johnson, Gunnar",1000100233,Right,BOC_EAG,b50596d1-a1aa-4d04-937a-f9684f3f5ddc,54.91248,-130.41434,13.0518,5.86699,-7.36463,-6.33697,1.04797,-5.62556,3.82194,,,,,,,,,,,,,,,,,,,,,,,,,,,,,,,,,,,,,,,,,,,,,,,,,,,High,High,High,,,,,,,,,,,,,,,,,,,,,,,,,,,,,,,,,,,,,,,
136,2026-05-21,16:55:41.49,4,3,"Colarusso, AJ",1000090794,Left,BOC_EAG,"Peralta, Fabio",806678,Left,MIA_HUR,Undefined,5,Top,1,1,1,Fastball,Four-Seam,FoulBallNotFieldable,Undefined,Undefined,Undefined,0,0,,88.58676,-1.8522,2.432803,2145.951261,158.309735,11:15,5.85107,-0.94346,5.71102,-19.53485,16.20036,-6.00859,2.49546,0.82364,81.3699,-5.514045,1.359087,0.430249,83.33884,2.711379,-55.238257,4801.021501,,,,86.87449,86.26322,-58.907825,0.787663,3.70827,9.07339,0.74358,50,5.68386,-5.20763,-128.56282,-4.78209,6.23625,25.45328,-16.91517,BOC_EAG,MIA_HUR,TruistField,D1,ACC,20260521-TruistField-2,6decb0a0-5557-11f1-b22b-2feaa7944c68,87.60616,3.30425,,7.21686,,,,-0.15991,2.57251,-0.80373,ca2eee80-f2ce-4c98-97a8-1c82669d3b1d,2026-05-21,20:55:41.49,2026-05-21T16:55:41.4964736-04:00,2026-05-21T20:55:41.4964736Z,GroundBall,v3,227,236,,"Johnson, Gunnar",1000100233,Right,BOC_EAG,bf7d5c3c-009b-4516-a29f-5b5c3d1c5cc4,54.78686,-129.50707,12.72664,5.84963,-4.15458,-8.45758,0.94106,-5.43898,3.11813,,-0.15991,69.61339,-18.7093,4.33456,-0.95983,0.18678,-0.02766,-0.00104,0.0016,2.57251,5.782,-11.33663,-0.34379,0.23445,-0.05848,0.00722,0.00397,-0.00178,-0.80373,-100.30326,9.57851,-1.12336,0.03552,0.03263,-0.00991,-0.0001,0.00062,,,,,,,,,,,,,,,,,,,,,,,High,High,High,Medium,High,,,,,,,,,,,,,,,,,,,,,,,,,,,,,,,,,,,,,
137,2026-05-21,16:56:05.81,4,4,"Colarusso, AJ",1000090794,Left,BOC_EAG,"Peralta, Fabio",806678,Left,MIA_HUR,Undefined,5,Top,1,1,2,Cutter,Cutter,BallCalled,Undefined,Undefined,Undefined,0,0,,86.19831,-2.822542,3.442678,2371.321233,211.868468,1:00,5.64567,-1.38585,5.44427,-29.45832,8.66697,4.70138,0.54121,2.23311,79.91967,-8.182877,4.277644,0.444404,,,,,,,,,,,,-1.50224,5.43429,1.07802,50,5.37537,-7.71211,-124.90023,-7.21356,-2.39306,23.16755,-23.51716,BOC_EAG,MIA_HUR,TruistField,D1,ACC,20260521-TruistField-2,7c9ff710-5557-11f1-b22b-2feaa7944c68,84.81571,,,6.27863,,,,,,,ca2eee80-f2ce-4c98-97a8-1c82669d3b1d,2026-05-21,20:56:05.81,2026-05-21T16:56:05.8190336-04:00,2026-05-21T20:56:05.8190336Z,,v3,227,236,,"Johnson, Gunnar",1000100233,Right,BOC_EAG,b1126cc1-99c8-486e-9d10-53799f00294a,55.05413,-125.83422,11.58377,5.64707,-6.26548,-11.75858,1.38699,-7.61564,-1.19653,,,,,,,,,,,,,,,,,,,,,,,,,,,,,,,,,,,,,,,,,,,,,,,,,,,High,High,High,,,,,,,,,,,,,,,,,,,,,,,,,,,,,,,,,,,,,,,
138,2026-05-21,16:56:28.09,4,5,"Colarusso, AJ",1000090794,Left,BOC_EAG,"Peralta, Fabio",806678,Left,MIA_HUR,Undefined,5,Top,1,2,2,Cutter,Slider,FoulBallNotFieldable,Undefined,Undefined,Undefined,0,0,,84.33316,-1.79142,1.80278,2396.295019,213.198714,1:00,5.65819,-1.42836,5.31964,-31.32305,8.42351,4.78075,1.36539,0.66241,78.29464,-7.495023,2.651989,0.453755,58.01773,24.711323,-128.747296,3769.812271,,,,97.91659,41.30001,-136.295049,1.578874,-1.97725,5.00048,1.26148,50,5.47316,-4.05222,-122.47525,-4.9426,-3.03656,21.67754,-24.4945,BOC_EAG,MIA_HUR,TruistField,D1,ACC,20260521-TruistField-2,8a357170-5557-11f1-b22b-2feaa7944c68,83.06786,13.47997,,6.03852,,,,2.11261,1.28224,-0.72111,ca2eee80-f2ce-4c98-97a8-1c82669d3b1d,2026-05-21,20:56:28.09,2026-05-21T16:56:28.0912384-04:00,2026-05-21T20:56:28.0912384Z,LineDrive,v3,227,236,,"Johnson, Gunnar",1000100233,Right,BOC_EAG,fcfd7694-4719-4601-aabb-acef6facc486,55.17997,-123.38867,10.83877,5.65968,-3.91048,-12.24725,1.42953,-3.92427,-1.51828,,2.11261,-48.38087,-0.34639,1.65578,-0.54221,0.24195,-0.13678,0.05279,-0.00881,1.28224,35.57282,-28.8014,4.57208,-0.84797,0.25793,-0.08863,0.02458,-0.00348,-0.72112,-60.28646,11.40976,0.14222,-0.37634,0.45452,-0.36054,0.1528,-0.02655,,,,,,,,,,,,,,,,,,,,,,,High,High,High,Low,Low,,,,,,,,,,,,,,,,,,,,,,,,,,,,,,,,,,,,,
139,2026-05-21,16:56:50.21,4,6,"Colarusso, AJ",1000090794,Left,BOC_EAG,"Peralta, Fabio",806678,Left,MIA_HUR,Undefined,5,Top,1,2,2,Fastball,Four-Seam,StrikeSwinging,Strikeout,Undefined,Undefined,0,0,,90.87511,-2.84676,1.415006,2148.310995,172.787197,11:45,5.72646,-1.0215,5.27542,-14.24615,20.74241,-2.46973,1.86252,0.10196,82.36537,-5.564175,0.976976,0.42573,,,,,,,,,,,,1.65878,11.58131,0.89419,50,5.45646,-3.13422,-131.57293,-6.97463,2.88408,30.04367,-12.03814,BOC_EAG,MIA_HUR,TruistField,D1,ACC,20260521-TruistField-2,96fb18b0-5557-11f1-b22b-2feaa7944c68,88.53601,,,8.50974,,,,,,,ca2eee80-f2ce-4c98-97a8-1c82669d3b1d,2026-05-21,20:56:50.21,2026-05-21T16:56:50.2106112-04:00,2026-05-21T20:56:50.2106112Z,,v3,227,236,,"Johnson, Gunnar",1000100233,Right,BOC_EAG,5f3c58ec-6833-4006-8891-f77e24aed3f0,55.21964,-132.75945,15.02184,5.72252,-6.49921,-6.01907,1.02022,-3.24812,1.44204,,,,,,,,,,,,,,,,,,,,,,,,,,,,,,,,,,,,,,,,,,,,,,,,,,,High,High,High,,,,,,,,,,,,,,,,,,,,,,,,,,,,,,,,,,,,,,,
140,2026-05-21,16:57:21.73,5,1,"Colarusso, AJ",1000090794,Left,BOC_EAG,"Ogden, Jake",804826,Right,MIA_HUR,Undefined,5,Top,2,0,0,Cutter,Slider,BallCalled,Undefined,Undefined,Undefined,1,0,,85.48489,-3.836302,2.719337,2356.900961,208.294561,1:00,5.53764,-1.40293,5.42319,-31.8623,7.37926,3.28591,-0.72023,1.41986,78.61069,-9.626178,3.304108,0.450863,,,,,,,,,,,,-0.90008,5.15292,1.15906,50,5.1742,-6.00916,-123.71976,-9.4213,-1.38899,25.68916,-24.22212,BOC_EAG,MIA_HUR,TruistField,D1,ACC,20260521-TruistField-2,a9b01140-5557-11f1-b22b-2feaa7944c68,83.60068,,,6.8742,,,,,,,ca2eee80-f2ce-4c98-97a8-1c82669d3b1d,2026-05-21,20:57:21.73,2026-05-21T16:57:21.7399296-04:00,2026-05-21T20:57:21.7399296Z,,v3,227,236,,"Johnson, Gunnar",1000100233,Right,BOC_EAG,40b0efee-9779-4c80-9397-ea9db46c5af0,55.07682,-124.76946,12.84458,5.53895,-8.43155,-12.11106,1.40345,-5.9524,-0.69449,,,,,,,,,,,,,,,,,,,,,,,,,,,,,,,,,,,,,,,,,,,,,,,,,,,High,High,High,,,,,,,,,,,,,,,,,,,,,,,,,,,,,,,,,,,,,,,
141,2026-05-21,16:59:53.47,1,1,"Collera, Lazaro",813945,Right,MIA_HUR,"Larson, Colin",831502,Left,BOC_EAG,Undefined,5,Bottom,0,0,0,Fastball,Four-Seam,BallCalled,Undefined,Undefined,Undefined,0,0,,91.50245,-2.620093,-3.960497,2197.611414,200.641,12:45,6.36955,1.62011,6.20805,-13.10658,20.02698,7.13969,2.85165,-1.44607,83.57418,-5.15568,-2.676479,0.414291,,,,,,,,,,,,-4.76422,11.38993,-1.32585,50,6.16545,8.87345,-132.54678,-6.39838,-8.47976,28.19997,-11.9013,BOC_EAG,MIA_HUR,TruistField,D1,ACC,20260521-TruistField-2,04232090-5558-11f1-b22b-2feaa7944c68,90.98061,,,7.92828,,,,,,,ca2eee80-f2ce-4c98-97a8-1c82669d3b1d,2026-05-21,20:59:53.47,2026-05-21T16:59:53.4735360-04:00,2026-05-21T20:59:53.4735360Z,,v3,227,236,,"Alvarez, Alonzo",828345,Right,MIA_HUR,14069803-e325-48d3-b8b6-7bd253206f6c,54.28788,-133.45593,14.09998,6.36554,-6.01469,-5.95065,-1.61633,9.14683,-4.23988,,,,,,,,,,,,,,,,,,,,,,,,,,,,,,,,,,,,,,,,,,,,,,,,,,,High,High,High,,,,,,,,,,,,,,,,,,,,,,,,,,,,,,,,,,,,,,,
142,2026-05-21,17:00:12.35,1,2,"Collera, Lazaro",813945,Right,MIA_HUR,"Larson, Colin",831502,Left,BOC_EAG,Undefined,5,Bottom,0,1,0,Fastball,Four-Seam,FoulBallNotFieldable,Undefined,Undefined,Undefined,0,0,,92.22179,-2.173887,-2.599252,2168.494912,223.055614,1:30,6.32328,1.67127,5.4588,-18.1321,15.49721,13.41631,2.7744,0.35466,83.84611,-5.580054,-0.212525,0.417379,53.89925,10.996755,-173.035107,3096.946691,,,,67.27923,67.27923,-173.213586,0.934359,-7.47528,8.76402,-1.45147,50,6.11938,5.43599,-133.60299,-5.68869,-13.44815,30.04132,-16.40737,BOC_EAG,MIA_HUR,TruistField,D1,ACC,20260521-TruistField-2,0f6caf20-5558-11f1-b22b-2feaa7944c68,90.30752,5.45038,,8.37568,,,,-1.328,2.58476,-0.50262,ca2eee80-f2ce-4c98-97a8-1c82669d3b1d,2026-05-21,21:00:12.35,2026-05-21T17:00:12.3514368-04:00,2026-05-21T21:00:12.3514368Z,GroundBall,v3,227,236,,"Alvarez, Alonzo",828345,Right,MIA_HUR,db9b5a71-92e5-4230-9803-1ef1f6561d1b,55.03713,-134.73085,15.02066,6.32139,-5.07269,-8.20368,-1.66504,5.94088,-6.72408,15.279644,-1.328,-77.02791,7.51222,-0.16603,0.09871,-0.0081,0.0002,-0.00152,0.00052,2.58476,15.07946,-20.4025,1.54974,-0.21311,0.05802,-0.01078,0.00382,-0.0012,-0.50262,-9.40993,1.69438,-0.19174,0.03423,-0.00714,0.00193,-0.00122,0.0004,,,,,,,,,,,,,,,,,,,,,,,High,High,High,High,Medium,,,,,,,,,,,,,,,,,,,,,,,,,,,,,,,,,,,,,
143,2026-05-21,17:00:37.89,1,3,"Collera, Lazaro",813945,Right,MIA_HUR,"Larson, Colin",831502,Left,BOC_EAG,Undefined,5,Bottom,0,1,1,ChangeUp,Changeup,BallCalled,Undefined,Undefined,Undefined,0,0,,85.5442,-0.504636,-1.30449,2143.464488,244.306047,2:15,6.23229,1.9154,6.00918,-29.89324,8.525,14.92312,3.27356,1.95029,77.48188,-6.096553,1.381698,0.446108,,,,,,,,,,,,-8.00981,4.95847,-1.8207,50,6.17664,2.21057,-124.13593,-2.04974,-12.34475,27.70179,-24.53201,BOC_EAG,MIA_HUR,TruistField,D1,ACC,20260521-TruistField-2,1ea970e0-5558-11f1-b22b-2feaa7944c68,84.49172,,,8.06232,,,,,,,ca2eee80-f2ce-4c98-97a8-1c82669d3b1d,2026-05-21,21:00:37.89,2026-05-21T17:00:37.8958848-04:00,2026-05-21T21:00:37.8958848Z,,v3,227,236,,"Alvarez, Alonzo",828345,Right,MIA_HUR,67d1f1df-df2a-4d1a-a455-4bd90b112449,54.48592,-125.13299,13.85089,6.23452,-1.16677,-12.26601,-1.90825,2.65489,-6.17238,,,,,,,,,,,,,,,,,,,,,,,,,,,,,,,,,,,,,,,,,,,,,,,,,,,High,High,High,,,,,,,,,,,,,,,,,,,,,,,,,,,,,,,,,,,,,,,
144,2026-05-21,17:00:58.09,1,4,"Collera, Lazaro",813945,Right,MIA_HUR,"Larson, Colin",831502,Left,BOC_EAG,Undefined,5,Bottom,0,2,1,Fastball,Four-Seam,FoulBallNotFieldable,Undefined,Undefined,Undefined,0,0,,92.79335,-2.238186,-3.155175,2238.285407,223.575668,1:30,6.38474,1.73207,5.54233,-17.5508,16.25942,14.17942,2.8262,-0.03801,82.70192,-5.587282,-0.630707,0.4185,76.60601,13.793687,-177.023103,1432.105975,,,,,44.23935,,,-8.24508,9.3678,-1.46809,50,6.17936,6.72249,-134.08999,-5.8097,-14.62796,35.89932,-15.55422,BOC_EAG,MIA_HUR,TruistField,D1,ACC,20260521-TruistField-2,2aaf4a90-5558-11f1-b22b-2feaa7944c68,90.06557,11.81135,,10.09142,,,,2.22291,2.95976,-0.12936,ca2eee80-f2ce-4c98-97a8-1c82669d3b1d,2026-05-21,21:00:58.09,2026-05-21T17:00:58.0910592-04:00,2026-05-21T21:00:58.0910592Z,,v3,227,236,,"Alvarez, Alonzo",828345,Right,MIA_HUR,001f32b1-c3fe-43c4-bdad-42c3a42aea60,54.9513,-135.40909,17.94966,6.38234,-5.23817,-7.77711,-1.72498,7.25999,-7.31398,253.683649,2.21404,-108.7051,13.74404,,,,,,,2.96307,26.69081,-15.67068,,,,,,,-0.11748,-6.02141,-9.39035,,,,,,,,,,,,,,,,,,,,,,,,,,,,,High,High,High,Medium,Undefined,,,,,,,,,,,,,,,,,,,,,,,,,,,,,,,,,,,,,
145,2026-05-21,17:01:22.23,1,5,"Collera, Lazaro",813945,Right,MIA_HUR,"Larson, Colin",831502,Left,BOC_EAG,Undefined,5,Bottom,0,2,2,Curveball,Curveball,BallCalled,Undefined,Undefined,Undefined,0,0,,80.43475,-1.761935,-2.941284,2266.078881,49.603476,7:45,6.28756,1.84078,5.62378,-52.70621,-8.33599,-11.5815,0.24855,-1.87139,73.67773,-11.298045,-5.012742,0.479421,,,,,,,,,,,,4.92677,-3.21969,-1.58239,50,6.10349,6.4395,-116.52499,-5.39622,6.65802,25.39068,-36.52512,BOC_EAG,MIA_HUR,TruistField,D1,ACC,20260521-TruistField-2,390ca8d0-5558-11f1-b22b-2feaa7944c68,78.62072,,,6.75702,,,,,,,ca2eee80-f2ce-4c98-97a8-1c82669d3b1d,2026-05-21,21:01:22.23,2026-05-21T17:01:22.2329344-04:00,2026-05-21T21:01:22.2329344Z,,v3,227,236,,"Alvarez, Alonzo",828345,Right,MIA_HUR,a58e6986-96c4-4d1e-b74e-a8c1d063ef82,54.8754,-117.58253,12.69534,6.29657,-3.87492,-18.26256,-1.84483,6.16219,3.32901,,,,,,,,,,,,,,,,,,,,,,,,,,,,,,,,,,,,,,,,,,,,,,,,,,,High,High,High,,,,,,,,,,,,,,,,,,,,,,,,,,,,,,,,,,,,,,,
146,2026-05-21,17:01:46.05,1,6,"Collera, Lazaro",813945,Right,MIA_HUR,"Larson, Colin",831502,Left,BOC_EAG,Undefined,5,Bottom,0,3,2,Fastball,Four-Seam,StrikeCalled,Strikeout,Undefined,Undefined,0,0,,93.3574,-3.685402,-2.186111,2323.402337,215.944837,1:15,6.35566,1.69442,5.87835,-12.47072,19.61757,13.48835,1.88658,0.78722,85.60157,-6.07568,0.232654,0.407704,,,,,,,,,,,,-7.45847,11.3193,-1.52545,50,6.05009,4.56454,-135.32776,-9.06349,-13.88285,28.50193,-11.10484,BOC_EAG,MIA_HUR,TruistField,D1,ACC,20260521-TruistField-2,476b3f90-5558-11f1-b22b-2feaa7944c68,92.45058,,,7.75583,,,,,,,ca2eee80-f2ce-4c98-97a8-1c82669d3b1d,2026-05-21,21:01:46.05,2026-05-21T17:01:46.0580000-04:00,2026-05-21T21:01:46.0580000Z,,v3,227,236,,"Alvarez, Alonzo",828345,Right,MIA_HUR,e09a081c-2261-4853-a9a0-e07d1515e138,54.61928,-136.29717,14.25097,6.35194,-8.68579,-5.55242,-1.68873,5.03673,-6.94142,,,,,,,,,,,,,,,,,,,,,,,,,,,,,52.21374,3.02677,1.542298,1.484473,-1.85365,1.53332,-0.80474,-4.19346,5.32713,2.53598,78.71692,15.96713,-46.05783,-4.08332,59.45016,-2.45442,5.46581,29.31903,-14.95451,2.43917,-35.58482,1.9465,High,High,High,,,High,Medium,High,,,,,,,,,,,,,,,,,,,,,,,,,,,,,,,,,,
147,2026-05-21,17:02:20.20,2,1,"Collera, Lazaro",813945,Right,MIA_HUR,"Hendrickson, Carter",830138,Right,BOC_EAG,Undefined,5,Bottom,1,0,0,Curveball,Curveball,StrikeCalled,Undefined,Undefined,Undefined,0,0,,80.08751,0.254514,-0.447509,2280.193943,52.676647,7:45,6.26952,1.73461,5.43536,-54.59149,-9.96245,-14.9904,1.95858,0.06634,73.37088,-9.647686,-3.123143,0.480817,,,,,,,,,,,,7.41567,-4.66103,-1.68434,50,6.25422,1.50958,-116.28332,-1.41617,10.04844,23.91589,-38.48987,BOC_EAG,MIA_HUR,TruistField,D1,ACC,20260521-TruistField-2,5c5f0490-5558-11f1-b22b-2feaa7944c68,78.39242,,,6.71664,,,,,,,ca2eee80-f2ce-4c98-97a8-1c82669d3b1d,2026-05-21,21:02:20.20,2026-05-21T17:02:20.2066432-04:00,2026-05-21T21:02:20.2066432Z,,v3,227,236,,"Alvarez, Alonzo",828345,Right,MIA_HUR,9aee5343-7632-4324-837b-c93baf3a9730,55.06522,-117.32046,11.95794,6.27944,0.25298,-19.24494,-1.74036,1.07382,5.02422,,,,,,,,,,,,,,,,,,,,,,,,,,,,,,,,,,,,,,,,,,,,,,,,,,,High,High,High,,,,,,,,,,,,,,,,,,,,,,,,,,,,,,,,,,,,,,,
148,2026-05-21,17:02:39.58,2,2,"Collera, Lazaro",813945,Right,MIA_HUR,"Hendrickson, Carter",830138,Right,BOC_EAG,Undefined,5,Bottom,1,0,1,Slider,Curveball,BallCalled,Undefined,Undefined,Undefined,0,0,,79.303,0.515778,-1.310424,2305.806813,72.843864,8:30,6.32684,1.67735,5.69452,-49.53219,-4.16122,-18.56757,2.67996,-1.09136,72.14438,-8.557835,-4.633275,0.484798,,,,,,,,,,,,8.97721,-1.78189,-1.55573,50,6.33967,3.35813,-115.05896,-0.61611,11.83669,24.61895,-34.52352,BOC_EAG,MIA_HUR,TruistField,D1,ACC,20260521-TruistField-2,675012e0-5558-11f1-b22b-2feaa7944c68,77.74882,,,7.15862,,,,,,,ca2eee80-f2ce-4c98-97a8-1c82669d3b1d,2026-05-21,21:02:39.58,2026-05-21T17:02:39.5803136-04:00,2026-05-21T21:02:39.5803136Z,,v3,227,236,,"Alvarez, Alonzo",828345,Right,MIA_HUR,c0961a0f-4799-49f9-8415-41a3bb4ec490,54.80379,-116.08226,12.30948,6.33545,0.81889,-17.26176,-1.68509,2.86613,5.91835,,,,,,,,,,,,,,,,,,,,,,,,,,,,,,,,,,,,,,,,,,,,,,,,,,,High,High,High,,,,,,,,,,,,,,,,,,,,,,,,,,,,,,,,,,,,,,,
149,2026-05-21,17:03:04.03,2,3,"Collera, Lazaro",813945,Right,MIA_HUR,"Hendrickson, Carter",830138,Right,BOC_EAG,Undefined,5,Bottom,1,1,1,Fastball,Four-Seam,BallCalled,Undefined,Undefined,Undefined,0,0,,93.4504,-2.953832,-5.139158,2175.248362,226.14633,1:30,6.39272,1.58635,5.92041,-17.71217,14.53206,14.02202,2.16215,-2.02694,85.31435,-6.292676,-2.635144,0.408693,,,,,,,,,,,,-8.565,8.5754,-1.1817,50,6.14507,11.52,-135.07328,-7.56091,-15.82775,29.34828,-16.32705,BOC_EAG,MIA_HUR,TruistField,D1,ACC,20260521-TruistField-2,75d19af0-5558-11f1-b22b-2feaa7944c68,92.22673,,,8.13605,,,,,,,ca2eee80-f2ce-4c98-97a8-1c82669d3b1d,2026-05-21,21:03:04.03,2026-05-21T17:03:04.0304640-04:00,2026-05-21T21:03:04.0304640Z,,v3,227,236,,"Alvarez, Alonzo",828345,Right,MIA_HUR,ab2286e0-7073-46d9-be43-aed127784a02,54.57653,-136.06402,14.67414,6.39101,-7.00974,-8.16352,-1.57962,12.05431,-7.91387,,,,,,,,,,,,,,,,,,,,,,,,,,,,,,,,,,,,,,,,,,,,,,,,,,,High,High,High,,,,,,,,,,,,,,,,,,,,,,,,,,,,,,,,,,,,,,,
150,2026-05-21,17:03:22.51,2,4,"Collera, Lazaro",813945,Right,MIA_HUR,"Hendrickson, Carter",830138,Right,BOC_EAG,Undefined,5,Bottom,1,2,1,Fastball,Four-Seam,BallCalled,Undefined,Undefined,Undefined,0,0,,92.80263,-3.861666,-3.736303,2169.021574,220.698126,1:15,6.30463,1.68821,5.78996,-17.1656,15.68753,12.55016,1.26877,-0.74655,84.73564,-7.092189,-1.493355,0.412534,,,,,,,,,,,,-7.43205,9.41493,-1.38776,50,5.9754,8.20154,-134.2156,-9.62537,-13.53634,29.45657,-15.02623,BOC_EAG,MIA_HUR,TruistField,D1,ACC,20260521-TruistField-2,81648e90-5558-11f1-b22b-2feaa7944c68,91.36811,,,8.067,,,,,,,ca2eee80-f2ce-4c98-97a8-1c82669d3b1d,2026-05-21,21:03:22.51,2026-05-21T17:03:22.5167872-04:00,2026-05-21T21:03:22.5167872Z,,v3,227,236,,"Alvarez, Alonzo",828345,Right,MIA_HUR,592b82d4-5a94-43a1-bcd5-a690a95b64e6,54.70692,-135.24469,14.72828,6.30251,-9.10042,-7.51312,-1.68254,8.67445,-6.76817,,,,,,,,,,,,,,,,,,,,,,,,,,,,,,,,,,,,,,,,,,,,,,,,,,,High,High,High,,,,,,,,,,,,,,,,,,,,,,,,,,,,,,,,,,,,,,,
151,2026-05-21,17:03:41.36,2,5,"Collera, Lazaro",813945,Right,MIA_HUR,"Hendrickson, Carter",830138,Right,BOC_EAG,Undefined,5,Bottom,1,3,1,Fastball,Four-Seam,InPlay,Undefined,LineDrive,Out,1,0,,93.61405,-3.160911,-3.306942,2161.669094,225.189889,1:30,6.33707,1.66864,5.77799,-17.91076,14.31268,13.33642,1.89553,-0.30036,85.45395,-6.52584,-0.922077,0.408561,108.72899,14.180038,-10.986679,1169.203253,108.45821,23.70182,-18.34999,330.04773,311.69652,-7.439538,2.981941,-7.79024,8.52847,-1.40385,50,6.06489,7.24616,-135.58171,-8.09353,-14.4672,30.28517,-16.33592,BOC_EAG,MIA_HUR,TruistField,D1,ACC,20260521-TruistField-2,8c87f780-5558-11f1-b22b-2feaa7944c68,92.25648,29.14547,,8.1601,,,,2.13616,1.88524,0.31934,ca2eee80-f2ce-4c98-97a8-1c82669d3b1d,2026-05-21,21:03:41.36,2026-05-21T17:03:41.3608448-04:00,2026-05-21T21:03:41.3608448Z,LineDrive,v3,227,236,,"Alvarez, Alonzo",828345,Right,MIA_HUR,9f53d26f-1e31-4262-b5f8-b0c6d4bd90ec,54.7207,-136.63212,15.14259,6.33578,-7.52694,-8.16796,-1.66387,7.74794,-7.2336,207.311645,2.13613,151.77986,-24.2781,5.57009,-1.23267,0.25446,-0.04344,0.00496,-0.00027,1.88539,39.05167,-14.779,0.66265,-0.09899,0.03097,-0.01075,0.00229,-0.00019,0.31936,-29.46805,8.51857,-1.97954,0.45099,-0.09341,0.01562,-0.00172,9E-05,,,,,,,,,,,,,,,,,,,,,,,High,High,High,High,Medium,,,,,,,,,,,,,,,,,,,,,,,,,,,,,,,,,,,,,
152,2026-05-21,17:04:18.23,3,1,"Collera, Lazaro",813945,Right,MIA_HUR,"Solier, Julio",827632,Right,BOC_EAG,Undefined,5,Bottom,2,0,0,Slider,Curveball,BallCalled,Undefined,Undefined,Undefined,0,0,,81.16101,-0.414177,-1.862897,2380.046745,66.86454,8:15,6.3322,1.63437,5.62733,-48.10951,-4.94477,-14.85678,1.93641,-1.34253,74.41792,-9.175629,-4.518837,0.472864,,,,,,,,,,,,6.93949,-1.91421,-1.46621,50,6.26641,4.42673,-117.78653,-2.51795,9.65844,24.31161,-34.83828,BOC_EAG,MIA_HUR,TruistField,D1,ACC,20260521-TruistField-2,a1fbe900-5558-11f1-b22b-2feaa7944c68,79.71101,,,6.74309,,,,,,,ca2eee80-f2ce-4c98-97a8-1c82669d3b1d,2026-05-21,21:04:18.23,2026-05-21T17:04:18.2353920-04:00,2026-05-21T21:04:18.2353920Z,,v3,227,236,,"Alvarez, Alonzo",828345,Right,MIA_HUR,38033864-414d-4ee3-a3d3-ef4fe491a345,54.87145,-118.78776,12.1558,6.34056,-1.08319,-17.41914,-1.64033,4.02896,4.82922,,,,,,,,,,,,,,,,,,,,,,,,,,,,,,,,,,,,,,,,,,,,,,,,,,,High,High,High,,,,,,,,,,,,,,,,,,,,,,,,,,,,,,,,,,,,,,,
153,2026-05-21,17:04:35.23,3,2,"Collera, Lazaro",813945,Right,MIA_HUR,"Solier, Julio",827632,Right,BOC_EAG,Undefined,5,Bottom,2,1,0,Slider,Slider,BallCalled,Undefined,Undefined,Undefined,0,0,,83.16111,-1.818627,-2.057237,2363.572861,49.783253,7:45,6.32935,1.66177,5.59437,-46.13751,-5.32004,-7.72729,0.78492,-0.90374,77.07976,-10.165685,-3.439713,0.459827,,,,,,,,,,,,3.37433,-1.8685,-1.48017,50,6.14304,4.64426,-120.73902,-5.46519,4.98469,23.35028,-34.93426,BOC_EAG,MIA_HUR,TruistField,D1,ACC,20260521-TruistField-2,ac1f2000-5558-11f1-b22b-2feaa7944c68,81.9709,,,6.08135,,,,,,,ca2eee80-f2ce-4c98-97a8-1c82669d3b1d,2026-05-21,21:04:35.23,2026-05-21T17:04:35.2341504-04:00,2026-05-21T21:04:35.2341504Z,,v3,227,236,,"Alvarez, Alonzo",828345,Right,MIA_HUR,b4efa194-a476-43a4-bdf1-01affb2bd830,54.90619,-121.68415,11.67514,6.33564,-4.05118,-17.46713,-1.66407,4.4425,2.49235,,,,,,,,,,,,,,,,,,,,,,,,,,,,,,,,,,,,,,,,,,,,,,,,,,,High,High,High,,,,,,,,,,,,,,,,,,,,,,,,,,,,,,,,,,,,,,,
154,2026-05-21,17:04:59.31,3,3,"Collera, Lazaro",813945,Right,MIA_HUR,"Solier, Julio",827632,Right,BOC_EAG,Undefined,5,Bottom,2,2,0,Fastball,Four-Seam,BallCalled,Undefined,Undefined,Undefined,0,0,,94.22218,-0.6532,-1.914459,2225.901953,221.708383,1:30,6.43645,1.53535,5.8254,-14.65387,17.04989,14.25501,4.6077,0.94288,85.51787,-3.461122,0.639591,0.405253,,,,,,,,,,,,-7.78473,9.18465,-1.38713,50,6.37441,3.91272,-136.73386,-1.99555,-14.66066,31.62422,-14.87694,BOC_EAG,MIA_HUR,TruistField,D1,ACC,20260521-TruistField-2,badd8a00-5558-11f1-b22b-2feaa7944c68,93.00956,,,8.70431,,,,,,,ca2eee80-f2ce-4c98-97a8-1c82669d3b1d,2026-05-21,21:04:59.31,2026-05-21T17:04:59.3117696-04:00,2026-05-21T21:04:59.3117696Z,,v3,227,236,,"Alvarez, Alonzo",828345,Right,MIA_HUR,54470326-2474-4e41-aadc-f1f064c6a495,54.67058,-137.80985,15.81211,6.4337,-1.48937,-7.43847,-1.52874,4.41154,-7.33033,,,,,,,,,,,,,,,,,,,,,,,,,,,,,,,,,,,,,,,,,,,,,,,,,,,High,High,High,,,,,,,,,,,,,,,,,,,,,,,,,,,,,,,,,,,,,,,
155,2026-05-21,17:05:20.34,3,4,"Collera, Lazaro",813945,Right,MIA_HUR,"Solier, Julio",827632,Right,BOC_EAG,Undefined,5,Bottom,2,3,0,Fastball,Four-Seam,StrikeCalled,Undefined,Undefined,Undefined,0,0,,93.84972,-2.11634,-2.635237,2202.31644,222.600073,1:30,6.40161,1.57922,5.74667,-16.65438,15.26454,13.10276,3.04045,0.21599,85.82136,-5.257884,-0.292099,0.406626,,,,,,,,,,,,-7.38276,8.65733,-1.36824,50,6.21546,5.67046,-136.12873,-5.57809,-13.87124,29.52246,-15.90801,BOC_EAG,MIA_HUR,TruistField,D1,ACC,20260521-TruistField-2,c6f62860-5558-11f1-b22b-2feaa7944c68,92.69549,,,8.02836,,,,,,,ca2eee80-f2ce-4c98-97a8-1c82669d3b1d,2026-05-21,21:05:20.34,2026-05-21T17:05:20.3437056-04:00,2026-05-21T21:05:20.3437056Z,,v3,227,236,,"Alvarez, Alonzo",828345,Right,MIA_HUR,a840f5a4-bb6b-4454-87ab-9d13b3a3b973,54.75091,-137.1552,14.76123,6.39979,-5.02498,-7.954,-1.57379,6.15275,-6.93562,,,,,,,,,,,,,,,,,,,,,,,,,,,,,,,,,,,,,,,,,,,,,,,,,,,High,High,High,,,,,,,,,,,,,,,,,,,,,,,,,,,,,,,,,,,,,,,
156,2026-05-21,17:05:37.86,3,5,"Collera, Lazaro",813945,Right,MIA_HUR,"Solier, Julio",827632,Right,BOC_EAG,Undefined,5,Bottom,2,3,1,Fastball,Four-Seam,BallCalled,Walk,Undefined,Undefined,0,0,,93.90157,-3.68492,-3.462054,2148.485116,202.870507,12:45,6.33111,1.52982,5.70668,-11.3993,20.84859,8.32815,1.93692,-1.00568,85.37284,-5.894154,-1.97677,0.408716,,,,,,,,,,,,-5.20307,11.95532,-1.2446,50,6.01446,7.82794,-135.79568,-9.05466,-9.67738,30.831,-9.93795,BOC_EAG,MIA_HUR,TruistField,D1,ACC,20260521-TruistField-2,d174c5d0-5558-11f1-b22b-2feaa7944c68,92.2215,,,8.52873,,,,,,,ca2eee80-f2ce-4c98-97a8-1c82669d3b1d,2026-05-21,21:05:37.86,2026-05-21T17:05:37.8692096-04:00,2026-05-21T21:05:37.8692096Z,,v3,227,236,,"Alvarez, Alonzo",828345,Right,MIA_HUR,244cba17-5a37-44c7-8d7d-f8ee229f5cd9,54.78881,-136.87862,15.4155,6.32637,-8.70559,-4.96898,-1.52552,8.16786,-4.83869,,,,,,,,,,,,,,,,,,,,,,,,,,,,,,,,,,,,,,,,,,,,,,,,,,,High,High,High,,,,,,,,,,,,,,,,,,,,,,,,,,,,,,,,,,,,,,,
157,2026-05-21,17:06:14.79,4,1,"Collera, Lazaro",813945,Right,MIA_HUR,"Mainolfi, Ty",839397,Left,BOC_EAG,Undefined,5,Bottom,2,0,0,Fastball,Sinker,InPlay,Undefined,LineDrive,Out,1,0,,93.49986,-1.932718,-2.972125,2200.100508,228.207911,1:30,6.30055,1.77723,5.65024,-19.08666,13.37127,13.74465,2.90428,0.14808,85.07465,-5.514015,-0.519216,0.410045,108.66851,16.837586,5.70442,2300.814999,109.66391,32.8622,8.58937,383.58808,376.91062,1.043976,3.992878,-7.84933,7.66933,-1.53412,50,6.12455,6.40977,-135.5126,-5.23328,-14.53094,30.84758,-17.97635,BOC_EAG,MIA_HUR,TruistField,D1,ACC,20260521-TruistField-2,e78fa5b0-5558-11f1-b22b-2feaa7944c68,91.92265,47.73436,,8.42521,,,,1.20251,2.96547,-0.12908,ca2eee80-f2ce-4c98-97a8-1c82669d3b1d,2026-05-21,21:06:14.79,2026-05-21T17:06:14.7966976-04:00,2026-05-21T21:06:14.7966976Z,LineDrive,v3,227,236,,"Alvarez, Alonzo",828345,Right,MIA_HUR,ca047c83-6bc6-4c38-b461-a1df3d795013,54.84731,-136.61157,15.42379,6.29958,-4.59286,-8.98817,-1.7717,6.92744,-7.26547,163.936284,1.20275,151.78503,-28.01564,6.57399,-1.38647,0.25541,-0.03562,0.00302,-0.00011,2.96504,46.17766,-11.42086,-0.61107,0.27142,-0.05261,0.00385,0.00038,-6E-05,-0.129,15.16039,-6.58528,1.56926,-0.34881,0.06622,-0.00939,0.00081,-3E-05,,,,,,,,,,,,,,,,,,,,,,,High,High,High,High,High,,,,,,,,,,,,,,,,,,,,,,,,,,,,,,,,,,,,,
158,2026-05-21,17:09:24.83,1,1,"Kipp, Kyle",822339,Right,BOC_EAG,"Ogden, Jake",804826,Right,MIA_HUR,Undefined,6,Top,0,0,0,Sinker,Sinker,BallCalled,Undefined,Undefined,Undefined,0,0,,94.00352,0.493552,-2.6943,2294.138296,248.118944,2:15,5.61921,2.4151,5.44626,-24.68568,7.79284,16.61111,4.02468,1.27498,84.95403,-4.090538,0.259369,0.410175,,,,,,,,,,,,-9.08997,4.11264,-2.18844,50,5.64616,5.60085,-136.20901,0.23093,-16.92173,32.4588,-24.51799,BOC_EAG,MIA_HUR,TruistField,D1,ACC,20260521-TruistField-2,58f53030-5559-11f1-b22b-2feaa7944c68,91.89349,,,9.04949,,,,,,,ca2eee80-f2ce-4c98-97a8-1c82669d3b1d,2026-05-21,21:09:24.83,2026-05-21T17:09:24.8366080-04:00,2026-05-21T21:09:24.8366080Z,,v3,227,236,,"Johnson, Gunnar",1000100233,Right,BOC_EAG,18a7196b-f45d-4b38-84e6-563428b84e70,55.04915,-137.40696,16.2294,5.62095,1.13581,-12.25899,-2.40667,6.22538,-8.46087,,,,,,,,,,,,,,,,,,,,,,,,,,,,,,,,,,,,,,,,,,,,,,,,,,,High,High,High,,,,,,,,,,,,,,,,,,,,,,,,,,,,,,,,,,,,,,,
159,2026-05-21,17:09:40.70,1,2,"Kipp, Kyle",822339,Right,BOC_EAG,"Ogden, Jake",804826,Right,MIA_HUR,Undefined,6,Top,0,1,0,Sinker,Sinker,StrikeCalled,Undefined,Undefined,Undefined,0,0,,93.08541,-1.527307,-3.783818,2275.045486,241.047618,2:00,5.6371,2.19441,5.54756,-23.23745,9.73217,15.5654,2.26996,-0.0495,84.55224,-5.845238,-1.013985,0.413265,,,,,,,,,,,,-8.93052,5.70209,-1.87687,50,5.48945,8.183,-134.77194,-4.45138,-16.33219,30.8413,-21.746,BOC_EAG,MIA_HUR,TruistField,D1,ACC,20260521-TruistField-2,6226b430-5559-11f1-b22b-2feaa7944c68,91.2065,,,8.53317,,,,,,,ca2eee80-f2ce-4c98-97a8-1c82669d3b1d,2026-05-21,21:09:40.70,2026-05-21T17:09:40.7044096-04:00,2026-05-21T21:09:40.7044096Z,,v3,227,236,,"Johnson, Gunnar",1000100233,Right,BOC_EAG,570be552-973f-412d-9359-81c9a1495614,54.94888,-135.89973,15.42065,5.63769,-3.65619,-10.873,-2.18702,8.78023,-8.16609,,,,,,,,,,,,,,,,,,,,,,,,,,,,,,,,,,,,,,,,,,,,,,,,,,,High,High,High,,,,,,,,,,,,,,,,,,,,,,,,,,,,,,,,,,,,,,,
160,2026-05-21,17:09:57.89,1,3,"Kipp, Kyle",822339,Right,BOC_EAG,"Ogden, Jake",804826,Right,MIA_HUR,Undefined,6,Top,0,1,1,Curveball,Curveball,BallCalled,Undefined,Undefined,Undefined,0,0,,81.96593,0.689372,-1.238471,1593.32429,48.07938,7:30,5.11539,2.60352,5.2291,-54.30097,-10.82823,-13.82477,1.23852,0.28708,74.13497,-9.154996,-3.693851,0.474548,,,,,,,,,,,,6.49115,-5.20981,-2.47865,50,5.13821,3.15266,-118.77645,-0.59391,9.06629,27.47814,-39.45066,BOC_EAG,MIA_HUR,TruistField,D1,ACC,20260521-TruistField-2,6c960f60-5559-11f1-b22b-2feaa7944c68,79.42813,,,7.83095,,,,,,,ca2eee80-f2ce-4c98-97a8-1c82669d3b1d,2026-05-21,21:09:57.89,2026-05-21T17:09:57.8925056-04:00,2026-05-21T21:09:57.8925056Z,,v3,227,236,,"Johnson, Gunnar",1000100233,Right,BOC_EAG,609e5ae2-f502-428c-a09e-75505cd6ab66,55.26974,-119.98938,13.73907,5.12599,1.1475,-19.72533,-2.60898,2.75246,4.53315,,,,,,,,,,,,,,,,,,,,,,,,,,,,,,,,,,,,,,,,,,,,,,,,,,,High,High,High,,,,,,,,,,,,,,,,,,,,,,,,,,,,,,,,,,,,,,,
161,2026-05-21,17:10:15.85,1,4,"Kipp, Kyle",822339,Right,BOC_EAG,"Ogden, Jake",804826,Right,MIA_HUR,Undefined,6,Top,0,2,1,Sinker,Sinker,FoulBallNotFieldable,Undefined,Undefined,Undefined,0,0,,92.92885,-1.380495,-4.613419,2306.089097,227.796421,1:30,5.64366,2.19187,5.52895,-20.29544,12.69843,12.82009,2.65744,-1.06175,84.74689,-5.16585,-2.33835,0.413417,76.61911,-12.919733,46.846262,,,,,11.52721,10.87635,53.59208,0.101121,-7.75504,7.11607,-1.79908,50,5.50999,10.26113,-134.48579,-3.96825,-14.20055,29.20957,-19.14357,BOC_EAG,MIA_HUR,TruistField,D1,ACC,20260521-TruistField-2,772611f0-5559-11f1-b22b-2feaa7944c68,91.17299,2.54799,,8.18196,,,,-0.75535,2.54799,1.17405,ca2eee80-f2ce-4c98-97a8-1c82669d3b1d,2026-05-21,21:10:15.85,2026-05-21T17:10:15.8564352-04:00,2026-05-21T21:10:15.8564352Z,GroundBall,v3,227,236,,"Johnson, Gunnar",1000100233,Right,BOC_EAG,4c55529f-1d0d-40e4-8cff-8fb543ede06b,54.96853,-135.56064,14.60478,5.64305,-3.26382,-9.57179,-2.18628,10.78367,-7.10028,180,-0.75885,75.12886,,,,,,,,2.54917,-25.1975,,,,,,,,1.17031,80.13367,,,,,,,,,,,,,,,,,,,,,,,,,,,,,,High,High,High,High,High,,,,,,,,,,,,,,,,,,,,,,,,,,,,,,,,,,,,,
162,2026-05-21,17:10:45.75,1,5,"Kipp, Kyle",822339,Right,BOC_EAG,"Ogden, Jake",804826,Right,MIA_HUR,Undefined,6,Top,0,2,2,Sinker,Four-Seam,BallCalled,Undefined,Undefined,Undefined,0,0,,92.561,-2.079651,-5.739313,2310.816817,216.711697,1:15,5.72254,2.18032,5.63129,-21.72773,11.62969,7.84496,1.96093,-2.53876,84.33997,-6.117254,-4.349373,0.415688,,,,,,,,,,,,-5.58465,6.82079,-1.6954,50,5.5309,13.06769,-133.62002,-5.63873,-10.07285,29.42622,-19.8716,BOC_EAG,MIA_HUR,TruistField,D1,ACC,20260521-TruistField-2,88ea9000-5559-11f1-b22b-2feaa7944c68,90.67479,,,8.22103,,,,,,,ca2eee80-f2ce-4c98-97a8-1c82669d3b1d,2026-05-21,21:10:45.75,2026-05-21T17:10:45.7588224-04:00,2026-05-21T21:10:45.7588224Z,,v3,227,236,,"Johnson, Gunnar",1000100233,Right,BOC_EAG,dfd3bead-b22e-4c18-b5ef-e245ee2475d7,54.86427,-134.68699,14.71311,5.7223,-4.91821,-9.9358,-2.17584,13.43292,-5.03643,,,,,,,,,,,,,,,,,,,,,,,,,,,,,,,,,,,,,,,,,,,,,,,,,,,High,High,High,,,,,,,,,,,,,,,,,,,,,,,,,,,,,,,,,,,,,,,
163,2026-05-21,17:11:26.06,1,6,"Kipp, Kyle",822339,Right,BOC_EAG,"Ogden, Jake",804826,Right,MIA_HUR,Undefined,6,Top,0,3,2,Sinker,Sinker,InPlay,Undefined,GroundBall,Out,1,0,,93.05438,-2.074532,-3.545567,2034.681994,240.194892,2:00,5.61199,2.18983,5.72761,-23.13745,9.34489,14.54375,1.74724,0.09549,85.34675,-6.364075,-0.947261,0.410199,101.02734,-6.978952,0.225012,,,,,13.5448,13.52809,-0.168213,0.088058,-8.38717,5.6226,-1.90301,50,5.42433,7.71425,-134.90999,-5.72403,-15.50127,28.57617,-21.78229,BOC_EAG,MIA_HUR,TruistField,D1,ACC,20260521-TruistField-2,a0f66a70-5559-11f1-b22b-2feaa7944c68,91.8881,1.58672,,7.70763,,,,0.58267,1.58672,-0.09067,ca2eee80-f2ce-4c98-97a8-1c82669d3b1d,2026-05-21,21:11:26.06,2026-05-21T17:11:26.0692480-04:00,2026-05-21T21:11:26.0692480Z,GroundBall,v3,227,236,,"Johnson, Gunnar",1000100233,Right,BOC_EAG,5402d126-7a6a-4cb8-bce2-e825ae146a7d,54.77141,-135.91689,14.28808,5.6125,-4.95651,-10.89115,-2.18445,8.26045,-7.75064,180,0.58091,147.1984,,,,,,,,1.58694,-18.01894,,,,,,,,-0.09068,0.57808,,,,,,,,,,,,,,,,,,,,,,,,,,,,,,High,High,High,High,High,,,,,,,,,,,,,,,,,,,,,,,,,,,,,,,,,,,,,
164,2026-05-21,17:12:18.76,2,1,"Kipp, Kyle",822339,Right,BOC_EAG,"Galvin, Max",803344,Left,MIA_HUR,Undefined,6,Top,1,0,0,Sweeper,Slider,BallCalled,Undefined,Undefined,Undefined,0,0,,81.28997,1.706667,-0.636999,1913.573298,81.910041,8:45,5.04409,2.63989,5.14193,-43.89798,-0.02539,-10.5889,2.99342,1.15769,73.82107,-6.300605,-2.511274,0.476725,,,,,,,,,,,,5.03736,-0.04516,-2.57186,50,5.17039,1.76657,-117.82087,1.90492,7.01752,24.25593,-32.23694,BOC_EAG,MIA_HUR,TruistField,D1,ACC,20260521-TruistField-2,c0a2a190-5559-11f1-b22b-2feaa7944c68,79.06539,,,7.4689,,,,,,,ca2eee80-f2ce-4c98-97a8-1c82669d3b1d,2026-05-21,21:12:18.76,2026-05-21T17:12:18.7682304-04:00,2026-05-21T21:12:18.7682304Z,,v3,227,236,,"Johnson, Gunnar",1000100233,Right,BOC_EAG,78a6c7bc-87e0-4a1d-b357-57d786becc75,55.3543,-118.91806,12.12797,5.05125,3.36312,-16.11847,-2.64459,1.44914,3.50876,,,,,,,,,,,,,,,,,,,,,,,,,,,,,,,,,,,,,,,,,,,,,,,,,,,High,High,High,,,,,,,,,,,,,,,,,,,,,,,,,,,,,,,,,,,,,,,
165,2026-05-21,17:12:36.97,2,2,"Kipp, Kyle",822339,Right,BOC_EAG,"Galvin, Max",803344,Left,MIA_HUR,Undefined,6,Top,1,1,0,Sinker,Sinker,StrikeSwinging,Undefined,Undefined,Undefined,0,0,,92.54357,-1.414757,-5.00652,2159.442365,228.321173,1:30,5.62731,2.36547,5.34799,-20.01064,13.63501,14.0404,2.62742,-1.17239,84.07762,-5.147379,-2.525535,0.41748,,,,,,,,,,,,-8.42756,7.56859,-1.92387,50,5.48546,11.04632,-133.74906,-4.02915,-15.22075,29.64418,-18.5047,BOC_EAG,MIA_HUR,TruistField,D1,ACC,20260521-TruistField-2,cb5128a0-5559-11f1-b22b-2feaa7944c68,90.28557,,,8.46595,,,,,,,ca2eee80-f2ce-4c98-97a8-1c82669d3b1d,2026-05-21,21:12:36.97,2026-05-21T17:12:36.9767424-04:00,2026-05-21T21:12:36.9767424Z,,v3,227,236,,"Johnson, Gunnar",1000100233,Right,BOC_EAG,9ef9930f-c11d-47c3-881d-2ab055f51371,55.14805,-134.88524,14.82209,5.62629,-3.31991,-9.25235,-2.35843,11.6297,-7.61037,,,,,,,,,,,,,,,,,,,,,,,,,,,,,,,,,,,,,,,,,,,,,,,,,,,High,High,High,,,,,,,,,,,,,,,,,,,,,,,,,,,,,,,,,,,,,,,
166,2026-05-21,17:12:54.97,2,3,"Kipp, Kyle",822339,Right,BOC_EAG,"Galvin, Max",803344,Left,MIA_HUR,Undefined,6,Top,1,1,1,ChangeUp,Changeup,StrikeSwinging,Undefined,Undefined,Undefined,0,0,,82.66804,-1.277237,-4.432984,1650.218265,242.608299,2:00,5.33717,2.39788,6.05135,-32.41773,8.62902,13.97079,1.44963,-0.54962,75.35146,-7.310357,-1.92571,0.461117,,,,,,,,,,,,-8.50264,5.23697,-2.05996,50,5.22024,8.74354,-119.71547,-3.67333,-12.26461,24.41886,-24.61996,BOC_EAG,MIA_HUR,TruistField,D1,ACC,20260521-TruistField-2,d689ee50-5559-11f1-b22b-2feaa7944c68,81.74164,,,7.31658,,,,,,,ca2eee80-f2ce-4c98-97a8-1c82669d3b1d,2026-05-21,21:12:54.97,2026-05-21T17:12:54.9771776-04:00,2026-05-21T21:12:54.9771776Z,,v3,227,236,,"Johnson, Gunnar",1000100233,Right,BOC_EAG,ee84ce7d-801c-4b30-9ef0-543c7317c591,54.446,-120.61893,12.20943,5.3393,-2.76243,-12.30998,-2.39185,9.19731,-6.1323,,,,,,,,,,,,,,,,,,,,,,,,,,,,,,,,,,,,,,,,,,,,,,,,,,,High,High,High,,,,,,,,,,,,,,,,,,,,,,,,,,,,,,,,,,,,,,,
167,2026-05-21,17:13:14.29,2,4,"Kipp, Kyle",822339,Right,BOC_EAG,"Galvin, Max",803344,Left,MIA_HUR,Undefined,6,Top,1,1,2,Sinker,Sinker,BallCalled,Undefined,Undefined,Undefined,0,0,,92.22574,-0.997063,-5.044671,2126.897109,232.142963,1:45,5.61261,2.34646,5.46476,-22.40915,10.8893,12.74446,2.80829,-1.32514,84.8696,-5.135408,-2.788118,0.41532,,,,,,,,,,,,-7.68402,6.0402,-1.91047,50,5.50927,11.20493,-133.52916,-3.15341,-14.0103,26.09324,-21.16094,BOC_EAG,MIA_HUR,TruistField,D1,ACC,20260521-TruistField-2,e2223920-5559-11f1-b22b-2feaa7944c68,90.7551,,,7.35614,,,,,,,ca2eee80-f2ce-4c98-97a8-1c82669d3b1d,2026-05-21,21:13:14.29,2026-05-21T17:13:14.2910976-04:00,2026-05-21T21:13:14.2910976Z,,v3,227,236,,"Johnson, Gunnar",1000100233,Right,BOC_EAG,975b60b5-41d3-4d74-b394-34fba248b6d7,55.03397,-134.50926,13.04662,5.61279,-2.35857,-10.58047,-2.34123,11.73117,-7.00515,,,,,,,,,,,,,,,,,,,,,,,,,,,,,,,,,,,,,,,,,,,,,,,,,,,High,High,High,,,,,,,,,,,,,,,,,,,,,,,,,,,,,,,,,,,,,,,
168,2026-05-21,17:13:32.94,2,5,"Kipp, Kyle",822339,Right,BOC_EAG,"Galvin, Max",803344,Left,MIA_HUR,Undefined,6,Top,1,2,2,Sinker,Sinker,FoulBallNotFieldable,Undefined,Undefined,Undefined,0,0,,92.20383,-0.086853,-2.988108,2105.714961,233.839111,1:45,5.66224,2.40134,5.38298,-22.15706,11.27957,14.02312,3.7343,0.7665,84.36402,-4.196151,-0.498776,0.416181,,,,,,,,,,,,-7.85386,6,-2.14424,50,5.63901,6.33357,-133.75787,-1.01782,-14.27876,27.89804,-21.26567,BOC_EAG,MIA_HUR,TruistField,D1,ACC,20260521-TruistField-2,ec9d0600-5559-11f1-b22b-2feaa7944c68,90.56732,,,7.8398,,,,,,,ca2eee80-f2ce-4c98-97a8-1c82669d3b1d,2026-05-21,21:13:32.94,2026-05-21T17:13:32.9499136-04:00,2026-05-21T21:13:32.9499136Z,,v3,227,236,,"Johnson, Gunnar",1000100233,Right,BOC_EAG,95237718-6f39-4ddb-80cb-09850d48ad31,55.11533,-134.82055,13.94902,5.66235,-0.20777,-10.63283,-2.39586,6.87747,-7.13938,,,,,,,,,,,,,,,,,,,,,,,,,,,,,,,,,,,,,,,,,,,,,,,,,,,High,High,High,,,,,,,,,,,,,,,,,,,,,,,,,,,,,,,,,,,,,,,
169,2026-05-21,17:13:55.62,2,6,"Kipp, Kyle",822339,Right,BOC_EAG,"Galvin, Max",803344,Left,MIA_HUR,Undefined,6,Top,1,2,2,ChangeUp,Changeup,FoulBallNotFieldable,Undefined,Undefined,Undefined,0,0,,82.17898,-0.297542,-2.051021,1678.399567,252.540967,2:30,5.39046,2.46534,5.94619,-35.73116,5.42768,13.25453,2.13671,1.66672,75.57044,-6.905342,0.331731,0.461746,61.56388,33.352184,-109.528352,3261.204781,,,,,31.71463,,,-7.37985,3.24138,-2.30958,50,5.34661,3.77067,-119.40719,-1.75766,-10.6787,22.5106,-27.48375,BOC_EAG,MIA_HUR,TruistField,D1,ACC,20260521-TruistField-2,fa1ed150-5559-11f1-b22b-2feaa7944c68,81.6303,16.68095,,6.60854,,,,-0.15341,1.7275,-2.14,ca2eee80-f2ce-4c98-97a8-1c82669d3b1d,2026-05-21,21:13:55.62,2026-05-21T17:13:55.6218880-04:00,2026-05-21T21:13:55.6218880Z,,v3,227,236,,"Johnson, Gunnar",1000100233,Right,BOC_EAG,4967b1dd-d494-44e5-b13a-7efadae041db,54.55283,-120.26242,11.2553,5.39355,-0.71349,-13.74187,-2.46055,4.17638,-5.33935,,-0.14848,-25.37966,-3.05073,,,,,,,1.73502,49.38762,-28.91011,,,,,,,-2.13407,-71.28698,1.50894,,,,,,,,,,,,,,,,,,,,,,,,,,,,,High,High,High,Low,Undefined,,,,,,,,,,,,,,,,,,,,,,,,,,,,,,,,,,,,,
170,2026-05-21,17:14:20.15,2,7,"Kipp, Kyle",822339,Right,BOC_EAG,"Galvin, Max",803344,Left,MIA_HUR,Undefined,6,Top,1,2,2,ChangeUp,Changeup,BallCalled,Undefined,Undefined,Undefined,0,0,,82.35956,-0.571924,-1.763008,1633.134629,224.256142,1:30,5.40229,2.34295,5.9092,-30.00195,11.25351,9.66052,2.37103,1.51112,75.2472,-6.166992,-0.028231,0.462287,,,,,,,,,,,,-5.44579,6.33607,-2.20695,50,5.33935,3.30254,-119.57479,-2.11876,-7.86167,23.68243,-23.02712,BOC_EAG,MIA_HUR,TruistField,D1,ACC,20260521-TruistField-2,092f7a00-555a-11f1-b22b-2feaa7944c68,81.53464,,,7.11236,,,,,,,ca2eee80-f2ce-4c98-97a8-1c82669d3b1d,2026-05-21,21:14:20.15,2026-05-21T17:14:20.1501184-04:00,2026-05-21T21:14:20.1501184Z,,v3,227,236,,"Johnson, Gunnar",1000100233,Right,BOC_EAG,094ae526-9ada-4aab-84eb-f0e567c31ca9,54.5874,-120.47993,11.84121,5.40351,-1.23867,-11.51356,-2.33891,3.60301,-3.93084,,,,,,,,,,,,,,,,,,,,,,,,,,,,,,,,,,,,,,,,,,,,,,,,,,,High,High,High,,,,,,,,,,,,,,,,,,,,,,,,,,,,,,,,,,,,,,,
171,2026-05-21,17:14:37.93,2,8,"Kipp, Kyle",822339,Right,BOC_EAG,"Galvin, Max",803344,Left,MIA_HUR,Undefined,6,Top,1,3,2,ChangeUp,Changeup,InPlay,Undefined,FlyBall,Out,1,0,,80.93231,0.56415,-2.613989,1741.794621,264.411345,2:45,5.38541,2.38365,5.96178,-40.15168,2.96752,14.69044,2.56311,1.18236,73.23358,-6.892192,0.025645,0.472614,84.26204,24.881639,-3.879109,3778.952093,109.42366,43.2551,-11.24529,307.03701,299.83209,-8.528884,4.095427,-8.43859,1.73571,-2.18466,50,5.40776,4.80639,-117.38083,-0.10229,-11.59711,25.32399,-29.7887,BOC_EAG,MIA_HUR,TruistField,D1,ACC,20260521-TruistField-2,135ff770-555a-11f1-b22b-2feaa7944c68,79.7531,52.09475,,7.69873,,,,2.33288,2.7202,-1.16097,ca2eee80-f2ce-4c98-97a8-1c82669d3b1d,2026-05-21,21:14:37.93,2026-05-21T17:14:37.9372032-04:00,2026-05-21T21:14:37.9372032Z,LineDrive,v3,227,236,,"Johnson, Gunnar",1000100233,Right,BOC_EAG,a853d79c-61ef-407a-848c-c038cd85531c,54.53653,-118.35551,12.662,5.38963,1.04422,-14.89435,-2.37824,5.25274,-5.79856,163.443505,2.3326,111.86402,-17.78506,3.84952,-0.86593,0.21909,-0.04969,0.00703,-0.00042,2.72033,51.99109,-14.66952,0.5109,0.13619,-0.13957,0.04873,-0.00769,0.00046,-1.16085,-7.58739,-1.64432,0.40396,-0.10141,0.02884,-0.00695,0.00101,-6E-05,,,,,,,,,,,,,,,,,,,,,,,High,High,High,High,High,,,,,,,,,,,,,,,,,,,,,,,,,,,,,,,,,,,,,
172,2026-05-21,17:15:18.16,3,1,"Kipp, Kyle",822339,Right,BOC_EAG,"Williams, Derek",804746,Right,MIA_HUR,Undefined,6,Top,2,0,0,Sinker,Sinker,BallCalled,Undefined,Undefined,Undefined,0,0,,93.2755,-0.640771,-5.13325,2111.527035,242.598563,2:00,5.57776,2.44489,5.55933,-24.09001,8.65052,14.64032,2.96917,-1.14379,85.02516,-5.101799,-2.536442,0.411826,,,,,,,,,,,,-8.80784,4.87004,-2.01038,50,5.50645,11.44182,-134.92923,-2.40715,-16.23689,29.36924,-23.1963,BOC_EAG,MIA_HUR,TruistField,D1,ACC,20260521-TruistField-2,2b4cd830-555a-11f1-b22b-2feaa7944c68,91.52507,,,8.25034,,,,,,,ca2eee80-f2ce-4c98-97a8-1c82669d3b1d,2026-05-21,21:15:18.16,2026-05-21T17:15:18.1686272-04:00,2026-05-21T21:15:18.1686272Z,,v3,227,236,,"Johnson, Gunnar",1000100233,Right,BOC_EAG,54a811b2-fb91-48f3-ad2d-cf42f6313ac5,54.93831,-135.99987,14.68462,5.57879,-1.56153,-11.59815,-2.43827,12.03373,-8.11844,,,,,,,,,,,,,,,,,,,,,,,,,,,,,,,,,,,,,,,,,,,,,,,,,,,High,High,High,,,,,,,,,,,,,,,,,,,,,,,,,,,,,,,,,,,,,,,
173,2026-05-21,17:15:33.77,3,2,"Kipp, Kyle",822339,Right,BOC_EAG,"Williams, Derek",804746,Right,MIA_HUR,Undefined,6,Top,2,1,0,Sweeper,Slider,FoulBallNotFieldable,Undefined,Undefined,Undefined,0,0,,82.10153,1.82903,-1.157691,1665.118509,69.25929,8:15,5.09399,2.47401,5.43623,-43.73199,-1.18736,-6.91544,3.16333,0.81349,74.54651,-6.185249,-2.388051,0.469455,63.86661,78.894661,101.199434,5972.66393,,,,,5.72404,,,3.14477,-0.78693,-2.36653,50,5.22552,2.68824,-119.05949,2.26493,4.46898,24.98433,-33.29233,BOC_EAG,MIA_HUR,TruistField,D1,ACC,20260521-TruistField-2,3566e770-555a-11f1-b22b-2feaa7944c68,80.28981,35.73008,,7.55502,,,,1.30099,3.24512,-0.82214,ca2eee80-f2ce-4c98-97a8-1c82669d3b1d,2026-05-21,21:15:33.77,2026-05-21T17:15:33.7785856-04:00,2026-05-21T21:15:33.7785856Z,,v3,227,236,,"Johnson, Gunnar",1000100233,Right,BOC_EAG,3b3a3b5e-6256-4b13-a234-6a561692a692,55.06207,-120.11705,12.49216,5.09982,3.67417,-16.64616,-2.47632,2.49907,2.23449,348.529423,1.31004,-3.81049,-5.94966,,,,,,,3.25557,91.56683,-25.6747,,,,,,,-0.81819,17.56575,-3.70998,,,,,,,,,,,,,,,,,,,,,,,,,,,,,High,High,High,High,Undefined,,,,,,,,,,,,,,,,,,,,,,,,,,,,,,,,,,,,,
174,2026-05-21,17:16:03.36,3,3,"Kipp, Kyle",822339,Right,BOC_EAG,"Williams, Derek",804746,Right,MIA_HUR,Undefined,6,Top,2,1,1,Sinker,Sinker,StrikeCalled,Undefined,Undefined,Undefined,0,0,,92.61531,-0.53181,-4.542278,2174.626048,241.269321,2:00,5.71508,2.27631,5.46776,-22.76108,10.4993,17.18788,3.31904,-0.55126,84.40205,-4.757082,-1.493939,0.415083,,,,,,,,,,,,-9.8741,5.75764,-1.88802,50,5.65281,9.84604,-134.07729,-2.08245,-17.97852,28.92188,-21.6907,BOC_EAG,MIA_HUR,TruistField,D1,ACC,20260521-TruistField-2,464487f0-555a-11f1-b22b-2feaa7944c68,90.80699,,,8.21326,,,,,,,ca2eee80-f2ce-4c98-97a8-1c82669d3b1d,2026-05-21,21:16:03.36,2026-05-21T17:16:03.3652736-04:00,2026-05-21T21:16:03.3652736Z,,v3,227,236,,"Johnson, Gunnar",1000100233,Right,BOC_EAG,eefef4d4-171c-4600-b9eb-339c0eb72ff0,55.02974,-135.15791,14.46094,5.71547,-1.27202,-10.84535,-2.26845,10.51778,-8.98926,,,,,,,,,,,,,,,,,,,,,,,,,,,,,,,,,,,,,,,,,,,,,,,,,,,High,High,High,,,,,,,,,,,,,,,,,,,,,,,,,,,,,,,,,,,,,,,
175,2026-05-21,17:16:24.23,3,4,"Kipp, Kyle",822339,Right,BOC_EAG,"Williams, Derek",804746,Right,MIA_HUR,Undefined,6,Top,2,1,2,ChangeUp,Changeup,FoulBallNotFieldable,Undefined,Undefined,Undefined,0,0,,82.19453,-1.361554,-3.48883,1826.906365,257.990009,2:30,5.47531,2.33607,6.13556,-36.27675,4.57055,15.70871,1.19131,0.41672,75.89125,-8.064137,-0.657609,0.459995,109.81251,-12.974301,-61.255716,,,,,8.23583,8.23583,-44.556314,0.0388,-9.12843,3.05752,-2.07799,50,5.3522,6.70646,-119.34559,-3.95854,-13.22612,21.98352,-27.74399,BOC_EAG,MIA_HUR,TruistField,D1,ACC,20260521-TruistField-2,52e56920-555a-11f1-b22b-2feaa7944c68,81.94098,1.40404,,6.30327,,,,2.93792,1.40404,-0.43527,ca2eee80-f2ce-4c98-97a8-1c82669d3b1d,2026-05-21,21:16:24.23,2026-05-21T17:16:24.2388480-04:00,2026-05-21T21:16:24.2388480Z,GroundBall,v3,227,236,,"Johnson, Gunnar",1000100233,Right,BOC_EAG,d1c17f66-b701-41ae-9b4f-969733c10170,54.36514,-120.14697,10.99176,5.47807,-2.94718,-13.872,-2.33125,7.1886,-6.61306,,2.93757,75.53086,,,,,,,,1.4042,-36.1862,,,,,,,,-0.43464,-137.70714,,,,,,,,,,,,,,,,,,,,,,,,,,,,,,High,High,High,Estimated,Estimated,,,,,,,,,,,,,,,,,,,,,,,,,,,,,,,,,,,,,
176,2026-05-21,17:16:52.38,3,5,"Kipp, Kyle",822339,Right,BOC_EAG,"Williams, Derek",804746,Right,MIA_HUR,Undefined,6,Top,2,1,2,ChangeUp,Changeup,StrikeSwinging,Strikeout,Undefined,Undefined,0,0,,82.31945,-0.948982,-4.161861,1586.646346,277.758758,3:15,5.44523,2.10655,6.03379,-42.31408,-0.77843,16.23505,1.03791,-0.40115,74.98594,-8.752539,-1.243172,0.463855,,,,,,,,,,,,-9.64146,0.31933,-1.78983,50,5.34827,8.05395,-119.26056,-3.35067,-13.73786,25.21953,-31.71902,BOC_EAG,MIA_HUR,TruistField,D1,ACC,20260521-TruistField-2,6398ec60-555a-11f1-b22b-2feaa7944c68,81.25916,,,7.33352,,,,,,,ca2eee80-f2ce-4c98-97a8-1c82669d3b1d,2026-05-21,21:16:52.38,2026-05-21T17:16:52.3820000-04:00,2026-05-21T21:16:52.3820000Z,,v3,227,236,,"Johnson, Gunnar",1000100233,Right,BOC_EAG,a949ddf3-0d14-41d4-b832-3b94b5ce141c,54.4648,-120.201,12.60976,5.45116,-2.16786,-15.85951,-2.09971,8.56624,-6.86893,,,,,,,,,,,,,,,,,,,,,,,,,,,,,45.26914,,,1.695654,,,,-5.3326,4.30491,3.51451,80.70463,-0.24579,44.07543,-5.29451,55.60954,-2.91477,4.39194,24.49698,-16.16293,3.51365,25.17684,-0.7361,High,High,High,,,High,Medium,Medium,,,,,,,,,,,,,,,,,,,,,,,,,,,,,,,,,,
177,2026-05-21,17:19:42.66,1,1,"Robert, Nick",806207,Right,MIA_HUR,"Wang, Nick",813482,Right,BOC_EAG,Undefined,6,Bottom,0,0,0,Fastball,Sinker,HitByPitch,Undefined,Undefined,Undefined,0,0,,92.63879,-0.272357,-0.279755,2028.874566,236.455249,2:00,6.06511,1.35437,5.89406,-21.73718,10.81457,14.76158,4.00082,2.32476,84.58684,-4.345363,2.370417,0.410637,,,,,,,,,,,,-7.70394,5.92626,-1.34064,50,6.03072,0.02451,-134.62883,-1.37613,-14.10311,29.9274,-21.32526,BOC_EAG,MIA_HUR,TruistField,D1,ACC,20260521-TruistField-2,c902fd70-555a-11f1-b22b-2feaa7944c68,91.79006,,,8.05195,,,,,,,ca2eee80-f2ce-4c98-97a8-1c82669d3b1d,2026-05-21,21:19:42.66,2026-05-21T17:19:42.6690560-04:00,2026-05-21T21:19:42.6690560Z,,v3,227,236,,"Alvarez, Alonzo",828345,Right,MIA_HUR,65a156bb-c575-4d3b-abfb-79c8f2b644e7,54.60501,-135.64864,14.9637,6.06524,-0.64944,-10.66263,-1.34966,0.5051,-7.05156,,,,,,,,,,,,,,,,,,,,,,,,,,,,,,,,,,,,,,,,,,,,,,,,,,,High,High,High,,,,,,,,,,,,,,,,,,,,,,,,,,,,,,,,,,,,,,,
178,2026-05-21,17:20:24.11,2,1,"Robert, Nick",806207,Right,MIA_HUR,"Toomey, Jack",809057,Right,BOC_EAG,Undefined,6,Bottom,0,0,0,Sinker,Sinker,BallCalled,Undefined,Undefined,Undefined,0,0,,94.05214,-2.193682,-1.553898,1945.95659,245.776194,2:15,5.93347,1.26893,6.30951,-23.31391,7.39311,14.5556,1.96815,1.05013,87.26993,-6.530519,1.081675,0.398832,,,,,,,,,,,,-7.94863,4.65571,-1.16169,50,5.76143,3.10749,-136.80044,-6.02136,-15.25581,26.55608,-23.23831,BOC_EAG,MIA_HUR,TruistField,D1,ACC,20260521-TruistField-2,e2586ee0-555a-11f1-b22b-2feaa7944c68,94.50703,,,6.78222,,,,,,,ca2eee80-f2ce-4c98-97a8-1c82669d3b1d,2026-05-21,21:20:24.11,2026-05-21T17:20:24.1103872-04:00,2026-05-21T21:20:24.1103872Z,,v3,227,236,,"Alvarez, Alonzo",828345,Right,MIA_HUR,6a21a5ea-1dab-453c-a9ea-accf8a805e3e,54.19036,-137.61148,13.27804,5.93449,-5.31165,-11.61915,-1.26371,3.57341,-7.6279,,,,,,,,,,,,,,,,,,,,,,,,,,,,,,,,,,,,,,,,,,,,,,,,,,,High,High,High,,,,,,,,,,,,,,,,,,,,,,,,,,,,,,,,,,,,,,,
179,2026-05-21,17:20:42.24,2,2,"Robert, Nick",806207,Right,MIA_HUR,"Toomey, Jack",809057,Right,BOC_EAG,Undefined,6,Bottom,0,1,0,Fastball,Sinker,StrikeSwinging,Undefined,Undefined,Undefined,0,0,,94.63441,-1.588708,-2.174645,1976.393809,232.740937,1:45,5.9554,1.32909,6.29818,-18.54792,12.02166,14.59517,2.94452,0.54073,86.94517,-5.090773,0.464451,0.397939,,,,,,,,,,,,-8.14634,6.9554,-1.17593,50,5.82955,4.60339,-137.53471,-4.39811,-15.68187,29.07167,-18.78473,BOC_EAG,MIA_HUR,TruistField,D1,ACC,20260521-TruistField-2,ed2d90c0-555a-11f1-b22b-2feaa7944c68,94.7192,,,7.68925,,,,,,,ca2eee80-f2ce-4c98-97a8-1c82669d3b1d,2026-05-21,21:20:42.24,2026-05-21T17:20:42.2420992-04:00,2026-05-21T21:20:42.2420992Z,,v3,227,236,,"Alvarez, Alonzo",828345,Right,MIA_HUR,21c4433d-b802-455e-b738-b50e95107747,54.20038,-138.41972,14.53584,5.95474,-3.82626,-9.39236,-1.32333,5.08079,-7.84094,,,,,,,,,,,,,,,,,,,,,,,,,,,,,,,,,,,,,,,,,,,,,,,,,,,High,High,High,,,,,,,,,,,,,,,,,,,,,,,,,,,,,,,,,,,,,,,
180,2026-05-21,17:21:05.49,2,3,"Robert, Nick",806207,Right,MIA_HUR,"Toomey, Jack",809057,Right,BOC_EAG,Undefined,6,Bottom,0,1,1,Sinker,Sinker,BallCalled,Undefined,Undefined,Undefined,0,0,,94.62971,-2.619174,-1.525836,2016.274505,250.2327,2:15,5.91253,1.19323,6.34029,-24.05962,6.20918,15.00607,1.49372,1.03866,88.01304,-7.081646,1.193723,0.395976,,,,,,,,,,,,-8.20099,4.12457,-1.08907,50,5.71046,3.04986,-137.63595,-7.1106,-15.95557,26.47074,-24.14943,BOC_EAG,MIA_HUR,TruistField,D1,ACC,20260521-TruistField-2,fa52bd20-555a-11f1-b22b-2feaa7944c68,95.18869,,,6.61667,,,,,,,ca2eee80-f2ce-4c98-97a8-1c82669d3b1d,2026-05-21,21:21:05.49,2026-05-21T17:21:05.4976000-04:00,2026-05-21T21:21:05.4976000Z,,v3,227,236,,"Alvarez, Alonzo",828345,Right,MIA_HUR,043a7320-a61a-46f3-9e57-8da8f2063ea5,54.16026,-138.43375,13.23537,5.9138,-6.38275,-12.07471,-1.18824,3.53075,-7.97779,,,,,,,,,,,,,,,,,,,,,,,,,,,,,,,,,,,,,,,,,,,,,,,,,,,High,High,High,,,,,,,,,,,,,,,,,,,,,,,,,,,,,,,,,,,,,,,
181,2026-05-21,17:21:28.07,2,4,"Robert, Nick",806207,Right,MIA_HUR,"Toomey, Jack",809057,Right,BOC_EAG,Undefined,6,Bottom,0,2,1,Fastball,Sinker,InPlay,Undefined,GroundBall,Out,2,0,,93.94286,-2.10388,-1.736997,1965.734903,228.954416,1:45,6.01701,1.17888,6.32365,-19.69875,11.17182,11.81016,2.43617,0.56292,86.7556,-5.803001,0.400618,0.399893,51.67717,-25.471018,7.056649,,,,,5.8122,5.8122,0.45905,0.072523,-6.61815,6.63311,-1.05757,50,5.85379,3.66001,-136.59156,-5.64354,-12.61538,27.5626,-19.53015,BOC_EAG,MIA_HUR,TruistField,D1,ACC,20260521-TruistField-2,07da2dc0-555b-11f1-b22b-2feaa7944c68,94.25635,2.37894,,7.18727,,,,0.8558,2.37894,-0.56696,ca2eee80-f2ce-4c98-97a8-1c82669d3b1d,2026-05-21,21:21:28.07,2026-05-21T17:21:28.0751616-04:00,2026-05-21T21:21:28.0751616Z,GroundBall,v3,227,236,,"Alvarez, Alonzo",828345,Right,MIA_HUR,b2ac19c1-2db3-4ee7-8ae2-417f44147895,54.17605,-137.43165,13.7813,6.01673,-5.04827,-9.76507,-1.17499,4.04452,-6.30769,,0.85076,68.33958,,,,,,,,2.38136,-32.80236,,,,,,,,-0.56758,8.45964,,,,,,,,,,,,,,,,,,,,,,,,,,,,,,High,High,High,Estimated,Estimated,,,,,,,,,,,,,,,,,,,,,,,,,,,,,,,,,,,,,
182,2026-05-21,17:22:10.90,3,1,"Robert, Nick",806207,Right,MIA_HUR,"Wolff, Kyle",813479,Right,BOC_EAG,Undefined,6,Bottom,2,0,0,Slider,Slider,BallCalled,Undefined,Undefined,Undefined,0,0,,83.62814,-0.774213,-2.719559,2260.993005,147.561963,11:00,6.14203,1.11936,6.29704,-36.02986,3.38177,-1.36449,2.42534,-1.50201,76.78505,-7.461808,-2.96617,0.451839,,,,,,,,,,,,-0.0624,2.37099,-0.91883,50,6.06801,5.81982,-121.44226,-2.75564,-0.09301,24.18879,-28.63968,BOC_EAG,MIA_HUR,TruistField,D1,ACC,20260521-TruistField-2,21724d80-555b-11f1-b22b-2feaa7944c68,83.42007,,,6.84308,,,,,,,ca2eee80-f2ce-4c98-97a8-1c82669d3b1d,2026-05-21,21:22:10.90,2026-05-21T17:22:10.9051392-04:00,2026-05-21T21:22:10.9051392Z,,v3,227,236,,"Alvarez, Alonzo",828345,Right,MIA_HUR,02a04a2b-801e-4d2f-ae26-30365f25b021,54.20048,-122.27605,12.0944,6.14598,-1.76844,-14.31984,-1.11949,5.82303,-0.0465,,,,,,,,,,,,,,,,,,,,,,,,,,,,,,,,,,,,,,,,,,,,,,,,,,,High,High,High,,,,,,,,,,,,,,,,,,,,,,,,,,,,,,,,,,,,,,,
183,2026-05-21,17:22:34.45,3,2,"Robert, Nick",806207,Right,MIA_HUR,"Wolff, Kyle",813479,Right,BOC_EAG,Undefined,6,Bottom,2,1,0,Fastball,Sinker,BallCalled,Undefined,Undefined,Undefined,0,0,,94.00696,-0.353941,-1.165496,1982.942,234.914174,1:45,6.04527,1.3964,6.22008,-20.28497,10.65319,13.89828,4.02819,1.479,86.56923,-4.166546,1.344925,0.400331,,,,,,,,,,,,-7.47733,5.89555,-1.31573,50,6.00855,2.18839,-136.75544,-1.5035,-14.27356,27.90141,-20.91996,BOC_EAG,MIA_HUR,TruistField,D1,ACC,20260521-TruistField-2,2f5c7790-555b-11f1-b22b-2feaa7944c68,94.15328,,,7.43772,,,,,,,ca2eee80-f2ce-4c98-97a8-1c82669d3b1d,2026-05-21,21:22:34.45,2026-05-21T17:22:34.4526336-04:00,2026-05-21T21:22:34.4526336Z,,v3,227,236,,"Alvarez, Alonzo",828345,Right,MIA_HUR,3cf0df09-2dbd-4800-bdbf-ceaaeae53470,54.27842,-137.62558,13.9507,6.04527,-0.85109,-10.45998,-1.39092,2.63352,-7.13678,,,,,,,,,,,,,,,,,,,,,,,,,,,,,,,,,,,,,,,,,,,,,,,,,,,High,High,High,,,,,,,,,,,,,,,,,,,,,,,,,,,,,,,,,,,,,,,
184,2026-05-21,17:22:56.89,3,3,"Robert, Nick",806207,Right,MIA_HUR,"Wolff, Kyle",813479,Right,BOC_EAG,Undefined,6,Bottom,2,2,0,Sinker,Sinker,InPlay,Undefined,GroundBall,Single,0,0,,94.84536,-2.268213,-2.763771,2011.46099,245.313027,2:15,5.87894,1.28497,6.26874,-22.08202,8.25748,16.0921,1.94421,0.07612,87.75557,-6.38472,0.144483,0.396438,108.25838,4.284101,-3.814798,888.688209,,,,105.29473,104.72977,-6.029789,0.718069,-9.10544,5.11996,-1.08829,50,5.69999,5.99069,-137.83008,-6.20405,-17.70385,27.55346,-22.21923,BOC_EAG,MIA_HUR,TruistField,D1,ACC,20260521-TruistField-2,3cb732e0-555b-11f1-b22b-2feaa7944c68,95.07773,3.59058,,7.08979,,,,1.21252,1.94184,-0.1085,ca2eee80-f2ce-4c98-97a8-1c82669d3b1d,2026-05-21,21:22:56.89,2026-05-21T17:22:56.8973312-04:00,2026-05-21T21:22:56.8973312Z,GroundBall,v3,227,236,,"Alvarez, Alonzo",828345,Right,MIA_HUR,1155def1-70c3-4d56-aeaf-054da7f2731b,54.23205,-138.67352,13.77673,5.87949,-5.52389,-11.10962,-1.27997,6.53263,-8.85192,65.059455,1.25392,157.20565,-18.35624,,,,,,,1.97857,11.16882,-19.45799,,,,,,,-0.07922,-11.0894,-5.90617,,,,,,,,,,,,,,,,,,,,,,,,,,,,,High,High,High,High,High,,,,,,,,,,,,,,,,,,,,,,,,,,,,,,,,,,,,,
185,2026-05-21,17:24:01.57,4,1,"Robert, Nick",806207,Right,MIA_HUR,"Gallo, Luke",828057,Right,BOC_EAG,Undefined,6,Bottom,2,0,0,Fastball,Sinker,StrikeCalled,Undefined,Undefined,Undefined,0,0,,93.21765,-1.782677,-3.002125,1970.302781,234.963377,1:45,5.87293,1.31814,6.12729,-21.68005,9.92312,12.85977,2.41563,-0.38778,86.10603,-5.828095,-0.686065,0.40461,,,,,,,,,,,,-7.37567,5.85961,-1.09496,50,5.72509,6.55394,-135.40237,-4.94248,-13.83849,26.61957,-21.18002,BOC_EAG,MIA_HUR,TruistField,D1,ACC,20260521-TruistField-2,63502e20-555b-11f1-b22b-2feaa7944c68,93.15744,,,7.11161,,,,,,,ca2eee80-f2ce-4c98-97a8-1c82669d3b1d,2026-05-21,21:24:01.57,2026-05-21T17:24:01.5721984-04:00,2026-05-21T21:24:01.5721984Z,,v3,227,236,,"Alvarez, Alonzo",828345,Right,MIA_HUR,1cf5575a-30b1-439e-b0b2-5e8ab7e33815,54.37164,-136.25911,13.30979,5.8732,-4.26081,-10.59001,-1.31306,6.99932,-6.91925,,,,,,,,,,,,,,,,,,,,,,,,,,,,,,,,,,,,,,,,,,,,,,,,,,,High,High,High,,,,,,,,,,,,,,,,,,,,,,,,,,,,,,,,,,,,,,,
186,,,4,2,"Robert, Nick",806207,Right,MIA_HUR,"Gallo, Luke",828057,Right,BOC_EAG,Undefined,6,Bottom,2,0,1,Fastball,,BallCalled,Undefined,Undefined,Undefined,0,0,,,,,,,,,,,,,,,,,,,,,,,,,,,,,,,,,,,,,,,,,,BOC_EAG,MIA_HUR,TruistField,D1,ACC,20260521-TruistField-2,84b8bb41-555b-11f1-b22b-2feaa7944c68,,,,,,,,,,,ca2eee80-f2ce-4c98-97a8-1c82669d3b1d,,,,,,v3,227,236,,"Alvarez, Alonzo",828345,Right,MIA_HUR,84b8bb40-555b-11f1-b22b-2feaa7944c68,,,,,,,,,,,,,,,,,,,,,,,,,,,,,,,,,,,,,,,,,,,,,,,,,,,,,,,,,,,,,,,,,,,,,,,,,,,,,,,,,,,,,,,,,,,,,,,,,,,,,
187,2026-05-21,17:24:22.60,4,3,"Robert, Nick",806207,Right,MIA_HUR,"Gallo, Luke",828057,Right,BOC_EAG,Undefined,6,Bottom,2,1,1,Slider,Slider,BallCalled,Undefined,Undefined,Undefined,0,0,,81.95129,-0.681987,-2.973024,2213.195326,63.148497,8:00,5.91738,1.14136,6.23032,-42.02471,-0.95071,-4.33481,1.78527,-1.96512,75.59951,-8.426997,-3.755539,0.46127,,,,,,,,,,,,1.42189,0.09508,-0.91727,50,5.84586,6.34104,-119.01945,-2.73225,2.03979,22.81957,-32.03763,BOC_EAG,MIA_HUR,TruistField,D1,ACC,20260521-TruistField-2,6ff4b8d0-555b-11f1-b22b-2feaa7944c68,81.71457,,,6.35178,,,,,,,ca2eee80-f2ce-4c98-97a8-1c82669d3b1d,2026-05-21,21:24:22.60,2026-05-21T17:24:22.6090496-04:00,2026-05-21T21:24:22.6090496Z,,v3,227,236,,"Alvarez, Alonzo",828345,Right,MIA_HUR,612f1b85-61d6-4563-8d58-5c2f28945c90,54.26844,-119.83504,11.40978,5.92305,-1.58719,-16.01881,-1.1426,6.26814,1.0199,,,,,,,,,,,,,,,,,,,,,,,,,,,,,,,,,,,,,,,,,,,,,,,,,,,High,High,High,,,,,,,,,,,,,,,,,,,,,,,,,,,,,,,,,,,,,,,
188,2026-05-21,17:24:43.84,4,4,"Robert, Nick",806207,Right,MIA_HUR,"Gallo, Luke",828057,Right,BOC_EAG,Undefined,6,Bottom,2,2,1,Fastball,Sinker,BallCalled,Undefined,Undefined,Undefined,0,0,,93.50553,-3.475088,-3.643683,1945.482727,232.208587,1:45,5.92265,1.23413,6.07705,-20.33351,11.33213,13.39241,1.00246,-1.02564,86.26997,-7.264855,-1.235661,0.40501,,,,,,,,,,,,-7.83808,7.03083,-0.95912,50,5.64227,8.0581,-135.5152,-8.91857,-14.69439,27.35259,-18.99304,BOC_EAG,MIA_HUR,TruistField,D1,ACC,20260521-TruistField-2,7c79ad90-555b-11f1-b22b-2feaa7944c68,93.06547,,,7.23556,,,,,,,ca2eee80-f2ce-4c98-97a8-1c82669d3b1d,2026-05-21,21:24:43.84,2026-05-21T17:24:43.8438912-04:00,2026-05-21T21:24:43.8438912Z,,v3,227,236,,"Alvarez, Alonzo",828345,Right,MIA_HUR,e46616c7-ea27-42e8-914b-4d07d9cbc604,54.42197,-136.40482,13.6763,5.92229,-8.30084,-9.49652,-1.22897,8.53602,-7.3472,,,,,,,,,,,,,,,,,,,,,,,,,,,,,,,,,,,,,,,,,,,,,,,,,,,High,High,High,,,,,,,,,,,,,,,,,,,,,,,,,,,,,,,,,,,,,,,
189,2026-05-21,17:25:03.85,4,5,"Robert, Nick",806207,Right,MIA_HUR,"Gallo, Luke",828057,Right,BOC_EAG,Undefined,6,Bottom,2,3,1,Sinker,Sinker,InPlay,Undefined,LineDrive,Single,0,0,,94.19871,-1.600669,-2.252762,2012.840046,243.16625,2:00,6.13321,1.19321,6.24037,-21.63564,9.26721,16.49836,2.85229,0.48909,86.66856,-5.652754,0.728047,0.400102,88.57143,11.176463,-3.774305,1989.190206,109.79488,16.23397,-6.70447,240.22954,238.93817,-2.614185,2.320402,-9.18347,5.51528,-1.03344,50,6.00314,4.69633,-136.91515,-4.54241,-17.52535,28.71968,-21.64892,BOC_EAG,MIA_HUR,TruistField,D1,ACC,20260521-TruistField-2,88603f70-555b-11f1-b22b-2feaa7944c68,94.20703,16.47659,,7.53014,,,,0.59678,2.7411,-0.49941,ca2eee80-f2ce-4c98-97a8-1c82669d3b1d,2026-05-21,21:25:03.85,2026-05-21T17:25:03.8520320-04:00,2026-05-21T21:25:03.8520320Z,LineDrive,v3,227,236,,"Alvarez, Alonzo",828345,Right,MIA_HUR,4c89fc9e-70b8-40f6-ae9d-1062e030ce1e,54.2594,-137.80572,14.35984,6.13359,-3.8711,-10.82446,-1.18749,5.23977,-8.76268,189.475317,0.59678,127.16477,-15.22331,3.02033,-0.55731,0.09716,-0.01563,0.00195,-0.00012,2.74111,25.17847,-11.59409,-0.0124,0.0754,-0.01846,0.00354,-0.00019,-2E-05,-0.49941,-8.38887,2.22503,-0.33412,0.05536,-0.00849,0.00152,-0.00023,2E-05,,,,,,,,,,,,,,,,,,,,,,,High,High,High,High,High,,,,,,,,,,,,,,,,,,,,,,,,,,,,,,,,,,,,,
190,2026-05-21,17:26:43.66,5,1,"Robert, Nick",806207,Right,MIA_HUR,"Johnson, Gunnar",1000100233,Right,BOC_EAG,Undefined,6,Bottom,2,0,0,Sinker,Sinker,StrikeSwinging,Undefined,Undefined,Undefined,0,0,,92.70434,-2.099229,-1.275661,1973.680722,246.040836,2:15,5.97084,1.39012,6.27956,-24.11139,7.7052,15.24379,2.02535,1.48447,85.56099,-6.592042,1.483328,0.405974,,,,,,,,,,,,-8.35276,4.82969,-1.30356,50,5.80402,2.39545,-134.81098,-5.73281,-15.46044,27.72212,-23.23464,BOC_EAG,MIA_HUR,TruistField,D1,ACC,20260521-TruistField-2,c3e621e0-555b-11f1-b22b-2feaa7944c68,92.84443,,,7.14336,,,,,,,ca2eee80-f2ce-4c98-97a8-1c82669d3b1d,2026-05-21,21:26:43.66,2026-05-21T17:26:43.6629504-04:00,2026-05-21T21:26:43.6629504Z,,v3,227,236,,"Alvarez, Alonzo",828345,Right,MIA_HUR,19a1b94f-32a7-40fc-8f96-fdb0d854861f,54.22124,-135.67624,13.86106,5.97163,-5.00761,-11.61732,-1.38586,2.878,-7.73022,,,,,,,,,,,,,,,,,,,,,,,,,,,,,,,,,,,,,,,,,,,,,,,,,,,High,High,High,,,,,,,,,,,,,,,,,,,,,,,,,,,,,,,,,,,,,,,
191,2026-05-21,17:27:03.00,5,2,"Robert, Nick",806207,Right,MIA_HUR,"Johnson, Gunnar",1000100233,Right,BOC_EAG,Undefined,6,Bottom,2,0,1,Fastball,Sinker,InPlay,Undefined,GroundBall,Out,1,0,,92.47432,-1.87511,-2.827563,2039.485358,237.050877,2:00,5.99154,1.28113,6.0702,-22.50415,9.7826,13.61123,2.37832,-0.20322,85.16937,-6.072062,-0.377913,0.408962,70.73473,-36.955506,-29.948483,,,,,4.09761,4.09761,-19.311237,0.037566,-7.78556,5.82776,-1.06937,50,5.83405,6.0638,-134.29843,-5.15388,-14.31232,27.29849,-21.46074,BOC_EAG,MIA_HUR,TruistField,D1,ACC,20260521-TruistField-2,cf734920-555b-11f1-b22b-2feaa7944c68,92.16601,2.35091,,7.30495,,,,1.1595,2.35091,0.20489,ca2eee80-f2ce-4c98-97a8-1c82669d3b1d,2026-05-21,21:27:03.00,2026-05-21T17:27:03.0052352-04:00,2026-05-21T21:27:03.0052352Z,GroundBall,v3,227,236,,"Alvarez, Alonzo",828345,Right,MIA_HUR,13fb872f-377d-4cf0-a251-b16967e27d51,54.42937,-135.19578,13.64925,5.99187,-4.44843,-10.73037,-1.27643,6.53427,-7.15616,,1.15804,72.07445,,,,,,,,2.35218,-62.58036,,,,,,,,0.20573,-41.52584,,,,,,,,,,,,,,,,,,,,,,,,,,,,,,High,High,High,Estimated,Estimated,,,,,,,,,,,,,,,,,,,,,,,,,,,,,,,,,,,,,
192,2026-05-21,17:29:39.76,1,1,"Kipp, Kyle",822339,Right,BOC_EAG,"Sosa, Alex",806227,Left,MIA_HUR,Undefined,7,Top,0,0,0,Sinker,Sinker,FoulBallNotFieldable,Undefined,Undefined,Undefined,0,0,,92.9857,-0.858126,-3.376916,2265.270323,246.213688,2:15,5.59816,2.33442,5.52361,-24.02399,8.57134,17.24871,2.79246,0.6111,85.5137,-5.292421,-0.306897,0.410912,98.78671,4.640815,-48.677921,3093.699456,,,,126.74536,125.98043,-52.945083,1.005559,-9.59327,4.84488,-2.05237,50,5.50736,7.17507,-134.93492,-2.92186,-17.82115,27.27633,-23.17381,BOC_EAG,MIA_HUR,TruistField,D1,ACC,20260521-TruistField-2,2d068430-555c-11f1-b22b-2feaa7944c68,91.72868,5.10747,,7.47199,,,,-0.00145,2.82689,-0.60713,ca2eee80-f2ce-4c98-97a8-1c82669d3b1d,2026-05-21,21:29:39.76,2026-05-21T17:29:39.7615616-04:00,2026-05-21T21:29:39.7615616Z,GroundBall,v3,227,236,,"Johnson, Gunnar",1000100233,Right,BOC_EAG,866023fb-41de-4d80-ac77-3961a41c4293,54.97596,-135.93706,13.63817,5.59907,-2.07044,-11.58691,-2.32801,7.82983,-8.91057,,0.17221,92.97019,-17.24676,,,,,,,2.86851,11.16003,-13.97322,,,,,,,-0.63878,-108.03666,8.06634,,,,,,,,,,,,,,,,,,,,,,,,,,,,,High,High,High,Medium,High,,,,,,,,,,,,,,,,,,,,,,,,,,,,,,,,,,,,,
193,2026-05-21,17:30:04.98,1,2,"Kipp, Kyle",822339,Right,BOC_EAG,"Sosa, Alex",806227,Left,MIA_HUR,Undefined,7,Top,0,0,1,Sweeper,Curveball,BallCalled,Undefined,Undefined,Undefined,0,0,,82.19948,0.550403,-0.284124,1553.004134,64.199087,8:15,5.20895,2.50374,5.17044,-44.93321,-2.25646,-7.55382,1.9825,1.60688,75.0921,-7.614058,-1.623751,0.470183,,,,,,,,,,,,3.6676,-0.84032,-2.47133,50,5.22602,0.91565,-119.25914,-0.5212,5.2516,24.17149,-33.37726,BOC_EAG,MIA_HUR,TruistField,D1,ACC,20260521-TruistField-2,3bfa2f00-555c-11f1-b22b-2feaa7944c68,80.16541,,,7.10738,,,,,,,ca2eee80-f2ce-4c98-97a8-1c82669d3b1d,2026-05-21,21:30:04.98,2026-05-21T17:30:04.9838592-04:00,2026-05-21T21:30:04.9838592Z,,v3,227,236,,"Johnson, Gunnar",1000100233,Right,BOC_EAG,bbcf3737-47a4-4b10-8000-029aaf59c11d,55.32709,-120.33399,12.08575,5.21619,0.96301,-16.68863,-2.50686,0.68212,2.6258,,,,,,,,,,,,,,,,,,,,,,,,,,,,,,,,,,,,,,,,,,,,,,,,,,,High,High,High,,,,,,,,,,,,,,,,,,,,,,,,,,,,,,,,,,,,,,,
194,2026-05-21,17:30:25.75,1,3,"Kipp, Kyle",822339,Right,BOC_EAG,"Sosa, Alex",806227,Left,MIA_HUR,Undefined,7,Top,0,1,1,Sweeper,Slider,BallCalled,Undefined,Undefined,Undefined,0,0,,81.50798,0.069274,-1.513312,1934.329087,64.834719,8:15,5.08023,2.44607,5.25799,-44.85432,-1.9052,-6.80737,1.40747,0.45666,75.1557,-8.062309,-2.721913,0.471681,,,,,,,,,,,,3.01437,-0.62402,-2.30214,50,5.05308,3.40489,-118.35919,-1.47069,4.28383,22.20496,-33.06083,BOC_EAG,MIA_HUR,TruistField,D1,ACC,20260521-TruistField-2,4873d920-555c-11f1-b22b-2feaa7944c68,79.91083,,,6.35228,,,,,,,ca2eee80-f2ce-4c98-97a8-1c82669d3b1d,2026-05-21,21:30:25.75,2026-05-21T17:30:25.7581568-04:00,2026-05-21T21:30:25.7581568Z,,v3,227,236,,"Johnson, Gunnar",1000100233,Right,BOC_EAG,01c28076-a87d-4b35-9378-d2c7ee83f603,55.2418,-119.33853,11.10248,5.08579,-0.01255,-16.53041,-2.44815,3.21595,2.14191,,,,,,,,,,,,,,,,,,,,,,,,,,,,,,,,,,,,,,,,,,,,,,,,,,,High,High,High,,,,,,,,,,,,,,,,,,,,,,,,,,,,,,,,,,,,,,,
195,2026-05-21,17:30:46.21,1,4,"Kipp, Kyle",822339,Right,BOC_EAG,"Sosa, Alex",806227,Left,MIA_HUR,Undefined,7,Top,0,2,1,Sinker,Four-Seam,InPlay,Undefined,FlyBall,Out,1,0,,90.54518,-0.334141,-3.775195,2200.321713,219.467979,1:15,5.58194,2.42305,5.77172,-19.52867,14.80804,11.28831,3.64293,-0.15439,82.55572,-4.012978,-1.760094,0.421746,76.31219,43.671021,13.533906,,107.47104,84.74411,23.45118,259.12002,256.67586,10.041178,5.021707,-6.85052,7.97902,-2.11781,50,5.5426,8.17953,-131.27524,-1.39692,-11.94639,27.96327,-18.25967,BOC_EAG,MIA_HUR,TruistField,D1,ACC,20260521-TruistField-2,5484fd70-555c-11f1-b22b-2feaa7944c68,89.37242,91.60209,,7.98946,,,,1.33166,3.74513,0.16582,ca2eee80-f2ce-4c98-97a8-1c82669d3b1d,2026-05-21,21:30:46.21,2026-05-21T17:30:46.2121984-04:00,2026-05-21T21:30:46.2121984Z,FlyBall,v3,227,236,,"Johnson, Gunnar",1000100233,Right,BOC_EAG,2269262c-021e-41e4-8ef0-085fca640b2e,54.72674,-132.27826,13.98163,5.58095,-0.74196,-9.12984,-2.41888,8.60804,-5.9732,174.951676,1.33472,78.64535,-13.81589,3.06647,-0.38405,-0.00035,0.00813,-0.00099,3E-05,3.74412,77.29814,-19.34827,1.32463,-0.08115,-0.06891,0.02815,-0.00433,0.00024,0.16698,18.9222,-4.21385,0.78865,-0.06801,-0.01025,0.00299,-0.00018,-0,,,,,,,,,,,,,,,,,,,,,,,High,High,High,High,Medium,,,,,,,,,,,,,,,,,,,,,,,,,,,,,,,,,,,,,
196,2026-05-21,17:31:21.28,2,1,"Kipp, Kyle",822339,Right,BOC_EAG,"Alvarez, Alonzo",828345,Left,MIA_HUR,Undefined,7,Top,1,0,0,Sinker,Sinker,BallCalled,Undefined,Undefined,Undefined,0,0,,93.32713,-0.216978,-2.595193,2269.788788,251.029564,2:15,5.60004,2.44299,5.49978,-25.04104,7.71382,19.25324,3.31014,1.61845,84.74672,-4.859304,0.833436,0.411917,,,,,,,,,,,,-10.41442,4.28697,-2.2292,50,5.5644,5.22198,-135.3356,-1.45828,-19.20377,31.12664,-24.26902,BOC_EAG,MIA_HUR,TruistField,D1,ACC,20260521-TruistField-2,69a1ce40-555c-11f1-b22b-2feaa7944c68,91.50502,,,8.58041,,,,,,,ca2eee80-f2ce-4c98-97a8-1c82669d3b1d,2026-05-21,21:31:21.28,2026-05-21T17:31:21.2857344-04:00,2026-05-21T21:31:21.2857344Z,,v3,227,236,,"Johnson, Gunnar",1000100233,Right,BOC_EAG,fe0ddd78-fb6a-41fa-a565-3669b8cb179a,54.99736,-136.48014,15.56332,5.60161,-0.56591,-12.13451,-2.4342,5.9281,-9.60188,,,,,,,,,,,,,,,,,,,,,,,,,,,,,,,,,,,,,,,,,,,,,,,,,,,High,High,High,,,,,,,,,,,,,,,,,,,,,,,,,,,,,,,,,,,,,,,
197,2026-05-21,17:31:36.23,2,2,"Kipp, Kyle",822339,Right,BOC_EAG,"Alvarez, Alonzo",828345,Left,MIA_HUR,Undefined,7,Top,1,1,0,ChangeUp,Changeup,BallCalled,Undefined,Undefined,Undefined,0,0,,82.83628,-1.04534,-4.658366,1738.336949,240.170794,2:00,5.43697,2.25654,5.95122,-31.87218,9.69823,14.17387,1.80815,-0.89215,74.52699,-7.006102,-2.121131,0.464049,,,,,,,,,,,,-8.74878,5.7904,-1.89303,50,5.33611,9.18354,-119.73201,-3.17988,-12.46723,27.07145,-23.92261,BOC_EAG,MIA_HUR,TruistField,D1,ACC,20260521-TruistField-2,72cc7470-555c-11f1-b22b-2feaa7944c68,81.22518,,,8.30929,,,,,,,ca2eee80-f2ce-4c98-97a8-1c82669d3b1d,2026-05-21,21:31:36.23,2026-05-21T17:31:36.2333696-04:00,2026-05-21T21:31:36.2333696Z,,v3,227,236,,"Johnson, Gunnar",1000100233,Right,BOC_EAG,1ee96b01-c1a7-4843-bd9f-5b98a5628dad,54.54284,-120.75478,13.53573,5.43917,-2.27608,-11.9613,-2.24889,9.65456,-6.23362,,,,,,,,,,,,,,,,,,,,,,,,,,,,,,,,,,,,,,,,,,,,,,,,,,,High,High,High,,,,,,,,,,,,,,,,,,,,,,,,,,,,,,,,,,,,,,,
198,2026-05-21,17:31:57.25,2,3,"Kipp, Kyle",822339,Right,BOC_EAG,"Alvarez, Alonzo",828345,Left,MIA_HUR,Undefined,7,Top,1,2,0,Sinker,Sinker,InPlay,Undefined,GroundBall,Out,1,0,,91.50455,-1.586518,-4.165733,2211.42524,253.48703,2:30,5.41269,2.51735,5.71289,-26.80982,6.75634,19.31745,1.69627,0.23954,84.06843,-6.532762,-0.717694,0.416987,104.30649,0.726541,-3.783426,1543.736389,,,,56.50831,53.62547,-5.681895,0.380403,-10.99965,4.15394,-2.18078,50,5.26286,8.82657,-132.65908,-4.65233,-19.69341,27.13506,-24.73696,BOC_EAG,MIA_HUR,TruistField,D1,ACC,20260521-TruistField-2,7ef120c0-555c-11f1-b22b-2feaa7944c68,90.39246,1.79176,,7.43611,,,,1.33425,1.73878,-0.22917,ca2eee80-f2ce-4c98-97a8-1c82669d3b1d,2026-05-21,21:31:57.25,2026-05-21T17:31:57.2509696-04:00,2026-05-21T21:31:57.2509696Z,GroundBall,v3,227,236,,"Johnson, Gunnar",1000100233,Right,BOC_EAG,05692cef-5a85-4575-a664-9751869cdd64,54.7876,-133.63478,13.56753,5.41415,-3.76286,-12.36848,-2.51089,9.53469,-9.8467,83.752812,1.34241,152.35092,-21.24549,,,,,,,1.74315,1.7863,-16.77095,,,,,,,-0.22154,-10.36269,-9.93961,,,,,,,,,,,,,,,,,,,,,,,,,,,,,High,High,High,High,High,,,,,,,,,,,,,,,,,,,,,,,,,,,,,,,,,,,,,
199,2026-05-21,17:32:38.95,3,1,"Kipp, Kyle",822339,Right,BOC_EAG,"Dubovik, Dylan",828130,Right,MIA_HUR,Undefined,7,Top,2,0,0,Fastball,Four-Seam,FoulBallNotFieldable,Undefined,Undefined,Undefined,0,0,,92.4562,-1.82103,-3.950756,2342.07089,199.856858,12:45,5.64011,2.3309,5.55493,-14.26918,19.20997,6.52138,2.74491,-0.82288,83.79148,-4.551823,-2.792259,0.416446,73.89595,17.019866,166.123894,3311.893301,,,,121.1299,44.40663,170.796328,1.273841,-4.38028,10.4928,-1.99297,50,5.47281,8.91691,-133.71213,-4.66689,-7.88814,30.25817,-13.27827,BOC_EAG,MIA_HUR,TruistField,D1,ACC,20260521-TruistField-2,97b80dd0-555c-11f1-b22b-2feaa7944c68,90.50977,11.66473,,8.66473,,,,-0.46457,2.78831,1.16601,ca2eee80-f2ce-4c98-97a8-1c82669d3b1d,2026-05-21,21:32:38.95,2026-05-21T17:32:38.9586944-04:00,2026-05-21T21:32:38.9586944Z,LineDrive,v3,227,236,,"Johnson, Gunnar",1000100233,Right,BOC_EAG,db2094fb-4180-4c7e-86a1-deca2f8ffc9a,54.93657,-134.82461,15.12908,5.63542,-4.17869,-6.63913,-2.32614,9.20692,-3.94407,324.921677,-0.33429,-102.01785,6.53228,,,,,,,3.00152,29.43424,-25.07609,,,,,,,1.26424,23.79303,-7.57173,,,,,,,,,,,,,,,,,,,,,,,,,,,,,High,High,High,Medium,Low,,,,,,,,,,,,,,,,,,,,,,,,,,,,,,,,,,,,,
200,2026-05-21,17:33:05.03,3,2,"Kipp, Kyle",822339,Right,BOC_EAG,"Dubovik, Dylan",828130,Right,MIA_HUR,Undefined,7,Top,2,0,1,Sinker,Sinker,InPlay,Undefined,GroundBall,Single,0,0,,91.17773,-0.838871,-4.066069,2008.638037,230.1578,1:45,5.72572,2.1916,5.35677,-22.31938,11.86914,12.99296,3.07704,-0.54524,83.75203,-4.965327,-1.764827,0.420835,99.75226,-19.331067,13.439367,,,,,9.27985,8.6744,16.838223,0.063973,-7.57851,6.48678,-1.83526,50,5.63438,8.80106,-132.14787,-2.75459,-13.50151,26.18717,-20.61756,BOC_EAG,MIA_HUR,TruistField,D1,ACC,20260521-TruistField-2,a75f7840-555c-11f1-b22b-2feaa7944c68,89.56591,3.10474,,7.4257,,,,0.27397,3.10474,0.63113,ca2eee80-f2ce-4c98-97a8-1c82669d3b1d,2026-05-21,21:33:05.03,2026-05-21T17:33:05.0328576-04:00,2026-05-21T21:33:05.0328576Z,GroundBall,v3,227,236,,"Johnson, Gunnar",1000100233,Right,BOC_EAG,5e7f9d4e-fe05-4d02-bc69-01002d3aa664,55.1419,-133.16292,13.09359,5.72566,-1.95543,-10.30878,-2.18654,9.3244,-6.75076,180,0.27108,134.55598,,,,,,,,3.10579,-48.53173,,,,,,,,0.63044,32.15347,,,,,,,,,,,,,,,,,,,,,,,,,,,,,,High,High,High,High,High,,,,,,,,,,,,,,,,,,,,,,,,,,,,,,,,,,,,,
201,2026-05-21,17:33:43.27,4,1,"Kipp, Kyle",822339,Right,BOC_EAG,"Milano, Gabriel",813298,Left,MIA_HUR,Undefined,7,Top,2,0,0,ChangeUp,Changeup,FoulBallNotFieldable,Undefined,Undefined,Undefined,0,0,,81.32815,-0.309564,-3.720359,1711.955647,231.041818,1:45,5.36583,2.30991,5.88152,-32.55962,9.76308,10.42442,2.36445,-0.28115,74.53348,-6.351971,-1.854349,0.468229,,,,,,,,,,,,-6.42752,5.45945,-2.01555,50,5.32185,7.28131,-117.96399,-1.6427,-9.05979,22.37373,-24.47879,BOC_EAG,MIA_HUR,TruistField,D1,ACC,20260521-TruistField-2,be0cfb30-555c-11f1-b22b-2feaa7944c68,80.50006,,,6.79467,,,,,,,ca2eee80-f2ce-4c98-97a8-1c82669d3b1d,2026-05-21,21:33:43.27,2026-05-21T17:33:43.2783872-04:00,2026-05-21T21:33:43.2783872Z,,v3,227,236,,"Johnson, Gunnar",1000100233,Right,BOC_EAG,2d95eaf2-8a39-4a3a-aeea-7215e02c98dc,54.6177,-118.83659,11.18687,5.3673,-0.68801,-12.23939,-2.30642,7.63465,-4.5299,,,,,,,,,,,,,,,,,,,,,,,,,,,,,,,,,,,,,,,,,,,,,,,,,,,High,High,High,,,,,,,,,,,,,,,,,,,,,,,,,,,,,,,,,,,,,,,
202,2026-05-21,17:34:06.06,4,2,"Kipp, Kyle",822339,Right,BOC_EAG,"Milano, Gabriel",813298,Left,MIA_HUR,Undefined,7,Top,2,0,1,ChangeUp,Changeup,FoulBallNotFieldable,Undefined,Undefined,Undefined,0,0,,80.50269,-0.332059,-3.96967,1649.536612,259.08912,2:45,5.46089,2.16802,5.91271,-39.3712,4.25307,14.1856,1.87103,-0.34001,73.14733,-7.620134,-1.427338,0.475374,94.21242,17.325623,48.675286,4757.673361,67.601,19.2149,86.77586,200.57472,158.31834,56.468217,1.935003,-8.56119,2.67937,-1.85768,50,5.41169,7.56274,-116.63097,-1.90892,-11.66117,24.21373,-28.52446,BOC_EAG,MIA_HUR,TruistField,D1,ACC,20260521-TruistField-2,cba8de30-555c-11f1-b22b-2feaa7944c68,79.29006,19.2408,,7.35536,,,,3.52862,2.18373,0.27566,ca2eee80-f2ce-4c98-97a8-1c82669d3b1d,2026-05-21,21:34:06.06,2026-05-21T17:34:06.0652544-04:00,2026-05-21T21:34:06.0652544Z,LineDrive,v3,227,236,,"Johnson, Gunnar",1000100233,Right,BOC_EAG,1fd01b93-0250-4e53-96d5-a81c6b56b62f,54.58587,-117.57918,12.10687,5.46457,-0.7919,-14.26223,-2.16278,8.0194,-5.83058,,3.52862,87.10259,-23.2405,5.23545,-1.20049,0.23239,-0.04288,0.00678,-0.00051,2.18373,41.14963,-28.16623,4.69546,-1.0729,0.2377,-0.04523,0.00702,-0.00057,0.27566,99.06067,-4.72002,-2.00595,0.93742,-0.31428,0.07465,-0.01302,0.00117,,,,,,,,,,,,,,,,,,,,,,,High,High,High,Medium,Medium,,,,,,,,,,,,,,,,,,,,,,,,,,,,,,,,,,,,,
203,2026-05-21,17:34:31.55,4,3,"Kipp, Kyle",822339,Right,BOC_EAG,"Milano, Gabriel",813298,Left,MIA_HUR,Undefined,7,Top,2,0,2,ChangeUp,Changeup,InPlay,Undefined,LineDrive,Double,0,1,,82.40422,-0.978597,-3.632814,1689.90547,235.312272,1:45,5.44384,2.22547,5.79333,-31.13651,9.84064,12.51654,1.93693,-0.1152,76.25269,-6.723655,-1.394638,0.460725,101.27785,13.741976,33.847303,3726.97956,88.08167,15.3627,65.89093,200.57394,160.34372,40.603826,1.705531,-7.34792,5.61583,-1.93414,50,5.3443,7.11782,-119.62155,-3.04,-10.76021,20.77491,-23.95031,BOC_EAG,MIA_HUR,TruistField,D1,ACC,20260521-TruistField-2,dacaec00-555c-11f1-b22b-2feaa7944c68,81.81108,15.41287,,6.15153,,,,2.86261,2.2732,0.07558,ca2eee80-f2ce-4c98-97a8-1c82669d3b1d,2026-05-21,21:34:31.55,2026-05-21T17:34:31.5544576-04:00,2026-05-21T21:34:31.5544576Z,LineDrive,v3,227,236,,"Johnson, Gunnar",1000100233,Right,BOC_EAG,9fb12e78-b1d0-4ad0-be5c-ee0f3bd82041,54.70678,-120.43621,10.38745,5.44509,-2.10081,-11.97515,-2.22153,7.53976,-5.38011,,2.86261,119.83533,-23.9346,4.12243,-0.92223,0.18791,-0.03757,0.00618,-0.00052,2.2732,35.28578,-26.15966,3.8157,-0.89451,0.21589,-0.04477,0.00744,-0.00066,0.07558,80.36613,-0.69118,-1.43852,0.47739,-0.14809,0.03492,-0.00618,0.00057,,,,,,,,,,,,,,,,,,,,,,,High,High,High,Medium,Medium,,,,,,,,,,,,,,,,,,,,,,,,,,,,,,,,,,,,,
204,2026-05-21,17:35:43.91,5,1,"Kipp, Kyle",822339,Right,BOC_EAG,"Sheahan, Vance",804451,Right,MIA_HUR,Undefined,7,Top,2,0,0,Sinker,Sinker,BallCalled,Undefined,Undefined,Undefined,0,0,,92.93624,-1.945437,-4.812044,2249.42588,254.750992,2:30,5.65352,2.2076,5.31282,-26.89112,6.26823,19.16879,1.5795,-0.7221,85.221,-6.866711,-1.420214,0.414452,,,,,,,,,,,,-10.86882,3.9813,-1.78479,50,5.45711,10.41401,-134.46945,-5.64068,-19.97962,28.07657,-24.85539,BOC_EAG,MIA_HUR,TruistField,D1,ACC,20260521-TruistField-2,05f33360-555d-11f1-b22b-2feaa7944c68,90.94525,,,7.71525,,,,,,,ca2eee80-f2ce-4c98-97a8-1c82669d3b1d,2026-05-21,21:35:43.91,2026-05-21T17:35:43.9178752-04:00,2026-05-21T21:35:43.9178752Z,,v3,227,236,,"Johnson, Gunnar",1000100233,Right,BOC_EAG,bb538a34-b4a3-4c18-8d81-4d2afeef68e6,55.18626,-135.54799,14.03828,5.65545,-4.68588,-12.42769,-2.19958,11.18152,-9.98981,,,,,,,,,,,,,,,,,,,,,,,,,,,,,,,,,,,,,,,,,,,,,,,,,,,High,High,High,,,,,,,,,,,,,,,,,,,,,,,,,,,,,,,,,,,,,,,
205,2026-05-21,17:35:59.69,5,2,"Kipp, Kyle",822339,Right,BOC_EAG,"Sheahan, Vance",804451,Right,MIA_HUR,Undefined,7,Top,2,1,0,ChangeUp,Changeup,StrikeSwinging,Undefined,Undefined,Undefined,0,0,,81.2252,-0.364329,-4.293343,1719.319515,267.761093,3:00,5.40717,2.15923,5.9441,-40.53845,2.01555,15.82513,1.69008,-0.51178,74.27884,-7.840892,-1.456206,0.469507,,,,,,,,,,,,-9.34682,1.5687,-1.8256,50,5.3554,8.22945,-117.70856,-2.05164,-13.06369,23.13587,-29.98152,BOC_EAG,MIA_HUR,TruistField,D1,ACC,20260521-TruistField-2,0f66a260-555d-11f1-b22b-2feaa7944c68,80.28096,,,6.94636,,,,,,,ca2eee80-f2ce-4c98-97a8-1c82669d3b1d,2026-05-21,21:35:59.69,2026-05-21T17:35:59.6964864-04:00,2026-05-21T21:35:59.6964864Z,,v3,227,236,,"Johnson, Gunnar",1000100233,Right,BOC_EAG,ebce243a-ef4c-4bb1-ae05-82f1ee4bcaca,54.55449,-118.60038,11.56794,5.41221,-0.89594,-14.99076,-2.15253,8.73302,-6.53185,,,,,,,,,,,,,,,,,,,,,,,,,,,,,,,,,,,,,,,,,,,,,,,,,,,High,High,High,,,,,,,,,,,,,,,,,,,,,,,,,,,,,,,,,,,,,,,
206,2026-05-21,17:36:17.71,5,3,"Kipp, Kyle",822339,Right,BOC_EAG,"Sheahan, Vance",804451,Right,MIA_HUR,Undefined,7,Top,2,1,1,Sinker,Sinker,FoulBallNotFieldable,Undefined,Undefined,Undefined,0,0,,91.98492,-1.52649,-3.459415,2292.485067,244.18818,2:15,5.60033,2.14964,5.66353,-23.91678,9.42197,17.30217,2.18096,0.36183,84.20761,-5.962025,-0.37155,0.415572,,,,,,,,,,,,-9.75579,5.51674,-1.86821,50,5.45598,7.29528,-133.38764,-4.41646,-17.60235,28.30051,-22.22024,BOC_EAG,MIA_HUR,TruistField,D1,ACC,20260521-TruistField-2,1a199640-555d-11f1-b22b-2feaa7944c68,90.7002,,,7.7773,,,,,,,ca2eee80-f2ce-4c98-97a8-1c82669d3b1d,2026-05-21,21:36:17.71,2026-05-21T17:36:17.7184256-04:00,2026-05-21T21:36:17.7184256Z,,v3,227,236,,"Johnson, Gunnar",1000100233,Right,BOC_EAG,ad743e11-cffe-4ec0-9873-ceeb2c6652e3,54.83552,-134.40966,14.15025,5.60098,-3.61402,-11.11012,-2.14314,7.93096,-8.80117,,,,,,,,,,,,,,,,,,,,,,,,,,,,,,,,,,,,,,,,,,,,,,,,,,,High,High,High,,,,,,,,,,,,,,,,,,,,,,,,,,,,,,,,,,,,,,,
207,2026-05-21,17:36:44.47,5,4,"Kipp, Kyle",822339,Right,BOC_EAG,"Sheahan, Vance",804451,Right,MIA_HUR,Undefined,7,Top,2,1,2,Sinker,Sinker,BallCalled,Undefined,Undefined,Undefined,0,0,,92.4366,-0.83865,-5.531075,2253.617409,228.016068,1:30,5.76872,2.03404,5.58038,-19.32792,13.80898,14.21938,3.37113,-1.9626,84.71972,-4.446146,-3.011749,0.414312,,,,,,,,,,,,-8.5891,7.50449,-1.56648,50,5.68373,12.2968,-133.71065,-2.63101,-15.66162,26.88528,-18.49011,BOC_EAG,MIA_HUR,TruistField,D1,ACC,20260521-TruistField-2,2a00efe0-555d-11f1-b22b-2feaa7944c68,90.97602,,,7.71688,,,,,,,ca2eee80-f2ce-4c98-97a8-1c82669d3b1d,2026-05-21,21:36:44.47,2026-05-21T17:36:44.4730880-04:00,2026-05-21T21:36:44.4730880Z,,v3,227,236,,"Johnson, Gunnar",1000100233,Right,BOC_EAG,d49319c7-ebd8-41c5-88ca-956c46aa8a7f,54.91751,-134.69579,13.44264,5.76773,-1.9535,-9.24505,-2.02758,12.87068,-7.83081,,,,,,,,,,,,,,,,,,,,,,,,,,,,,,,,,,,,,,,,,,,,,,,,,,,High,High,High,,,,,,,,,,,,,,,,,,,,,,,,,,,,,,,,,,,,,,,
208,2026-05-21,17:37:05.69,5,5,"Kipp, Kyle",822339,Right,BOC_EAG,"Sheahan, Vance",804451,Right,MIA_HUR,Undefined,7,Top,2,2,2,Sinker,Sinker,FoulBallNotFieldable,Undefined,Undefined,Undefined,0,0,,93.53558,-1.883936,-4.011,2280.716671,241.712509,2:00,5.58925,2.1351,5.4498,-22.1745,10.21686,17.163,1.97271,-0.19582,85.99648,-5.977841,-0.96329,0.409625,,,,,,,,,,,,-9.72091,5.93044,-1.79295,50,5.40735,8.71722,-135.56067,-5.29817,-18.21689,27.67319,-21.06049,BOC_EAG,MIA_HUR,TruistField,D1,ACC,20260521-TruistField-2,36a21f30-555d-11f1-b22b-2feaa7944c68,92.01701,,,7.53911,,,,,,,ca2eee80-f2ce-4c98-97a8-1c82669d3b1d,2026-05-21,21:37:05.69,2026-05-21T17:37:05.6949760-04:00,2026-05-21T21:37:05.6949760Z,,v3,227,236,,"Johnson, Gunnar",1000100233,Right,BOC_EAG,5e6cb97f-1988-4d81-a779-2e4253207162,55.04998,-136.58767,13.83659,5.58947,-4.51657,-10.53024,-2.12901,9.39328,-9.10844,,,,,,,,,,,,,,,,,,,,,,,,,,,,,,,,,,,,,,,,,,,,,,,,,,,High,High,High,,,,,,,,,,,,,,,,,,,,,,,,,,,,,,,,,,,,,,,
209,2026-05-21,17:37:32.39,5,6,"Kipp, Kyle",822339,Right,BOC_EAG,"Sheahan, Vance",804451,Right,MIA_HUR,Undefined,7,Top,2,2,2,ChangeUp,Changeup,FoulBallNotFieldable,Undefined,Undefined,Undefined,0,0,,81.01082,-0.160854,-4.905893,1685.299428,248.927867,2:15,5.22395,2.25581,5.72615,-36.43203,6.99681,14.25095,2.03759,-1.13695,73.55552,-6.898538,-2.367515,0.474308,,,,,,,,,,,,-8.77934,4.02433,-1.8547,50,5.18806,9.50481,-117.18598,-1.49685,-12.09948,23.98656,-26.62779,BOC_EAG,MIA_HUR,TruistField,D1,ACC,20260521-TruistField-2,4693b200-555d-11f1-b22b-2feaa7944c68,79.46826,,,7.4553,,,,,,,ca2eee80-f2ce-4c98-97a8-1c82669d3b1d,2026-05-21,21:37:32.39,2026-05-21T17:37:32.3972096-04:00,2026-05-21T21:37:32.3972096Z,,v3,227,236,,"Johnson, Gunnar",1000100233,Right,BOC_EAG,6eb99d8d-8cd0-471c-8953-689169aa4ef0,54.77177,-118.15867,11.99328,5.22687,-0.41706,-13.31389,-2.25008,9.99546,-6.04974,,,,,,,,,,,,,,,,,,,,,,,,,,,,,,,,,,,,,,,,,,,,,,,,,,,High,High,High,,,,,,,,,,,,,,,,,,,,,,,,,,,,,,,,,,,,,,,
210,2026-05-21,17:37:58.75,5,7,"Kipp, Kyle",822339,Right,BOC_EAG,"Sheahan, Vance",804451,Right,MIA_HUR,Undefined,7,Top,2,2,2,ChangeUp,Changeup,FoulBallNotFieldable,Undefined,Undefined,Undefined,0,0,,80.72946,-1.894636,-4.271233,1677.685004,248.949179,2:15,5.45824,2.06734,6.22052,-36.1647,6.28961,12.87918,0.69077,-0.8079,74.35113,-8.589384,-1.949816,0.468956,,,,,,,,,,,,-7.91575,4.15677,-1.75381,50,5.29791,8.28568,-117.03969,-4.95056,-10.99087,21.88183,-26.40245,BOC_EAG,MIA_HUR,TruistField,D1,ACC,20260521-TruistField-2,56531140-555d-11f1-b22b-2feaa7944c68,80.37516,,,6.37834,,,,,,,ca2eee80-f2ce-4c98-97a8-1c82669d3b1d,2026-05-21,21:37:58.75,2026-05-21T17:37:58.7521536-04:00,2026-05-21T21:37:58.7521536Z,,v3,227,236,,"Johnson, Gunnar",1000100233,Right,BOC_EAG,99ae7f66-4b22-407d-b791-fb36072d8f81,54.27921,-117.83701,10.94092,5.46077,-3.98851,-13.20123,-2.06302,8.68616,-5.49544,,,,,,,,,,,,,,,,,,,,,,,,,,,,,,,,,,,,,,,,,,,,,,,,,,,High,High,High,,,,,,,,,,,,,,,,,,,,,,,,,,,,,,,,,,,,,,,
211,2026-05-21,17:38:23.73,5,8,"Kipp, Kyle",822339,Right,BOC_EAG,"Sheahan, Vance",804451,Right,MIA_HUR,Undefined,7,Top,2,2,2,Sweeper,Slider,HitByPitch,Undefined,Undefined,Undefined,0,0,,81.11838,2.218909,-0.680941,1700.641244,107.028178,9:30,5.0166,2.45717,5.11788,-39.86719,3.86496,-8.19213,3.78568,1.13304,74.14257,-5.058998,-2.129287,0.475962,51.57099,-1.773315,162.313699,2399.573631,,,,25.45563,25.45563,163.724616,0.351191,3.92099,1.66016,-2.38632,50,5.19424,1.73697,-117.66462,3.13883,5.49598,22.365,-29.84706,BOC_EAG,MIA_HUR,TruistField,D1,ACC,20260521-TruistField-2,6537ef00-555d-11f1-b22b-2feaa7944c68,79.1922,3.6387,,6.97581,,,,0.50002,3.6387,-1.13347,ca2eee80-f2ce-4c98-97a8-1c82669d3b1d,2026-05-21,21:38:23.73,2026-05-21T17:38:23.7353472-04:00,2026-05-21T21:38:23.7353472Z,GroundBall,v3,227,236,,"Johnson, Gunnar",1000100233,Right,BOC_EAG,d7fc5f73-ff99-4505-aa20-90ce732903e7,55.38105,-118.68301,11.1825,5.02037,4.49792,-14.92353,-2.45972,1.48671,2.74799,20.281342,0.50263,-72.12522,3.15368,,,,,,,3.63956,-2.3732,-22.7587,,,,,,,-1.13443,23.0039,1.5459,,,,,,,,,,,,,,,,,,,,,,,,,,,,,High,High,High,Medium,High,,,,,,,,,,,,,,,,,,,,,,,,,,,,,,,,,,,,,
212,2026-05-21,17:42:01.47,6,1,"Kwiatkowski, John",831964,Left,BOC_EAG,"Peralta, Fabio",806678,Left,MIA_HUR,Undefined,7,Top,2,0,0,Slider,Slider,BallCalled,Undefined,Undefined,Undefined,0,0,,78.46306,-0.270681,4.41072,2185.099723,249.162236,2:15,5.67516,-2.98922,5.65535,-42.37455,3.545,5.67063,1.89077,1.60488,72.39842,-8.006675,5.419087,0.48772,,,,,,,,,,,,-1.67299,2.30831,2.61146,50,5.62534,-8.98248,-113.6661,-1.90239,-2.19238,20.51049,-29.14914,BOC_EAG,MIA_HUR,TruistField,D1,ACC,20260521-TruistField-2,e7290260-555d-11f1-b22b-2feaa7944c68,77.28301,,,6.06464,,,,,,,ca2eee80-f2ce-4c98-97a8-1c82669d3b1d,2026-05-21,21:42:01.47,2026-05-21T17:42:01.4737408-04:00,2026-05-21T21:42:01.4737408Z,,v3,227,236,,"Johnson, Gunnar",1000100233,Right,BOC_EAG,57c995e4-04c8-436f-97b4-42db44ed2e92,54.84262,-114.53659,10.25524,5.67983,-0.66526,-14.57457,2.99071,-8.88944,-1.09619,,,,,,,,,,,,,,,,,,,,,,,,,,,,,,,,,,,,,,,,,,,,,,,,,,,High,High,High,,,,,,,,,,,,,,,,,,,,,,,,,,,,,,,,,,,,,,,
213,2026-05-21,17:42:22.34,6,2,"Kwiatkowski, John",831964,Left,BOC_EAG,"Peralta, Fabio",806678,Left,MIA_HUR,Undefined,7,Top,2,1,0,Slider,Slider,StrikeSwinging,Undefined,Undefined,Undefined,0,0,,77.75056,-0.44937,3.529675,2292.383103,262.454058,2:45,5.61461,-3.02049,5.45016,-44.71703,2.32307,6.79449,1.46669,0.85429,71.81393,-8.575576,4.736367,0.493635,,,,,,,,,,,,-2.46567,1.72158,2.70384,50,5.54407,-7.21344,-112.72637,-2.36207,-3.17716,20.21994,-29.95572,BOC_EAG,MIA_HUR,TruistField,D1,ACC,20260521-TruistField-2,f37533e0-555d-11f1-b22b-2feaa7944c68,76.35697,,,5.93662,,,,,,,ca2eee80-f2ce-4c98-97a8-1c82669d3b1d,2026-05-21,21:42:22.34,2026-05-21T17:42:22.3468032-04:00,2026-05-21T21:42:22.3468032Z,,v3,227,236,,"Johnson, Gunnar",1000100233,Right,BOC_EAG,21dbdffd-6a24-4ece-9f26-9b105b7b3a62,55.04838,-113.6283,10.10997,5.61964,-1.02587,-14.97786,3.02244,-7.07171,-1.58858,,,,,,,,,,,,,,,,,,,,,,,,,,,,,,,,,,,,,,,,,,,,,,,,,,,High,High,High,,,,,,,,,,,,,,,,,,,,,,,,,,,,,,,,,,,,,,,
214,2026-05-21,17:42:46.07,6,3,"Kwiatkowski, John",831964,Left,BOC_EAG,"Peralta, Fabio",806678,Left,MIA_HUR,Undefined,7,Top,2,1,1,Slider,Slider,BallCalled,Undefined,Undefined,Undefined,0,0,,79.15245,-0.139412,5.202928,2136.524009,233.879315,1:45,5.58472,-3.01869,5.39906,-40.00282,5.18457,5.43792,2.11997,2.3234,73.70627,-7.387131,6.162591,0.483816,,,,,,,,,,,,-1.48768,3.03374,2.54978,50,5.54407,-10.64881,-114.61574,-1.6228,-2.00538,18.53741,-28.08465,BOC_EAG,MIA_HUR,TruistField,D1,ACC,20260521-TruistField-2,0196c1a0-555e-11f1-b22b-2feaa7944c68,77.9066,,,5.44618,,,,,,,ca2eee80-f2ce-4c98-97a8-1c82669d3b1d,2026-05-21,21:42:46.07,2026-05-21T17:42:46.0727808-04:00,2026-05-21T21:42:46.0727808Z,,v3,227,236,,"Johnson, Gunnar",1000100233,Right,BOC_EAG,1aa6d3b7-c57a-4092-90bb-86fb36fc5be3,55.09986,-115.43762,9.2687,5.58841,-0.37763,-14.04232,3.01994,-10.5599,-1.00269,,,,,,,,,,,,,,,,,,,,,,,,,,,,,,,,,,,,,,,,,,,,,,,,,,,High,High,High,,,,,,,,,,,,,,,,,,,,,,,,,,,,,,,,,,,,,,,
215,2026-05-21,17:43:06.42,6,4,"Kwiatkowski, John",831964,Left,BOC_EAG,"Peralta, Fabio",806678,Left,MIA_HUR,Undefined,7,Top,2,2,1,ChangeUp,Slider,InPlay,Undefined,GroundBall,Single,0,0,,84.89577,-1.082536,4.185511,2139.452412,138.68824,10:30,5.58868,-2.84912,5.73321,-30.93486,7.87024,-5.93217,1.99987,0.56116,78.49753,-6.770134,3.127617,0.448348,76.5829,-9.481802,-15.989543,,,,,12.233,11.35829,-18.671652,0.111159,4.09276,4.61626,2.50365,50,5.47908,-8.7732,-123.11268,-3.36807,6.34081,22.27989,-25.02222,BOC_EAG,MIA_HUR,TruistField,D1,ACC,20260521-TruistField-2,0db2bb60-555e-11f1-b22b-2feaa7944c68,84.06952,1.96932,,6.39824,,,,-0.02699,1.96932,-0.64881,ca2eee80-f2ce-4c98-97a8-1c82669d3b1d,2026-05-21,21:43:06.42,2026-05-21T17:43:06.4266752-04:00,2026-05-21T21:43:06.4266752Z,GroundBall,v3,227,236,,"Johnson, Gunnar",1000100233,Right,BOC_EAG,9511db1d-c826-4367-a90a-a7c88134f70e,54.76609,-123.97221,11.13994,5.59039,-2.40275,-12.51111,2.84683,-9.01782,3.1704,194.020746,-0.02676,106.47372,-17.79247,,,,,,,1.96894,-18.45783,6.74266,,,,,,,-0.64899,-30.49566,9.93184,,,,,,,,,,,,,,,,,,,,,,,,,,,,,High,High,High,High,High,,,,,,,,,,,,,,,,,,,,,,,,,,,,,,,,,,,,,
216,2026-05-21,17:43:47.50,7,1,"Kwiatkowski, John",831964,Left,BOC_EAG,"Ogden, Jake",804826,Right,MIA_HUR,Undefined,7,Top,2,0,0,Slider,Slider,BallCalled,Undefined,Undefined,Undefined,0,0,,78.84814,-1.53104,2.594425,2112.059321,165.441229,11:30,5.59907,-3.19665,5.42574,-42.0251,4.2424,-0.68713,0.6612,-0.82232,71.99278,-9.203473,2.472089,0.489564,,,,,,,,,,,,1.14276,3.10606,2.96696,50,5.43434,-5.14738,-114.20405,-4.46176,1.4939,23.02851,-28.11362,BOC_EAG,MIA_HUR,TruistField,D1,ACC,20260521-TruistField-2,2638f5f0-555e-11f1-b22b-2feaa7944c68,76.99186,,,6.85537,,,,,,,ca2eee80-f2ce-4c98-97a8-1c82669d3b1d,2026-05-21,21:43:47.50,2026-05-21T17:43:47.5054592-04:00,2026-05-21T21:43:47.5054592Z,,v3,227,236,,"Johnson, Gunnar",1000100233,Right,BOC_EAG,a362a3b6-f90c-49fa-89d7-7cb739d64eba,55.0698,-115.22181,11.51426,5.60407,-3.21927,-14.05681,3.19591,-5.2134,0.74695,,,,,,,,,,,,,,,,,,,,,,,,,,,,,,,,,,,,,,,,,,,,,,,,,,,High,High,High,,,,,,,,,,,,,,,,,,,,,,,,,,,,,,,,,,,,,,,
217,2026-05-21,17:44:09.00,7,2,"Kwiatkowski, John",831964,Left,BOC_EAG,"Ogden, Jake",804826,Right,MIA_HUR,Undefined,7,Top,2,1,0,Slider,Slider,BallCalled,Undefined,Undefined,Undefined,0,0,,78.95678,-1.07348,4.854612,2135.914301,211.64457,1:00,5.54855,-3.06277,5.44687,-40.46038,5.52355,2.49705,1.16809,1.70127,72.54494,-8.441139,5.296675,0.488061,,,,,,,,,,,,0.13098,3.53717,2.63135,50,5.42568,-9.79629,-114.19131,-3.48535,0.17247,21.55541,-27.51614,BOC_EAG,MIA_HUR,TruistField,D1,ACC,20260521-TruistField-2,332956b0-555e-11f1-b22b-2feaa7944c68,77.2289,,,6.41185,,,,,,,ca2eee80-f2ce-4c98-97a8-1c82669d3b1d,2026-05-21,21:44:09.00,2026-05-21T17:44:09.0011648-04:00,2026-05-21T21:44:09.0011648Z,,v3,227,236,,"Johnson, Gunnar",1000100233,Right,BOC_EAG,262eeaf1-bad5-4d56-961b-fb859c17f61b,55.0502,-115.14067,10.7777,5.5525,-2.27347,-13.75807,3.06297,-9.80389,0.08624,,,,,,,,,,,,,,,,,,,,,,,,,,,,,,,,,,,,,,,,,,,,,,,,,,,High,High,High,,,,,,,,,,,,,,,,,,,,,,,,,,,,,,,,,,,,,,,
218,2026-05-21,17:44:29.81,7,3,"Kwiatkowski, John",831964,Left,BOC_EAG,"Ogden, Jake",804826,Right,MIA_HUR,Undefined,7,Top,2,2,0,Slider,Slider,StrikeCalled,Undefined,Undefined,Undefined,0,0,,78.25806,0.037494,2.763525,2208.253709,228.69322,1:30,5.42894,-3.17755,5.39228,-40.36636,5.90658,5.1802,2.10025,-0.15392,72.33228,-7.324364,3.68324,0.489593,,,,,,,,,,,,-1.88878,3.37933,2.92697,50,5.40388,-5.68383,-113.57077,-1.26345,-2.48227,19.58708,-27.73285,BOC_EAG,MIA_HUR,TruistField,D1,ACC,20260521-TruistField-2,3f6bc430-555e-11f1-b22b-2feaa7944c68,76.98732,,,5.92579,,,,,,,ca2eee80-f2ce-4c98-97a8-1c82669d3b1d,2026-05-21,21:44:29.81,2026-05-21T17:44:29.8185728-04:00,2026-05-21T21:44:29.8185728Z,,v3,227,236,,"Johnson, Gunnar",1000100233,Right,BOC_EAG,01bb33e0-683c-49c8-9a39-71eac7a266f8,55.10581,-114.44796,9.79354,5.43265,-0.02146,-13.86642,3.17902,-5.57266,-1.24113,,,,,,,,,,,,,,,,,,,,,,,,,,,,,,,,,,,,,,,,,,,,,,,,,,,High,High,High,,,,,,,,,,,,,,,,,,,,,,,,,,,,,,,,,,,,,,,
219,2026-05-21,17:44:48.95,7,4,"Kwiatkowski, John",831964,Left,BOC_EAG,"Ogden, Jake",804826,Right,MIA_HUR,Undefined,7,Top,2,2,1,Fastball,Sinker,BallCalled,Undefined,Undefined,Undefined,0,0,,88.07835,-2.605869,4.921599,2212.786563,130.889656,10:15,5.7273,-2.93095,5.87394,-25.58466,11.17697,-11.36938,1.16435,0.70395,79.70344,-7.381985,2.891023,0.436384,,,,,,,,,,,,7.37477,6.92855,2.53876,50,5.50107,-10.47837,-127.2277,-6.64233,11.93189,29.24806,-20.96412,BOC_EAG,MIA_HUR,TruistField,D1,ACC,20260521-TruistField-2,4ad9f1c0-555e-11f1-b22b-2feaa7944c68,86.37449,,,8.37491,,,,,,,ca2eee80-f2ce-4c98-97a8-1c82669d3b1d,2026-05-21,21:44:48.95,2026-05-21T17:44:48.9516032-04:00,2026-05-21T21:44:48.9516032Z,,v3,227,236,,"Johnson, Gunnar",1000100233,Right,BOC_EAG,644e20e9-2130-4eca-9610-4dbc516f8b32,54.62227,-128.2859,14.62403,5.72767,-5.88384,-10.48206,2.92568,-10.91007,5.96595,,,,,,,,,,,,,,,,,,,,,,,,,,,,,,,,,,,,,,,,,,,,,,,,,,,High,High,High,,,,,,,,,,,,,,,,,,,,,,,,,,,,,,,,,,,,,,,
220,2026-05-21,17:45:07.51,7,5,"Kwiatkowski, John",831964,Left,BOC_EAG,"Ogden, Jake",804826,Right,MIA_HUR,Undefined,7,Top,2,3,1,Sinker,Sinker,StrikeCalled,Undefined,Undefined,Undefined,0,0,,88.27585,-2.085587,4.206755,2129.298891,117.667837,10:00,5.73045,-3.0221,5.90296,-28.23084,8.10154,-13.03556,1.43581,-0.19636,80.18053,-7.332719,1.87248,0.433829,,,,,,,,,,,,7.93922,5.1667,2.69093,50,5.54639,-8.84516,-127.74089,-5.6107,12.99677,28.58987,-23.71601,BOC_EAG,MIA_HUR,TruistField,D1,ACC,20260521-TruistField-2,55e083e0-555e-11f1-b22b-2feaa7944c68,86.88323,,,8.09532,,,,,,,ca2eee80-f2ce-4c98-97a8-1c82669d3b1d,2026-05-21,21:45:07.51,2026-05-21T17:45:07.5192320-04:00,2026-05-21T21:45:07.5192320Z,,v3,227,236,,"Johnson, Gunnar",1000100233,Right,BOC_EAG,3a91f0b4-08f3-4c1b-ae9c-418308a3441c,54.59351,-128.76487,14.29493,5.73214,-4.76128,-11.85801,3.01606,-9.31065,6.49839,,,,,,,,,,,,,,,,,,,,,,,,,,,,,,,,,,,,,,,,,,,,,,,,,,,High,High,High,,,,,,,,,,,,,,,,,,,,,,,,,,,,,,,,,,,,,,,
221,2026-05-21,17:45:28.49,7,6,"Kwiatkowski, John",831964,Left,BOC_EAG,"Ogden, Jake",804826,Right,MIA_HUR,Undefined,7,Top,2,3,2,Sinker,Sinker,FoulBallNotFieldable,Undefined,Undefined,Undefined,0,0,,90.57043,-2.07877,3.715822,2277.092709,109.121621,9:45,5.80979,-2.80421,6.10723,-27.23627,7.40973,-17.49627,1.61296,-0.82136,81.20694,-7.189256,0.566485,0.423641,,,,,,,,,,,,10.35331,4.91796,2.52772,50,5.63573,-7.77658,-131.04893,-5.66351,17.5771,33.8242,-23.82468,BOC_EAG,MIA_HUR,TruistField,D1,ACC,20260521-TruistField-2,625720c0-555e-11f1-b22b-2feaa7944c68,88.97261,,,9.36349,,,,,,,ca2eee80-f2ce-4c98-97a8-1c82669d3b1d,2026-05-21,21:45:28.49,2026-05-21T17:45:28.4962304-04:00,2026-05-21T21:45:28.4962304Z,,v3,227,236,,"Johnson, Gunnar",1000100233,Right,BOC_EAG,e64b7424-e281-4234-bde9-7650ff41b5fb,54.38936,-132.17698,16.9121,5.81136,-4.86894,-11.91234,2.79685,-8.36278,8.78855,,,,,,,,,,,,,,,,,,,,,,,,,,,,,,,,,,,,,,,,,,,,,,,,,,,High,High,High,,,,,,,,,,,,,,,,,,,,,,,,,,,,,,,,,,,,,,,
222,2026-05-21,17:46:02.01,7,7,"Kwiatkowski, John",831964,Left,BOC_EAG,"Ogden, Jake",804826,Right,MIA_HUR,Undefined,7,Top,2,3,2,Fastball,Sinker,FoulBallNotFieldable,Undefined,Undefined,Undefined,0,0,,88.3397,-0.553145,4.465631,2079.98888,120.834588,10:00,5.79125,-2.79043,5.7834,-29.19608,6.74981,-9.47737,2.84204,0.58285,81.14195,-5.943281,2.775006,0.431515,84.83976,-5.618137,-47.183267,,,,,25.83498,23.74082,-46.991365,0.205614,6.0463,3.90866,2.42753,50,5.72783,-9.60577,-128.03463,-2.24923,10.08174,25.3207,-25.65668,BOC_EAG,MIA_HUR,TruistField,D1,ACC,20260521-TruistField-2,765dedb0-555e-11f1-b22b-2feaa7944c68,87.34907,2.99246,,7.19775,,,,1.04224,2.99246,-0.53614,ca2eee80-f2ce-4c98-97a8-1c82669d3b1d,2026-05-21,21:46:02.01,2026-05-21T17:46:02.0123648-04:00,2026-05-21T21:46:02.0123648Z,GroundBall,v3,227,236,,"Johnson, Gunnar",1000100233,Right,BOC_EAG,58db0411-61ad-4fdf-8b71-8b73ade37c9e,54.71571,-128.96386,12.66035,5.79309,-1.30767,-12.82834,2.78684,-9.97575,5.04087,99.086424,1.04358,84.07778,-16.79939,,,,,,,2.99266,-12.19414,-11.4855,,,,,,,-0.53646,-90.81527,7.51825,,,,,,,,,,,,,,,,,,,,,,,,,,,,,High,High,High,High,High,,,,,,,,,,,,,,,,,,,,,,,,,,,,,,,,,,,,,
223,2026-05-21,17:46:33.03,7,8,"Kwiatkowski, John",831964,Left,BOC_EAG,"Ogden, Jake",804826,Right,MIA_HUR,Undefined,7,Top,2,3,2,Slider,Slider,FoulBallNotFieldable,Undefined,Undefined,Undefined,0,0,,81.48397,0.435902,4.214494,2253.66039,286.97492,3:30,5.62811,-3.06564,5.55052,-43.10077,0.6578,3.2504,2.44481,1.15046,73.2797,-7.483474,4.791689,0.476105,,,,,,,,,,,,-0.18681,0.56815,2.69822,50,5.6374,-8.80814,-117.77958,-0.55634,-0.25604,27.42022,-31.39532,BOC_EAG,MIA_HUR,TruistField,D1,ACC,20260521-TruistField-2,88dbd0b0-555e-11f1-b22b-2feaa7944c68,79.1683,,,8.20427,,,,,,,ca2eee80-f2ce-4c98-97a8-1c82669d3b1d,2026-05-21,21:46:33.03,2026-05-21T17:46:33.0304512-04:00,2026-05-21T21:46:33.0304512Z,,v3,227,236,,"Johnson, Gunnar",1000100233,Right,BOC_EAG,d6197916-8c69-4f0c-8819-7360c5a7972e,54.94651,-118.9256,13.71011,5.63323,0.75581,-15.69766,3.06613,-8.79744,-0.12802,,,,,,,,,,,,,,,,,,,,,,,,,,,,,,,,,,,,,,,,,,,,,,,,,,,High,High,High,,,,,,,,,,,,,,,,,,,,,,,,,,,,,,,,,,,,,,,
224,2026-05-21,17:47:12.79,7,9,"Kwiatkowski, John",831964,Left,BOC_EAG,"Ogden, Jake",804826,Right,MIA_HUR,Undefined,7,Top,2,3,2,Slider,Slider,FoulBallNotFieldable,Undefined,Undefined,Undefined,0,0,,80.09048,-0.733514,4.100232,2121.177956,254.282558,2:30,5.55241,-2.97578,5.54707,-42.57676,2.52421,3.11823,1.3171,1.12222,72.51213,-8.535173,4.654504,0.483353,,,,,,,,,,,,-0.2122,1.9563,2.61817,50,5.4607,-8.42434,-115.81337,-2.89772,-0.28265,25.5362,-29.56849,BOC_EAG,MIA_HUR,TruistField,D1,ACC,20260521-TruistField-2,a091ea00-555e-11f1-b22b-2feaa7944c68,77.9812,,,7.57835,,,,,,,ca2eee80-f2ce-4c98-97a8-1c82669d3b1d,2026-05-21,21:47:12.79,2026-05-21T17:47:12.7998976-04:00,2026-05-21T21:47:12.7998976Z,,v3,227,236,,"Johnson, Gunnar",1000100233,Right,BOC_EAG,94720965-05fa-46b9-acd8-d4592ad7320a,54.94957,-116.89962,12.7681,5.5572,-1.63994,-14.78425,2.97627,-8.41232,-0.14133,,,,,,,,,,,,,,,,,,,,,,,,,,,,,,,,,,,,,,,,,,,,,,,,,,,High,High,High,,,,,,,,,,,,,,,,,,,,,,,,,,,,,,,,,,,,,,,
225,2026-05-21,17:47:42.86,7,10,"Kwiatkowski, John",831964,Left,BOC_EAG,"Ogden, Jake",804826,Right,MIA_HUR,Undefined,7,Top,2,3,2,Slider,Slider,StrikeSwinging,Strikeout,Undefined,Undefined,0,0,,79.95182,-0.304568,4.051562,2274.929197,324.32639,4:45,5.50502,-3.14319,5.37967,-43.98845,1.66036,0.03657,1.5531,0.66415,72.1158,-8.353402,4.058065,0.48628,,,,,,,,,,,,1.36276,1.42953,2.78009,50,5.44697,-8.18574,-115.54578,-2.12119,1.80315,25.80104,-30.28254,BOC_EAG,MIA_HUR,TruistField,D1,ACC,20260521-TruistField-2,b27efeb0-555e-11f1-b22b-2feaa7944c68,77.51185,,,7.83601,,,,,,,ca2eee80-f2ce-4c98-97a8-1c82669d3b1d,2026-05-21,21:47:42.86,2026-05-21T17:47:42.8603904-04:00,2026-05-21T21:47:42.8603904Z,,v3,227,236,,"Johnson, Gunnar",1000100233,Right,BOC_EAG,3fab79cf-fa6a-4567-8d3c-c7d93ce6d9bc,55.1155,-116.68246,12.90052,5.51103,-0.78707,-15.14127,3.14246,-8.26518,0.90157,,,,,,,,,,,,,,,,,,,,,,,,,,,,,,,,,,,,,,,,,,,,,,,,,,,High,High,High,,,,,,,,,,,,,,,,,,,,,,,,,,,,,,,,,,,,,,,
226,2026-05-21,17:50:42.53,1,1,"Durso, Jack",839112,Left,MIA_HUR,"DeShazo, Owen",703506,Right,BOC_EAG,Undefined,7,Bottom,0,0,0,Fastball,Four-Seam,BallCalled,Undefined,Undefined,Undefined,0,0,,90.12138,-2.552465,2.000504,2267.308,141.729429,10:45,5.64268,-2.0125,5.75067,-21.05879,13.4678,-9.77997,1.5086,-0.96441,82.78642,-6.4775,0.249688,0.42291,,,,,,,,,,,,5.51398,7.87461,1.85242,50,5.41778,-4.14403,-130.7611,-6.53166,9.58182,26.62771,-18.49006,BOC_EAG,MIA_HUR,TruistField,D1,ACC,20260521-TruistField-2,1d867080-555f-11f1-b22b-2feaa7944c68,89.12629,,,7.33495,,,,,,,ca2eee80-f2ce-4c98-97a8-1c82669d3b1d,2026-05-21,21:50:42.53,2026-05-21T17:50:42.5374208-04:00,2026-05-21T21:50:42.5374208Z,,v3,227,236,,"Alvarez, Alonzo",828345,Right,MIA_HUR,f111bf39-562c-4f07-a33b-b3c1d13d23ab,54.74692,-131.7242,13.31386,5.64193,-5.86289,-9.24503,2.00858,-4.49059,4.79091,,,,,,,,,,,,,,,,,,,,,,,,,,,,,,,,,,,,,,,,,,,,,,,,,,,High,High,High,,,,,,,,,,,,,,,,,,,,,,,,,,,,,,,,,,,,,,,
227,2026-05-21,17:51:01.23,1,2,"Durso, Jack",839112,Left,MIA_HUR,"DeShazo, Owen",703506,Right,BOC_EAG,Undefined,7,Bottom,0,1,0,Fastball,Four-Seam,BallCalled,Undefined,Undefined,Undefined,0,0,,90.56165,-1.067285,0.637079,2255.428264,170.144168,11:45,5.73264,-1.92007,5.61028,-13.87288,20.59379,-3.38425,3.58021,-1.60743,82.51767,-3.730878,0.03293,0.422543,,,,,,,,,,,,1.8815,11.03512,1.86781,50,5.63261,-1.30819,-131.44504,-2.83636,3.28767,28.18478,-12.8915,BOC_EAG,MIA_HUR,TruistField,D1,ACC,20260521-TruistField-2,28ac4a70-555f-11f1-b22b-2feaa7944c68,89.20377,,,8.04398,,,,,,,ca2eee80-f2ce-4c98-97a8-1c82669d3b1d,2026-05-21,21:51:01.23,2026-05-21T17:51:01.2330496-04:00,2026-05-21T21:51:01.2330496Z,,v3,227,236,,"Alvarez, Alonzo",828345,Right,MIA_HUR,5548793c-9eca-4d77-9e3c-03402ffad6b8,54.88495,-132.48835,14.09239,5.72877,-2.35916,-6.44575,1.91848,-1.42989,1.64384,,,,,,,,,,,,,,,,,,,,,,,,,,,,,,,,,,,,,,,,,,,,,,,,,,,High,High,High,,,,,,,,,,,,,,,,,,,,,,,,,,,,,,,,,,,,,,,
228,2026-05-21,17:51:24.04,1,3,"Durso, Jack",839112,Left,MIA_HUR,"DeShazo, Owen",703506,Right,BOC_EAG,Undefined,7,Bottom,0,2,0,Fastball,Four-Seam,StrikeCalled,Undefined,Undefined,Undefined,0,0,,90.88646,-2.748717,2.080405,2295.905801,170.314296,11:45,5.53274,-1.93348,5.9279,-15.39147,18.32001,-2.94882,1.69612,-0.2481,83.45245,-5.670409,1.551245,0.417889,,,,,,,,,,,,2.06272,10.44367,1.76885,50,5.30404,-4.66449,-131.87479,-6.78158,3.64836,26.89456,-13.70203,BOC_EAG,MIA_HUR,TruistField,D1,ACC,20260521-TruistField-2,3664b620-555f-11f1-b22b-2feaa7944c68,90.19735,,,7.434,,,,,,,ca2eee80-f2ce-4c98-97a8-1c82669d3b1d,2026-05-21,21:51:24.04,2026-05-21T17:51:24.0428544-04:00,2026-05-21T21:51:24.0428544Z,,v3,227,236,,"Alvarez, Alonzo",828345,Right,MIA_HUR,426400a9-2bbc-43ec-91b2-52bce7645fc8,54.56931,-132.80338,13.44728,5.53002,-6.30848,-6.85102,1.93208,-4.79046,1.82418,,,,,,,,,,,,,,,,,,,,,,,,,,,,,,,,,,,,,,,,,,,,,,,,,,,High,High,High,,,,,,,,,,,,,,,,,,,,,,,,,,,,,,,,,,,,,,,
229,2026-05-21,17:51:44.40,1,4,"Durso, Jack",839112,Left,MIA_HUR,"DeShazo, Owen",703506,Right,BOC_EAG,Undefined,7,Bottom,0,2,1,Fastball,Four-Seam,StrikeCalled,Undefined,Undefined,Undefined,0,0,,91.20876,-2.476265,1.950642,2290.151202,170.193701,11:45,5.68607,-1.859,5.55157,-16.71387,17.38127,-2.81394,1.97664,-0.2701,83.36094,-5.624817,1.449118,0.42026,,,,,,,,,,,,1.9576,9.79508,1.69214,50,5.46085,-4.37537,-132.23055,-6.25471,3.46632,28.16797,-14.82982,BOC_EAG,MIA_HUR,TruistField,D1,ACC,20260521-TruistField-2,427453d0-555f-11f1-b22b-2feaa7944c68,89.68843,,,7.84781,,,,,,,ca2eee80-f2ce-4c98-97a8-1c82669d3b1d,2026-05-21,21:51:44.40,2026-05-21T17:51:44.4051968-04:00,2026-05-21T21:51:44.4051968Z,,v3,227,236,,"Alvarez, Alonzo",828345,Right,MIA_HUR,7c907472-ba55-4255-82d6-1b0c1eea8fbd,54.94427,-133.27962,14.08398,5.68351,-5.70239,-7.41491,1.8575,-4.50447,1.73316,,,,,,,,,,,,,,,,,,,,,,,,,,,,,,,,,,,,,,,,,,,,,,,,,,,High,High,High,,,,,,,,,,,,,,,,,,,,,,,,,,,,,,,,,,,,,,,
230,2026-05-21,17:52:06.60,1,5,"Durso, Jack",839112,Left,MIA_HUR,"DeShazo, Owen",703506,Right,BOC_EAG,Undefined,7,Bottom,0,2,2,Fastball,Four-Seam,BallCalled,Undefined,Undefined,Undefined,0,0,,91.50623,-2.130463,1.043805,2308.46088,158.057365,11:15,5.74321,-1.86883,5.69093,-16.97973,16.77993,-6.30914,2.34146,-1.42168,83.35792,-5.342701,-0.084506,0.418187,,,,,,,,,,,,3.48205,9.45508,1.78499,50,5.55357,-2.13178,-132.72814,-5.46869,6.19073,29.29675,-15.3638,BOC_EAG,MIA_HUR,TruistField,D1,ACC,20260521-TruistField-2,50291600-555f-11f1-b22b-2feaa7944c68,90.13301,,,8.14831,,,,,,,ca2eee80-f2ce-4c98-97a8-1c82669d3b1d,2026-05-21,21:52:06.60,2026-05-21T17:52:06.6020352-04:00,2026-05-21T21:52:06.6020352Z,,v3,227,236,,"Alvarez, Alonzo",828345,Right,MIA_HUR,a293ac81-7041-4ce6-b3f2-339389f137c7,54.80424,-133.78436,14.64838,5.74074,-4.91479,-7.6819,1.86587,-2.35497,3.09537,,,,,,,,,,,,,,,,,,,,,,,,,,,,,,,,,,,,,,,,,,,,,,,,,,,High,High,High,,,,,,,,,,,,,,,,,,,,,,,,,,,,,,,,,,,,,,,
231,2026-05-21,17:52:28.47,1,6,"Durso, Jack",839112,Left,MIA_HUR,"DeShazo, Owen",703506,Right,BOC_EAG,Undefined,7,Bottom,0,3,2,Fastball,Four-Seam,StrikeSwinging,Strikeout,Undefined,Undefined,0,0,,90.64892,-1.72465,1.567076,2301.29072,154.068242,11:15,5.69733,-1.77625,5.63247,-16.93643,17.6758,-8.01615,2.67579,-0.98183,82.20404,-4.942247,0.13561,0.423434,,,,,,,,,,,,4.4928,9.79804,1.64798,50,5.53988,-3.22866,-131.41463,-4.47581,7.79949,29.74564,-15.16471,BOC_EAG,MIA_HUR,TruistField,D1,ACC,20260521-TruistField-2,5cbc3b90-555f-11f1-b22b-2feaa7944c68,89.01603,,,8.44488,,,,,,,ca2eee80-f2ce-4c98-97a8-1c82669d3b1d,2026-05-21,21:52:28.47,2026-05-21T17:52:28.4780000-04:00,2026-05-21T21:52:28.4780000Z,,v3,227,236,,"Alvarez, Alonzo",828345,Right,MIA_HUR,039d3866-5fb5-4207-b7e4-571515711237,54.86179,-132.51052,14.87282,5.69449,-3.91711,-7.58236,1.77222,-3.51601,3.89975,,,,,,,,,,,,,,,,,,,,,,,,,,,,,51.03059,3.412457,1.917389,1.495068,-2.32055,2.34376,0.97625,-4.40651,4.86464,3.03631,69.28697,11.88849,-55.49062,-4.34854,52.44419,-2.12909,5.0067,27.41785,-15.2397,2.91412,-43.66208,3.06156,High,High,High,,,High,High,High,,,,,,,,,,,,,,,,,,,,,,,,,,,,,,,,,,
232,2026-05-21,17:53:03.61,2,1,"Durso, Jack",839112,Left,MIA_HUR,"Hendrickson, Carter",830138,Right,BOC_EAG,Undefined,7,Bottom,1,0,0,Curveball,Curveball,StrikeCalled,Undefined,Undefined,Undefined,0,0,,80.94891,0.45267,1.302261,2716.187103,317.854631,4:30,5.56853,-2.21734,4.95652,-52.75471,-8.36654,8.87123,1.6001,-0.2475,74.1966,-9.042026,2.870034,0.479518,,,,,,,,,,,,-4.00272,-3.845,2.08354,50,5.56871,-3.04873,-117.41971,-1.07651,-5.55134,23.60406,-37.50666,BOC_EAG,MIA_HUR,TruistField,D1,ACC,20260521-TruistField-2,72261af0-555f-11f1-b22b-2feaa7944c68,78.60483,,,6.75232,,,,,,,ca2eee80-f2ce-4c98-97a8-1c82669d3b1d,2026-05-21,21:53:03.61,2026-05-21T17:53:03.6123136-04:00,2026-05-21T21:53:03.6123136Z,,v3,227,236,,"Alvarez, Alonzo",828345,Right,MIA_HUR,eb311cd0-ee91-47e5-b96b-84e223c9196a,55.54309,-118.52876,11.80203,5.57789,0.68577,-18.75333,2.22066,-2.7879,-2.77567,,,,,,,,,,,,,,,,,,,,,,,,,,,,,,,,,,,,,,,,,,,,,,,,,,,High,High,High,,,,,,,,,,,,,,,,,,,,,,,,,,,,,,,,,,,,,,,
233,2026-05-21,17:53:25.68,2,2,"Durso, Jack",839112,Left,MIA_HUR,"Hendrickson, Carter",830138,Right,BOC_EAG,Undefined,7,Bottom,1,0,1,Fastball,Four-Seam,FoulBallNotFieldable,Undefined,Undefined,Undefined,0,0,,90.49112,-1.59158,2.889226,2360.325867,172.175847,11:45,5.65665,-1.81217,5.84154,-16.56076,17.84292,-2.29457,2.7952,0.68398,82.32426,-4.744477,2.478665,0.422157,94.09329,49.89671,-58.61085,4301.655453,,,,,76.28503,,,2.02803,9.94607,1.57817,50,5.51737,-6.52445,-131.20646,-4.1436,3.51663,29.12824,-14.92738,BOC_EAG,MIA_HUR,TruistField,D1,ACC,20260521-TruistField-2,7fdba070-555f-11f1-b22b-2feaa7944c68,89.2854,94.50208,,8.16687,,,,2.21556,2.89331,-0.35795,ca2eee80-f2ce-4c98-97a8-1c82669d3b1d,2026-05-21,21:53:25.68,2026-05-21T17:53:25.6829952-04:00,2026-05-21T21:53:25.6829952Z,,v3,227,236,,"Alvarez, Alonzo",828345,Right,MIA_HUR,1eebfe0e-c47e-4ea3-9bdc-87aa067eadd5,54.65588,-132.23604,14.56412,5.6545,-3.61597,-7.46369,1.81098,-6.64875,1.75831,,2.21556,46.29981,-15.32433,4.14525,0.13189,-1.42297,1.22469,-0.51914,0.09094,2.8933,105.5592,-22.5889,1.89763,-1.60374,2.1902,-1.73604,0.73477,-0.13019,-0.35796,-75.88454,21.45113,-5.60146,-0.02976,1.64623,-1.42738,0.60446,-0.10565,,,,,,,,,,,,,,,,,,,,,,,High,High,High,Medium,Undefined,,,,,,,,,,,,,,,,,,,,,,,,,,,,,,,,,,,,,
234,2026-05-21,17:53:57.51,2,3,"Durso, Jack",839112,Left,MIA_HUR,"Hendrickson, Carter",830138,Right,BOC_EAG,Undefined,7,Bottom,1,0,2,Slider,Slider,BallCalled,Undefined,Undefined,Undefined,0,0,,81.31364,-0.118437,0.643167,2508.147266,324.542593,4:45,5.2408,-2.44908,5.02898,-49.05294,-5.32811,4.78173,1.04131,-1.44374,74.70935,-8.964649,1.489883,0.475922,,,,,,,,,,,,-2.17969,-2.15362,2.38363,50,5.19011,-1.52991,-117.99951,-2.0953,-3.06389,23.08978,-35.20129,BOC_EAG,MIA_HUR,TruistField,D1,ACC,20260521-TruistField-2,91d53840-555f-11f1-b22b-2feaa7944c68,79.19885,,,6.6043,,,,,,,ca2eee80-f2ce-4c98-97a8-1c82669d3b1d,2026-05-21,21:53:57.51,2026-05-21T17:53:57.5108608-04:00,2026-05-21T21:53:57.5108608Z,,v3,227,236,,"Alvarez, Alonzo",828345,Right,MIA_HUR,8a9bc09c-971d-4735-9775-037b9d3217d2,55.46954,-119.06496,11.54489,5.24932,-0.47097,-17.60064,2.45096,-1.38853,-1.53195,,,,,,,,,,,,,,,,,,,,,,,,,,,,,,,,,,,,,,,,,,,,,,,,,,,High,High,High,,,,,,,,,,,,,,,,,,,,,,,,,,,,,,,,,,,,,,,
235,2026-05-21,17:54:21.10,2,4,"Durso, Jack",839112,Left,MIA_HUR,"Hendrickson, Carter",830138,Right,BOC_EAG,Undefined,7,Bottom,1,1,2,Fastball,Four-Seam,InPlay,Undefined,LineDrive,Out,1,0,,90.44606,-2.064537,2.738839,2225.044476,153.537511,11:00,5.60073,-1.77476,5.83791,-18.41655,15.79824,-7.32945,2.1442,0.16189,82.87619,-5.531928,1.426421,0.420996,107.36034,14.646145,-25.557967,1759.948601,97.16587,23.13466,-51.56268,294.14804,281.86725,-33.406468,2.652192,4.51772,8.97815,1.55593,50,5.42152,-5.96841,-131.22306,-5.31588,7.89301,27.25075,-16.48817,BOC_EAG,MIA_HUR,TruistField,D1,ACC,20260521-TruistField-2,9ff08470-555f-11f1-b22b-2feaa7944c68,89.53153,26.12684,,7.56987,,,,2.44003,2.35958,-0.11294,ca2eee80-f2ce-4c98-97a8-1c82669d3b1d,2026-05-21,21:54:21.10,2026-05-21T17:54:21.1022336-04:00,2026-05-21T21:54:21.1022336Z,LineDrive,v3,227,236,,"Alvarez, Alonzo",828345,Right,MIA_HUR,8dfbe09b-ce92-4256-91a3-289a09ba6a4e,54.66057,-132.18736,13.62537,5.5993,-4.73242,-8.24408,1.77207,-6.24772,3.94651,113.842731,2.44009,137.4344,-26.18165,5.35048,-1.02849,0.08168,0.03212,-0.01215,0.00129,2.35957,39.81464,-18.23823,1.57227,-0.31623,0.09395,-0.02827,0.00595,-0.00054,-0.11289,-65.72824,0.2288,1.19275,-0.30735,-0.02467,0.04755,-0.01406,0.00143,,,,,,,,,,,,,,,,,,,,,,,High,High,High,High,Medium,,,,,,,,,,,,,,,,,,,,,,,,,,,,,,,,,,,,,
236,2026-05-21,17:54:58.94,3,1,"Durso, Jack",839112,Left,MIA_HUR,"Solier, Julio",827632,Right,BOC_EAG,Undefined,7,Bottom,2,0,0,Curveball,Slider,BallCalled,Undefined,Undefined,Undefined,0,0,,82.00022,-0.346808,2.644626,2564.65393,338.907475,5:15,5.5552,-2.08619,5.12153,-48.86833,-5.82583,2.78469,1.15582,0.63863,75.20676,-9.163621,3.137656,0.472194,,,,,,,,,,,,-0.60799,-2.40984,1.83523,50,5.48436,-5.60807,-118.86999,-2.54393,-0.8646,24.09556,-35.60087,BOC_EAG,MIA_HUR,TruistField,D1,ACC,20260521-TruistField-2,b672d8b0-555f-11f1-b22b-2feaa7944c68,79.82409,,,6.79347,,,,,,,ca2eee80-f2ce-4c98-97a8-1c82669d3b1d,2026-05-21,21:54:58.94,2026-05-21T17:54:58.9490176-04:00,2026-05-21T21:54:58.9490176Z,,v3,227,236,,"Alvarez, Alonzo",828345,Right,MIA_HUR,e4437544-d361-437f-9541-90c8bf18c88b,55.37759,-119.9551,12.04778,5.56283,-0.94069,-17.80044,2.0869,-5.56913,-0.4323,,,,,,,,,,,,,,,,,,,,,,,,,,,,,,,,,,,,,,,,,,,,,,,,,,,High,High,High,,,,,,,,,,,,,,,,,,,,,,,,,,,,,,,,,,,,,,,
237,2026-05-21,17:55:20.49,3,2,"Durso, Jack",839112,Left,MIA_HUR,"Solier, Julio",827632,Right,BOC_EAG,Undefined,7,Bottom,2,1,0,Fastball,Four-Seam,BallCalled,Undefined,Undefined,Undefined,0,0,,89.91439,-1.026818,1.281007,2235.375451,156.832484,11:15,5.71133,-1.85965,5.95011,-16.96737,17.47044,-7.01225,3.34472,-1.25574,82.18639,-4.255299,0.021266,0.422366,,,,,,,,,,,,3.94166,9.56993,1.76165,50,5.62009,-2.62224,-130.60346,-2.83641,6.81302,27.3197,-15.63268,BOC_EAG,MIA_HUR,TruistField,D1,ACC,20260521-TruistField-2,c341a7b0-555f-11f1-b22b-2feaa7944c68,89.24114,,,7.728,,,,,,,ca2eee80-f2ce-4c98-97a8-1c82669d3b1d,2026-05-21,21:55:20.49,2026-05-21T17:55:20.4911616-04:00,2026-05-21T21:55:20.4911616Z,,v3,227,236,,"Alvarez, Alonzo",828345,Right,MIA_HUR,e7dbb796-dedb-4bcd-85e0-ac12f4a104d4,54.54655,-131.55107,13.65985,5.70907,-2.29417,-7.81634,1.8567,-2.85855,3.40651,,,,,,,,,,,,,,,,,,,,,,,,,,,,,,,,,,,,,,,,,,,,,,,,,,,High,High,High,,,,,,,,,,,,,,,,,,,,,,,,,,,,,,,,,,,,,,,
238,2026-05-21,17:55:43.66,3,3,"Durso, Jack",839112,Left,MIA_HUR,"Solier, Julio",827632,Right,BOC_EAG,Undefined,7,Bottom,2,2,0,Fastball,Four-Seam,BallCalled,Undefined,Undefined,Undefined,0,0,,90.3331,-3.080924,3.353718,2272.190965,157.056586,11:15,5.62364,-1.73267,5.9636,-17.12402,17.12902,-6.78768,1.33231,0.81486,82.76072,-6.318221,2.136624,0.421232,,,,,,,,,,,,4.38878,9.9626,1.47021,50,5.36913,-7.38007,-130.86857,-7.56221,7.62538,27.13716,-14.86434,BOC_EAG,MIA_HUR,TruistField,D1,ACC,20260521-TruistField-2,d180f6a0-555f-11f1-b22b-2feaa7944c68,89.48148,,,7.57237,,,,,,,ca2eee80-f2ce-4c98-97a8-1c82669d3b1d,2026-05-21,21:55:43.66,2026-05-21T17:55:43.6623360-04:00,2026-05-21T21:55:43.6623360Z,,v3,227,236,,"Alvarez, Alonzo",828345,Right,MIA_HUR,44b40b78-a9f8-498c-a7c7-dac2bf1d2980,54.53316,-131.80522,13.56858,5.62129,-7.04916,-7.43217,1.72948,-7.64326,3.81269,,,,,,,,,,,,,,,,,,,,,,,,,,,,,,,,,,,,,,,,,,,,,,,,,,,High,High,High,,,,,,,,,,,,,,,,,,,,,,,,,,,,,,,,,,,,,,,
239,2026-05-21,17:56:07.05,3,4,"Durso, Jack",839112,Left,MIA_HUR,"Solier, Julio",827632,Right,BOC_EAG,Undefined,7,Bottom,2,3,0,Fastball,Four-Seam,StrikeCalled,Undefined,Undefined,Undefined,0,0,,90.54234,-2.357789,1.581295,2311.419644,156.115011,11:15,5.6104,-1.72176,5.73245,-20.74253,13.56209,-5.52303,1.6841,-0.70906,82.93621,-6.231166,0.592742,0.421549,,,,,,,,,,,,3.23807,7.88433,1.59338,50,5.40113,-3.38339,-131.36285,-6.10028,5.66308,27.59877,-18.38518,BOC_EAG,MIA_HUR,TruistField,D1,ACC,20260521-TruistField-2,defe7c30-555f-11f1-b22b-2feaa7944c68,89.41422,,,7.60613,,,,,,,ca2eee80-f2ce-4c98-97a8-1c82669d3b1d,2026-05-21,21:56:07.05,2026-05-21T17:56:07.0529536-04:00,2026-05-21T21:56:07.0529536Z,,v3,227,236,,"Alvarez, Alonzo",828345,Right,MIA_HUR,c4c8a9d7-707b-4f7a-ab66-9a4a91d37c41,54.76405,-132.35997,13.79939,5.60952,-5.43604,-9.19259,1.71931,-3.58799,2.83154,,,,,,,,,,,,,,,,,,,,,,,,,,,,,,,,,,,,,,,,,,,,,,,,,,,High,High,High,,,,,,,,,,,,,,,,,,,,,,,,,,,,,,,,,,,,,,,
240,2026-05-21,17:56:27.20,3,5,"Durso, Jack",839112,Left,MIA_HUR,"Solier, Julio",827632,Right,BOC_EAG,Undefined,7,Bottom,2,3,1,Fastball,Four-Seam,BallCalled,Walk,Undefined,Undefined,0,0,,90.9059,-3.236608,1.527756,2265.219666,156.919324,11:15,5.57413,-1.7705,5.77059,-16.95013,17.02528,-6.79654,1.14542,-0.91484,83.3729,-6.427773,0.310589,0.419521,,,,,,,,,,,,3.87949,9.88863,1.64837,50,5.29609,-3.22041,-131.83452,-7.98464,6.84344,27.42076,-14.73045,BOC_EAG,MIA_HUR,TruistField,D1,ACC,20260521-TruistField-2,eafe1450-555f-11f1-b22b-2feaa7944c68,89.84635,,,7.533,,,,,,,ca2eee80-f2ce-4c98-97a8-1c82669d3b1d,2026-05-21,21:56:27.20,2026-05-21T17:56:27.2018432-04:00,2026-05-21T21:56:27.2018432Z,,v3,227,236,,"Alvarez, Alonzo",828345,Right,MIA_HUR,763e0e6c-72bd-448d-a9f9-5d865f626e46,54.72672,-132.81401,13.71038,5.57191,-7.45846,-7.36523,1.76777,-3.46486,3.42172,,,,,,,,,,,,,,,,,,,,,,,,,,,,,,,,,,,,,,,,,,,,,,,,,,,High,High,High,,,,,,,,,,,,,,,,,,,,,,,,,,,,,,,,,,,,,,,
241,2026-05-21,17:57:10.78,4,1,"Durso, Jack",839112,Left,MIA_HUR,"Mainolfi, Ty",839397,Left,BOC_EAG,Undefined,7,Bottom,2,0,0,Slider,Slider,BallCalled,Undefined,Undefined,Undefined,0,0,,81.46126,0.214258,3.568477,2574.286397,298.684574,4:00,5.25046,-2.42811,4.93367,-45.32565,-1.60831,5.37111,1.67623,1.39673,75.02138,-7.945268,4.513064,0.475881,,,,,,,,,,,,-1.67106,-0.42524,2.076,50,5.23373,-7.59123,-118.00967,-1.2696,-2.35996,22.14656,-32.77458,BOC_EAG,MIA_HUR,TruistField,D1,ACC,20260521-TruistField-2,04fc6ff0-5560-11f1-b22b-2feaa7944c68,79.2056,,,6.43989,,,,,,,ca2eee80-f2ce-4c98-97a8-1c82669d3b1d,2026-05-21,21:57:10.78,2026-05-21T17:57:10.7807744-04:00,2026-05-21T21:57:10.7807744Z,,v3,227,236,,"Alvarez, Alonzo",828345,Right,MIA_HUR,6cfba835-38b7-487d-8349-816402eb0c5b,55.56457,-119.04937,11.07328,5.25722,0.26906,-16.38729,2.42978,-7.48043,-1.17998,,,,,,,,,,,,,,,,,,,,,,,,,,,,,,,,,,,,,,,,,,,,,,,,,,,High,High,High,,,,,,,,,,,,,,,,,,,,,,,,,,,,,,,,,,,,,,,
242,2026-05-21,17:57:34.31,4,2,"Durso, Jack",839112,Left,MIA_HUR,"Mainolfi, Ty",839397,Left,BOC_EAG,Undefined,7,Bottom,2,1,0,Fastball,Four-Seam,InPlay,Undefined,Popup,Out,1,0,,90.15792,-1.381177,2.216238,2273.554383,156.831612,11:15,5.64441,-1.62578,5.98638,-17.15371,16.95899,-6.81331,2.93364,-0.13849,82.7342,-4.633215,0.9923,0.420368,81.15266,68.787909,-19.697879,,,,,,35.16231,,,4.1115,9.41926,1.45473,50,5.52589,-4.78697,-130.95796,-3.67113,7.1706,26.54831,-15.74645,BOC_EAG,MIA_HUR,TruistField,D1,ACC,20260521-TruistField-2,14135a30-5560-11f1-b22b-2feaa7944c68,89.66543,95.86615,,7.42372,,,,1.82114,2.96632,0.14553,ca2eee80-f2ce-4c98-97a8-1c82669d3b1d,2026-05-21,21:57:34.31,2026-05-21T17:57:34.3199744-04:00,2026-05-21T21:57:34.3199744Z,,v3,227,236,,"Alvarez, Alonzo",828345,Right,MIA_HUR,85b7b15c-8580-49eb-b9ae-ee13ee689cd0,54.51218,-131.86951,13.27415,5.64266,-3.13047,-7.87323,1.62332,-5.03317,3.5853,182.563962,1.82113,40.54693,-14.02759,4.58286,-3.17356,5.20524,-5.76029,3.3108,-0.76358,2.96632,110.95896,-26.53022,2.80189,0.3134,-1.82416,2.1965,-1.28433,0.29807,0.14553,-14.51644,6.2735,-2.13828,1.55557,-2.58626,2.86695,-1.64849,0.38026,,,,,,,,,,,,,,,,,,,,,,,High,High,High,Medium,Undefined,,,,,,,,,,,,,,,,,,,,,,,,,,,,,,,,,,,,,
243,2026-05-21,18:01:06.40,1,1,"Hard, Sean",695717,Right,BOC_EAG,"Galvin, Max",803344,Left,MIA_HUR,Undefined,8,Top,0,0,0,Slider,Slider,BallCalled,Undefined,Undefined,Undefined,0,0,,85.45893,-3.98175,-2.664324,2378.07927,144.210415,10:45,6.37044,1.49254,6.17833,-31.461,6.48099,-3.83855,0.06177,-1.28952,79.09051,-9.758714,-3.357309,0.443334,,,,,,,,,,,,1.2763,4.79166,-1.28923,50,6.05285,5.90798,-123.85503,-9.61911,1.98641,24.281,-24.7163,BOC_EAG,MIA_HUR,TruistField,D1,ACC,20260521-TruistField-2,917ac6c0-5560-11f1-b22b-2feaa7944c68,85.02035,,,6.36841,,,,,,,ca2eee80-f2ce-4c98-97a8-1c82669d3b1d,2026-05-21,22:01:06.40,2026-05-21T18:01:06.4039936-04:00,2026-05-21T22:01:06.4039936Z,,v3,227,236,,"Johnson, Gunnar",1000100233,Right,BOC_EAG,c3d1dd0b-eb96-4c18-a5a5-8f16ff76909d,54.32054,-124.69916,12.1405,6.37233,-8.75984,-12.35815,-1.49342,5.83892,0.99321,,,,,,,,,,,,,,,,,,,,,,,,,,,,,,,,,,,,,,,,,,,,,,,,,,,High,High,High,,,,,,,,,,,,,,,,,,,,,,,,,,,,,,,,,,,,,,,
244,2026-05-21,18:01:23.83,1,2,"Hard, Sean",695717,Right,BOC_EAG,"Galvin, Max",803344,Left,MIA_HUR,Undefined,8,Top,0,1,0,Slider,Slider,InPlay,Undefined,GroundBall,Out,1,0,,85.60435,-2.357427,-1.817407,2296.658877,197.980588,12:30,6.34387,1.31078,5.94354,-30.10734,7.31241,2.05866,1.64593,-0.20399,80.07056,-7.880794,-1.447222,0.440273,88.48886,5.359591,40.380675,2613.558605,,,,92.49039,89.8545,41.798348,0.77883,-1.48272,4.57599,-1.16724,50,6.13863,3.87195,-124.4849,-6.11269,-2.36925,20.69848,-24.86198,BOC_EAG,MIA_HUR,TruistField,D1,ACC,20260521-TruistField-2,9bd07f70-5560-11f1-b22b-2feaa7944c68,85.61154,3.8936,,5.53378,,,,3.19292,2.06456,-0.00855,ca2eee80-f2ce-4c98-97a8-1c82669d3b1d,2026-05-21,22:01:23.83,2026-05-21T18:01:23.8304256-04:00,2026-05-21T22:01:23.8304256Z,GroundBall,v3,227,236,,"Johnson, Gunnar",1000100233,Right,BOC_EAG,f2b3981b-3839-4594-85e6-07b76dafcd91,54.55752,-125.2404,10.34924,6.34518,-5.20522,-12.43099,-1.31014,3.95843,-1.18463,,3.26279,97.20553,-16.6206,,,,,,,2.11014,11.325,-18.0886,,,,,,,-0.00538,83.66424,-5.79072,,,,,,,,,,,,,,,,,,,,,,,,,,,,,High,High,High,Medium,High,,,,,,,,,,,,,,,,,,,,,,,,,,,,,,,,,,,,,
245,2026-05-21,18:02:03.69,2,1,"Hard, Sean",695717,Right,BOC_EAG,"Williams, Derek",804746,Right,MIA_HUR,Undefined,8,Top,1,0,0,Fastball,Four-Seam,BallCalled,Undefined,Undefined,Undefined,0,0,,90.67395,-4.926161,-3.664595,2323.133915,196.091723,12:30,6.55015,0.7958,6.4069,-11.85572,21.92718,5.98941,1.0122,-2.07918,82.61079,-7.241075,-2.582811,0.418331,,,,,,,,,,,,-4.16418,13.18556,-0.5357,50,6.19017,8.14633,-131.03005,-11.55842,-7.20864,28.78928,-9.34837,BOC_EAG,MIA_HUR,TruistField,D1,ACC,20260521-TruistField-2,b38ba1d0-5560-11f1-b22b-2feaa7944c68,90.10198,,,8.06316,,,,,,,ca2eee80-f2ce-4c98-97a8-1c82669d3b1d,2026-05-21,22:02:03.69,2026-05-21T18:02:03.6921856-04:00,2026-05-21T22:02:03.6921856Z,,v3,227,236,,"Johnson, Gunnar",1000100233,Right,BOC_EAG,d1fab06c-6c83-471d-8f74-bf9f58aff2f4,54.08857,-131.92531,14.39464,6.54508,-11.26771,-4.67419,-0.79252,8.37049,-3.60432,,,,,,,,,,,,,,,,,,,,,,,,,,,,,,,,,,,,,,,,,,,,,,,,,,,High,High,High,,,,,,,,,,,,,,,,,,,,,,,,,,,,,,,,,,,,,,,
246,2026-05-21,18:02:19.11,2,2,"Hard, Sean",695717,Right,BOC_EAG,"Williams, Derek",804746,Right,MIA_HUR,Undefined,8,Top,1,1,0,Slider,Slider,BallCalled,Undefined,Undefined,Undefined,0,0,,85.66608,-3.553285,-3.289193,2364.262728,162.600922,11:30,6.33732,1.24556,6.04523,-31.24872,6.58595,-1.71343,0.43401,-1.94566,79.43673,-9.281128,-3.597344,0.442707,,,,,,,,,,,,0.02579,4.68323,-0.98832,50,6.04305,7.20148,-124.14488,-8.73459,0.0405,23.44919,-24.82119,BOC_EAG,MIA_HUR,TruistField,D1,ACC,20260521-TruistField-2,bcc69bb0-5560-11f1-b22b-2feaa7944c68,85.1408,,,6.22935,,,,,,,ca2eee80-f2ce-4c98-97a8-1c82669d3b1d,2026-05-21,22:02:19.11,2026-05-21T18:02:19.1131136-04:00,2026-05-21T22:02:19.1131136Z,,v3,227,236,,"Johnson, Gunnar",1000100233,Right,BOC_EAG,f476a4fe-4b1f-45e3-8877-1cad41d4a997,54.45299,-124.98316,11.72459,6.33944,-7.84727,-12.4106,-1.24573,7.20004,0.02025,,,,,,,,,,,,,,,,,,,,,,,,,,,,,,,,,,,,,,,,,,,,,,,,,,,High,High,High,,,,,,,,,,,,,,,,,,,,,,,,,,,,,,,,,,,,,,,
247,2026-05-21,18:02:38.55,2,3,"Hard, Sean",695717,Right,BOC_EAG,"Williams, Derek",804746,Right,MIA_HUR,Undefined,8,Top,1,2,0,Fastball,Four-Seam,BallCalled,Undefined,Undefined,Undefined,0,0,,90.8897,-3.084628,-3.181766,2348.598762,176.406068,12:00,6.51273,0.79987,6.27888,-14.39402,18.94426,-1.12528,2.46295,-2.22959,83.51066,-5.836594,-3.384617,0.415569,,,,,,,,,,,,-0.26469,10.97363,-0.5644,50,6.27728,7.37197,-131.7848,-7.48473,-0.46744,26.91211,-12.79514,BOC_EAG,MIA_HUR,TruistField,D1,ACC,20260521-TruistField-2,c855e5d0-5560-11f1-b22b-2feaa7944c68,90.70083,,,7.37904,,,,,,,ca2eee80-f2ce-4c98-97a8-1c82669d3b1d,2026-05-21,22:02:38.55,2026-05-21T18:02:38.5521152-04:00,2026-05-21T22:02:38.5521152Z,,v3,227,236,,"Johnson, Gunnar",1000100233,Right,BOC_EAG,58eaf3cc-192e-4e45-848a-90971c986e86,54.21797,-132.64337,13.45606,6.50955,-7.07654,-6.39757,-0.79982,7.38688,-0.23372,,,,,,,,,,,,,,,,,,,,,,,,,,,,,,,,,,,,,,,,,,,,,,,,,,,High,High,High,,,,,,,,,,,,,,,,,,,,,,,,,,,,,,,,,,,,,,,
248,2026-05-21,18:02:55.36,2,4,"Hard, Sean",695717,Right,BOC_EAG,"Williams, Derek",804746,Right,MIA_HUR,Undefined,8,Top,1,3,0,Fastball,Four-Seam,BallCalled,Walk,Undefined,Undefined,0,0,,91.14721,-3.160885,-2.625454,2292.978874,190.81075,12:15,6.48459,0.8536,6.12937,-13.92111,19.51029,3.51981,2.39679,-1.28154,83.38639,-5.833419,-1.991918,0.416149,,,,,,,,,,,,-2.53528,11.26351,-0.65466,50,6.2352,5.91027,-132.13632,-7.66637,-4.4849,28.00551,-12.24879,BOC_EAG,MIA_HUR,TruistField,D1,ACC,20260521-TruistField-2,d2ff15b0-5560-11f1-b22b-2feaa7944c68,90.5744,,,7.76082,,,,,,,ca2eee80-f2ce-4c98-97a8-1c82669d3b1d,2026-05-21,22:02:55.36,2026-05-21T18:02:55.3607168-04:00,2026-05-21T22:02:55.3607168Z,,v3,227,236,,"Johnson, Gunnar",1000100233,Right,BOC_EAG,da5d50d6-7222-4f34-97ec-c74e65336583,54.36692,-133.05864,14.00275,6.48104,-7.26297,-6.1244,-0.85174,6.05798,-2.24245,,,,,,,,,,,,,,,,,,,,,,,,,,,,,,,,,,,,,,,,,,,,,,,,,,,High,High,High,,,,,,,,,,,,,,,,,,,,,,,,,,,,,,,,,,,,,,,
249,2026-05-21,18:03:33.56,3,1,"Hard, Sean",695717,Right,BOC_EAG,"Sosa, Alex",806227,Left,MIA_HUR,Undefined,8,Top,1,0,0,Slider,Slider,BallCalled,Undefined,Undefined,Undefined,0,0,,85.16523,-3.75848,-2.613065,2345.659073,149.127484,11:00,6.2954,1.38484,5.96117,-30.9223,7.46863,-3.78303,0.22484,-1.35507,78.97386,-9.419484,-3.293099,0.445949,,,,,,,,,,,,1.27374,5.16862,-1.17527,50,5.97912,5.7797,-123.46361,-9.1192,1.97617,23.39744,-24.15507,BOC_EAG,MIA_HUR,TruistField,D1,ACC,20260521-TruistField-2,ea02cef0-5560-11f1-b22b-2feaa7944c68,84.52177,,,6.19137,,,,,,,ca2eee80-f2ce-4c98-97a8-1c82669d3b1d,2026-05-21,22:03:33.56,2026-05-21T18:03:33.5657984-04:00,2026-05-21T22:03:33.5657984Z,,v3,227,236,,"Johnson, Gunnar",1000100233,Right,BOC_EAG,27ac32b4-4be1-4471-8b28-a506fc2987bc,54.53818,-124.32066,11.69872,6.29695,-8.23439,-12.07753,-1.38565,5.70731,0.98809,,,,,,,,,,,,,,,,,,,,,,,,,,,,,,,,,,,,,,,,,,,,,,,,,,,High,High,High,,,,,,,,,,,,,,,,,,,,,,,,,,,,,,,,,,,,,,,
250,2026-05-21,18:03:56.44,3,2,"Hard, Sean",695717,Right,BOC_EAG,"Sosa, Alex",806227,Left,MIA_HUR,Undefined,8,Top,1,1,0,Fastball,Four-Seam,BallCalled,Undefined,Undefined,Undefined,0,0,,92.19107,-4.154488,-3.347954,2300.635899,214.304345,1:15,6.4015,1.15688,5.83924,-15.56312,17.36966,11.16182,1.23007,-1.02805,84.91664,-7.084349,-1.350431,0.413034,,,,,,,,,,,,-6.58685,10.27296,-0.89061,50,6.05284,7.32817,-133.4859,-10.19224,-11.97286,26.73815,-13.50097,BOC_EAG,MIA_HUR,TruistField,D1,ACC,20260521-TruistField-2,f75cee00-5560-11f1-b22b-2feaa7944c68,91.25753,,,7.27442,,,,,,,ca2eee80-f2ce-4c98-97a8-1c82669d3b1d,2026-05-21,22:03:56.44,2026-05-21T18:03:56.4463616-04:00,2026-05-21T22:03:56.4463616Z,,v3,227,236,,"Johnson, Gunnar",1000100233,Right,BOC_EAG,cfccaefe-bcb2-492b-9acb-fa0c5aa535c2,54.65969,-134.41602,13.36908,6.39922,-9.72259,-6.75049,-1.15278,7.74466,-5.98643,,,,,,,,,,,,,,,,,,,,,,,,,,,,,,,,,,,,,,,,,,,,,,,,,,,High,High,High,,,,,,,,,,,,,,,,,,,,,,,,,,,,,,,,,,,,,,,
251,2026-05-21,18:04:19.56,3,3,"Hard, Sean",695717,Right,BOC_EAG,"Sosa, Alex",806227,Left,MIA_HUR,Undefined,8,Top,1,2,0,Fastball,Four-Seam,BallCalled,Undefined,Undefined,Undefined,0,0,,93.46148,-2.432824,-2.001429,2428.500433,186.611523,12:15,6.46791,1.0199,5.82127,-8.44725,23.52797,2.61291,3.49944,-0.62384,85.66925,-4.10764,-1.533678,0.406985,,,,,,,,,,,,-1.85685,12.93556,-0.85774,50,6.26368,4.62256,-135.63728,-5.93163,-3.47664,28.26747,-7.95453,BOC_EAG,MIA_HUR,TruistField,D1,ACC,20260521-TruistField-2,049a0f30-5561-11f1-b22b-2feaa7944c68,92.61385,,,7.79223,,,,,,,ca2eee80-f2ce-4c98-97a8-1c82669d3b1d,2026-05-21,22:04:19.56,2026-05-21T18:04:19.5693568-04:00,2026-05-21T22:04:19.5693568Z,,v3,227,236,,"Johnson, Gunnar",1000100233,Right,BOC_EAG,75bc085b-b924-4bcc-94b6-9b3907a18441,54.67582,-136.60827,14.13373,6.46274,-5.65839,-3.97726,-1.01857,4.74198,-1.73832,,,,,,,,,,,,,,,,,,,,,,,,,,,,,,,,,,,,,,,,,,,,,,,,,,,High,High,High,,,,,,,,,,,,,,,,,,,,,,,,,,,,,,,,,,,,,,,
252,2026-05-21,18:04:50.65,3,4,"Hard, Sean",695717,Right,BOC_EAG,"Sosa, Alex",806227,Left,MIA_HUR,Undefined,8,Top,1,3,0,Fastball,Four-Seam,StrikeCalled,Undefined,Undefined,Undefined,0,0,,93.34143,-3.557347,-1.842814,2421.207542,194.207702,12:30,6.48264,0.92872,5.89159,-12.54725,19.3956,4.6663,2.12819,-0.39401,85.94317,-5.952094,-1.005837,0.406779,,,,,,,,,,,,-2.86807,11.15847,-0.78298,50,6.18843,4.15346,-135.4037,-8.77645,-5.36489,27.47411,-11.30157,BOC_EAG,MIA_HUR,TruistField,D1,ACC,20260521-TruistField-2,17caee80-5561-11f1-b22b-2feaa7944c68,92.66084,,,7.39826,,,,,,,ca2eee80-f2ce-4c98-97a8-1c82669d3b1d,2026-05-21,22:04:50.65,2026-05-21T18:04:50.6597376-04:00,2026-05-21T22:04:50.6597376Z,,v3,227,236,,"Johnson, Gunnar",1000100233,Right,BOC_EAG,9d947429-85c7-4f4a-9c1d-958102146de9,54.60677,-136.33523,13.73706,6.4795,-8.39326,-5.65079,-0.92689,4.33536,-2.68244,,,,,,,,,,,,,,,,,,,,,,,,,,,,,,,,,,,,,,,,,,,,,,,,,,,High,High,High,,,,,,,,,,,,,,,,,,,,,,,,,,,,,,,,,,,,,,,
253,2026-05-21,18:05:13.68,3,5,"Hard, Sean",695717,Right,BOC_EAG,"Sosa, Alex",806227,Left,MIA_HUR,Undefined,8,Top,1,3,1,Fastball,Four-Seam,BallCalled,Walk,Undefined,Undefined,0,0,,92.40347,-2.261326,-0.93385,2365.378664,200.396115,12:45,6.55667,1.01193,5.86397,-11.67418,21.12922,7.46071,3.48179,0.76608,84.30045,-4.528388,0.404332,0.412222,,,,,,,,,,,,-4.06945,11.75166,-0.94059,50,6.36658,1.8564,-134.11764,-5.59123,-7.40383,29.3121,-10.79346,BOC_EAG,MIA_HUR,TruistField,D1,ACC,20260521-TruistField-2,25e26a20-5561-11f1-b22b-2feaa7944c68,91.43729,,,8.10302,,,,,,,ca2eee80-f2ce-4c98-97a8-1c82669d3b1d,2026-05-21,22:05:13.68,2026-05-21T18:05:13.6858624-04:00,2026-05-21T22:05:13.6858624Z,,v3,227,236,,"Johnson, Gunnar",1000100233,Right,BOC_EAG,0a0c7fee-6a55-4a41-bcd5-9f88734bc0e2,54.63275,-135.12636,14.65605,6.5526,-5.2198,-5.39673,-1.00886,2.11118,-3.70191,,,,,,,,,,,,,,,,,,,,,,,,,,,,,,,,,,,,,,,,,,,,,,,,,,,High,High,High,,,,,,,,,,,,,,,,,,,,,,,,,,,,,,,,,,,,,,,
254,2026-05-21,18:09:40.23,4,1,"Hartsell, Chase",1000116331,Right,BOC_EAG,"Alvarez, Alonzo",828345,Left,MIA_HUR,Undefined,8,Top,1,0,0,ChangeUp,Changeup,BallCalled,Undefined,Undefined,Undefined,0,0,,78.7321,-1.240831,-2.29301,2124.197825,255.745651,2:30,5.31165,1.83319,5.90004,-38.68006,6.21544,19.09076,0.93532,1.29429,72.70542,-8.362532,1.138352,0.482251,,,,,,,,,,,,-10.42918,3.92902,-1.65985,50,5.18954,3.88029,-114.37892,-3.66799,-13.86285,20.42647,-26.95144,BOC_EAG,MIA_HUR,TruistField,D1,ACC,20260521-TruistField-2,c3b8c190-5561-11f1-b22b-2feaa7944c68,78.15944,,,6.02669,,,,,,,ca2eee80-f2ce-4c98-97a8-1c82669d3b1d,2026-05-21,22:09:40.23,2026-05-21T18:09:40.2335232-04:00,2026-05-21T22:09:40.2335232Z,,v3,227,236,,"Johnson, Gunnar",1000100233,Right,BOC_EAG,321bdb43-6e1b-4400-9c8f-765f40096b02,54.5998,-115.19745,10.21324,5.31489,-2.58799,-13.47572,-1.82647,4.4358,-6.93142,,,,,,,,,,,,,,,,,,,,,,,,,,,,,,,,,,,,,,,,,,,,,,,,,,,High,High,High,,,,,,,,,,,,,,,,,,,,,,,,,,,,,,,,,,,,,,,
255,2026-05-21,18:10:00.42,4,2,"Hartsell, Chase",1000116331,Right,BOC_EAG,"Alvarez, Alonzo",828345,Left,MIA_HUR,Undefined,8,Top,1,1,0,ChangeUp,Changeup,BallCalled,Undefined,Undefined,Undefined,0,0,,81.3104,-0.937206,-4.657459,2204.839897,252.863817,2:30,5.2933,1.7983,5.99499,-34.77856,7.10374,19.07033,1.52365,-0.93794,75.19847,-7.357666,-1.238511,0.465786,,,,,,,,,,,,-10.94784,4.27693,-1.44117,50,5.20004,8.88635,-117.91977,-3.01851,-15.57302,20.26912,-26.09023,BOC_EAG,MIA_HUR,TruistField,D1,ACC,20260521-TruistField-2,cfbee960-5561-11f1-b22b-2feaa7944c68,80.92219,,,6.11193,,,,,,,ca2eee80-f2ce-4c98-97a8-1c82669d3b1d,2026-05-21,22:10:00.42,2026-05-21T18:10:00.4259840-04:00,2026-05-21T22:10:00.4259840Z,,v3,227,236,,"Johnson, Gunnar",1000100233,Right,BOC_EAG,5400caec-f104-43fe-9aa5-46bc205e7c33,54.50493,-118.69159,10.13456,5.29607,-2.02503,-13.04512,-1.79084,9.47935,-7.78651,,,,,,,,,,,,,,,,,,,,,,,,,,,,,,,,,,,,,,,,,,,,,,,,,,,High,High,High,,,,,,,,,,,,,,,,,,,,,,,,,,,,,,,,,,,,,,,
256,2026-05-21,18:10:21.15,4,3,"Hartsell, Chase",1000116331,Right,BOC_EAG,"Alvarez, Alonzo",828345,Left,MIA_HUR,Undefined,8,Top,1,2,0,Fastball,Sinker,BallCalled,Undefined,Undefined,Undefined,0,0,,89.11683,-2.216852,-4.315592,2175.192279,226.302342,1:30,5.49935,1.65325,5.68238,-23.2508,11.90524,11.43095,1.4885,-1.42444,82.64835,-6.508803,-2.279114,0.426748,,,,,,,,,,,,-6.93666,6.88965,-1.29698,50,5.2974,9.28514,-129.22401,-5.81157,-11.89694,23.32482,-20.35773,BOC_EAG,MIA_HUR,TruistField,D1,ACC,20260521-TruistField-2,dc118380-5561-11f1-b22b-2feaa7944c68,88.32481,,,6.46848,,,,,,,ca2eee80-f2ce-4c98-97a8-1c82669d3b1d,2026-05-21,22:10:21.15,2026-05-21T18:10:21.1502080-04:00,2026-05-21T22:10:21.1502080Z,,v3,227,236,,"Johnson, Gunnar",1000100233,Right,BOC_EAG,1af0cef0-76d0-4569-803c-2cf34ee59512,54.81893,-130.09092,11.66241,5.49933,-5.05494,-10.17887,-1.65029,9.72731,-5.94847,,,,,,,,,,,,,,,,,,,,,,,,,,,,,,,,,,,,,,,,,,,,,,,,,,,High,High,High,,,,,,,,,,,,,,,,,,,,,,,,,,,,,,,,,,,,,,,
257,2026-05-21,18:10:43.19,4,4,"Hartsell, Chase",1000116331,Right,BOC_EAG,"Alvarez, Alonzo",828345,Left,MIA_HUR,Undefined,8,Top,1,3,0,Fastball,Four-Seam,StrikeCalled,Undefined,Undefined,Undefined,0,0,,90.08612,-1.889517,-2.391665,2154.984864,220.069249,1:15,5.59768,1.44386,5.63308,-19.28749,15.34816,12.02052,2.22533,0.2129,82.75398,-5.497841,-0.245955,0.423578,,,,,,,,,,,,-6.7137,8.60237,-1.24815,50,5.42453,4.9313,-130.73677,-4.95145,-11.68503,26.11346,-17.20187,BOC_EAG,MIA_HUR,TruistField,D1,ACC,20260521-TruistField-2,e9de3a80-5561-11f1-b22b-2feaa7944c68,88.98585,,,7.33215,,,,,,,ca2eee80-f2ce-4c98-97a8-1c82669d3b1d,2026-05-21,22:10:43.19,2026-05-21T18:10:43.1921664-04:00,2026-05-21T22:10:43.1921664Z,,v3,227,236,,"Johnson, Gunnar",1000100233,Right,BOC_EAG,4b39a77c-0361-431c-a88c-8523bafb9d17,54.86468,-131.70486,13.05673,5.59628,-4.31374,-8.60093,-1.439,5.36449,-5.84252,,,,,,,,,,,,,,,,,,,,,,,,,,,,,,,,,,,,,,,,,,,,,,,,,,,High,High,High,,,,,,,,,,,,,,,,,,,,,,,,,,,,,,,,,,,,,,,
258,2026-05-21,18:11:15.13,4,5,"Hartsell, Chase",1000116331,Right,BOC_EAG,"Alvarez, Alonzo",828345,Left,MIA_HUR,Undefined,8,Top,1,3,1,Fastball,Sinker,BallCalled,Walk,Undefined,Undefined,0,0,,91.03307,-3.296848,-3.170695,2055.860264,224.356592,1:30,5.52105,1.52404,5.68892,-20.44296,13.34973,12.08497,0.73667,-0.42701,84.16724,-7.085342,-1.012389,0.418392,,,,,,,,,,,,-6.98284,7.92599,-1.26513,50,5.23036,6.79486,-131.98559,-8.31202,-12.44565,25.35489,-18.04737,BOC_EAG,MIA_HUR,TruistField,D1,ACC,20260521-TruistField-2,fc3f1fa0-5561-11f1-b22b-2feaa7944c68,90.08892,,,6.86583,,,,,,,ca2eee80-f2ce-4c98-97a8-1c82669d3b1d,2026-05-21,22:11:15.13,2026-05-21T18:11:15.1326208-04:00,2026-05-21T22:11:15.1326208Z,,v3,227,236,,"Johnson, Gunnar",1000100233,Right,BOC_EAG,7ca6b416-cd56-40c0-bab2-816c2875cdbe,54.81099,-132.90659,12.67745,5.52038,-7.65647,-9.02368,-1.52016,7.24694,-6.22283,,,,,,,,,,,,,,,,,,,,,,,,,,,,,,,,,,,,,,,,,,,,,,,,,,,High,High,High,,,,,,,,,,,,,,,,,,,,,,,,,,,,,,,,,,,,,,,
259,2026-05-21,18:12:27.20,5,1,"Hartsell, Chase",1000116331,Right,BOC_EAG,"Dubovik, Dylan",828130,Right,MIA_HUR,Undefined,8,Top,1,0,0,Fastball,Sinker,InPlay,Undefined,GroundBall,FieldersChoice,1,1,,88.5261,-0.397651,-2.08153,1962.905003,225.05864,1:30,5.73586,1.30385,5.66495,-22.72978,13.10871,12.03457,3.47068,0.365,81.12331,-4.639884,0.068321,0.43087,90.61028,-31.663508,-36.966099,,,,,7.41448,7.41448,-32.215784,0.054226,-6.71351,7.10075,-1.13585,50,5.68796,4.1644,-128.56705,-1.65155,-11.27083,25.90262,-20.25309,BOC_EAG,MIA_HUR,TruistField,D1,ACC,20260521-TruistField-2,282008a0-5562-11f1-b22b-2feaa7944c68,87.47981,3.79515,,7.40279,,,,1.35629,3.79515,-0.25228,ca2eee80-f2ce-4c98-97a8-1c82669d3b1d,2026-05-21,22:12:27.20,2026-05-21T18:12:27.2074752-04:00,2026-05-21T22:12:27.2074752Z,GroundBall,v3,227,236,,"Johnson, Gunnar",1000100233,Right,BOC_EAG,8bc2084f-7cc1-4dca-bf75-0aff06491622,54.83389,-129.53728,12.95131,5.73561,-0.89293,-10.12654,-1.29974,4.58657,-5.63542,,1.35372,90.66992,,,,,,,,3.79713,-69.98716,,,,,,,,-0.25035,-68.24062,,,,,,,,,,,,,,,,,,,,,,,,,,,,,,High,High,High,Low,Low,,,,,,,,,,,,,,,,,,,,,,,,,,,,,,,,,,,,,
260,2026-05-21,18:13:07.89,6,1,"Hartsell, Chase",1000116331,Right,BOC_EAG,"De Goti, Brandon",813915,Right,MIA_HUR,Undefined,8,Top,2,0,0,Fastball,Sinker,FoulBallNotFieldable,Undefined,Undefined,Undefined,0,0,,87.94683,-2.172137,-1.768469,1987.406718,222.874409,1:30,5.68814,1.29222,5.83385,-23.1497,13.00572,11.02485,1.73812,0.56668,80.72716,-6.488309,0.208882,0.432771,,,,,,,,,,,,-6.17244,7.59067,-1.15475,50,5.49723,3.49344,-127.68377,-5.59397,-10.20532,25.91628,-19.62387,BOC_EAG,MIA_HUR,TruistField,D1,ACC,20260521-TruistField-2,3fa57500-5562-11f1-b22b-2feaa7944c68,87.09559,,,7.21967,,,,,,,ca2eee80-f2ce-4c98-97a8-1c82669d3b1d,2026-05-21,22:13:07.89,2026-05-21T18:13:07.8962688-04:00,2026-05-21T22:13:07.8962688Z,,v3,227,236,,"Johnson, Gunnar",1000100233,Right,BOC_EAG,0452c2aa-1c8f-4a0b-b754-e6668a374e09,54.66524,-128.6272,12.95814,5.68786,-4.87961,-9.81194,-1.28869,3.86495,-5.10266,,,,,,,,,,,,,,,,,,,,,,,,,,,,,,,,,,,,,,,,,,,,,,,,,,,High,High,High,,,,,,,,,,,,,,,,,,,,,,,,,,,,,,,,,,,,,,,
261,2026-05-21,18:13:34.62,6,2,"Hartsell, Chase",1000116331,Right,BOC_EAG,"De Goti, Brandon",813915,Right,MIA_HUR,Undefined,8,Top,2,0,1,Slider,Curveball,FoulBallNotFieldable,Undefined,Undefined,Undefined,0,0,,76.59115,1.53016,-0.256124,1771.23975,28.263734,7:00,5.63897,1.33103,5.12174,-50.33046,-1.58764,-1.62508,2.88639,0.95436,70.67853,-7.587784,-0.54393,0.502489,85.86902,11.003514,-53.300906,3588.396526,,,,132.88608,130.02173,-57.249126,1.249155,0.74874,-0.83638,-1.30562,50,5.74315,0.56023,-111.23433,1.24415,0.94289,18.99768,-33.2273,BOC_EAG,MIA_HUR,TruistField,D1,ACC,20260521-TruistField-2,50686190-5562-11f1-b22b-2feaa7944c68,75.01144,9.41175,,5.91262,,,,1.63887,3.06091,-0.75989,ca2eee80-f2ce-4c98-97a8-1c82669d3b1d,2026-05-21,22:13:34.62,2026-05-21T18:13:34.6222080-04:00,2026-05-21T22:13:34.6222080Z,LineDrive,v3,227,236,,"Johnson, Gunnar",1000100233,Right,BOC_EAG,e490b2dd-04c8-471b-8a83-de597a05a69a,55.37862,-112.14918,9.49884,5.6447,2.84424,-16.61365,-1.3315,0.51483,0.47145,,1.63886,73.88264,-17.46701,3.7399,-2.06247,2.39119,-1.9802,0.86728,-0.15488,3.06091,24.03916,-24.19505,3.15449,-1.1545,0.98702,-0.76,0.32836,-0.05844,-0.7599,-99.11981,8.89071,-0.45499,-0.72768,1.42796,-1.28093,0.57951,-0.10568,,,,,,,,,,,,,,,,,,,,,,,High,High,High,Medium,High,,,,,,,,,,,,,,,,,,,,,,,,,,,,,,,,,,,,,
262,2026-05-21,18:14:05.74,6,3,"Hartsell, Chase",1000116331,Right,BOC_EAG,"De Goti, Brandon",813915,Right,MIA_HUR,Undefined,8,Top,2,0,2,Slider,Curveball,InPlay,Undefined,Popup,Out,1,0,,77.4062,1.065378,-0.846223,2034.258903,86.637618,9:00,5.6397,1.20466,5.02735,-46.71609,0.74083,-8.80209,2.75216,-0.32737,72.09589,-7.364153,-2.401773,0.495817,,,,,,,,,,,,4.22079,0.42705,-1.11617,50,5.70344,2.00554,-112.52651,0.4618,5.4914,17.60535,-31.61845,BOC_EAG,MIA_HUR,TruistField,D1,ACC,20260521-TruistField-2,624549a0-5562-11f1-b22b-2feaa7944c68,76.02093,,,5.31031,,,,,,,ca2eee80-f2ce-4c98-97a8-1c82669d3b1d,2026-05-21,22:14:05.74,2026-05-21T18:14:05.7402368-04:00,2026-05-21T22:14:05.7402368Z,,v3,227,236,,"Johnson, Gunnar",1000100233,Right,BOC_EAG,e76503fc-4cba-475c-a291-9cbb5626fed2,55.47403,-113.37972,8.80267,5.64392,1.99412,-15.80922,-1.20692,1.73941,2.7457,,,,,,,,,,,,,,,,,,,,,,,,,,,,,,,,,,,,,,,,,,,,,,,,,,,High,High,High,,,,,,,,,,,,,,,,,,,,,,,,,,,,,,,,,,,,,,,
263,2026-05-21,18:17:08.93,1,1,"Bradley-Cooney, Packy",1000133598,Right,MIA_HUR,"Wang, Nick",813482,Right,BOC_EAG,Undefined,8,Bottom,0,0,0,Fastball,Four-Seam,BallCalled,Undefined,Undefined,Undefined,0,0,,91.75204,-0.51052,-4.14228,2566.250106,204.92112,12:45,5.57228,2.85077,5.77783,-17.96643,15.213,6.61851,3.59881,-0.45862,84.39015,-3.884308,-2.962119,0.414577,,,,,,,,,,,,-4.40933,8.18166,-2.51236,50,5.51916,9.34426,-133.04937,-1.76859,-7.97689,26.07572,-17.37273,BOC_EAG,MIA_HUR,TruistField,D1,ACC,20260521-TruistField-2,cf2d1430-5562-11f1-b22b-2feaa7944c68,90.91772,,,7.36189,,,,,,,ca2eee80-f2ce-4c98-97a8-1c82669d3b1d,2026-05-21,22:17:08.93,2026-05-21T18:17:08.9345536-04:00,2026-05-21T22:17:08.9345536Z,,v3,227,236,,"Alvarez, Alonzo",828345,Right,MIA_HUR,cf330456-6b94-4da1-81f4-2ac81f9bf32c,54.71977,-133.97119,13.03786,5.57083,-1.15445,-8.68637,-2.84768,9.62625,-3.98845,,,,,,,,,,,,,,,,,,,,,,,,,,,,,,,,,,,,,,,,,,,,,,,,,,,High,High,High,,,,,,,,,,,,,,,,,,,,,,,,,,,,,,,,,,,,,,,
264,2026-05-21,18:17:27.95,1,2,"Bradley-Cooney, Packy",1000133598,Right,MIA_HUR,"Wang, Nick",813482,Right,BOC_EAG,Undefined,8,Bottom,0,1,0,Slider,Slider,BallCalled,Undefined,Undefined,Undefined,0,0,,84.45366,0.588776,-4.710423,2928.629822,124.247624,10:15,5.02399,3.45535,5.0744,-34.03545,5.9352,-7.2167,2.74466,-1.59673,78.67358,-5.560998,-5.976954,0.455032,,,,,,,,,,,,2.52362,3.13937,-3.00187,50,5.05297,10.39425,-122.3814,-0.0067,3.89491,20.15518,-27.32882,BOC_EAG,MIA_HUR,TruistField,D1,ACC,20260521-TruistField-2,dac0f230-5562-11f1-b22b-2feaa7944c68,82.83466,,,5.78008,,,,,,,ca2eee80-f2ce-4c98-97a8-1c82669d3b1d,2026-05-21,22:17:27.95,2026-05-21T18:17:27.9577088-04:00,2026-05-21T22:17:27.9577088Z,,v3,227,236,,"Alvarez, Alonzo",828345,Right,MIA_HUR,02cd6f04-7376-4903-b295-68773100cf38,55.42515,-123.27164,10.07759,5.02661,1.20039,-13.66441,-3.45718,10.22222,1.94746,,,,,,,,,,,,,,,,,,,,,,,,,,,,,,,,,,,,,,,,,,,,,,,,,,,High,High,High,,,,,,,,,,,,,,,,,,,,,,,,,,,,,,,,,,,,,,,
265,2026-05-21,18:17:49.99,1,3,"Bradley-Cooney, Packy",1000133598,Right,MIA_HUR,"Wang, Nick",813482,Right,BOC_EAG,Undefined,8,Bottom,0,2,0,Fastball,Four-Seam,StrikeSwinging,Undefined,Undefined,Undefined,0,0,,92.63316,-0.95391,-3.832064,2543.80458,195.307152,12:30,5.58822,2.98286,5.77009,-18.6417,13.78446,3.52488,3.14497,-0.2948,85.60539,-4.432907,-3.203283,0.409845,,,,,,,,,,,,-2.72189,7.54741,-2.66782,50,5.49784,8.84839,-134.4179,-2.869,-5.0446,25.59258,-18.18612,BOC_EAG,MIA_HUR,TruistField,D1,ACC,20260521-TruistField-2,e7a80420-5562-11f1-b22b-2feaa7944c68,91.96761,,,7.02776,,,,,,,ca2eee80-f2ce-4c98-97a8-1c82669d3b1d,2026-05-21,22:17:49.99,2026-05-21T18:17:49.9927040-04:00,2026-05-21T22:17:49.9927040Z,,v3,227,236,,"Alvarez, Alonzo",828345,Right,MIA_HUR,8729d1b5-d5c5-4eab-8f52-74556ad64d20,54.72822,-135.31514,12.79629,5.58725,-2.23142,-9.09306,-2.98113,9.02525,-2.5223,,,,,,,,,,,,,,,,,,,,,,,,,,,,,,,,,,,,,,,,,,,,,,,,,,,High,High,High,,,,,,,,,,,,,,,,,,,,,,,,,,,,,,,,,,,,,,,
266,2026-05-21,18:18:11.51,1,4,"Bradley-Cooney, Packy",1000133598,Right,MIA_HUR,"Wang, Nick",813482,Right,BOC_EAG,Undefined,8,Bottom,0,2,1,Slider,Slider,BallCalled,Undefined,Undefined,Undefined,0,0,,85.30203,-0.251624,-4.917855,2934.34668,117.223609,10:00,5.03015,3.27966,5.25707,-33.0747,5.97445,-9.61709,2.03663,-2.15368,79.40044,-6.239138,-6.610463,0.449756,,,,,,,,,,,,3.65484,3.38043,-2.82069,50,4.98247,11.04208,-123.56926,-1.75641,5.73145,21.34177,-26.87296,BOC_EAG,MIA_HUR,TruistField,D1,ACC,20260521-TruistField-2,f562e0d0-5562-11f1-b22b-2feaa7944c68,83.80636,,,5.90159,,,,,,,ca2eee80-f2ce-4c98-97a8-1c82669d3b1d,2026-05-21,22:18:11.51,2026-05-21T18:18:11.5190272-04:00,2026-05-21T22:18:11.5190272Z,,v3,227,236,,"Alvarez, Alonzo",828345,Right,MIA_HUR,a803e131-6bf3-48d0-9fef-dcf73edaeaac,55.24224,-124.47136,10.67089,5.0327,-0.62051,-13.43648,-3.28231,10.79982,2.86573,,,,,,,,,,,,,,,,,,,,,,,,,,,,,,,,,,,,,,,,,,,,,,,,,,,High,High,High,,,,,,,,,,,,,,,,,,,,,,,,,,,,,,,,,,,,,,,
267,2026-05-21,18:18:34.18,1,5,"Bradley-Cooney, Packy",1000133598,Right,MIA_HUR,"Wang, Nick",813482,Right,BOC_EAG,Undefined,8,Bottom,0,3,1,Slider,Slider,BallCalled,Walk,Undefined,Undefined,0,0,,84.18071,0.94842,-1.906749,2726.270135,115.056525,9:45,5.12958,3.49463,4.99468,-35.17931,5.25894,-8.8076,3.09398,0.95979,77.73614,-5.437688,-3.459413,0.457686,,,,,,,,,,,,3.88937,2.72099,-3.30367,50,5.1923,4.45504,-122.2011,0.69749,5.93769,21.91671,-28.02008,BOC_EAG,MIA_HUR,TruistField,D1,ACC,20260521-TruistField-2,02a61c80-5563-11f1-b22b-2feaa7944c68,82.35437,,,6.44457,,,,,,,ca2eee80-f2ce-4c98-97a8-1c82669d3b1d,2026-05-21,22:18:34.18,2026-05-21T18:18:34.1854720-04:00,2026-05-21T22:18:34.1854720Z,,v3,227,236,,"Alvarez, Alonzo",828345,Right,MIA_HUR,8564d9ea-01a8-4a08-9585-58eb6178fbba,55.50389,-123.18426,10.95836,5.13282,1.95445,-14.01004,-3.49755,4.18868,2.96885,,,,,,,,,,,,,,,,,,,,,,,,,,,,,,,,,,,,,,,,,,,,,,,,,,,High,High,High,,,,,,,,,,,,,,,,,,,,,,,,,,,,,,,,,,,,,,,
268,2026-05-21,18:19:12.23,2,1,"Bradley-Cooney, Packy",1000133598,Right,MIA_HUR,"Toomey, Jack",809057,Right,BOC_EAG,Undefined,8,Bottom,0,0,0,Fastball,Four-Seam,BallCalled,Undefined,Undefined,Undefined,0,0,,91.54187,-0.223684,-2.561965,2545.216972,195.420084,12:30,5.65287,2.90415,5.73175,-18.36611,14.93146,3.85205,3.91385,0.83771,84.2061,-3.67064,-1.873812,0.415315,,,,,,,,,,,,-2.60658,7.9563,-2.69293,50,5.62292,5.77878,-132.94711,-1.12093,-4.70591,26.17141,-17.80971,BOC_EAG,MIA_HUR,TruistField,D1,ACC,20260521-TruistField-2,18ab9fa0-5563-11f1-b22b-2feaa7944c68,90.75626,,,7.33577,,,,,,,ca2eee80-f2ce-4c98-97a8-1c82669d3b1d,2026-05-21,22:19:12.23,2026-05-21T18:19:12.2333696-04:00,2026-05-21T22:19:12.2333696Z,,v3,227,236,,"Alvarez, Alonzo",828345,Right,MIA_HUR,91c222a5-6455-4249-980b-48868c904364,54.76581,-133.882,13.08571,5.6516,-0.48473,-8.90486,-2.90236,5.94688,-2.35296,,,,,,,,,,,,,,,,,,,,,,,,,,,,,,,,,,,,,,,,,,,,,,,,,,,High,High,High,,,,,,,,,,,,,,,,,,,,,,,,,,,,,,,,,,,,,,,
269,2026-05-21,18:19:34.62,2,2,"Bradley-Cooney, Packy",1000133598,Right,MIA_HUR,"Toomey, Jack",809057,Right,BOC_EAG,Undefined,8,Bottom,0,1,0,Fastball,Four-Seam,FoulBallNotFieldable,Undefined,Undefined,Undefined,0,0,,91.6867,-0.678774,-3.556423,2543.599802,204.615187,12:45,5.5144,3.09515,5.65759,-19.70525,13.73835,5.83256,3.23805,0.26038,84.12864,-4.361448,-2.517347,0.416225,73.27672,32.181196,159.726228,3547.449939,,,,,42.83737,,,-3.91079,7.46768,-2.79768,50,5.44446,8.00975,-132.99354,-2.2473,-7.04179,27.09249,-18.72768,BOC_EAG,MIA_HUR,TruistField,D1,ACC,20260521-TruistField-2,25fe1d90-5563-11f1-b22b-2feaa7944c68,90.55786,26.04245,,7.55805,,,,0.78221,3.30707,-0.21876,ca2eee80-f2ce-4c98-97a8-1c82669d3b1d,2026-05-21,22:19:34.62,2026-05-21T18:19:34.6225664-04:00,2026-05-21T22:19:34.6225664Z,,v3,227,236,,"Alvarez, Alonzo",828345,Right,MIA_HUR,5838fc72-a0f1-4a74-b73b-88d08a63791c,54.84084,-133.97606,13.54625,5.51365,-1.56814,-9.36384,-3.09279,8.26512,-3.5209,304.378363,0.78221,-85.32612,5.10711,-0.46972,1.79024,-8.08911,19.65914,-23.7339,11.31439,3.30707,57.23946,-24.83246,2.50346,0.6237,-5.26117,12.89015,-15.40996,7.27074,-0.21876,31.51829,-9.66059,1.6578,2.01862,-11.01062,26.73648,-32.06832,15.18831,,,,,,,,,,,,,,,,,,,,,,,High,High,High,High,Undefined,,,,,,,,,,,,,,,,,,,,,,,,,,,,,,,,,,,,,
270,2026-05-21,18:19:59.97,2,3,"Bradley-Cooney, Packy",1000133598,Right,MIA_HUR,"Toomey, Jack",809057,Right,BOC_EAG,Undefined,8,Bottom,0,1,1,Slider,Slider,StrikeCalled,Undefined,Undefined,Undefined,0,0,,86.26573,0.677577,-2.786977,2643.645231,125.30127,10:15,4.98896,3.44559,5.05234,-34.39852,4.25075,-4.37555,2.76224,0.45045,79.27847,-5.576086,-3.558487,0.447447,,,,,,,,,,,,1.43079,2.29209,-3.17651,50,5.02624,6.28691,-125.09144,0.15766,2.27784,24.11384,-28.52497,BOC_EAG,MIA_HUR,TruistField,D1,ACC,20260521-TruistField-2,351afb40-5563-11f1-b22b-2feaa7944c68,84.2388,,,6.98725,,,,,,,ca2eee80-f2ce-4c98-97a8-1c82669d3b1d,2026-05-21,22:19:59.97,2026-05-21T18:19:59.9759360-04:00,2026-05-21T22:19:59.9759360Z,,v3,227,236,,"Alvarez, Alonzo",828345,Right,MIA_HUR,5d8490b5-7a24-478d-a6b1-b0a91b1da315,55.44518,-126.13674,12.05692,4.99261,1.39417,-14.26249,-3.44689,6.18817,1.13892,,,,,,,,,,,,,,,,,,,,,,,,,,,,,,,,,,,,,,,,,,,,,,,,,,,High,High,High,,,,,,,,,,,,,,,,,,,,,,,,,,,,,,,,,,,,,,,
271,2026-05-21,18:20:23.34,2,4,"Bradley-Cooney, Packy",1000133598,Right,MIA_HUR,"Toomey, Jack",809057,Right,BOC_EAG,Undefined,8,Bottom,0,1,2,Slider,Slider,FoulBallNotFieldable,Undefined,Undefined,Undefined,0,0,,83.83693,1.153802,-3.509209,2769.764056,90.032561,9:00,5.02173,3.32151,4.99013,-39.97254,1.26827,-8.17083,2.78231,-0.67695,76.8795,-6.084388,-4.94561,0.462205,85.359,41.703055,59.933882,4893.783356,42.49502,83.45231,101.46015,280.52538,106.63832,75.278059,5.157723,3.08516,0.6698,-2.97626,50,5.10044,7.80346,-121.43095,0.93323,4.60748,23.73319,-31.17376,BOC_EAG,MIA_HUR,TruistField,D1,ACC,20260521-TruistField-2,440ad580-5563-11f1-b22b-2feaa7944c68,81.54913,95.72747,,6.95743,,,,-0.04274,2.40774,0.7541,ca2eee80-f2ce-4c98-97a8-1c82669d3b1d,2026-05-21,22:20:23.34,2026-05-21T18:20:23.3438720-04:00,2026-05-21T22:20:23.3438720Z,FlyBall,v3,227,236,,"Alvarez, Alonzo",828345,Right,MIA_HUR,c1f1ed85-53da-4b5a-82da-537e229d7515,55.50834,-122.5028,11.86659,5.0265,2.34112,-15.58688,-3.32399,7.59538,2.30374,,-0.0336,46.65283,-17.29023,3.98445,-0.16959,-0.22056,0.06705,-0.00778,0.00032,2.40779,83.26309,-21.21744,1.14042,0.25872,-0.23153,0.07365,-0.01075,0.00059,0.7601,80.7671,-11.21387,1.38321,0.38726,-0.28745,0.07437,-0.009,0.00042,,,,,,,,,,,,,,,,,,,,,,,High,High,High,Medium,Low,,,,,,,,,,,,,,,,,,,,,,,,,,,,,,,,,,,,,
272,2026-05-21,18:20:47.77,2,5,"Bradley-Cooney, Packy",1000133598,Right,MIA_HUR,"Toomey, Jack",809057,Right,BOC_EAG,Undefined,8,Bottom,0,1,2,Slider,Slider,StrikeCalled,Strikeout,Undefined,Undefined,0,0,,84.72161,0.688199,-2.24563,2689.810208,70.722634,8:15,4.98309,3.4399,4.99607,-41.72191,-1.83835,-8.41087,2.15653,0.61781,78.51284,-6.831944,-3.729013,0.454536,,,,,,,,,,,,3.61418,-0.7387,-3.21672,50,5.0152,5.19473,-123.01405,-0.14836,5.59559,22.02758,-33.31776,BOC_EAG,MIA_HUR,TruistField,D1,ACC,20260521-TruistField-2,519ca660-5563-11f1-b22b-2feaa7944c68,82.92505,,,6.20876,,,,,,,ca2eee80-f2ce-4c98-97a8-1c82669d3b1d,2026-05-21,22:20:47.77,2026-05-21T18:20:47.7789696-04:00,2026-05-21T22:20:47.7789696Z,,v3,227,236,,"Alvarez, Alonzo",828345,Right,MIA_HUR,59e2e795-36a5-443d-96c9-11ecac42c3a9,55.50385,-123.99568,11.01379,4.98873,1.3364,-16.65888,-3.44266,4.94537,2.7978,,,,,,,,,,,,,,,,,,,,,,,,,,,,,,,,,,,,,,,,,,,,,,,,,,,High,High,High,,,,,,,,,,,,,,,,,,,,,,,,,,,,,,,,,,,,,,,
273,2026-05-21,18:21:27.39,3,1,"Bradley-Cooney, Packy",1000133598,Right,MIA_HUR,"Wolff, Kyle",813479,Right,BOC_EAG,Undefined,8,Bottom,1,0,0,Slider,Slider,FoulBallNotFieldable,Undefined,Undefined,Undefined,0,0,,84.22357,0.645774,-2.927511,2783.844672,76.980194,8:30,4.99393,3.45397,5.01315,-41.19242,-0.87158,-8.50563,2.17153,-0.02023,78.17491,-6.776646,-4.426044,0.457021,81.75381,66.126379,50.013707,5177.022543,,,,,43.45817,,,3.53992,-0.31138,-3.16578,50,5.02218,6.61601,-122.25827,-0.1945,5.41888,21.53153,-32.65067,BOC_EAG,MIA_HUR,TruistField,D1,ACC,20260521-TruistField-2,69365e10-5563-11f1-b22b-2feaa7944c68,82.47418,89.90542,,6.04867,,,,2.02634,2.24371,-0.02687,ca2eee80-f2ce-4c98-97a8-1c82669d3b1d,2026-05-21,22:21:27.39,2026-05-21T18:21:27.3911296-04:00,2026-05-21T22:21:27.3911296Z,,v3,227,236,,"Alvarez, Alonzo",828345,Right,MIA_HUR,224f65ba-7c03-4187-9981-b3f3e4306a6c,55.48779,-123.22096,10.76576,4.99824,1.26534,-16.32534,-3.45617,6.37373,2.70944,,2.02634,31.18447,-12.05317,3.62512,-0.93609,0.32684,-0.19936,0.10939,-0.02724,2.24371,109.64633,-27.37245,3.30927,-0.63569,0.09909,0.00057,-0.01179,0.00374,-0.02687,37.1822,-2.85389,0.35353,-0.00421,-0.02588,0.02815,-0.01757,0.0045,,,,,,,,,,,,,,,,,,,,,,,High,High,High,Medium,Undefined,,,,,,,,,,,,,,,,,,,,,,,,,,,,,,,,,,,,,
274,2026-05-21,18:22:02.31,3,2,"Bradley-Cooney, Packy",1000133598,Right,MIA_HUR,"Wolff, Kyle",813479,Right,BOC_EAG,Undefined,8,Bottom,1,0,1,Slider,Slider,BallCalled,Undefined,Undefined,Undefined,0,0,,82.4074,0.070206,-0.881944,2862.673912,83.593263,8:45,4.94326,3.39771,4.7848,-42.51632,-0.40756,-13.1439,1.46679,1.46642,77.05939,-7.545109,-3.195309,0.467044,,,,,,,,,,,,6.29071,0.11075,-3.29759,50,4.91279,2.41495,-119.8218,-1.50427,9.31405,19.15401,-32.01007,BOC_EAG,MIA_HUR,TruistField,D1,ACC,20260521-TruistField-2,7eafcdd0-5563-11f1-b22b-2feaa7944c68,80.70431,,,5.34801,,,,,,,ca2eee80-f2ce-4c98-97a8-1c82669d3b1d,2026-05-21,22:22:02.31,2026-05-21T18:22:02.3175680-04:00,2026-05-21T22:22:02.3175680Z,,v3,227,236,,"Alvarez, Alonzo",828345,Right,MIA_HUR,5cfb259c-c92a-4db1-b15a-9caf9eb4fa94,55.71646,-120.73214,9.577,4.94813,0.01709,-16.00504,-3.40184,1.97228,4.65702,,,,,,,,,,,,,,,,,,,,,,,,,,,,,,,,,,,,,,,,,,,,,,,,,,,High,High,High,,,,,,,,,,,,,,,,,,,,,,,,,,,,,,,,,,,,,,,
275,2026-05-21,18:22:22.85,3,3,"Bradley-Cooney, Packy",1000133598,Right,MIA_HUR,"Wolff, Kyle",813479,Right,BOC_EAG,Undefined,8,Bottom,1,1,1,Slider,Slider,FoulBallNotFieldable,Undefined,Undefined,Undefined,0,0,,83.85172,-0.039872,-3.148902,2009.492597,113.023946,9:45,5.00162,3.49064,4.93781,-36.07191,4.42748,-8.03835,1.95789,-0.1583,78.40019,-6.531087,-4.562455,0.458032,,,,,,,,,,,,3.3304,2.47284,-3.17721,50,4.96746,7.03976,-121.78053,-1.4489,5.09998,19.49495,-28.38725,BOC_EAG,MIA_HUR,TruistField,D1,ACC,20260521-TruistField-2,8a701300-5563-11f1-b22b-2feaa7944c68,82.2922,,,5.45152,,,,,,,ca2eee80-f2ce-4c98-97a8-1c82669d3b1d,2026-05-21,22:22:22.85,2026-05-21T18:22:22.8569600-04:00,2026-05-21T22:22:22.8569600Z,,v3,227,236,,"Alvarez, Alonzo",828345,Right,MIA_HUR,72bae45e-43d2-45c4-b802-ab9255147726,55.5635,-122.66792,9.74748,5.00401,-0.15675,-14.19363,-3.49237,6.80762,2.54999,,,,,,,,,,,,,,,,,,,,,,,,,,,,,,,,,,,,,,,,,,,,,,,,,,,High,High,High,,,,,,,,,,,,,,,,,,,,,,,,,,,,,,,,,,,,,,,
276,2026-05-21,18:22:49.52,3,4,"Bradley-Cooney, Packy",1000133598,Right,MIA_HUR,"Wolff, Kyle",813479,Right,BOC_EAG,Undefined,8,Bottom,1,1,2,Slider,Slider,InPlay,Undefined,GroundBall,Out,2,0,,83.9297,0.452818,-3.662381,2731.079775,77.117191,8:30,4.88859,3.46905,5.09669,-41.85994,-0.8224,-9.13394,1.82785,-0.74803,77.05602,-7.118129,-5.271692,0.461065,88.1745,-2.038262,-16.424214,,,,,26.72609,26.72609,-14.237439,0.197628,3.54732,-0.2222,-3.11522,50,4.89832,8.17135,-121.5908,-0.60696,5.30081,24.24961,-32.50608,BOC_EAG,MIA_HUR,TruistField,D1,ACC,20260521-TruistField-2,9a2f2420-5563-11f1-b22b-2feaa7944c68,81.75083,1.79672,,6.87368,,,,2.19951,1.79672,0.7762,ca2eee80-f2ce-4c98-97a8-1c82669d3b1d,2026-05-21,22:22:49.52,2026-05-21T18:22:49.5223296-04:00,2026-05-21T22:22:49.5223296Z,GroundBall,v3,227,236,,"Alvarez, Alonzo",828345,Right,MIA_HUR,61490665-659e-4e35-bd6b-35dc1d7116cc,55.40293,-122.66361,12.12481,4.89337,0.83111,-16.25304,-3.47153,7.93684,2.6504,50.215403,2.20043,123.9053,-20.05623,,,,,,,1.79791,-4.67996,-22.38416,,,,,,,0.7768,-36.5829,-3.08792,,,,,,,,,,,,,,,,,,,,,,,,,,,,,High,High,High,High,High,,,,,,,,,,,,,,,,,,,,,,,,,,,,,,,,,,,,,
277,2026-05-21,18:25:43.65,1,1,"Miller, Brady",815959,Left,BOC_EAG,"Sheahan, Vance",804451,Right,MIA_HUR,Undefined,9,Top,0,0,0,ChangeUp,Changeup,BallCalled,Undefined,Undefined,Undefined,0,0,,84.35744,2.199532,1.064725,1783.529296,79.071399,8:45,5.50477,-2.0778,5.2725,-41.78719,-1.80669,-15.43977,4.08984,-2.36427,77.51342,-5.407495,-1.674435,0.455088,,,,,,,,,,,,7.94926,-1.06929,1.9921,50,5.67512,-1.60102,-122.47112,3.12969,12.14376,22.86946,-33.80754,BOC_EAG,MIA_HUR,TruistField,D1,ACC,20260521-TruistField-2,020182a0-5564-11f1-b22b-2feaa7944c68,82.82449,,,6.84402,,,,,,,ca2eee80-f2ce-4c98-97a8-1c82669d3b1d,2026-05-21,22:25:43.65,2026-05-21T18:25:43.6555776-04:00,2026-05-21T22:25:43.6555776Z,,v3,227,236,,"Johnson, Gunnar",1000100233,Right,BOC_EAG,a6ab85b8-6665-4031-bb86-7d7730e434a0,55.22684,-123.44328,11.43473,5.51154,4.56683,-16.90377,2.07113,-2.11724,6.07188,,,,,,,,,,,,,,,,,,,,,,,,,,,,,,,,,,,,,,,,,,,,,,,,,,,High,High,High,,,,,,,,,,,,,,,,,,,,,,,,,,,,,,,,,,,,,,,
278,2026-05-21,18:25:58.18,1,2,"Miller, Brady",815959,Left,BOC_EAG,"Sheahan, Vance",804451,Right,MIA_HUR,Undefined,9,Top,0,1,0,ChangeUp,Changeup,BallCalled,Undefined,Undefined,Undefined,0,0,,85.25971,1.304641,4.49705,1846.986501,90.139953,9:00,5.57348,-1.8364,5.22584,-38.15246,1.22973,-16.24678,3.62459,1.04603,78.22681,-5.637568,1.628363,0.45167,,,,,,,,,,,,9.25658,0.65083,1.43374,50,5.66548,-8.99678,-123.47278,1.38201,14.38072,23.12352,-31.16295,BOC_EAG,MIA_HUR,TruistField,D1,ACC,20260521-TruistField-2,0a9d0830-5564-11f1-b22b-2feaa7944c68,83.45124,,,7.0329,,,,,,,ca2eee80-f2ce-4c98-97a8-1c82669d3b1d,2026-05-21,22:25:58.18,2026-05-21T18:25:58.1899776-04:00,2026-05-21T22:25:58.1899776Z,,v3,227,236,,"Johnson, Gunnar",1000100233,Right,BOC_EAG,fdaaf50c-de85-482c-8a5c-fc83d95c647e,55.27354,-124.45647,11.56176,5.57849,2.7077,-15.58148,1.82948,-9.60854,7.19036,,,,,,,,,,,,,,,,,,,,,,,,,,,,,,,,,,,,,,,,,,,,,,,,,,,High,High,High,,,,,,,,,,,,,,,,,,,,,,,,,,,,,,,,,,,,,,,
279,2026-05-21,18:26:17.24,1,3,"Miller, Brady",815959,Left,BOC_EAG,"Sheahan, Vance",804451,Right,MIA_HUR,Undefined,9,Top,0,2,0,Sinker,Sinker,StrikeCalled,Undefined,Undefined,Undefined,0,0,,90.90204,-0.516716,4.076336,2063.630244,101.86377,9:30,5.61626,-1.68865,5.24346,-29.45076,4.94284,-18.82407,2.67519,0.58002,83.90056,-5.886589,0.746186,0.422095,,,,,,,,,,,,10.39945,2.90709,1.32815,50,5.54674,-8.5228,-131.82606,-2.35066,18.51344,24.96245,-26.99874,BOC_EAG,MIA_HUR,TruistField,D1,ACC,20260521-TruistField-2,15f69c50-5564-11f1-b22b-2feaa7944c68,89.29848,,,7.00148,,,,,,,ca2eee80-f2ce-4c98-97a8-1c82669d3b1d,2026-05-21,22:26:17.24,2026-05-21T18:26:17.2404736-04:00,2026-05-21T22:26:17.2404736Z,,v3,227,236,,"Johnson, Gunnar",1000100233,Right,BOC_EAG,c096567f-271c-44fc-8013-1eff0f833527,55.25669,-132.81773,12.48122,5.61882,-1.27809,-13.49937,1.68134,-9.25827,9.25672,,,,,,,,,,,,,,,,,,,,,,,,,,,,,,,,,,,,,,,,,,,,,,,,,,,High,High,High,,,,,,,,,,,,,,,,,,,,,,,,,,,,,,,,,,,,,,,
280,2026-05-21,18:26:31.80,1,4,"Miller, Brady",815959,Left,BOC_EAG,"Sheahan, Vance",804451,Right,MIA_HUR,Undefined,9,Top,0,2,1,Sinker,Sinker,InPlay,Undefined,GroundBall,Single,0,0,,92.08592,-1.427912,3.312246,2275.151128,118.1099,10:00,5.55037,-1.73187,5.15411,-23.08619,10.50331,-17.85151,2.27985,-0.09806,85.01447,-5.661049,0.155977,0.417132,106.72399,-0.709176,14.120739,2424.943097,,,,49.83434,47.7868,15.849561,0.329431,9.74623,5.8817,1.43662,50,5.39914,-6.89747,-133.59947,-4.22839,17.82133,25.62622,-21.41914,BOC_EAG,MIA_HUR,TruistField,D1,ACC,20260521-TruistField-2,1ea16420-5564-11f1-b22b-2feaa7944c68,90.36101,2.32191,,7.07145,,,,0.53778,2.32191,0.12124,ca2eee80-f2ce-4c98-97a8-1c82669d3b1d,2026-05-21,22:26:31.80,2026-05-21T18:26:31.8098944-04:00,2026-05-21T22:26:31.8098944Z,GroundBall,v3,227,236,,"Johnson, Gunnar",1000100233,Right,BOC_EAG,53f53b01-15b7-411b-b799-eb6b8fb1cd23,55.34604,-134.62101,12.81311,5.55068,-3.37455,-10.70957,1.72573,-7.60789,8.91066,270.849457,0.54372,151.54716,-23.34977,,,,,,,2.32409,-2.0257,-15.2871,,,,,,,0.11656,38.37462,7.89227,,,,,,,,,,,,,,,,,,,,,,,,,,,,,High,High,High,Medium,Medium,,,,,,,,,,,,,,,,,,,,,,,,,,,,,,,,,,,,,
281,2026-05-21,18:27:05.64,2,1,"Miller, Brady",815959,Left,BOC_EAG,"Peralta, Fabio",806678,Left,MIA_HUR,Undefined,9,Top,0,0,0,Fastball,Sinker,StrikeCalled,Undefined,Undefined,Undefined,0,0,,90.86432,-1.283543,3.934824,2309.001732,126.230225,10:15,5.93796,-1.34012,5.51922,-20.12493,14.04749,-17.77442,3.05777,0.86341,83.53033,-5.03207,0.775213,0.420736,,,,,,,,,,,,9.95213,7.73024,1.00928,50,5.81259,-8.2608,-131.74803,-3.65258,17.64216,25.74344,-18.47063,BOC_EAG,MIA_HUR,TruistField,D1,ACC,20260521-TruistField-2,33078f20-5564-11f1-b22b-2feaa7944c68,89.58699,,,7.334,,,,,,,ca2eee80-f2ce-4c98-97a8-1c82669d3b1d,2026-05-21,22:27:05.64,2026-05-21T18:27:05.6458752-04:00,2026-05-21T22:27:05.6458752Z,,v3,227,236,,"Johnson, Gunnar",1000100233,Right,BOC_EAG,be29d533-5567-4261-984b-9d89800eea73,54.9796,-132.71747,12.87172,5.93704,-2.95701,-9.23532,1.33288,-8.92516,8.82108,,,,,,,,,,,,,,,,,,,,,,,,,,,,,,,,,,,,,,,,,,,,,,,,,,,High,High,High,,,,,,,,,,,,,,,,,,,,,,,,,,,,,,,,,,,,,,,
282,2026-05-21,18:27:26.68,2,2,"Miller, Brady",815959,Left,BOC_EAG,"Peralta, Fabio",806678,Left,MIA_HUR,Undefined,9,Top,0,0,1,Cutter,Slider,InPlay,Undefined,Bunt,Single,0,0,,84.35886,-0.246931,2.226976,2508.100138,203.820564,12:45,5.72296,-1.77055,5.23441,-32.92691,6.82264,2.53295,2.74678,0.5348,78.28833,-6.241383,2.675689,0.453772,34.11062,-2.619873,23.382703,1765.910342,,,,19.39997,19.39997,20.147718,0.361615,-0.74465,3.78335,1.56356,50,5.67548,-4.87152,-122.55582,-1.71922,-1.14767,21.1929,-26.3431,BOC_EAG,MIA_HUR,TruistField,D1,ACC,20260521-TruistField-2,4042db90-5564-11f1-b22b-2feaa7944c68,83.06473,2.80944,,6.07053,,,,1.95022,2.80944,-0.52226,ca2eee80-f2ce-4c98-97a8-1c82669d3b1d,2026-05-21,22:27:26.68,2026-05-21T18:27:26.6828288-04:00,2026-05-21T22:27:26.6828288Z,GroundBall,v3,227,236,,"Johnson, Gunnar",1000100233,Right,BOC_EAG,482288ce-a2dc-4456-90a4-66d89944abc3,55.26556,-123.46301,10.59645,5.72493,-0.59157,-13.17155,1.77104,-4.82239,-0.57384,245.060518,1.95062,45.85715,-2.45289,,,,,,,2.81038,-2.32081,-15.08205,,,,,,,-0.52223,19.83309,0.24791,,,,,,,,,,,,,,,,,,,,,,,,,,,,,High,High,High,High,High,,,,,,,,,,,,,,,,,,,,,,,,,,,,,,,,,,,,,
283,2026-05-21,18:28:09.88,3,1,"Miller, Brady",815959,Left,BOC_EAG,"Ogden, Jake",804826,Right,MIA_HUR,Undefined,9,Top,0,0,0,ChangeUp,Changeup,FoulBallNotFieldable,Undefined,Undefined,Undefined,0,0,,84.12611,0.633859,3.494916,1666.694837,92.861104,9:00,5.53486,-2.0494,5.2258,-38.16412,1.84795,-15.03934,2.95153,-0.01306,77.98929,-6.292787,0.833145,0.455268,25.60013,-8.163604,-36.937763,2456.70707,,,,16.05243,15.89726,-39.510102,0.391336,8.39863,1.07413,1.73888,50,5.56439,-6.82766,-122.12672,-0.05489,12.86885,20.77386,-30.52822,BOC_EAG,MIA_HUR,TruistField,D1,ACC,20260521-TruistField-2,591bf110-5564-11f1-b22b-2feaa7944c68,82.79182,4.25233,,6.13682,,,,0.8905,4.25233,-1.28646,ca2eee80-f2ce-4c98-97a8-1c82669d3b1d,2026-05-21,22:28:09.88,2026-05-21T18:28:09.8862592-04:00,2026-05-21T22:28:09.8862592Z,GroundBall,v3,227,236,,"Johnson, Gunnar",1000100233,Right,BOC_EAG,f669c4be-0ba8-4e4a-9484-3e9b938c3c9b,55.27547,-123.02081,10.38693,5.53848,1.25902,-15.26411,2.04465,-7.38152,6.43442,133.207306,0.89118,29.68375,-0.80652,,,,,,,4.25298,-5.35261,-14.09796,,,,,,,-1.28753,-22.29983,-1.28909,,,,,,,,,,,,,,,,,,,,,,,,,,,,,High,High,High,Low,Medium,,,,,,,,,,,,,,,,,,,,,,,,,,,,,,,,,,,,,
284,2026-05-21,18:28:52.34,3,2,"Miller, Brady",815959,Left,BOC_EAG,"Ogden, Jake",804826,Right,MIA_HUR,Undefined,9,Top,0,0,1,Slider,Curveball,StrikeSwinging,Undefined,Undefined,Undefined,1,0,,77.4488,1.615437,-0.487783,2462.377542,303.301709,4:00,5.76606,-1.69338,5.16319,-52.80932,-5.51906,10.36564,2.88616,-1.28868,71.96765,-7.920413,1.350102,0.494945,,,,,,,,,,,,-5.28099,-2.72394,1.73065,50,5.87596,0.54576,-112.57746,1.31129,-6.8581,18.15534,-35.71144,BOC_EAG,MIA_HUR,TruistField,D1,ACC,20260521-TruistField-2,7280a4c0-5564-11f1-b22b-2feaa7944c68,76.15475,,,5.48115,,,,,,,ca2eee80-f2ce-4c98-97a8-1c82669d3b1d,2026-05-21,22:28:52.34,2026-05-21T18:28:52.3400000-04:00,2026-05-21T22:28:52.3400000Z,,v3,227,236,,"Johnson, Gunnar",1000100233,Right,BOC_EAG,60fcb791-0152-46c6-9cee-0166a94dd228,55.33818,-113.43508,9.07767,5.77417,2.99823,-17.85572,1.69721,0.86973,-3.42905,,,,,,,,,,,,,,,,,,,,,,,,,,,,,76.88596,1.736957,0.879974,0.856982,-2.12175,2.37271,1.20153,-1.13473,5.58507,-1.8106,64.6146,9.40151,-60.15923,-1.11409,81.22063,-5.30525,5.59493,15.46679,-12.87901,-1.85447,-75.60446,8.89078,High,High,High,,,High,Medium,Medium,,,,,,,,,,,,,,,,,,,,,,,,,,,,,,,,,,
285,2026-05-21,18:33:06.38,3,3,"Miller, Brady",815959,Left,BOC_EAG,"Ogden, Jake",804826,Right,MIA_HUR,Undefined,9,Top,1,0,2,Fastball,Sinker,InPlay,Undefined,GroundBall,Out,1,0,,91.08872,-2.418912,3.006485,2010.131973,119.256358,10:00,5.83255,-1.55669,5.36229,-23.54938,10.64508,-17.17859,1.5974,-0.16645,83.97642,-6.748171,-0.044859,0.420871,71.59746,-69.754623,21.781268,,,,,0.48565,0.48565,48.149332,0.014273,9.42536,6.27792,1.29933,50,5.59832,-6.16066,-132.10006,-6.45987,16.7884,26.02885,-20.99185,BOC_EAG,MIA_HUR,TruistField,D1,ACC,20260521-TruistField-2,09cd1890-5565-11f1-b22b-2feaa7944c68,89.55813,1.40904,,7.1123,,,,-0.15857,1.40904,0.16892,ca2eee80-f2ce-4c98-97a8-1c82669d3b1d,2026-05-21,22:33:06.38,2026-05-21T18:33:06.3814144-04:00,2026-05-21T22:33:06.3814144Z,GroundBall,v3,227,236,,"Johnson, Gunnar",1000100233,Right,BOC_EAG,636e4772-635f-4872-958a-c2d8ba300c1a,55.13733,-133.10847,13.01443,5.83283,-5.64661,-10.49593,1.5506,-6.81107,8.3942,,-0.15872,33.81085,,,,,,,,1.40949,-98.71893,,,,,,,,0.16885,13.51055,,,,,,,,,,,,,,,,,,,,,,,,,,,,,,High,High,High,Estimated,Estimated,,,,,,,,,,,,,,,,,,,,,,,,,,,,,,,,,,,,,
286,2026-05-21,18:33:41.52,4,1,"Miller, Brady",815959,Left,BOC_EAG,"Galvin, Max",803344,Left,MIA_HUR,Undefined,9,Top,2,0,0,ChangeUp,Changeup,BallCalled,Undefined,Undefined,Undefined,0,0,,81.99702,2.040748,2.189631,1616.821537,70.768855,8:15,5.35579,-1.97393,5.21013,-47.13625,-4.59922,-16.87843,3.34903,-1.32042,75.26375,-6.514149,-0.801263,0.469413,,,,,,,,,,,,8.99493,-2.4376,1.78466,50,5.50894,-3.83464,-118.98099,2.49579,12.93525,22.14671,-35.67945,BOC_EAG,MIA_HUR,TruistField,D1,ACC,20260521-TruistField-2,1ecdfcf0-5565-11f1-b22b-2feaa7944c68,80.29698,,,6.73327,,,,,,,ca2eee80-f2ce-4c98-97a8-1c82669d3b1d,2026-05-21,22:33:41.52,2026-05-21T18:33:41.5212032-04:00,2026-05-21T22:33:41.5212032Z,,v3,227,236,,"Johnson, Gunnar",1000100233,Right,BOC_EAG,091a3e67-da44-49ed-ad93-b3394bdbad99,55.29043,-119.9617,11.07335,5.36344,4.07574,-17.83972,1.96715,-4.40744,6.46762,,,,,,,,,,,,,,,,,,,,,,,,,,,,,,,,,,,,,,,,,,,,,,,,,,,High,High,High,,,,,,,,,,,,,,,,,,,,,,,,,,,,,,,,,,,,,,,
287,2026-05-21,18:33:58.18,4,2,"Miller, Brady",815959,Left,BOC_EAG,"Galvin, Max",803344,Left,MIA_HUR,Undefined,9,Top,2,1,0,ChangeUp,Changeup,StrikeCalled,Undefined,Undefined,Undefined,0,0,,83.95481,0.85013,3.199196,1685.365925,80.140613,8:45,5.38367,-2.10788,5.20514,-42.09786,-1.6539,-16.32973,2.67633,-0.45688,77.40449,-6.78488,0.3078,0.457718,,,,,,,,,,,,8.97323,-0.68299,1.82446,50,5.43044,-6.10838,-121.82626,0.22842,13.5897,22.20348,-33.20841,BOC_EAG,MIA_HUR,TruistField,D1,ACC,20260521-TruistField-2,28b403e0-5565-11f1-b22b-2feaa7944c68,82.34857,,,6.55033,,,,,,,ca2eee80-f2ce-4c98-97a8-1c82669d3b1d,2026-05-21,22:33:58.18,2026-05-21T18:33:58.1848064-04:00,2026-05-21T22:33:58.1848064Z,,v3,227,236,,"Johnson, Gunnar",1000100233,Right,BOC_EAG,6178a51c-3fde-47bb-8859-df7f6cc73719,55.29543,-122.78758,11.10174,5.38943,1.66621,-16.6042,2.10167,-6.69676,6.79485,,,,,,,,,,,,,,,,,,,,,,,,,,,,,,,,,,,,,,,,,,,,,,,,,,,High,High,High,,,,,,,,,,,,,,,,,,,,,,,,,,,,,,,,,,,,,,,
288,2026-05-21,18:34:13.65,4,3,"Miller, Brady",815959,Left,BOC_EAG,"Galvin, Max",803344,Left,MIA_HUR,Undefined,9,Top,2,1,1,Slider,Slider,BallCalled,Undefined,Undefined,Undefined,0,0,,79.47624,-0.139798,3.207271,2531.057326,270.874113,3:00,5.57119,-1.76266,5.1266,-44.49833,1.21378,13.33796,1.73113,2.37266,73.14781,-8.18479,5.561555,0.486617,,,,,,,,,,,,-5.73063,1.07902,1.45051,50,5.52363,-7.00042,-115.17575,-1.85917,-7.67945,21.86721,-30.72807,BOC_EAG,MIA_HUR,TruistField,D1,ACC,20260521-TruistField-2,322a8020-5565-11f1-b22b-2feaa7944c68,77.45817,,,6.32843,,,,,,,ca2eee80-f2ce-4c98-97a8-1c82669d3b1d,2026-05-21,22:34:13.65,2026-05-21T18:34:13.6555008-04:00,2026-05-21T22:34:13.6555008Z,,v3,227,236,,"Johnson, Gunnar",1000100233,Right,BOC_EAG,13860901-3bff-483c-b387-f5bf3895064a,55.37175,-116.19116,10.9336,5.57683,-0.43232,-15.36404,1.76729,-6.64383,-3.83972,,,,,,,,,,,,,,,,,,,,,,,,,,,,,,,,,,,,,,,,,,,,,,,,,,,High,High,High,,,,,,,,,,,,,,,,,,,,,,,,,,,,,,,,,,,,,,,
289,2026-05-21,18:34:30.36,4,4,"Miller, Brady",815959,Left,BOC_EAG,"Galvin, Max",803344,Left,MIA_HUR,Undefined,9,Top,2,2,1,Slider,Slider,BallCalled,Undefined,Undefined,Undefined,0,0,,78.18331,-0.688122,1.545017,2686.185531,266.940587,3:00,5.69608,-1.70858,4.85953,-44.92636,2.27665,17.31702,1.30066,1.19719,72.62232,-8.75153,4.596076,0.494489,,,,,,,,,,,,-8.17229,1.70847,1.54082,50,5.58993,-3.77169,-113.50971,-2.9849,-10.7315,19.51384,-29.93055,BOC_EAG,MIA_HUR,TruistField,D1,ACC,20260521-TruistField-2,3be669d0-5565-11f1-b22b-2feaa7944c68,76.22509,,,5.56099,,,,,,,ca2eee80-f2ce-4c98-97a8-1c82669d3b1d,2026-05-21,22:34:30.36,2026-05-21T18:34:30.3667712-04:00,2026-05-21T22:34:30.3667712Z,,v3,227,236,,"Johnson, Gunnar",1000100233,Right,BOC_EAG,cc053e45-06f3-4c18-9cfb-a8b313559953,55.64055,-114.47529,9.75692,5.70099,-1.50389,-14.96528,1.71431,-3.24067,-5.36575,,,,,,,,,,,,,,,,,,,,,,,,,,,,,,,,,,,,,,,,,,,,,,,,,,,High,High,High,,,,,,,,,,,,,,,,,,,,,,,,,,,,,,,,,,,,,,,
290,2026-05-21,18:34:48.59,4,5,"Miller, Brady",815959,Left,BOC_EAG,"Galvin, Max",803344,Left,MIA_HUR,Undefined,9,Top,2,3,1,ChangeUp,Changeup,BallCalled,Walk,Undefined,Undefined,0,0,,83.43093,-0.626707,4.607499,1774.482663,86.765137,9:00,5.31966,-2.0444,5.2489,-40.72707,0.21803,-17.28115,1.3349,0.85447,77.17865,-8.000808,1.5504,0.460545,,,,,,,,,,,,9.84481,0.60158,1.63427,50,5.23137,-9.02157,-120.90446,-2.82214,14.71033,21.48598,-31.27516,BOC_EAG,MIA_HUR,TruistField,D1,ACC,20260521-TruistField-2,46bfaa60-5565-11f1-b22b-2feaa7944c68,81.84306,,,6.25228,,,,,,,ca2eee80-f2ce-4c98-97a8-1c82669d3b1d,2026-05-21,22:34:48.59,2026-05-21T18:34:48.5972480-04:00,2026-05-21T22:34:48.5972480Z,,v3,227,236,,"Johnson, Gunnar",1000100233,Right,BOC_EAG,b4e1ded0-d96a-48b5-a31a-f7a6d8c1a4cf,55.25223,-121.83426,10.74299,5.32422,-1.46872,-15.63758,2.03845,-9.65815,7.35516,,,,,,,,,,,,,,,,,,,,,,,,,,,,,,,,,,,,,,,,,,,,,,,,,,,High,High,High,,,,,,,,,,,,,,,,,,,,,,,,,,,,,,,,,,,,,,,
291,2026-05-21,18:35:29.98,5,1,"Miller, Brady",815959,Left,BOC_EAG,"Williams, Derek",804746,Right,MIA_HUR,Undefined,9,Top,2,0,0,Curveball,Curveball,StrikeCalled,Undefined,Undefined,Undefined,0,0,,76.84524,0.648818,1.963241,2532.21886,313.368544,4:30,5.77485,-1.65011,4.99941,-55.54444,-6.96422,8.82504,1.75904,0.93942,71.42139,-9.319845,3.522642,0.50165,,,,,,,,,,,,-3.89953,-3.27457,1.45378,50,5.79148,-4.17314,-111.60866,-0.70476,-4.9514,18.83606,-36.33192,BOC_EAG,MIA_HUR,TruistField,D1,ACC,20260521-TruistField-2,5f6f8d00-5565-11f1-b22b-2feaa7944c68,75.13688,,,5.42385,,,,,,,ca2eee80-f2ce-4c98-97a8-1c82669d3b1d,2026-05-21,22:35:29.98,2026-05-21T18:35:29.9880960-04:00,2026-05-21T22:35:29.9880960Z,,v3,227,236,,"Johnson, Gunnar",1000100233,Right,BOC_EAG,32b8f34e-c8b4-45f4-85d3-75b3a9894bab,55.50247,-112.53347,9.41803,5.78229,1.07906,-18.16596,1.6527,-3.93003,-2.4757,,,,,,,,,,,,,,,,,,,,,,,,,,,,,,,,,,,,,,,,,,,,,,,,,,,High,High,High,,,,,,,,,,,,,,,,,,,,,,,,,,,,,,,,,,,,,,,
292,2026-05-21,18:35:48.02,5,2,"Miller, Brady",815959,Left,BOC_EAG,"Williams, Derek",804746,Right,MIA_HUR,Undefined,9,Top,2,0,1,Fastball,Sinker,FoulBallNotFieldable,Undefined,Undefined,Undefined,0,0,,91.089,-0.812326,3.363656,2290.270143,124.453856,10:15,5.72945,-1.57781,5.51223,-20.01391,14.04902,-18.95438,3.30067,-0.0084,83.47922,-4.549112,-0.008398,0.420061,,,,,,,,,,,,10.29253,7.60158,1.29654,50,5.64515,-6.87219,-132.1062,-2.56194,18.2988,26.55159,-18.6594,BOC_EAG,MIA_HUR,TruistField,D1,ACC,20260521-TruistField-2,6a239250-5565-11f1-b22b-2feaa7944c68,89.73085,,,7.60978,,,,,,,ca2eee80-f2ce-4c98-97a8-1c82669d3b1d,2026-05-21,22:35:48.02,2026-05-21T18:35:48.0276480-04:00,2026-05-21T22:35:48.0276480Z,,v3,227,236,,"Johnson, Gunnar",1000100233,Right,BOC_EAG,1caf82ec-39ee-460d-8fc9-b796b5022e5b,54.9843,-133.1042,13.2758,5.72827,-1.86058,-9.3297,1.56777,-7.56,9.1494,,,,,,,,,,,,,,,,,,,,,,,,,,,,,,,,,,,,,,,,,,,,,,,,,,,High,High,High,,,,,,,,,,,,,,,,,,,,,,,,,,,,,,,,,,,,,,,
293,2026-05-21,18:36:46.41,5,3,"Miller, Brady",815959,Left,BOC_EAG,"Williams, Derek",804746,Right,MIA_HUR,Undefined,9,Top,2,0,2,Fastball,Sinker,InPlay,Undefined,LineDrive,Out,1,0,,90.88213,-1.667977,2.678848,2065.962911,135.11797,10:30,5.92101,-1.33434,5.38593,-19.41749,15.00918,-13.87717,2.73736,0.02193,83.26755,-5.28854,0.213802,0.422298,87.87895,22.612528,-1.017424,2406.345571,109.94643,40.22471,3.429,321.13761,311.41325,7.750276,3.982368,7.73414,8.32485,1.1051,50,5.75837,-5.54341,-131.82542,-4.51826,13.6532,27.18491,-17.47804,BOC_EAG,MIA_HUR,TruistField,D1,ACC,20260521-TruistField-2,8cfa5570-5565-11f1-b22b-2feaa7944c68,89.25558,49.21023,,7.61458,,,,1.06936,2.8178,-0.02522,ca2eee80-f2ce-4c98-97a8-1c82669d3b1d,2026-05-21,22:36:46.41,2026-05-21T18:36:46.4185344-04:00,2026-05-21T22:36:46.4185344Z,LineDrive,v3,227,236,,"Johnson, Gunnar",1000100233,Right,BOC_EAG,774d46db-44cc-4524-adb2-1de573dc1243,55.11287,-132.87561,13.59245,5.91988,-3.84306,-8.73902,1.32944,-6.07084,6.8266,210.552995,1.0691,118.96872,-18.96119,4.20728,-0.89559,0.19057,-0.03521,0.00421,-0.00022,2.81812,49.54913,-13.65622,0.09386,0.15193,-0.06863,0.01628,-0.0017,5E-05,-0.02515,-2.1145,6.36537,-1.5323,0.36354,-0.08025,0.01447,-0.00167,9E-05,,,,,,,,,,,,,,,,,,,,,,,High,High,High,High,High,,,,,,,,,,,,,,,,,,,,,,,,,,,,,,,,,,,,,
294,2026-05-21,18:39:47.60,1,1,"Glidewell, Lyndon",830389,Right,MIA_HUR,"Gallo, Luke",828057,Right,BOC_EAG,Undefined,9,Bottom,0,0,0,Fastball,Four-Seam,StrikeCalled,Undefined,Undefined,Undefined,0,0,,90.12959,-1.935119,-3.08087,2315.925984,212.336783,1:00,5.50132,1.72633,5.02725,-15.69237,19.92737,11.88351,2.36439,-0.19315,82.25508,-4.889789,-0.986023,0.429553,,,,,,,,,,,,-6.71469,10.73886,-1.44142,50,5.30401,6.45857,-130.52353,-4.93447,-11.59841,27.14223,-13.62455,BOC_EAG,MIA_HUR,TruistField,D1,ACC,20260521-TruistField-2,f931bbc0-5565-11f1-b22b-2feaa7944c68,87.74806,,,7.87451,,,,,,,ca2eee80-f2ce-4c98-97a8-1c82669d3b1d,2026-05-21,22:39:47.60,2026-05-21T18:39:47.6079616-04:00,2026-05-21T22:39:47.6079616Z,,v3,227,236,,"Alvarez, Alonzo",828345,Right,MIA_HUR,38648287-9847-4207-838b-22e5df08ffb7,55.46922,-131.65594,13.57112,5.49803,-4.36604,-6.81227,-1.72097,6.94247,-5.79921,,,,,,,,,,,,,,,,,,,,,,,,,,,,,,,,,,,,,,,,,,,,,,,,,,,High,High,High,,,,,,,,,,,,,,,,,,,,,,,,,,,,,,,,,,,,,,,
295,2026-05-21,18:40:02.58,1,2,"Glidewell, Lyndon",830389,Right,MIA_HUR,"Gallo, Luke",828057,Right,BOC_EAG,Undefined,9,Bottom,0,0,1,ChangeUp,Changeup,BallCalled,Undefined,Undefined,Undefined,0,0,,82.5334,-1.446806,-3.916176,2321.00805,257.417122,2:30,5.04485,2.09391,5.03971,-37.01392,5.24441,17.74769,0.59205,-0.12716,76.16417,-8.148961,-0.784251,0.467872,,,,,,,,,,,,-9.86697,3.34937,-1.73476,50,4.87678,7.43267,-119.58301,-4.38586,-14.37977,21.67204,-27.29282,BOC_EAG,MIA_HUR,TruistField,D1,ACC,20260521-TruistField-2,02374dc0-5566-11f1-b22b-2feaa7944c68,80.56135,,,6.36923,,,,,,,ca2eee80-f2ce-4c98-97a8-1c82669d3b1d,2026-05-21,22:40:02.58,2026-05-21T18:40:02.5878528-04:00,2026-05-21T22:40:02.5878528Z,,v3,227,236,,"Alvarez, Alonzo",828345,Right,MIA_HUR,176f5bb4-5be5-4f87-ada8-7971930e4b68,55.46024,-120.56851,10.83602,5.04801,-3.14477,-13.64641,-2.08761,8.08657,-7.18989,,,,,,,,,,,,,,,,,,,,,,,,,,,,,,,,,,,,,,,,,,,,,,,,,,,High,High,High,,,,,,,,,,,,,,,,,,,,,,,,,,,,,,,,,,,,,,,
296,2026-05-21,18:40:18.20,1,3,"Glidewell, Lyndon",830389,Right,MIA_HUR,"Gallo, Luke",828057,Right,BOC_EAG,Undefined,9,Bottom,0,1,1,Fastball,Four-Seam,InPlay,Undefined,Popup,Out,1,0,,89.86575,-1.751706,-3.370037,2258.000573,215.327342,1:15,5.37547,1.7767,5.23263,-16.98462,18.72698,12.42016,2.31016,-0.35968,81.69207,-4.954907,-1.173066,0.430106,80.68528,58.683653,9.063374,,103.84529,125.03549,36.27882,170.21515,65.04294,21.144533,5.663295,-7.20768,10.22741,-1.47601,50,5.20189,7.09489,-130.12069,-4.54504,-12.30973,28.28748,-14.70703,BOC_EAG,MIA_HUR,TruistField,D1,ACC,20260521-TruistField-2,0b305ca0-5566-11f1-b22b-2feaa7944c68,87.63516,127.79909,,8.17369,,,,0.92981,2.55093,0.37115,ca2eee80-f2ce-4c98-97a8-1c82669d3b1d,2026-05-21,22:40:18.20,2026-05-21T18:40:18.2015488-04:00,2026-05-21T22:40:18.2015488Z,Popup,v3,227,236,,"Alvarez, Alonzo",828345,Right,MIA_HUR,2b366aa0-81d5-4688-b79f-27a30fcb3740,55.26487,-131.26025,14.14374,5.37305,-3.95256,-7.35352,-1.77182,7.59078,-6.15487,192.949115,0.93738,60.58609,-18.35923,4.75273,-0.51558,-0.10422,0.04736,-0.00655,0.00032,2.54183,101.24645,-25.00218,2.67406,-0.51339,0.0658,0.00253,-0.00198,0.00016,0.37291,9.66615,2.35667,-1.19353,0.32678,-0.04847,0.00125,0.00056,-5E-05,,,,,,,,,,,,,,,,,,,,,,,High,High,High,High,Low,,,,,,,,,,,,,,,,,,,,,,,,,,,,,,,,,,,,,
297,2026-05-21,18:40:52.75,2,1,"Glidewell, Lyndon",830389,Right,MIA_HUR,"Johnson, Gunnar",1000100233,Right,BOC_EAG,Undefined,9,Bottom,1,0,0,Fastball,Sinker,BallCalled,Undefined,Undefined,Undefined,0,0,,90.69898,-2.760354,-4.411307,2258.632061,229.003915,1:45,5.43828,1.80178,5.17054,-19.08564,15.95938,17.06143,1.24044,-0.93594,83.00232,-6.307267,-1.400635,0.426074,,,,,,,,,,,,-9.68969,9.03477,-1.40385,50,5.16615,9.32185,-131.16463,-7.01859,-16.93419,26.91559,-16.38447,BOC_EAG,MIA_HUR,TruistField,D1,ACC,20260521-TruistField-2,2052d2c0-5566-11f1-b22b-2feaa7944c68,88.46464,,,7.69666,,,,,,,ca2eee80-f2ce-4c98-97a8-1c82669d3b1d,2026-05-21,22:40:52.75,2026-05-21T18:40:52.7576064-04:00,2026-05-21T22:40:52.7576064Z,,v3,227,236,,"Alvarez, Alonzo",828345,Right,MIA_HUR,22e0290d-88ad-41cf-aaa6-320c24e8fe46,55.32766,-132.25338,13.4578,5.43664,-6.35583,-8.19223,-1.79477,10.00685,-8.46709,,,,,,,,,,,,,,,,,,,,,,,,,,,,,,,,,,,,,,,,,,,,,,,,,,,High,High,High,,,,,,,,,,,,,,,,,,,,,,,,,,,,,,,,,,,,,,,
298,2026-05-21,18:41:07.19,2,2,"Glidewell, Lyndon",830389,Right,MIA_HUR,"Johnson, Gunnar",1000100233,Right,BOC_EAG,Undefined,9,Bottom,1,1,0,Fastball,Four-Seam,StrikeCalled,Undefined,Undefined,Undefined,0,0,,90.4668,-0.848351,-3.883473,2386.35533,217.519277,1:15,5.34796,1.82441,5.19613,-19.06127,16.22481,11.55599,2.95966,-0.87101,82.21956,-4.415699,-1.842904,0.427536,,,,,,,,,,,,-6.83874,8.66611,-1.47299,50,5.25522,8.34101,-130.93387,-2.6024,-11.84145,28.30751,-17.16849,BOC_EAG,MIA_HUR,TruistField,D1,ACC,20260521-TruistField-2,287d4700-5566-11f1-b22b-2feaa7944c68,88.16193,,,8.24725,,,,,,,ca2eee80-f2ce-4c98-97a8-1c82669d3b1d,2026-05-21,22:41:07.19,2026-05-21T18:41:07.1990784-04:00,2026-05-21T22:41:07.1990784Z,,v3,227,236,,"Alvarez, Alonzo",828345,Right,MIA_HUR,fb1a8f96-2b8a-4f02-ac92-6293b240b01c,55.29958,-132.07465,14.15376,5.34616,-1.91052,-8.58424,-1.81875,8.81822,-5.92073,,,,,,,,,,,,,,,,,,,,,,,,,,,,,,,,,,,,,,,,,,,,,,,,,,,High,High,High,,,,,,,,,,,,,,,,,,,,,,,,,,,,,,,,,,,,,,,
299,2026-05-21,18:41:24.30,2,3,"Glidewell, Lyndon",830389,Right,MIA_HUR,"Johnson, Gunnar",1000100233,Right,BOC_EAG,Undefined,9,Bottom,1,1,1,Sweeper,Slider,FoulBallNotFieldable,Undefined,Undefined,Undefined,0,0,,79.38684,1.119366,-1.222345,2682.54804,88.011599,9:00,5.29514,2.05339,4.95842,-45.21069,0.63996,-21.21792,2.58549,-0.86976,73.08213,-7.05421,-4.963041,0.487353,64.96568,24.220916,151.382165,3226.568426,-99.52434,15.80193,46.84945,151.04375,42.24028,156.30637,1.986243,10.20016,0.40114,-1.91661,50,5.36625,3.33783,-115.22434,0.61443,13.7198,21.31137,-31.63448,BOC_EAG,MIA_HUR,TruistField,D1,ACC,20260521-TruistField-2,330c8640-5566-11f1-b22b-2feaa7944c68,77.34108,19.86271,,6.3047,,,,0.5254,2.40521,0.88596,ca2eee80-f2ce-4c98-97a8-1c82669d3b1d,2026-05-21,22:41:24.30,2026-05-21T18:41:24.3050496-04:00,2026-05-21T22:41:24.3050496Z,LineDrive,v3,227,236,,"Alvarez, Alonzo",828345,Right,MIA_HUR,eb2855eb-5c12-499a-853f-fb49a68532e8,55.54196,-116.24483,10.65569,5.30056,2.12925,-15.81724,-2.06072,2.68085,6.8599,315.075214,0.5254,-76.27949,4.31039,-0.77888,0.15236,-0.02796,0.00548,-0.00067,3E-05,2.40521,39.09035,-23.83302,2.57584,-0.55685,0.10896,-0.02028,0.00326,-0.00025,0.88597,41.61973,-7.97818,1.55421,-0.3081,0.05702,-0.01106,0.00139,-7E-05,,,,,,,,,,,,,,,,,,,,,,,High,High,High,High,Low,,,,,,,,,,,,,,,,,,,,,,,,,,,,,,,,,,,,,
300,2026-05-21,18:41:51.37,2,4,"Glidewell, Lyndon",830389,Right,MIA_HUR,"Johnson, Gunnar",1000100233,Right,BOC_EAG,Undefined,9,Bottom,1,1,2,Fastball,Four-Seam,StrikeSwinging,Strikeout,Undefined,Undefined,0,0,,91.30807,-0.849559,-3.538566,2336.397392,215.832272,1:15,5.43315,1.86941,5.08224,-15.51576,19.60596,13.22993,3.33779,-0.36777,82.08067,-3.808146,-1.205877,0.426539,,,,,,,,,,,,-7.62272,10.32764,-1.54478,50,5.34114,7.51318,-132.01328,-2.45455,-13.27745,31.50598,-14.18512,BOC_EAG,MIA_HUR,TruistField,D1,ACC,20260521-TruistField-2,42c86310-5566-11f1-b22b-2feaa7944c68,88.36799,,,9.22741,,,,,,,ca2eee80-f2ce-4c98-97a8-1c82669d3b1d,2026-05-21,22:41:51.37,2026-05-21T18:41:51.3760000-04:00,2026-05-21T22:41:51.3760000Z,,v3,227,236,,"Alvarez, Alonzo",828345,Right,MIA_HUR,1916c936-2361-4755-8756-eb0e47703be5,55.41146,-133.29851,15.75299,5.42947,-1.8759,-7.09256,-1.86232,8.05481,-6.63872,,,,,,,,,,,,,,,,,,,,,,,,,,,,,53.29325,3.278247,1.810278,1.467969,-1.63714,3.12895,0.42854,-4.11855,4.79143,3.62025,70.03202,13.27928,-54.74471,-3.9917,54.8878,-3.01962,4.96483,27.24953,-14.67054,3.42541,-45.13626,3.72265,High,High,High,,,High,High,High,,,,,,,,,,,,,,,,,,,,,,,,,,,,,,,,,,
301,2026-05-21,18:42:26.46,3,1,"Glidewell, Lyndon",830389,Right,MIA_HUR,"Surowiec, Danny",831970,Left,BOC_EAG,Undefined,9,Bottom,2,0,0,Fastball,Four-Seam,FoulBallNotFieldable,Undefined,Undefined,Undefined,0,0,,92.11636,-1.754645,-3.144318,2272.041906,219.287405,1:15,5.46662,1.79189,5.06233,-15.82182,18.813,14.32347,2.4906,0.01762,82.64924,-4.764722,-0.617481,0.423573,73.18391,9.284842,-167.58353,760.166847,,,,,38.46681,,,-8.11752,10.26497,-1.50482,50,5.288,6.61431,-133.16169,-4.60764,-14.33236,33.0437,-14.05021,BOC_EAG,MIA_HUR,TruistField,D1,ACC,20260521-TruistField-2,57a7dcc0-5566-11f1-b22b-2feaa7944c68,88.98697,7.49886,,9.46712,,,,0.35541,2.47176,-0.13533,ca2eee80-f2ce-4c98-97a8-1c82669d3b1d,2026-05-21,22:42:26.46,2026-05-21T18:42:26.4625152-04:00,2026-05-21T22:42:26.4625152Z,,v3,227,236,,"Alvarez, Alonzo",828345,Right,MIA_HUR,84514ddc-1cb5-4215-81b5-e5d91effe7c5,55.4325,-134.503,16.52185,5.46346,-4.03732,-7.02511,-1.78512,7.19609,-7.16618,244.821577,0.35248,-103.35126,13.70267,,,,,,,2.47069,17.35565,-10.86839,,,,,,,-0.12788,-23.03776,-11.79518,,,,,,,,,,,,,,,,,,,,,,,,,,,,,High,High,High,Medium,Undefined,,,,,,,,,,,,,,,,,,,,,,,,,,,,,,,,,,,,,
302,2026-05-21,18:42:44.44,3,2,"Glidewell, Lyndon",830389,Right,MIA_HUR,"Surowiec, Danny",831970,Left,BOC_EAG,Undefined,9,Bottom,2,0,1,ChangeUp,Changeup,BallCalled,Undefined,Undefined,Undefined,0,0,,83.49393,-0.033425,-1.903559,2311.242866,251.063677,2:15,5.02853,2.27379,4.95574,-34.00648,7.573,18.16922,2.16306,1.98874,76.30253,-6.238344,1.302292,0.464099,,,,,,,,,,,,-9.49052,4.16276,-2.10497,50,4.99761,3.21496,-121.07935,-1.33382,-14.07034,23.92768,-26.00249,BOC_EAG,MIA_HUR,TruistField,D1,ACC,20260521-TruistField-2,62611230-5566-11f1-b22b-2feaa7944c68,81.21635,,,7.1914,,,,,,,ca2eee80-f2ce-4c98-97a8-1c82669d3b1d,2026-05-21,22:42:44.44,2026-05-21T18:42:44.4444160-04:00,2026-05-21T22:42:44.4444160Z,,v3,227,236,,"Alvarez, Alonzo",828345,Right,MIA_HUR,657458a7-2d99-4d7b-ac3b-81083a4f3cbf,55.54178,-122.16961,11.96384,5.03139,-0.14902,-13.00125,-2.26606,3.85607,-7.03517,,,,,,,,,,,,,,,,,,,,,,,,,,,,,,,,,,,,,,,,,,,,,,,,,,,High,High,High,,,,,,,,,,,,,,,,,,,,,,,,,,,,,,,,,,,,,,,
303,2026-05-21,18:42:58.09,3,3,"Glidewell, Lyndon",830389,Right,MIA_HUR,"Surowiec, Danny",831970,Left,BOC_EAG,Undefined,9,Bottom,2,1,1,ChangeUp,Changeup,BallCalled,Undefined,Undefined,Undefined,0,0,,83.49827,-1.341057,-1.328883,2318.057796,254.208502,2:30,5.02254,2.03517,4.88388,-35.68825,5.79886,16.00938,0.77923,2.11186,76.9277,-7.797376,1.495628,0.463583,,,,,,,,,,,,-8.25122,3.61264,-1.91891,50,4.86094,2.10052,-121.14705,-4.1906,-12.30769,22.85342,-26.78538,BOC_EAG,MIA_HUR,TruistField,D1,ACC,20260521-TruistField-2,6a8a26e0-5566-11f1-b22b-2feaa7944c68,81.30669,,,6.57057,,,,,,,ca2eee80-f2ce-4c98-97a8-1c82669d3b1d,2026-05-21,22:42:58.09,2026-05-21T18:42:58.0905984-04:00,2026-05-21T22:42:58.0905984Z,,v3,227,236,,"Alvarez, Alonzo",828345,Right,MIA_HUR,095880b1-1c02-491a-858a-b6777489c1f8,55.61456,-122.2016,11.42671,5.0258,-2.95461,-13.39269,-2.02894,2.66844,-6.15385,,,,,,,,,,,,,,,,,,,,,,,,,,,,,,,,,,,,,,,,,,,,,,,,,,,High,High,High,,,,,,,,,,,,,,,,,,,,,,,,,,,,,,,,,,,,,,,
304,2026-05-21,18:43:16.27,3,4,"Glidewell, Lyndon",830389,Right,MIA_HUR,"Surowiec, Danny",831970,Left,BOC_EAG,Undefined,9,Bottom,2,2,1,Fastball,Four-Seam,StrikeSwinging,Undefined,Undefined,Undefined,0,0,,91.18198,-0.528889,-3.227979,2300.010392,215.815081,1:15,5.50232,2.01567,5.20187,-15.42835,19.22954,13.05083,3.7184,0.06408,82.83826,-3.455148,-0.920636,0.423714,,,,,,,,,,,,-7.3904,10.05619,-1.72669,50,5.44218,6.82653,-132.08397,-1.71603,-13.02732,28.7083,-14.44762,BOC_EAG,MIA_HUR,TruistField,D1,ACC,20260521-TruistField-2,7555abd0-5566-11f1-b22b-2feaa7944c68,88.95735,,,8.34372,,,,,,,ca2eee80-f2ce-4c98-97a8-1c82669d3b1d,2026-05-21,22:43:16.27,2026-05-21T18:43:16.2730496-04:00,2026-05-21T22:43:16.2730496Z,,v3,227,236,,"Alvarez, Alonzo",828345,Right,MIA_HUR,3bdb02ed-bb70-4df9-b800-b16680704d36,55.29408,-133.22967,14.35415,5.49915,-1.13945,-7.22381,-2.00949,7.34642,-6.51366,,,,,,,,,,,,,,,,,,,,,,,,,,,,,,,,,,,,,,,,,,,,,,,,,,,High,High,High,,,,,,,,,,,,,,,,,,,,,,,,,,,,,,,,,,,,,,,
305,2026-05-21,18:43:39.18,3,5,"Glidewell, Lyndon",830389,Right,MIA_HUR,"Surowiec, Danny",831970,Left,BOC_EAG,Undefined,9,Bottom,2,2,2,Fastball,Four-Seam,FoulBallNotFieldable,Undefined,Undefined,Undefined,0,0,,91.6843,-1.903587,-2.489713,2327.100657,217.791056,1:15,5.61624,1.69493,5.23859,-15.59292,18.55564,13.52572,2.52536,0.4806,83.61672,-4.846448,-0.093755,0.420589,77.01793,12.504342,-165.619895,1182.202359,,,,,44.55694,,,-7.29764,10.05441,-1.4756,50,5.42956,5.10379,-132.82932,-4.91658,-13.05165,28.17168,-14.192,BOC_EAG,MIA_HUR,TruistField,D1,ACC,20260521-TruistField-2,83402400-5566-11f1-b22b-2feaa7944c68,89.61829,10.73793,,8.06757,,,,3.02868,2.04859,0.24846,ca2eee80-f2ce-4c98-97a8-1c82669d3b1d,2026-05-21,22:43:39.18,2026-05-21T18:43:39.1810560-04:00,2026-05-21T22:43:39.1810560Z,,v3,227,236,,"Alvarez, Alonzo",828345,Right,MIA_HUR,0f04c16c-d2a9-4734-abeb-d5808e77b997,55.25474,-133.93915,14.08584,5.61224,-4.35748,-7.096,-1.68679,5.61797,-6.52583,176.865731,3.01655,-106.47007,12.92955,,,,,,,2.04853,24.46015,-11.98472,,,,,,,0.24492,-27.285,3.65574,,,,,,,,,,,,,,,,,,,,,,,,,,,,,High,High,High,Low,Undefined,,,,,,,,,,,,,,,,,,,,,,,,,,,,,,,,,,,,,
306,2026-05-21,18:43:59.58,3,6,"Glidewell, Lyndon",830389,Right,MIA_HUR,"Surowiec, Danny",831970,Left,BOC_EAG,Undefined,9,Bottom,2,2,2,ChangeUp,Changeup,BallCalled,Undefined,Undefined,Undefined,0,0,,83.90684,0.889602,-0.17103,2326.587433,250.688878,2:15,5.23632,2.03652,5.08799,-32.76852,8.14099,19.57462,3.34412,3.50654,76.71256,-5.113181,3.289904,0.460345,,,,,,,,,,,,-9.74103,4.19008,-2.03631,50,5.29499,-0.50015,-121.76595,0.69577,-14.61156,24.11458,-25.88892,BOC_EAG,MIA_HUR,TruistField,D1,ACC,20260521-TruistField-2,8f2ef340-5566-11f1-b22b-2feaa7944c68,81.87864,,,7.19428,,,,,,,ca2eee80-f2ce-4c98-97a8-1c82669d3b1d,2026-05-21,22:43:59.58,2026-05-21T18:43:59.5833856-04:00,2026-05-21T22:43:59.5833856Z,,v3,227,236,,"Alvarez, Alonzo",828345,Right,MIA_HUR,6f1dd8af-6374-4971-aa91-df8f98f36041,55.40974,-122.83262,12.05729,5.23889,1.84094,-12.94446,-2.02848,0.14617,-7.30578,,,,,,,,,,,,,,,,,,,,,,,,,,,,,,,,,,,,,,,,,,,,,,,,,,,High,High,High,,,,,,,,,,,,,,,,,,,,,,,,,,,,,,,,,,,,,,,
307,2026-05-21,18:44:18.16,3,7,"Glidewell, Lyndon",830389,Right,MIA_HUR,"Surowiec, Danny",831970,Left,BOC_EAG,Undefined,9,Bottom,2,3,2,Fastball,Four-Seam,StrikeCalled,Strikeout,Undefined,Undefined,0,0,,90.65857,-1.556046,-4.625481,2377.384206,223.67181,1:30,5.43786,1.98574,5.18369,-17.10788,18.1871,16.20328,2.54309,-1.02523,82.18932,-4.781777,-1.768369,0.42759,,,,,,,,,,,,-9.37689,9.85166,-1.56791,50,5.28039,9.83122,-131.03949,-4.13854,-16.23136,28.84718,-15.12083,BOC_EAG,MIA_HUR,TruistField,D1,ACC,20260521-TruistField-2,9a3955f0-5566-11f1-b22b-2feaa7944c68,88.1508,,,8.46925,,,,,,,ca2eee80-f2ce-4c98-97a8-1c82669d3b1d,2026-05-21,22:44:18.16,2026-05-21T18:44:18.1667328-04:00,2026-05-21T22:44:18.1667328Z,,v3,227,236,,"Alvarez, Alonzo",828345,Right,MIA_HUR,42ccb213-6235-4337-b110-bd5c1c025608,55.31244,-132.2038,14.42359,5.43512,-3.52824,-7.56042,-1.97793,10.48634,-8.11568,,,,,,,,,,,,,,,,,,,,,,,,,,,,,,,,,,,,,,,,,,,,,,,,,,,High,High,High,,,,,,,,,,,,,,,,,,,,,,,,,,,,,,,,,,,,,,,