PitchNo,Date,Time,PAofInning,PitchofPA,Pitcher,PitcherId,PitcherThrows,PitcherTeam,Batter,BatterId,BatterSide,BatterTeam,PitcherSet,Inning,Top/Bottom,Outs,Balls,Strikes,TaggedPitchType,AutoPitchType,PitchCall,KorBB,TaggedHitType,PlayResult,OutsOnPlay,RunsScored,Notes,RelSpeed,VertRelAngle,HorzRelAngle,SpinRate,SpinAxis,Tilt,RelHeight,RelSide,Extension,VertBreak,InducedVertBreak,HorzBreak,PlateLocHeight,PlateLocSide,ZoneSpeed,VertApprAngle,HorzApprAngle,ZoneTime,ExitSpeed,Angle,Direction,HitSpinRate,PositionAt110X,PositionAt110Y,PositionAt110Z,Distance,LastTrackedDistance,Bearing,HangTime,pfxx,pfxz,x0,y0,z0,vx0,vy0,vz0,ax0,ay0,az0,HomeTeam,AwayTeam,Stadium,Level,League,GameID,PitchUID,EffectiveVelo,MaxHeight,MeasuredDuration,SpeedDrop,PitchLastMeasuredX,PitchLastMeasuredY,PitchLastMeasuredZ,ContactPositionX,ContactPositionY,ContactPositionZ,GameUID,UTCDate,UTCTime,LocalDateTime,UTCDateTime,AutoHitType,System,HomeTeamForeignID,AwayTeamForeignID,GameForeignID,Catcher,CatcherId,CatcherThrows,CatcherTeam,PlayID,PitchTrajectoryXc0,PitchTrajectoryXc1,PitchTrajectoryXc2,PitchTrajectoryYc0,PitchTrajectoryYc1,PitchTrajectoryYc2,PitchTrajectoryZc0,PitchTrajectoryZc1,PitchTrajectoryZc2,HitSpinAxis,HitTrajectoryXc0,HitTrajectoryXc1,HitTrajectoryXc2,HitTrajectoryXc3,HitTrajectoryXc4,HitTrajectoryXc5,HitTrajectoryXc6,HitTrajectoryXc7,HitTrajectoryXc8,HitTrajectoryYc0,HitTrajectoryYc1,HitTrajectoryYc2,HitTrajectoryYc3,HitTrajectoryYc4,HitTrajectoryYc5,HitTrajectoryYc6,HitTrajectoryYc7,HitTrajectoryYc8,HitTrajectoryZc0,HitTrajectoryZc1,HitTrajectoryZc2,HitTrajectoryZc3,HitTrajectoryZc4,HitTrajectoryZc5,HitTrajectoryZc6,HitTrajectoryZc7,HitTrajectoryZc8,ThrowSpeed,PopTime,ExchangeTime,TimeToBase,CatchPositionX,CatchPositionY,CatchPositionZ,ThrowPositionX,ThrowPositionY,ThrowPositionZ,BasePositionX,BasePositionY,BasePositionZ,ThrowTrajectoryXc0,ThrowTrajectoryXc1,ThrowTrajectoryXc2,ThrowTrajectoryYc0,ThrowTrajectoryYc1,ThrowTrajectoryYc2,ThrowTrajectoryZc0,ThrowTrajectoryZc1,ThrowTrajectoryZc2,PitchReleaseConfidence,PitchLocationConfidence,PitchMovementConfidence,HitLaunchConfidence,HitLandingConfidence,CatcherThrowCatchConfidence,CatcherThrowReleaseConfidence,CatcherThrowLocationConfidence,SpinAxis3dTransverseAngle,SpinAxis3dLongitudinalAngle,SpinAxis3dActiveSpinRate,SpinAxis3dSpinEfficiency,SpinAxis3dTilt,SpinAxis3dVectorX,SpinAxis3dVectorY,SpinAxis3dVectorZ,SpinAxis3dSeamOrientationRotationX,SpinAxis3dSeamOrientationRotationY,SpinAxis3dSeamOrientationRotationZ,SpinAxis3dSeamOrientationBallAngleHorizontalAmb1,SpinAxis3dSeamOrientationBallAngleVerticalAmb1,SpinAxis3dSeamOrientationBallXAmb1,SpinAxis3dSeamOrientationBallYAmb1,SpinAxis3dSeamOrientationBallZAmb1,SpinAxis3dSeamOrientationBallAngleHorizontalAmb2,SpinAxis3dSeamOrientationBallAngleVerticalAmb2,SpinAxis3dSeamOrientationBallXAmb2,SpinAxis3dSeamOrientationBallYAmb2,SpinAxis3dSeamOrientationBallZAmb2,SpinAxis3dSeamOrientationBallAngleHorizontalAmb3,SpinAxis3dSeamOrientationBallAngleVerticalAmb3,SpinAxis3dSeamOrientationBallXAmb3,SpinAxis3dSeamOrientationBallYAmb3,SpinAxis3dSeamOrientationBallZAmb3,SpinAxis3dSeamOrientationBallAngleHorizontalAmb4,SpinAxis3dSeamOrientationBallAngleVerticalAmb4,SpinAxis3dSeamOrientationBallXAmb4,SpinAxis3dSeamOrientationBallYAmb4,SpinAxis3dSeamOrientationBallZAmb4,BatSpeed,VerticalAttackAngle,HorizontalAttackAngle
1,2026-05-29,12:06:56.95,1,1,"Colarusso, AJ",1000090794,Left,BOC_EAG,"Marsh, Tanner",835651,Right,LIB_FLA,Undefined,1,Top,0,0,0,FourSeamFastBall,Sinker,FoulBallNotFieldable,Undefined,Undefined,Undefined,0,0,,91.25425,-3.160533,2.215035,2165.144617,142.243834,10:45,5.94787,-1.12004,5.8054,-15.54442,18.13694,-13.218,1.70795,-0.16048,83.63614,-6.105735,-0.152275,0.417702,74.13347,31.111511,150.850504,3294.89766,,,,,42.42127,,,7.38461,10.46001,0.94627,50,5.67884,-4.55157,-132.33842,-7.78228,13.12406,27.67565,-13.58438,BOC_EAG,LIB_FLA,UGeorgia,D1,SEC,20260529-UGeorgia-1,6fb93d50-5b78-11f1-8b41-2fa142449b60,90.23769,22.56644,,7.6181,,,,1.86933,1.68539,0.11081,f32c6353-0729-4132-b934-ffed9b5f81bf,2026-05-29,16:06:56.95,2026-05-29T12:06:56.9526784-04:00,2026-05-29T16:06:56.9526784Z,,v3,227,471336,,"Johnson, Gunnar",1000100233,Right,BOC_EAG,d821cddc-46ff-4e64-b98d-bb2858131f74,54.6962,-133.31691,13.83783,5.9455,-7.302,-6.79219,1.1154,-5.01558,6.56203,325.907263,1.87289,-81.40024,4.62347,,,,,,,1.70718,55.58709,-27.17885,,,,,,,0.12101,45.06532,-8.55431,,,,,,,,,,,,,,,,,,,,,,,,,,,,,High,High,High,High,Undefined,,,,,,,,,,,,,,,,,,,,,,,,,,,,,,,,,,,,,
2,2026-05-29,12:07:13.28,1,2,"Colarusso, AJ",1000090794,Left,BOC_EAG,"Marsh, Tanner",835651,Right,LIB_FLA,Undefined,1,Top,0,0,1,Cutter,Slider,FoulBallNotFieldable,Undefined,Undefined,Undefined,0,0,,87.06358,-0.872437,0.698024,2410.347113,227.595723,1:30,5.67836,-1.52393,5.58644,-29.85218,7.48146,6.88717,2.37583,-0.29812,79.66503,-6.379268,1.927911,0.439766,85.89257,17.003536,61.987512,3900.373849,36.75826,21.04804,103.67618,254.59307,96.31256,79.98751,2.32904,-3.29315,4.39351,1.45935,50,5.58401,-1.83375,-126.40348,-2.97345,-5.31584,26.31727,-25.082,BOC_EAG,LIB_FLA,UGeorgia,D1,SEC,20260529-UGeorgia-1,7979bae0-5b78-11f1-8b41-2fa142449b60,85.71025,21.31897,,7.39855,,,,0.03764,2.38496,1.2055,f32c6353-0729-4132-b934-ffed9b5f81bf,2026-05-29,16:07:13.28,2026-05-29T12:07:13.2813312-04:00,2026-05-29T16:07:13.2813312Z,LineDrive,v3,227,471336,,"Johnson, Gunnar",1000100233,Right,BOC_EAG,c5f35026-d774-4fb9-a574-e0d74d9adbec,54.9137,-127.4224,13.15864,5.68033,-2.00235,-12.541,1.52636,-1.62794,-2.65792,,0.03765,56.57895,-21.55617,3.55147,-0.63686,-0.00729,0.05798,-0.02266,0.00338,2.38495,36.83975,-19.82415,2.16075,-0.41934,0.11749,-0.04184,0.01099,-0.00123,1.20552,106.35408,4.35217,-2.92079,0.98125,-0.35029,0.1153,-0.03,0.00344,,,,,,,,,,,,,,,,,,,,,,,High,High,High,Low,Low,,,,,,,,,,,,,,,,,,,,,,,,,,,,,,,,,,,,,
3,2026-05-29,12:07:34.51,1,3,"Colarusso, AJ",1000090794,Left,BOC_EAG,"Marsh, Tanner",835651,Right,LIB_FLA,Undefined,1,Top,0,0,2,FourSeamFastBall,Four-Seam,BallCalled,Undefined,Undefined,Undefined,0,0,,91.86344,0.129937,1.357682,2133.781408,156.800306,11:15,5.97953,-0.96705,5.84052,-15.71721,17.20355,-6.96134,4.79056,-0.28508,84.35803,-2.854387,0.110022,0.412959,,,,,,,,,,,,3.88618,9.04071,0.86042,50,5.98076,-2.85634,-133.50861,-0.17131,7.06779,26.6904,-15.73181,BOC_EAG,LIB_FLA,UGeorgia,D1,SEC,20260529-UGeorgia-1,86165650-5b78-11f1-8b41-2fa142449b60,91.27415,,,7.5054,,,,,,,f32c6353-0729-4132-b934-ffed9b5f81bf,2026-05-29,16:07:34.51,2026-05-29T12:07:34.5106944-04:00,2026-05-29T16:07:34.5106944Z,,v3,227,471336,,"Johnson, Gunnar",1000100233,Right,BOC_EAG,c687fbdc-5a88-47b2-9e6c-cda83119141b,54.65926,-134.43684,13.3452,5.9772,0.3758,-7.86591,0.96403,-3.10214,3.53389,,,,,,,,,,,,,,,,,,,,,,,,,,,,,,,,,,,,,,,,,,,,,,,,,,,High,High,High,,,,,,,,,,,,,,,,,,,,,,,,,,,,,,,,,,,,,,,
4,2026-05-29,12:07:49.49,1,4,"Colarusso, AJ",1000090794,Left,BOC_EAG,"Marsh, Tanner",835651,Right,LIB_FLA,Undefined,1,Top,0,1,2,FourSeamFastBall,Four-Seam,BallCalled,Undefined,Undefined,Undefined,0,0,,92.2894,-0.712567,1.280564,2177.975998,169.487408,11:45,5.93561,-1.04529,5.88258,-12.04426,20.71407,-3.65394,4.26998,-0.16035,84.28496,-3.049245,0.625201,0.411938,,,,,,,,,,,,2.21,11.07894,0.94394,50,5.87098,-2.83411,-134.04647,-1.97346,4.02681,28.59065,-11.98743,BOC_EAG,LIB_FLA,UGeorgia,D1,SEC,20260529-UGeorgia-1,8f081230-5b78-11f1-8b41-2fa142449b60,91.50023,,,8.00444,,,,,,,f32c6353-0729-4132-b934-ffed9b5f81bf,2026-05-29,16:07:49.49,2026-05-29T12:07:49.4938624-04:00,2026-05-29T16:07:49.4938624Z,,v3,227,471336,,"Johnson, Gunnar",1000100233,Right,BOC_EAG,6f97b45e-f50e-4fe7-8012-eb22dc209ce5,54.61639,-135.0275,14.29533,5.93163,-1.56214,-5.99371,1.04356,-2.97229,2.01341,,,,,,,,,,,,,,,,,,,,,,,,,,,,,,,,,,,,,,,,,,,,,,,,,,,High,High,High,,,,,,,,,,,,,,,,,,,,,,,,,,,,,,,,,,,,,,,
5,2026-05-29,12:08:03.77,1,5,"Colarusso, AJ",1000090794,Left,BOC_EAG,"Marsh, Tanner",835651,Right,LIB_FLA,Undefined,1,Top,0,2,2,Cutter,Cutter,StrikeSwinging,Strikeout,Undefined,Undefined,0,0,,85.97373,-0.409566,0.608748,2357.980263,204.903813,12:45,5.74041,-1.53889,5.38976,-30.22447,7.84996,3.14953,2.83781,-0.70585,79.5798,-5.94521,1.16906,0.444108,,,,,,,,,,,,-1.43429,4.3865,1.48222,50,5.68252,-1.46293,-124.96142,-1.98084,-2.2946,22.40817,-25.15651,BOC_EAG,LIB_FLA,UGeorgia,D1,SEC,20260529-UGeorgia-1,979280c0-5b78-11f1-8b41-2fa142449b60,84.87233,,,6.39393,,,,,,,f32c6353-0729-4132-b934-ffed9b5f81bf,2026-05-29,16:08:03.77,2026-05-29T12:08:03.7760000-04:00,2026-05-29T16:08:03.7760000Z,,v3,227,471336,,"Johnson, Gunnar",1000100233,Right,BOC_EAG,64e56e25-1995-482c-aaa0-b0fadce30ec9,55.11127,-125.87464,11.20408,5.74235,-0.95561,-12.57825,1.53994,-1.36942,-1.1473,,,,,,,,,,,,,,,,,,,,,,,,,,,,,57.30255,2.397154,1.131725,1.26543,-1.42378,2.53389,0.64715,-5.58812,3.79095,3.63777,75.97438,8.3819,48.82999,-5.50666,70.51809,-4.84524,3.86727,22.81721,-15.21336,3.65288,37.53084,-1.44654,High,High,High,,,High,High,High,,,,,,,,,,,,,,,,,,,,,,,,,,,,,,,,,,
6,2026-05-29,12:08:30.75,2,1,"Colarusso, AJ",1000090794,Left,BOC_EAG,"Decandido, Riley",1000092865,Left,LIB_FLA,Undefined,1,Top,1,0,0,FourSeamFastBall,Four-Seam,BallCalled,Undefined,Undefined,Undefined,0,0,,90.97286,-1.021913,2.524979,2137.434644,154.382684,11:15,5.94585,-1.15582,5.84691,-13.50249,20.32328,-9.23036,3.86995,0.42296,83.03141,-3.624005,0.872087,0.418596,,,,,,,,,,,,5.39953,10.97812,0.95564,50,5.85469,-5.41907,-132.02986,-2.72072,9.53827,27.91047,-12.78125,BOC_EAG,LIB_FLA,UGeorgia,D1,SEC,20260529-UGeorgia-1,a79ccbb0-5b78-11f1-8b41-2fa142449b60,90.04488,,,7.94145,,,,,,,f32c6353-0729-4132-b934-ffed9b5f81bf,2026-05-29,16:08:30.75,2026-05-29T12:08:30.7526144-04:00,2026-05-29T16:08:30.7526144Z,,v3,227,471336,,"Johnson, Gunnar",1000100233,Right,BOC_EAG,55fa5ddc-8b3d-4d62-9dca-5fc13a236632,54.65275,-133.00979,13.95524,5.94234,-2.27198,-6.39062,1.15178,-5.75396,4.76914,,,,,,,,,,,,,,,,,,,,,,,,,,,,,,,,,,,,,,,,,,,,,,,,,,,High,High,High,,,,,,,,,,,,,,,,,,,,,,,,,,,,,,,,,,,,,,,
7,2026-05-29,12:08:43.70,2,2,"Colarusso, AJ",1000090794,Left,BOC_EAG,"Decandido, Riley",1000092865,Left,LIB_FLA,Undefined,1,Top,1,1,0,Cutter,Cutter,StrikeCalled,Undefined,Undefined,Undefined,0,0,,86.48632,-1.007122,1.864222,2339.120595,205.73834,12:45,5.66132,-1.59854,5.66573,-27.38718,10.21823,4.36898,2.43936,0.50447,79.42182,-6.073794,2.644647,0.441364,,,,,,,,,,,,-1.71311,5.8189,1.4381,50,5.55889,-4.26981,-125.56102,-3.13476,-2.74068,24.91646,-22.8648,BOC_EAG,LIB_FLA,UGeorgia,D1,SEC,20260529-UGeorgia-1,af5f0840-5b78-11f1-8b41-2fa142449b60,85.39999,,,7.0645,,,,,,,f32c6353-0729-4132-b934-ffed9b5f81bf,2026-05-29,16:08:43.70,2026-05-29T12:08:43.7074944-04:00,2026-05-29T16:08:43.7074944Z,,v3,227,471336,,"Johnson, Gunnar",1000100233,Right,BOC_EAG,9f798a38-ab43-4cfb-be71-6bf972d12e55,54.83439,-126.51673,12.45823,5.66231,-2.25775,-11.4324,1.59986,-4.16469,-1.37034,,,,,,,,,,,,,,,,,,,,,,,,,,,,,,,,,,,,,,,,,,,,,,,,,,,High,High,High,,,,,,,,,,,,,,,,,,,,,,,,,,,,,,,,,,,,,,,
8,2026-05-29,12:09:00.02,2,3,"Colarusso, AJ",1000090794,Left,BOC_EAG,"Decandido, Riley",1000092865,Left,LIB_FLA,Undefined,1,Top,1,1,1,FourSeamFastBall,Four-Seam,StrikeSwinging,Undefined,Undefined,Undefined,0,0,,91.7073,-1.775455,2.277051,2167.692593,174.073426,11:45,5.96897,-0.93684,5.64392,-13.18091,20.21603,-1.99354,3.21251,1.02227,84.18119,-4.292695,1.92143,0.415934,,,,,,,,,,,,1.60165,11.01796,0.74469,50,5.80974,-5.20265,-133.09399,-4.50681,2.89056,26.9263,-12.28971,BOC_EAG,LIB_FLA,UGeorgia,D1,SEC,20260529-UGeorgia-1,b9180bc0-5b78-11f1-8b41-2fa142449b60,90.62113,,,7.52611,,,,,,,f32c6353-0729-4132-b934-ffed9b5f81bf,2026-05-29,16:09:00.02,2026-05-29T12:09:00.0293376-04:00,2026-05-29T16:09:00.0293376Z,,v3,227,471336,,"Johnson, Gunnar",1000100233,Right,BOC_EAG,83513a5a-acd6-4837-b08e-c43569356713,54.85587,-134.07278,13.46315,5.96545,-4.06007,-6.14486,0.93573,-5.30772,1.44528,,,,,,,,,,,,,,,,,,,,,,,,,,,,,,,,,,,,,,,,,,,,,,,,,,,High,High,High,,,,,,,,,,,,,,,,,,,,,,,,,,,,,,,,,,,,,,,
9,2026-05-29,12:09:17.11,2,4,"Colarusso, AJ",1000090794,Left,BOC_EAG,"Decandido, Riley",1000092865,Left,LIB_FLA,Undefined,1,Top,1,1,2,FourSeamFastBall,Four-Seam,BallCalled,Undefined,Undefined,Undefined,0,0,,92.49328,-1.199757,2.817616,2230.245319,172.003348,11:45,5.89741,-0.97203,5.89548,-12.52217,20.07556,-2.67933,3.73847,1.42282,84.67728,-3.613727,2.337801,0.410927,,,,,,,,,,,,2.12063,10.88997,0.74651,50,5.79338,-6.48822,-134.23227,-3.14692,3.88333,28.06319,-12.23233,BOC_EAG,LIB_FLA,UGeorgia,D1,SEC,20260529-UGeorgia-1,c3499aa0-5b78-11f1-8b41-2fa142449b60,91.72528,,,7.816,,,,,,,f32c6353-0729-4132-b934-ffed9b5f81bf,2026-05-29,16:09:17.11,2026-05-29T12:09:17.1153408-04:00,2026-05-29T16:09:17.1153408Z,,v3,227,471336,,"Johnson, Gunnar",1000100233,Right,BOC_EAG,bd6a3649-8f6a-40d0-82b6-bf2cec95e3c3,54.60405,-135.19139,14.0316,5.89379,-2.72886,-6.11617,0.97052,-6.62094,1.94166,,,,,,,,,,,,,,,,,,,,,,,,,,,,,,,,,,,,,,,,,,,,,,,,,,,High,High,High,,,,,,,,,,,,,,,,,,,,,,,,,,,,,,,,,,,,,,,
10,2026-05-29,12:09:31.55,2,5,"Colarusso, AJ",1000090794,Left,BOC_EAG,"Decandido, Riley",1000092865,Left,LIB_FLA,Undefined,1,Top,1,2,2,FourSeamFastBall,Four-Seam,HitByPitch,Undefined,Undefined,Undefined,0,0,,91.53289,-1.307426,0.624425,2174.017336,168.883171,11:45,5.93997,-0.96992,5.53592,-14.62009,18.7704,-3.50362,3.49926,-0.6782,84.53879,-4.06642,-0.000189,0.415894,,,,,,,,,,,,1.93374,10.12571,0.91817,50,5.81696,-1.29542,-133.05804,-3.50197,3.50921,25.27121,-13.79851,BOC_EAG,LIB_FLA,UGeorgia,D1,SEC,20260529-UGeorgia-1,cbdf05b0-5b78-11f1-8b41-2fa142449b60,90.62984,,,6.9941,,,,,,,f32c6353-0729-4132-b934-ffed9b5f81bf,2026-05-29,16:09:31.55,2026-05-29T12:09:31.5555328-04:00,2026-05-29T16:09:31.5555328Z,,v3,227,471336,,"Johnson, Gunnar",1000100233,Right,BOC_EAG,c4a04c4c-c5ea-4eaa-8174-5bdb4612d37b,54.966,-133.9979,12.63561,5.93766,-2.98879,-6.89926,0.96877,-1.42593,1.7546,,,,,,,,,,,,,,,,,,,,,,,,,,,,,,,,,,,,,,,,,,,,,,,,,,,High,High,High,,,,,,,,,,,,,,,,,,,,,,,,,,,,,,,,,,,,,,,
11,2026-05-29,12:10:09.34,3,1,"Colarusso, AJ",1000090794,Left,BOC_EAG,"Jaffe, Jordan",811757,Right,LIB_FLA,Undefined,1,Top,1,0,0,Cutter,Slider,BallCalled,Undefined,Undefined,Undefined,0,0,,85.90788,-1.80168,1.493042,2235.516399,245.038468,2:15,5.65858,-1.48289,5.39685,-33.29805,4.89528,8.22863,1.19417,0.60235,79.81985,-7.851609,2.957545,0.4448,,,,,,,,,,,,-3.80445,3.21929,1.34359,50,5.47413,-3.59661,-124.8021,-5.13566,-6.06382,22.62747,-27.04288,BOC_EAG,LIB_FLA,UGeorgia,D1,SEC,20260529-UGeorgia-1,e268acf0-5b78-11f1-8b41-2fa142449b60,84.74014,,,6.08804,,,,,,,f32c6353-0729-4132-b934-ffed9b5f81bf,2026-05-29,16:10:09.34,2026-05-29T12:10:09.3488640-04:00,2026-05-29T16:10:09.3488640Z,,v3,227,471336,,"Johnson, Gunnar",1000100233,Right,BOC_EAG,cb2d66ef-1cf7-4dd1-9a94-8c68eab5fbcf,55.10597,-125.72444,11.31374,5.661,-4.03334,-13.52144,1.48516,-3.34944,-3.03191,,,,,,,,,,,,,,,,,,,,,,,,,,,,,,,,,,,,,,,,,,,,,,,,,,,High,High,High,,,,,,,,,,,,,,,,,,,,,,,,,,,,,,,,,,,,,,,
12,2026-05-29,12:10:24.59,3,2,"Colarusso, AJ",1000090794,Left,BOC_EAG,"Jaffe, Jordan",811757,Right,LIB_FLA,Undefined,1,Top,1,1,0,Cutter,Cutter,InPlay,Undefined,GroundBall,Single,0,0,,86.57406,-1.032685,1.301293,2268.54526,201.502321,12:45,5.68282,-1.67516,5.41138,-29.29557,7.97682,2.76437,2.27365,-0.2254,80.77184,-6.378456,1.793204,0.439405,94.60538,-0.142946,16.282488,2210.83409,,,,54.17659,50.56577,17.44365,0.402917,-1.11201,4.54335,1.55734,50,5.57022,-2.97582,-125.91313,-3.32599,-1.81909,21.0179,-24.74179,BOC_EAG,LIB_FLA,UGeorgia,D1,SEC,20260529-UGeorgia-1,eb801940-5b78-11f1-8b41-2fa142449b60,85.78062,2.25812,,5.80222,,,,0.89726,2.25812,0.18421,f32c6353-0729-4132-b934-ffed9b5f81bf,2026-05-29,16:10:24.59,2026-05-29T12:10:24.5905920-04:00,2026-05-29T16:10:24.5905920Z,GroundBall,v3,227,471336,,"Johnson, Gunnar",1000100233,Right,BOC_EAG,765f1363-4b13-485d-aa4d-01f0edfda4c3,55.09171,-126.76021,10.50895,5.68417,-2.32883,-12.3709,1.6758,-2.9025,-0.90954,251.79382,0.90551,132.91557,-17.13798,,,,,,,2.25988,-0.40405,-12.92905,,,,,,,0.18145,38.99484,2.15515,,,,,,,,,,,,,,,,,,,,,,,,,,,,,High,High,High,High,High,,,,,,,,,,,,,,,,,,,,,,,,,,,,,,,,,,,,,
13,2026-05-29,12:11:00.76,4,1,"Colarusso, AJ",1000090794,Left,BOC_EAG,"Sorenson, Jaxon",701641,Left,LIB_FLA,Undefined,1,Top,1,0,0,FourSeamFastBall,Four-Seam,InPlay,Undefined,FlyBall,Single,0,1,,89.66605,-0.864878,2.23163,2176.710919,140.399517,10:45,5.86694,-1.3273,5.85194,-17.77879,16.77808,-13.03619,3.58105,-0.33894,82.45369,-4.221392,-0.104542,0.423096,74.2392,25.668673,27.036384,1774.872789,96.13376,37.68985,53.46254,250.95569,249.77638,31.752058,3.336061,7.27776,9.13221,1.15371,50,5.78621,-4.53299,-130.2891,-2.51618,12.602,25.48659,-16.36093,BOC_EAG,LIB_FLA,UGeorgia,D1,SEC,20260529-UGeorgia-1,010e7090-5b79-11f1-8b41-2fa142449b60,89.08726,38.95706,,7.21235,,,,1.5298,3.68436,0.37477,f32c6353-0729-4132-b934-ffed9b5f81bf,2026-05-29,16:11:00.76,2026-05-29T12:11:00.7684096-04:00,2026-05-29T16:11:00.7684096Z,FlyBall,v3,227,471336,,"Johnson, Gunnar",1000100233,Right,BOC_EAG,1073d54b-dd08-4339-93fa-ab94dc08273d,54.65017,-131.19558,12.74329,5.86535,-1.93427,-8.18046,1.32291,-4.98121,6.301,,1.53006,87.40516,-11.67677,2.19764,-0.2441,-0.05867,0.02243,-0.00134,-0.0001,3.68428,47.16649,-17.02801,0.9894,-0.14054,0.00713,0.0176,-0.00568,0.00052,0.37498,44.60289,-1.59622,-0.1908,0.10356,-0.01564,-0.00255,0.00189,-0.00025,,,,,,,,,,,,,,,,,,,,,,,High,High,High,High,High,,,,,,,,,,,,,,,,,,,,,,,,,,,,,,,,,,,,,
14,2026-05-29,12:11:47.06,5,1,"Colarusso, AJ",1000090794,Left,BOC_EAG,"Barone, Nick",809775,Right,LIB_FLA,Undefined,1,Top,1,0,0,Curveball,Curveball,InPlay,Undefined,LineDrive,Single,0,1,,77.35463,1.616596,0.84598,2543.492846,314.050857,4:30,5.87348,-1.37829,5.25803,-52.75948,-5.62252,7.0976,2.99634,0.00809,72.08009,-7.916307,2.106072,0.494142,76.45873,22.392519,0.224879,7050.822162,109.99642,28.53627,0.87857,208.18042,208.14671,1.573585,2.654732,-3.38051,-2.89028,1.2952,50,5.9818,-1.93271,-112.48237,1.35866,-4.39208,17.70759,-35.92923,BOC_EAG,LIB_FLA,UGeorgia,D1,SEC,20260529-UGeorgia-1,1cb0b830-5b79-11f1-8b41-2fa142449b60,76.2785,28.53671,,5.27454,,,,0.76094,2.89258,-0.03476,f32c6353-0729-4132-b934-ffed9b5f81bf,2026-05-29,16:11:47.06,2026-05-29T12:11:47.0620160-04:00,2026-05-29T16:11:47.0620160Z,LineDrive,v3,227,471336,,"Johnson, Gunnar",1000100233,Right,BOC_EAG,a87ba380-b867-45a1-855b-34ddabe218a1,55.24709,-113.30539,8.8538,5.87984,3.02858,-17.96461,1.38029,-1.72858,-2.19604,172.281397,0.76093,103.68391,-15.00003,3.27578,-0.64233,0.05794,0.01507,-0.00769,0.00108,2.89257,42.71929,-19.17915,1.32602,-0.20314,0.06336,-0.02647,0.00793,-0.00094,-0.03478,0.40891,-0.57608,1.03347,-0.36467,0.09184,-0.01963,0.00321,-0.00029,,,,,,,,,,,,,,,,,,,,,,,High,High,High,High,High,,,,,,,,,,,,,,,,,,,,,,,,,,,,,,,,,,,,,
15,2026-05-29,12:12:25.38,6,1,"Colarusso, AJ",1000090794,Left,BOC_EAG,"Swofford, Easton",1000110611,Left,LIB_FLA,Undefined,1,Top,1,0,0,Cutter,Slider,InPlay,Undefined,Popup,Out,1,0,,85.11624,-1.101676,0.960896,2265.133733,227.781605,1:30,5.73577,-1.48899,5.29055,-33.39155,5.78839,5.1139,1.91839,-0.16046,78.63575,-7.18651,1.869407,0.450509,64.21914,69.013764,-39.715897,,,,,93.32357,49.27449,-54.543081,4.886447,-2.33693,3.5087,1.39752,50,5.61086,-2.28867,-123.63787,-3.59026,-3.64066,23.16301,-26.70794,BOC_EAG,LIB_FLA,UGeorgia,D1,SEC,20260529-UGeorgia-1,337b8720-5b79-11f1-8b41-2fa142449b60,83.66635,98.2527,,6.48049,,,,2.42908,2.04499,0.19335,f32c6353-0729-4132-b934-ffed9b5f81bf,2026-05-29,16:12:25.38,2026-05-29T12:12:25.3804032-04:00,2026-05-29T16:12:25.3804032Z,Popup,v3,227,471336,,"Johnson, Gunnar",1000100233,Right,BOC_EAG,ee9d1c99-20f4-4ad0-b7f0-f398302c9922,55.21173,-124.61044,11.58151,5.73806,-2.46885,-13.35397,1.4904,-2.13581,-1.82033,,2.42597,25.99053,-10.69301,3.52878,-0.63764,-0.01465,0.03981,-0.00826,0.00055,2.03251,88.20472,-24.8968,4.09598,-1.84516,0.68666,-0.15413,0.01781,-0.00081,0.1903,-21.48764,2.56174,-0.11205,-0.34193,0.18936,-0.04889,0.00627,-0.00032,,,,,,,,,,,,,,,,,,,,,,,High,High,High,High,Low,,,,,,,,,,,,,,,,,,,,,,,,,,,,,,,,,,,,,
16,2026-05-29,12:12:59.34,7,1,"Colarusso, AJ",1000090794,Left,BOC_EAG,"Scilley, Landon",10049359,Right,LIB_FLA,Undefined,1,Top,2,0,0,Curveball,Curveball,InPlay,Undefined,FlyBall,Out,1,0,,75.1815,1.45618,-0.152361,2446.379801,297.254787,4:00,5.93745,-1.25837,4.86422,-56.92511,-5.75437,14.12851,2.5722,-0.2252,69.45715,-8.776272,2.339805,0.514852,85.0725,35.115921,1.449025,4061.839694,109.53396,68.95015,10.11466,309.15479,303.2423,12.545456,5.081225,-7.05748,-2.84847,1.26056,50,6.03186,-0.26563,-109.16365,0.77047,-8.54041,18.7045,-35.62106,BOC_EAG,LIB_FLA,UGeorgia,D1,SEC,20260529-UGeorgia-1,47ca3280-5b79-11f1-8b41-2fa142449b60,73.21027,85.82185,,5.72435,,,,1.62575,2.56074,0.22919,f32c6353-0729-4132-b934-ffed9b5f81bf,2026-05-29,16:12:59.34,2026-05-29T12:12:59.3472000-04:00,2026-05-29T16:12:59.3472000Z,FlyBall,v3,227,471336,,"Johnson, Gunnar",1000100233,Right,BOC_EAG,ddc187f7-a05d-4198-9645-2a62c55ecede,55.64025,-110.12583,9.35225,5.9451,2.60285,-17.81053,1.26292,0.1737,-4.2702,203.663949,1.62734,102.00064,-19.67024,4.50953,-0.86444,0.15082,-0.02416,0.0028,-0.00015,2.5618,71.74377,-16.90486,0.49821,0.25733,-0.1674,0.04581,-0.00598,0.0003,0.22887,2.58648,5.13948,-1.35352,0.31534,-0.06482,0.01061,-0.00113,5E-05,,,,,,,,,,,,,,,,,,,,,,,High,High,High,High,High,,,,,,,,,,,,,,,,,,,,,,,,,,,,,,,,,,,,,
17,2026-05-29,12:16:19.55,1,1,"Blair, Benjamin",1000115932,Right,LIB_FLA,"Solier, Julio",827632,Right,BOC_EAG,Undefined,1,Bottom,0,0,0,Sinker,Sinker,BallCalled,Undefined,Undefined,Undefined,0,0,,95.92188,-2.034257,-3.739141,2363.354816,251.359085,2:30,4.75839,2.68644,6.35072,-22.87572,6.85796,17.70584,0.97475,0.71513,88.32903,-6.307091,-0.538634,0.39246,,,,,,,,,,,,-10.23402,4.37158,-2.42284,50,4.59954,8.36114,-139.24928,-5.72715,-20.22513,29.36228,-23.53465,BOC_EAG,LIB_FLA,UGeorgia,D1,SEC,20260529-UGeorgia-1,bf0b1120-5b79-11f1-8b41-2fa142449b60,96.04142,,,7.59285,,,,,,,f32c6353-0729-4132-b934-ffed9b5f81bf,2026-05-29,16:16:19.55,2026-05-29T12:16:19.5585024-04:00,2026-05-29T16:16:19.5585024Z,,v3,227,471336,,"Hvidsten, Kyle",1000230326,Right,LIB_FLA,d8f3d343-044d-4fc2-bbb1-06fe9ea91965,54.15251,-140.12215,14.68114,4.7594,-5.02752,-11.76732,-2.68034,8.96238,-10.11257,,,,,,,,,,,,,,,,,,,,,,,,,,,,,,,,,,,,,,,,,,,,,,,,,,,High,High,High,,,,,,,,,,,,,,,,,,,,,,,,,,,,,,,,,,,,,,,
18,2026-05-29,12:16:34.27,1,2,"Blair, Benjamin",1000115932,Right,LIB_FLA,"Solier, Julio",827632,Right,BOC_EAG,Undefined,1,Bottom,0,1,0,Sinker,Sinker,StrikeCalled,Undefined,Undefined,Undefined,0,0,,95.3276,-0.657391,-4.810329,2329.252705,251.612945,2:30,4.65126,2.94556,6.56315,-23.39789,6.4241,16.73198,2.09658,-0.08059,87.82705,-5.045363,-1.782349,0.393043,,,,,,,,,,,,-9.98123,3.81169,-2.62002,50,4.59586,10.95877,-138.33696,-2.34966,-19.53164,28.02496,-24.71519,BOC_EAG,LIB_FLA,UGeorgia,D1,SEC,20260529-UGeorgia-1,c7d63230-5b79-11f1-8b41-2fa142449b60,95.89913,,,7.50056,,,,,,,f32c6353-0729-4132-b934-ffed9b5f81bf,2026-05-29,16:16:34.27,2026-05-29T12:16:34.2787072-04:00,2026-05-29T16:16:34.2787072Z,,v3,227,471336,,"Hvidsten, Kyle",1000230326,Right,LIB_FLA,6b76762f-fa75-4cb9-a59a-2dae09fd7667,53.93975,-139.1328,14.01248,4.65261,-1.64781,-12.3576,-2.9391,11.51342,-9.76582,,,,,,,,,,,,,,,,,,,,,,,,,,,,,,,,,,,,,,,,,,,,,,,,,,,High,High,High,,,,,,,,,,,,,,,,,,,,,,,,,,,,,,,,,,,,,,,
19,2026-05-29,12:16:49.13,1,3,"Blair, Benjamin",1000115932,Right,LIB_FLA,"Solier, Julio",827632,Right,BOC_EAG,Undefined,1,Bottom,0,1,1,Sinker,Sinker,FoulBallNotFieldable,Undefined,Undefined,Undefined,0,0,,96.44734,-1.291424,-4.69959,2410.080904,249.081719,2:15,4.76164,2.77798,6.54108,-22.33911,6.74713,15.51308,1.71138,-0.24934,89.14961,-5.474647,-1.892457,0.388164,85.86347,26.057013,49.719226,5915.457655,61.15684,41.07525,91.43201,270.95329,154.33535,65.685667,3.586748,-9.33949,4.10559,-2.45829,50,4.66215,10.8845,-139.99725,-3.8949,-18.76295,27.97034,-23.92598,BOC_EAG,LIB_FLA,UGeorgia,D1,SEC,20260529-UGeorgia-1,d0b1ce00-5b79-11f1-8b41-2fa142449b60,97.1044,45.05148,,7.29772,,,,0.62914,1.62458,0.24216,f32c6353-0729-4132-b934-ffed9b5f81bf,2026-05-29,16:16:49.13,2026-05-29T12:16:49.1355648-04:00,2026-05-29T16:16:49.1355648Z,LineDrive,v3,227,471336,,"Hvidsten, Kyle",1000230326,Right,LIB_FLA,c59e885f-b0a1-49b4-b6df-cd53567c127e,53.96279,-140.78676,13.98517,4.76256,-3.21955,-11.96299,-2.773,11.41411,-9.38148,,0.6289,73.15242,-23.21399,6.39846,-1.69333,0.4351,-0.10254,0.01583,-0.00105,1.62503,55.30291,-19.5989,1.193,0.21243,-0.20906,0.07689,-0.01342,0.00091,0.24194,86.31544,-5.55424,-0.28857,0.26664,-0.03455,-0.01051,0.00397,-0.00035,,,,,,,,,,,,,,,,,,,,,,,High,High,High,High,Medium,,,,,,,,,,,,,,,,,,,,,,,,,,,,,,,,,,,,,
20,2026-05-29,12:17:09.80,1,4,"Blair, Benjamin",1000115932,Right,LIB_FLA,"Solier, Julio",827632,Right,BOC_EAG,Undefined,1,Bottom,0,1,2,Cutter,Slider,FoulBallNotFieldable,Undefined,Undefined,Undefined,0,0,,86.49023,0.116649,-3.160934,2556.090242,148.875671,11:00,4.74984,2.90416,6.08186,-21.10352,15.92139,-8.9491,3.0993,-0.76905,79.40442,-3.861969,-4.766511,0.437944,79.08426,66.356331,118.862089,5127.393517,,,,,40.3349,,,3.78819,8.53485,-2.65491,50,4.74761,7.28356,-125.56784,-0.36034,6.06441,24.78874,-18.51085,BOC_EAG,LIB_FLA,UGeorgia,D1,SEC,20260529-UGeorgia-1,dd04b640-5b79-11f1-8b41-2fa142449b60,86.06683,76.95979,,7.08581,,,,1.76719,2.78149,0.62235,f32c6353-0729-4132-b934-ffed9b5f81bf,2026-05-29,16:17:09.80,2026-05-29T12:17:09.8036224-04:00,2026-05-29T16:17:09.8036224Z,,v3,227,471336,,"Hvidsten, Kyle",1000230326,Right,LIB_FLA,b9493f0e-1edc-4fd4-be5c-1c7307545e5a,54.41932,-126.43726,12.39437,4.74886,0.28889,-9.25542,-2.90664,7.07086,3.0322,336.994622,1.76718,-22.45416,-8.14219,3.3106,0.96889,-3.73885,4.30446,-2.53726,0.61816,2.78149,106.25349,-31.72163,4.23074,-0.52787,-0.36077,0.49853,-0.29741,0.07231,0.62235,40.73926,-8.22365,1.82908,0.1278,-0.91974,1.06045,-0.62342,0.15158,,,,,,,,,,,,,,,,,,,,,,,High,High,High,High,Undefined,,,,,,,,,,,,,,,,,,,,,,,,,,,,,,,,,,,,,
21,2026-05-29,12:17:31.64,1,5,"Blair, Benjamin",1000115932,Right,LIB_FLA,"Solier, Julio",827632,Right,BOC_EAG,Undefined,1,Bottom,0,1,2,FourSeamFastBall,Four-Seam,StrikeSwinging,Strikeout,Undefined,Undefined,0,0,,97.50199,0.19476,-3.940894,2460.886926,229.172097,1:45,4.98213,2.93383,6.62387,-15.4206,12.9402,14.04497,3.87585,0.48971,89.73458,-2.749812,-1.393629,0.383293,,,,,,,,,,,,-8.34154,7.00965,-2.67127,50,4.98866,9.17228,-141.65558,0.03983,-17.12893,29.14808,-17.78008,BOC_EAG,LIB_FLA,UGeorgia,D1,SEC,20260529-UGeorgia-1,ea09d780-5b79-11f1-8b41-2fa142449b60,98.33849,,,7.76741,,,,,,,f32c6353-0729-4132-b934-ffed9b5f81bf,2026-05-29,16:17:31.64,2026-05-29T12:17:31.6400000-04:00,2026-05-29T16:17:31.6400000Z,,v3,227,471336,,"Hvidsten, Kyle",1000230326,Right,LIB_FLA,faa89a90-bd70-413c-9341-2150f09f100c,53.87802,-142.45131,14.57404,4.98095,0.52522,-8.89004,-2.92806,9.6399,-8.56447,,,,,,,,,,,,,,,,,,,,,,,,,,,,,69.82464,2.747012,1.772134,0.974878,-1.99785,3.70521,-0.41158,0.85699,5.34385,0.9023,72.17518,9.81363,-52.62723,0.91379,77.94555,-4.94717,5.38598,17.75232,-13.53028,0.79397,-61.8752,7.21169,High,High,High,,,High,High,High,,,,,,,,,,,,,,,,,,,,,,,,,,,,,,,,,,
22,2026-05-29,12:18:02.16,2,1,"Blair, Benjamin",1000115932,Right,LIB_FLA,"Mainolfi, Ty",839397,Left,BOC_EAG,Undefined,1,Bottom,1,0,0,FourSeamFastBall,Sinker,BallCalled,Undefined,Undefined,Undefined,0,0,,97.00883,-2.360745,-5.939815,2526.373835,229.310947,1:45,5.11709,2.74853,6.48652,-15.28556,13.88284,15.09131,1.66288,-1.46703,88.88601,-5.277964,-3.222636,0.388712,,,,,,,,,,,,-9.44973,8.16453,-2.33619,50,4.94339,13.9604,-140.31238,-6.25793,-18.93737,30.19142,-15.81226,BOC_EAG,LIB_FLA,UGeorgia,D1,SEC,20260529-UGeorgia-1,fc37ecd0-5b79-11f1-8b41-2fa142449b60,96.96758,,,8.12282,,,,,,,f32c6353-0729-4132-b934-ffed9b5f81bf,2026-05-29,16:18:02.16,2026-05-29T12:18:02.1681664-04:00,2026-05-29T16:18:02.1681664Z,,v3,227,471336,,"Hvidsten, Kyle",1000230326,Right,LIB_FLA,3cf2cc3a-96e3-4473-a078-57858c406cc9,54.01517,-141.1737,15.09571,5.11548,-5.80683,-7.90613,-2.74216,14.50065,-9.46869,,,,,,,,,,,,,,,,,,,,,,,,,,,,,,,,,,,,,,,,,,,,,,,,,,,High,High,High,,,,,,,,,,,,,,,,,,,,,,,,,,,,,,,,,,,,,,,
23,2026-05-29,12:18:18.35,2,2,"Blair, Benjamin",1000115932,Right,LIB_FLA,"Mainolfi, Ty",839397,Left,BOC_EAG,Undefined,1,Bottom,1,1,0,FourSeamFastBall,Sinker,BallCalled,Undefined,Undefined,Undefined,0,0,,97.72539,-1.513968,-5.507162,2570.369687,234.138881,1:45,5.13356,2.63707,6.51545,-16.17804,12.47493,16.0304,2.38936,-1.09622,89.46451,-4.59577,-2.615319,0.385262,,,,,,,,,,,,-9.8217,7.20378,-2.25831,50,5.02025,12.95861,-141.5245,-4.24009,-20.01386,30.87423,-17.49476,BOC_EAG,LIB_FLA,UGeorgia,D1,SEC,20260529-UGeorgia-1,05dc2fd0-5b7a-11f1-8b41-2fa142449b60,97.83583,,,8.26088,,,,,,,f32c6353-0729-4132-b934-ffed9b5f81bf,2026-05-29,16:18:18.35,2026-05-29T12:18:18.3501312-04:00,2026-05-29T16:18:18.3501312Z,,v3,227,471336,,"Hvidsten, Kyle",1000230326,Right,LIB_FLA,348bb310-aebf-4b92-855d-be8377031c89,53.98602,-142.39141,15.43712,5.13241,-3.74886,-8.74738,-2.63007,13.52057,-10.00693,,,,,,,,,,,,,,,,,,,,,,,,,,,,,,,,,,,,,,,,,,,,,,,,,,,High,High,High,,,,,,,,,,,,,,,,,,,,,,,,,,,,,,,,,,,,,,,
24,2026-05-29,12:18:38.10,2,3,"Blair, Benjamin",1000115932,Right,LIB_FLA,"Mainolfi, Ty",839397,Left,BOC_EAG,Undefined,1,Bottom,1,2,0,Sinker,Sinker,InPlay,Undefined,GroundBall,Single,0,0,,96.05046,-1.409252,-4.785318,2533.120373,243.545943,2:00,5.01878,2.8942,6.5497,-20.9234,8.54367,15.41166,1.97806,-0.22002,88.34447,-5.347431,-1.997045,0.390697,98.02764,-11.637905,3.44465,,,,,10.21986,10.14065,4.256386,0.066391,-9.34756,5.11803,-2.56902,50,4.91199,11.03667,-139.32731,-4.1031,-18.50885,29.15924,-22.03992,BOC_EAG,LIB_FLA,UGeorgia,D1,SEC,20260529-UGeorgia-1,11a24160-5b7a-11f1-8b41-2fa142449b60,96.4749,1.92796,,7.70599,,,,0.84775,1.92796,0.19608,f32c6353-0729-4132-b934-ffed9b5f81bf,2026-05-29,16:18:38.10,2026-05-29T12:18:38.1088256-04:00,2026-05-29T16:18:38.1088256Z,GroundBall,v3,227,471336,,"Hvidsten, Kyle",1000230326,Right,LIB_FLA,46247c43-7458-4e39-b560-aba002bf52eb,53.95316,-140.15221,14.57962,5.01924,-3.4796,-11.01996,-2.88865,11.56027,-9.25443,180,0.84586,140.74052,,,,,,,,1.92835,-29.03939,,,,,,,,0.19596,8.47159,,,,,,,,,,,,,,,,,,,,,,,,,,,,,,High,High,High,Medium,High,,,,,,,,,,,,,,,,,,,,,,,,,,,,,,,,,,,,,
25,2026-05-29,12:19:14.62,3,1,"Blair, Benjamin",1000115932,Right,LIB_FLA,"Wang, Nick",813482,Right,BOC_EAG,Undefined,1,Bottom,1,0,0,FourSeamFastBall,Sinker,BallCalled,Undefined,Undefined,Undefined,0,0,,96.61213,-1.975498,-5.873378,2506.572259,237.942491,2:00,5.12671,2.74609,6.46254,-18.27281,10.95044,16.13505,1.77908,-1.32331,89.11494,-5.419082,-2.967976,0.389077,,,,,,,,,,,,-9.8756,6.47827,-2.33664,50,4.97806,13.71699,-139.88219,-5.42311,-19.80376,27.97904,-19.183,BOC_EAG,LIB_FLA,UGeorgia,D1,SEC,20260529-UGeorgia-1,276c1b10-5b7a-11f1-8b41-2fa142449b60,96.87657,,,7.49719,,,,,,,f32c6353-0729-4132-b934-ffed9b5f81bf,2026-05-29,16:19:14.62,2026-05-29T12:19:14.6222080-04:00,2026-05-29T16:19:14.6222080Z,,v3,227,471336,,"Hvidsten, Kyle",1000230326,Right,LIB_FLA,6461a5c3-d30d-4ca4-addc-5bff599c6766,54.04036,-140.68801,13.98952,5.1263,-4.87062,-9.5915,-2.73992,14.28736,-9.90188,,,,,,,,,,,,,,,,,,,,,,,,,,,,,,,,,,,,,,,,,,,,,,,,,,,High,High,High,,,,,,,,,,,,,,,,,,,,,,,,,,,,,,,,,,,,,,,
26,2026-05-29,12:19:54.92,3,2,"Blair, Benjamin",1000115932,Right,LIB_FLA,"Wang, Nick",813482,Right,BOC_EAG,Undefined,1,Bottom,1,1,0,Cutter,Cutter,StrikeSwinging,Undefined,Undefined,Undefined,0,0,,86.99691,0.431459,-2.528604,2741.043309,152.1672,11:00,4.77556,2.91286,6.18849,-26.57057,9.57607,-4.52788,2.96012,0.19927,80.40809,-4.524642,-3.344108,0.432718,,,,,,,,,,,,1.71638,5.17705,-2.71989,50,4.79457,5.76265,-126.4629,0.1231,2.80956,23.1827,-23.69965,BOC_EAG,LIB_FLA,UGeorgia,D1,SEC,20260529-UGeorgia-1,3f6f9110-5b7a-11f1-8b41-2fa142449b60,87.10615,,,6.58882,,,,,,,f32c6353-0729-4132-b934-ffed9b5f81bf,2026-05-29,16:19:54.92,2026-05-29T12:19:54.9273088-04:00,2026-05-29T16:19:54.9273088Z,,v3,227,471336,,"Hvidsten, Kyle",1000230326,Right,LIB_FLA,2ca9b8bd-7d52-4aad-8efc-53529d50b25b,54.31247,-127.25099,11.59135,4.77669,0.92876,-11.84983,-2.91417,5.66714,1.40478,,,,,,,,,,,,,,,,,,,,,,,,,,,,,,,,,,,,,,,,,,,,,,,,,,,High,High,High,,,,,,,,,,,,,,,,,,,,,,,,,,,,,,,,,,,,,,,
27,2026-05-29,12:20:17.16,3,3,"Blair, Benjamin",1000115932,Right,LIB_FLA,"Wang, Nick",813482,Right,BOC_EAG,Undefined,1,Bottom,1,1,1,Sinker,Sinker,BallCalled,Undefined,Undefined,Undefined,0,0,,95.64135,-1.826404,-4.386792,2418.048147,251.538302,2:30,4.62097,2.77982,6.43292,-23.358,6.59587,16.98206,0.99038,0.15532,87.73215,-6.200809,-1.316569,0.393911,,,,,,,,,,,,-10.07048,4.22213,-2.47446,50,4.48004,9.93461,-138.71257,-5.21011,-19.68005,30.15348,-23.92303,BOC_EAG,LIB_FLA,UGeorgia,D1,SEC,20260529-UGeorgia-1,4ca9a500-5b7a-11f1-8b41-2fa142449b60,95.68775,,,7.9092,,,,,,,f32c6353-0729-4132-b934-ffed9b5f81bf,2026-05-29,16:20:17.16,2026-05-29T12:20:17.1613184-04:00,2026-05-29T16:20:17.1613184Z,,v3,227,471336,,"Hvidsten, Kyle",1000230326,Right,LIB_FLA,3c5fcfcf-ef95-45ae-ad1f-2afcd6a2b84a,54.06957,-139.59441,15.07674,4.62218,-4.51048,-11.96152,-2.77342,10.51016,-9.84002,,,,,,,,,,,,,,,,,,,,,,,,,,,,,,,,,,,,,,,,,,,,,,,,,,,High,High,High,,,,,,,,,,,,,,,,,,,,,,,,,,,,,,,,,,,,,,,
28,2026-05-29,12:20:56.81,3,4,"Blair, Benjamin",1000115932,Right,LIB_FLA,"Wang, Nick",813482,Right,BOC_EAG,Undefined,1,Bottom,1,2,1,Slider,Slider,InPlay,Undefined,GroundBall,Single,0,0,,84.04403,0.257521,-2.078747,2346.745826,87.001533,9:00,5.00121,2.69884,6.41534,-37.826,0.49244,-10.20256,2.08596,-0.06337,78.1164,-6.744463,-3.926724,0.445528,104.5798,3.841568,-26.377433,2482.406105,,,,86.39036,80.57361,-27.520104,0.609629,4.86213,0.47795,-2.54568,50,5.0022,4.80194,-122.32331,-0.60417,7.4461,21.69846,-31.44211,BOC_EAG,LIB_FLA,UGeorgia,D1,SEC,20260529-UGeorgia-1,6456e4b0-5b7a-11f1-8b41-2fa142449b60,84.60168,3.2598,,5.92763,,,,1.5023,2.15506,-0.00688,f32c6353-0729-4132-b934-ffed9b5f81bf,2026-05-29,16:20:56.81,2026-05-29T12:20:56.8158208-04:00,2026-05-29T16:20:56.8158208Z,GroundBall,v3,227,471336,,"Hvidsten, Kyle",1000230326,Right,LIB_FLA,f46ab22c-9a31-432a-8857-817897f1c109,54.0886,-123.04643,10.84923,5.00488,0.44367,-15.72105,-2.70157,4.55379,3.72305,,1.5023,137.10541,-25.07481,4.23745,-0.71301,-0.88247,2.50744,-3.0762,1.50687,2.15506,10.27631,-24.62139,3.65413,-0.65252,-0.67086,2.03188,-2.51326,1.23572,-0.00688,-67.9925,3.91828,0.42283,0.08869,-1.05051,2.59133,-3.16166,1.55357,,,,,,,,,,,,,,,,,,,,,,,High,High,High,Low,Medium,,,,,,,,,,,,,,,,,,,,,,,,,,,,,,,,,,,,,
29,2026-05-29,12:21:36.17,4,1,"Blair, Benjamin",1000115932,Right,LIB_FLA,"Toomey, Jack",809057,Right,BOC_EAG,Undefined,1,Bottom,1,0,0,Sinker,Sinker,StrikeSwinging,Undefined,Undefined,Undefined,0,0,,96.11989,-0.923661,-3.984431,2392.496363,240.585682,2:00,4.63092,2.73525,6.36847,-19.96261,9.66508,15.55434,2.11528,0.35907,88.17975,-4.6845,-1.175624,0.39176,,,,,,,,,,,,-9.1243,5.55807,-2.45358,50,4.5546,9.05038,-139.5154,-2.90193,-18.08048,29.80984,-21.1603,BOC_EAG,LIB_FLA,UGeorgia,D1,SEC,20260529-UGeorgia-1,7bc8c910-5b7a-11f1-8b41-2fa142449b60,96.21306,,,7.94014,,,,,,,f32c6353-0729-4132-b934-ffed9b5f81bf,2026-05-29,16:21:36.17,2026-05-29T12:21:36.1714176-04:00,2026-05-29T16:21:36.1714176Z,,v3,227,471336,,"Hvidsten, Kyle",1000230326,Right,LIB_FLA,90c6fc1d-43d5-45e6-9929-51e63723123b,54.13308,-140.39573,14.90492,4.63107,-2.27704,-10.58015,-2.72873,9.58432,-9.04024,,,,,,,,,,,,,,,,,,,,,,,,,,,,,,,,,,,,,,,,,,,,,,,,,,,High,High,High,,,,,,,,,,,,,,,,,,,,,,,,,,,,,,,,,,,,,,,
30,2026-05-29,12:21:53.49,4,2,"Blair, Benjamin",1000115932,Right,LIB_FLA,"Toomey, Jack",809057,Right,BOC_EAG,Undefined,1,Bottom,1,0,1,Sinker,Sinker,StrikeCalled,Undefined,Undefined,Undefined,0,0,,95.03265,-0.067478,-4.733159,2405.812748,248.852121,2:15,4.73399,2.74669,6.2321,-23.04812,7.19839,16.45918,2.75085,-0.25837,87.85907,-4.3623,-1.773529,0.39583,,,,,,,,,,,,-9.65304,4.01382,-2.40054,50,4.71735,10.72207,-137.92702,-0.95081,-18.87395,26.3694,-24.32611,BOC_EAG,LIB_FLA,UGeorgia,D1,SEC,20260529-UGeorgia-1,861b9b90-5b7a-11f1-8b41-2fa142449b60,95.22371,,,7.17358,,,,,,,f32c6353-0729-4132-b934-ffed9b5f81bf,2026-05-29,16:21:53.49,2026-05-29T12:21:53.4914560-04:00,2026-05-29T16:21:53.4914560Z,,v3,227,471336,,"Hvidsten, Kyle",1000230326,Right,LIB_FLA,c945c113-43e8-4896-96c1-f17139426f62,54.2712,-138.74121,13.1847,4.73511,-0.19972,-12.16305,-2.74059,11.30482,-9.43698,,,,,,,,,,,,,,,,,,,,,,,,,,,,,,,,,,,,,,,,,,,,,,,,,,,High,High,High,,,,,,,,,,,,,,,,,,,,,,,,,,,,,,,,,,,,,,,
31,2026-05-29,12:22:12.16,4,3,"Blair, Benjamin",1000115932,Right,LIB_FLA,"Toomey, Jack",809057,Right,BOC_EAG,Undefined,1,Bottom,1,0,2,FourSeamFastBall,Sinker,BallCalled,Undefined,Undefined,Undefined,0,0,,97.17849,-1.284371,-6.272569,2496.673595,232.091719,1:45,5.24749,2.47844,6.40855,-15.93548,13.21253,15.81024,2.73125,-1.99479,88.94993,-4.317021,-3.433501,0.388576,,,,,,,,,,,,-9.88103,7.50327,-2.03454,50,5.1475,14.7698,-140.54374,-3.64752,-19.87349,30.19328,-17.08289,BOC_EAG,LIB_FLA,UGeorgia,D1,SEC,20260529-UGeorgia-1,913dcc00-5b7a-11f1-8b41-2fa142449b60,97.00153,,,8.22856,,,,,,,f32c6353-0729-4132-b934-ffed9b5f81bf,2026-05-29,16:22:12.16,2026-05-29T12:22:12.1628160-04:00,2026-05-29T16:22:12.1628160Z,,v3,227,471336,,"Hvidsten, Kyle",1000230326,Right,LIB_FLA,e09f32e7-40e2-4604-8ae2-352f1cad7ddc,54.09323,-141.42036,15.09664,5.2462,-3.15154,-8.54144,-2.47174,15.3468,-9.93674,,,,,,,,,,,,,,,,,,,,,,,,,,,,,,,,,,,,,,,,,,,,,,,,,,,High,High,High,,,,,,,,,,,,,,,,,,,,,,,,,,,,,,,,,,,,,,,
32,2026-05-29,12:22:32.11,4,4,"Blair, Benjamin",1000115932,Right,LIB_FLA,"Toomey, Jack",809057,Right,BOC_EAG,Undefined,1,Bottom,1,1,2,Slider,Slider,FoulBallNotFieldable,Undefined,Undefined,Undefined,0,0,,86.10427,-0.07409,-2.769166,2373.378528,96.71346,9:15,4.99872,2.64036,6.17145,-34.18581,2.95441,-16.10076,2.08139,-1.26106,79.5783,-6.386979,-5.666362,0.438625,69.8578,28.565437,144.311771,4180.502627,,,,,43.01451,,,7.63134,1.86961,-2.42248,50,4.97563,6.66995,-125.13271,-1.2678,12.14486,24.37196,-29.1987,BOC_EAG,LIB_FLA,UGeorgia,D1,SEC,20260529-UGeorgia-1,9d256f50-5b7a-11f1-8b41-2fa142449b60,85.93313,19.98474,,6.52597,,,,0.19852,1.89323,1.42493,f32c6353-0729-4132-b934-ffed9b5f81bf,2026-05-29,16:22:32.11,2026-05-29T12:22:32.1143808-04:00,2026-05-29T16:22:32.1143808Z,,v3,227,471336,,"Hvidsten, Kyle",1000230326,Right,LIB_FLA,a983af09-862e-4c65-a2fd-1f060671a370,54.33145,-125.97351,12.18598,5.00199,-0.26048,-14.59935,-2.64536,6.25097,6.07243,,0.20143,-73.16817,3.23536,,,,,,,1.90823,48.58089,-24.01634,,,,,,,1.43345,52.26224,-8.33775,,,,,,,,,,,,,,,,,,,,,,,,,,,,,High,High,High,High,Undefined,,,,,,,,,,,,,,,,,,,,,,,,,,,,,,,,,,,,,
33,2026-05-29,12:22:54.78,4,5,"Blair, Benjamin",1000115932,Right,LIB_FLA,"Toomey, Jack",809057,Right,BOC_EAG,Undefined,1,Bottom,1,1,2,FourSeamFastBall,Four-Seam,StrikeSwinging,Strikeout,Undefined,Undefined,0,0,,96.77848,-1.137852,-4.223928,2430.359805,223.1349,1:30,5.1888,2.21246,6.65972,-17.14249,11.67406,10.15634,2.71603,-0.81356,89.12541,-4.394424,-2.381789,0.38636,,,,,,,,,,,,-6.40063,6.7017,-1.93179,50,5.10495,9.95995,-140.50796,-3.30294,-12.91414,29.07781,-18.65255,BOC_EAG,LIB_FLA,UGeorgia,D1,SEC,20260529-UGeorgia-1,aaa16e40-5b7a-11f1-8b41-2fa142449b60,97.55771,,,7.65307,,,,,,,f32c6353-0729-4132-b934-ffed9b5f81bf,2026-05-29,16:22:54.78,2026-05-29T12:22:54.7876352-04:00,2026-05-29T16:22:54.7876352Z,,v3,227,471336,,"Hvidsten, Kyle",1000230326,Right,LIB_FLA,c56ba1fb-ac0e-4f65-b8bc-03cb2047834f,53.8417,-141.30076,14.5389,5.18807,-2.79439,-9.32627,-2.20814,10.31205,-6.45707,,,,,,,,,,,,,,,,,,,,,,,,,,,,,,,,,,,,,,,,,,,,,,,,,,,High,High,High,,,,,,,,,,,,,,,,,,,,,,,,,,,,,,,,,,,,,,,
34,2026-05-29,12:23:42.23,5,1,"Blair, Benjamin",1000115932,Right,LIB_FLA,"Gallo, Luke",828057,Right,BOC_EAG,Undefined,1,Bottom,2,0,0,Sinker,Sinker,StrikeCalled,Undefined,Undefined,Undefined,0,0,,95.39647,-0.096241,-4.822658,2362.721724,248.929578,2:15,4.56071,2.84976,6.36518,-23.48297,6.48386,14.62111,2.51492,-0.38039,87.9538,-4.482809,-2.187908,0.393996,,,,,,,,,,,,-8.7904,3.67473,-2.5066,50,4.5427,11.06199,-138.41026,-1.02372,-17.24954,27.54722,-24.96309,BOC_EAG,LIB_FLA,UGeorgia,D1,SEC,20260529-UGeorgia-1,c6eaa440-5b7a-11f1-8b41-2fa142449b60,95.66709,,,7.44268,,,,,,,f32c6353-0729-4132-b934-ffed9b5f81bf,2026-05-29,16:23:42.23,2026-05-29T12:23:42.2375936-04:00,2026-05-29T16:23:42.2375936Z,,v3,227,471336,,"Hvidsten, Kyle",1000230326,Right,LIB_FLA,5006c213-336a-4ea3-86c0-7f2ca3ce64f4,54.13738,-139.23127,13.77361,4.56212,-0.27972,-12.48155,-2.84395,11.57609,-8.62477,,,,,,,,,,,,,,,,,,,,,,,,,,,,,,,,,,,,,,,,,,,,,,,,,,,High,High,High,,,,,,,,,,,,,,,,,,,,,,,,,,,,,,,,,,,,,,,
35,2026-05-29,12:23:59.82,5,2,"Blair, Benjamin",1000115932,Right,LIB_FLA,"Gallo, Luke",828057,Right,BOC_EAG,Undefined,1,Bottom,2,0,1,Sinker,Sinker,InPlay,Undefined,GroundBall,Error,1,0,,96.10916,-0.271732,-3.024442,2410.694317,247.905352,2:15,4.72388,2.88054,6.1522,-22.02525,7.93185,17.22072,2.63702,1.51851,87.77799,-4.401549,0.07775,0.393932,55.53792,10.818322,-15.550712,1212.44545,,,,87.88179,84.86356,-15.846555,1.194422,-9.77792,4.45599,-2.65922,50,4.69181,6.62567,-139.57455,-1.42192,-19.28582,31.45468,-23.38509,BOC_EAG,LIB_FLA,UGeorgia,D1,SEC,20260529-UGeorgia-1,d164add0-5b7a-11f1-8b41-2fa142449b60,95.68256,6.36739,,8.33118,,,,0.31736,2.47144,-1.45878,f32c6353-0729-4132-b934-ffed9b5f81bf,2026-05-29,16:23:59.82,2026-05-29T12:23:59.8263296-04:00,2026-05-29T16:23:59.8263296Z,GroundBall,v3,227,471336,,"Hvidsten, Kyle",1000230326,Right,LIB_FLA,f94b9520-c45c-4ecc-b02c-c3021a126aa0,54.35002,-140.55146,15.72734,4.72469,-0.69563,-11.69255,-2.8743,7.22464,-9.64291,201.183804,0.31736,77.07899,-6.35981,0.88184,-0.15732,0.02311,-0.00236,0.00043,-8E-05,2.47144,15.28882,-15.35274,0.76959,-0.09692,0.02619,-0.0026,-5E-05,1E-05,-1.45878,-21.44938,2.46599,-0.32355,0.06422,-0.00773,0.00104,-0.00016,2E-05,,,,,,,,,,,,,,,,,,,,,,,High,High,High,High,High,,,,,,,,,,,,,,,,,,,,,,,,,,,,,,,,,,,,,
36,2026-05-29,12:26:37.33,1,1,"Colarusso, AJ",1000090794,Left,BOC_EAG,"Hvidsten, Kyle",1000230326,Right,LIB_FLA,Undefined,2,Top,0,0,0,FourSeamFastBall,Four-Seam,InPlay,Undefined,LineDrive,Single,0,0,,89.80436,-2.01524,1.682308,2083.022244,144.582686,10:45,5.89067,-1.15023,5.81886,-18.36194,16.24513,-10.79879,2.48519,-0.4855,82.48517,-5.470114,-0.253012,0.423403,100.25232,13.036101,-27.017399,3114.152826,94.44491,13.79141,-56.39262,188.06835,155.06458,-34.526157,1.601618,6.01311,9.17941,1.01919,50,5.71478,-3.38048,-130.42474,-5.16831,10.40026,26.37318,-16.2974,BOC_EAG,LIB_FLA,UGeorgia,D1,SEC,20260529-UGeorgia-1,2f4ac3d0-5b7b-11f1-8b41-2fa142449b60,89.02262,14.0879,,7.3192,,,,2.20154,2.60224,0.4958,f32c6353-0729-4132-b934-ffed9b5f81bf,2026-05-29,16:26:37.33,2026-05-29T12:26:37.3368832-04:00,2026-05-29T16:26:37.3368832Z,LineDrive,v3,227,471336,,"Johnson, Gunnar",1000100233,Right,BOC_EAG,7990afc0-4302-4a2a-a34b-a09d31379a0c,54.6832,-131.36831,13.18659,5.88926,-4.58522,-8.1487,1.14679,-3.75258,5.20013,78.265846,2.20154,127.61407,-25.46874,4.39397,-0.61824,-0.38103,0.46506,-0.20919,0.03514,2.60224,33.16623,-26.32514,3.88045,-0.75819,-0.06742,0.21688,-0.1075,0.01869,0.49579,-65.07128,-4.42726,3.09481,-0.7511,-0.25014,0.4626,-0.23022,0.04078,,,,,,,,,,,,,,,,,,,,,,,High,High,High,High,Medium,,,,,,,,,,,,,,,,,,,,,,,,,,,,,,,,,,,,,
37,2026-05-29,12:27:17.27,2,1,"Colarusso, AJ",1000090794,Left,BOC_EAG,"Campos, Josh",815576,Right,LIB_FLA,Undefined,2,Top,0,0,0,ChangeUp,Changeup,BallCalled,Undefined,Undefined,Undefined,0,0,,84.23889,-3.330314,2.416567,1708.113723,131.072283,10:15,5.7683,-1.42212,5.57915,-29.38072,10.18142,-10.3756,0.20322,-0.02841,78.26942,-8.698616,0.563722,0.452701,,,,,,,,,,,,5.92378,6.31973,1.22131,50,5.4618,-4.74777,-122.20456,-8.10621,9.05539,21.63042,-22.51334,BOC_EAG,LIB_FLA,UGeorgia,D1,SEC,20260529-UGeorgia-1,471af4d0-5b7b-11f1-8b41-2fa142449b60,83.26125,,,5.96947,,,,,,,f32c6353-0729-4132-b934-ffed9b5f81bf,2026-05-29,16:27:17.27,2026-05-29T12:27:17.2756480-04:00,2026-05-29T16:27:17.2756480Z,,v3,227,471336,,"Johnson, Gunnar",1000100233,Right,BOC_EAG,58c23739-5238-4378-bd14-d019bae74016,54.92414,-123.07306,10.81521,5.76913,-7.20227,-11.25667,1.41924,-5.11136,4.5277,,,,,,,,,,,,,,,,,,,,,,,,,,,,,,,,,,,,,,,,,,,,,,,,,,,High,High,High,,,,,,,,,,,,,,,,,,,,,,,,,,,,,,,,,,,,,,,
38,2026-05-29,12:27:36.74,2,2,"Colarusso, AJ",1000090794,Left,BOC_EAG,"Campos, Josh",815576,Right,LIB_FLA,Undefined,2,Top,0,1,0,ChangeUp,Changeup,BallCalled,Undefined,Undefined,Undefined,0,0,,84.52309,-2.516816,2.597441,1823.343268,113.931448,9:45,5.77977,-1.15213,5.53552,-32.22533,6.98138,-13.28465,0.73784,0.17039,78.70742,-8.388125,0.227134,0.450663,,,,,,,,,,,,7.41229,4.44583,0.93588,50,5.5392,-5.03561,-122.72554,-6.51669,11.46116,21.13953,-25.2997,BOC_EAG,LIB_FLA,UGeorgia,D1,SEC,20260529-UGeorgia-1,52b5b0a0-5b7b-11f1-8b41-2fa142449b60,83.6378,,,5.81567,,,,,,,f32c6353-0729-4132-b934-ffed9b5f81bf,2026-05-29,16:27:36.74,2026-05-29T12:27:36.7472128-04:00,2026-05-29T16:27:36.7472128Z,,v3,227,471336,,"Johnson, Gunnar",1000100233,Right,BOC_EAG,b9ce5a1a-aec4-4303-9809-4c76960e4795,54.96824,-123.57835,10.56977,5.78151,-5.49604,-12.64985,1.14836,-5.49798,5.73058,,,,,,,,,,,,,,,,,,,,,,,,,,,,,,,,,,,,,,,,,,,,,,,,,,,High,High,High,,,,,,,,,,,,,,,,,,,,,,,,,,,,,,,,,,,,,,,
39,2026-05-29,12:27:53.71,2,3,"Colarusso, AJ",1000090794,Left,BOC_EAG,"Campos, Josh",815576,Right,LIB_FLA,Undefined,2,Top,0,2,0,FourSeamFastBall,Four-Seam,BallCalled,Undefined,Undefined,Undefined,0,0,,91.0195,-0.290726,0.364498,2124.731214,154.814383,11:15,5.99893,-1.17458,5.54182,-15.76773,18.07158,-8.0415,4.41323,-1.50403,83.7834,-3.26642,-1.069227,0.41868,,,,,,,,,,,,4.15193,9.50764,1.14843,50,5.96339,-0.48092,-132.29608,-1.17176,7.4287,25.69817,-15.16282,BOC_EAG,LIB_FLA,UGeorgia,D1,SEC,20260529-UGeorgia-1,5cce1230-5b7b-11f1-8b41-2fa142449b60,90.02687,,,7.2361,,,,,,,f32c6353-0729-4132-b934-ffed9b5f81bf,2026-05-29,16:27:53.71,2026-05-29T12:27:53.7172480-04:00,2026-05-29T16:27:53.7172480Z,,v3,227,471336,,"Johnson, Gunnar",1000100233,Right,BOC_EAG,e09a0054-cf81-4a58-b700-a50a8ece01f7,54.95881,-133.25583,12.84909,5.99657,-0.60547,-7.58141,1.17157,-0.75836,3.71435,,,,,,,,,,,,,,,,,,,,,,,,,,,,,,,,,,,,,,,,,,,,,,,,,,,High,High,High,,,,,,,,,,,,,,,,,,,,,,,,,,,,,,,,,,,,,,,
40,2026-05-29,12:28:09.40,2,4,"Colarusso, AJ",1000090794,Left,BOC_EAG,"Campos, Josh",815576,Right,LIB_FLA,Undefined,2,Top,0,3,0,FourSeamFastBall,Four-Seam,BallCalled,Walk,Undefined,Undefined,0,0,,90.62551,-1.127757,2.136359,2136.938218,151.666591,11:00,5.88724,-1.26478,5.63373,-16.28686,17.79832,-9.05812,3.47692,-0.02544,83.40138,-4.199693,0.519843,0.420198,,,,,,,,,,,,5.12768,9.61859,1.08883,50,5.78086,-4.51001,-131.6251,-3.10428,9.07723,25.56876,-15.14682,BOC_EAG,LIB_FLA,UGeorgia,D1,SEC,20260529-UGeorgia-1,662e4750-5b7b-11f1-8b41-2fa142449b60,89.70154,,,7.22413,,,,,,,f32c6353-0729-4132-b934-ffed9b5f81bf,2026-05-29,16:28:09.40,2026-05-29T12:28:09.4087680-04:00,2026-05-29T16:28:09.4087680Z,,v3,227,471336,,"Johnson, Gunnar",1000100233,Right,BOC_EAG,cbe4c783-36f4-4bfd-a043-0d87af0ba5fc,54.86699,-132.56716,12.78438,5.88495,-2.54621,-7.57341,1.26116,-4.84446,4.53862,,,,,,,,,,,,,,,,,,,,,,,,,,,,,,,,,,,,,,,,,,,,,,,,,,,High,High,High,,,,,,,,,,,,,,,,,,,,,,,,,,,,,,,,,,,,,,,
41,2026-05-29,12:29:22.11,3,1,"Colarusso, AJ",1000090794,Left,BOC_EAG,"Marsh, Tanner",835651,Right,LIB_FLA,Undefined,2,Top,0,0,0,Cutter,Slider,FoulBallNotFieldable,Undefined,Undefined,Undefined,0,0,,85.63986,-1.142196,1.205335,2348.400549,217.331145,1:15,5.75591,-1.58837,5.37767,-31.80222,6.02103,3.92717,2.03455,-0.13095,80.64169,-6.907348,1.903962,0.44264,63.26295,-48.66668,-83.604263,,,,,2.71938,2.71938,-38.274952,0.029977,-1.75984,3.51555,1.47746,50,5.6306,-2.78331,-124.67231,-3.63925,-2.8467,18.5368,-26.48732,BOC_EAG,LIB_FLA,UGeorgia,D1,SEC,20260529-UGeorgia-1,91869f60-5b7b-11f1-8b41-2fa142449b60,85.15369,2.09643,,4.99817,,,,1.92944,2.09643,0.14797,f32c6353-0729-4132-b934-ffed9b5f81bf,2026-05-29,16:29:22.11,2026-05-29T12:29:22.1114880-04:00,2026-05-29T16:29:22.1114880Z,GroundBall,v3,227,471336,,"Johnson, Gunnar",1000100233,Right,BOC_EAG,2fed0949-98db-4d56-b7a6-ca37b743b4f7,55.12686,-125.43227,9.2684,5.75754,-2.55333,-13.24366,1.58918,-2.6666,-1.42335,,1.92931,6.85209,,,,,,,,2.09771,-69.93514,,,,,,,,0.14908,-61.12879,,,,,,,,,,,,,,,,,,,,,,,,,,,,,,High,High,High,Estimated,Estimated,,,,,,,,,,,,,,,,,,,,,,,,,,,,,,,,,,,,,
42,2026-05-29,12:29:44.40,3,2,"Colarusso, AJ",1000090794,Left,BOC_EAG,"Marsh, Tanner",835651,Right,LIB_FLA,Undefined,2,Top,0,0,1,FourSeamFastBall,Four-Seam,InPlay,Undefined,GroundBall,Out,2,0,,90.77723,-2.419865,1.359005,2136.211378,156.521742,11:15,5.938,-1.09794,5.57316,-15.44969,18.39462,-7.5854,2.3882,-0.46041,84.19551,-5.316326,0.005853,0.418711,95.55861,-11.751926,4.244244,,,,,11.98304,11.98304,5.981918,0.079705,4.19233,10.2076,0.9861,50,5.7194,-2.80239,-131.91151,-6.07428,7.50227,23.95225,-13.90734,BOC_EAG,LIB_FLA,UGeorgia,D1,SEC,20260529-UGeorgia-1,9ecc7320-5b7b-11f1-8b41-2fa142449b60,90.02019,2.27881,,6.58172,,,,0.99389,2.27881,0.43812,f32c6353-0729-4132-b934-ffed9b5f81bf,2026-05-29,16:29:44.40,2026-05-29T12:29:44.4043264-04:00,2026-05-29T16:29:44.4043264Z,GroundBall,v3,227,471336,,"Johnson, Gunnar",1000100233,Right,BOC_EAG,0524f5e6-f175-4f53-b362-1b4e32c3a826,54.92967,-132.80362,11.97613,5.93599,-5.5563,-6.95367,1.09568,-3.08181,3.75113,180,0.99112,137.05396,,,,,,,,2.27938,-28.59048,,,,,,,,0.43792,10.17102,,,,,,,,,,,,,,,,,,,,,,,,,,,,,,High,High,High,High,High,,,,,,,,,,,,,,,,,,,,,,,,,,,,,,,,,,,,,
43,2026-05-29,12:30:16.29,4,1,"Colarusso, AJ",1000090794,Left,BOC_EAG,"Decandido, Riley",1000092865,Left,LIB_FLA,Undefined,2,Top,2,0,0,Cutter,Slider,BallCalled,Undefined,Undefined,Undefined,0,0,,86.18631,0.478777,0.845655,2252.71031,196.421079,12:30,5.71056,-1.55377,5.47124,-32.57734,4.98957,1.18146,3.44391,-0.66385,80.13505,-5.47623,1.056099,0.441138,,,,,,,,,,,,-0.40264,2.72697,1.47859,50,5.73027,-1.90052,-125.35851,-0.13386,-0.65188,21.1902,-27.75886,BOC_EAG,LIB_FLA,UGeorgia,D1,SEC,20260529-UGeorgia-1,b1d2c000-5b7b-11f1-8b41-2fa142449b60,85.44374,,,6.05125,,,,,,,f32c6353-0729-4132-b934-ffed9b5f81bf,2026-05-29,16:30:16.29,2026-05-29T12:30:16.2951168-04:00,2026-05-29T16:30:16.2951168Z,,v3,227,471336,,"Johnson, Gunnar",1000100233,Right,BOC_EAG,b9c03734-5ae8-4d9f-9956-02bacfa7fcdd,55.03074,-126.20602,10.5951,5.71342,0.97637,-13.87943,1.55408,-1.87445,-0.32594,,,,,,,,,,,,,,,,,,,,,,,,,,,,,,,,,,,,,,,,,,,,,,,,,,,High,High,High,,,,,,,,,,,,,,,,,,,,,,,,,,,,,,,,,,,,,,,
44,2026-05-29,12:30:30.98,4,2,"Colarusso, AJ",1000090794,Left,BOC_EAG,"Decandido, Riley",1000092865,Left,LIB_FLA,Undefined,2,Top,2,1,0,Cutter,Cutter,BallCalled,Undefined,Undefined,Undefined,0,0,,86.89892,-2.557466,1.991182,2315.488806,206.610212,1:00,5.6741,-1.48986,5.57552,-30.49604,6.75398,2.83878,0.74097,0.60729,80.47262,-8.126391,2.497963,0.439273,,,,,,,,,,,,-0.93602,4.4017,1.31642,50,5.43351,-4.50259,-126.12252,-6.71441,-1.51855,23.91781,-25.03292,BOC_EAG,LIB_FLA,UGeorgia,D1,SEC,20260529-UGeorgia-1,ba95f1d0-5b7b-11f1-8b41-2fa142449b60,85.8064,,,6.4263,,,,,,,f32c6353-0729-4132-b934-ffed9b5f81bf,2026-05-29,16:30:30.98,2026-05-29T12:30:30.9881856-04:00,2026-05-29T16:30:30.9881856Z,,v3,227,471336,,"Johnson, Gunnar",1000100233,Right,BOC_EAG,1d2616ee-ad5d-45c0-bf97-e65cc8470372,54.92653,-127.05335,11.95891,5.67586,-5.74019,-12.51646,1.4905,-4.44349,-0.75927,,,,,,,,,,,,,,,,,,,,,,,,,,,,,,,,,,,,,,,,,,,,,,,,,,,High,High,High,,,,,,,,,,,,,,,,,,,,,,,,,,,,,,,,,,,,,,,
45,2026-05-29,12:30:48.06,4,3,"Colarusso, AJ",1000090794,Left,BOC_EAG,"Decandido, Riley",1000092865,Left,LIB_FLA,Undefined,2,Top,2,2,0,Cutter,Slider,BallCalled,Undefined,Undefined,Undefined,0,0,,87.56346,-2.53353,2.231569,2298.129034,164.859405,11:30,5.70924,-1.5367,5.70653,-30.12163,6.04977,-1.37953,0.83516,0.42865,81.79278,-8.02901,1.98473,0.432867,,,,,,,,,,,,1.21886,3.95268,1.35047,50,5.47759,-4.90125,-127.21874,-6.69177,2.0321,21.87452,-25.58417,BOC_EAG,LIB_FLA,UGeorgia,D1,SEC,20260529-UGeorgia-1,c4bdbcb0-5b7b-11f1-8b41-2fa142449b60,87.07633,,,5.77068,,,,,,,f32c6353-0729-4132-b934-ffed9b5f81bf,2026-05-29,16:30:48.06,2026-05-29T12:30:48.0648192-04:00,2026-05-29T16:30:48.0648192Z,,v3,227,471336,,"Johnson, Gunnar",1000100233,Right,BOC_EAG,abd766af-68e6-40f5-b5c3-ec0faefc1f98,54.79657,-128.04082,10.93726,5.71101,-5.73027,-12.79208,1.53611,-4.97762,1.01605,,,,,,,,,,,,,,,,,,,,,,,,,,,,,,,,,,,,,,,,,,,,,,,,,,,High,High,High,,,,,,,,,,,,,,,,,,,,,,,,,,,,,,,,,,,,,,,
46,2026-05-29,12:31:02.69,4,4,"Colarusso, AJ",1000090794,Left,BOC_EAG,"Decandido, Riley",1000092865,Left,LIB_FLA,Undefined,2,Top,2,3,0,FourSeamFastBall,Four-Seam,StrikeCalled,Undefined,Undefined,Undefined,0,0,,90.08223,-1.473304,2.206924,2135.796223,157.240972,11:15,5.93496,-1.01893,5.86028,-15.45891,18.688,-7.42811,3.27661,0.41345,83.08963,-4.4043,0.87585,0.420578,,,,,,,,,,,,4.33721,10.22654,0.84411,50,5.80619,-4.72678,-130.87555,-3.82096,7.60567,24.76404,-14.24094,BOC_EAG,LIB_FLA,UGeorgia,D1,SEC,20260529-UGeorgia-1,cd794d60-5b7b-11f1-8b41-2fa142449b60,89.62048,,,6.9926,,,,,,,f32c6353-0729-4132-b934-ffed9b5f81bf,2026-05-29,16:31:02.69,2026-05-29T12:31:02.6997248-04:00,2026-05-29T16:31:02.6997248Z,,v3,227,471336,,"Johnson, Gunnar",1000100233,Right,BOC_EAG,6a05652e-74bb-4d02-a681-ada043df1fa8,54.64049,-131.75069,12.38202,5.93233,-3.3177,-7.12047,1.0159,-4.99556,3.80284,,,,,,,,,,,,,,,,,,,,,,,,,,,,,,,,,,,,,,,,,,,,,,,,,,,High,High,High,,,,,,,,,,,,,,,,,,,,,,,,,,,,,,,,,,,,,,,
47,2026-05-29,12:31:17.70,4,5,"Colarusso, AJ",1000090794,Left,BOC_EAG,"Decandido, Riley",1000092865,Left,LIB_FLA,Undefined,2,Top,2,3,1,FourSeamFastBall,Four-Seam,BallCalled,Walk,Undefined,Undefined,0,0,,91.52672,-0.987307,1.780735,2165.889317,173.159874,11:45,5.98575,-1.08525,5.66991,-16.25769,17.19056,-1.94201,3.70985,0.41379,84.03697,-4.057181,1.433902,0.416254,,,,,,,,,,,,1.44791,9.29111,0.93606,50,5.89213,-4.04605,-132.92541,-2.80447,2.60662,26.8381,-15.44744,BOC_EAG,LIB_FLA,UGeorgia,D1,SEC,20260529-UGeorgia-1,d666ea90-5b7b-11f1-8b41-2fa142449b60,90.55161,,,7.48975,,,,,,,f32c6353-0729-4132-b934-ffed9b5f81bf,2026-05-29,16:31:17.70,2026-05-29T12:31:17.7091584-04:00,2026-05-29T16:31:17.7091584Z,,v3,227,471336,,"Johnson, Gunnar",1000100233,Right,BOC_EAG,ace0b39d-9ea5-42df-b8d3-1da487c6e52c,54.83005,-133.89706,13.41905,5.98354,-2.24521,-7.72372,1.08425,-4.14043,1.30331,,,,,,,,,,,,,,,,,,,,,,,,,,,,,,,,,,,,,,,,,,,,,,,,,,,High,High,High,,,,,,,,,,,,,,,,,,,,,,,,,,,,,,,,,,,,,,,
48,2026-05-29,12:31:46.55,5,1,"Colarusso, AJ",1000090794,Left,BOC_EAG,"Jaffe, Jordan",811757,Right,LIB_FLA,Undefined,2,Top,2,0,0,Cutter,Cutter,BallCalled,Undefined,Undefined,Undefined,0,0,,86.98538,-2.404678,0.840651,2306.978219,205.185558,12:45,5.68144,-1.70883,5.48336,-29.45895,7.60508,3.09449,0.97505,-0.66435,80.90033,-7.777148,1.392618,0.438175,,,,,,,,,,,,-1.37024,4.73288,1.6329,50,5.45022,-1.98416,-126.37564,-6.36347,-2.24493,22.59859,-24.41992,BOC_EAG,LIB_FLA,UGeorgia,D1,SEC,20260529-UGeorgia-1,e79dcea0-5b7b-11f1-8b41-2fa142449b60,86.02141,,,6.08504,,,,,,,f32c6353-0729-4132-b934-ffed9b5f81bf,2026-05-29,16:31:46.55,2026-05-29T12:31:46.5528320-04:00,2026-05-29T16:31:46.5528320Z,,v3,227,471336,,"Johnson, Gunnar",1000100233,Right,BOC_EAG,ebe9bcad-accd-4b0c-8e55-de5f85fc6f5f,55.01901,-127.26997,11.29929,5.68293,-5.39705,-12.20996,1.70967,-1.89532,-1.12247,,,,,,,,,,,,,,,,,,,,,,,,,,,,,,,,,,,,,,,,,,,,,,,,,,,High,High,High,,,,,,,,,,,,,,,,,,,,,,,,,,,,,,,,,,,,,,,
49,2026-05-29,12:32:19.85,5,2,"Colarusso, AJ",1000090794,Left,BOC_EAG,"Jaffe, Jordan",811757,Right,LIB_FLA,Undefined,2,Top,2,1,0,ChangeUp,Changeup,FoulBallNotFieldable,Undefined,Undefined,Undefined,0,0,,84.05759,-1.663362,2.529826,1661.004438,106.831632,9:30,5.78858,-1.38555,5.54678,-33.29813,6.63685,-17.91954,1.45731,-0.5131,77.49651,-7.763978,-0.668087,0.454829,58.88923,-24.727063,-56.547816,,,,,4.96989,4.96989,-28.754469,0.044045,9.81493,4.14299,1.17885,50,5.62213,-4.66753,-122.0179,-4.69123,14.85668,23.10193,-25.90288,BOC_EAG,LIB_FLA,UGeorgia,D1,SEC,20260529-UGeorgia-1,fb735260-5b7b-11f1-8b41-2fa142449b60,82.87167,1.5965,,6.56108,,,,2.44605,1.5965,0.50165,f32c6353-0729-4132-b934-ffed9b5f81bf,2026-05-29,16:32:19.85,2026-05-29T12:32:19.8547456-04:00,2026-05-29T16:32:19.8547456Z,GroundBall,v3,227,471336,,"Johnson, Gunnar",1000100233,Right,BOC_EAG,a9392673-5131-4480-a213-031f52cdabae,54.95633,-122.95271,11.55096,5.79075,-3.64307,-12.95144,1.37988,-5.2687,7.42834,,2.44504,43.38717,,,,,,,,1.59734,-36.24677,,,,,,,,0.50317,-65.66987,,,,,,,,,,,,,,,,,,,,,,,,,,,,,,High,High,High,Estimated,Estimated,,,,,,,,,,,,,,,,,,,,,,,,,,,,,,,,,,,,,
50,2026-05-29,12:33:06.32,5,3,"Colarusso, AJ",1000090794,Left,BOC_EAG,"Jaffe, Jordan",811757,Right,LIB_FLA,Undefined,2,Top,2,1,1,FourSeamFastBall,Four-Seam,FoulBallNotFieldable,Undefined,Undefined,Undefined,0,0,,90.80034,-1.397501,1.298507,2174.706666,170.431625,11:45,5.8747,-1.1974,5.38262,-15.63934,18.63225,-2.97095,3.26081,-0.22755,83.56884,-4.339678,0.770522,0.421346,85.82335,46.857656,49.836297,4115.645704,,,,,89.55466,,,1.8341,10.0563,1.08343,50,5.73895,-2.85678,-131.883,-3.73088,3.25728,25.85007,-14.3143,BOC_EAG,LIB_FLA,UGeorgia,D1,SEC,20260529-UGeorgia-1,1722b960-5b7c-11f1-8b41-2fa142449b60,89.45726,84.10534,,7.23149,,,,1.05573,3.47355,0.26589,f32c6353-0729-4132-b934-ffed9b5f81bf,2026-05-29,16:33:06.32,2026-05-29T12:33:06.3227392-04:00,2026-05-29T16:33:06.3227392Z,,v3,227,471336,,"Johnson, Gunnar",1000100233,Right,BOC_EAG,799f9cd9-10e7-42e5-8d4c-b7c85e31518a,55.11899,-132.88258,12.92504,5.87252,-3.17737,-7.15715,1.19633,-2.98273,1.62864,,1.05573,55.51542,-17.53633,4.58995,-0.47219,-1.28979,1.78253,-1.03244,0.22632,3.47355,91.84492,-24.26841,2.52525,-0.6443,0.58104,-0.63188,0.35856,-0.07877,0.26589,65.77844,-5.93299,0.8088,-0.2036,0.34785,-0.42591,0.24616,-0.05438,,,,,,,,,,,,,,,,,,,,,,,High,High,High,High,Undefined,,,,,,,,,,,,,,,,,,,,,,,,,,,,,,,,,,,,,
51,2026-05-29,12:33:45.68,5,4,"Colarusso, AJ",1000090794,Left,BOC_EAG,"Jaffe, Jordan",811757,Right,LIB_FLA,Undefined,2,Top,2,1,2,FourSeamFastBall,Four-Seam,BallCalled,Undefined,Undefined,Undefined,1,0,,90.70285,0.451369,0.034363,2093.525011,146.442157,11:00,5.90915,-1.30365,5.4847,-18.62127,15.9117,-9.82335,4.7797,-2.09011,82.57858,-3.056214,-1.71499,0.422949,,,,,,,,,,,,4.92551,8.2078,1.30732,50,5.93632,0.37437,-131.65041,0.42273,8.62854,28.42869,-17.79564,BOC_EAG,LIB_FLA,UGeorgia,D1,SEC,20260529-UGeorgia-1,2e967280-5b7c-11f1-8b41-2fa142449b60,89.11809,,,8.12427,,,,,,,f32c6353-0729-4132-b934-ffed9b5f81bf,2026-05-29,16:33:45.68,2026-05-29T12:33:45.6850000-04:00,2026-05-29T16:33:45.6850000Z,,v3,227,471336,,"Johnson, Gunnar",1000100233,Right,BOC_EAG,36ece3e8-956b-4d7c-8429-6bb8d7e3ea1f,55.01356,-132.72863,14.21434,5.90749,1.09766,-8.89782,1.29933,0.04711,4.31427,,,,,,,,,,,,,,,,,,,,,,,,,,,,,76.09097,2.884994,1.505843,1.37915,-2.39724,4.56617,2.20844,-2.12823,5.44823,5.17982,127.28776,3.34289,-2.02814,-1.9351,108.23035,-10.74473,5.47377,14.91583,-11.97093,5.15828,-6.62157,1.04577,High,High,High,,,High,High,High,,,,,,,,,,,,,,,,,,,,,,,,,,,,,,,,,,
52,2026-05-29,12:36:21.09,1,1,"Blair, Benjamin",1000115932,Right,LIB_FLA,"Wolff, Kyle",813479,Right,BOC_EAG,Undefined,2,Bottom,0,0,0,Sinker,Sinker,StrikeSwinging,Undefined,Undefined,Undefined,0,0,,94.76097,-0.392584,-4.528917,2482.621851,238.072417,2:00,4.83318,2.85072,6.21647,-20.34147,10.42532,15.20013,2.77462,-0.07084,86.66025,-4.221977,-1.795802,0.39922,,,,,,,,,,,,-9.05461,5.79705,-2.5179,50,4.79343,10.22198,-137.39259,-1.608,-17.36474,29.49898,-21.05663,BOC_EAG,LIB_FLA,UGeorgia,D1,SEC,20260529-UGeorgia-1,8b425ad0-5b7c-11f1-8b41-2fa142449b60,94.41516,,,8.10072,,,,,,,f32c6353-0729-4132-b934-ffed9b5f81bf,2026-05-29,16:36:21.09,2026-05-29T12:36:21.0934272-04:00,2026-05-29T16:36:21.0934272Z,,v3,227,471336,,"Hvidsten, Kyle",1000230326,Right,LIB_FLA,694e31a2-8850-40f0-83c2-b0894247e21c,54.28446,-138.30943,14.74949,4.83324,-0.95356,-10.52831,-2.844,10.76168,-8.68237,,,,,,,,,,,,,,,,,,,,,,,,,,,,,,,,,,,,,,,,,,,,,,,,,,,High,High,High,,,,,,,,,,,,,,,,,,,,,,,,,,,,,,,,,,,,,,,
53,2026-05-29,12:36:37.93,1,2,"Blair, Benjamin",1000115932,Right,LIB_FLA,"Wolff, Kyle",813479,Right,BOC_EAG,Undefined,2,Bottom,0,0,1,FourSeamFastBall,Four-Seam,FoulBallNotFieldable,Undefined,Undefined,Undefined,0,0,,95.78677,-0.230416,-3.994062,2473.303792,218.64445,1:15,4.845,2.87322,6.28903,-15.36906,14.93993,11.12056,3.35138,0.1131,86.66878,-3.1868,-1.990661,0.396239,,,,,,,,,,,,-6.81402,8.06973,-2.58272,50,4.82008,9.16837,-138.76416,-0.98692,-13.20018,32.92696,-16.54134,BOC_EAG,LIB_FLA,UGeorgia,D1,SEC,20260529-UGeorgia-1,95576100-5b7c-11f1-8b41-2fa142449b60,95.1255,,,9.11799,,,,,,,f32c6353-0729-4132-b934-ffed9b5f81bf,2026-05-29,16:36:37.93,2026-05-29T12:36:37.9360768-04:00,2026-05-29T16:36:37.9360768Z,,v3,227,471336,,"Hvidsten, Kyle",1000230326,Right,LIB_FLA,946c3011-7853-4bb9-acdf-13bfb8ddfb3c,54.20594,-139.75861,16.46348,4.84234,-0.48734,-8.27067,-2.86564,9.56704,-6.60009,,,,,,,,,,,,,,,,,,,,,,,,,,,,,,,,,,,,,,,,,,,,,,,,,,,High,High,High,,,,,,,,,,,,,,,,,,,,,,,,,,,,,,,,,,,,,,,
54,2026-05-29,12:37:08.27,1,3,"Blair, Benjamin",1000115932,Right,LIB_FLA,"Wolff, Kyle",813479,Right,BOC_EAG,Undefined,2,Bottom,0,0,2,FourSeamFastBall,Sinker,BallCalled,Undefined,Undefined,Undefined,0,0,,95.06245,-0.684969,-5.59177,2539.773577,235.849707,1:45,5.16754,2.54406,6.68719,-18.57781,11.32631,15.4191,2.98987,-1.30174,87.50097,-4.208542,-2.802211,0.393584,,,,,,,,,,,,-9.52079,6.41729,-2.17542,50,5.11398,12.87709,-137.798,-2.19751,-18.49737,27.62548,-19.70633,BOC_EAG,LIB_FLA,UGeorgia,D1,SEC,20260529-UGeorgia-1,a75d7bf0-5b7c-11f1-8b41-2fa142449b60,95.76731,,,7.56148,,,,,,,f32c6353-0729-4132-b934-ffed9b5f81bf,2026-05-29,16:37:08.27,2026-05-29T12:37:08.2744832-04:00,2026-05-29T16:37:08.2744832Z,,v3,227,471336,,"Hvidsten, Kyle",1000230326,Right,LIB_FLA,4d36d0c9-2def-44c1-a478-1cf85c769378,53.81538,-138.56079,13.81274,5.16714,-1.65339,-9.85317,-2.53803,13.38784,-9.24868,,,,,,,,,,,,,,,,,,,,,,,,,,,,,,,,,,,,,,,,,,,,,,,,,,,High,High,High,,,,,,,,,,,,,,,,,,,,,,,,,,,,,,,,,,,,,,,
55,2026-05-29,12:37:25.25,1,4,"Blair, Benjamin",1000115932,Right,LIB_FLA,"Wolff, Kyle",813479,Right,BOC_EAG,Undefined,2,Bottom,0,1,2,Slider,Slider,InPlay,Undefined,FlyBall,Out,1,0,,85.05586,0.237913,-2.909716,2461.659534,100.064656,9:15,4.96841,2.86321,6.30443,-34.44344,3.51225,-13.5215,2.3176,-0.94665,78.381,-6.151795,-5.348283,0.443414,96.34023,39.553882,-8.608988,4145.505119,109.33731,91.22102,-12.05511,318.24545,316.01396,-3.507145,6.233783,6.29402,2.07508,-2.64307,50,4.96925,6.78001,-123.59113,-0.55285,9.74761,24.33662,-28.96038,BOC_EAG,LIB_FLA,UGeorgia,D1,SEC,20260529-UGeorgia-1,b17c4620-5b7c-11f1-8b41-2fa142449b60,85.00498,129.91002,,6.67487,,,,2.14743,2.36358,0.87125,f32c6353-0729-4132-b934-ffed9b5f81bf,2026-05-29,16:37:25.25,2026-05-29T12:37:25.2518912-04:00,2026-05-29T16:37:25.2518912Z,FlyBall,v3,227,471336,,"Hvidsten, Kyle",1000230326,Right,LIB_FLA,65a51417-ec5c-47be-8fc5-d589c44e1e34,54.19841,-124.4151,12.16831,4.97137,0.42767,-14.48019,-2.86703,6.44998,4.87381,187.915914,2.15678,107.54929,-25.53922,5.61349,-0.73125,0.01978,0.00914,-0.00124,5E-05,2.35785,90.07295,-17.88242,1.08569,-0.2244,0.03191,0.00054,-0.00058,4E-05,0.86916,-16.26672,6.62918,-1.6391,0.24203,-0.01307,-0.00191,0.00034,-2E-05,,,,,,,,,,,,,,,,,,,,,,,High,High,High,High,Medium,,,,,,,,,,,,,,,,,,,,,,,,,,,,,,,,,,,,,
56,2026-05-29,12:38:00.33,2,1,"Blair, Benjamin",1000115932,Right,LIB_FLA,"Johnson, Gunnar",1000100233,Right,BOC_EAG,Undefined,2,Bottom,1,0,0,Sinker,Sinker,FoulBallNotFieldable,Undefined,Undefined,Undefined,0,0,,94.9572,0.049418,-3.480257,2419.817683,244.395632,2:15,4.75998,2.87354,6.36596,-21.52226,8.81264,16.48229,3.01201,1.04045,87.02775,-4.00176,-0.501751,0.396408,76.70573,11.73808,156.135032,3952.282951,-106.3553,8.06224,28.08081,143.26284,43.8524,167.514074,1.600564,-9.51599,4.86024,-2.62893,50,4.75342,7.69724,-137.93026,-0.57975,-18.41401,29.39587,-22.76916,BOC_EAG,LIB_FLA,UGeorgia,D1,SEC,20260529-UGeorgia-1,c6611700-5b7c-11f1-8b41-2fa142449b60,95.08489,10.98195,,7.92945,,,,-0.3236,2.91643,-1.28157,f32c6353-0729-4132-b934-ffed9b5f81bf,2026-05-29,16:38:00.33,2026-05-29T12:38:00.3365888-04:00,2026-05-29T16:38:00.3365888Z,LineDrive,v3,227,471336,,"Hvidsten, Kyle",1000230326,Right,LIB_FLA,4a41e3b4-ffa4-43e2-ab34-4ffe8665dda3,54.13622,-138.80897,14.69793,4.76058,0.10088,-11.38458,-2.86725,8.24768,-9.207,266.650372,-0.39318,-100.19796,8.18318,,,,,,,3.07369,21.55084,-14.72069,,,,,,,-0.69347,39.36334,-12.42185,,,,,,,,,,,,,,,,,,,,,,,,,,,,,High,High,High,High,Low,,,,,,,,,,,,,,,,,,,,,,,,,,,,,,,,,,,,,
57,2026-05-29,12:38:19.61,2,2,"Blair, Benjamin",1000115932,Right,LIB_FLA,"Johnson, Gunnar",1000100233,Right,BOC_EAG,Undefined,2,Bottom,1,0,1,Sinker,Sinker,BallCalled,Undefined,Undefined,Undefined,0,0,,95.12425,0.486571,-3.609373,2479.604351,246.059023,2:15,4.7286,2.91153,6.31921,-21.5784,8.80394,17.70237,3.37946,1.05789,86.86346,-3.578362,-0.414027,0.396718,,,,,,,,,,,,-10.12249,4.73776,-2.65492,50,4.75394,7.94037,-138.08574,0.46665,-19.57874,30.24364,-23.01038,BOC_EAG,LIB_FLA,UGeorgia,D1,SEC,20260529-UGeorgia-1,d1e564a0-5b7c-11f1-8b41-2fa142449b60,95.01059,,,8.26079,,,,,,,f32c6353-0729-4132-b934-ffed9b5f81bf,2026-05-29,16:38:19.61,2026-05-29T12:38:19.6184064-04:00,2026-05-29T16:38:19.6184064Z,,v3,227,471336,,"Hvidsten, Kyle",1000230326,Right,LIB_FLA,a35bdaeb-af8e-4286-b371-60cd64199b8c,54.18168,-138.9986,15.12182,4.72937,1.16118,-11.50519,-2.9035,8.53132,-9.78937,,,,,,,,,,,,,,,,,,,,,,,,,,,,,,,,,,,,,,,,,,,,,,,,,,,High,High,High,,,,,,,,,,,,,,,,,,,,,,,,,,,,,,,,,,,,,,,
58,2026-05-29,12:38:35.42,2,3,"Blair, Benjamin",1000115932,Right,LIB_FLA,"Johnson, Gunnar",1000100233,Right,BOC_EAG,Undefined,2,Bottom,1,1,1,Sinker,Sinker,BallCalled,Undefined,Undefined,Undefined,0,0,,95.62192,0.825349,-3.042667,2443.81088,245.320783,2:15,4.76704,2.92762,6.46226,-21.48525,8.23642,16.0345,3.73586,1.46634,87.77468,-3.222234,-0.138542,0.392381,,,,,,,,,,,,-9.12174,4.37071,-2.7189,50,4.81577,6.70696,-138.97388,1.30985,-17.96443,29.10316,-23.56635,BOC_EAG,LIB_FLA,UGeorgia,D1,SEC,20260529-UGeorgia-1,db4b8d30-5b7c-11f1-8b41-2fa142449b60,96.06086,,,7.84723,,,,,,,f32c6353-0729-4132-b934-ffed9b5f81bf,2026-05-29,16:38:35.42,2026-05-29T12:38:35.4294272-04:00,2026-05-29T16:38:35.4294272Z,,v3,227,471336,,"Hvidsten, Kyle",1000230326,Right,LIB_FLA,211c588b-5b4b-4d65-899e-3664c8f9674b,54.03931,-139.81721,14.55158,4.76792,1.99274,-11.78317,-2.92079,7.22752,-8.98221,,,,,,,,,,,,,,,,,,,,,,,,,,,,,,,,,,,,,,,,,,,,,,,,,,,High,High,High,,,,,,,,,,,,,,,,,,,,,,,,,,,,,,,,,,,,,,,
59,2026-05-29,12:38:52.33,2,4,"Blair, Benjamin",1000115932,Right,LIB_FLA,"Johnson, Gunnar",1000100233,Right,BOC_EAG,Undefined,2,Bottom,1,2,1,Sinker,Sinker,InPlay,Undefined,GroundBall,Out,1,0,,95.78477,-0.389634,-3.439873,2434.213715,244.974961,2:15,4.74748,2.84264,6.35785,-20.64415,9.24347,17.8208,2.66787,1.1579,87.61671,-4.282333,-0.219181,0.393475,44.15913,-30.901023,-7.508516,,,,,5.18002,5.18002,-19.435078,0.077546,-10.23095,5.20272,-2.60114,50,4.70945,7.60704,-139.11078,-1.61879,-20.08732,30.63682,-21.95906,BOC_EAG,LIB_FLA,UGeorgia,D1,SEC,20260529-UGeorgia-1,e5610890-5b7c-11f1-8b41-2fa142449b60,95.79375,2.60405,,8.16806,,,,0.57129,2.60405,-1.15505,f32c6353-0729-4132-b934-ffed9b5f81bf,2026-05-29,16:38:52.33,2026-05-29T12:38:52.3365376-04:00,2026-05-29T16:38:52.3365376Z,GroundBall,v3,227,471336,,"Hvidsten, Kyle",1000230326,Right,LIB_FLA,20ee1223-22df-4030-9646-18c3cbb7ffbb,54.14435,-140.02052,15.31841,4.74784,-0.96673,-10.97953,-2.83589,8.20353,-10.04366,,0.56468,55.62632,,,,,,,,2.60804,-33.58096,,,,,,,,-1.15418,-7.33176,,,,,,,,,,,,,,,,,,,,,,,,,,,,,,High,High,High,Estimated,Estimated,,,,,,,,,,,,,,,,,,,,,,,,,,,,,,,,,,,,,
60,2026-05-29,12:39:30.45,3,1,"Blair, Benjamin",1000115932,Right,LIB_FLA,"Larson, Colin",831502,Left,BOC_EAG,Undefined,2,Bottom,2,0,0,Slider,Slider,FoulBallNotFieldable,Undefined,Undefined,Undefined,0,0,,85.59157,0.359246,-2.561621,2472.087278,87.136845,9:00,4.87041,3.12927,6.27687,-37.3227,0.35996,-15.89922,2.09167,-0.55853,78.566,-6.553559,-5.429798,0.441817,,,,,,,,,,,,7.55063,0.42032,-2.93244,50,4.87894,6.16603,-124.35058,-0.41259,11.77621,25.85451,-31.51849,BOC_EAG,LIB_FLA,UGeorgia,D1,SEC,20260529-UGeorgia-1,fc20b3f0-5b7c-11f1-8b41-2fa142449b60,85.31235,,,7.02557,,,,,,,f32c6353-0729-4132-b934-ffed9b5f81bf,2026-05-29,16:39:30.45,2026-05-29T12:39:30.4585216-04:00,2026-05-29T16:39:30.4585216Z,,v3,227,471336,,"Hvidsten, Kyle",1000230326,Right,LIB_FLA,80528829-9d32-4717-81f1-7a05da377b17,54.22555,-125.22606,12.92726,4.87485,0.65468,-15.75925,-3.13449,5.76726,5.88811,,,,,,,,,,,,,,,,,,,,,,,,,,,,,,,,,,,,,,,,,,,,,,,,,,,High,High,High,,,,,,,,,,,,,,,,,,,,,,,,,,,,,,,,,,,,,,,
61,2026-05-29,12:39:49.61,3,2,"Blair, Benjamin",1000115932,Right,LIB_FLA,"Larson, Colin",831502,Left,BOC_EAG,Undefined,2,Bottom,2,0,1,FourSeamFastBall,Sinker,BallCalled,Undefined,Undefined,Undefined,0,0,,96.439,0.222715,-5.090571,2579.460657,236.933748,2:00,5.07602,2.7182,6.48334,-17.60588,11.88556,16.82741,3.81417,-0.56597,87.91383,-3.129035,-2.053981,0.390858,,,,,,,,,,,,-10.12619,6.42926,-2.3661,50,5.08374,11.72233,-139.7474,0.01588,-20.05645,31.02928,-19.43991,BOC_EAG,LIB_FLA,UGeorgia,D1,SEC,20260529-UGeorgia-1,07836fd0-5b7d-11f1-8b41-2fa142449b60,96.43506,,,8.52517,,,,,,,f32c6353-0729-4132-b934-ffed9b5f81bf,2026-05-29,16:39:49.61,2026-05-29T12:39:49.6177664-04:00,2026-05-29T16:39:49.6177664Z,,v3,227,471336,,"Hvidsten, Kyle",1000230326,Right,LIB_FLA,21253d51-5f9f-4cd7-800b-6c5833ec6e4e,54.01725,-140.63656,15.51464,5.07531,0.57294,-9.71996,-2.71024,12.29705,-10.02823,,,,,,,,,,,,,,,,,,,,,,,,,,,,,,,,,,,,,,,,,,,,,,,,,,,High,High,High,,,,,,,,,,,,,,,,,,,,,,,,,,,,,,,,,,,,,,,
62,2026-05-29,12:40:04.64,3,3,"Blair, Benjamin",1000115932,Right,LIB_FLA,"Larson, Colin",831502,Left,BOC_EAG,Undefined,2,Bottom,2,1,1,Sinker,Sinker,StrikeSwinging,Undefined,Undefined,Undefined,0,0,,94.91101,-0.138628,-5.023368,2509.349735,244.219205,2:15,5.04415,2.87252,6.55756,-21.45092,8.91477,16.46737,3.12898,-0.37294,86.60277,-4.194371,-2.046286,0.396609,,,,,,,,,,,,-9.98449,5.01036,-2.53142,50,5.02538,11.40755,-137.56966,-1.00144,-19.15094,30.26793,-22.5638,BOC_EAG,LIB_FLA,UGeorgia,D1,SEC,20260529-UGeorgia-1,108afda0-5b7d-11f1-8b41-2fa142449b60,95.03668,,,8.30824,,,,,,,f32c6353-0729-4132-b934-ffed9b5f81bf,2026-05-29,16:40:04.64,2026-05-29T12:40:04.6411776-04:00,2026-05-29T16:40:04.6411776Z,,v3,227,471336,,"Hvidsten, Kyle",1000230326,Right,LIB_FLA,51a82b5d-fc8d-4bfe-b1d9-05e48b46f6e2,53.94357,-138.4346,15.13397,5.04479,-0.35665,-11.2819,-2.86522,11.95481,-9.57547,,,,,,,,,,,,,,,,,,,,,,,,,,,,,,,,,,,,,,,,,,,,,,,,,,,High,High,High,,,,,,,,,,,,,,,,,,,,,,,,,,,,,,,,,,,,,,,
63,2026-05-29,12:40:21.27,3,4,"Blair, Benjamin",1000115932,Right,LIB_FLA,"Larson, Colin",831502,Left,BOC_EAG,Undefined,2,Bottom,2,1,2,FourSeamFastBall,Four-Seam,StrikeSwinging,Strikeout,Undefined,Undefined,0,0,,97.23792,0.09326,-3.586443,2541.227664,227.459515,1:30,4.80112,3.08865,6.60401,-16.13454,12.69131,12.83485,3.54217,0.86844,88.59049,-3.00035,-1.258103,0.386422,,,,,,,,,,,,-7.728,6.91587,-2.8486,50,4.80052,8.30589,-141.17794,-0.23302,-15.58042,32.4591,-18.23101,BOC_EAG,LIB_FLA,UGeorgia,D1,SEC,20260529-UGeorgia-1,1a64a880-5b7d-11f1-8b41-2fa142449b60,97.54205,,,8.64743,,,,,,,f32c6353-0729-4132-b934-ffed9b5f81bf,2026-05-29,16:40:21.27,2026-05-29T12:40:21.2794368-04:00,2026-05-29T16:40:21.2794368Z,,v3,227,471336,,"Hvidsten, Kyle",1000230326,Right,LIB_FLA,dd014e88-1e9e-42d6-9cf6-e5d41eda7b53,53.89638,-142.07096,16.22955,4.80003,0.26856,-9.11551,-3.08301,8.73454,-7.79021,,,,,,,,,,,,,,,,,,,,,,,,,,,,,,,,,,,,,,,,,,,,,,,,,,,High,High,High,,,,,,,,,,,,,,,,,,,,,,,,,,,,,,,,,,,,,,,
64,2026-05-29,12:42:43.04,1,1,"Colarusso, AJ",1000090794,Left,BOC_EAG,"Jaffe, Jordan",811757,Right,LIB_FLA,Undefined,3,Top,0,0,0,Curveball,Curveball,FoulBallNotFieldable,Undefined,Undefined,Undefined,0,0,,75.79097,1.834498,1.109831,2602.386995,291.320633,3:45,5.89622,-1.36799,4.96388,-53.99456,-3.81662,13.56265,3.13066,0.81083,69.96287,-7.901256,3.502798,0.509833,107.40603,24.296787,-38.129865,2277.655053,83.70379,45.12913,-71.36983,378.00391,306.02045,-49.162431,4.200319,-6.48508,-2.04036,1.24863,50,6.02879,-2.65916,-110.02112,1.64735,-7.97532,18.91264,-34.68327,BOC_EAG,LIB_FLA,UGeorgia,D1,SEC,20260529-UGeorgia-1,6ef02eb0-5b7d-11f1-8b41-2fa142449b60,73.93097,63.22634,,5.8281,,,,2.92098,3.40887,-0.72234,f32c6353-0729-4132-b934-ffed9b5f81bf,2026-05-29,16:42:43.04,2026-05-29T12:42:43.0498816-04:00,2026-05-29T16:42:43.0498816Z,FlyBall,v3,227,471336,,"Johnson, Gunnar",1000100233,Right,BOC_EAG,4d888fd4-d80c-434e-a54d-8920fabdfa83,55.54041,-110.96943,9.45632,5.90259,3.38643,-17.34164,1.37194,-2.25926,-3.98766,,2.92125,112.93473,-26.4295,6.52842,-1.64508,0.4004,-0.0774,0.00912,-0.00046,3.40873,64.81742,-20.26251,1.87573,-0.26789,0.00418,0.00774,-0.0011,4E-05,-0.72224,-88.6497,8.29959,-1.29137,0.1155,0.03171,-0.01565,0.00268,-0.00017,,,,,,,,,,,,,,,,,,,,,,,High,High,High,High,Medium,,,,,,,,,,,,,,,,,,,,,,,,,,,,,,,,,,,,,
65,2026-05-29,12:43:03.83,1,2,"Colarusso, AJ",1000090794,Left,BOC_EAG,"Jaffe, Jordan",811757,Right,LIB_FLA,Undefined,3,Top,0,0,1,Cutter,Slider,FoulBallNotFieldable,Undefined,Undefined,Undefined,0,0,,86.21196,-0.37208,1.441536,2363.688046,217.929328,1:15,5.68529,-1.54202,5.57596,-31.45923,5.99555,3.9,2.71604,0.12969,80.18949,-6.130636,2.137475,0.440479,71.54324,54.445039,71.840659,4850.856099,,,,,65.06062,,,-1.655,3.41721,1.41522,50,5.63235,-3.31502,-125.39003,-1.92458,-2.67601,21.64717,-26.64867,BOC_EAG,LIB_FLA,UGeorgia,D1,SEC,20260529-UGeorgia-1,7b542df0-5b7d-11f1-8b41-2fa142449b60,85.57149,71.03379,,6.02247,,,,1.54299,2.7296,-0.12498,f32c6353-0729-4132-b934-ffed9b5f81bf,2026-05-29,16:43:03.83,2026-05-29T12:43:03.8379520-04:00,2026-05-29T16:43:03.8379520Z,,v3,227,471336,,"Johnson, Gunnar",1000100233,Right,BOC_EAG,9afb25d0-72f1-4846-a8b6-943e2af43e3e,54.92709,-126.23778,10.82359,5.68728,-0.88097,-13.32433,1.54299,-3.21022,-1.33801,,1.54299,19.0159,-8.50375,2.39431,-0.5411,0.06721,0.05724,-0.05881,0.01766,2.7296,85.36655,-25.85972,2.88731,-0.56529,0.06716,0.02506,-0.0255,0.007,-0.12498,57.9761,-3.22776,0.09979,0.07036,-0.02931,-0.00184,0.00942,-0.00375,,,,,,,,,,,,,,,,,,,,,,,High,High,High,Medium,Undefined,,,,,,,,,,,,,,,,,,,,,,,,,,,,,,,,,,,,,
66,2026-05-29,12:43:20.72,1,3,"Colarusso, AJ",1000090794,Left,BOC_EAG,"Jaffe, Jordan",811757,Right,LIB_FLA,Undefined,3,Top,0,0,2,FourSeamFastBall,Four-Seam,FoulBallNotFieldable,Undefined,Undefined,Undefined,0,0,,91.9363,-1.961366,1.775146,2192.361124,157.214177,11:15,5.89833,-1.13599,5.7253,-12.58635,20.46218,-8.1813,3.02102,-0.16383,84.53229,-4.372539,0.312294,0.413759,75.07306,18.936018,162.899901,1111.934303,,,,,42.60016,,,4.64386,11.24989,0.99299,50,5.72687,-3.78244,-133.52826,-4.93416,8.44658,26.75148,-11.71198,BOC_EAG,LIB_FLA,UGeorgia,D1,SEC,20260529-UGeorgia-1,8558e070-5b7d-11f1-8b41-2fa142449b60,91.09755,14.67509,,7.40401,,,,0.9507,2.95081,0.11277,f32c6353-0729-4132-b934-ffed9b5f81bf,2026-05-29,16:43:20.72,2026-05-29T12:43:20.7211008-04:00,2026-05-29T16:43:20.7211008Z,,v3,227,471336,,"Johnson, Gunnar",1000100233,Right,BOC_EAG,df9d452e-c499-4b67-bdc7-5ccfff170551,54.77648,-134.4818,13.37574,5.89531,-4.5167,-5.85599,1.13318,-4.08351,4.22329,287.915234,0.94768,-99.45171,7.77179,,,,,,,2.95713,35.53728,-19.84235,,,,,,,0.11878,30.43894,-7.46659,,,,,,,,,,,,,,,,,,,,,,,,,,,,,High,High,High,High,Undefined,,,,,,,,,,,,,,,,,,,,,,,,,,,,,,,,,,,,,
67,2026-05-29,12:43:37.49,1,4,"Colarusso, AJ",1000090794,Left,BOC_EAG,"Jaffe, Jordan",811757,Right,LIB_FLA,Undefined,3,Top,0,0,2,FourSeamFastBall,Four-Seam,StrikeSwinging,Strikeout,Undefined,Undefined,0,0,,91.57894,-0.783194,1.8094,2127.479911,150.290064,11:00,5.77012,-1.36111,5.7428,-15.36658,17.66954,-9.56654,3.75992,-0.473,84.71622,-3.683343,0.098223,0.413681,,,,,,,,,,,,5.29433,9.47075,1.21646,50,5.69546,-3.78704,-133.15027,-2.29789,9.64641,24.59264,-14.91803,BOC_EAG,LIB_FLA,UGeorgia,D1,SEC,20260529-UGeorgia-1,8f5a85b0-5b7d-11f1-8b41-2fa142449b60,91.11468,,,6.86272,,,,,,,f32c6353-0729-4132-b934-ffed9b5f81bf,2026-05-29,16:43:37.49,2026-05-29T12:43:37.4970000-04:00,2026-05-29T16:43:37.4970000Z,,v3,227,471336,,"Johnson, Gunnar",1000100233,Right,BOC_EAG,d1b4a17f-7b40-4319-af51-39197f679905,54.75868,-134.02631,12.29632,5.76785,-1.76648,-7.45902,1.35748,-4.13067,4.82321,,,,,,,,,,,,,,,,,,,,,,,,,,,,,56.1475,2.427868,1.152819,1.275049,-1.594,3.56108,0.47037,-5.64524,4.05733,3.79904,71.78791,7.7109,53.01429,-5.54605,67.03395,-4.99011,4.16349,22.54348,-15.4785,3.80048,40.11719,-1.19194,High,High,High,,,High,High,High,,,,,,,,,,,,,,,,,,,,,,,,,,,,,,,,,,
68,2026-05-29,12:44:03.96,2,1,"Colarusso, AJ",1000090794,Left,BOC_EAG,"Sorenson, Jaxon",701641,Left,LIB_FLA,Undefined,3,Top,1,0,0,Cutter,Slider,StrikeCalled,Undefined,Undefined,Undefined,0,0,,84.45071,0.323474,1.661469,2259.69018,231.310383,1:45,5.64585,-1.50776,5.43038,-33.97199,5.30796,5.32599,3.11794,0.49259,78.47907,-5.878227,2.608718,0.451083,,,,,,,,,,,,-2.30146,2.92205,1.35664,50,5.65077,-3.78206,-122.77678,-0.51628,-3.567,20.80618,-27.6452,BOC_EAG,LIB_FLA,UGeorgia,D1,SEC,20260529-UGeorgia-1,9f2863e0-5b7d-11f1-8b41-2fa142449b60,83.55982,,,5.97163,,,,,,,f32c6353-0729-4132-b934-ffed9b5f81bf,2026-05-29,16:44:03.96,2026-05-29T12:44:03.9601664-04:00,2026-05-29T16:44:03.9601664Z,,v3,227,471336,,"Johnson, Gunnar",1000100233,Right,BOC_EAG,d75bdb8f-35f3-4741-83eb-47c4eb1066fe,55.07194,-123.6333,10.40309,5.64861,0.62178,-13.8226,1.50931,-3.63522,-1.7835,,,,,,,,,,,,,,,,,,,,,,,,,,,,,,,,,,,,,,,,,,,,,,,,,,,High,High,High,,,,,,,,,,,,,,,,,,,,,,,,,,,,,,,,,,,,,,,
69,2026-05-29,12:44:18.45,2,2,"Colarusso, AJ",1000090794,Left,BOC_EAG,"Sorenson, Jaxon",701641,Left,LIB_FLA,Undefined,3,Top,1,0,1,FourSeamFastBall,Four-Seam,FoulBallNotFieldable,Undefined,Undefined,Undefined,0,0,,88.59064,-0.667789,1.600835,2006.477065,158.456546,11:15,5.94245,-0.90951,5.77233,-16.12702,19.21847,-7.19461,3.97681,-0.01894,81.76798,-3.720899,0.313147,0.427896,72.15843,72.906012,-150.00263,4616.675431,,,,,30.99064,,,4.08457,10.3015,0.78167,50,5.87754,-3.30156,-128.80288,-1.98287,6.94212,23.81793,-14.66557,BOC_EAG,LIB_FLA,UGeorgia,D1,SEC,20260529-UGeorgia-1,a7c792f0-5b7d-11f1-8b41-2fa142449b60,88.0878,76.79052,,6.82266,,,,1.41562,3.70732,0.05507,f32c6353-0729-4132-b934-ffed9b5f81bf,2026-05-29,16:44:18.45,2026-05-29T12:44:18.4555520-04:00,2026-05-29T16:44:18.4555520Z,,v3,227,471336,,"Johnson, Gunnar",1000100233,Right,BOC_EAG,dec70458-13f4-4374-bfe9-e885cca7a5f7,54.72972,-129.67453,11.90897,5.94028,-1.44615,-7.33279,0.90715,-3.55562,3.47106,10.2733,1.41561,-26.93905,-5.63072,3.16345,-2.45798,3.33594,-2.93158,1.29615,-0.21953,3.70731,101.15769,-30.27385,4.09406,-1.27136,0.99598,-0.70228,0.23781,-0.02231,0.05507,-15.55329,3.1524,-0.83843,0.42348,-0.51302,0.42791,-0.17667,0.02671,,,,,,,,,,,,,,,,,,,,,,,High,High,High,High,Undefined,,,,,,,,,,,,,,,,,,,,,,,,,,,,,,,,,,,,,
70,2026-05-29,12:44:41.02,2,3,"Colarusso, AJ",1000090794,Left,BOC_EAG,"Sorenson, Jaxon",701641,Left,LIB_FLA,Undefined,3,Top,1,0,2,FourSeamFastBall,Four-Seam,BallCalled,Undefined,Undefined,Undefined,0,0,,90.04957,0.053822,2.157281,2125.828941,145.943119,10:45,5.91388,-1.03785,5.75684,-19.23615,15.20158,-9.58256,4.36101,0.1727,82.61746,-3.563395,0.443403,0.422366,,,,,,,,,,,,5.42713,8.03989,0.86469,50,5.90663,-4.50941,-130.79532,-0.49399,9.46051,25.96306,-18.15899,BOC_EAG,LIB_FLA,UGeorgia,D1,SEC,20260529-UGeorgia-1,b53c65f0-5b7d-11f1-8b41-2fa142449b60,89.24127,,,7.43211,,,,,,,f32c6353-0729-4132-b934-ffed9b5f81bf,2026-05-29,16:44:41.02,2026-05-29T12:44:41.0217472-04:00,2026-05-29T16:44:41.0217472Z,,v3,227,471336,,"Johnson, Gunnar",1000100233,Right,BOC_EAG,9b989ca6-921b-4bb2-95a5-016a25b77760,54.74334,-131.73351,12.98153,5.91263,0.1622,-9.0795,1.03382,-4.85127,4.73026,,,,,,,,,,,,,,,,,,,,,,,,,,,,,,,,,,,,,,,,,,,,,,,,,,,High,High,High,,,,,,,,,,,,,,,,,,,,,,,,,,,,,,,,,,,,,,,
71,2026-05-29,12:44:54.97,2,4,"Colarusso, AJ",1000090794,Left,BOC_EAG,"Sorenson, Jaxon",701641,Left,LIB_FLA,Undefined,3,Top,1,1,2,FourSeamFastBall,Four-Seam,FoulBallNotFieldable,Undefined,Undefined,Undefined,0,0,,90.08229,-1.501677,2.25902,2149.255212,157.307876,11:15,5.97803,-0.91734,5.68525,-15.58623,18.84021,-7.45705,3.27803,0.56801,82.96913,-4.449926,0.92724,0.422297,73.78869,21.129767,-163.03913,2583.591123,,,,,43.10759,,,4.37469,10.28205,0.73191,50,5.84184,-4.84092,-130.83353,-3.90855,7.65323,25.20334,-14.18627,BOC_EAG,LIB_FLA,UGeorgia,D1,SEC,20260529-UGeorgia-1,bd8b0400-5b7d-11f1-8b41-2fa142449b60,89.25585,16.80888,,7.11316,,,,1.1281,3.11441,-0.39877,f32c6353-0729-4132-b934-ffed9b5f81bf,2026-05-29,16:44:54.97,2026-05-29T12:44:54.9779456-04:00,2026-05-29T16:44:54.9779456Z,,v3,227,471336,,"Johnson, Gunnar",1000100233,Right,BOC_EAG,efa7ac5d-a3dc-41f1-8b8c-9e176ebebcbe,54.8163,-131.75806,12.60167,5.97568,-3.38816,-7.09314,0.91464,-5.12166,3.82662,81.651477,1.12791,-96.55228,6.23087,,,,,,,3.12018,38.84376,-19.40417,,,,,,,-0.4106,-29.10083,12.00131,,,,,,,,,,,,,,,,,,,,,,,,,,,,,High,High,High,High,Undefined,,,,,,,,,,,,,,,,,,,,,,,,,,,,,,,,,,,,,
72,2026-05-29,12:45:13.75,2,5,"Colarusso, AJ",1000090794,Left,BOC_EAG,"Sorenson, Jaxon",701641,Left,LIB_FLA,Undefined,3,Top,1,1,2,Cutter,Slider,FoulBallNotFieldable,Undefined,Undefined,Undefined,0,0,,84.51686,-0.145827,0.816149,2282.879967,227.092683,1:30,5.68965,-1.40188,5.46866,-32.58092,7.16933,6.36374,2.83808,-0.10768,77.37599,-6.141216,1.949806,0.453776,75.28516,80.950207,-51.203181,,,,,,16.34765,,,-3.00071,4.01079,1.32551,50,5.65456,-2.01153,-122.71882,-1.4451,-4.5689,24.63562,-26.06716,BOC_EAG,LIB_FLA,UGeorgia,D1,SEC,20260529-UGeorgia-1,c8bf0ec0-5b7d-11f1-8b41-2fa142449b60,83.064,98.75837,,7.14087,,,,2.33431,2.93595,0.13877,f32c6353-0729-4132-b934-ffed9b5f81bf,2026-05-29,16:45:13.75,2026-05-29T12:45:13.7511936-04:00,2026-05-29T16:45:13.7511936Z,,v3,227,471336,,"Johnson, Gunnar",1000100233,Right,BOC_EAG,a09479a0-93a2-48da-9f86-a39df72233cf,55.03243,-123.72495,12.31781,5.69184,-0.3805,-13.03358,1.40385,-1.82493,-2.28445,,2.33431,10.88317,-11.22109,4.30812,-2.63157,3.55176,-3.33233,1.61692,-0.31556,2.93595,109.04369,-28.8152,3.52355,-0.62867,0.07243,0.04255,-0.03773,0.00913,0.13877,-13.536,0.36317,0.22726,-0.28474,0.43382,-0.41492,0.20297,-0.03981,,,,,,,,,,,,,,,,,,,,,,,High,High,High,Medium,Undefined,,,,,,,,,,,,,,,,,,,,,,,,,,,,,,,,,,,,,
73,2026-05-29,12:45:46.54,2,6,"Colarusso, AJ",1000090794,Left,BOC_EAG,"Sorenson, Jaxon",701641,Left,LIB_FLA,Undefined,3,Top,1,1,2,Cutter,Slider,InPlay,Undefined,GroundBall,Out,1,0,,86.50588,0.086719,1.408412,2380.305195,228.379457,1:30,5.70996,-1.22441,5.55943,-30.52466,6.76855,6.48634,3.24728,0.63229,80.24811,-5.512336,2.564992,0.439528,66.27342,-28.706125,9.464961,,,,,8.34974,8.34974,2.816488,0.071069,-2.97791,3.69768,1.09822,50,5.69706,-3.35932,-125.79746,-0.88569,-4.83596,22.31151,-26.16924,BOC_EAG,LIB_FLA,UGeorgia,D1,SEC,20260529-UGeorgia-1,dc4cdb20-5b7d-11f1-8b41-2fa142449b60,85.75669,3.3359,,6.25777,,,,2.33099,3.3359,-0.59145,f32c6353-0729-4132-b934-ffed9b5f81bf,2026-05-29,16:45:46.54,2026-05-29T12:45:46.5452544-04:00,2026-05-29T16:45:46.5452544Z,GroundBall,v3,227,471336,,"Johnson, Gunnar",1000100233,Right,BOC_EAG,840ae3b2-cf12-475f-8c0e-4085a8026468,54.94366,-126.67123,11.15575,5.71168,0.13917,-13.08462,1.22607,-3.16993,-2.41798,180,2.3258,84.54722,,,,,,,,3.33878,-46.93901,,,,,,,,-0.59231,14.0952,,,,,,,,,,,,,,,,,,,,,,,,,,,,,,High,High,High,High,High,,,,,,,,,,,,,,,,,,,,,,,,,,,,,,,,,,,,,
74,2026-05-29,12:46:38.35,3,1,"Colarusso, AJ",1000090794,Left,BOC_EAG,"Barone, Nick",809775,Right,LIB_FLA,Undefined,3,Top,2,0,0,Curveball,Curveball,InPlay,Undefined,LineDrive,Double,0,0,,74.92191,2.001922,-0.034456,2595.31411,310.753504,4:15,5.88906,-1.23246,5.09517,-59.14476,-8.10768,11.1441,2.84775,-0.33626,69.25775,-8.667503,1.939178,0.514179,98.05912,13.363811,-35.213487,2495.905787,86.79678,13.70729,-67.57346,181.24809,173.8491,-40.631515,1.577114,-5.60055,-4.22351,1.22638,50,6.03095,-0.35852,-108.81938,1.78403,-6.74183,18.39606,-37.25822,BOC_EAG,LIB_FLA,UGeorgia,D1,SEC,20260529-UGeorgia-1,fb361060-5b7d-11f1-8b41-2fa142449b60,73.30605,14.24073,,5.66415,,,,2.29149,2.8504,0.42011,f32c6353-0729-4132-b934-ffed9b5f81bf,2026-05-29,16:46:38.35,2026-05-29T12:46:38.3557120-04:00,2026-05-29T16:46:38.3557120Z,LineDrive,v3,227,471336,,"Johnson, Gunnar",1000100233,Right,BOC_EAG,8f3ed796-ba26-49dc-b9b8-7df820a9035a,55.40997,-109.73013,9.19803,5.89697,3.62861,-18.62911,1.23587,-0.02475,-3.37092,,2.29149,114.32073,-24.711,5.84617,-1.45908,0.35885,-0.08378,0.01486,-0.00138,2.8504,33.24147,-26.48159,3.72348,-0.89884,0.21689,-0.04877,0.00869,-0.00081,0.42011,-80.68404,3.61024,0.13279,-0.19627,0.07847,-0.02229,0.00445,-0.00045,,,,,,,,,,,,,,,,,,,,,,,High,High,High,High,High,,,,,,,,,,,,,,,,,,,,,,,,,,,,,,,,,,,,,
75,2026-05-29,12:47:17.05,4,1,"Colarusso, AJ",1000090794,Left,BOC_EAG,"Swofford, Easton",1000110611,Left,LIB_FLA,Undefined,3,Top,2,0,0,Cutter,Slider,BallCalled,Undefined,Undefined,Undefined,0,0,,85.51457,-2.008004,1.544827,2311.366816,229.952766,1:45,5.69578,-1.42009,5.5182,-32.10108,6.20355,6.13142,1.14169,0.53568,79.59071,-7.855096,2.638528,0.445448,,,,,,,,,,,,-2.74673,3.94,1.28122,50,5.49904,-3.60255,-124.24973,-5.49228,-4.34875,21.9115,-25.93603,BOC_EAG,LIB_FLA,UGeorgia,D1,SEC,20260529-UGeorgia-1,12400b30-5b7e-11f1-8b41-2fa142449b60,84.61692,,,5.92385,,,,,,,f32c6353-0729-4132-b934-ffed9b5f81bf,2026-05-29,16:47:17.05,2026-05-29T12:47:17.0519040-04:00,2026-05-29T16:47:17.0519040Z,,v3,227,471336,,"Johnson, Gunnar",1000100233,Right,BOC_EAG,060b0e4f-03ab-4187-ace8-b1d21fe437f0,54.98437,-125.12564,10.95575,5.69786,-4.4555,-12.96801,1.42176,-3.4287,-2.17438,,,,,,,,,,,,,,,,,,,,,,,,,,,,,,,,,,,,,,,,,,,,,,,,,,,High,High,High,,,,,,,,,,,,,,,,,,,,,,,,,,,,,,,,,,,,,,,
76,2026-05-29,12:47:32.26,4,2,"Colarusso, AJ",1000090794,Left,BOC_EAG,"Swofford, Easton",1000110611,Left,LIB_FLA,Undefined,3,Top,2,1,0,FourSeamFastBall,Four-Seam,FoulBallNotFieldable,Undefined,Undefined,Undefined,0,0,,89.61366,-1.971395,1.512604,2146.522761,161.092753,11:15,5.89863,-1.01172,5.66984,-16.743,18.49103,-5.93303,2.66391,-0.09548,81.61796,-5.149497,0.452449,0.427221,,,,,,,,,,,,3.46772,10.32607,0.88785,50,5.72176,-3.17709,-130.00198,-4.98593,5.91001,28.30241,-14.57531,BOC_EAG,LIB_FLA,UGeorgia,D1,SEC,20260529-UGeorgia-1,1b4ffd70-5b7e-11f1-8b41-2fa142449b60,88.227,,,7.99571,,,,,,,f32c6353-0729-4132-b934-ffed9b5f81bf,2026-05-29,16:47:32.26,2026-05-29T12:47:32.2601472-04:00,2026-05-29T16:47:32.2601472Z,,v3,227,471336,,"Johnson, Gunnar",1000100233,Right,BOC_EAG,ed8f6eef-89b4-428a-abe9-278a5b51ff76,54.83038,-131.04936,14.15121,5.8963,-4.44654,-7.28765,1.00947,-3.39581,2.955,,,,,,,,,,,,,,,,,,,,,,,,,,,,,,,,,,,,,,,,,,,,,,,,,,,High,High,High,,,,,,,,,,,,,,,,,,,,,,,,,,,,,,,,,,,,,,,
77,2026-05-29,12:47:55.57,4,3,"Colarusso, AJ",1000090794,Left,BOC_EAG,"Swofford, Easton",1000110611,Left,LIB_FLA,Undefined,3,Top,2,1,1,Cutter,Slider,BallCalled,Undefined,Undefined,Undefined,0,0,,84.66981,-1.017116,2.092925,2374.942285,224.07112,1:30,5.73398,-1.27862,5.4748,-34.0064,4.98323,3.83406,1.94757,1.0003,78.97595,-7.205788,2.775653,0.449413,,,,,,,,,,,,-1.4585,3.07402,1.09198,50,5.62115,-4.65558,-123.07253,-3.39627,-2.27455,20.58363,-27.38005,BOC_EAG,LIB_FLA,UGeorgia,D1,SEC,20260529-UGeorgia-1,29396430-5b7e-11f1-8b41-2fa142449b60,83.87032,,,5.69386,,,,,,,f32c6353-0729-4132-b934-ffed9b5f81bf,2026-05-29,16:47:55.57,2026-05-29T12:47:55.5750400-04:00,2026-05-29T16:47:55.5750400Z,,v3,227,471336,,"Johnson, Gunnar",1000100233,Right,BOC_EAG,483e17c1-e6b1-4eb7-a6e2-ac9857ee1115,55.02765,-123.91055,10.29181,5.73673,-2.28157,-13.69003,1.27963,-4.56298,-1.13728,,,,,,,,,,,,,,,,,,,,,,,,,,,,,,,,,,,,,,,,,,,,,,,,,,,High,High,High,,,,,,,,,,,,,,,,,,,,,,,,,,,,,,,,,,,,,,,
78,2026-05-29,12:48:14.21,4,4,"Colarusso, AJ",1000090794,Left,BOC_EAG,"Swofford, Easton",1000110611,Left,LIB_FLA,Undefined,3,Top,2,2,1,FourSeamFastBall,Four-Seam,FoulBallNotFieldable,Undefined,Undefined,Undefined,0,0,,90.80665,-2.01601,2.572307,2163.809421,146.271164,11:00,5.97307,-0.94606,5.69967,-16.27501,17.45599,-11.02469,2.7355,0.53388,84.05592,-5.07239,0.602926,0.418009,88.94681,39.725504,-38.207033,,77.37732,78.72476,-78.18408,298.33951,135.00616,-55.453177,5.092689,6.25674,9.67733,0.73719,50,5.79354,-5.45472,-131.90224,-5.16636,11.17963,24.3158,-14.88243,BOC_EAG,LIB_FLA,UGeorgia,D1,SEC,20260529-UGeorgia-1,344e2720-5b7e-11f1-8b41-2fa142449b60,90.17132,93.90361,,6.75073,,,,0.83204,2.61263,-0.43056,f32c6353-0729-4132-b934-ffed9b5f81bf,2026-05-29,16:48:14.21,2026-05-29T12:48:14.2154752-04:00,2026-05-29T16:48:14.2154752Z,FlyBall,v3,227,471336,,"Johnson, Gunnar",1000100233,Right,BOC_EAG,3fcab339-9a0c-495d-84b3-d20a5ebc10f1,54.80305,-132.78472,12.1579,5.97124,-4.62624,-7.44121,0.94251,-5.86045,5.58982,,0.83856,78.72723,-22.2999,5.35207,-0.83968,0.08412,-0.01788,0.00439,-0.00036,2.61972,83.21657,-21.3999,0.54016,0.82769,-0.47481,0.12773,-0.01671,0.00085,-0.43713,-61.91932,2.84187,1.15904,-0.95671,0.38549,-0.08853,0.01058,-0.00051,,,,,,,,,,,,,,,,,,,,,,,High,High,High,High,Low,,,,,,,,,,,,,,,,,,,,,,,,,,,,,,,,,,,,,
79,2026-05-29,12:48:40.28,4,5,"Colarusso, AJ",1000090794,Left,BOC_EAG,"Swofford, Easton",1000110611,Left,LIB_FLA,Undefined,3,Top,2,2,2,Cutter,Slider,FoulBallNotFieldable,Undefined,Undefined,Undefined,0,0,,84.68479,-1.23257,2.024176,2357.725788,208.304135,1:00,5.68972,-1.40358,5.52232,-34.1847,4.80272,2.02067,1.6877,0.65813,78.85198,-7.460807,2.384458,0.449401,68.93932,34.069668,-136.769748,4184.267716,,,,,45.06511,,,-0.54969,3.02299,1.22594,50,5.55917,-4.43172,-123.08399,-3.85161,-0.8552,21.18797,-27.47093,BOC_EAG,LIB_FLA,UGeorgia,D1,SEC,20260529-UGeorgia-1,43d97e10-5b7e-11f1-8b41-2fa142449b60,83.87268,26.206,,5.8328,,,,1.22595,1.6178,-0.72403,f32c6353-0729-4132-b934-ffed9b5f81bf,2026-05-29,16:48:40.28,2026-05-29T12:48:40.2835456-04:00,2026-05-29T16:48:40.2835456Z,,v3,227,471336,,"Johnson, Gunnar",1000100233,Right,BOC_EAG,8b82825a-c170-45ce-86e3-03a7b986ed15,54.98078,-123.93843,10.59398,5.69215,-2.7438,-13.73546,1.40396,-4.39723,-0.4276,,1.22595,-61.02512,-0.91091,2.02596,-0.57916,0.18022,-0.03641,0.00665,-0.00054,1.6178,56.64235,-26.18092,3.1403,-0.64256,0.1251,-0.02066,0.00623,-0.00131,-0.72403,-57.36707,14.63675,-2.11764,0.43692,-0.05984,0.01085,-0.00488,0.00131,,,,,,,,,,,,,,,,,,,,,,,High,High,High,High,Undefined,,,,,,,,,,,,,,,,,,,,,,,,,,,,,,,,,,,,,
80,2026-05-29,12:49:02.14,4,6,"Colarusso, AJ",1000090794,Left,BOC_EAG,"Swofford, Easton",1000110611,Left,LIB_FLA,Undefined,3,Top,2,2,2,Cutter,Cutter,InPlay,Undefined,GroundBall,Out,1,0,,86.67785,-1.329551,2.721623,2361.670562,206.132921,12:45,5.70478,-1.34124,5.56547,-31.33899,6.11433,2.46445,1.84949,1.40861,80.10217,-7.065393,3.160806,0.44047,52.84794,-41.714723,-64.541873,,,,,3.9262,3.9262,-56.463291,0.035374,-0.55264,3.75819,1.10457,50,5.56916,-6.08347,-125.82023,-4.03279,-0.89194,23.89607,-26.1084,BOC_EAG,LIB_FLA,UGeorgia,D1,SEC,20260529-UGeorgia-1,50e35a40-5b7e-11f1-8b41-2fa142449b60,85.57318,1.83315,,6.57569,,,,1.28516,1.83315,-1.41587,f32c6353-0729-4132-b934-ffed9b5f81bf,2026-05-29,16:49:02.14,2026-05-29T12:49:02.1403648-04:00,2026-05-29T16:49:02.1403648Z,GroundBall,v3,227,471336,,"Johnson, Gunnar",1000100233,Right,BOC_EAG,7ddac5e7-1e3d-4d09-8ffd-3f89760cb636,54.93653,-126.75432,11.94803,5.70685,-3.01222,-13.0542,1.34169,-6.0486,-0.44597,,1.28448,24.98901,,,,,,,,1.83455,-51.82237,,,,,,,,-1.41446,-52.48924,,,,,,,,,,,,,,,,,,,,,,,,,,,,,,High,High,High,Estimated,Estimated,,,,,,,,,,,,,,,,,,,,,,,,,,,,,,,,,,,,,
81,2026-05-29,12:55:56.07,1,1,"Blair, Benjamin",1000115932,Right,LIB_FLA,"Hendrickson, Carter",830138,Right,BOC_EAG,Undefined,3,Bottom,0,0,0,Sinker,Sinker,StrikeCalled,Undefined,Undefined,Undefined,0,0,,94.21694,-1.529132,-4.985114,2446.637588,245.067641,2:15,4.78308,2.82361,6.15924,-22.72052,8.32292,15.95505,1.47132,-0.46395,86.8607,-5.762658,-2.120715,0.401011,,,,,,,,,,,,-9.4978,4.96981,-2.45225,50,4.65477,11.23346,-136.56638,-4.43099,-18.12026,27.19745,-22.69249,BOC_EAG,LIB_FLA,UGeorgia,D1,SEC,20260529-UGeorgia-1,47a22960-5b7f-11f1-8b41-2fa142449b60,93.99349,,,7.35624,,,,,,,f32c6353-0729-4132-b934-ffed9b5f81bf,2026-05-29,16:55:56.07,2026-05-29T12:55:56.0726528-04:00,2026-05-29T16:55:56.0726528Z,,v3,227,471336,,"Hvidsten, Kyle",1000230326,Right,LIB_FLA,4d9d4467-b4ab-49b7-be30-b027bbac75cb,54.34342,-137.42866,13.59873,4.78385,-3.71154,-11.34625,-2.81751,11.80795,-9.06013,,,,,,,,,,,,,,,,,,,,,,,,,,,,,,,,,,,,,,,,,,,,,,,,,,,High,High,High,,,,,,,,,,,,,,,,,,,,,,,,,,,,,,,,,,,,,,,
82,2026-05-29,12:56:10.89,1,2,"Blair, Benjamin",1000115932,Right,LIB_FLA,"Hendrickson, Carter",830138,Right,BOC_EAG,Undefined,3,Bottom,0,0,1,Sinker,Sinker,BallCalled,Undefined,Undefined,Undefined,0,0,,95.19331,0.162157,-3.189706,2525.123116,246.255809,2:15,4.93324,2.9128,6.18347,-22.13478,8.36205,16.84052,3.23865,1.36768,86.92283,-3.993754,-0.155457,0.397465,,,,,,,,,,,,-9.51831,4.58012,-2.67965,50,4.9343,6.95311,-138.20382,-0.36012,-18.42822,30.50597,-23.30662,BOC_EAG,LIB_FLA,UGeorgia,D1,SEC,20260529-UGeorgia-1,506ad970-5b7f-11f1-8b41-2fa142449b60,94.83215,,,8.27048,,,,,,,f32c6353-0729-4132-b934-ffed9b5f81bf,2026-05-29,16:56:10.89,2026-05-29T12:56:10.8959232-04:00,2026-05-29T16:56:10.8959232Z,,v3,227,471336,,"Hvidsten, Kyle",1000230326,Right,LIB_FLA,936326db-124c-40c7-b893-636d5b0f37f3,54.317,-139.15345,15.25299,4.93422,0.3654,-11.65331,-2.90502,7.52677,-9.21411,,,,,,,,,,,,,,,,,,,,,,,,,,,,,,,,,,,,,,,,,,,,,,,,,,,High,High,High,,,,,,,,,,,,,,,,,,,,,,,,,,,,,,,,,,,,,,,
83,2026-05-29,12:56:28.53,1,3,"Blair, Benjamin",1000115932,Right,LIB_FLA,"Hendrickson, Carter",830138,Right,BOC_EAG,Undefined,3,Bottom,0,1,1,Slider,Slider,InPlay,Undefined,GroundBall,Out,1,0,,84.84619,-0.212789,-2.476966,2339.810533,82.923565,8:45,4.89951,2.80567,6.34329,-39.06183,-0.85913,-16.22328,1.44827,-0.82807,78.10854,-7.43513,-5.409304,0.444855,85.82565,-14.709422,-19.937328,,,,,7.57589,7.37772,-9.686026,0.047909,7.80398,-0.07488,-2.61798,50,4.86563,5.93027,-123.31749,-1.68337,11.97893,25.25275,-32.28899,BOC_EAG,LIB_FLA,UGeorgia,D1,SEC,20260529-UGeorgia-1,5af2ecc0-5b7f-11f1-8b41-2fa142449b60,84.72973,1.53342,,6.73765,,,,1.97685,1.53342,0.71714,f32c6353-0729-4132-b934-ffed9b5f81bf,2026-05-29,16:56:28.53,2026-05-29T12:56:28.5335040-04:00,2026-05-29T16:56:28.5335040Z,GroundBall,v3,227,471336,,"Hvidsten, Kyle",1000230326,Right,LIB_FLA,eb74105f-5cc3-4b39-ba88-9bf8dd132d31,54.15997,-124.16644,12.62638,4.90398,-0.59788,-16.1445,-2.81057,5.52756,5.98947,180,1.97563,114.61302,,,,,,,,1.53376,-32.00659,,,,,,,,0.71758,-41.57381,,,,,,,,,,,,,,,,,,,,,,,,,,,,,,High,High,High,High,High,,,,,,,,,,,,,,,,,,,,,,,,,,,,,,,,,,,,,
84,2026-05-29,12:57:02.64,2,1,"Blair, Benjamin",1000115932,Right,LIB_FLA,"Solier, Julio",827632,Right,BOC_EAG,Undefined,3,Bottom,1,0,0,Sinker,Sinker,StrikeCalled,Undefined,Undefined,Undefined,0,0,,94.51874,-1.274012,-5.260389,2485.624559,242.650832,2:00,4.79133,2.79771,6.40506,-21.54293,9.01705,15.71796,1.81942,-0.74333,87.12085,-5.313469,-2.428068,0.397876,,,,,,,,,,,,-9.49603,5.30366,-2.42663,50,4.68969,11.96261,-137.00732,-3.75301,-18.24187,27.25084,-21.98572,BOC_EAG,LIB_FLA,UGeorgia,D1,SEC,20260529-UGeorgia-1,6f4b0e00-5b7f-11f1-8b41-2fa142449b60,94.73413,,,7.39789,,,,,,,f32c6353-0729-4132-b934-ffed9b5f81bf,2026-05-29,16:57:02.64,2026-05-29T12:57:02.6464768-04:00,2026-05-29T16:57:02.6464768Z,,v3,227,471336,,"Hvidsten, Kyle",1000230326,Right,LIB_FLA,69884b71-3af0-4a82-b7a2-06a35428de7e,54.09742,-137.81989,13.62542,4.79182,-3.09744,-10.99286,-2.79144,12.50655,-9.12094,,,,,,,,,,,,,,,,,,,,,,,,,,,,,,,,,,,,,,,,,,,,,,,,,,,High,High,High,,,,,,,,,,,,,,,,,,,,,,,,,,,,,,,,,,,,,,,
85,2026-05-29,12:57:20.87,2,2,"Blair, Benjamin",1000115932,Right,LIB_FLA,"Solier, Julio",827632,Right,BOC_EAG,Undefined,3,Bottom,1,0,1,Sinker,Sinker,FoulBallNotFieldable,Undefined,Undefined,Undefined,0,0,,95.7655,-0.888816,-4.430113,2509.131256,240.293013,2:00,4.84232,3.02726,6.29121,-20.62966,9.34686,14.78607,2.30158,0.16874,87.81937,-4.765379,-1.766634,0.39406,,,,,,,,,,,,-8.87315,5.3713,-2.7075,50,4.76662,10.13506,-138.91551,-2.84136,-17.42381,29.69017,-21.6267,BOC_EAG,LIB_FLA,UGeorgia,D1,SEC,20260529-UGeorgia-1,7a2008d0-5b7f-11f1-8b41-2fa142449b60,95.65163,,,7.94613,,,,,,,f32c6353-0729-4132-b934-ffed9b5f81bf,2026-05-29,16:57:20.87,2026-05-29T12:57:20.8766976-04:00,2026-05-29T16:57:20.8766976Z,,v3,227,471336,,"Hvidsten, Kyle",1000230326,Right,LIB_FLA,a9bf5de0-415f-432b-ba66-932d2055b53d,54.21103,-139.81263,14.84509,4.84261,-2.18789,-10.81335,-3.0217,10.66154,-8.71191,,,,,,,,,,,,,,,,,,,,,,,,,,,,,,,,,,,,,,,,,,,,,,,,,,,High,High,High,,,,,,,,,,,,,,,,,,,,,,,,,,,,,,,,,,,,,,,
86,2026-05-29,12:57:41.09,2,3,"Blair, Benjamin",1000115932,Right,LIB_FLA,"Solier, Julio",827632,Right,BOC_EAG,Undefined,3,Bottom,1,0,2,FourSeamFastBall,Sinker,FoulBallNotFieldable,Undefined,Undefined,Undefined,0,0,,96.15536,-0.293246,-3.851587,2524.869432,230.366618,1:45,5.04523,2.80089,6.62053,-17.43836,11.87253,13.27024,3.32287,0.37415,88.1293,-3.615648,-1.444281,0.38966,78.09062,20.461493,162.537193,3613.446276,,,,,42.32942,,,-8.03493,6.60221,-2.54428,50,5.01789,8.86756,-139.66271,-1.2294,-15.94158,30.13006,-19.075,BOC_EAG,LIB_FLA,UGeorgia,D1,SEC,20260529-UGeorgia-1,862f5860-5b7f-11f1-8b41-2fa142449b60,96.73157,16.5794,,8.02606,,,,0.89009,3.29767,-0.43789,f32c6353-0729-4132-b934-ffed9b5f81bf,2026-05-29,16:57:41.09,2026-05-29T12:57:41.0921984-04:00,2026-05-29T16:57:41.0921984Z,,v3,227,471336,,"Hvidsten, Kyle",1000230326,Right,LIB_FLA,850b9c7b-84d9-43ec-bf77-2731a892ed25,53.88178,-140.49765,15.06503,5.04463,-0.70081,-9.5375,-2.79613,9.30932,-7.97079,278.305273,0.88756,-102.2822,8.76652,,,,,,,3.30407,39.83665,-20.15546,,,,,,,-0.4267,31.84731,-12.44273,,,,,,,,,,,,,,,,,,,,,,,,,,,,,High,High,High,High,Undefined,,,,,,,,,,,,,,,,,,,,,,,,,,,,,,,,,,,,,
87,2026-05-29,12:58:04.32,2,4,"Blair, Benjamin",1000115932,Right,LIB_FLA,"Solier, Julio",827632,Right,BOC_EAG,Undefined,3,Bottom,1,0,2,Slider,Slider,BallCalled,Undefined,Undefined,Undefined,0,0,,85.41157,-0.4849,-4.447133,2386.803893,88.847778,9:00,4.99317,2.66577,6.48507,-36.83974,0.97579,-10.97571,1.47662,-2.34027,78.28595,-7.31717,-6.42773,0.442595,,,,,,,,,,,,4.40807,1.04264,-2.34852,50,4.94326,10.03893,-123.81235,-2.18478,6.79436,26.3454,-30.56698,BOC_EAG,LIB_FLA,UGeorgia,D1,SEC,20260529-UGeorgia-1,943743a0-5b7f-11f1-8b41-2fa142449b60,85.16237,,,7.12562,,,,,,,f32c6353-0729-4132-b934-ffed9b5f81bf,2026-05-29,16:58:04.32,2026-05-29T12:58:04.3217920-04:00,2026-05-29T16:58:04.3217920Z,,v3,227,471336,,"Hvidsten, Kyle",1000230326,Right,LIB_FLA,6d4bad47-b8c9-4e9e-ad99-1113813ed682,54.0156,-124.66388,13.1727,4.99791,-1.1968,-15.28349,-2.66944,9.81933,3.39718,,,,,,,,,,,,,,,,,,,,,,,,,,,,,,,,,,,,,,,,,,,,,,,,,,,High,High,High,,,,,,,,,,,,,,,,,,,,,,,,,,,,,,,,,,,,,,,
88,2026-05-29,12:58:22.26,2,5,"Blair, Benjamin",1000115932,Right,LIB_FLA,"Solier, Julio",827632,Right,BOC_EAG,Undefined,3,Bottom,1,1,2,FourSeamFastBall,Sinker,BallCalled,Undefined,Undefined,Undefined,0,0,,96.19726,-0.229665,-4.264363,2635.030261,226.904027,1:30,5.17767,2.78563,6.66478,-15.12623,14.31501,14.28981,3.70642,0.06723,87.57144,-3.147254,-1.672253,0.390525,,,,,,,,,,,,-8.68674,7.87772,-2.50389,50,5.15575,9.80976,-139.5602,-0.96477,-17.10826,31.8219,-16.6591,BOC_EAG,LIB_FLA,UGeorgia,D1,SEC,20260529-UGeorgia-1,9ebebab0-5b7f-11f1-8b41-2fa142449b60,96.51724,,,8.62582,,,,,,,f32c6353-0729-4132-b934-ffed9b5f81bf,2026-05-29,16:58:22.26,2026-05-29T12:58:22.2642688-04:00,2026-05-29T16:58:22.2642688Z,,v3,227,471336,,"Hvidsten, Kyle",1000230326,Right,LIB_FLA,9b92b86e-6122-4810-80b2-87fb8cb8013f,53.83542,-140.43202,15.91095,5.17593,-0.50837,-8.32955,-2.77907,10.27847,-8.55413,,,,,,,,,,,,,,,,,,,,,,,,,,,,,,,,,,,,,,,,,,,,,,,,,,,High,High,High,,,,,,,,,,,,,,,,,,,,,,,,,,,,,,,,,,,,,,,
89,2026-05-29,12:58:39.78,2,6,"Blair, Benjamin",1000115932,Right,LIB_FLA,"Solier, Julio",827632,Right,BOC_EAG,Undefined,3,Bottom,1,2,2,Sinker,Sinker,BallCalled,Undefined,Undefined,Undefined,0,0,,96.11048,0.009937,-3.124501,2574.264189,245.49154,2:15,4.71822,2.7459,6.58055,-21.13501,8.35646,16.28914,2.96609,1.23691,87.69322,-3.991741,-0.167106,0.390859,,,,,,,,,,,,-9.38245,4.67457,-2.53742,50,4.71001,6.93502,-139.62188,-0.64213,-18.50725,31.65178,-22.95326,BOC_EAG,LIB_FLA,UGeorgia,D1,SEC,20260529-UGeorgia-1,a929d020-5b7f-11f1-8b41-2fa142449b60,96.43497,,,8.41726,,,,,,,f32c6353-0729-4132-b934-ffed9b5f81bf,2026-05-29,16:58:39.78,2026-05-29T12:58:39.7846016-04:00,2026-05-29T16:58:39.7846016Z,,v3,227,471336,,"Hvidsten, Kyle",1000230326,Right,LIB_FLA,4d511c27-2ea9-43dc-8d34-f8c7adce5cc0,53.92027,-140.50778,15.82589,4.71899,0.00031,-11.47663,-2.73878,7.45302,-9.25362,,,,,,,,,,,,,,,,,,,,,,,,,,,,,,,,,,,,,,,,,,,,,,,,,,,High,High,High,,,,,,,,,,,,,,,,,,,,,,,,,,,,,,,,,,,,,,,
90,2026-05-29,12:58:58.21,2,7,"Blair, Benjamin",1000115932,Right,LIB_FLA,"Solier, Julio",827632,Right,BOC_EAG,Undefined,3,Bottom,1,3,2,Sinker,Sinker,FoulBallNotFieldable,Undefined,Undefined,Undefined,0,0,,96.91284,0.051254,-4.281754,2577.424771,247.556901,2:15,4.70794,2.94923,6.65023,-21.2395,7.95323,16.85965,2.98502,0.4279,87.76388,-3.983373,-1.222986,0.388874,89.50267,21.910179,54.792986,4869.49131,56.64704,35.97057,94.2927,286.19273,144.09623,68.06846,3.601447,-10.15729,4.46465,-2.66645,50,4.70279,9.81865,-140.54824,-0.53763,-20.15194,34.27706,-23.31623,BOC_EAG,LIB_FLA,UGeorgia,D1,SEC,20260529-UGeorgia-1,b4260200-5b7f-11f1-8b41-2fa142449b60,96.92712,41.58954,,9.14896,,,,0.75108,2.93832,-0.41391,f32c6353-0729-4132-b934-ffed9b5f81bf,2026-05-29,16:58:58.21,2026-05-29T12:58:58.2150144-04:00,2026-05-29T16:58:58.2150144Z,LineDrive,v3,227,471336,,"Hvidsten, Kyle",1000230326,Right,LIB_FLA,f661f3b9-abcf-4e65-9865-ed23b894fec3,53.85059,-141.4842,17.13853,4.70878,0.09904,-11.65812,-2.94207,10.36891,-10.07597,,0.75138,70.19989,-16.80167,2.24212,-0.05422,-0.27587,0.12992,-0.02357,0.00157,2.93818,48.98996,-17.43404,1.55235,-0.3925,0.15599,-0.04571,0.00779,-0.00055,-0.41366,99.49932,-5.22845,-0.80364,0.44203,-0.24798,0.06383,-0.00794,0.00042,,,,,,,,,,,,,,,,,,,,,,,High,High,High,Medium,Low,,,,,,,,,,,,,,,,,,,,,,,,,,,,,,,,,,,,,
91,2026-05-29,12:59:18.44,2,8,"Blair, Benjamin",1000115932,Right,LIB_FLA,"Solier, Julio",827632,Right,BOC_EAG,Undefined,3,Bottom,1,3,2,Sinker,Sinker,InPlay,Undefined,GroundBall,Out,1,0,,96.51904,-0.032951,-4.746409,2548.569462,245.768508,2:15,4.7512,2.86207,6.68193,-21.1543,8.15674,15.99387,2.9581,-0.15672,87.74757,-4.046364,-1.84634,0.389661,100.66707,-20.887638,4.383125,,,,,8.93446,8.93446,4.870291,0.055723,-9.80953,4.59528,-2.5501,50,4.74051,10.96488,-139.94936,-0.73397,-19.38113,32.70488,-23.095,BOC_EAG,LIB_FLA,UGeorgia,D1,SEC,20260529-UGeorgia-1,c033caf0-5b7f-11f1-8b41-2fa142449b60,96.73132,2.93906,,8.77147,,,,1.22311,2.93906,0.16994,f32c6353-0729-4132-b934-ffed9b5f81bf,2026-05-29,16:59:18.44,2026-05-29T12:59:18.4489472-04:00,2026-05-29T16:59:18.4489472Z,GroundBall,v3,227,471336,,"Hvidsten, Kyle",1000230326,Right,LIB_FLA,27eca2f3-7d88-4172-b95d-3b2d1f7b45d9,53.81954,-140.83912,16.35244,4.75193,-0.10565,-11.5475,-2.85558,11.49216,-9.69057,180,1.22069,137.80842,,,,,,,,2.93998,-52.74412,,,,,,,,0.16975,10.56295,,,,,,,,,,,,,,,,,,,,,,,,,,,,,,High,High,High,High,High,,,,,,,,,,,,,,,,,,,,,,,,,,,,,,,,,,,,,
92,2026-05-29,12:59:53.55,3,1,"Blair, Benjamin",1000115932,Right,LIB_FLA,"Mainolfi, Ty",839397,Left,BOC_EAG,Undefined,3,Bottom,2,0,0,FourSeamFastBall,Sinker,FoulBallNotFieldable,Undefined,Undefined,Undefined,0,0,,96.03223,-1.083915,-3.788578,2538.84484,229.173326,1:45,5.03009,2.79836,6.61265,-17.59013,12.15757,12.90516,2.56916,0.39864,87.08717,-4.45309,-1.447253,0.392553,76.17484,54.479211,-68.956459,4240.437789,,,,,77.59201,,,-7.94611,7.0217,-2.54532,50,4.94881,8.69544,-139.3133,-3.15101,-15.49103,33.6423,-18.48514,BOC_EAG,LIB_FLA,UGeorgia,D1,SEC,20260529-UGeorgia-1,d5212750-5b7f-11f1-8b41-2fa142449b60,96.01882,84.14987,,8.94506,,,,1.86682,2.60409,-0.4101,f32c6353-0729-4132-b934-ffed9b5f81bf,2026-05-29,16:59:53.55,2026-05-29T12:59:53.5510528-04:00,2026-05-29T16:59:53.5510528Z,,v3,227,471336,,"Hvidsten, Kyle",1000230326,Right,LIB_FLA,2b12b0d3-8edb-47c0-990e-8cdf70eecc05,53.88805,-140.24906,16.82115,5.0293,-2.63684,-9.24257,-2.79318,9.12633,-7.74552,,1.86682,23.30786,-9.90586,2.81881,-0.62468,0.05216,0.05798,-0.03591,0.00693,2.60409,90.93181,-25.8031,2.9115,-0.57797,0.10194,-0.01854,0.00287,-0.00025,-0.4101,-60.58182,4.65797,-0.56089,0.04635,-0.01606,0.01875,-0.00917,0.00175,,,,,,,,,,,,,,,,,,,,,,,High,High,High,Medium,Undefined,,,,,,,,,,,,,,,,,,,,,,,,,,,,,,,,,,,,,
93,2026-05-29,13:00:12.77,3,2,"Blair, Benjamin",1000115932,Right,LIB_FLA,"Mainolfi, Ty",839397,Left,BOC_EAG,Undefined,3,Bottom,2,0,1,FourSeamFastBall,Sinker,StrikeCalled,Undefined,Undefined,Undefined,0,0,,96.64172,-0.602103,-4.987064,2581.318632,232.047998,1:45,4.96077,2.6881,6.7684,-18.21442,10.50753,12.44485,2.89094,-0.84062,89.23059,-4.054873,-2.729054,0.385725,,,,,,,,,,,,-7.76272,5.96209,-2.36574,50,4.9141,11.73702,-140.25382,-2.01542,-15.66616,27.80911,-20.14178,BOC_EAG,LIB_FLA,UGeorgia,D1,SEC,20260529-UGeorgia-1,e092d750-5b7f-11f1-8b41-2fa142449b60,97.71834,,,7.41113,,,,,,,f32c6353-0729-4132-b934-ffed9b5f81bf,2026-05-29,17:00:12.77,2026-05-29T13:00:12.7751168-04:00,2026-05-29T17:00:12.7751168Z,,v3,227,471336,,"Hvidsten, Kyle",1000230326,Right,LIB_FLA,790a44f7-edcc-48b8-851c-ab65f59ef413,53.73366,-140.99217,13.90455,4.96052,-1.48064,-10.07089,-2.68289,12.15297,-7.83308,,,,,,,,,,,,,,,,,,,,,,,,,,,,,,,,,,,,,,,,,,,,,,,,,,,High,High,High,,,,,,,,,,,,,,,,,,,,,,,,,,,,,,,,,,,,,,,
94,2026-05-29,13:00:31.03,3,3,"Blair, Benjamin",1000115932,Right,LIB_FLA,"Mainolfi, Ty",839397,Left,BOC_EAG,Undefined,3,Bottom,2,0,2,Slider,Curveball,BallCalled,Undefined,Undefined,Undefined,0,0,,84.25706,-0.39609,-1.201244,2362.436675,85.987365,8:45,4.85071,3.24728,6.30647,-38.71223,-0.3611,-20.0554,1.2597,0.46916,78.32672,-7.532872,-4.830554,0.445718,,,,,,,,,,,,10.15272,0.24638,-3.14998,50,4.80319,3.31258,-122.66266,-2.07064,15.58783,22.50966,-31.79575,BOC_EAG,LIB_FLA,UGeorgia,D1,SEC,20260529-UGeorgia-1,eb851e20-5b7f-11f1-8b41-2fa142449b60,84.56561,,,5.93034,,,,,,,f32c6353-0729-4132-b934-ffed9b5f81bf,2026-05-29,17:00:31.03,2026-05-29T13:00:31.0374912-04:00,2026-05-29T17:00:31.0374912Z,,v3,227,471336,,"Hvidsten, Kyle",1000230326,Right,LIB_FLA,18c24b08-dd35-4f44-be62-89385ad0d97b,54.19789,-123.43061,11.25483,4.85533,-0.98589,-15.89787,-3.25392,2.78078,7.79391,,,,,,,,,,,,,,,,,,,,,,,,,,,,,,,,,,,,,,,,,,,,,,,,,,,High,High,High,,,,,,,,,,,,,,,,,,,,,,,,,,,,,,,,,,,,,,,
95,2026-05-29,13:00:47.62,3,4,"Blair, Benjamin",1000115932,Right,LIB_FLA,"Mainolfi, Ty",839397,Left,BOC_EAG,Undefined,3,Bottom,2,1,2,Sinker,Sinker,BallCalled,Undefined,Undefined,Undefined,0,0,,96.3879,1.361592,-4.20034,2568.560581,237.234791,2:00,5.00396,2.79809,6.65685,-18.81958,10.34796,14.72398,4.68533,0.1742,88.17593,-2.214865,-1.530118,0.388706,,,,,,,,,,,,-8.83252,5.3574,-2.52038,50,5.08794,9.66474,-139.89601,2.77048,-17.59044,30.09878,-21.50447,BOC_EAG,LIB_FLA,UGeorgia,D1,SEC,20260529-UGeorgia-1,f55e7ae0-5b7f-11f1-8b41-2fa142449b60,96.96899,,,8.21197,,,,,,,f32c6353-0729-4132-b934-ffed9b5f81bf,2026-05-29,17:00:47.62,2026-05-29T13:00:47.6258816-04:00,2026-05-29T17:00:47.6258816Z,,v3,227,471336,,"Hvidsten, Kyle",1000230326,Right,LIB_FLA,b8061f0a-98e3-4829-bc39-7abc0677e7fe,53.84454,-140.72073,15.04939,5.00396,3.35971,-10.75224,-2.7918,10.14673,-8.79522,,,,,,,,,,,,,,,,,,,,,,,,,,,,,,,,,,,,,,,,,,,,,,,,,,,High,High,High,,,,,,,,,,,,,,,,,,,,,,,,,,,,,,,,,,,,,,,
96,2026-05-29,13:01:09.31,3,5,"Blair, Benjamin",1000115932,Right,LIB_FLA,"Mainolfi, Ty",839397,Left,BOC_EAG,Undefined,3,Bottom,2,2,2,FourSeamFastBall,Four-Seam,FoulBallNotFieldable,Undefined,Undefined,Undefined,0,0,,97.09581,-1.403998,-4.554164,2605.157286,228.058598,1:30,4.91836,2.67332,6.5919,-16.54721,12.27107,12.69012,2.24861,-0.45094,89.11501,-4.554245,-2.256625,0.386372,81.04616,-38.902357,76.19397,,,,,4.23045,4.23045,49.038633,0.030764,-7.9076,7.09674,-2.36644,50,4.81493,10.70574,-140.87096,-3.95341,-15.97722,30.35824,-17.83517,BOC_EAG,LIB_FLA,UGeorgia,D1,SEC,20260529-UGeorgia-1,02498470-5b80-11f1-8b41-2fa142449b60,97.55478,2.30221,,7.9808,,,,2.09246,2.30221,0.42414,f32c6353-0729-4132-b934-ffed9b5f81bf,2026-05-29,17:01:09.31,2026-05-29T13:01:09.3195776-04:00,2026-05-29T17:01:09.3195776Z,GroundBall,v3,227,471336,,"Hvidsten, Kyle",1000230326,Right,LIB_FLA,f5f46fe7-8b27-4d47-a182-ddf6f88d560b,53.91071,-141.71123,15.17912,4.91753,-3.45976,-8.91759,-2.66887,11.14796,-7.98861,,2.09219,22.1302,,,,,,,,2.30313,-74.83509,,,,,,,,0.42302,90.05711,,,,,,,,,,,,,,,,,,,,,,,,,,,,,,High,High,High,Estimated,Estimated,,,,,,,,,,,,,,,,,,,,,,,,,,,,,,,,,,,,,
97,2026-05-29,13:01:33.25,3,6,"Blair, Benjamin",1000115932,Right,LIB_FLA,"Mainolfi, Ty",839397,Left,BOC_EAG,Undefined,3,Bottom,2,2,2,Sinker,Sinker,InPlay,Undefined,LineDrive,Single,0,0,,97.59197,-1.454407,-4.273937,2475.60931,238.758066,2:00,4.82135,2.84836,6.83481,-19.00769,9.66256,14.28599,1.90689,0.13354,88.31379,-5.091133,-1.672691,0.385378,104.90787,4.875672,-25.291687,3537.510068,,,,132.35996,117.99454,-30.359499,1.019887,-8.87493,5.86855,-2.57817,50,4.72075,9.98598,-141.48605,-4.15741,-17.79752,35.50536,-20.4054,BOC_EAG,LIB_FLA,UGeorgia,D1,SEC,20260529-UGeorgia-1,1091fb20-5b80-11f1-8b41-2fa142449b60,97.80634,4.57169,,9.27818,,,,0.19193,1.75441,0.00589,f32c6353-0729-4132-b934-ffed9b5f81bf,2026-05-29,17:01:33.25,2026-05-29T13:01:33.2584960-04:00,2026-05-29T17:01:33.2584960Z,GroundBall,v3,227,471336,,"Hvidsten, Kyle",1000230326,Right,LIB_FLA,6aa72185-903c-42a0-bf25-c5600f12855d,53.66514,-142.40283,17.75268,4.8213,-3.63052,-10.2027,-2.84195,10.44553,-8.89876,101.079753,0.45115,135.08803,-23.30749,,,,,,,1.80374,12.41608,-13.9512,,,,,,,0.07069,-66.41215,0.68468,,,,,,,,,,,,,,,,,,,,,,,,,,,,,High,High,High,High,High,,,,,,,,,,,,,,,,,,,,,,,,,,,,,,,,,,,,,
98,2026-05-29,13:02:22.46,4,1,"Blair, Benjamin",1000115932,Right,LIB_FLA,"Wang, Nick",813482,Right,BOC_EAG,Undefined,3,Bottom,2,0,0,FourSeamFastBall,Sinker,BallCalled,Undefined,Undefined,Undefined,0,0,,95.96918,-1.809645,-5.441615,2505.962594,235.721412,1:45,4.86736,2.63168,6.62671,-17.91418,11.75103,15.85599,1.70938,-1.04484,87.70764,-5.219402,-2.574167,0.392008,,,,,,,,,,,,-9.79406,6.96252,-2.26757,50,4.73659,12.58037,-138.96326,-4.93534,-19.18467,30.63462,-18.53582,BOC_EAG,LIB_FLA,UGeorgia,D1,SEC,20260529-UGeorgia-1,2de6d4c0-5b80-11f1-8b41-2fa142449b60,96.15222,,,8.26154,,,,,,,f32c6353-0729-4132-b934-ffed9b5f81bf,2026-05-29,17:02:22.46,2026-05-29T13:02:22.4658432-04:00,2026-05-29T17:02:22.4658432Z,,v3,227,471336,,"Hvidsten, Kyle",1000230326,Right,LIB_FLA,6fa2a7b2-e4e2-432b-be91-b92781a2570e,53.87442,-139.81477,15.31731,4.86661,-4.42013,-9.26791,-2.62467,13.11362,-9.59234,,,,,,,,,,,,,,,,,,,,,,,,,,,,,,,,,,,,,,,,,,,,,,,,,,,High,High,High,,,,,,,,,,,,,,,,,,,,,,,,,,,,,,,,,,,,,,,
99,2026-05-29,13:02:41.25,4,2,"Blair, Benjamin",1000115932,Right,LIB_FLA,"Wang, Nick",813482,Right,BOC_EAG,Undefined,3,Bottom,2,1,0,Sinker,Sinker,BallCalled,Undefined,Undefined,Undefined,0,0,,95.79795,-1.615036,-4.937242,2441.579293,246.047631,2:15,4.56447,2.67144,6.2057,-22.07785,8.21059,16.26918,1.22797,-0.54136,87.4032,-5.752294,-2.013358,0.396105,,,,,,,,,,,,-9.77796,5.00713,-2.30749,50,4.43163,11.2674,-138.71932,-4.67662,-19.03589,31.2893,-22.42611,BOC_EAG,LIB_FLA,UGeorgia,D1,SEC,20260529-UGeorgia-1,391a1c30-5b80-11f1-8b41-2fa142449b60,95.15778,,,8.39475,,,,,,,f32c6353-0729-4132-b934-ffed9b5f81bf,2026-05-29,17:02:41.25,2026-05-29T13:02:41.2527616-04:00,2026-05-29T17:02:41.2527616Z,,v3,227,471336,,"Hvidsten, Kyle",1000230326,Right,LIB_FLA,a283af15-ac8e-4776-b5e7-9b0d5fe7f100,54.2952,-139.68477,15.64465,4.56526,-3.98464,-11.21305,-2.66422,11.85477,-9.51795,,,,,,,,,,,,,,,,,,,,,,,,,,,,,,,,,,,,,,,,,,,,,,,,,,,High,High,High,,,,,,,,,,,,,,,,,,,,,,,,,,,,,,,,,,,,,,,
100,2026-05-29,13:03:01.46,4,3,"Blair, Benjamin",1000115932,Right,LIB_FLA,"Wang, Nick",813482,Right,BOC_EAG,Undefined,3,Bottom,2,2,0,Cutter,Cutter,BallCalled,Undefined,Undefined,Undefined,0,0,,86.70372,0.195598,-3.957034,2467.793926,162.133362,11:30,4.74313,2.72956,6.25947,-24.39202,12.96083,-3.74673,2.89126,-1.23725,78.12477,-4.429632,-4.630731,0.439879,,,,,,,,,,,,0.63622,7.0493,-2.43398,50,4.74583,8.83472,-125.52607,-0.27688,0.99845,29.29473,-21.11099,BOC_EAG,LIB_FLA,UGeorgia,D1,SEC,20260529-UGeorgia-1,452ca010-5b80-11f1-8b41-2fa142449b60,85.68814,,,8.57894,,,,,,,f32c6353-0729-4132-b934-ffed9b5f81bf,2026-05-29,17:03:01.46,2026-05-29T13:03:01.4698496-04:00,2026-05-29T17:03:01.4698496Z,,v3,227,471336,,"Hvidsten, Kyle",1000230326,Right,LIB_FLA,3dea497b-fa90-4fce-ae4c-beaedb5fe4fa,54.23681,-126.51098,14.64737,4.74321,0.43289,-10.5555,-2.73045,8.80115,0.49923,,,,,,,,,,,,,,,,,,,,,,,,,,,,,,,,,,,,,,,,,,,,,,,,,,,High,High,High,,,,,,,,,,,,,,,,,,,,,,,,,,,,,,,,,,,,,,,
101,2026-05-29,13:03:24.95,4,4,"Blair, Benjamin",1000115932,Right,LIB_FLA,"Wang, Nick",813482,Right,BOC_EAG,Undefined,3,Bottom,2,3,0,Sinker,Sinker,StrikeCalled,Undefined,Undefined,Undefined,0,0,,95.82387,-1.216543,-4.490514,2391.096574,240.454617,2:00,4.64337,2.99942,6.38986,-19.30084,10.89713,17.39599,1.91235,0.31013,86.81798,-4.8839,-1.350701,0.395513,,,,,,,,,,,,-10.37221,6.35048,-2.68328,50,4.5467,10.14817,-138.82317,-3.5595,-20.08482,33.31828,-19.87696,BOC_EAG,LIB_FLA,UGeorgia,D1,SEC,20260529-UGeorgia-1,53245eb0-5b80-11f1-8b41-2fa142449b60,95.30021,,,9.00589,,,,,,,f32c6353-0729-4132-b934-ffed9b5f81bf,2026-05-29,17:03:24.95,2026-05-29T13:03:24.9598976-04:00,2026-05-29T17:03:24.9598976Z,,v3,227,471336,,"Hvidsten, Kyle",1000230326,Right,LIB_FLA,cce6a989-4965-49dc-bedf-30b472c44f84,54.11016,-139.80615,16.65914,4.64306,-2.97307,-9.93848,-2.99142,10.74072,-10.04241,,,,,,,,,,,,,,,,,,,,,,,,,,,,,,,,,,,,,,,,,,,,,,,,,,,High,High,High,,,,,,,,,,,,,,,,,,,,,,,,,,,,,,,,,,,,,,,
102,2026-05-29,13:03:43.52,4,5,"Blair, Benjamin",1000115932,Right,LIB_FLA,"Wang, Nick",813482,Right,BOC_EAG,Undefined,3,Bottom,2,3,1,FourSeamFastBall,Sinker,StrikeSwinging,Undefined,Undefined,Undefined,0,0,,95.05038,0.14555,-4.062827,2370.378294,235.873635,1:45,4.60218,2.76186,6.40548,-19.27021,11.41508,15.28123,3.13051,0.29305,85.88031,-3.528131,-1.302914,0.398691,,,,,,,,,,,,-9.14229,6.21382,-2.47661,50,4.60375,9.12088,-137.76672,-0.23698,-17.40521,33.29399,-20.34407,BOC_EAG,LIB_FLA,UGeorgia,D1,SEC,20260529-UGeorgia-1,5e3b6b90-5b80-11f1-8b41-2fa142449b60,94.54044,,,9.17006,,,,,,,f32c6353-0729-4132-b934-ffed9b5f81bf,2026-05-29,17:03:43.52,2026-05-29T13:03:43.5269632-04:00,2026-05-29T17:03:43.5269632Z,,v3,227,471336,,"Hvidsten, Kyle",1000230326,Right,LIB_FLA,7fd2305b-a6ce-4341-bb32-788d4788603b,54.09334,-138.75242,16.647,4.60185,0.36533,-10.17203,-2.75428,9.63618,-8.70261,,,,,,,,,,,,,,,,,,,,,,,,,,,,,,,,,,,,,,,,,,,,,,,,,,,High,High,High,,,,,,,,,,,,,,,,,,,,,,,,,,,,,,,,,,,,,,,
103,2026-05-29,13:04:07.11,4,6,"Blair, Benjamin",1000115932,Right,LIB_FLA,"Wang, Nick",813482,Right,BOC_EAG,Undefined,3,Bottom,2,3,2,FourSeamFastBall,Sinker,FoulBallNotFieldable,Undefined,Undefined,Undefined,0,0,,97.54136,-0.98929,-4.127075,2552.640928,230.419374,1:45,5.09276,2.65171,6.62635,-15.48347,13.33835,14.9552,2.89414,0.11229,88.41709,-3.973222,-1.414778,0.386396,74.41556,56.19899,163.353478,5369.338989,,,,,43.62968,,,-9.11245,7.60414,-2.3772,50,5.01899,9.58215,-141.46372,-2.88325,-18.33006,34.48411,-16.87806,BOC_EAG,LIB_FLA,UGeorgia,D1,SEC,20260529-UGeorgia-1,6c4070a0-5b80-11f1-8b41-2fa142449b60,97.54882,54.69541,,9.12427,,,,1.41308,3.01564,-0.11292,f32c6353-0729-4132-b934-ffed9b5f81bf,2026-05-29,17:04:07.11,2026-05-29T13:04:07.1160320-04:00,2026-05-29T17:04:07.1160320Z,,v3,227,471336,,"Hvidsten, Kyle",1000230326,Right,LIB_FLA,164afcf6-3e4c-4249-90e2-95d4ebe70b70,53.87445,-142.40505,17.24205,5.0914,-2.42252,-8.43903,-2.6456,10.08251,-9.16503,341.442786,1.41308,-58.17253,0.35222,-0.07069,0.01183,-0.0023,-0.00046,0.0008,-0.0003,3.01564,90.69477,-33.03746,5.34507,-1.28324,0.30941,-0.07646,0.01639,-0.00213,-0.11292,17.39343,-6.10365,1.49695,-0.336,0.08345,-0.02067,0.00459,-0.00064,,,,,,,,,,,,,,,,,,,,,,,High,High,High,High,Undefined,,,,,,,,,,,,,,,,,,,,,,,,,,,,,,,,,,,,,
104,2026-05-29,13:04:39.16,4,7,"Blair, Benjamin",1000115932,Right,LIB_FLA,"Wang, Nick",813482,Right,BOC_EAG,Undefined,3,Bottom,2,3,2,Sinker,Sinker,StrikeCalled,Strikeout,Undefined,Undefined,0,0,,96.62372,0.005151,-5.085509,2490.227966,243.588237,2:00,4.64566,2.61335,6.20766,-20.02115,9.6126,17.50233,2.98201,-0.63442,88.28384,-3.760557,-1.942785,0.3918,,,,,,,,,,,,-10.36127,5.25603,-2.23879,50,4.63594,11.6764,-139.99412,-0.6587,-20.64011,30.48458,-21.70381,BOC_EAG,LIB_FLA,UGeorgia,D1,SEC,20260529-UGeorgia-1,7f60fc40-5b80-11f1-8b41-2fa142449b60,96.20321,,,8.33988,,,,,,,f32c6353-0729-4132-b934-ffed9b5f81bf,2026-05-29,17:04:39.16,2026-05-29T13:04:39.1680000-04:00,2026-05-29T17:04:39.1680000Z,,v3,227,471336,,"Hvidsten, Kyle",1000230326,Right,LIB_FLA,d47c0d8c-eba6-4a84-9a0e-2fc2e7e1abc9,54.29348,-140.92595,15.24229,4.64593,0.00473,-10.85191,-2.60535,12.30731,-10.32006,,,,,,,,,,,,,,,,,,,,,,,,,,,,,66.33168,3.025932,1.981645,1.044287,-1.81179,2.76232,0.73853,1.55089,5.0222,2.98055,74.97349,7.4616,-49.82355,1.58224,74.98334,-4.50426,5.08382,18.39076,-15.42808,2.90225,-57.56767,6.77579,High,High,High,,,High,High,High,,,,,,,,,,,,,,,,,,,,,,,,,,,,,,,,,,
105,2026-05-29,13:07:03.15,1,1,"Colarusso, AJ",1000090794,Left,BOC_EAG,"Scilley, Landon",10049359,Right,LIB_FLA,Undefined,4,Top,0,0,0,FourSeamFastBall,Four-Seam,BallCalled,Undefined,Undefined,Undefined,0,0,,88.22024,0.255582,2.085578,2125.831115,143.081684,10:45,5.97818,-1.07445,5.85988,-20.81131,15.36954,-10.63481,4.48152,-0.02218,79.97892,-3.685885,0.179648,0.432923,,,,,,,,,,,,6.00681,8.12351,0.91116,50,5.98686,-4.2008,-127.98195,-0.06482,9.89789,28.01981,-18.78828,BOC_EAG,LIB_FLA,UGeorgia,D1,SEC,20260529-UGeorgia-1,d538d890-5b80-11f1-8b41-2fa142449b60,87.06498,,,8.24131,,,,,,,f32c6353-0729-4132-b934-ffed9b5f81bf,2026-05-29,17:07:03.15,2026-05-29T13:07:03.1502848-04:00,2026-05-29T17:07:03.1502848Z,,v3,227,471336,,"Johnson, Gunnar",1000100233,Right,BOC_EAG,c5048a0f-c39a-4e3c-b19f-635df8146c61,54.6378,-128.99334,14.0099,5.97696,0.61335,-9.39414,1.06924,-4.55807,4.94894,,,,,,,,,,,,,,,,,,,,,,,,,,,,,,,,,,,,,,,,,,,,,,,,,,,High,High,High,,,,,,,,,,,,,,,,,,,,,,,,,,,,,,,,,,,,,,,
106,2026-05-29,13:07:13.65,1,2,"Colarusso, AJ",1000090794,Left,BOC_EAG,"Scilley, Landon",10049359,Right,LIB_FLA,Undefined,4,Top,0,1,0,Cutter,Slider,BallCalled,Undefined,Undefined,Undefined,0,0,,83.01907,1.771354,0.164645,2354.13929,253.212237,2:30,5.73781,-1.59834,5.23727,-38.69034,2.56193,4.53587,4.17912,-1.06559,76.42011,-5.284007,0.968898,0.46227,,,,,,,,,,,,-2.21354,1.22264,1.57973,50,5.87202,-0.541,-120.55085,2.31258,-3.28325,21.69292,-30.36057,BOC_EAG,LIB_FLA,UGeorgia,D1,SEC,20260529-UGeorgia-1,db82f410-5b80-11f1-8b41-2fa142449b60,81.53778,,,6.59895,,,,,,,f32c6353-0729-4132-b934-ffed9b5f81bf,2026-05-29,17:07:13.65,2026-05-29T13:07:13.6559616-04:00,2026-05-29T17:07:13.6559616Z,,v3,227,471336,,"Johnson, Gunnar",1000100233,Right,BOC_EAG,517a311a-028a-4e69-9474-c1f0e3bc82ed,55.26338,-121.49429,10.84646,5.74274,3.63299,-15.18029,1.60015,-0.39821,-1.64162,,,,,,,,,,,,,,,,,,,,,,,,,,,,,,,,,,,,,,,,,,,,,,,,,,,High,High,High,,,,,,,,,,,,,,,,,,,,,,,,,,,,,,,,,,,,,,,
107,2026-05-29,13:07:25.86,1,3,"Colarusso, AJ",1000090794,Left,BOC_EAG,"Scilley, Landon",10049359,Right,LIB_FLA,Undefined,4,Top,0,2,0,FourSeamFastBall,Four-Seam,StrikeCalled,Undefined,Undefined,Undefined,0,0,,89.53577,-1.490067,2.348924,2140.705567,148.953673,11:00,6.03427,-0.80277,5.78532,-18.68788,16.42064,-9.19323,3.08914,0.61773,81.62533,-5.021732,0.703687,0.426459,,,,,,,,,,,,5.3391,9.1326,0.61454,50,5.90014,-4.92837,-129.88237,-3.9588,9.1001,27.76441,-16.60814,BOC_EAG,LIB_FLA,UGeorgia,D1,SEC,20260529-UGeorgia-1,e2bdb120-5b80-11f1-8b41-2fa142449b60,88.38459,,,7.91044,,,,,,,f32c6353-0729-4132-b934-ffed9b5f81bf,2026-05-29,17:07:25.86,2026-05-29T13:07:25.8602496-04:00,2026-05-29T17:07:25.8602496Z,,v3,227,471336,,"Johnson, Gunnar",1000100233,Right,BOC_EAG,4239ed97-41ad-4b0a-b7b0-aa8faa31e9f0,54.7138,-130.88614,13.88221,6.03241,-3.35836,-8.30407,0.79866,-5.25737,4.55005,,,,,,,,,,,,,,,,,,,,,,,,,,,,,,,,,,,,,,,,,,,,,,,,,,,High,High,High,,,,,,,,,,,,,,,,,,,,,,,,,,,,,,,,,,,,,,,
108,2026-05-29,13:07:56.34,1,4,"Colarusso, AJ",1000090794,Left,BOC_EAG,"Scilley, Landon",10049359,Right,LIB_FLA,Undefined,4,Top,0,2,1,FourSeamFastBall,Four-Seam,StrikeCalled,Undefined,Undefined,Undefined,0,0,,89.59023,-2.28313,2.032573,2075.310282,153.160177,11:00,5.92021,-0.96583,5.82483,-16.91072,17.96095,-8.53252,2.38593,0.21357,82.08154,-5.484433,0.503947,0.425018,,,,,,,,,,,,4.9065,10.12658,0.80469,50,5.72338,-4.24938,-130.00589,-5.69181,8.41729,26.64614,-14.80155,BOC_EAG,LIB_FLA,UGeorgia,D1,SEC,20260529-UGeorgia-1,f4ec89c0-5b80-11f1-8b41-2fa142449b60,88.68424,,,7.50869,,,,,,,f32c6353-0729-4132-b934-ffed9b5f81bf,2026-05-29,17:07:56.34,2026-05-29T13:07:56.3469824-04:00,2026-05-29T17:07:56.3469824Z,,v3,227,471336,,"Johnson, Gunnar",1000100233,Right,BOC_EAG,5fd00d23-a54c-4c08-be77-f2f686879b51,54.67529,-130.96064,13.32307,5.91782,-5.16146,-7.40077,0.96235,-4.55097,4.20864,,,,,,,,,,,,,,,,,,,,,,,,,,,,,,,,,,,,,,,,,,,,,,,,,,,High,High,High,,,,,,,,,,,,,,,,,,,,,,,,,,,,,,,,,,,,,,,
109,2026-05-29,13:08:13.86,1,5,"Colarusso, AJ",1000090794,Left,BOC_EAG,"Scilley, Landon",10049359,Right,LIB_FLA,Undefined,4,Top,0,2,2,ChangeUp,Changeup,BallCalled,Undefined,Undefined,Undefined,0,0,,84.15786,-2.122105,2.832879,1622.632423,121.454276,10:00,5.77709,-1.19736,5.7767,-28.93025,10.36442,-15.09284,1.38825,0.18312,77.98777,-7.453515,0.130169,0.451168,,,,,,,,,,,,8.41225,6.16792,0.97248,50,5.58396,-5.44634,-122.18811,-5.4769,12.85799,21.5888,-22.74649,BOC_EAG,LIB_FLA,UGeorgia,D1,SEC,20260529-UGeorgia-1,ff6274a0-5b80-11f1-8b41-2fa142449b60,83.54415,,,6.17009,,,,,,,f32c6353-0729-4132-b934-ffed9b5f81bf,2026-05-29,17:08:13.86,2026-05-29T13:08:13.8619392-04:00,2026-05-29T17:08:13.8619392Z,,v3,227,471336,,"Johnson, Gunnar",1000100233,Right,BOC_EAG,25152602-df36-44b6-98ee-a843637265f9,54.72555,-123.02021,10.7944,5.77816,-4.60018,-11.37325,1.19195,-5.94192,6.429,,,,,,,,,,,,,,,,,,,,,,,,,,,,,,,,,,,,,,,,,,,,,,,,,,,High,High,High,,,,,,,,,,,,,,,,,,,,,,,,,,,,,,,,,,,,,,,
110,2026-05-29,13:08:28.95,1,6,"Colarusso, AJ",1000090794,Left,BOC_EAG,"Scilley, Landon",10049359,Right,LIB_FLA,Undefined,4,Top,0,3,2,FourSeamFastBall,Four-Seam,InPlay,Undefined,LineDrive,Single,0,0,,89.89455,-2.089944,2.405311,2037.426284,143.156577,10:45,5.85477,-1.01948,5.78582,-19.05371,15.76269,-10.96123,2.31997,0.30621,82.08678,-5.678478,0.443262,0.424682,92.40485,10.692688,0.270309,2189.303481,109.74653,15.67268,7.46234,240.73009,239.6226,8.749815,2.34193,6.29658,8.97941,0.82791,50,5.67095,-5.01023,-130.39609,-5.36491,10.82222,27.8646,-16.74071,BOC_EAG,LIB_FLA,UGeorgia,D1,SEC,20260529-UGeorgia-1,0857b2f0-5b81-11f1-8b41-2fa142449b60,88.7546,16.05806,,7.80777,,,,1.11903,2.26139,-0.29304,f32c6353-0729-4132-b934-ffed9b5f81bf,2026-05-29,17:08:28.95,2026-05-29T13:08:28.9523712-04:00,2026-05-29T17:08:28.9523712Z,LineDrive,v3,227,471336,,"Johnson, Gunnar",1000100233,Right,BOC_EAG,ba786472-22b7-44cb-b6a8-17332d1a363d,54.71497,-131.39978,13.9323,5.85333,-4.76191,-8.37035,1.0154,-5.40004,5.41111,232.823892,1.11903,133.17182,-19.02609,3.21114,-0.50717,0.03656,0.01255,-0.00475,0.00053,2.26139,25.14624,-11.63344,0.21785,-0.22064,0.26583,-0.13725,0.03551,-0.00366,-0.29304,0.62902,10.52063,-2.55107,0.20786,0.29124,-0.18894,0.05105,-0.00532,,,,,,,,,,,,,,,,,,,,,,,High,High,High,High,High,,,,,,,,,,,,,,,,,,,,,,,,,,,,,,,,,,,,,
111,2026-05-29,13:09:17.03,2,1,"Colarusso, AJ",1000090794,Left,BOC_EAG,"Hvidsten, Kyle",1000230326,Right,LIB_FLA,Undefined,4,Top,0,0,0,Cutter,Slider,InPlay,Undefined,FlyBall,Out,1,0,,84.54191,-0.777566,1.409801,2378.0756,228.255082,1:30,5.75851,-1.47339,5.46328,-32.52541,7.1915,6.66859,2.32,0.40215,77.5805,-6.74863,2.597399,0.453585,85.59447,36.915227,12.976945,4009.733034,104.58625,70.32875,34.08325,306.93556,298.55893,27.171025,5.057839,-2.99906,4.19012,1.3444,50,5.66771,-3.29478,-122.73815,-2.79759,-4.57215,24.43009,-25.78612,BOC_EAG,LIB_FLA,UGeorgia,D1,SEC,20260529-UGeorgia-1,250501f0-5b81-11f1-8b41-2fa142449b60,83.09888,85.22487,,6.96141,,,,1.33142,2.37561,-0.40527,f32c6353-0729-4132-b934-ffed9b5f81bf,2026-05-29,17:09:17.03,2026-05-29T13:09:17.0313728-04:00,2026-05-29T17:09:17.0313728Z,FlyBall,v3,227,471336,,"Johnson, Gunnar",1000100233,Right,BOC_EAG,e0de55e6-f9ab-4f47-ad09-4b3abc3e6788,55.03828,-123.73692,12.21504,5.76053,-1.74339,-12.89306,1.47528,-3.10786,-2.28608,218.761345,1.33926,97.65076,-18.27592,3.07423,0.00714,-0.18902,0.04552,-0.00385,8E-05,2.37745,75.35621,-19.40568,1.03019,0.19483,-0.19341,0.06338,-0.00924,0.0005,-0.40422,22.5116,4.64555,-1.98282,0.66634,-0.21383,0.05295,-0.00742,0.00041,,,,,,,,,,,,,,,,,,,,,,,High,High,High,High,Medium,,,,,,,,,,,,,,,,,,,,,,,,,,,,,,,,,,,,,
112,2026-05-29,13:10:20.05,3,1,"Colarusso, AJ",1000090794,Left,BOC_EAG,"Campos, Josh",815576,Right,LIB_FLA,Undefined,4,Top,1,0,0,ChangeUp,Changeup,StrikeSwinging,Undefined,Undefined,Undefined,0,0,,83.52583,-1.510805,1.472074,1817.152483,117.413876,10:00,5.74835,-1.23456,5.50658,-32.65187,7.84241,-12.7354,1.61361,-0.9188,76.95257,-7.498948,-0.800052,0.458003,,,,,,,,,,,,6.82575,4.74603,1.11482,50,5.59444,-2.59155,-121.27533,-4.32088,10.20366,22.88679,-25.07932,BOC_EAG,LIB_FLA,UGeorgia,D1,SEC,20260529-UGeorgia-1,4a98e940-5b81-11f1-8b41-2fa142449b60,82.29741,,,6.57326,,,,,,,f32c6353-0729-4132-b934-ffed9b5f81bf,2026-05-29,17:10:20.05,2026-05-29T13:10:20.0531456-04:00,2026-05-29T17:10:20.0531456Z,,v3,227,471336,,"Johnson, Gunnar",1000100233,Right,BOC_EAG,b16b20a8-2aa9-4c8d-a1a8-236c9b816d8a,54.99445,-122.21424,11.4434,5.7506,-3.29202,-12.53966,1.22972,-3.01014,5.10183,,,,,,,,,,,,,,,,,,,,,,,,,,,,,,,,,,,,,,,,,,,,,,,,,,,High,High,High,,,,,,,,,,,,,,,,,,,,,,,,,,,,,,,,,,,,,,,
113,2026-05-29,13:10:35.48,3,2,"Colarusso, AJ",1000090794,Left,BOC_EAG,"Campos, Josh",815576,Right,LIB_FLA,Undefined,4,Top,1,0,1,ChangeUp,Changeup,BallCalled,Undefined,Undefined,Undefined,0,0,,84.76739,-3.089613,2.637836,1764.648917,117.240339,10:00,5.79122,-1.11122,5.49132,-30.86313,8.27406,-13.92186,0.32307,0.19808,78.85986,-8.709624,0.155676,0.450263,,,,,,,,,,,,7.74099,5.25449,0.89003,50,5.499,-5.10309,-122.98975,-7.71836,12.00579,21.5247,-24.02467,BOC_EAG,LIB_FLA,UGeorgia,D1,SEC,20260529-UGeorgia-1,53c38f70-5b81-11f1-8b41-2fa142449b60,83.71206,,,5.90753,,,,,,,f32c6353-0729-4132-b934-ffed9b5f81bf,2026-05-29,17:10:35.48,2026-05-29T13:10:35.4812928-04:00,2026-05-29T17:10:35.4812928Z,,v3,227,471336,,"Johnson, Gunnar",1000100233,Right,BOC_EAG,bfde8a5c-70ce-4a66-9ad1-2b34bc295137,55.01217,-123.86384,10.76235,5.79262,-6.74275,-12.01234,1.10716,-5.59063,6.0029,,,,,,,,,,,,,,,,,,,,,,,,,,,,,,,,,,,,,,,,,,,,,,,,,,,High,High,High,,,,,,,,,,,,,,,,,,,,,,,,,,,,,,,,,,,,,,,
114,2026-05-29,13:10:53.73,3,3,"Colarusso, AJ",1000090794,Left,BOC_EAG,"Campos, Josh",815576,Right,LIB_FLA,Undefined,4,Top,1,1,1,ChangeUp,Changeup,StrikeCalled,Undefined,Undefined,Undefined,0,0,,83.60607,-2.241902,2.856808,1770.569583,132.3408,10:30,5.77203,-1.14899,5.45972,-28.8688,11.32745,-11.19568,1.26407,0.59438,77.69892,-7.525713,0.864316,0.456314,,,,,,,,,,,,6.35926,6.59705,0.90509,50,5.55425,-5.60205,-121.3525,-5.73706,9.61798,20.58206,-22.19636,BOC_EAG,LIB_FLA,UGeorgia,D1,SEC,20260529-UGeorgia-1,5eabc420-5b81-11f1-8b41-2fa142449b60,82.60193,,,5.90715,,,,,,,f32c6353-0729-4132-b934-ffed9b5f81bf,2026-05-29,17:10:53.73,2026-05-29T13:10:53.7359360-04:00,2026-05-29T17:10:53.7359360Z,,v3,227,471336,,"Johnson, Gunnar",1000100233,Right,BOC_EAG,4784754d-93fd-4936-bce2-917bab766ff7,55.04278,-122.20479,10.29103,5.77279,-4.81792,-11.09818,1.14531,-6.00033,4.80899,,,,,,,,,,,,,,,,,,,,,,,,,,,,,,,,,,,,,,,,,,,,,,,,,,,High,High,High,,,,,,,,,,,,,,,,,,,,,,,,,,,,,,,,,,,,,,,
115,2026-05-29,13:11:13.27,3,4,"Colarusso, AJ",1000090794,Left,BOC_EAG,"Campos, Josh",815576,Right,LIB_FLA,Undefined,4,Top,1,1,2,FourSeamFastBall,Four-Seam,BallCalled,Undefined,Undefined,Undefined,0,0,,90.72026,-0.558251,0.191356,2077.408981,140.766893,10:45,5.87739,-1.10551,5.31553,-19.05973,15.33619,-11.70571,3.7651,-1.90138,83.50136,-4.105948,-1.887136,0.422109,,,,,,,,,,,,5.90185,8.13548,1.09687,50,5.81321,0.09962,-131.80516,-1.95105,10.47081,25.7785,-17.74049,BOC_EAG,LIB_FLA,UGeorgia,D1,SEC,20260529-UGeorgia-1,6a57be00-5b81-11f1-8b41-2fa142449b60,89.29544,,,7.21889,,,,,,,f32c6353-0729-4132-b934-ffed9b5f81bf,2026-05-29,17:11:13.27,2026-05-29T13:11:13.2730880-04:00,2026-05-29T17:11:13.2730880Z,,v3,227,471336,,"Johnson, Gunnar",1000100233,Right,BOC_EAG,49b752a3-c676-4d54-8e23-dc11c288dbde,55.185,-132.81537,12.88925,5.87604,-1.25583,-8.87025,1.10101,-0.31071,5.2354,,,,,,,,,,,,,,,,,,,,,,,,,,,,,,,,,,,,,,,,,,,,,,,,,,,High,High,High,,,,,,,,,,,,,,,,,,,,,,,,,,,,,,,,,,,,,,,
116,2026-05-29,13:11:32.29,3,5,"Colarusso, AJ",1000090794,Left,BOC_EAG,"Campos, Josh",815576,Right,LIB_FLA,Undefined,4,Top,1,2,2,ChangeUp,Changeup,StrikeCalled,Strikeout,Undefined,Undefined,0,0,,83.50311,-1.653909,3.262373,1829.136025,114.555791,9:45,5.7519,-1.2653,5.63389,-31.8201,8.15095,-15.43926,1.55417,0.49524,77.69058,-7.480654,0.506271,0.455034,,,,,,,,,,,,8.643,4.86205,0.99771,50,5.59031,-6.3001,-121.26424,-4.57779,13.06842,20.28246,-24.82252,BOC_EAG,LIB_FLA,UGeorgia,D1,SEC,20260529-UGeorgia-1,75a7b530-5b81-11f1-8b41-2fa142449b60,82.83426,,,5.81253,,,,,,,f32c6353-0729-4132-b934-ffed9b5f81bf,2026-05-29,17:11:32.29,2026-05-29T13:11:32.2903040-04:00,2026-05-29T17:11:32.2903040Z,,v3,227,471336,,"Johnson, Gunnar",1000100233,Right,BOC_EAG,8435b58a-2ac2-48fa-9a13-70f164a93aba,54.86948,-122.07598,10.14123,5.75364,-3.58435,-12.41126,1.26032,-6.82312,6.53421,,,,,,,,,,,,,,,,,,,,,,,,,,,,,,,,,,,,,,,,,,,,,,,,,,,High,High,High,,,,,,,,,,,,,,,,,,,,,,,,,,,,,,,,,,,,,,,
117,2026-05-29,13:12:20.50,4,1,"Colarusso, AJ",1000090794,Left,BOC_EAG,"Marsh, Tanner",835651,Right,LIB_FLA,Undefined,4,Top,2,0,0,Curveball,Curveball,StrikeCalled,Undefined,Undefined,Undefined,0,0,,76.54725,1.382104,-0.287128,2592.227434,295.430655,3:45,5.88534,-1.29548,5.08292,-53.17857,-4.23559,11.97335,2.75688,-0.56835,70.64315,-8.227664,1.832906,0.50352,,,,,,,,,,,,-6.01725,-2.01079,1.31284,50,5.97413,0.07875,-111.16225,0.81527,-7.55602,19.26353,-34.69905,BOC_EAG,LIB_FLA,UGeorgia,D1,SEC,20260529-UGeorgia-1,92661b30-5b81-11f1-8b41-2fa142449b60,74.85791,,,5.90411,,,,,,,f32c6353-0729-4132-b934-ffed9b5f81bf,2026-05-29,17:12:20.50,2026-05-29T13:12:20.5022208-04:00,2026-05-29T17:12:20.5022208Z,,v3,227,471336,,"Johnson, Gunnar",1000100233,Right,BOC_EAG,8c0a53d1-fb49-4cff-aafb-0f8f43ffd94a,55.42005,-112.09757,9.63177,5.89364,2.50004,-17.34952,1.30011,0.44562,-3.77801,,,,,,,,,,,,,,,,,,,,,,,,,,,,,,,,,,,,,,,,,,,,,,,,,,,High,High,High,,,,,,,,,,,,,,,,,,,,,,,,,,,,,,,,,,,,,,,
118,2026-05-29,13:12:37.63,4,2,"Colarusso, AJ",1000090794,Left,BOC_EAG,"Marsh, Tanner",835651,Right,LIB_FLA,Undefined,4,Top,2,0,1,FourSeamFastBall,Four-Seam,BallCalled,Undefined,Undefined,Undefined,0,0,,90.5786,-1.706324,0.854197,2117.899042,145.034373,10:45,5.8849,-1.05685,5.58006,-16.52611,17.98206,-11.79323,2.91344,-1.24178,82.65182,-4.834144,-1.250322,0.422797,,,,,,,,,,,,6.17193,9.89693,0.99109,50,5.72743,-1.42502,-131.44368,-4.42885,10.78477,28.17782,-14.88027,BOC_EAG,LIB_FLA,UGeorgia,D1,SEC,20260529-UGeorgia-1,9c9a9040-5b81-11f1-8b41-2fa142449b60,89.15014,,,7.92678,,,,,,,f32c6353-0729-4132-b934-ffed9b5f81bf,2026-05-29,17:12:37.63,2026-05-29T13:12:37.6377344-04:00,2026-05-29T17:12:37.6377344Z,,v3,227,471336,,"Johnson, Gunnar",1000100233,Right,BOC_EAG,e5730f0c-bab6-461f-80e5-2670efc14d32,54.91884,-132.49394,14.08891,5.88217,-3.87422,-7.44013,1.0517,-1.827,5.39239,,,,,,,,,,,,,,,,,,,,,,,,,,,,,,,,,,,,,,,,,,,,,,,,,,,High,High,High,,,,,,,,,,,,,,,,,,,,,,,,,,,,,,,,,,,,,,,
119,2026-05-29,13:13:11.80,4,3,"Colarusso, AJ",1000090794,Left,BOC_EAG,"Marsh, Tanner",835651,Right,LIB_FLA,Undefined,4,Top,2,1,1,Cutter,Slider,BallCalled,Undefined,Undefined,Undefined,0,0,,83.85578,1.027354,-0.351072,2383.82965,274.449217,3:15,5.74494,-1.39561,5.11944,-40.21455,0.38382,10.20331,3.36162,-0.87605,77.31523,-6.270947,1.455309,0.458591,,,,,,,,,,,,-5.15729,0.30409,1.42039,50,5.81022,0.30174,-121.80334,0.66368,-7.80421,22.29408,-31.71389,BOC_EAG,LIB_FLA,UGeorgia,D1,SEC,20260529-UGeorgia-1,b0f5e5d0-5b81-11f1-8b41-2fa142449b60,82.19182,,,6.54056,,,,,,,f32c6353-0729-4132-b934-ffed9b5f81bf,2026-05-29,17:13:11.80,2026-05-29T13:13:11.8039552-04:00,2026-05-29T17:13:11.8039552Z,,v3,227,471336,,"Johnson, Gunnar",1000100233,Right,BOC_EAG,9134f315-7be9-4dec-80b6-95fa891c68cf,55.38235,-122.78453,11.14704,5.75029,2.05947,-15.85695,1.39956,0.64522,-3.90211,,,,,,,,,,,,,,,,,,,,,,,,,,,,,,,,,,,,,,,,,,,,,,,,,,,High,High,High,,,,,,,,,,,,,,,,,,,,,,,,,,,,,,,,,,,,,,,
120,2026-05-29,13:13:31.73,4,4,"Colarusso, AJ",1000090794,Left,BOC_EAG,"Marsh, Tanner",835651,Right,LIB_FLA,Undefined,4,Top,2,2,1,Cutter,Slider,InPlay,Undefined,GroundBall,Double,0,0,,84.57316,-1.041224,1.26588,2414.65963,224.11812,1:30,5.7356,-1.36923,5.22991,-32.27817,7.51674,6.15343,2.06659,0.33376,78.08641,-6.926886,2.357315,0.454031,101.10827,-0.932722,-36.02139,4188.248602,,,,41.8512,40.98748,-34.731859,0.278532,-2.77819,4.36166,1.2477,50,5.61545,-2.97247,-122.82175,-3.39728,-4.26996,22.91952,-25.47032,BOC_EAG,LIB_FLA,UGeorgia,D1,SEC,20260529-UGeorgia-1,bcd572d0-5b81-11f1-8b41-2fa142449b60,83.01739,2.36045,,6.48675,,,,2.63402,2.36045,-0.45567,f32c6353-0729-4132-b934-ffed9b5f81bf,2026-05-29,17:13:31.73,2026-05-29T13:13:31.7347328-04:00,2026-05-29T17:13:31.7347328Z,GroundBall,v3,227,471336,,"Johnson, Gunnar",1000100233,Right,BOC_EAG,bb3f96c6-462a-4053-97e5-8cee8eac311c,55.2723,-123.80169,11.45976,5.73742,-2.30827,-12.73516,1.37089,-2.78991,-2.13498,,2.63796,119.73387,-20.58592,,,,,,,2.36396,-2.58197,-21.24549,,,,,,,-0.45737,-87.11611,11.33686,,,,,,,,,,,,,,,,,,,,,,,,,,,,,High,High,High,High,High,,,,,,,,,,,,,,,,,,,,,,,,,,,,,,,,,,,,,
121,2026-05-29,13:14:14.88,5,1,"Colarusso, AJ",1000090794,Left,BOC_EAG,"Decandido, Riley",1000092865,Left,LIB_FLA,Undefined,4,Top,2,0,0,FourSeamFastBall,Four-Seam,BallCalled,Undefined,Undefined,Undefined,0,0,,90.12185,-3.555505,2.927102,2101.082972,152.164694,11:00,5.94431,-0.95347,5.64093,-17.66607,17.42001,-8.56319,1.14663,1.06598,82.05255,-6.883646,1.399519,0.426323,,,,,,,,,,,,5.2102,10.24123,0.71021,50,5.63047,-6.29229,-130.40946,-8.66756,8.9241,28.80855,-14.63276,BOC_EAG,LIB_FLA,UGeorgia,D1,SEC,20260529-UGeorgia-1,d6905cd0-5b81-11f1-8b41-2fa142449b60,88.41282,,,8.0693,,,,,,,f32c6353-0729-4132-b934-ffed9b5f81bf,2026-05-29,17:14:14.88,2026-05-29T13:14:14.8851712-04:00,2026-05-29T17:14:14.8851712Z,,v3,227,471336,,"Johnson, Gunnar",1000100233,Right,BOC_EAG,b21b80a2-022d-4f68-ade7-9c70634b4ccf,54.85868,-131.4784,14.40428,5.94201,-8.12461,-7.31638,0.94983,-6.62342,4.46205,,,,,,,,,,,,,,,,,,,,,,,,,,,,,,,,,,,,,,,,,,,,,,,,,,,High,High,High,,,,,,,,,,,,,,,,,,,,,,,,,,,,,,,,,,,,,,,
122,2026-05-29,13:14:30.54,5,2,"Colarusso, AJ",1000090794,Left,BOC_EAG,"Decandido, Riley",1000092865,Left,LIB_FLA,Undefined,4,Top,2,1,0,Cutter,Slider,StrikeCalled,Undefined,Undefined,Undefined,0,0,,85.56481,-1.738644,1.697524,2346.725382,236.466573,2:00,5.76447,-1.38612,5.4768,-33.32947,5.29902,6.253,1.35885,0.7239,79.00189,-7.820444,2.811819,0.447327,,,,,,,,,,,,-2.71689,3.48079,1.23258,50,5.58889,-3.94272,-124.21433,-4.96087,-4.26234,23.91576,-26.71325,BOC_EAG,LIB_FLA,UGeorgia,D1,SEC,20260529-UGeorgia-1,dfe93ef0-5b81-11f1-8b41-2fa142449b60,84.26146,,,6.56292,,,,,,,f32c6353-0729-4132-b934-ffed9b5f81bf,2026-05-29,17:14:30.54,2026-05-29T13:14:30.5413632-04:00,2026-05-29T17:14:30.5413632Z,,v3,227,471336,,"Johnson, Gunnar",1000100233,Right,BOC_EAG,580f86b2-5b39-496e-b347-e22dfef7888a,55.02468,-125.17803,11.95788,5.76711,-3.88445,-13.35662,1.38799,-3.77097,-2.13117,,,,,,,,,,,,,,,,,,,,,,,,,,,,,,,,,,,,,,,,,,,,,,,,,,,High,High,High,,,,,,,,,,,,,,,,,,,,,,,,,,,,,,,,,,,,,,,
123,2026-05-29,13:14:47.97,5,3,"Colarusso, AJ",1000090794,Left,BOC_EAG,"Decandido, Riley",1000092865,Left,LIB_FLA,Undefined,4,Top,2,1,1,Cutter,Slider,BallCalled,Undefined,Undefined,Undefined,0,0,,85.35033,-1.389976,2.686765,2399.589194,255.301534,2:30,5.71384,-1.28143,5.52525,-36.18612,2.45725,5.17236,1.39714,1.66333,79.14201,-7.97184,3.608286,0.447413,,,,,,,,,,,,-1.93835,1.93146,1.04402,50,5.56844,-6.02876,-123.90671,-4.30705,-3.03776,22.88829,-29.14712,BOC_EAG,LIB_FLA,UGeorgia,D1,SEC,20260529-UGeorgia-1,ea4bc8e0-5b81-11f1-8b41-2fa142449b60,84.24521,,,6.20832,,,,,,,f32c6353-0729-4132-b934-ffed9b5f81bf,2026-05-29,17:14:47.97,2026-05-29T13:14:47.9707648-04:00,2026-05-29T17:14:47.9707648Z,,v3,227,471336,,"Johnson, Gunnar",1000100233,Right,BOC_EAG,5a832501-640d-4dd0-90c9-5e6a54f6dbf2,54.97685,-124.82265,11.44414,5.71746,-3.14063,-14.57356,1.28285,-5.9072,-1.51888,,,,,,,,,,,,,,,,,,,,,,,,,,,,,,,,,,,,,,,,,,,,,,,,,,,High,High,High,,,,,,,,,,,,,,,,,,,,,,,,,,,,,,,,,,,,,,,
124,2026-05-29,13:15:09.70,5,4,"Colarusso, AJ",1000090794,Left,BOC_EAG,"Decandido, Riley",1000092865,Left,LIB_FLA,Undefined,4,Top,2,2,1,ChangeUp,Changeup,BallCalled,Undefined,Undefined,Undefined,0,0,,82.81961,-2.649143,4.279772,1731.105429,124.179599,10:15,5.86183,-0.96226,5.68502,-31.36439,9.80682,-12.53808,0.77014,1.98962,76.28534,-8.412894,2.043492,0.461815,,,,,,,,,,,,7.5065,6.09705,0.60923,50,5.61841,-8.46892,-119.89006,-6.58907,10.96665,22.36273,-23.26656,BOC_EAG,LIB_FLA,UGeorgia,D1,SEC,20260529-UGeorgia-1,f73ffa30-5b81-11f1-8b41-2fa142449b60,81.61804,,,6.53427,,,,,,,f32c6353-0729-4132-b934-ffed9b5f81bf,2026-05-29,17:15:09.70,2026-05-29T13:15:09.7048064-04:00,2026-05-29T17:15:09.7048064Z,,v3,227,471336,,"Johnson, Gunnar",1000100233,Right,BOC_EAG,15012b4a-e89b-4d03-894d-ea6d384f12e9,54.81558,-120.78495,11.18137,5.86345,-5.658,-11.63328,0.95692,-8.90778,5.48333,,,,,,,,,,,,,,,,,,,,,,,,,,,,,,,,,,,,,,,,,,,,,,,,,,,High,High,High,,,,,,,,,,,,,,,,,,,,,,,,,,,,,,,,,,,,,,,
125,2026-05-29,13:15:27.27,5,5,"Colarusso, AJ",1000090794,Left,BOC_EAG,"Decandido, Riley",1000092865,Left,LIB_FLA,Undefined,4,Top,2,3,1,FourSeamFastBall,Four-Seam,InPlay,Undefined,GroundBall,Out,1,0,,89.73261,-1.891647,2.432683,2098.102169,151.726264,11:00,5.94691,-0.91583,5.69697,-18.1271,17.21292,-8.59193,2.67123,0.63659,81.25732,-5.330546,0.897725,0.427863,105.4867,-5.133141,16.802219,,,,,28.75114,28.75114,14.332636,0.179473,5.14654,9.70839,0.71703,50,5.77689,-5.15476,-130.04413,-4.86042,8.72202,29.90619,-15.72084,BOC_EAG,LIB_FLA,UGeorgia,D1,SEC,20260529-UGeorgia-1,01af7c70-5b82-11f1-8b41-2fa142449b60,88.09466,2.81573,,8.47529,,,,2.01343,2.81573,-0.6595,f32c6353-0729-4132-b934-ffed9b5f81bf,2026-05-29,17:15:27.27,2026-05-29T13:15:27.2715264-04:00,2026-05-29T17:15:27.2715264Z,GroundBall,v3,227,471336,,"Johnson, Gunnar",1000100233,Right,BOC_EAG,def8a03b-128f-4815-b901-ab1a8fb35e66,54.80298,-131.14402,14.9531,5.94501,-4.28224,-7.86042,0.91251,-5.47554,4.36101,167.348884,2.01436,147.44595,-19.29577,,,,,,,2.81576,-13.8446,-10.27827,,,,,,,-0.65916,44.51865,-6.63373,,,,,,,,,,,,,,,,,,,,,,,,,,,,,High,High,High,High,High,,,,,,,,,,,,,,,,,,,,,,,,,,,,,,,,,,,,,
126,2026-05-29,13:17:55.80,1,1,"Blair, Benjamin",1000115932,Right,LIB_FLA,"Toomey, Jack",809057,Right,BOC_EAG,Undefined,4,Bottom,0,0,0,Slider,Slider,BallCalled,Undefined,Undefined,Undefined,0,0,,82.8424,-1.035356,-2.331338,2433.975469,100.945519,9:15,5.01934,2.70305,6.46608,-35.40939,4.40689,-16.62773,1.1167,-0.82509,76.44601,-7.60841,-5.344336,0.454153,,,,,,,,,,,,8.10217,2.95083,-2.53139,50,4.93052,5.48881,-120.42297,-3.21371,11.8856,23.60475,-27.8453,BOC_EAG,LIB_FLA,UGeorgia,D1,SEC,20260529-UGeorgia-1,5a3e8980-5b82-11f1-8b41-2fa142449b60,82.99509,,,6.39639,,,,,,,f32c6353-0729-4132-b934-ffed9b5f81bf,2026-05-29,17:17:55.80,2026-05-29T13:17:55.8048256-04:00,2026-05-29T17:17:55.8048256Z,,v3,227,471336,,"Hvidsten, Kyle",1000230326,Right,LIB_FLA,b27636bd-b5fe-402e-85c8-d91e5d88f6c3,54.03657,-121.21162,11.80238,5.02235,-2.28339,-13.92265,-2.70814,5.09171,5.9428,,,,,,,,,,,,,,,,,,,,,,,,,,,,,,,,,,,,,,,,,,,,,,,,,,,High,High,High,,,,,,,,,,,,,,,,,,,,,,,,,,,,,,,,,,,,,,,
127,2026-05-29,13:18:09.74,1,2,"Blair, Benjamin",1000115932,Right,LIB_FLA,"Toomey, Jack",809057,Right,BOC_EAG,Undefined,4,Bottom,0,1,0,Sinker,Sinker,BallCalled,Undefined,Undefined,Undefined,0,0,,93.18015,-1.636293,-3.726315,2338.613109,248.766316,2:15,4.71189,2.89625,6.25998,-24.67131,7.16024,15.81229,1.14353,0.7731,85.22415,-6.249136,-0.87351,0.406069,,,,,,,,,,,,-9.26217,4.48292,-2.62706,50,4.57817,8.14301,-135.17344,-4.69048,-17.12372,29.6778,-23.88611,BOC_EAG,LIB_FLA,UGeorgia,D1,SEC,20260529-UGeorgia-1,628670d0-5b82-11f1-8b41-2fa142449b60,92.82268,,,7.956,,,,,,,f32c6353-0729-4132-b934-ffed9b5f81bf,2026-05-29,17:18:09.74,2026-05-29T13:18:09.7400832-04:00,2026-05-29T17:18:09.7400832Z,,v3,227,471336,,"Hvidsten, Kyle",1000230326,Right,LIB_FLA,776581fa-eee9-4b2b-bf12-95f88a690817,54.2417,-136.10154,14.8389,4.71317,-3.9435,-11.94305,-2.89009,8.6785,-8.56186,,,,,,,,,,,,,,,,,,,,,,,,,,,,,,,,,,,,,,,,,,,,,,,,,,,High,High,High,,,,,,,,,,,,,,,,,,,,,,,,,,,,,,,,,,,,,,,
128,2026-05-29,13:18:24.71,1,3,"Blair, Benjamin",1000115932,Right,LIB_FLA,"Toomey, Jack",809057,Right,BOC_EAG,Undefined,4,Bottom,0,2,0,Sinker,Sinker,InPlay,Undefined,FlyBall,Out,1,0,,93.98444,-0.211305,-3.67921,2408.299191,242.082065,2:00,4.67026,3.03991,6.24187,-22.06379,9.12233,15.40261,2.6363,0.92507,86.00549,-4.356407,-0.903212,0.401932,70.83708,39.038377,-33.984292,3309.922593,89.10221,64.80373,-64.50379,240.35483,207.88755,-37.90155,4.544864,-9.03103,5.0776,-2.77315,50,4.6435,8.13158,-136.44301,-1.2284,-17.06526,29.3511,-22.57928,BOC_EAG,LIB_FLA,UGeorgia,D1,SEC,20260529-UGeorgia-1,6b6da560-5b82-11f1-8b41-2fa142449b60,93.77826,68.19106,,7.97894,,,,1.44698,2.60943,-0.91332,f32c6353-0729-4132-b934-ffed9b5f81bf,2026-05-29,17:18:24.71,2026-05-29T13:18:24.7145472-04:00,2026-05-29T17:18:24.7145472Z,FlyBall,v3,227,471336,,"Hvidsten, Kyle",1000230326,Right,LIB_FLA,6e4da567-68bb-48ff-b12b-bff4df6c54cc,54.26053,-137.35646,14.67555,4.67079,-0.5257,-11.28964,-3.03448,8.66268,-8.53263,162.844162,1.45008,66.83951,-9.83915,1.25915,0.206,-0.22126,0.06101,-0.00679,0.00025,2.61021,65.41781,-18.30921,1.14125,-0.02644,-0.08073,0.03796,-0.00687,0.00044,-0.91513,-45.0574,4.05986,0.00205,-0.49225,0.30701,-0.0931,0.01389,-0.00081,,,,,,,,,,,,,,,,,,,,,,,High,High,High,High,Medium,,,,,,,,,,,,,,,,,,,,,,,,,,,,,,,,,,,,,
129,2026-05-29,13:18:59.53,2,1,"Blair, Benjamin",1000115932,Right,LIB_FLA,"Gallo, Luke",828057,Right,BOC_EAG,Undefined,4,Bottom,1,0,0,Sinker,Sinker,StrikeCalled,Undefined,Undefined,Undefined,0,0,,93.58141,-1.321827,-5.362645,2342.077239,240.958198,2:00,4.57386,3.05271,6.37352,-21.62922,9.83595,15.9278,1.54964,-0.56865,85.60637,-5.392607,-2.495032,0.403726,,,,,,,,,,,,-9.71666,5.78926,-2.67136,50,4.46791,12.0523,-135.50969,-3.82497,-18.11425,28.89395,-21.38149,BOC_EAG,LIB_FLA,UGeorgia,D1,SEC,20260529-UGeorgia-1,803921e0-5b82-11f1-8b41-2fa142449b60,93.3615,,,7.97504,,,,,,,f32c6353-0729-4132-b934-ffed9b5f81bf,2026-05-29,17:18:59.53,2026-05-29T13:18:59.5387904-04:00,2026-05-29T17:18:59.5387904Z,,v3,227,471336,,"Hvidsten, Kyle",1000230326,Right,LIB_FLA,ef850cdb-3bf4-415e-bfe4-cc8804df1935,54.1276,-136.38696,14.44698,4.57419,-3.17579,-10.69075,-3.04564,12.60228,-9.05712,,,,,,,,,,,,,,,,,,,,,,,,,,,,,,,,,,,,,,,,,,,,,,,,,,,High,High,High,,,,,,,,,,,,,,,,,,,,,,,,,,,,,,,,,,,,,,,
130,2026-05-29,13:19:13.84,2,2,"Blair, Benjamin",1000115932,Right,LIB_FLA,"Gallo, Luke",828057,Right,BOC_EAG,Undefined,4,Bottom,1,0,1,Sinker,Sinker,HitByPitch,Undefined,Undefined,Undefined,0,0,,93.74214,0.588888,-2.802976,2289.523621,252.559307,2:30,4.78848,3.03213,6.33249,-25.03749,6.14819,16.54863,3.24495,1.82807,85.81173,-4.103323,0.188624,0.401929,,,,,,,,,,,,-9.46953,3.30536,-2.83563,50,4.81944,6.00128,-136.24282,0.57342,-17.83266,29.40268,-25.9495,BOC_EAG,LIB_FLA,UGeorgia,D1,SEC,20260529-UGeorgia-1,88b8bb00-5b82-11f1-8b41-2fa142449b60,93.77893,,,7.93041,,,,,,,f32c6353-0729-4132-b934-ffed9b5f81bf,2026-05-29,17:19:13.84,2026-05-29T13:19:13.8417664-04:00,2026-05-29T17:19:13.8417664Z,,v3,227,471336,,"Hvidsten, Kyle",1000230326,Right,LIB_FLA,b362e891-1247-4ff8-a79c-0b79f969079d,54.17087,-137.13999,14.70134,4.78986,1.36522,-12.97475,-3.02705,6.54541,-8.91633,,,,,,,,,,,,,,,,,,,,,,,,,,,,,,,,,,,,,,,,,,,,,,,,,,,High,High,High,,,,,,,,,,,,,,,,,,,,,,,,,,,,,,,,,,,,,,,
131,2026-05-29,13:20:02.40,3,1,"Blair, Benjamin",1000115932,Right,LIB_FLA,"Wolff, Kyle",813479,Right,BOC_EAG,Undefined,4,Bottom,1,0,0,Slider,Slider,BallCalled,Undefined,Undefined,Undefined,0,0,,84.01549,-0.110563,-3.269914,2360.812938,102.066177,9:30,4.90723,2.63817,6.37692,-34.79809,4.22902,-14.1456,1.9055,-1.55238,77.11839,-6.579366,-5.822939,0.449629,,,,,,,,,,,,6.41618,2.62669,-2.3961,50,4.88338,7.49599,-121.96749,-1.29184,9.62753,24.85935,-28.23269,BOC_EAG,LIB_FLA,UGeorgia,D1,SEC,20260529-UGeorgia-1,a5b73740-5b82-11f1-8b41-2fa142449b60,83.83005,,,6.89711,,,,,,,f32c6353-0729-4132-b934-ffed9b5f81bf,2026-05-29,17:20:02.40,2026-05-29T13:20:02.4073216-04:00,2026-05-29T17:20:02.4073216Z,,v3,227,471336,,"Hvidsten, Kyle",1000230326,Right,LIB_FLA,d4748abd-22cc-46f1-afef-b8b088702c90,54.12386,-122.80514,12.42967,4.91088,-0.34053,-14.11635,-2.64321,7.17159,4.81376,,,,,,,,,,,,,,,,,,,,,,,,,,,,,,,,,,,,,,,,,,,,,,,,,,,High,High,High,,,,,,,,,,,,,,,,,,,,,,,,,,,,,,,,,,,,,,,
132,2026-05-29,13:20:21.84,3,2,"Blair, Benjamin",1000115932,Right,LIB_FLA,"Wolff, Kyle",813479,Right,BOC_EAG,Undefined,4,Bottom,1,1,0,Sinker,Sinker,FoulBallNotFieldable,Undefined,Undefined,Undefined,0,0,,94.48125,-1.032591,-4.681912,2462.854859,247.375997,2:15,4.71649,2.72575,6.29798,-22.94068,7.77611,16.4819,1.85002,-0.22442,86.93704,-5.322087,-1.713087,0.398896,76.41133,34.455059,125.7462,5700.955114,,,,,41.93366,,,-9.7976,4.58339,-2.38874,50,4.62917,10.54054,-137.05316,-3.24122,-18.78558,28.00467,-23.38603,BOC_EAG,LIB_FLA,UGeorgia,D1,SEC,20260529-UGeorgia-1,b14792d0-5b82-11f1-8b41-2fa142449b60,94.49198,25.39396,,7.54422,,,,0.6863,1.68843,0.34916,f32c6353-0729-4132-b934-ffed9b5f81bf,2026-05-29,17:20:21.84,2026-05-29T13:20:21.8461696-04:00,2026-05-29T17:20:21.8461696Z,,v3,227,471336,,"Hvidsten, Kyle",1000230326,Right,LIB_FLA,c668ed73-3640-4a7b-973b-eea87a47abfc,54.20509,-137.90973,14.00234,4.71737,-2.52592,-11.69302,-2.71992,11.11513,-9.39279,,0.69857,-54.3353,-1.7059,,,,,,,1.70907,62.82275,-27.76847,,,,,,,0.36135,74.65843,-12.39282,,,,,,,,,,,,,,,,,,,,,,,,,,,,,High,High,High,High,Undefined,,,,,,,,,,,,,,,,,,,,,,,,,,,,,,,,,,,,,
133,2026-05-29,13:21:04.95,3,3,"Blair, Benjamin",1000115932,Right,LIB_FLA,"Wolff, Kyle",813479,Right,BOC_EAG,Undefined,4,Bottom,1,1,1,Sinker,Sinker,FoulBallNotFieldable,Undefined,Undefined,Undefined,0,0,,95.03289,-0.341292,-3.362483,2492.313529,239.541823,2:00,4.65634,2.84795,6.29968,-20.10418,10.66823,16.33977,2.66598,1.10786,85.96626,-4.157634,-0.412798,0.399257,,,,,,,,,,,,-9.56166,5.95863,-2.6084,50,4.62156,7.40632,-137.86482,-1.46049,-18.21525,33.56305,-20.82266,BOC_EAG,LIB_FLA,UGeorgia,D1,SEC,20260529-UGeorgia-1,caf695f0-5b82-11f1-8b41-2fa142449b60,94.40652,,,9.06662,,,,,,,f32c6353-0729-4132-b934-ffed9b5f81bf,2026-05-29,17:21:04.95,2026-05-29T13:21:04.9545728-04:00,2026-05-29T17:21:04.9545728Z,,v3,227,471336,,"Hvidsten, Kyle",1000230326,Right,LIB_FLA,b3b5b7c2-8986-4bfd-b0cc-eef2b7c4d33a,54.20127,-138.88385,16.78153,4.6563,-0.82828,-10.41133,-2.84166,7.95936,-9.10762,,,,,,,,,,,,,,,,,,,,,,,,,,,,,,,,,,,,,,,,,,,,,,,,,,,High,High,High,,,,,,,,,,,,,,,,,,,,,,,,,,,,,,,,,,,,,,,
134,2026-05-29,13:21:37.05,3,4,"Blair, Benjamin",1000115932,Right,LIB_FLA,"Wolff, Kyle",813479,Right,BOC_EAG,Undefined,4,Bottom,1,1,2,Sinker,Sinker,InPlay,Undefined,Popup,Out,1,0,,96.01763,-0.750713,-3.651364,2386.213396,233.883763,1:45,4.8913,2.59062,6.45918,-19.38777,10.05241,12.61879,2.5846,0.28345,88.4719,-4.405833,-1.367963,0.390518,58.82378,27.828243,-10.304409,2135.642408,108.74817,28.76324,-16.54757,176.66555,166.68939,-7.628244,2.903148,-7.56182,5.71481,-2.33772,50,4.8293,8.38822,-139.51255,-2.44558,-15.04265,28.64478,-20.80566,BOC_EAG,LIB_FLA,UGeorgia,D1,SEC,20260529-UGeorgia-1,de176fb0-5b82-11f1-8b41-2fa142449b60,96.51899,29.75339,,7.54572,,,,1.48733,2.65953,-0.28616,f32c6353-0729-4132-b934-ffed9b5f81bf,2026-05-29,17:21:37.05,2026-05-29T13:21:37.0511360-04:00,2026-05-29T17:21:37.0511360Z,LineDrive,v3,227,471336,,"Hvidsten, Kyle",1000230326,Right,LIB_FLA,9d54edb8-2281-4ff4-8b7d-2ed4b6c8e560,54.0438,-140.34037,14.32239,4.89129,-1.84431,-10.40283,-2.58642,8.82294,-7.52133,199.064339,1.48732,75.068,-8.09225,1.58717,-0.40135,0.16354,-0.0696,0.01724,-0.00168,2.6596,40.27149,-15.81589,0.66968,0.05082,-0.13109,0.07179,-0.01734,0.00157,-0.28616,-13.64819,3.05333,-0.61487,0.1485,-0.05302,0.02093,-0.00512,0.0005,,,,,,,,,,,,,,,,,,,,,,,High,High,High,High,High,,,,,,,,,,,,,,,,,,,,,,,,,,,,,,,,,,,,,
135,2026-05-29,13:22:50.44,4,1,"Blair, Benjamin",1000115932,Right,LIB_FLA,"Johnson, Gunnar",1000100233,Right,BOC_EAG,Undefined,4,Bottom,2,0,0,Sinker,Sinker,BallCalled,Undefined,Undefined,Undefined,0,0,,93.09162,-1.59293,-5.662329,2367.532373,235.358577,1:45,4.95339,2.82213,6.41439,-20.85033,10.85772,14.30154,1.74378,-1.209,85.38553,-5.519799,-3.088352,0.405281,,,,,,,,,,,,-8.94571,6.38965,-2.42228,50,4.82934,12.77472,-134.75537,-4.40843,-16.53453,27.86231,-20.36397,BOC_EAG,LIB_FLA,UGeorgia,D1,SEC,20260529-UGeorgia-1,09dabe90-5b83-11f1-8b41-2fa142449b60,93.00324,,,7.70609,,,,,,,f32c6353-0729-4132-b934-ffed9b5f81bf,2026-05-29,17:22:50.44,2026-05-29T13:22:50.4483840-04:00,2026-05-29T17:22:50.4483840Z,,v3,227,471336,,"Hvidsten, Kyle",1000230326,Right,LIB_FLA,79cbed39-cf9d-4eff-8917-2c33b0e7fb88,54.08714,-135.5978,13.93116,4.95333,-3.79272,-10.18199,-2.81609,13.27465,-8.26727,,,,,,,,,,,,,,,,,,,,,,,,,,,,,,,,,,,,,,,,,,,,,,,,,,,High,High,High,,,,,,,,,,,,,,,,,,,,,,,,,,,,,,,,,,,,,,,
136,2026-05-29,13:23:09.24,4,2,"Blair, Benjamin",1000115932,Right,LIB_FLA,"Johnson, Gunnar",1000100233,Right,BOC_EAG,Undefined,4,Bottom,2,1,0,Sinker,Sinker,BallCalled,Undefined,Undefined,Undefined,0,0,,93.35267,-1.361428,-2.976902,2367.646334,248.021775,2:15,4.72268,2.82148,6.16155,-23.71206,8.0578,17.46942,1.48704,1.5247,85.3872,-5.796538,0.172452,0.405676,,,,,,,,,,,,-9.86772,4.85394,-2.60415,50,4.60707,6.30429,-135.5289,-4.02321,-18.34585,29.73582,-23.1497,BOC_EAG,LIB_FLA,UGeorgia,D1,SEC,20260529-UGeorgia-1,1508fcf0-5b83-11f1-8b41-2fa142449b60,92.91273,,,7.96547,,,,,,,f32c6353-0729-4132-b934-ffed9b5f81bf,2026-05-29,17:23:09.24,2026-05-29T13:23:09.2444160-04:00,2026-05-29T17:23:09.2444160Z,,v3,227,471336,,"Hvidsten, Kyle",1000230326,Right,LIB_FLA,5a4a3d67-f9cc-4db8-b703-7e7daa6ccde3,54.34015,-136.47784,14.86791,4.72367,-3.28445,-11.57485,-2.81468,6.88975,-9.17293,,,,,,,,,,,,,,,,,,,,,,,,,,,,,,,,,,,,,,,,,,,,,,,,,,,High,High,High,,,,,,,,,,,,,,,,,,,,,,,,,,,,,,,,,,,,,,,
137,2026-05-29,13:23:29.43,4,3,"Blair, Benjamin",1000115932,Right,LIB_FLA,"Johnson, Gunnar",1000100233,Right,BOC_EAG,Undefined,4,Bottom,2,2,0,Sinker,Sinker,InPlay,Undefined,GroundBall,Single,0,0,,94.148,-0.374101,-4.743119,2413.72214,249.454867,2:15,4.72548,2.69989,6.37939,-23.7793,7.11937,16.51603,2.39851,-0.29747,86.39741,-4.829027,-1.764645,0.400075,90.92397,-20.675985,22.634684,,,,,5.91848,3.42575,25.904416,0.046686,-9.86792,4.09295,-2.36465,50,4.68732,10.64993,-136.56277,-1.67528,-18.74348,28.43434,-24.39973,BOC_EAG,LIB_FLA,UGeorgia,D1,SEC,20260529-UGeorgia-1,211677c0-5b83-11f1-8b41-2fa142449b60,94.21344,2.20223,,7.75059,,,,-0.06215,2.20223,0.33983,f32c6353-0729-4132-b934-ffed9b5f81bf,2026-05-29,17:23:29.43,2026-05-29T13:23:29.4332416-04:00,2026-05-29T17:23:29.4332416Z,GroundBall,v3,227,471336,,"Hvidsten, Kyle",1000230326,Right,LIB_FLA,c034b1fb-6af1-402a-80d0-e22fc2c1b4bc,54.12326,-137.41862,14.21717,4.72669,-0.94088,-12.19987,-2.69369,11.21409,-9.37174,180,-0.06373,115.36565,,,,,,,,2.20287,-47.17103,,,,,,,,0.33917,48.10404,,,,,,,,,,,,,,,,,,,,,,,,,,,,,,High,High,High,Low,Low,,,,,,,,,,,,,,,,,,,,,,,,,,,,,,,,,,,,,
138,2026-05-29,13:25:01.58,5,1,"Blair, Benjamin",1000115932,Right,LIB_FLA,"Larson, Colin",831502,Left,BOC_EAG,Undefined,4,Bottom,2,0,0,FourSeamFastBall,Four-Seam,StrikeCalled,Undefined,Undefined,Undefined,0,0,,94.33981,-1.186879,-4.033198,2546.764162,231.153771,1:45,4.944,2.63482,6.5072,-19.08123,11.51851,13.15457,2.26175,0.02334,86.5906,-4.800659,-1.652318,0.398135,,,,,,,,,,,,-7.93406,6.63311,-2.35789,50,4.85239,9.11417,-136.93114,-3.41869,-15.14545,28.70484,-19.51197,BOC_EAG,LIB_FLA,UGeorgia,D1,SEC,20260529-UGeorgia-1,57ffa090-5b83-11f1-8b41-2fa142449b60,94.67253,,,7.74921,,,,,,,f32c6353-0729-4132-b934-ffed9b5f81bf,2026-05-29,17:25:01.58,2026-05-29T13:25:01.5803392-04:00,2026-05-29T17:25:01.5803392Z,,v3,227,471336,,"Hvidsten, Kyle",1000230326,Right,LIB_FLA,a8aec196-a860-4aba-ad11-3b3e55fe593e,53.99411,-137.76587,14.35242,4.94356,-2.85128,-9.75598,-2.62934,9.5546,-7.57272,,,,,,,,,,,,,,,,,,,,,,,,,,,,,,,,,,,,,,,,,,,,,,,,,,,High,High,High,,,,,,,,,,,,,,,,,,,,,,,,,,,,,,,,,,,,,,,
139,2026-05-29,13:25:18.75,5,2,"Blair, Benjamin",1000115932,Right,LIB_FLA,"Larson, Colin",831502,Left,BOC_EAG,Undefined,4,Bottom,2,0,1,Sinker,Sinker,BallCalled,Undefined,Undefined,Undefined,0,0,,94.11417,-0.428623,-4.866463,2455.262776,234.142951,1:45,4.95986,2.56335,6.60673,-19.37548,11.19918,14.26225,2.95118,-0.71674,86.5657,-4.098231,-2.285345,0.397972,,,,,,,,,,,,-8.71469,6.27678,-2.23646,50,4.9223,11.05273,-136.54615,-1.59892,-16.60379,27.48953,-20.21513,BOC_EAG,LIB_FLA,UGeorgia,D1,SEC,20260529-UGeorgia-1,62413500-5b83-11f1-8b41-2fa142449b60,94.71138,,,7.54848,,,,,,,f32c6353-0729-4132-b934-ffed9b5f81bf,2026-05-29,17:25:18.75,2026-05-29T13:25:18.7592192-04:00,2026-05-29T17:25:18.7592192Z,,v3,227,471336,,"Hvidsten, Kyle",1000230326,Right,LIB_FLA,6426da87-a578-4fca-a6e6-45d1804c4179,53.89529,-137.32811,13.74476,4.9596,-1.02388,-10.10757,-2.55759,11.52504,-8.30189,,,,,,,,,,,,,,,,,,,,,,,,,,,,,,,,,,,,,,,,,,,,,,,,,,,High,High,High,,,,,,,,,,,,,,,,,,,,,,,,,,,,,,,,,,,,,,,
140,2026-05-29,13:25:37.93,5,3,"Blair, Benjamin",1000115932,Right,LIB_FLA,"Larson, Colin",831502,Left,BOC_EAG,Undefined,4,Bottom,2,1,1,FourSeamFastBall,Sinker,StrikeSwinging,Undefined,Undefined,Undefined,0,0,,94.57277,-1.239777,-4.106018,2383.346248,232.594959,1:45,4.95381,2.67997,6.5374,-19.17997,11.18068,13.44516,2.21519,0.02771,86.97235,-4.868419,-1.671288,0.396577,,,,,,,,,,,,-8.09398,6.46544,-2.40013,50,4.85922,9.30614,-137.28843,-3.55815,-15.56293,28.2755,-19.7425,BOC_EAG,LIB_FLA,UGeorgia,D1,SEC,20260529-UGeorgia-1,6dac7c60-5b83-11f1-8b41-2fa142449b60,95.04455,,,7.60042,,,,,,,f32c6353-0729-4132-b934-ffed9b5f81bf,2026-05-29,17:25:37.93,2026-05-29T13:25:37.9336192-04:00,2026-05-29T17:25:37.9336192Z,,v3,227,471336,,"Hvidsten, Kyle",1000230326,Right,LIB_FLA,5e4f109f-435c-4f5c-a3ce-54b48816490a,53.96428,-138.10248,14.13775,4.95347,-2.98975,-9.87125,-2.67451,9.7542,-7.78146,,,,,,,,,,,,,,,,,,,,,,,,,,,,,,,,,,,,,,,,,,,,,,,,,,,High,High,High,,,,,,,,,,,,,,,,,,,,,,,,,,,,,,,,,,,,,,,
141,2026-05-29,13:25:56.58,5,4,"Blair, Benjamin",1000115932,Right,LIB_FLA,"Larson, Colin",831502,Left,BOC_EAG,Undefined,4,Bottom,2,1,2,Sinker,Sinker,BallCalled,Undefined,Undefined,Undefined,0,0,,96.32707,0.107433,-3.588824,2409.53524,237.839776,2:00,5.08698,2.69346,6.54583,-18.49867,10.70871,15.66965,3.64415,0.70364,88.45302,-3.400119,-0.748576,0.388971,,,,,,,,,,,,-9.10788,5.85626,-2.45087,50,5.08631,8.12032,-139.95755,-0.30392,-18.19861,29.40718,-20.47253,BOC_EAG,LIB_FLA,UGeorgia,D1,SEC,20260529-UGeorgia-1,78ca8e20-5b83-11f1-8b41-2fa142449b60,96.90289,,,7.87405,,,,,,,f32c6353-0729-4132-b934-ffed9b5f81bf,2026-05-29,17:25:56.58,2026-05-29T13:25:56.5894144-04:00,2026-05-29T17:25:56.5894144Z,,v3,227,471336,,"Hvidsten, Kyle",1000230326,Right,LIB_FLA,d5b84c8c-729d-4bf7-8d8a-fa7a56af5fd3,53.95587,-140.78628,14.70359,5.08675,0.27302,-10.23627,-2.68693,8.63318,-9.0993,,,,,,,,,,,,,,,,,,,,,,,,,,,,,,,,,,,,,,,,,,,,,,,,,,,High,High,High,,,,,,,,,,,,,,,,,,,,,,,,,,,,,,,,,,,,,,,
142,2026-05-29,13:26:15.33,5,5,"Blair, Benjamin",1000115932,Right,LIB_FLA,"Larson, Colin",831502,Left,BOC_EAG,Undefined,4,Bottom,2,2,2,Slider,Slider,BallCalled,Undefined,Undefined,Undefined,0,0,,83.22819,1.114127,0.463117,2314.585294,96.911912,9:15,4.92036,2.71385,6.14225,-36.30451,3.42225,-18.61206,2.92476,1.59084,76.59023,-5.622642,-2.894008,0.453642,,,,,,,,,,,,9.70422,1.85705,-2.74001,50,4.98668,-0.26342,-121.0517,1.20389,14.45495,22.77472,-29.40789,BOC_EAG,LIB_FLA,UGeorgia,D1,SEC,20260529-UGeorgia-1,83fcc420-5b83-11f1-8b41-2fa142449b60,83.08858,,,6.63796,,,,,,,f32c6353-0729-4132-b934-ffed9b5f81bf,2026-05-29,17:26:15.33,2026-05-29T13:26:15.3316864-04:00,2026-05-29T17:26:15.3316864Z,,v3,227,471336,,"Hvidsten, Kyle",1000230326,Right,LIB_FLA,5d965f39-c468-48a6-92ed-175ea8881a06,54.35995,-121.86922,11.38736,4.92452,2.25952,-14.70394,-2.72124,-0.7823,7.22748,,,,,,,,,,,,,,,,,,,,,,,,,,,,,,,,,,,,,,,,,,,,,,,,,,,High,High,High,,,,,,,,,,,,,,,,,,,,,,,,,,,,,,,,,,,,,,,
143,2026-05-29,13:26:37.52,5,6,"Blair, Benjamin",1000115932,Right,LIB_FLA,"Larson, Colin",831502,Left,BOC_EAG,Undefined,4,Bottom,2,3,2,FourSeamFastBall,Four-Seam,StrikeSwinging,Strikeout,Undefined,Undefined,0,0,,96.40022,-0.797377,-4.016004,2513.810807,222.368037,1:30,5.05168,2.82593,6.73829,-16.53839,12.43434,10.56749,2.94304,0.03095,88.6291,-3.954426,-2.095702,0.387406,,,,,,,,,,,,-6.60351,7.04201,-2.56477,50,4.99234,9.403,-140.0109,-2.42047,-13.20837,29.34676,-18.08865,BOC_EAG,LIB_FLA,UGeorgia,D1,SEC,20260529-UGeorgia-1,912cc5f0-5b83-11f1-8b41-2fa142449b60,97.29446,,,7.77112,,,,,,,f32c6353-0729-4132-b934-ffed9b5f81bf,2026-05-29,17:26:37.52,2026-05-29T13:26:37.5200000-04:00,2026-05-29T17:26:37.5200000Z,,v3,227,471336,,"Hvidsten, Kyle",1000230326,Right,LIB_FLA,83e728c7-4d4c-456f-8021-e23e3853fad5,53.76315,-140.79746,14.67338,5.05072,-1.93565,-9.04432,-2.82154,9.75701,-6.60419,,,,,,,,,,,,,,,,,,,,,,,,,,,,,76.90465,,,0.901294,,,,2.41258,5.45456,4.33826,77.53847,6.16033,-47.25477,2.44115,89.48097,-6.88955,5.46602,12.1729,-12.67558,4.28186,-66.05156,9.95021,High,High,High,,,High,High,High,,,,,,,,,,,,,,,,,,,,,,,,,,,,,,,,,,
144,2026-05-29,13:28:54.55,1,1,"Colarusso, AJ",1000090794,Left,BOC_EAG,"Jaffe, Jordan",811757,Right,LIB_FLA,Undefined,5,Top,0,0,0,Cutter,Slider,BallCalled,Undefined,Undefined,Undefined,0,0,,83.55393,1.091836,1.443001,2342.684527,229.708523,1:45,5.76102,-1.54399,5.39983,-34.644,5.57933,5.30662,3.89763,0.25075,77.46079,-5.240442,2.386072,0.456468,,,,,,,,,,,,-2.32669,2.89303,1.41147,50,5.83399,-3.27985,-121.43765,1.08844,-3.52462,20.56402,-27.7915,BOC_EAG,LIB_FLA,UGeorgia,D1,SEC,20260529-UGeorgia-1,e2e88a50-5b83-11f1-8b41-2fa142449b60,82.5741,,,6.09314,,,,,,,f32c6353-0729-4132-b934-ffed9b5f81bf,2026-05-29,17:28:54.55,2026-05-29T13:28:54.5521664-04:00,2026-05-29T17:28:54.5521664Z,,v3,227,471336,,"Johnson, Gunnar",1000100233,Right,BOC_EAG,e875891e-c57b-4a3f-84c4-50a68d718f55,55.10185,-122.29854,10.28201,5.76407,2.2519,-13.89575,1.54569,-3.13229,-1.76231,,,,,,,,,,,,,,,,,,,,,,,,,,,,,,,,,,,,,,,,,,,,,,,,,,,High,High,High,,,,,,,,,,,,,,,,,,,,,,,,,,,,,,,,,,,,,,,
145,2026-05-29,13:29:05.22,1,2,"Colarusso, AJ",1000090794,Left,BOC_EAG,"Jaffe, Jordan",811757,Right,LIB_FLA,Undefined,5,Top,0,1,0,Cutter,Slider,FoulBallNotFieldable,Undefined,Undefined,Undefined,0,0,,83.73096,-0.680495,1.149437,2325.193474,221.546349,1:30,5.73003,-1.44707,5.33313,-32.08175,8.15634,6.23284,2.41791,0.15095,77.6249,-6.539449,2.25689,0.456552,76.8719,34.157224,34.317043,4278.015537,83.517,53.01174,71.58845,253.8887,151.2891,48.219398,3.7576,-2.8761,4.58992,1.33848,50,5.64532,-2.69708,-121.69385,-2.57422,-4.36156,21.36416,-25.21352,BOC_EAG,LIB_FLA,UGeorgia,D1,SEC,20260529-UGeorgia-1,e94172e0-5b83-11f1-8b41-2fa142449b60,82.55897,55.52883,,6.10607,,,,1.21481,2.3485,-0.20725,f32c6353-0729-4132-b934-ffed9b5f81bf,2026-05-29,17:29:05.22,2026-05-29T13:29:05.2217344-04:00,2026-05-29T17:29:05.2217344Z,FlyBall,v3,227,471336,,"Johnson, Gunnar",1000100233,Right,BOC_EAG,18d35714-0bc3-4751-bd3e-e5f0590ebb9a,55.16946,-122.59802,10.68208,5.73168,-1.50713,-12.60676,1.44872,-2.51249,-2.18078,234.285696,1.21418,77.07527,-16.73846,4.13835,-1.0946,0.35617,-0.10233,0.01687,-0.00111,2.34896,63.28955,-21.19341,1.69586,-0.16,-0.04955,0.02474,-0.00356,0.00015,-0.2074,52.60346,0.38593,-0.62784,0.14058,-0.00515,-0.00564,0.00162,-0.00014,,,,,,,,,,,,,,,,,,,,,,,High,High,High,High,Medium,,,,,,,,,,,,,,,,,,,,,,,,,,,,,,,,,,,,,
146,2026-05-29,13:29:37.22,1,3,"Colarusso, AJ",1000090794,Left,BOC_EAG,"Jaffe, Jordan",811757,Right,LIB_FLA,Undefined,5,Top,0,1,1,FourSeamFastBall,Four-Seam,FoulBallNotFieldable,Undefined,Undefined,Undefined,0,0,,89.10902,-2.029514,2.50859,2095.834254,167.974908,11:30,5.94847,-1.1074,5.93242,-18.16595,16.90895,-3.37083,2.54906,0.94067,81.7738,-5.458456,1.903952,0.426255,105.25312,26.622631,-38.965057,2817.852997,83.72689,53.11186,-71.34247,416.9418,272.33426,-45.959114,5.241833,2.42118,9.57611,0.90889,50,5.77594,-5.52931,-129.34126,-5.13658,4.1136,26.23259,-15.90431,BOC_EAG,LIB_FLA,UGeorgia,D1,SEC,20260529-UGeorgia-1,fc4f39d0-5b83-11f1-8b41-2fa142449b60,88.42695,85.4794,,7.33522,,,,2.22464,2.73956,-0.88259,f32c6353-0729-4132-b934-ffed9b5f81bf,2026-05-29,17:29:37.22,2026-05-29T13:29:37.2280832-04:00,2026-05-29T17:29:37.2280832Z,FlyBall,v3,227,471336,,"Johnson, Gunnar",1000100233,Right,BOC_EAG,154c7c7b-d28e-489e-a4ba-76ff04eb4201,54.56916,-130.26467,13.1163,5.9469,-4.57674,-7.95215,1.10608,-5.67411,2.0568,,2.22447,107.31364,-23.90162,5.85791,-1.28609,0.24689,-0.03731,0.00367,-0.00016,2.74227,69.10721,-15.39178,0.15168,0.28755,-0.13723,0.03332,-0.00402,0.00019,-0.88246,-86.78568,12.2433,-2.6013,0.54306,-0.1134,0.01987,-0.00219,0.0001,,,,,,,,,,,,,,,,,,,,,,,High,High,High,Medium,Low,,,,,,,,,,,,,,,,,,,,,,,,,,,,,,,,,,,,,
147,2026-05-29,13:30:12.44,1,4,"Colarusso, AJ",1000090794,Left,BOC_EAG,"Jaffe, Jordan",811757,Right,LIB_FLA,Undefined,5,Top,0,1,2,ChangeUp,Changeup,StrikeCalled,Strikeout,Undefined,Undefined,0,0,,84.91686,-2.112197,2.387507,1829.80818,110.034426,9:45,5.76999,-1.27157,5.63009,-32.10352,6.8293,-15.55461,1.12124,-0.33875,78.50165,-7.994143,-0.393211,0.449086,,,,,,,,,,,,8.53394,4.36425,1.07844,50,5.56924,-4.50469,-123.27249,-5.65434,13.22069,22.95041,-25.41298,BOC_EAG,LIB_FLA,UGeorgia,D1,SEC,20260529-UGeorgia-1,114f33d0-5b84-11f1-8b41-2fa142449b60,83.93148,,,6.41521,,,,,,,f32c6353-0729-4132-b934-ffed9b5f81bf,2026-05-29,17:30:12.44,2026-05-29T13:30:12.4430000-04:00,2026-05-29T17:30:12.4430000Z,,v3,227,471336,,"Johnson, Gunnar",1000100233,Right,BOC_EAG,de802ada-586f-4d94-bc40-22e2b2dac242,54.87228,-124.17628,11.47521,5.7722,-4.65358,-12.70649,1.26608,-5.02532,6.61034,,,,,,,,,,,,,,,,,,,,,,,,,,,,,56.49825,3.198816,1.894861,1.303955,0.73527,1.02505,0.34364,-5.06459,3.85711,4.10246,74.60597,5.66826,50.19013,-4.96367,68.1753,-5.48756,3.9902,22.01462,-15.89633,4.14515,38.8333,-2.70134,High,High,High,,,High,High,High,,,,,,,,,,,,,,,,,,,,,,,,,,,,,,,,,,
148,2026-05-29,13:30:43.33,2,1,"Colarusso, AJ",1000090794,Left,BOC_EAG,"Sorenson, Jaxon",701641,Left,LIB_FLA,Undefined,5,Top,1,0,0,Cutter,Slider,StrikeCalled,Undefined,Undefined,Undefined,0,0,,84.8156,-0.772123,1.819913,2340.530531,225.421835,1:30,5.73427,-1.5435,5.57279,-32.88525,5.82197,4.87449,2.2722,0.56322,79.03222,-6.778382,2.689505,0.447783,,,,,,,,,,,,-2.05539,3.44996,1.38339,50,5.64594,-4.11718,-123.32293,-2.81186,-3.21708,20.77087,-26.77424,BOC_EAG,LIB_FLA,UGeorgia,D1,SEC,20260529-UGeorgia-1,23ba5220-5b84-11f1-8b41-2fa142449b60,84.17572,,,5.78338,,,,,,,f32c6353-0729-4132-b934-ffed9b5f81bf,2026-05-29,17:30:43.33,2026-05-29T13:30:43.3398272-04:00,2026-05-29T17:30:43.3398272Z,,v3,227,471336,,"Johnson, Gunnar",1000100233,Right,BOC_EAG,e4414c59-5321-4b75-8918-7676435647f2,54.92963,-124.15043,10.38544,5.73671,-1.74518,-13.38712,1.54486,-3.98902,-1.60854,,,,,,,,,,,,,,,,,,,,,,,,,,,,,,,,,,,,,,,,,,,,,,,,,,,High,High,High,,,,,,,,,,,,,,,,,,,,,,,,,,,,,,,,,,,,,,,
149,2026-05-29,13:30:56.58,2,2,"Colarusso, AJ",1000090794,Left,BOC_EAG,"Sorenson, Jaxon",701641,Left,LIB_FLA,Undefined,5,Top,1,0,1,Cutter,Slider,InPlay,Undefined,LineDrive,Single,0,0,,84.28927,0.849339,0.671263,2310.284798,252.589661,2:30,5.70934,-1.46074,5.27619,-36.48061,3.35886,7.13894,3.46715,-0.23531,77.89843,-5.7992,1.938188,0.454285,90.89682,12.154872,-0.510701,2400.970113,109.73407,17.1098,-7.64265,222.45594,222.45594,-7.469449,2.203836,-3.42492,1.79354,1.39392,50,5.75988,-1.73601,-122.49372,0.48314,-5.25502,21.96399,-29.42213,BOC_EAG,LIB_FLA,UGeorgia,D1,SEC,20260529-UGeorgia-1,2ba5c190-5b84-11f1-8b41-2fa142449b60,82.97096,17.14639,,6.39084,,,,0.78691,3.37479,0.22927,f32c6353-0729-4132-b934-ffed9b5f81bf,2026-05-29,17:30:56.58,2026-05-29T13:30:56.5828608-04:00,2026-05-29T17:30:56.5828608Z,LineDrive,v3,227,471336,,"Johnson, Gunnar",1000100233,Right,BOC_EAG,18a17813-63dc-447a-8e12-696ef00ef899,55.22622,-123.42726,10.982,5.71277,1.73367,-14.71107,1.46296,-1.51265,-2.62751,117.215836,0.78691,130.3213,-19.49447,3.60569,-0.63119,0.08602,-0.01057,0.00137,-0.0001,3.37479,28.07016,-14.98049,0.65317,0.05306,-0.0295,0.01017,-0.0016,9E-05,0.22927,-1.16172,-10.1454,3.59506,-1.02569,0.23891,-0.04786,0.00688,-0.00049,,,,,,,,,,,,,,,,,,,,,,,High,High,High,High,High,,,,,,,,,,,,,,,,,,,,,,,,,,,,,,,,,,,,,
150,2026-05-29,13:31:31.30,3,1,"Colarusso, AJ",1000090794,Left,BOC_EAG,"Barone, Nick",809775,Right,LIB_FLA,Undefined,5,Top,1,0,0,FourSeamFastBall,Four-Seam,StrikeCalled,Undefined,Undefined,Undefined,0,0,,89.86925,-2.788888,1.796066,2164.230724,158.256039,11:15,5.9261,-1.17504,5.72471,-13.7245,21.08096,-7.96713,2.18141,-0.16551,82.30132,-5.415304,0.371425,0.424615,,,,,,,,,,,,4.5274,11.80375,1.02996,50,5.68456,-3.73948,-130.35194,-6.73007,7.81045,26.71817,-11.81078,BOC_EAG,LIB_FLA,UGeorgia,D1,SEC,20260529-UGeorgia-1,404bdbc0-5b84-11f1-8b41-2fa142449b60,88.76856,,,7.56794,,,,,,,f32c6353-0729-4132-b934-ffed9b5f81bf,2026-05-29,17:31:31.30,2026-05-29T13:31:31.3074176-04:00,2026-05-29T17:31:31.3074176Z,,v3,227,471336,,"Johnson, Gunnar",1000100233,Right,BOC_EAG,690d4cba-f682-44d7-84b8-ee6b2f482bde,54.77498,-131.32701,13.35909,5.92231,-6.29903,-5.90539,1.17164,-4.02452,3.90523,,,,,,,,,,,,,,,,,,,,,,,,,,,,,,,,,,,,,,,,,,,,,,,,,,,High,High,High,,,,,,,,,,,,,,,,,,,,,,,,,,,,,,,,,,,,,,,
151,2026-05-29,13:31:47.47,3,2,"Colarusso, AJ",1000090794,Left,BOC_EAG,"Barone, Nick",809775,Right,LIB_FLA,Undefined,5,Top,1,0,1,ChangeUp,Changeup,InPlay,Undefined,FlyBall,Out,1,0,,83.37212,-1.765652,2.260466,1748.574582,133.161465,10:30,5.83687,-1.15883,5.43935,-30.63061,9.91772,-9.32497,1.62913,0.18192,77.21471,-7.373728,0.600485,0.458309,101.36304,50.681459,-1.431258,3239.908074,109.39875,129.13287,11.48218,287.27614,135.54775,14.253236,6.478496,5.30284,5.78874,0.96553,50,5.65923,-4.40158,-121.05502,-4.78109,7.94727,21.42607,-23.49853,BOC_EAG,LIB_FLA,UGeorgia,D1,SEC,20260529-UGeorgia-1,49f7e6f0-5b84-11f1-8b41-2fa142449b60,82.24248,160.63136,,6.1574,,,,1.82901,1.53077,-0.16753,f32c6353-0729-4132-b934-ffed9b5f81bf,2026-05-29,17:31:47.47,2026-05-29T13:31:47.4791424-04:00,2026-05-29T17:31:47.4791424Z,FlyBall,v3,227,471336,,"Johnson, Gunnar",1000100233,Right,BOC_EAG,77932ea2-09d6-4680-b671-62eb6e647c4b,55.06305,-121.94786,10.71303,5.83805,-3.80189,-11.74927,1.15585,-4.73275,3.97364,202.918893,1.82987,94.11594,-25.11077,6.16321,-0.88034,0.01687,0.01677,-0.00245,0.00011,1.52231,115.12817,-26.16072,2.94298,-0.59126,0.08953,-0.00467,-0.00052,5E-05,-0.1686,-2.3101,9.4059,-2.82966,0.36451,0.03699,-0.02049,0.00268,-0.00012,,,,,,,,,,,,,,,,,,,,,,,High,High,High,High,Low,,,,,,,,,,,,,,,,,,,,,,,,,,,,,,,,,,,,,
152,2026-05-29,13:32:22.41,4,1,"Colarusso, AJ",1000090794,Left,BOC_EAG,"Swofford, Easton",1000110611,Left,LIB_FLA,Undefined,5,Top,2,0,0,Cutter,Slider,InPlay,Undefined,FlyBall,Out,1,0,,84.10034,-0.47628,1.347987,2303.956808,249.092161,2:15,5.7235,-1.45201,5.33706,-36.57939,3.16315,5.5128,2.22823,0.2723,78.3151,-7.118219,2.327847,0.453732,96.78458,24.404652,-4.850555,3500.337611,108.70164,46.76368,-16.84777,348.11265,338.27247,-17.663281,4.610941,-2.47788,1.99004,1.32613,50,5.65381,-3.10333,-122.28756,-2.33767,-3.80765,20.77478,-29.11604,BOC_EAG,LIB_FLA,UGeorgia,D1,SEC,20260529-UGeorgia-1,5ec4ea10-5b84-11f1-8b41-2fa142449b60,83.07203,64.91033,,5.78524,,,,1.55358,2.2357,-0.26449,f32c6353-0729-4132-b934-ffed9b5f81bf,2026-05-29,17:32:22.41,2026-05-29T13:32:22.4114688-04:00,2026-05-29T17:32:22.4114688Z,FlyBall,v3,227,471336,,"Johnson, Gunnar",1000100233,Right,BOC_EAG,c6250329-9e96-44f2-a908-699c86655398,55.16647,-123.16213,10.38739,5.72642,-1.11194,-14.55802,1.4534,-2.94303,-1.90383,144.088863,1.55361,128.80423,-26.06214,5.80834,-1.17065,0.22685,-0.04095,0.00521,-0.0003,2.23656,58.62913,-13.97379,-0.18411,0.3002,-0.13047,0.0358,-0.00491,0.00026,-0.26382,-10.94553,-7.76735,2.48962,-0.52904,0.07926,-0.00951,0.00094,-5E-05,,,,,,,,,,,,,,,,,,,,,,,High,High,High,High,Medium,,,,,,,,,,,,,,,,,,,,,,,,,,,,,,,,,,,,,
153,2026-05-29,13:34:51.36,1,1,"Blair, Benjamin",1000115932,Right,LIB_FLA,"Hendrickson, Carter",830138,Right,BOC_EAG,Undefined,5,Bottom,0,0,0,Sinker,Sinker,StrikeCalled,Undefined,Undefined,Undefined,0,0,,94.70955,-1.102785,-5.035943,2433.585377,243.249941,2:00,4.76037,2.87605,6.45634,-22.07159,8.23343,14.62914,1.90394,-0.54313,87.45775,-5.23765,-2.395974,0.396213,,,,,,,,,,,,-8.88087,4.84866,-2.52511,50,4.67207,11.50698,-137.3722,-3.36569,-17.17764,26.95013,-22.79565,BOC_EAG,LIB_FLA,UGeorgia,D1,SEC,20260529-UGeorgia-1,b78abe90-5b84-11f1-8b41-2fa142449b60,95.13175,,,7.2518,,,,,,,f32c6353-0729-4132-b934-ffed9b5f81bf,2026-05-29,17:34:51.36,2026-05-29T13:34:51.3628160-04:00,2026-05-29T17:34:51.3628160Z,,v3,227,471336,,"Hvidsten, Kyle",1000230326,Right,LIB_FLA,e6beba5b-2d9f-4f69-b257-4fff35f042d6,54.04646,-138.16376,13.47507,4.76109,-2.69615,-11.39782,-2.8705,12.01152,-8.58882,,,,,,,,,,,,,,,,,,,,,,,,,,,,,,,,,,,,,,,,,,,,,,,,,,,High,High,High,,,,,,,,,,,,,,,,,,,,,,,,,,,,,,,,,,,,,,,
154,2026-05-29,13:35:05.22,1,2,"Blair, Benjamin",1000115932,Right,LIB_FLA,"Hendrickson, Carter",830138,Right,BOC_EAG,Undefined,5,Bottom,0,0,1,Sinker,Sinker,BallCalled,Undefined,Undefined,Undefined,0,0,,94.65128,-2.129004,-3.881494,2392.688121,243.795554,2:15,4.88437,2.89795,6.23273,-21.99131,8.62402,15.7132,1.0822,0.62096,87.35665,-6.232561,-1.049148,0.398236,,,,,,,,,,,,-9.1476,5.28725,-2.61551,50,4.71401,8.66054,-137.36781,-5.85525,-17.64585,27.70947,-21.97491,BOC_EAG,LIB_FLA,UGeorgia,D1,SEC,20260529-UGeorgia-1,bfce1200-5b84-11f1-8b41-2fa142449b60,94.64842,,,7.29464,,,,,,,f32c6353-0729-4132-b934-ffed9b5f81bf,2026-05-29,17:35:05.22,2026-05-29T13:35:05.2256256-04:00,2026-05-29T17:35:05.2256256Z,,v3,227,471336,,"Hvidsten, Kyle",1000230326,Right,LIB_FLA,d7a6391a-748f-473f-a2a3-324704a652dd,54.27016,-138.22649,13.85473,4.88491,-5.17427,-10.98746,-2.89236,9.20736,-8.82292,,,,,,,,,,,,,,,,,,,,,,,,,,,,,,,,,,,,,,,,,,,,,,,,,,,High,High,High,,,,,,,,,,,,,,,,,,,,,,,,,,,,,,,,,,,,,,,
155,2026-05-29,13:35:22.71,1,3,"Blair, Benjamin",1000115932,Right,LIB_FLA,"Hendrickson, Carter",830138,Right,BOC_EAG,Undefined,5,Bottom,0,1,1,Sinker,Sinker,BallCalled,Undefined,Undefined,Undefined,0,0,,94.07621,-0.231608,-5.166311,2323.758758,239.395454,2:00,4.78911,2.59996,6.76202,-20.75139,9.8404,15.04717,2.84743,-0.87747,86.09641,-4.170687,-2.436947,0.398083,,,,,,,,,,,,-9.2852,5.55729,-2.26593,50,4.76583,11.72882,-136.39442,-1.15854,-17.55938,28.90708,-21.66453,BOC_EAG,LIB_FLA,UGeorgia,D1,SEC,20260529-UGeorgia-1,ca3f41f0-5b84-11f1-8b41-2fa142449b60,94.68485,,,7.9798,,,,,,,f32c6353-0729-4132-b934-ffed9b5f81bf,2026-05-29,17:35:22.71,2026-05-29T13:35:22.7169792-04:00,2026-05-29T17:35:22.7169792Z,,v3,227,471336,,"Hvidsten, Kyle",1000230326,Right,LIB_FLA,5ffee45c-6ac2-4609-94dd-36e4a0653d8b,53.73898,-137.18456,14.45354,4.78941,-0.56637,-10.83226,-2.59308,12.20878,-8.77969,,,,,,,,,,,,,,,,,,,,,,,,,,,,,,,,,,,,,,,,,,,,,,,,,,,High,High,High,,,,,,,,,,,,,,,,,,,,,,,,,,,,,,,,,,,,,,,
156,2026-05-29,13:35:41.09,1,4,"Blair, Benjamin",1000115932,Right,LIB_FLA,"Hendrickson, Carter",830138,Right,BOC_EAG,Undefined,5,Bottom,0,2,1,Sinker,Sinker,FoulBallNotFieldable,Undefined,Undefined,Undefined,0,0,,94.70553,-0.720406,-3.294607,2432.031842,242.827379,2:00,4.81485,3.02635,6.486,-20.83474,9.50469,16.73666,2.41606,1.39281,86.90999,-4.652505,-0.261613,0.396438,,,,,,,,,,,,-9.68945,5.44815,-2.80195,50,4.75487,7.24681,-137.62151,-2.38586,-18.66361,29.29882,-21.67993,BOC_EAG,LIB_FLA,UGeorgia,D1,SEC,20260529-UGeorgia-1,d5307750-5b84-11f1-8b41-2fa142449b60,95.07776,,,7.79554,,,,,,,f32c6353-0729-4132-b934-ffed9b5f81bf,2026-05-29,17:35:41.09,2026-05-29T13:35:41.0924544-04:00,2026-05-29T17:35:41.0924544Z,,v3,227,471336,,"Hvidsten, Kyle",1000230326,Right,LIB_FLA,80a4c157-8340-41e2-8950-078c5e923aff,54.01694,-138.47406,14.64941,4.81512,-1.75502,-10.83997,-3.02072,7.78989,-9.3318,,,,,,,,,,,,,,,,,,,,,,,,,,,,,,,,,,,,,,,,,,,,,,,,,,,High,High,High,,,,,,,,,,,,,,,,,,,,,,,,,,,,,,,,,,,,,,,
157,2026-05-29,13:36:17.07,1,5,"Blair, Benjamin",1000115932,Right,LIB_FLA,"Hendrickson, Carter",830138,Right,BOC_EAG,Undefined,5,Bottom,0,2,2,Sinker,Sinker,BallCalled,Undefined,Undefined,Undefined,0,0,,96.26114,-1.327504,-5.398698,2370.712809,237.437105,2:00,4.85484,2.87213,6.79172,-19.07596,10.16725,14.49457,2.0478,-0.86261,88.09891,-4.954396,-2.769283,0.38921,,,,,,,,,,,,-9.09162,6.02244,-2.52536,50,4.76097,12.59248,-139.47396,-3.80371,-17.96262,30.48665,-20.27529,BOC_EAG,LIB_FLA,UGeorgia,D1,SEC,20260529-UGeorgia-1,eaa35760-5b84-11f1-8b41-2fa142449b60,96.84347,,,8.16223,,,,,,,f32c6353-0729-4132-b934-ffed9b5f81bf,2026-05-29,17:36:17.07,2026-05-29T13:36:17.0751488-04:00,2026-05-29T17:36:17.0751488Z,,v3,227,471336,,"Hvidsten, Kyle",1000230326,Right,LIB_FLA,274c05ac-1c07-40bb-84b4-e36c26a59754,53.70938,-140.28243,15.24333,4.85471,-3.26604,-10.13765,-2.86562,13.06882,-8.98131,,,,,,,,,,,,,,,,,,,,,,,,,,,,,,,,,,,,,,,,,,,,,,,,,,,High,High,High,,,,,,,,,,,,,,,,,,,,,,,,,,,,,,,,,,,,,,,
158,2026-05-29,13:36:35.37,1,6,"Blair, Benjamin",1000115932,Right,LIB_FLA,"Hendrickson, Carter",830138,Right,BOC_EAG,Undefined,5,Bottom,0,3,2,Sinker,Sinker,InPlay,Undefined,GroundBall,Out,1,0,,94.82583,-1.354901,-4.340334,2463.258773,248.862952,2:15,4.71861,2.90212,6.71414,-23.13793,7.16552,15.97603,1.54805,0.25808,86.45306,-5.728341,-1.437145,0.396203,94.44811,-3.11485,-20.128917,,,,,23.12849,22.49148,-19.520379,0.159192,-9.72504,4.46721,-2.6199,50,4.6195,9.80923,-137.55512,-3.97261,-18.56273,31.58836,-23.64726,BOC_EAG,LIB_FLA,UGeorgia,D1,SEC,20260529-UGeorgia-1,f586aa10-5b84-11f1-8b41-2fa142449b60,95.13424,1.56156,,8.37277,,,,1.64387,1.56156,-0.2115,f32c6353-0729-4132-b934-ffed9b5f81bf,2026-05-29,17:36:35.37,2026-05-29T13:36:35.3716736-04:00,2026-05-29T17:36:35.3716736Z,GroundBall,v3,227,471336,,"Hvidsten, Kyle",1000230326,Right,LIB_FLA,60706d7e-8928-4c59-aeab-60efc71fbb63,53.7879,-138.42225,15.79418,4.71964,-3.32348,-11.82363,-2.89616,10.31879,-9.28137,93.386134,1.64458,129.81135,-20.16713,,,,,,,1.56178,-7.54507,-14.24351,,,,,,,-0.21151,-47.60012,2.40159,,,,,,,,,,,,,,,,,,,,,,,,,,,,,High,High,High,High,High,,,,,,,,,,,,,,,,,,,,,,,,,,,,,,,,,,,,,
159,2026-05-29,13:37:14.05,2,1,"Blair, Benjamin",1000115932,Right,LIB_FLA,"Solier, Julio",827632,Right,BOC_EAG,Undefined,5,Bottom,1,0,0,FourSeamFastBall,Sinker,BallCalled,Undefined,Undefined,Undefined,0,0,,95.05471,-1.210189,-5.975053,2449.544785,232.717256,1:45,4.86068,2.83054,6.60912,-19.19383,11.07808,13.30446,2.14645,-1.5538,86.93377,-4.849702,-3.574791,0.395996,,,,,,,,,,,,-8.56067,6.44004,-2.42712,50,4.76972,13.84427,-137.54044,-3.49118,-16.44843,29.63894,-19.80017,BOC_EAG,LIB_FLA,UGeorgia,D1,SEC,20260529-UGeorgia-1,0c9c3da0-5b85-11f1-8b41-2fa142449b60,95.18379,,,8.12094,,,,,,,f32c6353-0729-4132-b934-ffed9b5f81bf,2026-05-29,17:37:14.05,2026-05-29T13:37:14.0545024-04:00,2026-05-29T17:37:14.0545024Z,,v3,227,471336,,"Hvidsten, Kyle",1000230326,Right,LIB_FLA,8e011656-8c5f-46af-b514-d35ac6671b1c,53.89139,-138.37647,14.81947,4.86032,-2.93267,-9.90009,-2.82417,14.30823,-8.22421,,,,,,,,,,,,,,,,,,,,,,,,,,,,,,,,,,,,,,,,,,,,,,,,,,,High,High,High,,,,,,,,,,,,,,,,,,,,,,,,,,,,,,,,,,,,,,,
160,2026-05-29,13:37:30.80,2,2,"Blair, Benjamin",1000115932,Right,LIB_FLA,"Solier, Julio",827632,Right,BOC_EAG,Undefined,5,Bottom,1,1,0,FourSeamFastBall,Sinker,FoulBallNotFieldable,Undefined,Undefined,Undefined,0,0,,95.33911,-1.082783,-4.99179,2381.214541,232.205355,1:45,4.69677,3.01105,6.55036,-18.85824,11.1141,13.16331,2.12842,-0.4812,87.48036,-4.654215,-2.612875,0.394032,,,,,,,,,,,,-8.2641,6.40071,-2.67076,50,4.61345,11.54675,-138.24223,-3.19331,-16.07865,29.26403,-19.72086,BOC_EAG,LIB_FLA,UGeorgia,D1,SEC,20260529-UGeorgia-1,168e2b70-5b85-11f1-8b41-2fa142449b60,95.65832,,,7.85875,,,,,,,f32c6353-0729-4132-b934-ffed9b5f81bf,2026-05-29,17:37:30.80,2026-05-29T13:37:30.8028416-04:00,2026-05-29T17:37:30.8028416Z,,v3,227,471336,,"Hvidsten, Kyle",1000230326,Right,LIB_FLA,effdf35b-8ca9-4fa8-9de8-44b6de4dd25d,53.95227,-139.07635,14.63201,4.69645,-2.6312,-9.86043,-3.00641,12.00505,-8.03933,,,,,,,,,,,,,,,,,,,,,,,,,,,,,,,,,,,,,,,,,,,,,,,,,,,High,High,High,,,,,,,,,,,,,,,,,,,,,,,,,,,,,,,,,,,,,,,
161,2026-05-29,13:37:52.42,2,3,"Blair, Benjamin",1000115932,Right,LIB_FLA,"Solier, Julio",827632,Right,BOC_EAG,Undefined,5,Bottom,1,1,1,Sinker,Sinker,InPlay,Undefined,FlyBall,HomeRun,0,1,,94.85794,-0.246251,-4.489045,2453.337592,248.175067,2:15,4.73212,3.02047,6.80809,-22.26269,7.44886,16.53855,2.65149,0.29392,87.63139,-4.445148,-1.480515,0.392314,106.43424,20.771227,-1.837133,2740.623272,109.99594,41.13537,0.93909,424.90758,413.47071,8.623087,4.955992,-9.91445,4.26315,-2.73572,50,4.70766,10.19318,-137.82382,-1.26396,-19.31017,27.02149,-23.87082,BOC_EAG,LIB_FLA,UGeorgia,D1,SEC,20260529-UGeorgia-1,2376eb10-5b85-11f1-8b41-2fa142449b60,96.07712,67.07349,,7.22655,,,,1.71296,2.71221,-0.31087,f32c6353-0729-4132-b934-ffed9b5f81bf,2026-05-29,17:37:52.42,2026-05-29T13:37:52.4229120-04:00,2026-05-29T17:37:52.4229120Z,LineDrive,v3,227,471336,,"Hvidsten, Kyle",1000230326,Right,LIB_FLA,60dc31d6-34b4-4c25-b09c-3a06757da4e0,53.69596,-138.54655,13.51075,4.73293,-0.6255,-11.93541,-3.01526,10.70966,-9.65509,210.110766,1.71217,145.90027,-26.22508,5.80883,-1.26254,0.25619,-0.0418,0.00438,-0.0002,2.71473,55.29703,-11.75805,-0.48461,0.37452,-0.13439,0.03034,-0.00359,0.00017,-0.31038,-4.69501,9.01365,-2.52356,0.59278,-0.1104,0.01503,-0.00132,6E-05,,,,,,,,,,,,,,,,,,,,,,,High,High,High,High,High,,,,,,,,,,,,,,,,,,,,,,,,,,,,,,,,,,,,,
162,2026-05-29,13:38:48.47,3,1,"Blair, Benjamin",1000115932,Right,LIB_FLA,"Mainolfi, Ty",839397,Left,BOC_EAG,Undefined,5,Bottom,1,0,0,Cutter,Cutter,FoulBallNotFieldable,Undefined,Undefined,Undefined,0,0,,86.12732,-0.758558,-2.956099,2466.03985,173.816353,11:45,4.65741,3.04183,6.49889,-21.10462,15.41623,-1.55728,2.20143,0.19618,79.51165,-4.753358,-3.238119,0.434952,65.33292,27.776337,-116.667099,3865.178673,,,,,31.74637,,,0.07185,8.61166,-2.83413,50,4.59475,6.52164,-125.19059,-2.2303,0.11502,23.19045,-18.38667,BOC_EAG,LIB_FLA,UGeorgia,D1,SEC,20260529-UGeorgia-1,44e8c700-5b85-11f1-8b41-2fa142449b60,86.65875,15.72847,,6.61567,,,,0.28308,2.02989,-0.17431,f32c6353-0729-4132-b934-ffed9b5f81bf,2026-05-29,17:38:48.47,2026-05-29T13:38:48.4721152-04:00,2026-05-29T17:38:48.4721152Z,,v3,227,471336,,"Hvidsten, Kyle",1000230326,Right,LIB_FLA,c0d863f0-9770-4903-b545-e29ca84b06d8,54.00258,-125.92985,11.59522,4.65651,-1.64417,-9.19334,-3.04197,6.51797,0.05751,,0.28906,-38.25582,-2.04796,,,,,,,2.04007,44.30781,-24.32823,,,,,,,-0.18208,-75.49777,12.89471,,,,,,,,,,,,,,,,,,,,,,,,,,,,,High,High,High,High,Undefined,,,,,,,,,,,,,,,,,,,,,,,,,,,,,,,,,,,,,
163,2026-05-29,13:39:06.74,3,2,"Blair, Benjamin",1000115932,Right,LIB_FLA,"Mainolfi, Ty",839397,Left,BOC_EAG,Undefined,5,Bottom,1,0,1,Sinker,Sinker,InPlay,Undefined,GroundBall,Out,1,0,,95.61883,-0.83414,-4.760346,2535.403209,237.631129,2:00,5.15598,2.66232,6.72512,-19.85729,10.07741,14.29631,2.73614,-0.50718,86.69525,-4.621958,-2.166099,0.393785,102.68186,-10.821442,46.144923,,,,,16.14188,16.14188,42.865082,0.098478,-9.0089,5.87343,-2.35234,50,5.09287,10.96794,-138.58732,-2.60785,-17.38255,33.25644,-20.84136,BOC_EAG,LIB_FLA,UGeorgia,D1,SEC,20260529-UGeorgia-1,4fbf9690-5b85-11f1-8b41-2fa142449b60,95.71837,2.78898,,8.92357,,,,1.72236,2.78898,0.45965,f32c6353-0729-4132-b934-ffed9b5f81bf,2026-05-29,17:39:06.74,2026-05-29T13:39:06.7467264-04:00,2026-05-29T17:39:06.7467264Z,GroundBall,v3,227,471336,,"Hvidsten, Kyle",1000230326,Right,LIB_FLA,5d9f2b72-79e4-4ade-ae36-5f706dbf1833,53.776,-139.49049,16.62822,5.156,-2.04185,-10.42068,-2.65662,11.44001,-8.69128,180,1.71973,102.6516,,,,,,,,2.7897,-28.32075,,,,,,,,0.45691,106.83833,,,,,,,,,,,,,,,,,,,,,,,,,,,,,,High,High,High,Low,Low,,,,,,,,,,,,,,,,,,,,,,,,,,,,,,,,,,,,,
164,2026-05-29,13:39:43.33,4,1,"Blair, Benjamin",1000115932,Right,LIB_FLA,"Wang, Nick",813482,Right,BOC_EAG,Undefined,5,Bottom,2,0,0,Slider,Curveball,BallCalled,Undefined,Undefined,Undefined,0,0,,85.18015,-1.216759,-2.646679,2374.614664,93.454962,9:00,4.97666,3.21945,6.58859,-35.91041,2.47118,-17.52021,0.86779,-0.66759,76.92496,-7.93097,-5.827722,0.445895,,,,,,,,,,,,8.24701,2.16488,-3.03191,50,4.87899,6.36637,-123.5291,-3.69782,12.4215,30.39398,-28.91334,BOC_EAG,LIB_FLA,UGeorgia,D1,SEC,20260529-UGeorgia-1,659afc70-5b85-11f1-8b41-2fa142449b60,84.53206,,,8.25519,,,,,,,f32c6353-0729-4132-b934-ffed9b5f81bf,2026-05-29,17:39:43.33,2026-05-29T13:39:43.3393664-04:00,2026-05-29T17:39:43.3393664Z,,v3,227,471336,,"Hvidsten, Kyle",1000230326,Right,LIB_FLA,f5aca298-2ec8-4b73-ab8a-ad17223b2e49,53.91023,-124.48748,15.19699,4.98122,-2.78612,-14.45667,-3.22648,5.97469,6.21075,,,,,,,,,,,,,,,,,,,,,,,,,,,,,,,,,,,,,,,,,,,,,,,,,,,High,High,High,,,,,,,,,,,,,,,,,,,,,,,,,,,,,,,,,,,,,,,
165,2026-05-29,13:39:59.72,4,2,"Blair, Benjamin",1000115932,Right,LIB_FLA,"Wang, Nick",813482,Right,BOC_EAG,Undefined,5,Bottom,2,1,0,Cutter,Slider,BallCalled,Undefined,Undefined,Undefined,0,0,,86.61686,-0.875433,-1.249259,2594.238741,129.6372,10:15,4.82453,2.91157,5.98318,-32.20155,5.17567,-4.73563,1.32936,1.35878,78.89823,-6.85211,-2.101263,0.440022,,,,,,,,,,,,2.05217,3.30406,-2.8103,50,4.7377,2.93505,-125.73864,-2.99311,3.25692,27.56012,-26.93028,BOC_EAG,LIB_FLA,UGeorgia,D1,SEC,20260529-UGeorgia-1,6f6034f0-5b85-11f1-8b41-2fa142449b60,85.66028,,,7.71862,,,,,,,f32c6353-0729-4132-b934-ffed9b5f81bf,2026-05-29,17:39:59.72,2026-05-29T13:39:59.7278208-04:00,2026-05-29T17:39:59.7278208Z,,v3,227,471336,,"Hvidsten, Kyle",1000230326,Right,LIB_FLA,e8707aa2-fdf8-42b4-9f21-3ab1837f82dd,54.5162,-126.72466,13.78006,4.82755,-2.02962,-13.46514,-2.91322,2.81852,1.62846,,,,,,,,,,,,,,,,,,,,,,,,,,,,,,,,,,,,,,,,,,,,,,,,,,,High,High,High,,,,,,,,,,,,,,,,,,,,,,,,,,,,,,,,,,,,,,,
166,2026-05-29,13:40:19.63,4,3,"Blair, Benjamin",1000115932,Right,LIB_FLA,"Wang, Nick",813482,Right,BOC_EAG,Undefined,5,Bottom,2,2,0,FourSeamFastBall,Four-Seam,InPlay,Undefined,GroundBall,Out,1,0,,94.47267,-2.354654,-4.165642,2598.206962,228.088979,1:30,5.18919,2.80564,6.71488,-18.34308,12.30068,12.55103,1.50117,0.03682,85.90631,-5.86057,-1.885202,0.398421,104.27435,-4.188247,-17.203425,,,,,14.74661,7.20378,-15.37087,0.092595,-7.8915,7.50993,-2.53384,50,5.02543,9.47789,-136.93897,-6.16094,-14.88373,32.14518,-18.00993,BOC_EAG,LIB_FLA,UGeorgia,D1,SEC,20260529-UGeorgia-1,7b327b80-5b85-11f1-8b41-2fa142449b60,94.60452,1.42259,,8.56636,,,,0.74375,1.42259,0.04926,f32c6353-0729-4132-b934-ffed9b5f81bf,2026-05-29,17:40:19.63,2026-05-29T13:40:19.6344832-04:00,2026-05-29T17:40:19.6344832Z,GroundBall,v3,227,471336,,"Hvidsten, Kyle",1000230326,Right,LIB_FLA,9b4b3053-b60b-4873-bfcc-702e957a8227,53.78612,-137.82486,16.07259,5.18838,-5.6646,-9.00496,-2.8007,9.88807,-7.44187,,0.74346,145.74418,-2.23976,,,,,,,1.4227,-11.18614,-45.17184,,,,,,,0.04928,-45.11532,25.58013,,,,,,,,,,,,,,,,,,,,,,,,,,,,,High,High,High,Low,Low,,,,,,,,,,,,,,,,,,,,,,,,,,,,,,,,,,,,,
167,2026-05-29,13:42:38.50,1,1,"Colarusso, AJ",1000090794,Left,BOC_EAG,"Scilley, Landon",10049359,Right,LIB_FLA,Undefined,6,Top,0,0,0,FourSeamFastBall,Four-Seam,BallCalled,Undefined,Undefined,Undefined,0,0,,88.60355,-0.784973,0.10943,2073.514111,160.928458,11:15,6.06432,-1.09096,5.62579,-16.49395,18.98517,-6.22276,3.95728,-1.50741,81.89473,-3.892262,-1.001827,0.428704,,,,,,,,,,,,3.17666,10.12493,1.08568,50,5.98684,0.02255,-128.83068,-2.2701,5.40993,23.42772,-14.93114,BOC_EAG,LIB_FLA,UGeorgia,D1,SEC,20260529-UGeorgia-1,cdfcf0c0-5b85-11f1-8b41-2fa142449b60,87.92177,,,6.70882,,,,,,,f32c6353-0729-4132-b934-ffed9b5f81bf,2026-05-29,17:42:38.50,2026-05-29T13:42:38.5054720-04:00,2026-05-29T17:42:38.5054720Z,,v3,227,471336,,"Johnson, Gunnar",1000100233,Right,BOC_EAG,5755f7dd-e1f1-4be2-8662-0d5676fa5f87,54.87488,-129.71414,11.71386,6.06183,-1.70704,-7.46557,1.08867,-0.18146,2.70497,,,,,,,,,,,,,,,,,,,,,,,,,,,,,,,,,,,,,,,,,,,,,,,,,,,High,High,High,,,,,,,,,,,,,,,,,,,,,,,,,,,,,,,,,,,,,,,
168,2026-05-29,13:42:50.78,1,2,"Colarusso, AJ",1000090794,Left,BOC_EAG,"Scilley, Landon",10049359,Right,LIB_FLA,Undefined,6,Top,0,1,0,Cutter,Slider,InPlay,Undefined,LineDrive,Double,0,0,,84.60131,-0.265795,1.187999,2283.379953,213.319206,1:00,5.70828,-1.45089,5.2702,-34.5897,4.62622,2.3824,2.57608,-0.13623,78.96517,-6.545229,1.610896,0.450716,104.51382,15.343686,10.893878,2903.439,106.34021,26.79639,28.13619,336.48006,336.48006,22.391674,3.167113,-0.93906,2.66189,1.3404,50,5.65811,-2.65075,-123.05902,-1.83472,-1.46753,20.04519,-28.01422,BOC_EAG,LIB_FLA,UGeorgia,D1,SEC,20260529-UGeorgia-1,d5512940-5b85-11f1-8b41-2fa142449b60,83.62798,32.87604,,5.63615,,,,1.14461,2.6265,0.16787,f32c6353-0729-4132-b934-ffed9b5f81bf,2026-05-29,17:42:50.78,2026-05-29T13:42:50.7860480-04:00,2026-05-29T17:42:50.7860480Z,LineDrive,v3,227,471336,,"Johnson, Gunnar",1000100233,Right,BOC_EAG,f7f78d83-f6a9-424b-9942-59e970da4640,55.23337,-123.90855,10.02259,5.71071,-0.64745,-14.00711,1.45142,-2.58856,-0.73376,236.476307,1.14462,145.15921,-25.47373,5.53178,-1.08652,0.1845,-0.02713,0.00296,-0.00015,2.62649,40.56048,-13.5748,-0.3417,0.32831,-0.09723,0.01927,-0.00198,8E-05,0.16785,27.93682,9.57876,-3.65555,1.07823,-0.25542,0.04653,-0.00547,0.0003,,,,,,,,,,,,,,,,,,,,,,,High,High,High,High,High,,,,,,,,,,,,,,,,,,,,,,,,,,,,,,,,,,,,,
169,2026-05-29,13:43:32.91,2,1,"Colarusso, AJ",1000090794,Left,BOC_EAG,"Hvidsten, Kyle",1000230326,Right,LIB_FLA,Undefined,6,Top,0,0,0,FourSeamFastBall,Four-Seam,FoulBallNotFieldable,Undefined,Undefined,Undefined,0,0,,90.67077,-2.291007,2.177589,2119.378861,157.154822,11:15,5.84774,-1.34802,5.54695,-14.34375,19.8445,-7.93465,2.50871,0.02676,83.53095,-5.006006,0.76397,0.420833,,,,,,,,,,,,4.58457,10.94914,1.16488,50,5.63986,-4.65733,-131.61575,-5.71037,8.11626,25.51349,-12.79038,BOC_EAG,LIB_FLA,UGeorgia,D1,SEC,20260529-UGeorgia-1,ee6e73b0-5b85-11f1-8b41-2fa142449b60,89.56629,,,7.13981,,,,,,,f32c6353-0729-4132-b934-ffed9b5f81bf,2026-05-29,17:43:32.91,2026-05-29T13:43:32.9119232-04:00,2026-05-29T17:43:32.9119232Z,,v3,227,471336,,"Johnson, Gunnar",1000100233,Right,BOC_EAG,ca2b7424-9480-40f3-b111-b78d5b89562d,54.95489,-132.57277,12.75675,5.84506,-5.2306,-6.39519,1.34528,-4.96178,4.05813,,,,,,,,,,,,,,,,,,,,,,,,,,,,,,,,,,,,,,,,,,,,,,,,,,,High,High,High,,,,,,,,,,,,,,,,,,,,,,,,,,,,,,,,,,,,,,,
170,2026-05-29,13:43:56.82,2,2,"Colarusso, AJ",1000090794,Left,BOC_EAG,"Hvidsten, Kyle",1000230326,Right,LIB_FLA,Undefined,6,Top,0,0,1,ChangeUp,Changeup,BallCalled,Undefined,Undefined,Undefined,0,0,,83.35407,-3.01398,3.198454,1868.747378,129.810897,10:15,5.83507,-1.13116,5.50338,-27.95009,12.69516,-13.77304,0.67993,0.71569,77.13184,-8.142862,0.745788,0.458856,,,,,,,,,,,,7.82504,7.54748,0.86127,50,5.55227,-6.20016,-120.82761,-7.29942,11.66895,21.61894,-20.91901,BOC_EAG,LIB_FLA,UGeorgia,D1,SEC,20260529-UGeorgia-1,fcb19330-5b85-11f1-8b41-2fa142449b60,82.14441,,,6.22223,,,,,,,f32c6353-0729-4132-b934-ffed9b5f81bf,2026-05-29,17:43:56.82,2026-05-29T13:43:56.8290304-04:00,2026-05-29T17:43:56.8290304Z,,v3,227,471336,,"Johnson, Gunnar",1000100233,Right,BOC_EAG,dd4926d0-6c7c-40b3-9587-2efd480f1446,54.99915,-121.71879,10.80947,5.8354,-6.43709,-10.4595,1.12677,-6.68117,5.83448,,,,,,,,,,,,,,,,,,,,,,,,,,,,,,,,,,,,,,,,,,,,,,,,,,,High,High,High,,,,,,,,,,,,,,,,,,,,,,,,,,,,,,,,,,,,,,,
171,2026-05-29,13:44:13.14,2,3,"Colarusso, AJ",1000090794,Left,BOC_EAG,"Hvidsten, Kyle",1000230326,Right,LIB_FLA,Undefined,6,Top,0,1,1,ChangeUp,Changeup,StrikeSwinging,Undefined,Undefined,Undefined,0,0,,83.10327,-2.219216,2.294121,1802.431625,120.75095,10:00,5.87702,-1.15035,5.3916,-31.74155,9.25902,-13.51324,1.14924,-0.12515,76.86976,-8.017529,-0.110613,0.460857,,,,,,,,,,,,7.41067,5.59611,0.95528,50,5.65622,-4.27671,-120.5928,-5.7722,10.99711,21.75605,-23.86964,BOC_EAG,LIB_FLA,UGeorgia,D1,SEC,20260529-UGeorgia-1,0670ff50-5b86-11f1-8b41-2fa142449b60,81.7877,,,6.23351,,,,,,,f32c6353-0729-4132-b934-ffed9b5f81bf,2026-05-29,17:44:13.14,2026-05-29T13:44:13.1458048-04:00,2026-05-29T17:44:13.1458048Z,,v3,227,471336,,"Johnson, Gunnar",1000100233,Right,BOC_EAG,d7e30c33-8833-499d-98d5-db7a500eadeb,55.11034,-121.51125,10.87802,5.87863,-4.76452,-11.93482,1.14563,-4.74096,5.49856,,,,,,,,,,,,,,,,,,,,,,,,,,,,,,,,,,,,,,,,,,,,,,,,,,,High,High,High,,,,,,,,,,,,,,,,,,,,,,,,,,,,,,,,,,,,,,,
172,2026-05-29,13:44:33.56,2,4,"Colarusso, AJ",1000090794,Left,BOC_EAG,"Hvidsten, Kyle",1000230326,Right,LIB_FLA,Undefined,6,Top,0,1,2,ChangeUp,Changeup,StrikeSwinging,Strikeout,Undefined,Undefined,0,0,,82.6489,-2.032837,1.881384,1774.50606,130.776428,10:15,5.85697,-1.2699,5.51823,-28.48624,12.75138,-13.35544,1.58052,-0.62306,76.33859,-7.277622,-0.500353,0.462188,,,,,,,,,,,,7.22304,7.3489,1.11513,50,5.66073,-3.39676,-119.97757,-5.19807,10.60911,21.54494,-21.38006,BOC_EAG,LIB_FLA,UGeorgia,D1,SEC,20260529-UGeorgia-1,129bc620-5b86-11f1-8b41-2fa142449b60,81.55225,,,6.31031,,,,,,,f32c6353-0729-4132-b934-ffed9b5f81bf,2026-05-29,17:44:33.56,2026-05-29T13:44:33.5618560-04:00,2026-05-29T17:44:33.5618560Z,,v3,227,471336,,"Johnson, Gunnar",1000100233,Right,BOC_EAG,39db1612-087a-40f7-b445-2573dc706002,54.98261,-120.86901,10.77247,5.8575,-4.31345,-10.69003,1.26475,-3.83572,5.30455,,,,,,,,,,,,,,,,,,,,,,,,,,,,,,,,,,,,,,,,,,,,,,,,,,,High,High,High,,,,,,,,,,,,,,,,,,,,,,,,,,,,,,,,,,,,,,,
173,2026-05-29,13:45:01.98,3,1,"Colarusso, AJ",1000090794,Left,BOC_EAG,"Campos, Josh",815576,Right,LIB_FLA,Undefined,6,Top,1,0,0,ChangeUp,Changeup,InPlay,Undefined,LineDrive,Out,2,0,,82.92132,-1.654775,3.081423,1745.916671,126.392445,10:15,5.82845,-1.37356,5.51302,-29.23624,11.55902,-14.11961,1.842,0.33411,76.92908,-7.022471,0.567151,0.459702,102.33053,8.99793,-18.30606,845.28952,103.83276,5.93054,-36.31362,147.92395,136.94264,-19.539732,1.141043,7.94804,6.58906,1.11469,50,5.66416,-5.9219,-120.39021,-4.45644,11.81787,20.50084,-22.37683,BOC_EAG,LIB_FLA,UGeorgia,D1,SEC,20260529-UGeorgia-1,23885ac0-5b86-11f1-8b41-2fa142449b60,81.99322,7.76346,,5.99224,,,,1.83675,1.96161,-0.31581,f32c6353-0729-4132-b934-ffed9b5f81bf,2026-05-29,17:45:01.98,2026-05-29T13:45:01.9851776-04:00,2026-05-29T17:45:01.9851776Z,LineDrive,v3,227,471336,,"Johnson, Gunnar",1000100233,Right,BOC_EAG,e3c0f34d-1581-4a64-accc-032eff8d6fe0,54.99023,-121.237,10.25042,5.82915,-3.53216,-11.18842,1.36937,-6.41004,5.90893,41.583828,1.83675,140.73524,-21.60237,3.9612,0.1483,-1.4027,1.31648,-0.62369,0.12231,1.9616,23.47293,-25.36885,3.53164,-0.50563,-0.30401,0.39016,-0.19423,0.03866,-0.31581,-46.56066,1.69541,1.43492,0.46852,-1.6334,1.57004,-0.75327,0.1486,,,,,,,,,,,,,,,,,,,,,,,High,High,High,High,High,,,,,,,,,,,,,,,,,,,,,,,,,,,,,,,,,,,,,
174,2026-05-29,13:47:19.41,1,1,"Blair, Benjamin",1000115932,Right,LIB_FLA,"Toomey, Jack",809057,Right,BOC_EAG,Undefined,6,Bottom,0,0,0,Sinker,Sinker,StrikeCalled,Undefined,Undefined,Undefined,0,0,,93.96849,-0.932273,-3.623311,2508.493694,241.742071,2:00,4.88246,2.88661,6.43748,-21.02745,9.84339,16.59257,2.27163,0.93509,86.31293,-4.895179,-0.620634,0.399895,,,,,,,,,,,,-9.59485,5.67654,-2.6357,50,4.80648,7.95586,-136.47762,-2.88549,-18.20392,28.37068,-21.40421,BOC_EAG,LIB_FLA,UGeorgia,D1,SEC,20260529-UGeorgia-1,756ab9f0-5b86-11f1-8b41-2fa142449b60,94.25594,,,7.65556,,,,,,,f32c6353-0729-4132-b934-ffed9b5f81bf,2026-05-29,17:47:19.41,2026-05-29T13:47:19.4150400-04:00,2026-05-29T17:47:19.4150400Z,,v3,227,471336,,"Hvidsten, Kyle",1000230326,Right,LIB_FLA,06c999b9-e164-4a3a-b437-0d885460b877,54.06442,-137.31993,14.18534,4.88272,-2.25001,-10.70211,-2.87993,8.49632,-9.10196,,,,,,,,,,,,,,,,,,,,,,,,,,,,,,,,,,,,,,,,,,,,,,,,,,,High,High,High,,,,,,,,,,,,,,,,,,,,,,,,,,,,,,,,,,,,,,,
175,2026-05-29,13:47:33.81,1,2,"Blair, Benjamin",1000115932,Right,LIB_FLA,"Toomey, Jack",809057,Right,BOC_EAG,Undefined,6,Bottom,0,0,1,Sinker,Sinker,InPlay,Undefined,GroundBall,Out,1,0,,95.19075,-1.083932,-3.656113,2368.163197,244.535177,2:15,4.85183,2.95591,6.34382,-21.67422,8.47461,15.9319,2.04559,0.91308,87.59709,-5.148533,-0.778107,0.395191,59.75874,6.359957,5.523366,2181.544401,,,,69.76439,69.60933,7.620494,0.859091,-9.273,4.96607,-2.69716,50,4.76252,8.17323,-138.25903,-3.33416,-18.08119,28.7042,-22.49078,BOC_EAG,LIB_FLA,UGeorgia,D1,SEC,20260529-UGeorgia-1,7dfec570-5b86-11f1-8b41-2fa142449b60,95.37784,3.59958,,7.59366,,,,0.67951,1.9482,-0.91656,f32c6353-0729-4132-b934-ffed9b5f81bf,2026-05-29,17:47:33.81,2026-05-29T13:47:33.8183680-04:00,2026-05-29T17:47:33.8183680Z,GroundBall,v3,227,471336,,"Hvidsten, Kyle",1000230326,Right,LIB_FLA,d6400df3-33c1-4f8f-949b-bdd578400d2a,54.15912,-139.11983,14.3521,4.8524,-2.65969,-11.24539,-2.95039,8.71546,-9.04059,244.959786,0.67951,86.70217,-9.17458,1.38006,-0.24571,0.03091,-0.00242,0.00068,-0.00014,1.9482,9.70893,-14.46055,0.61589,-0.02217,0.01,0.00081,-0.00033,-3E-05,-0.91656,8.38416,4.79578,-1.12751,0.30001,-0.05611,0.0104,-0.00188,0.0002,,,,,,,,,,,,,,,,,,,,,,,High,High,High,High,High,,,,,,,,,,,,,,,,,,,,,,,,,,,,,,,,,,,,,
176,2026-05-29,13:48:15.96,2,1,"Blair, Benjamin",1000115932,Right,LIB_FLA,"Gallo, Luke",828057,Right,BOC_EAG,Undefined,6,Bottom,1,0,0,Sinker,Sinker,StrikeCalled,Undefined,Undefined,Undefined,0,0,,93.57144,-1.655878,-4.45691,2403.392761,246.282611,2:15,4.73502,2.92632,6.38468,-22.69202,8.48063,17.2295,1.31571,0.25385,86.27726,-5.904136,-1.345947,0.401845,,,,,,,,,,,,-10.1189,5.12646,-2.6125,50,4.60483,9.87895,-135.76945,-4.66893,-19.06445,27.11951,-22.5156,BOC_EAG,LIB_FLA,UGeorgia,D1,SEC,20260529-UGeorgia-1,97264910-5b86-11f1-8b41-2fa142449b60,93.79849,,,7.29418,,,,,,,f32c6353-0729-4132-b934-ffed9b5f81bf,2026-05-29,17:48:15.96,2026-05-29T13:48:15.9636480-04:00,2026-05-29T17:48:15.9636480Z,,v3,227,471336,,"Hvidsten, Kyle",1000230326,Right,LIB_FLA,8ef967c3-873c-4a42-87dd-dbe31a513200,54.11826,-136.58958,13.55975,4.73573,-3.98803,-11.2578,-2.91997,10.45549,-9.53222,,,,,,,,,,,,,,,,,,,,,,,,,,,,,,,,,,,,,,,,,,,,,,,,,,,High,High,High,,,,,,,,,,,,,,,,,,,,,,,,,,,,,,,,,,,,,,,
177,2026-05-29,13:48:32.34,2,2,"Blair, Benjamin",1000115932,Right,LIB_FLA,"Gallo, Luke",828057,Right,BOC_EAG,Undefined,6,Bottom,1,0,1,Slider,Slider,BallCalled,Undefined,Undefined,Undefined,0,0,,84.82828,0.476725,0.10714,2295.394168,110.824629,9:45,5.13295,2.66058,6.19823,-33.40018,4.95051,-9.86977,2.78971,1.93701,77.65743,-5.746992,-1.675592,0.445716,,,,,,,,,,,,5.21709,2.73319,-2.66348,50,5.15176,0.13456,-123.35438,-0.01273,8.01831,25.11353,-27.97334,BOC_EAG,LIB_FLA,UGeorgia,D1,SEC,20260529-UGeorgia-1,a0e69f90-5b86-11f1-8b41-2fa142449b60,84.56609,,,7.17086,,,,,,,f32c6353-0729-4132-b934-ffed9b5f81bf,2026-05-29,17:48:32.34,2026-05-29T13:48:32.3497472-04:00,2026-05-29T17:48:32.3497472Z,,v3,227,471336,,"Hvidsten, Kyle",1000230326,Right,LIB_FLA,b4630743-fdb0-4aca-9012-d4c11a846b48,54.30457,-124.22765,12.55677,5.13529,0.95998,-13.98667,-2.66331,-0.14426,4.00915,,,,,,,,,,,,,,,,,,,,,,,,,,,,,,,,,,,,,,,,,,,,,,,,,,,High,High,High,,,,,,,,,,,,,,,,,,,,,,,,,,,,,,,,,,,,,,,
178,2026-05-29,13:48:49.70,2,3,"Blair, Benjamin",1000115932,Right,LIB_FLA,"Gallo, Luke",828057,Right,BOC_EAG,Undefined,6,Bottom,1,1,1,Sinker,Sinker,FoulBallNotFieldable,Undefined,Undefined,Undefined,0,0,,94.3319,-1.205139,-4.830445,2441.034861,240.557661,2:00,4.90754,2.81322,6.43249,-21.00485,9.59079,15.4308,2.04541,-0.35098,86.9974,-5.150519,-2.045597,0.398108,88.67475,32.665968,30.193843,5188.79287,89.30148,61.61934,64.22765,309.00844,186.20096,44.694216,4.728737,-9.28686,5.58685,-2.4755,50,4.81182,10.93896,-136.84927,-3.55442,-17.80104,27.15326,-21.46516,BOC_EAG,LIB_FLA,UGeorgia,D1,SEC,20260529-UGeorgia-1,ab3c5840-5b86-11f1-8b41-2fa142449b60,94.67891,75.66763,,7.33449,,,,0.29628,1.97479,0.33002,f32c6353-0729-4132-b934-ffed9b5f81bf,2026-05-29,17:48:49.70,2026-05-29T13:48:49.7065472-04:00,2026-05-29T17:48:49.7065472Z,FlyBall,v3,227,471336,,"Hvidsten, Kyle",1000230326,Right,LIB_FLA,f93877d6-8f97-41cc-be32-e31fb730de72,54.07058,-137.65457,13.57663,4.9078,-2.91782,-10.73258,-2.80775,11.4669,-8.90052,218.341468,0.29704,94.61327,-23.07558,5.48435,-1.02146,0.15408,-0.02596,0.00407,-0.00028,1.97707,70.14358,-18.2755,0.5571,0.31491,-0.20305,0.06068,-0.00864,0.00047,0.33116,55.0411,-1.72895,-0.57494,0.28616,-0.0755,0.01298,-0.00121,4E-05,,,,,,,,,,,,,,,,,,,,,,,High,High,High,High,Medium,,,,,,,,,,,,,,,,,,,,,,,,,,,,,,,,,,,,,
179,2026-05-29,13:49:32.64,2,4,"Blair, Benjamin",1000115932,Right,LIB_FLA,"Gallo, Luke",828057,Right,BOC_EAG,Undefined,6,Bottom,1,1,2,FourSeamFastBall,Four-Seam,StrikeSwinging,Strikeout,Undefined,Undefined,0,0,,95.18744,0.069224,-4.11774,2541.818758,222.036344,1:30,4.99119,2.86913,6.76723,-17.58918,11.99548,10.06666,3.58881,-0.05893,87.75204,-3.279583,-2.288202,0.391476,,,,,,,,,,,,-6.33181,6.59473,-2.60311,50,4.98868,9.55825,-138.29114,-0.3291,-12.40038,27.57623,-19.25877,BOC_EAG,LIB_FLA,UGeorgia,D1,SEC,20260529-UGeorgia-1,c4da6b70-5b86-11f1-8b41-2fa142449b60,96.28296,,,7.4354,,,,,,,f32c6353-0729-4132-b934-ffed9b5f81bf,2026-05-29,17:49:32.64,2026-05-29T13:49:32.6480000-04:00,2026-05-29T17:49:32.6480000Z,,v3,227,471336,,"Hvidsten, Kyle",1000230326,Right,LIB_FLA,f4264eff-46ad-4eb0-b6fa-292073b0a0a3,53.73457,-139.03384,13.78812,4.99056,0.18959,-9.62939,-2.86504,9.89223,-6.20019,,,,,,,,,,,,,,,,,,,,,,,,,,,,,75.53573,,,0.871948,,,,2.97035,5.29801,1.51361,74.27255,6.94822,-50.52356,2.98476,85.61393,-4.41736,5.33821,15.03634,-15.10929,1.44341,-67.41548,8.93584,High,High,High,,,High,High,High,,,,,,,,,,,,,,,,,,,,,,,,,,,,,,,,,,
180,2026-05-29,13:50:06.68,3,1,"Blair, Benjamin",1000115932,Right,LIB_FLA,"Wolff, Kyle",813479,Right,BOC_EAG,Undefined,6,Bottom,2,0,0,Slider,Slider,BallCalled,Undefined,Undefined,Undefined,0,0,,85.17647,0.217253,-3.940212,2268.786665,97.75547,9:15,5.04103,2.70169,6.46203,-34.64573,2.69236,-12.62331,2.35392,-1.9753,79.29293,-6.193631,-6.218275,0.439792,,,,,,,,,,,,5.65363,1.68012,-2.41777,50,5.04106,8.9839,-123.7602,-0.58717,8.87375,21.92378,-29.53697,BOC_EAG,LIB_FLA,UGeorgia,D1,SEC,20260529-UGeorgia-1,d92b39b0-5b86-11f1-8b41-2fa142449b60,85.7051,,,5.88354,,,,,,,f32c6353-0729-4132-b934-ffed9b5f81bf,2026-05-29,17:50:06.68,2026-05-29T13:50:06.6856960-04:00,2026-05-29T17:50:06.6856960Z,,v3,227,471336,,"Hvidsten, Kyle",1000230326,Right,LIB_FLA,2c005028-db15-43c7-80e7-51f14ee6a91b,54.04097,-124.47399,10.96189,5.04452,0.37448,-14.76849,-2.70556,8.69499,4.43688,,,,,,,,,,,,,,,,,,,,,,,,,,,,,,,,,,,,,,,,,,,,,,,,,,,High,High,High,,,,,,,,,,,,,,,,,,,,,,,,,,,,,,,,,,,,,,,
181,2026-05-29,13:50:23.21,3,2,"Blair, Benjamin",1000115932,Right,LIB_FLA,"Wolff, Kyle",813479,Right,BOC_EAG,Undefined,6,Bottom,2,1,0,Sinker,Sinker,InPlay,Undefined,LineDrive,Single,0,0,,93.52583,-1.104427,-5.174131,2472.543079,246.232088,2:15,5.05713,2.57878,6.63625,-23.10856,7.94548,15.90851,2.11603,-0.84546,85.88238,-5.455068,-2.293877,0.40108,83.36115,18.112463,-0.002191,903.363552,109.99924,23.26776,0.39602,228.9777,228.9777,-0.340442,2.472426,-9.78308,4.75768,-2.23431,50,4.97261,11.66043,-135.60476,-3.33287,-18.31412,28.16492,-23.26753,BOC_EAG,LIB_FLA,UGeorgia,D1,SEC,20260529-UGeorgia-1,e2fc5910-5b86-11f1-8b41-2fa142449b60,93.97747,23.48784,,7.64345,,,,1.88673,2.21122,0.81911,f32c6353-0729-4132-b934-ffed9b5f81bf,2026-05-29,17:50:23.21,2026-05-29T13:50:23.2140288-04:00,2026-05-29T17:50:23.2140288Z,LineDrive,v3,227,471336,,"Hvidsten, Kyle",1000230326,Right,LIB_FLA,550b6526-4ffd-4cb8-a260-29e5ab3f0884,53.86679,-136.40552,14.08246,5.05796,-2.67135,-11.63377,-2.57323,12.18112,-9.15706,168.466975,1.88673,116.20442,-14.14916,2.61013,-0.51495,0.09555,-0.01679,0.00229,-0.00016,2.21122,38.0094,-18.5005,1.64368,-0.33058,0.06635,-0.01009,0.00127,-9E-05,0.81911,-0.00445,-0.43677,0.06209,-0.01403,0.00165,-0.00033,1E-05,0,,,,,,,,,,,,,,,,,,,,,,,High,High,High,High,High,,,,,,,,,,,,,,,,,,,,,,,,,,,,,,,,,,,,,
182,2026-05-29,13:51:05.95,4,1,"Blair, Benjamin",1000115932,Right,LIB_FLA,"Johnson, Gunnar",1000100233,Right,BOC_EAG,Undefined,6,Bottom,2,0,0,Sinker,Sinker,BallCalled,Undefined,Undefined,Undefined,0,0,,93.48213,-1.940741,-5.241118,2338.255843,237.536992,2:00,4.67823,2.70808,6.48941,-19.93505,11.54505,16.54017,1.22705,-0.73883,85.32515,-5.718006,-2.255359,0.403821,,,,,,,,,,,,-10.06717,6.89256,-2.34585,50,4.53258,11.72814,-135.3379,-5.20211,-18.66728,29.60197,-19.39337,BOC_EAG,LIB_FLA,UGeorgia,D1,SEC,20260529-UGeorgia-1,fc794fb0-5b86-11f1-8b41-2fa142449b60,93.33939,,,8.15697,,,,,,,f32c6353-0729-4132-b934-ffed9b5f81bf,2026-05-29,17:51:05.95,2026-05-29T13:51:05.9593216-04:00,2026-05-29T17:51:05.9593216Z,,v3,227,471336,,"Hvidsten, Kyle",1000230326,Right,LIB_FLA,c1c916d1-a8be-4c9a-856d-90d57a4dfbc4,54.01121,-136.21243,14.80099,4.6778,-4.62918,-9.69669,-2.70048,12.27962,-9.33364,,,,,,,,,,,,,,,,,,,,,,,,,,,,,,,,,,,,,,,,,,,,,,,,,,,High,High,High,,,,,,,,,,,,,,,,,,,,,,,,,,,,,,,,,,,,,,,
183,2026-05-29,13:51:25.52,4,2,"Blair, Benjamin",1000115932,Right,LIB_FLA,"Johnson, Gunnar",1000100233,Right,BOC_EAG,Undefined,6,Bottom,2,1,0,Sinker,Sinker,InPlay,Undefined,FlyBall,Out,1,0,,94.31494,-0.198048,-3.94007,2318.755149,241.217718,2:00,4.72698,2.83782,6.39864,-19.82887,11.09658,18.38371,2.892,0.74051,85.88669,-3.959759,-0.61819,0.400248,84.21823,34.197522,11.996713,4160.913707,105.86218,65.89114,29.88471,303.53421,298.62124,23.893171,4.85801,-10.73087,6.14374,-2.56286,50,4.70353,8.66372,-136.86274,-1.08616,-20.31084,30.80114,-20.54551,BOC_EAG,LIB_FLA,UGeorgia,D1,SEC,20260529-UGeorgia-1,081b8590-5b87-11f1-8b41-2fa142449b60,94.17261,79.53632,,8.42825,,,,0.38282,2.88777,-0.72103,f32c6353-0729-4132-b934-ffed9b5f81bf,2026-05-29,17:51:25.52,2026-05-29T13:51:25.5277056-04:00,2026-05-29T17:51:25.5277056Z,FlyBall,v3,227,471336,,"Hvidsten, Kyle",1000230326,Right,LIB_FLA,1bd288a3-7c11-418f-852e-29a5bf9277d9,54.10325,-137.78309,15.40057,4.72681,-0.47225,-10.27276,-2.8308,9.27061,-10.15542,207.687776,0.38254,99.94239,-19.63708,4.51116,-0.91113,0.17468,-0.03066,0.00373,-0.0002,2.89001,69.36969,-17.35449,0.83624,0.04448,-0.08483,0.02789,-0.00397,0.00021,-0.72076,21.22887,2.19233,-0.61718,0.13253,-0.01898,0.00162,-7E-05,0,,,,,,,,,,,,,,,,,,,,,,,High,High,High,High,High,,,,,,,,,,,,,,,,,,,,,,,,,,,,,,,,,,,,,
184,2026-05-29,13:53:56.74,1,1,"Colarusso, AJ",1000090794,Left,BOC_EAG,"Marsh, Tanner",835651,Right,LIB_FLA,Undefined,7,Top,0,0,0,ChangeUp,Changeup,StrikeSwinging,Undefined,Undefined,Undefined,0,0,,82.14552,-0.318065,1.326042,1702.845286,147.043893,11:00,5.80467,-1.23264,5.46882,-28.04561,13.82528,-8.13902,3.16978,-0.66963,75.47593,-5.512044,-0.12327,0.465723,,,,,,,,,,,,4.44855,7.44272,1.12169,50,5.75768,-2.4281,-119.29048,-1.57508,6.44159,21.89302,-21.39677,BOC_EAG,LIB_FLA,UGeorgia,D1,SEC,20260529-UGeorgia-1,62490060-5b87-11f1-8b41-2fa142449b60,80.93319,,,6.66959,,,,,,,f32c6353-0729-4132-b934-ffed9b5f81bf,2026-05-29,17:53:56.74,2026-05-29T13:53:56.7477248-04:00,2026-05-29T17:53:56.7477248Z,,v3,227,471336,,"Johnson, Gunnar",1000100233,Right,BOC_EAG,08ba29e8-34a8-4226-a197-dfcac1aa52f7,55.03101,-120.21026,10.94651,5.80497,-0.67615,-10.69839,1.22939,-2.69872,3.2208,,,,,,,,,,,,,,,,,,,,,,,,,,,,,,,,,,,,,,,,,,,,,,,,,,,High,High,High,,,,,,,,,,,,,,,,,,,,,,,,,,,,,,,,,,,,,,,
185,2026-05-29,13:54:11.65,1,2,"Colarusso, AJ",1000090794,Left,BOC_EAG,"Marsh, Tanner",835651,Right,LIB_FLA,Undefined,7,Top,0,0,1,ChangeUp,Changeup,BallCalled,Undefined,Undefined,Undefined,0,0,,82.90412,-0.087433,0.940654,1799.839731,111.506822,9:45,5.79986,-1.1942,5.37949,-35.0851,5.97614,-12.17056,2.79413,-1.32651,76.6192,-6.50148,-1.224706,0.461198,,,,,,,,,,,,6.35126,3.39713,1.11885,50,5.7672,-1.47248,-120.47972,-1.41823,9.41863,21.44965,-27.13622,BOC_EAG,LIB_FLA,UGeorgia,D1,SEC,20260529-UGeorgia-1,6b2bef30-5b87-11f1-8b41-2fa142449b60,81.72724,,,6.28492,,,,,,,f32c6353-0729-4132-b934-ffed9b5f81bf,2026-05-29,17:54:11.65,2026-05-29T13:54:11.6582400-04:00,2026-05-29T17:54:11.6582400Z,,v3,227,471336,,"Johnson, Gunnar",1000100233,Right,BOC_EAG,5829100b-8cbb-42c4-822e-e6aeb1a850a0,55.1221,-121.38821,10.72482,5.80292,-0.26888,-13.56811,1.18966,-1.87141,4.70931,,,,,,,,,,,,,,,,,,,,,,,,,,,,,,,,,,,,,,,,,,,,,,,,,,,High,High,High,,,,,,,,,,,,,,,,,,,,,,,,,,,,,,,,,,,,,,,
186,2026-05-29,13:54:25.94,1,3,"Colarusso, AJ",1000090794,Left,BOC_EAG,"Marsh, Tanner",835651,Right,LIB_FLA,Undefined,7,Top,0,1,1,ChangeUp,Changeup,StrikeCalled,Undefined,Undefined,Undefined,0,0,,82.27885,-0.853005,2.609716,1665.801879,111.314361,9:45,5.87779,-1.07002,5.58734,-35.24392,6.0637,-12.56607,2.14335,0.32152,76.33413,-7.302317,0.366932,0.462579,,,,,,,,,,,,7.018,3.63862,0.85417,50,5.78127,-4.94906,-119.53459,-2.97335,10.27663,20.43571,-26.84592,BOC_EAG,LIB_FLA,UGeorgia,D1,SEC,20260529-UGeorgia-1,73b1f0f0-5b87-11f1-8b41-2fa142449b60,81.48316,,,5.94473,,,,,,,f32c6353-0729-4132-b934-ffed9b5f81bf,2026-05-29,17:54:25.94,2026-05-29T13:54:25.9454464-04:00,2026-05-29T17:54:25.9454464Z,,v3,227,471336,,"Johnson, Gunnar",1000100233,Right,BOC_EAG,224adc61-2760-4732-860e-1f9175fd4c4b,54.91517,-120.37196,10.21785,5.88057,-1.87332,-13.42296,1.06558,-5.37015,5.13832,,,,,,,,,,,,,,,,,,,,,,,,,,,,,,,,,,,,,,,,,,,,,,,,,,,High,High,High,,,,,,,,,,,,,,,,,,,,,,,,,,,,,,,,,,,,,,,
187,2026-05-29,13:54:41.88,1,4,"Colarusso, AJ",1000090794,Left,BOC_EAG,"Marsh, Tanner",835651,Right,LIB_FLA,Undefined,7,Top,0,1,2,FourSeamFastBall,Four-Seam,BallCalled,Undefined,Undefined,Undefined,0,0,,90.72887,-0.579685,0.325075,2192.104626,159.608821,11:15,5.93196,-0.99441,5.36763,-13.30761,21.15981,-7.47465,4.27941,-1.31248,83.05505,-3.122886,-1.003209,0.422548,,,,,,,,,,,,3.82209,11.0765,0.97065,50,5.87081,-0.40172,-131.74896,-1.72265,6.74688,26.86099,-12.62143,BOC_EAG,LIB_FLA,UGeorgia,D1,SEC,20260529-UGeorgia-1,7d2cda00-5b87-11f1-8b41-2fa142449b60,89.20276,,,7.67382,,,,,,,f32c6353-0729-4132-b934-ffed9b5f81bf,2026-05-29,17:54:41.88,2026-05-29T13:54:41.8838528-04:00,2026-05-29T17:54:41.8838528Z,,v3,227,471336,,"Johnson, Gunnar",1000100233,Right,BOC_EAG,a8885474-fd51-47bf-b430-0a1591cf4345,55.13166,-132.79108,13.4305,5.92814,-1.23299,-6.31072,0.99131,-0.66347,3.37344,,,,,,,,,,,,,,,,,,,,,,,,,,,,,,,,,,,,,,,,,,,,,,,,,,,High,High,High,,,,,,,,,,,,,,,,,,,,,,,,,,,,,,,,,,,,,,,
188,2026-05-29,13:54:58.44,1,5,"Colarusso, AJ",1000090794,Left,BOC_EAG,"Marsh, Tanner",835651,Right,LIB_FLA,Undefined,7,Top,0,2,2,ChangeUp,Changeup,InPlay,Undefined,LineDrive,Double,0,0,,81.71292,-0.356636,2.4659,1798.328423,104.576917,9:30,5.74635,-1.29322,5.25711,-37.18951,5.28847,-15.64056,2.31181,-0.27823,75.61464,-7.126346,-0.308976,0.469087,102.31951,17.009914,-8.145783,847.087319,108.81534,28.67532,-16.09976,325.16595,318.33116,-9.35602,3.239838,8.5126,3.07425,1.07938,50,5.68584,-4.47649,-118.67709,-2.049,12.25763,20.65936,-27.74732,BOC_EAG,LIB_FLA,UGeorgia,D1,SEC,20260529-UGeorgia-1,8711a870-5b87-11f1-8b41-2fa142449b60,80.35279,34.85267,,6.09828,,,,1.90516,2.45603,0.26029,f32c6353-0729-4132-b934-ffed9b5f81bf,2026-05-29,17:54:58.44,2026-05-29T13:54:58.4469504-04:00,2026-05-29T17:54:58.4469504Z,LineDrive,v3,227,471336,,"Johnson, Gunnar",1000100233,Right,BOC_EAG,e902da48-19a9-48f0-9e76-afe954cd433c,55.2463,-119.58688,10.32968,5.74917,-0.82707,-13.87366,1.2884,-5.01629,6.12882,164.050153,1.90518,142.05482,-22.77664,4.93859,-1.07497,0.21776,-0.03713,0.0044,-0.00025,2.45603,43.90049,-16.16023,1.04029,-0.15055,0.02114,-0.00148,0.00013,-1E-05,0.2603,-20.33348,1.24674,0.10998,-0.08477,0.02575,-0.00508,0.00064,-4E-05,,,,,,,,,,,,,,,,,,,,,,,High,High,High,High,Medium,,,,,,,,,,,,,,,,,,,,,,,,,,,,,,,,,,,,,
189,2026-05-29,13:55:41.18,2,1,"Colarusso, AJ",1000090794,Left,BOC_EAG,"Decandido, Riley",1000092865,Left,LIB_FLA,Undefined,7,Top,0,0,0,FourSeamFastBall,Four-Seam,StrikeCalled,Undefined,Undefined,Undefined,0,0,,88.17304,-3.17877,2.595838,2059.833914,144.128715,10:45,5.98542,-1.09719,5.38809,-19.33048,17.01241,-11.53942,1.38894,0.37595,81.61339,-6.760147,0.545655,0.433891,,,,,,,,,,,,6.45485,9.66544,0.87355,50,5.68732,-5.29574,-127.86758,-7.75901,10.82076,23.26923,-15.97115,BOC_EAG,LIB_FLA,UGeorgia,D1,SEC,20260529-UGeorgia-1,a08bb8e0-5b87-11f1-8b41-2fa142449b60,86.87066,,,6.55965,,,,,,,f32c6353-0729-4132-b934-ffed9b5f81bf,2026-05-29,17:55:41.18,2026-05-29T13:55:41.1852288-04:00,2026-05-29T17:55:41.1852288Z,,v3,227,471336,,"Johnson, Gunnar",1000100233,Right,BOC_EAG,86cbece1-76cd-48b7-8704-1c7093db94c1,55.11388,-128.79484,11.63462,5.98383,-7.12258,-7.98558,1.09317,-5.72694,5.41038,,,,,,,,,,,,,,,,,,,,,,,,,,,,,,,,,,,,,,,,,,,,,,,,,,,High,High,High,,,,,,,,,,,,,,,,,,,,,,,,,,,,,,,,,,,,,,,
190,2026-05-29,13:55:55.97,2,2,"Colarusso, AJ",1000090794,Left,BOC_EAG,"Decandido, Riley",1000092865,Left,LIB_FLA,Undefined,7,Top,0,0,1,Cutter,Slider,InPlay,Undefined,Bunt,Sacrifice,1,0,,82.39966,0.843934,0.588913,2377.726728,226.429612,1:30,5.73494,-1.51272,5.10217,-36.23537,5.65363,4.72268,3.51067,-0.56421,76.26063,-5.74628,1.424358,0.465824,31.26598,-26.47153,27.699492,,,,,8.69998,8.45211,21.787566,0.149921,-2.22878,2.92776,1.4532,50,5.78599,-1.42695,-119.74245,0.45208,-3.27396,20.57845,-27.87334,BOC_EAG,LIB_FLA,UGeorgia,D1,SEC,20260529-UGeorgia-1,a95b46c0-5b87-11f1-8b41-2fa142449b60,80.91571,3.38302,,6.13904,,,,2.66602,3.38302,0.47595,f32c6353-0729-4132-b934-ffed9b5f81bf,2026-05-29,17:55:55.97,2026-05-29T13:55:55.9723008-04:00,2026-05-29T17:55:55.9723008Z,GroundBall,v3,227,471336,,"Johnson, Gunnar",1000100233,Right,BOC_EAG,c812b055-5a88-4e57-8ae6-f5e1367f01ba,55.40059,-120.667,10.28923,5.73755,1.70438,-13.93667,1.51401,-1.27985,-1.63698,102.234912,2.66601,36.34535,-1.62043,,,,,,,3.38317,-20.4543,-14.09465,,,,,,,0.47592,19.0834,-4.79407,,,,,,,,,,,,,,,,,,,,,,,,,,,,,High,High,High,Low,Low,,,,,,,,,,,,,,,,,,,,,,,,,,,,,,,,,,,,,
191,2026-05-29,13:57:50.14,3,1,"Colarusso, AJ",1000090794,Left,BOC_EAG,"Jaffe, Jordan",811757,Right,LIB_FLA,Undefined,7,Top,1,0,0,Cutter,Slider,StrikeCalled,Undefined,Undefined,Undefined,0,0,,85.28809,-1.215415,1.339891,2338.097309,209.158764,1:00,5.75047,-1.54121,5.47762,-32.74773,6.10981,2.75579,1.8837,-0.05754,78.60119,-7.210175,1.831068,0.448651,,,,,,,,,,,,-1.03323,3.77189,1.42162,50,5.62145,-3.01321,-123.84096,-3.79174,-1.61148,23.73591,-26.29114,BOC_EAG,LIB_FLA,UGeorgia,D1,SEC,20260529-UGeorgia-1,ed68b190-5b87-11f1-8b41-2fa142449b60,84.01277,,,6.6869,,,,,,,f32c6353-0729-4132-b934-ffed9b5f81bf,2026-05-29,17:57:50.14,2026-05-29T13:57:50.1481984-04:00,2026-05-29T17:57:50.1481984Z,,v3,227,471336,,"Johnson, Gunnar",1000100233,Right,BOC_EAG,6ffd2eea-9974-4a6b-acb6-78a3ab624670,55.02281,-124.79994,11.86796,5.75319,-2.72952,-13.14557,1.54204,-2.9481,-0.80574,,,,,,,,,,,,,,,,,,,,,,,,,,,,,,,,,,,,,,,,,,,,,,,,,,,High,High,High,,,,,,,,,,,,,,,,,,,,,,,,,,,,,,,,,,,,,,,
192,2026-05-29,13:58:03.77,3,2,"Colarusso, AJ",1000090794,Left,BOC_EAG,"Jaffe, Jordan",811757,Right,LIB_FLA,Undefined,7,Top,1,0,1,ChangeUp,Changeup,InPlay,Undefined,GroundBall,FieldersChoice,1,0,,84.25854,-2.032028,1.969716,1708.296221,106.460676,9:30,5.77111,-1.1911,5.527,-34.56211,5.48276,-14.15745,0.98931,-0.5287,77.27129,-8.360923,-0.557912,0.455454,87.73852,4.428402,-14.334192,768.740377,,,,94.29694,89.0153,-15.085565,0.788202,7.77441,3.71591,1.0297,50,5.57111,-3.62492,-122.22435,-5.53819,11.72136,24.83724,-26.57163,BOC_EAG,LIB_FLA,UGeorgia,D1,SEC,20260529-UGeorgia-1,f58458c0-5b87-11f1-8b41-2fa142449b60,82.75791,2.72832,,6.98725,,,,1.82712,1.04162,0.60211,f32c6353-0729-4132-b934-ffed9b5f81bf,2026-05-29,17:58:03.77,2026-05-29T13:58:03.7708800-04:00,2026-05-29T17:58:03.7708800Z,GroundBall,v3,227,471336,,"Johnson, Gunnar",1000100233,Right,BOC_EAG,2d081d52-eb8c-4382-a12b-520c449ab4b2,54.97484,-123.23115,12.41862,5.77378,-4.4611,-13.28582,1.18627,-4.10006,5.86068,118.430956,1.8741,123.49622,-13.21532,,,,,,,1.05771,9.66239,-13.98613,,,,,,,0.60827,-31.87143,-0.05549,,,,,,,,,,,,,,,,,,,,,,,,,,,,,High,High,High,High,High,,,,,,,,,,,,,,,,,,,,,,,,,,,,,,,,,,,,,
193,2026-05-29,13:58:57.57,4,1,"Colarusso, AJ",1000090794,Left,BOC_EAG,"Sorenson, Jaxon",701641,Left,LIB_FLA,Undefined,7,Top,2,0,0,FourSeamFastBall,Four-Seam,FoulBallNotFieldable,Undefined,Undefined,Undefined,0,0,,89.03201,-1.391754,1.030827,2052.785268,154.829837,11:15,5.93846,-0.98384,5.5076,-16.55615,18.62938,-8.30993,3.25672,-0.71218,82.61831,-4.491279,-0.449836,0.426927,67.26433,69.770897,-173.334457,4644.768208,,,,,20.14157,,,4.46685,10.05953,0.89973,50,5.80596,-1.97412,-129.46671,-3.68053,7.70953,22.75197,-14.81183,BOC_EAG,LIB_FLA,UGeorgia,D1,SEC,20260529-UGeorgia-1,15934950-5b88-11f1-8b41-2fa142449b60,88.28783,50.122,,6.4137,,,,1.6613,3.26146,0.71577,f32c6353-0729-4132-b934-ffed9b5f81bf,2026-05-29,17:58:57.57,2026-05-29T13:58:57.5715328-04:00,2026-05-29T17:58:57.5715328Z,,v3,227,471336,,"Johnson, Gunnar",1000100233,Right,BOC_EAG,9ff98a4d-25a5-48cb-95a6-7ba1f347ea18,54.99509,-130.34158,11.37598,5.93654,-3.11098,-7.40591,0.98135,-2.27057,3.85477,4.82729,1.6613,-33.88152,-4.04628,2.23391,-0.6456,0.16045,-0.03544,0.00712,-0.00067,3.26146,92.56898,-27.71986,3.29916,-0.61798,0.09337,-0.0177,0.00554,-0.00148,0.71577,-3.95949,1.12555,0.36169,-0.14898,0.04064,-0.00841,0.00196,-0.00018,,,,,,,,,,,,,,,,,,,,,,,High,High,High,High,Undefined,,,,,,,,,,,,,,,,,,,,,,,,,,,,,,,,,,,,,
194,2026-05-29,13:59:21.87,4,2,"Colarusso, AJ",1000090794,Left,BOC_EAG,"Sorenson, Jaxon",701641,Left,LIB_FLA,Undefined,7,Top,2,0,1,Cutter,Slider,StrikeSwinging,Undefined,Undefined,Undefined,0,0,,84.98758,0.126658,1.876835,2354.791053,248.584609,2:15,5.68452,-1.42197,5.29509,-35.49529,3.70134,6.62839,2.84557,0.89324,78.64403,-6.334747,3.052725,0.450605,,,,,,,,,,,,-2.85488,2.16807,1.24613,50,5.67006,-4.32911,-123.45355,-1.03375,-4.44954,22.29872,-28.79499,BOC_EAG,LIB_FLA,UGeorgia,D1,SEC,20260529-UGeorgia-1,2418f010-5b88-11f1-8b41-2fa142449b60,83.64856,,,6.34355,,,,,,,f32c6353-0729-4132-b934-ffed9b5f81bf,2026-05-29,17:59:21.87,2026-05-29T13:59:21.8748928-04:00,2026-05-29T17:59:21.8748928Z,,v3,227,471336,,"Johnson, Gunnar",1000100233,Right,BOC_EAG,fe727ced-500a-4b21-b101-324ee79737f4,55.20657,-124.39042,11.14936,5.68808,0.17607,-14.39749,1.42409,-4.14216,-2.22477,,,,,,,,,,,,,,,,,,,,,,,,,,,,,,,,,,,,,,,,,,,,,,,,,,,High,High,High,,,,,,,,,,,,,,,,,,,,,,,,,,,,,,,,,,,,,,,
195,2026-05-29,13:59:45.11,4,3,"Colarusso, AJ",1000090794,Left,BOC_EAG,"Sorenson, Jaxon",701641,Left,LIB_FLA,Undefined,7,Top,2,0,2,FourSeamFastBall,Four-Seam,FoulBallNotFieldable,Undefined,Undefined,Undefined,0,0,,89.03839,-1.616991,2.398892,2091.653615,157.2087,11:15,5.91555,-0.99052,5.78477,-17.49828,17.68816,-6.99036,2.95122,0.66015,81.90105,-4.917105,1.148223,0.426932,81.85539,49.997722,-63.135468,5009.343014,30.65356,102.87976,-105.64243,227.04435,92.11266,-80.358802,5.283404,4.20347,9.78071,0.79698,50,5.77163,-5.12377,-129.28944,-4.18915,7.16483,25.18639,-15.50273,BOC_EAG,LIB_FLA,UGeorgia,D1,SEC,20260529-UGeorgia-1,31edbd60-5b88-11f1-8b41-2fa142449b60,88.28667,106.19197,,7.13734,,,,0.75427,2.66382,-0.39664,f32c6353-0729-4132-b934-ffed9b5f81bf,2026-05-29,17:59:45.11,2026-05-29T13:59:45.1176960-04:00,2026-05-29T17:59:45.1176960Z,FlyBall,v3,227,471336,,"Johnson, Gunnar",1000100233,Right,BOC_EAG,58e7a306-151a-4e45-9cdf-1d1d4558aac2,54.71666,-130.20503,12.5932,5.91367,-3.62559,-7.75136,0.98797,-5.38423,3.58241,,0.77589,34.41038,-15.25652,2.26657,1.39199,-0.96809,0.25676,-0.03195,0.00154,2.6478,92.24543,-25.27072,3.41518,-1.01239,0.22873,-0.02108,-0.00069,0.00016,-0.39947,-68.76137,11.09388,-1.59427,-0.38487,0.33965,-0.09677,0.01274,-0.00065,,,,,,,,,,,,,,,,,,,,,,,High,High,High,High,Low,,,,,,,,,,,,,,,,,,,,,,,,,,,,,,,,,,,,,
196,2026-05-29,14:00:06.89,4,4,"Colarusso, AJ",1000090794,Left,BOC_EAG,"Sorenson, Jaxon",701641,Left,LIB_FLA,Undefined,7,Top,2,0,2,FourSeamFastBall,Four-Seam,StrikeCalled,Strikeout,Undefined,Undefined,0,0,,90.03841,-2.037457,2.36621,2145.429296,153.97138,11:15,5.9413,-0.88754,5.76966,-15.39367,18.71721,-8.69036,2.75993,0.59162,83.58783,-4.936175,0.811718,0.420357,,,,,,,,,,,,4.97729,10.31355,0.69707,50,5.76317,-5.03707,-130.83706,-5.12596,8.7804,23.02436,-13.97998,BOC_EAG,LIB_FLA,UGeorgia,D1,SEC,20260529-UGeorgia-1,3ee7e220-5b88-11f1-8b41-2fa142449b60,89.66777,,,6.45057,,,,,,,f32c6353-0729-4132-b934-ffed9b5f81bf,2026-05-29,18:00:06.89,2026-05-29T14:00:06.8920000-04:00,2026-05-29T18:00:06.8920000Z,,v3,227,471336,,"Johnson, Gunnar",1000100233,Right,BOC_EAG,617e40d2-51f7-49db-bb9a-db32d2e78248,54.73235,-131.66722,11.51218,5.9389,-4.62191,-6.98999,0.88439,-5.35365,4.3902,,,,,,,,,,,,,,,,,,,,,,,,,,,,,56.05602,,,1.265283,,,,0.33751,4.59412,-0.2574,79.97184,5.12893,44.82209,0.37866,69.36357,-5.18164,4.64002,20.24496,-15.79284,-0.24806,37.87002,-1.79482,High,High,High,,,High,High,High,,,,,,,,,,,,,,,,,,,,,,,,,,,,,,,,,,
197,2026-05-29,14:02:37.53,1,1,"Blair, Benjamin",1000115932,Right,LIB_FLA,"Surowiec, Danny",831970,Left,BOC_EAG,Undefined,7,Bottom,0,0,0,Sinker,Sinker,BallCalled,Undefined,Undefined,Undefined,0,0,,93.59498,-1.276257,-4.976396,2376.119677,258.123793,2:30,4.76887,2.96499,6.34183,-26.80899,4.3991,16.64635,1.35515,-0.24094,86.42178,-6.258141,-1.976118,0.402073,,,,,,,,,,,,-9.91245,2.89012,-2.60972,50,4.66299,11.13551,-135.73852,-3.94288,-18.68927,26.77076,-26.72495,BOC_EAG,LIB_FLA,UGeorgia,D1,SEC,20260529-UGeorgia-1,98af4820-5b88-11f1-8b41-2fa142449b60,93.74526,,,7.1732,,,,,,,f32c6353-0729-4132-b934-ffed9b5f81bf,2026-05-29,18:02:37.53,2026-05-29T14:02:37.5358976-04:00,2026-05-29T18:02:37.5358976Z,,v3,227,471336,,"Hvidsten, Kyle",1000230326,Right,LIB_FLA,8b5cc9a7-fa8b-4cc8-bb18-a579c1c5c701,54.16146,-136.55679,13.38538,4.77102,-3.12601,-13.36248,-2.95881,11.70676,-9.34463,,,,,,,,,,,,,,,,,,,,,,,,,,,,,,,,,,,,,,,,,,,,,,,,,,,High,High,High,,,,,,,,,,,,,,,,,,,,,,,,,,,,,,,,,,,,,,,
198,2026-05-29,14:02:50.82,1,2,"Blair, Benjamin",1000115932,Right,LIB_FLA,"Surowiec, Danny",831970,Left,BOC_EAG,Undefined,7,Bottom,0,1,0,Sinker,Sinker,InPlay,Undefined,LineDrive,Single,0,0,,93.71087,-1.059253,-4.710694,2576.794932,240.421975,2:00,5.07637,2.67143,6.50732,-20.31596,10.72225,17.23662,2.40782,-0.22529,86.00569,-4.89874,-1.594338,0.400977,79.91871,10.964842,-30.571718,3329.599254,90.70513,9.61306,-62.22996,161.67273,159.44739,-36.441943,1.676065,-10.27682,6.18504,-2.3488,50,4.99312,10.5071,-135.93761,-3.13991,-19.3421,28.17181,-20.53313,BOC_EAG,LIB_FLA,UGeorgia,D1,SEC,20260529-UGeorgia-1,a09a9080-5b88-11f1-8b41-2fa142449b60,94.00144,10.88503,,7.70518,,,,0.53074,2.43611,0.18089,f32c6353-0729-4132-b934-ffed9b5f81bf,2026-05-29,18:02:50.82,2026-05-29T14:02:50.8218880-04:00,2026-05-29T18:02:50.8218880Z,GroundBall,v3,227,471336,,"Hvidsten, Kyle",1000230326,Right,LIB_FLA,b3fd5aca-4c82-4503-b84c-8ed8739e7617,53.99523,-136.76307,14.08591,5.07631,-2.53827,-10.26656,-2.66497,11.07385,-9.67105,,0.53075,99.07684,-17.19861,3.28284,-0.39375,-0.27618,0.26984,-0.1033,0.01514,2.4361,22.29586,-15.21527,0.77138,-0.2968,0.35127,-0.25409,0.09372,-0.01362,0.1809,-58.5299,0.02376,0.58049,0.06134,-0.38999,0.3246,-0.12255,0.01792,,,,,,,,,,,,,,,,,,,,,,,High,High,High,High,High,,,,,,,,,,,,,,,,,,,,,,,,,,,,,,,,,,,,,
199,2026-05-29,14:03:55.83,2,1,"Blair, Benjamin",1000115932,Right,LIB_FLA,"Hendrickson, Carter",830138,Right,BOC_EAG,Undefined,7,Bottom,0,0,0,Sinker,Sinker,StrikeCalled,Undefined,Undefined,Undefined,0,0,,93.58157,-0.593576,-5.087536,2425.956833,247.216968,2:15,4.75463,2.72933,6.31415,-23.25856,8.03445,16.94347,2.26747,-0.55741,86.11086,-4.944414,-2.038133,0.40262,,,,,,,,,,,,-10.07182,4.61776,-2.36356,50,4.6998,11.37164,-135.68329,-2.17594,-18.95177,27.08266,-23.48499,BOC_EAG,LIB_FLA,UGeorgia,D1,SEC,20260529-UGeorgia-1,c75ce5b0-5b88-11f1-8b41-2fa142449b60,93.61797,,,7.47071,,,,,,,f32c6353-0729-4132-b934-ffed9b5f81bf,2026-05-29,18:03:55.83,2026-05-29T14:03:55.8385664-04:00,2026-05-29T18:03:55.8385664Z,,v3,227,471336,,"Hvidsten, Kyle",1000230326,Right,LIB_FLA,dca6da2e-70b5-46ad-9c26-12efe6506ab4,54.18829,-136.51672,13.54133,4.75564,-1.45322,-11.74249,-2.72248,11.95485,-9.47589,,,,,,,,,,,,,,,,,,,,,,,,,,,,,,,,,,,,,,,,,,,,,,,,,,,High,High,High,,,,,,,,,,,,,,,,,,,,,,,,,,,,,,,,,,,,,,,
200,2026-05-29,14:04:15.90,2,2,"Blair, Benjamin",1000115932,Right,LIB_FLA,"Hendrickson, Carter",830138,Right,BOC_EAG,Undefined,7,Bottom,0,0,1,Sinker,Sinker,BallCalled,Undefined,Undefined,Undefined,0,0,,93.47547,-1.56272,-6.911052,2460.719143,248.299211,2:15,5.1488,2.25264,6.62757,-23.63198,7.5487,16.65269,1.73769,-2.71877,86.10366,-5.992096,-3.912464,0.401897,,,,,,,,,,,,-10.47359,4.6565,-1.78835,50,5.03238,15.7163,-135.10935,-4.44502,-19.55766,26.62229,-23.47879,BOC_EAG,LIB_FLA,UGeorgia,D1,SEC,20260529-UGeorgia-1,d3521d90-5b88-11f1-8b41-2fa142449b60,93.78639,,,7.3718,,,,,,,f32c6353-0729-4132-b934-ffed9b5f81bf,2026-05-29,18:04:15.90,2026-05-29T14:04:15.9097856-04:00,2026-05-29T18:04:15.9097856Z,,v3,227,471336,,"Hvidsten, Kyle",1000230326,Right,LIB_FLA,31f8047a-95a9-4e7f-beea-0df7ebed2678,53.87517,-135.87078,13.31114,5.14991,-3.7735,-11.73939,-2.24586,16.27567,-9.77883,,,,,,,,,,,,,,,,,,,,,,,,,,,,,,,,,,,,,,,,,,,,,,,,,,,High,High,High,,,,,,,,,,,,,,,,,,,,,,,,,,,,,,,,,,,,,,,
201,2026-05-29,14:04:38.43,2,3,"Blair, Benjamin",1000115932,Right,LIB_FLA,"Hendrickson, Carter",830138,Right,BOC_EAG,Undefined,7,Bottom,0,1,1,Sinker,Sinker,InPlay,Undefined,Bunt,Out,1,0,,93.68581,-1.392246,-4.827218,2488.551148,243.035661,2:00,4.84981,2.79654,6.27354,-21.83139,9.40882,16.70233,1.74226,-0.27214,86.34446,-5.47837,-1.821142,0.40228,,,,,,,,,,,,-9.94623,5.51697,-2.44707,50,4.73571,10.79265,-135.87314,-4.02535,-18.77466,27.05657,-21.76013,BOC_EAG,LIB_FLA,UGeorgia,D1,SEC,20260529-UGeorgia-1,e0bc9050-5b88-11f1-8b41-2fa142449b60,93.69701,,,7.34135,,,,,,,f32c6353-0729-4132-b934-ffed9b5f81bf,2026-05-29,18:04:38.43,2026-05-29T14:04:38.4386560-04:00,2026-05-29T18:04:38.4386560Z,,v3,227,471336,,"Hvidsten, Kyle",1000230326,Right,LIB_FLA,c4a3b841-e07f-4ba2-bbc0-e53fc8776a91,54.22998,-136.71287,13.52828,4.85016,-3.35,-10.88007,-2.79108,11.37534,-9.38733,,,,,,,,,,,,,,,,,,,,,,,,,,,,,,,,,,,,,,,,,,,,,,,,,,,High,High,High,,,,,,,,,,,,,,,,,,,,,,,,,,,,,,,,,,,,,,,
202,2026-05-29,14:05:21.83,3,1,"Blair, Benjamin",1000115932,Right,LIB_FLA,"Solier, Julio",827632,Right,BOC_EAG,Undefined,7,Bottom,1,0,0,Sinker,Sinker,StrikeCalled,Undefined,Undefined,Undefined,0,0,,94.01498,-1.050673,-4.513835,2409.008107,239.812928,2:00,4.76232,2.75165,6.36167,-19.59324,11.49209,18.08796,2.15948,0.09622,86.01833,-4.756227,-1.250964,0.401281,,,,,,,,,,,,-10.59863,6.56382,-2.43208,50,4.67674,10.00001,-136.33848,-3.1149,-20.01124,29.10235,-19.78089,BOC_EAG,LIB_FLA,UGeorgia,D1,SEC,20260529-UGeorgia-1,faa17080-5b88-11f1-8b41-2fa142449b60,93.9302,,,7.99665,,,,,,,f32c6353-0729-4132-b934-ffed9b5f81bf,2026-05-29,18:05:21.83,2026-05-29T14:05:21.8334720-04:00,2026-05-29T18:05:21.8334720Z,,v3,227,471336,,"Hvidsten, Kyle",1000230326,Right,LIB_FLA,32bbaba7-f1c9-45c0-997a-ae60bfdfcdb1,54.13981,-137.2193,14.55118,4.76195,-2.51621,-9.89044,-2.74391,10.60568,-10.00562,,,,,,,,,,,,,,,,,,,,,,,,,,,,,,,,,,,,,,,,,,,,,,,,,,,High,High,High,,,,,,,,,,,,,,,,,,,,,,,,,,,,,,,,,,,,,,,
203,2026-05-29,14:05:43.98,3,2,"Blair, Benjamin",1000115932,Right,LIB_FLA,"Solier, Julio",827632,Right,BOC_EAG,Undefined,7,Bottom,1,0,1,Slider,Slider,BallCalled,Undefined,Undefined,Undefined,1,0,,86.50593,-2.457297,-4.258716,2198.041915,96.091684,9:15,5.12702,2.61471,6.34774,-34.0997,2.78681,-15.91839,0.01564,-2.63944,80.077,-8.714501,-7.125862,0.437125,,,,,,,,,,,,7.19154,2.44441,-2.29741,50,4.93183,9.92091,-125.39984,-6.46025,11.43514,25.69168,-28.28726,BOC_EAG,LIB_FLA,UGeorgia,D1,SEC,20260529-UGeorgia-1,07d45880-5b89-11f1-8b41-2fa142449b60,86.22812,,,6.42893,,,,,,,f32c6353-0729-4132-b934-ffed9b5f81bf,2026-05-29,18:05:43.98,2026-05-29T14:05:43.9870976-04:00,2026-05-29T18:05:43.9870976Z,,v3,227,471336,,"Hvidsten, Kyle",1000230326,Right,LIB_FLA,a8af21d3-db60-453f-ac4b-83bbe9c7e8a0,54.15561,-126.24836,12.84584,5.12977,-5.526,-14.14363,-2.61883,9.54324,5.71757,,,,,,,,,,,,,,,,,,,,,,,,,,,,,,,,,,,,,,,,,,,,,,,,,,,High,High,High,,,,,,,,,,,,,,,,,,,,,,,,,,,,,,,,,,,,,,,
204,2026-05-29,14:06:18.58,3,3,"Blair, Benjamin",1000115932,Right,LIB_FLA,"Solier, Julio",827632,Right,BOC_EAG,Undefined,7,Bottom,2,1,1,Sinker,Sinker,InPlay,Undefined,FlyBall,HomeRun,0,1,,95.20326,-0.753822,-4.596782,2388.786283,250.991885,2:15,4.72142,2.91349,6.44399,-22.803,7.27654,18.53859,2.12623,0.2254,87.53186,-5.030782,-1.247289,0.394736,106.95068,20.264171,6.733116,3595.799328,108.31548,38.7758,19.17395,400.37502,366.57895,20.431776,4.476918,-10.93969,4.26347,-2.5949,50,4.65738,10.35632,-138.16855,-2.56741,-21.30213,28.67989,-23.87211,BOC_EAG,LIB_FLA,UGeorgia,D1,SEC,20260529-UGeorgia-1,1c6eb2e0-5b89-11f1-8b41-2fa142449b60,95.48769,59.05464,,7.6714,,,,1.41673,2.16988,-0.22197,f32c6353-0729-4132-b934-ffed9b5f81bf,2026-05-29,18:06:18.58,2026-05-29T14:06:18.5899008-04:00,2026-05-29T18:06:18.5899008Z,LineDrive,v3,227,471336,,"Hvidsten, Kyle",1000230326,Right,LIB_FLA,9af935f7-7f3b-4626-8df6-3e858a71aace,54.05974,-139.00868,14.33994,4.72234,-1.86811,-11.93605,-2.90741,10.98033,-10.65106,221.481131,1.41668,146.13832,-28.42849,6.41035,-1.41124,0.29645,-0.0512,0.00568,-0.00028,2.16976,54.33,-13.21762,-0.16059,0.26449,-0.10052,0.02232,-0.00237,9E-05,-0.22258,17.26577,8.46856,-2.76972,0.75161,-0.17269,0.03002,-0.00322,0.00015,,,,,,,,,,,,,,,,,,,,,,,High,High,High,High,High,,,,,,,,,,,,,,,,,,,,,,,,,,,,,,,,,,,,,
205,2026-05-29,14:07:19.15,4,1,"Blair, Benjamin",1000115932,Right,LIB_FLA,"Mainolfi, Ty",839397,Left,BOC_EAG,Undefined,7,Bottom,2,0,0,FourSeamFastBall,Sinker,StrikeCalled,Undefined,Undefined,Undefined,0,0,,94.76435,0.063881,-3.350104,2507.819396,234.677871,1:45,4.97842,2.60497,6.50999,-20.27174,9.68036,12.53969,3.34783,0.57196,87.81657,-3.749505,-1.078111,0.393899,,,,,,,,,,,,-7.32764,5.31996,-2.37584,50,4.97385,7.55423,-137.81497,-0.48141,-14.32775,25.84133,-21.77188,BOC_EAG,LIB_FLA,UGeorgia,D1,SEC,20260529-UGeorgia-1,408d3840-5b89-11f1-8b41-2fa142449b60,95.69058,,,6.94778,,,,,,,f32c6353-0729-4132-b934-ffed9b5f81bf,2026-05-29,18:07:19.15,2026-05-29T14:07:19.1586816-04:00,2026-05-29T18:07:19.1586816Z,,v3,227,471336,,"Hvidsten, Kyle",1000230326,Right,LIB_FLA,0e5661e2-e431-46e3-8b6c-373682ed068a,53.99242,-138.56156,12.92067,4.97867,0.1476,-10.88594,-2.60007,7.96817,-7.16387,,,,,,,,,,,,,,,,,,,,,,,,,,,,,,,,,,,,,,,,,,,,,,,,,,,High,High,High,,,,,,,,,,,,,,,,,,,,,,,,,,,,,,,,,,,,,,,
206,2026-05-29,14:08:30.72,4,2,"Blair, Benjamin",1000115932,Right,LIB_FLA,"Mainolfi, Ty",839397,Left,BOC_EAG,Undefined,7,Bottom,2,0,1,Slider,Slider,FoulBallNotFieldable,Undefined,Undefined,Undefined,0,0,,84.32532,0.237501,-2.201719,2414.945804,105.017394,9:30,5.07904,2.8993,6.46134,-33.54077,4.27929,-12.39453,2.5023,-0.15701,78.6937,-5.984851,-4.446889,0.442622,62.93903,46.07146,-144.55972,5702.241899,,,,,45.1782,,,6.03307,2.47177,-2.73827,50,5.08064,5.15567,-122.77605,-0.49107,9.35734,20.6353,-28.34032,BOC_EAG,LIB_FLA,UGeorgia,D1,SEC,20260529-UGeorgia-1,6b36b2b0-5b89-11f1-8b41-2fa142449b60,85.15726,38.18394,,5.63162,,,,0.85665,2.54734,0.17231,f32c6353-0729-4132-b934-ffed9b5f81bf,2026-05-29,18:08:30.72,2026-05-29T14:08:30.7214336-04:00,2026-05-29T18:08:30.7214336Z,,v3,227,471336,,"Hvidsten, Kyle",1000230326,Right,LIB_FLA,719cc4ec-f60b-472d-a69c-fc750687ab3d,54.04274,-123.45366,10.31765,5.08148,0.43954,-14.17016,-2.90252,4.8484,4.67867,28.694146,0.85665,-52.17559,-1.0203,1.4197,-0.14534,-1.57778,4.03637,-4.21171,1.61444,2.54734,66.48259,-26.87347,3.06932,-0.32282,-1.37972,3.27214,-3.26312,1.2158,0.17231,-37.13469,5.8884,-1.04721,0.02652,0.79023,-1.80122,1.79118,-0.6668,,,,,,,,,,,,,,,,,,,,,,,High,High,High,High,Undefined,,,,,,,,,,,,,,,,,,,,,,,,,,,,,,,,,,,,,
207,2026-05-29,14:08:50.27,4,3,"Blair, Benjamin",1000115932,Right,LIB_FLA,"Mainolfi, Ty",839397,Left,BOC_EAG,Undefined,7,Bottom,2,0,2,FourSeamFastBall,Four-Seam,BallCalled,Undefined,Undefined,Undefined,0,0,,96.17167,0.494807,-1.06659,2532.008801,226.702545,1:30,5.05049,2.92952,6.15715,-17.12678,13.02705,12.73607,4.08049,3.00533,86.93545,-2.776708,1.230279,0.395223,,,,,,,,,,,,-6.84737,6.86878,-2.85451,50,5.07923,2.01892,-139.62747,0.6736,-13.38336,34.35637,-18.74884,BOC_EAG,LIB_FLA,UGeorgia,D1,SEC,20260529-UGeorgia-1,76dda380-5b89-11f1-8b41-2fa142449b60,95.36996,,,9.23622,,,,,,,f32c6353-0729-4132-b934-ffed9b5f81bf,2026-05-29,18:08:50.27,2026-05-29T14:08:50.2739968-04:00,2026-05-29T18:08:50.2739968Z,,v3,227,471336,,"Hvidsten, Kyle",1000230326,Right,LIB_FLA,eb7f22f6-82f0-440b-bbe6-dc33813b28b7,54.34082,-140.6915,17.17819,5.04937,1.25427,-9.37442,-2.92346,2.43341,-6.69168,,,,,,,,,,,,,,,,,,,,,,,,,,,,,,,,,,,,,,,,,,,,,,,,,,,High,High,High,,,,,,,,,,,,,,,,,,,,,,,,,,,,,,,,,,,,,,,
208,2026-05-29,14:09:09.16,4,4,"Blair, Benjamin",1000115932,Right,LIB_FLA,"Mainolfi, Ty",839397,Left,BOC_EAG,Undefined,7,Bottom,2,1,2,FourSeamFastBall,Four-Seam,StrikeCalled,Strikeout,Undefined,Undefined,0,0,,96.33442,-1.395182,-4.988945,2529.90943,223.579883,1:30,5.07372,2.59629,6.66959,-15.56584,13.82225,12.25934,2.49495,-0.95826,87.89817,-4.384452,-2.768862,0.390173,,,,,,,,,,,,-7.81119,7.94733,-2.26535,50,4.97326,11.67563,-139.5901,-3.83765,-15.41464,31.37501,-16.49072,BOC_EAG,LIB_FLA,UGeorgia,D1,SEC,20260529-UGeorgia-1,821d6e10-5b89-11f1-8b41-2fa142449b60,96.60446,,,8.43626,,,,,,,f32c6353-0729-4132-b934-ffed9b5f81bf,2026-05-29,18:09:09.16,2026-05-29T14:09:09.1600000-04:00,2026-05-29T18:09:09.1600000Z,,v3,227,471336,,"Hvidsten, Kyle",1000230326,Right,LIB_FLA,ef2b0078-5213-41ea-a9ec-616359a6d284,53.83063,-140.44846,15.6875,5.07208,-3.3865,-8.24536,-2.59054,12.09734,-7.70732,,,,,,,,,,,,,,,,,,,,,,,,,,,,,62.93369,,,1.109644,,,,0.24217,5.03451,0.77352,77.94302,3.96797,-46.84482,0.27134,74.73664,-4.27378,5.09804,15.66865,-15.04299,0.68777,-50.17103,6.61736,High,High,High,,,High,High,High,,,,,,,,,,,,,,,,,,,,,,,,,,,,,,,,,,
209,2026-05-29,14:12:25.62,1,1,"Soares, Gavin",831500,Right,BOC_EAG,"Barone, Nick",809775,Right,LIB_FLA,Undefined,8,Top,0,0,0,Curveball,Curveball,FoulBallNotFieldable,Undefined,Undefined,Undefined,0,0,,80.82056,-0.288102,-1.76851,2224.365042,344.845261,5:30,6.15471,1.51225,5.53877,-49.92428,-6.73496,2.17181,1.72494,0.03972,74.77063,-9.34661,-1.380367,0.472998,87.54482,-3.809406,-60.541375,,,,,31.7135,26.23739,-55.084001,0.233058,-1.59488,-3.07504,-1.36034,50,6.09574,3.54282,-117.44034,-2.31009,-2.23183,21.82979,-36.47715,BOC_EAG,LIB_FLA,UGeorgia,D1,SEC,20260529-UGeorgia-1,f73aa960-5b89-11f1-8b41-2fa142449b60,79.68833,1.99029,,6.04993,,,,3.45172,1.99029,0.02168,f32c6353-0729-4132-b934-ffed9b5f81bf,2026-05-29,18:12:25.62,2026-05-29T14:12:25.6278016-04:00,2026-05-29T18:12:25.6278016Z,GroundBall,v3,227,471336,,"Johnson, Gunnar",1000100233,Right,BOC_EAG,9085d620-c32d-4c2a-b88e-0ec2daad9d22,54.96569,-118.35976,10.9149,6.16068,-0.77375,-18.23858,-1.51153,3.63681,-1.11592,180,3.44912,63.07572,,,,,,,,1.99064,-8.53991,,,,,,,,0.02629,-111.67405,,,,,,,,,,,,,,,,,,,,,,,,,,,,,,High,High,High,Low,Low,,,,,,,,,,,,,,,,,,,,,,,,,,,,,,,,,,,,,
210,2026-05-29,14:12:52.14,1,2,"Soares, Gavin",831500,Right,BOC_EAG,"Barone, Nick",809775,Right,LIB_FLA,Undefined,8,Top,0,0,1,FourSeamFastBall,Four-Seam,StrikeSwinging,Undefined,Undefined,Undefined,0,0,,93.3193,-2.037616,-2.479156,2226.783564,211.37066,1:00,6.12746,1.49313,6.01827,-19.13387,12.48327,7.06615,2.64295,-0.21592,86.31245,-5.614319,-1.208991,0.4047,,,,,,,,,,,,-4.24429,7.20882,-1.30254,50,5.95699,5.56728,-135.57223,-5.4579,-7.9944,26.29531,-18.59575,BOC_EAG,LIB_FLA,UGeorgia,D1,SEC,20260529-UGeorgia-1,070cf460-5b8a-11f1-8b41-2fa142449b60,93.13685,,,7.00685,,,,,,,f32c6353-0729-4132-b934-ffed9b5f81bf,2026-05-29,18:12:52.14,2026-05-29T14:12:52.1434112-04:00,2026-05-29T18:12:52.1434112Z,,v3,227,471336,,"Johnson, Gunnar",1000100233,Right,BOC_EAG,96244270-d7b9-4ae1-a9d0-91c88f9ca2dd,54.48334,-136.43904,13.14765,6.1268,-4.8449,-9.29788,-1.49041,5.83081,-3.9972,,,,,,,,,,,,,,,,,,,,,,,,,,,,,,,,,,,,,,,,,,,,,,,,,,,High,High,High,,,,,,,,,,,,,,,,,,,,,,,,,,,,,,,,,,,,,,,
211,2026-05-29,14:13:12.06,1,3,"Soares, Gavin",831500,Right,BOC_EAG,"Barone, Nick",809775,Right,LIB_FLA,Undefined,8,Top,0,0,2,FourSeamFastBall,Four-Seam,FoulBallNotFieldable,Undefined,Undefined,Undefined,0,0,,92.18506,-1.586282,-2.372425,2221.616264,196.245249,12:30,6.32642,1.41578,5.63665,-14.84863,18.55032,5.07925,3.60744,-0.37561,83.76557,-4.421439,-1.466361,0.415947,81.87802,62.181731,144.148298,4283.195515,,,,,43.10549,,,-3.28079,10.21477,-1.21731,50,6.18223,5.31019,-133.66414,-4.1555,-5.90405,30.23035,-13.79172,BOC_EAG,LIB_FLA,UGeorgia,D1,SEC,20260529-UGeorgia-1,12e79f60-5b8a-11f1-8b41-2fa142449b60,90.6184,68.71988,,8.41949,,,,1.11818,3.37894,0.31038,f32c6353-0729-4132-b934-ffed9b5f81bf,2026-05-29,18:13:12.06,2026-05-29T14:13:12.0637952-04:00,2026-05-29T18:13:12.0637952Z,,v3,227,471336,,"Johnson, Gunnar",1000100233,Right,BOC_EAG,9297a8c9-b566-43e5-96fe-a8374e9cd870,54.86317,-134.75954,15.11517,6.32375,-3.65575,-6.89586,-1.41361,5.52412,-2.95202,340.008182,1.11818,-45.42391,-4.1741,2.5162,-1.37483,3.29086,-5.36876,4.16742,-1.24432,3.37894,106.20908,-33.54892,4.81296,-1.32213,1.49974,-2.08896,1.49397,-0.41104,0.31038,32.82252,-6.88665,1.56298,-0.52182,0.93713,-1.44254,1.07725,-0.30919,,,,,,,,,,,,,,,,,,,,,,,High,High,High,High,Undefined,,,,,,,,,,,,,,,,,,,,,,,,,,,,,,,,,,,,,
212,2026-05-29,14:13:35.63,1,4,"Soares, Gavin",831500,Right,BOC_EAG,"Barone, Nick",809775,Right,LIB_FLA,Undefined,8,Top,0,0,2,Curveball,Curveball,StrikeSwinging,Strikeout,Undefined,Undefined,0,0,,82.18119,-2.162288,-3.113035,2232.348255,354.884358,5:45,6.2686,1.34527,5.5392,-47.81341,-5.39276,0.60933,0.25918,-1.51648,75.43315,-10.816436,-3.004205,0.46877,,,,,,,,,,,,-1.26642,-1.66071,-1.07543,50,6.04888,6.44945,-119.03654,-6.18712,-1.79876,25.00208,-34.53283,BOC_EAG,LIB_FLA,UGeorgia,D1,SEC,20260529-UGeorgia-1,20fcf820-5b8a-11f1-8b41-2fa142449b60,80.40707,,,6.74804,,,,,,,f32c6353-0729-4132-b934-ffed9b5f81bf,2026-05-29,18:13:35.63,2026-05-29T14:13:35.6397568-04:00,2026-05-29T18:13:35.6397568Z,,v3,227,471336,,"Johnson, Gunnar",1000100233,Right,BOC_EAG,ab87ce42-1105-42e1-9307-a2d08e50b484,54.96234,-120.07429,12.50104,6.27594,-4.75378,-17.26641,-1.34467,6.52411,-0.89938,,,,,,,,,,,,,,,,,,,,,,,,,,,,,,,,,,,,,,,,,,,,,,,,,,,High,High,High,,,,,,,,,,,,,,,,,,,,,,,,,,,,,,,,,,,,,,,
213,2026-05-29,14:14:07.55,2,1,"Soares, Gavin",831500,Right,BOC_EAG,"Swofford, Easton",1000110611,Left,LIB_FLA,Undefined,8,Top,1,0,0,Curveball,Curveball,StrikeCalled,Undefined,Undefined,Undefined,0,0,,81.24435,-0.459693,-2.592475,2213.548101,9.06945,6:15,6.12324,1.58219,5.42455,-50.38857,-7.19319,-1.36323,1.49316,-0.96136,74.85184,-9.581298,-2.835333,0.473032,,,,,,,,,,,,-0.05402,-3.11327,-1.35102,50,6.04711,5.39265,-117.89018,-2.74215,-0.0758,23.01971,-36.54273,BOC_EAG,LIB_FLA,UGeorgia,D1,SEC,20260529-UGeorgia-1,33ff4d60-5b8a-11f1-8b41-2fa142449b60,79.68272,,,6.39252,,,,,,,f32c6353-0729-4132-b934-ffed9b5f81bf,2026-05-29,18:14:07.55,2026-05-29T14:14:07.5526144-04:00,2026-05-29T18:14:07.5526144Z,,v3,227,471336,,"Johnson, Gunnar",1000100233,Right,BOC_EAG,774e3815-20fe-41f0-92af-855b5151c589,55.07833,-118.87766,11.50986,6.13112,-1.17457,-18.27137,-1.58242,5.3959,-0.0379,,,,,,,,,,,,,,,,,,,,,,,,,,,,,,,,,,,,,,,,,,,,,,,,,,,High,High,High,,,,,,,,,,,,,,,,,,,,,,,,,,,,,,,,,,,,,,,
214,2026-05-29,14:14:25.62,2,2,"Soares, Gavin",831500,Right,BOC_EAG,"Swofford, Easton",1000110611,Left,LIB_FLA,Undefined,8,Top,1,0,1,Curveball,Slider,BallCalled,Undefined,Undefined,Undefined,0,0,,82.13561,-1.566255,-2.844258,2203.439274,340.508014,5:15,6.21498,1.38273,5.31111,-46.01983,-3.55638,1.72858,0.90766,-1.14518,75.74918,-9.876317,-2.536972,0.469007,,,,,,,,,,,,-1.68126,-1.0039,-1.12584,50,6.03892,5.84662,-119.09429,-4.91963,-2.40987,23.29357,-33.61302,BOC_EAG,LIB_FLA,UGeorgia,D1,SEC,20260529-UGeorgia-1,3ec2bc00-5b8a-11f1-8b41-2fa142449b60,80.36654,,,6.38643,,,,,,,f32c6353-0729-4132-b934-ffed9b5f81bf,2026-05-29,18:14:25.62,2026-05-29T14:14:25.6241664-04:00,2026-05-29T18:14:25.6241664Z,,v3,227,471336,,"Johnson, Gunnar",1000100233,Right,BOC_EAG,575d3a14-9393-4b73-bd46-5d8ad6bc0666,55.19157,-120.10541,11.64679,6.22081,-3.46056,-16.80651,-1.3819,5.95123,-1.20493,,,,,,,,,,,,,,,,,,,,,,,,,,,,,,,,,,,,,,,,,,,,,,,,,,,High,High,High,,,,,,,,,,,,,,,,,,,,,,,,,,,,,,,,,,,,,,,
215,2026-05-29,14:14:44.49,2,3,"Soares, Gavin",831500,Right,BOC_EAG,"Swofford, Easton",1000110611,Left,LIB_FLA,Undefined,8,Top,1,1,1,Curveball,Curveball,FoulBallNotFieldable,Undefined,Undefined,Undefined,0,0,,82.6014,-1.41359,-1.827089,2259.678984,16.106195,6:30,6.22788,1.56766,5.05414,-47.59038,-5.35378,-1.9165,0.92786,-0.31582,76.37599,-9.957455,-2.166644,0.467752,,,,,,,,,,,,0.45791,-2.00465,-1.39204,50,6.05464,3.90321,-119.86315,-4.74477,0.6663,23.13586,-35.0909,BOC_EAG,LIB_FLA,UGeorgia,D1,SEC,20260529-UGeorgia-1,4a05bae0-5b8a-11f1-8b41-2fa142449b60,80.58205,,,6.22541,,,,,,,f32c6353-0729-4132-b934-ffed9b5f81bf,2026-05-29,18:14:44.49,2026-05-29T14:14:44.4924928-04:00,2026-05-29T18:14:44.4924928Z,,v3,227,471336,,"Johnson, Gunnar",1000100233,Right,BOC_EAG,0468149e-cde7-4238-970b-fa8972f47bdc,55.44965,-120.91046,11.56793,6.23347,-3.15628,-17.54545,-1.56804,3.87304,0.33315,,,,,,,,,,,,,,,,,,,,,,,,,,,,,,,,,,,,,,,,,,,,,,,,,,,High,High,High,,,,,,,,,,,,,,,,,,,,,,,,,,,,,,,,,,,,,,,
216,2026-05-29,14:15:09.15,2,4,"Soares, Gavin",831500,Right,BOC_EAG,"Swofford, Easton",1000110611,Left,LIB_FLA,Undefined,8,Top,1,1,2,FourSeamFastBall,Sinker,InPlay,Undefined,GroundBall,Single,0,0,,93.52049,-2.340284,-2.47083,2356.052254,229.968679,1:45,6.14065,1.53314,6.00791,-20.13659,11.39591,12.49012,2.29114,0.28337,86.44843,-6.095249,-0.225025,0.404157,96.8668,-9.747838,6.661327,,,,,15.54517,15.54517,5.142139,0.101036,-7.0913,6.73351,-1.34598,50,5.94539,5.33619,-135.85545,-6.23316,-13.39184,26.84665,-19.45793,BOC_EAG,LIB_FLA,UGeorgia,D1,SEC,20260529-UGeorgia-1,58b04ec0-5b8a-11f1-8b41-2fa142449b60,93.26181,2.32259,,7.07206,,,,1.57616,2.32259,-0.29007,f32c6353-0729-4132-b934-ffed9b5f81bf,2026-05-29,18:15:09.15,2026-05-29T14:15:09.1517440-04:00,2026-05-29T18:15:09.1517440Z,GroundBall,v3,227,471336,,"Johnson, Gunnar",1000100233,Right,BOC_EAG,26a2d13d-0762-4871-81f9-4aa06e25eda7,54.49511,-136.74085,13.42333,6.14038,-5.59143,-9.72897,-1.52925,5.77785,-6.69592,193.557039,1.57621,139.06909,-14.16898,,,,,,,2.32239,-24.02842,10.35888,,,,,,,-0.29013,16.24968,4.07927,,,,,,,,,,,,,,,,,,,,,,,,,,,,,High,High,High,High,High,,,,,,,,,,,,,,,,,,,,,,,,,,,,,,,,,,,,,
217,2026-05-29,14:15:48.66,3,1,"Soares, Gavin",831500,Right,BOC_EAG,"Scilley, Landon",10049359,Right,LIB_FLA,Undefined,8,Top,1,0,0,FourSeamFastBall,Four-Seam,StrikeCalled,Undefined,Undefined,Undefined,0,0,,90.41532,-3.117559,-3.05888,2254.705119,220.569361,1:15,6.3017,1.438,5.80741,-18.52387,15.74505,12.56957,1.85176,-0.36196,83.09719,-6.589974,-0.809345,0.421329,,,,,,,,,,,,-7.22536,9.18878,-1.19436,50,6.03426,6.46362,-131.0569,-7.73644,-12.63013,26.38776,-16.11186,BOC_EAG,LIB_FLA,UGeorgia,D1,SEC,20260529-UGeorgia-1,70404270-5b8a-11f1-8b41-2fa142449b60,89.46082,,,7.31812,,,,,,,f32c6353-0729-4132-b934-ffed9b5f81bf,2026-05-29,18:15:48.66,2026-05-29T14:15:48.6632960-04:00,2026-05-29T18:15:48.6632960Z,,v3,227,471336,,"Johnson, Gunnar",1000100233,Right,BOC_EAG,e5e9eec6-e2d6-47d3-92ce-ee9bf4005075,54.69364,-131.99856,13.19388,6.30008,-7.16148,-8.05593,-1.43306,6.91433,-6.31506,,,,,,,,,,,,,,,,,,,,,,,,,,,,,,,,,,,,,,,,,,,,,,,,,,,High,High,High,,,,,,,,,,,,,,,,,,,,,,,,,,,,,,,,,,,,,,,
218,2026-05-29,14:16:08.43,3,2,"Soares, Gavin",831500,Right,BOC_EAG,"Scilley, Landon",10049359,Right,LIB_FLA,Undefined,8,Top,1,0,1,Curveball,Curveball,StrikeCalled,Undefined,Undefined,Undefined,0,0,,80.02981,-0.1831,-2.1685,2321.719749,15.855581,6:30,6.25053,1.50141,5.25905,-52.46645,-7.94713,-2.6291,1.70617,-0.75609,74.14656,-9.639577,-2.635675,0.480226,,,,,,,,,,,,0.73591,-3.55484,-1.30061,50,6.19452,4.50636,-116.21446,-2.25964,1.00942,21.16918,-37.05022,BOC_EAG,LIB_FLA,UGeorgia,D1,SEC,20260529-UGeorgia-1,7c1261f0-5b8a-11f1-8b41-2fa142449b60,78.48895,,,5.88325,,,,,,,f32c6353-0729-4132-b934-ffed9b5f81bf,2026-05-29,18:16:08.43,2026-05-29T14:16:08.4390912-04:00,2026-05-29T18:16:08.4390912Z,,v3,227,471336,,"Johnson, Gunnar",1000100233,Right,BOC_EAG,885c8920-cff8-461e-81f0-911ab4cdf776,55.24473,-117.16593,10.58459,6.25866,-0.59439,-18.52511,-1.50214,4.46099,0.50471,,,,,,,,,,,,,,,,,,,,,,,,,,,,,,,,,,,,,,,,,,,,,,,,,,,High,High,High,,,,,,,,,,,,,,,,,,,,,,,,,,,,,,,,,,,,,,,
219,2026-05-29,14:16:30.76,3,3,"Soares, Gavin",831500,Right,BOC_EAG,"Scilley, Landon",10049359,Right,LIB_FLA,Undefined,8,Top,1,0,2,Curveball,Curveball,StrikeSwinging,Strikeout,Undefined,Undefined,0,0,,81.9095,-1.661471,-3.061512,2373.673562,18.700725,6:30,6.22239,1.5235,5.41324,-46.81396,-4.68772,-1.98315,0.76199,-1.51272,76.38796,-10.090279,-3.414584,0.467141,,,,,,,,,,,,0.22705,-1.58217,-1.24957,50,6.04143,6.43823,-118.8845,-5.13049,0.32784,20.90483,-34.45842,BOC_EAG,LIB_FLA,UGeorgia,D1,SEC,20260529-UGeorgia-1,8960e840-5b8a-11f1-8b41-2fa142449b60,80.68756,,,5.52154,,,,,,,f32c6353-0729-4132-b934-ffed9b5f81bf,2026-05-29,18:16:30.76,2026-05-29T14:16:30.7675136-04:00,2026-05-29T18:16:30.7675136Z,,v3,227,471336,,"Johnson, Gunnar",1000100233,Right,BOC_EAG,d8c503cd-12c4-41e9-9d94-573f1cee40b6,55.09022,-119.77623,10.45242,6.22893,-3.66061,-17.22921,-1.5239,6.42424,0.16392,,,,,,,,,,,,,,,,,,,,,,,,,,,,,,,,,,,,,,,,,,,,,,,,,,,High,High,High,,,,,,,,,,,,,,,,,,,,,,,,,,,,,,,,,,,,,,,
220,2026-05-29,14:17:05.31,4,1,"Soares, Gavin",831500,Right,BOC_EAG,"Hvidsten, Kyle",1000230326,Right,LIB_FLA,Undefined,8,Top,2,0,0,FourSeamFastBall,Four-Seam,StrikeCalled,Undefined,Undefined,Undefined,0,0,,92.29474,-2.823991,-3.374772,2345.604432,213.979903,1:15,6.28526,1.45694,5.83585,-17.82064,15.05343,9.45812,2.16864,-0.89534,84.7382,-6.169313,-1.682545,0.412665,,,,,,,,,,,,-5.71878,8.75205,-1.18697,50,6.04386,7.47208,-133.76152,-7.18282,-10.40909,27.60187,-16.24397,BOC_EAG,LIB_FLA,UGeorgia,D1,SEC,20260529-UGeorgia-1,9deb8b30-5b8a-11f1-8b41-2fa142449b60,91.33896,,,7.55654,,,,,,,f32c6353-0729-4132-b934-ffed9b5f81bf,2026-05-29,18:17:05.31,2026-05-29T14:17:05.3104128-04:00,2026-05-29T18:17:05.3104128Z,,v3,227,471336,,"Johnson, Gunnar",1000100233,Right,BOC_EAG,49962fc5-2ee1-4909-9d46-f0b53ff92d23,54.66459,-134.72062,13.80094,6.28364,-6.61837,-8.12198,-1.45289,7.83378,-5.20455,,,,,,,,,,,,,,,,,,,,,,,,,,,,,,,,,,,,,,,,,,,,,,,,,,,High,High,High,,,,,,,,,,,,,,,,,,,,,,,,,,,,,,,,,,,,,,,
221,2026-05-29,14:17:23.87,4,2,"Soares, Gavin",831500,Right,BOC_EAG,"Hvidsten, Kyle",1000230326,Right,LIB_FLA,Undefined,8,Top,2,0,1,Curveball,Curveball,BallCalled,Undefined,Undefined,Undefined,0,0,,81.98267,-1.490766,-2.570904,2335.80709,17.58344,6:30,6.18359,1.48506,5.5074,-47.92849,-6.05079,-2.28693,0.79364,-1.11151,76.43462,-10.137034,-2.979168,0.465761,,,,,,,,,,,,0.50898,-2.3913,-1.25889,50,6.02046,5.43623,-119.07776,-4.78983,0.73652,21.18691,-35.63446,BOC_EAG,LIB_FLA,UGeorgia,D1,SEC,20260529-UGeorgia-1,a90668a0-5b8a-11f1-8b41-2fa142449b60,80.9266,,,5.54805,,,,,,,f32c6353-0729-4132-b934-ffed9b5f81bf,2026-05-29,18:17:23.87,2026-05-29T14:17:23.8766592-04:00,2026-05-29T18:17:23.8766592Z,,v3,227,471336,,"Johnson, Gunnar",1000100233,Right,BOC_EAG,69bfe1c1-1917-4fe7-a717-cc60bb13b445,54.99703,-119.96356,10.59346,6.18957,-3.3,-17.81723,-1.48553,5.40544,0.36826,,,,,,,,,,,,,,,,,,,,,,,,,,,,,,,,,,,,,,,,,,,,,,,,,,,High,High,High,,,,,,,,,,,,,,,,,,,,,,,,,,,,,,,,,,,,,,,
222,2026-05-29,14:18:18.86,4,3,"Soares, Gavin",831500,Right,BOC_EAG,"Hvidsten, Kyle",1000230326,Right,LIB_FLA,Undefined,8,Top,2,1,1,Curveball,Curveball,BallCalled,Undefined,Undefined,Undefined,0,0,,80.40907,-1.775408,-3.403521,2289.481047,13.908566,6:30,6.24266,1.51557,5.42951,-50.72558,-6.7054,-1.98484,0.34924,-1.84127,74.66089,-10.90297,-3.757064,0.477526,,,,,,,,,,,,0.0702,-2.53319,-1.21209,50,6.04941,7.01205,-116.59401,-5.39881,0.09674,21.67918,-35.6652,BOC_EAG,LIB_FLA,UGeorgia,D1,SEC,20260529-UGeorgia-1,c9d15630-5b8a-11f1-8b41-2fa142449b60,78.9327,,,5.74818,,,,,,,f32c6353-0729-4132-b934-ffed9b5f81bf,2026-05-29,18:18:18.86,2026-05-29T14:18:18.8639744-04:00,2026-05-29T18:18:18.8639744Z,,v3,227,471336,,"Johnson, Gunnar",1000100233,Right,BOC_EAG,543f56af-a7de-4a8f-80f1-42999ec69862,55.07404,-117.53368,10.83959,6.24991,-3.85293,-17.8326,-1.51593,7.00786,0.04837,,,,,,,,,,,,,,,,,,,,,,,,,,,,,,,,,,,,,,,,,,,,,,,,,,,High,High,High,,,,,,,,,,,,,,,,,,,,,,,,,,,,,,,,,,,,,,,
223,2026-05-29,14:18:40.48,4,4,"Soares, Gavin",831500,Right,BOC_EAG,"Hvidsten, Kyle",1000230326,Right,LIB_FLA,Undefined,8,Top,2,2,1,Curveball,Curveball,BallCalled,Undefined,Undefined,Undefined,0,0,,81.63953,-0.950697,-3.683493,2357.513372,358.349907,6:00,6.20283,1.46751,5.36361,-49.64672,-7.10953,0.23913,1.17218,-1.97146,76.0231,-9.884845,-3.641007,0.469414,,,,,,,,,,,,-1.06142,-2.99028,-1.13647,50,6.08152,7.61596,-118.45047,-3.76087,-1.52009,20.92701,-36.45649,BOC_EAG,LIB_FLA,UGeorgia,D1,SEC,20260529-UGeorgia-1,d6b47080-5b8a-11f1-8b41-2fa142449b60,80.29684,,,5.61642,,,,,,,f32c6353-0729-4132-b934-ffed9b5f81bf,2026-05-29,18:18:40.48,2026-05-29T14:18:40.4864512-04:00,2026-05-29T18:18:40.4864512Z,,v3,227,471336,,"Johnson, Gunnar",1000100233,Right,BOC_EAG,48191d2a-5b54-4ab0-ba70-a062e74d360a,55.14052,-119.35521,10.46351,6.21004,-2.18475,-18.22825,-1.46715,7.68168,-0.76005,,,,,,,,,,,,,,,,,,,,,,,,,,,,,,,,,,,,,,,,,,,,,,,,,,,High,High,High,,,,,,,,,,,,,,,,,,,,,,,,,,,,,,,,,,,,,,,
224,2026-05-29,14:19:01.68,4,5,"Soares, Gavin",831500,Right,BOC_EAG,"Hvidsten, Kyle",1000230326,Right,LIB_FLA,Undefined,8,Top,2,3,1,FourSeamFastBall,Four-Seam,FoulBallNotFieldable,Undefined,Undefined,Undefined,0,0,,91.64218,-2.925178,-2.391454,2355.456998,216.310975,1:15,6.22255,1.53168,5.68483,-16.27328,17.33631,11.94257,2.13505,0.29646,83.82065,-5.998306,-0.257782,0.417256,,,,,,,,,,,,-6.78048,9.97134,-1.33808,50,5.96589,5.02872,-132.86484,-7.30961,-12.12129,28.44764,-14.34846,BOC_EAG,LIB_FLA,UGeorgia,D1,SEC,20260529-UGeorgia-1,e34991e0-5b8a-11f1-8b41-2fa142449b60,90.33398,,,7.82153,,,,,,,f32c6353-0729-4132-b934-ffed9b5f81bf,2026-05-29,18:19:01.68,2026-05-29T14:19:01.6829952-04:00,2026-05-29T18:19:01.6829952Z,,v3,227,471336,,"Johnson, Gunnar",1000100233,Right,BOC_EAG,17d46048-2c13-4aa4-9c66-d20be9420c89,54.81677,-133.89218,14.22382,6.22051,-6.79144,-7.17423,-1.52759,5.46646,-6.06065,,,,,,,,,,,,,,,,,,,,,,,,,,,,,,,,,,,,,,,,,,,,,,,,,,,High,High,High,,,,,,,,,,,,,,,,,,,,,,,,,,,,,,,,,,,,,,,
225,2026-05-29,14:19:25.27,4,6,"Soares, Gavin",831500,Right,BOC_EAG,"Hvidsten, Kyle",1000230326,Right,LIB_FLA,Undefined,8,Top,2,3,2,Curveball,Curveball,BallCalled,Walk,Undefined,Undefined,0,0,,82.67157,-1.058489,-2.776944,2164.854385,355.798248,5:45,6.18179,1.39479,5.38058,-46.75506,-5.25359,0.47441,1.29199,-1.17092,76.69191,-9.499498,-2.69251,0.463664,,,,,,,,,,,,-0.96913,-1.99709,-1.14641,50,6.05364,5.80116,-120.00121,-3.92304,-1.4207,22.06707,-35.10161,BOC_EAG,LIB_FLA,UGeorgia,D1,SEC,20260529-UGeorgia-1,f165c870-5b8a-11f1-8b41-2fa142449b60,81.29263,,,5.97966,,,,,,,f32c6353-0729-4132-b934-ffed9b5f81bf,2026-05-29,18:19:25.27,2026-05-29T14:19:25.2729856-04:00,2026-05-29T18:19:25.2729856Z,,v3,227,471336,,"Johnson, Gunnar",1000100233,Right,BOC_EAG,c93d13f2-e210-42c9-be75-276be21da519,55.12247,-120.93951,11.03354,6.18872,-2.4305,-17.55081,-1.39436,5.86157,-0.71035,,,,,,,,,,,,,,,,,,,,,,,,,,,,,,,,,,,,,,,,,,,,,,,,,,,High,High,High,,,,,,,,,,,,,,,,,,,,,,,,,,,,,,,,,,,,,,,
226,2026-05-29,14:20:00.61,5,1,"Soares, Gavin",831500,Right,BOC_EAG,"Campos, Josh",815576,Right,LIB_FLA,Undefined,8,Top,2,0,0,Curveball,Curveball,FoulBallNotFieldable,Undefined,Undefined,Undefined,0,0,,80.56833,-0.639197,-1.230872,2150.560551,1.796653,6:00,6.29044,1.56771,5.33915,-49.81778,-5.933,-0.22807,1.53913,0.39378,74.42171,-9.647272,-1.271505,0.476791,,,,,,,,,,,,-0.22764,-2.50815,-1.45647,50,6.19634,2.52335,-117.02245,-3.06605,-0.31556,22.15848,-35.65076,BOC_EAG,LIB_FLA,UGeorgia,D1,SEC,20260529-UGeorgia-1,067097e0-5b8b-11f1-8b41-2fa142449b60,79.05437,,,6.14662,,,,,,,f32c6353-0729-4132-b934-ffed9b5f81bf,2026-05-29,18:20:00.61,2026-05-29T14:20:00.6111744-04:00,2026-05-29T18:20:00.6111744Z,,v3,227,471336,,"Johnson, Gunnar",1000100233,Right,BOC_EAG,36d8d28b-4487-4fae-ba7b-ed0ccc3199e7,55.16464,-117.99634,11.07924,6.29666,-1.49917,-17.82538,-1.56768,2.53722,-0.15778,,,,,,,,,,,,,,,,,,,,,,,,,,,,,,,,,,,,,,,,,,,,,,,,,,,High,High,High,,,,,,,,,,,,,,,,,,,,,,,,,,,,,,,,,,,,,,,
227,2026-05-29,14:20:42.28,5,2,"Soares, Gavin",831500,Right,BOC_EAG,"Campos, Josh",815576,Right,LIB_FLA,Undefined,8,Top,2,0,1,FourSeamFastBall,Four-Seam,StrikeCalled,Undefined,Undefined,Undefined,0,0,,91.57464,-3.362632,-3.035482,2229.754678,201.976357,12:45,6.2051,1.45532,5.93581,-18.76076,15.03048,5.57807,1.51406,-0.89864,82.9549,-6.906718,-2.035106,0.418382,,,,,,,,,,,,-3.78705,9.09796,-1.21589,50,5.92554,6.77987,-132.48557,-8.37497,-6.65499,31.28756,-16.18619,BOC_EAG,LIB_FLA,UGeorgia,D1,SEC,20260529-UGeorgia-1,1f451980-5b8b-11f1-8b41-2fa142449b60,90.0909,,,8.61973,,,,,,,f32c6353-0729-4132-b934-ffed9b5f81bf,2026-05-29,18:20:42.28,2026-05-29T14:20:42.2815744-04:00,2026-05-29T18:20:42.2815744Z,,v3,227,471336,,"Johnson, Gunnar",1000100233,Right,BOC_EAG,ef777933-700c-45e2-b3c2-16373ebb54cc,54.56175,-133.55852,15.64378,6.20323,-7.81989,-8.0931,-1.45231,7.00809,-3.3275,,,,,,,,,,,,,,,,,,,,,,,,,,,,,,,,,,,,,,,,,,,,,,,,,,,High,High,High,,,,,,,,,,,,,,,,,,,,,,,,,,,,,,,,,,,,,,,
228,2026-05-29,14:21:04.26,5,3,"Soares, Gavin",831500,Right,BOC_EAG,"Campos, Josh",815576,Right,LIB_FLA,Undefined,8,Top,2,0,2,Curveball,Curveball,StrikeSwinging,Strikeout,Undefined,Undefined,0,0,,83.85499,-0.441863,-1.465278,2307.261918,349.480538,5:45,6.23804,1.56149,5.37751,-48.48633,-7.95949,1.7111,1.78313,0.33009,77.21706,-9.218848,-1.1603,0.458187,,,,,,,,,,,,-1.27835,-3.52563,-1.4315,50,6.16382,3.04327,-121.76749,-2.74167,-1.91562,24.34055,-37.45728,BOC_EAG,LIB_FLA,UGeorgia,D1,SEC,20260529-UGeorgia-1,2c627db0-5b8b-11f1-8b41-2fa142449b60,82.26434,,,6.63793,,,,,,,f32c6353-0729-4132-b934-ffed9b5f81bf,2026-05-29,18:21:04.26,2026-05-29T14:21:04.2685952-04:00,2026-05-29T18:21:04.2685952Z,,v3,227,471336,,"Johnson, Gunnar",1000100233,Right,BOC_EAG,85042a6c-a137-4636-866a-5716039b499c,55.1255,-122.78778,12.17028,6.24584,-1.17158,-18.72864,-1.56074,3.12357,-0.95781,,,,,,,,,,,,,,,,,,,,,,,,,,,,,,,,,,,,,,,,,,,,,,,,,,,High,High,High,,,,,,,,,,,,,,,,,,,,,,,,,,,,,,,,,,,,,,,
229,2026-05-29,14:23:46.48,1,1,"August, Tyler",814094,Right,LIB_FLA,"Wang, Nick",813482,Right,BOC_EAG,Undefined,8,Bottom,0,0,0,FourSeamFastBall,Sinker,InPlay,Undefined,LineDrive,Out,1,0,,93.72033,-1.918871,-3.663952,1943.05742,234.550522,1:45,5.35589,1.46662,6.38923,-18.44233,13.28139,17.0395,2.04971,-0.48825,84.51052,-5.447713,-0.583355,0.405381,104.91951,16.299947,-0.582483,1655.061308,109.9997,28.54014,0.0624,351.82235,342.25143,1.220263,3.569573,-10.12654,7.88414,-1.21058,50,5.20909,7.99538,-135.81359,-5.10091,-18.62846,33.93638,-17.67062,BOC_EAG,LIB_FLA,UGeorgia,D1,SEC,20260529-UGeorgia-1,8d0b5d30-5b8b-11f1-8b41-2fa142449b60,92.98024,37.61161,,9.20982,,,,1.27112,2.04427,0.48511,f32c6353-0729-4132-b934-ffed9b5f81bf,2026-05-29,18:23:46.48,2026-05-29T14:23:46.4890000-04:00,2026-05-29T18:23:46.4890000Z,LineDrive,v3,227,471336,,"Hvidsten, Kyle",1000230326,Right,LIB_FLA,6fc26cd2-54af-43a4-9d4b-e2e7d0052e86,54.1116,-136.83712,16.96819,5.3549,-4.56796,-8.83531,-1.4602,8.55722,-9.31423,187.576452,1.27146,147.6776,-24.38049,5.10951,-1.02027,0.19166,-0.03233,0.00395,-0.00023,2.04313,43.22443,-14.7095,1.5246,-0.49037,0.08869,0.00234,-0.00323,0.00034,0.48548,-1.51309,1.42503,-0.35726,0.13237,-0.02291,-0.00151,0.00116,-0.00012,,,,,,,,,,,,,,,,,,,,,,,High,High,High,High,High,,,,,,,,,,,,,,,,,,,,,,,,,,,,,,,,,,,,,
230,2026-05-29,14:24:23.64,2,1,"August, Tyler",814094,Right,LIB_FLA,"Toomey, Jack",809057,Right,BOC_EAG,Undefined,8,Bottom,1,0,0,FourSeamFastBall,Sinker,BallCalled,Undefined,Undefined,Undefined,0,0,,93.49048,-2.3094,-4.366338,1992.924109,237.510339,2:00,5.34127,1.48433,6.52234,-20.39324,11.19438,15.87123,1.51562,-1.20699,84.8763,-6.181687,-1.493009,0.404511,,,,,,,,,,,,-9.55575,6.88221,-1.18586,50,5.17117,9.67386,-135.40028,-6.08433,-17.60669,31.63214,-19.49341,BOC_EAG,LIB_FLA,UGeorgia,D1,SEC,20260529-UGeorgia-1,a3355840-5b8b-11f1-8b41-2fa142449b60,93.18037,,,8.61417,,,,,,,f32c6353-0729-4132-b934-ffed9b5f81bf,2026-05-29,18:24:23.64,2026-05-29T14:24:23.6470000-04:00,2026-05-29T18:24:23.6470000Z,,v3,227,471336,,"Hvidsten, Kyle",1000230326,Right,LIB_FLA,e0c7b65d-cf6f-4971-8227-b6a2ae524069,53.97692,-136.3262,15.81607,5.34092,-5.51373,-9.74671,-1.47657,10.18924,-8.80335,,,,,,,,,,,,,,,,,,,,,,,,,,,,,,,,,,,,,,,,,,,,,,,,,,,High,High,High,,,,,,,,,,,,,,,,,,,,,,,,,,,,,,,,,,,,,,,
231,2026-05-29,14:24:40.85,2,2,"August, Tyler",814094,Right,LIB_FLA,"Toomey, Jack",809057,Right,BOC_EAG,Undefined,8,Bottom,1,1,0,ChangeUp,Splitter,BallCalled,Undefined,Undefined,Undefined,0,0,,81.74078,3.035155,-1.161516,1046.234979,290.411946,3:45,5.3786,1.77832,6.16396,-43.26124,-1.77933,8.26725,4.58047,1.39414,74.57267,-4.989044,0.328811,0.463554,,,,,,,,,,,,-4.54465,-1.28095,-1.69403,50,5.58767,2.0837,-118.63936,4.90238,-6.47023,22.93081,-33.99771,BOC_EAG,LIB_FLA,UGeorgia,D1,SEC,20260529-UGeorgia-1,ad78c170-5b8b-11f1-8b41-2fa142449b60,81.31178,,,7.16811,,,,,,,f32c6353-0729-4132-b934-ffed9b5f81bf,2026-05-29,18:24:40.85,2026-05-29T14:24:40.8540000-04:00,2026-05-29T18:24:40.8540000Z,,v3,227,471336,,"Hvidsten, Kyle",1000230326,Right,LIB_FLA,b2f0d870-d807-4ebe-8919-2d6384bdda92,54.33608,-119.4745,11.4654,5.38657,6.14058,-16.99886,-1.77421,2.31935,-3.23512,,,,,,,,,,,,,,,,,,,,,,,,,,,,,,,,,,,,,,,,,,,,,,,,,,,High,High,High,,,,,,,,,,,,,,,,,,,,,,,,,,,,,,,,,,,,,,,
232,2026-05-29,14:25:02.13,2,3,"August, Tyler",814094,Right,LIB_FLA,"Toomey, Jack",809057,Right,BOC_EAG,Undefined,8,Bottom,1,2,0,FourSeamFastBall,Sinker,InPlay,Undefined,LineDrive,HomeRun,0,1,,93.92216,-0.740606,-3.169934,1983.657612,233.807571,1:45,5.42761,1.63616,6.33425,-20.02627,11.37001,14.08796,3.07572,-0.11168,85.18632,-4.542843,-0.624481,0.403284,102.4479,18.734576,27.072844,4334.103624,94.17629,34.09038,56.83979,331.52754,310.07336,40.475639,3.585507,-8.29032,6.45366,-1.41137,50,5.36405,6.95516,-136.28552,-2.38457,-15.46974,32.15118,-20.1315,BOC_EAG,LIB_FLA,UGeorgia,D1,SEC,20260529-UGeorgia-1,ba24ed40-5b8b-11f1-8b41-2fa142449b60,93.46387,42.88516,,8.73584,,,,0.36986,3.00419,0.0544,f32c6353-0729-4132-b934-ffed9b5f81bf,2026-05-29,18:25:02.13,2026-05-29T14:25:02.1390000-04:00,2026-05-29T18:25:02.1390000Z,LineDrive,v3,227,471336,,"Hvidsten, Kyle",1000230326,Right,LIB_FLA,c66eeb15-0e8d-4eb1-9929-2f1e0365c36e,54.16613,-137.26483,16.07559,5.42735,-1.77137,-10.06575,-1.6304,7.42637,-7.73487,230.454675,0.36964,126.70871,-29.12191,6.6846,-1.34622,0.20689,-0.0201,0.00073,3E-05,3.00461,48.24888,-15.61276,0.85296,-0.29258,0.14115,-0.0424,0.00695,-0.00047,0.0547,64.75409,-0.92329,-0.35983,0.04838,0.04441,-0.02142,0.00397,-0.00028,,,,,,,,,,,,,,,,,,,,,,,High,High,High,High,Medium,,,,,,,,,,,,,,,,,,,,,,,,,,,,,,,,,,,,,
233,2026-05-29,14:26:42.66,3,1,"August, Tyler",814094,Right,LIB_FLA,"Gallo, Luke",828057,Right,BOC_EAG,Undefined,8,Bottom,1,0,0,FourSeamFastBall,Sinker,FoulBallNotFieldable,Undefined,Undefined,Undefined,0,0,,92.88994,-0.917445,-3.506027,2007.055679,234.686694,1:45,5.4077,1.5365,6.47608,-20.21544,11.33717,14.66524,2.87892,-0.46506,85.28945,-4.740583,-0.850308,0.404286,82.63979,48.739984,46.809451,5279.166841,61.40746,100.79199,91.26397,251.47197,92.3227,62.790972,5.331804,-8.61067,6.47024,-1.29557,50,5.33389,7.67852,-134.92998,-2.77457,-15.95758,27.91629,-20.18321,BOC_EAG,LIB_FLA,UGeorgia,D1,SEC,20260529-UGeorgia-1,f60ec1a0-5b8b-11f1-8b41-2fa142449b60,93.23207,107.69917,,7.60049,,,,0.11842,2.9074,0.43714,f32c6353-0729-4132-b934-ffed9b5f81bf,2026-05-29,18:26:42.66,2026-05-29T14:26:42.6610000-04:00,2026-05-29T18:26:42.6610000Z,FlyBall,v3,227,471336,,"Hvidsten, Kyle",1000230326,Right,LIB_FLA,96deb139-88b3-47ad-92b5-2ecf9f67960b,54.02599,-135.76038,13.95815,5.40749,-2.1742,-10.0916,-1.53104,8.1532,-7.97879,,0.13755,54.31709,-16.40205,2.29284,1.21425,-0.82104,0.20931,-0.02503,0.00116,2.89949,91.23387,-23.84244,2.49843,-0.44372,0.00551,0.02623,-0.00571,0.00037,0.43732,58.25952,-5.63827,0.52965,0.18768,-0.12998,0.03583,-0.00476,0.00025,,,,,,,,,,,,,,,,,,,,,,,High,High,High,High,Low,,,,,,,,,,,,,,,,,,,,,,,,,,,,,,,,,,,,,
234,2026-05-29,14:27:07.34,3,2,"August, Tyler",814094,Right,LIB_FLA,"Gallo, Luke",828057,Right,BOC_EAG,Undefined,8,Bottom,1,0,1,ChangeUp,Splitter,StrikeCalled,Undefined,Undefined,Undefined,0,0,,82.63921,-0.019497,-2.738386,1190.414077,262.063423,2:45,5.43171,1.57572,6.29079,-37.50675,2.73866,10.75871,2.28816,-0.05321,75.92255,-6.98697,-0.79335,0.456593,,,,,,,,,,,,-6.32929,1.8274,-1.37887,50,5.41238,5.34192,-120.0616,-1.19425,-9.2498,22.97967,-29.50343,BOC_EAG,LIB_FLA,UGeorgia,D1,SEC,20260529-UGeorgia-1,04cf9ca0-5b8c-11f1-8b41-2fa142449b60,82.55145,,,6.71665,,,,,,,f32c6353-0729-4132-b934-ffed9b5f81bf,2026-05-29,18:27:07.34,2026-05-29T14:27:07.3460000-04:00,2026-05-29T18:27:07.3460000Z,,v3,227,471336,,"Hvidsten, Kyle",1000230326,Right,LIB_FLA,bb656df9-b916-4262-aaf6-9d669b4659f7,54.21044,-120.86479,11.48983,5.4361,-0.16305,-14.75172,-1.57123,5.66522,-4.6249,,,,,,,,,,,,,,,,,,,,,,,,,,,,,,,,,,,,,,,,,,,,,,,,,,,High,High,High,,,,,,,,,,,,,,,,,,,,,,,,,,,,,,,,,,,,,,,
235,2026-05-29,14:27:28.32,3,3,"August, Tyler",814094,Right,LIB_FLA,"Gallo, Luke",828057,Right,BOC_EAG,Undefined,8,Bottom,1,0,2,FourSeamFastBall,Four-Seam,BallCalled,Undefined,Undefined,Undefined,0,0,,93.80473,0.829704,-1.727646,2057.802202,216.453639,1:15,5.57041,1.24278,6.37446,-15.68139,15.43123,10.69489,5.02743,0.54394,85.64328,-2.180605,0.208102,0.401458,,,,,,,,,,,,-5.99855,8.08528,-1.12247,50,5.62266,3.65522,-136.33133,1.54163,-11.30597,29.56293,-16.93501,BOC_EAG,LIB_FLA,UGeorgia,D1,SEC,20260529-UGeorgia-1,1143a170-5b8c-11f1-8b41-2fa142449b60,93.88899,,,8.16145,,,,,,,f32c6353-0729-4132-b934-ffed9b5f81bf,2026-05-29,18:27:28.32,2026-05-29T14:27:28.3250000-04:00,2026-05-29T18:27:28.3250000Z,,v3,227,471336,,"Hvidsten, Kyle",1000230326,Right,LIB_FLA,0ab46470-54db-4e32-b00f-b1c8663a8eae,54.12478,-137.22286,14.78146,5.56847,2.05234,-8.4675,-1.23784,3.99617,-5.65299,,,,,,,,,,,,,,,,,,,,,,,,,,,,,,,,,,,,,,,,,,,,,,,,,,,High,High,High,,,,,,,,,,,,,,,,,,,,,,,,,,,,,,,,,,,,,,,
236,2026-05-29,14:27:50.36,3,4,"August, Tyler",814094,Right,LIB_FLA,"Gallo, Luke",828057,Right,BOC_EAG,Undefined,8,Bottom,1,1,2,FourSeamFastBall,Four-Seam,InPlay,Undefined,Popup,Out,1,0,,93.14764,-0.682836,-2.454233,2082.458146,219.003986,1:15,5.44187,1.38393,6.64545,-16.34198,14.8841,11.27375,3.4544,0.07553,85.21455,-3.822513,-0.403955,0.402189,78.74043,80.110962,31.299633,,,,,,16.26132,,,-6.63989,8.33473,-1.22265,50,5.38888,5.3646,-135.42404,-2.05395,-12.34397,29.2787,-16.6793,BOC_EAG,LIB_FLA,UGeorgia,D1,SEC,20260529-UGeorgia-1,1e652450-5b8c-11f1-8b41-2fa142449b60,93.71822,107.02169,,7.93309,,,,1.78877,3.47917,-0.0782,f32c6353-0729-4132-b934-ffed9b5f81bf,2026-05-29,18:27:50.36,2026-05-29T14:27:50.3620000-04:00,2026-05-29T18:27:50.3620000Z,,v3,227,471336,,"Hvidsten, Kyle",1000230326,Right,LIB_FLA,cdd37a2c-9d17-495b-af8b-2db9a38d284a,53.85621,-136.2552,14.63935,5.44046,-1.58047,-8.33965,-1.37991,5.71502,-6.17199,,1.78876,16.94828,-10.41774,3.51238,-1.41549,1.26147,-1.0847,0.52692,-0.10334,3.47917,113.76983,-28.20341,3.50072,-0.64056,0.05173,0.04844,-0.03309,0.00718,-0.0782,10.30383,-1.14169,0.21979,-0.03374,0.00506,2E-05,-0.00044,0.00012,,,,,,,,,,,,,,,,,,,,,,,High,High,High,Low,Undefined,,,,,,,,,,,,,,,,,,,,,,,,,,,,,,,,,,,,,
237,2026-05-29,14:28:36.41,4,1,"August, Tyler",814094,Right,LIB_FLA,"Wolff, Kyle",813479,Right,BOC_EAG,Undefined,8,Bottom,2,0,0,ChangeUp,Changeup,FoulBallNotFieldable,Undefined,Undefined,Undefined,0,0,,81.14667,0.584263,-3.103886,1311.416071,278.038113,3:15,5.41424,1.46367,6.44197,-41.27112,-0.4252,10.3817,2.51267,-0.52618,75.76515,-7.047881,-1.222843,0.459987,82.67104,41.953219,48.61709,5050.096278,61.62634,79.8786,91.11612,272.45308,118.28554,64.400513,4.921022,-6.17181,-0.06161,-1.24777,50,5.43695,6.04957,-118.08845,-0.01201,-8.87467,18.6252,-32.26263,BOC_EAG,LIB_FLA,UGeorgia,D1,SEC,20260529-UGeorgia-1,39e2f400-5b8c-11f1-8b41-2fa142449b60,81.94234,88.92996,,5.38151,,,,0.89011,2.4464,0.50921,f32c6353-0729-4132-b934-ffed9b5f81bf,2026-05-29,18:28:36.41,2026-05-29T14:28:36.4190000-04:00,2026-05-29T18:28:36.4190000Z,FlyBall,v3,227,471336,,"Hvidsten, Kyle",1000230326,Right,LIB_FLA,b292b775-6cd8-4019-979a-5727b3fbd785,54.06278,-118.72751,9.3126,5.41837,1.09498,-16.13132,-1.46057,6.35408,-4.43734,,0.89723,59.47237,-17.91816,4.02297,-0.33467,-0.09046,0.02076,-2E-05,-0.00017,2.45186,80.92939,-21.41444,0.71139,0.75634,-0.48113,0.13847,-0.0192,0.00103,0.51547,67.52193,-5.58074,-0.28348,0.80651,-0.38944,0.09576,-0.01181,0.00058,,,,,,,,,,,,,,,,,,,,,,,High,High,High,High,Low,,,,,,,,,,,,,,,,,,,,,,,,,,,,,,,,,,,,,
238,2026-05-29,14:29:01.72,4,2,"August, Tyler",814094,Right,LIB_FLA,"Wolff, Kyle",813479,Right,BOC_EAG,Undefined,8,Bottom,2,0,1,ChangeUp,Changeup,FoulBallNotFieldable,Undefined,Undefined,Undefined,0,0,,83.96955,0.418525,-2.358137,1368.591396,257.362731,2:30,5.59225,1.03226,6.6344,-34.28596,4.33457,13.79934,3.1186,0.02198,76.68202,-6.022703,0.152968,0.447281,63.87263,42.216151,159.072373,4063.361403,,,,,42.8267,,,-7.99091,2.51047,-0.87803,50,5.60663,4.53923,-122.06059,-0.09069,-12.00021,25.05543,-28.40396,BOC_EAG,LIB_FLA,UGeorgia,D1,SEC,20260529-UGeorgia-1,48f83090-5b8c-11f1-8b41-2fa142449b60,84.27015,33.63586,,7.28753,,,,1.44689,3.0928,-0.01825,f32c6353-0729-4132-b934-ffed9b5f81bf,2026-05-29,18:29:01.72,2026-05-29T14:29:01.7280000-04:00,2026-05-29T18:29:01.7280000Z,,v3,227,471336,,"Hvidsten, Kyle",1000230326,Right,LIB_FLA,05780cc2-cbc6-4023-b7de-ae75a982004f,53.86761,-122.85193,12.52771,5.59532,0.80641,-14.20198,-1.02739,4.91824,-6.00011,330.504881,1.44689,-64.80375,2.09253,0.71241,-0.19358,-0.01257,0.14865,-0.16094,0.06665,3.0928,62.94614,-27.28889,3.09982,-0.61773,-0.00024,0.21686,-0.23693,0.09828,-0.01825,24.78195,-5.97854,1.09641,-0.21076,-0.01701,0.10093,-0.10844,0.04481,,,,,,,,,,,,,,,,,,,,,,,High,High,High,High,Undefined,,,,,,,,,,,,,,,,,,,,,,,,,,,,,,,,,,,,,
239,2026-05-29,14:29:32.81,4,3,"August, Tyler",814094,Right,LIB_FLA,"Wolff, Kyle",813479,Right,BOC_EAG,Undefined,8,Bottom,2,0,2,FourSeamFastBall,Four-Seam,StrikeSwinging,Strikeout,Undefined,Undefined,0,0,,92.93403,-0.503303,-2.290777,2326.149238,217.397315,1:15,5.56418,1.28458,6.36364,-14.4702,17.40336,12.51091,3.89477,0.21788,84.51973,-3.303707,-0.027464,0.406337,,,,,,,,,,,,-7.13394,9.50008,-1.12404,50,5.52064,4.8704,-134.97712,-1.55978,-13.11351,30.36908,-14.71109,BOC_EAG,LIB_FLA,UGeorgia,D1,SEC,20260529-UGeorgia-1,5b7e50f0-5b8c-11f1-8b41-2fa142449b60,92.76147,,,8.4143,,,,,,,f32c6353-0729-4132-b934-ffed9b5f81bf,2026-05-29,18:29:32.81,2026-05-29T14:29:32.8120000-04:00,2026-05-29T18:29:32.8120000Z,,v3,227,471336,,"Hvidsten, Kyle",1000230326,Right,LIB_FLA,f141fd13-fc0c-4dc3-898d-344a505f9f68,54.13557,-135.90441,15.18454,5.56141,-1.11059,-7.35554,-1.27887,5.27081,-6.55676,,,,,,,,,,,,,,,,,,,,,,,,,,,,,62.26912,,,1.12771,,,,0.44242,5.9691,3.57798,69.09956,7.61523,-55.69657,0.46753,64.68436,-3.3995,6.02031,17.78258,-14.53139,3.48666,-60.42722,7.07494,High,High,High,,,High,High,High,,,,,,,,,,,,,,,,,,,,,,,,,,,,,,,,,,
240,2026-05-29,14:32:00.47,1,1,"Soares, Gavin",831500,Right,BOC_EAG,"Marsh, Tanner",835651,Right,LIB_FLA,Undefined,9,Top,0,0,0,Curveball,Curveball,StrikeCalled,Undefined,Undefined,Undefined,0,0,,80.59518,0.362079,-1.589297,2294.169232,37.666147,7:15,6.18927,1.50077,5.17625,-51.05471,-7.20382,-6.5202,2.27556,-0.5385,74.7925,-8.836347,-2.745819,0.476607,,,,,,,,,,,,2.84803,-3.31055,-1.34766,50,6.18366,3.51682,-117.1001,-1.13339,3.98199,20.67615,-36.80273,BOC_EAG,LIB_FLA,UGeorgia,D1,SEC,20260529-UGeorgia-1,b385de80-5b8c-11f1-8b41-2fa142449b60,79.0849,,,5.80268,,,,,,,f32c6353-0729-4132-b934-ffed9b5f81bf,2026-05-29,18:32:00.47,2026-05-29T14:32:00.4765696-04:00,2026-05-29T18:32:00.4765696Z,,v3,227,471336,,"Johnson, Gunnar",1000100233,Right,BOC_EAG,432f7b1d-5ded-40fa-b904-5024c24679c2,55.32767,-118.03704,10.33807,6.19724,0.53434,-18.40136,-1.50294,3.33637,1.99099,,,,,,,,,,,,,,,,,,,,,,,,,,,,,,,,,,,,,,,,,,,,,,,,,,,High,High,High,,,,,,,,,,,,,,,,,,,,,,,,,,,,,,,,,,,,,,,
241,2026-05-29,14:32:18.19,1,2,"Soares, Gavin",831500,Right,BOC_EAG,"Marsh, Tanner",835651,Right,LIB_FLA,Undefined,9,Top,0,0,1,FourSeamFastBall,Four-Seam,InPlay,Undefined,LineDrive,Single,0,0,,92.96513,-2.985457,-2.813986,2338.990912,220.539429,1:15,6.21113,1.49576,5.99424,-17.62592,14.65312,11.65001,1.96975,-0.1433,85.12435,-6.308233,-0.721149,0.408914,104.25012,9.106619,11.109622,1785.41367,106.68618,10.80313,26.79638,202.85298,196.75317,16.865392,1.625081,-6.80516,8.68355,-1.28045,50,5.96572,6.1306,-134.80298,-7.59497,-12.52889,29.15317,-16.18685,BOC_EAG,LIB_FLA,UGeorgia,D1,SEC,20260529-UGeorgia-1,be0a2140-5b8c-11f1-8b41-2fa142449b60,92.17697,10.83789,,7.84079,,,,1.26801,2.02945,0.13677,f32c6353-0729-4132-b934-ffed9b5f81bf,2026-05-29,18:32:18.19,2026-05-29T14:32:18.1971456-04:00,2026-05-29T18:32:18.1971456Z,LineDrive,v3,227,471336,,"Johnson, Gunnar",1000100233,Right,BOC_EAG,4ab9ae80-da90-4b4c-9186-39adbc374f65,54.5074,-135.77428,14.57659,6.20977,-7.05567,-8.09343,-1.49165,6.54803,-6.26445,258.761929,1.268,148.14443,-23.31286,4.3413,-0.97708,0.18277,0.02579,-0.03552,0.00781,2.02945,24.19908,-17.64831,1.57513,-0.25954,0.03524,-0.0236,0.01774,-0.00397,0.1368,29.08731,6.7253,-2.24309,0.83339,-0.28055,-0.03315,0.07145,-0.01744,,,,,,,,,,,,,,,,,,,,,,,High,High,High,High,High,,,,,,,,,,,,,,,,,,,,,,,,,,,,,,,,,,,,,
242,2026-05-29,14:32:55.30,2,1,"Soares, Gavin",831500,Right,BOC_EAG,"Decandido, Riley",1000092865,Left,LIB_FLA,Undefined,9,Top,0,0,0,Curveball,Curveball,InPlay,Undefined,LineDrive,Double,0,0,,80.30103,0.344574,-0.849521,2323.434181,41.637074,7:30,6.21211,1.72114,5.15973,-52.12038,-8.22611,-8.3391,2.19313,0.22651,75.01566,-9.023694,-2.329368,0.476843,86.95714,20.036612,0.827418,2372.984679,109.87536,30.92167,-5.23349,275.17255,274.47289,-7.940011,3.205843,3.99414,-3.91654,-1.63505,50,6.20342,2.06592,-116.80398,-1.19516,5.59139,19.2566,-37.65683,BOC_EAG,LIB_FLA,UGeorgia,D1,SEC,20260529-UGeorgia-1,d4346a70-5b8c-11f1-8b41-2fa142449b60,79.04581,33.9655,,5.28537,,,,1.54132,2.22518,-0.2268,f32c6353-0729-4132-b934-ffed9b5f81bf,2026-05-29,18:32:55.30,2026-05-29T14:32:55.3069568-04:00,2026-05-29T18:32:55.3069568Z,LineDrive,v3,227,471336,,"Johnson, Gunnar",1000100233,Right,BOC_EAG,43cb19ee-afe4-4a22-bffb-7ef6932bf205,55.34595,-117.68203,9.6283,6.21877,0.52189,-18.82842,-1.72344,1.81096,2.79569,125.752831,1.54103,119.81599,-16.65242,3.03313,-0.74627,0.23814,-0.07333,0.01353,-0.00101,2.2254,43.68815,-16.11363,0.69013,0.12726,-0.12034,0.04742,-0.00867,0.00059,-0.22689,1.73503,-8.58262,2.74033,-0.77352,0.19051,-0.0414,0.00609,-0.0004,,,,,,,,,,,,,,,,,,,,,,,High,High,High,High,High,,,,,,,,,,,,,,,,,,,,,,,,,,,,,,,,,,,,,
243,2026-05-29,14:35:22.22,3,1,"Soares, Gavin",831500,Right,BOC_EAG,"Jaffe, Jordan",811757,Right,LIB_FLA,Undefined,9,Top,0,0,0,Curveball,Curveball,StrikeCalled,Undefined,Undefined,Undefined,0,0,,80.48705,1.295804,-1.681583,2332.5399,15.899144,6:30,6.19704,1.4364,5.32061,-54.25881,-10.00697,-3.25351,2.8923,-0.41332,73.74599,-8.539176,-2.260002,0.478781,,,,,,,,,,,,1.13287,-4.93059,-1.28168,50,6.27517,3.56292,-116.79297,0.66998,1.55668,23.06013,-38.94919,BOC_EAG,LIB_FLA,UGeorgia,D1,SEC,20260529-UGeorgia-1,2bc31e80-5b8d-11f1-8b41-2fa142449b60,78.72582,,,6.74106,,,,,,,f32c6353-0729-4132-b934-ffed9b5f81bf,2026-05-29,18:35:22.22,2026-05-29T14:35:22.2263296-04:00,2026-05-29T18:35:22.2263296Z,,v3,227,471336,,"Johnson, Gunnar",1000100233,Right,BOC_EAG,71cf28c5-38e8-4a3e-8e10-02fce5f82016,55.18201,-117.81169,11.53007,6.20756,2.39062,-19.4746,-1.43756,3.49415,0.77834,,,,,,,,,,,,,,,,,,,,,,,,,,,,,,,,,,,,,,,,,,,,,,,,,,,High,High,High,,,,,,,,,,,,,,,,,,,,,,,,,,,,,,,,,,,,,,,
244,2026-05-29,14:35:40.05,3,2,"Soares, Gavin",831500,Right,BOC_EAG,"Jaffe, Jordan",811757,Right,LIB_FLA,Undefined,9,Top,0,0,1,Curveball,Curveball,InPlay,Undefined,GroundBall,Out,1,1,,81.17409,0.02801,-0.949235,2285.23981,25.489835,6:45,6.18272,1.58443,5.20261,-53.80834,-10.48186,-5.60422,1.72504,0.22453,75.17509,-9.658969,-1.945273,0.473749,67.1688,-67.3642,41.923148,,,,,1.50967,1.50967,9.535324,0.018097,2.56055,-4.93028,-1.49206,50,6.14399,2.18296,-117.9518,-1.92472,3.61568,21.94795,-39.13592,BOC_EAG,LIB_FLA,UGeorgia,D1,SEC,20260529-UGeorgia-1,3672b700-5b8d-11f1-8b41-2fa142449b60,79.56208,1.64982,,5.999,,,,0.97693,1.64982,-0.20957,f32c6353-0729-4132-b934-ffed9b5f81bf,2026-05-29,18:35:40.05,2026-05-29T14:35:40.0570368-04:00,2026-05-29T18:35:40.0570368Z,GroundBall,v3,227,471336,,"Johnson, Gunnar",1000100233,Right,BOC_EAG,141aa63f-5dc5-49d0-8f6e-6058da490850,55.30212,-118.9343,10.97397,6.19094,-0.1728,-19.56796,-1.58616,2.0211,1.80784,,0.97671,28.28568,,,,,,,,1.65053,-91.16759,,,,,,,,-0.20976,25.39993,,,,,,,,,,,,,,,,,,,,,,,,,,,,,,High,High,High,Estimated,Estimated,,,,,,,,,,,,,,,,,,,,,,,,,,,,,,,,,,,,,
245,2026-05-29,14:36:26.37,4,1,"Soares, Gavin",831500,Right,BOC_EAG,"Sorenson, Jaxon",701641,Left,LIB_FLA,Undefined,9,Top,1,0,0,Curveball,Curveball,BallCalled,Undefined,Undefined,Undefined,0,0,,82.10118,-1.364687,-1.750161,2324.203684,354.74692,5:45,6.20536,1.56331,5.23798,-48.40105,-6.28536,0.68598,0.8884,-0.02506,76.52095,-10.062066,-1.628172,0.467082,,,,,,,,,,,,-0.78917,-2.49599,-1.40281,50,6.04308,3.61669,-119.27899,-4.6221,-1.14678,21.08819,-35.80102,BOC_EAG,LIB_FLA,UGeorgia,D1,SEC,20260529-UGeorgia-1,5204d200-5b8d-11f1-8b41-2fa142449b60,80.69765,,,5.58023,,,,,,,f32c6353-0729-4132-b934-ffed9b5f81bf,2026-05-29,18:36:26.37,2026-05-29T14:36:26.3788032-04:00,2026-05-29T18:36:26.3788032Z,,v3,227,471336,,"Johnson, Gunnar",1000100233,Right,BOC_EAG,48e1b9a7-80f6-4ace-b844-84cd30311843,55.26629,-120.20645,10.54409,6.21173,-3.04757,-17.90051,-1.56298,3.66713,-0.57339,,,,,,,,,,,,,,,,,,,,,,,,,,,,,,,,,,,,,,,,,,,,,,,,,,,High,High,High,,,,,,,,,,,,,,,,,,,,,,,,,,,,,,,,,,,,,,,
246,2026-05-29,14:36:45.80,4,2,"Soares, Gavin",831500,Right,BOC_EAG,"Sorenson, Jaxon",701641,Left,LIB_FLA,Undefined,9,Top,1,1,0,Curveball,Curveball,StrikeSwinging,Undefined,Undefined,Undefined,0,0,,81.91803,-0.466809,-1.464155,2378.157228,10.637006,6:15,6.15459,1.62319,5.33905,-50.5679,-8.45902,-1.80823,1.50251,0.09859,76.26784,-9.581306,-1.786267,0.467044,,,,,,,,,,,,0.54039,-3.80299,-1.48971,50,6.07563,3.1171,-119.08509,-2.81568,0.78259,21.05639,-37.68133,BOC_EAG,LIB_FLA,UGeorgia,D1,SEC,20260529-UGeorgia-1,5d9cf5c0-5b8d-11f1-8b41-2fa142449b60,80.70419,,,5.65019,,,,,,,f32c6353-0729-4132-b934-ffed9b5f81bf,2026-05-29,18:36:45.80,2026-05-29T14:36:45.8076672-04:00,2026-05-29T18:36:45.8076672Z,,v3,227,471336,,"Johnson, Gunnar",1000100233,Right,BOC_EAG,7e83b7b3-2cfc-494c-8eeb-fddfe6fbd082,55.1655,-119.99497,10.5282,6.16213,-1.18741,-18.84067,-1.62367,3.08328,0.39129,,,,,,,,,,,,,,,,,,,,,,,,,,,,,,,,,,,,,,,,,,,,,,,,,,,High,High,High,,,,,,,,,,,,,,,,,,,,,,,,,,,,,,,,,,,,,,,
247,2026-05-29,14:37:07.27,4,3,"Soares, Gavin",831500,Right,BOC_EAG,"Sorenson, Jaxon",701641,Left,LIB_FLA,Undefined,9,Top,1,1,1,Curveball,Slider,BallCalled,Undefined,Undefined,Undefined,0,0,,84.71931,-1.77508,-1.63065,2390.716108,336.63221,5:15,6.13897,1.61297,5.51964,-44.92132,-5.96689,3.02173,0.73461,0.33969,79.28748,-9.877755,-1.090319,0.449211,,,,,,,,,,,,-1.93331,-2.34449,-1.47307,50,5.95355,3.38517,-123.17866,-5.45306,-3.01066,21.35838,-35.82502,BOC_EAG,LIB_FLA,UGeorgia,D1,SEC,20260529-UGeorgia-1,6a5fdde0-5b8d-11f1-8b41-2fa142449b60,83.90818,,,5.43183,,,,,,,f32c6353-0729-4132-b934-ffed9b5f81bf,2026-05-29,18:37:07.27,2026-05-29T14:37:07.2797184-04:00,2026-05-29T18:37:07.2797184Z,,v3,227,471336,,"Johnson, Gunnar",1000100233,Right,BOC_EAG,e2c3a6bc-83bc-47ad-8398-5900a65d7d0b,54.98528,-124.04006,10.67919,6.14434,-4.00821,-17.91251,-1.61204,3.50659,-1.50533,,,,,,,,,,,,,,,,,,,,,,,,,,,,,,,,,,,,,,,,,,,,,,,,,,,High,High,High,,,,,,,,,,,,,,,,,,,,,,,,,,,,,,,,,,,,,,,
248,2026-05-29,14:37:28.11,4,4,"Soares, Gavin",831500,Right,BOC_EAG,"Sorenson, Jaxon",701641,Left,LIB_FLA,Undefined,9,Top,1,2,1,Curveball,Curveball,FoulBallNotFieldable,Undefined,Undefined,Undefined,0,0,,81.92776,-1.109365,-1.499521,2269.917145,343.246031,5:30,6.17685,1.54778,5.44581,-50.06003,-8.24737,2.81961,0.966,0.37843,76.60635,-10.129676,-0.995903,0.465399,,,,,,,,,,,,-1.80642,-3.65185,-1.41731,50,6.04341,3.0086,-119.14541,-4.09,-2.62639,20.43721,-37.48349,BOC_EAG,LIB_FLA,UGeorgia,D1,SEC,20260529-UGeorgia-1,76cb3020-5b8d-11f1-8b41-2fa142449b60,80.98953,,,5.32141,,,,,,,f32c6353-0729-4132-b934-ffed9b5f81bf,2026-05-29,18:37:28.11,2026-05-29T14:37:28.1146880-04:00,2026-05-29T18:37:28.1146880Z,,v3,227,471336,,"Johnson, Gunnar",1000100233,Right,BOC_EAG,dd8a7b94-2c02-474e-a2c3-e0d18c7286e3,55.05968,-120.01016,10.21861,6.18292,-2.50396,-18.74175,-1.54696,3.11973,-1.3132,,,,,,,,,,,,,,,,,,,,,,,,,,,,,,,,,,,,,,,,,,,,,,,,,,,High,High,High,,,,,,,,,,,,,,,,,,,,,,,,,,,,,,,,,,,,,,,
249,2026-05-29,14:37:56.54,4,5,"Soares, Gavin",831500,Right,BOC_EAG,"Sorenson, Jaxon",701641,Left,LIB_FLA,Undefined,9,Top,1,2,2,Curveball,Slider,BallCalled,Undefined,Undefined,Undefined,0,0,,83.63488,-0.770508,-2.407406,2297.052935,40.195404,7:15,6.17467,1.47492,5.4039,-46.39223,-6.02142,-6.03587,1.58598,-1.2852,77.80198,-9.143188,-3.481946,0.457304,,,,,,,,,,,,2.44504,-2.5428,-1.2559,50,6.07294,5.35408,-121.5012,-3.33222,3.68397,22.04016,-36.00533,BOC_EAG,LIB_FLA,UGeorgia,D1,SEC,20260529-UGeorgia-1,87c3f9c0-5b8d-11f1-8b41-2fa142449b60,82.42312,,,5.83289,,,,,,,f32c6353-0729-4132-b934-ffed9b5f81bf,2026-05-29,18:37:56.54,2026-05-29T14:37:56.5498880-04:00,2026-05-29T18:37:56.5498880Z,,v3,227,471336,,"Johnson, Gunnar",1000100233,Right,BOC_EAG,f35295e9-9342-41ba-81b0-1ba252e9d2bd,55.10033,-122.4229,11.02008,6.1808,-1.82651,-18.00267,-1.47658,5.20002,1.84198,,,,,,,,,,,,,,,,,,,,,,,,,,,,,,,,,,,,,,,,,,,,,,,,,,,High,High,High,,,,,,,,,,,,,,,,,,,,,,,,,,,,,,,,,,,,,,,
250,2026-05-29,14:38:18.73,4,6,"Soares, Gavin",831500,Right,BOC_EAG,"Sorenson, Jaxon",701641,Left,LIB_FLA,Undefined,9,Top,1,3,2,Curveball,Curveball,InPlay,Undefined,GroundBall,FieldersChoice,0,1,,83.52415,-1.149846,-0.999472,2383.580636,7.821471,6:15,6.15698,1.56387,5.43789,-46.74569,-5.83847,-0.98248,1.18444,0.54596,76.73626,-9.625077,-1.174889,0.460332,97.58789,-2.319433,-5.148486,,,,,19.9755,18.98792,-6.495492,0.134722,0.20272,-2.24886,-1.4747,50,6.02262,2.15565,-121.24085,-4.13644,0.29999,24.98667,-35.50202,BOC_EAG,LIB_FLA,UGeorgia,D1,SEC,20260529-UGeorgia-1,94fe34c0-5b8d-11f1-8b41-2fa142449b60,81.88093,1.11605,,6.78788,,,,0.9866,1.11605,-0.51279,f32c6353-0729-4132-b934-ffed9b5f81bf,2026-05-29,18:38:18.73,2026-05-29T14:38:18.7376640-04:00,2026-05-29T18:38:18.7376640Z,GroundBall,v3,227,471336,,"Johnson, Gunnar",1000100233,Right,BOC_EAG,ee0398c7-8957-4145-8153-492875e5020e,55.06438,-122.28012,12.49333,6.16396,-2.6598,-17.75101,-1.5641,2.14317,0.15,38.183508,0.98689,142.40621,-17.91208,,,,,,,1.11627,-5.81406,-18.35834,,,,,,,-0.51275,-12.83771,-0.96449,,,,,,,,,,,,,,,,,,,,,,,,,,,,,High,High,High,High,High,,,,,,,,,,,,,,,,,,,,,,,,,,,,,,,,,,,,,
251,2026-05-29,14:39:07.26,5,1,"Soares, Gavin",831500,Right,BOC_EAG,"Barone, Nick",809775,Right,LIB_FLA,Undefined,9,Top,1,0,0,Curveball,Curveball,FoulBallNotFieldable,Undefined,Undefined,Undefined,0,0,,81.78269,-0.197516,-2.699316,2289.650271,3.54449,6:00,6.15182,1.55879,5.52447,-51.41365,-9.45752,-0.65665,1.68249,-1.02146,76.22748,-9.486991,-2.816502,0.466197,,,,,,,,,,,,-0.34209,-4.49768,-1.32335,50,6.09938,5.62941,-118.86124,-2.22044,-0.49401,20.76283,-38.66938,BOC_EAG,LIB_FLA,UGeorgia,D1,SEC,20260529-UGeorgia-1,b1eafdc0-5b8d-11f1-8b41-2fa142449b60,80.85094,,,5.55521,,,,,,,f32c6353-0729-4132-b934-ffed9b5f81bf,2026-05-29,18:39:07.26,2026-05-29T14:39:07.2687616-04:00,2026-05-29T18:39:07.2687616Z,,v3,227,471336,,"Johnson, Gunnar",1000100233,Right,BOC_EAG,e05437b6-2a9a-419e-84ec-8d69608549e0,54.98105,-119.72817,10.38141,6.15838,-0.60583,-19.33469,-1.55883,5.65004,-0.247,,,,,,,,,,,,,,,,,,,,,,,,,,,,,,,,,,,,,,,,,,,,,,,,,,,High,High,High,,,,,,,,,,,,,,,,,,,,,,,,,,,,,,,,,,,,,,,
252,2026-05-29,14:39:30.75,5,2,"Soares, Gavin",831500,Right,BOC_EAG,"Barone, Nick",809775,Right,LIB_FLA,Undefined,9,Top,1,0,1,Curveball,Curveball,InPlay,Undefined,GroundBall,FieldersChoice,1,0,,82.14567,-0.347308,-1.545624,2392.130519,31.38427,7:00,6.09978,1.62062,5.48154,-49.104,-7.59599,-5.30733,1.68269,-0.26821,76.70719,-9.218474,-2.493037,0.4637,79.50048,-19.791088,-39.618399,,,,,6.58822,6.41389,-23.699932,0.043735,2.34118,-3.55185,-1.48114,50,6.03494,3.43005,-119.4909,-2.45938,3.42458,20.49588,-37.36954,BOC_EAG,LIB_FLA,UGeorgia,D1,SEC,20260529-UGeorgia-1,bfe75040-5b8d-11f1-8b41-2fa142449b60,81.28621,1.7299,,5.43848,,,,2.32946,1.7299,0.41738,f32c6353-0729-4132-b934-ffed9b5f81bf,2026-05-29,18:39:30.75,2026-05-29T14:39:30.7522048-04:00,2026-05-29T18:39:30.7522048Z,GroundBall,v3,227,471336,,"Johnson, Gunnar",1000100233,Right,BOC_EAG,441f0a6c-b155-49b4-baf6-49642caa750d,55.02412,-120.34959,10.24794,6.10518,-0.89377,-18.68477,-1.62183,3.28658,1.71229,180,2.32834,84.67243,,,,,,,,1.73042,-39.55438,,,,,,,,0.41831,-70.09294,,,,,,,,,,,,,,,,,,,,,,,,,,,,,,High,High,High,Low,Low,,,,,,,,,,,,,,,,,,,,,,,,,,,,,,,,,,,,,
253,2026-05-29,14:40:19.27,6,1,"Soares, Gavin",831500,Right,BOC_EAG,"Swofford, Easton",1000110611,Left,LIB_FLA,Undefined,9,Top,2,0,0,Curveball,Curveball,StrikeSwinging,Undefined,Undefined,Undefined,0,0,,81.15153,-0.781936,-2.363302,2324.458425,358.897703,6:00,6.17743,1.6543,5.42733,-51.25381,-8.49969,0.18598,1.17323,-0.54497,75.74378,-10.017877,-2.330139,0.470609,,,,,,,,,,,,-0.68457,-3.75012,-1.44474,50,6.07198,4.85991,-117.93558,-3.44131,-0.97368,20.35065,-37.50799,BOC_EAG,LIB_FLA,UGeorgia,D1,SEC,20260529-UGeorgia-1,dcd88610-5b8d-11f1-8b41-2fa142449b60,80.09285,,,5.40775,,,,,,,f32c6353-0729-4132-b934-ffed9b5f81bf,2026-05-29,18:40:19.27,2026-05-29T14:40:19.2764416-04:00,2026-05-29T18:40:19.2764416Z,,v3,227,471336,,"Johnson, Gunnar",1000100233,Right,BOC_EAG,4a3d316e-ddd9-4c9c-8631-430697d92645,55.07741,-118.80849,10.17533,6.18508,-1.83246,-18.75399,-1.65409,4.90168,-0.48684,,,,,,,,,,,,,,,,,,,,,,,,,,,,,,,,,,,,,,,,,,,,,,,,,,,High,High,High,,,,,,,,,,,,,,,,,,,,,,,,,,,,,,,,,,,,,,,
254,2026-05-29,14:40:58.65,6,2,"Soares, Gavin",831500,Right,BOC_EAG,"Swofford, Easton",1000110611,Left,LIB_FLA,Undefined,9,Top,2,0,1,Curveball,Curveball,InPlay,Undefined,LineDrive,Out,1,0,,80.43266,-0.476497,-1.102609,2235.791323,19.677013,6:45,6.18546,1.61615,5.27469,-51.34227,-7.55508,-3.13843,1.45928,0.31883,74.89759,-9.722606,-1.661158,0.476261,99.57507,15.78556,15.835381,1058.115767,104.91996,21.7164,33.042,262.83078,251.86566,21.318533,2.380502,1.30902,-3.40288,-1.51297,50,6.10332,2.37426,-116.93316,-2.80738,1.8268,20.40971,-36.92297,BOC_EAG,LIB_FLA,UGeorgia,D1,SEC,20260529-UGeorgia-1,f44e8920-5b8d-11f1-8b41-2fa142449b60,79.14245,22.91611,,5.53507,,,,2.29134,1.68881,-0.31844,f32c6353-0729-4132-b934-ffed9b5f81bf,2026-05-29,18:40:58.65,2026-05-29T14:40:58.6539008-04:00,2026-05-29T18:40:58.6539008Z,LineDrive,v3,227,471336,,"Johnson, Gunnar",1000100233,Right,BOC_EAG,db378519-ee15-42ea-9e64-32ea8f555361,55.23031,-117.84254,10.20486,6.19176,-1.16225,-18.46148,-1.61695,2.29287,0.9134,261.567491,2.2913,135.20361,-17.8366,2.56498,-0.59688,0.10179,-0.00024,-0.00537,0.00091,1.68875,39.73261,-20.43836,2.08417,-0.49576,0.15161,-0.02646,0.00037,0.00041,-0.31835,38.34407,1.86991,-0.65564,0.24831,-0.12945,0.03378,-0.00268,-0.00022,,,,,,,,,,,,,,,,,,,,,,,High,High,High,High,High,,,,,,,,,,,,,,,,,,,,,,,,,,,,,,,,,,,,,
255,2026-05-29,14:43:53.13,1,1,"Harrington, Cooper",835066,Right,LIB_FLA,"Johnson, Gunnar",1000100233,Right,BOC_EAG,Undefined,9,Bottom,0,0,0,FourSeamFastBall,Four-Seam,StrikeCalled,Undefined,Undefined,Undefined,0,0,,94.21118,-2.233053,-2.916076,2038.000352,217.770647,1:15,5.16733,1.6739,7.55376,-13.7895,15.47194,11.3443,2.00593,-0.00605,87.0334,-4.923003,-0.817589,0.389331,,,,,,,,,,,,-6.8991,9.26146,-1.52489,50,5.04786,6.59729,-137.09798,-5.62456,-13.26576,27.39376,-14.36585,BOC_EAG,LIB_FLA,UGeorgia,D1,SEC,20260529-UGeorgia-1,5c4a68a0-5b8e-11f1-8b41-2fa142449b60,96.81326,,,7.17778,,,,,,,f32c6353-0729-4132-b934-ffed9b5f81bf,2026-05-29,18:43:53.13,2026-05-29T14:43:53.1370000-04:00,2026-05-29T18:43:53.1370000Z,,v3,227,471336,,"Hvidsten, Kyle",1000230326,Right,LIB_FLA,41380650-8b86-4bc2-920d-7cff266823eb,52.94827,-137.68582,13.69688,5.16525,-5.31629,-7.18293,-1.66951,6.88196,-6.63288,,,,,,,,,,,,,,,,,,,,,,,,,,,,,,,,,,,,,,,,,,,,,,,,,,,High,High,High,,,,,,,,,,,,,,,,,,,,,,,,,,,,,,,,,,,,,,,
256,2026-05-29,14:44:08.79,1,2,"Harrington, Cooper",835066,Right,LIB_FLA,"Johnson, Gunnar",1000100233,Right,BOC_EAG,Undefined,9,Bottom,0,0,1,ChangeUp,Changeup,StrikeCalled,Undefined,Undefined,Undefined,0,0,,80.47576,1.517764,-2.851611,1227.477455,269.001522,3:00,5.04216,1.85311,7.09921,-39.23423,1.16146,9.61686,3.15195,0.06471,75.16468,-5.842034,-1.088055,0.457445,,,,,,,,,,,,-5.78,0.63063,-1.68572,50,5.12055,5.53948,-117.20534,2.10338,-8.20781,17.81964,-31.27853,BOC_EAG,LIB_FLA,UGeorgia,D1,SEC,20260529-UGeorgia-1,65a609e0-5b8e-11f1-8b41-2fa142449b60,82.39773,,,5.31108,,,,,,,f32c6353-0729-4132-b934-ffed9b5f81bf,2026-05-29,18:44:08.79,2026-05-29T14:44:08.7980000-04:00,2026-05-29T18:44:08.7980000Z,,v3,227,471336,,"Hvidsten, Kyle",1000230326,Right,LIB_FLA,34090217-1d5b-4ed5-8d59-1be9f4301f7a,53.40477,-117.72186,8.90982,5.04644,3.01001,-15.63927,-1.84973,5.77739,-4.1039,,,,,,,,,,,,,,,,,,,,,,,,,,,,,,,,,,,,,,,,,,,,,,,,,,,High,High,High,,,,,,,,,,,,,,,,,,,,,,,,,,,,,,,,,,,,,,,
257,2026-05-29,14:44:26.08,1,3,"Harrington, Cooper",835066,Right,LIB_FLA,"Johnson, Gunnar",1000100233,Right,BOC_EAG,Undefined,9,Bottom,0,0,2,FourSeamFastBall,Four-Seam,BallCalled,Undefined,Undefined,Undefined,0,0,,95.23307,-2.098747,-3.923284,2160.718248,220.042656,1:15,5.27278,1.40677,7.42631,-14.01241,14.73587,11.71619,2.20727,-1.16017,88.16916,-4.816833,-1.765073,0.385902,,,,,,,,,,,,-7.28859,8.75985,-1.19735,50,5.15522,9.08561,-138.46349,-5.38676,-14.34379,26.94786,-14.93483,BOC_EAG,LIB_FLA,UGeorgia,D1,SEC,20260529-UGeorgia-1,6fea3660-5b8e-11f1-8b41-2fa142449b60,97.67358,,,7.0639,,,,,,,f32c6353-0729-4132-b934-ffed9b5f81bf,2026-05-29,18:44:26.08,2026-05-29T14:44:26.0890000-04:00,2026-05-29T18:44:26.0890000Z,,v3,227,471336,,"Hvidsten, Kyle",1000230326,Right,LIB_FLA,2e70e7b2-459c-43d8-8c63-037ba2f1fe7a,53.07618,-139.06089,13.47393,5.27097,-5.05568,-7.46741,-1.40229,9.4036,-7.1719,,,,,,,,,,,,,,,,,,,,,,,,,,,,,,,,,,,,,,,,,,,,,,,,,,,High,High,High,,,,,,,,,,,,,,,,,,,,,,,,,,,,,,,,,,,,,,,
258,2026-05-29,14:44:45.02,1,4,"Harrington, Cooper",835066,Right,LIB_FLA,"Johnson, Gunnar",1000100233,Right,BOC_EAG,Undefined,9,Bottom,0,1,2,ChangeUp,Splitter,HitByPitch,Undefined,Undefined,Undefined,0,0,,77.67245,2.638349,-0.582795,1093.578849,293.840509,3:45,5.02329,1.59575,6.96545,-46.34758,-2.2561,7.91532,3.56313,1.72513,71.69937,-6.056638,0.866994,0.477913,,,,,,,,,,,,-4.38827,-1.52854,-1.56208,50,5.17108,0.90694,-113.0601,4.0194,-5.71885,19.29373,-34.1661,BOC_EAG,LIB_FLA,UGeorgia,D1,SEC,20260529-UGeorgia-1,7b3a7bb0-5b8e-11f1-8b41-2fa142449b60,78.86888,,,5.97308,,,,,,,f32c6353-0729-4132-b934-ffed9b5f81bf,2026-05-29,18:44:45.02,2026-05-29T14:44:45.0240000-04:00,2026-05-29T18:44:45.0240000Z,,v3,227,471336,,"Hvidsten, Kyle",1000230326,Right,LIB_FLA,a4b7edc1-37ec-41a1-ab61-2e662364adb7,53.53832,-113.66231,9.64687,5.02898,5.08582,-17.08305,-1.59318,1.08544,-2.85943,,,,,,,,,,,,,,,,,,,,,,,,,,,,,,,,,,,,,,,,,,,,,,,,,,,High,High,High,,,,,,,,,,,,,,,,,,,,,,,,,,,,,,,,,,,,,,,
259,2026-05-29,14:46:22.49,2,1,"Harrington, Cooper",835066,Right,LIB_FLA,"Williams, Ben",831962,Right,BOC_EAG,Undefined,9,Bottom,0,0,0,Slider,Curveball,BallCalled,Undefined,Undefined,Undefined,0,0,,79.15918,2.072945,-1.613824,2146.863132,52.512831,7:45,5.22388,2.09843,6.7317,-46.83569,-3.87374,-6.6663,3.21686,0.06771,73.00691,-6.662679,-2.828748,0.471752,,,,,,,,,,,,3.09122,-2.20484,-1.98975,50,5.34304,3.46504,-115.1599,2.86572,4.16746,20.60064,-35.14655,BOC_EAG,LIB_FLA,UGeorgia,D1,SEC,20260529-UGeorgia-1,b555d1a0-5b8e-11f1-8b41-2fa142449b60,79.89892,,,6.15227,,,,,,,f32c6353-0729-4132-b934-ffed9b5f81bf,2026-05-29,18:46:22.49,2026-05-29T14:46:22.4910000-04:00,2026-05-29T18:46:22.4910000Z,,v3,227,471336,,"Hvidsten, Kyle",1000230326,Right,LIB_FLA,7fa69895-89c0-424d-a48a-69353d258c3a,53.77142,-115.83259,10.30032,5.23072,4.01339,-17.57327,-2.10067,3.32896,2.08373,,,,,,,,,,,,,,,,,,,,,,,,,,,,,,,,,,,,,,,,,,,,,,,,,,,High,High,High,,,,,,,,,,,,,,,,,,,,,,,,,,,,,,,,,,,,,,,
260,2026-05-29,14:46:46.22,2,2,"Harrington, Cooper",835066,Right,LIB_FLA,"Williams, Ben",831962,Right,BOC_EAG,Undefined,9,Bottom,0,1,0,FourSeamFastBall,Sinker,InPlay,Undefined,Bunt,Out,1,0,,92.21125,-1.358507,-3.443145,2170.410705,237.113892,2:00,5.24998,1.87596,7.37547,-19.9497,11.12268,15.68788,2.35885,0.07169,84.34788,-5.20233,-0.551854,0.401198,34.21476,-2.298678,44.108657,2091.989641,,,,17.2879,17.2879,37.472129,0.314369,-9.52193,6.71237,-1.69067,50,5.16995,7.53576,-134.07835,-3.66341,-17.30904,29.36815,-19.97223,BOC_EAG,LIB_FLA,UGeorgia,D1,SEC,20260529-UGeorgia-1,c36d7450-5b8e-11f1-8b41-2fa142449b60,93.94974,2.42043,,7.86337,,,,2.74608,2.42043,-0.13925,f32c6353-0729-4132-b934-ffed9b5f81bf,2026-05-29,18:46:46.22,2026-05-29T14:46:46.2280000-04:00,2026-05-29T18:46:46.2280000Z,GroundBall,v3,227,471336,,"Hvidsten, Kyle",1000230326,Right,LIB_FLA,2cf27d00-aa1b-4199-9251-32e784cbe902,53.12713,-134.76157,14.68408,5.24977,-3.19878,-9.98611,-1.87067,7.93843,-8.65452,355.716099,2.7459,36.00946,-3.49519,,,,,,,2.42223,-2.08857,-17.88676,,,,,,,-0.13946,34.90771,-3.20433,,,,,,,,,,,,,,,,,,,,,,,,,,,,,High,High,High,High,High,,,,,,,,,,,,,,,,,,,,,,,,,,,,,,,,,,,,,
261,2026-05-29,14:47:31.81,3,1,"Harrington, Cooper",835066,Right,LIB_FLA,"Hendrickson, Carter",830138,Right,BOC_EAG,Undefined,9,Bottom,1,0,0,FourSeamFastBall,Sinker,BallCalled,Undefined,Undefined,Undefined,0,0,,91.24932,-0.620845,-2.150507,2003.853578,243.06372,2:00,5.2269,1.98285,7.43203,-22.46674,9.24221,16.17422,2.79448,1.39082,83.20384,-4.946128,0.838543,0.405287,,,,,,,,,,,,-9.36182,5.5178,-1.86965,50,5.18773,4.42286,-132.79838,-1.98602,-16.629,29.85336,-22.37304,BOC_EAG,LIB_FLA,UGeorgia,D1,SEC,20260529-UGeorgia-1,dea27b30-5b8e-11f1-8b41-2fa142449b60,93.00188,,,8.04547,,,,,,,f32c6353-0729-4132-b934-ffed9b5f81bf,2026-05-29,18:47:31.81,2026-05-29T14:47:31.8190000-04:00,2026-05-29T18:47:31.8190000Z,,v3,227,471336,,"Hvidsten, Kyle",1000230326,Right,LIB_FLA,5ca3f6e3-2234-4606-9b06-876521942f23,53.06863,-133.48643,14.92668,5.22756,-1.47037,-11.18652,-1.97601,4.80612,-8.3145,,,,,,,,,,,,,,,,,,,,,,,,,,,,,,,,,,,,,,,,,,,,,,,,,,,High,High,High,,,,,,,,,,,,,,,,,,,,,,,,,,,,,,,,,,,,,,,
262,2026-05-29,14:48:14.84,3,2,"Harrington, Cooper",835066,Right,LIB_FLA,"Hendrickson, Carter",830138,Right,BOC_EAG,Undefined,9,Bottom,1,1,0,Slider,Curveball,BallCalled,Undefined,Undefined,Undefined,0,0,,79.66608,-0.263709,-3.849683,2249.720519,51.016492,7:45,5.09106,2.34694,6.93773,-46.93006,-5.04859,-7.58319,0.93964,-1.79448,74.52575,-8.962977,-5.23448,0.465782,,,,,,,,,,,,3.12335,-2.33051,-2.10429,50,5.05859,8.03088,-115.88491,-1.78259,4.29399,19.42685,-35.37807,BOC_EAG,LIB_FLA,UGeorgia,D1,SEC,20260529-UGeorgia-1,f84d5fa0-5b8e-11f1-8b41-2fa142449b60,80.92295,,,5.14034,,,,,,,f32c6353-0729-4132-b934-ffed9b5f81bf,2026-05-29,18:48:14.84,2026-05-29T14:48:14.8400000-04:00,2026-05-29T18:48:14.8400000Z,,v3,227,471336,,"Hvidsten, Kyle",1000230326,Right,LIB_FLA,6499c7e4-1471-47e4-a706-6cbe14d2e467,53.5673,-116.48139,9.71343,5.09665,-0.69634,-17.68904,-2.34885,7.89903,2.14699,,,,,,,,,,,,,,,,,,,,,,,,,,,,,,,,,,,,,,,,,,,,,,,,,,,High,High,High,,,,,,,,,,,,,,,,,,,,,,,,,,,,,,,,,,,,,,,
263,2026-05-29,14:48:36.85,3,3,"Harrington, Cooper",835066,Right,LIB_FLA,"Hendrickson, Carter",830138,Right,BOC_EAG,Undefined,9,Bottom,1,2,0,FourSeamFastBall,Sinker,InPlay,Undefined,FlyBall,Out,1,0,,93.13774,-1.515063,-3.017713,2025.909884,237.831331,2:00,5.2555,1.82576,7.60388,-19.59332,10.42575,15.1519,2.25903,0.37409,85.6496,-5.294157,-0.21095,0.394339,98.82391,52.84698,-28.837821,4948.07011,94.43165,148.0707,-56.41501,230.39454,100.07815,-32.987135,6.48743,-9.13063,6.38922,-1.67491,50,5.17381,6.65327,-135.56913,-4.0395,-17.05551,28.61217,-20.23938,BOC_EAG,LIB_FLA,UGeorgia,D1,SEC,20260529-UGeorgia-1,055e40b0-5b8f-11f1-8b41-2fa142449b60,95.58379,165.02363,,7.48814,,,,2.12721,2.18759,-0.22041,f32c6353-0729-4132-b934-ffed9b5f81bf,2026-05-29,18:48:36.85,2026-05-29T14:48:36.8560000-04:00,2026-05-29T18:48:36.8560000Z,FlyBall,v3,227,471336,,"Hvidsten, Kyle",1000230326,Right,LIB_FLA,2d437928-67a0-409c-9d8e-1dd3ecd2da9f,52.89913,-136.17963,14.30608,5.25539,-3.60765,-10.11969,-1.82075,7.01719,-8.52775,,2.14699,76.37637,-25.13517,6.59113,-0.93251,0.00642,0.02082,-0.00298,0.00013,2.17314,115.69949,-25.08032,2.05997,-0.15315,-0.04066,0.01764,-0.00262,0.00014,-0.23161,-42.05033,11.25936,-2.62986,0.26365,0.03757,-0.01533,0.00179,-8E-05,,,,,,,,,,,,,,,,,,,,,,,High,High,High,Medium,Low,,,,,,,,,,,,,,,,,,,,,,,,,,,,,,,,,,,,,
264,2026-05-29,14:49:22.13,4,1,"Harrington, Cooper",835066,Right,LIB_FLA,"Solier, Julio",827632,Right,BOC_EAG,Undefined,9,Bottom,2,0,0,ChangeUp,Changeup,StrikeCalled,Undefined,Undefined,Undefined,0,0,,79.52814,1.387202,-2.426529,1261.792621,262.409961,2:45,5.06044,1.78741,7.31927,-38.64329,2.82295,12.37296,3.09501,0.62457,73.44991,-5.930191,-0.146333,0.463467,,,,,,,,,,,,-7.28437,1.57016,-1.65452,50,5.12774,4.53104,-115.78881,1.88116,-9.96533,20.06311,-30.02602,BOC_EAG,LIB_FLA,UGeorgia,D1,SEC,20260529-UGeorgia-1,206ea890-5b8f-11f1-8b41-2fa142449b60,81.32715,,,6.07823,,,,,,,f32c6353-0729-4132-b934-ffed9b5f81bf,2026-05-29,18:49:22.13,2026-05-29T14:49:22.1380000-04:00,2026-05-29T18:49:22.1380000Z,,v3,227,471336,,"Hvidsten, Kyle",1000230326,Right,LIB_FLA,6dfb40dd-fd37-4ea4-8cd2-477be3f2068f,53.18315,-116.33905,10.03156,5.06485,2.70465,-15.01301,-1.78254,4.80435,-4.98266,,,,,,,,,,,,,,,,,,,,,,,,,,,,,,,,,,,,,,,,,,,,,,,,,,,High,High,High,,,,,,,,,,,,,,,,,,,,,,,,,,,,,,,,,,,,,,,
265,2026-05-29,14:50:11.20,4,2,"Harrington, Cooper",835066,Right,LIB_FLA,"Solier, Julio",827632,Right,BOC_EAG,Undefined,9,Bottom,2,0,1,ChangeUp,Changeup,FoulBallNotFieldable,Undefined,Undefined,Undefined,0,0,,79.49736,0.30184,-2.465797,1199.191045,248.683793,2:15,5.13716,1.83272,7.46956,-34.28577,7.19461,15.20824,2.55222,0.87708,73.06578,-6.241447,0.346364,0.463546,75.93225,82.412131,-118.595972,5005.646213,,,,,15.54936,,,-9.01264,4.19567,-1.70471,50,5.14468,4.55241,-115.76033,-0.14341,-12.23492,21.52051,-26.4783,BOC_EAG,LIB_FLA,UGeorgia,D1,SEC,20260529-UGeorgia-1,3da99190-5b8f-11f1-8b41-2fa142449b60,81.31327,86.3481,,6.43158,,,,3.0039,2.19455,-0.81886,f32c6353-0729-4132-b934-ffed9b5f81bf,2026-05-29,18:50:11.20,2026-05-29T14:50:11.2040000-04:00,2026-05-29T18:50:11.2040000Z,,v3,227,471336,,"Hvidsten, Kyle",1000230326,Right,LIB_FLA,d7b7b03e-c015-4057-9554-4ed6eb68298e,53.03338,-116.32288,10.76026,5.13938,0.54874,-13.23915,-1.8279,4.87224,-6.11746,7.1853,3.00389,-7.03552,-9.18682,4.2375,-3.50331,5.25199,-5.12451,2.60705,-0.53886,2.19454,110.39231,-30.37856,4.01302,-0.9958,0.59237,-0.42546,0.17645,-0.02955,-0.81886,-12.91228,3.11345,-0.94248,0.58041,-0.81589,0.78403,-0.39452,0.08072,,,,,,,,,,,,,,,,,,,,,,,High,High,High,High,Undefined,,,,,,,,,,,,,,,,,,,,,,,,,,,,,,,,,,,,,
266,2026-05-29,14:50:51.16,4,3,"Harrington, Cooper",835066,Right,LIB_FLA,"Solier, Julio",827632,Right,BOC_EAG,Undefined,9,Bottom,2,0,2,FourSeamFastBall,Four-Seam,BallCalled,Undefined,Undefined,Undefined,0,0,,94.88364,-2.402439,-5.490109,1985.546733,215.994875,1:15,5.36378,1.22268,7.58098,-12.18871,16.96367,11.67611,2.17696,-2.75526,87.0758,-4.807699,-3.341695,0.388605,,,,,,,,,,,,-7.79453,10.15906,-0.94267,50,5.23652,12.81675,-137.55752,-6.00764,-15.01109,29.05388,-12.60927,BOC_EAG,LIB_FLA,UGeorgia,D1,SEC,20260529-UGeorgia-1,55726f90-5b8f-11f1-8b41-2fa142449b60,96.99424,,,7.80784,,,,,,,f32c6353-0729-4132-b934-ffed9b5f81bf,2026-05-29,18:50:51.16,2026-05-29T14:50:51.1630000-04:00,2026-05-29T18:50:51.1630000Z,,v3,227,471336,,"Hvidsten, Kyle",1000230326,Right,LIB_FLA,635cd398-c7b7-4eb3-ac20-4236722786f0,52.92038,-138.17296,14.52694,5.36095,-5.74054,-6.30464,-1.21754,13.13473,-7.50554,,,,,,,,,,,,,,,,,,,,,,,,,,,,,,,,,,,,,,,,,,,,,,,,,,,High,High,High,,,,,,,,,,,,,,,,,,,,,,,,,,,,,,,,,,,,,,,
267,2026-05-29,14:51:12.78,4,4,"Harrington, Cooper",835066,Right,LIB_FLA,"Solier, Julio",827632,Right,BOC_EAG,Undefined,9,Bottom,2,1,2,ChangeUp,Changeup,InPlay,Undefined,FlyBall,Out,1,0,,78.60017,1.745017,-2.837724,1218.189662,310.963675,4:15,4.9324,1.76912,7.40788,-49.27668,-6.65335,9.14615,2.40253,-0.03058,72.29865,-7.553908,-1.148907,0.469889,73.09329,40.9579,-7.95561,4045.167894,109.79967,73.88701,-6.63322,243.20604,242.02694,2.702639,4.744522,-5.8039,-3.80437,-1.61734,50,5.01485,5.41166,-114.39897,2.31761,-7.68388,21.29585,-37.21073,BOC_EAG,LIB_FLA,UGeorgia,D1,SEC,20260529-UGeorgia-1,625b5640-5b8f-11f1-8b41-2fa142449b60,80.21568,78.68064,,6.30152,,,,3.08606,2.70221,-0.0202,f32c6353-0729-4132-b934-ffed9b5f81bf,2026-05-29,18:51:12.78,2026-05-29T14:51:12.7810000-04:00,2026-05-29T18:51:12.7810000Z,FlyBall,v3,227,471336,,"Hvidsten, Kyle",1000230326,Right,LIB_FLA,6d97d082-3612-418d-83b3-8dd5315bdd36,53.09684,-114.97401,10.64792,4.9387,3.3224,-18.60536,-1.76627,5.61915,-3.84194,202.057406,3.08698,80.15803,-13.88746,2.97586,-0.42592,0.03386,-0.00236,0.00054,-5E-05,2.70279,70.26103,-18.30671,1.33042,-0.21087,-0.00398,0.01301,-0.00257,0.00016,-0.02063,-11.19548,5.90586,-1.20792,0.18528,-0.02087,0.00337,-0.00061,5E-05,,,,,,,,,,,,,,,,,,,,,,,High,High,High,High,Medium,,,,,,,,,,,,,,,,,,,,,,,,,,,,,,,,,,,,,