PitchNo,Date,Time,PAofInning,PitchofPA,Pitcher,PitcherId,PitcherThrows,PitcherTeam,Batter,BatterId,BatterSide,BatterTeam,PitcherSet,Inning,Top/Bottom,Outs,Balls,Strikes,TaggedPitchType,AutoPitchType,PitchCall,KorBB,TaggedHitType,PlayResult,OutsOnPlay,RunsScored,Notes,RelSpeed,VertRelAngle,HorzRelAngle,SpinRate,SpinAxis,Tilt,RelHeight,RelSide,Extension,VertBreak,InducedVertBreak,HorzBreak,PlateLocHeight,PlateLocSide,ZoneSpeed,VertApprAngle,HorzApprAngle,ZoneTime,ExitSpeed,Angle,Direction,HitSpinRate,PositionAt110X,PositionAt110Y,PositionAt110Z,Distance,LastTrackedDistance,Bearing,HangTime,pfxx,pfxz,x0,y0,z0,vx0,vy0,vz0,ax0,ay0,az0,HomeTeam,AwayTeam,Stadium,Level,League,GameID,PitchUID,EffectiveVelo,MaxHeight,MeasuredDuration,SpeedDrop,PitchLastMeasuredX,PitchLastMeasuredY,PitchLastMeasuredZ,ContactPositionX,ContactPositionY,ContactPositionZ,GameUID,UTCDate,UTCTime,LocalDateTime,UTCDateTime,AutoHitType,System,HomeTeamForeignID,AwayTeamForeignID,GameForeignID,Catcher,CatcherId,CatcherThrows,CatcherTeam,PlayID,PitchTrajectoryXc0,PitchTrajectoryXc1,PitchTrajectoryXc2,PitchTrajectoryYc0,PitchTrajectoryYc1,PitchTrajectoryYc2,PitchTrajectoryZc0,PitchTrajectoryZc1,PitchTrajectoryZc2,HitSpinAxis,HitTrajectoryXc0,HitTrajectoryXc1,HitTrajectoryXc2,HitTrajectoryXc3,HitTrajectoryXc4,HitTrajectoryXc5,HitTrajectoryXc6,HitTrajectoryXc7,HitTrajectoryXc8,HitTrajectoryYc0,HitTrajectoryYc1,HitTrajectoryYc2,HitTrajectoryYc3,HitTrajectoryYc4,HitTrajectoryYc5,HitTrajectoryYc6,HitTrajectoryYc7,HitTrajectoryYc8,HitTrajectoryZc0,HitTrajectoryZc1,HitTrajectoryZc2,HitTrajectoryZc3,HitTrajectoryZc4,HitTrajectoryZc5,HitTrajectoryZc6,HitTrajectoryZc7,HitTrajectoryZc8,ThrowSpeed,PopTime,ExchangeTime,TimeToBase,CatchPositionX,CatchPositionY,CatchPositionZ,ThrowPositionX,ThrowPositionY,ThrowPositionZ,BasePositionX,BasePositionY,BasePositionZ,ThrowTrajectoryXc0,ThrowTrajectoryXc1,ThrowTrajectoryXc2,ThrowTrajectoryYc0,ThrowTrajectoryYc1,ThrowTrajectoryYc2,ThrowTrajectoryZc0,ThrowTrajectoryZc1,ThrowTrajectoryZc2,PitchReleaseConfidence,PitchLocationConfidence,PitchMovementConfidence,HitLaunchConfidence,HitLandingConfidence,CatcherThrowCatchConfidence,CatcherThrowReleaseConfidence,CatcherThrowLocationConfidence,SpinAxis3dTransverseAngle,SpinAxis3dLongitudinalAngle,SpinAxis3dActiveSpinRate,SpinAxis3dSpinEfficiency,SpinAxis3dTilt,SpinAxis3dVectorX,SpinAxis3dVectorY,SpinAxis3dVectorZ,SpinAxis3dSeamOrientationRotationX,SpinAxis3dSeamOrientationRotationY,SpinAxis3dSeamOrientationRotationZ,SpinAxis3dSeamOrientationBallAngleHorizontalAmb1,SpinAxis3dSeamOrientationBallAngleVerticalAmb1,SpinAxis3dSeamOrientationBallXAmb1,SpinAxis3dSeamOrientationBallYAmb1,SpinAxis3dSeamOrientationBallZAmb1,SpinAxis3dSeamOrientationBallAngleHorizontalAmb2,SpinAxis3dSeamOrientationBallAngleVerticalAmb2,SpinAxis3dSeamOrientationBallXAmb2,SpinAxis3dSeamOrientationBallYAmb2,SpinAxis3dSeamOrientationBallZAmb2,SpinAxis3dSeamOrientationBallAngleHorizontalAmb3,SpinAxis3dSeamOrientationBallAngleVerticalAmb3,SpinAxis3dSeamOrientationBallXAmb3,SpinAxis3dSeamOrientationBallYAmb3,SpinAxis3dSeamOrientationBallZAmb3,SpinAxis3dSeamOrientationBallAngleHorizontalAmb4,SpinAxis3dSeamOrientationBallAngleVerticalAmb4,SpinAxis3dSeamOrientationBallXAmb4,SpinAxis3dSeamOrientationBallYAmb4,SpinAxis3dSeamOrientationBallZAmb4,BatSpeed,VerticalAttackAngle,HorizontalAttackAngle
1,2026-05-02,13:02:11.99,1,1,"Sharman, Michael",831353,Left,CLE_TIG,"Solier, Julio",827632,Right,BOC_EAG,Undefined,1,Top,0,0,0,FourSeamFastBall,Sinker,FoulBallNotFieldable,Undefined,Undefined,Undefined,0,0,,87.24391,-0.126253,3.948042,2197.750105,127.257941,10:15,5.10003,-2.53192,5.82093,-23.81761,13.78922,-16.25863,2.99757,-0.2104,78.15296,-4.632807,1.042552,0.441372,96.51273,42.662555,30.138984,4969.211747,87.50225,92.87695,66.65808,320.04554,147.93243,48.300947,5.705895,9.63071,7.47729,2.21836,50,5.07586,-8.02516,-126.23092,-1.02244,15.23396,30.40319,-20.34644,CLE_TIG,BOC_EAG,KingsmoreStadium,D1,ACC,20260502-KingsmoreStadium-1,a9cbc750-4648-11f1-868c-97266ddeb381,85.39833,118.90056,,9.09095,,,,1.09117,2.79585,0.11659,a7847587-5f2b-422e-b1cb-e44e7d195d4c,2026-05-02,17:02:11.99,2026-05-02T13:02:11.9947264-04:00,2026-05-02T17:02:11.9947264Z,FlyBall,v3,471272,227,26599,"Savoie, Nate",832476,Right,CLE_TIG,9fb56647-785a-4fce-a171-b6a8f3e68106,54.67607,-127.35219,15.20159,5.09973,-0.27207,-10.17322,2.52469,-8.587,7.61698,214.582571,1.11857,89.52084,-24.23093,4.13259,0.61167,-0.56664,0.1374,-0.01488,0.00061,2.79538,95.90112,-23.39759,1.55562,0.22009,-0.23186,0.0702,-0.0095,0.00048,0.1157,52.26821,-1.1433,-0.88117,0.40611,-0.12373,0.02677,-0.00331,0.00017,,,,,,,,,,,,,,,,,,,,,,,High,High,High,High,Low,,,,,,,,,,,,,,,,,,,,,,,,,,,,,,,,,,,,,
2,2026-05-02,13:02:50.74,1,2,"Sharman, Michael",831353,Left,CLE_TIG,"Solier, Julio",827632,Right,BOC_EAG,Undefined,1,Top,0,0,1,FourSeamFastBall,Sinker,BallCalled,Undefined,Undefined,Undefined,0,0,,88.08529,0.908829,2.860196,2177.398384,128.408744,10:15,5.1408,-2.34877,6.07763,-22.17769,13.81139,-15.91241,4.13467,-1.02623,79.86755,-3.293188,-0.001181,0.431774,,,,,,,,,,,,8.95111,7.19213,2.1353,50,5.19935,-5.71152,-127.77391,1.36319,14.71626,27.68452,-20.34972,CLE_TIG,BOC_EAG,KingsmoreStadium,D1,ACC,20260502-KingsmoreStadium-1,c0da5600-4648-11f1-868c-97266ddeb381,87.29666,,,8.21775,,,,,,,a7847587-5f2b-422e-b1cb-e44e7d195d4c,2026-05-02,17:02:50.74,2026-05-02T13:02:50.7446272-04:00,2026-05-02T17:02:50.7446272Z,,v3,471272,227,26599,"Savoie, Nate",832476,Right,CLE_TIG,5c651266-eb22-4be2-9b89-8369a1cdcc00,54.41914,-128.72784,13.84226,5.1403,2.06437,-10.17486,2.34084,-6.2186,7.35813,,,,,,,,,,,,,,,,,,,,,,,,,,,,,,,,,,,,,,,,,,,,,,,,,,,High,High,High,,,,,,,,,,,,,,,,,,,,,,,,,,,,,,,,,,,,,,,
3,2026-05-02,13:03:05.83,1,3,"Sharman, Michael",831353,Left,CLE_TIG,"Solier, Julio",827632,Right,BOC_EAG,Undefined,1,Top,0,1,1,Curveball,Curveball,InPlay,Undefined,FlyBall,Out,1,0,,74.91618,2.159611,1.659789,1942.963776,309.122333,4:15,5.19177,-2.22883,5.02761,-52.38979,-0.69862,2.91453,2.86552,-0.41939,68.45133,-7.346964,2.174275,0.517463,81.28386,36.098848,-7.455969,4184.334779,109.44546,70.885,-11.03134,289.94853,287.00359,-3.076631,5.002928,-0.97185,-0.5502,2.06755,50,5.35609,-3.25934,-108.58075,2.32259,-1.15493,19.82058,-32.82793,CLE_TIG,BOC_EAG,KingsmoreStadium,D1,ACC,20260502-KingsmoreStadium-1,c9e6c5d0-4648-11f1-868c-97266ddeb381,72.84081,83.48316,,6.46486,,,,2.2249,2.93505,0.46072,a7847587-5f2b-422e-b1cb-e44e7d195d4c,2026-05-02,17:03:05.83,2026-05-02T13:03:05.8321920-04:00,2026-05-02T17:03:05.8321920Z,FlyBall,v3,471272,227,26599,"Savoie, Nate",832476,Right,CLE_TIG,921c2482-0b1b-414a-b0f4-370551bf7976,55.47252,-109.57516,9.91029,5.19825,3.96959,-16.41396,2.22962,-3.20139,-0.57747,186.469481,2.22786,95.44839,-19.15844,4.58109,-0.67427,0.01965,0.0126,-0.00202,0.0001,2.93307,70.27557,-16.28512,0.27584,0.15595,-0.08264,0.02496,-0.00377,0.00021,0.45985,-12.48165,4.07056,-0.84111,0.10064,0.00483,-0.00343,0.00039,-1E-05,,,,,,,,,,,,,,,,,,,,,,,High,High,High,High,Medium,,,,,,,,,,,,,,,,,,,,,,,,,,,,,,,,,,,,,
4,2026-05-02,13:03:44.28,2,1,"Sharman, Michael",831353,Left,CLE_TIG,"Wang, Nick",813482,Right,BOC_EAG,Undefined,1,Top,1,0,0,FourSeamFastBall,Sinker,BallCalled,Undefined,Undefined,Undefined,0,0,,89.23633,-2.237922,5.075969,2139.586934,121.923981,10:00,5.05487,-2.29661,5.90361,-23.25737,12.23477,-17.69029,1.0301,0.95349,81.16752,-6.592777,1.915039,0.428783,,,,,,,,,,,,10.59064,7.2793,1.89812,50,4.86102,-10.72365,-129.04434,-5.81423,17.76471,28.1675,-19.96376,CLE_TIG,BOC_EAG,KingsmoreStadium,D1,ACC,20260502-KingsmoreStadium-1,e0c5b900-4648-11f1-868c-97266ddeb381,87.90566,,,8.06881,,,,,,,a7847587-5f2b-422e-b1cb-e44e7d195d4c,2026-05-02,17:03:44.28,2026-05-02T13:03:44.2891776-04:00,2026-05-02T17:03:44.2891776Z,,v3,471272,227,26599,"Savoie, Nate",832476,Right,CLE_TIG,b130cabd-fa6f-4531-b1da-174f940489b1,54.59614,-130.0437,14.08375,5.05474,-5.10593,-9.98188,2.28977,-11.35393,8.88236,,,,,,,,,,,,,,,,,,,,,,,,,,,,,,,,,,,,,,,,,,,,,,,,,,,High,High,High,,,,,,,,,,,,,,,,,,,,,,,,,,,,,,,,,,,,,,,
5,2026-05-02,13:04:02.01,2,2,"Sharman, Michael",831353,Left,CLE_TIG,"Wang, Nick",813482,Right,BOC_EAG,Undefined,1,Top,1,1,0,FourSeamFastBall,Sinker,StrikeCalled,Undefined,Undefined,Undefined,0,0,,89.45889,0.093675,3.735776,2239.759244,125.607994,10:15,5.10874,-2.27341,5.98008,-20.32288,15.10217,-19.26682,3.50218,-0.4112,80.29074,-3.783983,0.280878,0.428377,,,,,,,,,,,,10.95965,8.06752,1.98775,50,5.10497,-7.60586,-129.51817,-0.39268,18.32227,31.03934,-18.68677,CLE_TIG,BOC_EAG,KingsmoreStadium,D1,ACC,20260502-KingsmoreStadium-1,eb5c9960-4648-11f1-868c-97266ddeb381,87.98887,,,9.16815,,,,,,,a7847587-5f2b-422e-b1cb-e44e7d195d4c,2026-05-02,17:04:02.01,2026-05-02T13:04:02.0179456-04:00,2026-05-02T17:04:02.0179456Z,,v3,471272,227,26599,"Savoie, Nate",832476,Right,CLE_TIG,9f4b82d0-f115-4fd3-aa44-4f033a9a4c27,54.51526,-130.59578,15.51967,5.10734,0.25608,-9.34339,2.26284,-8.24197,9.16114,,,,,,,,,,,,,,,,,,,,,,,,,,,,,,,,,,,,,,,,,,,,,,,,,,,High,High,High,,,,,,,,,,,,,,,,,,,,,,,,,,,,,,,,,,,,,,,
6,2026-05-02,13:04:19.75,2,3,"Sharman, Michael",831353,Left,CLE_TIG,"Wang, Nick",813482,Right,BOC_EAG,Undefined,1,Top,1,1,1,TwoSeamFastBall,Sinker,StrikeSwinging,Undefined,Undefined,Undefined,0,0,,88.98661,-1.097626,4.28263,2196.301052,117.294615,10:00,5.04395,-2.30145,5.8682,-24.61273,11.09634,-19.11351,1.97032,0.09131,80.69464,-5.707928,0.863844,0.430091,,,,,,,,,,,,11.01284,6.36492,1.96508,50,4.94065,-8.82647,-128.84753,-3.2846,18.37596,28.63046,-21.55355,CLE_TIG,BOC_EAG,KingsmoreStadium,D1,ACC,20260502-KingsmoreStadium-1,f5f0e1b0-4648-11f1-868c-97266ddeb381,87.6382,,,8.29197,,,,,,,a7847587-5f2b-422e-b1cb-e44e7d195d4c,2026-05-02,17:04:19.75,2026-05-02T13:04:19.7510144-04:00,2026-05-02T17:04:19.7510144Z,,v3,471272,227,26599,"Savoie, Nate",832476,Right,CLE_TIG,f07cfc23-4ed1-4d63-b66c-f233c74d06b3,54.63015,-129.87229,14.31523,5.04441,-2.51314,-10.77678,2.29278,-9.48419,9.18798,,,,,,,,,,,,,,,,,,,,,,,,,,,,,,,,,,,,,,,,,,,,,,,,,,,High,High,High,,,,,,,,,,,,,,,,,,,,,,,,,,,,,,,,,,,,,,,
7,2026-05-02,13:04:36.05,2,4,"Sharman, Michael",831353,Left,CLE_TIG,"Wang, Nick",813482,Right,BOC_EAG,Undefined,1,Top,1,1,2,TwoSeamFastBall,Sinker,FoulBallNotFieldable,Undefined,Undefined,Undefined,0,0,,89.71753,-1.086113,4.245147,2277.890403,121.027842,10:00,5.0758,-2.1634,5.80353,-23.19257,11.99233,-17.93194,2.13007,0.29762,81.39526,-5.433769,1.042027,0.426923,74.5203,70.302566,104.312729,2731.114802,,,,,8.31371,,,10.4226,6.79244,1.8252,50,4.97266,-8.8715,-129.91713,-3.23648,17.69254,28.9441,-20.64375,CLE_TIG,BOC_EAG,KingsmoreStadium,D1,ACC,20260502-KingsmoreStadium-1,ffa55150-4648-11f1-868c-97266ddeb381,88.28861,25.42106,,8.32227,,,,1.29025,2.21682,-0.30119,a7847587-5f2b-422e-b1cb-e44e7d195d4c,2026-05-02,17:04:36.05,2026-05-02T13:04:36.0590000-04:00,2026-05-02T17:04:36.0590000Z,,v3,471272,227,26599,"Savoie, Nate",832476,Right,CLE_TIG,4e9c4a09-522f-4718-88ae-6b83e73d61a6,54.69551,-130.95906,14.47205,5.07579,-2.49334,-10.32187,2.15602,-9.50839,8.84627,342.169403,1.29234,-9.22187,-6.51021,,,,,,,2.21977,102.73939,-29.39858,,,,,,,-0.30109,35.68987,-2.57917,,,,,,,,,,,,,,,,,,,,,,,,,,,,,High,High,High,Medium,Undefined,,,,,,,,,,,,,,,,,,,,,,,,,,,,,,,,,,,,,
8,2026-05-02,13:04:58.99,2,5,"Sharman, Michael",831353,Left,CLE_TIG,"Wang, Nick",813482,Right,BOC_EAG,Undefined,1,Top,1,1,2,Curveball,Slider,StrikeSwinging,Strikeout,Undefined,Undefined,0,0,,76.15099,0.674992,2.453813,1924.569038,322.138431,4:45,5.14624,-2.17952,5.25046,-53.19759,-2.70571,3.58189,1.34799,0.42618,68.70159,-9.023105,3.08914,0.511425,,,,,,,,,,,,-0.93646,-1.01307,1.95152,50,5.16916,-4.86437,-110.19272,-0.50031,-1.12501,23.76915,-33.3911,CLE_TIG,BOC_EAG,KingsmoreStadium,D1,ACC,20260502-KingsmoreStadium-1,0d6250e0-4649-11f1-868c-97266ddeb381,73.70077,,,7.44939,,,,,,,a7847587-5f2b-422e-b1cb-e44e7d195d4c,2026-05-02,17:04:58.99,2026-05-02T13:04:58.9990000-04:00,2026-05-02T17:04:58.9990000Z,,v3,471272,227,26599,"Savoie, Nate",832476,Right,CLE_TIG,c0c32e36-5a9d-4d3b-9189-92068c655b9c,55.24628,-111.31862,11.88457,5.1554,1.08136,-16.69555,2.18067,-4.81108,-0.5625,,,,,,,,,,,,,,,,,,,,,,,,,,,,,67.66304,2.837747,1.83511,1.002637,0.99852,1.28119,-0.44877,-2.97862,5.10847,6.12786,70.68904,6.19125,54.09696,-2.88467,83.18325,-9.77904,5.18056,17.2287,-16.17875,6.11266,49.23547,-1.37345,High,High,High,,,High,Medium,High,,,,,,,,,,,,,,,,,,,,,,,,,,,,,,,,,,
9,2026-05-02,13:05:31.28,3,1,"Sharman, Michael",831353,Left,CLE_TIG,"Mainolfi, Ty",839397,Left,BOC_EAG,Undefined,1,Top,2,0,0,FourSeamFastBall,Sinker,StrikeCalled,Undefined,Undefined,Undefined,0,0,,88.06903,-0.768077,3.636347,2232.899631,125.650838,10:15,5.09602,-2.26441,5.82894,-22.25013,14.82091,-18.61655,2.52636,-0.43095,78.52235,-5.001826,0.306165,0.438217,,,,,,,,,,,,10.6669,8.2267,1.97777,50,5.02036,-7.27278,-127.36363,-2.39193,17.09401,32.1053,-18.99056,CLE_TIG,BOC_EAG,KingsmoreStadium,D1,ACC,20260502-KingsmoreStadium-1,2091f7b0-4649-11f1-868c-97266ddeb381,86.01326,,,9.54667,,,,,,,a7847587-5f2b-422e-b1cb-e44e7d195d4c,2026-05-02,17:05:31.28,2026-05-02T13:05:31.2897536-04:00,2026-05-02T17:05:31.2897536Z,,v3,471272,227,26599,"Savoie, Nate",832476,Right,CLE_TIG,4027e386-f16b-4a68-9c73-7508a0e2860d,54.66545,-128.53429,16.05265,5.09496,-1.69947,-9.49528,2.25432,-7.89609,8.547,,,,,,,,,,,,,,,,,,,,,,,,,,,,,,,,,,,,,,,,,,,,,,,,,,,High,High,High,,,,,,,,,,,,,,,,,,,,,,,,,,,,,,,,,,,,,,,
10,2026-05-02,13:05:48.19,3,2,"Sharman, Michael",831353,Left,CLE_TIG,"Mainolfi, Ty",839397,Left,BOC_EAG,Undefined,1,Top,2,0,1,Curveball,Curveball,InPlay,Undefined,Popup,Out,1,0,,75.18406,1.518802,1.083379,2014.300271,294.89645,3:45,5.19531,-2.0682,5.04001,-52.55664,-0.73945,5.58776,2.24895,-0.58042,68.08237,-8.043878,2.071134,0.518094,65.75406,77.117172,-56.80705,,,,,,25.23808,,,-2.42386,-0.34642,1.96009,50,5.29836,-2.28036,-108.88735,1.09956,-2.86355,21.96911,-32.58329,CLE_TIG,BOC_EAG,KingsmoreStadium,D1,ACC,20260502-KingsmoreStadium-1,2ab5a3e0-4649-11f1-868c-97266ddeb381,72.75216,92.84624,,7.10169,,,,1.40666,2.24753,0.58006,a7847587-5f2b-422e-b1cb-e44e7d195d4c,2026-05-02,17:05:48.19,2026-05-02T13:05:48.1925632-04:00,2026-05-02T17:05:48.1925632Z,,v3,471272,227,26599,"Savoie, Nate",832476,Right,CLE_TIG,a134127b-2caf-4dd6-bfaf-8e7691872d58,55.45801,-109.98304,10.98456,5.203,2.72463,-16.29164,2.07026,-2.13754,-1.43178,,1.40665,11.77347,-9.31248,3.36709,-0.73065,0.01589,0.0855,-0.04046,0.00664,2.24753,94.01135,-25.86787,2.78684,-0.45451,0.067,-0.01713,0.0048,-0.00071,0.58006,-17.99318,0.96668,0.05111,-0.05317,-0.00013,0.01082,-0.00523,0.00089,,,,,,,,,,,,,,,,,,,,,,,High,High,High,Low,Undefined,,,,,,,,,,,,,,,,,,,,,,,,,,,,,,,,,,,,,
11,2026-05-02,13:09:06.16,1,1,"Miller, Brady",815959,Left,BOC_EAG,"Savoie, Nate",832476,Right,CLE_TIG,Undefined,1,Bottom,0,0,0,FourSeamFastBall,Four-Seam,StrikeCalled,Undefined,Undefined,Undefined,0,0,,90.03343,-1.513104,4.015018,2335.666434,130.501816,10:15,5.88072,-1.61877,5.60739,-20.05867,16.11422,-17.05036,2.79295,0.71433,79.50459,-5.350548,0.979842,0.432876,,,,,,,,,,,,9.99875,9.11292,1.2856,50,5.73856,-8.3132,-129.89246,-4.06027,16.51116,35.67968,-17.12568,CLE_TIG,BOC_EAG,KingsmoreStadium,D1,ACC,20260502-KingsmoreStadium-1,a0a83090-4649-11f1-868c-97266ddeb381,87.07454,,,10.52883,,,,,,,a7847587-5f2b-422e-b1cb-e44e7d195d4c,2026-05-02,17:09:06.16,2026-05-02T13:09:06.1635584-04:00,2026-05-02T17:09:06.1635584Z,,v3,471272,227,26599,"Johnson, Gunnar",1000100233,Right,BOC_EAG,79f06c3a-c090-41b6-b486-4d5c799dc8c1,54.88393,-131.22715,17.83984,5.87846,-3.41964,-8.56284,1.60813,-8.93084,8.25558,,,,,,,,,,,,,,,,,,,,,,,,,,,,,,,,,,,,,,,,,,,,,,,,,,,High,High,High,,,,,,,,,,,,,,,,,,,,,,,,,,,,,,,,,,,,,,,
12,2026-05-02,13:09:21.65,1,2,"Miller, Brady",815959,Left,BOC_EAG,"Savoie, Nate",832476,Right,CLE_TIG,Undefined,1,Bottom,0,0,1,ChangeUp,Changeup,StrikeSwinging,Undefined,Undefined,Undefined,0,0,,82.73695,1.153593,3.71066,1796.760254,74.665977,8:30,5.48196,-1.95244,5.124,-46.36605,-2.99484,-17.35871,2.70711,0.10092,73.629,-7.322765,0.643612,0.473993,,,,,,,,,,,,9.87296,-1.31937,1.61719,50,5.55522,-6.96522,-119.4462,0.65885,13.84728,29.26305,-34.02455,CLE_TIG,BOC_EAG,KingsmoreStadium,D1,ACC,20260502-KingsmoreStadium-1,a9e637b0-4649-11f1-868c-97266ddeb381,79.52102,,,9.10795,,,,,,,a7847587-5f2b-422e-b1cb-e44e7d195d4c,2026-05-02,17:09:21.65,2026-05-02T13:09:21.6520192-04:00,2026-05-02T17:09:21.6520192Z,,v3,471272,227,26599,"Johnson, Gunnar",1000100233,Right,BOC_EAG,6c1ad553-0917-4148-8ee6-6a9e5060fe67,55.37116,-120.75491,14.63153,5.49173,2.18051,-17.01228,1.94254,-7.5845,6.92364,,,,,,,,,,,,,,,,,,,,,,,,,,,,,,,,,,,,,,,,,,,,,,,,,,,High,High,High,,,,,,,,,,,,,,,,,,,,,,,,,,,,,,,,,,,,,,,
13,2026-05-02,13:09:39.41,1,3,"Miller, Brady",815959,Left,BOC_EAG,"Savoie, Nate",832476,Right,CLE_TIG,Undefined,1,Bottom,0,0,2,FourSeamFastBall,Four-Seam,InPlay,Undefined,LineDrive,Double,0,0,,91.14847,-1.624345,2.997654,2371.796803,131.546591,10:30,5.93825,-1.45922,5.17193,-19.19186,16.62489,-17.03068,2.80783,-0.05492,80.50413,-5.27566,-0.014541,0.430739,114.86985,15.547348,-27.580407,2325.740136,94.60212,24.0727,-56.12735,288.17714,288.17714,-36.561809,2.471557,9.65221,9.31772,1.1937,50,5.77319,-6.07635,-131.57809,-4.38286,16.33365,36.94253,-16.4064,CLE_TIG,BOC_EAG,KingsmoreStadium,D1,ACC,20260502-KingsmoreStadium-1,b4783610-4649-11f1-868c-97266ddeb381,87.50636,26.50678,,10.64434,,,,2.35194,2.91761,0.08506,a7847587-5f2b-422e-b1cb-e44e7d195d4c,2026-05-02,17:09:39.41,2026-05-02T13:09:39.4176000-04:00,2026-05-02T17:09:39.4176000Z,LineDrive,v3,471272,227,26599,"Johnson, Gunnar",1000100233,Right,BOC_EAG,38f0cde4-e988-489b-8729-35d75bce0218,55.32299,-133.0642,18.47126,5.93622,-3.72286,-8.2032,1.45136,-6.73342,8.16682,92.883755,2.35194,143.86607,-31.43062,6.90253,-1.5294,0.28729,-0.04843,0.00608,-0.00035,2.91761,45.15712,-24.98976,3.86591,-0.8482,0.18105,-0.03155,0.00402,-0.00026,0.08507,-75.14933,-2.70402,4.17432,-1.60049,0.47391,-0.10434,0.01567,-0.00111,,,,,,,,,,,,,,,,,,,,,,,High,High,High,High,Medium,,,,,,,,,,,,,,,,,,,,,,,,,,,,,,,,,,,,,
14,2026-05-02,13:10:28.43,2,1,"Miller, Brady",815959,Left,BOC_EAG,"Gaffney, Luke",808781,Right,CLE_TIG,Undefined,1,Bottom,0,0,0,ChangeUp,Changeup,FoulBallNotFieldable,Undefined,Undefined,Undefined,0,0,,83.71021,0.040389,3.636272,1841.661552,84.568153,8:45,5.47591,-1.8563,5.5052,-41.40951,-0.28134,-18.58367,2.06297,0.0004,75.66779,-7.55853,0.327514,0.461574,66.2854,57.385269,158.259443,4814.203294,-102.88529,58.60574,38.9181,151.75682,69.96969,162.685856,3.832613,10.5791,0.24665,1.55152,50,5.45156,-6.92778,-121.20218,-1.38315,15.49322,27.10646,-31.81283,CLE_TIG,BOC_EAG,KingsmoreStadium,D1,ACC,20260502-KingsmoreStadium-1,d1b2f800-4649-11f1-868c-97266ddeb381,81.66071,66.74836,,8.04242,,,,2.30925,2.35425,0.01583,a7847587-5f2b-422e-b1cb-e44e7d195d4c,2026-05-02,17:10:28.43,2026-05-02T13:10:28.4358144-04:00,2026-05-02T17:10:28.4358144Z,Popup,v3,471272,227,26599,"Johnson, Gunnar",1000100233,Right,BOC_EAG,d035c04b-d0b0-461c-8c14-17769369814e,54.99436,-122.31405,13.55323,5.48153,-0.07823,-15.90641,1.84872,-7.56329,7.74661,4.040436,2.30776,-48.62498,-0.09465,2.34142,-1.33768,0.58664,-0.15589,0.02169,-0.00123,2.35392,81.8924,-32.05321,4.78512,-0.74768,-0.03673,0.06567,-0.01524,0.00116,0.0172,19.36569,1.37275,-2.47981,1.24667,-0.51828,0.13361,-0.01812,0.001,,,,,,,,,,,,,,,,,,,,,,,High,High,High,High,Medium,,,,,,,,,,,,,,,,,,,,,,,,,,,,,,,,,,,,,
15,2026-05-02,13:10:49.38,2,2,"Miller, Brady",815959,Left,BOC_EAG,"Gaffney, Luke",808781,Right,CLE_TIG,Undefined,1,Bottom,0,0,1,ChangeUp,Changeup,BallCalled,Undefined,Undefined,Undefined,0,0,,74.36273,2.497892,1.159851,1498.340442,108.862659,9:45,5.39374,-2.0105,5.07601,-46.26136,6.16945,-13.00965,3.89543,-2.00107,67.66523,-5.960701,-1.138714,0.521152,,,,,,,,,,,,6.75937,2.86689,1.91123,50,5.59455,-1.6669,-107.72969,3.17664,7.90651,19.53145,-28.82064,CLE_TIG,BOC_EAG,KingsmoreStadium,D1,ACC,20260502-KingsmoreStadium-1,de35a2d0-4649-11f1-868c-97266ddeb381,72.32518,,,6.69751,,,,,,,a7847587-5f2b-422e-b1cb-e44e7d195d4c,2026-05-02,17:10:49.38,2026-05-02T13:10:49.3843968-04:00,2026-05-02T17:10:49.3843968Z,,v3,471272,227,26599,"Johnson, Gunnar",1000100233,Right,BOC_EAG,ff7c2656-f652-45eb-afc8-52c9db8c2c13,55.42132,-108.70813,9.76573,5.39925,4.62043,-14.41032,2.00466,-2.06298,3.95325,,,,,,,,,,,,,,,,,,,,,,,,,,,,,,,,,,,,,,,,,,,,,,,,,,,High,High,High,,,,,,,,,,,,,,,,,,,,,,,,,,,,,,,,,,,,,,,
16,2026-05-02,13:11:07.44,2,3,"Miller, Brady",815959,Left,BOC_EAG,"Gaffney, Luke",808781,Right,CLE_TIG,Undefined,1,Bottom,0,1,1,Curveball,Sinker,BallCalled,Undefined,Undefined,Undefined,0,0,,83.5875,0.56483,1.708266,1866.146249,78.971014,8:45,5.46014,-1.92486,5.43005,-43.09136,-2.07768,-17.77284,2.39844,-1.80559,76.05456,-7.314267,-1.457997,0.460931,,,,,,,,,,,,9.40591,-0.75874,1.78593,50,5.48061,-2.85549,-121.25516,-0.37655,13.87529,25.73853,-33.2933,CLE_TIG,BOC_EAG,KingsmoreStadium,D1,ACC,20260502-KingsmoreStadium-1,e8f0fb20-4649-11f1-868c-97266ddeb381,81.7746,,,7.53294,,,,,,,a7847587-5f2b-422e-b1cb-e44e7d195d4c,2026-05-02,17:11:07.44,2026-05-02T13:11:07.4472448-04:00,2026-05-02T17:11:07.4472448Z,,v3,471272,227,26599,"Johnson, Gunnar",1000100233,Right,BOC_EAG,56446696-3ce6-43bb-b141-efa25c774c03,55.06917,-122.32645,12.86927,5.46744,1.00918,-16.64665,1.9168,-3.433,6.93764,,,,,,,,,,,,,,,,,,,,,,,,,,,,,,,,,,,,,,,,,,,,,,,,,,,High,High,High,,,,,,,,,,,,,,,,,,,,,,,,,,,,,,,,,,,,,,,
17,2026-05-02,13:11:30.70,2,4,"Miller, Brady",815959,Left,BOC_EAG,"Gaffney, Luke",808781,Right,CLE_TIG,Undefined,1,Bottom,0,2,1,Curveball,Slider,StrikeCalled,Undefined,Undefined,Undefined,0,0,,77.22267,0.745355,0.880906,2550.636347,263.063251,2:45,5.67834,-1.59934,4.84417,-45.484,3.48118,15.50725,2.59381,0.52701,70.62472,-7.492262,3.611368,0.503634,,,,,,,,,,,,-7.35642,1.99016,1.49838,50,5.71342,-2.3674,-111.9588,-0.16234,-9.2885,21.20067,-29.66118,CLE_TIG,BOC_EAG,KingsmoreStadium,D1,ACC,20260502-KingsmoreStadium-1,f6d3d230-4649-11f1-868c-97266ddeb381,74.84092,,,6.59795,,,,,,,a7847587-5f2b-422e-b1cb-e44e7d195d4c,2026-05-02,17:11:30.70,2026-05-02T13:11:30.7064320-04:00,2026-05-02T17:11:30.7064320Z,,v3,471272,227,26599,"Johnson, Gunnar",1000100233,Right,BOC_EAG,aef12af8-2286-4461-9a21-60ba7f3f20f7,55.65424,-113.02442,10.60033,5.68411,1.32854,-14.83059,1.60564,-1.90052,-4.64425,,,,,,,,,,,,,,,,,,,,,,,,,,,,,,,,,,,,,,,,,,,,,,,,,,,High,High,High,,,,,,,,,,,,,,,,,,,,,,,,,,,,,,,,,,,,,,,
18,2026-05-02,13:11:49.78,2,5,"Miller, Brady",815959,Left,BOC_EAG,"Gaffney, Luke",808781,Right,CLE_TIG,Undefined,1,Bottom,0,2,2,Curveball,Slider,BallCalled,Undefined,Undefined,Undefined,0,0,,77.36389,-0.599461,0.663565,2537.677111,259.504166,2:45,5.72906,-1.67153,4.89769,-44.88443,3.25268,9.93217,1.42164,-0.21619,71.69651,-8.683364,2.416616,0.499357,,,,,,,,,,,,-4.75292,2.17764,1.59776,50,5.63254,-1.70282,-112.3333,-2.76618,-6.11143,19.1497,-29.37401,CLE_TIG,BOC_EAG,KingsmoreStadium,D1,ACC,20260502-KingsmoreStadium-1,02355590-464a-11f1-868c-97266ddeb381,75.48192,,,5.66739,,,,,,,a7847587-5f2b-422e-b1cb-e44e7d195d4c,2026-05-02,17:11:49.78,2026-05-02T13:11:49.7850880-04:00,2026-05-02T17:11:49.7850880Z,,v3,471272,227,26599,"Johnson, Gunnar",1000100233,Right,BOC_EAG,32f6e290-ea47-4114-9573-847734cf1162,55.60268,-113.28438,9.57485,5.7337,-1.30731,-14.68701,1.67479,-1.39929,-3.05572,,,,,,,,,,,,,,,,,,,,,,,,,,,,,,,,,,,,,,,,,,,,,,,,,,,High,High,High,,,,,,,,,,,,,,,,,,,,,,,,,,,,,,,,,,,,,,,
19,2026-05-02,13:12:11.28,2,6,"Miller, Brady",815959,Left,BOC_EAG,"Gaffney, Luke",808781,Right,CLE_TIG,Undefined,1,Bottom,0,3,2,FourSeamFastBall,Sinker,BallCalled,Walk,Undefined,Undefined,0,0,,90.84644,-1.865927,4.677379,2143.99146,138.061611,10:30,5.84953,-1.47722,5.53265,-19.24151,15.38241,-12.77997,2.49544,1.83972,82.68205,-5.475341,2.409707,0.423506,,,,,,,,,,,,7.72878,8.62634,1.07875,50,5.67433,-10.16046,-131.37179,-4.93248,13.47946,28.35856,-17.1292,CLE_TIG,BOC_EAG,KingsmoreStadium,D1,ACC,20260502-KingsmoreStadium-1,0ef61ad0-464a-11f1-868c-97266ddeb381,89.00098,,,8.16439,,,,,,,a7847587-5f2b-422e-b1cb-e44e7d195d4c,2026-05-02,17:12:11.28,2026-05-02T13:12:11.2844288-04:00,2026-05-02T17:12:11.2844288Z,,v3,471272,227,26599,"Johnson, Gunnar",1000100233,Right,BOC_EAG,1e03e599-dc0d-4560-b5cd-c63618f40aaa,54.96432,-132.43908,14.17928,5.84783,-4.28781,-8.5646,1.47069,-10.66776,6.73973,,,,,,,,,,,,,,,,,,,,,,,,,,,,,,,,,,,,,,,,,,,,,,,,,,,High,High,High,,,,,,,,,,,,,,,,,,,,,,,,,,,,,,,,,,,,,,,
20,2026-05-02,13:12:46.69,3,1,"Miller, Brady",815959,Left,BOC_EAG,"Jarrell, Jacob",703447,Right,CLE_TIG,Undefined,1,Bottom,0,0,0,ChangeUp,Changeup,FoulBallNotFieldable,Undefined,Undefined,Undefined,0,0,,81.87965,0.316942,2.607836,1711.324897,79.848413,8:45,5.39846,-1.89043,5.19701,-44.30912,-1.38063,-15.46749,2.00447,-0.72472,74.92027,-7.734196,-0.134083,0.471568,,,,,,,,,,,,8.52182,-0.4224,1.661,50,5.39405,-4.76654,-118.75447,-0.95278,12.12603,23.49998,-32.7751,CLE_TIG,BOC_EAG,KingsmoreStadium,D1,ACC,20260502-KingsmoreStadium-1,241bc540-464a-11f1-868c-97266ddeb381,79.93003,,,6.95938,,,,,,,a7847587-5f2b-422e-b1cb-e44e7d195d4c,2026-05-02,17:12:46.69,2026-05-02T13:12:46.6916352-04:00,2026-05-02T17:12:46.6916352Z,,v3,471272,227,26599,"Johnson, Gunnar",1000100233,Right,BOC_EAG,520a2fe0-fbb3-456b-b096-99fee4c81a68,55.30412,-119.79949,11.74999,5.40401,0.50469,-16.38755,1.88496,-5.30576,6.06302,,,,,,,,,,,,,,,,,,,,,,,,,,,,,,,,,,,,,,,,,,,,,,,,,,,High,High,High,,,,,,,,,,,,,,,,,,,,,,,,,,,,,,,,,,,,,,,
21,2026-05-02,13:13:06.91,3,2,"Miller, Brady",815959,Left,BOC_EAG,"Jarrell, Jacob",703447,Right,CLE_TIG,Undefined,1,Bottom,0,0,1,ChangeUp,Changeup,HitByPitch,Undefined,Undefined,Undefined,0,0,,81.55282,-0.210258,5.786722,1884.560358,99.427867,9:15,5.4643,-1.80369,5.45113,-38.99045,4.27225,-16.91572,2.01725,2.22257,74.28865,-7.349522,2.794701,0.4734,,,,,,,,,,,,10.4115,2.52244,1.30403,50,5.41847,-11.28501,-117.83979,-1.74905,14.55553,23.59717,-28.64759,CLE_TIG,BOC_EAG,KingsmoreStadium,D1,ACC,20260502-KingsmoreStadium-1,3020b490-464a-11f1-868c-97266ddeb381,79.6207,,,7.26417,,,,,,,a7847587-5f2b-422e-b1cb-e44e7d195d4c,2026-05-02,17:13:06.91,2026-05-02T13:13:06.9138432-04:00,2026-05-02T17:13:06.9138432Z,,v3,471272,227,26599,"Johnson, Gunnar",1000100233,Right,BOC_EAG,a6fc253c-e3a6-442a-8931-acdb1527e1fe,55.05093,-118.84693,11.79858,5.46703,-0.52636,-14.3238,1.79893,-11.90624,7.27777,,,,,,,,,,,,,,,,,,,,,,,,,,,,,,,,,,,,,,,,,,,,,,,,,,,High,High,High,,,,,,,,,,,,,,,,,,,,,,,,,,,,,,,,,,,,,,,
22,2026-05-02,13:14:21.16,4,1,"Miller, Brady",815959,Left,BOC_EAG,"McCladdie, Tryston",812697,Left,CLE_TIG,Undefined,1,Bottom,0,0,0,Slider,Slider,StrikeSwinging,Undefined,Undefined,Undefined,0,0,,79.21758,-1.139051,1.201798,2685.857596,272.184667,3:00,5.61001,-1.78885,4.92338,-45.82121,1.095,15.30044,0.71435,0.62252,72.03497,-9.419397,3.903804,0.492984,,,,,,,,,,,,-7.21536,1.35606,1.65816,50,5.46097,-3.04297,-114.72447,-3.93251,-9.44984,24.65272,-30.39802,CLE_TIG,BOC_EAG,KingsmoreStadium,D1,ACC,20260502-KingsmoreStadium-1,5c69ae30-464a-11f1-868c-97266ddeb381,76.45773,,,7.18261,,,,,,,a7847587-5f2b-422e-b1cb-e44e7d195d4c,2026-05-02,17:14:21.16,2026-05-02T13:14:21.1667968-04:00,2026-05-02T17:14:21.1667968Z,,v3,471272,227,26599,"Johnson, Gunnar",1000100233,Right,BOC_EAG,3ac743a5-78ba-465c-b61d-1dd53e73b304,55.57547,-115.91637,12.32636,5.61557,-2.46283,-15.19901,1.79424,-2.58609,-4.72492,,,,,,,,,,,,,,,,,,,,,,,,,,,,,,,,,,,,,,,,,,,,,,,,,,,High,High,High,,,,,,,,,,,,,,,,,,,,,,,,,,,,,,,,,,,,,,,
23,2026-05-02,13:14:46.75,4,2,"Miller, Brady",815959,Left,BOC_EAG,"McCladdie, Tryston",812697,Left,CLE_TIG,Undefined,1,Bottom,0,0,1,Curveball,Slider,BallCalled,Undefined,Undefined,Undefined,0,0,,78.89877,-0.842089,2.612584,2671.287763,253.384618,2:30,5.62653,-1.98587,5.0138,-41.01191,6.68048,16.18918,1.41322,1.83072,70.94743,-8.326018,5.466712,0.497045,,,,,,,,,,,,-7.09575,4.13221,1.72146,50,5.51333,-5.87914,-114.02909,-3.0979,-9.08803,26.29181,-26.88163,CLE_TIG,BOC_EAG,KingsmoreStadium,D1,ACC,20260502-KingsmoreStadium-1,6bb208b0-464a-11f1-868c-97266ddeb381,75.83301,,,7.95134,,,,,,,a7847587-5f2b-422e-b1cb-e44e7d195d4c,2026-05-02,17:14:46.75,2026-05-02T13:14:46.7556864-04:00,2026-05-02T17:14:46.7556864Z,,v3,471272,227,26599,"Johnson, Gunnar",1000100233,Right,BOC_EAG,c7c67cde-89d2-48f8-8438-480471302a01,55.48194,-115.28614,13.14591,5.63072,-1.81265,-13.44082,1.99217,-5.44463,-4.54402,,,,,,,,,,,,,,,,,,,,,,,,,,,,,,,,,,,,,,,,,,,,,,,,,,,High,High,High,,,,,,,,,,,,,,,,,,,,,,,,,,,,,,,,,,,,,,,
24,2026-05-02,13:15:04.08,4,3,"Miller, Brady",815959,Left,BOC_EAG,"McCladdie, Tryston",812697,Left,CLE_TIG,Undefined,1,Bottom,0,1,1,Curveball,Slider,BallCalled,Undefined,Undefined,Undefined,0,0,,78.59612,-1.019169,0.542779,2665.884579,246.416525,2:15,5.57508,-2.02421,4.92867,-41.6688,6.51933,10.52319,1.13912,-0.63418,70.46033,-8.633083,2.401113,0.499622,,,,,,,,,,,,-5.01705,4.11044,1.96206,50,5.4419,-1.51826,-113.65459,-3.47728,-6.37569,26.35094,-26.95047,CLE_TIG,BOC_EAG,KingsmoreStadium,D1,ACC,20260502-KingsmoreStadium-1,76006e60-464a-11f1-868c-97266ddeb381,75.44193,,,8.1358,,,,,,,a7847587-5f2b-422e-b1cb-e44e7d195d4c,2026-05-02,17:15:04.08,2026-05-02T13:15:04.0899072-04:00,2026-05-02T17:15:04.0899072Z,,v3,471272,227,26599,"Johnson, Gunnar",1000100233,Right,BOC_EAG,8816363e-eb1b-4fb6-bb7e-c44665a58020,55.56671,-114.938,13.17547,5.5793,-2.16468,-13.47524,2.02844,-1.20774,-3.18784,,,,,,,,,,,,,,,,,,,,,,,,,,,,,,,,,,,,,,,,,,,,,,,,,,,High,High,High,,,,,,,,,,,,,,,,,,,,,,,,,,,,,,,,,,,,,,,
25,2026-05-02,13:15:23.28,4,4,"Miller, Brady",815959,Left,BOC_EAG,"McCladdie, Tryston",812697,Left,CLE_TIG,Undefined,1,Bottom,0,2,1,FourSeamFastBall,Sinker,BallCalled,Undefined,Undefined,Undefined,0,0,,91.15374,-2.105237,5.73596,2307.27998,115.565423,9:45,5.71331,-1.85661,5.28652,-24.83277,10.28816,-18.83064,1.65615,1.9786,82.30183,-6.699852,2.415187,0.426535,,,,,,,,,,,,11.09757,6.17264,1.34626,50,5.5027,-12.29982,-131.42808,-5.77871,19.2064,30.59257,-21.4911,CLE_TIG,BOC_EAG,KingsmoreStadium,D1,ACC,20260502-KingsmoreStadium-1,81680c40-464a-11f1-868c-97266ddeb381,88.36895,,,8.85191,,,,,,,a7847587-5f2b-422e-b1cb-e44e7d195d4c,2026-05-02,17:15:23.28,2026-05-02T13:15:23.2811520-04:00,2026-05-02T17:15:23.2811520Z,,v3,471272,227,26599,"Johnson, Gunnar",1000100233,Right,BOC_EAG,39d53e5b-cc4f-4661-a8ee-541b38fd4f0d,55.21014,-132.6353,15.29628,5.714,-4.93064,-10.74555,1.84658,-13.05773,9.6032,,,,,,,,,,,,,,,,,,,,,,,,,,,,,,,,,,,,,,,,,,,,,,,,,,,High,High,High,,,,,,,,,,,,,,,,,,,,,,,,,,,,,,,,,,,,,,,
26,2026-05-02,13:15:43.51,4,5,"Miller, Brady",815959,Left,BOC_EAG,"McCladdie, Tryston",812697,Left,CLE_TIG,Undefined,1,Bottom,0,3,1,FourSeamFastBall,Sinker,BallCalled,Walk,Undefined,Undefined,0,0,,91.62576,-1.7951,5.66729,2301.708438,118.009197,10:00,5.7313,-1.5896,5.24434,-23.68466,11.17568,-18.58651,2.06173,2.205,82.51634,-6.190205,2.392395,0.424949,,,,,,,,,,,,10.98737,6.51477,1.08156,50,5.54843,-12.21341,-132.11166,-5.03899,19.17584,31.42799,-20.80405,CLE_TIG,BOC_EAG,KingsmoreStadium,D1,ACC,20260502-KingsmoreStadium-1,8d786d40-464a-11f1-868c-97266ddeb381,88.69868,,,9.10941,,,,,,,a7847587-5f2b-422e-b1cb-e44e7d195d4c,2026-05-02,17:15:43.51,2026-05-02T13:15:43.5111936-04:00,2026-05-02T17:15:43.5111936Z,,v3,471272,227,26599,"Johnson, Gunnar",1000100233,Right,BOC_EAG,278325bf-e403-4617-92fd-3854e491cd05,55.25219,-133.35525,15.714,5.73154,-4.21578,-10.40202,1.57985,-12.97219,9.58792,,,,,,,,,,,,,,,,,,,,,,,,,,,,,,,,,,,,,,,,,,,,,,,,,,,High,High,High,,,,,,,,,,,,,,,,,,,,,,,,,,,,,,,,,,,,,,,
27,2026-05-02,13:16:23.09,5,1,"Miller, Brady",815959,Left,BOC_EAG,"Purify, Jarren",803905,Right,CLE_TIG,Undefined,1,Bottom,0,0,0,FourSeamFastBall,Four-Seam,BallCalled,Undefined,Undefined,Undefined,0,0,,90.95358,-2.129745,4.332276,2350.593837,136.058295,10:30,5.99263,-1.33308,5.25268,-16.41182,19.38903,-17.24383,2.61713,1.30849,80.62992,-5.285834,1.285426,0.430644,,,,,,,,,,,,10.08213,10.81977,0.94813,50,5.78539,-9.09402,-131.12184,-5.38936,17.05495,35.04772,-13.87132,CLE_TIG,BOC_EAG,KingsmoreStadium,D1,ACC,20260502-KingsmoreStadium-1,a510c560-464a-11f1-868c-97266ddeb381,87.52581,,,10.32366,,,,,,,a7847587-5f2b-422e-b1cb-e44e7d195d4c,2026-05-02,17:16:23.09,2026-05-02T13:16:23.0907904-04:00,2026-05-02T17:16:23.0907904Z,,v3,471272,227,26599,"Johnson, Gunnar",1000100233,Right,BOC_EAG,56af4730-e418-4650-b293-56265bf9eed9,55.24035,-132.51514,17.52386,5.98867,-4.83792,-6.93566,1.32313,-9.77203,8.52748,,,,,,,,,,,,,,,,,,,,,,,,,,,,,,,,,,,,,,,,,,,,,,,,,,,High,High,High,,,,,,,,,,,,,,,,,,,,,,,,,,,,,,,,,,,,,,,
28,2026-05-02,13:16:40.32,5,2,"Miller, Brady",815959,Left,BOC_EAG,"Purify, Jarren",803905,Right,CLE_TIG,Undefined,1,Bottom,0,1,0,FourSeamFastBall,Sinker,FoulBallNotFieldable,Undefined,Undefined,Undefined,0,0,,89.83096,-1.103911,2.976753,2253.903107,126.407926,10:15,5.8895,-1.60886,5.41954,-21.37257,14.61772,-17.95887,3.07287,-0.3145,80.48117,-5.131617,-0.214661,0.431782,85.60403,61.993715,40.792325,4429.917853,57.6476,138.38671,93.68429,196.31112,71.36956,63.195448,5.730452,10.08697,8.11288,1.35753,50,5.77705,-5.9492,-129.99413,-3.22997,16.90633,32.46117,-18.5764,CLE_TIG,BOC_EAG,KingsmoreStadium,D1,ACC,20260502-KingsmoreStadium-1,af508510-464a-11f1-868c-97266ddeb381,87.29514,138.39701,,9.34979,,,,2.06286,3.19803,0.3302,a7847587-5f2b-422e-b1cb-e44e7d195d4c,2026-05-02,17:16:40.32,2026-05-02T13:16:40.3258880-04:00,2026-05-02T17:16:40.3258880Z,Popup,v3,471272,227,26599,"Johnson, Gunnar",1000100233,Right,BOC_EAG,b20c9ebd-174f-49ba-9224-94dd6482bb9e,55.07812,-131.25608,16.23059,5.88858,-2.50781,-9.2882,1.60158,-6.60644,8.45316,205.212748,2.06184,44.51968,-16.4973,3.16981,0.85871,-0.76734,0.21219,-0.02663,0.00128,3.21684,110.49909,-27.29808,1.3637,0.93429,-0.52693,0.12404,-0.01427,0.00065,0.34394,38.31652,-0.01174,-1.24863,0.43595,-0.0361,-0.01469,0.00362,-0.00023,,,,,,,,,,,,,,,,,,,,,,,High,High,High,High,Low,,,,,,,,,,,,,,,,,,,,,,,,,,,,,,,,,,,,,
29,2026-05-02,13:17:08.20,5,3,"Miller, Brady",815959,Left,BOC_EAG,"Purify, Jarren",803905,Right,CLE_TIG,Undefined,1,Bottom,0,1,1,Curveball,Slider,InPlay,Undefined,FlyBall,Out,1,1,,78.76904,0.053275,1.04534,2613.600045,258.452424,2:30,5.6576,-1.67154,5.04536,-42.87061,4.47567,13.36174,2.13531,0.42808,71.12944,-7.775155,3.407407,0.495238,87.41587,32.950359,7.611901,3753.497731,107.84499,61.7484,21.66663,321.55776,310.36317,19.448519,4.854845,-6.3313,2.65158,1.56048,50,5.62875,-2.62776,-114.07504,-1.38279,-8.17397,24.94541,-28.75074,CLE_TIG,BOC_EAG,KingsmoreStadium,D1,ACC,20260502-KingsmoreStadium-1,bffc1910-464a-11f1-868c-97266ddeb381,76.10968,78.02054,,7.6396,,,,2.43687,2.28207,-0.3738,a7847587-5f2b-422e-b1cb-e44e7d195d4c,2026-05-02,17:17:08.20,2026-05-02T13:17:08.2081280-04:00,2026-05-02T17:17:08.2081280Z,FlyBall,v3,471272,227,26599,"Johnson, Gunnar",1000100233,Right,BOC_EAG,5ab2608a-e82d-421c-b85b-f9c82ababd3a,55.45268,-115.26124,12.4727,5.66199,-0.01564,-14.37537,1.67619,-2.23907,-4.08699,213.941334,2.43864,106.60322,-19.90037,4.33041,-0.7953,0.12708,-0.02,0.00264,-0.00016,2.28264,69.7148,-17.84733,0.80088,0.1876,-0.16502,0.05163,-0.00742,0.0004,-0.37445,14.26333,4.83105,-1.55691,0.39719,-0.08651,0.01523,-0.00177,9E-05,,,,,,,,,,,,,,,,,,,,,,,High,High,High,High,Medium,,,,,,,,,,,,,,,,,,,,,,,,,,,,,,,,,,,,,
30,2026-05-02,13:17:58.28,6,1,"Miller, Brady",815959,Left,BOC_EAG,"Lichtenberger, Tyler",838054,Left,CLE_TIG,Undefined,1,Bottom,1,0,0,Fastball,Sinker,InPlay,Undefined,Bunt,Single,0,1,,90.79083,-0.758259,2.439871,2072.404314,106.768869,9:30,5.80744,-1.65928,5.12796,-28.11092,7.1287,-19.59127,2.75004,-0.99258,82.25036,-5.92489,-1.026867,0.427255,42.41829,-21.20628,16.568687,,,,,8.49491,8.38639,19.158466,0.109762,10.54469,4.12158,1.44622,50,5.71466,-4.68673,-131.54915,-2.83608,18.28931,30.56262,-25.02532,CLE_TIG,BOC_EAG,KingsmoreStadium,D1,ACC,20260502-KingsmoreStadium-1,ddceae30-464a-11f1-868c-97266ddeb381,88.22005,2.73062,,8.54047,,,,1.96261,2.73062,0.98434,a7847587-5f2b-422e-b1cb-e44e7d195d4c,2026-05-02,17:17:58.28,2026-05-02T13:17:58.2866432-04:00,2026-05-02T17:17:58.2866432Z,GroundBall,v3,471272,227,26599,"Johnson, Gunnar",1000100233,Right,BOC_EAG,e209ac13-ac82-496e-a8eb-31559c3f085c,55.37142,-132.79121,15.28131,5.80925,-1.81905,-12.51266,1.65179,-5.43001,9.14466,359.971087,1.96252,55.60346,-3.41648,,,,,,,2.73063,-22.50556,-21.61281,,,,,,,0.98431,16.54303,-1.01296,,,,,,,,,,,,,,,,,,,,,,,,,,,,,High,High,High,High,High,,,,,,,,,,,,,,,,,,,,,,,,,,,,,,,,,,,,,
31,2026-05-02,13:18:42.51,7,1,"Miller, Brady",815959,Left,BOC_EAG,"Crighton, Jack",702680,Right,CLE_TIG,Undefined,1,Bottom,1,0,0,ChangeUp,Changeup,BallCalled,Undefined,Undefined,Undefined,0,0,,82.92727,0.733042,1.436996,1666.510168,86.898121,9:00,5.45444,-1.97413,5.37797,-41.59195,0.42441,-19.93088,2.67589,-2.28763,74.93898,-6.89733,-2.109505,0.466531,,,,,,,,,,,,10.37127,0.47764,1.85965,50,5.49118,-2.15223,-120.19841,0.03507,14.93676,26.68155,-31.48613,CLE_TIG,BOC_EAG,KingsmoreStadium,D1,ACC,20260502-KingsmoreStadium-1,f82f2700-464a-11f1-868c-97266ddeb381,80.79297,,,7.98829,,,,,,,a7847587-5f2b-422e-b1cb-e44e7d195d4c,2026-05-02,17:18:42.51,2026-05-02T13:18:42.5123328-04:00,2026-05-02T17:18:42.5123328Z,,v3,471272,227,26599,"Johnson, Gunnar",1000100233,Right,BOC_EAG,c20dcc0a-d3c3-4740-bfa4-ebed263fd711,55.11958,-121.32953,13.34077,5.4614,1.36987,-15.74306,1.96431,-2.78545,7.46838,,,,,,,,,,,,,,,,,,,,,,,,,,,,,,,,,,,,,,,,,,,,,,,,,,,High,High,High,,,,,,,,,,,,,,,,,,,,,,,,,,,,,,,,,,,,,,,
32,2026-05-02,13:19:00.90,7,2,"Miller, Brady",815959,Left,BOC_EAG,"Crighton, Jack",702680,Right,CLE_TIG,Undefined,1,Bottom,1,1,0,FourSeamFastBall,Sinker,BallCalled,Undefined,Undefined,Undefined,0,0,,90.82562,-1.089249,4.007375,2223.850623,134.951158,10:30,5.94929,-1.28302,5.36207,-19.19414,15.87824,-14.64591,3.32573,1.26047,81.9236,-4.705502,1.412989,0.42624,,,,,,,,,,,,8.52701,8.64571,0.9332,50,5.83804,-8.51061,-131.34919,-3.14731,14.7368,30.60949,-17.23207,CLE_TIG,BOC_EAG,KingsmoreStadium,D1,ACC,20260502-KingsmoreStadium-1,031efcd0-464b-11f1-868c-97266ddeb381,88.43012,,,8.90202,,,,,,,a7847587-5f2b-422e-b1cb-e44e7d195d4c,2026-05-02,17:19:00.90,2026-05-02T13:19:00.9068032-04:00,2026-05-02T17:19:00.9068032Z,,v3,471272,227,26599,"Johnson, Gunnar",1000100233,Right,BOC_EAG,8555ebb0-f681-43b9-97d8-5ff83c81940c,55.13391,-132.54019,15.30474,5.94745,-2.47681,-8.61604,1.2755,-9.08401,7.3684,,,,,,,,,,,,,,,,,,,,,,,,,,,,,,,,,,,,,,,,,,,,,,,,,,,High,High,High,,,,,,,,,,,,,,,,,,,,,,,,,,,,,,,,,,,,,,,
33,2026-05-02,13:19:38.82,7,3,"Miller, Brady",815959,Left,BOC_EAG,"Crighton, Jack",702680,Right,CLE_TIG,Undefined,1,Bottom,1,2,0,FourSeamFastBall,Four-Seam,StrikeCalled,Undefined,Undefined,Undefined,0,0,,89.91506,-2.315762,3.704033,2261.088332,137.672826,10:30,6.02085,-1.56614,5.4797,-19.69477,16.1178,-13.45772,2.20709,0.78301,80.89281,-6.032255,1.312976,0.430714,,,,,,,,,,,,7.963,9.2493,1.25009,50,5.80422,-7.79968,-129.96497,-5.90874,13.40187,31.3036,-16.60736,CLE_TIG,BOC_EAG,KingsmoreStadium,D1,ACC,20260502-KingsmoreStadium-1,19c21f80-464b-11f1-868c-97266ddeb381,87.51147,,,9.02225,,,,,,,a7847587-5f2b-422e-b1cb-e44e7d195d4c,2026-05-02,17:19:38.82,2026-05-02T13:19:38.8290000-04:00,2026-05-02T17:19:38.8290000Z,,v3,471272,227,26599,"Johnson, Gunnar",1000100233,Right,BOC_EAG,f8ac8051-b908-4bb5-9c8f-4ef32f52b9b1,55.01643,-131.16768,15.6518,6.01898,-5.27068,-8.30368,1.55965,-8.31458,6.70093,,,,,,,,,,,,,,,,,,,,,,,,,,,,,76.77709,,0.725709,,0.10419,2.06711,-0.81242,-0.35959,5.38905,-4.78557,,,,-0.35487,81.20322,-5.7381,5.39572,-1.02792,-13.87476,-4.80111,-77.52093,11.40991,High,High,High,,,High,High,Low,,,,,,,,,,,,,,,,,,,,,,,,,,,,,,,,,,
34,2026-05-02,13:21:18.08,7,4,"Miller, Brady",815959,Left,BOC_EAG,"Crighton, Jack",702680,Right,CLE_TIG,Undefined,1,Bottom,1,3,1,ChangeUp,Changeup,BallCalled,Walk,Undefined,Undefined,0,0,,82.19247,0.798357,1.987429,1838.944238,67.928265,8:15,5.46779,-1.76017,5.32038,-47.78286,-4.84516,-15.7819,2.23561,-1.20946,74.28299,-7.921297,-0.818769,0.471618,,,,,,,,,,,,8.51331,-2.1889,1.59189,50,5.50585,-3.45791,-119.09105,-0.09266,12.01714,26.52096,-35.26383,CLE_TIG,BOC_EAG,KingsmoreStadium,D1,ACC,20260502-KingsmoreStadium-1,54eb6300-464b-11f1-868c-97266ddeb381,79.92147,,,7.90949,,,,,,,a7847587-5f2b-422e-b1cb-e44e7d195d4c,2026-05-02,17:21:18.08,2026-05-02T13:21:18.0800000-04:00,2026-05-02T17:21:18.0800000Z,,v3,471272,227,26599,"Johnson, Gunnar",1000100233,Right,BOC_EAG,3e66e990-064e-461a-b2c1-050728c5a06c,55.17816,-120.23867,13.26048,5.47684,1.43328,-17.63192,1.75277,-3.97792,6.00857,,,,,,,,,,,,,,,,,,,,,,,,,,,,,,,,,,,,,,,,,,,,,,,,,,,High,High,High,,,,,,,,,,,,,,,,,,,,,,,,,,,,,,,,,,,,,,,
35,2026-05-02,13:22:42.77,8,1,"Miller, Brady",815959,Left,BOC_EAG,"Fultz, Jason",828238,Right,CLE_TIG,Undefined,1,Bottom,1,0,0,FourSeamFastBall,Sinker,BallCalled,Undefined,Undefined,Undefined,0,0,,91.09737,-1.152378,4.387622,2269.628559,133.121486,10:30,5.94818,-1.21778,5.52038,-19.5284,15.50127,-15.09591,3.24006,1.63455,81.38038,-4.857358,1.707615,0.42598,,,,,,,,,,,,9.24276,8.62331,0.84606,50,5.83512,-9.42925,-131.63038,-3.29843,15.84633,33.88389,-17.38976,CLE_TIG,BOC_EAG,KingsmoreStadium,D1,ACC,20260502-KingsmoreStadium-1,87559360-464b-11f1-868c-97266ddeb381,88.48403,,,9.71698,,,,,,,a7847587-5f2b-422e-b1cb-e44e7d195d4c,2026-05-02,17:22:42.77,2026-05-02T13:22:42.7740672-04:00,2026-05-02T17:22:42.7740672Z,,v3,471272,227,26599,"Johnson, Gunnar",1000100233,Right,BOC_EAG,866d475e-8574-4e41-8a29-ed91769f88d6,54.97815,-132.90567,16.94195,5.94694,-2.64394,-8.69488,1.21217,-10.02565,7.92316,,,,,,,,,,,,,,,,,,,,,,,,,,,,,,,,,,,,,,,,,,,,,,,,,,,High,High,High,,,,,,,,,,,,,,,,,,,,,,,,,,,,,,,,,,,,,,,
36,2026-05-02,13:23:02.41,8,2,"Miller, Brady",815959,Left,BOC_EAG,"Fultz, Jason",828238,Right,CLE_TIG,Undefined,1,Bottom,1,1,0,FourSeamFastBall,Sinker,StrikeCalled,Undefined,Undefined,Undefined,0,0,,90.76433,-1.766467,4.002792,2135.164931,130.623045,10:15,5.8006,-1.64701,5.46584,-16.95151,18.29985,-19.75367,2.73013,0.45925,81.27524,-5.008188,0.495506,0.427326,,,,,,,,,,,,11.19729,10.15441,1.30798,50,5.63368,-8.25282,-131.16085,-4.57472,19.14339,32.54743,-14.81363,CLE_TIG,BOC_EAG,KingsmoreStadium,D1,ACC,20260502-KingsmoreStadium-1,9311b9e0-464b-11f1-868c-97266ddeb381,88.20531,,,9.48909,,,,,,,a7847587-5f2b-422e-b1cb-e44e7d195d4c,2026-05-02,17:23:02.41,2026-05-02T13:23:02.4157696-04:00,2026-05-02T17:23:02.4157696Z,,v3,471272,227,26599,"Johnson, Gunnar",1000100233,Right,BOC_EAG,5ad9bffc-2d05-4f78-a5e5-6d70bd1112a8,55.02999,-132.40316,16.27371,5.79751,-4.0093,-7.40681,1.63693,-8.98351,9.57169,,,,,,,,,,,,,,,,,,,,,,,,,,,,,,,,,,,,,,,,,,,,,,,,,,,High,High,High,,,,,,,,,,,,,,,,,,,,,,,,,,,,,,,,,,,,,,,
37,2026-05-02,13:23:19.69,8,3,"Miller, Brady",815959,Left,BOC_EAG,"Fultz, Jason",828238,Right,CLE_TIG,Undefined,1,Bottom,1,1,1,FourSeamFastBall,Sinker,StrikeSwinging,Undefined,Undefined,Undefined,0,0,,90.35408,-1.263692,3.918184,2101.117133,130.94283,10:15,5.91031,-1.63904,5.42763,-19.09068,16.5256,-17.47607,3.13289,0.58008,80.89736,-4.885442,0.81745,0.429532,,,,,,,,,,,,10.01386,9.09119,1.30345,50,5.78529,-8.12378,-130.58376,-3.50479,16.96663,32.30838,-16.77073,CLE_TIG,BOC_EAG,KingsmoreStadium,D1,ACC,20260502-KingsmoreStadium-1,9d5fd170-464b-11f1-868c-97266ddeb381,87.7523,,,9.45672,,,,,,,a7847587-5f2b-422e-b1cb-e44e7d195d4c,2026-05-02,17:23:19.69,2026-05-02T13:23:19.6983296-04:00,2026-05-02T17:23:19.6983296Z,,v3,471272,227,26599,"Johnson, Gunnar",1000100233,Right,BOC_EAG,ddb5fe89-1c9d-4612-9c2f-973d5561de1f,55.06756,-131.83158,16.15419,5.90815,-2.85707,-8.38537,1.62987,-8.77907,8.48331,,,,,,,,,,,,,,,,,,,,,,,,,,,,,,,,,,,,,,,,,,,,,,,,,,,High,High,High,,,,,,,,,,,,,,,,,,,,,,,,,,,,,,,,,,,,,,,
38,2026-05-02,13:23:37.65,8,4,"Miller, Brady",815959,Left,BOC_EAG,"Fultz, Jason",828238,Right,CLE_TIG,Undefined,1,Bottom,1,1,2,FourSeamFastBall,Sinker,BallCalled,Undefined,Undefined,Undefined,0,0,,90.48306,-0.405257,1.977375,2022.417513,128.633172,10:15,5.88667,-1.42045,5.25318,-20.98072,14.28162,-16.34733,3.75726,-0.92399,81.88834,-4.329309,-0.920819,0.427392,,,,,,,,,,,,8.7152,7.60453,1.2515,50,5.83443,-3.7538,-131.13785,-1.66776,15.04784,29.92741,-19.0439,CLE_TIG,BOC_EAG,KingsmoreStadium,D1,ACC,20260502-KingsmoreStadium-1,a811daf0-464b-11f1-868c-97266ddeb381,88.19163,,,8.59472,,,,,,,a7847587-5f2b-422e-b1cb-e44e7d195d4c,2026-05-02,17:23:37.65,2026-05-02T13:23:37.6545280-04:00,2026-05-02T17:23:37.6545280Z,,v3,471272,227,26599,"Johnson, Gunnar",1000100233,Right,BOC_EAG,4c8e8836-77d7-483f-ba6c-a28c5645eab9,55.2436,-132.32909,14.96371,5.88573,-0.90972,-9.52195,1.41284,-4.35277,7.52392,,,,,,,,,,,,,,,,,,,,,,,,,,,,,,,,,,,,,,,,,,,,,,,,,,,High,High,High,,,,,,,,,,,,,,,,,,,,,,,,,,,,,,,,,,,,,,,
39,2026-05-02,13:23:58.08,8,5,"Miller, Brady",815959,Left,BOC_EAG,"Fultz, Jason",828238,Right,CLE_TIG,Undefined,1,Bottom,1,2,2,Curveball,Slider,InPlay,Undefined,LineDrive,Single,0,2,,78.57435,-0.387276,0.187549,2448.356304,254.391548,2:30,5.7467,-1.65655,5.16838,-41.29549,5.7726,14.72568,1.94093,-0.2529,71.37247,-7.936061,2.798467,0.493781,77.43369,22.572317,28.994209,4613.285279,91.42901,31.15235,61.16113,229.93853,208.76334,38.884538,2.971426,-7.30788,3.46331,1.6272,50,5.67935,-0.96883,-113.90154,-2.17772,-9.46674,23.6394,-27.68764,CLE_TIG,BOC_EAG,KingsmoreStadium,D1,ACC,20260502-KingsmoreStadium-1,b44b95e0-464b-11f1-868c-97266ddeb381,76.33426,31.71023,,7.20188,,,,1.11233,1.82553,0.19309,a7847587-5f2b-422e-b1cb-e44e7d195d4c,2026-05-02,17:23:58.08,2026-05-02T13:23:58.0827648-04:00,2026-05-02T17:23:58.0827648Z,LineDrive,v3,471272,227,26599,"Johnson, Gunnar",1000100233,Right,BOC_EAG,27197168-a7fa-4868-87a7-5c277ed6516a,55.32977,-115.00238,11.8197,5.75074,-0.88837,-13.84382,1.66205,-0.52798,-4.73337,232.373493,1.11235,91.72478,-18.42516,4.32025,-0.87343,0.1277,-0.00898,-0.00114,0.00028,1.82548,43.59583,-16.81755,0.69162,-0.04783,0.04255,-0.02586,0.00772,-0.00085,0.19309,50.83249,0.20771,-0.90518,0.36597,-0.10065,0.02101,-0.00281,0.00018,,,,,,,,,,,,,,,,,,,,,,,High,High,High,High,Medium,,,,,,,,,,,,,,,,,,,,,,,,,,,,,,,,,,,,,
40,2026-05-02,13:24:46.17,9,1,"Miller, Brady",815959,Left,BOC_EAG,"Clavon, Bryce",815366,Right,CLE_TIG,Undefined,1,Bottom,1,0,0,FourSeamFastBall,Sinker,InPlay,Undefined,Bunt,Single,0,1,,90.20358,-2.530494,2.125823,2137.076074,142.676944,10:45,6.02398,-1.40699,5.52859,-14.76942,20.77072,-14.79772,2.42446,-0.65195,80.89348,-5.382661,-0.510562,0.429073,,,,,,,,,,,,8.21103,11.73485,1.23252,50,5.79464,-4.18048,-130.533,-6.19231,13.88531,32.57111,-12.32977,CLE_TIG,BOC_EAG,KingsmoreStadium,D1,ACC,20260502-KingsmoreStadium-1,d0e90660-464b-11f1-868c-97266ddeb381,87.84626,,,9.3101,,,,,,,a7847587-5f2b-422e-b1cb-e44e7d195d4c,2026-05-02,17:24:46.17,2026-05-02T13:24:46.1784064-04:00,2026-05-02T17:24:46.1784064Z,,v3,471272,227,26599,"Johnson, Gunnar",1000100233,Right,BOC_EAG,8a70799f-99ac-4a7e-8f2e-2373dce1b8ea,54.96844,-131.76691,16.28555,6.02038,-5.72522,-6.16489,1.40086,-4.7065,6.94266,,,,,,,,,,,,,,,,,,,,,,,,,,,,,,,,,,,,,,,,,,,,,,,,,,,High,High,High,,,,,,,,,,,,,,,,,,,,,,,,,,,,,,,,,,,,,,,
41,2026-05-02,13:25:37.09,10,1,"Miller, Brady",815959,Left,BOC_EAG,"Savoie, Nate",832476,Right,CLE_TIG,Undefined,1,Bottom,1,0,0,FourSeamFastBall,Sinker,FoulBallNotFieldable,Undefined,Undefined,Undefined,0,0,,90.95965,-1.184377,3.075024,2345.1548,125.131646,10:15,5.97149,-1.35746,5.54784,-19.68623,15.00946,-19.55446,3.22243,-0.11066,82.01753,-4.900882,-0.407734,0.423945,82.2956,65.734986,111.438306,5096.937821,,,,,15.71264,,,10.85028,8.31394,1.10444,50,5.85617,-6.18897,-131.73768,-3.37946,18.81855,31.40164,-17.75448,CLE_TIG,BOC_EAG,KingsmoreStadium,D1,ACC,20260502-KingsmoreStadium-1,ef4a6e00-464b-11f1-868c-97266ddeb381,88.90888,36.42502,,8.94212,,,,1.5545,3.09736,0.06066,a7847587-5f2b-422e-b1cb-e44e7d195d4c,2026-05-02,17:25:37.09,2026-05-02T13:25:37.0929664-04:00,2026-05-02T17:25:37.0929664Z,,v3,471272,227,26599,"Johnson, Gunnar",1000100233,Right,BOC_EAG,0da4eead-4533-4e4d-af98-7e3776ef305c,54.95021,-132.9124,15.70082,5.97017,-2.71527,-8.87724,1.34913,-6.89296,9.40928,336.695911,1.56275,-18.45785,-7.19818,,,,,,,3.10964,109.55267,-33.91714,,,,,,,0.06532,45.98679,-8.54214,,,,,,,,,,,,,,,,,,,,,,,,,,,,,High,High,High,High,Undefined,,,,,,,,,,,,,,,,,,,,,,,,,,,,,,,,,,,,,
42,2026-05-02,13:25:58.74,10,2,"Miller, Brady",815959,Left,BOC_EAG,"Savoie, Nate",832476,Right,CLE_TIG,Undefined,1,Bottom,1,0,1,Curveball,Slider,StrikeCalled,Undefined,Undefined,Undefined,0,0,,77.82367,-0.041486,-0.271463,2589.56309,247.823573,2:15,5.73492,-1.57867,4.9774,-40.15766,8.35619,16.14139,2.34927,-0.48994,70.31851,-7.393101,2.57949,0.501308,,,,,,,,,,,,-8.00969,4.68929,1.5912,50,5.69887,-0.14711,-112.69355,-1.465,-10.12795,23.67768,-26.24459,CLE_TIG,BOC_EAG,KingsmoreStadium,D1,ACC,20260502-KingsmoreStadium-1,fc377360-464b-11f1-868c-97266ddeb381,75.18823,,,7.50516,,,,,,,a7847587-5f2b-422e-b1cb-e44e7d195d4c,2026-05-02,17:25:58.74,2026-05-02T13:25:58.7455488-04:00,2026-05-02T17:25:58.7455488Z,,v3,471272,227,26599,"Johnson, Gunnar",1000100233,Right,BOC_EAG,d40282a9-6c0c-4c1b-ae48-ffcfa8e8f9a5,55.51781,-113.84697,11.83884,5.73909,-0.18653,-13.12229,1.58636,0.34626,-5.06398,,,,,,,,,,,,,,,,,,,,,,,,,,,,,,,,,,,,,,,,,,,,,,,,,,,High,High,High,,,,,,,,,,,,,,,,,,,,,,,,,,,,,,,,,,,,,,,
43,2026-05-02,13:26:17.17,10,3,"Miller, Brady",815959,Left,BOC_EAG,"Savoie, Nate",832476,Right,CLE_TIG,Undefined,1,Bottom,1,0,2,ChangeUp,Sinker,BallCalled,Undefined,Undefined,Undefined,0,0,,83.55059,-0.565054,2.201484,1826.053825,73.631498,8:30,5.44705,-1.7805,5.30324,-46.22668,-4.30567,-20.16887,1.06397,-1.39356,75.11715,-8.996656,-1.387135,0.466001,,,,,,,,,,,,10.84646,-1.4711,1.59563,50,5.36236,-3.77426,-120.95133,-2.91161,15.65538,29.22997,-34.2974,CLE_TIG,BOC_EAG,KingsmoreStadium,D1,ACC,20260502-KingsmoreStadium-1,0730bf10-464c-11f1-868c-97266ddeb381,80.88481,,,8.43344,,,,,,,a7847587-5f2b-422e-b1cb-e44e7d195d4c,2026-05-02,17:26:17.17,2026-05-02T13:26:17.1713536-04:00,2026-05-02T17:26:17.1713536Z,,v3,471272,227,26599,"Johnson, Gunnar",1000100233,Right,BOC_EAG,66bf6e2f-e669-4fca-8d6b-462e2901ab8c,55.19495,-122.20033,14.61499,5.45546,-1.44608,-17.1487,1.7712,-4.44321,7.82769,,,,,,,,,,,,,,,,,,,,,,,,,,,,,,,,,,,,,,,,,,,,,,,,,,,High,High,High,,,,,,,,,,,,,,,,,,,,,,,,,,,,,,,,,,,,,,,
44,2026-05-02,13:26:37.88,10,4,"Miller, Brady",815959,Left,BOC_EAG,"Savoie, Nate",832476,Right,CLE_TIG,Undefined,1,Bottom,1,1,2,FourSeamFastBall,Four-Seam,InPlay,Undefined,FlyBall,HomeRun,0,4,,90.57129,-0.914412,2.503643,2367.516323,133.033061,10:30,5.9245,-1.26427,5.59327,-17.8841,17.6454,-17.32623,3.57949,-0.36899,80.235,-4.357197,-0.58607,0.429009,108.68467,20.902007,-8.554146,1253.251749,108.75262,40.43478,-16.51807,398.51171,394.34475,-8.502477,4.2178,9.69819,9.66741,1.06109,50,5.83504,-4.93817,-130.9892,-2.63356,16.31665,35.82513,-15.90925,CLE_TIG,BOC_EAG,KingsmoreStadium,D1,ACC,20260502-KingsmoreStadium-1,137ddaf0-464c-11f1-868c-97266ddeb381,87.85941,58.76486,,10.33628,,,,1.57269,3.56167,0.37591,a7847587-5f2b-422e-b1cb-e44e7d195d4c,2026-05-02,17:26:37.88,2026-05-02T13:26:37.8823168-04:00,2026-05-02T17:26:37.8823168Z,LineDrive,v3,471272,227,26599,"Johnson, Gunnar",1000100233,Right,BOC_EAG,438560e4-630f-4e77-9da0-e44aaba5ada0,54.90189,-132.32306,17.91257,5.92207,-2.04122,-7.95463,1.25625,-5.54568,8.15832,170.907369,1.57284,147.25179,-26.85075,6.43155,-1.42806,0.30911,-0.0568,0.00681,-0.00036,3.56179,56.86981,-15.45312,0.29363,0.16245,-0.08603,0.02119,-0.00226,7E-05,0.37605,-22.15426,2.26497,0.04872,-0.1064,0.04207,-0.01031,0.00145,-9E-05,,,,,,,,,,,,,,,,,,,,,,,High,High,High,High,High,,,,,,,,,,,,,,,,,,,,,,,,,,,,,,,,,,,,,
45,2026-05-02,13:31:38.14,11,1,"Mitchell, John D.",815503,Right,BOC_EAG,"Gaffney, Luke",808781,Right,CLE_TIG,Undefined,1,Bottom,1,0,0,ChangeUp,Slider,BallCalled,Undefined,Undefined,Undefined,0,0,,84.29168,-1.367234,-2.495332,2960.264558,66.296381,8:15,5.21154,2.26837,5.14171,-44.26947,-3.05264,-10.31697,0.2336,-0.94241,76.52796,-9.37387,-4.322322,0.462071,,,,,,,,,,,,4.3663,-0.73543,-2.02606,50,5.04902,5.75777,-122.01854,-4.57608,6.45558,28.33268,-33.26138,CLE_TIG,BOC_EAG,KingsmoreStadium,D1,ACC,20260502-KingsmoreStadium-1,c67c9bf0-464c-11f1-868c-97266ddeb381,81.57282,,,7.76372,,,,,,,a7847587-5f2b-422e-b1cb-e44e7d195d4c,2026-05-02,17:31:38.14,2026-05-02T13:31:38.1460480-04:00,2026-05-02T17:31:38.1460480Z,,v3,471272,227,26599,"Johnson, Gunnar",1000100233,Right,BOC_EAG,5379eeac-1ee7-4e53-beb0-879966696792,55.35798,-123.25639,14.16634,5.2172,-3.1229,-16.63069,-2.27145,5.47573,3.22779,,,,,,,,,,,,,,,,,,,,,,,,,,,,,,,,,,,,,,,,,,,,,,,,,,,High,High,High,,,,,,,,,,,,,,,,,,,,,,,,,,,,,,,,,,,,,,,
46,2026-05-02,13:31:55.04,11,2,"Mitchell, John D.",815503,Right,BOC_EAG,"Gaffney, Luke",808781,Right,CLE_TIG,Undefined,1,Bottom,1,1,0,FourSeamFastBall,Four-Seam,StrikeCalled,Undefined,Undefined,Undefined,0,0,,93.20113,-3.026329,-1.452936,2404.482785,206.025692,12:45,6.00356,1.2749,6.20737,-13.07371,19.20895,8.80335,2.11735,0.6672,84.05329,-5.575048,0.136253,0.408937,,,,,,,,,,,,-5.01189,11.25138,-1.17005,50,5.76951,3.04594,-135.06948,-7.46552,-9.12024,33.52801,-11.69963,CLE_TIG,BOC_EAG,KingsmoreStadium,D1,ACC,20260502-KingsmoreStadium-1,d0880530-464c-11f1-868c-97266ddeb381,92.17185,,,9.14783,,,,,,,a7847587-5f2b-422e-b1cb-e44e7d195d4c,2026-05-02,17:31:55.04,2026-05-02T13:31:55.0413824-04:00,2026-05-02T17:31:55.0413824Z,,v3,471272,227,26599,"Johnson, Gunnar",1000100233,Right,BOC_EAG,bc989fdb-266e-4796-b38a-f9817294b119,54.28912,-136.12999,16.764,5.9998,-7.09545,-5.84982,-1.27095,3.33442,-4.56012,,,,,,,,,,,,,,,,,,,,,,,,,,,,,,,,,,,,,,,,,,,,,,,,,,,High,High,High,,,,,,,,,,,,,,,,,,,,,,,,,,,,,,,,,,,,,,,
47,2026-05-02,13:32:11.80,11,3,"Mitchell, John D.",815503,Right,BOC_EAG,"Gaffney, Luke",808781,Right,CLE_TIG,Undefined,1,Bottom,1,1,1,ChangeUp,Slider,BallCalled,Undefined,Undefined,Undefined,0,0,,84.65099,0.31853,-0.230852,2963.457835,75.250281,8:30,5.35736,2.13154,5.29901,-41.88762,-1.43732,-10.95422,2.16578,1.00195,76.55144,-7.337718,-2.177981,0.457754,,,,,,,,,,,,5.40603,-0.40161,-2.10226,50,5.35596,0.97139,-122.7127,-0.87761,8.10638,28.04381,-32.77628,CLE_TIG,BOC_EAG,KingsmoreStadium,D1,ACC,20260502-KingsmoreStadium-1,da8df030-464c-11f1-868c-97266ddeb381,82.34211,,,8.09955,,,,,,,a7847587-5f2b-422e-b1cb-e44e7d195d4c,2026-05-02,17:32:11.80,2026-05-02T13:32:11.8089728-04:00,2026-05-02T17:32:11.8089728Z,,v3,471272,227,26599,"Johnson, Gunnar",1000100233,Right,BOC_EAG,5c9c5cc1-e408-45cc-9303-8e6314d2a2ac,55.19892,-123.89512,14.0219,5.36383,0.50435,-16.38814,-2.13601,0.6296,4.05319,,,,,,,,,,,,,,,,,,,,,,,,,,,,,,,,,,,,,,,,,,,,,,,,,,,High,High,High,,,,,,,,,,,,,,,,,,,,,,,,,,,,,,,,,,,,,,,
48,2026-05-02,13:32:27.52,11,4,"Mitchell, John D.",815503,Right,BOC_EAG,"Gaffney, Luke",808781,Right,CLE_TIG,Undefined,1,Bottom,1,2,1,FourSeamFastBall,Four-Seam,BallCalled,Undefined,Undefined,Undefined,0,0,,93.23723,-3.692641,-0.85604,2343.136222,209.203624,1:00,5.96356,1.22605,6.20895,-14.23981,17.92552,9.38233,1.36368,1.21777,84.49567,-6.434593,0.83849,0.408193,,,,,,,,,,,,-5.11544,10.76182,-1.16633,50,5.67892,1.61693,-135.11371,-9.09967,-9.35126,32.49212,-12.50099,CLE_TIG,BOC_EAG,KingsmoreStadium,D1,ACC,20260502-KingsmoreStadium-1,e3e48860-464c-11f1-868c-97266ddeb381,92.33973,,,8.74157,,,,,,,a7847587-5f2b-422e-b1cb-e44e7d195d4c,2026-05-02,17:32:27.52,2026-05-02T13:32:27.5266560-04:00,2026-05-02T17:32:27.5266560Z,,v3,471272,227,26599,"Johnson, Gunnar",1000100233,Right,BOC_EAG,a06e647d-59d3-4136-996a-6bcd1e3c05e5,54.28825,-136.14104,16.24606,5.96038,-8.70442,-6.2505,-1.22212,1.91259,-4.67563,,,,,,,,,,,,,,,,,,,,,,,,,,,,,,,,,,,,,,,,,,,,,,,,,,,High,High,High,,,,,,,,,,,,,,,,,,,,,,,,,,,,,,,,,,,,,,,
49,2026-05-02,13:32:44.49,11,5,"Mitchell, John D.",815503,Right,BOC_EAG,"Gaffney, Luke",808781,Right,CLE_TIG,Undefined,1,Bottom,1,3,1,FourSeamFastBall,Four-Seam,InPlay,Undefined,FlyBall,HomeRun,0,1,,92.83876,-1.791727,-1.029052,2394.951524,205.851853,12:45,6.12351,1.14465,6.20209,-14.26485,17.9745,8.18071,3.28008,0.87639,84.28241,-4.54743,0.44784,0.408662,102.407,40.101523,-31.049348,3966.958239,93.28198,92.12998,-58.29637,363.18081,166.81599,-34.442932,6.310712,-4.56138,10.18501,-1.07139,50,5.98163,2.07798,-134.80035,-4.60118,-8.32747,31.43844,-13.57978,CLE_TIG,BOC_EAG,KingsmoreStadium,D1,ACC,20260502-KingsmoreStadium-1,ee035290-464c-11f1-868c-97266ddeb381,92.23373,139.67667,,8.55636,,,,2.14467,3.33381,-0.81105,a7847587-5f2b-422e-b1cb-e44e7d195d4c,2026-05-02,17:32:44.49,2026-05-02T13:32:44.4904960-04:00,2026-05-02T17:32:44.4904960Z,FlyBall,v3,471272,227,26599,"Johnson, Gunnar",1000100233,Right,BOC_EAG,24acea1f-c0c6-4c57-931e-26a618dfa7bb,54.29635,-135.79866,15.71922,6.12089,-4.16996,-6.78989,-1.14157,2.34241,-4.16374,172.499047,2.15698,98.21655,-23.55426,5.3964,-0.7923,0.05931,0.0003,-0.00032,1E-05,3.32667,96.85239,-20.19648,1.52317,-0.18382,-0.01624,0.01159,-0.0017,8E-05,-0.81698,-59.15671,11.63798,-2.50601,0.33818,-0.01887,-0.00126,0.00021,-1E-05,,,,,,,,,,,,,,,,,,,,,,,High,High,High,High,Low,,,,,,,,,,,,,,,,,,,,,,,,,,,,,,,,,,,,,
50,2026-05-02,13:33:33.88,12,1,"Mitchell, John D.",815503,Right,BOC_EAG,"Jarrell, Jacob",703447,Right,CLE_TIG,Undefined,1,Bottom,1,0,0,FourSeamFastBall,Four-Seam,InPlay,Undefined,LineDrive,Double,0,0,,92.50366,-2.331614,-1.420274,2267.585079,209.778773,1:00,6.16022,1.20286,6.27885,-15.47658,16.8867,9.04119,2.71954,0.64691,84.14937,-5.303279,0.214322,0.409447,105.59324,15.706771,-36.489958,2604.604691,85.09007,23.317,-69.71049,256.95678,240.62328,-44.425325,2.375041,-5.13788,9.80186,-1.10234,50,5.98044,2.95694,-134.28797,-5.89641,-9.32137,30.83685,-14.39109,CLE_TIG,BOC_EAG,KingsmoreStadium,D1,ACC,20260502-KingsmoreStadium-1,0b737c60-464d-11f1-868c-97266ddeb381,92.05696,24.51944,,8.35428,,,,1.37905,2.60382,-0.43487,a7847587-5f2b-422e-b1cb-e44e7d195d4c,2026-05-02,17:33:33.88,2026-05-02T13:33:33.8850304-04:00,2026-05-02T17:33:33.8850304Z,LineDrive,v3,471272,227,26599,"Johnson, Gunnar",1000100233,Right,BOC_EAG,62053a38-1653-4e5c-8a40-3e368e061d17,54.21995,-135.25354,15.41843,6.15801,-5.44579,-7.19555,-1.1995,3.24881,-4.66069,,1.37879,119.87601,-29.00876,7.65082,-2.70966,1.22924,-0.43533,0.08823,-0.0075,2.60423,41.90027,-22.556,2.4189,0.56219,-0.9697,0.4607,-0.10255,0.00902,-0.43497,-88.65279,8.68784,-1.92614,0.16479,0.16338,-0.09544,0.02217,-0.00196,,,,,,,,,,,,,,,,,,,,,,,High,High,High,High,Medium,,,,,,,,,,,,,,,,,,,,,,,,,,,,,,,,,,,,,
51,2026-05-02,13:34:22.08,13,1,"Mitchell, John D.",815503,Right,BOC_EAG,"McCladdie, Tryston",812697,Left,CLE_TIG,Undefined,1,Bottom,1,0,0,FourSeamFastBall,Four-Seam,StrikeCalled,Undefined,Undefined,Undefined,0,0,,92.73483,-2.43447,-1.54125,2286.874917,221.816891,1:30,6.14315,1.38019,6.13802,-16.85375,15.32438,12.80001,2.48659,1.0221,84.91684,-5.630734,0.767128,0.408274,,,,,,,,,,,,-7.01103,8.89296,-1.26893,50,5.94848,3.07373,-134.64825,-6.22901,-12.88403,28.96582,-15.83167,CLE_TIG,BOC_EAG,KingsmoreStadium,D1,ACC,20260502-KingsmoreStadium-1,2832f3d0-464d-11f1-868c-97266ddeb381,92.32141,,,7.81799,,,,,,,a7847587-5f2b-422e-b1cb-e44e7d195d4c,2026-05-02,17:34:22.08,2026-05-02T13:34:22.0856320-04:00,2026-05-02T17:34:22.0856320Z,,v3,471272,227,26599,"Johnson, Gunnar",1000100233,Right,BOC_EAG,55cc959e-b65e-4b7e-94f0-874f3344d7f1,54.36049,-135.58304,14.48291,6.14126,-5.71808,-7.91583,-1.37484,3.48953,-6.44201,,,,,,,,,,,,,,,,,,,,,,,,,,,,,,,,,,,,,,,,,,,,,,,,,,,High,High,High,,,,,,,,,,,,,,,,,,,,,,,,,,,,,,,,,,,,,,,
52,2026-05-02,13:34:40.32,13,2,"Mitchell, John D.",815503,Right,BOC_EAG,"McCladdie, Tryston",812697,Left,CLE_TIG,Undefined,1,Bottom,1,0,1,FourSeamFastBall,Four-Seam,FoulBallNotFieldable,Undefined,Undefined,Undefined,0,0,,93.09821,-2.643348,-1.929405,2363.219461,225.687405,1:30,5.85938,1.57794,6.3086,-17.78399,14.00733,13.30131,1.93919,0.90831,85.14698,-6.016199,0.476933,0.405813,86.47783,13.308056,-62.940423,3439.222347,44.10075,13.26335,-100.7724,177.50762,131.28529,-68.351806,1.791923,-7.46095,8.34225,-1.44258,50,5.6568,3.99983,-135.15582,-6.7716,-13.7842,29.78623,-16.76158,CLE_TIG,BOC_EAG,KingsmoreStadium,D1,ACC,20260502-KingsmoreStadium-1,330b9820-464d-11f1-868c-97266ddeb381,92.88139,13.7667,,7.95122,,,,-0.33549,1.79918,-0.5105,a7847587-5f2b-422e-b1cb-e44e7d195d4c,2026-05-02,17:34:40.32,2026-05-02T13:34:40.3249664-04:00,2026-05-02T17:34:40.3249664Z,LineDrive,v3,471272,227,26599,"Johnson, Gunnar",1000100233,Right,BOC_EAG,9411f128-15e8-4034-871c-5c919934dc61,54.19057,-136.07622,14.89312,5.85804,-6.25367,-8.38079,-1.57276,4.42577,-6.8921,,-0.33548,56.14814,-15.46408,3.52232,-0.53329,-0.20886,0.24926,-0.09804,0.01426,1.79916,29.19878,-18.93203,1.7641,-0.95022,0.99928,-0.70293,0.25062,-0.03521,-0.5105,-109.9157,14.70049,-3.45594,0.52049,0.17728,-0.22135,0.08802,-0.01289,,,,,,,,,,,,,,,,,,,,,,,High,High,High,High,Medium,,,,,,,,,,,,,,,,,,,,,,,,,,,,,,,,,,,,,
53,2026-05-02,13:35:02.81,13,3,"Mitchell, John D.",815503,Right,BOC_EAG,"McCladdie, Tryston",812697,Left,CLE_TIG,Undefined,1,Bottom,1,0,2,Curveball,Curveball,StrikeSwinging,Strikeout,Undefined,Undefined,0,0,,81.11324,-1.948482,-2.019046,2713.533096,28.862707,7:00,6.29504,1.45162,5.5148,-49.46349,-6.23166,-4.17764,0.34929,-0.78524,74.96742,-10.883157,-2.765965,0.473231,,,,,,,,,,,,1.55831,-2.33669,-1.27265,50,6.09123,4.30986,-117.70798,-5.7117,2.17655,23.27296,-35.43777,CLE_TIG,BOC_EAG,KingsmoreStadium,D1,ACC,20260502-KingsmoreStadium-1,407ac5d0-464d-11f1-868c-97266ddeb381,79.64915,,,6.14581,,,,,,,a7847587-5f2b-422e-b1cb-e44e7d195d4c,2026-05-02,17:35:02.81,2026-05-02T13:35:02.8141568-04:00,2026-05-02T17:35:02.8141568Z,,v3,471272,227,26599,"Johnson, Gunnar",1000100233,Right,BOC_EAG,30b4c90c-2f5d-428f-ad2a-9098f707dfcf,54.98764,-118.69003,11.63648,6.3007,-4.21634,-17.71889,-1.45257,4.21801,1.08827,,,,,,,,,,,,,,,,,,,,,,,,,,,,,,,,,,,,,,,,,,,,,,,,,,,High,High,High,,,,,,,,,,,,,,,,,,,,,,,,,,,,,,,,,,,,,,,
54,2026-05-02,13:36:11.73,14,1,"Mitchell, John D.",815503,Right,BOC_EAG,"Purify, Jarren",803905,Right,CLE_TIG,Undefined,1,Bottom,2,0,0,Slider,Slider,StrikeCalled,Undefined,Undefined,Undefined,0,0,,84.19541,1.180194,-2.222858,2650.527236,89.944255,9:00,5.30416,2.19279,5.47911,-38.98727,1.30673,-7.48772,3.1605,-0.51214,76.71258,-5.969666,-3.554512,0.456869,,,,,,,,,,,,3.10236,0.72441,-1.99246,50,5.38148,5.05678,-122.08149,1.11971,4.65329,25.41126,-31.0875,CLE_TIG,BOC_EAG,KingsmoreStadium,D1,ACC,20260502-KingsmoreStadium-1,69934000-464d-11f1-868c-97266ddeb381,82.50166,,,7.48282,,,,,,,a7847587-5f2b-422e-b1cb-e44e7d195d4c,2026-05-02,17:36:11.73,2026-05-02T13:36:11.7323776-04:00,2026-05-02T17:36:11.7323776Z,,v3,471272,227,26599,"Johnson, Gunnar",1000100233,Right,BOC_EAG,9f620d10-b0cf-4331-89c4-ec57e9276d07,55.01891,-123.12175,12.70563,5.3096,2.39233,-15.54375,-2.19557,4.86629,2.32664,,,,,,,,,,,,,,,,,,,,,,,,,,,,,,,,,,,,,,,,,,,,,,,,,,,High,High,High,,,,,,,,,,,,,,,,,,,,,,,,,,,,,,,,,,,,,,,
55,2026-05-02,13:36:30.81,14,2,"Mitchell, John D.",815503,Right,BOC_EAG,"Purify, Jarren",803905,Right,CLE_TIG,Undefined,1,Bottom,2,0,1,FourSeamFastBall,Four-Seam,StrikeSwinging,Undefined,Undefined,Undefined,0,0,,93.43717,-2.672992,-1.660626,2317.560116,212.820506,1:00,6.0822,1.58286,6.08322,-12.71296,19.27347,11.73146,2.54705,1.02373,84.91869,-5.137044,0.451872,0.407056,,,,,,,,,,,,-6.52575,11.04016,-1.46066,50,5.86877,3.41831,-135.53749,-6.65867,-12.06614,31.28774,-11.76068,CLE_TIG,BOC_EAG,KingsmoreStadium,D1,ACC,20260502-KingsmoreStadium-1,74e8dc80-464d-11f1-868c-97266ddeb381,92.59762,,,8.51848,,,,,,,a7847587-5f2b-422e-b1cb-e44e7d195d4c,2026-05-02,17:36:30.81,2026-05-02T13:36:30.8116480-04:00,2026-05-02T17:36:30.8116480Z,,v3,471272,227,26599,"Johnson, Gunnar",1000100233,Right,BOC_EAG,4813a351-2723-42fb-bc58-cc4ed9c70393,54.41475,-136.55279,15.64387,6.07866,-6.27703,-5.88034,-1.57794,3.80986,-6.03307,,,,,,,,,,,,,,,,,,,,,,,,,,,,,,,,,,,,,,,,,,,,,,,,,,,High,High,High,,,,,,,,,,,,,,,,,,,,,,,,,,,,,,,,,,,,,,,
56,2026-05-02,13:36:52.59,14,3,"Mitchell, John D.",815503,Right,BOC_EAG,"Purify, Jarren",803905,Right,CLE_TIG,Undefined,1,Bottom,2,0,2,FourSeamFastBall,Four-Seam,HitByPitch,Undefined,Undefined,Undefined,0,0,,94.36153,-1.401919,-0.812705,2341.031778,216.260272,1:15,6.09926,1.29692,6.12355,-14.91891,16.11859,11.11367,3.55963,1.47171,86.32829,-4.251283,1.190918,0.400973,,,,,,,,,,,,-5.99071,9.02178,-1.24053,50,5.98415,1.47103,-137.14666,-3.7972,-11.41719,30.1537,-14.98018,CLE_TIG,BOC_EAG,KingsmoreStadium,D1,ACC,20260502-KingsmoreStadium-1,81dff400-464d-11f1-868c-97266ddeb381,94.00255,,,8.03323,,,,,,,a7847587-5f2b-422e-b1cb-e44e7d195d4c,2026-05-02,17:36:52.59,2026-05-02T13:36:52.5997568-04:00,2026-05-02T17:36:52.5997568Z,,v3,471272,227,26599,"Johnson, Gunnar",1000100233,Right,BOC_EAG,24b768ec-29ca-4bb6-a87d-9ddf244a9b11,54.37619,-138.10548,15.07685,6.09732,-3.32086,-7.49009,-1.29308,1.83407,-5.7086,,,,,,,,,,,,,,,,,,,,,,,,,,,,,,,,,,,,,,,,,,,,,,,,,,,High,High,High,,,,,,,,,,,,,,,,,,,,,,,,,,,,,,,,,,,,,,,
57,2026-05-02,13:39:14.61,15,1,"Mitchell, John D.",815503,Right,BOC_EAG,"Lichtenberger, Tyler",838054,Left,CLE_TIG,Undefined,1,Bottom,2,0,0,FourSeamFastBall,Four-Seam,BallCalled,Undefined,Undefined,Undefined,0,0,,93.32104,-3.729347,-1.283897,2350.159177,221.902793,1:30,6.10905,1.44728,6.13392,-19.17639,13.09162,10.71193,1.05839,1.15309,84.55856,-7.349267,0.649094,0.408844,,,,,,,,,,,,-5.94122,8.28402,-1.35469,50,5.81407,2.56879,-135.1813,-9.41185,-10.84988,33.07254,-17.0458,CLE_TIG,BOC_EAG,KingsmoreStadium,D1,ACC,20260502-KingsmoreStadium-1,d6840b40-464d-11f1-868c-97266ddeb381,92.19273,,,8.76247,,,,,,,a7847587-5f2b-422e-b1cb-e44e7d195d4c,2026-05-02,17:39:14.61,2026-05-02T13:39:14.6195456-04:00,2026-05-02T17:39:14.6195456Z,,v3,471272,227,26599,"Johnson, Gunnar",1000100233,Right,BOC_EAG,a96adfba-6d18-4b4d-9d72-46c001e1f189,54.36358,-136.24468,16.53627,6.10788,-8.86378,-8.5229,-1.4429,2.91765,-5.42494,,,,,,,,,,,,,,,,,,,,,,,,,,,,,,,,,,,,,,,,,,,,,,,,,,,High,High,High,,,,,,,,,,,,,,,,,,,,,,,,,,,,,,,,,,,,,,,
58,2026-05-02,13:39:33.95,15,2,"Mitchell, John D.",815503,Right,BOC_EAG,"Lichtenberger, Tyler",838054,Left,CLE_TIG,Undefined,1,Bottom,2,1,0,FourSeamFastBall,Four-Seam,InPlay,Undefined,LineDrive,Single,0,1,,92.63337,-2.678553,-1.789986,2341.307837,216.738264,1:15,6.01967,1.0667,6.10007,-18.90218,13.91898,9.49646,1.96421,0.20206,83.60914,-6.268755,-0.078646,0.412333,84.91339,14.747333,17.837934,1520.301724,103.98559,18.88792,35.87461,218.33639,218.33639,20.511881,2.291378,-5.48138,8.39599,-0.93389,50,5.80356,3.78668,-134.24584,-6.86309,-9.84663,33.30147,-17.09173,CLE_TIG,BOC_EAG,KingsmoreStadium,D1,ACC,20260502-KingsmoreStadium-1,e20ee890-464d-11f1-868c-97266ddeb381,91.4126,18.94893,,9.02423,,,,1.82603,2.09819,-0.179,a7847587-5f2b-422e-b1cb-e44e7d195d4c,2026-05-02,17:39:33.95,2026-05-02T13:39:33.9530752-04:00,2026-05-02T17:39:33.9530752Z,LineDrive,v3,471272,227,26599,"Johnson, Gunnar",1000100233,Right,BOC_EAG,9d022906-8bea-4770-8de1-195e969fe887,54.39703,-135.33219,16.65073,6.01835,-6.30553,-8.54586,-1.06266,4.10789,-4.92331,219.156709,1.82605,114.64705,-17.04044,3.68905,-0.93511,0.37325,-0.15782,0.04001,-0.00417,2.09817,31.70244,-15.54398,0.55461,0.17404,-0.23484,0.1317,-0.03519,0.00374,-0.17901,36.89297,-1.1997,-0.42558,0.35845,-0.26138,0.12897,-0.03374,0.00358,,,,,,,,,,,,,,,,,,,,,,,High,High,High,High,High,,,,,,,,,,,,,,,,,,,,,,,,,,,,,,,,,,,,,
59,2026-05-02,13:40:16.58,16,1,"Mitchell, John D.",815503,Right,BOC_EAG,"Crighton, Jack",702680,Right,CLE_TIG,Undefined,1,Bottom,2,0,0,Slider,Slider,StrikeCalled,Undefined,Undefined,Undefined,0,0,,87.22774,-0.742425,-2.780836,2845.300538,137.869156,10:30,5.50885,2.10764,5.18708,-33.29439,5.16524,-3.38839,2.035,-0.79295,78.60523,-6.848784,-3.380232,0.446348,,,,,,,,,,,,0.75618,3.255,-1.84661,50,5.41508,6.28467,-126.17219,-2.89533,1.19672,30.03656,-27.02261,CLE_TIG,BOC_EAG,KingsmoreStadium,D1,ACC,20260502-KingsmoreStadium-1,fb8660f0-464d-11f1-868c-97266ddeb381,84.44628,,,8.62252,,,,,,,a7847587-5f2b-422e-b1cb-e44e7d195d4c,2026-05-02,17:40:16.58,2026-05-02T13:40:16.5895680-04:00,2026-05-02T17:40:16.5895680Z,,v3,471272,227,26599,"Johnson, Gunnar",1000100233,Right,BOC_EAG,9ffc8154-87d3-4140-b40d-bc94a1767748,55.30776,-127.42949,15.01828,5.5126,-1.76419,-13.5113,-2.10863,6.23458,0.59836,,,,,,,,,,,,,,,,,,,,,,,,,,,,,,,,,,,,,,,,,,,,,,,,,,,High,High,High,,,,,,,,,,,,,,,,,,,,,,,,,,,,,,,,,,,,,,,
60,2026-05-02,13:40:36.25,16,2,"Mitchell, John D.",815503,Right,BOC_EAG,"Crighton, Jack",702680,Right,CLE_TIG,Undefined,1,Bottom,2,0,1,Slider,Slider,FoulBallNotFieldable,Undefined,Undefined,Undefined,0,0,,84.60347,0.590024,-1.876561,2914.43514,62.542129,8:00,5.34453,2.29446,5.14433,-44.87617,-3.74272,-10.22249,2.16069,-0.32489,75.94076,-7.587336,-3.686063,0.461603,68.58189,39.158001,111.353159,5031.214868,,,,,30.455,,,4.41914,-1.61583,-2.11053,50,5.36543,4.46636,-122.42443,-0.45478,6.53646,29.88864,-34.56407,CLE_TIG,BOC_EAG,KingsmoreStadium,D1,ACC,20260502-KingsmoreStadium-1,073938a0-464e-11f1-868c-97266ddeb381,81.65546,26.35919,,8.66271,,,,0.57184,2.33284,0.33424,a7847587-5f2b-422e-b1cb-e44e7d195d4c,2026-05-02,17:40:36.25,2026-05-02T13:40:36.2500096-04:00,2026-05-02T17:40:36.2500096Z,,v3,471272,227,26599,"Johnson, Gunnar",1000100233,Right,BOC_EAG,b8bb2a8f-bb6e-464a-94bb-45bdb365d8fc,55.35249,-123.72428,14.94432,5.35252,1.04841,-17.28203,-2.29859,4.18209,3.26823,,0.57959,-28.64431,-1.75338,,,,,,,2.33692,63.39516,-18.91075,,,,,,,0.3625,71.76482,-19.72605,,,,,,,,,,,,,,,,,,,,,,,,,,,,,High,High,High,Medium,Undefined,,,,,,,,,,,,,,,,,,,,,,,,,,,,,,,,,,,,,
61,2026-05-02,13:41:01.86,16,3,"Mitchell, John D.",815503,Right,BOC_EAG,"Crighton, Jack",702680,Right,CLE_TIG,Undefined,1,Bottom,2,0,2,Slider,Slider,FoulBallNotFieldable,Undefined,Undefined,Undefined,0,0,,85.8735,-0.199784,-1.607995,2840.557541,95.716206,9:15,5.27959,2.29387,5.30455,-36.81108,2.24213,-9.31367,2.02438,0.00786,78.19037,-6.92773,-3.261556,0.44978,,,,,,,,,,,,4.22607,1.50929,-2.14062,50,5.23458,3.89368,-124.54574,-1.78991,6.57302,27.2967,-29.82656,CLE_TIG,BOC_EAG,KingsmoreStadium,D1,ACC,20260502-KingsmoreStadium-1,1677f630-464e-11f1-868c-97266ddeb381,83.80202,,,7.68313,,,,,,,a7847587-5f2b-422e-b1cb-e44e7d195d4c,2026-05-02,17:41:01.86,2026-05-02T13:41:01.8628096-04:00,2026-05-02T17:41:01.8628096Z,,v3,471272,227,26599,"Johnson, Gunnar",1000100233,Right,BOC_EAG,5e3a743e-16f2-4eaf-be63-c039b3691a51,55.1953,-125.67924,13.64835,5.2832,-0.55136,-14.91328,-2.29663,3.62073,3.28651,,,,,,,,,,,,,,,,,,,,,,,,,,,,,,,,,,,,,,,,,,,,,,,,,,,High,High,High,,,,,,,,,,,,,,,,,,,,,,,,,,,,,,,,,,,,,,,
62,2026-05-02,13:41:24.48,16,4,"Mitchell, John D.",815503,Right,BOC_EAG,"Crighton, Jack",702680,Right,CLE_TIG,Undefined,1,Bottom,2,0,2,Curveball,Slider,BallCalled,Undefined,Undefined,Undefined,0,0,,81.30293,-2.497458,-2.377462,2868.155264,50.633991,7:45,6.40726,1.2047,5.61936,-48.15475,-5.45614,-8.18067,0.06015,-1.69704,75.6293,-11.179163,-3.842226,0.470303,,,,,,,,,,,,3.53961,-1.77689,-0.9963,50,6.16247,5.21136,-117.98415,-6.79754,4.99459,22.22512,-34.68137,CLE_TIG,BOC_EAG,KingsmoreStadium,D1,ACC,20260502-KingsmoreStadium-1,23f6b440-464e-11f1-868c-97266ddeb381,80.14493,,,5.67364,,,,,,,a7847587-5f2b-422e-b1cb-e44e7d195d4c,2026-05-02,17:41:24.48,2026-05-02T13:41:24.4843520-04:00,2026-05-02T17:41:24.4843520Z,,v3,471272,227,26599,"Johnson, Gunnar",1000100233,Right,BOC_EAG,c65749bb-5f4d-4659-9797-27fe986d77ab,54.88303,-118.90043,11.11256,6.41324,-5.36773,-17.34069,-1.2069,5.00545,2.4973,,,,,,,,,,,,,,,,,,,,,,,,,,,,,,,,,,,,,,,,,,,,,,,,,,,High,High,High,,,,,,,,,,,,,,,,,,,,,,,,,,,,,,,,,,,,,,,
63,2026-05-02,13:41:47.46,16,5,"Mitchell, John D.",815503,Right,BOC_EAG,"Crighton, Jack",702680,Right,CLE_TIG,Undefined,1,Bottom,2,1,2,Slider,Slider,StrikeCalled,Strikeout,Undefined,Undefined,0,0,,85.56371,0.227074,-0.720187,3016.24232,106.01938,9:30,5.23965,2.28571,5.13837,-35.016,4.0076,-9.95237,2.53549,0.77816,78.81079,-6.145509,-2.482255,0.449609,,,,,,,,,,,,4.76697,2.29339,-2.21023,50,5.2339,2.00149,-124.2637,-0.83123,7.49552,23.59074,-28.56794,CLE_TIG,BOC_EAG,KingsmoreStadium,D1,ACC,20260502-KingsmoreStadium-1,31acd600-464e-11f1-868c-97266ddeb381,83.83377,,,6.75293,,,,,,,a7847587-5f2b-422e-b1cb-e44e7d195d4c,2026-05-02,17:41:47.46,2026-05-02T13:41:47.4640000-04:00,2026-05-02T17:41:47.4640000Z,,v3,471272,227,26599,"Johnson, Gunnar",1000100233,Right,BOC_EAG,686def2c-13c3-47aa-94db-8c304619c270,55.3612,-125.27736,11.79537,5.24324,0.39629,-14.28397,-2.28931,1.67941,3.74776,,,,,,,,,,,,,,,,,,,,,,,,,,,,,44.56581,,1.988915,,-1.37844,2.22533,-0.65475,-4.95532,4.32261,4.08101,,,,-4.91185,57.32869,-2.7791,4.39657,24.24825,-15.76712,4.09062,17.62598,-0.72581,High,High,High,,,High,High,Low,,,,,,,,,,,,,,,,,,,,,,,,,,,,,,,,,,
64,2026-05-02,13:44:03.77,1,1,"Sharman, Michael",831353,Left,CLE_TIG,"Johnson, Gunnar",1000100233,Right,BOC_EAG,Undefined,2,Top,0,0,0,Curveball,Changeup,FoulBallNotFieldable,Undefined,Undefined,Undefined,0,0,,78.12336,0.25984,4.913251,1546.365608,88.723768,9:00,4.97678,-2.47077,5.5785,-45.69743,1.13201,-20.47627,1.41223,0.42291,71.23118,-8.111141,1.2713,0.492528,,,,,,,,,,,,11.88497,0.90913,2.06122,50,4.96908,-8.94075,-113.05557,-0.97131,15.28273,21.85749,-31.00503,CLE_TIG,BOC_EAG,KingsmoreStadium,D1,ACC,20260502-KingsmoreStadium-1,82ebc940-464e-11f1-868c-97266ddeb381,76.52853,,,6.89219,,,,,,,a7847587-5f2b-422e-b1cb-e44e7d195d4c,2026-05-02,17:44:03.77,2026-05-02T13:44:03.7704192-04:00,2026-05-02T17:44:03.7704192Z,,v3,471272,227,26599,"Savoie, Nate",832476,Right,CLE_TIG,8036eb03-61e6-42b5-a57a-f6346dd21214,54.92276,-114.00333,10.92875,4.98205,0.3731,-15.50251,2.46327,-9.60342,7.64137,,,,,,,,,,,,,,,,,,,,,,,,,,,,,,,,,,,,,,,,,,,,,,,,,,,High,High,High,,,,,,,,,,,,,,,,,,,,,,,,,,,,,,,,,,,,,,,
65,2026-05-02,13:44:22.58,1,2,"Sharman, Michael",831353,Left,CLE_TIG,"Johnson, Gunnar",1000100233,Right,BOC_EAG,Undefined,2,Top,0,0,1,Curveball,Changeup,FoulBallNotFieldable,Undefined,Undefined,Undefined,0,0,,78.76825,0.92906,4.353821,1530.928077,77.395411,8:30,4.83034,-2.50816,5.74931,-48.34365,-2.52705,-18.3141,1.66922,0.02678,71.65837,-7.948142,1.083063,0.487173,,,,,,,,,,,,10.68489,-1.1485,2.15751,50,4.87804,-7.99146,-114.07209,0.28688,13.94881,22.79342,-33.6734,CLE_TIG,BOC_EAG,KingsmoreStadium,D1,ACC,20260502-KingsmoreStadium-1,8e257950-464e-11f1-868c-97266ddeb381,77.36977,,,7.10987,,,,,,,a7847587-5f2b-422e-b1cb-e44e7d195d4c,2026-05-02,17:44:22.58,2026-05-02T13:44:22.5875456-04:00,2026-05-02T17:44:22.5875456Z,,v3,471272,227,26599,"Savoie, Nate",832476,Right,CLE_TIG,a333b898-ff02-48e4-9a5f-fc1e94ec154a,54.75174,-115.01764,11.39671,4.83717,1.68377,-16.8367,2.50103,-8.57011,6.9744,,,,,,,,,,,,,,,,,,,,,,,,,,,,,,,,,,,,,,,,,,,,,,,,,,,High,High,High,,,,,,,,,,,,,,,,,,,,,,,,,,,,,,,,,,,,,,,
66,2026-05-02,13:44:46.57,1,3,"Sharman, Michael",831353,Left,CLE_TIG,"Johnson, Gunnar",1000100233,Right,BOC_EAG,Undefined,2,Top,0,0,2,TwoSeamFastBall,Sinker,FoulBallNotFieldable,Undefined,Undefined,Undefined,0,0,,89.09988,-0.536487,4.1874,2215.73472,125.646503,10:15,5.1999,-2.17118,5.74689,-22.27127,13.82127,-17.39788,2.84313,0.28449,79.98763,-4.745401,1.083696,0.432394,74.18037,63.323731,120.396058,4624.172594,,,,,22.83028,,,10.20599,7.58548,1.83348,50,5.14189,-8.67473,-128.88752,-1.92464,16.87933,30.99085,-19.6287,CLE_TIG,BOC_EAG,KingsmoreStadium,D1,ACC,20260502-KingsmoreStadium-1,9c698330-464e-11f1-868c-97266ddeb381,87.17142,41.49496,,9.11225,,,,0.58813,2.65865,-0.28682,a7847587-5f2b-422e-b1cb-e44e7d195d4c,2026-05-02,17:44:46.57,2026-05-02T13:44:46.5798144-04:00,2026-05-02T17:44:46.5798144Z,,v3,471272,227,26599,"Savoie, Nate",832476,Right,CLE_TIG,3c7a2636-7a62-4849-9bbd-39796ac037b6,54.75013,-130.02467,15.49542,5.1993,-1.20441,-9.81435,2.16314,-9.29408,8.43967,343.019027,0.60412,-25.17311,-4.60354,,,,,,,2.68587,96.44627,-31.31533,,,,,,,-0.28838,42.17838,-2.63208,,,,,,,,,,,,,,,,,,,,,,,,,,,,,High,High,High,High,Undefined,,,,,,,,,,,,,,,,,,,,,,,,,,,,,,,,,,,,,
67,2026-05-02,13:45:05.17,1,4,"Sharman, Michael",831353,Left,CLE_TIG,"Johnson, Gunnar",1000100233,Right,BOC_EAG,Undefined,2,Top,0,0,2,Curveball,Changeup,FoulBallNotFieldable,Undefined,Undefined,Undefined,0,0,,79.24014,0.612513,4.258941,1618.338879,70.22118,8:15,4.80201,-2.54579,5.81323,-49.85581,-4.84292,-17.62088,1.21851,-0.04668,72.40498,-8.525297,1.105696,0.482881,,,,,,,,,,,,10.28894,-2.24784,2.20702,50,4.82249,-7.88822,-114.83524,-0.39388,13.65119,22.53676,-35.15643,CLE_TIG,BOC_EAG,KingsmoreStadium,D1,ACC,20260502-KingsmoreStadium-1,a78794f0-464e-11f1-868c-97266ddeb381,78.05744,,,6.83516,,,,,,,a7847587-5f2b-422e-b1cb-e44e7d195d4c,2026-05-02,17:45:05.17,2026-05-02T13:45:05.1783680-04:00,2026-05-02T17:45:05.1783680Z,,v3,471272,227,26599,"Savoie, Nate",832476,Right,CLE_TIG,c774c315-46dc-482f-93ad-4d6a116180a3,54.68859,-115.75174,11.26838,4.80944,1.03581,-17.57822,2.53909,-8.44337,6.8256,,,,,,,,,,,,,,,,,,,,,,,,,,,,,,,,,,,,,,,,,,,,,,,,,,,High,High,High,,,,,,,,,,,,,,,,,,,,,,,,,,,,,,,,,,,,,,,
68,2026-05-02,13:45:25.08,1,5,"Sharman, Michael",831353,Left,CLE_TIG,"Johnson, Gunnar",1000100233,Right,BOC_EAG,Undefined,2,Top,0,0,2,FourSeamFastBall,Sinker,BallCalled,Undefined,Undefined,Undefined,0,0,,90.22219,0.346477,2.637278,2144.871136,117.643601,10:00,5.17182,-2.29711,5.52542,-24.51375,10.9676,-18.39981,3.45327,-1.36314,80.81795,-4.250192,-0.639574,0.428718,,,,,,,,,,,,10.02351,5.80091,2.0797,50,5.18607,-5.14929,-130.60503,-0.06783,16.99113,32.2805,-22.34078,CLE_TIG,BOC_EAG,KingsmoreStadium,D1,ACC,20260502-KingsmoreStadium-1,b35b6220-464e-11f1-868c-97266ddeb381,87.91897,,,9.40424,,,,,,,a7847587-5f2b-422e-b1cb-e44e7d195d4c,2026-05-02,17:45:25.08,2026-05-02T13:45:25.0861568-04:00,2026-05-02T17:45:25.0861568Z,,v3,471272,227,26599,"Savoie, Nate",832476,Right,CLE_TIG,4ef3da85-77e6-4075-939b-dbf9bea2f55f,54.96904,-131.82746,16.14025,5.17262,0.7782,-11.17039,2.28689,-5.79273,8.49556,,,,,,,,,,,,,,,,,,,,,,,,,,,,,,,,,,,,,,,,,,,,,,,,,,,High,High,High,,,,,,,,,,,,,,,,,,,,,,,,,,,,,,,,,,,,,,,
69,2026-05-02,13:45:40.94,1,6,"Sharman, Michael",831353,Left,CLE_TIG,"Johnson, Gunnar",1000100233,Right,BOC_EAG,Undefined,2,Top,0,1,2,Curveball,Curveball,FoulBallNotFieldable,Undefined,Undefined,Undefined,0,0,,74.69565,1.777188,1.040004,1861.33427,280.692558,3:15,5.12726,-2.12395,5.08687,-51.63908,1.02878,4.95673,2.49988,-0.73054,67.25973,-7.657433,1.916673,0.522329,69.46228,51.761699,122.296273,5181.690821,,,,,37.59265,,,-2.09949,0.49925,2.02148,50,5.25532,-2.15965,-108.09447,1.62303,-2.43348,22.41988,-31.59536,CLE_TIG,BOC_EAG,KingsmoreStadium,D1,ACC,20260502-KingsmoreStadium-1,bce36a90-464e-11f1-868c-97266ddeb381,72.16222,39.64039,,7.43592,,,,0.35458,2.31681,0.5579,a7847587-5f2b-422e-b1cb-e44e7d195d4c,2026-05-02,17:45:40.94,2026-05-02T13:45:40.9469952-04:00,2026-05-02T17:45:40.9469952Z,,v3,471272,227,26599,"Savoie, Nate",832476,Right,CLE_TIG,15a5dea8-93ac-47a5-be89-fffe717ad70a,55.40909,-109.21061,11.20994,5.13536,3.19595,-15.79768,2.12598,-2.0385,-1.21674,,0.35458,-33.69045,-4.91952,3.37396,-1.08108,0.30799,-0.07692,0.01746,-0.00212,2.31681,80.01928,-34.17273,5.50044,-1.15392,0.21667,-0.03922,0.00657,-0.00032,0.5579,53.3007,-6.31485,-0.15634,0.27392,-0.12332,0.03471,-0.00845,0.00101,,,,,,,,,,,,,,,,,,,,,,,High,High,High,Medium,Undefined,,,,,,,,,,,,,,,,,,,,,,,,,,,,,,,,,,,,,
70,2026-05-02,13:46:02.79,1,7,"Sharman, Michael",831353,Left,CLE_TIG,"Johnson, Gunnar",1000100233,Right,BOC_EAG,Undefined,2,Top,0,1,2,Curveball,Changeup,BallCalled,Undefined,Undefined,Undefined,0,0,,79.03054,-0.003079,3.834516,1558.71667,72.402918,8:30,4.75314,-2.35171,5.63838,-49.71975,-3.7424,-17.05902,0.60695,-0.19069,71.62366,-9.109417,0.787837,0.488026,,,,,,,,,,,,9.92693,-1.44106,2.03667,50,4.72112,-7.00844,-114.42869,-1.65966,12.93952,24.44615,-34.05242,CLE_TIG,BOC_EAG,KingsmoreStadium,D1,ACC,20260502-KingsmoreStadium-1,c9da0ce0-464e-11f1-868c-97266ddeb381,77.23442,,,7.40687,,,,,,,a7847587-5f2b-422e-b1cb-e44e7d195d4c,2026-05-02,17:46:02.79,2026-05-02T13:46:02.7900416-04:00,2026-05-02T17:46:02.7900416Z,,v3,471272,227,26599,"Savoie, Nate",832476,Right,CLE_TIG,0d5a0264-2dcf-423a-af8c-5a4f742aece0,54.86161,-115.46263,12.22308,4.76086,-0.21942,-17.02621,2.34466,-7.55571,6.46976,,,,,,,,,,,,,,,,,,,,,,,,,,,,,,,,,,,,,,,,,,,,,,,,,,,High,High,High,,,,,,,,,,,,,,,,,,,,,,,,,,,,,,,,,,,,,,,
71,2026-05-02,13:46:22.96,1,8,"Sharman, Michael",831353,Left,CLE_TIG,"Johnson, Gunnar",1000100233,Right,BOC_EAG,Undefined,2,Top,0,2,2,FourSeamFastBall,Sinker,InPlay,Undefined,FlyBall,Out,1,0,,87.91947,-0.587225,4.004114,2092.818132,134.628123,10:30,5.07097,-2.26908,5.95688,-18.90651,17.89812,-16.7293,2.94952,0.05608,78.80336,-4.218975,1.007459,0.436639,88.0477,53.259848,-0.273403,4725.815727,109.09214,126.54153,14.103,250.34451,112.46855,12.587892,5.958337,9.87359,9.75249,1.95982,50,5.01382,-8.19713,-127.22683,-1.83702,15.88851,30.53965,-16.4804,CLE_TIG,BOC_EAG,KingsmoreStadium,D1,ACC,20260502-KingsmoreStadium-1,d5e0f800-464e-11f1-868c-97266ddeb381,86.32402,137.1482,,9.11611,,,,1.02951,2.96369,-0.08077,a7847587-5f2b-422e-b1cb-e44e7d195d4c,2026-05-02,17:46:22.96,2026-05-02T13:46:22.9613056-04:00,2026-05-02T17:46:22.9613056Z,FlyBall,v3,471272,227,26599,"Savoie, Nate",832476,Right,CLE_TIG,bd957c40-0b5c-44f4-83ab-da19a7619630,54.53947,-128.31186,15.26983,5.06869,-1.2515,-8.2402,2.26108,-8.76162,7.94425,202.607118,1.03376,77.14002,-17.5321,3.79815,-0.28363,-0.10223,0.03424,-0.00406,0.00017,2.95712,103.59237,-24.79254,2.92822,-0.65649,0.10243,-0.00468,-0.00083,8E-05,-0.08403,-0.28788,6.29252,-1.53178,-0.00932,0.11785,-0.03344,0.004,-0.00018,,,,,,,,,,,,,,,,,,,,,,,High,High,High,Medium,Low,,,,,,,,,,,,,,,,,,,,,,,,,,,,,,,,,,,,,
72,2026-05-02,13:46:56.20,2,1,"Sharman, Michael",831353,Left,CLE_TIG,"Gallo, Luke",828057,Right,BOC_EAG,Undefined,2,Top,1,0,0,Curveball,Changeup,BallCalled,Undefined,Undefined,Undefined,0,0,,79.25171,0.513295,5.170073,1613.004374,65.608498,8:15,4.76557,-2.34884,5.97997,-52.46495,-6.88681,-19.05824,0.87125,0.86841,71.27875,-9.153858,1.754003,0.485903,,,,,,,,,,,,11.57363,-3.20449,1.94974,50,4.77762,-9.64258,-114.54662,-0.65514,15.00806,25.89111,-36.32944,CLE_TIG,BOC_EAG,KingsmoreStadium,D1,ACC,20260502-KingsmoreStadium-1,e9b56a50-464e-11f1-868c-97266ddeb381,77.57193,,,7.97296,,,,,,,a7847587-5f2b-422e-b1cb-e44e7d195d4c,2026-05-02,17:46:56.20,2026-05-02T13:46:56.2026496-04:00,2026-05-02T17:46:56.2026496Z,,v3,471272,227,26599,"Savoie, Nate",832476,Right,CLE_TIG,f7b7289c-7d0d-495a-84a7-a5a5f662e90b,54.51981,-115.56373,12.94555,4.77533,0.77202,-18.16472,2.34012,-10.23216,7.50403,,,,,,,,,,,,,,,,,,,,,,,,,,,,,,,,,,,,,,,,,,,,,,,,,,,High,High,High,,,,,,,,,,,,,,,,,,,,,,,,,,,,,,,,,,,,,,,
73,2026-05-02,13:47:12.53,2,2,"Sharman, Michael",831353,Left,CLE_TIG,"Gallo, Luke",828057,Right,BOC_EAG,Undefined,2,Top,1,1,0,FourSeamFastBall,Sinker,InPlay,Undefined,GroundBall,Single,0,0,,88.70299,-0.895269,3.967281,2280.343521,108.386604,9:30,4.93378,-2.30812,5.60996,-28.10033,8.77989,-22.01068,1.75436,-0.43333,79.16432,-6.146052,0.04517,0.437087,81.84917,-28.781133,-5.147361,,,,,4.20358,4.20358,2.078554,0.02968,12.5106,5.16894,1.98307,50,4.83932,-7.91084,-128.22214,-2.9857,20.30404,32.72552,-23.78511,CLE_TIG,BOC_EAG,KingsmoreStadium,D1,ACC,20260502-KingsmoreStadium-1,f36c9910-464e-11f1-868c-97266ddeb381,86.23549,1.71853,,9.53867,,,,1.08499,1.71853,0.43314,a7847587-5f2b-422e-b1cb-e44e7d195d4c,2026-05-02,17:47:12.53,2026-05-02T13:47:12.5395456-04:00,2026-05-02T17:47:12.5395456Z,GroundBall,v3,471272,227,26599,"Savoie, Nate",832476,Right,CLE_TIG,dece78e3-8ac0-47ec-9084-e72fc8c0c536,54.88682,-129.46337,16.36276,4.93546,-2.08357,-11.89256,2.29772,-8.68094,10.15202,,1.08408,104.98064,,,,,,,,1.71903,-57.90209,,,,,,,,0.43322,-9.45675,,,,,,,,,,,,,,,,,,,,,,,,,,,,,,High,High,High,Estimated,Estimated,,,,,,,,,,,,,,,,,,,,,,,,,,,,,,,,,,,,,
74,2026-05-02,13:47:57.31,3,1,"Sharman, Michael",831353,Left,CLE_TIG,"Wolff, Kyle",813479,Right,BOC_EAG,Undefined,2,Top,1,0,0,FourSeamFastBall,Four-Seam,StrikeCalled,Undefined,Undefined,Undefined,0,0,,88.39478,-1.428677,3.65874,2209.758531,136.654204,10:30,4.94117,-2.33002,5.78314,-18.09009,18.50804,-16.17631,2.10146,-0.26938,79.39515,-4.895003,0.768498,0.435413,,,,,,,,,,,,9.40331,10.27264,2.03771,50,4.81251,-7.47547,-127.90698,-3.71661,15.31792,30.48982,-15.43998,CLE_TIG,BOC_EAG,KingsmoreStadium,D1,ACC,20260502-KingsmoreStadium-1,0e1a4780-464f-11f1-868c-97266ddeb381,86.56718,,,8.99962,,,,,,,a7847587-5f2b-422e-b1cb-e44e7d195d4c,2026-05-02,17:47:57.31,2026-05-02T13:47:57.3110000-04:00,2026-05-02T17:47:57.3110000Z,,v3,471272,227,26599,"Savoie, Nate",832476,Right,CLE_TIG,fd118377-ec26-4c25-99f6-c5c126d3bc9e,54.71316,-129.02559,15.24491,4.93847,-3.15015,-7.71999,2.32228,-8.03745,7.65896,,,,,,,,,,,,,,,,,,,,,,,,,,,,,75.48948,1.571756,0.700979,0.870776,0.72904,2.04224,0.26038,-3.16861,5.6216,3.86898,65.21387,4.46808,59.56751,-3.13172,86.29349,-9.02851,5.64209,11.37606,-14.65021,3.88036,67.43274,-4.01842,High,High,High,,,High,High,High,,,,,,,,,,,,,,,,,,,,,,,,,,,,,,,,,,
75,2026-05-02,13:48:18.90,3,2,"Sharman, Michael",831353,Left,CLE_TIG,"Wolff, Kyle",813479,Right,BOC_EAG,Undefined,2,Top,1,0,1,Curveball,Curveball,FoulBallNotFieldable,Undefined,Undefined,Undefined,0,0,,75.26607,1.949589,2.977959,1982.530958,318.643525,4:30,5.04493,-2.29096,5.26382,-57.05771,-5.43229,6.44863,2.12484,1.04658,67.96154,-8.442366,4.119701,0.517134,,,,,,,,,,,,-2.23221,-2.92748,2.01314,50,5.18133,-5.91086,-108.88009,1.81518,-2.62244,22.92075,-35.61328,CLE_TIG,BOC_EAG,KingsmoreStadium,D1,ACC,20260502-KingsmoreStadium-1,1b043fa0-464f-11f1-868c-97266ddeb381,72.88718,,,7.30454,,,,,,,a7847587-5f2b-422e-b1cb-e44e7d195d4c,2026-05-02,17:48:18.90,2026-05-02T13:48:18.9097472-04:00,2026-05-02T17:48:18.9097472Z,,v3,471272,227,26599,"Savoie, Nate",832476,Right,CLE_TIG,9971ec27-fb30-42f9-97be-d43deec7e7d1,55.23559,-109.97672,11.46037,5.05372,3.51909,-17.80664,2.29295,-5.78539,-1.31122,,,,,,,,,,,,,,,,,,,,,,,,,,,,,,,,,,,,,,,,,,,,,,,,,,,High,High,High,,,,,,,,,,,,,,,,,,,,,,,,,,,,,,,,,,,,,,,
76,2026-05-02,13:48:43.87,3,3,"Sharman, Michael",831353,Left,CLE_TIG,"Wolff, Kyle",813479,Right,BOC_EAG,Undefined,2,Top,1,0,2,FourSeamFastBall,Sinker,InPlay,Undefined,GroundBall,Out,1,0,,89.23254,-0.422858,3.376885,2210.870323,116.817524,10:00,5.09742,-2.40812,5.63464,-25.42568,10.67331,-18.45599,2.58341,-0.79192,80.14292,-5.185361,0.08549,0.432433,99.82627,-4.187711,4.326458,,,,,29.66184,29.24274,5.67992,0.198201,10.49067,5.92552,2.13288,50,5.04544,-6.81079,-129.18483,-1.82421,17.41071,31.40874,-22.33985,CLE_TIG,BOC_EAG,KingsmoreStadium,D1,ACC,20260502-KingsmoreStadium-1,29d917d0-464f-11f1-868c-97266ddeb381,87.16362,2.64224,,9.08961,,,,1.52224,2.64224,0.78316,a7847587-5f2b-422e-b1cb-e44e7d195d4c,2026-05-02,17:48:43.87,2026-05-02T13:48:43.8793728-04:00,2026-05-02T17:48:43.8793728Z,GroundBall,v3,471272,227,26599,"Savoie, Nate",832476,Right,CLE_TIG,ea418f32-7104-4a5f-9654-1b34c6c1d093,54.86321,-130.36186,15.70437,5.09812,-0.98703,-11.16992,2.40033,-7.46324,8.70535,227.041042,1.52376,145.5027,-21.58027,,,,,,,2.64259,-10.71498,-13.21825,,,,,,,0.78318,11.014,-0.77701,,,,,,,,,,,,,,,,,,,,,,,,,,,,,High,High,High,High,High,,,,,,,,,,,,,,,,,,,,,,,,,,,,,,,,,,,,,
77,2026-05-02,13:52:03.29,4,1,"Sharman, Michael",831353,Left,CLE_TIG,"DeShazo, Owen",703506,Right,BOC_EAG,Undefined,2,Top,2,0,0,Curveball,Curveball,StrikeCalled,Undefined,Undefined,Undefined,0,0,,74.22456,2.136078,1.642452,1965.67892,291.279991,3:45,5.06236,-2.31676,5.21639,-54.26397,-1.49697,8.57808,2.55062,-0.05714,67.31962,-7.760174,3.161996,0.52282,,,,,,,,,,,,-3.72276,-0.81272,2.15847,50,5.21952,-3.41845,-107.48213,2.20845,-4.2956,20.99553,-33.11185,CLE_TIG,BOC_EAG,KingsmoreStadium,D1,ACC,20260502-KingsmoreStadium-1,a0c96570-464f-11f1-868c-97266ddeb381,72.09443,,,6.90495,,,,,,,a7847587-5f2b-422e-b1cb-e44e7d195d4c,2026-05-02,17:52:03.29,2026-05-02T13:52:03.2961536-04:00,2026-05-02T17:52:03.2961536Z,,v3,471272,227,26599,"Savoie, Nate",832476,Right,CLE_TIG,7309d8fc-a408-43d1-a809-c0aa3ee6ebe5,55.28077,-108.50878,10.49777,5.07195,3.82756,-16.55592,2.3205,-3.20841,-2.1478,,,,,,,,,,,,,,,,,,,,,,,,,,,,,,,,,,,,,,,,,,,,,,,,,,,High,High,High,,,,,,,,,,,,,,,,,,,,,,,,,,,,,,,,,,,,,,,
78,2026-05-02,13:52:19.17,4,2,"Sharman, Michael",831353,Left,CLE_TIG,"DeShazo, Owen",703506,Right,BOC_EAG,Undefined,2,Top,2,0,1,Curveball,Curveball,StrikeSwinging,Undefined,Undefined,Undefined,0,0,,74.85463,1.079279,2.826792,2087.329639,287.843399,3:30,5.19047,-2.25282,5.13032,-53.59924,-1.26437,9.80965,1.74167,1.22902,67.80431,-8.664002,4.559935,0.520675,,,,,,,,,,,,-3.9289,-0.42658,1.97942,50,5.2507,-5.73309,-108.30022,0.24314,-4.57793,22.25345,-32.67108,CLE_TIG,BOC_EAG,KingsmoreStadium,D1,ACC,20260502-KingsmoreStadium-1,aa4056e0-464f-11f1-868c-97266ddeb381,72.39145,,,7.05032,,,,,,,a7847587-5f2b-422e-b1cb-e44e7d195d4c,2026-05-02,17:52:19.17,2026-05-02T13:52:19.1797760-04:00,2026-05-02T17:52:19.1797760Z,,v3,471272,227,26599,"Savoie, Nate",832476,Right,CLE_TIG,780e604b-4137-49fe-ac52-e529e6db6324,55.36714,-109.3975,11.12673,5.199,1.85409,-16.33554,2.25655,-5.50736,-2.28897,,,,,,,,,,,,,,,,,,,,,,,,,,,,,,,,,,,,,,,,,,,,,,,,,,,High,High,High,,,,,,,,,,,,,,,,,,,,,,,,,,,,,,,,,,,,,,,
79,2026-05-02,13:52:36.38,4,3,"Sharman, Michael",831353,Left,CLE_TIG,"DeShazo, Owen",703506,Right,BOC_EAG,Undefined,2,Top,2,0,2,Curveball,Curveball,StrikeSwinging,Strikeout,Undefined,Undefined,0,0,,75.27039,0.850538,1.538084,2080.361042,293.11841,3:45,5.18199,-2.1534,5.02588,-52.90121,-1.18441,7.09087,1.57647,-0.11081,68.32104,-8.751387,2.791483,0.517592,,,,,,,,,,,,-3.01,-0.3126,2.00026,50,5.22113,-3.21043,-109.01429,-0.19545,-3.56521,21.97674,-32.54432,CLE_TIG,BOC_EAG,KingsmoreStadium,D1,ACC,20260502-KingsmoreStadium-1,b47e1ac0-464f-11f1-868c-97266ddeb381,72.82274,,,6.94935,,,,,,,a7847587-5f2b-422e-b1cb-e44e7d195d4c,2026-05-02,17:52:36.38,2026-05-02T13:52:36.3837952-04:00,2026-05-02T17:52:36.3837952Z,,v3,471272,227,26599,"Savoie, Nate",832476,Right,CLE_TIG,5f380eaf-a0bf-4f16-9593-567e05bbb321,55.47174,-110.11184,10.98837,5.19031,1.42986,-16.27216,2.15615,-3.03238,-1.78261,,,,,,,,,,,,,,,,,,,,,,,,,,,,,,,,,,,,,,,,,,,,,,,,,,,High,High,High,,,,,,,,,,,,,,,,,,,,,,,,,,,,,,,,,,,,,,,
80,2026-05-02,13:55:56.01,1,1,"Gelbsman, Aidan",839405,Left,BOC_EAG,"Fultz, Jason",828238,Right,CLE_TIG,Undefined,2,Bottom,0,0,0,FourSeamFastBall,Four-Seam,HitByPitch,Undefined,Undefined,Undefined,0,0,,90.0572,-4.596456,5.0609,2176.24446,146.430039,11:00,5.9446,-0.86633,5.25402,-16.8793,19.29009,-11.90528,0.19285,2.90928,81.37114,-7.776662,2.961395,0.432855,,,,,,,,,,,,7.81185,11.63705,0.41093,50,5.50911,-10.97959,-129.71993,-11.03147,13.1145,30.87086,-12.63781,CLE_TIG,BOC_EAG,KingsmoreStadium,D1,ACC,20260502-KingsmoreStadium-1,2b6a97d0-4650-11f1-868c-97266ddeb381,87.07875,,,8.68606,,,,,,,a7847587-5f2b-422e-b1cb-e44e7d195d4c,2026-05-02,17:55:56.01,2026-05-02T13:55:56.0147968-04:00,2026-05-02T17:55:56.0147968Z,,v3,471272,227,26599,"Johnson, Gunnar",1000100233,Right,BOC_EAG,6980a23f-cd60-48f1-9cac-6ce51af3c682,55.2482,-130.96295,15.43543,5.94304,-10.52261,-6.31891,0.86365,-11.50765,6.55725,,,,,,,,,,,,,,,,,,,,,,,,,,,,,,,,,,,,,,,,,,,,,,,,,,,High,High,High,,,,,,,,,,,,,,,,,,,,,,,,,,,,,,,,,,,,,,,
81,2026-05-02,13:56:33.51,2,1,"Gelbsman, Aidan",839405,Left,BOC_EAG,"Clavon, Bryce",815366,Right,CLE_TIG,Undefined,2,Bottom,0,0,0,FourSeamFastBall,Four-Seam,FoulBallNotFieldable,Undefined,Undefined,Undefined,0,0,,90.43677,-2.248098,1.866997,2236.400163,150.564795,11:00,5.92229,-1.28262,5.04068,-13.37576,22.52777,-11.95119,2.6847,-0.51672,81.23487,-4.829816,-0.243019,0.431261,74.93227,50.297502,153.972954,3793.163487,-99.49065,67.05941,46.92112,196.54784,67.36572,153.96182,3.641282,6.57284,12.31512,1.11467,50,5.69812,-3.70027,-130.83779,-5.53734,11.20169,31.94098,-11.18607,CLE_TIG,BOC_EAG,KingsmoreStadium,D1,ACC,20260502-KingsmoreStadium-1,41cabe10-4650-11f1-868c-97266ddeb381,87.40054,67.17653,,9.2019,,,,2.09786,2.86631,0.52663,a7847587-5f2b-422e-b1cb-e44e7d195d4c,2026-05-02,17:56:33.51,2026-05-02T13:56:33.5186944-04:00,2026-05-02T17:56:33.5186944Z,FlyBall,v3,471272,227,26599,"Johnson, Gunnar",1000100233,Right,BOC_EAG,6c281174-a0fc-462e-b7aa-757311da915f,55.4566,-132.16317,15.97049,5.91826,-5.07317,-5.59303,1.27786,-4.16508,5.60084,350.573925,2.09774,-63.08162,0.82644,1.88543,-0.47874,-0.02055,0.05919,-0.01552,0.0013,2.86687,84.53983,-33.79293,4.90432,-0.77559,0.00866,0.02874,-0.00518,0.00027,0.52673,30.8041,-3.21547,0.54664,-0.07686,0.0155,-0.0086,0.00239,-0.00022,,,,,,,,,,,,,,,,,,,,,,,High,High,High,High,Low,,,,,,,,,,,,,,,,,,,,,,,,,,,,,,,,,,,,,
82,2026-05-02,13:56:57.36,2,2,"Gelbsman, Aidan",839405,Left,BOC_EAG,"Clavon, Bryce",815366,Right,CLE_TIG,Undefined,2,Bottom,0,0,1,Curveball,Curveball,BallCalled,Undefined,Undefined,Undefined,0,0,,77.58766,3.217914,-0.27932,2355.10571,332.332652,5:00,5.91621,-1.30773,4.86465,-58.07712,-10.11922,6.0289,4.12517,-1.06968,71.56195,-7.219545,0.782566,0.498427,,,,,,,,,,,,-3.03394,-5.35768,1.32986,50,6.18351,0.298,-112.56754,4.17315,-3.92234,18.98593,-39.10058,CLE_TIG,BOC_EAG,KingsmoreStadium,D1,ACC,20260502-KingsmoreStadium-1,500ccc20-4650-11f1-868c-97266ddeb381,75.6228,,,6.02571,,,,,,,a7847587-5f2b-422e-b1cb-e44e7d195d4c,2026-05-02,17:56:57.36,2026-05-02T13:56:57.3605376-04:00,2026-05-02T17:56:57.3605376Z,,v3,471272,227,26599,"Johnson, Gunnar",1000100233,Right,BOC_EAG,f9174c3c-ec92-4d33-9b3a-0245042ad5f8,55.63823,-113.51451,9.49296,5.92672,6.1234,-19.55029,1.31012,0.49363,-1.96117,,,,,,,,,,,,,,,,,,,,,,,,,,,,,,,,,,,,,,,,,,,,,,,,,,,High,High,High,,,,,,,,,,,,,,,,,,,,,,,,,,,,,,,,,,,,,,,
83,2026-05-02,13:57:17.34,2,3,"Gelbsman, Aidan",839405,Left,BOC_EAG,"Clavon, Bryce",815366,Right,CLE_TIG,Undefined,2,Bottom,0,1,1,Curveball,Curveball,BallCalled,Undefined,Undefined,Undefined,0,0,,75.81481,1.574267,-0.774048,2430.547614,337.103759,5:15,5.91823,-1.11323,4.73698,-62.67779,-12.1139,5.75181,2.18901,-1.36826,70.11692,-9.633548,0.239126,0.51179,,,,,,,,,,,,-3.0337,-5.92055,1.1858,50,6.02053,1.25234,-110.06647,0.72007,-3.73213,19.01489,-39.45765,CLE_TIG,BOC_EAG,KingsmoreStadium,D1,ACC,20260502-KingsmoreStadium-1,5bf30fe0-4650-11f1-868c-97266ddeb381,73.64827,,,5.69789,,,,,,,a7847587-5f2b-422e-b1cb-e44e7d195d4c,2026-05-02,17:57:17.34,2026-05-02T13:57:17.3498368-04:00,2026-05-02T17:57:17.3498368Z,,v3,471272,227,26599,"Johnson, Gunnar",1000100233,Right,BOC_EAG,bd2ebbcc-4734-422c-be35-433251ec8945,55.76649,-111.05821,9.50744,5.9293,2.77803,-19.72883,1.11541,1.44699,-1.86606,,,,,,,,,,,,,,,,,,,,,,,,,,,,,,,,,,,,,,,,,,,,,,,,,,,High,High,High,,,,,,,,,,,,,,,,,,,,,,,,,,,,,,,,,,,,,,,
84,2026-05-02,13:57:37.98,2,4,"Gelbsman, Aidan",839405,Left,BOC_EAG,"Clavon, Bryce",815366,Right,CLE_TIG,Undefined,2,Bottom,0,2,1,FourSeamFastBall,Sinker,FoulBallNotFieldable,Undefined,Undefined,Undefined,0,0,,89.54355,-2.638347,1.364556,2100.886928,145.385421,10:45,5.98623,-1.12057,5.0791,-15.0643,21.08934,-13.70855,2.24132,-0.97638,81.44185,-5.490811,-1.058648,0.43276,74.61173,12.459217,167.777714,771.628655,,,,116.5144,46.69212,167.264147,1.223284,7.24595,11.62949,1.00278,50,5.72505,-2.45638,-129.72417,-6.46114,12.28756,28.36532,-12.45288,CLE_TIG,BOC_EAG,KingsmoreStadium,D1,ACC,20260502-KingsmoreStadium-1,6838d8c0-4650-11f1-868c-97266ddeb381,87.09769,8.5395,,8.1017,,,,1.50595,2.18907,0.99574,a7847587-5f2b-422e-b1cb-e44e7d195d4c,2026-05-02,17:57:37.98,2026-05-02T13:57:37.9862528-04:00,2026-05-02T17:57:37.9862528Z,LineDrive,v3,471272,227,26599,"Johnson, Gunnar",1000100233,Right,BOC_EAG,9f03c939-399b-4557-ba18-f466f6632e0e,55.4197,-130.90387,14.18266,5.983,-5.94323,-6.22644,1.11557,-2.96741,6.14378,357.485762,1.46992,-104.01849,8.12377,,,,,,,2.32339,22.1038,-19.70325,,,,,,,1.00627,22.50104,-1.90721,,,,,,,,,,,,,,,,,,,,,,,,,,,,,High,High,High,High,Medium,,,,,,,,,,,,,,,,,,,,,,,,,,,,,,,,,,,,,
85,2026-05-02,13:58:02.03,2,5,"Gelbsman, Aidan",839405,Left,BOC_EAG,"Clavon, Bryce",815366,Right,CLE_TIG,Undefined,2,Bottom,0,2,2,Curveball,Curveball,BallCalled,Undefined,Undefined,Undefined,0,0,,77.53783,-0.165335,0.852569,2586.389664,339.203239,5:15,5.81166,-1.11898,4.52113,-57.82483,-8.55953,3.87126,0.83544,0.01568,71.14995,-10.474005,1.532434,0.505175,,,,,,,,,,,,-1.6435,-3.7454,1.02596,50,5.73881,-1.83544,-112.39621,-2.51784,-2.08394,22.03919,-36.92323,CLE_TIG,BOC_EAG,KingsmoreStadium,D1,ACC,20260502-KingsmoreStadium-1,76960ff0-4650-11f1-868c-97266ddeb381,74.61261,,,6.38788,,,,,,,a7847587-5f2b-422e-b1cb-e44e7d195d4c,2026-05-02,17:58:02.03,2026-05-02T13:58:02.0398080-04:00,2026-05-02T17:58:02.0398080Z,,v3,471272,227,26599,"Johnson, Gunnar",1000100233,Right,BOC_EAG,b5e531f9-0360-45c2-b0f3-9e8f7c24957b,55.98032,-113.56281,11.01959,5.82036,-0.5634,-18.46161,1.12019,-1.72513,-1.04197,,,,,,,,,,,,,,,,,,,,,,,,,,,,,,,,,,,,,,,,,,,,,,,,,,,High,High,High,,,,,,,,,,,,,,,,,,,,,,,,,,,,,,,,,,,,,,,
86,2026-05-02,13:58:24.90,2,6,"Gelbsman, Aidan",839405,Left,BOC_EAG,"Clavon, Bryce",815366,Right,CLE_TIG,Undefined,2,Bottom,0,3,2,FourSeamFastBall,Four-Seam,FoulBallNotFieldable,Undefined,Undefined,Undefined,0,0,,89.98631,-2.368128,1.347961,2205.010696,145.095059,10:45,5.95341,-1.25802,5.05034,-14.30674,21.78639,-14.28855,2.52573,-1.17713,81.2065,-5.103931,-1.176231,0.432398,72.27318,57.916997,123.235537,4016.748522,,,,,30.21145,,,7.5641,11.96068,1.14181,50,5.7174,-2.39811,-130.27928,-5.83318,12.83328,30.64878,-11.88156,CLE_TIG,BOC_EAG,KingsmoreStadium,D1,ACC,20260502-KingsmoreStadium-1,8429b590-4650-11f1-868c-97266ddeb381,87.17069,43.46488,,8.77981,,,,1.86658,2.44245,1.09577,a7847587-5f2b-422e-b1cb-e44e7d195d4c,2026-05-02,17:58:24.90,2026-05-02T13:58:24.9051648-04:00,2026-05-02T17:58:24.9051648Z,,v3,471272,227,26599,"Johnson, Gunnar",1000100233,Right,BOC_EAG,e751dae4-d5fe-499b-bf7d-4e2ea2611f30,55.44782,-131.55466,15.32439,5.94985,-5.33876,-5.94078,1.25271,-2.93214,6.41664,334.838497,1.86658,-30.85776,-4.19385,2.37387,-2.234,7.08993,-16.21325,19.26541,-9.05006,2.44245,89.81218,-30.62051,4.15687,-1.6297,3.46385,-7.69237,9.07163,-4.23005,1.09577,47.09231,-6.1617,1.08268,-0.43307,1.10999,-2.51456,2.96303,-1.3771,,,,,,,,,,,,,,,,,,,,,,,High,High,High,High,Undefined,,,,,,,,,,,,,,,,,,,,,,,,,,,,,,,,,,,,,
87,2026-05-02,13:58:50.32,2,7,"Gelbsman, Aidan",839405,Left,BOC_EAG,"Clavon, Bryce",815366,Right,CLE_TIG,Undefined,2,Bottom,0,3,2,FourSeamFastBall,Four-Seam,HitByPitch,Undefined,Undefined,Undefined,0,0,,89.46216,-2.697299,4.209831,2141.774215,144.715345,10:45,5.91671,-1.13014,5.29253,-18.37363,17.83245,-11.71627,1.84423,1.85344,81.10419,-6.150479,2.138091,0.433074,,,,,,,,,,,,7.33225,10.20229,0.75575,50,5.65773,-9.01812,-129.34016,-6.72837,12.30015,29.41992,-15.05932,CLE_TIG,BOC_EAG,KingsmoreStadium,D1,ACC,20260502-KingsmoreStadium-1,93503030-4650-11f1-868c-97266ddeb381,87.03466,,,8.35796,,,,,,,a7847587-5f2b-422e-b1cb-e44e7d195d4c,2026-05-02,17:58:50.32,2026-05-02T13:58:50.3203328-04:00,2026-05-02T17:58:50.3203328Z,,v3,471272,227,26599,"Johnson, Gunnar",1000100233,Right,BOC_EAG,d5f211c6-2303-48cc-b6bf-df7cefdc926a,55.20912,-130.51966,14.70996,5.91538,-6.12461,-7.52966,1.12719,-9.51125,6.15008,,,,,,,,,,,,,,,,,,,,,,,,,,,,,,,,,,,,,,,,,,,,,,,,,,,High,High,High,,,,,,,,,,,,,,,,,,,,,,,,,,,,,,,,,,,,,,,
88,2026-05-02,13:59:40.07,3,1,"Gelbsman, Aidan",839405,Left,BOC_EAG,"Savoie, Nate",832476,Right,CLE_TIG,Undefined,2,Bottom,0,0,0,FourSeamFastBall,Four-Seam,BallCalled,Undefined,Undefined,Undefined,0,0,,90.72797,0.005703,1.649348,2158.237754,148.901908,11:00,5.9864,-1.18295,4.89267,-14.96898,20.66493,-11.70784,4.74438,-0.59802,81.76929,-2.847628,-0.412054,0.429639,,,,,,,,,,,,6.23107,10.50851,1.03154,50,5.97533,-3.20163,-131.37443,-0.46588,10.77675,30.53139,-13.99939,CLE_TIG,BOC_EAG,KingsmoreStadium,D1,ACC,20260502-KingsmoreStadium-1,b0facaf0-4650-11f1-868c-97266ddeb381,87.73058,,,8.95867,,,,,,,a7847587-5f2b-422e-b1cb-e44e7d195d4c,2026-05-02,17:59:40.07,2026-05-02T13:59:40.0754688-04:00,2026-05-02T17:59:40.0754688Z,,v3,471272,227,26599,"Johnson, Gunnar",1000100233,Right,BOC_EAG,391b249e-b318-4119-b819-f04e88e9d1c2,55.60239,-132.67003,15.2657,5.9825,0.12819,-6.9997,1.17711,-3.65894,5.38837,,,,,,,,,,,,,,,,,,,,,,,,,,,,,,,,,,,,,,,,,,,,,,,,,,,High,High,High,,,,,,,,,,,,,,,,,,,,,,,,,,,,,,,,,,,,,,,
89,2026-05-02,13:59:59.30,3,2,"Gelbsman, Aidan",839405,Left,BOC_EAG,"Savoie, Nate",832476,Right,CLE_TIG,Undefined,2,Bottom,0,1,0,FourSeamFastBall,Four-Seam,BallCalled,Undefined,Undefined,Undefined,0,0,,90.1738,-0.234898,1.370414,2154.491747,147.00001,11:00,5.95461,-1.12545,5.09148,-14.3593,21.34485,-13.06367,4.53656,-0.92229,81.50928,-2.984997,-0.938686,0.430062,,,,,,,,,,,,6.8367,10.98249,1.0064,50,5.92183,-2.49336,-130.67092,-0.96676,11.72689,29.57576,-13.33596,CLE_TIG,BOC_EAG,KingsmoreStadium,D1,ACC,20260502-KingsmoreStadium-1,bc71d220-4650-11f1-868c-97266ddeb381,87.64428,,,8.66452,,,,,,,a7847587-5f2b-422e-b1cb-e44e7d195d4c,2026-05-02,17:59:59.30,2026-05-02T13:59:59.3082880-04:00,2026-05-02T17:59:59.3082880Z,,v3,471272,227,26599,"Johnson, Gunnar",1000100233,Right,BOC_EAG,3d4d5a57-a3d6-48da-8b1e-84bf12c43ec9,55.40393,-131.88836,14.78788,5.95033,-0.41781,-6.66798,1.11897,-2.97608,5.86345,,,,,,,,,,,,,,,,,,,,,,,,,,,,,,,,,,,,,,,,,,,,,,,,,,,High,High,High,,,,,,,,,,,,,,,,,,,,,,,,,,,,,,,,,,,,,,,
90,2026-05-02,14:01:23.14,3,3,"Gelbsman, Aidan",839405,Left,BOC_EAG,"Savoie, Nate",832476,Right,CLE_TIG,Undefined,2,Bottom,0,2,0,FourSeamFastBall,Four-Seam,StrikeCalled,Undefined,Undefined,Undefined,0,0,,90.58379,-2.479437,2.153998,2066.004352,151.47704,11:00,5.96373,-1.12871,5.08106,-13.58272,22.05135,-11.27544,2.49152,-0.03694,81.65059,-5.089519,0.162336,0.429639,,,,,,,,,,,,6.22855,12.05918,0.93382,50,5.71877,-4.38106,-131.02735,-6.07489,10.69598,30.83684,-11.4654,CLE_TIG,BOC_EAG,KingsmoreStadium,D1,ACC,20260502-KingsmoreStadium-1,ee67e3f0-4650-11f1-868c-97266ddeb381,87.7304,,,8.9332,,,,,,,a7847587-5f2b-422e-b1cb-e44e7d195d4c,2026-05-02,18:01:23.14,2026-05-02T14:01:23.1497216-04:00,2026-05-02T18:01:23.1497216Z,,v3,471272,227,26599,"Johnson, Gunnar",1000100233,Right,BOC_EAG,92485371-7dca-4dfc-85d5-efbca7cf35c2,55.41408,-132.2954,15.41842,5.95888,-5.60342,-5.7327,1.12302,-4.82089,5.34799,,,,,,,,,,,,,,,,,,,,,,,,,,,,,,,,,,,,,,,,,,,,,,,,,,,High,High,High,,,,,,,,,,,,,,,,,,,,,,,,,,,,,,,,,,,,,,,
91,2026-05-02,14:01:40.71,3,4,"Gelbsman, Aidan",839405,Left,BOC_EAG,"Savoie, Nate",832476,Right,CLE_TIG,Undefined,2,Bottom,0,2,1,FourSeamFastBall,Four-Seam,FoulBallNotFieldable,Undefined,Undefined,Undefined,0,0,,90.13323,-2.266392,1.415676,2101.177368,156.432852,11:15,5.89803,-1.13655,5.07331,-14.16879,21.76375,-8.92745,2.57884,-0.54557,81.3468,-4.978678,-0.161901,0.431435,75.19111,31.750016,164.955447,1865.398142,,,,,48.58547,,,4.88792,11.89883,1.00975,50,5.67275,-2.80412,-130.48314,-5.59942,8.32519,30.55027,-11.90769,CLE_TIG,BOC_EAG,KingsmoreStadium,D1,ACC,20260502-KingsmoreStadium-1,f8e39b30-4650-11f1-868c-97266ddeb381,87.36529,27.00259,,8.78643,,,,1.61229,2.70506,0.54904,a7847587-5f2b-422e-b1cb-e44e7d195d4c,2026-05-02,18:01:40.71,2026-05-02T14:01:40.7145472-04:00,2026-05-02T18:01:40.7145472Z,,v3,471272,227,26599,"Johnson, Gunnar",1000100233,Right,BOC_EAG,b12f53dc-d6d1-4bab-9a57-277c34d8f13f,55.42371,-131.74688,15.27514,5.89418,-5.10684,-5.95385,1.13287,-3.1485,4.1626,348.223057,1.61229,-90.56266,6.91488,-0.35716,0.06987,0.00646,-0.00221,0.00081,-0.00029,2.70506,58.03096,-27.49891,3.20013,-0.6788,0.1458,-0.02885,0.00673,-0.00115,0.54904,24.34168,-3.31298,0.4271,-0.08969,0.01353,-0.00224,-5E-05,0.00022,,,,,,,,,,,,,,,,,,,,,,,High,High,High,High,Undefined,,,,,,,,,,,,,,,,,,,,,,,,,,,,,,,,,,,,,
92,2026-05-02,14:02:04.16,3,5,"Gelbsman, Aidan",839405,Left,BOC_EAG,"Savoie, Nate",832476,Right,CLE_TIG,Undefined,2,Bottom,0,2,2,Curveball,Curveball,FoulBallNotFieldable,Undefined,Undefined,Undefined,0,0,,76.206,1.237659,2.526036,2508.943161,342.146325,5:30,5.79977,-1.33601,4.86658,-64.64362,-14.27009,5.12079,1.58542,1.48286,70.00104,-10.339177,3.428895,0.510826,95.46057,17.970149,-78.044877,2554.557948,22.48215,22.58483,-107.67761,231.37163,87.48284,-81.358498,2.179225,-1.79036,-7.09835,1.08252,50,5.86577,-5.07663,-110.46813,0.06316,-2.19419,21.18668,-40.8735,CLE_TIG,BOC_EAG,KingsmoreStadium,D1,ACC,20260502-KingsmoreStadium-1,06e80400-4651-11f1-868c-97266ddeb381,73.7873,22.84841,,6.20496,,,,3.60874,1.9762,-1.35223,a7847587-5f2b-422e-b1cb-e44e7d195d4c,2026-05-02,18:02:04.16,2026-05-02T14:02:04.1613312-04:00,2026-05-02T18:02:04.1613312Z,LineDrive,v3,471272,227,26599,"Johnson, Gunnar",1000100233,Right,BOC_EAG,ac83704c-53a6-4a70-8c6c-2918a96f4d5e,55.63697,-111.544,10.59334,5.80986,2.13874,-20.43675,1.33748,-4.96521,-1.09709,,3.60877,27.58331,-8.40125,1.16714,0.33751,-0.46568,0.22646,-0.05562,0.00564,1.97623,43.19106,-24.65128,2.45624,0.14395,-0.46028,0.24192,-0.06047,0.00615,-1.35223,-130.29071,14.59719,-2.06328,0.71526,-0.31808,0.12583,-0.0296,0.00296,,,,,,,,,,,,,,,,,,,,,,,High,High,High,Medium,Low,,,,,,,,,,,,,,,,,,,,,,,,,,,,,,,,,,,,,
93,2026-05-02,14:02:27.91,3,6,"Gelbsman, Aidan",839405,Left,BOC_EAG,"Savoie, Nate",832476,Right,CLE_TIG,Undefined,2,Bottom,0,2,2,Curveball,Curveball,StrikeSwinging,Strikeout,Undefined,Undefined,0,0,,75.50593,-0.123877,1.458296,2548.198599,342.319146,5:30,5.78447,-1.35212,4.90345,-65.0548,-13.78072,4.93012,0.24604,0.43819,69.52083,-11.755527,2.331024,0.515371,,,,,,,,,,,,-2.01232,-6.44055,1.20505,50,5.71687,-2.98088,-109.5266,-2.54165,-2.4181,21.2887,-39.91335,CLE_TIG,BOC_EAG,KingsmoreStadium,D1,ACC,20260502-KingsmoreStadium-1,150ee8f0-4651-11f1-868c-97266ddeb381,73.13645,,,5.9851,,,,,,,a7847587-5f2b-422e-b1cb-e44e7d195d4c,2026-05-02,18:02:27.91,2026-05-02T14:02:27.9140352-04:00,2026-05-02T18:02:27.9140352Z,,v3,471272,227,26599,"Johnson, Gunnar",1000100233,Right,BOC_EAG,0588f496-b535-41d9-b8b3-bccf6d8e47b1,55.59984,-110.60969,10.64435,5.79452,-0.51101,-19.95668,1.35358,-2.85786,-1.20905,,,,,,,,,,,,,,,,,,,,,,,,,,,,,,,,,,,,,,,,,,,,,,,,,,,High,High,High,,,,,,,,,,,,,,,,,,,,,,,,,,,,,,,,,,,,,,,
94,2026-05-02,14:03:11.72,4,1,"Gelbsman, Aidan",839405,Left,BOC_EAG,"Gaffney, Luke",808781,Right,CLE_TIG,Undefined,2,Bottom,1,0,0,Curveball,Curveball,BallCalled,Undefined,Undefined,Undefined,0,0,,76.12062,3.655702,-0.298652,2540.114419,333.597043,5:00,5.82657,-1.3892,4.35704,-62.70818,-10.86068,6.29508,4.09788,-1.14991,68.83165,-7.566488,0.799466,0.518245,,,,,,,,,,,,-3.10295,-5.74386,1.41457,50,6.15662,0.29564,-110.02597,4.59637,-3.75687,21.76473,-39.12833,CLE_TIG,BOC_EAG,KingsmoreStadium,D1,ACC,20260502-KingsmoreStadium-1,2f2cda80-4651-11f1-868c-97266ddeb381,72.73089,,,7.28897,,,,,,,a7847587-5f2b-422e-b1cb-e44e7d195d4c,2026-05-02,18:03:11.72,2026-05-02T14:03:11.7229056-04:00,2026-05-02T18:03:11.7229056Z,,v3,471272,227,26599,"Johnson, Gunnar",1000100233,Right,BOC_EAG,f7275d3e-38d2-4dda-9020-b8d5f4ccc5b3,56.14232,-111.23438,10.88237,5.84112,6.76882,-19.56417,1.39237,0.50423,-1.87843,,,,,,,,,,,,,,,,,,,,,,,,,,,,,,,,,,,,,,,,,,,,,,,,,,,High,High,High,,,,,,,,,,,,,,,,,,,,,,,,,,,,,,,,,,,,,,,
95,2026-05-02,14:03:30.06,4,2,"Gelbsman, Aidan",839405,Left,BOC_EAG,"Gaffney, Luke",808781,Right,CLE_TIG,Undefined,2,Bottom,1,1,0,Curveball,Curveball,BallCalled,Undefined,Undefined,Undefined,0,0,,76.34316,2.651814,-1.491326,2609.807607,321.877463,4:45,5.88563,-1.22258,4.58466,-64.28299,-13.00808,11.67024,3.05405,-1.66908,68.97462,-8.885475,0.555512,0.515376,,,,,,,,,,,,-6.12016,-6.54036,1.36532,50,6.10009,2.36882,-110.42454,2.66549,-7.42303,22.90818,-40.10672,CLE_TIG,BOC_EAG,KingsmoreStadium,D1,ACC,20260502-KingsmoreStadium-1,3a1b29b0-4651-11f1-868c-97266ddeb381,73.13587,,,7.36854,,,,,,,a7847587-5f2b-422e-b1cb-e44e7d195d4c,2026-05-02,18:03:30.06,2026-05-02T14:03:30.0660224-04:00,2026-05-02T18:03:30.0660224Z,,v3,471272,227,26599,"Johnson, Gunnar",1000100233,Right,BOC_EAG,539a70c0-064d-44fa-bd2a-3f87e99e3361,55.91533,-111.64496,11.45409,5.90117,4.80216,-20.05336,1.22858,2.76428,-3.71152,,,,,,,,,,,,,,,,,,,,,,,,,,,,,,,,,,,,,,,,,,,,,,,,,,,High,High,High,,,,,,,,,,,,,,,,,,,,,,,,,,,,,,,,,,,,,,,
96,2026-05-02,14:03:51.82,4,3,"Gelbsman, Aidan",839405,Left,BOC_EAG,"Gaffney, Luke",808781,Right,CLE_TIG,Undefined,2,Bottom,1,2,0,FourSeamFastBall,Four-Seam,InPlay,Undefined,GroundBall,Out,1,0,,89.11897,-1.383012,1.992343,2126.104288,150.448758,11:00,5.83579,-1.35862,5.19274,-17.05721,19.88651,-10.45847,3.11234,-0.35523,79.62667,-4.643122,0.140795,0.437463,77.71613,1.979752,-24.341062,1920.757828,,,,65.3201,60.95426,-25.581366,0.58889,5.92205,10.80532,1.18218,50,5.69552,-4.0018,-128.92134,-3.64942,9.74057,32.47608,-14.40143,CLE_TIG,BOC_EAG,KingsmoreStadium,D1,ACC,20260502-KingsmoreStadium-1,4706a870-4651-11f1-868c-97266ddeb381,86.16137,3.59618,,9.4923,,,,2.77684,3.3685,0.31901,a7847587-5f2b-422e-b1cb-e44e7d195d4c,2026-05-02,18:03:51.82,2026-05-02T14:03:51.8235136-04:00,2026-05-02T18:03:51.8235136Z,GroundBall,v3,471272,227,26599,"Johnson, Gunnar",1000100233,Right,BOC_EAG,235942ab-14f8-44e0-a9da-61ea7aa760a8,55.30325,-130.25041,16.23804,5.83281,-3.06005,-7.20071,1.3541,-4.40043,4.87029,87.292161,2.79312,103.41803,-13.82207,,,,,,,3.37936,3.691,-16.04246,,,,,,,0.32902,-47.18199,-2.18593,,,,,,,,,,,,,,,,,,,,,,,,,,,,,High,High,High,High,High,,,,,,,,,,,,,,,,,,,,,,,,,,,,,,,,,,,,,
97,2026-05-02,14:04:31.13,5,1,"Gelbsman, Aidan",839405,Left,BOC_EAG,"Jarrell, Jacob",703447,Right,CLE_TIG,Undefined,2,Bottom,2,0,0,Curveball,Curveball,InPlay,Undefined,FlyBall,Out,1,0,,77.02805,2.161856,-0.527318,2638.830607,333.610483,5:00,5.89402,-1.42618,4.57845,-64.5887,-14.82745,8.16288,2.5695,-1.24765,70.49494,-9.379338,0.905811,0.507711,92.05575,21.464203,6.786483,2070.424443,108.7751,37.87823,16.36701,320.75941,311.9193,10.582722,3.81368,-4.15642,-7.47485,1.47257,50,6.05649,0.68428,-111.66377,1.75903,-5.21071,21.43618,-41.54493,CLE_TIG,BOC_EAG,KingsmoreStadium,D1,ACC,20260502-KingsmoreStadium-1,5e862160-4651-11f1-868c-97266ddeb381,74.23988,46.69056,,6.53311,,,,0.83825,2.48133,1.21339,a7847587-5f2b-422e-b1cb-e44e7d195d4c,2026-05-02,18:04:31.13,2026-05-02T14:04:31.1379456-04:00,2026-05-02T18:04:31.1379456Z,LineDrive,v3,471272,227,26599,"Johnson, Gunnar",1000100233,Right,BOC_EAG,cd6655fb-a6e7-4761-9b38-4ed77b4ab46a,55.92485,-112.79543,10.71809,5.90574,3.95228,-20.77247,1.42919,0.95937,-2.60535,196.356854,0.83808,124.77686,-21.12375,4.70448,-0.91009,0.14388,-0.01545,0.00063,3E-05,2.48171,49.38995,-14.46293,0.44107,-0.095,0.05803,-0.02197,0.00435,-0.00034,1.21348,14.84484,0.41176,-0.21243,0.06001,-0.01028,0.00094,-4E-05,0,,,,,,,,,,,,,,,,,,,,,,,High,High,High,High,High,,,,,,,,,,,,,,,,,,,,,,,,,,,,,,,,,,,,,
98,2026-05-02,14:06:50.02,1,1,"Sharman, Michael",831353,Left,CLE_TIG,"Williams, Ben",831962,Right,BOC_EAG,Undefined,3,Top,0,0,0,TwoSeamFastBall,Sinker,BallCalled,Undefined,Undefined,Undefined,0,0,,87.36606,-0.819794,5.674864,2208.060585,124.075175,10:15,5.11626,-2.07605,5.71553,-23.29804,14.98721,-19.76859,2.40725,1.58042,77.28756,-5.250814,2.162137,0.445335,,,,,,,,,,,,11.99138,8.33713,1.61187,50,5.03344,-11.62095,-125.86305,-2.52898,18.65321,32.74889,-19.2052,CLE_TIG,BOC_EAG,KingsmoreStadium,D1,ACC,20260502-KingsmoreStadium-1,b148a760-4651-11f1-868c-97266ddeb381,84.63834,,,10.0785,,,,,,,a7847587-5f2b-422e-b1cb-e44e7d195d4c,2026-05-02,18:06:50.02,2026-05-02T14:06:50.0251648-04:00,2026-05-02T18:06:50.0251648Z,,v3,471272,227,26599,"Savoie, Nate",832476,Right,CLE_TIG,3910d1f5-b430-4cd7-aba8-d283867b3f4b,54.7775,-127.10005,16.37445,5.11527,-1.80355,-9.6026,2.06413,-12.32552,9.3266,,,,,,,,,,,,,,,,,,,,,,,,,,,,,,,,,,,,,,,,,,,,,,,,,,,High,High,High,,,,,,,,,,,,,,,,,,,,,,,,,,,,,,,,,,,,,,,
99,2026-05-02,14:07:04.71,1,2,"Sharman, Michael",831353,Left,CLE_TIG,"Williams, Ben",831962,Right,BOC_EAG,Undefined,3,Top,0,1,0,TwoSeamFastBall,Sinker,StrikeCalled,Undefined,Undefined,Undefined,0,0,,86.99478,-0.838805,4.843308,2259.129565,123.673432,10:00,4.99707,-2.26617,5.87077,-25.09364,13.05851,-17.26973,2.12396,0.80416,77.35809,-5.592066,1.759129,0.44456,,,,,,,,,,,,10.49532,7.40119,1.88316,50,4.91477,-9.89806,-125.59098,-2.6247,16.30446,31.91767,-20.67632,CLE_TIG,BOC_EAG,KingsmoreStadium,D1,ACC,20260502-KingsmoreStadium-1,ba071e40-4651-11f1-868c-97266ddeb381,84.78586,,,9.6367,,,,,,,a7847587-5f2b-422e-b1cb-e44e7d195d4c,2026-05-02,18:07:04.71,2026-05-02T14:07:04.7101440-04:00,2026-05-02T18:07:04.7101440Z,,v3,471272,227,26599,"Savoie, Nate",832476,Right,CLE_TIG,ba9c3736-2c4a-4423-bebe-d1b2c383406d,54.62373,-126.7606,15.95884,4.99707,-1.86701,-10.33816,2.25682,-10.49554,8.15223,,,,,,,,,,,,,,,,,,,,,,,,,,,,,,,,,,,,,,,,,,,,,,,,,,,High,High,High,,,,,,,,,,,,,,,,,,,,,,,,,,,,,,,,,,,,,,,
100,2026-05-02,14:07:19.43,1,3,"Sharman, Michael",831353,Left,CLE_TIG,"Williams, Ben",831962,Right,BOC_EAG,Undefined,3,Top,0,1,1,TwoSeamFastBall,Changeup,BallCalled,Undefined,Undefined,Undefined,0,0,,88.66205,-1.059685,5.445894,2307.04316,116.193705,9:45,5.05033,-2.20637,5.72474,-25.12875,11.53288,-20.60044,1.96469,1.16457,79.49661,-5.776283,1.78083,0.43579,,,,,,,,,,,,12.20257,6.60752,1.76318,50,4.9463,-11.29099,-127.9861,-3.21209,19.88064,30.79275,-21.40896,CLE_TIG,BOC_EAG,KingsmoreStadium,D1,ACC,20260502-KingsmoreStadium-1,c2c98cc0-4651-11f1-868c-97266ddeb381,86.49223,,,9.16543,,,,,,,a7847587-5f2b-422e-b1cb-e44e7d195d4c,2026-05-02,18:07:19.43,2026-05-02T14:07:19.4316288-04:00,2026-05-02T18:07:19.4316288Z,,v3,471272,227,26599,"Savoie, Nate",832476,Right,CLE_TIG,2ba53ba0-c2d4-48fc-a59f-b32175c51099,54.77201,-129.12912,15.39638,5.05078,-2.4174,-10.70448,2.19599,-12.02895,9.94032,,,,,,,,,,,,,,,,,,,,,,,,,,,,,,,,,,,,,,,,,,,,,,,,,,,High,High,High,,,,,,,,,,,,,,,,,,,,,,,,,,,,,,,,,,,,,,,
101,2026-05-02,14:07:37.41,1,4,"Sharman, Michael",831353,Left,CLE_TIG,"Williams, Ben",831962,Right,BOC_EAG,Undefined,3,Top,0,2,1,FourSeamFastBall,Changeup,InPlay,Undefined,LineDrive,Double,0,0,,87.66141,-0.739873,4.170648,2201.500453,119.919701,10:00,4.99611,-2.12764,5.81193,-25.21064,11.81351,-18.22202,2.20537,0.23893,79.13513,-5.470963,0.914704,0.437939,106.41288,20.7754,4.983958,2274.940039,109.21131,38.8209,13.14773,362.01876,362.01876,12.564672,4.101854,10.65367,6.63804,1.79649,50,4.92049,-8.49132,-126.90277,-2.45983,17.15424,29.02471,-21.48566,CLE_TIG,BOC_EAG,KingsmoreStadium,D1,ACC,20260502-KingsmoreStadium-1,cd81fee0-4651-11f1-868c-97266ddeb381,86.06771,55.01029,,8.52628,,,,1.80747,2.22403,-0.21561,a7847587-5f2b-422e-b1cb-e44e7d195d4c,2026-05-02,18:07:37.41,2026-05-02T14:07:37.4129664-04:00,2026-05-02T18:07:37.4129664Z,LineDrive,v3,471272,227,26599,"Savoie, Nate",832476,Right,CLE_TIG,8764bbb6-a1ee-4201-83d6-ed6ba83fe1fe,54.68694,-127.97026,14.51235,4.99643,-1.66961,-10.74283,2.12039,-9.12223,8.57712,209.982101,1.80785,145.35601,-29.28865,6.73074,-1.28806,0.18268,-0.01497,0.00016,5E-05,2.22377,55.37648,-15.74262,1.09406,-0.50236,0.22128,-0.05876,0.00848,-0.00051,-0.21568,12.68406,4.11357,-1.18211,0.179,0.00784,-0.00929,0.00163,-0.0001,,,,,,,,,,,,,,,,,,,,,,,High,High,High,High,High,,,,,,,,,,,,,,,,,,,,,,,,,,,,,,,,,,,,,
102,2026-05-02,14:08:29.01,2,1,"Sharman, Michael",831353,Left,CLE_TIG,"Larson, Colin",831502,Left,BOC_EAG,Undefined,3,Top,0,0,0,TwoSeamFastBall,Changeup,StrikeCalled,Undefined,Undefined,Undefined,0,0,,87.65297,-0.458746,4.396661,2233.07011,119.02821,10:00,4.95184,-2.16173,5.82001,-23.93564,13.09253,-21.19655,2.52942,0.16768,79.04909,-4.966952,0.610316,0.437963,,,,,,,,,,,,12.03024,7.19945,1.81332,50,4.90021,-8.82006,-126.82984,-1.77984,19.37456,28.67,-20.57941,CLE_TIG,BOC_EAG,KingsmoreStadium,D1,ACC,20260502-KingsmoreStadium-1,ec420140-4651-11f1-868c-97266ddeb381,86.06306,,,8.60388,,,,,,,a7847587-5f2b-422e-b1cb-e44e7d195d4c,2026-05-02,18:08:29.01,2026-05-02T14:08:29.0130000-04:00,2026-05-02T18:08:29.0130000Z,,v3,471272,227,26599,"Savoie, Nate",832476,Right,CLE_TIG,46a25858-9564-4012-a8e8-152c46f1e9a5,54.67636,-127.88257,14.335,4.95169,-1.02419,-10.28971,2.15024,-9.53147,9.68728,,,,,,,,,,,,,,,,,,,,,,,,,,,,,79.64975,1.503973,0.679168,0.824805,-2.15447,2.20804,-0.19781,-1.48327,6.22999,-3.38421,66.50725,10.9543,-58.27446,-1.28594,87.00186,-5.82605,6.23698,14.65548,-10.83909,-3.6704,-72.28917,7.37197,High,High,High,,,High,Medium,High,,,,,,,,,,,,,,,,,,,,,,,,,,,,,,,,,,
103,2026-05-02,14:09:09.53,2,2,"Sharman, Michael",831353,Left,CLE_TIG,"Larson, Colin",831502,Left,BOC_EAG,Undefined,3,Top,0,0,1,ChangeUp,Slider,InPlay,Undefined,Popup,Error,0,1,,80.87393,0.400502,2.79373,1919.469382,149.735516,11:00,5.0902,-2.21829,5.84481,-35.30348,6.78741,-3.32646,2.52088,0.1028,75.36793,-6.090278,2.198091,0.466945,78.0646,-13.377482,62.750411,,,,,13.41845,13.14182,50.304564,0.104218,2.35744,3.68914,1.99285,50,5.10163,-5.61705,-117.59925,-0.29213,3.3608,18.53428,-26.91475,CLE_TIG,BOC_EAG,KingsmoreStadium,D1,ACC,20260502-KingsmoreStadium-1,04670900-4652-11f1-868c-97266ddeb381,80.72142,2.76907,,5.506,,,,3.2392,2.76907,-0.0266,a7847587-5f2b-422e-b1cb-e44e7d195d4c,2026-05-02,18:09:09.53,2026-05-02T14:09:09.5356416-04:00,2026-05-02T18:09:09.5356416Z,GroundBall,v3,471272,227,26599,"Savoie, Nate",832476,Right,CLE_TIG,66bc9118-5f77-4199-aa01-718287665a13,54.6573,-118.33099,9.26714,5.09219,0.77047,-13.45738,2.21723,-5.74974,1.6804,180,3.23663,51.15451,,,,,,,,2.77041,-26.56987,,,,,,,,-0.0316,99.32437,,,,,,,,,,,,,,,,,,,,,,,,,,,,,,High,High,High,High,High,,,,,,,,,,,,,,,,,,,,,,,,,,,,,,,,,,,,,
104,2026-05-02,14:09:28.13,3,1,"Sharman, Michael",831353,Left,CLE_TIG,"Larson, Colin",831502,Left,BOC_EAG,Undefined,3,Top,0,0,2,Curveball,Curveball,BallCalled,Undefined,Undefined,Undefined,0,0,,75.73608,2.541816,0.43695,1953.585771,301.754452,4:00,5.13629,-2.1937,5.09488,-50.92345,-0.87201,3.83382,3.28971,-1.46242,69.60619,-6.698802,1.114883,0.50919,,,,,,,,,,,,-1.77449,-0.58815,2.14934,50,5.33673,-0.99179,-109.86484,3.11952,-2.1782,18.6771,-32.89603,CLE_TIG,BOC_EAG,KingsmoreStadium,D1,ACC,20260502-KingsmoreStadium-1,0f8e1b70-4652-11f1-868c-97266ddeb381,74.02432,,,6.12989,,,,,,,a7847587-5f2b-422e-b1cb-e44e7d195d4c,2026-05-02,18:09:28.13,2026-05-02T14:09:28.1306624-04:00,2026-05-02T18:09:28.1306624Z,,v3,471272,227,26599,"Savoie, Nate",832476,Right,CLE_TIG,31913f26-cad7-4c26-acea-8ce642edf18d,55.40418,-110.77975,9.33855,5.14445,4.73095,-16.44802,2.19531,-0.88509,-1.0891,,,,,,,,,,,,,,,,,,,,,,,,,,,,,,,,,,,,,,,,,,,,,,,,,,,High,High,High,,,,,,,,,,,,,,,,,,,,,,,,,,,,,,,,,,,,,,,
105,2026-05-02,14:09:43.55,3,2,"Sharman, Michael",831353,Left,CLE_TIG,"Larson, Colin",831502,Left,BOC_EAG,Undefined,3,Top,0,1,2,Curveball,Curveball,InPlay,Undefined,FlyBall,Out,1,0,,75.51779,1.78673,1.523942,1982.848758,324.451363,4:45,5.05508,-2.05476,5.17629,-51.8731,-1.57583,2.23008,2.41473,-0.43459,69.40818,-7.628868,1.918955,0.510439,74.45367,42.187347,21.014788,3682.802824,101.78583,80.00367,41.70885,240.20744,236.10301,22.890443,4.892452,-0.69693,-0.85654,1.91115,50,5.18156,-3.00093,-109.57375,1.67221,-0.848,19.21593,-33.21621,CLE_TIG,BOC_EAG,KingsmoreStadium,D1,ACC,20260502-KingsmoreStadium-1,18b82560-4652-11f1-868c-97266ddeb381,73.84321,84.53339,,6.10961,,,,1.52244,2.47524,0.44041,a7847587-5f2b-422e-b1cb-e44e7d195d4c,2026-05-02,18:09:43.55,2026-05-02T14:09:43.5528704-04:00,2026-05-02T18:09:43.5528704Z,FlyBall,v3,471272,227,26599,"Savoie, Nate",832476,Right,CLE_TIG,c00785e9-765a-4d8a-9f03-b8eb287080cb,55.32433,-110.50353,9.60796,5.06177,3.27941,-16.60811,2.05535,-2.9599,-0.424,186.644848,1.5251,75.47236,-15.87828,3.83563,-0.51013,-0.01909,0.02025,-0.00293,0.00014,2.47365,73.35908,-17.93526,0.75734,0.0181,-0.05935,0.02304,-0.0038,0.00023,0.44141,28.99428,-4.48541,0.86612,-0.05813,-0.02521,0.00799,-0.0009,4E-05,,,,,,,,,,,,,,,,,,,,,,,High,High,High,High,Medium,,,,,,,,,,,,,,,,,,,,,,,,,,,,,,,,,,,,,
106,2026-05-02,14:10:17.95,4,1,"Sharman, Michael",831353,Left,CLE_TIG,"Solier, Julio",827632,Right,BOC_EAG,Undefined,3,Top,1,0,0,Curveball,Changeup,StrikeCalled,Undefined,Undefined,Undefined,0,0,,78.4342,2.006137,2.833364,1372.18121,71.553703,8:30,4.79321,-2.39668,5.96455,-47.56459,-2.68776,-11.80107,2.69266,-0.75081,72.59274,-6.731675,0.71479,0.48215,,,,,,,,,,,,6.75347,-1.47539,2.17841,50,4.92588,-5.20845,-113.95589,2.49825,8.97774,18.79435,-34.13534,CLE_TIG,BOC_EAG,KingsmoreStadium,D1,ACC,20260502-KingsmoreStadium-1,2d39c7a0-4652-11f1-868c-97266ddeb381,78.1757,,,5.84146,,,,,,,a7847587-5f2b-422e-b1cb-e44e7d195d4c,2026-05-02,18:10:17.95,2026-05-02T14:10:17.9526656-04:00,2026-05-02T18:10:17.9526656Z,,v3,471272,227,26599,"Savoie, Nate",832476,Right,CLE_TIG,3d6b5501-b60d-4fe0-b559-953ab41a4537,54.53758,-114.70181,9.39718,4.79984,3.85305,-17.06767,2.3922,-5.56477,4.48887,,,,,,,,,,,,,,,,,,,,,,,,,,,,,,,,,,,,,,,,,,,,,,,,,,,High,High,High,,,,,,,,,,,,,,,,,,,,,,,,,,,,,,,,,,,,,,,
107,2026-05-02,14:10:31.01,4,2,"Sharman, Michael",831353,Left,CLE_TIG,"Solier, Julio",827632,Right,BOC_EAG,Undefined,3,Top,1,0,1,Curveball,Curveball,BallCalled,Undefined,Undefined,Undefined,0,0,,76.21991,0.49883,4.131346,2021.141696,316.348952,4:30,5.08353,-2.13503,5.30837,-51.95857,-2.17417,3.66095,1.22312,2.05475,69.69357,-8.928925,4.779092,0.50783,,,,,,,,,,,,-0.56744,-0.69866,1.75683,50,5.0915,-8.1095,-110.28438,-0.7859,-0.69257,21.25937,-33.02677,CLE_TIG,BOC_EAG,KingsmoreStadium,D1,ACC,20260502-KingsmoreStadium-1,350998c0-4652-11f1-868c-97266ddeb381,74.22259,,,6.52635,,,,,,,a7847587-5f2b-422e-b1cb-e44e7d195d4c,2026-05-02,18:10:31.01,2026-05-02T14:10:31.0107136-04:00,2026-05-02T18:10:31.0107136Z,,v3,471272,227,26599,"Savoie, Nate",832476,Right,CLE_TIG,aa244a30-da23-411a-95f6-6532c8cec760,55.18989,-111.28033,10.62969,5.09207,0.76133,-16.51339,2.13598,-8.07705,-0.34628,,,,,,,,,,,,,,,,,,,,,,,,,,,,,,,,,,,,,,,,,,,,,,,,,,,High,High,High,,,,,,,,,,,,,,,,,,,,,,,,,,,,,,,,,,,,,,,
108,2026-05-02,14:10:46.52,4,3,"Sharman, Michael",831353,Left,CLE_TIG,"Solier, Julio",827632,Right,BOC_EAG,Undefined,3,Top,1,1,1,Curveball,Changeup,InPlay,Undefined,LineDrive,Single,0,0,,78.35977,1.451133,5.023163,1531.049657,73.31075,8:30,4.65292,-2.46646,5.94609,-48.86999,-3.27571,-15.66107,1.93188,0.89961,71.89887,-7.523749,2.222315,0.485989,109.79544,10.309013,-27.538095,2535.624763,94.45895,10.41684,-56.36877,183.69816,183.69816,-32.981996,1.382096,9.46949,-1.71992,2.07469,50,4.74102,-9.41125,-113.50418,1.3588,12.36755,20.5537,-34.42032,CLE_TIG,BOC_EAG,KingsmoreStadium,D1,ACC,20260502-KingsmoreStadium-1,3e4025d0-4652-11f1-868c-97266ddeb381,77.55817,10.78765,,6.4609,,,,1.96877,2.24968,-0.99399,a7847587-5f2b-422e-b1cb-e44e7d195d4c,2026-05-02,18:10:46.52,2026-05-02T14:10:46.5246208-04:00,2026-05-02T18:10:46.5246208Z,LineDrive,v3,471272,227,26599,"Savoie, Nate",832476,Right,CLE_TIG,8a67690d-d657-4a68-ac60-5d197acfc0b1,54.55638,-114.32628,10.27685,4.65914,2.73554,-17.21016,2.46102,-9.90593,6.18377,,1.96877,140.48354,-27.60194,5.25097,-1.07444,0.18025,-0.02812,0.00373,-0.00025,2.24968,28.81799,-26.68768,4.48279,-1.08326,0.26431,-0.0577,0.01045,-0.00105,-0.99399,-73.24987,-1.8491,3.37414,-1.2537,0.3885,-0.0987,0.01927,-0.002,,,,,,,,,,,,,,,,,,,,,,,High,High,High,Medium,High,,,,,,,,,,,,,,,,,,,,,,,,,,,,,,,,,,,,,
109,2026-05-02,14:11:41.70,5,1,"Sharman, Michael",831353,Left,CLE_TIG,"Wang, Nick",813482,Right,BOC_EAG,Undefined,3,Top,1,0,0,TwoSeamFastBall,Changeup,StrikeSwinging,Undefined,Undefined,Undefined,0,0,,86.72871,0.430398,4.321588,2150.396034,124.38707,10:15,4.82603,-2.37655,5.83462,-24.12383,13.85182,-18.18162,3.21691,0.1328,77.79154,-4.131656,1.074179,0.443531,,,,,,,,,,,,10.54812,7.31926,2.03364,50,4.84726,-8.68519,-125.42455,0.19754,16.53462,29.14439,-20.70082,CLE_TIG,BOC_EAG,KingsmoreStadium,D1,ACC,20260502-KingsmoreStadium-1,5f215a80-4652-11f1-868c-97266ddeb381,84.98263,,,8.93717,,,,,,,a7847587-5f2b-422e-b1cb-e44e7d195d4c,2026-05-02,18:11:41.70,2026-05-02T14:11:41.7068032-04:00,2026-05-02T18:11:41.7068032Z,,v3,471272,227,26599,"Savoie, Nate",832476,Right,CLE_TIG,bbd2a7f0-774e-4ec3-b034-c0733f2f9d6c,54.66022,-126.5028,14.5722,4.82578,0.9634,-10.35041,2.36627,-9.29691,8.26731,,,,,,,,,,,,,,,,,,,,,,,,,,,,,,,,,,,,,,,,,,,,,,,,,,,High,High,High,,,,,,,,,,,,,,,,,,,,,,,,,,,,,,,,,,,,,,,
110,2026-05-02,14:12:01.49,5,2,"Sharman, Michael",831353,Left,CLE_TIG,"Wang, Nick",813482,Right,BOC_EAG,Undefined,3,Top,1,0,1,TwoSeamFastBall,Changeup,BallCalled,Undefined,Undefined,Undefined,0,0,,87.23342,-0.218258,5.762633,2289.604878,118.45441,10:00,4.8906,-2.35984,5.84518,-24.37123,13.2856,-21.90115,2.65581,1.18841,78.21788,-4.818276,1.861985,0.441665,,,,,,,,,,,,12.90965,7.24607,1.90176,50,4.8587,-11.7533,-125.91563,-1.24558,20.40187,29.2967,-20.72271,CLE_TIG,BOC_EAG,KingsmoreStadium,D1,ACC,20260502-KingsmoreStadium-1,6ae74500-4652-11f1-868c-97266ddeb381,85.34162,,,9.01553,,,,,,,a7847587-5f2b-422e-b1cb-e44e7d195d4c,2026-05-02,18:12:01.49,2026-05-02T14:12:01.4920704-04:00,2026-05-02T18:12:01.4920704Z,,v3,471272,227,26599,"Savoie, Nate",832476,Right,CLE_TIG,033de394-5724-42fd-b961-79477afeddf7,54.65102,-126.99317,14.64835,4.8905,-0.48339,-10.36136,2.34785,-12.50369,10.20094,,,,,,,,,,,,,,,,,,,,,,,,,,,,,,,,,,,,,,,,,,,,,,,,,,,High,High,High,,,,,,,,,,,,,,,,,,,,,,,,,,,,,,,,,,,,,,,
111,2026-05-02,14:12:34.06,5,3,"Sharman, Michael",831353,Left,CLE_TIG,"Wang, Nick",813482,Right,BOC_EAG,Undefined,3,Top,1,1,1,Curveball,Curveball,BallCalled,Undefined,Undefined,Undefined,0,0,,74.06312,2.182403,3.110982,2032.100799,304.401902,4:15,5.03558,-2.04099,5.19595,-55.09794,-1.60843,5.23071,2.50095,1.32407,66.76985,-7.869366,4.035193,0.526388,,,,,,,,,,,,-1.53721,-0.89315,1.74829,50,5.19721,-6.02387,-107.04489,2.25843,-1.74806,21.91585,-33.18969,CLE_TIG,BOC_EAG,KingsmoreStadium,D1,ACC,20260502-KingsmoreStadium-1,7e5ca760-4652-11f1-868c-97266ddeb381,71.60586,,,7.29327,,,,,,,a7847587-5f2b-422e-b1cb-e44e7d195d4c,2026-05-02,18:12:34.06,2026-05-02T14:12:34.0606976-04:00,2026-05-02T18:12:34.0606976Z,,v3,471272,227,26599,"Savoie, Nate",832476,Right,CLE_TIG,02b300f3-b00d-4d36-82e2-33c493bfbe9d,55.30004,-108.12455,10.95792,5.04568,3.89348,-16.59484,2.04292,-5.93775,-0.87403,,,,,,,,,,,,,,,,,,,,,,,,,,,,,,,,,,,,,,,,,,,,,,,,,,,High,High,High,,,,,,,,,,,,,,,,,,,,,,,,,,,,,,,,,,,,,,,
112,2026-05-02,14:12:53.57,5,4,"Sharman, Michael",831353,Left,CLE_TIG,"Wang, Nick",813482,Right,BOC_EAG,Undefined,3,Top,1,2,1,Curveball,Curveball,InPlay,Undefined,FlyBall,Out,1,0,,74.78602,1.497972,2.413624,1959.396055,288.292952,3:30,4.96984,-2.34925,5.04562,-51.75818,1.10406,2.79122,2.07121,0.16137,67.17342,-7.949801,2.906283,0.523292,93.03249,43.747731,-17.940509,4807.908413,105.18244,102.06043,-32.19661,286.69225,285.34866,-14.836241,6.008964,-0.54516,0.55563,2.11668,50,5.07176,-4.66752,-108.12721,1.09877,-0.62967,23.13177,-31.53226,CLE_TIG,BOC_EAG,KingsmoreStadium,D1,ACC,20260502-KingsmoreStadium-1,89fe4100-4652-11f1-868c-97266ddeb381,72.02945,129.68012,,7.6126,,,,2.49442,2.25472,-0.12101,a7847587-5f2b-422e-b1cb-e44e7d195d4c,2026-05-02,18:12:53.57,2026-05-02T14:12:53.5729664-04:00,2026-05-02T18:12:53.5729664Z,FlyBall,v3,471272,227,26599,"Savoie, Nate",832476,Right,CLE_TIG,c26af213-c57c-4788-a806-958fa06812c2,55.45115,-109.28716,11.56588,4.97702,2.67996,-15.76613,2.34994,-4.63595,-0.31484,181.628042,2.50092,93.65521,-23.29213,5.43826,-0.71662,0.01237,0.01137,-0.00153,6E-05,2.25344,94.36492,-20.03204,1.27381,-0.13951,-0.01173,0.00948,-0.00151,8E-05,-0.12395,-30.31043,8.07057,-1.75156,0.21719,-0.00211,-0.00328,0.00038,-1E-05,,,,,,,,,,,,,,,,,,,,,,,High,High,High,High,Medium,,,,,,,,,,,,,,,,,,,,,,,,,,,,,,,,,,,,,
113,2026-05-02,14:14:29.78,6,1,"Sharman, Michael",831353,Left,CLE_TIG,"Mainolfi, Ty",839397,Left,BOC_EAG,Undefined,3,Top,2,0,0,Cutter,Slider,StrikeCalled,Undefined,Undefined,Undefined,0,0,,80.60016,0.526015,3.555159,1952.05236,148.346089,11:00,4.93739,-2.1731,5.74356,-36.07108,7.60981,-3.78343,2.42218,0.82598,73.27881,-6.156129,2.879935,0.475682,,,,,,,,,,,,2.98075,4.17067,1.87946,50,4.95939,-7.10387,-116.75295,-0.07723,4.08398,23.49729,-26.45974,CLE_TIG,BOC_EAG,KingsmoreStadium,D1,ACC,20260502-KingsmoreStadium-1,c359a250-4652-11f1-868c-97266ddeb381,79.23865,,,7.32135,,,,,,,a7847587-5f2b-422e-b1cb-e44e7d195d4c,2026-05-02,18:14:29.78,2026-05-02T14:14:29.7896960-04:00,2026-05-02T18:14:29.7896960Z,,v3,471272,227,26599,"Savoie, Nate",832476,Right,CLE_TIG,0597ca10-845a-4f99-87fe-13633e24b7e4,54.75297,-117.70563,11.74865,4.94077,0.99556,-13.22987,2.17084,-7.26945,2.04199,,,,,,,,,,,,,,,,,,,,,,,,,,,,,,,,,,,,,,,,,,,,,,,,,,,High,High,High,,,,,,,,,,,,,,,,,,,,,,,,,,,,,,,,,,,,,,,
114,2026-05-02,14:14:48.57,6,2,"Sharman, Michael",831353,Left,CLE_TIG,"Mainolfi, Ty",839397,Left,BOC_EAG,Undefined,3,Top,2,0,1,Cutter,Slider,BallCalled,Undefined,Undefined,Undefined,0,0,,80.90839,1.514732,2.786749,1946.77072,163.767475,11:30,5.06282,-2.19343,5.77677,-35.27262,7.78331,-1.86457,3.53489,0.2463,73.76555,-5.027229,2.453587,0.472267,,,,,,,,,,,,1.73354,3.98122,1.96427,50,5.16704,-5.63521,-117.30111,1.97901,2.41008,22.63816,-26.63909,CLE_TIG,BOC_EAG,KingsmoreStadium,D1,ACC,20260502-KingsmoreStadium-1,ce845e40-4652-11f1-868c-97266ddeb381,79.81169,,,7.14284,,,,,,,a7847587-5f2b-422e-b1cb-e44e7d195d4c,2026-05-02,18:14:48.57,2026-05-02T14:14:48.5740544-04:00,2026-05-02T18:14:48.5740544Z,,v3,471272,227,26599,"Savoie, Nate",832476,Right,CLE_TIG,42a20534-8428-499d-843b-b84e167bc6f7,54.71948,-118.20843,11.31908,5.06633,3.04667,-13.31954,2.19206,-5.7318,1.20504,,,,,,,,,,,,,,,,,,,,,,,,,,,,,,,,,,,,,,,,,,,,,,,,,,,High,High,High,,,,,,,,,,,,,,,,,,,,,,,,,,,,,,,,,,,,,,,
115,2026-05-02,14:15:23.88,6,3,"Sharman, Michael",831353,Left,CLE_TIG,"Mainolfi, Ty",839397,Left,BOC_EAG,Undefined,3,Top,2,1,1,Curveball,Curveball,StrikeCalled,Undefined,Undefined,Undefined,0,0,,74.56827,2.285861,2.915711,2097.337916,290.215904,3:45,4.99417,-2.24207,5.18363,-52.16837,0.45331,3.92654,2.80138,0.83074,67.31694,-7.242567,3.609447,0.5221,,,,,,,,,,,,-0.9861,0.10055,1.96789,50,5.1679,-5.64687,-107.8077,2.57409,-1.14135,21.63228,-32.05765,CLE_TIG,BOC_EAG,KingsmoreStadium,D1,ACC,20260502-KingsmoreStadium-1,e3974400-4652-11f1-868c-97266ddeb381,72.19391,,,7.25134,,,,,,,a7847587-5f2b-422e-b1cb-e44e7d195d4c,2026-05-02,18:15:23.88,2026-05-02T14:15:23.8840832-04:00,2026-05-02T18:15:23.8840832Z,,v3,471272,227,26599,"Savoie, Nate",832476,Right,CLE_TIG,113abe57-ae8a-4588-b118-b5a6f905cd78,55.31207,-108.86838,10.81614,5.00315,4.14595,-16.02882,2.2434,-5.5909,-0.57068,,,,,,,,,,,,,,,,,,,,,,,,,,,,,,,,,,,,,,,,,,,,,,,,,,,High,High,High,,,,,,,,,,,,,,,,,,,,,,,,,,,,,,,,,,,,,,,
116,2026-05-02,14:16:35.13,6,4,"Sharman, Michael",831353,Left,CLE_TIG,"Mainolfi, Ty",839397,Left,BOC_EAG,Undefined,3,Top,2,1,2,Curveball,Curveball,BallCalled,Undefined,Undefined,Undefined,0,0,,75.23553,2.900666,1.696112,1964.152617,301.781533,4:00,5.045,-2.27101,5.15933,-50.582,1.14819,1.18894,3.56368,-0.57497,67.69397,-6.360319,1.906328,0.517659,,,,,,,,,,,,-0.02933,0.26728,2.11174,50,5.27808,-3.26969,-108.78432,3.80896,-0.03455,22.04356,-31.85907,CLE_TIG,BOC_EAG,KingsmoreStadium,D1,ACC,20260502-KingsmoreStadium-1,0e0fc360-4653-11f1-868c-97266ddeb381,72.81332,,,7.54156,,,,,,,a7847587-5f2b-422e-b1cb-e44e7d195d4c,2026-05-02,18:16:35.13,2026-05-02T14:16:35.1344640-04:00,2026-05-02T18:16:35.1344640Z,,v3,471272,227,26599,"Savoie, Nate",832476,Right,CLE_TIG,cad39b21-e8d4-40dc-bb4e-02e2f0a6e50d,55.33515,-109.86009,11.02178,5.05426,5.36375,-15.92953,2.27127,-3.26801,-0.01728,,,,,,,,,,,,,,,,,,,,,,,,,,,,,,,,,,,,,,,,,,,,,,,,,,,High,High,High,,,,,,,,,,,,,,,,,,,,,,,,,,,,,,,,,,,,,,,
117,2026-05-02,14:16:54.72,6,5,"Sharman, Michael",831353,Left,CLE_TIG,"Mainolfi, Ty",839397,Left,BOC_EAG,Undefined,3,Top,2,2,2,Curveball,Curveball,InPlay,Undefined,FlyBall,Single,0,0,,75.30229,1.058667,2.451602,2089.020781,279.454136,3:15,4.99558,-2.14667,5.08897,-50.45806,1.23587,3.82607,1.78957,0.48421,68.13847,-8.133816,3.127586,0.517477,66.04042,23.576895,-12.294514,3778.468749,105.76927,28.6835,-30.21258,200.46907,200.46907,-18.813046,2.938695,-1.09819,0.78284,1.91153,50,5.05635,-4.81662,-108.97922,0.32031,-1.29774,22.26081,-31.24899,CLE_TIG,BOC_EAG,KingsmoreStadium,D1,ACC,20260502-KingsmoreStadium-1,19ba0f90-4653-11f1-868c-97266ddeb381,72.83887,28.68731,,7.16381,,,,1.60997,1.79274,-0.47993,a7847587-5f2b-422e-b1cb-e44e7d195d4c,2026-05-02,18:16:54.72,2026-05-02T14:16:54.7244032-04:00,2026-05-02T18:16:54.7244032Z,LineDrive,v3,471272,227,26599,"Savoie, Nate",832476,Right,CLE_TIG,0b36f3d9-5ccf-489c-9559-80d22c3924d3,55.40845,-110.07844,11.13041,5.00244,1.86336,-15.6245,2.14779,-4.75254,-0.64887,147.733974,1.60983,86.74367,-12.91257,2.8113,-0.581,0.13837,-0.03506,0.0059,-0.00039,1.79302,38.72933,-14.42882,0.27943,0.13565,-0.10107,0.03299,-0.004,5E-05,-0.48004,-18.89855,-1.83985,0.54714,-0.18267,0.0659,-0.01878,0.00303,-0.0002,,,,,,,,,,,,,,,,,,,,,,,High,High,High,High,High,,,,,,,,,,,,,,,,,,,,,,,,,,,,,,,,,,,,,
118,2026-05-02,14:17:50.77,7,1,"Sharman, Michael",831353,Left,CLE_TIG,"Johnson, Gunnar",1000100233,Right,BOC_EAG,Undefined,3,Top,2,0,0,ChangeUp,Changeup,StrikeCalled,Undefined,Undefined,Undefined,0,0,,77.16427,2.03357,2.916654,1458.091388,73.490979,8:30,4.62502,-2.3463,6.02032,-49.66203,-2.92177,-14.75438,2.37334,-0.87196,70.75364,-7.123308,0.264451,0.492059,,,,,,,,,,,,8.338,-1.55429,2.12536,50,4.75796,-5.16389,-111.99576,2.44375,10.59337,20.16943,-34.14879,CLE_TIG,BOC_EAG,KingsmoreStadium,D1,ACC,20260502-KingsmoreStadium-1,3b22ead0-4653-11f1-868c-97266ddeb381,76.60153,,,6.41062,,,,,,,a7847587-5f2b-422e-b1cb-e44e7d195d4c,2026-05-02,18:17:50.77,2026-05-02T14:17:50.7788800-04:00,2026-05-02T18:17:50.7788800Z,,v3,471272,227,26599,"Savoie, Nate",832476,Right,CLE_TIG,43aaefe1-5045-45ad-8821-89cb3b6985f4,54.48031,-112.79974,10.08471,4.63342,3.80496,-17.07439,2.33962,-5.58616,5.29668,,,,,,,,,,,,,,,,,,,,,,,,,,,,,,,,,,,,,,,,,,,,,,,,,,,High,High,High,,,,,,,,,,,,,,,,,,,,,,,,,,,,,,,,,,,,,,,
119,2026-05-02,14:18:07.38,7,2,"Sharman, Michael",831353,Left,CLE_TIG,"Johnson, Gunnar",1000100233,Right,BOC_EAG,Undefined,3,Top,2,0,1,ChangeUp,Changeup,StrikeSwinging,Undefined,Undefined,Undefined,0,0,,77.09625,1.063093,3.904532,1499.839388,70.484402,8:15,4.64715,-2.4527,5.8199,-50.66188,-3.23099,-13.46509,1.41615,0.06105,70.56344,-8.232001,1.494926,0.495681,,,,,,,,,,,,8.00575,-1.49599,2.14087,50,4.70429,-7.13083,-111.76107,0.47556,10.0836,20.92284,-34.05833,CLE_TIG,BOC_EAG,KingsmoreStadium,D1,ACC,20260502-KingsmoreStadium-1,4507e050-4653-11f1-868c-97266ddeb381,76.04177,,,6.53281,,,,,,,a7847587-5f2b-422e-b1cb-e44e7d195d4c,2026-05-02,18:18:07.38,2026-05-02T14:18:07.3865216-04:00,2026-05-02T18:18:07.3865216Z,,v3,471272,227,26599,"Savoie, Nate",832476,Right,CLE_TIG,91d56c7f-9e9a-4e0d-a763-fc4218997d96,54.68093,-112.63398,10.46142,4.65481,1.89649,-17.02916,2.44715,-7.55152,5.0418,,,,,,,,,,,,,,,,,,,,,,,,,,,,,,,,,,,,,,,,,,,,,,,,,,,High,High,High,,,,,,,,,,,,,,,,,,,,,,,,,,,,,,,,,,,,,,,
120,2026-05-02,14:18:25.58,7,3,"Sharman, Michael",831353,Left,CLE_TIG,"Johnson, Gunnar",1000100233,Right,BOC_EAG,Undefined,3,Top,2,0,2,ChangeUp,Changeup,BallCalled,Undefined,Undefined,Undefined,0,0,,78.54136,1.539861,2.145027,1571.069806,58.562993,8:00,4.62749,-2.36078,5.72794,-53.32456,-7.30449,-14.50954,1.61928,-1.57121,71.48601,-8.235451,-0.453822,0.488253,,,,,,,,,,,,8.00591,-3.6728,2.19069,50,4.72354,-3.70492,-113.94229,1.28759,10.41018,23.0672,-36.94983,CLE_TIG,BOC_EAG,KingsmoreStadium,D1,ACC,20260502-KingsmoreStadium-1,4fe4a350-4653-11f1-868c-97266ddeb381,77.19857,,,7.05535,,,,,,,a7847587-5f2b-422e-b1cb-e44e7d195d4c,2026-05-02,18:18:25.58,2026-05-02T14:18:25.5823872-04:00,2026-05-02T18:18:25.5823872Z,,v3,471272,227,26599,"Savoie, Nate",832476,Right,CLE_TIG,dda940bc-a9ff-4752-a9b6-51c964dec9f9,54.77251,-114.90441,11.5336,4.6377,2.82874,-18.47492,2.35428,-4.13912,5.20509,,,,,,,,,,,,,,,,,,,,,,,,,,,,,,,,,,,,,,,,,,,,,,,,,,,High,High,High,,,,,,,,,,,,,,,,,,,,,,,,,,,,,,,,,,,,,,,
121,2026-05-02,14:19:01.31,7,4,"Sharman, Michael",831353,Left,CLE_TIG,"Johnson, Gunnar",1000100233,Right,BOC_EAG,Undefined,3,Top,2,1,2,ChangeUp,Changeup,FoulBallNotFieldable,Undefined,Undefined,Undefined,0,0,,77.57128,1.420499,2.730395,1432.379422,67.69446,8:15,4.68349,-2.46897,5.50865,-51.76243,-4.5576,-14.74694,1.70016,-1.14255,71.14172,-8.020222,0.102014,0.494498,,,,,,,,,,,,8.23583,-2.28457,2.24092,50,4.77246,-4.80326,-112.55335,1.06586,10.54615,20.76786,-35.0995,CLE_TIG,BOC_EAG,KingsmoreStadium,D1,ACC,20260502-KingsmoreStadium-1,652cc9e0-4653-11f1-868c-97266ddeb381,76.22365,,,6.42957,,,,,,,a7847587-5f2b-422e-b1cb-e44e7d195d4c,2026-05-02,18:19:01.31,2026-05-02T14:19:01.3152768-04:00,2026-05-02T18:19:01.3152768Z,,v3,471272,227,26599,"Savoie, Nate",832476,Right,CLE_TIG,df209788-321e-4e83-b4e6-d4b20e58899b,54.99312,-113.47092,10.38393,4.69111,2.61663,-17.54975,2.46344,-5.26921,5.27307,,,,,,,,,,,,,,,,,,,,,,,,,,,,,,,,,,,,,,,,,,,,,,,,,,,High,High,High,,,,,,,,,,,,,,,,,,,,,,,,,,,,,,,,,,,,,,,
122,2026-05-02,14:20:04.49,7,5,"Sharman, Michael",831353,Left,CLE_TIG,"Johnson, Gunnar",1000100233,Right,BOC_EAG,Undefined,3,Top,2,1,2,Curveball,Curveball,InPlay,Undefined,FlyBall,Single,0,1,,75.28073,1.871103,3.521531,2050.707172,161.520594,11:30,5.03672,-2.35973,5.03362,-47.84014,4.35658,-0.79602,2.81933,0.90057,67.57978,-6.880682,3.381413,0.519988,75.47524,29.72282,-21.309096,1411.850937,103.68447,45.31201,-36.73588,245.99146,245.68947,-17.145265,3.547971,1.59457,2.07445,2.02358,50,5.17802,-6.65842,-108.71465,1.95941,1.86769,22.84771,-29.74432,CLE_TIG,BOC_EAG,KingsmoreStadium,D1,ACC,20260502-KingsmoreStadium-1,8ad5e6e0-4653-11f1-868c-97266ddeb381,72.48717,47.16435,,7.70095,,,,0.93839,2.80878,-0.95269,a7847587-5f2b-422e-b1cb-e44e7d195d4c,2026-05-02,18:20:04.49,2026-05-02T14:20:04.4989440-04:00,2026-05-02T18:20:04.4989440Z,LineDrive,v3,471272,227,26599,"Savoie, Nate",832476,Right,CLE_TIG,1f02f15e-10e8-4dff-aef2-a4190f0ba634,55.46203,-109.85657,11.42386,5.04294,3.44601,-14.87216,2.3587,-6.75176,0.93384,215.373345,0.93814,89.56731,-12.10712,2.6402,-0.52456,0.11056,-0.02407,0.00358,-0.00022,2.80905,54.8788,-18.75886,1.49461,-0.37436,0.10806,-0.02643,0.00459,-0.00037,-0.95251,-34.93745,8.06096,-1.85004,0.28315,-0.01354,-0.00392,0.00074,-5E-05,,,,,,,,,,,,,,,,,,,,,,,High,High,High,High,High,,,,,,,,,,,,,,,,,,,,,,,,,,,,,,,,,,,,,
123,2026-05-02,14:21:00.61,8,1,"Sharman, Michael",831353,Left,CLE_TIG,"Surowiec, Danny",831970,Left,BOC_EAG,Undefined,3,Top,2,0,0,Cutter,Slider,StrikeCalled,Undefined,Undefined,Undefined,0,0,,79.93897,1.466555,2.36891,1919.693799,168.261136,11:30,4.94776,-2.19009,5.68006,-36.40356,8.13772,-1.3748,3.28269,-0.09514,72.42971,-5.291274,2.123551,0.480344,,,,,,,,,,,,1.40945,4.17382,1.99124,50,5.04905,-4.7358,-115.82353,1.80322,1.89747,23.44499,-26.5551,CLE_TIG,BOC_EAG,KingsmoreStadium,D1,ACC,20260502-KingsmoreStadium-1,ac472690-4653-11f1-868c-97266ddeb381,78.46962,,,7.50927,,,,,,,a7847587-5f2b-422e-b1cb-e44e7d195d4c,2026-05-02,18:21:00.61,2026-05-02T14:21:00.6148096-04:00,2026-05-02T18:21:00.6148096Z,,v3,471272,227,26599,"Savoie, Nate",832476,Right,CLE_TIG,1de91d53-e6be-4f30-9e02-ae0d98c6436b,54.81458,-116.79403,11.72249,4.95165,2.90246,-13.27755,2.18891,-4.81435,0.94873,,,,,,,,,,,,,,,,,,,,,,,,,,,,,,,,,,,,,,,,,,,,,,,,,,,High,High,High,,,,,,,,,,,,,,,,,,,,,,,,,,,,,,,,,,,,,,,
124,2026-05-02,14:21:16.37,8,2,"Sharman, Michael",831353,Left,CLE_TIG,"Surowiec, Danny",831970,Left,BOC_EAG,Undefined,3,Top,2,0,1,Cutter,Cutter,InPlay,Undefined,FlyBall,Out,1,0,,80.66767,0.861099,2.709905,1900.004686,186.507232,12:15,5.01093,-2.14241,5.71824,-32.95242,10.85182,1.06295,3.06798,0.47238,72.93572,-5.283084,2.899653,0.476353,88.55751,49.536879,-17.885303,4802.029707,101.97559,119.80246,-41.24225,247.09786,115.11009,-25.08857,5.929014,0.31504,5.67949,1.91507,50,5.06282,-5.57378,-116.88573,0.73511,0.43008,24.75331,-24.4208,CLE_TIG,BOC_EAG,KingsmoreStadium,D1,ACC,20260502-KingsmoreStadium-1,b5a70d90-4653-11f1-868c-97266ddeb381,79.12703,132.71764,,7.73195,,,,1.38565,3.11233,-0.48279,a7847587-5f2b-422e-b1cb-e44e7d195d4c,2026-05-02,18:21:16.37,2026-05-02T14:21:16.3767808-04:00,2026-05-02T18:21:16.3767808Z,FlyBall,v3,471272,227,26599,"Savoie, Nate",832476,Right,CLE_TIG,97c0a76d-c0e7-47eb-8295-8931c1373034,54.77907,-117.89347,12.37666,5.01265,1.72931,-12.2104,2.14234,-5.59129,0.21504,169.146659,1.38913,80.15565,-22.47841,5.94933,-1.00202,0.08141,0.00274,-0.00098,5E-05,3.11268,98.79303,-21.80409,1.17498,0.13911,-0.12798,0.03483,-0.00445,0.00022,-0.48409,-25.86371,3.01166,-0.42699,0.00275,0.01187,-0.00166,1E-05,1E-05,,,,,,,,,,,,,,,,,,,,,,,High,High,High,High,Low,,,,,,,,,,,,,,,,,,,,,,,,,,,,,,,,,,,,,
125,2026-05-02,14:24:38.83,1,1,"Grumbles, Drew",839406,Right,BOC_EAG,"McCladdie, Tryston",812697,Left,CLE_TIG,Undefined,3,Bottom,0,0,0,FourSeamFastBall,Four-Seam,StrikeCalled,Undefined,Undefined,Undefined,0,0,,89.74075,-1.878526,-2.768584,2395.349683,204.306211,12:45,5.12309,2.13717,6.66756,-18.88757,14.92249,6.24331,1.82775,0.12237,81.91939,-5.492134,-1.633066,0.418499,,,,,,,,,,,,-4.08614,8.74213,-1.95374,50,4.98917,6.06332,-130.30395,-4.77513,-7.00271,28.20457,-17.19205,CLE_TIG,BOC_EAG,KingsmoreStadium,D1,ACC,20260502-KingsmoreStadium-1,2e4e8110-4654-11f1-868c-97266ddeb381,90.06581,,,7.82137,,,,,,,a7847587-5f2b-422e-b1cb-e44e7d195d4c,2026-05-02,18:24:38.83,2026-05-02T14:24:38.8345856-04:00,2026-05-02T18:24:38.8345856Z,,v3,471272,227,26599,"Johnson, Gunnar",1000100233,Right,BOC_EAG,cb523767-5bb1-40cb-811f-a96364729e5e,53.83078,-131.13051,14.10229,5.12173,-4.2713,-8.59602,-2.13444,6.26854,-3.50136,,,,,,,,,,,,,,,,,,,,,,,,,,,,,,,,,,,,,,,,,,,,,,,,,,,High,High,High,,,,,,,,,,,,,,,,,,,,,,,,,,,,,,,,,,,,,,,
126,2026-05-02,14:24:55.07,1,2,"Grumbles, Drew",839406,Right,BOC_EAG,"McCladdie, Tryston",812697,Left,CLE_TIG,Undefined,3,Bottom,0,0,1,FourSeamFastBall,Four-Seam,BallCalled,Undefined,Undefined,Undefined,0,0,,90.75679,-0.579244,-2.117617,2514.866335,215.277856,1:15,4.96169,2.35557,6.28693,-19.9006,13.9056,8.99528,2.76909,1.15271,81.95177,-4.379683,-0.492168,0.418475,,,,,,,,,,,,-5.30764,7.74481,-2.20352,50,4.90933,4.49165,-131.68836,-1.91058,-9.20265,31.26323,-18.7457,CLE_TIG,BOC_EAG,KingsmoreStadium,D1,ACC,20260502-KingsmoreStadium-1,3802a290-4654-11f1-868c-97266ddeb381,90.07093,,,8.80502,,,,,,,a7847587-5f2b-422e-b1cb-e44e7d195d4c,2026-05-02,18:24:55.07,2026-05-02T14:24:55.0782976-04:00,2026-05-02T18:24:55.0782976Z,,v3,471272,227,26599,"Johnson, Gunnar",1000100233,Right,BOC_EAG,ced3ad6f-f3f5-4888-86c7-e1139c2050bb,54.20914,-132.68386,15.63161,4.96067,-1.31367,-9.37285,-2.35121,4.78469,-4.60133,,,,,,,,,,,,,,,,,,,,,,,,,,,,,,,,,,,,,,,,,,,,,,,,,,,High,High,High,,,,,,,,,,,,,,,,,,,,,,,,,,,,,,,,,,,,,,,
127,2026-05-02,14:25:13.24,1,3,"Grumbles, Drew",839406,Right,BOC_EAG,"McCladdie, Tryston",812697,Left,CLE_TIG,Undefined,3,Bottom,0,1,1,FourSeamFastBall,Four-Seam,FoulBallNotFieldable,Undefined,Undefined,Undefined,0,0,,89.94087,-1.547392,-3.951782,2483.467493,213.915726,1:15,5.1326,2.08853,6.35811,-20.61308,13.49461,8.32977,1.98697,-0.86012,82.09917,-5.452037,-2.448643,0.420337,103.4419,4.013575,51.264169,4726.81699,,,,100.5184,96.25366,54.533814,0.739218,-5.49599,7.81367,-1.80577,50,5.01053,8.68337,-130.42558,-4.13303,-9.44295,28.08089,-18.749,CLE_TIG,BOC_EAG,KingsmoreStadium,D1,ACC,20260502-KingsmoreStadium-1,42cbb680-4654-11f1-868c-97266ddeb381,89.67197,3.74626,,7.8417,,,,2.41693,2.29189,0.80809,a7847587-5f2b-422e-b1cb-e44e7d195d4c,2026-05-02,18:25:13.24,2026-05-02T14:25:13.2424192-04:00,2026-05-02T18:25:13.2424192Z,GroundBall,v3,471272,227,26599,"Johnson, Gunnar",1000100233,Right,BOC_EAG,67d1df23-fa26-4981-aaf7-4f7b4de2658a,54.1414,-131.3142,14.04045,5.13193,-3.53972,-9.3745,-2.08529,8.9822,-4.72148,,2.41693,94.69942,-30.59443,7.65401,-1.51775,-1.02114,2.63973,-2.58967,1.00079,2.29189,10.61897,-19.94836,2.18766,-0.57577,0.47318,-0.68432,0.62851,-0.23979,0.80809,118.05314,-11.98374,0.8074,-0.04709,0.55784,-1.17951,1.14469,-0.44232,,,,,,,,,,,,,,,,,,,,,,,High,High,High,High,High,,,,,,,,,,,,,,,,,,,,,,,,,,,,,,,,,,,,,
128,2026-05-02,14:25:39.63,1,4,"Grumbles, Drew",839406,Right,BOC_EAG,"McCladdie, Tryston",812697,Left,CLE_TIG,Undefined,3,Bottom,0,1,2,Slider,Slider,BallCalled,Undefined,Undefined,Undefined,0,0,,80.99438,-0.405507,-1.718036,2459.658259,69.040175,8:15,5.02471,2.30503,5.74849,-42.57282,-0.30807,-3.77292,1.09927,0.39067,75.48051,-8.170601,-2.394051,0.467908,,,,,,,,,,,,1.5228,0.2522,-2.15991,50,4.96455,3.67544,-117.8063,-2.24387,2.16691,19.74668,-31.81516,CLE_TIG,BOC_EAG,KingsmoreStadium,D1,ACC,20260502-KingsmoreStadium-1,52948ba0-4654-11f1-868c-97266ddeb381,80.55524,,,5.51387,,,,,,,a7847587-5f2b-422e-b1cb-e44e7d195d4c,2026-05-02,18:25:39.63,2026-05-02T14:25:39.6364800-04:00,2026-05-02T18:25:39.6364800Z,,v3,471272,227,26599,"Johnson, Gunnar",1000100233,Right,BOC_EAG,3a453bb7-94ca-496c-9aaf-c18fc49473d8,54.75362,-118.60042,9.87334,5.02906,-0.96441,-15.90758,-2.30597,3.5883,1.08345,,,,,,,,,,,,,,,,,,,,,,,,,,,,,,,,,,,,,,,,,,,,,,,,,,,High,High,High,,,,,,,,,,,,,,,,,,,,,,,,,,,,,,,,,,,,,,,
129,2026-05-02,14:25:58.81,1,5,"Grumbles, Drew",839406,Right,BOC_EAG,"McCladdie, Tryston",812697,Left,CLE_TIG,Undefined,3,Bottom,0,2,2,FourSeamFastBall,Four-Seam,InPlay,Undefined,GroundBall,Single,0,0,,90.55372,-0.750683,-2.983424,2531.137235,224.800707,1:30,5.01302,2.24669,6.26158,-21.96808,11.64568,10.51379,2.48921,0.36954,82.79172,-4.893333,-1.086074,0.417282,77.28754,-78.420423,109.32391,,,,,1.14661,1.26516,5.451963,0.022955,-6.30744,6.57744,-2.03049,50,4.94649,6.42911,-131.49172,-2.40133,-11.0424,27.8965,-20.65895,CLE_TIG,BOC_EAG,KingsmoreStadium,D1,ACC,20260502-KingsmoreStadium-1,5df831e0-4654-11f1-868c-97266ddeb381,90.32839,2.55704,,7.762,,,,1.3148,2.55704,-0.38548,a7847587-5f2b-422e-b1cb-e44e7d195d4c,2026-05-02,18:25:58.81,2026-05-02T14:25:58.8198400-04:00,2026-05-02T18:25:58.8198400Z,GroundBall,v3,471272,227,26599,"Johnson, Gunnar",1000100233,Right,BOC_EAG,1d075cf0-0974-45b8-a985-db9915588749,54.23795,-132.38777,13.94825,5.01296,-1.73776,-10.32948,-2.24269,6.7838,-5.5212,,1.31488,-7.55275,,,,,,,,2.55832,-111.39294,,,,,,,,-0.38573,21.53846,,,,,,,,,,,,,,,,,,,,,,,,,,,,,,High,High,High,Low,Low,,,,,,,,,,,,,,,,,,,,,,,,,,,,,,,,,,,,,
130,2026-05-02,14:26:42.07,2,1,"Grumbles, Drew",839406,Right,BOC_EAG,"Purify, Jarren",803905,Right,CLE_TIG,Undefined,3,Bottom,0,0,0,FourSeamFastBall,Four-Seam,BallCalled,Undefined,Undefined,Undefined,0,0,,87.72323,0.39584,-2.485717,2405.32794,204.106906,12:45,5.20885,2.29361,6.1012,-20.69623,15.28328,6.34103,3.8506,0.52172,80.17566,-3.523179,-1.344923,0.431717,,,,,,,,,,,,-3.93303,8.10823,-2.10553,50,5.22831,5.26998,-127.38118,0.27377,-6.47363,25.73125,-18.82822,CLE_TIG,BOC_EAG,KingsmoreStadium,D1,ACC,20260502-KingsmoreStadium-1,77c2ac40-4654-11f1-868c-97266ddeb381,87.30822,,,7.54757,,,,,,,a7847587-5f2b-422e-b1cb-e44e7d195d4c,2026-05-02,18:26:42.07,2026-05-02T14:26:42.0732416-04:00,2026-05-02T18:26:42.0732416Z,,v3,471272,227,26599,"Johnson, Gunnar",1000100233,Right,BOC_EAG,5f76d5ab-caf4-4e44-afea-60d7509409cc,54.3963,-128.26617,12.86562,5.20776,0.92134,-9.41411,-2.29061,5.49263,-3.23681,,,,,,,,,,,,,,,,,,,,,,,,,,,,,,,,,,,,,,,,,,,,,,,,,,,High,High,High,,,,,,,,,,,,,,,,,,,,,,,,,,,,,,,,,,,,,,,
131,2026-05-02,14:27:00.83,2,2,"Grumbles, Drew",839406,Right,BOC_EAG,"Purify, Jarren",803905,Right,CLE_TIG,Undefined,3,Bottom,0,1,0,FourSeamFastBall,Four-Seam,StrikeCalled,Undefined,Undefined,Undefined,0,0,,89.47742,-0.732324,-3.672748,2482.403698,217.07797,1:15,5.09593,2.14566,6.31132,-20.656,13.60698,9.49851,2.69858,-0.45065,82.10726,-4.636541,-1.95948,0.421293,,,,,,,,,,,,-5.88059,7.5867,-1.88052,50,5.03213,7.952,-129.87319,-2.26998,-10.09587,25.87979,-19.14909,CLE_TIG,BOC_EAG,KingsmoreStadium,D1,ACC,20260502-KingsmoreStadium-1,82f81690-4654-11f1-868c-97266ddeb381,89.46851,,,7.37016,,,,,,,a7847587-5f2b-422e-b1cb-e44e7d195d4c,2026-05-02,18:27:00.83,2026-05-02T14:27:00.8373760-04:00,2026-05-02T18:27:00.8373760Z,,v3,471272,227,26599,"Johnson, Gunnar",1000100233,Right,BOC_EAG,48dc4adc-708d-49af-b841-12ffee9527b4,54.18709,-130.70488,12.9399,5.09519,-1.65458,-9.57454,-2.14129,8.27645,-5.04794,,,,,,,,,,,,,,,,,,,,,,,,,,,,,,,,,,,,,,,,,,,,,,,,,,,High,High,High,,,,,,,,,,,,,,,,,,,,,,,,,,,,,,,,,,,,,,,
132,2026-05-02,14:27:21.06,2,3,"Grumbles, Drew",839406,Right,BOC_EAG,"Purify, Jarren",803905,Right,CLE_TIG,Undefined,3,Bottom,0,1,1,Curveball,Curveball,HitByPitch,Undefined,Undefined,Undefined,0,0,,77.36697,3.369873,1.15298,2450.620227,63.344844,8:00,5.13836,2.3677,5.46308,-48.60286,-1.28709,-5.35315,4.2465,3.0009,70.99266,-5.512616,0.200789,0.495079,,,,,,,,,,,,3.02221,-1.18638,-2.46532,50,5.40162,-2.05627,-112.2352,5.00609,3.873,19.42356,-33.69442,CLE_TIG,BOC_EAG,KingsmoreStadium,D1,ACC,20260502-KingsmoreStadium-1,8f082970-4654-11f1-868c-97266ddeb381,76.13422,,,6.37431,,,,,,,a7847587-5f2b-422e-b1cb-e44e7d195d4c,2026-05-02,18:27:21.06,2026-05-02T14:27:21.0639360-04:00,2026-05-02T18:27:21.0639360Z,,v3,471272,227,26599,"Johnson, Gunnar",1000100233,Right,BOC_EAG,47372399-0faa-4a31-80e3-8c08c7e668cc,55.03839,-113.10379,9.71178,5.14406,6.51284,-16.84721,-2.36949,-2.22947,1.9365,,,,,,,,,,,,,,,,,,,,,,,,,,,,,,,,,,,,,,,,,,,,,,,,,,,High,High,High,,,,,,,,,,,,,,,,,,,,,,,,,,,,,,,,,,,,,,,
133,2026-05-02,14:28:05.79,3,1,"Grumbles, Drew",839406,Right,BOC_EAG,"Lichtenberger, Tyler",838054,Left,CLE_TIG,Undefined,3,Bottom,0,0,0,FourSeamFastBall,Four-Seam,BallCalled,Undefined,Undefined,Undefined,0,0,,89.80667,-1.548048,-5.449085,2482.839995,223.65285,1:30,5.04064,2.25552,6.51838,-23.08072,11.15792,9.55225,1.69004,-1.96341,81.74571,-5.910215,-3.726156,0.421143,,,,,,,,,,,,-6.55347,6.64764,-1.87858,50,4.92236,12.00978,-129.91592,-4.19968,-11.14825,28.4018,-20.86556,CLE_TIG,BOC_EAG,KingsmoreStadium,D1,ACC,20260502-KingsmoreStadium-1,a9ab2980-4654-11f1-868c-97266ddeb381,89.50034,,,8.06095,,,,,,,a7847587-5f2b-422e-b1cb-e44e7d195d4c,2026-05-02,18:28:05.79,2026-05-02T14:28:05.7970688-04:00,2026-05-02T18:28:05.7970688Z,,v3,471272,227,26599,"Johnson, Gunnar",1000100233,Right,BOC_EAG,ac38551e-e0a8-48c8-b379-84ec47253d43,53.97861,-130.78282,14.2009,5.04082,-3.56281,-10.43278,-2.25034,12.35005,-5.57412,,,,,,,,,,,,,,,,,,,,,,,,,,,,,,,,,,,,,,,,,,,,,,,,,,,High,High,High,,,,,,,,,,,,,,,,,,,,,,,,,,,,,,,,,,,,,,,
134,2026-05-02,14:28:48.20,3,2,"Grumbles, Drew",839406,Right,BOC_EAG,"Lichtenberger, Tyler",838054,Left,CLE_TIG,Undefined,3,Bottom,0,1,0,FourSeamFastBall,Four-Seam,BallCalled,Undefined,Undefined,Undefined,0,0,,90.52537,-1.474592,-5.03534,2549.284411,228.820371,1:45,5.02108,2.35081,6.31097,-23.2495,10.8254,11.01477,1.71971,-1.38168,82.01044,-5.862308,-3.053707,0.420135,,,,,,,,,,,,-7.23575,6.43248,-1.98595,50,4.90159,11.08236,-130.95743,-4.09675,-12.44574,30.11809,-21.10991,CLE_TIG,BOC_EAG,KingsmoreStadium,D1,ACC,20260502-KingsmoreStadium-1,c2f9e430-4654-11f1-868c-97266ddeb381,89.7151,,,8.51493,,,,,,,a7847587-5f2b-422e-b1cb-e44e7d195d4c,2026-05-02,18:28:48.20,2026-05-02T14:28:48.2042368-04:00,2026-05-02T18:28:48.2042368Z,,v3,471272,227,26599,"Johnson, Gunnar",1000100233,Right,BOC_EAG,b3d4718b-b904-43ab-81d2-2b01c5d90a2a,54.18609,-131.91665,15.05905,5.02136,-3.42443,-10.55495,-2.34522,11.47874,-6.22287,,,,,,,,,,,,,,,,,,,,,,,,,,,,,,,,,,,,,,,,,,,,,,,,,,,High,High,High,,,,,,,,,,,,,,,,,,,,,,,,,,,,,,,,,,,,,,,
135,2026-05-02,14:29:12.30,3,3,"Grumbles, Drew",839406,Right,BOC_EAG,"Lichtenberger, Tyler",838054,Left,CLE_TIG,Undefined,3,Bottom,0,2,0,FourSeamFastBall,Four-Seam,InPlay,Undefined,FlyBall,Out,1,0,,90.55453,-0.27352,-4.075755,2502.672852,223.829041,1:30,5.14877,2.34191,6.25537,-21.02466,13.02229,11.3606,3.14385,-0.47615,81.82769,-4.271032,-2.030272,0.419963,88.53084,33.499517,-7.014797,3988.334747,108.12049,66.08492,-20.24679,317.14228,302.98086,-18.179085,5.082499,-7.14414,7.18453,-2.04429,50,5.11811,8.8781,-131.19877,-1.25467,-12.31836,30.54464,-19.78606,CLE_TIG,BOC_EAG,KingsmoreStadium,D1,ACC,20260502-KingsmoreStadium-1,d1540e20-4654-11f1-868c-97266ddeb381,89.75187,83.97262,,8.72683,,,,0.91339,3.17707,0.49718,a7847587-5f2b-422e-b1cb-e44e7d195d4c,2026-05-02,18:29:12.30,2026-05-02T14:29:12.3043840-04:00,2026-05-02T18:29:12.3043840Z,FlyBall,v3,471272,227,26599,"Johnson, Gunnar",1000100233,Right,BOC_EAG,7eaec25b-8e31-4b19-9688-74bcb2a26151,54.24209,-132.18269,15.27232,5.14826,-0.61732,-9.89303,-2.33667,9.27491,-6.15918,150.688872,0.91616,107.41192,-21.03701,4.49568,-0.76242,0.09227,-0.00897,0.00102,-7E-05,3.17745,71.6484,-17.73755,0.79909,0.16682,-0.14626,0.04508,-0.00636,0.00034,0.49783,-13.23518,-4.31267,1.48682,-0.3825,0.07878,-0.01247,0.00132,-7E-05,,,,,,,,,,,,,,,,,,,,,,,High,High,High,High,Medium,,,,,,,,,,,,,,,,,,,,,,,,,,,,,,,,,,,,,
136,2026-05-02,14:29:59.14,4,1,"Grumbles, Drew",839406,Right,BOC_EAG,"Crighton, Jack",702680,Right,CLE_TIG,Undefined,3,Bottom,1,0,0,FourSeamFastBall,Cutter,BallCalled,Undefined,Undefined,Undefined,0,0,,89.41523,-0.952951,-4.327358,2605.443098,223.600029,1:30,5.10604,2.29036,6.10953,-25.72308,8.75867,7.39469,2.07867,-1.10249,82.53623,-5.734271,-3.000178,0.422635,,,,,,,,,,,,-4.89579,5.07807,-1.96137,50,5.01913,9.51301,-129.70528,-3.00472,-8.42276,24.61421,-23.43766,CLE_TIG,BOC_EAG,KingsmoreStadium,D1,ACC,20260502-KingsmoreStadium-1,ed3a3c90-4654-11f1-868c-97266ddeb381,89.18428,,,6.87901,,,,,,,a7847587-5f2b-422e-b1cb-e44e7d195d4c,2026-05-02,18:29:59.14,2026-05-02T14:29:59.1492096-04:00,2026-05-02T18:29:59.1492096Z,,v3,471272,227,26599,"Johnson, Gunnar",1000100233,Right,BOC_EAG,518150e4-3389-452c-88af-eb29de8dd0a4,54.39011,-130.53574,12.30711,5.10716,-2.21397,-11.71883,-2.28713,9.79719,-4.21138,,,,,,,,,,,,,,,,,,,,,,,,,,,,,,,,,,,,,,,,,,,,,,,,,,,High,High,High,,,,,,,,,,,,,,,,,,,,,,,,,,,,,,,,,,,,,,,
137,2026-05-02,14:30:18.55,4,2,"Grumbles, Drew",839406,Right,BOC_EAG,"Crighton, Jack",702680,Right,CLE_TIG,Undefined,3,Bottom,1,1,0,FourSeamFastBall,Four-Seam,InPlay,Undefined,GroundBall,Single,0,2,,89.93878,-1.271341,-3.541122,2548.426333,227.096948,1:30,5.18404,2.35633,6.34762,-23.53663,10.33776,10.01682,2.04991,-0.07281,82.62882,-5.690271,-1.731783,0.418897,103.22782,2.23487,4.138917,1188.465123,,,,70.39452,68.67644,5.355378,0.498164,-6.18252,6.04099,-2.10354,50,5.08038,7.68699,-130.57534,-3.62635,-10.71816,26.43074,-21.70126,CLE_TIG,BOC_EAG,KingsmoreStadium,D1,ACC,20260502-KingsmoreStadium-1,f8cc93f0-4654-11f1-868c-97266ddeb381,89.98018,2.47602,,7.30996,,,,1.04034,2.06781,0.04212,a7847587-5f2b-422e-b1cb-e44e7d195d4c,2026-05-02,18:30:18.55,2026-05-02T14:30:18.5567232-04:00,2026-05-02T18:30:18.5567232Z,GroundBall,v3,471272,227,26599,"Johnson, Gunnar",1000100233,Right,BOC_EAG,784a08f9-8b71-4500-a193-1b4cea71ea0b,54.1525,-131.41318,13.21537,5.18443,-2.93842,-10.85063,-2.3526,8.02675,-5.35908,302.844405,1.06671,150.17716,-23.44011,,,,,,,2.08458,5.44908,-19.40129,,,,,,,0.03287,11.17117,3.95171,,,,,,,,,,,,,,,,,,,,,,,,,,,,,High,High,High,High,High,,,,,,,,,,,,,,,,,,,,,,,,,,,,,,,,,,,,,
138,2026-05-02,14:31:00.77,5,1,"Grumbles, Drew",839406,Right,BOC_EAG,"Fultz, Jason",828238,Right,CLE_TIG,Undefined,3,Bottom,1,0,0,Curveball,Slider,FoulBallNotFieldable,Undefined,Undefined,Undefined,0,0,,78.36059,0.104097,-2.187602,2384.225018,113.172409,9:45,5.2068,2.29776,5.79238,-43.15802,2.64697,-2.77138,1.7072,0.03087,71.8736,-7.833071,-2.684035,0.487111,,,,,,,,,,,,0.79882,1.66697,-2.11591,50,5.18912,4.44628,-113.77279,-1.13897,1.04252,21.71895,-29.99855,CLE_TIG,BOC_EAG,KingsmoreStadium,D1,ACC,20260502-KingsmoreStadium-1,11fbb8b0-4655-11f1-868c-97266ddeb381,77.37958,,,6.48699,,,,,,,a7847587-5f2b-422e-b1cb-e44e7d195d4c,2026-05-02,18:31:00.77,2026-05-02T14:31:00.7757824-04:00,2026-05-02T18:31:00.7757824Z,,v3,471272,227,26599,"Johnson, Gunnar",1000100233,Right,BOC_EAG,6c35f2c1-699c-4cde-81a3-b7a29b9fae28,54.70846,-114.6681,10.85948,5.21058,0.09764,-14.99928,-2.29831,4.4033,0.52126,,,,,,,,,,,,,,,,,,,,,,,,,,,,,,,,,,,,,,,,,,,,,,,,,,,High,High,High,,,,,,,,,,,,,,,,,,,,,,,,,,,,,,,,,,,,,,,
139,2026-05-02,14:31:55.74,5,2,"Grumbles, Drew",839406,Right,BOC_EAG,"Fultz, Jason",828238,Right,CLE_TIG,Undefined,3,Bottom,1,0,1,FourSeamFastBall,Four-Seam,StrikeCalled,Undefined,Undefined,Undefined,0,0,,89.59188,-1.019418,-3.886184,2476.501253,218.559958,1:15,5.16908,2.24243,6.50855,-24.14509,9.89304,7.04422,2.21919,-0.74247,82.11111,-5.566268,-2.611148,0.419908,,,,,,,,,,,,-4.74851,5.79244,-1.97361,50,5.08721,8.55697,-130.01059,-3.03772,-8.14005,26.86097,-22.24444,CLE_TIG,BOC_EAG,KingsmoreStadium,D1,ACC,20260502-KingsmoreStadium-1,32bda590-4655-11f1-868c-97266ddeb381,89.76352,,,7.48077,,,,,,,a7847587-5f2b-422e-b1cb-e44e7d195d4c,2026-05-02,18:31:55.74,2026-05-02T14:31:55.7475840-04:00,2026-05-02T18:31:55.7475840Z,,v3,471272,227,26599,"Johnson, Gunnar",1000100233,Right,BOC_EAG,f84145d6-d27c-4f07-8f68-d1c698d2b2c0,53.99021,-130.8324,13.43049,5.16974,-2.35716,-11.12222,-2.23922,8.80602,-4.07003,,,,,,,,,,,,,,,,,,,,,,,,,,,,,,,,,,,,,,,,,,,,,,,,,,,High,High,High,,,,,,,,,,,,,,,,,,,,,,,,,,,,,,,,,,,,,,,
140,2026-05-02,14:32:16.04,5,3,"Grumbles, Drew",839406,Right,BOC_EAG,"Fultz, Jason",828238,Right,CLE_TIG,Undefined,3,Bottom,1,0,2,Slider,Slider,FoulBallNotFieldable,Undefined,Undefined,Undefined,0,0,,80.07303,-1.066694,-2.281213,2585.401825,57.267212,8:00,5.30142,2.1822,5.7623,-45.83975,-2.40079,-5.62111,0.48771,-0.41057,74.57317,-9.402306,-3.288803,0.474363,,,,,,,,,,,,2.32146,-0.67575,-1.98961,50,5.18454,4.84211,-116.38315,-3.66418,3.2085,20.27391,-33.10801,CLE_TIG,BOC_EAG,KingsmoreStadium,D1,ACC,20260502-KingsmoreStadium-1,3ed7f1a0-4655-11f1-868c-97266ddeb381,79.45899,,,5.49987,,,,,,,a7847587-5f2b-422e-b1cb-e44e7d195d4c,2026-05-02,18:32:16.04,2026-05-02T14:32:16.0438784-04:00,2026-05-02T18:32:16.0438784Z,,v3,471272,227,26599,"Johnson, Gunnar",1000100233,Right,BOC_EAG,afe8e197-0c37-4a3a-bd0e-03dc6b8f20f6,54.74042,-117.20602,10.13696,5.30599,-2.3204,-16.55401,-2.1835,4.71188,1.60425,,,,,,,,,,,,,,,,,,,,,,,,,,,,,,,,,,,,,,,,,,,,,,,,,,,High,High,High,,,,,,,,,,,,,,,,,,,,,,,,,,,,,,,,,,,,,,,
141,2026-05-02,14:32:59.44,5,4,"Grumbles, Drew",839406,Right,BOC_EAG,"Fultz, Jason",828238,Right,CLE_TIG,Undefined,3,Bottom,1,0,2,Slider,Slider,BallCalled,Undefined,Undefined,Undefined,0,0,,77.80065,0.379879,-0.704535,2507.454926,90.306627,9:00,5.22105,2.24609,5.37054,-45.28069,1.3639,-6.56658,1.80386,1.03828,72.11438,-7.853308,-1.873166,0.491555,,,,,,,,,,,,3.13748,0.97047,-2.17806,50,5.22268,1.64289,-113.08081,-0.7702,4.09604,19.02806,-30.9071,CLE_TIG,BOC_EAG,KingsmoreStadium,D1,ACC,20260502-KingsmoreStadium-1,58bef4b0-4655-11f1-868c-97266ddeb381,76.68003,,,5.68627,,,,,,,a7847587-5f2b-422e-b1cb-e44e7d195d4c,2026-05-02,18:32:59.44,2026-05-02T14:32:59.4490000-04:00,2026-05-02T18:32:59.4490000Z,,v3,471272,227,26599,"Johnson, Gunnar",1000100233,Right,BOC_EAG,4ddedcaf-39ec-4575-a79d-62a196fea1bf,55.13049,-113.94084,9.51403,5.22592,0.62674,-15.45355,-2.24813,1.45776,2.04802,,,,,,,,,,,,,,,,,,,,,,,,,,,,,75.92994,,0.770918,,0.07064,1.61544,-0.99391,-0.20073,5.6838,0.77386,,,,-0.09785,108.93845,-10.06946,5.71771,9.6792,-12.80328,0.68287,-11.70447,5.80919,High,High,High,,,High,Medium,Medium,,,,,,,,,,,,,,,,,,,,,,,,,,,,,,,,,,
142,2026-05-02,14:33:29.46,5,5,"Grumbles, Drew",839406,Right,BOC_EAG,"Fultz, Jason",828238,Right,CLE_TIG,Undefined,3,Bottom,1,1,2,Slider,Slider,FoulBallNotFieldable,Undefined,Undefined,Undefined,0,0,,78.07814,0.198092,-2.689633,2296.726974,94.951663,9:15,5.17175,2.30633,5.65139,-43.51144,1.77457,-8.05288,1.73076,-0.87516,73.42999,-7.705822,-4.126571,0.484343,76.70787,67.948874,45.817522,5915.494419,,,,127.98505,54.90786,70.829181,5.439294,3.56579,1.14461,-2.07283,50,5.16018,5.62592,-113.58863,-1.00391,4.76394,16.39718,-30.64485,CLE_TIG,BOC_EAG,KingsmoreStadium,D1,ACC,20260502-KingsmoreStadium-1,6a9bdcc0-4655-11f1-868c-97266ddeb381,77.82174,123.93074,,4.64815,,,,2.46287,1.87116,0.79994,a7847587-5f2b-422e-b1cb-e44e7d195d4c,2026-05-02,18:33:29.46,2026-05-02T14:33:29.4611968-04:00,2026-05-02T18:33:29.4611968Z,Popup,v3,471272,227,26599,"Johnson, Gunnar",1000100233,Right,BOC_EAG,50111cf4-639c-45e8-80fb-3c6e485cc0d7,54.85185,-114.28688,8.19859,5.17515,0.30105,-15.32243,-2.30808,5.42305,2.38197,197.260727,2.44676,29.65994,-15.53512,5.49509,-1.15351,0.0331,0.04782,-0.01005,0.00063,1.8534,104.59936,-28.83748,4.8072,-1.67391,0.49671,-0.09157,0.00872,-0.00032,0.80714,30.16509,-2.06859,-0.48943,0.4866,-0.17087,0.03075,-0.0027,9E-05,,,,,,,,,,,,,,,,,,,,,,,High,High,High,Medium,Low,,,,,,,,,,,,,,,,,,,,,,,,,,,,,,,,,,,,,
143,2026-05-02,14:34:03.95,5,6,"Grumbles, Drew",839406,Right,BOC_EAG,"Fultz, Jason",828238,Right,CLE_TIG,Undefined,3,Bottom,1,1,2,FourSeamFastBall,Four-Seam,FoulBallNotFieldable,Undefined,Undefined,Undefined,0,0,,89.70406,-0.656954,-3.947019,2477.98031,219.076763,1:15,5.2641,2.27653,6.52501,-20.15363,13.68824,10.27957,2.98046,-0.49371,82.26105,-4.485096,-2.086241,0.418696,89.6664,36.073741,51.818787,5011.67026,58.88044,72.43831,92.91427,303.12946,128.44689,66.959966,5.090701,-6.46748,7.67615,-2.00603,50,5.20943,8.59304,-130.22748,-2.06223,-11.14979,26.35105,-18.94054,CLE_TIG,BOC_EAG,KingsmoreStadium,D1,ACC,20260502-KingsmoreStadium-1,7f24d200-4655-11f1-868c-97266ddeb381,90.02342,89.15989,,7.44301,,,,1.13189,3.02589,0.73389,a7847587-5f2b-422e-b1cb-e44e7d195d4c,2026-05-02,18:34:03.95,2026-05-02T14:34:03.9551488-04:00,2026-05-02T18:34:03.9551488Z,FlyBall,v3,471272,227,26599,"Johnson, Gunnar",1000100233,Right,BOC_EAG,2305cdf2-a1e6-4d68-b1df-84a6fedbdc4f,53.97505,-131.02935,13.17553,5.26342,-1.48586,-9.47027,-2.27268,8.93233,-5.5749,,1.138,65.58281,-21.9599,5.67731,-0.93404,0.05202,0.00785,-0.00098,1E-05,3.02655,77.4119,-19.1588,0.41338,0.50199,-0.28042,0.07804,-0.01069,0.00056,0.73736,83.48287,-11.03002,1.43433,0.1598,-0.15785,0.04048,-0.00469,0.00021,,,,,,,,,,,,,,,,,,,,,,,High,High,High,High,Low,,,,,,,,,,,,,,,,,,,,,,,,,,,,,,,,,,,,,
144,2026-05-02,14:34:26.93,5,7,"Grumbles, Drew",839406,Right,BOC_EAG,"Fultz, Jason",828238,Right,CLE_TIG,Undefined,3,Bottom,1,1,2,Curveball,Slider,InPlay,Undefined,GroundBall,Out,1,0,,78.04215,-0.53746,-2.51573,2356.407645,107.53228,9:30,5.29345,2.19739,5.60663,-43.9351,2.15811,-2.60811,1.13,-0.36981,72.37152,-8.545037,-2.981385,0.488641,106.48998,0.613612,-20.450181,1784.164193,,,,38.8961,35.91696,-19.398124,0.244256,0.68276,1.57654,-1.98032,50,5.21857,5.07626,-113.35532,-2.4793,0.89388,19.51591,-30.11002,CLE_TIG,BOC_EAG,KingsmoreStadium,D1,ACC,20260502-KingsmoreStadium-1,8cdeeb60-4655-11f1-868c-97266ddeb381,77.13727,1.33648,,5.67063,,,,2.49245,1.31349,0.31208,a7847587-5f2b-422e-b1cb-e44e7d195d4c,2026-05-02,18:34:26.93,2026-05-02T14:34:26.9301760-04:00,2026-05-02T18:34:26.9301760Z,GroundBall,v3,471272,227,26599,"Johnson, Gunnar",1000100233,Right,BOC_EAG,5cff3b69-2a2d-4d92-b2b6-9de9a43a559f,54.89486,-114.19493,9.75795,5.29737,-1.1839,-15.05501,-2.19788,5.0378,0.44694,31.908435,2.49503,146.19314,-25.44414,,,,,,,1.31725,1.4678,-28.15085,,,,,,,0.31278,-54.60556,1.77207,,,,,,,,,,,,,,,,,,,,,,,,,,,,,High,High,High,High,Medium,,,,,,,,,,,,,,,,,,,,,,,,,,,,,,,,,,,,,
145,2026-05-02,14:35:02.89,6,1,"Grumbles, Drew",839406,Right,BOC_EAG,"Clavon, Bryce",815366,Right,CLE_TIG,Undefined,3,Bottom,2,0,0,FourSeamFastBall,Sinker,InPlay,Undefined,GroundBall,Single,0,1,,89.41158,-0.857381,-3.563187,2521.212572,223.640207,1:30,5.22405,2.21532,6.13353,-25.62438,8.89823,7.50004,2.29464,-0.45727,82.22809,-5.635023,-2.214271,0.422886,105.563,3.091321,-2.852587,974.551015,,,,73.03909,70.46093,-2.839038,0.491428,-4.86449,5.12882,-1.94702,50,5.14502,7.78789,-129.80799,-2.77285,-8.33968,25.95724,-23.38122,CLE_TIG,BOC_EAG,KingsmoreStadium,D1,ACC,20260502-KingsmoreStadium-1,a24150b0-4655-11f1-868c-97266ddeb381,89.1315,3.03723,,7.18349,,,,2.68745,2.43416,0.42336,a7847587-5f2b-422e-b1cb-e44e7d195d4c,2026-05-02,18:35:02.89,2026-05-02T14:35:02.8961792-04:00,2026-05-02T18:35:02.8961792Z,GroundBall,v3,471272,227,26599,"Johnson, Gunnar",1000100233,Right,BOC_EAG,9497cbe8-4cfb-451d-9b7b-6606a49100b3,54.36756,-130.67843,12.97862,5.22486,-1.98879,-11.69061,-2.21287,8.06755,-4.16984,12.006102,2.7053,153.92088,-22.41729,,,,,,,2.46012,7.63633,-25.82638,,,,,,,0.42614,-7.77056,-0.94277,,,,,,,,,,,,,,,,,,,,,,,,,,,,,High,High,High,High,High,,,,,,,,,,,,,,,,,,,,,,,,,,,,,,,,,,,,,
146,2026-05-02,14:35:49.87,7,1,"Grumbles, Drew",839406,Right,BOC_EAG,"Savoie, Nate",832476,Right,CLE_TIG,Undefined,3,Bottom,2,0,0,Curveball,Slider,BallCalled,Undefined,Undefined,Undefined,0,0,,77.90988,-0.918342,-1.362268,2621.127446,85.788333,8:45,5.2241,2.35476,5.60412,-45.19597,0.96882,-4.79862,0.60018,0.68295,72.4086,-9.140969,-2.220537,0.48902,,,,,,,,,,,,2.10878,1.0661,-2.2349,50,5.11574,2.86914,-113.24511,-3.27656,2.75742,19.34099,-30.78002,CLE_TIG,BOC_EAG,KingsmoreStadium,D1,ACC,20260502-KingsmoreStadium-1,be512730-4655-11f1-868c-97266ddeb381,77.07744,,,5.50128,,,,,,,a7847587-5f2b-422e-b1cb-e44e7d195d4c,2026-05-02,18:35:49.87,2026-05-02T14:35:49.8700000-04:00,2026-05-02T18:35:49.8700000Z,,v3,471272,227,26599,"Johnson, Gunnar",1000100233,Right,BOC_EAG,bd058d08-6d41-42ee-a98f-d079f4d79cf7,54.89766,-114.07851,9.6705,5.22835,-1.95025,-15.39001,-2.35596,2.75032,1.37871,,,,,,,,,,,,,,,,,,,,,,,,,,,,,81.82426,,,1.214209,,,,1.11765,5.57777,0.93441,127.27703,-0.43253,2.47453,1.2635,117.83673,-11.70952,5.59938,9.39427,-11.852,0.86741,-3.11257,3.71392,High,High,High,,,High,Medium,Medium,,,,,,,,,,,,,,,,,,,,,,,,,,,,,,,,,,
147,2026-05-02,14:37:03.53,7,2,"Grumbles, Drew",839406,Right,BOC_EAG,"Savoie, Nate",832476,Right,CLE_TIG,Undefined,3,Bottom,2,1,0,Curveball,Slider,BallCalled,Undefined,Undefined,Undefined,0,0,,78.00459,-0.791467,-2.995416,2434.482528,114.302983,9:45,5.06232,2.2742,5.79625,-43.29991,2.91579,-3.24327,0.71676,-0.78481,71.82268,-8.726498,-3.576067,0.48929,,,,,,,,,,,,0.81394,2.1202,-2.02571,50,4.97109,6.04077,-113.1755,-2.91836,1.05337,21.07624,-29.43015,CLE_TIG,BOC_EAG,KingsmoreStadium,D1,ACC,20260502-KingsmoreStadium-1,ea39d860-4655-11f1-868c-97266ddeb381,77.03499,,,6.1819,,,,,,,a7847587-5f2b-422e-b1cb-e44e7d195d4c,2026-05-02,18:37:03.53,2026-05-02T14:37:03.5370496-04:00,2026-05-02T18:37:03.5370496Z,,v3,471272,227,26599,"Johnson, Gunnar",1000100233,Right,BOC_EAG,59164234-180c-47ce-8596-86eaccd4c546,54.70363,-114.04807,10.53812,5.06669,-1.69992,-14.71508,-2.2749,5.99716,0.52668,,,,,,,,,,,,,,,,,,,,,,,,,,,,,,,,,,,,,,,,,,,,,,,,,,,High,High,High,,,,,,,,,,,,,,,,,,,,,,,,,,,,,,,,,,,,,,,
148,2026-05-02,14:37:25.91,7,3,"Grumbles, Drew",839406,Right,BOC_EAG,"Savoie, Nate",832476,Right,CLE_TIG,Undefined,3,Bottom,2,2,0,FourSeamFastBall,Four-Seam,BallCalled,Undefined,Undefined,Undefined,0,0,,89.94946,-0.989055,-4.623527,2440.993186,193.888325,12:30,5.25933,2.23415,6.40334,-17.48564,17.08662,3.91236,2.88965,-1.70067,80.91694,-4.364354,-3.918692,0.42319,,,,,,,,,,,,-3.52323,9.56953,-1.90384,50,5.18,10.36059,-130.12274,-2.70175,-5.9434,31.40698,-16.031,CLE_TIG,BOC_EAG,KingsmoreStadium,D1,ACC,20260502-KingsmoreStadium-1,f78689f0-4655-11f1-868c-97266ddeb381,89.06745,,,9.03252,,,,,,,a7847587-5f2b-422e-b1cb-e44e7d195d4c,2026-05-02,18:37:25.91,2026-05-02T14:37:25.9171840-04:00,2026-05-02T18:37:25.9171840Z,,v3,471272,227,26599,"Johnson, Gunnar",1000100233,Right,BOC_EAG,40584df1-4eb5-480d-a0a5-8e40d5cab145,54.09098,-131.10644,15.70349,5.25676,-2.19964,-8.0155,-2.23126,10.54674,-2.9717,,,,,,,,,,,,,,,,,,,,,,,,,,,,,,,,,,,,,,,,,,,,,,,,,,,High,High,High,,,,,,,,,,,,,,,,,,,,,,,,,,,,,,,,,,,,,,,
149,2026-05-02,14:37:48.47,7,4,"Grumbles, Drew",839406,Right,BOC_EAG,"Savoie, Nate",832476,Right,CLE_TIG,Undefined,3,Bottom,2,3,0,FourSeamFastBall,Four-Seam,InPlay,Undefined,FlyBall,Out,1,0,,89.06224,-1.303365,-2.884004,2420.967778,207.21167,1:00,5.21098,2.40588,6.34139,-16.58619,18.8745,8.99567,2.62714,0.49814,79.56821,-4.538988,-1.2586,0.428593,97.01842,37.919529,15.196319,5229.209501,103.62633,81.19632,36.89889,326.80359,293.22643,30.217632,5.505053,-5.67611,10.65678,-2.19999,50,5.10821,6.13244,-129.01295,-3.34635,-9.33581,32.8749,-14.64627,CLE_TIG,BOC_EAG,KingsmoreStadium,D1,ACC,20260502-KingsmoreStadium-1,04f89dd0-4656-11f1-868c-97266ddeb381,87.94461,109.24051,,9.49403,,,,1.40875,2.73037,-0.48934,a7847587-5f2b-422e-b1cb-e44e7d195d4c,2026-05-02,18:37:48.47,2026-05-02T14:37:48.4744704-04:00,2026-05-02T18:37:48.4744704Z,FlyBall,v3,471272,227,26599,"Johnson, Gunnar",1000100233,Right,BOC_EAG,4471024a-4d49-4a61-8e28-2b676d373c51,54.15394,-130.06714,16.43745,5.20799,-2.87669,-7.32314,-2.40144,6.43181,-4.6679,207.357482,1.41194,108.27174,-27.09567,6.87568,-1.50633,0.29787,-0.04758,0.00487,-0.00022,2.73355,87.37736,-20.54623,0.95186,0.32785,-0.2146,0.05314,-0.00622,0.00028,-0.48976,29.43174,1.48237,-0.81481,0.2666,-0.06209,0.00952,-0.00085,3E-05,,,,,,,,,,,,,,,,,,,,,,,High,High,High,High,Medium,,,,,,,,,,,,,,,,,,,,,,,,,,,,,,,,,,,,,
150,2026-05-02,14:40:20.53,1,1,"Sharman, Michael",831353,Left,CLE_TIG,"Wolff, Kyle",813479,Right,BOC_EAG,Undefined,4,Top,0,0,0,Curveball,Curveball,StrikeCalled,Undefined,Undefined,Undefined,0,0,,73.62675,1.397257,2.243541,1934.350428,312.562009,4:30,5.10545,-2.26113,5.1047,-53.62436,-0.50811,2.3411,1.95456,0.04896,67.75898,-8.31458,2.657453,0.524548,,,,,,,,,,,,-0.54402,-0.14669,2.04757,50,5.19529,-4.27257,-106.77596,0.82685,-0.62836,18.29987,-32.34347,CLE_TIG,BOC_EAG,KingsmoreStadium,D1,ACC,20260502-KingsmoreStadium-1,5fa8b620-4656-11f1-868c-97266ddeb381,71.85701,,,5.86776,,,,,,,a7847587-5f2b-422e-b1cb-e44e7d195d4c,2026-05-02,18:40:20.53,2026-05-02T14:40:20.5314560-04:00,2026-05-02T18:40:20.5314560Z,,v3,471272,227,26599,"Savoie, Nate",832476,Right,CLE_TIG,49116159-2fdc-493c-8375-a6e42983909b,55.39507,-107.69663,9.14993,5.11275,2.45406,-16.17174,2.26173,-4.24096,-0.31418,,,,,,,,,,,,,,,,,,,,,,,,,,,,,,,,,,,,,,,,,,,,,,,,,,,High,High,High,,,,,,,,,,,,,,,,,,,,,,,,,,,,,,,,,,,,,,,
151,2026-05-02,14:40:36.26,1,2,"Sharman, Michael",831353,Left,CLE_TIG,"Wolff, Kyle",813479,Right,BOC_EAG,Undefined,4,Top,0,0,1,TwoSeamFastBall,Sinker,StrikeCalled,Undefined,Undefined,Undefined,0,0,,87.81816,-1.105904,4.644134,2185.871484,124.453604,10:15,5.07155,-2.25934,5.75643,-23.21033,13.56142,-17.94525,2.10441,0.57771,79.77039,-5.458118,1.44458,0.436444,,,,,,,,,,,,10.46772,7.59209,1.88446,50,4.96555,-9.55665,-127.09546,-3.2094,17.04057,27.20342,-19.81475,CLE_TIG,BOC_EAG,KingsmoreStadium,D1,ACC,20260502-KingsmoreStadium-1,68ffea90-4656-11f1-868c-97266ddeb381,86.36258,,,8.04778,,,,,,,a7847587-5f2b-422e-b1cb-e44e7d195d4c,2026-05-02,18:40:36.26,2026-05-02T14:40:36.2638336-04:00,2026-05-02T18:40:36.2638336Z,,v3,471272,227,26599,"Savoie, Nate",832476,Right,CLE_TIG,cbefec77-76f2-42a9-959b-de0726a3b8fb,54.74206,-128.10642,13.60171,5.07114,-2.47302,-9.90738,2.25138,-10.18993,8.52029,,,,,,,,,,,,,,,,,,,,,,,,,,,,,,,,,,,,,,,,,,,,,,,,,,,High,High,High,,,,,,,,,,,,,,,,,,,,,,,,,,,,,,,,,,,,,,,
152,2026-05-02,14:40:52.59,1,3,"Sharman, Michael",831353,Left,CLE_TIG,"Wolff, Kyle",813479,Right,BOC_EAG,Undefined,4,Top,0,0,2,Curveball,Curveball,InPlay,Undefined,FlyBall,Out,1,0,,74.0674,0.9534,2.069295,1964.333438,293.512143,3:45,5.10921,-2.19452,5.11824,-52.74176,-0.23091,4.3102,1.61282,0.11476,68.14045,-8.59927,2.831934,0.52155,87.5128,25.525859,-30.885849,2702.87778,92.37159,44.85783,-59.72786,275.74985,253.40627,-39.111454,3.89095,-1.58276,0.01118,1.99623,50,5.15749,-4.0435,-107.44559,0.05064,-1.84704,18.92032,-32.161,CLE_TIG,BOC_EAG,KingsmoreStadium,D1,ACC,20260502-KingsmoreStadium-1,72c37560-4656-11f1-868c-97266ddeb381,72.27004,52.58942,,5.92696,,,,3.3844,1.8979,0.04884,a7847587-5f2b-422e-b1cb-e44e7d195d4c,2026-05-02,18:40:52.59,2026-05-02T14:40:52.5975552-04:00,2026-05-02T18:40:52.5975552Z,LineDrive,v3,471272,227,26599,"Savoie, Nate",832476,Right,CLE_TIG,6c5243ad-75cf-48dd-897f-fdeb3fa5de97,55.38272,-108.3893,9.46016,5.11495,1.65478,-16.0805,2.19562,-3.95137,-0.92352,153.587977,3.38465,99.39148,-23.81251,5.81201,-1.26479,0.26762,-0.04749,0.00524,-0.00024,1.89761,55.31776,-15.91928,0.42561,0.06961,-0.04531,0.00738,0.00021,-0.0001,0.04877,-59.45369,7.61348,-1.72167,0.32342,-0.05977,0.01015,-0.00114,5E-05,,,,,,,,,,,,,,,,,,,,,,,High,High,High,High,Medium,,,,,,,,,,,,,,,,,,,,,,,,,,,,,,,,,,,,,
153,2026-05-02,14:41:27.63,2,1,"Sharman, Michael",831353,Left,CLE_TIG,"DeShazo, Owen",703506,Right,BOC_EAG,Undefined,4,Top,1,0,0,TwoSeamFastBall,Changeup,StrikeCalled,Undefined,Undefined,Undefined,0,0,,87.77484,-0.676209,4.945711,2207.945687,117.341923,10:00,4.9816,-2.06279,5.77655,-24.75336,12.18985,-21.05548,2.28723,0.79603,79.36705,-5.317466,1.191729,0.43746,,,,,,,,,,,,12.15198,6.79122,1.66604,50,4.9108,-10.0735,-126.94907,-2.31024,19.65763,28.11032,-21.18822,CLE_TIG,BOC_EAG,KingsmoreStadium,D1,ACC,20260502-KingsmoreStadium-1,879f6ca0-4656-11f1-868c-97266ddeb381,86.16199,,,8.40779,,,,,,,a7847587-5f2b-422e-b1cb-e44e7d195d4c,2026-05-02,18:41:27.63,2026-05-02T14:41:27.6343296-04:00,2026-05-02T18:41:27.6343296Z,,v3,471272,227,26599,"Savoie, Nate",832476,Right,CLE_TIG,5687f91a-1382-4387-a98d-db3f0a02fe6f,54.72139,-127.99025,14.05516,4.98183,-1.52544,-10.59411,2.05264,-10.80161,9.82882,,,,,,,,,,,,,,,,,,,,,,,,,,,,,,,,,,,,,,,,,,,,,,,,,,,High,High,High,,,,,,,,,,,,,,,,,,,,,,,,,,,,,,,,,,,,,,,
154,2026-05-02,14:41:39.48,2,2,"Sharman, Michael",831353,Left,CLE_TIG,"DeShazo, Owen",703506,Right,BOC_EAG,Undefined,4,Top,1,0,1,Curveball,Curveball,StrikeSwinging,Undefined,Undefined,Undefined,0,0,,75.06841,0.872735,2.036035,2023.438934,68.938041,8:15,5.03043,-2.13716,5.15204,-50.28751,1.52264,-0.90894,1.66198,-0.29538,67.9812,-8.301413,1.875096,0.518058,,,,,,,,,,,,1.11228,1.0435,1.94752,50,5.07381,-3.82788,-108.68607,-0.02312,1.30912,21.90203,-30.9459,CLE_TIG,BOC_EAG,KingsmoreStadium,D1,ACC,20260502-KingsmoreStadium-1,8eb90d20-4656-11f1-868c-97266ddeb381,72.75713,,,7.08721,,,,,,,a7847587-5f2b-422e-b1cb-e44e7d195d4c,2026-05-02,18:41:39.48,2026-05-02T14:41:39.4892800-04:00,2026-05-02T18:41:39.4892800Z,,v3,471272,227,26599,"Savoie, Nate",832476,Right,CLE_TIG,0b8eb8c2-747b-4799-b768-6617048f1f4e,55.3444,-109.75777,10.95102,5.03789,1.49111,-15.47295,2.13639,-3.89194,0.65456,,,,,,,,,,,,,,,,,,,,,,,,,,,,,,,,,,,,,,,,,,,,,,,,,,,High,High,High,,,,,,,,,,,,,,,,,,,,,,,,,,,,,,,,,,,,,,,
155,2026-05-02,14:41:52.90,2,3,"Sharman, Michael",831353,Left,CLE_TIG,"DeShazo, Owen",703506,Right,BOC_EAG,Undefined,4,Top,1,0,2,Curveball,Curveball,StrikeCalled,Strikeout,Undefined,Undefined,0,0,,75.01717,1.092201,1.594504,2002.876535,248.122977,2:15,5.00864,-2.17362,5.07741,-50.16857,2.45441,0.90409,1.85806,-0.59475,67.12892,-8.093824,1.754401,0.522106,,,,,,,,,,,,0.12819,1.49862,2.02175,50,5.07354,-3.05563,-108.44323,0.37765,0.14846,23.78295,-30.43813,CLE_TIG,BOC_EAG,KingsmoreStadium,D1,ACC,20260502-KingsmoreStadium-1,96b8a0d0-4656-11f1-868c-97266ddeb381,72.19301,,,7.88825,,,,,,,a7847587-5f2b-422e-b1cb-e44e7d195d4c,2026-05-02,18:41:52.90,2026-05-02T14:41:52.9060000-04:00,2026-05-02T18:41:52.9060000Z,,v3,471272,227,26599,"Savoie, Nate",832476,Right,CLE_TIG,c13fc7b2-6785-4cc4-9d6c-a5e71240b8b0,55.41552,-109.62449,11.89147,5.01724,1.88946,-15.21907,2.1737,-3.06301,0.07423,,,,,,,,,,,,,,,,,,,,,,,,,,,,,66.44657,2.90696,1.904128,1.002832,-0.78574,1.53652,0.52717,-2.95241,5.29307,5.24544,70.26086,6.57852,54.52485,-2.88236,79.76098,-6.78821,5.34694,16.21201,-14.9271,5.26629,51.91786,-2.7855,High,High,High,,,High,High,High,,,,,,,,,,,,,,,,,,,,,,,,,,,,,,,,,,
156,2026-05-02,14:42:18.92,3,1,"Sharman, Michael",831353,Left,CLE_TIG,"Williams, Ben",831962,Right,BOC_EAG,Undefined,4,Top,2,0,0,FourSeamFastBall,Sinker,InPlay,Undefined,FlyBall,Out,1,0,,87.71325,-0.019991,3.44143,2179.961081,126.07069,10:15,4.87733,-2.23394,5.89405,-24.35927,12.45705,-15.30351,2.8288,-0.3102,79.12181,-4.610801,0.700557,0.436708,102.23546,18.169076,14.309277,2493.33654,105.01992,33.52192,32.72314,330.46312,320.78406,23.782496,3.567776,8.92426,6.75697,1.96544,50,4.86189,-7.0018,-127.08645,-0.81544,14.40793,29.16359,-21.26513,CLE_TIG,BOC_EAG,KingsmoreStadium,D1,ACC,20260502-KingsmoreStadium-1,a62db0a0-4656-11f1-868c-97266ddeb381,86.3103,42.8475,,8.59144,,,,1.28568,2.85924,0.31261,a7847587-5f2b-422e-b1cb-e44e7d195d4c,2026-05-02,18:42:18.92,2026-05-02T14:42:18.9221376-04:00,2026-05-02T18:42:18.9221376Z,LineDrive,v3,471272,227,26599,"Savoie, Nate",832476,Right,CLE_TIG,5f5218f7-3352-4407-93ce-0fdf3a862d21,54.60379,-128.13857,14.58179,4.87747,-0.04827,-10.63257,2.22741,-7.52159,7.20397,218.401039,1.28567,138.04698,-28.88483,6.89384,-1.47993,0.315,-0.06015,0.00766,-0.00044,2.85942,46.75361,-13.66472,-0.2301,0.25689,-0.11539,0.03291,-0.00486,0.00029,0.31268,35.21096,2.24753,-1.08302,0.36238,-0.10571,0.02397,-0.00331,0.0002,,,,,,,,,,,,,,,,,,,,,,,High,High,High,High,Medium,,,,,,,,,,,,,,,,,,,,,,,,,,,,,,,,,,,,,
157,2026-05-02,14:45:40.16,1,1,"Spada, Matthew",831965,Left,BOC_EAG,"Gaffney, Luke",808781,Right,CLE_TIG,Undefined,4,Bottom,0,0,0,FourSeamFastBall,Four-Seam,BallCalled,Undefined,Undefined,Undefined,0,0,,86.79293,-5.098393,2.356091,2132.190297,151.859505,11:00,6.51986,-1.28131,5.47625,-14.21052,24.14612,-12.16154,0.5482,-0.08884,78.68061,-7.822773,0.192134,0.44575,,,,,,,,,,,,6.87465,14.16623,1.08299,50,6.06164,-4.63213,-125.30839,-11.56838,10.8197,27.72304,-9.87847,CLE_TIG,BOC_EAG,KingsmoreStadium,D1,ACC,20260502-KingsmoreStadium-1,1e23d580-4657-11f1-868c-97266ddeb381,84.55953,,,8.11232,,,,,,,a7847587-5f2b-422e-b1cb-e44e7d195d4c,2026-05-02,18:45:40.16,2026-05-02T14:45:40.1630720-04:00,2026-05-02T18:45:40.1630720Z,,v3,471272,227,26599,"Johnson, Gunnar",1000100233,Right,BOC_EAG,1c4af8d6-bddf-47bb-9fd6-49132077bf0c,55.0216,-126.41448,13.86152,6.51533,-11.17425,-4.93923,1.27641,-5.06381,5.40985,,,,,,,,,,,,,,,,,,,,,,,,,,,,,,,,,,,,,,,,,,,,,,,,,,,High,High,High,,,,,,,,,,,,,,,,,,,,,,,,,,,,,,,,,,,,,,,
158,2026-05-02,14:45:56.74,1,2,"Spada, Matthew",831965,Left,BOC_EAG,"Gaffney, Luke",808781,Right,CLE_TIG,Undefined,4,Bottom,0,1,0,FourSeamFastBall,Changeup,StrikeSwinging,Undefined,Undefined,Undefined,0,0,,84.43337,-2.433646,1.716603,1964.016815,163.915479,11:30,6.46336,-1.38105,5.52779,-21.42135,19.12438,-5.06823,2.40079,-0.19817,75.91867,-6.4871,0.813267,0.458294,,,,,,,,,,,,3.15236,10.92961,1.23538,50,6.23801,-3.45095,-122.2015,-5.83943,4.6723,28.53326,-15.97457,CLE_TIG,BOC_EAG,KingsmoreStadium,D1,ACC,20260502-KingsmoreStadium-1,28048540-4657-11f1-868c-97266ddeb381,82.24514,,,8.5147,,,,,,,a7847587-5f2b-422e-b1cb-e44e7d195d4c,2026-05-02,18:45:56.74,2026-05-02T14:45:56.7463424-04:00,2026-05-02T18:45:56.7463424Z,,v3,471272,227,26599,"Johnson, Gunnar",1000100233,Right,BOC_EAG,daca08a1-72d6-4dc7-877a-3b05d8f6d932,54.96872,-123.35621,14.26663,6.46124,-5.19295,-7.98729,1.37886,-3.64003,2.33615,,,,,,,,,,,,,,,,,,,,,,,,,,,,,,,,,,,,,,,,,,,,,,,,,,,High,High,High,,,,,,,,,,,,,,,,,,,,,,,,,,,,,,,,,,,,,,,
159,2026-05-02,14:46:17.27,1,3,"Spada, Matthew",831965,Left,BOC_EAG,"Gaffney, Luke",808781,Right,CLE_TIG,Undefined,4,Bottom,0,1,1,Slider,Curveball,StrikeSwinging,Undefined,Undefined,Undefined,0,0,,73.64131,1.598965,1.224542,1779.887533,27.478634,7:00,6.39014,-1.5562,5.0512,-58.54897,-4.75343,-3.44229,3.01987,-0.68795,67.02934,-9.013159,0.615461,0.527891,,,,,,,,,,,,2.07555,-2.21768,1.44241,50,6.49622,-2.14435,-106.69541,0.98484,2.364,20.40267,-34.69994,CLE_TIG,BOC_EAG,KingsmoreStadium,D1,ACC,20260502-KingsmoreStadium-1,344da980-4657-11f1-868c-97266ddeb381,71.40189,,,6.61197,,,,,,,a7847587-5f2b-422e-b1cb-e44e7d195d4c,2026-05-02,18:46:17.27,2026-05-02T14:46:17.2779008-04:00,2026-05-02T18:46:17.2779008Z,,v3,471272,227,26599,"Johnson, Gunnar",1000100233,Right,BOC_EAG,b78c578c-2a11-40ba-bc2f-98fb13b12bb7,55.44686,-107.73195,10.20133,6.4014,2.74772,-17.34997,1.5544,-2.26445,1.182,,,,,,,,,,,,,,,,,,,,,,,,,,,,,,,,,,,,,,,,,,,,,,,,,,,High,High,High,,,,,,,,,,,,,,,,,,,,,,,,,,,,,,,,,,,,,,,
160,2026-05-02,14:46:36.24,1,4,"Spada, Matthew",831965,Left,BOC_EAG,"Gaffney, Luke",808781,Right,CLE_TIG,Undefined,4,Bottom,0,1,2,Slider,Curveball,StrikeSwinging,Strikeout,Undefined,Undefined,0,0,,73.7487,-0.256317,1.198262,1732.236458,1.566767,6:00,6.43928,-1.44428,5.20507,-58.7355,-5.34874,-0.1974,1.30355,-0.33363,67.42058,-10.881753,1.163159,0.525882,,,,,,,,,,,,0.4837,-2.07614,1.33354,50,6.3712,-2.22902,-106.92324,-2.41961,0.55166,20.98279,-34.54194,CLE_TIG,BOC_EAG,KingsmoreStadium,D1,ACC,20260502-KingsmoreStadium-1,3f995af0-4657-11f1-868c-97266ddeb381,71.67474,,,6.32811,,,,,,,a7847587-5f2b-422e-b1cb-e44e7d195d4c,2026-05-02,18:46:36.24,2026-05-02T14:46:36.2410000-04:00,2026-05-02T18:46:36.2410000Z,,v3,471272,227,26599,"Johnson, Gunnar",1000100233,Right,BOC_EAG,771836e0-2515-48f2-8927-136eb988cdfa,55.2946,-107.95726,10.49139,6.4485,-0.7174,-17.27097,1.44406,-2.25621,0.27583,,,,,,,,,,,,,,,,,,,,,,,,,,,,,66.84005,,,1.009766,,,,1.25602,5.14871,-0.28985,74.95301,5.53998,49.83134,1.32326,81.4767,-8.52203,5.17432,14.17008,-13.69308,-0.28851,51.11902,-1.47066,High,High,High,,,High,High,High,,,,,,,,,,,,,,,,,,,,,,,,,,,,,,,,,,
161,2026-05-02,14:47:09.00,2,1,"Spada, Matthew",831965,Left,BOC_EAG,"Jarrell, Jacob",703447,Right,CLE_TIG,Undefined,4,Bottom,1,0,0,Curveball,Curveball,BallCalled,Undefined,Undefined,Undefined,0,0,,72.45718,-1.593542,1.045236,1842.754582,353.946318,5:45,6.41887,-1.38235,5.12838,-60.92677,-5.78579,0.80508,-0.15982,-0.33073,67.02929,-12.516778,1.188477,0.534452,,,,,,,,,,,,-0.0911,-2.06536,1.28355,50,6.22125,-1.9466,-105.1075,-4.89549,-0.10104,19.26678,-34.46438,CLE_TIG,BOC_EAG,KingsmoreStadium,D1,ACC,20260502-KingsmoreStadium-1,531e4db0-4657-11f1-868c-97266ddeb381,70.52542,,,5.4279,,,,,,,a7847587-5f2b-422e-b1cb-e44e7d195d4c,2026-05-02,18:47:09.00,2026-05-02T14:47:09.0023936-04:00,2026-05-02T18:47:09.0023936Z,,v3,471272,227,26599,"Johnson, Gunnar",1000100233,Right,BOC_EAG,518d08da-f846-40b0-899a-071e9a0b8534,55.37391,-106.088,9.63339,6.42575,-3.14159,-17.23219,1.38248,-1.94146,-0.05052,,,,,,,,,,,,,,,,,,,,,,,,,,,,,,,,,,,,,,,,,,,,,,,,,,,High,High,High,,,,,,,,,,,,,,,,,,,,,,,,,,,,,,,,,,,,,,,
162,2026-05-02,14:47:33.75,2,2,"Spada, Matthew",831965,Left,BOC_EAG,"Jarrell, Jacob",703447,Right,CLE_TIG,Undefined,4,Bottom,1,1,0,Curveball,Curveball,StrikeSwinging,Undefined,Undefined,Undefined,0,0,,72.50935,0.417332,1.037997,1733.388673,18.076033,6:30,6.34482,-1.46677,5.00913,-58.33633,-2.92284,-1.5689,1.87745,-0.61765,66.38689,-10.120653,0.760239,0.535771,,,,,,,,,,,,1.0926,-0.97595,1.36848,50,6.33794,-1.84409,-105.11826,-1.18347,1.21052,19.4494,-33.25532,CLE_TIG,BOC_EAG,KingsmoreStadium,D1,ACC,20260502-KingsmoreStadium-1,61e172a0-4657-11f1-868c-97266ddeb381,70.35177,,,6.12246,,,,,,,a7847587-5f2b-422e-b1cb-e44e7d195d4c,2026-05-02,18:47:33.75,2026-05-02T14:47:33.7521664-04:00,2026-05-02T18:47:33.7521664Z,,v3,471272,227,26599,"Johnson, Gunnar",1000100233,Right,BOC_EAG,bb17ac90-8180-4079-b5ae-9c628c8ba63e,55.48942,-106.12907,9.7247,6.35453,0.54486,-16.62766,1.46595,-1.907,0.60526,,,,,,,,,,,,,,,,,,,,,,,,,,,,,,,,,,,,,,,,,,,,,,,,,,,High,High,High,,,,,,,,,,,,,,,,,,,,,,,,,,,,,,,,,,,,,,,
163,2026-05-02,14:47:52.80,2,3,"Spada, Matthew",831965,Left,BOC_EAG,"Jarrell, Jacob",703447,Right,CLE_TIG,Undefined,4,Bottom,1,1,1,FourSeamFastBall,Four-Seam,BallCalled,Undefined,Undefined,Undefined,0,0,,85.64361,-4.585011,1.265997,2028.32356,148.582574,11:00,6.50781,-1.32769,5.3767,-19.66281,19.82115,-11.2289,0.56065,-1.0764,77.73784,-8.265294,-0.731321,0.452253,,,,,,,,,,,,6.02469,11.79253,1.22253,50,6.08296,-2.24722,-123.76207,-10.53465,9.24273,27.20786,-14.08264,CLE_TIG,BOC_EAG,KingsmoreStadium,D1,ACC,20260502-KingsmoreStadium-1,6d325430-4657-11f1-868c-97266ddeb381,83.34363,,,7.90577,,,,,,,a7847587-5f2b-422e-b1cb-e44e7d195d4c,2026-05-02,18:47:52.80,2026-05-02T14:47:52.8005120-04:00,2026-05-02T18:47:52.8005120Z,,v3,471272,227,26599,"Johnson, Gunnar",1000100233,Right,BOC_EAG,f541be6d-bee4-4be1-abc5-17e5e4f42827,55.11989,-124.88256,13.60393,6.50486,-9.9547,-7.04132,1.32292,-2.62786,4.62136,,,,,,,,,,,,,,,,,,,,,,,,,,,,,,,,,,,,,,,,,,,,,,,,,,,High,High,High,,,,,,,,,,,,,,,,,,,,,,,,,,,,,,,,,,,,,,,
164,2026-05-02,14:48:11.18,2,4,"Spada, Matthew",831965,Left,BOC_EAG,"Jarrell, Jacob",703447,Right,CLE_TIG,Undefined,4,Bottom,1,2,1,FourSeamFastBall,Four-Seam,BallCalled,Undefined,Undefined,Undefined,0,0,,85.07354,-5.550197,0.639719,2109.394972,155.147809,11:15,6.40378,-1.39706,5.92787,-16.95493,22.20682,-9.63705,-0.17541,-1.60655,77.50163,-8.76552,-1.092068,0.450404,,,,,,,,,,,,5.18067,13.53056,1.35159,50,5.94946,-0.99562,-122.95782,-12.39768,7.86018,26.41775,-11.6453,CLE_TIG,BOC_EAG,KingsmoreStadium,D1,ACC,20260502-KingsmoreStadium-1,78218dc0-4657-11f1-868c-97266ddeb381,83.68583,,,7.57191,,,,,,,a7847587-5f2b-422e-b1cb-e44e7d195d4c,2026-05-02,18:48:11.18,2026-05-02T14:48:11.1898112-04:00,2026-05-02T18:48:11.1898112Z,,v3,471272,227,26599,"Johnson, Gunnar",1000100233,Right,BOC_EAG,e6370b15-fd2a-46c0-8586-0d752fc7af94,54.57101,-123.93601,13.20888,6.40053,-11.96648,-5.82265,1.39384,-1.28667,3.93009,,,,,,,,,,,,,,,,,,,,,,,,,,,,,,,,,,,,,,,,,,,,,,,,,,,High,High,High,,,,,,,,,,,,,,,,,,,,,,,,,,,,,,,,,,,,,,,
165,2026-05-02,14:48:34.14,2,5,"Spada, Matthew",831965,Left,BOC_EAG,"Jarrell, Jacob",703447,Right,CLE_TIG,Undefined,4,Bottom,1,3,1,FourSeamFastBall,Changeup,StrikeSwinging,Undefined,Undefined,Undefined,0,0,,85.20506,-3.161169,2.0162,2064.133387,151.973148,11:00,6.48316,-1.29344,5.46907,-17.09875,22.40989,-11.18997,2.095,-0.33826,77.38955,-6.412212,0.024657,0.452395,,,,,,,,,,,,6.2104,12.6195,1.12386,50,6.19351,-3.85854,-123.34473,-7.29854,9.50072,26.13332,-12.86863,CLE_TIG,BOC_EAG,KingsmoreStadium,D1,ACC,20260502-KingsmoreStadium-1,85d4f060-4657-11f1-868c-97266ddeb381,83.31758,,,7.81551,,,,,,,a7847587-5f2b-422e-b1cb-e44e7d195d4c,2026-05-02,18:48:34.14,2026-05-02T14:48:34.1421056-04:00,2026-05-02T18:48:34.1421056Z,,v3,471272,227,26599,"Johnson, Gunnar",1000100233,Right,BOC_EAG,0acf69e8-aa8e-42ce-ad97-5b75210b07b9,55.02726,-124.40531,13.06666,6.47912,-6.77629,-6.43432,1.28827,-4.24411,4.75036,,,,,,,,,,,,,,,,,,,,,,,,,,,,,,,,,,,,,,,,,,,,,,,,,,,High,High,High,,,,,,,,,,,,,,,,,,,,,,,,,,,,,,,,,,,,,,,
166,2026-05-02,14:48:52.67,2,6,"Spada, Matthew",831965,Left,BOC_EAG,"Jarrell, Jacob",703447,Right,CLE_TIG,Undefined,4,Bottom,1,3,2,Curveball,Curveball,BallCalled,Walk,Undefined,Undefined,0,0,,73.42903,-1.071249,1.790451,1817.18739,0.684262,6:00,6.39759,-1.43882,4.90105,-60.72043,-7.27548,-0.10516,0.32378,0.24634,68.66394,-11.887615,1.771845,0.526168,,,,,,,,,,,,0.5211,-2.99854,1.26368,50,6.24082,-3.32928,-106.63031,-4.06413,0.60341,17.35242,-35.64614,CLE_TIG,BOC_EAG,KingsmoreStadium,D1,ACC,20260502-KingsmoreStadium-1,90e48330-4657-11f1-868c-97266ddeb381,71.63569,,,4.76509,,,,,,,a7847587-5f2b-422e-b1cb-e44e7d195d4c,2026-05-02,18:48:52.67,2026-05-02T14:48:52.6783488-04:00,2026-05-02T18:48:52.6783488Z,,v3,471272,227,26599,"Johnson, Gunnar",1000100233,Right,BOC_EAG,13aee8a1-9d78-4ef0-8c75-e7bb93d1e87e,55.60253,-107.53816,8.67621,6.40466,-2.19916,-17.82307,1.43869,-3.36084,0.30171,,,,,,,,,,,,,,,,,,,,,,,,,,,,,,,,,,,,,,,,,,,,,,,,,,,High,High,High,,,,,,,,,,,,,,,,,,,,,,,,,,,,,,,,,,,,,,,
167,2026-05-02,14:49:30.13,3,1,"Spada, Matthew",831965,Left,BOC_EAG,"McCladdie, Tryston",812697,Left,CLE_TIG,Undefined,4,Bottom,1,0,0,Curveball,Curveball,StrikeCalled,Undefined,Undefined,Undefined,0,0,,74.1419,0.746598,0.704379,1720.342282,3.929087,6:15,6.37096,-1.46615,5.05988,-58.97224,-6.78307,-0.57201,2.16075,-0.84955,68.71418,-9.866756,0.603013,0.51995,,,,,,,,,,,,0.47323,-3.10512,1.39966,50,6.39471,-1.30203,-107.69322,-0.6113,0.5577,18.09101,-35.83345,CLE_TIG,BOC_EAG,KingsmoreStadium,D1,ACC,20260502-KingsmoreStadium-1,a7384d60-4657-11f1-868c-97266ddeb381,72.49242,,,5.42771,,,,,,,a7847587-5f2b-422e-b1cb-e44e7d195d4c,2026-05-02,18:49:30.13,2026-05-02T14:49:30.1349888-04:00,2026-05-02T18:49:30.1349888Z,,v3,471272,227,26599,"Johnson, Gunnar",1000100233,Right,BOC_EAG,1d3df6f7-dfd5-471b-9809-e9c1d03ad43b,55.4421,-108.60357,9.04551,6.38011,1.19186,-17.91673,1.46588,-1.3301,0.27885,,,,,,,,,,,,,,,,,,,,,,,,,,,,,,,,,,,,,,,,,,,,,,,,,,,High,High,High,,,,,,,,,,,,,,,,,,,,,,,,,,,,,,,,,,,,,,,
168,2026-05-02,14:49:47.96,3,2,"Spada, Matthew",831965,Left,BOC_EAG,"McCladdie, Tryston",812697,Left,CLE_TIG,Undefined,4,Bottom,1,0,1,Curveball,Curveball,FoulBallNotFieldable,Undefined,Undefined,Undefined,0,0,,72.14614,1.468211,0.44979,1802.859195,350.918028,5:45,6.41298,-1.42564,5.10974,-66.61661,-11.15867,2.06591,2.2452,-0.82971,66.45069,-10.537407,0.816355,0.535986,,,,,,,,,,,,-0.90264,-5.55642,1.38156,50,6.49857,-0.89843,-104.72619,0.48563,-0.99695,18.58929,-38.31115,CLE_TIG,BOC_EAG,KingsmoreStadium,D1,ACC,20260502-KingsmoreStadium-1,b1dee530-4657-11f1-868c-97266ddeb381,70.32358,,,5.69545,,,,,,,a7847587-5f2b-422e-b1cb-e44e7d195d4c,2026-05-02,18:49:47.96,2026-05-02T14:49:47.9601664-04:00,2026-05-02T18:49:47.9601664Z,,v3,471272,227,26599,"Johnson, Gunnar",1000100233,Right,BOC_EAG,bd18ceb3-d71c-4e18-ab1e-8c8744fa7f32,55.39328,-105.67918,9.29465,6.42333,2.44967,-19.15558,1.42631,-0.84732,-0.49847,,,,,,,,,,,,,,,,,,,,,,,,,,,,,,,,,,,,,,,,,,,,,,,,,,,High,High,High,,,,,,,,,,,,,,,,,,,,,,,,,,,,,,,,,,,,,,,
169,2026-05-02,14:50:10.57,3,3,"Spada, Matthew",831965,Left,BOC_EAG,"McCladdie, Tryston",812697,Left,CLE_TIG,Undefined,4,Bottom,1,0,2,Curveball,Slider,InPlay,Undefined,LineDrive,Out,1,0,,74.43484,0.258449,1.259618,1681.291786,343.193976,5:30,6.33538,-1.55454,5.10689,-54.81633,-2.41414,1.26697,2.01093,-0.26198,68.07295,-9.667935,1.484216,0.52101,98.3397,15.191458,7.507628,1139.08449,109.41745,23.67665,11.30583,282.14044,279.44475,3.684709,2.75724,-0.24457,-0.7963,1.43476,50,6.31682,-2.42185,-107.92868,-1.35205,-0.28546,20.6078,-33.10353,CLE_TIG,BOC_EAG,KingsmoreStadium,D1,ACC,20260502-KingsmoreStadium-1,bf58c140-4657-11f1-868c-97266ddeb381,72.34495,26.17666,,6.36189,,,,1.02041,2.00483,0.22235,a7847587-5f2b-422e-b1cb-e44e7d195d4c,2026-05-02,18:50:10.57,2026-05-02T14:50:10.5763328-04:00,2026-05-02T18:50:10.5763328Z,LineDrive,v3,471272,227,26599,"Johnson, Gunnar",1000100233,Right,BOC_EAG,c6499185-fe47-4b92-ba9b-aa184f6ff740,55.39257,-108.95346,10.3039,6.34312,0.29412,-16.55177,1.55484,-2.40766,-0.14273,138.053485,1.02044,137.99503,-20.30009,3.92209,-0.61616,0.01958,0.02618,-0.00781,0.00078,2.00479,37.79988,-15.63774,0.89032,-0.36127,0.23996,-0.09877,0.02201,-0.00199,0.22242,18.17957,-8.06344,2.15249,-0.16695,-0.20259,0.11549,-0.02751,0.00254,,,,,,,,,,,,,,,,,,,,,,,High,High,High,High,High,,,,,,,,,,,,,,,,,,,,,,,,,,,,,,,,,,,,,
170,2026-05-02,14:50:49.12,4,1,"Spada, Matthew",831965,Left,BOC_EAG,"Purify, Jarren",803905,Right,CLE_TIG,Undefined,4,Bottom,2,0,0,Curveball,Curveball,BallCalled,Undefined,Undefined,Undefined,0,0,,72.78548,1.86523,0.208589,1729.974936,359.237476,6:00,6.32253,-1.54831,5.09026,-58.71865,-4.13949,0.07862,3.18788,-1.34516,66.69348,-8.771645,0.222509,0.531722,,,,,,,,,,,,0.02185,-2.03504,1.52852,50,6.45281,-0.38734,-105.5652,1.48235,0.02454,18.74631,-34.45986,CLE_TIG,BOC_EAG,KingsmoreStadium,D1,ACC,20260502-KingsmoreStadium-1,d650bab0-4657-11f1-868c-97266ddeb381,70.88745,,,6.09199,,,,,,,a7847587-5f2b-422e-b1cb-e44e7d195d4c,2026-05-02,18:50:49.12,2026-05-02T14:50:49.1200512-04:00,2026-05-02T18:50:49.1200512Z,,v3,471272,227,26599,"Johnson, Gunnar",1000100233,Right,BOC_EAG,c2e05756-485a-4d17-82bf-0ede20d1e44b,55.40937,-106.52147,9.37316,6.33236,3.24018,-17.22993,1.54831,-0.38859,0.01227,,,,,,,,,,,,,,,,,,,,,,,,,,,,,,,,,,,,,,,,,,,,,,,,,,,High,High,High,,,,,,,,,,,,,,,,,,,,,,,,,,,,,,,,,,,,,,,
171,2026-05-02,14:51:05.68,4,2,"Spada, Matthew",831965,Left,BOC_EAG,"Purify, Jarren",803905,Right,CLE_TIG,Undefined,4,Bottom,2,1,0,Curveball,Curveball,StrikeCalled,Undefined,Undefined,Undefined,0,0,,73.17846,1.642351,1.740864,1805.773316,351.262704,5:45,6.38379,-1.51638,5.18594,-56.54058,-2.40618,0.65362,3.21835,0.1764,66.6936,-8.63823,1.856708,0.529551,,,,,,,,,,,,0.21122,-1.10508,1.35416,50,6.4938,-3.24786,-106.03439,1.17947,0.23803,19.84493,-33.41945,CLE_TIG,BOC_EAG,KingsmoreStadium,D1,ACC,20260502-KingsmoreStadium-1,e0356210-4657-11f1-868c-97266ddeb381,71.17808,,,6.48487,,,,,,,a7847587-5f2b-422e-b1cb-e44e7d195d4c,2026-05-02,18:51:05.68,2026-05-02T14:51:05.6830976-04:00,2026-05-02T18:51:05.6830976Z,,v3,471272,227,26599,"Johnson, Gunnar",1000100233,Right,BOC_EAG,dcc87749-c95c-4316-9b00-6ef15845a56a,55.31212,-107.02396,9.92246,6.39343,2.84595,-16.70972,1.51641,-3.25973,0.11901,,,,,,,,,,,,,,,,,,,,,,,,,,,,,,,,,,,,,,,,,,,,,,,,,,,High,High,High,,,,,,,,,,,,,,,,,,,,,,,,,,,,,,,,,,,,,,,
172,2026-05-02,14:51:24.09,4,3,"Spada, Matthew",831965,Left,BOC_EAG,"Purify, Jarren",803905,Right,CLE_TIG,Undefined,4,Bottom,2,1,1,Curveball,Curveball,FoulBallNotFieldable,Undefined,Undefined,Undefined,0,0,,72.75544,0.973196,1.691024,1776.217753,341.597555,5:30,6.38388,-1.56735,4.93606,-55.71487,-0.88398,0.87413,2.66131,0.10427,66.90701,-9.082639,1.845314,0.532947,60.35357,51.679125,139.988211,5575.610689,-89.16718,48.4662,64.41439,160.70677,58.89244,144.113164,3.421112,0.04665,-0.29346,1.40211,50,6.43194,-3.14821,-105.52311,-0.05938,0.05246,18.4038,-32.50405,CLE_TIG,BOC_EAG,KingsmoreStadium,D1,ACC,20260502-KingsmoreStadium-1,eb2bc790-4657-11f1-868c-97266ddeb381,70.72456,55.02313,,5.84843,,,,1.59962,2.77876,-0.07896,a7847587-5f2b-422e-b1cb-e44e7d195d4c,2026-05-02,18:51:24.09,2026-05-02T14:51:24.0967680-04:00,2026-05-02T18:51:24.0967680Z,Popup,v3,471272,227,26599,"Johnson, Gunnar",1000100233,Right,BOC_EAG,ed3b0531-93e4-42be-9bf6-4eb1d2f4d51a,55.56477,-106.48921,9.2019,6.39027,1.64691,-16.25202,1.56744,-3.15096,0.02623,335.541543,1.60019,-42.05918,-1.29176,1.23388,0.02594,-0.27836,0.13212,-0.02607,0.00191,2.77897,69.44228,-26.86093,3.16914,-0.58637,0.11132,-0.0358,0.00883,-0.00084,-0.07895,35.29185,-4.96058,1.50796,-0.4117,0.14844,-0.05487,0.01177,-0.00099,,,,,,,,,,,,,,,,,,,,,,,High,High,High,High,Medium,,,,,,,,,,,,,,,,,,,,,,,,,,,,,,,,,,,,,
173,2026-05-02,14:51:46.94,4,4,"Spada, Matthew",831965,Left,BOC_EAG,"Purify, Jarren",803905,Right,CLE_TIG,Undefined,4,Bottom,2,1,2,FourSeamFastBall,Four-Seam,StrikeSwinging,Strikeout,Undefined,Undefined,0,0,,86.65299,-3.622051,2.458739,1973.197979,155.98038,11:15,6.36886,-1.40141,5.67203,-19.78025,18.13733,-7.49796,1.33597,0.26751,78.92178,-7.339279,1.119412,0.443192,,,,,,,,,,,,4.53607,10.67355,1.19863,50,6.05033,-5.06865,-125.41254,-8.54671,7.17934,26.83967,-15.28072,CLE_TIG,BOC_EAG,KingsmoreStadium,D1,ACC,20260502-KingsmoreStadium-1,f8c0ccc0-4657-11f1-868c-97266ddeb381,85.04768,,,7.73121,,,,,,,a7847587-5f2b-422e-b1cb-e44e7d195d4c,2026-05-02,18:51:46.94,2026-05-02T14:51:46.9460000-04:00,2026-05-02T18:51:46.9460000Z,,v3,471272,227,26599,"Johnson, Gunnar",1000100233,Right,BOC_EAG,dff847a5-adcf-4c4b-b5fd-63ff10584d48,54.82534,-126.441,13.41983,6.36661,-7.96117,-7.64036,1.39812,-5.34375,3.58967,,,,,,,,,,,,,,,,,,,,,,,,,,,,,49.9367,,,,,,,0.47493,5.47694,-1.8889,,,,0.50615,63.6974,-5.35481,5.50266,14.52249,-14.96065,-1.88987,32.0782,-0.61003,High,High,High,,,High,High,Medium,,,,,,,,,,,,,,,,,,,,,,,,,,,,,,,,,,
174,2026-05-02,14:53:59.20,1,1,"Sharman, Michael",831353,Left,CLE_TIG,"Larson, Colin",831502,Left,BOC_EAG,Undefined,5,Top,0,0,0,Curveball,Slider,BallCalled,Undefined,Undefined,Undefined,0,0,,80.85979,-1.397967,3.54133,1888.318823,149.750505,11:00,5.02751,-2.19819,5.86899,-36.25065,6.14866,-2.89709,0.70533,0.85407,75.20452,-8.042889,3.022441,0.468652,,,,,,,,,,,,2.36421,3.83295,1.91291,50,4.89272,-7.15843,-117.39318,-4.01526,3.33797,19.77815,-26.76238,CLE_TIG,BOC_EAG,KingsmoreStadium,D1,ACC,20260502-KingsmoreStadium-1,47913100-4658-11f1-868c-97266ddeb381,80.42727,,,5.65528,,,,,,,a7847587-5f2b-422e-b1cb-e44e7d195d4c,2026-05-02,18:53:59.20,2026-05-02T14:53:59.2004096-04:00,2026-05-02T18:53:59.2004096Z,,v3,471272,227,26599,"Savoie, Nate",832476,Right,CLE_TIG,6896e5be-69a7-46ff-8b14-268c80c57571,54.63225,-118.17103,9.88908,5.02994,-2.96272,-13.38119,2.19703,-7.28971,1.66898,,,,,,,,,,,,,,,,,,,,,,,,,,,,,,,,,,,,,,,,,,,,,,,,,,,High,High,High,,,,,,,,,,,,,,,,,,,,,,,,,,,,,,,,,,,,,,,
175,2026-05-02,14:54:13.80,1,2,"Sharman, Michael",831353,Left,CLE_TIG,"Larson, Colin",831502,Left,BOC_EAG,Undefined,5,Top,0,1,0,FourSeamFastBall,Sinker,StrikeCalled,Undefined,Undefined,Undefined,0,0,,88.52927,-0.644959,4.189723,2170.947403,115.980417,9:45,4.99261,-2.27952,5.76058,-27.23635,8.85249,-15.70544,2.12097,0.31835,80.58379,-5.708065,1.386348,0.432372,,,,,,,,,,,,9.16245,5.05941,1.94131,50,4.92263,-8.71199,-128.22698,-2.38073,15.20115,27.38727,-23.78011,CLE_TIG,BOC_EAG,KingsmoreStadium,D1,ACC,20260502-KingsmoreStadium-1,50456eb0-4658-11f1-868c-97266ddeb381,87.17586,,,7.94548,,,,,,,a7847587-5f2b-422e-b1cb-e44e7d195d4c,2026-05-02,18:54:13.80,2026-05-02T14:54:13.8007040-04:00,2026-05-02T18:54:13.8007040Z,,v3,471272,227,26599,"Savoie, Nate",832476,Right,CLE_TIG,bd1a50ed-1692-49ae-bcfb-e0479daa3670,54.7376,-129.2349,13.69364,4.99414,-1.50557,-11.89005,2.27222,-9.27142,7.60057,,,,,,,,,,,,,,,,,,,,,,,,,,,,,,,,,,,,,,,,,,,,,,,,,,,High,High,High,,,,,,,,,,,,,,,,,,,,,,,,,,,,,,,,,,,,,,,
176,2026-05-02,14:54:28.11,1,3,"Sharman, Michael",831353,Left,CLE_TIG,"Larson, Colin",831502,Left,BOC_EAG,Undefined,5,Top,0,1,1,FourSeamFastBall,Sinker,FoulBallNotFieldable,Undefined,Undefined,Undefined,0,0,,89.09483,-0.070123,3.348992,2190.231737,115.236449,9:45,5.0699,-2.38038,5.70805,-26.09698,9.73603,-18.01316,2.82971,-0.75768,80.59591,-4.943163,0.132397,0.430837,82.52521,74.859617,82.570004,3696.900342,,,,,54.16649,,,10.19768,5.32756,2.11107,50,5.04798,-6.77417,-129.11288,-1.05129,17.04141,29.39746,-23.27113,CLE_TIG,BOC_EAG,KingsmoreStadium,D1,ACC,20260502-KingsmoreStadium-1,58cbbe90-4658-11f1-868c-97266ddeb381,87.48654,102.94121,,8.49891,,,,2.30971,2.64042,0.74048,a7847587-5f2b-422e-b1cb-e44e7d195d4c,2026-05-02,18:54:28.11,2026-05-02T14:54:28.1121280-04:00,2026-05-02T18:54:28.1121280Z,,v3,471272,227,26599,"Savoie, Nate",832476,Right,CLE_TIG,1dc6955b-2edb-4988-b369-de32aaa39700,54.79071,-130.1991,14.69873,5.07094,-0.19144,-11.63556,2.373,-7.40384,8.52071,200.268388,2.30971,4.08802,-6.29151,2.64517,-0.81104,0.22449,-0.05521,0.01026,-0.00098,2.64042,116.83545,-40.95218,7.08343,-1.41285,0.24712,-0.03816,0.00415,-0.00018,0.74048,31.34757,8.97548,-5.73235,2.01433,-0.60659,0.15707,-0.03028,0.00295,,,,,,,,,,,,,,,,,,,,,,,High,High,High,Low,Undefined,,,,,,,,,,,,,,,,,,,,,,,,,,,,,,,,,,,,,
177,2026-05-02,14:54:50.70,1,4,"Sharman, Michael",831353,Left,CLE_TIG,"Larson, Colin",831502,Left,BOC_EAG,Undefined,5,Top,0,1,2,Curveball,Curveball,FoulBallNotFieldable,Undefined,Undefined,Undefined,0,0,,74.50762,2.346875,1.193395,1971.513082,233.734204,1:45,5.00977,-2.04365,5.18867,-48.77156,3.60268,2.41228,3.15504,-0.71977,67.42301,-6.586763,1.620445,0.520871,100.36629,35.69681,48.521899,3827.208948,65.42192,72.01536,88.43018,,139.34334,,,-0.83161,1.53913,1.93092,50,5.19089,-2.34011,-107.89939,2.8394,-0.9676,21.06312,-30.38328,CLE_TIG,BOC_EAG,KingsmoreStadium,D1,ACC,20260502-KingsmoreStadium-1,66530820-4658-11f1-868c-97266ddeb381,72.36424,85.3557,,7.08461,,,,2.30746,3.25153,0.78514,a7847587-5f2b-422e-b1cb-e44e7d195d4c,2026-05-02,18:54:50.70,2026-05-02T14:54:50.7053056-04:00,2026-05-02T18:54:50.7053056Z,,v3,471272,227,26599,"Savoie, Nate",832476,Right,CLE_TIG,5b1ddf90-dc6e-4fcd-a97a-d43901e1d3b6,55.30938,-108.93091,10.53156,5.0154,4.32735,-15.19164,2.04436,-2.29273,-0.4838,,2.30747,79.17731,-24.92911,6.36897,-0.67946,-1.30105,1.45169,-0.67352,0.11936,3.25152,85.89376,-22.62019,2.20783,-0.7626,0.81985,-0.71566,0.32092,-0.05659,0.78514,89.56592,-9.17622,1.30613,-0.39421,0.49915,-0.45884,0.20862,-0.03705,,,,,,,,,,,,,,,,,,,,,,,High,High,High,High,Undefined,,,,,,,,,,,,,,,,,,,,,,,,,,,,,,,,,,,,,
178,2026-05-02,14:55:10.08,1,5,"Sharman, Michael",831353,Left,CLE_TIG,"Larson, Colin",831502,Left,BOC_EAG,Undefined,5,Top,0,1,2,ChangeUp,Changeup,BallCalled,Undefined,Undefined,Undefined,0,0,,78.11296,0.836995,4.492449,1599.143056,72.959054,8:30,4.68575,-2.2671,5.86876,-48.30589,-2.30433,-12.22355,1.44019,0.89583,71.73064,-8.023552,2.306232,0.488155,,,,,,,,,,,,7.46382,-0.92213,1.90965,50,4.72592,-8.43424,-113.19453,0.11568,9.68754,20.58967,-33.37091,CLE_TIG,BOC_EAG,KingsmoreStadium,D1,ACC,20260502-KingsmoreStadium-1,71dc5ed0-4658-11f1-868c-97266ddeb381,77.21406,,,6.38233,,,,,,,a7847587-5f2b-422e-b1cb-e44e7d195d4c,2026-05-02,18:55:10.08,2026-05-02T14:55:10.0891648-04:00,2026-05-02T18:55:10.0891648Z,,v3,471272,227,26599,"Savoie, Nate",832476,Right,CLE_TIG,fe39b2b4-2359-4c49-a7cb-3072e5e4908c,54.63155,-114.03388,10.29483,4.69347,1.47607,-16.68546,2.26153,-8.82915,4.84377,,,,,,,,,,,,,,,,,,,,,,,,,,,,,,,,,,,,,,,,,,,,,,,,,,,High,High,High,,,,,,,,,,,,,,,,,,,,,,,,,,,,,,,,,,,,,,,
179,2026-05-02,14:55:27.07,1,6,"Sharman, Michael",831353,Left,CLE_TIG,"Larson, Colin",831502,Left,BOC_EAG,Undefined,5,Top,0,2,2,FourSeamFastBall,Sinker,InPlay,Undefined,Popup,Out,1,0,,88.75276,-0.155875,3.695596,2140.318689,119.142412,10:00,4.96628,-2.1549,5.73464,-25.39182,10.54319,-16.75454,2.70483,-0.10488,80.62907,-4.895589,0.704226,0.43145,87.69153,58.386519,14.093243,,103.53351,142.59267,37.15889,165.86954,71.316,21.150633,5.994027,9.62985,5.76016,1.85726,50,4.93777,-7.59176,-128.63361,-1.20807,16.05139,27.97362,-22.57281,CLE_TIG,BOC_EAG,KingsmoreStadium,D1,ACC,20260502-KingsmoreStadium-1,7bf22850-4658-11f1-868c-97266ddeb381,87.36225,144.91321,,8.12369,,,,1.64631,2.77956,0.11278,a7847587-5f2b-422e-b1cb-e44e7d195d4c,2026-05-02,18:55:27.07,2026-05-02T14:55:27.0780928-04:00,2026-05-02T18:55:27.0780928Z,FlyBall,v3,471272,227,26599,"Savoie, Nate",832476,Right,CLE_TIG,b1637560-658a-4cae-8187-4bcbe302c5dd,54.76463,-129.66562,13.98681,4.96698,-0.37531,-11.2864,2.14826,-8.18393,8.0257,185.974155,1.65732,65.17462,-22.58075,6.13192,-0.82343,-0.04817,0.03889,-0.00573,0.00029,2.75478,109.91922,-26.9544,3.72878,-1.1125,0.28908,-0.04534,0.00341,-9E-05,0.11751,16.33537,-2.49099,0.20068,0.17805,-0.08956,0.01926,-0.00201,8E-05,,,,,,,,,,,,,,,,,,,,,,,High,High,High,High,Low,,,,,,,,,,,,,,,,,,,,,,,,,,,,,,,,,,,,,
180,2026-05-02,14:56:04.60,2,1,"Sharman, Michael",831353,Left,CLE_TIG,"Solier, Julio",827632,Right,BOC_EAG,Undefined,5,Top,1,0,0,FourSeamFastBall,Sinker,InPlay,Undefined,GroundBall,Single,0,0,,89.02517,-0.337932,3.656126,1981.719789,112.239236,9:45,4.8772,-2.25009,5.9397,-28.4058,7.18225,-14.5532,2.19593,-0.06663,80.64773,-5.637425,1.047127,0.429362,71.34751,-67.595761,-18.050496,,,,,0.8192,0.8192,-15.640159,0.021154,8.55965,4.15221,1.96636,50,4.83435,-7.62445,-129.00555,-1.72198,14.28598,29.2501,-25.24404,CLE_TIG,BOC_EAG,KingsmoreStadium,D1,ACC,20260502-KingsmoreStadium-1,924f1a40-4658-11f1-868c-97266ddeb381,87.78709,2.0525,,8.37744,,,,-0.01565,2.0525,0.04134,a7847587-5f2b-422e-b1cb-e44e7d195d4c,2026-05-02,18:56:04.60,2026-05-02T14:56:04.6052864-04:00,2026-05-02T18:56:04.6052864Z,GroundBall,v3,471272,227,26599,"Savoie, Nate",832476,Right,CLE_TIG,51d9040a-fcb6-4312-bcbc-c7a201c6c0fd,54.55831,-130.03497,14.62505,4.87932,-0.83355,-12.62202,2.24354,-8.12722,7.14299,,-0.01602,38.03165,,,,,,,,2.05347,-97.02766,,,,,,,,0.04146,-12.3943,,,,,,,,,,,,,,,,,,,,,,,,,,,,,,High,High,High,Estimated,Estimated,,,,,,,,,,,,,,,,,,,,,,,,,,,,,,,,,,,,,
181,2026-05-02,14:56:50.22,3,1,"Sharman, Michael",831353,Left,CLE_TIG,"Wang, Nick",813482,Right,BOC_EAG,Undefined,5,Top,1,0,0,ChangeUp,Changeup,FoulBallNotFieldable,Undefined,Undefined,Undefined,0,0,,78.57664,0.643267,4.548526,1607.152426,80.990733,8:45,4.62426,-2.54228,5.89572,-46.31144,-0.81177,-14.32146,1.3641,0.4961,71.98638,-7.870027,1.985957,0.485485,89.4699,1.183921,-51.368251,2772.63891,,,,39.17797,38.47455,-50.658036,0.298689,8.67705,-0.21906,2.18396,50,4.6493,-8.53549,-113.86368,-0.16983,11.36653,21.33514,-32.46101,CLE_TIG,BOC_EAG,KingsmoreStadium,D1,ACC,20260502-KingsmoreStadium-1,ad883fd0-4658-11f1-868c-97266ddeb381,77.63877,1.61765,,6.59026,,,,2.44153,1.5519,-0.60108,a7847587-5f2b-422e-b1cb-e44e7d195d4c,2026-05-02,18:56:50.22,2026-05-02T14:56:50.2266368-04:00,2026-05-02T18:56:50.2266368Z,GroundBall,v3,471272,227,26599,"Savoie, Nate",832476,Right,CLE_TIG,c042dddf-cb16-43d6-af2e-6643b0a0a8c3,54.60573,-114.72344,10.66757,4.62979,1.13826,-16.23051,2.53714,-8.99353,5.68326,,2.4474,81.64381,-22.44448,,,,,,,1.55827,2.42615,-25.65757,,,,,,,-0.60075,-102.5014,10.28121,,,,,,,,,,,,,,,,,,,,,,,,,,,,,High,High,High,Medium,High,,,,,,,,,,,,,,,,,,,,,,,,,,,,,,,,,,,,,
182,2026-05-02,14:57:12.50,3,2,"Sharman, Michael",831353,Left,CLE_TIG,"Wang, Nick",813482,Right,BOC_EAG,Undefined,5,Top,1,0,1,FourSeamFastBall,Sinker,InPlay,Undefined,GroundBall,Out,2,0,,88.96348,-0.068969,3.735592,2255.765413,116.296535,10:00,4.91988,-2.30299,5.92326,-25.90029,9.4415,-16.8256,2.69739,-0.23381,81.20622,-4.903168,0.720996,0.427874,106.55072,-9.571687,-15.18627,,,,,20.62501,19.95478,-12.909948,0.133517,9.66587,5.19492,2.01332,50,4.89965,-7.71903,-129.03431,-1.01621,16.29299,26.90072,-23.41741,CLE_TIG,BOC_EAG,KingsmoreStadium,D1,ACC,20260502-KingsmoreStadium-1,bac783e0-4658-11f1-868c-97266ddeb381,88.09243,3.00305,,7.75726,,,,0.72169,3.00305,0.45356,a7847587-5f2b-422e-b1cb-e44e7d195d4c,2026-05-02,18:57:12.50,2026-05-02T14:57:12.5043200-04:00,2026-05-02T18:57:12.5043200Z,GroundBall,v3,471272,227,26599,"Savoie, Nate",832476,Right,CLE_TIG,bbbc6522-91ba-4a85-bd13-0b86b40b0f65,54.57644,-129.98489,13.45036,4.92094,-0.18871,-11.70871,2.29626,-8.29477,8.14649,196.712925,0.72203,148.68351,-26.39393,,,,,,,3.00146,-25.8267,25.15378,,,,,,,0.45292,-40.30439,18.0065,,,,,,,,,,,,,,,,,,,,,,,,,,,,,High,High,High,Low,High,,,,,,,,,,,,,,,,,,,,,,,,,,,,,,,,,,,,,
183,2026-05-02,15:00:16.07,1,1,"Schaefer, Peter",831966,Right,BOC_EAG,"Lichtenberger, Tyler",838054,Left,CLE_TIG,Undefined,5,Bottom,0,0,0,Slider,Slider,BallCalled,Undefined,Undefined,Undefined,0,0,,84.57686,-1.150053,-3.256601,2460.01828,122.423938,10:00,4.83881,2.76911,5.30431,-35.91781,3.59122,-3.97662,0.76417,-0.62267,78.76477,-7.652305,-3.961268,0.452397,,,,,,,,,,,,1.23595,2.36571,-2.47002,50,4.70771,7.14944,-122.774,-3.77337,1.91188,21.23901,-28.51453,CLE_TIG,BOC_EAG,KingsmoreStadium,D1,ACC,20260502-KingsmoreStadium-1,28334b80-4659-11f1-868c-97266ddeb381,83.31719,,,5.81209,,,,,,,a7847587-5f2b-422e-b1cb-e44e7d195d4c,2026-05-02,19:00:16.07,2026-05-02T15:00:16.0719872-04:00,2026-05-02T19:00:16.0719872Z,,v3,471272,227,26599,"Johnson, Gunnar",1000100233,Right,BOC_EAG,5496c305-f0b6-4bd7-8854-374ebe586f03,55.19752,-123.66987,10.6195,4.84151,-2.57062,-14.25726,-2.76989,7.0688,0.95594,,,,,,,,,,,,,,,,,,,,,,,,,,,,,,,,,,,,,,,,,,,,,,,,,,,High,High,High,,,,,,,,,,,,,,,,,,,,,,,,,,,,,,,,,,,,,,,
184,2026-05-02,15:00:35.00,1,2,"Schaefer, Peter",831966,Right,BOC_EAG,"Lichtenberger, Tyler",838054,Left,CLE_TIG,Undefined,5,Bottom,0,1,0,FourSeamFastBall,Four-Seam,BallCalled,Undefined,Undefined,Undefined,0,0,,89.72525,0.029912,-1.780596,2114.692296,204.320391,12:45,4.91619,2.70629,5.70411,-22.56312,12.14268,5.02792,3.06382,1.46565,82.48463,-4.174469,-0.881867,0.424007,,,,,,,,,,,,-3.00331,6.48252,-2.5601,50,4.90468,3.83231,-130.34994,-0.69731,-5.20608,25.47083,-20.93684,CLE_TIG,BOC_EAG,KingsmoreStadium,D1,ACC,20260502-KingsmoreStadium-1,3372a0e0-4659-11f1-868c-97266ddeb381,88.8959,,,7.24062,,,,,,,a7847587-5f2b-422e-b1cb-e44e7d195d4c,2026-05-02,19:00:35.00,2026-05-02T15:00:35.0064128-04:00,2026-05-02T19:00:35.0064128Z,,v3,471272,227,26599,"Johnson, Gunnar",1000100233,Right,BOC_EAG,1d83c2f4-2795-4360-b8a9-fbcdf5a9f285,54.79418,-131.28339,12.73542,4.91617,0.06998,-10.46842,-2.70405,4.0231,-2.60304,,,,,,,,,,,,,,,,,,,,,,,,,,,,,,,,,,,,,,,,,,,,,,,,,,,High,High,High,,,,,,,,,,,,,,,,,,,,,,,,,,,,,,,,,,,,,,,
185,2026-05-02,15:00:54.96,1,3,"Schaefer, Peter",831966,Right,BOC_EAG,"Lichtenberger, Tyler",838054,Left,CLE_TIG,Undefined,5,Bottom,0,2,0,FourSeamFastBall,Sinker,InPlay,Undefined,Popup,Out,1,0,,90.44668,-0.569569,-4.268267,2154.600657,226.996808,1:30,4.97327,2.67776,5.64076,-23.18812,11.03182,10.78867,2.5081,-0.41229,83.50014,-4.861478,-2.348619,0.421028,75.11544,81.666067,-30.028027,,,,,,13.71252,,,-6.55445,6.03756,-2.32181,50,4.9099,9.32841,-131.19015,-2.11991,-11.56196,24.58989,-21.52389,CLE_TIG,BOC_EAG,KingsmoreStadium,D1,ACC,20260502-KingsmoreStadium-1,3f59cf00-4659-11f1-868c-97266ddeb381,89.52474,93.32961,,6.94654,,,,1.848,2.54467,0.39454,a7847587-5f2b-422e-b1cb-e44e7d195d4c,2026-05-02,19:00:54.96,2026-05-02T15:00:54.9637632-04:00,2026-05-02T19:00:54.9637632Z,,v3,471272,227,26599,"Johnson, Gunnar",1000100233,Right,BOC_EAG,3682825d-1854-4146-8ce5-7b7bd4238551,54.86034,-132.09801,12.29494,4.97349,-1.32524,-10.76195,-2.67409,9.75528,-5.78098,,1.848,13.82492,-15.07508,6.16051,-1.81784,0.4865,-0.11953,0.02325,-0.0025,2.54467,109.00576,-33.56785,4.6539,-0.71415,0.06857,0.00243,-0.00293,0.00045,0.39454,-7.99085,-4.03218,2.19127,-0.72289,0.20709,-0.05323,0.01065,-0.00116,,,,,,,,,,,,,,,,,,,,,,,High,High,High,Low,Undefined,,,,,,,,,,,,,,,,,,,,,,,,,,,,,,,,,,,,,
186,2026-05-02,15:01:32.71,2,1,"Schaefer, Peter",831966,Right,BOC_EAG,"Crighton, Jack",702680,Right,CLE_TIG,Undefined,5,Bottom,1,0,0,Cutter,Slider,BallCalled,Undefined,Undefined,Undefined,0,0,,85.59794,-0.933393,-3.066515,2490.623091,125.598214,10:15,4.85342,2.80841,5.32262,-34.43986,3.8111,-4.00394,1.10619,-0.40568,80.19901,-7.163609,-3.776382,0.445136,,,,,,,,,,,,1.35937,2.39559,-2.52764,50,4.74357,6.83,-124.38031,-3.29722,2.17512,19.93941,-28.34091,CLE_TIG,BOC_EAG,KingsmoreStadium,D1,ACC,20260502-KingsmoreStadium-1,55dff3d0-4659-11f1-868c-97266ddeb381,84.67627,,,5.39893,,,,,,,a7847587-5f2b-422e-b1cb-e44e7d195d4c,2026-05-02,19:01:32.71,2026-05-02T15:01:32.7150592-04:00,2026-05-02T19:01:32.7150592Z,,v3,471272,227,26599,"Johnson, Gunnar",1000100233,Right,BOC_EAG,2f214f29-bad1-40ab-85e0-5e45832b4871,55.17949,-125.20788,9.96971,4.85601,-2.12095,-14.17046,-2.80925,6.73973,1.08756,,,,,,,,,,,,,,,,,,,,,,,,,,,,,,,,,,,,,,,,,,,,,,,,,,,High,High,High,,,,,,,,,,,,,,,,,,,,,,,,,,,,,,,,,,,,,,,
187,2026-05-02,15:01:50.19,2,2,"Schaefer, Peter",831966,Right,BOC_EAG,"Crighton, Jack",702680,Right,CLE_TIG,Undefined,5,Bottom,1,1,0,FourSeamFastBall,Sinker,InPlay,Undefined,LineDrive,Out,1,0,,89.95485,-1.34491,-3.273852,2067.90044,226.080285,1:30,4.92466,2.6489,5.84241,-21.99068,12.50288,11.89363,1.83994,0.59417,82.61688,-5.451127,-1.144857,0.422708,88.61906,11.471734,-19.529923,890.737874,101.90775,10.35187,-41.41,168.50987,149.31201,-23.547548,1.586826,-6.98115,7.07055,-2.3893,50,4.80203,6.96875,-130.54372,-3.79577,-12.10656,26.20861,-19.91245,CLE_TIG,BOC_EAG,KingsmoreStadium,D1,ACC,20260502-KingsmoreStadium-1,604c68d0-4659-11f1-868c-97266ddeb381,89.169,11.1661,,7.33797,,,,1.57793,1.93695,-0.63085,a7847587-5f2b-422e-b1cb-e44e7d195d4c,2026-05-02,19:01:50.19,2026-05-02T15:01:50.1941760-04:00,2026-05-02T19:01:50.1941760Z,LineDrive,v3,471272,227,26599,"Johnson, Gunnar",1000100233,Right,BOC_EAG,fdedd191-5c95-4877-9096-aa8ef7386b2c,54.65792,-131.47554,13.1043,4.9244,-3.0878,-9.95623,-2.64472,7.39919,-6.05328,98.343555,1.57793,120.04947,-19.36287,3.77326,-0.81769,0.16809,-0.03431,0.00562,-0.00049,1.93695,25.84989,-19.21129,1.76799,-0.35127,0.07443,-0.01355,0.00225,-0.00021,-0.63085,-42.58232,-0.21814,0.58753,-0.2113,0.05841,-0.0136,0.00237,-0.00022,,,,,,,,,,,,,,,,,,,,,,,High,High,High,High,High,,,,,,,,,,,,,,,,,,,,,,,,,,,,,,,,,,,,,
188,2026-05-02,15:02:24.20,3,1,"Schaefer, Peter",831966,Right,BOC_EAG,"Fultz, Jason",828238,Right,CLE_TIG,Undefined,5,Bottom,2,0,0,Slider,Slider,FoulBallNotFieldable,Undefined,Undefined,Undefined,0,0,,85.02709,0.543437,-2.082442,2511.584654,141.072316,10:45,4.89555,2.7218,5.27023,-32.58565,6.48544,-4.38244,2.6909,0.39963,78.80809,-5.400499,-2.859042,0.449883,65.50498,40.227999,137.60896,4760.608848,-89.70277,45.12327,63.66594,189.80117,67.50949,148.121543,3.145563,1.71209,3.42654,-2.52798,50,4.92108,4.67647,-123.53748,-0.01083,2.68135,21.5167,-26.80766,CLE_TIG,BOC_EAG,KingsmoreStadium,D1,ACC,20260502-KingsmoreStadium-1,74903ec0-4659-11f1-868c-97266ddeb381,83.78284,46.07173,,6.219,,,,1.68123,2.6473,-0.52328,a7847587-5f2b-422e-b1cb-e44e7d195d4c,2026-05-02,19:02:24.20,2026-05-02T15:02:24.2031104-04:00,2026-05-02T19:02:24.2031104Z,Popup,v3,471272,227,26599,"Johnson, Gunnar",1000100233,Right,BOC_EAG,9d36b2df-112f-4758-9a21-4808fe7e4e8b,55.23078,-124.4452,10.75835,4.89768,1.1201,-13.40383,-2.72288,4.56336,1.34067,312.321659,1.68119,-54.17249,-0.07933,0.69729,-0.27457,0.07506,-0.01513,0.00213,-0.00015,2.64723,62.05023,-25.32498,2.88576,-0.64581,0.16585,-0.047,0.00917,-0.00076,-0.5233,49.45162,-10.34973,2.63487,-0.50175,0.0343,0.02136,-0.0083,0.00092,,,,,,,,,,,,,,,,,,,,,,,High,High,High,High,Low,,,,,,,,,,,,,,,,,,,,,,,,,,,,,,,,,,,,,
189,2026-05-02,15:02:43.27,3,2,"Schaefer, Peter",831966,Right,BOC_EAG,"Fultz, Jason",828238,Right,CLE_TIG,Undefined,5,Bottom,2,0,1,Slider,Slider,FoulBallNotFieldable,Undefined,Undefined,Undefined,0,0,,84.43404,0.516984,-2.620872,2508.192577,98.566883,9:15,4.89355,2.77391,5.13661,-38.37049,2.30799,-6.31764,2.18336,-0.22227,76.85097,-6.47668,-3.737108,0.459043,69.89768,55.345606,151.090156,4774.236365,-100.58469,68.47688,44.52775,182.95424,53.18493,156.139551,3.792229,2.37744,1.34429,-2.52289,50,4.91237,5.87206,-122.33869,-0.3197,3.57247,26.05147,-30.15403,CLE_TIG,BOC_EAG,KingsmoreStadium,D1,ACC,20260502-KingsmoreStadium-1,7ff3e500-4659-11f1-868c-97266ddeb381,82.11084,70.50987,,7.58307,,,,2.64841,2.46612,0.13241,a7847587-5f2b-422e-b1cb-e44e7d195d4c,2026-05-02,19:02:43.27,2026-05-02T15:02:43.2773632-04:00,2026-05-02T19:02:43.2773632Z,Popup,v3,471272,227,26599,"Johnson, Gunnar",1000100233,Right,BOC_EAG,f9c2d284-e612-4737-914a-36eaf311bbe2,55.36267,-123.47536,13.02574,4.89761,0.99597,-15.07701,-2.7757,5.71619,1.78623,339.585953,2.64895,-51.04774,-1.32657,1.4976,0.01331,-0.28119,0.12314,-0.02234,0.00151,2.46631,84.32548,-31.63294,4.30416,-0.74854,0.10606,-0.02295,0.0051,-0.00046,0.13227,28.18581,-6.02116,1.84248,-0.32537,0.02594,-0.00109,0.00066,-0.0001,,,,,,,,,,,,,,,,,,,,,,,High,High,High,High,Low,,,,,,,,,,,,,,,,,,,,,,,,,,,,,,,,,,,,,
190,2026-05-02,15:03:02.86,3,3,"Schaefer, Peter",831966,Right,BOC_EAG,"Fultz, Jason",828238,Right,CLE_TIG,Undefined,5,Bottom,2,0,2,FourSeamFastBall,Four-Seam,StrikeSwinging,Strikeout,Undefined,Undefined,0,0,,89.80171,0.412565,-2.456308,2068.591095,194.722777,12:30,4.97346,2.55294,5.64674,-22.21344,13.05989,3.11768,3.50752,0.52018,81.31735,-3.758759,-1.900217,0.427459,,,,,,,,,,,,-2.31102,6.84516,-2.34644,50,4.99458,5.44434,-130.17383,0.19625,-3.93402,29.34676,-20.5216,CLE_TIG,BOC_EAG,KingsmoreStadium,D1,ACC,20260502-KingsmoreStadium-1,8b999d50-4659-11f1-868c-97266ddeb381,88.17786,,,8.48435,,,,,,,a7847587-5f2b-422e-b1cb-e44e7d195d4c,2026-05-02,19:03:02.86,2026-05-02T15:03:02.8682752-04:00,2026-05-02T19:03:02.8682752Z,,v3,471272,227,26599,"Johnson, Gunnar",1000100233,Right,BOC_EAG,c2b1ddcc-051f-41e2-adfc-8c75cfb716df,54.84923,-131.2625,14.67338,4.97318,0.95754,-10.2608,-2.55111,5.59028,-1.96701,,,,,,,,,,,,,,,,,,,,,,,,,,,,,,,,,,,,,,,,,,,,,,,,,,,High,High,High,,,,,,,,,,,,,,,,,,,,,,,,,,,,,,,,,,,,,,,
191,2026-05-02,15:06:15.81,1,1,"Sharman, Michael",831353,Left,CLE_TIG,"Mainolfi, Ty",839397,Left,BOC_EAG,Undefined,6,Top,0,0,0,Cutter,Slider,FoulBallNotFieldable,Undefined,Undefined,Undefined,0,0,,80.48022,0.304747,1.530007,1871.822018,181.499995,12:00,5.00696,-2.36962,5.90203,-36.29514,6.76973,0.14228,2.26537,-0.93711,73.8376,-6.417316,1.555551,0.472316,105.32995,2.951396,43.41621,3275.31012,,,,70.5151,66.41246,44.571692,0.482189,0.35193,3.76866,2.24654,50,5.01057,-3.12826,-116.92012,-0.50682,0.48716,22.03819,-26.95711,CLE_TIG,BOC_EAG,KingsmoreStadium,D1,ACC,20260502-KingsmoreStadium-1,fea50fa0-4659-11f1-868c-97266ddeb381,79.80336,2.81959,,6.64263,,,,1.78342,2.25564,1.01961,a7847587-5f2b-422e-b1cb-e44e7d195d4c,2026-05-02,19:06:15.81,2026-05-02T15:06:15.8196736-04:00,2026-05-02T19:06:15.8196736Z,GroundBall,v3,471272,227,26599,"Savoie, Nate",832476,Right,CLE_TIG,b6680006-be14-42eb-af46-730fec5f9379,54.59743,-117.7835,11.01909,5.00974,0.54927,-13.47855,2.36947,-3.14734,0.24358,,1.80777,111.3842,-22.82005,,,,,,,2.28089,7.2463,-24.9391,,,,,,,1.02363,105.92535,-11.2517,,,,,,,,,,,,,,,,,,,,,,,,,,,,,High,High,High,High,High,,,,,,,,,,,,,,,,,,,,,,,,,,,,,,,,,,,,,
192,2026-05-02,15:06:49.26,1,2,"Sharman, Michael",831353,Left,CLE_TIG,"Mainolfi, Ty",839397,Left,BOC_EAG,Undefined,6,Top,0,0,1,Curveball,Changeup,FoulBallNotFieldable,Undefined,Undefined,Undefined,0,0,,78.76978,2.473193,3.243812,1478.468652,82.059204,8:45,4.74193,-2.35479,6.04381,-45.42451,-0.60043,-14.21414,3.25142,-0.53285,72.10459,-5.922142,0.690846,0.481867,,,,,,,,,,,,8.2193,-0.58854,2.10953,50,4.91043,-5.95902,-114.2713,3.54288,10.88081,20.82635,-32.95316,CLE_TIG,BOC_EAG,KingsmoreStadium,D1,ACC,20260502-KingsmoreStadium-1,12979140-465a-11f1-868c-97266ddeb381,78.22166,,,6.66518,,,,,,,a7847587-5f2b-422e-b1cb-e44e7d195d4c,2026-05-02,19:06:49.26,2026-05-02T15:06:49.2623872-04:00,2026-05-02T19:06:49.2623872Z,,v3,471272,227,26599,"Savoie, Nate",832476,Right,CLE_TIG,99c0ea49-b40b-4d35-ab66-388a9c4316f7,54.45736,-115.0808,10.41318,4.74783,4.82375,-16.47658,2.34937,-6.38195,5.44041,,,,,,,,,,,,,,,,,,,,,,,,,,,,,,,,,,,,,,,,,,,,,,,,,,,High,High,High,,,,,,,,,,,,,,,,,,,,,,,,,,,,,,,,,,,,,,,
193,2026-05-02,15:07:08.72,1,3,"Sharman, Michael",831353,Left,CLE_TIG,"Mainolfi, Ty",839397,Left,BOC_EAG,Undefined,6,Top,0,0,2,FourSeamFastBall,Sinker,InPlay,Undefined,GroundBall,Out,1,0,,89.48685,-1.800681,4.062611,2353.919929,119.94812,10:00,5.10538,-2.18159,5.64338,-24.4921,11.64674,-17.76233,1.37987,0.13427,80.09148,-6.396278,0.897002,0.432672,67.52895,-61.067016,89.060951,,,,,1.41849,1.41849,25.766288,0.015689,10.37847,6.91898,1.84772,50,4.93688,-8.39103,-129.31284,-4.90285,17.18098,32.58105,-20.72011,CLE_TIG,BOC_EAG,KingsmoreStadium,D1,ACC,20260502-KingsmoreStadium-1,1e288910-465a-11f1-868c-97266ddeb381,87.11558,1.36284,,9.39537,,,,1.26511,1.36284,-0.13663,a7847587-5f2b-422e-b1cb-e44e7d195d4c,2026-05-02,19:07:08.72,2026-05-02T15:07:08.7207936-04:00,2026-05-02T19:07:08.7207936Z,GroundBall,v3,471272,227,26599,"Savoie, Nate",832476,Right,CLE_TIG,58a50f36-886b-41ff-8bcc-6a8f49d323b9,54.85292,-130.52983,16.29053,5.10556,-4.12889,-10.36006,2.17313,-9.03278,8.59049,,1.26511,0.78698,,,,,,,,1.36332,-86.86885,,,,,,,,-0.1369,48.013,,,,,,,,,,,,,,,,,,,,,,,,,,,,,,High,High,High,Estimated,Estimated,,,,,,,,,,,,,,,,,,,,,,,,,,,,,,,,,,,,,
194,2026-05-02,15:07:51.15,2,1,"Sharman, Michael",831353,Left,CLE_TIG,"Roossien, Jace",831501,Right,BOC_EAG,Undefined,6,Top,1,0,0,ChangeUp,Changeup,FoulBallNotFieldable,Undefined,Undefined,Undefined,0,0,,79.60427,1.359132,2.927943,1582.796942,66.85956,8:15,4.67945,-2.5564,5.99254,-48.30278,-4.19296,-13.13233,1.91565,-0.93499,72.79864,-7.539711,0.56733,0.478012,,,,,,,,,,,,7.57422,-2.09138,2.3326,50,4.76034,-5.4149,-115.53237,1.19557,10.19554,22.34406,-34.98924,CLE_TIG,BOC_EAG,KingsmoreStadium,D1,ACC,20260502-KingsmoreStadium-1,37787c40-465a-11f1-868c-97266ddeb381,78.85245,,,6.80563,,,,,,,a7847587-5f2b-422e-b1cb-e44e7d195d4c,2026-05-02,19:07:51.15,2026-05-02T15:07:51.1560192-04:00,2026-05-02T19:07:51.1560192Z,,v3,471272,227,26599,"Savoie, Nate",832476,Right,CLE_TIG,eeb52cbd-32c4-466f-86b0-ca806c025a40,54.50809,-116.40097,11.17203,4.68742,2.55574,-17.49462,2.5508,-5.81124,5.09777,,,,,,,,,,,,,,,,,,,,,,,,,,,,,,,,,,,,,,,,,,,,,,,,,,,High,High,High,,,,,,,,,,,,,,,,,,,,,,,,,,,,,,,,,,,,,,,
195,2026-05-02,15:08:06.04,2,2,"Sharman, Michael",831353,Left,CLE_TIG,"Roossien, Jace",831501,Right,BOC_EAG,Undefined,6,Top,1,0,0,ChangeUp,Changeup,FoulBallNotFieldable,Undefined,Undefined,Undefined,0,0,,80.18861,0.692785,3.543488,1664.557752,60.980676,8:00,4.62418,-2.46277,5.94759,-50.14719,-6.52815,-14.32517,1.08908,-0.3657,73.3962,-8.513219,0.970414,0.475346,,,,,,,,,,,,8.42528,-3.17658,2.18863,50,4.65108,-6.67001,-116.34264,-0.21786,11.48249,22.98168,-36.50326,CLE_TIG,BOC_EAG,KingsmoreStadium,D1,ACC,20260502-KingsmoreStadium-1,4058fa10-465a-11f1-868c-97266ddeb381,79.2948,,,6.79241,,,,,,,a7847587-5f2b-422e-b1cb-e44e7d195d4c,2026-05-02,19:08:06.04,2026-05-02T15:08:06.0455936-04:00,2026-05-02T19:08:06.0455936Z,,v3,471272,227,26599,"Savoie, Nate",832476,Right,CLE_TIG,a84cc4f4-1d84-43c0-a076-81e4c95ef3e7,54.55439,-117.23884,11.49084,4.63182,1.20563,-18.25163,2.45746,-7.11778,5.74124,,,,,,,,,,,,,,,,,,,,,,,,,,,,,,,,,,,,,,,,,,,,,,,,,,,High,High,High,,,,,,,,,,,,,,,,,,,,,,,,,,,,,,,,,,,,,,,
196,2026-05-02,15:08:30.26,2,3,"Sharman, Michael",831353,Left,CLE_TIG,"Roossien, Jace",831501,Right,BOC_EAG,Undefined,6,Top,1,0,1,FourSeamFastBall,Sinker,FoulBallNotFieldable,Undefined,Undefined,Undefined,0,0,,90.48212,-0.365126,4.555519,2139.164447,115.245836,9:45,4.91959,-2.44797,5.55955,-26.44175,8.15981,-15.02387,2.37389,0.56519,82.841,-5.24782,1.886643,0.423369,,,,,,,,,,,,8.81327,4.54748,2.06397,50,4.87056,-9.77359,-131.06702,-1.79834,15.38845,26.72619,-24.23394,CLE_TIG,BOC_EAG,KingsmoreStadium,D1,ACC,20260502-KingsmoreStadium-1,4ebee3d0-465a-11f1-868c-97266ddeb381,89.02974,,,7.64112,,,,,,,a7847587-5f2b-422e-b1cb-e44e7d195d4c,2026-05-02,19:08:30.26,2026-05-02T15:08:30.2617088-04:00,2026-05-02T19:08:30.2617088Z,,v3,471272,227,26599,"Savoie, Nate",832476,Right,CLE_TIG,758e4b1a-ef84-4562-a117-b0d732e1f7a2,54.94023,-132.07055,13.3631,4.921,-0.88839,-12.11697,2.4418,-10.3514,7.69423,,,,,,,,,,,,,,,,,,,,,,,,,,,,,,,,,,,,,,,,,,,,,,,,,,,High,High,High,,,,,,,,,,,,,,,,,,,,,,,,,,,,,,,,,,,,,,,
197,2026-05-02,15:08:52.98,2,4,"Sharman, Michael",831353,Left,CLE_TIG,"Roossien, Jace",831501,Right,BOC_EAG,Undefined,6,Top,1,0,2,ChangeUp,Changeup,BallCalled,Undefined,Undefined,Undefined,0,0,,80.01765,1.349194,1.746987,1628.280845,79.843193,8:45,4.60865,-2.46364,5.73689,-45.2414,-1.18571,-14.57639,2.09571,-2.05106,73.07781,-6.97062,-0.862923,0.477719,,,,,,,,,,,,7.87406,-0.51346,2.32698,50,4.6936,-2.96665,-116.1505,1.22949,10.70888,22.65958,-32.87239,CLE_TIG,BOC_EAG,KingsmoreStadium,D1,ACC,20260502-KingsmoreStadium-1,5c54d360-465a-11f1-868c-97266ddeb381,78.9009,,,6.93984,,,,,,,a7847587-5f2b-422e-b1cb-e44e7d195d4c,2026-05-02,19:08:52.98,2026-05-02T15:08:52.9859584-04:00,2026-05-02T19:08:52.9859584Z,,v3,471272,227,26599,"Savoie, Nate",832476,Right,CLE_TIG,7ca47229-28b8-4026-b231-f520af04d567,54.76246,-117.07591,11.32979,4.61597,2.572,-16.43619,2.45707,-3.404,5.35444,,,,,,,,,,,,,,,,,,,,,,,,,,,,,,,,,,,,,,,,,,,,,,,,,,,High,High,High,,,,,,,,,,,,,,,,,,,,,,,,,,,,,,,,,,,,,,,
198,2026-05-02,15:09:10.00,2,5,"Sharman, Michael",831353,Left,CLE_TIG,"Roossien, Jace",831501,Right,BOC_EAG,Undefined,6,Top,1,1,2,Curveball,Curveball,BallCalled,Undefined,Undefined,Undefined,0,0,,75.55136,0.879132,0.890688,1947.250039,331.74489,5:00,4.95395,-2.29368,5.13951,-55.55188,-4.60126,3.42579,1.1526,-1.16945,68.78984,-9.199057,1.498213,0.513743,,,,,,,,,,,,-1.40854,-1.94811,2.20754,50,4.99393,-1.84037,-109.5044,-0.2409,-1.68818,21.67036,-34.50894,CLE_TIG,BOC_EAG,KingsmoreStadium,D1,ACC,20260502-KingsmoreStadium-1,667c2910-465a-11f1-868c-97266ddeb381,73.36823,,,6.76152,,,,,,,a7847587-5f2b-422e-b1cb-e44e7d195d4c,2026-05-02,19:09:10.00,2026-05-02T15:09:10.0094464-04:00,2026-05-02T19:09:10.0094464Z,,v3,471272,227,26599,"Savoie, Nate",832476,Right,CLE_TIG,c27cc70c-6616-4c65-932f-b6ad22405edb,55.35815,-110.55966,10.83518,4.96474,1.43956,-17.25447,2.29515,-1.75816,-0.84409,,,,,,,,,,,,,,,,,,,,,,,,,,,,,,,,,,,,,,,,,,,,,,,,,,,High,High,High,,,,,,,,,,,,,,,,,,,,,,,,,,,,,,,,,,,,,,,
199,2026-05-02,15:09:28.40,2,6,"Sharman, Michael",831353,Left,CLE_TIG,"Roossien, Jace",831501,Right,BOC_EAG,Undefined,6,Top,1,2,2,ChangeUp,Changeup,BallCalled,Undefined,Undefined,Undefined,0,0,,78.65114,1.83457,1.220321,1621.816108,58.889773,8:00,4.56697,-2.40862,5.81949,-50.48562,-5.2452,-10.99225,2.0665,-2.18987,72.22571,-7.428356,-0.751629,0.4841,,,,,,,,,,,,5.91748,-2.70236,2.31516,50,4.6875,-2.01396,-114.25612,2.00519,7.82335,21.02516,-35.74677,CLE_TIG,BOC_EAG,KingsmoreStadium,D1,ACC,20260502-KingsmoreStadium-1,71706bb0-465a-11f1-868c-97266ddeb381,77.86092,,,6.42543,,,,,,,a7847587-5f2b-422e-b1cb-e44e7d195d4c,2026-05-02,19:09:28.40,2026-05-02T15:09:28.4013056-04:00,2026-05-02T19:09:28.4013056Z,,v3,471272,227,26599,"Savoie, Nate",832476,Right,CLE_TIG,667ae249-45eb-4873-b08e-a91681100bb9,54.68132,-115.11434,10.51258,4.57587,3.46433,-17.87339,2.40389,-2.3333,3.91167,,,,,,,,,,,,,,,,,,,,,,,,,,,,,,,,,,,,,,,,,,,,,,,,,,,High,High,High,,,,,,,,,,,,,,,,,,,,,,,,,,,,,,,,,,,,,,,
200,2026-05-02,15:09:49.75,2,7,"Sharman, Michael",831353,Left,CLE_TIG,"Roossien, Jace",831501,Right,BOC_EAG,Undefined,6,Top,1,3,2,ChangeUp,Changeup,FoulBallNotFieldable,Undefined,Undefined,Undefined,0,0,,79.56712,1.466484,3.74971,1610.409991,69.025713,8:15,4.64617,-2.38172,6.09565,-47.61203,-3.60685,-13.08355,2.0381,0.00116,72.77255,-7.320212,1.396994,0.477445,,,,,,,,,,,,7.86603,-1.91583,2.09961,50,4.73409,-7.09123,-115.41939,1.48124,10.57506,22.16033,-34.74968,CLE_TIG,BOC_EAG,KingsmoreStadium,D1,ACC,20260502-KingsmoreStadium-1,7e27e220-465a-11f1-868c-97266ddeb381,78.94618,,,6.79458,,,,,,,a7847587-5f2b-422e-b1cb-e44e7d195d4c,2026-05-02,19:09:49.75,2026-05-02T15:09:49.7597440-04:00,2026-05-02T19:09:49.7597440Z,,v3,471272,227,26599,"Savoie, Nate",832476,Right,CLE_TIG,f764d223-663b-4cec-a1a0-e8fc95daafd6,54.40599,-116.26226,11.08017,4.65261,2.80294,-17.37484,2.37697,-7.49345,5.28753,,,,,,,,,,,,,,,,,,,,,,,,,,,,,,,,,,,,,,,,,,,,,,,,,,,High,High,High,,,,,,,,,,,,,,,,,,,,,,,,,,,,,,,,,,,,,,,
201,2026-05-02,15:10:10.52,2,8,"Sharman, Michael",831353,Left,CLE_TIG,"Roossien, Jace",831501,Right,BOC_EAG,Undefined,6,Top,1,3,2,FourSeamFastBall,Sinker,BallCalled,Walk,Undefined,Undefined,0,0,,88.92533,0.798675,2.264169,2155.191626,130.002938,10:15,4.88825,-2.40019,5.9016,-23.05005,12.81261,-13.72485,3.70946,-1.44097,79.92229,-3.564872,-0.197212,0.431015,,,,,,,,,,,,7.6328,6.66457,2.22534,50,4.93949,-4.48237,-128.8623,1.06987,12.64306,30.50213,-21.13475,CLE_TIG,BOC_EAG,KingsmoreStadium,D1,ACC,20260502-KingsmoreStadium-1,8a866320-465a-11f1-868c-97266ddeb381,87.45035,,,9.00304,,,,,,,a7847587-5f2b-422e-b1cb-e44e7d195d4c,2026-05-02,19:10:10.52,2026-05-02T15:10:10.5238528-04:00,2026-05-02T19:10:10.5238528Z,,v3,471272,227,26599,"Savoie, Nate",832476,Right,CLE_TIG,160f6bd0-c183-4aa2-b91d-4202a3edf18c,54.59228,-129.94476,15.25106,4.88822,1.8199,-10.56738,2.39237,-4.93104,6.32153,,,,,,,,,,,,,,,,,,,,,,,,,,,,,,,,,,,,,,,,,,,,,,,,,,,High,High,High,,,,,,,,,,,,,,,,,,,,,,,,,,,,,,,,,,,,,,,
202,2026-05-02,15:10:45.14,3,1,"Sharman, Michael",831353,Left,CLE_TIG,"Surowiec, Danny",831970,Left,BOC_EAG,Undefined,6,Top,1,0,0,Cutter,Cutter,StrikeCalled,Undefined,Undefined,Undefined,0,0,,81.34463,0.32068,3.500882,1900.907519,177.259297,12:00,4.911,-2.30209,6.03831,-33.56116,8.69792,-0.35063,2.41173,0.9143,74.22741,-5.929726,3.437978,0.467877,,,,,,,,,,,,1.19311,4.82422,2.0289,50,4.91818,-7.20087,-117.92553,-0.36194,1.67348,23.25215,-25.40757,CLE_TIG,BOC_EAG,KingsmoreStadium,D1,ACC,20260502-KingsmoreStadium-1,9f279b50-465a-11f1-868c-97266ddeb381,80.56064,,,7.11722,,,,,,,a7847587-5f2b-422e-b1cb-e44e7d195d4c,2026-05-02,19:10:45.14,2026-05-02T15:10:45.1404800-04:00,2026-05-02T19:10:45.1404800Z,,v3,471272,227,26599,"Savoie, Nate",832476,Right,CLE_TIG,7fe323a1-b7a4-4ce6-b1f1-51c459c38353,54.45795,-118.80128,11.62608,4.91379,0.59499,-12.70379,2.30129,-7.2639,0.83674,,,,,,,,,,,,,,,,,,,,,,,,,,,,,,,,,,,,,,,,,,,,,,,,,,,High,High,High,,,,,,,,,,,,,,,,,,,,,,,,,,,,,,,,,,,,,,,
203,2026-05-02,15:11:01.92,3,2,"Sharman, Michael",831353,Left,CLE_TIG,"Surowiec, Danny",831970,Left,BOC_EAG,Undefined,6,Top,1,0,1,Curveball,Curveball,StrikeSwinging,Undefined,Undefined,Undefined,0,0,,75.30972,0.834399,2.637998,1967.239428,303.817073,4:15,4.98875,-2.08127,4.9932,-53.18574,-1.48386,4.91882,1.34531,0.82111,68.48978,-8.798543,3.505679,0.517517,,,,,,,,,,,,-1.59921,-0.49634,1.82301,50,5.02595,-5.21817,-109.02022,-0.23734,-1.89774,21.67321,-32.76301,CLE_TIG,BOC_EAG,KingsmoreStadium,D1,ACC,20260502-KingsmoreStadium-1,a9354e80-465a-11f1-868c-97266ddeb381,72.83323,,,6.81994,,,,,,,a7847587-5f2b-422e-b1cb-e44e7d195d4c,2026-05-02,19:11:01.92,2026-05-02T15:11:01.9203072-04:00,2026-05-02T19:11:01.9203072Z,,v3,471272,227,26599,"Savoie, Nate",832476,Right,CLE_TIG,c2277048-9c46-4167-8d88-1b683e107df3,55.50526,-110.10923,10.8366,4.99652,1.40889,-16.38151,2.08281,-5.12282,-0.94887,,,,,,,,,,,,,,,,,,,,,,,,,,,,,,,,,,,,,,,,,,,,,,,,,,,High,High,High,,,,,,,,,,,,,,,,,,,,,,,,,,,,,,,,,,,,,,,
204,2026-05-02,15:11:22.56,3,3,"Sharman, Michael",831353,Left,CLE_TIG,"Surowiec, Danny",831970,Left,BOC_EAG,Undefined,6,Top,1,0,2,Curveball,Curveball,BallCalled,Undefined,Undefined,Undefined,0,0,,74.95335,3.003285,0.846911,2025.421427,298.618357,4:00,4.97511,-2.07829,5.21556,-52.93869,-1.48248,5.8454,3.39041,-0.79478,68.16021,-6.652275,1.882201,0.516286,,,,,,,,,,,,-2.63681,-1.0528,1.99559,50,5.21336,-1.83667,-108.56939,3.91751,-3.12574,20.22115,-33.42205,CLE_TIG,BOC_EAG,KingsmoreStadium,D1,ACC,20260502-KingsmoreStadium-1,b5802070-465a-11f1-868c-97266ddeb381,73.0069,,,6.79314,,,,,,,a7847587-5f2b-422e-b1cb-e44e7d195d4c,2026-05-02,19:11:22.56,2026-05-02T15:11:22.5611264-04:00,2026-05-02T19:11:22.5611264Z,,v3,471272,227,26599,"Savoie, Nate",832476,Right,CLE_TIG,ff60a2cb-4037-402f-91b0-04eade562243,55.28217,-109.54878,10.11058,4.98442,5.53628,-16.71103,2.08088,-1.68528,-1.56287,,,,,,,,,,,,,,,,,,,,,,,,,,,,,,,,,,,,,,,,,,,,,,,,,,,High,High,High,,,,,,,,,,,,,,,,,,,,,,,,,,,,,,,,,,,,,,,
205,2026-05-02,15:11:40.31,3,4,"Sharman, Michael",831353,Left,CLE_TIG,"Surowiec, Danny",831970,Left,BOC_EAG,Undefined,6,Top,1,1,2,Curveball,Curveball,InPlay,Undefined,LineDrive,Out,1,0,,74.64618,3.004777,1.709019,2041.083902,304.845676,4:15,4.94766,-2.1074,5.05487,-52.62164,-0.41866,3.08043,3.40018,-0.23846,67.90038,-6.566371,2.252603,0.520019,90.92944,20.772248,17.660457,6826.604405,103.28521,33.24207,37.84393,262.72441,259.54616,22.973306,3.043673,-1.02378,-0.62658,1.94213,50,5.19199,-3.34501,-108.08097,3.90398,-1.20292,20.00867,-32.91027,CLE_TIG,BOC_EAG,KingsmoreStadium,D1,ACC,20260502-KingsmoreStadium-1,c0177600-465a-11f1-868c-97266ddeb381,72.48285,35.78462,,6.74579,,,,1.47639,3.40256,0.2429,a7847587-5f2b-422e-b1cb-e44e7d195d4c,2026-05-02,19:11:40.31,2026-05-02T15:11:40.3142144-04:00,2026-05-02T19:11:40.3142144Z,LineDrive,v3,471272,227,26599,"Savoie, Nate",832476,Right,CLE_TIG,71212fc8-35f5-4c39-aad8-c7feda354fd3,55.4443,-109.0842,10.00433,4.95488,5.55409,-16.45514,2.10833,-3.28469,-0.60146,229.25201,1.47645,118.81554,-22.5316,5.31327,-1.1001,0.15962,-0.00968,-0.00179,0.00033,3.4025,47.29939,-18.63266,1.07428,-0.09224,0.0287,-0.01485,0.00432,-0.00044,0.24291,37.82781,0.31032,-1.47594,0.5893,-0.16519,0.03501,-0.00487,0.00033,,,,,,,,,,,,,,,,,,,,,,,High,High,High,High,High,,,,,,,,,,,,,,,,,,,,,,,,,,,,,,,,,,,,,
206,2026-05-02,15:12:21.03,4,1,"Sharman, Michael",831353,Left,CLE_TIG,"Wolff, Kyle",813479,Right,BOC_EAG,Undefined,6,Top,2,0,0,ChangeUp,Changeup,StrikeSwinging,Undefined,Undefined,Undefined,0,0,,77.496,1.762902,2.611965,1421.19616,77.698424,8:30,4.52644,-2.62961,6.17359,-47.74463,-1.59662,-14.03564,2.17809,-1.38525,70.91913,-7.07909,0.08058,0.488931,,,,,,,,,,,,7.96363,-0.83756,2.43867,50,4.63612,-4.6274,-112.51562,2.02965,10.18372,20.88333,-33.2451,CLE_TIG,BOC_EAG,KingsmoreStadium,D1,ACC,20260502-KingsmoreStadium-1,d85a6600-465a-11f1-868c-97266ddeb381,77.09148,,,6.57687,,,,,,,a7847587-5f2b-422e-b1cb-e44e7d195d4c,2026-05-02,19:12:21.03,2026-05-02T15:12:21.0304512-04:00,2026-05-02T19:12:21.0304512Z,,v3,471272,227,26599,"Savoie, Nate",832476,Right,CLE_TIG,fefbabe6-4493-44e2-a6fb-ef373a06db03,54.32654,-113.31579,10.44167,4.53394,3.30349,-16.62255,2.62345,-5.01761,5.09186,,,,,,,,,,,,,,,,,,,,,,,,,,,,,,,,,,,,,,,,,,,,,,,,,,,High,High,High,,,,,,,,,,,,,,,,,,,,,,,,,,,,,,,,,,,,,,,
207,2026-05-02,15:12:40.61,4,2,"Sharman, Michael",831353,Left,CLE_TIG,"Wolff, Kyle",813479,Right,BOC_EAG,Undefined,6,Top,2,0,1,Curveball,Changeup,BallCalled,Undefined,Undefined,Undefined,0,0,,78.22303,0.121763,4.715085,1554.944645,61.510099,8:00,4.50728,-2.42964,5.89762,-52.00463,-5.89012,-13.66438,0.28699,0.81899,71.62648,-9.399169,2.267763,0.488754,,,,,,,,,,,,8.49626,-2.73543,2.05772,50,4.48672,-8.85627,-113.31596,-1.39452,10.96674,22.11395,-35.70488,CLE_TIG,BOC_EAG,KingsmoreStadium,D1,ACC,20260502-KingsmoreStadium-1,e3fd8640-465a-11f1-868c-97266ddeb381,77.11947,,,6.59656,,,,,,,a7847587-5f2b-422e-b1cb-e44e7d195d4c,2026-05-02,19:12:40.61,2026-05-02T15:12:40.6131712-04:00,2026-05-02T19:12:40.6131712Z,,v3,471272,227,26599,"Savoie, Nate",832476,Right,CLE_TIG,b69710f7-dc5e-456f-9495-ce55d0fd15a5,54.60484,-114.21107,11.05698,4.51392,0.05071,-17.85244,2.42518,-9.30017,5.48337,,,,,,,,,,,,,,,,,,,,,,,,,,,,,,,,,,,,,,,,,,,,,,,,,,,High,High,High,,,,,,,,,,,,,,,,,,,,,,,,,,,,,,,,,,,,,,,
208,2026-05-02,15:13:00.91,4,3,"Sharman, Michael",831353,Left,CLE_TIG,"Wolff, Kyle",813479,Right,BOC_EAG,Undefined,6,Top,2,1,1,Curveball,Curveball,InPlay,Undefined,GroundBall,Out,1,0,,75.50527,1.347213,1.994846,2000.55408,319.762487,4:45,4.95152,-2.18659,5.0719,-53.66944,-2.65362,3.69894,1.75023,0.00314,68.87101,-8.384165,2.64874,0.514072,61.86652,-27.018496,-26.955206,,,,,7.60482,7.60482,-13.300969,0.050404,-1.24252,-1.32232,1.99416,50,5.03662,-3.95469,-109.42452,0.74973,-1.4917,21.07808,-33.76156,CLE_TIG,BOC_EAG,KingsmoreStadium,D1,ACC,20260502-KingsmoreStadium-1,f0219650-465a-11f1-868c-97266ddeb381,73.32133,2.08572,,6.63426,,,,3.75498,2.08572,0.10445,a7847587-5f2b-422e-b1cb-e44e7d195d4c,2026-05-02,19:13:00.91,2026-05-02T15:13:00.9184256-04:00,2026-05-02T19:13:00.9184256Z,GroundBall,v3,471272,227,26599,"Savoie, Nate",832476,Right,CLE_TIG,27e9ffbc-4835-4686-babe-cd8c3fda8cbe,55.42837,-110.46522,10.53904,4.95845,2.41665,-16.88078,2.1876,-3.88103,-0.74585,,3.75271,72.33195,,,,,,,,2.08702,-41.37984,,,,,,,,0.1056,-36.78377,,,,,,,,,,,,,,,,,,,,,,,,,,,,,,High,High,High,Estimated,Estimated,,,,,,,,,,,,,,,,,,,,,,,,,,,,,,,,,,,,,
209,2026-05-02,15:16:04.47,1,1,"Mass, John",831961,Right,BOC_EAG,"Clavon, Bryce",815366,Right,CLE_TIG,Undefined,6,Bottom,0,0,0,FourSeamFastBall,Four-Seam,StrikeCalled,Undefined,Undefined,Undefined,0,0,,90.79729,-3.071454,-1.161114,2483.892616,185.172045,12:15,5.53446,0.15653,5.66733,-10.93123,23.86245,2.04193,1.75635,-0.75608,81.6663,-5.233774,-0.796343,0.424543,,,,,,,,,,,,-1.40756,13.44572,-0.05973,50,5.26815,2.571,-131.4225,-7.29062,-2.42209,32.04004,-9.03702,CLE_TIG,BOC_EAG,KingsmoreStadium,D1,ACC,20260502-KingsmoreStadium-1,5d808cb0-465b-11f1-868c-97266ddeb381,88.78359,,,9.13099,,,,,,,a7847587-5f2b-422e-b1cb-e44e7d195d4c,2026-05-02,19:16:04.47,2026-05-02T15:16:04.4791296-04:00,2026-05-02T19:16:04.4791296Z,,v3,471272,227,26599,"Roossien, Jace",831501,Right,BOC_EAG,6aaa83d7-180b-4efe-81d5-769e1e40eee4,54.82774,-132.59426,16.02002,5.52874,-6.96012,-4.51851,-0.15538,2.65958,-1.21105,,,,,,,,,,,,,,,,,,,,,,,,,,,,,,,,,,,,,,,,,,,,,,,,,,,High,High,High,,,,,,,,,,,,,,,,,,,,,,,,,,,,,,,,,,,,,,,
210,2026-05-02,15:16:18.74,1,2,"Mass, John",831961,Right,BOC_EAG,"Clavon, Bryce",815366,Right,CLE_TIG,Undefined,6,Bottom,0,0,1,FourSeamFastBall,Four-Seam,StrikeSwinging,Undefined,Undefined,Undefined,0,0,,91.11087,-2.588875,-0.157951,2524.676063,181.294232,12:00,5.6798,0.00081,5.57667,-14.1919,20.46414,0.43311,2.07751,-0.11062,81.94326,-5.327616,-0.080667,0.423702,,,,,,,,,,,,-0.26945,11.54268,0.01249,50,5.44801,0.34376,-131.92385,-6.35986,-0.46693,32.4383,-12.17185,CLE_TIG,BOC_EAG,KingsmoreStadium,D1,ACC,20260502-KingsmoreStadium-1,65fe7820-465b-11f1-868c-97266ddeb381,88.9597,,,9.16761,,,,,,,a7847587-5f2b-422e-b1cb-e44e7d195d4c,2026-05-02,19:16:18.74,2026-05-02T15:16:18.7494912-04:00,2026-05-02T19:16:18.7494912Z,,v3,471272,227,26599,"Roossien, Jace",831501,Right,BOC_EAG,4416e1e1-5d8c-4274-a5f6-217c2ea36f95,54.91818,-133.12767,16.21915,5.67565,-5.90815,-6.08592,-0.00058,0.36109,-0.23347,,,,,,,,,,,,,,,,,,,,,,,,,,,,,,,,,,,,,,,,,,,,,,,,,,,High,High,High,,,,,,,,,,,,,,,,,,,,,,,,,,,,,,,,,,,,,,,
211,2026-05-02,15:16:36.68,1,3,"Mass, John",831961,Right,BOC_EAG,"Clavon, Bryce",815366,Right,CLE_TIG,Undefined,6,Bottom,0,0,2,TwoSeamFastBall,Four-Seam,BallCalled,Undefined,Undefined,Undefined,0,0,,90.57581,-2.997162,-1.196097,2444.768085,179.316463,12:00,5.58741,-0.0907,5.7621,-15.03339,19.73733,-0.22028,1.54186,-1.22249,81.72608,-5.885529,-1.235527,0.424403,,,,,,,,,,,,-0.27032,11.34831,0.1899,50,5.32997,2.7481,-131.14726,-7.28292,-0.46418,31.38634,-12.68816,CLE_TIG,BOC_EAG,KingsmoreStadium,D1,ACC,20260502-KingsmoreStadium-1,70ac3be0-465b-11f1-868c-97266ddeb381,88.81287,,,8.84973,,,,,,,a7847587-5f2b-422e-b1cb-e44e7d195d4c,2026-05-02,19:16:36.68,2026-05-02T15:16:36.6891008-04:00,2026-05-02T19:16:36.6891008Z,,v3,471272,227,26599,"Roossien, Jace",831501,Right,BOC_EAG,98d2a8ff-f253-4520-b173-815b337ee141,54.73271,-132.27505,15.69317,5.58347,-6.827,-6.34408,0.09085,2.76478,-0.23209,,,,,,,,,,,,,,,,,,,,,,,,,,,,,,,,,,,,,,,,,,,,,,,,,,,High,High,High,,,,,,,,,,,,,,,,,,,,,,,,,,,,,,,,,,,,,,,
212,2026-05-02,15:17:00.09,1,4,"Mass, John",831961,Right,BOC_EAG,"Clavon, Bryce",815366,Right,CLE_TIG,Undefined,6,Bottom,0,1,2,Curveball,Changeup,StrikeSwinging,Strikeout,Undefined,Undefined,0,0,,77.85954,-0.398944,-1.371154,2661.86445,250.175113,2:15,5.52392,0.03015,5.59735,-42.41168,5.39772,9.7276,1.61704,-0.4396,69.80633,-8.249021,0.36765,0.497655,,,,,,,,,,,,-5.38638,3.43752,0.08099,50,5.46282,2.31428,-112.72497,-2.13825,-6.74295,25.66314,-27.87079,CLE_TIG,BOC_EAG,KingsmoreStadium,D1,ACC,20260502-KingsmoreStadium-1,7eafba50-465b-11f1-868c-97266ddeb381,75.74017,,,8.0532,,,,,,,a7847587-5f2b-422e-b1cb-e44e7d195d4c,2026-05-02,19:17:00.09,2026-05-02T15:17:00.0954880-04:00,2026-05-02T19:17:00.0954880Z,,v3,471272,227,26599,"Roossien, Jace",831501,Right,BOC_EAG,a27d5b0d-2180-48e6-8cc0-94ecf92610d8,54.89716,-113.83441,12.83157,5.52922,-0.93338,-13.9354,-0.02535,2.60578,-3.37147,,,,,,,,,,,,,,,,,,,,,,,,,,,,,,,,,,,,,,,,,,,,,,,,,,,High,High,High,,,,,,,,,,,,,,,,,,,,,,,,,,,,,,,,,,,,,,,
213,2026-05-02,15:17:30.71,2,1,"Mass, John",831961,Right,BOC_EAG,"Marshall, Ty",822583,Left,CLE_TIG,Undefined,6,Bottom,1,0,0,FourSeamFastBall,Four-Seam,StrikeCalled,Undefined,Undefined,Undefined,0,0,,91.28923,-2.143598,-0.068618,2510.755317,201.7023,12:45,5.64143,0.42364,5.49512,-16.43095,17.86977,6.64276,2.26611,0.91302,82.84267,-5.256708,1.11508,0.421525,,,,,,,,,,,,-3.34319,9.97595,-0.42213,50,5.44303,-0.15094,-132.33165,-5.46872,-5.88543,30.14539,-14.61218,CLE_TIG,BOC_EAG,KingsmoreStadium,D1,ACC,20260502-KingsmoreStadium-1,90e1a030-465b-11f1-868c-97266ddeb381,89.41926,,,8.44655,,,,,,,a7847587-5f2b-422e-b1cb-e44e7d195d4c,2026-05-02,19:17:30.71,2026-05-02T15:17:30.7176448-04:00,2026-05-02T19:17:30.7176448Z,,v3,471272,227,26599,"Roossien, Jace",831501,Right,BOC_EAG,3b77a33e-c6ef-429a-b422-63182c36179a,55.00048,-133.46591,15.0727,5.63845,-4.91892,-7.30609,-0.42061,0.0705,-2.94271,,,,,,,,,,,,,,,,,,,,,,,,,,,,,,,,,,,,,,,,,,,,,,,,,,,High,High,High,,,,,,,,,,,,,,,,,,,,,,,,,,,,,,,,,,,,,,,
214,2026-05-02,15:17:46.89,2,2,"Mass, John",831961,Right,BOC_EAG,"Marshall, Ty",822583,Left,CLE_TIG,Undefined,6,Bottom,1,0,1,FourSeamFastBall,Four-Seam,FoulBallNotFieldable,Undefined,Undefined,Undefined,0,0,,90.49471,-2.316851,-0.451651,2456.503712,201.082124,12:45,5.64675,0.37524,5.70247,-15.85072,18.80792,6.78835,2.16579,0.52009,82.0849,-5.341037,0.762692,0.423718,65.11576,73.999495,-118.915525,3814.664336,,,,,11.12289,,,-3.60331,10.63268,-0.34174,50,5.44283,0.7384,-131.23494,-5.78099,-6.22769,30.09845,-13.79732,CLE_TIG,BOC_EAG,KingsmoreStadium,D1,ACC,20260502-KingsmoreStadium-1,9a871bb0-465b-11f1-868c-97266ddeb381,88.95642,34.95222,,8.40981,,,,1.51738,2.26846,-0.54609,a7847587-5f2b-422e-b1cb-e44e7d195d4c,2026-05-02,19:17:46.89,2026-05-02T15:17:46.8947968-04:00,2026-05-02T19:17:46.8947968Z,,v3,471272,227,26599,"Roossien, Jace",831501,Right,BOC_EAG,654268b8-1563-4a73-9372-cb972ff15d41,54.79549,-132.33021,15.04923,5.64407,-5.27891,-6.89866,-0.37273,0.96502,-3.11385,9.318516,1.52566,-13.00416,-5.03827,,,,,,,2.27932,91.44542,-26.78127,,,,,,,-0.5422,-23.1732,-1.29543,,,,,,,,,,,,,,,,,,,,,,,,,,,,,High,High,High,High,Undefined,,,,,,,,,,,,,,,,,,,,,,,,,,,,,,,,,,,,,
215,2026-05-02,15:18:08.46,2,3,"Mass, John",831961,Right,BOC_EAG,"Marshall, Ty",822583,Left,CLE_TIG,Undefined,6,Bottom,1,0,2,ChangeUp,Changeup,BallCalled,Undefined,Undefined,Undefined,0,0,,76.96238,3.929203,0.667142,3432.401334,216.994609,1:15,5.49696,0.4077,4.96511,-40.30014,9.57697,5.85508,5.85646,1.52587,68.91396,-3.493241,1.698108,0.508302,,,,,,,,,,,,-2.58937,4.07823,-0.47689,50,5.84585,-1.55247,-111.08068,6.25631,-3.18834,22.59217,-27.15246,CLE_TIG,BOC_EAG,KingsmoreStadium,D1,ACC,20260502-KingsmoreStadium-1,a76f8d30-465b-11f1-868c-97266ddeb381,74.15361,,,8.04842,,,,,,,a7847587-5f2b-422e-b1cb-e44e7d195d4c,2026-05-02,19:18:08.46,2026-05-02T15:18:08.4657664-04:00,2026-05-02T19:18:08.4657664Z,,v3,471272,227,26599,"Roossien, Jace",831501,Right,BOC_EAG,b25b8d00-7b79-42fa-b9e1-7a163c86c3f6,55.52354,-112.19846,11.29609,5.50308,7.59971,-13.57623,-0.40398,-1.39472,-1.59417,,,,,,,,,,,,,,,,,,,,,,,,,,,,,,,,,,,,,,,,,,,,,,,,,,,High,High,High,,,,,,,,,,,,,,,,,,,,,,,,,,,,,,,,,,,,,,,
216,2026-05-02,15:18:29.55,2,4,"Mass, John",831961,Right,BOC_EAG,"Marshall, Ty",822583,Left,CLE_TIG,Undefined,6,Bottom,1,1,2,Curveball,Slider,StrikeCalled,Strikeout,Undefined,Undefined,0,0,,76.22075,1.866378,-0.063267,1149.716347,71.007191,8:15,5.50873,0.44973,5.09418,-50.20125,-0.16291,-5.4413,3.08481,-0.06333,69.24715,-7.277992,-1.026034,0.509123,,,,,,,,,,,,2.66575,-0.10102,-0.43934,50,5.64605,0.34288,-110.44872,1.86649,3.26093,21.45632,-32.29763,CLE_TIG,BOC_EAG,KingsmoreStadium,D1,ACC,20260502-KingsmoreStadium-1,b400b6f0-465b-11f1-868c-97266ddeb381,74.03402,,,6.9736,,,,,,,a7847587-5f2b-422e-b1cb-e44e7d195d4c,2026-05-02,19:18:29.55,2026-05-02T15:18:29.5550000-04:00,2026-05-02T19:18:29.5550000Z,,v3,471272,227,26599,"Roossien, Jace",831501,Right,BOC_EAG,01ed03e4-4f9e-4c60-98f4-542c5d007bdd,55.40311,-111.49341,10.72816,5.51688,3.43904,-16.14882,-0.45217,0.18411,1.63046,,,,,,,,,,,,,,,,,,,,,,,,,,,,,70.5589,,,0.961792,,,,-0.95758,5.41265,1.25553,72.39588,7.59355,52.39168,-0.84916,84.89361,-9.05034,5.43646,14.40553,-12.63659,1.26786,55.22202,-2.14498,High,High,High,,,High,Medium,High,,,,,,,,,,,,,,,,,,,,,,,,,,,,,,,,,,
217,2026-05-02,15:21:44.36,3,1,"Chicoine, Bobby",813481,Right,BOC_EAG,"Gaffney, Luke",808781,Right,CLE_TIG,Undefined,6,Bottom,2,0,0,FourSeamFastBall,Sinker,FoulBallNotFieldable,Undefined,Undefined,Undefined,0,0,,92.17686,-1.036728,-3.066067,2134.063816,234.874257,1:45,5.5858,2.02622,5.8909,-21.83749,11.35182,14.51804,2.80192,0.38649,83.56233,-5.141322,-0.463822,0.414639,94.54581,22.144594,55.986962,5091.006059,53.52521,37.79993,96.09866,293.64581,107.60069,71.472446,3.416532,-8.35107,6.45705,-1.78734,50,5.48969,6.519,-133.63734,-3.15137,-14.97553,31.05218,-20.59496,CLE_TIG,BOC_EAG,KingsmoreStadium,D1,ACC,20260502-KingsmoreStadium-1,280c5b30-465c-11f1-868c-97266ddeb381,90.90414,42.96989,,8.61453,,,,0.0808,2.57958,-0.36867,a7847587-5f2b-422e-b1cb-e44e7d195d4c,2026-05-02,19:21:44.36,2026-05-02T15:21:44.3630080-04:00,2026-05-02T19:21:44.3630080Z,LineDrive,v3,471272,227,26599,"Roossien, Jace",831501,Right,BOC_EAG,bc6b61ab-a361-48c0-8049-0960ff52de05,54.60728,-134.70364,15.52609,5.58576,-2.44416,-10.29748,-2.02003,7.03325,-7.48777,,0.08069,71.85039,-23.69612,5.53229,-1.22351,0.24581,-0.04076,0.0048,-0.00028,2.58005,52.25072,-18.42656,1.13685,-0.15236,0.04531,-0.0139,0.0027,-0.00023,-0.36906,106.47943,-15.1704,4.13869,-0.91171,0.16567,-0.02365,0.00279,-0.00018,,,,,,,,,,,,,,,,,,,,,,,High,High,High,High,Low,,,,,,,,,,,,,,,,,,,,,,,,,,,,,,,,,,,,,
218,2026-05-02,15:22:07.77,3,2,"Chicoine, Bobby",813481,Right,BOC_EAG,"Gaffney, Luke",808781,Right,CLE_TIG,Undefined,6,Bottom,2,0,1,FourSeamFastBall,Four-Seam,BallCalled,Undefined,Undefined,Undefined,0,0,,91.74057,-0.822911,-1.401423,2038.452171,217.969249,1:15,5.52436,2.10291,5.6721,-17.87698,15.85395,11.47186,3.26712,1.75206,83.10328,-4.21198,0.648864,0.418009,,,,,,,,,,,,-6.18142,8.61004,-1.99167,50,5.44378,2.72453,-133.06159,-2.47919,-10.99478,30.65836,-16.85948,CLE_TIG,BOC_EAG,KingsmoreStadium,D1,ACC,20260502-KingsmoreStadium-1,3606b1e0-465c-11f1-868c-97266ddeb381,90.17142,,,8.63729,,,,,,,a7847587-5f2b-422e-b1cb-e44e7d195d4c,2026-05-02,19:22:07.77,2026-05-02T15:22:07.7789696-04:00,2026-05-02T19:22:07.7789696Z,,v3,471272,227,26599,"Roossien, Jace",831501,Right,BOC_EAG,f2e95565-94e8-4c12-a2fc-7c4fc7995467,54.8235,-134.16835,15.32918,5.5223,-1.87056,-8.42974,-2.09719,3.12145,-5.49739,,,,,,,,,,,,,,,,,,,,,,,,,,,,,,,,,,,,,,,,,,,,,,,,,,,High,High,High,,,,,,,,,,,,,,,,,,,,,,,,,,,,,,,,,,,,,,,
219,2026-05-02,15:22:27.01,3,3,"Chicoine, Bobby",813481,Right,BOC_EAG,"Gaffney, Luke",808781,Right,CLE_TIG,Undefined,6,Bottom,2,2,1,FourSeamFastBall,Sinker,FoulBallNotFieldable,Undefined,Undefined,Undefined,0,0,,92.37133,-0.046711,-2.911974,2052.820719,240.56525,2:00,5.59449,1.95031,5.72824,-23.87462,9.10142,14.28024,3.56138,0.42595,84.31946,-4.491318,-0.360125,0.413305,88.62096,14.112081,123.654444,4012.875465,,,,,45.78288,,,-8.03949,4.96158,-1.71601,50,5.57597,6.17183,-134.02844,-0.95981,-14.62821,28.88659,-23.14624,CLE_TIG,BOC_EAG,KingsmoreStadium,D1,ACC,20260502-KingsmoreStadium-1,41805120-465c-11f1-868c-97266ddeb381,91.19764,13.28284,,8.05187,,,,-1.11905,3.47544,-0.58169,a7847587-5f2b-422e-b1cb-e44e7d195d4c,2026-05-02,19:22:27.01,2026-05-02T15:22:27.0137344-04:00,2026-05-02T19:22:27.0137344Z,,v3,471272,227,26599,"Roossien, Jace",831501,Right,BOC_EAG,8a2be6cf-830b-412b-b412-a44ba85c6f97,54.77038,-135.05267,14.4433,5.59546,-0.13912,-11.57312,-1.94404,6.6905,-7.3141,,-1.11735,-69.91867,3.77112,,,,,,,3.47924,31.56132,-16.57757,,,,,,,-0.56114,104.21893,-25.15755,,,,,,,,,,,,,,,,,,,,,,,,,,,,,High,High,High,Medium,Undefined,,,,,,,,,,,,,,,,,,,,,,,,,,,,,,,,,,,,,
220,2026-05-02,15:22:50.11,3,4,"Chicoine, Bobby",813481,Right,BOC_EAG,"Gaffney, Luke",808781,Right,CLE_TIG,Undefined,6,Bottom,2,2,2,Curveball,Slider,HitByPitch,Undefined,Undefined,Undefined,0,0,,77.5392,1.844887,2.213852,2373.163355,90.771118,9:00,5.48576,2.11213,5.02198,-47.03806,2.20528,-21.25474,3.30879,2.43108,69.32817,-6.77099,-1.53894,0.505063,,,,,,,,,,,,11.46075,0.86161,-2.30553,50,5.6248,-3.48047,-112.14147,1.99825,14.21467,25.19533,-31.10538,CLE_TIG,BOC_EAG,KingsmoreStadium,D1,ACC,20260502-KingsmoreStadium-1,4f4abe30-465c-11f1-868c-97266ddeb381,74.62926,,,8.21103,,,,,,,a7847587-5f2b-422e-b1cb-e44e7d195d4c,2026-05-02,19:22:50.11,2026-05-02T15:22:50.1120000-04:00,2026-05-02T19:22:50.1120000Z,,v3,471272,227,26599,"Roossien, Jace",831501,Right,BOC_EAG,2c824ae8-c92c-4e65-9fca-c4b556dd3ed6,55.47743,-113.36543,12.59766,5.49102,3.50931,-15.55269,-2.11969,-4.171,7.10734,,,,,,,,,,,,,,,,,,,,,,,,,,,,,,,,,,,,,,,,,,,,,,,,,,,High,High,High,,,,,,,,,,,,,,,,,,,,,,,,,,,,,,,,,,,,,,,
221,2026-05-02,15:24:01.51,4,1,"Chicoine, Bobby",813481,Right,BOC_EAG,"Jarrell, Jacob",703447,Right,CLE_TIG,Undefined,6,Bottom,2,0,0,FourSeamFastBall,Sinker,StrikeCalled,Undefined,Undefined,Undefined,0,0,,90.5077,-1.354124,-3.292245,2105.751465,237.196876,2:00,5.57012,1.94826,5.88945,-22.36529,12.27642,17.09859,2.4467,0.31284,81.62201,-5.570444,-0.227754,0.423615,,,,,,,,,,,,-9.71217,7.07197,-1.69212,50,5.4481,6.78013,-131.08008,-3.82945,-16.66594,31.25438,-20.03865,CLE_TIG,BOC_EAG,KingsmoreStadium,D1,ACC,20260502-KingsmoreStadium-1,79d34320-465c-11f1-868c-97266ddeb381,88.97808,,,8.88569,,,,,,,a7847587-5f2b-422e-b1cb-e44e7d195d4c,2026-05-02,19:24:01.51,2026-05-02T15:24:01.5178240-04:00,2026-05-02T19:24:01.5178240Z,,v3,471272,227,26599,"Roossien, Jace",831501,Right,BOC_EAG,dacc7d7a-7140-43d7-8afb-629604eed53f,54.60679,-132.17395,15.62719,5.56986,-3.12812,-10.01933,-1.93963,7.36342,-8.33297,,,,,,,,,,,,,,,,,,,,,,,,,,,,,,,,,,,,,,,,,,,,,,,,,,,High,High,High,,,,,,,,,,,,,,,,,,,,,,,,,,,,,,,,,,,,,,,
222,2026-05-02,15:24:33.37,4,2,"Chicoine, Bobby",813481,Right,BOC_EAG,"Jarrell, Jacob",703447,Right,CLE_TIG,Undefined,6,Bottom,2,0,1,Curveball,Slider,FoulBallNotFieldable,Undefined,Undefined,Undefined,0,0,,77.60918,0.841023,-0.717939,2363.443657,71.408059,8:30,5.41095,2.29187,5.15054,-52.18345,-3.73646,-16.24458,1.85421,0.26223,70.38531,-8.641736,-3.597437,0.500962,65.88819,83.613242,-107.148863,1866.042994,,,,,3.07874,,,7.91902,-1.72429,-2.21144,50,5.44927,2.05542,-112.49121,-0.15926,9.96197,23.88133,-34.34318,CLE_TIG,BOC_EAG,KingsmoreStadium,D1,ACC,20260502-KingsmoreStadium-1,8cd4fc20-465c-11f1-868c-97266ddeb381,75.24011,25.03703,,7.22388,,,,2.73846,2.11935,-0.34689,a7847587-5f2b-422e-b1cb-e44e7d195d4c,2026-05-02,19:24:33.37,2026-05-02T15:24:33.3721088-04:00,2026-05-02T19:24:33.3721088Z,,v3,471272,227,26599,"Roossien, Jace",831501,Right,BOC_EAG,c4a33c77-7769-40e4-ac8c-e5e6a99bcb1c,55.34965,-113.62123,11.94067,5.41836,1.46581,-17.17159,-2.29755,1.58403,4.98099,6.760164,2.74119,-3.31113,-6.98122,,,,,,,2.12232,95.88319,-26.86687,,,,,,,-0.34809,-10.20956,3.78553,,,,,,,,,,,,,,,,,,,,,,,,,,,,,High,High,High,Medium,Undefined,,,,,,,,,,,,,,,,,,,,,,,,,,,,,,,,,,,,,
223,2026-05-02,15:25:13.19,4,3,"Chicoine, Bobby",813481,Right,BOC_EAG,"Jarrell, Jacob",703447,Right,CLE_TIG,Undefined,6,Bottom,2,0,2,Slider,Slider,FoulBallNotFieldable,Undefined,Undefined,Undefined,0,0,,78.37835,0.194726,-1.611102,2376.899076,89.898544,9:00,5.4446,2.16444,5.18753,-45.88416,1.71248,-15.55178,1.80419,-0.64763,70.87808,-8.177612,-4.366138,0.496546,64.37622,36.897363,149.712763,3781.09114,-98.18128,32.656,49.60273,162.30415,60.02501,155.100387,2.678595,7.23319,1.26827,-2.00242,50,5.42815,3.82244,-113.51375,-1.19248,9.24372,24.76116,-30.55326,CLE_TIG,BOC_EAG,KingsmoreStadium,D1,ACC,20260502-KingsmoreStadium-1,a4924160-465c-11f1-868c-97266ddeb381,75.90924,35.75896,,7.50027,,,,1.87557,1.82289,0.52613,a7847587-5f2b-422e-b1cb-e44e7d195d4c,2026-05-02,19:25:13.19,2026-05-02T15:25:13.1932672-04:00,2026-05-02T19:25:13.1932672Z,FlyBall,v3,471272,227,26599,"Roossien, Jace",831501,Right,BOC_EAG,1395d5f9-95c4-4fdf-89ec-b64033f00510,55.31036,-114.66626,12.38058,5.45056,0.22963,-15.27663,-2.17032,3.39219,4.62186,329.163895,1.87568,-65.20896,2.36274,0.38699,0.34382,-0.41079,0.21491,-0.05317,0.00504,1.82294,56.68366,-26.51605,2.7815,-0.37285,-0.03596,0.03007,-0.00375,-4E-05,0.52608,38.0836,-6.416,1.03997,-0.32124,0.17812,-0.09357,0.02576,-0.00268,,,,,,,,,,,,,,,,,,,,,,,High,High,High,High,Medium,,,,,,,,,,,,,,,,,,,,,,,,,,,,,,,,,,,,,
224,2026-05-02,15:25:44.47,4,4,"Chicoine, Bobby",813481,Right,BOC_EAG,"Jarrell, Jacob",703447,Right,CLE_TIG,Undefined,6,Bottom,2,0,2,TwoSeamFastBall,Sinker,StrikeSwinging,Strikeout,Undefined,Undefined,0,0,,91.32533,-1.058195,-3.185446,2108.263051,254.270163,2:30,5.54368,2.05351,5.82132,-27.30289,6.40386,18.85473,2.28299,0.66012,83.3721,-6.120793,0.19185,0.417859,,,,,,,,,,,,-10.49347,3.90981,-1.80382,50,5.44092,6.54001,-132.47356,-3.42472,-18.60622,28.88187,-25.24148,CLE_TIG,BOC_EAG,KingsmoreStadium,D1,ACC,20260502-KingsmoreStadium-1,b729edf0-465c-11f1-868c-97266ddeb381,90.2037,,,7.95323,,,,,,,a7847587-5f2b-422e-b1cb-e44e7d195d4c,2026-05-02,19:25:44.47,2026-05-02T15:25:44.4726784-04:00,2026-05-02T19:25:44.4726784Z,,v3,471272,227,26599,"Roossien, Jace",831501,Right,BOC_EAG,a5d7da1a-f601-4056-8eb6-c76fc1146736,54.67811,-133.48958,14.44094,5.54578,-2.53676,-12.62074,-2.0454,7.19455,-9.30311,,,,,,,,,,,,,,,,,,,,,,,,,,,,,,,,,,,,,,,,,,,,,,,,,,,High,High,High,,,,,,,,,,,,,,,,,,,,,,,,,,,,,,,,,,,,,,,
225,2026-05-02,15:28:57.03,1,1,"Allen, Joe",803283,Right,CLE_TIG,"DeShazo, Owen",703506,Right,BOC_EAG,Undefined,7,Top,0,0,0,Cutter,Curveball,BallCalled,Undefined,Undefined,Undefined,0,0,,80.87247,-0.406287,-0.888694,2368.351386,340.361753,5:15,6.27854,2.14089,4.61219,-45.88758,-1.43441,0.96976,2.06822,1.37665,74.96764,-8.61248,-0.718358,0.479869,,,,,,,,,,,,-0.70173,-0.22228,-2.0504,50,6.19407,1.77886,-117.40814,-2.62048,-0.98751,20.53093,-32.48682,CLE_TIG,BOC_EAG,KingsmoreStadium,D1,ACC,20260502-KingsmoreStadium-1,29fc9d00-465d-11f1-868c-97266ddeb381,78.54733,,,5.90483,,,,,,,a7847587-5f2b-422e-b1cb-e44e7d195d4c,2026-05-02,19:28:57.03,2026-05-02T15:28:57.0370560-04:00,2026-05-02T19:28:57.0370560Z,,v3,471272,227,26599,"Marshall, Ty",822583,Right,CLE_TIG,9e1facaa-1a7e-40af-ab42-a310deab19ae,55.8886,-118.4334,10.26547,6.28442,-0.99819,-16.24341,-2.14046,1.82818,-0.49376,,,,,,,,,,,,,,,,,,,,,,,,,,,,,,,,,,,,,,,,,,,,,,,,,,,High,High,High,,,,,,,,,,,,,,,,,,,,,,,,,,,,,,,,,,,,,,,
226,2026-05-02,15:29:12.51,1,2,"Allen, Joe",803283,Right,CLE_TIG,"DeShazo, Owen",703506,Right,BOC_EAG,Undefined,7,Top,0,1,0,Cutter,Slider,InPlay,Undefined,GroundBall,Double,0,0,,80.87002,-0.51396,-2.254186,2439.913038,282.293432,3:30,6.4574,2.08271,4.8985,-42.7451,1.01516,0.75083,2.40881,0.01212,75.38233,-8.191323,-2.121821,0.476114,95.55305,-16.43645,-41.633961,,,,,10.14894,2.83475,-33.177041,0.062754,-0.90819,0.93504,-1.86262,50,6.37066,4.59248,-117.46106,-2.64314,-1.2873,19.21671,-30.84873,CLE_TIG,BOC_EAG,KingsmoreStadium,D1,ACC,20260502-KingsmoreStadium-1,3334fed0-465d-11f1-868c-97266ddeb381,79.16678,2.49295,,5.48769,,,,2.17859,2.49295,0.06044,a7847587-5f2b-422e-b1cb-e44e7d195d4c,2026-05-02,19:29:12.51,2026-05-02T15:29:12.5127680-04:00,2026-05-02T19:29:12.5127680Z,GroundBall,v3,471272,227,26599,"Marshall, Ty",822583,Right,CLE_TIG,32949de1-583b-4404-9421-d44f738fce98,55.60343,-118.37424,9.60835,6.46143,-1.17721,-15.42436,-2.08231,4.65365,-0.64365,,2.17676,100.64599,,,,,,,,2.49367,-39.7259,,,,,,,,0.06207,-89.46443,,,,,,,,,,,,,,,,,,,,,,,,,,,,,,High,High,High,Low,Low,,,,,,,,,,,,,,,,,,,,,,,,,,,,,,,,,,,,,
227,2026-05-02,15:30:03.48,2,1,"Allen, Joe",803283,Right,CLE_TIG,"Williams, Ben",831962,Right,BOC_EAG,Undefined,7,Top,0,0,0,Curveball,Slider,BallCalled,Undefined,Undefined,Undefined,0,0,,81.04438,-2.176112,-3.496247,2387.613503,221.035744,1:15,6.33241,2.03882,4.69717,-42.57101,1.55433,0.29661,0.71411,-1.2597,75.69618,-9.753227,-3.444199,0.478097,,,,,,,,,,,,-0.99098,1.59878,-1.68416,50,6.07256,7.16372,-117.45664,-6.09089,-1.40236,19.54216,-29.91156,CLE_TIG,BOC_EAG,KingsmoreStadium,D1,ACC,20260502-KingsmoreStadium-1,51961850-465d-11f1-868c-97266ddeb381,78.83855,,,5.3482,,,,,,,a7847587-5f2b-422e-b1cb-e44e7d195d4c,2026-05-02,19:30:03.48,2026-05-02T15:30:03.4858496-04:00,2026-05-02T19:30:03.4858496Z,,v3,471272,227,26599,"Marshall, Ty",822583,Right,CLE_TIG,59ba3937-b523-403a-b617-9fd5a0739560,55.80476,-118.41848,9.77108,6.33612,-4.61868,-14.95578,-2.03844,7.23275,-0.70118,,,,,,,,,,,,,,,,,,,,,,,,,,,,,,,,,,,,,,,,,,,,,,,,,,,High,High,High,,,,,,,,,,,,,,,,,,,,,,,,,,,,,,,,,,,,,,,
228,2026-05-02,15:30:21.27,2,2,"Allen, Joe",803283,Right,CLE_TIG,"Williams, Ben",831962,Right,BOC_EAG,Undefined,7,Top,0,1,0,Cutter,Slider,BallCalled,Undefined,Undefined,Undefined,0,0,,80.07219,-2.043561,-4.747726,2456.301677,266.887753,3:00,6.29384,2.11396,4.73864,-44.1851,1.50992,2.07413,0.6657,-2.22729,74.10971,-9.928105,-4.384549,0.486526,,,,,,,,,,,,-2.29555,1.70732,-1.63683,50,6.04809,9.52401,-115.73701,-5.80221,-3.12465,20.88793,-29.85008,CLE_TIG,BOC_EAG,KingsmoreStadium,D1,ACC,20260502-KingsmoreStadium-1,5c3472c0-465d-11f1-868c-97266ddeb381,77.47265,,,5.96248,,,,,,,a7847587-5f2b-422e-b1cb-e44e7d195d4c,2026-05-02,19:30:21.27,2026-05-02T15:30:21.2746752-04:00,2026-05-02T19:30:21.2746752Z,,v3,471272,227,26599,"Marshall, Ty",822583,Right,CLE_TIG,0edbc052-44aa-420d-bc3d-6f0fb600fe78,55.76104,-116.77212,10.44397,6.29897,-4.32298,-14.92504,-2.11263,9.67885,-1.56232,,,,,,,,,,,,,,,,,,,,,,,,,,,,,,,,,,,,,,,,,,,,,,,,,,,High,High,High,,,,,,,,,,,,,,,,,,,,,,,,,,,,,,,,,,,,,,,
229,2026-05-02,15:31:12.17,2,3,"Allen, Joe",803283,Right,CLE_TIG,"Williams, Ben",831962,Right,BOC_EAG,Undefined,7,Top,0,2,0,TwoSeamFastBall,Changeup,BallCalled,Undefined,Undefined,Undefined,0,0,,85.71513,-0.345968,-2.118695,2180.518156,257.922539,2:30,6.14692,2.41654,5.48877,-33.41529,5.34457,19.04273,3.03843,2.02044,78.21041,-6.493723,1.275052,0.448087,,,,,,,,,,,,-10.15898,3.19803,-2.2439,50,6.09418,3.77353,-124.36325,-1.9472,-15.8445,25.9014,-27.1862,CLE_TIG,BOC_EAG,KingsmoreStadium,D1,ACC,20260502-KingsmoreStadium-1,7a853890-465d-11f1-868c-97266ddeb381,84.11855,,,7.50472,,,,,,,a7847587-5f2b-422e-b1cb-e44e7d195d4c,2026-05-02,19:31:12.17,2026-05-02T15:31:12.1722368-04:00,2026-05-02T19:31:12.1722368Z,,v3,471272,227,26599,"Marshall, Ty",822583,Right,CLE_TIG,e6c61a2f-a3a4-43c0-908c-56f7b91f710f,55.01001,-125.40236,12.9507,6.15042,-0.85655,-13.5931,-2.40804,4.40917,-7.92225,,,,,,,,,,,,,,,,,,,,,,,,,,,,,,,,,,,,,,,,,,,,,,,,,,,High,High,High,,,,,,,,,,,,,,,,,,,,,,,,,,,,,,,,,,,,,,,
230,2026-05-02,15:31:28.78,2,4,"Allen, Joe",803283,Right,CLE_TIG,"Williams, Ben",831962,Right,BOC_EAG,Undefined,7,Top,0,3,0,TwoSeamFastBall,Sinker,StrikeCalled,Undefined,Undefined,Undefined,0,0,,86.64233,-1.91685,-4.180132,2238.932759,260.174702,2:45,6.15315,2.17739,5.45674,-33.70856,4.13729,17.1684,1.54432,-0.3118,79.80517,-8.066138,-1.128285,0.442772,,,,,,,,,,,,-9.73418,2.96311,-1.82031,50,5.96058,8.42984,-125.50993,-5.44582,-15.60217,24.25501,-27.42469,CLE_TIG,BOC_EAG,KingsmoreStadium,D1,ACC,20260502-KingsmoreStadium-1,84676ef0-465d-11f1-868c-97266ddeb381,85.12823,,,6.83717,,,,,,,a7847587-5f2b-422e-b1cb-e44e7d195d4c,2026-05-02,19:31:28.78,2026-05-02T15:31:28.7846400-04:00,2026-05-02T19:31:28.7846400Z,,v3,471272,227,26599,"Marshall, Ty",822583,Right,CLE_TIG,96aca340-1827-464b-88a6-41ffb089bfc8,55.04355,-126.48084,12.12751,6.1566,-4.34802,-13.71234,-2.17026,9.05439,-7.80108,,,,,,,,,,,,,,,,,,,,,,,,,,,,,,,,,,,,,,,,,,,,,,,,,,,High,High,High,,,,,,,,,,,,,,,,,,,,,,,,,,,,,,,,,,,,,,,
231,2026-05-02,15:31:45.39,2,5,"Allen, Joe",803283,Right,CLE_TIG,"Williams, Ben",831962,Right,BOC_EAG,Undefined,7,Top,0,3,1,TwoSeamFastBall,Four-Seam,StrikeSwinging,Undefined,Undefined,Undefined,0,0,,86.7573,-0.926493,-3.46732,2199.167586,267.447611,3:00,6.18493,2.23548,5.46904,-35.84518,1.96583,17.07788,2.3291,0.40972,79.5077,-7.478595,-0.427755,0.442569,,,,,,,,,,,,-9.56213,1.62224,-1.94219,50,6.07886,6.88013,-125.78098,-3.36057,-15.31324,25.59815,-29.57613,CLE_TIG,BOC_EAG,KingsmoreStadium,D1,ACC,20260502-KingsmoreStadium-1,8e57fd30-465d-11f1-868c-97266ddeb381,85.16747,,,7.24959,,,,,,,a7847587-5f2b-422e-b1cb-e44e7d195d4c,2026-05-02,19:31:45.39,2026-05-02T15:31:45.3976576-04:00,2026-05-02T19:31:45.3976576Z,,v3,471272,227,26599,"Marshall, Ty",822583,Right,CLE_TIG,1408cccb-8573-4d66-bdeb-c5efa0c901f2,55.03109,-126.80075,12.79908,6.18927,-2.18233,-14.78806,-2.22843,7.49017,-7.65662,,,,,,,,,,,,,,,,,,,,,,,,,,,,,,,,,,,,,,,,,,,,,,,,,,,High,High,High,,,,,,,,,,,,,,,,,,,,,,,,,,,,,,,,,,,,,,,
232,2026-05-02,15:32:04.31,2,6,"Allen, Joe",803283,Right,CLE_TIG,"Williams, Ben",831962,Right,BOC_EAG,Undefined,7,Top,0,3,2,FourSeamFastBall,Changeup,HitByPitch,Undefined,Undefined,Undefined,0,0,,85.96907,-0.883107,-1.476754,2114.659825,256.533874,2:30,6.13294,2.33521,5.42281,-33.01569,5.47469,17.77029,2.55411,2.43252,78.78652,-6.935963,1.688358,0.446527,,,,,,,,,,,,-9.53245,3.30028,-2.21749,50,6.03139,2.48628,-124.83543,-3.10159,-15.00946,25.64532,-26.97756,CLE_TIG,BOC_EAG,KingsmoreStadium,D1,ACC,20260502-KingsmoreStadium-1,99961a10-465d-11f1-868c-97266ddeb381,84.41252,,,7.18255,,,,,,,a7847587-5f2b-422e-b1cb-e44e7d195d4c,2026-05-02,19:32:04.31,2026-05-02T15:32:04.3160576-04:00,2026-05-02T19:32:04.3160576Z,,v3,471272,227,26599,"Marshall, Ty",822583,Right,CLE_TIG,9637aec3-681a-44ed-a379-1592b29cef07,55.0793,-125.87456,12.82266,6.13492,-2.00848,-13.48878,-2.33055,3.09446,-7.50473,,,,,,,,,,,,,,,,,,,,,,,,,,,,,,,,,,,,,,,,,,,,,,,,,,,High,High,High,,,,,,,,,,,,,,,,,,,,,,,,,,,,,,,,,,,,,,,
233,2026-05-02,15:36:12.49,3,1,"Bennett, Brendon",827834,Left,CLE_TIG,"Larson, Colin",831502,Left,BOC_EAG,Undefined,7,Top,0,0,0,Slider,Slider,BallCalled,Undefined,Undefined,Undefined,0,0,,80.4073,-1.689256,2.419373,2299.502067,209.33886,1:00,5.74824,-1.94801,5.35296,-39.79522,4.09701,1.57843,0.84576,0.45399,74.55379,-8.905369,2.700003,0.476832,,,,,,,,,,,,-0.17043,2.84945,1.72906,50,5.56742,-4.99237,-116.69427,-4.8086,-0.23648,20.70147,-28.22083,CLE_TIG,BOC_EAG,KingsmoreStadium,D1,ACC,20260502-KingsmoreStadium-1,2d7db800-465e-11f1-868c-97266ddeb381,79.04766,,,5.85351,,,,,,,a7847587-5f2b-422e-b1cb-e44e7d195d4c,2026-05-02,19:36:12.49,2026-05-02T15:36:12.4950016-04:00,2026-05-02T19:36:12.4950016Z,,v3,471272,227,26599,"Marshall, Ty",822583,Right,CLE_TIG,51b147a3-db07-4736-af13-0aebcbac86bb,55.14792,-117.60396,10.35073,5.75148,-3.56849,-14.11042,1.94821,-4.98198,-0.11824,,,,,,,,,,,,,,,,,,,,,,,,,,,,,,,,,,,,,,,,,,,,,,,,,,,High,High,High,,,,,,,,,,,,,,,,,,,,,,,,,,,,,,,,,,,,,,,
234,2026-05-02,15:36:29.33,3,2,"Bennett, Brendon",827834,Left,CLE_TIG,"Larson, Colin",831502,Left,BOC_EAG,Undefined,7,Top,0,1,0,FourSeamFastBall,Four-Seam,StrikeSwinging,Undefined,Undefined,Undefined,0,0,,89.37294,-2.170364,3.382166,2104.047833,163.058495,11:30,5.93197,-1.8414,5.67546,-14.46961,21.05678,-6.05107,2.69832,0.81108,81.30487,-4.945989,2.303631,0.42899,,,,,,,,,,,,4.02843,11.64442,1.55967,50,5.73959,-7.3811,-129.42451,-5.30976,6.80976,27.86918,-12.49011,CLE_TIG,BOC_EAG,KingsmoreStadium,D1,ACC,20260502-KingsmoreStadium-1,377d1350-465e-11f1-868c-97266ddeb381,87.86327,,,8.06807,,,,,,,a7847587-5f2b-422e-b1cb-e44e7d195d4c,2026-05-02,19:36:29.33,2026-05-02T15:36:29.3316096-04:00,2026-05-02T19:36:29.3316096Z,,v3,471272,227,26599,"Marshall, Ty",822583,Right,CLE_TIG,8eedf973-326e-4d18-9335-ea363655851a,54.82115,-130.45853,13.93459,5.928,-4.84635,-6.24506,1.83821,-7.63376,3.40488,,,,,,,,,,,,,,,,,,,,,,,,,,,,,,,,,,,,,,,,,,,,,,,,,,,High,High,High,,,,,,,,,,,,,,,,,,,,,,,,,,,,,,,,,,,,,,,
235,2026-05-02,15:36:46.25,3,3,"Bennett, Brendon",827834,Left,CLE_TIG,"Larson, Colin",831502,Left,BOC_EAG,Undefined,7,Top,0,1,1,TwoSeamFastBall,Four-Seam,BallCalled,Undefined,Undefined,Undefined,0,0,,92.5647,-3.683424,1.789296,2270.868916,146.182725,10:45,6.22003,-1.28898,5.63885,-14.79158,18.38773,-11.5641,1.54471,-0.58287,84.31813,-6.491159,-0.276119,0.414577,,,,,,,,,,,,6.38496,10.73115,1.14446,50,5.89731,-3.66427,-134.05543,-9.08571,11.56871,30.14992,-12.73068,CLE_TIG,BOC_EAG,KingsmoreStadium,D1,ACC,20260502-KingsmoreStadium-1,4193ee40-465e-11f1-868c-97266ddeb381,90.91788,,,8.24656,,,,,,,a7847587-5f2b-422e-b1cb-e44e7d195d4c,2026-05-02,19:36:46.25,2026-05-02T15:36:46.2513664-04:00,2026-05-02T19:36:46.2513664Z,,v3,471272,227,26599,"Marshall, Ty",822583,Right,CLE_TIG,ccc1142c-fa80-4d46-8a0a-5141c16a34e8,54.85937,-135.14391,15.07496,6.21703,-8.6261,-6.36534,1.28428,-4.08193,5.78435,,,,,,,,,,,,,,,,,,,,,,,,,,,,,,,,,,,,,,,,,,,,,,,,,,,High,High,High,,,,,,,,,,,,,,,,,,,,,,,,,,,,,,,,,,,,,,,
236,2026-05-02,15:37:03.62,3,4,"Bennett, Brendon",827834,Left,CLE_TIG,"Larson, Colin",831502,Left,BOC_EAG,Undefined,7,Top,0,2,1,Slider,Slider,BallCalled,Undefined,Undefined,Undefined,0,0,,81.59606,0.723886,0.912709,2297.712165,239.690017,2:00,5.80226,-2.06408,5.17323,-39.07876,3.26225,3.71855,3.22702,-0.89525,76.06384,-6.359111,1.571514,0.46833,,,,,,,,,,,,-1.6535,1.80921,1.97615,50,5.83958,-2.04414,-118.6551,0.08677,-2.40143,18.72006,-29.54645,CLE_TIG,BOC_EAG,KingsmoreStadium,D1,ACC,20260502-KingsmoreStadium-1,4bf3b910-465e-11f1-868c-97266ddeb381,80.48265,,,5.53222,,,,,,,a7847587-5f2b-422e-b1cb-e44e7d195d4c,2026-05-02,19:37:03.62,2026-05-02T15:37:03.6228096-04:00,2026-05-02T19:37:03.6228096Z,,v3,471272,227,26599,"Marshall, Ty",822583,Right,CLE_TIG,66708bd6-95bb-476e-a172-9616402ebf45,55.32778,-119.4927,9.36003,5.80613,1.40878,-14.77322,2.06521,-1.93669,-1.20072,,,,,,,,,,,,,,,,,,,,,,,,,,,,,,,,,,,,,,,,,,,,,,,,,,,High,High,High,,,,,,,,,,,,,,,,,,,,,,,,,,,,,,,,,,,,,,,
237,2026-05-02,15:37:22.71,3,5,"Bennett, Brendon",827834,Left,CLE_TIG,"Larson, Colin",831502,Left,BOC_EAG,Undefined,7,Top,0,3,1,Curveball,Slider,StrikeSwinging,Undefined,Undefined,Undefined,0,0,,80.5406,-0.272352,2.241818,2352.192743,297.345107,4:00,5.67433,-1.90421,5.2903,-44.91609,-0.84532,4.26599,1.6754,0.5574,74.16376,-8.420194,2.999259,0.477801,,,,,,,,,,,,-1.52036,0.03807,1.69674,50,5.61651,-4.74763,-116.87088,-2.14299,-2.10211,22.09034,-32.12142,CLE_TIG,BOC_EAG,KingsmoreStadium,D1,ACC,20260502-KingsmoreStadium-1,575bf330-465e-11f1-868c-97266ddeb381,78.88739,,,6.37684,,,,,,,a7847587-5f2b-422e-b1cb-e44e7d195d4c,2026-05-02,19:37:22.71,2026-05-02T15:37:22.7167232-04:00,2026-05-02T19:37:22.7167232Z,,v3,471272,227,26599,"Marshall, Ty",822583,Right,CLE_TIG,e28309a5-0dfd-4462-b9d7-438748d921ae,55.20991,-117.85152,11.04517,5.67999,-0.71705,-16.06071,1.90542,-4.65432,-1.05105,,,,,,,,,,,,,,,,,,,,,,,,,,,,,,,,,,,,,,,,,,,,,,,,,,,High,High,High,,,,,,,,,,,,,,,,,,,,,,,,,,,,,,,,,,,,,,,
238,2026-05-02,15:37:40.84,3,6,"Bennett, Brendon",827834,Left,CLE_TIG,"Larson, Colin",831502,Left,BOC_EAG,Undefined,7,Top,0,3,2,ChangeUp,Slider,InPlay,Undefined,GroundBall,Out,1,0,,79.66592,0.67146,1.850532,2257.18197,305.994248,4:15,5.61883,-1.82369,5.074,-45.56451,-0.63539,2.59406,2.45517,0.13769,73.92237,-7.556661,2.30918,0.482431,77.39457,-50.65006,18.271155,,,,,3.71923,3.71923,7.995863,0.02837,-0.84181,-0.15335,1.64598,50,5.64602,-3.84377,-115.72527,-0.27986,-1.15378,19.43419,-32.38422,CLE_TIG,BOC_EAG,KingsmoreStadium,D1,ACC,20260502-KingsmoreStadium-1,6228d7b0-465e-11f1-868c-97266ddeb381,78.13019,2.49773,,5.74356,,,,1.73832,2.49773,-0.12473,a7847587-5f2b-422e-b1cb-e44e7d195d4c,2026-05-02,19:37:40.84,2026-05-02T15:37:40.8475136-04:00,2026-05-02T19:37:40.8475136Z,GroundBall,v3,471272,227,26599,"Marshall, Ty",822583,Right,CLE_TIG,c3b93a2a-46c5-4849-8645-46dc7b171427,55.42776,-116.63322,9.71709,5.62375,1.23309,-16.19211,1.8243,-3.78987,-0.57689,,1.73738,68.54963,,,,,,,,2.49893,-88.04125,,,,,,,,-0.12504,22.63235,,,,,,,,,,,,,,,,,,,,,,,,,,,,,,High,High,High,Estimated,Estimated,,,,,,,,,,,,,,,,,,,,,,,,,,,,,,,,,,,,,
239,2026-05-02,15:38:17.76,4,1,"Bennett, Brendon",827834,Left,CLE_TIG,"Solier, Julio",827632,Right,BOC_EAG,Undefined,7,Top,1,0,0,ChangeUp,Slider,BallCalled,Undefined,Undefined,Undefined,0,0,,83.90252,0.646058,1.511725,2357.501827,206.388153,1:00,5.81261,-2.0522,5.35322,-34.80588,5.10209,2.00366,3.51828,-0.46708,77.90554,-5.702631,1.867659,0.454675,,,,,,,,,,,,-0.65181,2.76055,1.91473,50,5.8458,-3.30295,-121.958,0.1242,-0.99718,20.44825,-27.95088,CLE_TIG,BOC_EAG,KingsmoreStadium,D1,ACC,20260502-KingsmoreStadium-1,7821fec0-465e-11f1-868c-97266ddeb381,82.89969,,,5.99699,,,,,,,a7847587-5f2b-422e-b1cb-e44e7d195d4c,2026-05-02,19:38:17.76,2026-05-02T15:38:17.7613312-04:00,2026-05-02T19:38:17.7613312Z,,v3,471272,227,26599,"Marshall, Ty",822583,Right,CLE_TIG,961bb9ce-58fb-4a0d-ac50-87b4d718bf0c,55.14669,-122.81789,10.22413,5.81587,1.2996,-13.97544,2.05275,-3.26102,-0.49859,,,,,,,,,,,,,,,,,,,,,,,,,,,,,,,,,,,,,,,,,,,,,,,,,,,High,High,High,,,,,,,,,,,,,,,,,,,,,,,,,,,,,,,,,,,,,,,
240,2026-05-02,15:38:35.05,4,2,"Bennett, Brendon",827834,Left,CLE_TIG,"Solier, Julio",827632,Right,BOC_EAG,Undefined,7,Top,1,1,0,Curveball,Slider,InPlay,Undefined,GroundBall,Single,0,2,,80.5987,0.063125,2.586319,2358.245574,254.434894,2:30,5.68103,-1.83393,5.20511,-41.27553,2.21917,3.87996,2.30083,0.92341,75.1876,-7.399507,3.273231,0.474668,97.1606,15.792879,-27.916956,1454.456652,94.64106,19.8648,-56.06279,220.44903,218.41333,-33.674011,2.059868,-1.35536,1.40941,1.59135,50,5.65529,-5.44482,-117.10728,-1.33297,-1.91272,18.75489,-30.18507,CLE_TIG,BOC_EAG,KingsmoreStadium,D1,ACC,20260502-KingsmoreStadium-1,82723930-465e-11f1-868c-97266ddeb381,79.40807,19.93004,,5.4111,,,,1.30282,2.16591,-0.60447,a7847587-5f2b-422e-b1cb-e44e7d195d4c,2026-05-02,19:38:35.05,2026-05-02T15:38:35.0554624-04:00,2026-05-02T19:38:35.0554624Z,LineDrive,v3,471272,227,26599,"Marshall, Ty",822583,Right,CLE_TIG,3ad77fec-2b78-48e2-b7f2-f8e50a5f6a26,55.29681,-117.95252,9.37744,5.6847,0.02741,-15.09254,1.8348,-5.35862,-0.95636,,1.30288,121.16353,-23.12383,5.2672,-1.76929,1.11875,-0.60097,0.17606,-0.02091,2.16587,38.78493,-23.52112,2.99872,-0.35197,-0.41653,0.34926,-0.114,0.01412,-0.60439,-64.202,3.24109,-0.44003,-0.46984,0.85451,-0.56827,0.17731,-0.02161,,,,,,,,,,,,,,,,,,,,,,,High,High,High,High,High,,,,,,,,,,,,,,,,,,,,,,,,,,,,,,,,,,,,,
241,2026-05-02,15:39:19.66,5,1,"Bennett, Brendon",827834,Left,CLE_TIG,"Garcia, Esteban",822341,Left,BOC_EAG,Undefined,7,Top,1,0,0,FourSeamFastBall,Four-Seam,StrikeCalled,Undefined,Undefined,Undefined,0,0,,92.56054,-4.009174,2.772547,2136.575915,171.09121,11:45,6.2239,-1.24123,5.6378,-10.38036,22.69903,-3.38937,1.60812,1.0649,84.6616,-6.023768,2.168453,0.413952,,,,,,,,,,,,2.48228,12.94761,1.00766,50,5.8759,-6.33599,-133.97552,-9.66108,4.51775,28.58299,-8.60952,CLE_TIG,BOC_EAG,KingsmoreStadium,D1,ACC,20260502-KingsmoreStadium-1,9d013c10-465e-11f1-868c-97266ddeb381,91.05505,,,7.89893,,,,,,,a7847587-5f2b-422e-b1cb-e44e7d195d4c,2026-05-02,19:39:19.66,2026-05-02T15:39:19.6627968-04:00,2026-05-02T19:39:19.6627968Z,,v3,471272,227,26599,"Marshall, Ty",822583,Right,CLE_TIG,92f5c8b6-aeac-4865-ac6a-27f65ae63bb0,54.86092,-135.00859,14.29149,6.21946,-9.34991,-4.30476,1.23962,-6.49927,2.25887,,,,,,,,,,,,,,,,,,,,,,,,,,,,,,,,,,,,,,,,,,,,,,,,,,,High,High,High,,,,,,,,,,,,,,,,,,,,,,,,,,,,,,,,,,,,,,,
242,2026-05-02,15:39:38.09,5,2,"Bennett, Brendon",827834,Left,CLE_TIG,"Garcia, Esteban",822341,Left,BOC_EAG,Undefined,7,Top,1,0,1,FourSeamFastBall,Four-Seam,BallCalled,Undefined,Undefined,Undefined,0,0,,93.36808,-4.219672,4.741616,2247.075633,143.462239,10:45,6.11427,-1.43384,5.96341,-17.85851,14.18957,-9.79339,0.69288,2.15671,86.10072,-7.554404,2.989822,0.407448,,,,,,,,,,,,6.25992,8.67745,1.06253,50,5.76787,-10.7775,-134.98065,-10.57047,11.64283,27.14983,-16.03483,CLE_TIG,BOC_EAG,KingsmoreStadium,D1,ACC,20260502-KingsmoreStadium-1,a8029e10-465e-11f1-868c-97266ddeb381,92.50856,,,7.26736,,,,,,,a7847587-5f2b-422e-b1cb-e44e7d195d4c,2026-05-02,19:39:38.09,2026-05-02T15:39:38.0923904-04:00,2026-05-02T19:39:38.0923904Z,,v3,471272,227,26599,"Marshall, Ty",822583,Right,CLE_TIG,29e8d646-fb89-4608-86cb-43f397faa2bd,54.53688,-135.89013,13.57492,6.11297,-10.03332,-8.01741,1.43009,-11.16752,5.82141,,,,,,,,,,,,,,,,,,,,,,,,,,,,,,,,,,,,,,,,,,,,,,,,,,,High,High,High,,,,,,,,,,,,,,,,,,,,,,,,,,,,,,,,,,,,,,,
243,2026-05-02,15:40:15.29,5,3,"Bennett, Brendon",827834,Left,CLE_TIG,"Garcia, Esteban",822341,Left,BOC_EAG,Undefined,7,Top,1,1,1,Slider,Slider,FoulBallNotFieldable,Undefined,Undefined,Undefined,0,0,,82.66771,-0.333402,2.303059,2474.403787,191.932219,12:30,5.68081,-1.99905,5.208,-35.9901,5.54985,0.92622,2.36784,0.24514,76.61243,-6.874371,2.467109,0.463879,71.59273,12.111005,-156.950611,3593.994656,,,,117.80009,48.11566,-162.714929,1.267715,0.10287,3.20941,1.78521,50,5.62273,-4.86656,-120.04459,-1.99317,0.15177,20.80547,-27.43843,CLE_TIG,BOC_EAG,KingsmoreStadium,D1,ACC,20260502-KingsmoreStadium-1,be339e00-465e-11f1-868c-97266ddeb381,81.25496,8.37316,,6.05529,,,,0.07419,2.16139,-0.19792,a7847587-5f2b-422e-b1cb-e44e7d195d4c,2026-05-02,19:40:15.29,2026-05-02T15:40:15.2966656-04:00,2026-05-02T19:40:15.2966656Z,GroundBall,v3,471272,227,26599,"Marshall, Ty",822583,Right,CLE_TIG,5c4b49f0-bc41-4340-9b05-b435ab9709dd,55.2921,-120.95831,10.40273,5.6838,-0.78814,-13.71921,1.99909,-4.87322,0.07589,72.306742,0.10503,-94.80575,4.71256,,,,,,,2.26195,20.95084,-17.99175,,,,,,,-0.3205,-38.86185,9.14278,,,,,,,,,,,,,,,,,,,,,,,,,,,,,High,High,High,High,Medium,,,,,,,,,,,,,,,,,,,,,,,,,,,,,,,,,,,,,
244,2026-05-02,15:40:41.37,5,4,"Bennett, Brendon",827834,Left,CLE_TIG,"Garcia, Esteban",822341,Left,BOC_EAG,Undefined,7,Top,1,1,2,FourSeamFastBall,Four-Seam,FoulBallNotFieldable,Undefined,Undefined,Undefined,0,0,,92.68076,-2.757452,2.34393,2048.517765,154.542469,11:15,6.21825,-1.30192,5.61314,-15.39198,17.54973,-7.84985,2.35777,0.23286,84.73931,-5.667877,0.943627,0.41309,92.47269,32.121667,-53.930731,4304.496826,56.50205,61.042,-94.37921,325.84478,138.14337,-69.603663,4.749828,4.64276,9.98941,1.10686,50,5.97268,-5.14727,-134.36027,-6.96587,8.49027,29.007,-13.9062,CLE_TIG,BOC_EAG,KingsmoreStadium,D1,ACC,20260502-KingsmoreStadium-1,cdb66970-465e-11f1-868c-97266ddeb381,91.24513,77.60492,,7.94145,,,,0.73968,2.2924,-0.05395,a7847587-5f2b-422e-b1cb-e44e7d195d4c,2026-05-02,19:40:41.37,2026-05-02T15:40:41.3711872-04:00,2026-05-02T19:40:41.3711872Z,FlyBall,v3,471272,227,26599,"Marshall, Ty",822583,Right,CLE_TIG,94b1de1b-49cc-472c-86ac-9fed49178f9e,54.88593,-135.41099,14.5035,6.21588,-6.46215,-6.9531,1.29888,-5.45481,4.24514,,0.74,67.62451,-21.56282,5.51697,-1.21645,0.26078,-0.05443,0.00763,-0.00045,2.29387,72.07852,-19.33602,1.03862,0.10549,-0.12944,0.04214,-0.00594,0.00031,-0.05439,-92.83911,10.82462,-1.7436,0.29848,-0.07455,0.02105,-0.00363,0.00024,,,,,,,,,,,,,,,,,,,,,,,High,High,High,High,Low,,,,,,,,,,,,,,,,,,,,,,,,,,,,,,,,,,,,,
245,2026-05-02,15:41:21.47,5,5,"Bennett, Brendon",827834,Left,CLE_TIG,"Garcia, Esteban",822341,Left,BOC_EAG,Undefined,7,Top,1,1,2,Curveball,Curveball,InPlay,Undefined,FlyBall,Out,2,0,,74.0049,1.670501,0.448265,2468.73117,323.616974,4:45,5.92111,-1.5613,4.45015,-64.40645,-10.12028,8.79359,2.14747,-0.401,67.70779,-9.826929,1.988608,0.530293,89.28036,25.932575,6.086385,1824.698094,109.80553,44.64771,6.53603,309.76385,301.84405,-0.720081,4.004475,-4.14595,-4.93961,1.50476,50,6.03456,-1.20001,-107.23031,0.76019,-4.78246,20.14837,-37.87206,CLE_TIG,BOC_EAG,KingsmoreStadium,D1,ACC,20260502-KingsmoreStadium-1,e5ac71f0-465e-11f1-868c-97266ddeb381,71.07851,53.54465,,6.2971,,,,1.39206,2.09973,0.36003,a7847587-5f2b-422e-b1cb-e44e7d195d4c,2026-05-02,19:41:21.47,2026-05-02T15:41:21.4718976-04:00,2026-05-02T19:41:21.4718976Z,LineDrive,v3,471272,227,26599,"Marshall, Ty",822583,Right,CLE_TIG,c24099f3-ebc1-4259-b288-e7d8a9c99100,56.05154,-108.36141,10.07418,5.9322,2.88629,-18.93603,1.56459,-0.93153,-2.39123,139.816548,1.3916,117.11184,-18.74863,4.1574,-1.01769,0.28986,-0.07697,0.01279,-0.00087,2.10054,57.23828,-17.09241,0.40237,0.35576,-0.21691,0.06742,-0.01017,0.00059,0.35981,12.49496,-8.78765,3.08072,-0.88773,0.22164,-0.04574,0.00607,-0.00034,,,,,,,,,,,,,,,,,,,,,,,High,High,High,High,High,,,,,,,,,,,,,,,,,,,,,,,,,,,,,,,,,,,,,